log_date,vessel_id,fuel_grade,consumption_mt,speed_knots,distance_nm,running_hours,eeoi,load_factor,sea_condition,source_system,ingestion_date
2023-07-01,1,HFO,64.65,9.6,230.4,24,873.7852,0.97,Moderate,FMS_MARITIME,2026-04-06
2023-07-02,1,HFO,65.0,10.5,252.0,24,803.2143,0.82,Rough,FMS_MARITIME,2026-04-06
2023-07-03,1,LSMGO,35.19,9.0,216.0,24,507.3225,0.91,Calm,FMS_MARITIME,2026-04-06
2023-07-04,1,HFO,36.14,12.9,309.6,24,363.5012,0.86,Moderate,FMS_MARITIME,2026-04-06
2023-07-05,1,VLSFO,63.13,14.7,352.8,24,557.2189,0.61,Moderate,FMS_MARITIME,2026-04-06
2023-07-06,1,LSMGO,37.64,13.3,319.2,24,367.2023,0.57,Calm,FMS_MARITIME,2026-04-06
2023-07-07,1,LSMGO,82.57,10.8,259.2,24,991.9868,0.4,Rough,FMS_MARITIME,2026-04-06
2023-07-08,1,LSMGO,40.93,9.5,228.0,24,559.0176,0.71,Moderate,FMS_MARITIME,2026-04-06
2023-07-09,1,LNG,74.72,9.2,220.8,24,1053.7957,0.75,Calm,FMS_MARITIME,2026-04-06
2023-07-10,1,VLSFO,19.74,16.2,388.8,24,158.1028,0.84,Rough,FMS_MARITIME,2026-04-06
2023-07-11,1,MGO,18.94,13.1,314.4,24,187.5927,1.0,Moderate,FMS_MARITIME,2026-04-06
2023-07-12,1,LSMGO,40.84,15.8,379.2,24,335.3791,0.64,Rough,FMS_MARITIME,2026-04-06
2023-07-13,1,MGO,45.41,13.0,312.0,24,453.2267,0.83,Calm,FMS_MARITIME,2026-04-06
2023-07-14,1,VLSFO,48.38,12.3,295.2,24,510.35,0.94,Rough,FMS_MARITIME,2026-04-06
2023-07-15,1,MGO,52.29,14.0,336.0,24,484.6162,0.52,Calm,FMS_MARITIME,2026-04-06
2023-07-16,1,HFO,53.89,9.8,235.2,24,713.4926,0.92,Moderate,FMS_MARITIME,2026-04-06
2023-07-17,1,VLSFO,83.44,16.0,384.0,24,676.6463,0.55,Moderate,FMS_MARITIME,2026-04-06
2023-07-18,1,LSMGO,69.06,13.3,319.2,24,673.7244,0.74,Calm,FMS_MARITIME,2026-04-06
2023-07-19,1,LSMGO,48.77,11.9,285.6,24,531.7569,0.52,Calm,FMS_MARITIME,2026-04-06
2023-07-20,1,HFO,67.42,17.1,410.4,24,511.564,0.77,Moderate,FMS_MARITIME,2026-04-06
2023-07-21,1,LNG,29.12,12.0,288.0,24,314.86,0.92,Moderate,FMS_MARITIME,2026-04-06
2023-07-22,1,LNG,53.18,11.8,283.2,24,584.7547,0.48,Rough,FMS_MARITIME,2026-04-06
2023-07-23,1,LNG,37.19,10.5,252.0,24,459.5621,0.53,Calm,FMS_MARITIME,2026-04-06
2023-07-24,1,HFO,29.82,9.1,218.4,24,425.1808,0.97,Moderate,FMS_MARITIME,2026-04-06
2023-07-25,1,VLSFO,35.59,10.9,261.6,24,423.6516,0.47,Moderate,FMS_MARITIME,2026-04-06
2023-07-26,1,HFO,41.53,15.3,367.2,24,352.1907,0.66,Rough,FMS_MARITIME,2026-04-06
2023-07-27,1,MGO,43.22,16.5,396.0,24,339.8664,0.55,Calm,FMS_MARITIME,2026-04-06
2023-07-28,1,LNG,71.98,15.8,379.2,24,591.1016,0.78,Moderate,FMS_MARITIME,2026-04-06
2023-07-28,1,MGO,16.76,13.3,319.2,24,163.5045,0.76,Rough,FMS_MARITIME,2026-04-06
2023-07-28,1,LNG,64.73,11.7,280.8,24,717.8391,0.88,Rough,FMS_MARITIME,2026-04-06
2023-07-01,2,VLSFO,69.21,9.0,216.0,24,997.7775,0.58,Rough,FMS_MARITIME,2026-04-06
2023-07-02,2,HFO,84.77,10.9,261.6,24,1009.0741,0.45,Moderate,FMS_MARITIME,2026-04-06
2023-07-03,2,MGO,41.93,17.1,410.4,24,318.1531,0.6,Moderate,FMS_MARITIME,2026-04-06
2023-07-04,2,VLSFO,83.1,17.8,427.2,24,605.743,0.73,Calm,FMS_MARITIME,2026-04-06
2023-07-05,2,LNG,24.7,11.6,278.4,24,276.278,0.81,Moderate,FMS_MARITIME,2026-04-06
2023-07-06,2,MGO,64.08,16.8,403.2,24,494.9036,0.43,Moderate,FMS_MARITIME,2026-04-06
2023-07-07,2,HFO,60.0,9.8,235.2,24,794.3878,0.57,Rough,FMS_MARITIME,2026-04-06
2023-07-08,2,LNG,81.61,8.9,213.6,24,1189.7638,0.45,Calm,FMS_MARITIME,2026-04-06
2023-07-09,2,MGO,65.31,16.8,403.2,24,504.4031,0.53,Calm,FMS_MARITIME,2026-04-06
2023-07-10,2,LSMGO,59.82,9.3,223.2,24,834.5855,0.41,Rough,FMS_MARITIME,2026-04-06
2023-07-11,2,LNG,72.54,11.3,271.2,24,832.9261,0.99,Rough,FMS_MARITIME,2026-04-06
2023-07-12,2,MGO,48.69,16.2,388.8,24,389.9708,0.72,Calm,FMS_MARITIME,2026-04-06
2023-07-13,2,MGO,31.73,8.4,201.6,24,490.1152,0.99,Rough,FMS_MARITIME,2026-04-06
2023-07-14,2,HFO,19.36,11.2,268.8,24,224.2821,0.63,Moderate,FMS_MARITIME,2026-04-06
2023-07-15,2,LSMGO,43.25,16.7,400.8,24,336.0292,0.55,Moderate,FMS_MARITIME,2026-04-06
2023-07-16,2,LNG,24.5,10.2,244.8,24,311.6544,0.92,Calm,FMS_MARITIME,2026-04-06
2023-07-17,2,VLSFO,61.33,15.2,364.8,24,523.5242,0.83,Moderate,FMS_MARITIME,2026-04-06
2023-07-18,2,MGO,55.77,12.8,307.2,24,565.3248,0.99,Calm,FMS_MARITIME,2026-04-06
2023-07-19,2,HFO,82.68,16.2,388.8,24,662.2056,0.53,Moderate,FMS_MARITIME,2026-04-06
2023-07-20,2,LNG,73.54,9.2,220.8,24,1037.1538,0.94,Calm,FMS_MARITIME,2026-04-06
2023-07-21,2,LNG,44.61,10.8,259.2,24,535.9396,0.67,Calm,FMS_MARITIME,2026-04-06
2023-07-22,2,LNG,67.81,16.9,405.6,24,520.6123,0.71,Moderate,FMS_MARITIME,2026-04-06
2023-07-23,2,VLSFO,29.11,13.5,324.0,24,279.7794,0.46,Moderate,FMS_MARITIME,2026-04-06
2023-07-24,2,MGO,55.16,9.5,228.0,24,753.3695,0.77,Rough,FMS_MARITIME,2026-04-06
2023-07-25,2,HFO,30.47,12.7,304.8,24,311.2978,0.76,Moderate,FMS_MARITIME,2026-04-06
2023-07-26,2,MGO,49.17,14.2,340.8,24,449.2822,0.5,Rough,FMS_MARITIME,2026-04-06
2023-07-27,2,LNG,20.97,12.1,290.4,24,224.8643,0.82,Rough,FMS_MARITIME,2026-04-06
2023-07-28,2,MGO,23.07,12.3,295.2,24,243.3604,0.43,Rough,FMS_MARITIME,2026-04-06
2023-07-28,2,MGO,30.83,11.1,266.4,24,360.3777,0.93,Calm,FMS_MARITIME,2026-04-06
2023-07-28,2,HFO,50.51,12.1,290.4,24,541.6258,0.44,Calm,FMS_MARITIME,2026-04-06
2023-07-01,3,LSMGO,61.77,8.9,213.6,24,900.5233,0.47,Moderate,FMS_MARITIME,2026-04-06
2023-07-02,3,MGO,45.17,15.4,369.6,24,380.5719,0.95,Calm,FMS_MARITIME,2026-04-06
2023-07-03,3,HFO,41.5,16.8,403.2,24,320.5134,0.93,Moderate,FMS_MARITIME,2026-04-06
2023-07-04,3,MGO,36.49,13.0,312.0,24,364.1983,0.56,Rough,FMS_MARITIME,2026-04-06
2023-07-05,3,LNG,73.21,8.2,196.8,24,1158.4143,0.58,Rough,FMS_MARITIME,2026-04-06
2023-07-06,3,LSMGO,48.29,14.5,348.0,24,432.1122,0.97,Moderate,FMS_MARITIME,2026-04-06
2023-07-07,3,LNG,51.0,12.3,295.2,24,537.9878,0.43,Calm,FMS_MARITIME,2026-04-06
2023-07-08,3,VLSFO,42.38,14.8,355.2,24,371.5409,0.6,Calm,FMS_MARITIME,2026-04-06
2023-07-09,3,LNG,75.45,8.7,208.8,24,1125.2457,0.53,Moderate,FMS_MARITIME,2026-04-06
2023-07-10,3,HFO,67.48,12.3,295.2,24,711.8317,1.0,Calm,FMS_MARITIME,2026-04-06
2023-07-11,3,VLSFO,59.97,17.7,424.8,24,439.6106,0.94,Rough,FMS_MARITIME,2026-04-06
2023-07-12,3,LNG,17.65,11.8,283.2,24,194.0752,0.45,Calm,FMS_MARITIME,2026-04-06
2023-07-13,3,LNG,63.22,16.6,398.4,24,494.1443,0.96,Moderate,FMS_MARITIME,2026-04-06
2023-07-14,3,LSMGO,40.36,16.8,403.2,24,311.7089,0.82,Moderate,FMS_MARITIME,2026-04-06
2023-07-15,3,HFO,56.22,15.3,367.2,24,476.7676,0.46,Moderate,FMS_MARITIME,2026-04-06
2023-07-16,3,LNG,34.67,17.3,415.2,24,260.025,0.93,Calm,FMS_MARITIME,2026-04-06
2023-07-17,3,LNG,53.53,17.6,422.4,24,394.6317,0.44,Rough,FMS_MARITIME,2026-04-06
2023-07-18,3,MGO,22.09,13.2,316.8,24,217.1347,0.57,Rough,FMS_MARITIME,2026-04-06
2023-07-19,3,MGO,24.0,16.3,391.2,24,191.0429,0.98,Moderate,FMS_MARITIME,2026-04-06
2023-07-20,3,MGO,59.83,8.1,194.4,24,958.388,0.76,Rough,FMS_MARITIME,2026-04-06
2023-07-21,3,LNG,66.43,12.4,297.6,24,695.1042,0.42,Rough,FMS_MARITIME,2026-04-06
2023-07-22,3,LSMGO,19.17,15.9,381.6,24,156.4344,0.49,Calm,FMS_MARITIME,2026-04-06
2023-07-23,3,MGO,70.56,9.4,225.6,24,973.9532,0.44,Moderate,FMS_MARITIME,2026-04-06
2023-07-24,3,MGO,56.27,11.6,278.4,24,629.3994,0.65,Rough,FMS_MARITIME,2026-04-06
2023-07-25,3,HFO,38.78,16.9,405.6,24,297.734,0.74,Rough,FMS_MARITIME,2026-04-06
2023-07-26,3,LNG,76.26,15.6,374.4,24,634.2779,0.87,Moderate,FMS_MARITIME,2026-04-06
2023-07-27,3,VLSFO,58.08,17.5,420.0,24,430.6217,0.77,Rough,FMS_MARITIME,2026-04-06
2023-07-28,3,MGO,37.08,8.8,211.2,24,546.7193,0.49,Rough,FMS_MARITIME,2026-04-06
2023-07-28,3,LSMGO,84.11,12.4,297.6,24,880.1026,0.44,Rough,FMS_MARITIME,2026-04-06
2023-07-28,3,LNG,52.74,10.7,256.8,24,639.5341,0.51,Calm,FMS_MARITIME,2026-04-06
2023-07-01,4,LNG,37.97,15.6,374.4,24,315.8082,0.44,Moderate,FMS_MARITIME,2026-04-06
2023-07-02,4,LNG,60.01,17.7,424.8,24,439.9038,0.9,Moderate,FMS_MARITIME,2026-04-06
2023-07-03,4,VLSFO,21.72,16.2,388.8,24,173.9611,0.82,Rough,FMS_MARITIME,2026-04-06
2023-07-04,4,VLSFO,29.42,9.8,235.2,24,389.5148,0.61,Moderate,FMS_MARITIME,2026-04-06
2023-07-05,4,HFO,56.1,17.5,420.0,24,415.9414,0.78,Calm,FMS_MARITIME,2026-04-06
2023-07-06,4,MGO,21.67,8.9,213.6,24,315.9194,0.58,Rough,FMS_MARITIME,2026-04-06
2023-07-07,4,VLSFO,64.71,15.5,372.0,24,541.6853,0.94,Moderate,FMS_MARITIME,2026-04-06
2023-07-08,4,LSMGO,39.38,13.7,328.8,24,372.9602,0.65,Rough,FMS_MARITIME,2026-04-06
2023-07-09,4,MGO,78.64,15.0,360.0,24,680.236,0.97,Rough,FMS_MARITIME,2026-04-06
2023-07-10,4,LNG,83.27,12.4,297.6,24,871.3131,0.79,Calm,FMS_MARITIME,2026-04-06
2023-07-11,4,LNG,33.39,13.3,319.2,24,325.7408,0.65,Calm,FMS_MARITIME,2026-04-06
2023-07-12,4,HFO,30.06,9.9,237.6,24,393.9682,0.46,Calm,FMS_MARITIME,2026-04-06
2023-07-13,4,LSMGO,22.09,16.3,391.2,24,175.8391,0.97,Moderate,FMS_MARITIME,2026-04-06
2023-07-14,4,MGO,53.38,18.0,432.0,24,384.7808,0.79,Moderate,FMS_MARITIME,2026-04-06
2023-07-15,4,LNG,78.34,8.6,206.4,24,1181.932,0.9,Moderate,FMS_MARITIME,2026-04-06
2023-07-16,4,MGO,16.15,15.9,381.6,24,131.7901,0.66,Calm,FMS_MARITIME,2026-04-06
2023-07-17,4,LSMGO,53.87,17.6,422.4,24,397.1382,0.61,Moderate,FMS_MARITIME,2026-04-06
2023-07-18,4,LNG,77.71,12.8,307.2,24,787.7244,0.9,Calm,FMS_MARITIME,2026-04-06
2023-07-19,4,LNG,40.57,16.2,388.8,24,324.9356,0.74,Moderate,FMS_MARITIME,2026-04-06
2023-07-20,4,MGO,64.67,16.7,400.8,24,502.451,0.96,Moderate,FMS_MARITIME,2026-04-06
2023-07-21,4,MGO,70.94,13.8,331.2,24,666.9902,0.76,Moderate,FMS_MARITIME,2026-04-06
2023-07-22,4,LNG,18.42,14.0,336.0,24,170.7139,0.75,Moderate,FMS_MARITIME,2026-04-06
2023-07-23,4,HFO,43.03,10.1,242.4,24,552.7864,0.68,Calm,FMS_MARITIME,2026-04-06
2023-07-24,4,LNG,83.63,10.8,259.2,24,1004.7215,0.8,Rough,FMS_MARITIME,2026-04-06
2023-07-25,4,VLSFO,27.47,10.3,247.2,24,346.042,0.98,Rough,FMS_MARITIME,2026-04-06
2023-07-26,4,MGO,41.73,10.1,242.4,24,536.0859,0.88,Calm,FMS_MARITIME,2026-04-06
2023-07-27,4,MGO,44.59,8.7,208.8,24,665.006,0.65,Moderate,FMS_MARITIME,2026-04-06
2023-07-28,4,LNG,53.97,14.3,343.2,24,489.6928,0.66,Moderate,FMS_MARITIME,2026-04-06
2023-07-28,4,MGO,74.45,15.4,369.6,24,627.2654,0.57,Calm,FMS_MARITIME,2026-04-06
2023-07-28,4,VLSFO,64.42,16.2,388.8,24,515.9565,0.84,Moderate,FMS_MARITIME,2026-04-06
2023-07-01,5,MGO,54.64,12.1,290.4,24,585.9124,0.49,Moderate,FMS_MARITIME,2026-04-06
2023-07-02,5,HFO,32.38,11.5,276.0,24,365.3309,0.47,Calm,FMS_MARITIME,2026-04-06
2023-07-03,5,LNG,51.95,14.2,340.8,24,474.684,0.4,Calm,FMS_MARITIME,2026-04-06
2023-07-04,5,LSMGO,25.74,10.4,249.6,24,321.1313,0.48,Moderate,FMS_MARITIME,2026-04-06
2023-07-05,5,LNG,72.32,14.5,348.0,24,647.1393,0.66,Moderate,FMS_MARITIME,2026-04-06
2023-07-06,5,LSMGO,55.83,15.1,362.4,24,479.7313,0.51,Rough,FMS_MARITIME,2026-04-06
2023-07-07,5,MGO,78.19,8.7,208.8,24,1166.1095,0.74,Moderate,FMS_MARITIME,2026-04-06
2023-07-08,5,LNG,52.17,17.8,427.2,24,380.2841,0.46,Rough,FMS_MARITIME,2026-04-06
2023-07-09,5,LSMGO,76.98,8.8,211.2,24,1135.0176,0.87,Moderate,FMS_MARITIME,2026-04-06
2023-07-10,5,VLSFO,37.61,11.6,278.4,24,420.6808,0.68,Calm,FMS_MARITIME,2026-04-06
2023-07-11,5,LSMGO,50.64,9.6,230.4,24,684.4312,0.68,Calm,FMS_MARITIME,2026-04-06
2023-07-12,5,VLSFO,83.74,12.9,309.6,24,842.2686,0.98,Calm,FMS_MARITIME,2026-04-06
2023-07-13,5,VLSFO,49.06,11.6,278.4,24,548.753,0.92,Rough,FMS_MARITIME,2026-04-06
2023-07-14,5,HFO,25.1,13.7,328.8,24,237.7172,0.7,Rough,FMS_MARITIME,2026-04-06
2023-07-15,5,MGO,71.28,8.8,211.2,24,1050.975,0.78,Calm,FMS_MARITIME,2026-04-06
2023-07-16,5,HFO,55.07,17.8,427.2,24,401.4232,0.94,Moderate,FMS_MARITIME,2026-04-06
2023-07-17,5,HFO,61.46,17.1,410.4,24,466.3412,0.73,Calm,FMS_MARITIME,2026-04-06
2023-07-18,5,MGO,34.14,12.7,304.8,24,348.7925,0.61,Moderate,FMS_MARITIME,2026-04-06
2023-07-19,5,LNG,35.37,11.4,273.6,24,402.5664,0.6,Rough,FMS_MARITIME,2026-04-06
2023-07-20,5,VLSFO,15.35,14.1,338.4,24,141.2527,0.42,Moderate,FMS_MARITIME,2026-04-06
2023-07-21,5,VLSFO,33.27,16.0,384.0,24,269.7989,0.47,Moderate,FMS_MARITIME,2026-04-06
2023-07-22,5,LNG,22.05,8.8,211.2,24,325.1122,0.8,Moderate,FMS_MARITIME,2026-04-06
2023-07-23,5,MGO,17.79,16.4,393.6,24,140.7471,0.59,Moderate,FMS_MARITIME,2026-04-06
2023-07-24,5,LSMGO,71.82,12.0,288.0,24,776.5537,0.72,Moderate,FMS_MARITIME,2026-04-06
2023-07-25,5,LNG,31.68,16.5,396.0,24,249.12,0.69,Rough,FMS_MARITIME,2026-04-06
2023-07-26,5,HFO,42.54,14.9,357.6,24,370.4406,0.56,Moderate,FMS_MARITIME,2026-04-06
2023-07-27,5,HFO,53.54,13.5,324.0,24,514.5789,0.92,Calm,FMS_MARITIME,2026-04-06
2023-07-28,5,MGO,73.29,15.6,374.4,24,609.5755,0.57,Rough,FMS_MARITIME,2026-04-06
2023-07-28,5,LNG,60.92,12.2,292.8,24,647.8992,0.91,Moderate,FMS_MARITIME,2026-04-06
2023-07-28,5,VLSFO,16.53,10.3,247.2,24,208.2299,0.97,Calm,FMS_MARITIME,2026-04-06
2023-07-01,6,HFO,31.41,8.7,208.8,24,468.4422,0.49,Rough,FMS_MARITIME,2026-04-06
2023-07-02,6,LSMGO,79.43,9.5,228.0,24,1084.8466,0.93,Calm,FMS_MARITIME,2026-04-06
2023-07-03,6,LNG,54.89,9.3,223.2,24,765.804,0.55,Moderate,FMS_MARITIME,2026-04-06
2023-07-04,6,MGO,48.78,12.0,288.0,24,527.4337,0.66,Moderate,FMS_MARITIME,2026-04-06
2023-07-05,6,MGO,58.92,17.6,422.4,24,434.3676,0.83,Calm,FMS_MARITIME,2026-04-06
2023-07-06,6,LSMGO,51.52,15.4,369.6,24,434.0727,0.91,Calm,FMS_MARITIME,2026-04-06
2023-07-07,6,HFO,20.59,15.6,374.4,24,171.2534,0.8,Calm,FMS_MARITIME,2026-04-06
2023-07-08,6,MGO,83.98,12.9,309.6,24,844.6826,0.97,Moderate,FMS_MARITIME,2026-04-06
2023-07-09,6,LNG,34.1,8.1,194.4,24,546.2315,0.68,Moderate,FMS_MARITIME,2026-04-06
2023-07-10,6,LNG,84.56,11.6,278.4,24,945.8328,0.67,Calm,FMS_MARITIME,2026-04-06
2023-07-11,6,MGO,45.79,9.2,220.8,24,645.7883,0.46,Moderate,FMS_MARITIME,2026-04-06
2023-07-12,6,VLSFO,43.97,12.2,292.8,24,467.6318,0.74,Rough,FMS_MARITIME,2026-04-06
2023-07-13,6,LSMGO,17.31,11.3,271.2,24,198.7586,0.59,Calm,FMS_MARITIME,2026-04-06
2023-07-14,6,MGO,53.14,12.0,288.0,24,574.5762,0.43,Calm,FMS_MARITIME,2026-04-06
2023-07-15,6,LNG,64.41,16.0,384.0,24,522.3248,0.4,Calm,FMS_MARITIME,2026-04-06
2023-07-16,6,LNG,79.68,13.5,324.0,24,765.8133,0.97,Moderate,FMS_MARITIME,2026-04-06
2023-07-17,6,MGO,21.93,10.7,256.8,24,265.9269,0.47,Rough,FMS_MARITIME,2026-04-06
2023-07-18,6,VLSFO,31.76,13.9,333.6,24,296.4647,0.48,Moderate,FMS_MARITIME,2026-04-06
2023-07-19,6,VLSFO,52.57,9.0,216.0,24,757.8842,0.56,Rough,FMS_MARITIME,2026-04-06
2023-07-20,6,MGO,49.06,10.2,244.8,24,624.0721,0.97,Calm,FMS_MARITIME,2026-04-06
2023-07-21,6,HFO,26.94,11.9,285.6,24,293.7366,0.61,Moderate,FMS_MARITIME,2026-04-06
2023-07-22,6,HFO,23.28,10.8,259.2,24,279.6833,0.74,Rough,FMS_MARITIME,2026-04-06
2023-07-23,6,MGO,74.98,10.2,244.8,24,953.7897,0.76,Calm,FMS_MARITIME,2026-04-06
2023-07-24,6,VLSFO,53.91,17.1,410.4,24,409.0539,0.98,Rough,FMS_MARITIME,2026-04-06
2023-07-25,6,MGO,28.36,16.3,391.2,24,225.7491,0.48,Moderate,FMS_MARITIME,2026-04-06
2023-07-26,6,LSMGO,82.65,16.0,384.0,24,670.2398,0.49,Rough,FMS_MARITIME,2026-04-06
2023-07-27,6,VLSFO,58.76,15.7,376.8,24,485.6121,0.93,Rough,FMS_MARITIME,2026-04-06
2023-07-28,6,VLSFO,40.16,8.2,196.8,24,635.4585,0.49,Moderate,FMS_MARITIME,2026-04-06
2023-07-28,6,HFO,20.77,13.2,316.8,24,204.1597,1.0,Rough,FMS_MARITIME,2026-04-06
2023-07-28,6,MGO,18.47,10.2,244.8,24,234.9493,0.52,Rough,FMS_MARITIME,2026-04-06
2023-07-01,7,VLSFO,18.53,17.1,410.4,24,140.6004,0.68,Rough,FMS_MARITIME,2026-04-06
2023-07-02,7,LSMGO,30.63,10.5,252.0,24,378.4993,0.9,Rough,FMS_MARITIME,2026-04-06
2023-07-03,7,LSMGO,81.12,9.1,218.4,24,1156.6286,0.65,Calm,FMS_MARITIME,2026-04-06
2023-07-04,7,HFO,39.38,10.3,247.2,24,496.0733,0.89,Moderate,FMS_MARITIME,2026-04-06
2023-07-05,7,VLSFO,39.79,16.1,386.4,24,320.6679,0.44,Calm,FMS_MARITIME,2026-04-06
2023-07-06,7,HFO,48.65,10.1,242.4,24,624.9839,0.49,Moderate,FMS_MARITIME,2026-04-06
2023-07-07,7,HFO,71.83,10.6,254.4,24,879.2399,0.66,Calm,FMS_MARITIME,2026-04-06
2023-07-08,7,HFO,20.33,8.2,196.8,24,321.6851,0.44,Calm,FMS_MARITIME,2026-04-06
2023-07-09,7,LSMGO,54.56,15.2,364.8,24,465.7342,0.77,Rough,FMS_MARITIME,2026-04-06
2023-07-10,7,HFO,53.05,14.5,348.0,24,474.706,0.62,Rough,FMS_MARITIME,2026-04-06
2023-07-11,7,LNG,61.36,9.1,218.4,24,874.8857,0.57,Rough,FMS_MARITIME,2026-04-06
2023-07-12,7,HFO,52.56,17.1,410.4,24,398.8105,0.73,Rough,FMS_MARITIME,2026-04-06
2023-07-13,7,MGO,82.35,8.7,208.8,24,1228.1509,0.63,Moderate,FMS_MARITIME,2026-04-06
2023-07-14,7,LSMGO,65.24,12.5,300.0,24,677.1912,0.62,Rough,FMS_MARITIME,2026-04-06
2023-07-15,7,LNG,74.77,8.8,211.2,24,1102.4327,0.94,Rough,FMS_MARITIME,2026-04-06
2023-07-16,7,LSMGO,60.19,16.7,400.8,24,467.6439,0.52,Rough,FMS_MARITIME,2026-04-06
2023-07-17,7,MGO,59.25,9.3,223.2,24,826.6331,0.51,Calm,FMS_MARITIME,2026-04-06
2023-07-18,7,LNG,42.39,9.0,216.0,24,611.1225,0.48,Rough,FMS_MARITIME,2026-04-06
2023-07-19,7,HFO,61.12,8.5,204.0,24,932.9788,0.44,Calm,FMS_MARITIME,2026-04-06
2023-07-20,7,MGO,53.6,17.3,415.2,24,402.0,0.73,Calm,FMS_MARITIME,2026-04-06
2023-07-21,7,MGO,50.84,12.5,300.0,24,527.7192,0.48,Calm,FMS_MARITIME,2026-04-06
2023-07-22,7,MGO,24.34,10.2,244.8,24,309.6191,0.53,Calm,FMS_MARITIME,2026-04-06
2023-07-23,7,LSMGO,47.65,14.5,348.0,24,426.3853,0.6,Calm,FMS_MARITIME,2026-04-06
2023-07-24,7,LSMGO,78.43,15.7,376.8,24,648.1715,0.4,Calm,FMS_MARITIME,2026-04-06
2023-07-25,7,MGO,78.06,8.6,206.4,24,1177.7076,0.96,Moderate,FMS_MARITIME,2026-04-06
2023-07-26,7,MGO,26.84,11.4,273.6,24,305.4816,0.43,Moderate,FMS_MARITIME,2026-04-06
2023-07-27,7,LNG,41.87,13.1,314.4,24,414.7048,0.46,Rough,FMS_MARITIME,2026-04-06
2023-07-28,7,VLSFO,29.5,10.1,242.4,24,378.9728,0.48,Moderate,FMS_MARITIME,2026-04-06
2023-07-28,7,LSMGO,34.78,8.9,213.6,24,507.0455,0.59,Calm,FMS_MARITIME,2026-04-06
2023-07-28,7,MGO,51.07,8.7,208.8,24,761.6474,0.5,Moderate,FMS_MARITIME,2026-04-06
2023-07-01,8,VLSFO,73.77,17.4,417.6,24,550.0953,0.79,Calm,FMS_MARITIME,2026-04-06
2023-07-02,8,VLSFO,63.02,12.8,307.2,24,638.816,0.66,Calm,FMS_MARITIME,2026-04-06
2023-07-03,8,LSMGO,81.89,15.4,369.6,24,689.9498,0.53,Moderate,FMS_MARITIME,2026-04-06
2023-07-04,8,HFO,47.69,8.9,213.6,24,695.2559,0.45,Rough,FMS_MARITIME,2026-04-06
2023-07-05,8,LNG,29.61,14.7,352.8,24,261.3536,0.86,Rough,FMS_MARITIME,2026-04-06
2023-07-06,8,MGO,24.62,14.7,352.8,24,217.3092,0.61,Moderate,FMS_MARITIME,2026-04-06
2023-07-07,8,LNG,64.94,10.9,261.6,24,773.0243,0.72,Calm,FMS_MARITIME,2026-04-06
2023-07-08,8,VLSFO,75.97,8.5,204.0,24,1159.6597,0.83,Calm,FMS_MARITIME,2026-04-06
2023-07-09,8,HFO,45.99,16.4,393.6,24,363.8538,0.54,Moderate,FMS_MARITIME,2026-04-06
2023-07-10,8,MGO,70.11,10.7,256.8,24,850.1657,0.6,Rough,FMS_MARITIME,2026-04-06
2023-07-11,8,VLSFO,47.25,17.1,410.4,24,358.5197,0.99,Calm,FMS_MARITIME,2026-04-06
2023-07-12,8,MGO,46.61,17.3,415.2,24,349.575,0.47,Calm,FMS_MARITIME,2026-04-06
2023-07-13,8,MGO,72.98,13.9,333.6,24,681.2342,0.96,Rough,FMS_MARITIME,2026-04-06
2023-07-14,8,MGO,25.81,13.3,319.2,24,251.793,0.97,Moderate,FMS_MARITIME,2026-04-06
2023-07-15,8,LNG,82.31,17.0,408.0,24,628.219,0.94,Moderate,FMS_MARITIME,2026-04-06
2023-07-16,8,LNG,80.68,15.7,376.8,24,666.7662,0.57,Moderate,FMS_MARITIME,2026-04-06
2023-07-17,8,LNG,19.46,12.1,290.4,24,208.6723,0.63,Rough,FMS_MARITIME,2026-04-06
2023-07-18,8,MGO,39.3,12.0,288.0,24,424.9312,0.73,Moderate,FMS_MARITIME,2026-04-06
2023-07-19,8,LNG,15.36,12.9,309.6,24,154.493,0.91,Rough,FMS_MARITIME,2026-04-06
2023-07-20,8,LNG,33.58,17.0,408.0,24,256.2944,0.66,Calm,FMS_MARITIME,2026-04-06
2023-07-21,8,MGO,40.3,15.3,367.2,24,341.7598,0.79,Calm,FMS_MARITIME,2026-04-06
2023-07-22,8,HFO,79.58,12.3,295.2,24,839.472,0.54,Calm,FMS_MARITIME,2026-04-06
2023-07-23,8,LSMGO,30.0,8.3,199.2,24,468.9759,0.85,Calm,FMS_MARITIME,2026-04-06
2023-07-24,8,MGO,20.05,13.6,326.4,24,191.2858,0.75,Moderate,FMS_MARITIME,2026-04-06
2023-07-25,8,LSMGO,69.31,16.7,400.8,24,538.5013,0.76,Rough,FMS_MARITIME,2026-04-06
2023-07-26,8,MGO,72.58,13.4,321.6,24,702.7802,0.72,Calm,FMS_MARITIME,2026-04-06
2023-07-27,8,LSMGO,25.37,17.4,417.6,24,189.1815,0.78,Rough,FMS_MARITIME,2026-04-06
2023-07-28,8,MGO,70.34,15.5,372.0,24,588.8139,0.8,Calm,FMS_MARITIME,2026-04-06
2023-07-28,8,LNG,84.24,8.7,208.8,24,1256.3379,0.77,Moderate,FMS_MARITIME,2026-04-06
2023-07-28,8,HFO,71.4,13.1,314.4,24,707.187,0.74,Rough,FMS_MARITIME,2026-04-06
2023-07-01,9,HFO,61.36,14.7,352.8,24,541.5959,0.76,Rough,FMS_MARITIME,2026-04-06
2023-07-02,9,HFO,46.2,16.4,393.6,24,365.5152,0.58,Calm,FMS_MARITIME,2026-04-06
2023-07-03,9,LSMGO,19.62,14.3,343.2,24,178.0206,0.94,Moderate,FMS_MARITIME,2026-04-06
2023-07-04,9,VLSFO,78.12,8.9,213.6,24,1138.8843,0.65,Rough,FMS_MARITIME,2026-04-06
2023-07-05,9,LSMGO,59.92,10.0,240.0,24,777.462,0.69,Calm,FMS_MARITIME,2026-04-06
2023-07-06,9,HFO,73.41,17.6,422.4,24,541.1902,0.62,Calm,FMS_MARITIME,2026-04-06
2023-07-07,9,VLSFO,24.14,11.0,264.0,24,284.7423,0.43,Moderate,FMS_MARITIME,2026-04-06
2023-07-08,9,LNG,73.6,14.6,350.4,24,654.0822,0.53,Calm,FMS_MARITIME,2026-04-06
2023-07-09,9,LNG,83.76,8.3,199.2,24,1309.3807,0.45,Calm,FMS_MARITIME,2026-04-06
2023-07-10,9,LNG,43.09,11.3,271.2,24,494.7723,0.43,Moderate,FMS_MARITIME,2026-04-06
2023-07-11,9,HFO,51.31,12.1,290.4,24,550.2043,0.65,Calm,FMS_MARITIME,2026-04-06
2023-07-12,9,VLSFO,59.56,9.7,232.8,24,796.6918,0.66,Calm,FMS_MARITIME,2026-04-06
2023-07-13,9,VLSFO,68.68,12.6,302.4,24,707.2405,0.61,Moderate,FMS_MARITIME,2026-04-06
2023-07-14,9,HFO,81.88,15.6,374.4,24,681.0212,0.5,Calm,FMS_MARITIME,2026-04-06
2023-07-15,9,MGO,24.3,8.6,206.4,24,366.6192,0.47,Moderate,FMS_MARITIME,2026-04-06
2023-07-16,9,LNG,67.77,16.8,403.2,24,523.4022,0.92,Rough,FMS_MARITIME,2026-04-06
2023-07-17,9,HFO,16.06,13.5,324.0,24,154.3544,0.69,Calm,FMS_MARITIME,2026-04-06
2023-07-18,9,HFO,25.1,12.6,302.4,24,258.4702,0.85,Calm,FMS_MARITIME,2026-04-06
2023-07-19,9,HFO,32.31,11.2,268.8,24,374.3056,0.79,Calm,FMS_MARITIME,2026-04-06
2023-07-20,9,MGO,80.09,9.6,230.4,24,1082.4664,0.67,Rough,FMS_MARITIME,2026-04-06
2023-07-21,9,LSMGO,17.54,13.7,328.8,24,166.1179,0.73,Calm,FMS_MARITIME,2026-04-06
2023-07-22,9,LSMGO,49.92,14.8,355.2,24,437.6432,0.68,Calm,FMS_MARITIME,2026-04-06
2023-07-23,9,HFO,53.45,11.3,271.2,24,613.729,0.62,Rough,FMS_MARITIME,2026-04-06
2023-07-24,9,LNG,58.06,15.4,369.6,24,489.1744,0.5,Moderate,FMS_MARITIME,2026-04-06
2023-07-25,9,VLSFO,36.96,12.6,302.4,24,380.6,0.53,Rough,FMS_MARITIME,2026-04-06
2023-07-26,9,MGO,43.92,15.4,369.6,24,370.0403,0.56,Moderate,FMS_MARITIME,2026-04-06
2023-07-27,9,LNG,51.65,16.9,405.6,24,396.5436,0.79,Rough,FMS_MARITIME,2026-04-06
2023-07-28,9,LSMGO,51.74,12.9,309.6,24,520.4081,0.52,Rough,FMS_MARITIME,2026-04-06
2023-07-28,9,LNG,33.68,13.5,324.0,24,323.7022,0.58,Moderate,FMS_MARITIME,2026-04-06
2023-07-28,9,HFO,62.97,14.2,340.8,24,575.3773,0.57,Rough,FMS_MARITIME,2026-04-06
2023-07-01,10,LNG,17.3,18.0,432.0,24,124.7042,0.64,Moderate,FMS_MARITIME,2026-04-06
2023-07-02,10,LSMGO,34.13,13.9,333.6,24,318.5876,0.59,Moderate,FMS_MARITIME,2026-04-06
2023-07-03,10,LSMGO,25.41,16.9,405.6,24,195.0857,0.9,Rough,FMS_MARITIME,2026-04-06
2023-07-04,10,LNG,68.15,10.5,252.0,24,842.1393,0.52,Calm,FMS_MARITIME,2026-04-06
2023-07-05,10,LNG,55.88,14.9,357.6,24,486.606,1.0,Moderate,FMS_MARITIME,2026-04-06
2023-07-06,10,VLSFO,47.05,9.1,218.4,24,670.8503,0.41,Moderate,FMS_MARITIME,2026-04-06
2023-07-07,10,VLSFO,16.89,16.4,393.6,24,133.6267,1.0,Rough,FMS_MARITIME,2026-04-06
2023-07-08,10,VLSFO,79.49,11.3,271.2,24,912.7281,0.56,Moderate,FMS_MARITIME,2026-04-06
2023-07-09,10,MGO,51.6,13.1,314.4,24,511.0763,0.63,Calm,FMS_MARITIME,2026-04-06
2023-07-10,10,LNG,67.99,9.5,228.0,24,928.6003,0.89,Calm,FMS_MARITIME,2026-04-06
2023-07-11,10,VLSFO,45.63,11.9,285.6,24,497.5204,0.51,Rough,FMS_MARITIME,2026-04-06
2023-07-12,10,VLSFO,52.26,18.0,432.0,24,376.7075,0.4,Moderate,FMS_MARITIME,2026-04-06
2023-07-13,10,VLSFO,67.88,8.3,199.2,24,1061.1361,0.85,Calm,FMS_MARITIME,2026-04-06
2023-07-14,10,HFO,31.01,16.4,393.6,24,245.3383,0.98,Rough,FMS_MARITIME,2026-04-06
2023-07-15,10,LSMGO,56.54,15.1,362.4,24,485.8321,0.95,Rough,FMS_MARITIME,2026-04-06
2023-07-16,10,VLSFO,63.7,8.9,213.6,24,928.6601,0.78,Rough,FMS_MARITIME,2026-04-06
2023-07-17,10,MGO,48.66,10.9,261.6,24,579.2326,0.81,Rough,FMS_MARITIME,2026-04-06
2023-07-18,10,HFO,50.18,16.5,396.0,24,394.5973,0.91,Rough,FMS_MARITIME,2026-04-06
2023-07-19,10,HFO,77.02,14.5,348.0,24,689.1962,0.64,Rough,FMS_MARITIME,2026-04-06
2023-07-20,10,LNG,84.29,9.7,232.8,24,1127.4874,0.8,Moderate,FMS_MARITIME,2026-04-06
2023-07-21,10,HFO,69.54,15.1,362.4,24,597.5374,0.98,Calm,FMS_MARITIME,2026-04-06
2023-07-22,10,HFO,69.28,11.8,283.2,24,761.7864,0.95,Rough,FMS_MARITIME,2026-04-06
2023-07-23,10,VLSFO,18.97,13.6,326.4,24,180.9822,0.65,Moderate,FMS_MARITIME,2026-04-06
2023-07-24,10,HFO,38.09,13.7,328.8,24,360.7429,0.52,Calm,FMS_MARITIME,2026-04-06
2023-07-25,10,LSMGO,35.63,15.4,369.6,24,300.1943,0.48,Moderate,FMS_MARITIME,2026-04-06
2023-07-26,10,VLSFO,19.87,15.3,367.2,24,168.5054,0.89,Moderate,FMS_MARITIME,2026-04-06
2023-07-27,10,VLSFO,51.31,17.5,420.0,24,380.427,0.98,Moderate,FMS_MARITIME,2026-04-06
2023-07-28,10,MGO,48.22,8.2,196.8,24,762.9933,0.97,Moderate,FMS_MARITIME,2026-04-06
2023-07-28,10,VLSFO,82.06,9.5,228.0,24,1120.7668,0.52,Rough,FMS_MARITIME,2026-04-06
2023-07-28,10,VLSFO,36.67,16.8,403.2,24,283.2103,0.77,Calm,FMS_MARITIME,2026-04-06
2023-07-01,11,VLSFO,66.97,14.9,357.6,24,583.1784,0.46,Moderate,FMS_MARITIME,2026-04-06
2023-07-02,11,VLSFO,46.44,15.0,360.0,24,401.706,0.97,Calm,FMS_MARITIME,2026-04-06
2023-07-03,11,LNG,79.94,12.4,297.6,24,836.469,0.96,Rough,FMS_MARITIME,2026-04-06
2023-07-04,11,LSMGO,72.49,14.7,352.8,24,639.8352,0.79,Moderate,FMS_MARITIME,2026-04-06
2023-07-05,11,MGO,65.35,11.9,285.6,24,712.5347,0.71,Rough,FMS_MARITIME,2026-04-06
2023-07-06,11,MGO,78.66,13.2,316.8,24,773.192,0.54,Calm,FMS_MARITIME,2026-04-06
2023-07-07,11,MGO,81.38,8.2,196.8,24,1287.6896,0.94,Rough,FMS_MARITIME,2026-04-06
2023-07-08,11,LSMGO,42.85,14.6,350.4,24,380.8074,0.58,Moderate,FMS_MARITIME,2026-04-06
2023-07-09,11,HFO,67.3,17.4,417.6,24,501.8491,0.57,Rough,FMS_MARITIME,2026-04-06
2023-07-10,11,LSMGO,73.4,12.0,288.0,24,793.6375,0.92,Calm,FMS_MARITIME,2026-04-06
2023-07-11,11,MGO,57.97,16.9,405.6,24,445.0655,0.82,Rough,FMS_MARITIME,2026-04-06
2023-07-12,11,MGO,20.45,14.2,340.8,24,186.8583,0.52,Calm,FMS_MARITIME,2026-04-06
2023-07-13,11,HFO,20.03,16.3,391.2,24,159.4413,0.97,Rough,FMS_MARITIME,2026-04-06
2023-07-14,11,HFO,41.79,13.2,316.8,24,410.7767,0.93,Rough,FMS_MARITIME,2026-04-06
2023-07-15,11,LSMGO,48.89,8.3,199.2,24,764.2744,0.88,Rough,FMS_MARITIME,2026-04-06
2023-07-16,11,HFO,65.2,11.6,278.4,24,729.2845,0.6,Moderate,FMS_MARITIME,2026-04-06
2023-07-17,11,LSMGO,74.33,9.9,237.6,24,974.1735,0.46,Moderate,FMS_MARITIME,2026-04-06
2023-07-18,11,LSMGO,63.64,8.9,213.6,24,927.7854,0.97,Calm,FMS_MARITIME,2026-04-06
2023-07-19,11,MGO,33.73,11.4,273.6,24,383.9007,0.94,Calm,FMS_MARITIME,2026-04-06
2023-07-20,11,HFO,35.2,10.8,259.2,24,422.8889,0.86,Rough,FMS_MARITIME,2026-04-06
2023-07-21,11,HFO,70.67,12.1,290.4,24,757.8043,0.94,Rough,FMS_MARITIME,2026-04-06
2023-07-22,11,MGO,69.99,10.4,249.6,24,873.1925,0.41,Rough,FMS_MARITIME,2026-04-06
2023-07-23,11,HFO,82.09,13.2,316.8,24,806.9074,0.94,Calm,FMS_MARITIME,2026-04-06
2023-07-24,11,MGO,25.63,8.5,204.0,24,391.2344,0.49,Calm,FMS_MARITIME,2026-04-06
2023-07-25,11,LNG,44.96,8.3,199.2,24,702.8386,0.78,Calm,FMS_MARITIME,2026-04-06
2023-07-26,11,VLSFO,35.97,12.3,295.2,24,379.4396,0.6,Calm,FMS_MARITIME,2026-04-06
2023-07-27,11,HFO,61.99,14.9,357.6,24,539.8122,0.6,Rough,FMS_MARITIME,2026-04-06
2023-07-28,11,LNG,33.23,11.1,266.4,24,388.4318,0.94,Calm,FMS_MARITIME,2026-04-06
2023-07-28,11,LSMGO,19.42,16.1,386.4,24,156.5059,0.53,Moderate,FMS_MARITIME,2026-04-06
2023-07-28,11,HFO,28.09,9.5,228.0,24,383.6503,0.91,Calm,FMS_MARITIME,2026-04-06
2023-07-01,12,VLSFO,52.1,9.8,235.2,24,689.7934,0.9,Moderate,FMS_MARITIME,2026-04-06
2023-07-02,12,MGO,54.44,9.4,225.6,24,751.4457,0.49,Moderate,FMS_MARITIME,2026-04-06
2023-07-03,12,MGO,59.79,13.3,319.2,24,583.2897,0.49,Moderate,FMS_MARITIME,2026-04-06
2023-07-04,12,LSMGO,84.06,17.1,410.4,24,637.8237,0.54,Rough,FMS_MARITIME,2026-04-06
2023-07-05,12,VLSFO,52.51,13.1,314.4,24,520.0895,0.61,Rough,FMS_MARITIME,2026-04-06
2023-07-06,12,LNG,74.85,8.7,208.8,24,1116.2974,0.44,Calm,FMS_MARITIME,2026-04-06
2023-07-07,12,VLSFO,62.28,11.5,276.0,24,702.6809,0.71,Rough,FMS_MARITIME,2026-04-06
2023-07-08,12,LNG,55.74,13.7,328.8,24,527.9026,0.64,Calm,FMS_MARITIME,2026-04-06
2023-07-09,12,LSMGO,45.06,17.4,417.6,24,336.0078,0.86,Calm,FMS_MARITIME,2026-04-06
2023-07-10,12,HFO,79.88,16.0,384.0,24,647.7769,0.5,Calm,FMS_MARITIME,2026-04-06
2023-07-11,12,VLSFO,15.01,9.3,223.2,24,209.4137,0.5,Calm,FMS_MARITIME,2026-04-06
2023-07-12,12,LNG,52.64,11.8,283.2,24,578.8169,0.82,Rough,FMS_MARITIME,2026-04-06
2023-07-13,12,HFO,71.08,15.6,374.4,24,591.1942,0.92,Moderate,FMS_MARITIME,2026-04-06
2023-07-14,12,LSMGO,36.13,14.4,345.6,24,325.5464,0.75,Moderate,FMS_MARITIME,2026-04-06
2023-07-15,12,LSMGO,29.0,10.5,252.0,24,358.3571,0.48,Moderate,FMS_MARITIME,2026-04-06
2023-07-16,12,MGO,84.34,17.4,417.6,24,628.9147,0.47,Moderate,FMS_MARITIME,2026-04-06
2023-07-17,12,MGO,39.64,9.3,223.2,24,553.0419,0.44,Calm,FMS_MARITIME,2026-04-06
2023-07-18,12,VLSFO,44.45,11.2,268.8,24,514.9453,0.57,Calm,FMS_MARITIME,2026-04-06
2023-07-19,12,LNG,44.38,12.4,297.6,24,464.3794,0.85,Calm,FMS_MARITIME,2026-04-06
2023-07-20,12,LNG,37.84,17.4,417.6,24,282.169,0.56,Calm,FMS_MARITIME,2026-04-06
2023-07-21,12,MGO,74.44,9.3,223.2,24,1038.5581,0.55,Moderate,FMS_MARITIME,2026-04-06
2023-07-22,12,LNG,18.25,10.3,247.2,24,229.8968,0.75,Calm,FMS_MARITIME,2026-04-06
2023-07-23,12,LNG,53.16,13.6,326.4,24,507.1699,0.65,Rough,FMS_MARITIME,2026-04-06
2023-07-24,12,MGO,67.45,10.8,259.2,24,810.3368,0.54,Moderate,FMS_MARITIME,2026-04-06
2023-07-25,12,MGO,22.76,14.3,343.2,24,206.5112,0.95,Rough,FMS_MARITIME,2026-04-06
2023-07-26,12,VLSFO,82.84,15.1,362.4,24,711.8205,0.5,Rough,FMS_MARITIME,2026-04-06
2023-07-27,12,LSMGO,76.42,15.8,379.2,24,627.563,0.9,Moderate,FMS_MARITIME,2026-04-06
2023-07-28,12,VLSFO,79.21,11.5,276.0,24,893.6954,0.93,Calm,FMS_MARITIME,2026-04-06
2023-07-28,12,LSMGO,34.33,8.1,194.4,24,549.9157,0.67,Calm,FMS_MARITIME,2026-04-06
2023-07-28,12,VLSFO,34.48,11.0,264.0,24,406.7073,0.51,Rough,FMS_MARITIME,2026-04-06
2023-07-01,13,LNG,55.31,16.4,393.6,24,437.5898,0.83,Rough,FMS_MARITIME,2026-04-06
2023-07-02,13,LSMGO,31.58,14.2,340.8,24,288.5567,0.61,Calm,FMS_MARITIME,2026-04-06
2023-07-03,13,LNG,49.75,15.3,367.2,24,421.8995,0.61,Rough,FMS_MARITIME,2026-04-06
2023-07-04,13,LNG,80.09,13.5,324.0,24,769.7539,0.67,Rough,FMS_MARITIME,2026-04-06
2023-07-05,13,HFO,74.82,15.3,367.2,24,634.5029,0.62,Rough,FMS_MARITIME,2026-04-06
2023-07-06,13,HFO,68.37,15.1,362.4,24,587.4839,0.99,Calm,FMS_MARITIME,2026-04-06
2023-07-07,13,MGO,20.42,13.3,319.2,24,199.2102,0.49,Calm,FMS_MARITIME,2026-04-06
2023-07-08,13,LSMGO,84.13,14.1,338.4,24,774.175,0.73,Calm,FMS_MARITIME,2026-04-06
2023-07-09,13,VLSFO,36.86,17.7,424.8,24,270.2025,0.78,Moderate,FMS_MARITIME,2026-04-06
2023-07-10,13,MGO,49.41,11.1,266.4,24,577.5628,0.9,Rough,FMS_MARITIME,2026-04-06
2023-07-11,13,LSMGO,70.55,15.6,374.4,24,586.7861,0.69,Rough,FMS_MARITIME,2026-04-06
2023-07-12,13,MGO,22.09,9.0,216.0,24,318.4642,0.53,Calm,FMS_MARITIME,2026-04-06
2023-07-13,13,LNG,33.4,9.2,220.8,24,471.0489,0.66,Moderate,FMS_MARITIME,2026-04-06
2023-07-14,13,MGO,26.86,15.5,372.0,24,224.8442,0.97,Moderate,FMS_MARITIME,2026-04-06
2023-07-15,13,HFO,60.83,9.0,216.0,24,876.9658,0.66,Rough,FMS_MARITIME,2026-04-06
2023-07-16,13,HFO,37.16,9.7,232.8,24,497.0629,0.56,Moderate,FMS_MARITIME,2026-04-06
2023-07-17,13,VLSFO,34.42,12.6,302.4,24,354.444,0.55,Rough,FMS_MARITIME,2026-04-06
2023-07-18,13,LNG,59.58,11.1,266.4,24,696.4419,0.58,Calm,FMS_MARITIME,2026-04-06
2023-07-19,13,MGO,71.43,9.9,237.6,24,936.1659,0.49,Moderate,FMS_MARITIME,2026-04-06
2023-07-20,13,LSMGO,61.66,17.3,415.2,24,462.45,0.91,Moderate,FMS_MARITIME,2026-04-06
2023-07-21,13,LSMGO,32.15,11.9,285.6,24,350.5431,0.62,Calm,FMS_MARITIME,2026-04-06
2023-07-22,13,MGO,61.58,8.4,201.6,24,951.1911,0.54,Moderate,FMS_MARITIME,2026-04-06
2023-07-23,13,LNG,49.22,10.4,249.6,24,614.0668,0.4,Rough,FMS_MARITIME,2026-04-06
2023-07-24,13,HFO,45.02,8.4,201.6,24,695.3982,0.44,Calm,FMS_MARITIME,2026-04-06
2023-07-25,13,HFO,20.83,15.9,381.6,24,169.9807,0.42,Moderate,FMS_MARITIME,2026-04-06
2023-07-26,13,MGO,22.94,9.6,230.4,24,310.0484,0.75,Moderate,FMS_MARITIME,2026-04-06
2023-07-27,13,LNG,50.82,15.4,369.6,24,428.175,0.47,Rough,FMS_MARITIME,2026-04-06
2023-07-28,13,LSMGO,35.5,11.8,283.2,24,390.3496,0.67,Calm,FMS_MARITIME,2026-04-06
2023-07-28,13,MGO,49.34,17.5,420.0,24,365.8209,0.56,Calm,FMS_MARITIME,2026-04-06
2023-07-28,13,MGO,40.24,13.0,312.0,24,401.6262,0.49,Moderate,FMS_MARITIME,2026-04-06
2023-07-01,14,HFO,52.94,11.4,273.6,24,602.5408,0.62,Rough,FMS_MARITIME,2026-04-06
2023-07-02,14,MGO,46.42,14.5,348.0,24,415.379,0.97,Rough,FMS_MARITIME,2026-04-06
2023-07-03,14,MGO,43.38,13.7,328.8,24,410.8434,0.8,Moderate,FMS_MARITIME,2026-04-06
2023-07-04,14,LNG,51.44,16.5,396.0,24,404.5055,0.52,Rough,FMS_MARITIME,2026-04-06
2023-07-05,14,LNG,82.38,11.9,285.6,24,898.2189,0.73,Calm,FMS_MARITIME,2026-04-06
2023-07-06,14,LNG,48.62,12.5,300.0,24,504.6756,0.76,Rough,FMS_MARITIME,2026-04-06
2023-07-07,14,MGO,15.51,11.4,273.6,24,176.5283,0.8,Calm,FMS_MARITIME,2026-04-06
2023-07-08,14,LSMGO,83.11,12.2,292.8,24,883.8953,0.6,Moderate,FMS_MARITIME,2026-04-06
2023-07-09,14,MGO,73.16,8.7,208.8,24,1091.0931,0.43,Moderate,FMS_MARITIME,2026-04-06
2023-07-10,14,LNG,63.15,14.9,357.6,24,549.9136,0.42,Rough,FMS_MARITIME,2026-04-06
2023-07-11,14,MGO,34.52,13.6,326.4,24,329.336,0.73,Rough,FMS_MARITIME,2026-04-06
2023-07-12,14,VLSFO,44.11,13.3,319.2,24,430.3212,0.44,Moderate,FMS_MARITIME,2026-04-06
2023-07-13,14,VLSFO,44.49,13.4,321.6,24,430.7894,0.88,Calm,FMS_MARITIME,2026-04-06
2023-07-14,14,LNG,41.34,15.3,367.2,24,350.5794,0.57,Rough,FMS_MARITIME,2026-04-06
2023-07-15,14,VLSFO,20.43,15.4,369.6,24,172.1294,0.51,Moderate,FMS_MARITIME,2026-04-06
2023-07-16,14,LNG,37.93,15.4,369.6,24,319.5726,0.41,Calm,FMS_MARITIME,2026-04-06
2023-07-17,14,LSMGO,67.49,10.1,242.4,24,867.0126,0.96,Moderate,FMS_MARITIME,2026-04-06
2023-07-18,14,LSMGO,34.97,10.1,242.4,24,449.2433,0.58,Moderate,FMS_MARITIME,2026-04-06
2023-07-19,14,MGO,72.9,13.8,331.2,24,685.4185,0.87,Rough,FMS_MARITIME,2026-04-06
2023-07-20,14,LNG,78.78,9.5,228.0,24,1075.9689,0.65,Calm,FMS_MARITIME,2026-04-06
2023-07-21,14,HFO,24.32,12.9,309.6,24,244.614,0.56,Calm,FMS_MARITIME,2026-04-06
2023-07-22,14,VLSFO,43.96,16.0,384.0,24,356.4881,0.91,Moderate,FMS_MARITIME,2026-04-06
2023-07-23,14,LSMGO,23.62,9.8,235.2,24,312.724,0.74,Rough,FMS_MARITIME,2026-04-06
2023-07-24,14,LSMGO,76.56,9.4,225.6,24,1056.7723,0.76,Rough,FMS_MARITIME,2026-04-06
2023-07-25,14,VLSFO,18.27,12.8,307.2,24,185.1979,0.68,Calm,FMS_MARITIME,2026-04-06
2023-07-26,14,LNG,32.53,12.1,290.4,24,348.8238,0.41,Moderate,FMS_MARITIME,2026-04-06
2023-07-27,14,LSMGO,32.49,17.9,429.6,24,235.5071,0.84,Calm,FMS_MARITIME,2026-04-06
2023-07-28,14,HFO,77.87,8.3,199.2,24,1217.3051,0.95,Moderate,FMS_MARITIME,2026-04-06
2023-07-28,14,VLSFO,38.12,8.3,199.2,24,595.912,0.46,Rough,FMS_MARITIME,2026-04-06
2023-07-28,14,HFO,82.33,16.3,391.2,24,655.3569,0.44,Calm,FMS_MARITIME,2026-04-06
2023-07-01,15,HFO,69.3,11.4,273.6,24,788.7434,0.95,Moderate,FMS_MARITIME,2026-04-06
2023-07-02,15,VLSFO,47.15,15.0,360.0,24,407.8475,0.73,Rough,FMS_MARITIME,2026-04-06
2023-07-03,15,HFO,17.08,9.0,216.0,24,246.2367,0.92,Rough,FMS_MARITIME,2026-04-06
2023-07-04,15,MGO,63.63,16.7,400.8,24,494.3708,0.61,Moderate,FMS_MARITIME,2026-04-06
2023-07-05,15,LNG,20.05,14.8,355.2,24,175.7762,0.4,Calm,FMS_MARITIME,2026-04-06
2023-07-06,15,HFO,72.6,13.7,328.8,24,687.5803,0.55,Rough,FMS_MARITIME,2026-04-06
2023-07-07,15,HFO,74.99,8.5,204.0,24,1144.7003,0.43,Moderate,FMS_MARITIME,2026-04-06
2023-07-08,15,LNG,79.94,13.3,319.2,24,779.8658,0.91,Moderate,FMS_MARITIME,2026-04-06
2023-07-09,15,VLSFO,71.17,8.3,199.2,24,1112.5672,0.78,Rough,FMS_MARITIME,2026-04-06
2023-07-10,15,VLSFO,52.2,14.8,355.2,24,457.6318,0.85,Moderate,FMS_MARITIME,2026-04-06
2023-07-11,15,LSMGO,28.22,16.8,403.2,24,217.9491,0.47,Rough,FMS_MARITIME,2026-04-06
2023-07-12,15,HFO,84.41,12.4,297.6,24,883.2417,0.75,Calm,FMS_MARITIME,2026-04-06
2023-07-13,15,LSMGO,49.8,17.9,429.6,24,360.9804,0.88,Calm,FMS_MARITIME,2026-04-06
2023-07-14,15,HFO,67.55,15.5,372.0,24,565.4589,0.62,Calm,FMS_MARITIME,2026-04-06
2023-07-15,15,LNG,82.87,13.0,312.0,24,827.1063,0.91,Moderate,FMS_MARITIME,2026-04-06
2023-07-16,15,LNG,37.57,15.5,372.0,24,314.4973,0.71,Calm,FMS_MARITIME,2026-04-06
2023-07-17,15,HFO,40.77,15.4,369.6,24,343.5005,0.46,Moderate,FMS_MARITIME,2026-04-06
2023-07-18,15,LSMGO,21.05,16.5,396.0,24,165.5295,0.87,Moderate,FMS_MARITIME,2026-04-06
2023-07-19,15,LNG,66.76,10.1,242.4,24,857.6347,0.96,Calm,FMS_MARITIME,2026-04-06
2023-07-20,15,HFO,57.36,16.3,391.2,24,456.5926,0.53,Calm,FMS_MARITIME,2026-04-06
2023-07-21,15,VLSFO,48.79,14.0,336.0,24,452.1787,0.8,Rough,FMS_MARITIME,2026-04-06
2023-07-22,15,MGO,59.53,13.4,321.6,24,576.4192,0.95,Calm,FMS_MARITIME,2026-04-06
2023-07-23,15,HFO,46.27,13.6,326.4,24,441.4362,0.61,Moderate,FMS_MARITIME,2026-04-06
2023-07-24,15,VLSFO,15.09,15.2,364.8,24,128.811,0.65,Rough,FMS_MARITIME,2026-04-06
2023-07-25,15,LSMGO,47.76,14.3,343.2,24,433.3469,0.64,Rough,FMS_MARITIME,2026-04-06
2023-07-26,15,MGO,27.01,13.0,312.0,24,269.5806,0.44,Calm,FMS_MARITIME,2026-04-06
2023-07-27,15,HFO,26.31,17.9,429.6,24,190.7108,0.43,Calm,FMS_MARITIME,2026-04-06
2023-07-28,15,HFO,19.93,17.3,415.2,24,149.475,0.54,Rough,FMS_MARITIME,2026-04-06
2023-07-28,15,MGO,37.42,11.7,280.8,24,414.9782,0.85,Moderate,FMS_MARITIME,2026-04-06
2023-07-28,15,LNG,21.21,13.4,321.6,24,205.3729,0.63,Rough,FMS_MARITIME,2026-04-06
2023-07-01,16,LSMGO,39.1,15.5,372.0,24,327.3048,0.43,Moderate,FMS_MARITIME,2026-04-06
2023-07-02,16,MGO,84.84,14.3,343.2,24,769.7895,0.41,Calm,FMS_MARITIME,2026-04-06
2023-07-03,16,LSMGO,50.4,8.7,208.8,24,751.6552,0.58,Rough,FMS_MARITIME,2026-04-06
2023-07-04,16,HFO,15.47,8.5,204.0,24,236.145,0.63,Rough,FMS_MARITIME,2026-04-06
2023-07-05,16,HFO,75.06,10.4,249.6,24,936.4457,0.6,Calm,FMS_MARITIME,2026-04-06
2023-07-06,16,LSMGO,58.27,10.9,261.6,24,693.6268,0.83,Moderate,FMS_MARITIME,2026-04-06
2023-07-07,16,LNG,69.54,15.6,374.4,24,578.3856,0.77,Rough,FMS_MARITIME,2026-04-06
2023-07-08,16,HFO,19.53,11.8,283.2,24,214.7472,0.4,Rough,FMS_MARITIME,2026-04-06
2023-07-09,16,VLSFO,49.58,18.0,432.0,24,357.3892,0.48,Calm,FMS_MARITIME,2026-04-06
2023-07-10,16,MGO,45.93,15.2,364.8,24,392.0669,0.76,Moderate,FMS_MARITIME,2026-04-06
2023-07-11,16,LNG,66.03,10.6,254.4,24,808.2446,0.74,Rough,FMS_MARITIME,2026-04-06
2023-07-12,16,VLSFO,67.33,17.4,417.6,24,502.0728,0.86,Rough,FMS_MARITIME,2026-04-06
2023-07-13,16,LSMGO,80.87,15.7,376.8,24,668.3365,0.44,Rough,FMS_MARITIME,2026-04-06
2023-07-14,16,LNG,27.92,12.8,307.2,24,283.0172,0.46,Calm,FMS_MARITIME,2026-04-06
2023-07-15,16,LNG,24.09,13.6,326.4,24,229.8292,0.41,Calm,FMS_MARITIME,2026-04-06
2023-07-16,16,MGO,36.22,9.7,232.8,24,484.4892,0.42,Calm,FMS_MARITIME,2026-04-06
2023-07-17,16,LSMGO,47.71,9.2,220.8,24,672.8666,0.47,Rough,FMS_MARITIME,2026-04-06
2023-07-18,16,VLSFO,79.94,10.5,252.0,24,987.83,0.63,Calm,FMS_MARITIME,2026-04-06
2023-07-19,16,LSMGO,35.77,15.4,369.6,24,301.3739,0.57,Calm,FMS_MARITIME,2026-04-06
2023-07-20,16,LSMGO,78.0,12.0,288.0,24,843.375,0.71,Rough,FMS_MARITIME,2026-04-06
2023-07-21,16,LSMGO,76.55,12.4,297.6,24,800.997,0.85,Moderate,FMS_MARITIME,2026-04-06
2023-07-22,16,MGO,55.91,11.9,285.6,24,609.6069,0.67,Calm,FMS_MARITIME,2026-04-06
2023-07-23,16,VLSFO,37.85,9.4,225.6,24,522.4508,0.66,Moderate,FMS_MARITIME,2026-04-06
2023-07-24,16,LSMGO,73.46,16.4,393.6,24,581.1851,0.93,Rough,FMS_MARITIME,2026-04-06
2023-07-25,16,LSMGO,43.66,13.6,326.4,24,416.5357,0.67,Moderate,FMS_MARITIME,2026-04-06
2023-07-26,16,LNG,74.76,9.7,232.8,24,1000.0113,0.84,Calm,FMS_MARITIME,2026-04-06
2023-07-27,16,VLSFO,64.77,12.5,300.0,24,672.3126,0.76,Calm,FMS_MARITIME,2026-04-06
2023-07-28,16,VLSFO,47.63,11.0,264.0,24,561.8175,0.44,Moderate,FMS_MARITIME,2026-04-06
2023-07-28,16,MGO,26.21,15.7,376.8,24,216.6081,0.87,Calm,FMS_MARITIME,2026-04-06
2023-07-28,16,LNG,39.46,13.4,321.6,24,382.0847,0.66,Calm,FMS_MARITIME,2026-04-06
2023-07-01,17,VLSFO,57.62,12.3,295.2,24,607.8207,0.5,Calm,FMS_MARITIME,2026-04-06
2023-07-02,17,MGO,73.37,12.6,302.4,24,755.5363,0.94,Rough,FMS_MARITIME,2026-04-06
2023-07-03,17,HFO,24.19,16.3,391.2,24,192.5554,0.8,Moderate,FMS_MARITIME,2026-04-06
2023-07-04,17,MGO,57.92,11.2,268.8,24,670.9929,0.61,Calm,FMS_MARITIME,2026-04-06
2023-07-05,17,MGO,64.79,14.4,345.6,24,583.7849,0.77,Rough,FMS_MARITIME,2026-04-06
2023-07-06,17,LNG,80.93,9.4,225.6,24,1117.0923,0.54,Rough,FMS_MARITIME,2026-04-06
2023-07-07,17,LSMGO,35.84,9.7,232.8,24,479.4062,0.41,Rough,FMS_MARITIME,2026-04-06
2023-07-08,17,HFO,72.59,12.2,292.8,24,772.0125,0.94,Rough,FMS_MARITIME,2026-04-06
2023-07-09,17,LNG,39.49,15.0,360.0,24,341.5885,0.44,Moderate,FMS_MARITIME,2026-04-06
2023-07-10,17,VLSFO,15.68,12.1,290.4,24,168.1388,0.55,Calm,FMS_MARITIME,2026-04-06
2023-07-11,17,HFO,58.8,9.6,230.4,24,794.7187,0.51,Moderate,FMS_MARITIME,2026-04-06
2023-07-12,17,VLSFO,43.35,15.3,367.2,24,367.625,0.69,Calm,FMS_MARITIME,2026-04-06
2023-07-13,17,VLSFO,83.59,14.2,340.8,24,763.7889,0.48,Moderate,FMS_MARITIME,2026-04-06
2023-07-14,17,MGO,34.32,16.1,386.4,24,276.5851,0.9,Moderate,FMS_MARITIME,2026-04-06
2023-07-15,17,MGO,55.7,9.3,223.2,24,777.1048,0.44,Rough,FMS_MARITIME,2026-04-06
2023-07-16,17,VLSFO,59.17,14.4,345.6,24,533.1464,0.83,Rough,FMS_MARITIME,2026-04-06
2023-07-17,17,VLSFO,27.39,15.9,381.6,24,223.5127,0.84,Calm,FMS_MARITIME,2026-04-06
2023-07-18,17,MGO,54.43,13.6,326.4,24,519.2862,0.49,Calm,FMS_MARITIME,2026-04-06
2023-07-19,17,MGO,70.31,12.3,295.2,24,741.6848,0.65,Moderate,FMS_MARITIME,2026-04-06
2023-07-20,17,LSMGO,80.74,12.8,307.2,24,818.4387,0.45,Calm,FMS_MARITIME,2026-04-06
2023-07-21,17,HFO,63.98,13.1,314.4,24,633.695,0.93,Moderate,FMS_MARITIME,2026-04-06
2023-07-22,17,HFO,69.71,12.6,302.4,24,717.847,0.91,Calm,FMS_MARITIME,2026-04-06
2023-07-23,17,HFO,66.17,9.4,225.6,24,913.3572,0.63,Rough,FMS_MARITIME,2026-04-06
2023-07-24,17,LNG,46.29,11.9,285.6,24,504.7166,0.75,Moderate,FMS_MARITIME,2026-04-06
2023-07-25,17,LSMGO,40.75,11.6,278.4,24,455.8028,0.61,Moderate,FMS_MARITIME,2026-04-06
2023-07-26,17,MGO,19.19,14.6,350.4,24,170.5413,0.67,Rough,FMS_MARITIME,2026-04-06
2023-07-27,17,VLSFO,56.77,17.6,422.4,24,418.5175,0.65,Calm,FMS_MARITIME,2026-04-06
2023-07-28,17,LSMGO,31.95,17.0,408.0,24,243.8537,0.52,Rough,FMS_MARITIME,2026-04-06
2023-07-28,17,HFO,62.32,14.5,348.0,24,557.6566,0.76,Moderate,FMS_MARITIME,2026-04-06
2023-07-28,17,VLSFO,46.13,16.8,403.2,24,356.2719,0.57,Calm,FMS_MARITIME,2026-04-06
2023-07-01,18,HFO,61.4,11.2,268.8,24,711.308,1.0,Calm,FMS_MARITIME,2026-04-06
2023-07-02,18,HFO,27.96,8.9,213.6,24,407.6191,0.87,Calm,FMS_MARITIME,2026-04-06
2023-07-03,18,VLSFO,25.89,17.8,427.2,24,188.7206,0.82,Moderate,FMS_MARITIME,2026-04-06
2023-07-04,18,LSMGO,66.45,10.4,249.6,24,829.0276,0.88,Moderate,FMS_MARITIME,2026-04-06
2023-07-05,18,MGO,59.87,11.2,268.8,24,693.5833,0.91,Calm,FMS_MARITIME,2026-04-06
2023-07-06,18,LSMGO,16.93,9.7,232.8,24,226.4606,0.72,Calm,FMS_MARITIME,2026-04-06
2023-07-07,18,MGO,71.2,9.7,232.8,24,952.3918,0.68,Rough,FMS_MARITIME,2026-04-06
2023-07-08,18,VLSFO,68.0,13.3,319.2,24,663.3835,0.77,Moderate,FMS_MARITIME,2026-04-06
2023-07-09,18,MGO,58.98,12.1,290.4,24,632.4508,0.5,Calm,FMS_MARITIME,2026-04-06
2023-07-10,18,HFO,46.03,17.0,408.0,24,351.3172,0.88,Moderate,FMS_MARITIME,2026-04-06
2023-07-11,18,LSMGO,34.24,10.7,256.8,24,415.2,0.44,Rough,FMS_MARITIME,2026-04-06
2023-07-12,18,LNG,36.31,10.9,261.6,24,432.2222,0.93,Moderate,FMS_MARITIME,2026-04-06
2023-07-13,18,HFO,31.08,8.4,201.6,24,480.075,0.52,Moderate,FMS_MARITIME,2026-04-06
2023-07-14,18,MGO,52.73,9.8,235.2,24,698.1344,0.61,Moderate,FMS_MARITIME,2026-04-06
2023-07-15,18,HFO,27.05,13.6,326.4,24,258.0689,0.82,Calm,FMS_MARITIME,2026-04-06
2023-07-16,18,LNG,79.06,18.0,432.0,24,569.8908,0.56,Moderate,FMS_MARITIME,2026-04-06
2023-07-17,18,VLSFO,33.39,12.5,300.0,24,346.5882,0.68,Moderate,FMS_MARITIME,2026-04-06
2023-07-18,18,HFO,17.91,16.4,393.6,24,141.6965,0.82,Rough,FMS_MARITIME,2026-04-06
2023-07-19,18,HFO,80.41,9.7,232.8,24,1075.5874,0.57,Rough,FMS_MARITIME,2026-04-06
2023-07-20,18,HFO,79.41,10.0,240.0,24,1030.3447,0.9,Calm,FMS_MARITIME,2026-04-06
2023-07-21,18,HFO,44.94,12.8,307.2,24,455.5441,0.99,Rough,FMS_MARITIME,2026-04-06
2023-07-22,18,VLSFO,64.67,12.4,297.6,24,676.6881,0.67,Moderate,FMS_MARITIME,2026-04-06
2023-07-23,18,MGO,23.14,9.3,223.2,24,322.8403,0.54,Rough,FMS_MARITIME,2026-04-06
2023-07-24,18,VLSFO,15.69,13.1,314.4,24,155.4029,0.48,Rough,FMS_MARITIME,2026-04-06
2023-07-25,18,MGO,54.97,8.4,201.6,24,849.0902,0.99,Rough,FMS_MARITIME,2026-04-06
2023-07-26,18,LNG,17.98,13.8,331.2,24,169.0511,0.49,Moderate,FMS_MARITIME,2026-04-06
2023-07-27,18,LSMGO,42.89,11.5,276.0,24,483.9111,0.79,Calm,FMS_MARITIME,2026-04-06
2023-07-28,18,VLSFO,38.39,17.9,429.6,24,278.2739,0.59,Calm,FMS_MARITIME,2026-04-06
2023-07-28,18,LNG,15.63,12.1,290.4,24,167.6027,0.97,Calm,FMS_MARITIME,2026-04-06
2023-07-28,18,LNG,20.42,11.1,266.4,24,238.6932,0.46,Calm,FMS_MARITIME,2026-04-06
2023-07-01,19,HFO,37.84,14.6,350.4,24,336.2836,0.97,Rough,FMS_MARITIME,2026-04-06
2023-07-02,19,HFO,78.1,10.3,247.2,24,983.8325,0.97,Rough,FMS_MARITIME,2026-04-06
2023-07-03,19,LNG,66.45,10.6,254.4,24,813.3856,0.87,Moderate,FMS_MARITIME,2026-04-06
2023-07-04,19,VLSFO,72.54,10.3,247.2,24,913.7927,0.96,Moderate,FMS_MARITIME,2026-04-06
2023-07-05,19,VLSFO,67.76,12.6,302.4,24,697.7667,0.77,Calm,FMS_MARITIME,2026-04-06
2023-07-06,19,LSMGO,42.58,8.4,201.6,24,657.7089,0.55,Calm,FMS_MARITIME,2026-04-06
2023-07-07,19,MGO,76.47,8.3,199.2,24,1195.4196,0.93,Calm,FMS_MARITIME,2026-04-06
2023-07-08,19,MGO,22.43,13.8,331.2,24,210.8908,0.48,Moderate,FMS_MARITIME,2026-04-06
2023-07-09,19,MGO,31.8,11.8,283.2,24,349.6653,0.69,Calm,FMS_MARITIME,2026-04-06
2023-07-10,19,MGO,75.65,14.2,340.8,24,691.2386,0.6,Rough,FMS_MARITIME,2026-04-06
2023-07-11,19,MGO,41.52,11.1,266.4,24,485.3351,0.69,Moderate,FMS_MARITIME,2026-04-06
2023-07-12,19,LNG,62.62,9.5,228.0,24,855.2574,0.88,Moderate,FMS_MARITIME,2026-04-06
2023-07-13,19,VLSFO,62.89,17.5,420.0,24,466.2844,0.59,Rough,FMS_MARITIME,2026-04-06
2023-07-14,19,MGO,15.39,14.1,338.4,24,141.6207,0.52,Moderate,FMS_MARITIME,2026-04-06
2023-07-15,19,HFO,54.89,9.5,228.0,24,749.6818,0.67,Moderate,FMS_MARITIME,2026-04-06
2023-07-16,19,VLSFO,35.47,12.0,288.0,24,383.5194,0.5,Moderate,FMS_MARITIME,2026-04-06
2023-07-17,19,HFO,32.98,10.3,247.2,24,415.4519,0.78,Moderate,FMS_MARITIME,2026-04-06
2023-07-18,19,MGO,41.86,16.6,398.4,24,327.1889,0.52,Rough,FMS_MARITIME,2026-04-06
2023-07-19,19,MGO,16.17,17.6,422.4,24,119.2078,0.59,Calm,FMS_MARITIME,2026-04-06
2023-07-20,19,VLSFO,52.11,16.5,396.0,24,409.7741,0.8,Calm,FMS_MARITIME,2026-04-06
2023-07-21,19,LSMGO,16.96,15.3,367.2,24,143.8275,0.83,Rough,FMS_MARITIME,2026-04-06
2023-07-22,19,MGO,50.42,16.0,384.0,24,408.8747,0.46,Calm,FMS_MARITIME,2026-04-06
2023-07-23,19,MGO,53.96,15.0,360.0,24,466.754,0.53,Rough,FMS_MARITIME,2026-04-06
2023-07-24,19,LNG,77.91,10.7,256.8,24,944.7498,0.84,Rough,FMS_MARITIME,2026-04-06
2023-07-25,19,LSMGO,65.0,9.0,216.0,24,937.0833,0.48,Calm,FMS_MARITIME,2026-04-06
2023-07-26,19,LNG,19.83,15.8,379.2,24,162.8445,0.43,Moderate,FMS_MARITIME,2026-04-06
2023-07-27,19,VLSFO,39.8,15.7,376.8,24,328.9204,0.47,Moderate,FMS_MARITIME,2026-04-06
2023-07-28,19,HFO,36.89,16.7,400.8,24,286.6154,0.87,Moderate,FMS_MARITIME,2026-04-06
2023-07-28,19,HFO,40.19,9.3,223.2,24,560.7153,0.7,Calm,FMS_MARITIME,2026-04-06
2023-07-28,19,LSMGO,67.21,12.3,295.2,24,708.9835,0.62,Moderate,FMS_MARITIME,2026-04-06
2023-07-01,20,LNG,82.34,10.1,242.4,24,1057.7837,0.46,Calm,FMS_MARITIME,2026-04-06
2023-07-02,20,LSMGO,52.47,9.1,218.4,24,748.1299,0.51,Rough,FMS_MARITIME,2026-04-06
2023-07-03,20,LNG,38.61,16.1,386.4,24,311.1582,0.75,Calm,FMS_MARITIME,2026-04-06
2023-07-04,20,HFO,17.47,15.0,360.0,24,151.1155,0.76,Rough,FMS_MARITIME,2026-04-06
2023-07-05,20,HFO,67.46,11.8,283.2,24,741.7742,0.74,Rough,FMS_MARITIME,2026-04-06
2023-07-06,20,HFO,40.76,12.7,304.8,24,416.426,0.69,Calm,FMS_MARITIME,2026-04-06
2023-07-07,20,HFO,19.68,11.0,264.0,24,232.1345,0.77,Rough,FMS_MARITIME,2026-04-06
2023-07-08,20,LNG,38.18,17.5,420.0,24,283.0774,0.56,Moderate,FMS_MARITIME,2026-04-06
2023-07-09,20,MGO,29.65,12.4,297.6,24,310.249,0.53,Calm,FMS_MARITIME,2026-04-06
2023-07-10,20,HFO,46.04,17.9,429.6,24,333.7257,0.87,Moderate,FMS_MARITIME,2026-04-06
2023-07-11,20,MGO,82.63,17.0,408.0,24,630.6613,0.46,Calm,FMS_MARITIME,2026-04-06
2023-07-12,20,LNG,68.09,15.0,360.0,24,588.9785,0.99,Moderate,FMS_MARITIME,2026-04-06
2023-07-13,20,MGO,22.74,9.8,235.2,24,301.073,0.48,Rough,FMS_MARITIME,2026-04-06
2023-07-14,20,HFO,50.84,11.6,278.4,24,568.6629,0.79,Moderate,FMS_MARITIME,2026-04-06
2023-07-15,20,VLSFO,57.62,16.7,400.8,24,447.6763,0.96,Calm,FMS_MARITIME,2026-04-06
2023-07-16,20,MGO,29.67,12.6,302.4,24,305.5304,0.85,Calm,FMS_MARITIME,2026-04-06
2023-07-17,20,LNG,41.29,17.8,427.2,24,300.9763,0.49,Moderate,FMS_MARITIME,2026-04-06
2023-07-18,20,HFO,18.84,14.5,348.0,24,168.5855,0.83,Rough,FMS_MARITIME,2026-04-06
2023-07-19,20,LSMGO,53.09,9.9,237.6,24,695.8008,0.71,Calm,FMS_MARITIME,2026-04-06
2023-07-20,20,LSMGO,58.55,10.8,259.2,24,703.4132,0.93,Calm,FMS_MARITIME,2026-04-06
2023-07-21,20,MGO,40.3,11.4,273.6,24,458.6776,0.55,Moderate,FMS_MARITIME,2026-04-06
2023-07-22,20,LNG,72.81,17.5,420.0,24,539.8341,0.92,Calm,FMS_MARITIME,2026-04-06
2023-07-23,20,VLSFO,27.22,17.4,417.6,24,202.9767,0.47,Rough,FMS_MARITIME,2026-04-06
2023-07-24,20,MGO,82.42,14.1,338.4,24,758.4394,0.51,Rough,FMS_MARITIME,2026-04-06
2023-07-25,20,MGO,70.54,8.8,211.2,24,1040.0642,0.66,Calm,FMS_MARITIME,2026-04-06
2023-07-26,20,LSMGO,21.61,17.6,422.4,24,159.3124,0.57,Rough,FMS_MARITIME,2026-04-06
2023-07-27,20,LNG,38.96,15.1,362.4,24,334.7722,0.58,Rough,FMS_MARITIME,2026-04-06
2023-07-28,20,LSMGO,83.52,14.3,343.2,24,757.8126,0.79,Calm,FMS_MARITIME,2026-04-06
2023-07-28,20,MGO,53.18,9.4,225.6,24,734.0537,0.53,Moderate,FMS_MARITIME,2026-04-06
2023-07-28,20,MGO,56.07,17.2,412.8,24,422.9699,0.89,Rough,FMS_MARITIME,2026-04-06
2023-07-01,21,HFO,41.76,17.5,420.0,24,309.6206,0.47,Calm,FMS_MARITIME,2026-04-06
2023-07-02,21,LSMGO,62.43,13.0,312.0,24,623.0994,0.5,Rough,FMS_MARITIME,2026-04-06
2023-07-03,21,VLSFO,35.53,14.5,348.0,24,317.9322,0.98,Moderate,FMS_MARITIME,2026-04-06
2023-07-04,21,LSMGO,66.33,16.1,386.4,24,534.5539,0.78,Moderate,FMS_MARITIME,2026-04-06
2023-07-05,21,HFO,46.58,8.3,199.2,24,728.1633,0.79,Calm,FMS_MARITIME,2026-04-06
2023-07-06,21,LNG,62.85,15.6,374.4,24,522.7428,0.56,Rough,FMS_MARITIME,2026-04-06
2023-07-07,21,LNG,84.15,11.9,285.6,24,917.5179,0.8,Moderate,FMS_MARITIME,2026-04-06
2023-07-08,21,HFO,58.64,12.9,309.6,24,589.8093,0.74,Rough,FMS_MARITIME,2026-04-06
2023-07-09,21,MGO,21.93,11.3,271.2,24,251.8069,0.95,Rough,FMS_MARITIME,2026-04-06
2023-07-10,21,MGO,61.21,12.8,307.2,24,620.4686,0.48,Rough,FMS_MARITIME,2026-04-06
2023-07-11,21,HFO,69.27,9.7,232.8,24,926.5755,0.5,Calm,FMS_MARITIME,2026-04-06
2023-07-12,21,HFO,51.49,17.6,422.4,24,379.5925,0.73,Rough,FMS_MARITIME,2026-04-06
2023-07-13,21,MGO,63.93,16.8,403.2,24,493.7451,0.72,Calm,FMS_MARITIME,2026-04-06
2023-07-14,21,LSMGO,38.89,15.1,362.4,24,334.1707,0.8,Rough,FMS_MARITIME,2026-04-06
2023-07-15,21,VLSFO,78.3,16.0,384.0,24,634.9641,0.98,Rough,FMS_MARITIME,2026-04-06
2023-07-16,21,HFO,54.33,18.0,432.0,24,391.6287,0.91,Calm,FMS_MARITIME,2026-04-06
2023-07-17,21,LSMGO,23.83,17.4,417.6,24,177.6978,0.88,Calm,FMS_MARITIME,2026-04-06
2023-07-18,21,LNG,67.4,15.0,360.0,24,583.01,0.76,Moderate,FMS_MARITIME,2026-04-06
2023-07-19,21,LSMGO,61.67,17.9,429.6,24,447.0214,0.55,Rough,FMS_MARITIME,2026-04-06
2023-07-20,21,LNG,19.44,17.0,408.0,24,148.3729,0.88,Calm,FMS_MARITIME,2026-04-06
2023-07-21,21,MGO,16.38,15.9,381.6,24,133.667,0.53,Calm,FMS_MARITIME,2026-04-06
2023-07-22,21,LSMGO,56.97,8.3,199.2,24,890.5852,0.97,Calm,FMS_MARITIME,2026-04-06
2023-07-23,21,VLSFO,16.87,12.1,290.4,24,180.8994,0.9,Rough,FMS_MARITIME,2026-04-06
2023-07-24,21,HFO,73.74,17.2,412.8,24,556.2654,0.59,Moderate,FMS_MARITIME,2026-04-06
2023-07-25,21,LSMGO,76.54,16.1,386.4,24,616.8363,0.7,Moderate,FMS_MARITIME,2026-04-06
2023-07-26,21,VLSFO,83.81,14.6,350.4,24,744.8183,0.72,Moderate,FMS_MARITIME,2026-04-06
2023-07-27,21,LSMGO,25.48,15.7,376.8,24,210.5752,0.72,Rough,FMS_MARITIME,2026-04-06
2023-07-28,21,VLSFO,44.67,10.9,261.6,24,531.7369,0.9,Rough,FMS_MARITIME,2026-04-06
2023-07-28,21,MGO,45.37,8.2,196.8,24,717.8973,0.76,Moderate,FMS_MARITIME,2026-04-06
2023-07-28,21,LNG,77.48,12.7,304.8,24,791.5772,0.77,Moderate,FMS_MARITIME,2026-04-06
2023-07-01,22,HFO,63.29,15.5,372.0,24,529.7985,0.95,Rough,FMS_MARITIME,2026-04-06
2023-07-02,22,MGO,62.09,14.3,343.2,24,563.3691,0.66,Calm,FMS_MARITIME,2026-04-06
2023-07-03,22,LNG,31.86,16.5,396.0,24,250.5355,0.42,Moderate,FMS_MARITIME,2026-04-06
2023-07-04,22,MGO,25.74,16.9,405.6,24,197.6192,0.85,Moderate,FMS_MARITIME,2026-04-06
2023-07-05,22,LSMGO,27.99,14.1,338.4,24,257.5676,0.55,Rough,FMS_MARITIME,2026-04-06
2023-07-06,22,HFO,63.27,10.8,259.2,24,760.1188,0.6,Rough,FMS_MARITIME,2026-04-06
2023-07-07,22,MGO,69.28,13.9,333.6,24,646.6964,0.8,Moderate,FMS_MARITIME,2026-04-06
2023-07-08,22,VLSFO,61.01,9.1,218.4,24,869.8953,0.93,Calm,FMS_MARITIME,2026-04-06
2023-07-09,22,HFO,37.97,11.9,285.6,24,414.0006,0.47,Calm,FMS_MARITIME,2026-04-06
2023-07-10,22,VLSFO,23.99,8.4,201.6,24,370.5598,0.45,Calm,FMS_MARITIME,2026-04-06
2023-07-11,22,MGO,76.41,8.8,211.2,24,1126.6134,0.61,Moderate,FMS_MARITIME,2026-04-06
2023-07-12,22,HFO,54.51,12.5,300.0,24,565.8138,0.48,Rough,FMS_MARITIME,2026-04-06
2023-07-13,22,MGO,62.67,13.0,312.0,24,625.4948,0.44,Moderate,FMS_MARITIME,2026-04-06
2023-07-14,22,LSMGO,22.51,8.2,196.8,24,356.1796,0.75,Moderate,FMS_MARITIME,2026-04-06
2023-07-15,22,LSMGO,31.61,10.4,249.6,24,394.3651,0.47,Moderate,FMS_MARITIME,2026-04-06
2023-07-16,22,VLSFO,84.47,10.5,252.0,24,1043.8079,0.84,Moderate,FMS_MARITIME,2026-04-06
2023-07-17,22,HFO,15.53,15.5,372.0,24,130.0011,0.47,Moderate,FMS_MARITIME,2026-04-06
2023-07-18,22,LNG,26.82,10.4,249.6,24,334.6053,0.5,Rough,FMS_MARITIME,2026-04-06
2023-07-19,22,VLSFO,77.24,8.0,192.0,24,1252.7362,0.81,Moderate,FMS_MARITIME,2026-04-06
2023-07-20,22,LNG,81.56,9.7,232.8,24,1090.9701,0.43,Calm,FMS_MARITIME,2026-04-06
2023-07-21,22,VLSFO,67.84,15.5,372.0,24,567.8865,0.83,Rough,FMS_MARITIME,2026-04-06
2023-07-22,22,HFO,54.91,17.1,410.4,24,416.6417,0.59,Rough,FMS_MARITIME,2026-04-06
2023-07-23,22,MGO,70.71,13.3,319.2,24,689.8212,0.58,Rough,FMS_MARITIME,2026-04-06
2023-07-24,22,VLSFO,38.03,16.2,388.8,24,304.5921,0.61,Rough,FMS_MARITIME,2026-04-06
2023-07-25,22,HFO,62.29,12.1,290.4,24,667.9444,0.5,Moderate,FMS_MARITIME,2026-04-06
2023-07-26,22,HFO,62.65,17.9,429.6,24,454.125,0.63,Rough,FMS_MARITIME,2026-04-06
2023-07-27,22,MGO,81.15,11.1,266.4,24,948.5777,0.85,Rough,FMS_MARITIME,2026-04-06
2023-07-28,22,LSMGO,83.34,15.5,372.0,24,697.6365,0.54,Moderate,FMS_MARITIME,2026-04-06
2023-07-28,22,VLSFO,49.65,14.3,343.2,24,450.4956,0.82,Calm,FMS_MARITIME,2026-04-06
2023-07-28,22,VLSFO,51.3,14.7,352.8,24,452.801,0.78,Moderate,FMS_MARITIME,2026-04-06
2023-07-01,23,VLSFO,43.96,13.0,312.0,24,438.7546,0.87,Moderate,FMS_MARITIME,2026-04-06
2023-07-02,23,LSMGO,34.07,8.5,204.0,24,520.0685,0.6,Calm,FMS_MARITIME,2026-04-06
2023-07-03,23,LSMGO,19.05,10.0,240.0,24,247.1738,0.83,Rough,FMS_MARITIME,2026-04-06
2023-07-04,23,LNG,15.67,17.0,408.0,24,119.599,0.8,Moderate,FMS_MARITIME,2026-04-06
2023-07-05,23,VLSFO,18.17,10.9,261.6,24,216.2897,0.41,Moderate,FMS_MARITIME,2026-04-06
2023-07-06,23,MGO,34.97,9.7,232.8,24,467.7688,0.81,Rough,FMS_MARITIME,2026-04-06
2023-07-07,23,VLSFO,79.41,10.1,242.4,24,1020.1433,0.71,Moderate,FMS_MARITIME,2026-04-06
2023-07-08,23,LSMGO,26.91,9.4,225.6,24,371.4439,0.92,Rough,FMS_MARITIME,2026-04-06
2023-07-09,23,LSMGO,63.32,10.1,242.4,24,813.4426,0.61,Moderate,FMS_MARITIME,2026-04-06
2023-07-10,23,HFO,17.59,14.9,357.6,24,153.1747,0.97,Calm,FMS_MARITIME,2026-04-06
2023-07-11,23,HFO,60.59,16.4,393.6,24,479.363,0.71,Rough,FMS_MARITIME,2026-04-06
2023-07-12,23,LSMGO,84.04,14.6,350.4,24,746.8623,1.0,Rough,FMS_MARITIME,2026-04-06
2023-07-13,23,MGO,67.56,10.9,261.6,24,804.2119,0.86,Moderate,FMS_MARITIME,2026-04-06
2023-07-14,23,LNG,70.22,11.6,278.4,24,785.4349,0.97,Rough,FMS_MARITIME,2026-04-06
2023-07-15,23,MGO,73.99,14.0,336.0,24,685.7287,0.75,Moderate,FMS_MARITIME,2026-04-06
2023-07-16,23,LSMGO,27.9,10.2,244.8,24,354.9044,0.84,Rough,FMS_MARITIME,2026-04-06
2023-07-17,23,LSMGO,20.58,12.0,288.0,24,222.5212,0.97,Rough,FMS_MARITIME,2026-04-06
2023-07-18,23,HFO,56.74,11.5,276.0,24,640.1752,0.97,Calm,FMS_MARITIME,2026-04-06
2023-07-19,23,LSMGO,83.49,16.0,384.0,24,677.0517,0.56,Calm,FMS_MARITIME,2026-04-06
2023-07-20,23,MGO,64.19,10.2,244.8,24,816.5346,0.65,Calm,FMS_MARITIME,2026-04-06
2023-07-21,23,LSMGO,66.11,10.7,256.8,24,801.661,0.66,Rough,FMS_MARITIME,2026-04-06
2023-07-22,23,HFO,18.66,9.3,223.2,24,260.3371,0.8,Rough,FMS_MARITIME,2026-04-06
2023-07-23,23,MGO,76.04,14.5,348.0,24,680.4269,0.8,Moderate,FMS_MARITIME,2026-04-06
2023-07-24,23,LSMGO,74.79,17.3,415.2,24,560.925,0.5,Calm,FMS_MARITIME,2026-04-06
2023-07-25,23,LSMGO,35.0,17.2,412.8,24,264.0262,0.72,Calm,FMS_MARITIME,2026-04-06
2023-07-26,23,LNG,28.34,8.1,194.4,24,453.9648,0.83,Moderate,FMS_MARITIME,2026-04-06
2023-07-27,23,VLSFO,29.26,12.6,302.4,24,301.3083,0.76,Calm,FMS_MARITIME,2026-04-06
2023-07-28,23,VLSFO,61.99,9.1,218.4,24,883.8684,0.59,Rough,FMS_MARITIME,2026-04-06
2023-07-28,23,LSMGO,42.49,14.6,350.4,24,377.608,0.7,Moderate,FMS_MARITIME,2026-04-06
2023-07-28,23,VLSFO,30.27,9.0,216.0,24,436.3925,0.53,Rough,FMS_MARITIME,2026-04-06
2023-07-01,24,VLSFO,35.0,9.6,230.4,24,473.0469,0.66,Calm,FMS_MARITIME,2026-04-06
2023-07-02,24,HFO,34.51,17.5,420.0,24,255.867,0.57,Moderate,FMS_MARITIME,2026-04-06
2023-07-03,24,HFO,80.05,9.0,216.0,24,1154.0542,0.69,Rough,FMS_MARITIME,2026-04-06
2023-07-04,24,MGO,84.65,11.9,285.6,24,922.9695,0.56,Rough,FMS_MARITIME,2026-04-06
2023-07-05,24,LSMGO,61.1,17.0,408.0,24,466.3368,0.77,Rough,FMS_MARITIME,2026-04-06
2023-07-06,24,HFO,44.5,8.4,201.6,24,687.3661,0.52,Moderate,FMS_MARITIME,2026-04-06
2023-07-07,24,VLSFO,76.18,9.7,232.8,24,1019.0057,0.57,Moderate,FMS_MARITIME,2026-04-06
2023-07-08,24,LNG,44.44,14.1,338.4,24,408.9426,0.4,Rough,FMS_MARITIME,2026-04-06
2023-07-09,24,HFO,72.53,11.8,283.2,24,797.5227,0.94,Moderate,FMS_MARITIME,2026-04-06
2023-07-10,24,LSMGO,37.25,13.2,316.8,24,366.1506,0.74,Moderate,FMS_MARITIME,2026-04-06
2023-07-11,24,HFO,26.7,9.5,228.0,24,364.6658,0.85,Moderate,FMS_MARITIME,2026-04-06
2023-07-12,24,VLSFO,22.53,13.2,316.8,24,221.4597,0.8,Moderate,FMS_MARITIME,2026-04-06
2023-07-13,24,HFO,48.28,17.8,427.2,24,351.9287,0.79,Moderate,FMS_MARITIME,2026-04-06
2023-07-14,24,MGO,34.26,15.1,362.4,24,294.3864,0.78,Rough,FMS_MARITIME,2026-04-06
2023-07-15,24,HFO,82.97,11.6,278.4,24,928.0481,0.42,Rough,FMS_MARITIME,2026-04-06
2023-07-16,24,LSMGO,50.69,12.2,292.8,24,539.1006,0.44,Moderate,FMS_MARITIME,2026-04-06
2023-07-17,24,VLSFO,67.76,11.1,266.4,24,792.0595,0.74,Calm,FMS_MARITIME,2026-04-06
2023-07-18,24,LSMGO,55.74,16.4,393.6,24,440.9918,0.94,Calm,FMS_MARITIME,2026-04-06
2023-07-19,24,LNG,15.02,13.3,319.2,24,146.5297,0.91,Calm,FMS_MARITIME,2026-04-06
2023-07-20,24,LSMGO,60.09,12.7,304.8,24,613.9116,0.93,Rough,FMS_MARITIME,2026-04-06
2023-07-21,24,MGO,70.19,17.9,429.6,24,508.7795,0.64,Rough,FMS_MARITIME,2026-04-06
2023-07-22,24,HFO,75.26,11.8,283.2,24,827.5411,0.53,Calm,FMS_MARITIME,2026-04-06
2023-07-23,24,LSMGO,37.93,13.7,328.8,24,359.2276,0.45,Rough,FMS_MARITIME,2026-04-06
2023-07-24,24,VLSFO,43.18,8.5,204.0,24,659.13,0.53,Rough,FMS_MARITIME,2026-04-06
2023-07-25,24,LSMGO,36.89,9.3,223.2,24,514.675,0.99,Rough,FMS_MARITIME,2026-04-06
2023-07-26,24,HFO,48.03,8.2,196.8,24,759.9869,0.64,Calm,FMS_MARITIME,2026-04-06
2023-07-27,24,LSMGO,31.52,15.5,372.0,24,263.8529,0.55,Calm,FMS_MARITIME,2026-04-06
2023-07-28,24,MGO,80.32,15.8,379.2,24,659.5899,0.58,Moderate,FMS_MARITIME,2026-04-06
2023-07-28,24,LSMGO,77.31,17.7,424.8,24,566.7216,0.98,Moderate,FMS_MARITIME,2026-04-06
2023-07-28,24,VLSFO,17.91,17.3,415.2,24,134.325,0.43,Moderate,FMS_MARITIME,2026-04-06
2023-07-01,25,LSMGO,29.34,9.8,235.2,24,388.4556,0.68,Moderate,FMS_MARITIME,2026-04-06
2023-07-02,25,LNG,26.99,10.2,244.8,24,343.3287,0.4,Rough,FMS_MARITIME,2026-04-06
2023-07-03,25,LNG,55.0,10.9,261.6,24,654.7018,0.53,Calm,FMS_MARITIME,2026-04-06
2023-07-04,25,HFO,16.41,16.7,400.8,24,127.4969,0.46,Rough,FMS_MARITIME,2026-04-06
2023-07-05,25,LNG,19.28,11.7,280.8,24,213.8103,0.46,Moderate,FMS_MARITIME,2026-04-06
2023-07-06,25,HFO,50.56,13.3,319.2,24,493.2451,0.5,Rough,FMS_MARITIME,2026-04-06
2023-07-07,25,HFO,35.23,12.2,292.8,24,374.6797,0.77,Calm,FMS_MARITIME,2026-04-06
2023-07-08,25,HFO,66.45,11.1,266.4,24,776.7466,0.81,Rough,FMS_MARITIME,2026-04-06
2023-07-09,25,LSMGO,82.0,17.6,422.4,24,604.517,0.72,Moderate,FMS_MARITIME,2026-04-06
2023-07-10,25,HFO,79.55,8.3,199.2,24,1243.5678,0.72,Moderate,FMS_MARITIME,2026-04-06
2023-07-11,25,LSMGO,74.6,15.3,367.2,24,632.6373,0.44,Rough,FMS_MARITIME,2026-04-06
2023-07-12,25,HFO,45.82,11.6,278.4,24,512.5125,0.54,Moderate,FMS_MARITIME,2026-04-06
2023-07-13,25,LSMGO,26.12,17.0,408.0,24,199.3571,0.83,Rough,FMS_MARITIME,2026-04-06
2023-07-14,25,MGO,58.12,16.3,391.2,24,462.6423,0.8,Rough,FMS_MARITIME,2026-04-06
2023-07-15,25,LSMGO,43.54,12.6,302.4,24,448.3583,0.42,Calm,FMS_MARITIME,2026-04-06
2023-07-16,25,VLSFO,24.88,9.4,225.6,24,343.4234,0.96,Calm,FMS_MARITIME,2026-04-06
2023-07-17,25,MGO,68.26,10.3,247.2,24,859.8772,0.98,Moderate,FMS_MARITIME,2026-04-06
2023-07-18,25,HFO,81.68,12.6,302.4,24,841.1095,0.59,Moderate,FMS_MARITIME,2026-04-06
2023-07-19,25,HFO,53.5,9.2,220.8,24,754.5245,0.79,Rough,FMS_MARITIME,2026-04-06
2023-07-20,25,VLSFO,66.17,14.0,336.0,24,613.2541,0.77,Rough,FMS_MARITIME,2026-04-06
2023-07-21,25,LSMGO,50.44,8.7,208.8,24,752.2517,0.51,Rough,FMS_MARITIME,2026-04-06
2023-07-22,25,LSMGO,35.17,10.9,261.6,24,418.6521,0.42,Moderate,FMS_MARITIME,2026-04-06
2023-07-23,25,VLSFO,47.81,10.9,261.6,24,569.1144,0.52,Rough,FMS_MARITIME,2026-04-06
2023-07-24,25,MGO,21.61,10.6,254.4,24,264.5186,0.94,Calm,FMS_MARITIME,2026-04-06
2023-07-25,25,LNG,57.19,12.1,290.4,24,613.2564,0.69,Rough,FMS_MARITIME,2026-04-06
2023-07-26,25,VLSFO,64.89,16.5,396.0,24,510.2714,0.54,Calm,FMS_MARITIME,2026-04-06
2023-07-27,25,VLSFO,20.49,12.9,309.6,24,206.0913,0.83,Calm,FMS_MARITIME,2026-04-06
2023-07-28,25,LNG,84.34,16.4,393.6,24,667.2631,0.72,Calm,FMS_MARITIME,2026-04-06
2023-07-28,25,LSMGO,15.91,13.1,314.4,24,157.5819,0.85,Moderate,FMS_MARITIME,2026-04-06
2023-07-28,25,LNG,43.32,16.1,386.4,24,349.1161,0.6,Rough,FMS_MARITIME,2026-04-06
2023-07-01,26,LSMGO,70.21,14.9,357.6,24,611.3924,0.76,Moderate,FMS_MARITIME,2026-04-06
2023-07-02,26,LNG,55.78,13.2,316.8,24,548.292,0.89,Moderate,FMS_MARITIME,2026-04-06
2023-07-03,26,MGO,67.13,17.9,429.6,24,486.5987,0.44,Rough,FMS_MARITIME,2026-04-06
2023-07-04,26,VLSFO,62.04,15.3,367.2,24,526.1235,0.99,Rough,FMS_MARITIME,2026-04-06
2023-07-05,26,LSMGO,49.5,15.0,360.0,24,428.175,0.88,Calm,FMS_MARITIME,2026-04-06
2023-07-06,26,HFO,82.19,16.8,403.2,24,634.771,0.55,Calm,FMS_MARITIME,2026-04-06
2023-07-07,26,LNG,20.04,11.5,276.0,24,226.1035,0.61,Rough,FMS_MARITIME,2026-04-06
2023-07-08,26,LSMGO,32.37,11.1,266.4,24,378.3791,0.46,Rough,FMS_MARITIME,2026-04-06
2023-07-09,26,MGO,31.15,10.0,240.0,24,404.1712,0.88,Calm,FMS_MARITIME,2026-04-06
2023-07-10,26,LNG,55.41,8.6,206.4,24,835.9823,0.5,Rough,FMS_MARITIME,2026-04-06
2023-07-11,26,LSMGO,55.8,14.2,340.8,24,509.8627,0.93,Rough,FMS_MARITIME,2026-04-06
2023-07-12,26,VLSFO,64.98,8.6,206.4,24,980.3669,0.65,Moderate,FMS_MARITIME,2026-04-06
2023-07-13,26,HFO,35.4,12.5,300.0,24,367.452,0.81,Calm,FMS_MARITIME,2026-04-06
2023-07-14,26,VLSFO,35.02,17.9,429.6,24,253.8461,0.61,Calm,FMS_MARITIME,2026-04-06
2023-07-15,26,MGO,61.68,10.1,242.4,24,792.3743,0.71,Rough,FMS_MARITIME,2026-04-06
2023-07-16,26,HFO,49.99,9.9,237.6,24,655.172,0.87,Moderate,FMS_MARITIME,2026-04-06
2023-07-17,26,MGO,73.01,17.2,412.8,24,550.7586,0.72,Moderate,FMS_MARITIME,2026-04-06
2023-07-18,26,VLSFO,84.99,10.7,256.8,24,1030.603,0.86,Rough,FMS_MARITIME,2026-04-06
2023-07-19,26,MGO,70.39,17.6,422.4,24,518.9263,0.59,Calm,FMS_MARITIME,2026-04-06
2023-07-20,26,HFO,51.37,9.8,235.2,24,680.1283,0.66,Moderate,FMS_MARITIME,2026-04-06
2023-07-21,26,HFO,31.46,14.3,343.2,24,285.45,0.86,Moderate,FMS_MARITIME,2026-04-06
2023-07-22,26,MGO,69.56,15.0,360.0,24,601.694,0.9,Rough,FMS_MARITIME,2026-04-06
2023-07-23,26,VLSFO,51.68,10.3,247.2,24,651.0175,0.77,Moderate,FMS_MARITIME,2026-04-06
2023-07-24,26,HFO,36.79,10.3,247.2,24,463.4468,0.52,Moderate,FMS_MARITIME,2026-04-06
2023-07-25,26,MGO,16.52,14.0,336.0,24,153.105,0.77,Calm,FMS_MARITIME,2026-04-06
2023-07-26,26,LNG,71.54,8.8,211.2,24,1054.8085,0.8,Calm,FMS_MARITIME,2026-04-06
2023-07-27,26,LNG,43.68,10.8,259.2,24,524.7667,0.49,Calm,FMS_MARITIME,2026-04-06
2023-07-28,26,LSMGO,22.2,10.7,256.8,24,269.2009,0.95,Calm,FMS_MARITIME,2026-04-06
2023-07-28,26,HFO,23.93,17.0,408.0,24,182.6422,0.55,Calm,FMS_MARITIME,2026-04-06
2023-07-28,26,LNG,61.28,9.9,237.6,24,803.1394,0.84,Rough,FMS_MARITIME,2026-04-06
2023-07-01,27,LSMGO,47.57,14.7,352.8,24,419.8781,0.76,Calm,FMS_MARITIME,2026-04-06
2023-07-02,27,LNG,68.89,12.3,295.2,24,726.7055,0.6,Moderate,FMS_MARITIME,2026-04-06
2023-07-03,27,VLSFO,20.73,12.0,288.0,24,224.1431,0.56,Moderate,FMS_MARITIME,2026-04-06
2023-07-04,27,LSMGO,57.12,8.8,211.2,24,842.1955,0.44,Calm,FMS_MARITIME,2026-04-06
2023-07-05,27,LSMGO,29.53,17.9,429.6,24,214.0513,0.85,Calm,FMS_MARITIME,2026-04-06
2023-07-06,27,LSMGO,55.04,9.8,235.2,24,728.7184,0.72,Moderate,FMS_MARITIME,2026-04-06
2023-07-07,27,MGO,77.84,13.4,321.6,24,753.7119,0.5,Moderate,FMS_MARITIME,2026-04-06
2023-07-08,27,HFO,49.03,10.1,242.4,24,629.8656,0.92,Moderate,FMS_MARITIME,2026-04-06
2023-07-09,27,VLSFO,61.96,10.9,261.6,24,737.5514,0.77,Rough,FMS_MARITIME,2026-04-06
2023-07-10,27,LNG,70.15,15.4,369.6,24,591.0365,0.71,Calm,FMS_MARITIME,2026-04-06
2023-07-11,27,LNG,39.38,13.0,312.0,24,393.0427,0.78,Rough,FMS_MARITIME,2026-04-06
2023-07-12,27,VLSFO,29.38,12.7,304.8,24,300.1618,0.73,Rough,FMS_MARITIME,2026-04-06
2023-07-13,27,MGO,71.64,13.9,333.6,24,668.7259,0.86,Calm,FMS_MARITIME,2026-04-06
2023-07-14,27,LNG,25.49,8.4,201.6,24,393.7295,0.6,Rough,FMS_MARITIME,2026-04-06
2023-07-15,27,LSMGO,20.54,8.4,201.6,24,317.2696,0.63,Rough,FMS_MARITIME,2026-04-06
2023-07-16,27,MGO,27.57,12.4,297.6,24,288.4845,0.74,Calm,FMS_MARITIME,2026-04-06
2023-07-17,27,HFO,39.43,8.6,206.4,24,594.8887,0.84,Moderate,FMS_MARITIME,2026-04-06
2023-07-18,27,VLSFO,81.12,12.0,288.0,24,877.11,0.74,Moderate,FMS_MARITIME,2026-04-06
2023-07-19,27,LNG,31.61,16.1,386.4,24,254.7452,0.81,Rough,FMS_MARITIME,2026-04-06
2023-07-20,27,MGO,79.4,16.7,400.8,24,616.8952,0.66,Rough,FMS_MARITIME,2026-04-06
2023-07-21,27,VLSFO,48.72,9.3,223.2,24,679.7226,0.92,Calm,FMS_MARITIME,2026-04-06
2023-07-22,27,LNG,63.94,15.6,374.4,24,531.8087,0.59,Rough,FMS_MARITIME,2026-04-06
2023-07-23,27,LNG,51.17,16.7,400.8,24,397.5633,0.67,Rough,FMS_MARITIME,2026-04-06
2023-07-24,27,LNG,62.92,16.1,386.4,24,507.0727,0.71,Calm,FMS_MARITIME,2026-04-06
2023-07-25,27,HFO,28.34,8.5,204.0,24,432.6018,0.67,Rough,FMS_MARITIME,2026-04-06
2023-07-26,27,MGO,20.63,12.3,295.2,24,217.6213,0.52,Calm,FMS_MARITIME,2026-04-06
2023-07-27,27,VLSFO,25.48,12.3,295.2,24,268.7829,0.99,Rough,FMS_MARITIME,2026-04-06
2023-07-28,27,LSMGO,17.74,12.6,302.4,24,182.6798,0.78,Rough,FMS_MARITIME,2026-04-06
2023-07-28,27,LSMGO,28.91,16.7,400.8,24,224.6151,0.78,Calm,FMS_MARITIME,2026-04-06
2023-07-28,27,VLSFO,27.25,10.5,252.0,24,336.7321,0.67,Rough,FMS_MARITIME,2026-04-06
2023-07-01,28,VLSFO,64.52,8.2,196.8,24,1020.911,0.84,Rough,FMS_MARITIME,2026-04-06
2023-07-02,28,LSMGO,61.4,14.7,352.8,24,541.949,0.98,Moderate,FMS_MARITIME,2026-04-06
2023-07-03,28,MGO,51.81,10.5,252.0,24,640.2236,0.48,Rough,FMS_MARITIME,2026-04-06
2023-07-04,28,LSMGO,57.1,11.4,273.6,24,649.8882,0.62,Moderate,FMS_MARITIME,2026-04-06
2023-07-05,28,MGO,46.05,17.5,420.0,24,341.4279,0.51,Moderate,FMS_MARITIME,2026-04-06
2023-07-06,28,MGO,18.34,9.3,223.2,24,255.8726,0.66,Rough,FMS_MARITIME,2026-04-06
2023-07-07,28,LSMGO,76.69,9.6,230.4,24,1036.5133,0.46,Rough,FMS_MARITIME,2026-04-06
2023-07-08,28,HFO,51.73,13.3,319.2,24,504.6592,0.71,Rough,FMS_MARITIME,2026-04-06
2023-07-09,28,MGO,46.31,8.7,208.8,24,690.6578,0.53,Calm,FMS_MARITIME,2026-04-06
2023-07-10,28,HFO,30.14,15.4,369.6,24,253.9393,0.88,Rough,FMS_MARITIME,2026-04-06
2023-07-11,28,LSMGO,66.08,9.8,235.2,24,874.8857,0.95,Rough,FMS_MARITIME,2026-04-06
2023-07-12,28,HFO,67.67,8.1,194.4,24,1083.9731,0.71,Rough,FMS_MARITIME,2026-04-06
2023-07-13,28,LSMGO,39.49,8.6,206.4,24,595.7939,0.69,Rough,FMS_MARITIME,2026-04-06
2023-07-14,28,MGO,75.74,13.9,333.6,24,706.9975,0.61,Calm,FMS_MARITIME,2026-04-06
2023-07-15,28,VLSFO,46.88,13.3,319.2,24,457.3444,0.9,Moderate,FMS_MARITIME,2026-04-06
2023-07-16,28,MGO,76.9,16.6,398.4,24,601.0708,0.72,Moderate,FMS_MARITIME,2026-04-06
2023-07-17,28,LNG,79.32,14.2,340.8,24,724.7725,0.76,Moderate,FMS_MARITIME,2026-04-06
2023-07-18,28,VLSFO,61.28,11.3,271.2,24,703.6354,0.42,Moderate,FMS_MARITIME,2026-04-06
2023-07-19,28,LSMGO,48.71,17.1,410.4,24,369.5978,0.73,Rough,FMS_MARITIME,2026-04-06
2023-07-20,28,VLSFO,31.94,10.9,261.6,24,380.2032,0.58,Calm,FMS_MARITIME,2026-04-06
2023-07-21,28,LSMGO,40.35,15.8,379.2,24,331.3552,0.8,Moderate,FMS_MARITIME,2026-04-06
2023-07-22,28,VLSFO,54.3,11.4,273.6,24,618.0197,0.41,Rough,FMS_MARITIME,2026-04-06
2023-07-23,28,HFO,24.02,8.4,201.6,24,371.0232,0.75,Calm,FMS_MARITIME,2026-04-06
2023-07-24,28,MGO,17.29,12.4,297.6,24,180.9175,0.7,Rough,FMS_MARITIME,2026-04-06
2023-07-25,28,VLSFO,47.84,17.5,420.0,24,354.6994,0.57,Calm,FMS_MARITIME,2026-04-06
2023-07-26,28,LNG,43.28,16.5,396.0,24,340.3382,0.64,Calm,FMS_MARITIME,2026-04-06
2023-07-27,28,MGO,83.94,12.5,300.0,24,871.2972,0.61,Calm,FMS_MARITIME,2026-04-06
2023-07-28,28,VLSFO,47.34,17.8,427.2,24,345.0767,0.7,Rough,FMS_MARITIME,2026-04-06
2023-07-28,28,MGO,72.06,8.1,194.4,24,1154.2944,0.97,Moderate,FMS_MARITIME,2026-04-06
2023-07-28,28,VLSFO,55.48,12.0,288.0,24,599.8775,0.9,Calm,FMS_MARITIME,2026-04-06
2023-07-01,29,VLSFO,31.69,11.4,273.6,24,360.6822,0.76,Calm,FMS_MARITIME,2026-04-06
2023-07-02,29,HFO,28.7,14.2,340.8,24,262.2412,0.91,Rough,FMS_MARITIME,2026-04-06
2023-07-03,29,LSMGO,60.42,17.6,422.4,24,445.4259,0.43,Rough,FMS_MARITIME,2026-04-06
2023-07-04,29,MGO,39.4,9.4,225.6,24,543.8457,0.57,Calm,FMS_MARITIME,2026-04-06
2023-07-05,29,VLSFO,78.68,15.1,362.4,24,676.0748,0.57,Rough,FMS_MARITIME,2026-04-06
2023-07-06,29,MGO,46.09,14.9,357.6,24,401.3542,0.47,Rough,FMS_MARITIME,2026-04-06
2023-07-07,29,LNG,55.06,15.8,379.2,24,452.1541,0.47,Rough,FMS_MARITIME,2026-04-06
2023-07-08,29,LNG,78.22,12.5,300.0,24,811.9236,0.75,Moderate,FMS_MARITIME,2026-04-06
2023-07-09,29,MGO,41.35,11.3,271.2,24,474.7931,0.72,Moderate,FMS_MARITIME,2026-04-06
2023-07-10,29,LNG,20.43,14.6,350.4,24,181.5611,0.53,Calm,FMS_MARITIME,2026-04-06
2023-07-11,29,LNG,51.98,16.4,393.6,24,411.2442,0.5,Moderate,FMS_MARITIME,2026-04-06
2023-07-12,29,MGO,34.4,8.3,199.2,24,537.759,0.92,Rough,FMS_MARITIME,2026-04-06
2023-07-13,29,MGO,18.74,8.5,204.0,24,286.0606,0.89,Moderate,FMS_MARITIME,2026-04-06
2023-07-14,29,LSMGO,73.08,8.9,213.6,24,1065.4079,0.45,Rough,FMS_MARITIME,2026-04-06
2023-07-15,29,MGO,28.93,9.3,223.2,24,403.6202,0.77,Calm,FMS_MARITIME,2026-04-06
2023-07-16,29,MGO,74.26,8.4,201.6,24,1147.0518,0.95,Rough,FMS_MARITIME,2026-04-06
2023-07-17,29,HFO,30.83,8.4,201.6,24,476.2134,0.84,Rough,FMS_MARITIME,2026-04-06
2023-07-18,29,LNG,33.23,11.2,268.8,24,384.9636,0.45,Moderate,FMS_MARITIME,2026-04-06
2023-07-19,29,MGO,53.37,15.7,376.8,24,441.0674,0.71,Rough,FMS_MARITIME,2026-04-06
2023-07-20,29,MGO,38.97,15.9,381.6,24,318.0099,0.68,Calm,FMS_MARITIME,2026-04-06
2023-07-21,29,HFO,67.4,16.0,384.0,24,546.5719,0.46,Calm,FMS_MARITIME,2026-04-06
2023-07-22,29,VLSFO,54.42,10.3,247.2,24,685.5335,0.97,Rough,FMS_MARITIME,2026-04-06
2023-07-23,29,LSMGO,48.85,13.6,326.4,24,466.0506,0.45,Moderate,FMS_MARITIME,2026-04-06
2023-07-24,29,MGO,34.26,13.7,328.8,24,324.4697,0.7,Calm,FMS_MARITIME,2026-04-06
2023-07-25,29,MGO,76.91,12.7,304.8,24,785.7537,0.88,Moderate,FMS_MARITIME,2026-04-06
2023-07-26,29,LSMGO,53.1,13.6,326.4,24,506.5974,0.82,Rough,FMS_MARITIME,2026-04-06
2023-07-27,29,LSMGO,31.61,12.9,309.6,24,317.9378,0.76,Calm,FMS_MARITIME,2026-04-06
2023-07-28,29,VLSFO,48.01,9.8,235.2,24,635.6426,0.82,Rough,FMS_MARITIME,2026-04-06
2023-07-28,29,MGO,24.09,12.5,300.0,24,250.0542,0.95,Moderate,FMS_MARITIME,2026-04-06
2023-07-28,29,MGO,57.15,9.0,216.0,24,823.9125,0.85,Rough,FMS_MARITIME,2026-04-06
2023-07-01,30,LSMGO,69.25,11.7,280.8,24,767.9647,0.98,Rough,FMS_MARITIME,2026-04-06
2023-07-02,30,MGO,16.06,14.9,357.6,24,139.8513,0.53,Moderate,FMS_MARITIME,2026-04-06
2023-07-03,30,LSMGO,46.31,17.4,417.6,24,345.3289,0.99,Rough,FMS_MARITIME,2026-04-06
2023-07-04,30,LNG,60.83,11.7,280.8,24,674.5891,0.61,Rough,FMS_MARITIME,2026-04-06
2023-07-05,30,LNG,84.4,13.0,312.0,24,842.3769,0.85,Moderate,FMS_MARITIME,2026-04-06
2023-07-06,30,VLSFO,43.78,14.3,343.2,24,397.2346,0.68,Moderate,FMS_MARITIME,2026-04-06
2023-07-07,30,VLSFO,77.2,10.1,242.4,24,991.7525,0.47,Calm,FMS_MARITIME,2026-04-06
2023-07-08,30,MGO,79.94,17.8,427.2,24,582.7087,0.78,Calm,FMS_MARITIME,2026-04-06
2023-07-09,30,HFO,65.56,12.9,309.6,24,659.4116,0.68,Rough,FMS_MARITIME,2026-04-06
2023-07-10,30,VLSFO,79.77,10.0,240.0,24,1035.0158,1.0,Moderate,FMS_MARITIME,2026-04-06
2023-07-11,30,HFO,29.96,15.4,369.6,24,252.4227,0.83,Moderate,FMS_MARITIME,2026-04-06
2023-07-12,30,LSMGO,51.87,17.0,408.0,24,395.8901,0.7,Moderate,FMS_MARITIME,2026-04-06
2023-07-13,30,LNG,29.67,14.5,348.0,24,265.4953,0.51,Calm,FMS_MARITIME,2026-04-06
2023-07-14,30,LNG,20.88,12.2,292.8,24,222.0639,0.49,Moderate,FMS_MARITIME,2026-04-06
2023-07-15,30,HFO,49.69,8.4,201.6,24,767.533,0.43,Moderate,FMS_MARITIME,2026-04-06
2023-07-16,30,VLSFO,78.23,16.5,396.0,24,615.1723,0.48,Rough,FMS_MARITIME,2026-04-06
2023-07-17,30,VLSFO,67.26,8.1,194.4,24,1077.4056,0.58,Moderate,FMS_MARITIME,2026-04-06
2023-07-18,30,HFO,58.19,13.0,312.0,24,580.781,0.78,Moderate,FMS_MARITIME,2026-04-06
2023-07-19,30,MGO,68.49,15.8,379.2,24,562.4416,0.89,Moderate,FMS_MARITIME,2026-04-06
2023-07-20,30,MGO,33.39,8.5,204.0,24,509.6885,0.92,Rough,FMS_MARITIME,2026-04-06
2023-07-21,30,LNG,77.51,16.4,393.6,24,613.227,0.56,Rough,FMS_MARITIME,2026-04-06
2023-07-22,30,HFO,73.9,12.8,307.2,24,749.1035,0.41,Moderate,FMS_MARITIME,2026-04-06
2023-07-23,30,VLSFO,83.75,15.7,376.8,24,692.1377,0.87,Moderate,FMS_MARITIME,2026-04-06
2023-07-24,30,HFO,68.27,17.7,424.8,24,500.4538,0.6,Moderate,FMS_MARITIME,2026-04-06
2023-07-25,30,LNG,17.03,9.0,216.0,24,245.5158,0.51,Rough,FMS_MARITIME,2026-04-06
2023-07-26,30,VLSFO,43.9,10.6,254.4,24,537.3608,0.54,Moderate,FMS_MARITIME,2026-04-06
2023-07-27,30,LNG,30.04,11.4,273.6,24,341.9026,0.84,Calm,FMS_MARITIME,2026-04-06
2023-07-28,30,LSMGO,29.19,17.0,408.0,24,222.7884,0.41,Rough,FMS_MARITIME,2026-04-06
2023-07-28,30,VLSFO,64.61,13.3,319.2,24,630.3118,0.55,Calm,FMS_MARITIME,2026-04-06
2023-07-28,30,HFO,73.43,9.2,220.8,24,1035.6024,0.73,Moderate,FMS_MARITIME,2026-04-06
2023-07-01,31,LSMGO,41.27,13.2,316.8,24,405.6653,0.62,Moderate,FMS_MARITIME,2026-04-06
2023-07-02,31,HFO,56.22,12.9,309.6,24,565.4686,0.49,Calm,FMS_MARITIME,2026-04-06
2023-07-03,31,VLSFO,43.28,9.8,235.2,24,573.0184,0.56,Moderate,FMS_MARITIME,2026-04-06
2023-07-04,31,VLSFO,67.28,11.9,285.6,24,733.5782,0.69,Calm,FMS_MARITIME,2026-04-06
2023-07-05,31,LNG,77.33,15.2,364.8,24,660.1031,0.55,Moderate,FMS_MARITIME,2026-04-06
2023-07-06,31,VLSFO,62.03,12.2,292.8,24,659.7043,0.66,Moderate,FMS_MARITIME,2026-04-06
2023-07-07,31,LSMGO,68.06,8.9,213.6,24,992.223,0.95,Moderate,FMS_MARITIME,2026-04-06
2023-07-08,31,LSMGO,83.68,13.5,324.0,24,804.2578,0.71,Calm,FMS_MARITIME,2026-04-06
2023-07-09,31,HFO,72.56,15.8,379.2,24,595.8646,0.61,Calm,FMS_MARITIME,2026-04-06
2023-07-10,31,MGO,73.49,10.3,247.2,24,925.76,0.96,Moderate,FMS_MARITIME,2026-04-06
2023-07-11,31,LSMGO,76.06,15.5,372.0,24,636.6958,0.9,Rough,FMS_MARITIME,2026-04-06
2023-07-12,31,HFO,35.47,13.8,331.2,24,333.4951,0.47,Rough,FMS_MARITIME,2026-04-06
2023-07-13,31,MGO,80.71,10.3,247.2,24,1016.7109,0.41,Calm,FMS_MARITIME,2026-04-06
2023-07-14,31,LNG,36.07,17.1,410.4,24,273.689,0.63,Moderate,FMS_MARITIME,2026-04-06
2023-07-15,31,LSMGO,73.72,8.3,199.2,24,1152.4301,0.6,Moderate,FMS_MARITIME,2026-04-06
2023-07-16,31,VLSFO,51.53,15.4,369.6,24,434.157,0.45,Moderate,FMS_MARITIME,2026-04-06
2023-07-17,31,MGO,43.98,9.5,228.0,24,600.6742,0.85,Moderate,FMS_MARITIME,2026-04-06
2023-07-18,31,LNG,20.91,15.7,376.8,24,172.8072,0.58,Rough,FMS_MARITIME,2026-04-06
2023-07-19,31,VLSFO,20.32,12.1,290.4,24,217.8942,0.81,Rough,FMS_MARITIME,2026-04-06
2023-07-20,31,HFO,46.88,13.7,328.8,24,443.9912,0.87,Rough,FMS_MARITIME,2026-04-06
2023-07-21,31,LSMGO,42.19,16.1,386.4,24,340.0095,0.58,Calm,FMS_MARITIME,2026-04-06
2023-07-22,31,LNG,62.29,8.4,201.6,24,962.158,0.76,Calm,FMS_MARITIME,2026-04-06
2023-07-23,31,HFO,60.55,17.0,408.0,24,462.139,0.99,Calm,FMS_MARITIME,2026-04-06
2023-07-24,31,VLSFO,22.69,15.8,379.2,24,186.3309,0.59,Calm,FMS_MARITIME,2026-04-06
2023-07-25,31,LNG,73.95,14.3,343.2,24,670.9799,0.79,Calm,FMS_MARITIME,2026-04-06
2023-07-26,31,LSMGO,81.91,13.2,316.8,24,805.1381,0.85,Calm,FMS_MARITIME,2026-04-06
2023-07-27,31,HFO,25.53,17.1,410.4,24,193.7145,0.99,Moderate,FMS_MARITIME,2026-04-06
2023-07-28,31,VLSFO,40.03,16.2,388.8,24,320.6106,0.41,Rough,FMS_MARITIME,2026-04-06
2023-07-28,31,HFO,73.07,16.0,384.0,24,592.552,0.81,Calm,FMS_MARITIME,2026-04-06
2023-07-28,31,LSMGO,74.35,10.1,242.4,24,955.1399,0.75,Moderate,FMS_MARITIME,2026-04-06
2023-07-01,32,VLSFO,72.06,9.2,220.8,24,1016.281,0.49,Rough,FMS_MARITIME,2026-04-06
2023-07-02,32,VLSFO,83.53,10.5,252.0,24,1032.1921,0.82,Calm,FMS_MARITIME,2026-04-06
2023-07-03,32,VLSFO,76.79,8.2,196.8,24,1215.0613,0.82,Rough,FMS_MARITIME,2026-04-06
2023-07-04,32,HFO,65.99,9.1,218.4,24,940.9014,0.71,Rough,FMS_MARITIME,2026-04-06
2023-07-05,32,MGO,64.5,12.7,304.8,24,658.9665,0.48,Moderate,FMS_MARITIME,2026-04-06
2023-07-06,32,VLSFO,41.47,11.3,271.2,24,476.171,0.48,Moderate,FMS_MARITIME,2026-04-06
2023-07-07,32,HFO,35.81,13.1,314.4,24,354.683,0.76,Calm,FMS_MARITIME,2026-04-06
2023-07-08,32,MGO,54.04,13.9,333.6,24,504.4381,0.9,Rough,FMS_MARITIME,2026-04-06
2023-07-09,32,VLSFO,59.63,13.8,331.2,24,560.6516,0.99,Rough,FMS_MARITIME,2026-04-06
2023-07-10,32,LNG,74.36,11.1,266.4,24,869.2081,0.81,Rough,FMS_MARITIME,2026-04-06
2023-07-11,32,LNG,82.55,11.3,271.2,24,947.8639,0.82,Calm,FMS_MARITIME,2026-04-06
2023-07-12,32,MGO,57.68,17.5,420.0,24,427.656,0.97,Rough,FMS_MARITIME,2026-04-06
2023-07-13,32,LSMGO,77.75,9.2,220.8,24,1096.5285,0.51,Moderate,FMS_MARITIME,2026-04-06
2023-07-14,32,LSMGO,57.29,14.3,343.2,24,519.8166,0.51,Calm,FMS_MARITIME,2026-04-06
2023-07-15,32,LNG,58.69,17.7,424.8,24,430.2275,0.56,Calm,FMS_MARITIME,2026-04-06
2023-07-16,32,MGO,83.25,8.3,199.2,24,1301.4081,0.67,Moderate,FMS_MARITIME,2026-04-06
2023-07-17,32,HFO,80.93,8.8,211.2,24,1193.2577,0.73,Moderate,FMS_MARITIME,2026-04-06
2023-07-18,32,LNG,30.09,12.2,292.8,24,320.0145,0.48,Calm,FMS_MARITIME,2026-04-06
2023-07-19,32,HFO,16.61,14.7,352.8,24,146.6087,0.43,Moderate,FMS_MARITIME,2026-04-06
2023-07-20,32,VLSFO,18.55,10.3,247.2,24,233.676,0.73,Rough,FMS_MARITIME,2026-04-06
2023-07-21,32,LSMGO,54.27,8.8,211.2,24,800.1741,0.58,Rough,FMS_MARITIME,2026-04-06
2023-07-22,32,HFO,19.67,12.1,290.4,24,210.9242,0.64,Calm,FMS_MARITIME,2026-04-06
2023-07-23,32,MGO,21.12,8.6,206.4,24,318.6419,0.5,Rough,FMS_MARITIME,2026-04-06
2023-07-24,32,VLSFO,47.95,15.6,374.4,24,398.8149,0.94,Calm,FMS_MARITIME,2026-04-06
2023-07-25,32,LSMGO,47.01,10.9,261.6,24,559.5915,0.58,Rough,FMS_MARITIME,2026-04-06
2023-07-26,32,VLSFO,73.42,9.4,225.6,24,1013.4303,0.7,Calm,FMS_MARITIME,2026-04-06
2023-07-27,32,HFO,73.23,11.1,266.4,24,855.9993,0.63,Calm,FMS_MARITIME,2026-04-06
2023-07-28,32,LSMGO,16.15,13.3,319.2,24,157.5536,0.89,Calm,FMS_MARITIME,2026-04-06
2023-07-28,32,HFO,67.8,15.8,379.2,24,556.7753,0.86,Rough,FMS_MARITIME,2026-04-06
2023-07-28,32,HFO,72.08,12.8,307.2,24,730.6547,0.43,Rough,FMS_MARITIME,2026-04-06
2023-07-01,33,LSMGO,47.37,12.3,295.2,24,499.6957,0.94,Calm,FMS_MARITIME,2026-04-06
2023-07-02,33,VLSFO,71.63,9.9,237.6,24,938.7871,0.57,Moderate,FMS_MARITIME,2026-04-06
2023-07-03,33,LSMGO,47.81,15.3,367.2,24,405.4475,0.76,Rough,FMS_MARITIME,2026-04-06
2023-07-04,33,LNG,16.51,10.4,249.6,24,205.9781,0.95,Moderate,FMS_MARITIME,2026-04-06
2023-07-05,33,MGO,39.78,11.3,271.2,24,456.7659,0.86,Rough,FMS_MARITIME,2026-04-06
2023-07-06,33,LNG,47.84,11.4,273.6,24,544.4947,0.8,Moderate,FMS_MARITIME,2026-04-06
2023-07-07,33,VLSFO,43.17,16.7,400.8,24,335.4076,0.57,Moderate,FMS_MARITIME,2026-04-06
2023-07-08,33,MGO,71.56,17.6,422.4,24,527.5517,0.41,Rough,FMS_MARITIME,2026-04-06
2023-07-09,33,HFO,54.65,17.4,417.6,24,407.5194,0.65,Moderate,FMS_MARITIME,2026-04-06
2023-07-10,33,MGO,23.15,13.9,333.6,24,216.0944,0.78,Moderate,FMS_MARITIME,2026-04-06
2023-07-11,33,LSMGO,37.56,15.0,360.0,24,324.894,0.7,Calm,FMS_MARITIME,2026-04-06
2023-07-12,33,HFO,57.22,16.5,396.0,24,449.9573,0.62,Moderate,FMS_MARITIME,2026-04-06
2023-07-13,33,VLSFO,24.54,13.7,328.8,24,232.4135,0.69,Calm,FMS_MARITIME,2026-04-06
2023-07-14,33,LNG,19.49,12.2,292.8,24,207.2809,0.41,Moderate,FMS_MARITIME,2026-04-06
2023-07-15,33,LSMGO,76.77,16.8,403.2,24,592.9112,0.45,Calm,FMS_MARITIME,2026-04-06
2023-07-16,33,LNG,46.77,8.2,196.8,24,740.0497,0.6,Moderate,FMS_MARITIME,2026-04-06
2023-07-17,33,LNG,23.23,17.0,408.0,24,177.2996,0.94,Moderate,FMS_MARITIME,2026-04-06
2023-07-18,33,MGO,28.61,17.8,427.2,24,208.5476,0.86,Calm,FMS_MARITIME,2026-04-06
2023-07-19,33,LSMGO,35.33,15.5,372.0,24,295.7463,0.8,Calm,FMS_MARITIME,2026-04-06
2023-07-20,33,MGO,41.02,15.9,381.6,24,334.7387,0.55,Calm,FMS_MARITIME,2026-04-06
2023-07-21,33,LNG,83.33,18.0,432.0,24,600.6704,0.9,Calm,FMS_MARITIME,2026-04-06
2023-07-22,33,VLSFO,52.72,16.0,384.0,24,427.5262,0.64,Calm,FMS_MARITIME,2026-04-06
2023-07-23,33,LNG,69.17,10.0,240.0,24,897.4807,0.96,Rough,FMS_MARITIME,2026-04-06
2023-07-24,33,LNG,27.02,17.4,417.6,24,201.4853,0.55,Rough,FMS_MARITIME,2026-04-06
2023-07-25,33,HFO,75.21,17.5,420.0,24,557.6284,0.68,Moderate,FMS_MARITIME,2026-04-06
2023-07-26,33,LNG,79.8,11.5,276.0,24,900.3522,0.89,Moderate,FMS_MARITIME,2026-04-06
2023-07-27,33,HFO,42.87,13.2,316.8,24,421.3926,0.89,Rough,FMS_MARITIME,2026-04-06
2023-07-28,33,LSMGO,21.1,14.1,338.4,24,194.1649,0.59,Rough,FMS_MARITIME,2026-04-06
2023-07-28,33,LNG,19.81,17.2,412.8,24,149.4388,0.93,Calm,FMS_MARITIME,2026-04-06
2023-07-28,33,HFO,78.35,16.7,400.8,24,608.7373,0.9,Calm,FMS_MARITIME,2026-04-06
2023-07-01,34,LSMGO,40.66,10.0,240.0,24,527.5635,0.67,Calm,FMS_MARITIME,2026-04-06
2023-07-02,34,VLSFO,51.73,16.0,384.0,24,419.498,0.56,Moderate,FMS_MARITIME,2026-04-06
2023-07-03,34,VLSFO,32.72,14.8,355.2,24,286.8527,0.41,Moderate,FMS_MARITIME,2026-04-06
2023-07-04,34,LSMGO,63.33,8.3,199.2,24,990.0081,0.56,Calm,FMS_MARITIME,2026-04-06
2023-07-05,34,LNG,56.76,15.5,372.0,24,475.1361,0.59,Moderate,FMS_MARITIME,2026-04-06
2023-07-06,34,LNG,48.06,12.6,302.4,24,494.9036,0.41,Calm,FMS_MARITIME,2026-04-06
2023-07-07,34,LSMGO,42.32,10.2,244.8,24,538.3353,0.49,Rough,FMS_MARITIME,2026-04-06
2023-07-08,34,LSMGO,21.84,15.6,374.4,24,181.65,0.6,Rough,FMS_MARITIME,2026-04-06
2023-07-09,34,MGO,56.16,11.0,264.0,24,662.4327,0.84,Calm,FMS_MARITIME,2026-04-06
2023-07-10,34,VLSFO,80.47,8.5,204.0,24,1228.3509,0.45,Moderate,FMS_MARITIME,2026-04-06
2023-07-11,34,HFO,32.96,15.6,374.4,24,274.1385,0.59,Calm,FMS_MARITIME,2026-04-06
2023-07-12,34,HFO,76.89,12.2,292.8,24,817.7441,0.45,Calm,FMS_MARITIME,2026-04-06
2023-07-13,34,MGO,48.46,16.4,393.6,24,383.3954,0.72,Moderate,FMS_MARITIME,2026-04-06
2023-07-14,34,MGO,26.2,15.5,372.0,24,219.3194,0.64,Calm,FMS_MARITIME,2026-04-06
2023-07-15,34,VLSFO,65.31,13.2,316.8,24,641.9676,0.69,Moderate,FMS_MARITIME,2026-04-06
2023-07-16,34,LSMGO,61.75,17.4,417.6,24,460.4634,0.46,Calm,FMS_MARITIME,2026-04-06
2023-07-17,34,VLSFO,39.33,13.0,312.0,24,392.5437,0.42,Calm,FMS_MARITIME,2026-04-06
2023-07-18,34,LSMGO,64.14,11.0,264.0,24,756.5605,0.78,Rough,FMS_MARITIME,2026-04-06
2023-07-19,34,LNG,75.49,8.1,194.4,24,1209.238,0.61,Rough,FMS_MARITIME,2026-04-06
2023-07-20,34,LNG,28.72,8.9,213.6,24,418.6989,0.57,Calm,FMS_MARITIME,2026-04-06
2023-07-21,34,MGO,55.61,8.4,201.6,24,858.9759,0.6,Moderate,FMS_MARITIME,2026-04-06
2023-07-22,34,HFO,57.23,17.5,420.0,24,424.3196,0.71,Calm,FMS_MARITIME,2026-04-06
2023-07-23,34,LNG,36.34,10.2,244.8,24,462.2662,0.48,Moderate,FMS_MARITIME,2026-04-06
2023-07-24,34,VLSFO,76.54,17.2,412.8,24,577.3875,0.69,Rough,FMS_MARITIME,2026-04-06
2023-07-25,34,VLSFO,74.17,8.0,192.0,24,1202.9447,0.67,Moderate,FMS_MARITIME,2026-04-06
2023-07-26,34,VLSFO,26.16,13.7,328.8,24,247.7562,0.96,Rough,FMS_MARITIME,2026-04-06
2023-07-27,34,VLSFO,55.76,11.0,264.0,24,657.7145,0.52,Moderate,FMS_MARITIME,2026-04-06
2023-07-28,34,MGO,22.41,15.7,376.8,24,185.2037,0.53,Rough,FMS_MARITIME,2026-04-06
2023-07-28,34,HFO,41.77,14.9,357.6,24,363.7354,0.67,Rough,FMS_MARITIME,2026-04-06
2023-07-28,34,HFO,76.16,11.6,278.4,24,851.8759,0.46,Calm,FMS_MARITIME,2026-04-06
2023-07-01,35,LNG,39.16,15.1,362.4,24,336.4907,0.81,Moderate,FMS_MARITIME,2026-04-06
2023-07-02,35,LSMGO,62.96,9.6,230.4,24,850.9437,0.66,Rough,FMS_MARITIME,2026-04-06
2023-07-03,35,HFO,59.04,14.1,338.4,24,543.2936,0.7,Calm,FMS_MARITIME,2026-04-06
2023-07-04,35,MGO,38.81,9.2,220.8,24,547.3476,0.74,Rough,FMS_MARITIME,2026-04-06
2023-07-05,35,MGO,30.67,12.4,297.6,24,320.922,0.79,Moderate,FMS_MARITIME,2026-04-06
2023-07-06,35,LNG,57.9,17.7,424.8,24,424.4364,0.99,Rough,FMS_MARITIME,2026-04-06
2023-07-07,35,MGO,52.44,12.0,288.0,24,567.0075,0.75,Calm,FMS_MARITIME,2026-04-06
2023-07-08,35,HFO,52.15,12.8,307.2,24,528.6299,1.0,Rough,FMS_MARITIME,2026-04-06
2023-07-09,35,HFO,27.36,14.0,336.0,24,253.5686,0.53,Rough,FMS_MARITIME,2026-04-06
2023-07-10,35,HFO,49.27,11.5,276.0,24,555.8941,0.87,Calm,FMS_MARITIME,2026-04-06
2023-07-11,35,LSMGO,32.21,13.3,319.2,24,314.2291,0.45,Rough,FMS_MARITIME,2026-04-06
2023-07-12,35,LNG,59.32,12.1,290.4,24,636.0967,0.56,Rough,FMS_MARITIME,2026-04-06
2023-07-13,35,VLSFO,65.46,11.6,278.4,24,732.1927,0.83,Moderate,FMS_MARITIME,2026-04-06
2023-07-14,35,LNG,26.83,16.8,403.2,24,207.2138,0.44,Calm,FMS_MARITIME,2026-04-06
2023-07-15,35,LNG,62.92,12.8,307.2,24,637.8023,0.43,Moderate,FMS_MARITIME,2026-04-06
2023-07-16,35,LNG,24.8,11.5,276.0,24,279.8087,0.65,Moderate,FMS_MARITIME,2026-04-06
2023-07-17,35,LNG,61.17,13.0,312.0,24,610.5237,0.85,Moderate,FMS_MARITIME,2026-04-06
2023-07-18,35,LSMGO,48.88,15.9,381.6,24,398.8792,0.59,Calm,FMS_MARITIME,2026-04-06
2023-07-19,35,MGO,50.4,14.5,348.0,24,450.9931,0.67,Rough,FMS_MARITIME,2026-04-06
2023-07-20,35,LSMGO,35.35,15.8,379.2,24,290.2951,0.93,Rough,FMS_MARITIME,2026-04-06
2023-07-21,35,LSMGO,22.97,14.8,355.2,24,201.3755,0.5,Calm,FMS_MARITIME,2026-04-06
2023-07-22,35,MGO,16.08,15.7,376.8,24,132.8904,0.99,Calm,FMS_MARITIME,2026-04-06
2023-07-23,35,MGO,17.07,14.5,348.0,24,152.7471,0.95,Calm,FMS_MARITIME,2026-04-06
2023-07-24,35,MGO,46.97,16.0,384.0,24,380.8973,0.98,Calm,FMS_MARITIME,2026-04-06
2023-07-25,35,MGO,22.6,17.8,427.2,24,164.7388,0.74,Calm,FMS_MARITIME,2026-04-06
2023-07-26,35,VLSFO,63.66,11.1,266.4,24,744.1338,0.93,Moderate,FMS_MARITIME,2026-04-06
2023-07-27,35,VLSFO,41.2,16.7,400.8,24,320.1018,0.86,Calm,FMS_MARITIME,2026-04-06
2023-07-28,35,LNG,26.56,17.7,424.8,24,194.6983,0.67,Calm,FMS_MARITIME,2026-04-06
2023-07-28,35,HFO,22.62,15.6,374.4,24,188.1375,1.0,Moderate,FMS_MARITIME,2026-04-06
2023-07-28,35,LSMGO,46.56,12.9,309.6,24,468.307,0.41,Calm,FMS_MARITIME,2026-04-06
2023-07-01,36,LNG,18.08,9.9,237.6,24,236.9576,0.67,Calm,FMS_MARITIME,2026-04-06
2023-07-02,36,MGO,42.25,17.6,422.4,24,311.4737,0.94,Rough,FMS_MARITIME,2026-04-06
2023-07-03,36,MGO,21.24,8.0,192.0,24,344.4862,0.42,Calm,FMS_MARITIME,2026-04-06
2023-07-04,36,LNG,52.55,16.3,391.2,24,418.3044,0.44,Moderate,FMS_MARITIME,2026-04-06
2023-07-05,36,HFO,81.66,17.3,415.2,24,612.45,0.56,Calm,FMS_MARITIME,2026-04-06
2023-07-06,36,VLSFO,15.48,12.2,292.8,24,164.6336,0.59,Moderate,FMS_MARITIME,2026-04-06
2023-07-07,36,LNG,36.44,10.4,249.6,24,454.624,0.48,Rough,FMS_MARITIME,2026-04-06
2023-07-08,36,MGO,60.18,9.3,223.2,24,839.6081,0.67,Calm,FMS_MARITIME,2026-04-06
2023-07-09,36,LNG,49.23,17.0,408.0,24,375.7407,0.45,Moderate,FMS_MARITIME,2026-04-06
2023-07-10,36,MGO,46.77,16.4,393.6,24,370.0248,0.41,Rough,FMS_MARITIME,2026-04-06
2023-07-11,36,LNG,56.11,17.9,429.6,24,406.7191,0.59,Rough,FMS_MARITIME,2026-04-06
2023-07-12,36,LNG,17.19,13.4,321.6,24,166.4479,0.82,Rough,FMS_MARITIME,2026-04-06
2023-07-13,36,LNG,69.06,10.0,240.0,24,896.0535,0.94,Rough,FMS_MARITIME,2026-04-06
2023-07-14,36,LNG,77.68,9.3,223.2,24,1083.7613,0.49,Calm,FMS_MARITIME,2026-04-06
2023-07-15,36,MGO,82.81,12.4,297.6,24,866.4998,0.86,Calm,FMS_MARITIME,2026-04-06
2023-07-16,36,VLSFO,65.29,14.9,357.6,24,568.5488,0.61,Rough,FMS_MARITIME,2026-04-06
2023-07-17,36,VLSFO,62.92,13.4,321.6,24,609.244,0.62,Calm,FMS_MARITIME,2026-04-06
2023-07-18,36,LNG,34.67,11.7,280.8,24,384.4814,0.5,Calm,FMS_MARITIME,2026-04-06
2023-07-19,36,LNG,83.61,11.6,278.4,24,935.2067,0.97,Rough,FMS_MARITIME,2026-04-06
2023-07-20,36,LNG,69.88,16.0,384.0,24,566.6831,0.54,Moderate,FMS_MARITIME,2026-04-06
2023-07-21,36,LSMGO,63.93,15.1,362.4,24,549.3323,0.55,Calm,FMS_MARITIME,2026-04-06
2023-07-22,36,VLSFO,15.86,14.8,355.2,24,139.0429,0.51,Calm,FMS_MARITIME,2026-04-06
2023-07-23,36,HFO,60.19,14.8,355.2,24,527.6792,0.54,Rough,FMS_MARITIME,2026-04-06
2023-07-24,36,VLSFO,83.73,13.9,333.6,24,781.5804,0.88,Calm,FMS_MARITIME,2026-04-06
2023-07-25,36,HFO,60.23,13.2,316.8,24,592.0335,0.9,Rough,FMS_MARITIME,2026-04-06
2023-07-26,36,HFO,51.27,11.5,276.0,24,578.4593,0.41,Moderate,FMS_MARITIME,2026-04-06
2023-07-27,36,LNG,54.22,16.4,393.6,24,428.9662,0.86,Calm,FMS_MARITIME,2026-04-06
2023-07-28,36,LNG,84.53,15.2,364.8,24,721.5637,0.8,Rough,FMS_MARITIME,2026-04-06
2023-07-28,36,VLSFO,83.19,8.3,199.2,24,1300.4702,0.53,Calm,FMS_MARITIME,2026-04-06
2023-07-28,36,LSMGO,54.49,10.9,261.6,24,648.631,0.74,Moderate,FMS_MARITIME,2026-04-06
2023-07-01,37,LNG,82.24,8.4,201.6,24,1270.3143,0.73,Moderate,FMS_MARITIME,2026-04-06
2023-07-02,37,VLSFO,23.38,12.6,302.4,24,240.7583,0.8,Moderate,FMS_MARITIME,2026-04-06
2023-07-03,37,MGO,36.42,8.1,194.4,24,583.3944,0.62,Rough,FMS_MARITIME,2026-04-06
2023-07-04,37,LSMGO,35.78,12.0,288.0,24,386.8712,0.99,Calm,FMS_MARITIME,2026-04-06
2023-07-05,37,LNG,55.2,15.4,369.6,24,465.0779,0.53,Rough,FMS_MARITIME,2026-04-06
2023-07-06,37,VLSFO,30.06,12.8,307.2,24,304.7098,0.42,Moderate,FMS_MARITIME,2026-04-06
2023-07-07,37,LSMGO,58.21,11.4,273.6,24,662.5217,0.45,Rough,FMS_MARITIME,2026-04-06
2023-07-08,37,VLSFO,71.17,16.9,405.6,24,546.4087,0.8,Moderate,FMS_MARITIME,2026-04-06
2023-07-09,37,LNG,84.1,10.2,244.8,24,1069.8015,0.75,Calm,FMS_MARITIME,2026-04-06
2023-07-10,37,VLSFO,44.76,17.2,412.8,24,337.6517,0.58,Moderate,FMS_MARITIME,2026-04-06
2023-07-11,37,LSMGO,19.57,8.1,194.4,24,313.4824,0.86,Moderate,FMS_MARITIME,2026-04-06
2023-07-12,37,MGO,68.17,14.1,338.4,24,627.309,0.45,Calm,FMS_MARITIME,2026-04-06
2023-07-13,37,LNG,15.05,14.9,357.6,24,131.0562,0.84,Moderate,FMS_MARITIME,2026-04-06
2023-07-14,37,VLSFO,21.18,16.4,393.6,24,167.5674,0.46,Calm,FMS_MARITIME,2026-04-06
2023-07-15,37,LSMGO,36.61,13.7,328.8,24,346.7261,0.91,Moderate,FMS_MARITIME,2026-04-06
2023-07-16,37,HFO,18.92,10.5,252.0,24,233.7971,0.88,Rough,FMS_MARITIME,2026-04-06
2023-07-17,37,LSMGO,34.94,11.6,278.4,24,390.8159,0.89,Moderate,FMS_MARITIME,2026-04-06
2023-07-18,37,VLSFO,61.14,13.2,316.8,24,600.9784,0.44,Rough,FMS_MARITIME,2026-04-06
2023-07-19,37,MGO,58.24,17.4,417.6,24,434.2897,0.7,Moderate,FMS_MARITIME,2026-04-06
2023-07-20,37,HFO,83.58,9.6,230.4,24,1129.6359,0.64,Moderate,FMS_MARITIME,2026-04-06
2023-07-21,37,LSMGO,81.97,10.5,252.0,24,1012.915,0.78,Rough,FMS_MARITIME,2026-04-06
2023-07-22,37,VLSFO,64.45,16.2,388.8,24,516.1968,0.58,Moderate,FMS_MARITIME,2026-04-06
2023-07-23,37,VLSFO,76.48,11.1,266.4,24,893.9892,0.56,Calm,FMS_MARITIME,2026-04-06
2023-07-24,37,LNG,51.64,11.1,266.4,24,603.6297,0.44,Rough,FMS_MARITIME,2026-04-06
2023-07-25,37,LNG,84.91,12.0,288.0,24,918.0894,0.42,Moderate,FMS_MARITIME,2026-04-06
2023-07-26,37,LSMGO,64.05,11.4,273.6,24,728.9901,0.97,Moderate,FMS_MARITIME,2026-04-06
2023-07-27,37,LSMGO,72.36,15.4,369.6,24,609.6565,0.86,Moderate,FMS_MARITIME,2026-04-06
2023-07-28,37,LSMGO,75.27,16.2,388.8,24,602.8569,0.91,Moderate,FMS_MARITIME,2026-04-06
2023-07-28,37,VLSFO,17.31,16.9,405.6,24,132.8978,0.97,Calm,FMS_MARITIME,2026-04-06
2023-07-28,37,LNG,42.57,13.5,324.0,24,409.145,0.79,Moderate,FMS_MARITIME,2026-04-06
2023-07-01,38,VLSFO,69.93,11.8,283.2,24,768.9337,0.9,Moderate,FMS_MARITIME,2026-04-06
2023-07-02,38,VLSFO,46.41,13.5,324.0,24,446.0517,0.57,Calm,FMS_MARITIME,2026-04-06
2023-07-03,38,MGO,18.1,12.9,309.6,24,182.0523,0.87,Calm,FMS_MARITIME,2026-04-06
2023-07-04,38,LNG,51.53,13.1,314.4,24,510.383,0.93,Rough,FMS_MARITIME,2026-04-06
2023-07-05,38,VLSFO,67.09,8.7,208.8,24,1000.5664,0.98,Moderate,FMS_MARITIME,2026-04-06
2023-07-06,38,LNG,62.48,10.5,252.0,24,772.0743,0.51,Moderate,FMS_MARITIME,2026-04-06
2023-07-07,38,LNG,45.68,8.7,208.8,24,681.2621,0.73,Rough,FMS_MARITIME,2026-04-06
2023-07-08,38,LNG,27.9,9.6,230.4,24,377.0859,0.53,Moderate,FMS_MARITIME,2026-04-06
2023-07-09,38,LSMGO,53.28,13.5,324.0,24,512.08,0.47,Calm,FMS_MARITIME,2026-04-06
2023-07-10,38,HFO,22.45,17.4,417.6,24,167.4073,0.59,Calm,FMS_MARITIME,2026-04-06
2023-07-11,38,VLSFO,55.84,9.2,220.8,24,787.5261,0.57,Moderate,FMS_MARITIME,2026-04-06
2023-07-12,38,MGO,35.99,13.7,328.8,24,340.8542,1.0,Calm,FMS_MARITIME,2026-04-06
2023-07-13,38,VLSFO,60.14,8.6,206.4,24,907.3448,0.69,Rough,FMS_MARITIME,2026-04-06
2023-07-14,38,LNG,22.0,8.7,208.8,24,328.1034,0.75,Rough,FMS_MARITIME,2026-04-06
2023-07-15,38,HFO,66.35,14.8,355.2,24,581.6833,0.91,Moderate,FMS_MARITIME,2026-04-06
2023-07-16,38,VLSFO,55.6,14.4,345.6,24,500.9792,0.63,Moderate,FMS_MARITIME,2026-04-06
2023-07-17,38,HFO,31.46,11.5,276.0,24,354.9509,0.48,Moderate,FMS_MARITIME,2026-04-06
2023-07-18,38,HFO,41.63,11.0,264.0,24,491.0448,0.59,Moderate,FMS_MARITIME,2026-04-06
2023-07-19,38,LSMGO,63.16,17.4,417.6,24,470.9776,0.49,Calm,FMS_MARITIME,2026-04-06
2023-07-20,38,LSMGO,69.3,8.7,208.8,24,1033.5259,0.64,Moderate,FMS_MARITIME,2026-04-06
2023-07-21,38,HFO,79.76,17.4,417.6,24,594.7621,0.98,Moderate,FMS_MARITIME,2026-04-06
2023-07-22,38,LSMGO,51.32,12.4,297.6,24,536.9976,0.7,Calm,FMS_MARITIME,2026-04-06
2023-07-23,38,HFO,34.8,10.2,244.8,24,442.6765,0.83,Rough,FMS_MARITIME,2026-04-06
2023-07-24,38,MGO,34.66,10.0,240.0,24,449.7135,0.41,Calm,FMS_MARITIME,2026-04-06
2023-07-25,38,HFO,35.13,10.6,254.4,24,430.0111,0.49,Rough,FMS_MARITIME,2026-04-06
2023-07-26,38,LSMGO,27.89,13.9,333.6,24,260.3401,0.89,Moderate,FMS_MARITIME,2026-04-06
2023-07-27,38,LNG,50.27,12.9,309.6,24,505.6227,0.65,Rough,FMS_MARITIME,2026-04-06
2023-07-28,38,LNG,73.33,10.0,240.0,24,951.4567,0.79,Moderate,FMS_MARITIME,2026-04-06
2023-07-28,38,VLSFO,54.57,9.0,216.0,24,786.7175,0.72,Moderate,FMS_MARITIME,2026-04-06
2023-07-28,38,HFO,15.41,11.6,278.4,24,172.3662,0.43,Calm,FMS_MARITIME,2026-04-06
2023-07-01,39,MGO,61.55,8.2,196.8,24,973.9162,0.44,Moderate,FMS_MARITIME,2026-04-06
2023-07-02,39,LSMGO,52.84,8.6,206.4,24,797.2081,0.63,Moderate,FMS_MARITIME,2026-04-06
2023-07-03,39,MGO,23.78,13.1,314.4,24,235.5309,0.8,Calm,FMS_MARITIME,2026-04-06
2023-07-04,39,HFO,23.0,16.9,405.6,24,176.5828,0.91,Rough,FMS_MARITIME,2026-04-06
2023-07-05,39,MGO,33.21,8.2,196.8,24,525.4875,0.44,Rough,FMS_MARITIME,2026-04-06
2023-07-06,39,LSMGO,81.76,12.2,292.8,24,869.5377,0.73,Rough,FMS_MARITIME,2026-04-06
2023-07-07,39,LNG,41.1,15.0,360.0,24,355.515,0.76,Rough,FMS_MARITIME,2026-04-06
2023-07-08,39,MGO,60.2,15.5,372.0,24,503.9323,0.9,Moderate,FMS_MARITIME,2026-04-06
2023-07-09,39,MGO,51.95,17.8,427.2,24,378.6805,0.92,Rough,FMS_MARITIME,2026-04-06
2023-07-10,39,HFO,45.11,8.5,204.0,24,688.5909,0.86,Moderate,FMS_MARITIME,2026-04-06
2023-07-11,39,MGO,53.1,14.4,345.6,24,478.4531,0.84,Moderate,FMS_MARITIME,2026-04-06
2023-07-12,39,LNG,39.34,16.5,396.0,24,309.3555,0.46,Rough,FMS_MARITIME,2026-04-06
2023-07-13,39,VLSFO,43.96,15.0,360.0,24,380.254,0.65,Calm,FMS_MARITIME,2026-04-06
2023-07-14,39,HFO,72.7,15.7,376.8,24,600.8169,0.9,Rough,FMS_MARITIME,2026-04-06
2023-07-15,39,VLSFO,37.12,9.3,223.2,24,517.8839,0.69,Rough,FMS_MARITIME,2026-04-06
2023-07-16,39,LNG,66.65,13.9,333.6,24,622.1466,0.68,Rough,FMS_MARITIME,2026-04-06
2023-07-17,39,HFO,23.22,15.6,374.4,24,193.1279,0.74,Rough,FMS_MARITIME,2026-04-06
2023-07-18,39,MGO,39.06,9.5,228.0,24,533.4774,0.58,Moderate,FMS_MARITIME,2026-04-06
2023-07-19,39,VLSFO,59.02,11.4,273.6,24,671.7408,0.77,Rough,FMS_MARITIME,2026-04-06
2023-07-20,39,LNG,29.58,12.6,302.4,24,304.6036,0.44,Moderate,FMS_MARITIME,2026-04-06
2023-07-21,39,HFO,55.72,13.6,326.4,24,531.5934,0.61,Moderate,FMS_MARITIME,2026-04-06
2023-07-22,39,LNG,61.74,13.9,333.6,24,576.314,0.4,Moderate,FMS_MARITIME,2026-04-06
2023-07-23,39,HFO,39.59,14.2,340.8,24,361.7467,0.64,Calm,FMS_MARITIME,2026-04-06
2023-07-24,39,LSMGO,67.12,13.2,316.8,24,659.7591,0.52,Rough,FMS_MARITIME,2026-04-06
2023-07-25,39,LNG,39.04,13.7,328.8,24,369.7401,0.65,Rough,FMS_MARITIME,2026-04-06
2023-07-26,39,HFO,44.37,14.8,355.2,24,388.987,0.93,Calm,FMS_MARITIME,2026-04-06
2023-07-27,39,MGO,61.58,12.9,309.6,24,619.3802,0.99,Moderate,FMS_MARITIME,2026-04-06
2023-07-28,39,VLSFO,43.73,11.2,268.8,24,506.6042,0.8,Rough,FMS_MARITIME,2026-04-06
2023-07-28,39,VLSFO,72.28,9.2,220.8,24,1019.3837,0.66,Calm,FMS_MARITIME,2026-04-06
2023-07-28,39,HFO,69.02,8.4,201.6,24,1066.1125,0.76,Calm,FMS_MARITIME,2026-04-06
2023-07-01,40,LNG,55.99,14.9,357.6,24,487.5639,0.61,Moderate,FMS_MARITIME,2026-04-06
2023-07-02,40,LSMGO,63.87,15.5,372.0,24,534.6537,0.89,Rough,FMS_MARITIME,2026-04-06
2023-07-03,40,VLSFO,68.3,11.3,271.2,24,784.2412,0.67,Moderate,FMS_MARITIME,2026-04-06
2023-07-04,40,MGO,47.62,16.0,384.0,24,386.1684,0.54,Rough,FMS_MARITIME,2026-04-06
2023-07-05,40,VLSFO,29.06,8.3,199.2,24,454.2813,0.85,Calm,FMS_MARITIME,2026-04-06
2023-07-06,40,VLSFO,52.88,15.1,362.4,24,454.3828,0.69,Rough,FMS_MARITIME,2026-04-06
2023-07-07,40,VLSFO,78.13,15.7,376.8,24,645.6922,0.63,Calm,FMS_MARITIME,2026-04-06
2023-07-08,40,HFO,76.59,11.3,271.2,24,879.4294,0.42,Rough,FMS_MARITIME,2026-04-06
2023-07-09,40,LSMGO,80.9,8.1,194.4,24,1295.8981,0.72,Calm,FMS_MARITIME,2026-04-06
2023-07-10,40,HFO,35.26,11.4,273.6,24,401.3145,0.96,Rough,FMS_MARITIME,2026-04-06
2023-07-11,40,LNG,41.91,11.8,283.2,24,460.8324,0.89,Calm,FMS_MARITIME,2026-04-06
2023-07-12,40,LSMGO,31.23,11.7,280.8,24,346.3327,0.88,Moderate,FMS_MARITIME,2026-04-06
2023-07-13,40,VLSFO,72.23,11.6,278.4,24,807.9175,0.51,Moderate,FMS_MARITIME,2026-04-06
2023-07-14,40,VLSFO,72.75,11.0,264.0,24,858.1193,0.52,Rough,FMS_MARITIME,2026-04-06
2023-07-15,40,HFO,48.26,15.3,367.2,24,409.2637,0.73,Calm,FMS_MARITIME,2026-04-06
2023-07-16,40,LNG,80.85,14.3,343.2,24,733.5865,0.4,Moderate,FMS_MARITIME,2026-04-06
2023-07-17,40,MGO,71.65,17.1,410.4,24,543.6601,0.42,Calm,FMS_MARITIME,2026-04-06
2023-07-18,40,VLSFO,48.92,9.0,216.0,24,705.2633,0.49,Moderate,FMS_MARITIME,2026-04-06
2023-07-19,40,MGO,79.58,9.5,228.0,24,1086.8953,0.99,Calm,FMS_MARITIME,2026-04-06
2023-07-20,40,VLSFO,74.36,9.7,232.8,24,994.6608,0.89,Rough,FMS_MARITIME,2026-04-06
2023-07-21,40,HFO,31.12,14.3,343.2,24,282.365,0.9,Calm,FMS_MARITIME,2026-04-06
2023-07-22,40,LNG,38.97,14.3,343.2,24,353.5914,0.84,Calm,FMS_MARITIME,2026-04-06
2023-07-23,40,HFO,81.21,12.4,297.6,24,849.7579,0.52,Moderate,FMS_MARITIME,2026-04-06
2023-07-24,40,LNG,47.7,13.8,331.2,24,448.4837,0.69,Calm,FMS_MARITIME,2026-04-06
2023-07-25,40,LNG,32.11,14.5,348.0,24,287.3291,0.99,Moderate,FMS_MARITIME,2026-04-06
2023-07-26,40,MGO,36.28,13.9,333.6,24,338.6568,0.61,Moderate,FMS_MARITIME,2026-04-06
2023-07-27,40,LSMGO,66.9,10.0,240.0,24,868.0275,0.42,Rough,FMS_MARITIME,2026-04-06
2023-07-28,40,LNG,71.48,17.8,427.2,24,521.041,0.6,Rough,FMS_MARITIME,2026-04-06
2023-07-28,40,HFO,51.44,12.9,309.6,24,517.3907,0.9,Moderate,FMS_MARITIME,2026-04-06
2023-07-28,40,MGO,51.23,10.6,254.4,24,627.0842,0.63,Calm,FMS_MARITIME,2026-04-06
2023-07-01,41,VLSFO,71.03,10.0,240.0,24,921.6143,0.79,Moderate,FMS_MARITIME,2026-04-06
2023-07-02,41,HFO,34.64,17.0,408.0,24,264.3847,0.83,Moderate,FMS_MARITIME,2026-04-06
2023-07-03,41,LNG,40.81,15.5,372.0,24,341.6192,0.52,Moderate,FMS_MARITIME,2026-04-06
2023-07-04,41,LNG,68.89,14.0,336.0,24,638.4627,0.96,Rough,FMS_MARITIME,2026-04-06
2023-07-05,41,MGO,26.7,8.6,206.4,24,402.8285,0.64,Moderate,FMS_MARITIME,2026-04-06
2023-07-06,41,LSMGO,18.12,9.4,225.6,24,250.1138,0.45,Calm,FMS_MARITIME,2026-04-06
2023-07-07,41,LNG,32.48,11.9,285.6,24,354.1412,0.78,Moderate,FMS_MARITIME,2026-04-06
2023-07-08,41,MGO,63.39,11.4,273.6,24,721.4783,0.72,Calm,FMS_MARITIME,2026-04-06
2023-07-09,41,VLSFO,72.84,14.7,352.8,24,642.9245,0.9,Rough,FMS_MARITIME,2026-04-06
2023-07-10,41,MGO,74.73,10.4,249.6,24,932.3286,0.83,Moderate,FMS_MARITIME,2026-04-06
2023-07-11,41,MGO,19.62,17.0,408.0,24,149.7468,0.77,Rough,FMS_MARITIME,2026-04-06
2023-07-12,41,MGO,27.72,10.6,254.4,24,339.3085,0.61,Rough,FMS_MARITIME,2026-04-06
2023-07-13,41,HFO,70.16,17.2,412.8,24,529.2593,0.69,Moderate,FMS_MARITIME,2026-04-06
2023-07-14,41,LSMGO,35.78,15.9,381.6,24,291.9783,0.91,Rough,FMS_MARITIME,2026-04-06
2023-07-15,41,VLSFO,83.56,11.9,285.6,24,911.0849,0.49,Calm,FMS_MARITIME,2026-04-06
2023-07-16,41,VLSFO,32.81,16.4,393.6,24,259.5791,0.46,Calm,FMS_MARITIME,2026-04-06
2023-07-17,41,MGO,37.72,16.8,403.2,24,291.3196,0.77,Rough,FMS_MARITIME,2026-04-06
2023-07-18,41,LSMGO,33.93,15.6,374.4,24,282.2062,0.85,Moderate,FMS_MARITIME,2026-04-06
2023-07-19,41,VLSFO,71.85,17.9,429.6,24,520.8122,0.89,Rough,FMS_MARITIME,2026-04-06
2023-07-20,41,MGO,48.95,16.8,403.2,24,378.0513,0.84,Moderate,FMS_MARITIME,2026-04-06
2023-07-21,41,VLSFO,45.83,14.5,348.0,24,410.0995,0.68,Rough,FMS_MARITIME,2026-04-06
2023-07-22,41,VLSFO,61.36,10.6,254.4,24,751.0811,0.77,Calm,FMS_MARITIME,2026-04-06
2023-07-23,41,MGO,20.63,12.0,288.0,24,223.0619,0.5,Calm,FMS_MARITIME,2026-04-06
2023-07-24,41,LNG,36.29,10.5,252.0,24,448.4407,0.63,Rough,FMS_MARITIME,2026-04-06
2023-07-25,41,VLSFO,24.13,9.6,230.4,24,326.132,0.62,Rough,FMS_MARITIME,2026-04-06
2023-07-26,41,HFO,81.77,8.8,211.2,24,1205.6429,0.95,Calm,FMS_MARITIME,2026-04-06
2023-07-27,41,LSMGO,51.99,13.2,316.8,24,511.0381,0.48,Rough,FMS_MARITIME,2026-04-06
2023-07-28,41,LSMGO,64.79,9.5,228.0,24,884.895,0.8,Rough,FMS_MARITIME,2026-04-06
2023-07-28,41,LNG,46.07,10.0,240.0,24,597.7582,0.4,Calm,FMS_MARITIME,2026-04-06
2023-07-28,41,LNG,44.42,12.0,288.0,24,480.2912,0.63,Rough,FMS_MARITIME,2026-04-06
2023-07-01,42,LSMGO,74.62,12.8,307.2,24,756.402,0.85,Moderate,FMS_MARITIME,2026-04-06
2023-07-02,42,LSMGO,66.9,14.8,355.2,24,586.5051,0.89,Moderate,FMS_MARITIME,2026-04-06
2023-07-03,42,VLSFO,21.02,15.7,376.8,24,173.7162,0.64,Calm,FMS_MARITIME,2026-04-06
2023-07-04,42,VLSFO,59.98,11.0,264.0,24,707.4914,0.48,Calm,FMS_MARITIME,2026-04-06
2023-07-05,42,HFO,40.95,12.1,290.4,24,439.1126,0.81,Rough,FMS_MARITIME,2026-04-06
2023-07-06,42,LNG,73.03,14.2,340.8,24,667.2988,0.84,Moderate,FMS_MARITIME,2026-04-06
2023-07-07,42,VLSFO,73.51,16.0,384.0,24,596.1202,0.75,Rough,FMS_MARITIME,2026-04-06
2023-07-08,42,HFO,39.84,10.6,254.4,24,487.6642,0.92,Calm,FMS_MARITIME,2026-04-06
2023-07-09,42,HFO,56.51,15.2,364.8,24,482.3798,0.64,Rough,FMS_MARITIME,2026-04-06
2023-07-10,42,LSMGO,62.59,9.6,230.4,24,845.943,0.88,Calm,FMS_MARITIME,2026-04-06
2023-07-11,42,MGO,19.03,17.3,415.2,24,142.725,0.9,Moderate,FMS_MARITIME,2026-04-06
2023-07-12,42,VLSFO,26.38,8.7,208.8,24,393.4259,0.87,Calm,FMS_MARITIME,2026-04-06
2023-07-13,42,MGO,20.4,14.4,345.6,24,183.8125,0.96,Rough,FMS_MARITIME,2026-04-06
2023-07-14,42,VLSFO,39.16,11.1,266.4,24,457.7486,0.75,Moderate,FMS_MARITIME,2026-04-06
2023-07-15,42,LNG,76.49,10.1,242.4,24,982.6314,0.49,Moderate,FMS_MARITIME,2026-04-06
2023-07-16,42,LNG,80.55,17.7,424.8,24,590.4725,0.86,Rough,FMS_MARITIME,2026-04-06
2023-07-17,42,VLSFO,40.59,16.6,398.4,24,317.2622,0.93,Calm,FMS_MARITIME,2026-04-06
2023-07-18,42,VLSFO,67.02,11.9,285.6,24,730.7433,0.59,Moderate,FMS_MARITIME,2026-04-06
2023-07-19,42,LNG,17.08,15.8,379.2,24,140.2614,0.5,Moderate,FMS_MARITIME,2026-04-06
2023-07-20,42,LSMGO,74.04,8.5,204.0,24,1130.1988,0.85,Moderate,FMS_MARITIME,2026-04-06
2023-07-21,42,LSMGO,37.67,11.8,283.2,24,414.2104,0.68,Rough,FMS_MARITIME,2026-04-06
2023-07-22,42,VLSFO,55.93,10.0,240.0,24,725.6918,0.52,Rough,FMS_MARITIME,2026-04-06
2023-07-23,42,VLSFO,70.1,9.3,223.2,24,978.0081,0.61,Moderate,FMS_MARITIME,2026-04-06
2023-07-24,42,LNG,30.6,8.6,206.4,24,461.6686,0.68,Calm,FMS_MARITIME,2026-04-06
2023-07-25,42,LNG,79.55,14.0,336.0,24,737.258,0.7,Rough,FMS_MARITIME,2026-04-06
2023-07-26,42,VLSFO,30.06,15.1,362.4,24,258.297,0.52,Rough,FMS_MARITIME,2026-04-06
2023-07-27,42,HFO,55.84,13.7,328.8,24,528.8496,0.94,Moderate,FMS_MARITIME,2026-04-06
2023-07-28,42,LNG,51.61,9.3,223.2,24,720.0427,0.55,Moderate,FMS_MARITIME,2026-04-06
2023-07-28,42,HFO,45.65,11.5,276.0,24,515.0511,0.86,Moderate,FMS_MARITIME,2026-04-06
2023-07-28,42,MGO,47.35,13.8,331.2,24,445.1929,0.95,Calm,FMS_MARITIME,2026-04-06
2023-07-01,43,VLSFO,30.69,15.5,372.0,24,256.905,0.88,Rough,FMS_MARITIME,2026-04-06
2023-07-02,43,VLSFO,29.11,15.7,376.8,24,240.5747,0.4,Rough,FMS_MARITIME,2026-04-06
2023-07-03,43,MGO,27.6,13.1,314.4,24,273.3664,0.93,Rough,FMS_MARITIME,2026-04-06
2023-07-04,43,MGO,84.59,8.6,206.4,24,1276.227,0.64,Rough,FMS_MARITIME,2026-04-06
2023-07-05,43,HFO,22.07,14.8,355.2,24,193.4853,0.61,Moderate,FMS_MARITIME,2026-04-06
2023-07-06,43,LNG,46.43,12.6,302.4,24,478.1185,0.87,Rough,FMS_MARITIME,2026-04-06
2023-07-07,43,MGO,77.7,15.6,374.4,24,646.2548,0.88,Rough,FMS_MARITIME,2026-04-06
2023-07-08,43,LNG,47.36,14.6,350.4,24,420.8877,0.72,Calm,FMS_MARITIME,2026-04-06
2023-07-09,43,MGO,44.63,15.8,379.2,24,366.5027,0.94,Moderate,FMS_MARITIME,2026-04-06
2023-07-10,43,MGO,82.84,9.7,232.8,24,1108.0918,0.56,Moderate,FMS_MARITIME,2026-04-06
2023-07-11,43,MGO,73.33,9.0,216.0,24,1057.1742,0.83,Moderate,FMS_MARITIME,2026-04-06
2023-07-12,43,VLSFO,56.59,16.2,388.8,24,453.244,0.45,Calm,FMS_MARITIME,2026-04-06
2023-07-13,43,VLSFO,21.47,14.8,355.2,24,188.2252,0.67,Moderate,FMS_MARITIME,2026-04-06
2023-07-14,43,LSMGO,59.07,18.0,432.0,24,425.7962,0.87,Calm,FMS_MARITIME,2026-04-06
2023-07-15,43,HFO,53.48,11.8,283.2,24,588.0534,0.89,Moderate,FMS_MARITIME,2026-04-06
2023-07-16,43,LNG,50.91,8.7,208.8,24,759.2612,0.75,Moderate,FMS_MARITIME,2026-04-06
2023-07-17,43,MGO,48.09,14.1,338.4,24,442.5303,0.7,Rough,FMS_MARITIME,2026-04-06
2023-07-18,43,HFO,69.23,15.0,360.0,24,598.8395,0.67,Rough,FMS_MARITIME,2026-04-06
2023-07-19,43,VLSFO,63.85,12.7,304.8,24,652.3258,0.62,Rough,FMS_MARITIME,2026-04-06
2023-07-20,43,HFO,83.29,14.0,336.0,24,771.9198,0.75,Calm,FMS_MARITIME,2026-04-06
2023-07-21,43,LNG,74.73,11.7,280.8,24,828.7365,0.5,Moderate,FMS_MARITIME,2026-04-06
2023-07-22,43,MGO,42.4,8.6,206.4,24,639.6977,0.84,Moderate,FMS_MARITIME,2026-04-06
2023-07-23,43,LSMGO,54.2,14.8,355.2,24,475.1655,0.64,Moderate,FMS_MARITIME,2026-04-06
2023-07-24,43,LSMGO,19.57,18.0,432.0,24,141.0671,0.59,Moderate,FMS_MARITIME,2026-04-06
2023-07-25,43,LSMGO,75.5,12.0,288.0,24,816.3437,0.53,Calm,FMS_MARITIME,2026-04-06
2023-07-26,43,LSMGO,64.88,12.9,309.6,24,652.5721,0.59,Rough,FMS_MARITIME,2026-04-06
2023-07-27,43,VLSFO,52.12,11.5,276.0,24,588.0496,0.75,Moderate,FMS_MARITIME,2026-04-06
2023-07-28,43,HFO,15.5,17.9,429.6,24,112.3534,0.4,Moderate,FMS_MARITIME,2026-04-06
2023-07-28,43,MGO,25.14,11.6,278.4,24,281.1996,0.44,Rough,FMS_MARITIME,2026-04-06
2023-07-28,43,MGO,63.5,13.9,333.6,24,592.7428,0.56,Calm,FMS_MARITIME,2026-04-06
2023-07-01,44,HFO,82.52,17.7,424.8,24,604.9136,0.44,Calm,FMS_MARITIME,2026-04-06
2023-07-02,44,HFO,70.35,14.3,343.2,24,638.3156,0.62,Calm,FMS_MARITIME,2026-04-06
2023-07-03,44,HFO,30.3,8.7,208.8,24,451.8879,0.83,Calm,FMS_MARITIME,2026-04-06
2023-07-04,44,HFO,58.69,17.5,420.0,24,435.1444,0.66,Rough,FMS_MARITIME,2026-04-06
2023-07-05,44,MGO,29.94,11.4,273.6,24,340.7645,0.99,Moderate,FMS_MARITIME,2026-04-06
2023-07-06,44,LSMGO,40.34,13.2,316.8,24,396.5239,0.62,Moderate,FMS_MARITIME,2026-04-06
2023-07-07,44,HFO,55.7,10.3,247.2,24,701.6578,0.96,Moderate,FMS_MARITIME,2026-04-06
2023-07-08,44,LSMGO,41.85,9.9,237.6,24,548.4886,0.52,Moderate,FMS_MARITIME,2026-04-06
2023-07-09,44,LSMGO,21.13,16.4,393.6,24,167.1718,0.63,Rough,FMS_MARITIME,2026-04-06
2023-07-10,44,MGO,43.95,12.7,304.8,24,449.0167,0.77,Calm,FMS_MARITIME,2026-04-06
2023-07-11,44,LNG,19.06,16.8,403.2,24,147.2045,0.52,Moderate,FMS_MARITIME,2026-04-06
2023-07-12,44,LSMGO,23.67,15.5,372.0,24,198.1408,0.74,Moderate,FMS_MARITIME,2026-04-06
2023-07-13,44,VLSFO,75.49,16.6,398.4,24,590.0498,0.63,Moderate,FMS_MARITIME,2026-04-06
2023-07-14,44,LSMGO,59.58,13.6,326.4,24,568.4195,0.7,Moderate,FMS_MARITIME,2026-04-06
2023-07-15,44,LSMGO,40.8,13.1,314.4,24,404.1069,0.5,Rough,FMS_MARITIME,2026-04-06
2023-07-16,44,HFO,78.24,10.3,247.2,24,985.5961,0.42,Moderate,FMS_MARITIME,2026-04-06
2023-07-17,44,LSMGO,30.34,10.6,254.4,24,371.3788,0.44,Rough,FMS_MARITIME,2026-04-06
2023-07-18,44,LSMGO,55.83,9.8,235.2,24,739.1778,0.6,Rough,FMS_MARITIME,2026-04-06
2023-07-19,44,MGO,80.5,10.6,254.4,24,985.3656,0.65,Calm,FMS_MARITIME,2026-04-06
2023-07-20,44,LSMGO,18.85,9.7,232.8,24,252.143,0.59,Rough,FMS_MARITIME,2026-04-06
2023-07-21,44,LNG,29.93,12.6,302.4,24,308.2077,0.54,Rough,FMS_MARITIME,2026-04-06
2023-07-22,44,LSMGO,58.43,15.1,362.4,24,502.0724,0.54,Calm,FMS_MARITIME,2026-04-06
2023-07-23,44,LNG,27.1,11.4,273.6,24,308.4408,0.74,Calm,FMS_MARITIME,2026-04-06
2023-07-24,44,HFO,60.75,10.8,259.2,24,729.8438,0.74,Moderate,FMS_MARITIME,2026-04-06
2023-07-25,44,MGO,53.3,18.0,432.0,24,384.2042,0.46,Calm,FMS_MARITIME,2026-04-06
2023-07-26,44,MGO,65.91,10.4,249.6,24,822.2906,0.94,Rough,FMS_MARITIME,2026-04-06
2023-07-27,44,LNG,77.1,15.2,364.8,24,658.1398,0.67,Moderate,FMS_MARITIME,2026-04-06
2023-07-28,44,LNG,58.47,13.6,326.4,24,557.8296,0.75,Rough,FMS_MARITIME,2026-04-06
2023-07-28,44,LSMGO,82.69,12.0,288.0,24,894.0856,0.55,Moderate,FMS_MARITIME,2026-04-06
2023-07-28,44,MGO,38.38,14.7,352.8,24,338.7622,0.63,Calm,FMS_MARITIME,2026-04-06
2023-07-01,45,HFO,68.25,13.6,326.4,24,651.1351,0.67,Rough,FMS_MARITIME,2026-04-06
2023-07-02,45,LSMGO,53.77,16.3,391.2,24,428.0158,0.41,Calm,FMS_MARITIME,2026-04-06
2023-07-03,45,LSMGO,54.1,10.6,254.4,24,662.2146,0.76,Rough,FMS_MARITIME,2026-04-06
2023-07-04,45,LSMGO,23.81,14.5,348.0,24,213.0584,0.54,Calm,FMS_MARITIME,2026-04-06
2023-07-05,45,VLSFO,84.64,16.9,405.6,24,649.8249,0.43,Moderate,FMS_MARITIME,2026-04-06
2023-07-06,45,LNG,65.01,17.6,422.4,24,479.2641,0.6,Rough,FMS_MARITIME,2026-04-06
2023-07-07,45,LSMGO,47.18,12.4,297.6,24,493.6778,0.57,Calm,FMS_MARITIME,2026-04-06
2023-07-08,45,LSMGO,57.26,10.4,249.6,24,714.3736,0.78,Moderate,FMS_MARITIME,2026-04-06
2023-07-09,45,LSMGO,82.57,9.9,237.6,24,1082.1674,0.44,Rough,FMS_MARITIME,2026-04-06
2023-07-10,45,VLSFO,81.99,8.7,208.8,24,1222.7819,0.7,Moderate,FMS_MARITIME,2026-04-06
2023-07-11,45,LSMGO,35.06,14.4,345.6,24,315.9052,0.93,Calm,FMS_MARITIME,2026-04-06
2023-07-12,45,LNG,80.93,10.1,242.4,24,1039.67,0.43,Rough,FMS_MARITIME,2026-04-06
2023-07-13,45,LNG,65.68,11.8,283.2,24,722.2017,0.92,Calm,FMS_MARITIME,2026-04-06
2023-07-14,45,MGO,70.08,17.2,412.8,24,528.6558,0.74,Calm,FMS_MARITIME,2026-04-06
2023-07-15,45,LNG,21.44,12.5,300.0,24,222.5472,0.54,Calm,FMS_MARITIME,2026-04-06
2023-07-16,45,MGO,53.22,15.0,360.0,24,460.353,0.57,Calm,FMS_MARITIME,2026-04-06
2023-07-17,45,LNG,58.98,16.8,403.2,24,455.5152,0.55,Calm,FMS_MARITIME,2026-04-06
2023-07-18,45,MGO,71.13,10.4,249.6,24,887.4151,0.53,Calm,FMS_MARITIME,2026-04-06
2023-07-19,45,MGO,52.45,11.2,268.8,24,607.6239,0.59,Rough,FMS_MARITIME,2026-04-06
2023-07-20,45,VLSFO,41.06,13.5,324.0,24,394.6322,0.94,Moderate,FMS_MARITIME,2026-04-06
2023-07-21,45,VLSFO,27.62,17.3,415.2,24,207.15,0.65,Rough,FMS_MARITIME,2026-04-06
2023-07-22,45,MGO,78.66,15.4,369.6,24,662.736,0.97,Moderate,FMS_MARITIME,2026-04-06
2023-07-23,45,VLSFO,60.61,11.0,264.0,24,714.9225,0.84,Moderate,FMS_MARITIME,2026-04-06
2023-07-24,45,VLSFO,36.7,12.5,300.0,24,380.946,0.54,Rough,FMS_MARITIME,2026-04-06
2023-07-25,45,HFO,16.81,8.0,192.0,24,272.6372,0.49,Rough,FMS_MARITIME,2026-04-06
2023-07-26,45,VLSFO,65.61,15.7,376.8,24,542.2228,0.98,Calm,FMS_MARITIME,2026-04-06
2023-07-27,45,VLSFO,75.69,11.5,276.0,24,853.9807,0.84,Calm,FMS_MARITIME,2026-04-06
2023-07-28,45,MGO,52.42,12.6,302.4,24,539.8012,0.42,Moderate,FMS_MARITIME,2026-04-06
2023-07-28,45,MGO,78.35,12.2,292.8,24,833.2715,0.44,Moderate,FMS_MARITIME,2026-04-06
2023-07-28,45,LSMGO,80.46,12.6,302.4,24,828.5464,0.86,Rough,FMS_MARITIME,2026-04-06
2023-07-01,46,VLSFO,79.39,11.4,273.6,24,903.5836,0.53,Moderate,FMS_MARITIME,2026-04-06
2023-07-02,46,HFO,33.67,16.0,384.0,24,273.0427,0.64,Calm,FMS_MARITIME,2026-04-06
2023-07-03,46,MGO,64.17,16.7,400.8,24,498.5663,0.68,Moderate,FMS_MARITIME,2026-04-06
2023-07-04,46,HFO,71.72,15.6,374.4,24,596.5173,0.54,Calm,FMS_MARITIME,2026-04-06
2023-07-05,46,MGO,48.27,8.6,206.4,24,728.2596,0.74,Rough,FMS_MARITIME,2026-04-06
2023-07-06,46,MGO,25.21,10.3,247.2,24,317.5726,0.54,Moderate,FMS_MARITIME,2026-04-06
2023-07-07,46,LSMGO,73.52,15.0,360.0,24,635.948,0.55,Moderate,FMS_MARITIME,2026-04-06
2023-07-08,46,MGO,68.15,16.4,393.6,24,539.1745,0.45,Rough,FMS_MARITIME,2026-04-06
2023-07-09,46,HFO,35.6,10.8,259.2,24,427.6944,0.55,Moderate,FMS_MARITIME,2026-04-06
2023-07-10,46,MGO,44.0,14.3,343.2,24,399.2308,0.43,Rough,FMS_MARITIME,2026-04-06
2023-07-11,46,HFO,59.08,9.7,232.8,24,790.2711,0.7,Rough,FMS_MARITIME,2026-04-06
2023-07-12,46,LSMGO,55.57,9.0,216.0,24,801.1342,0.73,Rough,FMS_MARITIME,2026-04-06
2023-07-13,46,HFO,65.35,14.6,350.4,24,580.7646,0.75,Rough,FMS_MARITIME,2026-04-06
2023-07-14,46,VLSFO,70.83,10.1,242.4,24,909.92,0.61,Moderate,FMS_MARITIME,2026-04-06
2023-07-15,46,LNG,79.28,8.4,201.6,24,1224.5929,0.77,Moderate,FMS_MARITIME,2026-04-06
2023-07-16,46,LNG,79.0,10.2,244.8,24,1004.9265,0.65,Calm,FMS_MARITIME,2026-04-06
2023-07-17,46,HFO,52.15,9.5,228.0,24,712.2592,0.7,Moderate,FMS_MARITIME,2026-04-06
2023-07-18,46,LSMGO,36.77,9.6,230.4,24,496.9695,0.73,Calm,FMS_MARITIME,2026-04-06
2023-07-19,46,LSMGO,65.46,9.1,218.4,24,933.3445,0.88,Calm,FMS_MARITIME,2026-04-06
2023-07-20,46,VLSFO,15.27,14.8,355.2,24,133.8704,0.77,Calm,FMS_MARITIME,2026-04-06
2023-07-21,46,VLSFO,39.35,8.4,201.6,24,607.817,0.41,Calm,FMS_MARITIME,2026-04-06
2023-07-22,46,LNG,50.88,13.6,326.4,24,485.4176,0.77,Calm,FMS_MARITIME,2026-04-06
2023-07-23,46,MGO,36.97,15.7,376.8,24,305.5323,0.75,Calm,FMS_MARITIME,2026-04-06
2023-07-24,46,MGO,81.54,11.5,276.0,24,919.9839,0.41,Calm,FMS_MARITIME,2026-04-06
2023-07-25,46,LNG,15.19,17.2,412.8,24,114.5874,0.44,Rough,FMS_MARITIME,2026-04-06
2023-07-26,46,LNG,32.04,13.8,331.2,24,301.2457,0.45,Calm,FMS_MARITIME,2026-04-06
2023-07-27,46,MGO,31.33,11.0,264.0,24,369.5516,0.78,Moderate,FMS_MARITIME,2026-04-06
2023-07-28,46,LNG,26.33,9.9,237.6,24,345.0826,0.64,Calm,FMS_MARITIME,2026-04-06
2023-07-28,46,LSMGO,61.52,14.9,357.6,24,535.7195,0.42,Calm,FMS_MARITIME,2026-04-06
2023-07-28,46,LNG,54.4,10.2,244.8,24,692.0,0.74,Rough,FMS_MARITIME,2026-04-06
2023-07-01,47,MGO,27.94,16.6,398.4,24,218.3864,0.76,Moderate,FMS_MARITIME,2026-04-06
2023-07-02,47,MGO,43.1,16.1,386.4,24,347.3432,0.58,Rough,FMS_MARITIME,2026-04-06
2023-07-03,47,HFO,17.36,12.5,300.0,24,180.1968,0.7,Moderate,FMS_MARITIME,2026-04-06
2023-07-04,47,LSMGO,29.92,16.3,391.2,24,238.1669,0.68,Moderate,FMS_MARITIME,2026-04-06
2023-07-05,47,LSMGO,16.14,12.2,292.8,24,171.6529,0.45,Rough,FMS_MARITIME,2026-04-06
2023-07-06,47,VLSFO,27.96,10.2,244.8,24,355.6676,0.66,Rough,FMS_MARITIME,2026-04-06
2023-07-07,47,MGO,74.57,8.4,201.6,24,1151.8402,0.62,Moderate,FMS_MARITIME,2026-04-06
2023-07-08,47,VLSFO,35.78,12.5,300.0,24,371.3964,0.7,Moderate,FMS_MARITIME,2026-04-06
2023-07-09,47,LSMGO,20.74,13.9,333.6,24,193.5982,0.62,Calm,FMS_MARITIME,2026-04-06
2023-07-10,47,LNG,37.75,17.9,429.6,24,273.6348,0.88,Moderate,FMS_MARITIME,2026-04-06
2023-07-11,47,VLSFO,27.42,9.4,225.6,24,378.4835,0.49,Rough,FMS_MARITIME,2026-04-06
2023-07-12,47,HFO,50.17,17.7,424.8,24,367.7716,0.88,Calm,FMS_MARITIME,2026-04-06
2023-07-13,47,MGO,83.59,17.5,420.0,24,619.7601,0.43,Calm,FMS_MARITIME,2026-04-06
2023-07-14,47,HFO,57.36,11.0,264.0,24,676.5873,0.9,Calm,FMS_MARITIME,2026-04-06
2023-07-15,47,HFO,16.96,8.5,204.0,24,258.8894,0.99,Rough,FMS_MARITIME,2026-04-06
2023-07-16,47,MGO,61.66,12.6,302.4,24,634.9512,0.91,Rough,FMS_MARITIME,2026-04-06
2023-07-17,47,MGO,41.79,10.6,254.4,24,511.5333,0.4,Rough,FMS_MARITIME,2026-04-06
2023-07-18,47,VLSFO,70.71,9.8,235.2,24,936.186,0.81,Calm,FMS_MARITIME,2026-04-06
2023-07-19,47,MGO,15.46,11.2,268.8,24,179.1013,0.78,Rough,FMS_MARITIME,2026-04-06
2023-07-20,47,VLSFO,27.03,17.7,424.8,24,198.1436,0.79,Calm,FMS_MARITIME,2026-04-06
2023-07-21,47,VLSFO,78.9,11.5,276.0,24,890.1978,0.86,Calm,FMS_MARITIME,2026-04-06
2023-07-22,47,HFO,43.39,9.2,220.8,24,611.9405,0.51,Calm,FMS_MARITIME,2026-04-06
2023-07-23,47,LSMGO,47.55,15.8,379.2,24,390.4818,0.91,Rough,FMS_MARITIME,2026-04-06
2023-07-24,47,LSMGO,72.1,9.3,223.2,24,1005.9113,0.83,Moderate,FMS_MARITIME,2026-04-06
2023-07-25,47,LSMGO,81.95,17.6,422.4,24,604.1484,0.71,Rough,FMS_MARITIME,2026-04-06
2023-07-26,47,LSMGO,80.85,9.2,220.8,24,1140.2486,0.85,Calm,FMS_MARITIME,2026-04-06
2023-07-27,47,LNG,51.94,8.1,194.4,24,832.0019,0.98,Calm,FMS_MARITIME,2026-04-06
2023-07-28,47,MGO,70.56,9.3,223.2,24,984.4258,0.78,Calm,FMS_MARITIME,2026-04-06
2023-07-28,47,VLSFO,58.91,15.4,369.6,24,496.3359,0.85,Moderate,FMS_MARITIME,2026-04-06
2023-07-28,47,LSMGO,80.94,12.8,307.2,24,820.466,0.75,Moderate,FMS_MARITIME,2026-04-06
2023-07-01,48,HFO,23.06,10.4,249.6,24,287.6957,0.68,Rough,FMS_MARITIME,2026-04-06
2023-07-02,48,VLSFO,80.39,15.9,381.6,24,656.0127,0.77,Calm,FMS_MARITIME,2026-04-06
2023-07-03,48,VLSFO,73.36,13.9,333.6,24,684.7813,0.57,Calm,FMS_MARITIME,2026-04-06
2023-07-04,48,MGO,62.1,16.5,396.0,24,488.3318,0.97,Calm,FMS_MARITIME,2026-04-06
2023-07-05,48,HFO,69.37,13.7,328.8,24,656.9896,0.99,Moderate,FMS_MARITIME,2026-04-06
2023-07-06,48,HFO,30.29,8.5,204.0,24,462.3679,0.58,Calm,FMS_MARITIME,2026-04-06
2023-07-07,48,HFO,32.74,13.4,321.6,24,317.016,0.59,Calm,FMS_MARITIME,2026-04-06
2023-07-08,48,LNG,72.17,14.1,338.4,24,664.1176,0.63,Rough,FMS_MARITIME,2026-04-06
2023-07-09,48,VLSFO,26.71,8.9,213.6,24,389.3958,0.88,Moderate,FMS_MARITIME,2026-04-06
2023-07-10,48,HFO,81.56,14.1,338.4,24,750.5255,0.92,Calm,FMS_MARITIME,2026-04-06
2023-07-11,48,LNG,21.55,8.3,199.2,24,336.881,0.79,Moderate,FMS_MARITIME,2026-04-06
2023-07-12,48,HFO,75.69,16.8,403.2,24,584.5701,1.0,Moderate,FMS_MARITIME,2026-04-06
2023-07-13,48,MGO,20.22,15.8,379.2,24,166.0472,0.41,Calm,FMS_MARITIME,2026-04-06
2023-07-14,48,MGO,61.11,8.5,204.0,24,932.8262,0.67,Calm,FMS_MARITIME,2026-04-06
2023-07-15,48,LNG,25.14,17.0,408.0,24,191.8774,0.91,Rough,FMS_MARITIME,2026-04-06
2023-07-16,48,MGO,78.66,12.4,297.6,24,823.0754,0.6,Moderate,FMS_MARITIME,2026-04-06
2023-07-17,48,MGO,59.34,9.0,216.0,24,855.485,0.73,Rough,FMS_MARITIME,2026-04-06
2023-07-18,48,LSMGO,49.73,13.2,316.8,24,488.8233,0.57,Calm,FMS_MARITIME,2026-04-06
2023-07-19,48,LNG,78.03,9.5,228.0,24,1065.7255,0.98,Moderate,FMS_MARITIME,2026-04-06
2023-07-20,48,LSMGO,39.63,10.7,256.8,24,480.56,0.46,Moderate,FMS_MARITIME,2026-04-06
2023-07-21,48,HFO,29.95,15.0,360.0,24,259.0675,0.58,Moderate,FMS_MARITIME,2026-04-06
2023-07-22,48,VLSFO,74.63,9.7,232.8,24,998.2724,0.94,Calm,FMS_MARITIME,2026-04-06
2023-07-23,48,HFO,80.01,15.6,374.4,24,665.4678,0.62,Calm,FMS_MARITIME,2026-04-06
2023-07-24,48,LSMGO,73.15,13.8,331.2,24,687.769,0.41,Moderate,FMS_MARITIME,2026-04-06
2023-07-25,48,HFO,46.09,10.9,261.6,24,548.6401,0.52,Rough,FMS_MARITIME,2026-04-06
2023-07-26,48,HFO,42.72,9.1,218.4,24,609.1121,0.78,Moderate,FMS_MARITIME,2026-04-06
2023-07-27,48,HFO,18.32,12.5,300.0,24,190.1616,0.76,Rough,FMS_MARITIME,2026-04-06
2023-07-28,48,VLSFO,33.19,15.8,379.2,24,272.5571,0.59,Moderate,FMS_MARITIME,2026-04-06
2023-07-28,48,MGO,61.89,17.9,429.6,24,448.6161,0.59,Calm,FMS_MARITIME,2026-04-06
2023-07-28,48,VLSFO,54.03,17.3,415.2,24,405.225,0.92,Rough,FMS_MARITIME,2026-04-06
2023-07-01,49,MGO,65.03,15.0,360.0,24,562.5095,0.41,Moderate,FMS_MARITIME,2026-04-06
2023-07-02,49,VLSFO,16.22,17.6,422.4,24,119.5764,0.62,Rough,FMS_MARITIME,2026-04-06
2023-07-03,49,MGO,71.86,9.2,220.8,24,1013.4603,0.94,Rough,FMS_MARITIME,2026-04-06
2023-07-04,49,LNG,76.27,8.5,204.0,24,1164.2391,0.67,Moderate,FMS_MARITIME,2026-04-06
2023-07-05,49,LSMGO,25.62,12.7,304.8,24,261.7476,0.77,Moderate,FMS_MARITIME,2026-04-06
2023-07-06,49,LSMGO,43.17,13.0,312.0,24,430.8698,0.6,Rough,FMS_MARITIME,2026-04-06
2023-07-07,49,LNG,26.01,10.5,252.0,24,321.4093,0.85,Calm,FMS_MARITIME,2026-04-06
2023-07-08,49,MGO,39.25,15.5,372.0,24,328.5605,0.44,Rough,FMS_MARITIME,2026-04-06
2023-07-09,49,HFO,79.34,8.2,196.8,24,1255.4104,0.52,Calm,FMS_MARITIME,2026-04-06
2023-07-10,49,VLSFO,48.21,13.2,316.8,24,473.8824,0.72,Rough,FMS_MARITIME,2026-04-06
2023-07-11,49,VLSFO,32.56,14.8,355.2,24,285.45,0.68,Rough,FMS_MARITIME,2026-04-06
2023-07-12,49,LSMGO,67.96,14.4,345.6,24,612.3479,0.5,Calm,FMS_MARITIME,2026-04-06
2023-07-13,49,LSMGO,46.24,15.2,364.8,24,394.7132,0.88,Rough,FMS_MARITIME,2026-04-06
2023-07-14,49,HFO,69.52,9.0,216.0,24,1002.2467,0.46,Moderate,FMS_MARITIME,2026-04-06
2023-07-15,49,LSMGO,56.28,15.2,364.8,24,480.4164,0.59,Calm,FMS_MARITIME,2026-04-06
2023-07-16,49,MGO,61.84,15.4,369.6,24,521.0221,0.99,Calm,FMS_MARITIME,2026-04-06
2023-07-17,49,LNG,39.33,11.1,266.4,24,459.7358,0.48,Calm,FMS_MARITIME,2026-04-06
2023-07-18,49,MGO,60.95,11.9,285.6,24,664.5599,0.76,Rough,FMS_MARITIME,2026-04-06
2023-07-19,49,VLSFO,24.01,10.3,247.2,24,302.4561,0.79,Calm,FMS_MARITIME,2026-04-06
2023-07-20,49,LNG,39.91,12.3,295.2,24,421.0018,0.49,Moderate,FMS_MARITIME,2026-04-06
2023-07-21,49,HFO,67.32,12.6,302.4,24,693.2357,0.85,Calm,FMS_MARITIME,2026-04-06
2023-07-22,49,HFO,69.36,13.2,316.8,24,681.7773,0.82,Rough,FMS_MARITIME,2026-04-06
2023-07-23,49,LSMGO,48.75,10.3,247.2,24,614.108,0.67,Moderate,FMS_MARITIME,2026-04-06
2023-07-24,49,HFO,26.84,11.1,266.4,24,313.7378,0.64,Rough,FMS_MARITIME,2026-04-06
2023-07-25,49,VLSFO,41.0,8.4,201.6,24,633.3036,0.44,Rough,FMS_MARITIME,2026-04-06
2023-07-26,49,HFO,74.47,13.6,326.4,24,710.4767,0.4,Rough,FMS_MARITIME,2026-04-06
2023-07-27,49,MGO,60.18,11.0,264.0,24,709.8505,0.67,Moderate,FMS_MARITIME,2026-04-06
2023-07-28,49,HFO,67.24,14.8,355.2,24,589.4858,0.46,Calm,FMS_MARITIME,2026-04-06
2023-07-28,49,VLSFO,24.88,15.8,379.2,24,204.3152,0.41,Moderate,FMS_MARITIME,2026-04-06
2023-07-28,49,MGO,19.07,16.7,400.8,24,148.1636,0.96,Calm,FMS_MARITIME,2026-04-06
2023-07-01,50,LSMGO,77.83,13.2,316.8,24,765.0335,0.55,Rough,FMS_MARITIME,2026-04-06
2023-07-02,50,MGO,41.84,10.8,259.2,24,502.6611,0.88,Rough,FMS_MARITIME,2026-04-06
2023-07-03,50,VLSFO,77.75,11.1,266.4,24,908.8345,0.62,Rough,FMS_MARITIME,2026-04-06
2023-07-04,50,LNG,17.28,14.3,343.2,24,156.7888,0.65,Calm,FMS_MARITIME,2026-04-06
2023-07-05,50,HFO,84.49,12.0,288.0,24,913.5481,0.4,Moderate,FMS_MARITIME,2026-04-06
2023-07-06,50,VLSFO,27.34,12.6,302.4,24,281.5369,0.95,Moderate,FMS_MARITIME,2026-04-06
2023-07-07,50,MGO,21.6,15.5,372.0,24,180.8129,0.66,Moderate,FMS_MARITIME,2026-04-06
2023-07-08,50,VLSFO,80.32,8.6,206.4,24,1211.8047,0.92,Moderate,FMS_MARITIME,2026-04-06
2023-07-09,50,MGO,58.33,9.0,216.0,24,840.9242,0.84,Rough,FMS_MARITIME,2026-04-06
2023-07-10,50,MGO,64.58,11.2,268.8,24,748.1478,0.81,Calm,FMS_MARITIME,2026-04-06
2023-07-11,50,VLSFO,22.33,8.0,192.0,24,362.1647,0.69,Moderate,FMS_MARITIME,2026-04-06
2023-07-12,50,MGO,20.25,10.2,244.8,24,257.5919,0.76,Rough,FMS_MARITIME,2026-04-06
2023-07-13,50,LNG,60.41,17.8,427.2,24,440.3482,0.69,Moderate,FMS_MARITIME,2026-04-06
2023-07-14,50,MGO,46.48,9.7,232.8,24,621.7299,0.7,Moderate,FMS_MARITIME,2026-04-06
2023-07-15,50,MGO,58.86,16.7,400.8,24,457.3105,0.98,Moderate,FMS_MARITIME,2026-04-06
2023-07-16,50,LSMGO,23.43,10.7,256.8,24,284.1161,0.57,Calm,FMS_MARITIME,2026-04-06
2023-07-17,50,HFO,76.68,16.8,403.2,24,592.2161,0.61,Rough,FMS_MARITIME,2026-04-06
2023-07-18,50,VLSFO,16.84,14.0,336.0,24,156.0707,0.98,Rough,FMS_MARITIME,2026-04-06
2023-07-19,50,HFO,46.26,17.3,415.2,24,346.95,0.91,Rough,FMS_MARITIME,2026-04-06
2023-07-20,50,VLSFO,27.72,12.0,288.0,24,299.7225,0.89,Rough,FMS_MARITIME,2026-04-06
2023-07-21,50,LNG,80.32,13.8,331.2,24,755.1826,0.65,Rough,FMS_MARITIME,2026-04-06
2023-07-22,50,LSMGO,37.08,15.6,374.4,24,308.4058,0.92,Moderate,FMS_MARITIME,2026-04-06
2023-07-23,50,LNG,61.05,15.7,376.8,24,504.5374,0.85,Moderate,FMS_MARITIME,2026-04-06
2023-07-24,50,MGO,67.04,15.5,372.0,24,561.1897,0.52,Rough,FMS_MARITIME,2026-04-06
2023-07-25,50,MGO,84.19,11.3,271.2,24,966.6949,0.68,Moderate,FMS_MARITIME,2026-04-06
2023-07-26,50,MGO,33.53,8.0,192.0,24,543.8147,0.47,Moderate,FMS_MARITIME,2026-04-06
2023-07-27,50,MGO,79.64,14.2,340.8,24,727.6965,0.57,Moderate,FMS_MARITIME,2026-04-06
2023-07-28,50,VLSFO,53.29,9.5,228.0,24,727.8292,0.96,Moderate,FMS_MARITIME,2026-04-06
2023-07-28,50,HFO,73.02,9.4,225.6,24,1007.909,0.52,Rough,FMS_MARITIME,2026-04-06
2023-07-28,50,VLSFO,37.77,9.7,232.8,24,505.2224,0.66,Rough,FMS_MARITIME,2026-04-06
2023-07-01,51,VLSFO,27.68,13.6,326.4,24,264.0794,0.52,Rough,FMS_MARITIME,2026-04-06
2023-07-02,51,MGO,53.16,13.4,321.6,24,514.7396,0.99,Calm,FMS_MARITIME,2026-04-06
2023-07-03,51,VLSFO,33.04,9.5,228.0,24,451.2568,0.9,Moderate,FMS_MARITIME,2026-04-06
2023-07-04,51,LNG,31.31,13.0,312.0,24,312.4979,0.49,Moderate,FMS_MARITIME,2026-04-06
2023-07-05,51,LSMGO,44.92,14.2,340.8,24,410.4486,0.62,Calm,FMS_MARITIME,2026-04-06
2023-07-06,51,MGO,38.76,15.3,367.2,24,328.7,0.83,Rough,FMS_MARITIME,2026-04-06
2023-07-07,51,HFO,62.23,11.5,276.0,24,702.1167,0.45,Rough,FMS_MARITIME,2026-04-06
2023-07-08,51,HFO,48.85,14.5,348.0,24,437.1233,0.95,Rough,FMS_MARITIME,2026-04-06
2023-07-09,51,HFO,63.73,8.2,196.8,24,1008.4107,0.61,Rough,FMS_MARITIME,2026-04-06
2023-07-10,51,LNG,45.14,8.4,201.6,24,697.2518,0.62,Rough,FMS_MARITIME,2026-04-06
2023-07-11,51,HFO,21.54,8.0,192.0,24,349.3519,0.41,Calm,FMS_MARITIME,2026-04-06
2023-07-12,51,HFO,18.19,11.9,285.6,24,198.3321,0.4,Moderate,FMS_MARITIME,2026-04-06
2023-07-13,51,HFO,24.53,16.4,393.6,24,194.0712,0.98,Rough,FMS_MARITIME,2026-04-06
2023-07-14,51,VLSFO,76.78,10.0,240.0,24,996.2205,0.45,Rough,FMS_MARITIME,2026-04-06
2023-07-15,51,MGO,59.07,12.9,309.6,24,594.1343,0.6,Moderate,FMS_MARITIME,2026-04-06
2023-07-16,51,HFO,75.64,9.6,230.4,24,1022.3219,0.71,Calm,FMS_MARITIME,2026-04-06
2023-07-17,51,LNG,16.41,9.9,237.6,24,215.0705,0.93,Rough,FMS_MARITIME,2026-04-06
2023-07-18,51,MGO,39.92,13.5,324.0,24,383.6756,0.44,Moderate,FMS_MARITIME,2026-04-06
2023-07-19,51,MGO,80.23,14.7,352.8,24,708.1526,0.99,Calm,FMS_MARITIME,2026-04-06
2023-07-20,51,HFO,40.7,13.3,319.2,24,397.0545,0.98,Rough,FMS_MARITIME,2026-04-06
2023-07-21,51,LNG,75.13,10.9,261.6,24,894.3227,0.64,Moderate,FMS_MARITIME,2026-04-06
2023-07-22,51,LNG,70.42,17.8,427.2,24,513.3143,0.4,Moderate,FMS_MARITIME,2026-04-06
2023-07-23,51,HFO,71.91,10.3,247.2,24,905.8566,0.89,Calm,FMS_MARITIME,2026-04-06
2023-07-24,51,HFO,28.78,14.2,340.8,24,262.9722,0.43,Calm,FMS_MARITIME,2026-04-06
2023-07-25,51,MGO,18.31,14.9,357.6,24,159.4445,0.44,Moderate,FMS_MARITIME,2026-04-06
2023-07-26,51,HFO,35.43,12.4,297.6,24,370.7292,0.49,Rough,FMS_MARITIME,2026-04-06
2023-07-27,51,VLSFO,61.0,17.6,422.4,24,449.7017,0.94,Rough,FMS_MARITIME,2026-04-06
2023-07-28,51,HFO,30.76,13.0,312.0,24,307.0085,0.63,Moderate,FMS_MARITIME,2026-04-06
2023-07-28,51,HFO,63.9,9.7,232.8,24,854.7448,0.88,Rough,FMS_MARITIME,2026-04-06
2023-07-28,51,HFO,71.55,16.7,400.8,24,555.9049,0.44,Calm,FMS_MARITIME,2026-04-06
2023-07-01,52,MGO,60.93,10.8,259.2,24,732.0063,0.55,Moderate,FMS_MARITIME,2026-04-06
2023-07-02,52,LSMGO,22.74,12.3,295.2,24,239.8793,0.64,Rough,FMS_MARITIME,2026-04-06
2023-07-03,52,HFO,58.32,14.1,338.4,24,536.6681,0.55,Moderate,FMS_MARITIME,2026-04-06
2023-07-04,52,HFO,53.08,15.9,381.6,24,433.1528,0.69,Calm,FMS_MARITIME,2026-04-06
2023-07-05,52,LNG,29.29,14.5,348.0,24,262.095,0.53,Rough,FMS_MARITIME,2026-04-06
2023-07-06,52,MGO,42.91,14.4,345.6,24,386.637,0.84,Calm,FMS_MARITIME,2026-04-06
2023-07-07,52,LNG,52.28,11.5,276.0,24,589.8548,0.54,Moderate,FMS_MARITIME,2026-04-06
2023-07-08,52,MGO,23.9,15.7,376.8,24,197.5175,0.5,Moderate,FMS_MARITIME,2026-04-06
2023-07-09,52,LNG,46.54,9.1,218.4,24,663.5786,0.69,Calm,FMS_MARITIME,2026-04-06
2023-07-10,52,LSMGO,83.32,11.4,273.6,24,948.3132,0.55,Moderate,FMS_MARITIME,2026-04-06
2023-07-11,52,MGO,27.12,8.1,194.4,24,434.4222,0.65,Moderate,FMS_MARITIME,2026-04-06
2023-07-12,52,VLSFO,38.68,13.8,331.2,24,363.6761,0.88,Calm,FMS_MARITIME,2026-04-06
2023-07-13,52,LSMGO,24.41,16.2,388.8,24,195.506,0.78,Moderate,FMS_MARITIME,2026-04-06
2023-07-14,52,LNG,24.39,9.7,232.8,24,326.2477,0.8,Moderate,FMS_MARITIME,2026-04-06
2023-07-15,52,VLSFO,80.83,12.6,302.4,24,832.3565,0.68,Rough,FMS_MARITIME,2026-04-06
2023-07-16,52,HFO,42.22,8.5,204.0,24,644.4759,0.93,Calm,FMS_MARITIME,2026-04-06
2023-07-17,52,MGO,66.4,17.1,410.4,24,503.8246,0.62,Calm,FMS_MARITIME,2026-04-06
2023-07-18,52,LNG,74.06,13.3,319.2,24,722.5026,0.87,Rough,FMS_MARITIME,2026-04-06
2023-07-19,52,LNG,70.9,10.5,252.0,24,876.1214,0.72,Calm,FMS_MARITIME,2026-04-06
2023-07-20,52,LNG,38.53,10.6,254.4,24,471.629,0.92,Rough,FMS_MARITIME,2026-04-06
2023-07-21,52,LSMGO,27.08,9.8,235.2,24,358.5337,0.88,Rough,FMS_MARITIME,2026-04-06
2023-07-22,52,HFO,32.65,15.7,376.8,24,269.8304,0.68,Calm,FMS_MARITIME,2026-04-06
2023-07-23,52,HFO,35.24,10.7,256.8,24,427.3262,0.64,Rough,FMS_MARITIME,2026-04-06
2023-07-24,52,LSMGO,82.74,8.5,204.0,24,1263.0018,0.57,Moderate,FMS_MARITIME,2026-04-06
2023-07-25,52,VLSFO,83.93,8.1,194.4,24,1344.4343,0.94,Rough,FMS_MARITIME,2026-04-06
2023-07-26,52,LSMGO,59.68,14.0,336.0,24,553.1057,0.53,Calm,FMS_MARITIME,2026-04-06
2023-07-27,52,VLSFO,62.21,10.2,244.8,24,791.3478,0.55,Calm,FMS_MARITIME,2026-04-06
2023-07-28,52,LNG,74.11,15.0,360.0,24,641.0515,0.91,Rough,FMS_MARITIME,2026-04-06
2023-07-28,52,VLSFO,79.32,13.3,319.2,24,773.8173,0.49,Calm,FMS_MARITIME,2026-04-06
2023-07-28,52,LNG,49.57,14.1,338.4,24,456.1495,0.96,Rough,FMS_MARITIME,2026-04-06
2023-07-01,53,LNG,32.06,14.7,352.8,24,282.9786,0.75,Rough,FMS_MARITIME,2026-04-06
2023-07-02,53,HFO,57.44,9.4,225.6,24,792.8553,0.52,Moderate,FMS_MARITIME,2026-04-06
2023-07-03,53,MGO,32.24,8.6,206.4,24,486.4116,0.53,Moderate,FMS_MARITIME,2026-04-06
2023-07-04,53,MGO,70.75,11.3,271.2,24,812.3728,0.97,Calm,FMS_MARITIME,2026-04-06
2023-07-05,53,LNG,27.74,16.9,405.6,24,212.9743,0.96,Rough,FMS_MARITIME,2026-04-06
2023-07-06,53,VLSFO,46.08,15.7,376.8,24,380.8204,0.63,Moderate,FMS_MARITIME,2026-04-06
2023-07-07,53,LSMGO,80.51,12.5,300.0,24,835.6938,0.42,Moderate,FMS_MARITIME,2026-04-06
2023-07-08,53,LSMGO,39.5,14.5,348.0,24,353.4569,0.87,Calm,FMS_MARITIME,2026-04-06
2023-07-09,53,VLSFO,18.92,14.6,350.4,24,168.1418,0.94,Rough,FMS_MARITIME,2026-04-06
2023-07-10,53,LSMGO,80.08,15.5,372.0,24,670.3471,0.69,Moderate,FMS_MARITIME,2026-04-06
2023-07-11,53,LNG,31.12,11.6,278.4,24,348.0879,0.49,Calm,FMS_MARITIME,2026-04-06
2023-07-12,53,LSMGO,65.56,17.9,429.6,24,475.2184,0.79,Moderate,FMS_MARITIME,2026-04-06
2023-07-13,53,VLSFO,65.79,11.8,283.2,24,723.4112,0.74,Calm,FMS_MARITIME,2026-04-06
2023-07-14,53,LNG,47.49,10.4,249.6,24,592.4834,0.62,Moderate,FMS_MARITIME,2026-04-06
2023-07-15,53,MGO,39.94,16.1,386.4,24,321.8767,0.72,Rough,FMS_MARITIME,2026-04-06
2023-07-16,53,LSMGO,50.44,15.1,362.4,24,433.4166,0.93,Calm,FMS_MARITIME,2026-04-06
2023-07-17,53,HFO,66.66,9.1,218.4,24,950.4544,0.86,Calm,FMS_MARITIME,2026-04-06
2023-07-18,53,HFO,38.14,12.1,290.4,24,408.9806,0.62,Rough,FMS_MARITIME,2026-04-06
2023-07-19,53,HFO,61.67,15.9,381.6,24,503.2505,0.93,Rough,FMS_MARITIME,2026-04-06
2023-07-20,53,LNG,46.44,13.9,333.6,24,433.4957,0.74,Calm,FMS_MARITIME,2026-04-06
2023-07-21,53,MGO,38.17,16.0,384.0,24,309.5348,0.57,Moderate,FMS_MARITIME,2026-04-06
2023-07-22,53,VLSFO,16.49,16.6,398.4,24,128.8902,0.86,Moderate,FMS_MARITIME,2026-04-06
2023-07-23,53,LNG,35.3,16.3,391.2,24,280.9923,0.81,Rough,FMS_MARITIME,2026-04-06
2023-07-24,53,MGO,31.68,16.4,393.6,24,250.639,0.79,Moderate,FMS_MARITIME,2026-04-06
2023-07-25,53,HFO,49.16,11.1,266.4,24,574.6405,0.75,Moderate,FMS_MARITIME,2026-04-06
2023-07-26,53,HFO,39.16,15.0,360.0,24,338.734,0.94,Rough,FMS_MARITIME,2026-04-06
2023-07-27,53,LSMGO,72.03,10.8,259.2,24,865.3604,0.77,Calm,FMS_MARITIME,2026-04-06
2023-07-28,53,HFO,57.42,17.2,412.8,24,433.1538,0.96,Rough,FMS_MARITIME,2026-04-06
2023-07-28,53,MGO,57.63,13.8,331.2,24,541.8473,0.83,Rough,FMS_MARITIME,2026-04-06
2023-07-28,53,LSMGO,54.36,13.4,321.6,24,526.359,0.96,Moderate,FMS_MARITIME,2026-04-06
2023-07-01,54,LNG,51.56,17.3,415.2,24,386.7,0.58,Rough,FMS_MARITIME,2026-04-06
2023-07-02,54,HFO,25.18,17.1,410.4,24,191.0588,0.7,Calm,FMS_MARITIME,2026-04-06
2023-07-03,54,LSMGO,65.28,9.3,223.2,24,910.7613,0.78,Moderate,FMS_MARITIME,2026-04-06
2023-07-04,54,MGO,18.75,16.2,388.8,24,150.1736,0.84,Moderate,FMS_MARITIME,2026-04-06
2023-07-05,54,HFO,53.46,14.3,343.2,24,485.0654,0.56,Moderate,FMS_MARITIME,2026-04-06
2023-07-06,54,VLSFO,42.19,15.2,364.8,24,360.1416,0.91,Moderate,FMS_MARITIME,2026-04-06
2023-07-07,54,MGO,69.7,10.9,261.6,24,829.6858,0.58,Rough,FMS_MARITIME,2026-04-06
2023-07-08,54,HFO,57.65,15.2,364.8,24,492.111,0.81,Calm,FMS_MARITIME,2026-04-06
2023-07-09,54,MGO,68.07,9.5,228.0,24,929.6929,0.49,Rough,FMS_MARITIME,2026-04-06
2023-07-10,54,LSMGO,57.8,13.0,312.0,24,576.8885,0.52,Moderate,FMS_MARITIME,2026-04-06
2023-07-11,54,MGO,24.13,12.9,309.6,24,242.7029,0.75,Calm,FMS_MARITIME,2026-04-06
2023-07-12,54,LNG,26.48,11.5,276.0,24,298.7635,0.77,Rough,FMS_MARITIME,2026-04-06
2023-07-13,54,MGO,66.6,17.1,410.4,24,505.3421,0.87,Calm,FMS_MARITIME,2026-04-06
2023-07-14,54,LNG,67.28,13.1,314.4,24,666.3802,0.67,Calm,FMS_MARITIME,2026-04-06
2023-07-15,54,LNG,53.43,8.9,213.6,24,778.9374,0.51,Rough,FMS_MARITIME,2026-04-06
2023-07-16,54,LSMGO,19.62,15.6,374.4,24,163.1856,0.62,Rough,FMS_MARITIME,2026-04-06
2023-07-17,54,LNG,84.64,11.5,276.0,24,954.96,0.77,Rough,FMS_MARITIME,2026-04-06
2023-07-18,54,LSMGO,19.02,8.4,201.6,24,293.7911,0.68,Calm,FMS_MARITIME,2026-04-06
2023-07-19,54,MGO,76.15,14.1,338.4,24,700.742,0.89,Rough,FMS_MARITIME,2026-04-06
2023-07-20,54,MGO,23.02,13.3,319.2,24,224.5748,0.53,Rough,FMS_MARITIME,2026-04-06
2023-07-21,54,VLSFO,75.06,17.3,415.2,24,562.95,0.91,Moderate,FMS_MARITIME,2026-04-06
2023-07-22,54,MGO,70.73,12.8,307.2,24,716.9701,0.85,Rough,FMS_MARITIME,2026-04-06
2023-07-23,54,MGO,82.35,14.2,340.8,24,752.4586,0.55,Moderate,FMS_MARITIME,2026-04-06
2023-07-24,54,VLSFO,46.38,15.7,376.8,24,383.2997,0.75,Moderate,FMS_MARITIME,2026-04-06
2023-07-25,54,LSMGO,20.67,14.6,350.4,24,183.694,0.73,Calm,FMS_MARITIME,2026-04-06
2023-07-26,54,HFO,15.13,11.1,266.4,24,176.8574,0.52,Moderate,FMS_MARITIME,2026-04-06
2023-07-27,54,VLSFO,73.47,17.2,412.8,24,554.2286,0.68,Moderate,FMS_MARITIME,2026-04-06
2023-07-28,54,MGO,58.73,15.5,372.0,24,491.6269,0.71,Calm,FMS_MARITIME,2026-04-06
2023-07-28,54,MGO,66.42,17.9,429.6,24,481.4522,0.47,Calm,FMS_MARITIME,2026-04-06
2023-07-28,54,LSMGO,66.21,17.7,424.8,24,485.353,0.99,Rough,FMS_MARITIME,2026-04-06
2023-07-01,55,VLSFO,27.74,17.9,429.6,24,201.0763,0.74,Calm,FMS_MARITIME,2026-04-06
2023-07-02,55,VLSFO,39.75,16.8,403.2,24,306.9978,0.48,Calm,FMS_MARITIME,2026-04-06
2023-07-03,55,LSMGO,41.59,10.9,261.6,24,495.0736,0.81,Moderate,FMS_MARITIME,2026-04-06
2023-07-04,55,LSMGO,20.73,11.7,280.8,24,229.8904,0.4,Rough,FMS_MARITIME,2026-04-06
2023-07-05,55,VLSFO,57.71,17.1,410.4,24,437.8873,0.94,Calm,FMS_MARITIME,2026-04-06
2023-07-06,55,VLSFO,26.17,16.8,403.2,24,202.1165,0.65,Rough,FMS_MARITIME,2026-04-06
2023-07-07,55,LNG,17.14,15.1,362.4,24,147.2791,0.7,Calm,FMS_MARITIME,2026-04-06
2023-07-08,55,LSMGO,55.76,10.0,240.0,24,723.486,0.48,Moderate,FMS_MARITIME,2026-04-06
2023-07-09,55,LNG,80.39,13.5,324.0,24,772.6372,0.7,Rough,FMS_MARITIME,2026-04-06
2023-07-10,55,MGO,59.76,9.4,225.6,24,824.8787,0.52,Calm,FMS_MARITIME,2026-04-06
2023-07-11,55,HFO,64.79,9.0,216.0,24,934.0558,0.69,Rough,FMS_MARITIME,2026-04-06
2023-07-12,55,MGO,47.92,10.4,249.6,24,597.8481,0.75,Moderate,FMS_MARITIME,2026-04-06
2023-07-13,55,VLSFO,53.41,11.7,280.8,24,592.3032,0.81,Rough,FMS_MARITIME,2026-04-06
2023-07-14,55,HFO,76.57,16.1,386.4,24,617.0781,0.45,Moderate,FMS_MARITIME,2026-04-06
2023-07-15,55,HFO,76.07,8.5,204.0,24,1161.1862,0.58,Moderate,FMS_MARITIME,2026-04-06
2023-07-16,55,LSMGO,19.16,14.5,348.0,24,171.449,0.91,Calm,FMS_MARITIME,2026-04-06
2023-07-17,55,MGO,81.57,16.2,388.8,24,653.3153,0.85,Calm,FMS_MARITIME,2026-04-06
2023-07-18,55,LSMGO,60.37,10.9,261.6,24,718.6245,0.43,Rough,FMS_MARITIME,2026-04-06
2023-07-19,55,VLSFO,20.72,12.0,288.0,24,224.035,0.41,Calm,FMS_MARITIME,2026-04-06
2023-07-20,55,HFO,63.69,12.3,295.2,24,671.8518,0.45,Calm,FMS_MARITIME,2026-04-06
2023-07-21,55,LSMGO,16.89,15.1,362.4,24,145.131,0.68,Moderate,FMS_MARITIME,2026-04-06
2023-07-22,55,VLSFO,21.07,12.1,290.4,24,225.9366,0.76,Moderate,FMS_MARITIME,2026-04-06
2023-07-23,55,LSMGO,30.57,11.6,278.4,24,341.936,0.85,Moderate,FMS_MARITIME,2026-04-06
2023-07-24,55,LSMGO,78.63,14.8,355.2,24,689.3407,0.72,Calm,FMS_MARITIME,2026-04-06
2023-07-25,55,LSMGO,22.95,11.2,268.8,24,265.8717,0.91,Rough,FMS_MARITIME,2026-04-06
2023-07-26,55,HFO,81.58,11.8,283.2,24,897.0343,0.86,Calm,FMS_MARITIME,2026-04-06
2023-07-27,55,LNG,77.94,9.5,228.0,24,1064.4963,0.93,Rough,FMS_MARITIME,2026-04-06
2023-07-28,55,HFO,34.25,9.0,216.0,24,493.7708,0.77,Moderate,FMS_MARITIME,2026-04-06
2023-07-28,55,HFO,42.34,9.0,216.0,24,610.4017,0.4,Rough,FMS_MARITIME,2026-04-06
2023-07-28,55,MGO,30.69,10.2,244.8,24,390.3949,0.61,Moderate,FMS_MARITIME,2026-04-06
2023-07-01,56,LNG,77.9,16.9,405.6,24,598.0784,0.91,Rough,FMS_MARITIME,2026-04-06
2023-07-02,56,MGO,44.31,12.0,288.0,24,479.1019,0.98,Calm,FMS_MARITIME,2026-04-06
2023-07-03,56,MGO,67.67,11.4,273.6,24,770.1914,0.83,Rough,FMS_MARITIME,2026-04-06
2023-07-04,56,LNG,70.61,15.7,376.8,24,583.5444,0.49,Rough,FMS_MARITIME,2026-04-06
2023-07-05,56,VLSFO,21.08,8.0,192.0,24,341.8912,0.72,Rough,FMS_MARITIME,2026-04-06
2023-07-06,56,LNG,42.28,14.9,357.6,24,368.1765,0.79,Moderate,FMS_MARITIME,2026-04-06
2023-07-07,56,MGO,66.79,11.5,276.0,24,753.5654,0.76,Calm,FMS_MARITIME,2026-04-06
2023-07-08,56,LNG,39.82,16.5,396.0,24,313.13,0.89,Calm,FMS_MARITIME,2026-04-06
2023-07-09,56,LSMGO,45.44,9.4,225.6,24,627.217,0.43,Rough,FMS_MARITIME,2026-04-06
2023-07-10,56,LSMGO,42.77,8.6,206.4,24,645.2799,0.85,Rough,FMS_MARITIME,2026-04-06
2023-07-11,56,LNG,16.93,17.7,424.8,24,124.1055,0.77,Rough,FMS_MARITIME,2026-04-06
2023-07-12,56,VLSFO,32.14,14.8,355.2,24,281.7679,0.53,Moderate,FMS_MARITIME,2026-04-06
2023-07-13,56,MGO,47.18,11.2,268.8,24,546.5719,0.69,Moderate,FMS_MARITIME,2026-04-06
2023-07-14,56,LNG,51.36,8.9,213.6,24,748.7596,0.9,Rough,FMS_MARITIME,2026-04-06
2023-07-15,56,LSMGO,77.68,17.1,410.4,24,589.414,0.73,Moderate,FMS_MARITIME,2026-04-06
2023-07-16,56,LNG,72.18,15.3,367.2,24,612.1147,0.6,Calm,FMS_MARITIME,2026-04-06
2023-07-17,56,LSMGO,24.33,8.6,206.4,24,367.0718,0.58,Rough,FMS_MARITIME,2026-04-06
2023-07-18,56,MGO,76.64,11.6,278.4,24,857.2448,0.66,Calm,FMS_MARITIME,2026-04-06
2023-07-19,56,LSMGO,32.01,13.3,319.2,24,312.278,0.5,Moderate,FMS_MARITIME,2026-04-06
2023-07-20,56,HFO,64.06,17.3,415.2,24,480.45,0.99,Calm,FMS_MARITIME,2026-04-06
2023-07-21,56,LSMGO,80.13,17.2,412.8,24,604.469,0.44,Rough,FMS_MARITIME,2026-04-06
2023-07-22,56,VLSFO,30.58,12.7,304.8,24,312.4217,0.89,Rough,FMS_MARITIME,2026-04-06
2023-07-23,56,VLSFO,36.28,8.3,199.2,24,567.1482,0.59,Moderate,FMS_MARITIME,2026-04-06
2023-07-24,56,MGO,64.8,9.2,220.8,24,913.8913,0.55,Calm,FMS_MARITIME,2026-04-06
2023-07-25,56,LSMGO,61.02,12.8,307.2,24,618.5426,0.59,Calm,FMS_MARITIME,2026-04-06
2023-07-26,56,LSMGO,63.59,15.7,376.8,24,525.5288,0.88,Calm,FMS_MARITIME,2026-04-06
2023-07-27,56,HFO,36.92,15.1,362.4,24,317.243,0.47,Calm,FMS_MARITIME,2026-04-06
2023-07-28,56,LNG,82.98,16.7,400.8,24,644.7099,0.94,Rough,FMS_MARITIME,2026-04-06
2023-07-28,56,HFO,82.53,16.6,398.4,24,645.0764,0.76,Rough,FMS_MARITIME,2026-04-06
2023-07-28,56,HFO,64.13,9.2,220.8,24,904.4421,0.64,Moderate,FMS_MARITIME,2026-04-06
2023-07-01,57,VLSFO,56.3,13.4,321.6,24,545.1437,0.45,Calm,FMS_MARITIME,2026-04-06
2023-07-02,57,VLSFO,49.43,9.5,228.0,24,675.1097,0.46,Moderate,FMS_MARITIME,2026-04-06
2023-07-03,57,LNG,73.97,8.9,213.6,24,1078.3829,0.65,Rough,FMS_MARITIME,2026-04-06
2023-07-04,57,LSMGO,74.45,16.5,396.0,24,585.4477,0.98,Calm,FMS_MARITIME,2026-04-06
2023-07-05,57,LNG,54.33,17.8,427.2,24,396.0291,0.99,Rough,FMS_MARITIME,2026-04-06
2023-07-06,57,VLSFO,39.02,17.4,417.6,24,290.9681,0.58,Rough,FMS_MARITIME,2026-04-06
2023-07-07,57,LNG,61.04,10.7,256.8,24,740.1813,0.78,Moderate,FMS_MARITIME,2026-04-06
2023-07-08,57,LNG,79.98,13.2,316.8,24,786.167,0.55,Moderate,FMS_MARITIME,2026-04-06
2023-07-09,57,LNG,81.42,9.5,228.0,24,1112.0258,0.84,Moderate,FMS_MARITIME,2026-04-06
2023-07-10,57,MGO,63.32,17.0,408.0,24,483.2806,0.43,Moderate,FMS_MARITIME,2026-04-06
2023-07-11,57,LSMGO,66.66,14.3,343.2,24,604.8346,0.88,Rough,FMS_MARITIME,2026-04-06
2023-07-12,57,MGO,42.96,11.5,276.0,24,484.7009,0.6,Rough,FMS_MARITIME,2026-04-06
2023-07-13,57,LSMGO,28.09,9.5,228.0,24,383.6503,0.95,Calm,FMS_MARITIME,2026-04-06
2023-07-14,57,LNG,77.25,12.7,304.8,24,789.2274,0.4,Moderate,FMS_MARITIME,2026-04-06
2023-07-15,57,MGO,71.27,16.3,391.2,24,567.3179,0.85,Calm,FMS_MARITIME,2026-04-06
2023-07-16,57,LNG,52.3,10.9,261.6,24,622.5619,0.63,Calm,FMS_MARITIME,2026-04-06
2023-07-17,57,VLSFO,78.38,9.5,228.0,24,1070.5058,0.49,Rough,FMS_MARITIME,2026-04-06
2023-07-18,57,MGO,64.73,14.1,338.4,24,595.6537,0.54,Rough,FMS_MARITIME,2026-04-06
2023-07-19,57,HFO,29.11,11.6,278.4,24,325.6054,0.58,Moderate,FMS_MARITIME,2026-04-06
2023-07-20,57,MGO,56.68,10.4,249.6,24,707.1375,0.45,Calm,FMS_MARITIME,2026-04-06
2023-07-21,57,LSMGO,73.93,13.3,319.2,24,721.2344,0.95,Rough,FMS_MARITIME,2026-04-06
2023-07-22,57,HFO,69.83,11.0,264.0,24,823.6766,0.67,Moderate,FMS_MARITIME,2026-04-06
2023-07-23,57,HFO,79.13,9.3,223.2,24,1103.9911,0.4,Calm,FMS_MARITIME,2026-04-06
2023-07-24,57,MGO,56.27,9.8,235.2,24,745.0033,0.56,Calm,FMS_MARITIME,2026-04-06
2023-07-25,57,LNG,53.3,16.2,388.8,24,426.8935,0.66,Calm,FMS_MARITIME,2026-04-06
2023-07-26,57,VLSFO,27.26,10.3,247.2,24,343.3966,0.81,Calm,FMS_MARITIME,2026-04-06
2023-07-27,57,HFO,80.76,11.1,266.4,24,944.0189,0.97,Calm,FMS_MARITIME,2026-04-06
2023-07-28,57,VLSFO,43.43,12.0,288.0,24,469.5869,0.54,Calm,FMS_MARITIME,2026-04-06
2023-07-28,57,VLSFO,40.27,13.4,321.6,24,389.9278,0.93,Moderate,FMS_MARITIME,2026-04-06
2023-07-28,57,LSMGO,53.64,14.4,345.6,24,483.3187,0.5,Rough,FMS_MARITIME,2026-04-06
2023-07-01,58,HFO,57.67,17.2,412.8,24,435.0397,0.81,Calm,FMS_MARITIME,2026-04-06
2023-07-02,58,LNG,34.76,8.9,213.6,24,506.7539,0.77,Moderate,FMS_MARITIME,2026-04-06
2023-07-03,58,VLSFO,48.19,17.1,410.4,24,365.6522,0.84,Rough,FMS_MARITIME,2026-04-06
2023-07-04,58,LNG,43.18,13.4,321.6,24,418.1049,0.54,Moderate,FMS_MARITIME,2026-04-06
2023-07-05,58,VLSFO,33.43,8.5,204.0,24,510.2991,0.56,Calm,FMS_MARITIME,2026-04-06
2023-07-06,58,LSMGO,38.11,15.2,364.8,24,325.314,0.49,Calm,FMS_MARITIME,2026-04-06
2023-07-07,58,LNG,15.94,16.5,396.0,24,125.3464,0.82,Moderate,FMS_MARITIME,2026-04-06
2023-07-08,58,LNG,40.61,15.8,379.2,24,333.4903,0.85,Moderate,FMS_MARITIME,2026-04-06
2023-07-09,58,VLSFO,31.61,12.4,297.6,24,330.7579,0.83,Moderate,FMS_MARITIME,2026-04-06
2023-07-10,58,VLSFO,72.64,13.7,328.8,24,687.9591,0.91,Calm,FMS_MARITIME,2026-04-06
2023-07-11,58,MGO,30.94,11.5,276.0,24,349.0839,0.56,Calm,FMS_MARITIME,2026-04-06
2023-07-12,58,VLSFO,47.43,12.2,292.8,24,504.4297,0.57,Calm,FMS_MARITIME,2026-04-06
2023-07-13,58,VLSFO,35.25,14.6,350.4,24,313.2663,0.46,Moderate,FMS_MARITIME,2026-04-06
2023-07-14,58,VLSFO,66.89,11.4,273.6,24,761.3138,0.56,Moderate,FMS_MARITIME,2026-04-06
2023-07-15,58,LNG,71.21,9.8,235.2,24,942.8059,0.58,Moderate,FMS_MARITIME,2026-04-06
2023-07-16,58,VLSFO,50.27,17.3,415.2,24,377.025,0.87,Rough,FMS_MARITIME,2026-04-06
2023-07-17,58,MGO,58.22,9.6,230.4,24,786.8797,0.64,Rough,FMS_MARITIME,2026-04-06
2023-07-18,58,LNG,20.3,8.4,201.6,24,313.5625,0.67,Moderate,FMS_MARITIME,2026-04-06
2023-07-19,58,LNG,56.35,14.5,348.0,24,504.2353,0.46,Calm,FMS_MARITIME,2026-04-06
2023-07-20,58,LSMGO,54.18,16.3,391.2,24,431.2794,0.59,Rough,FMS_MARITIME,2026-04-06
2023-07-21,58,LSMGO,81.05,16.5,396.0,24,637.3477,0.73,Rough,FMS_MARITIME,2026-04-06
2023-07-22,58,MGO,73.68,17.0,408.0,24,562.3518,0.66,Calm,FMS_MARITIME,2026-04-06
2023-07-23,58,MGO,74.9,9.5,228.0,24,1022.9763,0.59,Rough,FMS_MARITIME,2026-04-06
2023-07-24,58,VLSFO,69.11,11.3,271.2,24,793.5418,0.61,Rough,FMS_MARITIME,2026-04-06
2023-07-25,58,LSMGO,27.85,13.5,324.0,24,267.6694,0.6,Moderate,FMS_MARITIME,2026-04-06
2023-07-26,58,LSMGO,28.31,9.5,228.0,24,386.655,0.44,Rough,FMS_MARITIME,2026-04-06
2023-07-27,58,VLSFO,35.49,10.0,240.0,24,460.4828,0.96,Moderate,FMS_MARITIME,2026-04-06
2023-07-28,58,HFO,24.58,12.7,304.8,24,251.1224,0.44,Moderate,FMS_MARITIME,2026-04-06
2023-07-28,58,MGO,78.04,10.0,240.0,24,1012.569,0.96,Rough,FMS_MARITIME,2026-04-06
2023-07-28,58,LNG,62.62,11.7,280.8,24,694.4397,0.93,Calm,FMS_MARITIME,2026-04-06
2023-07-01,59,MGO,31.61,9.2,220.8,24,445.8041,0.59,Calm,FMS_MARITIME,2026-04-06
2023-07-02,59,VLSFO,32.54,14.1,338.4,24,299.4372,0.4,Calm,FMS_MARITIME,2026-04-06
2023-07-03,59,HFO,36.06,17.4,417.6,24,268.8957,0.69,Rough,FMS_MARITIME,2026-04-06
2023-07-04,59,HFO,64.12,11.6,278.4,24,717.2043,0.7,Moderate,FMS_MARITIME,2026-04-06
2023-07-05,59,HFO,31.28,17.9,429.6,24,226.7363,0.62,Moderate,FMS_MARITIME,2026-04-06
2023-07-06,59,VLSFO,30.41,15.3,367.2,24,257.8887,0.53,Calm,FMS_MARITIME,2026-04-06
2023-07-07,59,VLSFO,16.89,12.9,309.6,24,169.882,0.48,Moderate,FMS_MARITIME,2026-04-06
2023-07-08,59,LSMGO,43.18,9.9,237.6,24,565.9197,0.83,Calm,FMS_MARITIME,2026-04-06
2023-07-09,59,LNG,19.4,10.3,247.2,24,244.3835,0.78,Rough,FMS_MARITIME,2026-04-06
2023-07-10,59,HFO,59.86,11.9,285.6,24,652.6752,0.86,Rough,FMS_MARITIME,2026-04-06
2023-07-11,59,LNG,30.88,16.4,393.6,24,244.3098,0.8,Moderate,FMS_MARITIME,2026-04-06
2023-07-12,59,MGO,84.76,10.3,247.2,24,1067.7291,0.78,Rough,FMS_MARITIME,2026-04-06
2023-07-13,59,VLSFO,53.28,15.2,364.8,24,454.8079,0.64,Moderate,FMS_MARITIME,2026-04-06
2023-07-14,59,VLSFO,81.81,9.7,232.8,24,1094.3142,0.48,Rough,FMS_MARITIME,2026-04-06
2023-07-15,59,MGO,23.93,15.6,374.4,24,199.0332,0.69,Moderate,FMS_MARITIME,2026-04-06
2023-07-16,59,LSMGO,19.47,14.4,345.6,24,175.4328,0.64,Rough,FMS_MARITIME,2026-04-06
2023-07-17,59,VLSFO,16.45,14.7,352.8,24,145.1964,0.51,Rough,FMS_MARITIME,2026-04-06
2023-07-18,59,MGO,84.53,17.0,408.0,24,645.1628,0.92,Calm,FMS_MARITIME,2026-04-06
2023-07-19,59,LNG,48.26,15.1,362.4,24,414.6844,0.75,Calm,FMS_MARITIME,2026-04-06
2023-07-20,59,HFO,41.4,9.4,225.6,24,571.4521,0.41,Moderate,FMS_MARITIME,2026-04-06
2023-07-21,59,HFO,75.93,17.9,429.6,24,550.3865,0.44,Moderate,FMS_MARITIME,2026-04-06
2023-07-22,59,HFO,73.01,16.1,386.4,24,588.388,0.78,Calm,FMS_MARITIME,2026-04-06
2023-07-23,59,HFO,59.68,9.7,232.8,24,798.2969,0.69,Calm,FMS_MARITIME,2026-04-06
2023-07-24,59,VLSFO,38.05,17.5,420.0,24,282.1136,0.82,Calm,FMS_MARITIME,2026-04-06
2023-07-25,59,MGO,69.51,16.3,391.2,24,553.3081,0.63,Rough,FMS_MARITIME,2026-04-06
2023-07-26,59,VLSFO,63.03,16.5,396.0,24,495.645,0.72,Calm,FMS_MARITIME,2026-04-06
2023-07-27,59,MGO,53.87,12.8,307.2,24,546.065,0.5,Rough,FMS_MARITIME,2026-04-06
2023-07-28,59,VLSFO,44.38,12.3,295.2,24,468.1549,0.93,Rough,FMS_MARITIME,2026-04-06
2023-07-28,59,MGO,78.94,15.1,362.4,24,678.3089,0.74,Rough,FMS_MARITIME,2026-04-06
2023-07-28,59,MGO,16.06,12.9,309.6,24,161.5337,0.49,Moderate,FMS_MARITIME,2026-04-06
2023-07-01,60,HFO,67.63,9.8,235.2,24,895.4074,0.7,Calm,FMS_MARITIME,2026-04-06
2023-07-02,60,LSMGO,49.17,8.3,199.2,24,768.6515,0.98,Rough,FMS_MARITIME,2026-04-06
2023-07-03,60,LNG,57.95,16.0,384.0,24,469.9383,0.85,Rough,FMS_MARITIME,2026-04-06
2023-07-04,60,VLSFO,33.42,8.4,201.6,24,516.2196,0.43,Calm,FMS_MARITIME,2026-04-06
2023-07-05,60,VLSFO,57.64,15.3,367.2,24,488.8098,0.97,Rough,FMS_MARITIME,2026-04-06
2023-07-06,60,VLSFO,83.02,13.2,316.8,24,816.0489,0.57,Rough,FMS_MARITIME,2026-04-06
2023-07-07,60,HFO,79.73,10.3,247.2,24,1004.3658,0.56,Moderate,FMS_MARITIME,2026-04-06
2023-07-08,60,HFO,35.35,16.1,386.4,24,284.8859,0.85,Rough,FMS_MARITIME,2026-04-06
2023-07-09,60,VLSFO,32.69,11.8,283.2,24,359.4515,0.76,Moderate,FMS_MARITIME,2026-04-06
2023-07-10,60,LSMGO,82.0,12.4,297.6,24,858.0242,0.49,Calm,FMS_MARITIME,2026-04-06
2023-07-11,60,VLSFO,81.78,12.2,292.8,24,869.7504,0.99,Moderate,FMS_MARITIME,2026-04-06
2023-07-12,60,LNG,48.6,13.1,314.4,24,481.3626,0.78,Calm,FMS_MARITIME,2026-04-06
2023-07-13,60,LSMGO,78.92,13.2,316.8,24,775.7477,0.42,Moderate,FMS_MARITIME,2026-04-06
2023-07-14,60,LSMGO,59.72,9.0,216.0,24,860.9633,0.6,Moderate,FMS_MARITIME,2026-04-06
2023-07-15,60,HFO,74.56,16.0,384.0,24,604.635,0.68,Calm,FMS_MARITIME,2026-04-06
2023-07-16,60,HFO,82.87,11.9,285.6,24,903.5616,0.89,Moderate,FMS_MARITIME,2026-04-06
2023-07-17,60,HFO,29.95,11.4,273.6,24,340.8783,0.45,Moderate,FMS_MARITIME,2026-04-06
2023-07-18,60,VLSFO,80.72,12.5,300.0,24,837.8736,0.58,Rough,FMS_MARITIME,2026-04-06
2023-07-19,60,LSMGO,26.11,10.6,254.4,24,319.6012,0.67,Moderate,FMS_MARITIME,2026-04-06
2023-07-20,60,MGO,71.96,11.4,273.6,24,819.0184,0.41,Moderate,FMS_MARITIME,2026-04-06
2023-07-21,60,LSMGO,54.9,9.0,216.0,24,791.475,0.69,Calm,FMS_MARITIME,2026-04-06
2023-07-22,60,HFO,63.04,17.2,412.8,24,475.5488,0.7,Calm,FMS_MARITIME,2026-04-06
2023-07-23,60,LNG,77.85,10.7,256.8,24,944.0222,0.92,Calm,FMS_MARITIME,2026-04-06
2023-07-24,60,MGO,25.77,14.1,338.4,24,237.1388,0.62,Calm,FMS_MARITIME,2026-04-06
2023-07-25,60,MGO,75.99,10.1,242.4,24,976.2082,0.42,Calm,FMS_MARITIME,2026-04-06
2023-07-26,60,LNG,45.6,10.6,254.4,24,558.1698,0.46,Calm,FMS_MARITIME,2026-04-06
2023-07-27,60,MGO,54.76,12.1,290.4,24,587.1992,0.74,Rough,FMS_MARITIME,2026-04-06
2023-07-28,60,LNG,70.17,13.4,321.6,24,679.4446,0.47,Rough,FMS_MARITIME,2026-04-06
2023-07-28,60,HFO,70.97,15.6,374.4,24,590.2793,0.69,Rough,FMS_MARITIME,2026-04-06
2023-07-28,60,LSMGO,44.61,12.3,295.2,24,470.5811,0.79,Rough,FMS_MARITIME,2026-04-06
2023-07-01,61,HFO,16.35,13.0,312.0,24,163.1856,0.95,Calm,FMS_MARITIME,2026-04-06
2023-07-02,61,LNG,81.35,15.0,360.0,24,703.6775,0.81,Calm,FMS_MARITIME,2026-04-06
2023-07-03,61,HFO,19.85,17.9,429.6,24,143.8848,0.54,Moderate,FMS_MARITIME,2026-04-06
2023-07-04,61,MGO,29.34,16.5,396.0,24,230.7191,0.86,Calm,FMS_MARITIME,2026-04-06
2023-07-05,61,MGO,53.78,16.6,398.4,24,420.3587,0.55,Moderate,FMS_MARITIME,2026-04-06
2023-07-06,61,MGO,67.31,12.7,304.8,24,687.675,0.99,Rough,FMS_MARITIME,2026-04-06
2023-07-07,61,VLSFO,69.18,13.2,316.8,24,680.008,0.93,Calm,FMS_MARITIME,2026-04-06
2023-07-08,61,MGO,31.94,17.7,424.8,24,234.1364,0.74,Moderate,FMS_MARITIME,2026-04-06
2023-07-09,61,LSMGO,47.37,13.7,328.8,24,448.6319,0.78,Rough,FMS_MARITIME,2026-04-06
2023-07-10,61,LSMGO,25.01,9.8,235.2,24,331.1273,0.53,Rough,FMS_MARITIME,2026-04-06
2023-07-11,61,HFO,75.58,8.1,194.4,24,1210.6796,0.56,Moderate,FMS_MARITIME,2026-04-06
2023-07-12,61,LNG,49.34,15.8,379.2,24,405.1813,0.95,Moderate,FMS_MARITIME,2026-04-06
2023-07-13,61,LNG,39.55,9.4,225.6,24,545.9162,0.52,Rough,FMS_MARITIME,2026-04-06
2023-07-14,61,LSMGO,74.63,14.8,355.2,24,654.2731,0.84,Rough,FMS_MARITIME,2026-04-06
2023-07-15,61,LNG,51.81,8.0,192.0,24,840.2934,0.58,Calm,FMS_MARITIME,2026-04-06
2023-07-16,61,HFO,34.7,13.1,314.4,24,343.6889,0.44,Calm,FMS_MARITIME,2026-04-06
2023-07-17,61,HFO,54.41,16.6,398.4,24,425.283,0.48,Calm,FMS_MARITIME,2026-04-06
2023-07-18,61,MGO,44.46,17.3,415.2,24,333.45,0.7,Rough,FMS_MARITIME,2026-04-06
2023-07-19,61,HFO,66.15,9.4,225.6,24,913.0811,0.6,Moderate,FMS_MARITIME,2026-04-06
2023-07-20,61,HFO,71.58,8.2,196.8,24,1132.6226,0.92,Moderate,FMS_MARITIME,2026-04-06
2023-07-21,61,VLSFO,84.38,10.6,254.4,24,1032.859,0.72,Moderate,FMS_MARITIME,2026-04-06
2023-07-22,61,LSMGO,43.45,17.3,415.2,24,325.875,0.99,Moderate,FMS_MARITIME,2026-04-06
2023-07-23,61,VLSFO,33.5,8.9,213.6,24,488.3848,0.56,Rough,FMS_MARITIME,2026-04-06
2023-07-24,61,VLSFO,24.59,11.9,285.6,24,268.1137,0.57,Moderate,FMS_MARITIME,2026-04-06
2023-07-25,61,MGO,42.81,17.6,422.4,24,315.6021,0.56,Moderate,FMS_MARITIME,2026-04-06
2023-07-26,61,HFO,27.55,9.8,235.2,24,364.7564,0.91,Moderate,FMS_MARITIME,2026-04-06
2023-07-27,61,HFO,63.58,14.4,345.6,24,572.8823,0.7,Calm,FMS_MARITIME,2026-04-06
2023-07-28,61,LSMGO,23.82,8.6,206.4,24,359.3773,0.64,Moderate,FMS_MARITIME,2026-04-06
2023-07-28,61,LSMGO,81.5,16.1,386.4,24,656.809,0.68,Rough,FMS_MARITIME,2026-04-06
2023-07-28,61,HFO,23.79,17.7,424.8,24,174.3928,0.89,Moderate,FMS_MARITIME,2026-04-06
2023-07-01,62,MGO,45.9,17.7,424.8,24,336.4703,0.9,Moderate,FMS_MARITIME,2026-04-06
2023-07-02,62,VLSFO,37.62,11.7,280.8,24,417.1962,0.65,Calm,FMS_MARITIME,2026-04-06
2023-07-03,62,LNG,62.57,17.9,429.6,24,453.5451,0.52,Rough,FMS_MARITIME,2026-04-06
2023-07-04,62,VLSFO,40.05,17.5,420.0,24,296.9421,0.84,Moderate,FMS_MARITIME,2026-04-06
2023-07-05,62,VLSFO,21.83,8.2,196.8,24,345.4198,0.44,Rough,FMS_MARITIME,2026-04-06
2023-07-06,62,HFO,77.23,13.3,319.2,24,753.428,0.8,Moderate,FMS_MARITIME,2026-04-06
2023-07-07,62,LNG,36.74,16.8,403.2,24,283.7509,0.67,Calm,FMS_MARITIME,2026-04-06
2023-07-08,62,VLSFO,73.93,11.4,273.6,24,841.4401,0.95,Calm,FMS_MARITIME,2026-04-06
2023-07-09,62,LSMGO,26.36,14.3,343.2,24,239.1755,0.52,Calm,FMS_MARITIME,2026-04-06
2023-07-10,62,LNG,39.32,9.9,237.6,24,515.3303,0.45,Calm,FMS_MARITIME,2026-04-06
2023-07-11,62,VLSFO,23.88,14.0,336.0,24,221.3164,0.41,Moderate,FMS_MARITIME,2026-04-06
2023-07-12,62,VLSFO,58.84,11.2,268.8,24,681.6509,0.83,Rough,FMS_MARITIME,2026-04-06
2023-07-13,62,LNG,72.7,17.4,417.6,24,542.1164,0.51,Moderate,FMS_MARITIME,2026-04-06
2023-07-14,62,LNG,46.57,13.3,319.2,24,454.3201,0.93,Moderate,FMS_MARITIME,2026-04-06
2023-07-15,62,VLSFO,17.43,15.5,372.0,24,145.906,0.53,Calm,FMS_MARITIME,2026-04-06
2023-07-16,62,LSMGO,68.37,9.1,218.4,24,974.836,0.84,Calm,FMS_MARITIME,2026-04-06
2023-07-17,62,LNG,36.72,10.4,249.6,24,458.1173,0.94,Rough,FMS_MARITIME,2026-04-06
2023-07-18,62,VLSFO,42.35,16.2,388.8,24,339.1921,0.89,Calm,FMS_MARITIME,2026-04-06
2023-07-19,62,VLSFO,80.66,15.3,367.2,24,684.0284,0.61,Rough,FMS_MARITIME,2026-04-06
2023-07-20,62,LNG,21.81,17.5,420.0,24,161.7056,0.6,Calm,FMS_MARITIME,2026-04-06
2023-07-21,62,LNG,22.99,8.1,194.4,24,368.2657,0.51,Calm,FMS_MARITIME,2026-04-06
2023-07-22,62,MGO,35.14,13.2,316.8,24,345.4102,0.94,Rough,FMS_MARITIME,2026-04-06
2023-07-23,62,VLSFO,47.43,11.1,266.4,24,554.4182,0.46,Rough,FMS_MARITIME,2026-04-06
2023-07-24,62,MGO,75.61,11.2,268.8,24,875.9283,0.51,Calm,FMS_MARITIME,2026-04-06
2023-07-25,62,VLSFO,64.86,11.5,276.0,24,731.79,0.7,Calm,FMS_MARITIME,2026-04-06
2023-07-26,62,LNG,79.71,12.2,292.8,24,847.7355,0.99,Rough,FMS_MARITIME,2026-04-06
2023-07-27,62,MGO,72.91,10.3,247.2,24,918.4536,0.7,Moderate,FMS_MARITIME,2026-04-06
2023-07-28,62,MGO,22.09,13.8,331.2,24,207.694,0.89,Moderate,FMS_MARITIME,2026-04-06
2023-07-28,62,MGO,49.42,11.4,273.6,24,562.4776,0.98,Calm,FMS_MARITIME,2026-04-06
2023-07-28,62,MGO,26.82,12.0,288.0,24,289.9912,0.66,Rough,FMS_MARITIME,2026-04-06
2023-07-01,63,LNG,78.29,9.7,232.8,24,1047.2296,0.57,Calm,FMS_MARITIME,2026-04-06
2023-07-02,63,LSMGO,82.12,9.4,225.6,24,1133.5181,0.69,Calm,FMS_MARITIME,2026-04-06
2023-07-03,63,MGO,28.11,12.5,300.0,24,291.7818,0.61,Rough,FMS_MARITIME,2026-04-06
2023-07-04,63,LNG,49.72,8.8,211.2,24,733.0875,0.85,Rough,FMS_MARITIME,2026-04-06
2023-07-05,63,VLSFO,25.8,15.4,369.6,24,217.3734,0.99,Moderate,FMS_MARITIME,2026-04-06
2023-07-06,63,LNG,60.8,16.6,398.4,24,475.2289,0.45,Rough,FMS_MARITIME,2026-04-06
2023-07-07,63,HFO,18.17,12.2,292.8,24,193.2424,0.53,Calm,FMS_MARITIME,2026-04-06
2023-07-08,63,VLSFO,52.82,12.6,302.4,24,543.9202,0.55,Calm,FMS_MARITIME,2026-04-06
2023-07-09,63,LNG,73.88,13.0,312.0,24,737.3792,0.73,Rough,FMS_MARITIME,2026-04-06
2023-07-10,63,HFO,83.92,16.9,405.6,24,644.297,1.0,Moderate,FMS_MARITIME,2026-04-06
2023-07-11,63,VLSFO,38.38,14.1,338.4,24,353.1777,0.8,Rough,FMS_MARITIME,2026-04-06
2023-07-12,63,VLSFO,30.96,11.9,285.6,24,337.5681,0.98,Moderate,FMS_MARITIME,2026-04-06
2023-07-13,63,HFO,60.25,16.9,405.6,24,462.5703,0.53,Calm,FMS_MARITIME,2026-04-06
2023-07-14,63,LSMGO,74.74,15.4,369.6,24,629.7088,0.61,Moderate,FMS_MARITIME,2026-04-06
2023-07-15,63,MGO,32.0,14.8,355.2,24,280.5405,0.85,Rough,FMS_MARITIME,2026-04-06
2023-07-16,63,VLSFO,57.6,12.5,300.0,24,597.888,0.85,Calm,FMS_MARITIME,2026-04-06
2023-07-17,63,LNG,82.27,13.4,321.6,24,796.6069,0.79,Moderate,FMS_MARITIME,2026-04-06
2023-07-18,63,VLSFO,37.09,11.3,271.2,24,425.8785,0.45,Moderate,FMS_MARITIME,2026-04-06
2023-07-19,63,HFO,64.9,12.3,295.2,24,684.6159,0.63,Calm,FMS_MARITIME,2026-04-06
2023-07-20,63,LSMGO,36.86,16.3,391.2,24,293.4101,0.89,Calm,FMS_MARITIME,2026-04-06
2023-07-21,63,LNG,57.76,9.0,216.0,24,832.7067,0.69,Calm,FMS_MARITIME,2026-04-06
2023-07-22,63,LNG,52.76,9.7,232.8,24,705.733,0.68,Moderate,FMS_MARITIME,2026-04-06
2023-07-23,63,HFO,47.7,17.6,422.4,24,351.652,0.43,Rough,FMS_MARITIME,2026-04-06
2023-07-24,63,LSMGO,74.75,11.4,273.6,24,850.773,0.46,Rough,FMS_MARITIME,2026-04-06
2023-07-25,63,LSMGO,72.17,8.4,201.6,24,1114.7687,0.84,Calm,FMS_MARITIME,2026-04-06
2023-07-26,63,MGO,27.64,15.8,379.2,24,226.9804,0.79,Rough,FMS_MARITIME,2026-04-06
2023-07-27,63,MGO,38.93,14.6,350.4,24,345.9704,1.0,Rough,FMS_MARITIME,2026-04-06
2023-07-28,63,LSMGO,18.06,10.4,249.6,24,225.3159,0.87,Rough,FMS_MARITIME,2026-04-06
2023-07-28,63,HFO,69.76,11.3,271.2,24,801.0053,0.81,Moderate,FMS_MARITIME,2026-04-06
2023-07-28,63,LNG,25.65,11.3,271.2,24,294.521,0.85,Rough,FMS_MARITIME,2026-04-06
2023-07-01,64,LNG,55.92,17.3,415.2,24,419.4,0.72,Rough,FMS_MARITIME,2026-04-06
2023-07-02,64,LSMGO,78.92,15.9,381.6,24,644.017,0.79,Moderate,FMS_MARITIME,2026-04-06
2023-07-03,64,MGO,34.26,11.1,266.4,24,400.4716,0.67,Moderate,FMS_MARITIME,2026-04-06
2023-07-04,64,VLSFO,35.3,10.2,244.8,24,449.0368,0.88,Calm,FMS_MARITIME,2026-04-06
2023-07-05,64,HFO,18.11,10.9,261.6,24,215.5755,0.72,Moderate,FMS_MARITIME,2026-04-06
2023-07-06,64,MGO,59.15,11.6,278.4,24,661.6131,0.83,Moderate,FMS_MARITIME,2026-04-06
2023-07-07,64,LNG,28.63,13.0,312.0,24,285.7494,0.96,Calm,FMS_MARITIME,2026-04-06
2023-07-08,64,LSMGO,27.13,12.8,307.2,24,275.0092,0.86,Calm,FMS_MARITIME,2026-04-06
2023-07-09,64,VLSFO,52.61,16.0,384.0,24,426.6342,0.54,Moderate,FMS_MARITIME,2026-04-06
2023-07-10,64,LSMGO,54.24,15.3,367.2,24,459.9765,0.98,Calm,FMS_MARITIME,2026-04-06
2023-07-11,64,MGO,64.24,14.7,352.8,24,567.0163,0.76,Calm,FMS_MARITIME,2026-04-06
2023-07-12,64,MGO,67.64,9.3,223.2,24,943.6871,0.43,Rough,FMS_MARITIME,2026-04-06
2023-07-13,64,LNG,21.25,11.1,266.4,24,248.3953,0.6,Rough,FMS_MARITIME,2026-04-06
2023-07-14,64,LNG,24.29,12.7,304.8,24,248.1596,0.96,Rough,FMS_MARITIME,2026-04-06
2023-07-15,64,VLSFO,26.21,9.3,223.2,24,365.6718,0.82,Calm,FMS_MARITIME,2026-04-06
2023-07-16,64,VLSFO,46.42,14.7,352.8,24,409.7276,0.71,Calm,FMS_MARITIME,2026-04-06
2023-07-17,64,HFO,65.3,8.9,213.6,24,951.986,0.5,Moderate,FMS_MARITIME,2026-04-06
2023-07-18,64,MGO,18.69,14.8,355.2,24,163.8532,0.56,Moderate,FMS_MARITIME,2026-04-06
2023-07-19,64,LSMGO,57.23,17.7,424.8,24,419.525,0.59,Moderate,FMS_MARITIME,2026-04-06
2023-07-20,64,LNG,47.12,10.8,259.2,24,566.0944,0.84,Rough,FMS_MARITIME,2026-04-06
2023-07-21,64,LSMGO,48.78,8.2,196.8,24,771.8543,0.66,Calm,FMS_MARITIME,2026-04-06
2023-07-22,64,LSMGO,28.41,14.6,350.4,24,252.4793,0.74,Calm,FMS_MARITIME,2026-04-06
2023-07-23,64,LNG,37.78,13.1,314.4,24,374.195,0.61,Rough,FMS_MARITIME,2026-04-06
2023-07-24,64,LNG,62.61,15.0,360.0,24,541.5765,0.48,Calm,FMS_MARITIME,2026-04-06
2023-07-25,64,MGO,33.93,13.9,333.6,24,316.7207,0.93,Moderate,FMS_MARITIME,2026-04-06
2023-07-26,64,VLSFO,27.52,14.7,352.8,24,242.9061,0.51,Moderate,FMS_MARITIME,2026-04-06
2023-07-27,64,VLSFO,19.85,15.2,364.8,24,169.4433,0.7,Rough,FMS_MARITIME,2026-04-06
2023-07-28,64,MGO,32.68,12.9,309.6,24,328.7,0.6,Rough,FMS_MARITIME,2026-04-06
2023-07-28,64,MGO,81.75,15.5,372.0,24,684.3266,0.45,Calm,FMS_MARITIME,2026-04-06
2023-07-28,64,LNG,43.34,16.1,386.4,24,349.2773,0.98,Calm,FMS_MARITIME,2026-04-06
2023-07-01,65,VLSFO,51.93,17.1,410.4,24,394.0303,0.71,Moderate,FMS_MARITIME,2026-04-06
2023-07-02,65,LNG,55.22,10.8,259.2,24,663.4069,0.85,Calm,FMS_MARITIME,2026-04-06
2023-07-03,65,VLSFO,20.57,13.6,326.4,24,196.2469,0.67,Moderate,FMS_MARITIME,2026-04-06
2023-07-04,65,VLSFO,58.38,10.0,240.0,24,757.4805,0.94,Calm,FMS_MARITIME,2026-04-06
2023-07-05,65,LNG,50.97,8.9,213.6,24,743.0739,0.88,Moderate,FMS_MARITIME,2026-04-06
2023-07-06,65,HFO,71.32,15.2,364.8,24,608.8007,0.92,Calm,FMS_MARITIME,2026-04-06
2023-07-07,65,VLSFO,83.43,8.2,196.8,24,1320.1271,0.54,Calm,FMS_MARITIME,2026-04-06
2023-07-08,65,VLSFO,70.0,15.3,367.2,24,593.6275,0.87,Rough,FMS_MARITIME,2026-04-06
2023-07-09,65,MGO,64.14,13.4,321.6,24,621.0571,0.78,Rough,FMS_MARITIME,2026-04-06
2023-07-10,65,VLSFO,75.7,14.6,350.4,24,672.7449,0.92,Rough,FMS_MARITIME,2026-04-06
2023-07-11,65,LSMGO,29.74,11.2,268.8,24,344.5326,0.65,Rough,FMS_MARITIME,2026-04-06
2023-07-12,65,MGO,56.11,14.3,343.2,24,509.11,0.82,Rough,FMS_MARITIME,2026-04-06
2023-07-13,65,HFO,83.17,8.3,199.2,24,1300.1575,0.94,Rough,FMS_MARITIME,2026-04-06
2023-07-14,65,VLSFO,76.92,11.0,264.0,24,907.3064,0.93,Moderate,FMS_MARITIME,2026-04-06
2023-07-15,65,LSMGO,68.47,10.6,254.4,24,838.1116,0.79,Moderate,FMS_MARITIME,2026-04-06
2023-07-16,65,LSMGO,27.88,15.5,372.0,24,233.3826,0.81,Calm,FMS_MARITIME,2026-04-06
2023-07-17,65,MGO,75.61,16.8,403.2,24,583.9522,0.72,Rough,FMS_MARITIME,2026-04-06
2023-07-18,65,LSMGO,37.01,9.0,216.0,24,533.5608,0.81,Calm,FMS_MARITIME,2026-04-06
2023-07-19,65,HFO,19.16,8.2,196.8,24,303.172,0.86,Moderate,FMS_MARITIME,2026-04-06
2023-07-20,65,HFO,48.11,11.6,278.4,24,538.1269,0.66,Rough,FMS_MARITIME,2026-04-06
2023-07-21,65,HFO,26.34,15.0,360.0,24,227.841,0.69,Calm,FMS_MARITIME,2026-04-06
2023-07-22,65,VLSFO,81.06,9.6,230.4,24,1095.5766,0.71,Rough,FMS_MARITIME,2026-04-06
2023-07-23,65,VLSFO,40.89,9.8,235.2,24,541.3753,0.93,Moderate,FMS_MARITIME,2026-04-06
2023-07-24,65,VLSFO,67.82,9.1,218.4,24,966.994,0.64,Calm,FMS_MARITIME,2026-04-06
2023-07-25,65,HFO,45.96,14.2,340.8,24,419.9514,0.49,Rough,FMS_MARITIME,2026-04-06
2023-07-26,65,LSMGO,33.95,16.3,391.2,24,270.2462,0.94,Rough,FMS_MARITIME,2026-04-06
2023-07-27,65,LSMGO,15.49,9.3,223.2,24,216.1105,0.46,Rough,FMS_MARITIME,2026-04-06
2023-07-28,65,LNG,74.4,17.9,429.6,24,539.2961,0.42,Rough,FMS_MARITIME,2026-04-06
2023-07-28,65,MGO,50.79,9.7,232.8,24,679.3817,0.49,Calm,FMS_MARITIME,2026-04-06
2023-07-28,65,LSMGO,61.93,14.8,355.2,24,542.9336,0.5,Calm,FMS_MARITIME,2026-04-06
2023-07-01,66,LSMGO,15.01,10.6,254.4,24,183.7309,0.69,Calm,FMS_MARITIME,2026-04-06
2023-07-02,66,LNG,20.59,11.8,283.2,24,226.4028,0.94,Calm,FMS_MARITIME,2026-04-06
2023-07-03,66,LNG,20.47,13.5,324.0,24,196.7394,0.48,Calm,FMS_MARITIME,2026-04-06
2023-07-04,66,LNG,17.02,8.1,194.4,24,272.6352,0.66,Moderate,FMS_MARITIME,2026-04-06
2023-07-05,66,HFO,26.39,14.5,348.0,24,236.145,0.73,Moderate,FMS_MARITIME,2026-04-06
2023-07-06,66,MGO,81.05,17.4,417.6,24,604.3815,0.6,Calm,FMS_MARITIME,2026-04-06
2023-07-07,66,VLSFO,53.48,12.9,309.6,24,537.9093,0.62,Rough,FMS_MARITIME,2026-04-06
2023-07-08,66,MGO,75.44,11.8,283.2,24,829.5203,0.45,Rough,FMS_MARITIME,2026-04-06
2023-07-09,66,VLSFO,81.69,15.3,367.2,24,692.7632,0.84,Rough,FMS_MARITIME,2026-04-06
2023-07-10,66,LNG,36.26,16.2,388.8,24,290.4157,0.85,Rough,FMS_MARITIME,2026-04-06
2023-07-11,66,VLSFO,63.31,8.3,199.2,24,989.6955,0.43,Moderate,FMS_MARITIME,2026-04-06
2023-07-12,66,HFO,53.2,15.7,376.8,24,439.6624,0.78,Calm,FMS_MARITIME,2026-04-06
2023-07-13,66,VLSFO,66.84,15.6,374.4,24,555.9288,0.6,Calm,FMS_MARITIME,2026-04-06
2023-07-14,66,MGO,52.86,10.7,256.8,24,640.9893,0.83,Rough,FMS_MARITIME,2026-04-06
2023-07-15,66,MGO,43.65,17.4,417.6,24,325.4935,0.64,Calm,FMS_MARITIME,2026-04-06
2023-07-16,66,LSMGO,72.28,8.9,213.6,24,1053.7449,0.53,Calm,FMS_MARITIME,2026-04-06
2023-07-17,66,LNG,20.29,14.5,348.0,24,181.5605,1.0,Calm,FMS_MARITIME,2026-04-06
2023-07-18,66,VLSFO,18.46,14.9,357.6,24,160.7507,0.58,Moderate,FMS_MARITIME,2026-04-06
2023-07-19,66,VLSFO,37.24,9.8,235.2,24,493.05,0.67,Rough,FMS_MARITIME,2026-04-06
2023-07-20,66,MGO,59.49,17.8,427.2,24,433.642,0.45,Rough,FMS_MARITIME,2026-04-06
2023-07-21,66,LNG,68.31,11.0,264.0,24,805.7475,0.69,Calm,FMS_MARITIME,2026-04-06
2023-07-22,66,VLSFO,23.01,12.3,295.2,24,242.7274,0.7,Calm,FMS_MARITIME,2026-04-06
2023-07-23,66,VLSFO,15.59,14.1,338.4,24,143.4612,0.64,Moderate,FMS_MARITIME,2026-04-06
2023-07-24,66,VLSFO,70.98,14.5,348.0,24,635.1486,0.55,Rough,FMS_MARITIME,2026-04-06
2023-07-25,66,MGO,34.16,15.5,372.0,24,285.9523,0.84,Rough,FMS_MARITIME,2026-04-06
2023-07-26,66,LSMGO,82.94,14.1,338.4,24,763.2245,0.61,Moderate,FMS_MARITIME,2026-04-06
2023-07-27,66,VLSFO,27.44,15.7,376.8,24,226.7732,0.64,Calm,FMS_MARITIME,2026-04-06
2023-07-28,66,MGO,51.39,11.1,266.4,24,600.7074,0.94,Moderate,FMS_MARITIME,2026-04-06
2023-07-28,66,MGO,78.8,17.7,424.8,24,577.6441,0.66,Moderate,FMS_MARITIME,2026-04-06
2023-07-28,66,LNG,46.11,17.5,420.0,24,341.8727,0.73,Calm,FMS_MARITIME,2026-04-06
2023-07-01,67,LSMGO,72.59,12.5,300.0,24,753.4842,0.61,Moderate,FMS_MARITIME,2026-04-06
2023-07-02,67,VLSFO,60.39,10.7,256.8,24,732.2993,0.59,Rough,FMS_MARITIME,2026-04-06
2023-07-03,67,HFO,63.21,9.4,225.6,24,872.4997,0.87,Calm,FMS_MARITIME,2026-04-06
2023-07-04,67,LSMGO,36.81,11.0,264.0,24,434.1907,0.63,Calm,FMS_MARITIME,2026-04-06
2023-07-05,67,LSMGO,16.03,9.6,230.4,24,216.6555,0.97,Calm,FMS_MARITIME,2026-04-06
2023-07-06,67,LNG,27.26,15.7,376.8,24,225.2857,0.69,Calm,FMS_MARITIME,2026-04-06
2023-07-07,67,VLSFO,69.68,9.7,232.8,24,932.0598,0.57,Calm,FMS_MARITIME,2026-04-06
2023-07-08,67,LSMGO,59.12,11.1,266.4,24,691.0649,0.59,Calm,FMS_MARITIME,2026-04-06
2023-07-09,67,LSMGO,28.16,16.4,393.6,24,222.7902,0.97,Moderate,FMS_MARITIME,2026-04-06
2023-07-10,67,LSMGO,80.91,10.8,259.2,24,972.0437,0.75,Rough,FMS_MARITIME,2026-04-06
2023-07-11,67,MGO,23.48,17.2,412.8,24,177.1238,1.0,Calm,FMS_MARITIME,2026-04-06
2023-07-12,67,VLSFO,19.86,12.3,295.2,24,209.4988,0.84,Rough,FMS_MARITIME,2026-04-06
2023-07-13,67,LSMGO,16.28,12.8,307.2,24,165.0258,0.47,Rough,FMS_MARITIME,2026-04-06
2023-07-14,67,LNG,79.52,17.2,412.8,24,599.8674,0.55,Moderate,FMS_MARITIME,2026-04-06
2023-07-15,67,LSMGO,47.7,8.8,211.2,24,703.304,0.66,Moderate,FMS_MARITIME,2026-04-06
2023-07-16,67,MGO,82.31,14.8,355.2,24,721.6029,0.65,Calm,FMS_MARITIME,2026-04-06
2023-07-17,67,LSMGO,80.97,12.8,307.2,24,820.7701,0.76,Moderate,FMS_MARITIME,2026-04-06
2023-07-18,67,HFO,34.32,8.4,201.6,24,530.1214,0.86,Calm,FMS_MARITIME,2026-04-06
2023-07-19,67,MGO,58.59,17.9,429.6,24,424.6957,0.49,Calm,FMS_MARITIME,2026-04-06
2023-07-20,67,MGO,80.51,16.0,384.0,24,652.8858,0.6,Calm,FMS_MARITIME,2026-04-06
2023-07-21,67,VLSFO,64.0,12.3,295.2,24,675.122,0.66,Moderate,FMS_MARITIME,2026-04-06
2023-07-22,67,LNG,56.62,11.0,264.0,24,667.8586,0.65,Moderate,FMS_MARITIME,2026-04-06
2023-07-23,67,MGO,31.56,17.5,420.0,24,233.9949,0.96,Calm,FMS_MARITIME,2026-04-06
2023-07-24,67,HFO,18.39,17.3,415.2,24,137.925,0.89,Moderate,FMS_MARITIME,2026-04-06
2023-07-25,67,LSMGO,44.98,13.8,331.2,24,422.9098,0.75,Rough,FMS_MARITIME,2026-04-06
2023-07-26,67,VLSFO,21.45,9.5,228.0,24,292.9618,0.99,Calm,FMS_MARITIME,2026-04-06
2023-07-27,67,VLSFO,75.6,16.3,391.2,24,601.7853,0.58,Moderate,FMS_MARITIME,2026-04-06
2023-07-28,67,MGO,45.95,14.8,355.2,24,402.8387,0.76,Moderate,FMS_MARITIME,2026-04-06
2023-07-28,67,VLSFO,33.32,8.8,211.2,24,491.2807,0.82,Calm,FMS_MARITIME,2026-04-06
2023-07-28,67,VLSFO,52.52,13.2,316.8,24,516.2477,0.96,Calm,FMS_MARITIME,2026-04-06
2023-07-01,68,HFO,27.44,11.3,271.2,24,315.0743,0.57,Rough,FMS_MARITIME,2026-04-06
2023-07-02,68,LSMGO,18.52,9.6,230.4,24,250.3094,0.71,Calm,FMS_MARITIME,2026-04-06
2023-07-03,68,MGO,30.78,16.9,405.6,24,236.3139,0.72,Calm,FMS_MARITIME,2026-04-06
2023-07-04,68,LSMGO,58.22,11.0,264.0,24,686.7314,0.99,Calm,FMS_MARITIME,2026-04-06
2023-07-05,68,LNG,73.7,14.9,357.6,24,641.7836,0.82,Moderate,FMS_MARITIME,2026-04-06
2023-07-06,68,MGO,18.87,9.9,237.6,24,247.3114,0.76,Calm,FMS_MARITIME,2026-04-06
2023-07-07,68,LNG,37.84,12.9,309.6,24,380.6,0.73,Rough,FMS_MARITIME,2026-04-06
2023-07-08,68,LNG,41.69,15.1,362.4,24,358.2303,0.92,Rough,FMS_MARITIME,2026-04-06
2023-07-09,68,VLSFO,16.04,17.7,424.8,24,117.5814,0.71,Moderate,FMS_MARITIME,2026-04-06
2023-07-10,68,LSMGO,78.3,9.3,223.2,24,1092.4113,0.71,Calm,FMS_MARITIME,2026-04-06
2023-07-11,68,VLSFO,36.66,15.1,362.4,24,315.0089,0.47,Moderate,FMS_MARITIME,2026-04-06
2023-07-12,68,LNG,52.11,16.7,400.8,24,404.8666,0.71,Rough,FMS_MARITIME,2026-04-06
2023-07-13,68,LNG,72.4,10.3,247.2,24,912.0291,0.92,Moderate,FMS_MARITIME,2026-04-06
2023-07-14,68,VLSFO,39.82,12.6,302.4,24,410.0512,0.76,Calm,FMS_MARITIME,2026-04-06
2023-07-15,68,VLSFO,45.36,10.8,259.2,24,544.95,0.75,Rough,FMS_MARITIME,2026-04-06
2023-07-16,68,HFO,65.75,10.6,254.4,24,804.8172,0.71,Rough,FMS_MARITIME,2026-04-06
2023-07-17,68,MGO,43.13,14.9,357.6,24,375.5784,0.47,Calm,FMS_MARITIME,2026-04-06
2023-07-18,68,LSMGO,36.41,10.4,249.6,24,454.2498,0.83,Rough,FMS_MARITIME,2026-04-06
2023-07-19,68,MGO,32.25,14.6,350.4,24,286.6053,0.6,Moderate,FMS_MARITIME,2026-04-06
2023-07-20,68,LSMGO,78.97,11.2,268.8,24,914.8533,0.98,Calm,FMS_MARITIME,2026-04-06
2023-07-21,68,VLSFO,83.91,15.1,362.4,24,721.0147,0.85,Calm,FMS_MARITIME,2026-04-06
2023-07-22,68,HFO,41.78,10.5,252.0,24,516.2814,0.83,Rough,FMS_MARITIME,2026-04-06
2023-07-23,68,LSMGO,76.57,10.0,240.0,24,993.4957,0.47,Rough,FMS_MARITIME,2026-04-06
2023-07-24,68,VLSFO,72.42,8.5,204.0,24,1105.47,0.56,Rough,FMS_MARITIME,2026-04-06
2023-07-25,68,LNG,26.36,17.5,420.0,24,195.4406,0.61,Moderate,FMS_MARITIME,2026-04-06
2023-07-26,68,HFO,24.22,16.7,400.8,24,188.1763,0.52,Rough,FMS_MARITIME,2026-04-06
2023-07-27,68,LSMGO,74.0,18.0,432.0,24,533.4167,0.69,Rough,FMS_MARITIME,2026-04-06
2023-07-28,68,LSMGO,46.95,14.0,336.0,24,435.1259,0.85,Rough,FMS_MARITIME,2026-04-06
2023-07-28,68,HFO,26.24,11.6,278.4,24,293.5034,0.57,Rough,FMS_MARITIME,2026-04-06
2023-07-28,68,VLSFO,74.6,18.0,432.0,24,537.7417,0.46,Moderate,FMS_MARITIME,2026-04-06
2023-07-01,69,VLSFO,83.55,9.1,218.4,24,1191.2761,0.52,Moderate,FMS_MARITIME,2026-04-06
2023-07-02,69,VLSFO,54.12,10.2,244.8,24,688.4382,0.94,Calm,FMS_MARITIME,2026-04-06
2023-07-03,69,HFO,18.46,11.3,271.2,24,211.9633,0.9,Rough,FMS_MARITIME,2026-04-06
2023-07-04,69,MGO,82.12,9.1,218.4,24,1170.8868,0.91,Moderate,FMS_MARITIME,2026-04-06
2023-07-05,69,LSMGO,27.56,17.6,422.4,24,203.1767,0.94,Moderate,FMS_MARITIME,2026-04-06
2023-07-06,69,HFO,33.68,13.4,321.6,24,326.1179,0.56,Moderate,FMS_MARITIME,2026-04-06
2023-07-07,69,LNG,29.99,13.9,333.6,24,279.9426,0.57,Rough,FMS_MARITIME,2026-04-06
2023-07-08,69,LSMGO,50.28,9.0,216.0,24,724.87,0.56,Calm,FMS_MARITIME,2026-04-06
2023-07-09,69,LNG,39.53,13.9,333.6,24,368.9941,0.97,Moderate,FMS_MARITIME,2026-04-06
2023-07-10,69,LSMGO,75.85,8.2,196.8,24,1200.1875,0.69,Rough,FMS_MARITIME,2026-04-06
2023-07-11,69,MGO,53.83,12.1,290.4,24,577.2267,0.51,Calm,FMS_MARITIME,2026-04-06
2023-07-12,69,LSMGO,63.87,11.4,273.6,24,726.9414,0.65,Rough,FMS_MARITIME,2026-04-06
2023-07-13,69,VLSFO,38.68,16.5,396.0,24,304.1655,0.41,Rough,FMS_MARITIME,2026-04-06
2023-07-14,69,LSMGO,78.24,12.2,292.8,24,832.1016,0.51,Calm,FMS_MARITIME,2026-04-06
2023-07-15,69,LNG,57.1,16.7,400.8,24,443.6362,0.59,Moderate,FMS_MARITIME,2026-04-06
2023-07-16,69,MGO,38.41,13.9,333.6,24,358.5394,0.74,Moderate,FMS_MARITIME,2026-04-06
2023-07-17,69,MGO,64.35,12.4,297.6,24,673.3397,0.48,Moderate,FMS_MARITIME,2026-04-06
2023-07-18,69,LNG,54.72,15.3,367.2,24,464.0471,0.97,Moderate,FMS_MARITIME,2026-04-06
2023-07-19,69,LNG,42.38,17.8,427.2,24,308.9216,0.47,Moderate,FMS_MARITIME,2026-04-06
2023-07-20,69,HFO,81.43,11.5,276.0,24,918.7428,0.46,Rough,FMS_MARITIME,2026-04-06
2023-07-21,69,MGO,63.19,10.3,247.2,24,796.01,0.75,Calm,FMS_MARITIME,2026-04-06
2023-07-22,69,LNG,35.54,9.8,235.2,24,470.5423,0.51,Calm,FMS_MARITIME,2026-04-06
2023-07-23,69,VLSFO,72.84,12.7,304.8,24,744.1724,0.9,Rough,FMS_MARITIME,2026-04-06
2023-07-24,69,MGO,57.03,14.6,350.4,24,506.8248,0.46,Calm,FMS_MARITIME,2026-04-06
2023-07-25,69,LNG,52.16,8.5,204.0,24,796.2071,0.52,Moderate,FMS_MARITIME,2026-04-06
2023-07-26,69,VLSFO,68.48,17.9,429.6,24,496.3844,0.52,Moderate,FMS_MARITIME,2026-04-06
2023-07-27,69,LSMGO,72.98,12.8,307.2,24,739.7777,0.5,Rough,FMS_MARITIME,2026-04-06
2023-07-28,69,LSMGO,62.16,15.2,364.8,24,530.6092,0.82,Moderate,FMS_MARITIME,2026-04-06
2023-07-28,69,MGO,35.22,8.3,199.2,24,550.5777,0.69,Calm,FMS_MARITIME,2026-04-06
2023-07-28,69,HFO,65.87,15.9,381.6,24,537.5241,0.48,Moderate,FMS_MARITIME,2026-04-06
2023-07-01,70,VLSFO,81.77,11.8,283.2,24,899.1235,0.88,Moderate,FMS_MARITIME,2026-04-06
2023-07-02,70,LSMGO,69.47,9.3,223.2,24,969.2185,0.84,Calm,FMS_MARITIME,2026-04-06
2023-07-03,70,LNG,53.84,10.5,252.0,24,665.3086,0.77,Rough,FMS_MARITIME,2026-04-06
2023-07-04,70,LSMGO,70.05,15.8,379.2,24,575.2524,0.62,Rough,FMS_MARITIME,2026-04-06
2023-07-05,70,LNG,47.28,9.5,228.0,24,645.7453,0.92,Moderate,FMS_MARITIME,2026-04-06
2023-07-06,70,VLSFO,64.1,13.5,324.0,24,616.0722,0.4,Moderate,FMS_MARITIME,2026-04-06
2023-07-07,70,LNG,49.34,12.8,307.2,24,500.1457,0.62,Rough,FMS_MARITIME,2026-04-06
2023-07-08,70,MGO,28.08,10.7,256.8,24,340.5028,0.73,Moderate,FMS_MARITIME,2026-04-06
2023-07-09,70,MGO,56.26,14.0,336.0,24,521.4096,0.67,Moderate,FMS_MARITIME,2026-04-06
2023-07-10,70,VLSFO,64.38,17.8,427.2,24,469.2868,0.43,Calm,FMS_MARITIME,2026-04-06
2023-07-11,70,HFO,84.14,18.0,432.0,24,606.5092,0.43,Moderate,FMS_MARITIME,2026-04-06
2023-07-12,70,LNG,65.13,13.2,316.8,24,640.1983,0.44,Moderate,FMS_MARITIME,2026-04-06
2023-07-13,70,VLSFO,43.77,10.0,240.0,24,567.9158,0.52,Calm,FMS_MARITIME,2026-04-06
2023-07-14,70,LNG,59.66,13.0,312.0,24,595.4527,0.54,Rough,FMS_MARITIME,2026-04-06
2023-07-15,70,MGO,56.6,16.7,400.8,24,439.7515,0.48,Moderate,FMS_MARITIME,2026-04-06
2023-07-16,70,LNG,77.7,10.4,249.6,24,969.3822,0.47,Moderate,FMS_MARITIME,2026-04-06
2023-07-17,70,VLSFO,72.6,17.4,417.6,24,541.3707,0.49,Moderate,FMS_MARITIME,2026-04-06
2023-07-18,70,LNG,72.97,16.6,398.4,24,570.3529,0.49,Calm,FMS_MARITIME,2026-04-06
2023-07-19,70,VLSFO,42.71,17.8,427.2,24,311.3271,0.44,Calm,FMS_MARITIME,2026-04-06
2023-07-20,70,VLSFO,34.41,8.9,213.6,24,501.6514,0.68,Moderate,FMS_MARITIME,2026-04-06
2023-07-21,70,LNG,63.23,16.9,405.6,24,485.4493,0.68,Rough,FMS_MARITIME,2026-04-06
2023-07-22,70,VLSFO,27.8,15.5,372.0,24,232.7129,0.55,Moderate,FMS_MARITIME,2026-04-06
2023-07-23,70,HFO,17.36,14.1,338.4,24,159.7489,0.93,Moderate,FMS_MARITIME,2026-04-06
2023-07-24,70,HFO,59.02,15.9,381.6,24,481.6255,0.89,Calm,FMS_MARITIME,2026-04-06
2023-07-25,70,LNG,66.24,9.0,216.0,24,954.96,0.95,Calm,FMS_MARITIME,2026-04-06
2023-07-26,70,HFO,51.33,12.3,295.2,24,541.4689,0.74,Calm,FMS_MARITIME,2026-04-06
2023-07-27,70,VLSFO,18.66,8.9,213.6,24,272.0376,1.0,Rough,FMS_MARITIME,2026-04-06
2023-07-28,70,HFO,41.06,15.6,374.4,24,341.5087,0.45,Rough,FMS_MARITIME,2026-04-06
2023-07-28,70,MGO,21.39,11.3,271.2,24,245.6064,0.64,Moderate,FMS_MARITIME,2026-04-06
2023-07-28,70,MGO,36.11,15.3,367.2,24,306.227,0.8,Moderate,FMS_MARITIME,2026-04-06
2023-07-01,71,VLSFO,73.44,12.6,302.4,24,756.2571,0.69,Calm,FMS_MARITIME,2026-04-06
2023-07-02,71,MGO,70.09,10.5,252.0,24,866.1121,0.47,Rough,FMS_MARITIME,2026-04-06
2023-07-03,71,VLSFO,40.14,13.9,333.6,24,374.6881,0.59,Rough,FMS_MARITIME,2026-04-06
2023-07-04,71,LNG,84.74,9.6,230.4,24,1145.3141,1.0,Moderate,FMS_MARITIME,2026-04-06
2023-07-05,71,MGO,33.98,10.2,244.8,24,432.2456,0.6,Rough,FMS_MARITIME,2026-04-06
2023-07-06,71,HFO,72.96,11.6,278.4,24,816.0828,0.46,Rough,FMS_MARITIME,2026-04-06
2023-07-07,71,HFO,23.51,9.2,220.8,24,331.5677,0.47,Moderate,FMS_MARITIME,2026-04-06
2023-07-08,71,LNG,45.67,13.0,312.0,24,455.8217,0.57,Rough,FMS_MARITIME,2026-04-06
2023-07-09,71,HFO,78.6,13.4,321.6,24,761.0709,0.63,Calm,FMS_MARITIME,2026-04-06
2023-07-10,71,LNG,23.38,15.5,372.0,24,195.7132,0.67,Moderate,FMS_MARITIME,2026-04-06
2023-07-11,71,VLSFO,77.81,10.6,254.4,24,952.4384,0.92,Rough,FMS_MARITIME,2026-04-06
2023-07-12,71,LSMGO,22.57,17.8,427.2,24,164.5201,0.91,Rough,FMS_MARITIME,2026-04-06
2023-07-13,71,MGO,59.33,8.0,192.0,24,962.2584,0.45,Calm,FMS_MARITIME,2026-04-06
2023-07-14,71,MGO,70.9,9.6,230.4,24,958.2578,0.62,Calm,FMS_MARITIME,2026-04-06
2023-07-15,71,LSMGO,81.96,13.6,326.4,24,781.9346,0.41,Calm,FMS_MARITIME,2026-04-06
2023-07-16,71,HFO,55.78,12.4,297.6,24,583.6657,0.83,Calm,FMS_MARITIME,2026-04-06
2023-07-17,71,HFO,71.31,8.1,194.4,24,1142.2806,0.99,Moderate,FMS_MARITIME,2026-04-06
2023-07-18,71,LSMGO,82.68,10.0,240.0,24,1072.773,0.63,Rough,FMS_MARITIME,2026-04-06
2023-07-19,71,LNG,50.94,17.0,408.0,24,388.7921,0.88,Calm,FMS_MARITIME,2026-04-06
2023-07-20,71,MGO,63.37,8.3,199.2,24,990.6334,0.94,Calm,FMS_MARITIME,2026-04-06
2023-07-21,71,LNG,80.99,13.5,324.0,24,778.4039,0.87,Rough,FMS_MARITIME,2026-04-06
2023-07-22,71,MGO,31.83,14.9,357.6,24,277.1773,0.65,Calm,FMS_MARITIME,2026-04-06
2023-07-23,71,HFO,60.3,11.4,273.6,24,686.3092,0.98,Rough,FMS_MARITIME,2026-04-06
2023-07-24,71,LNG,73.14,17.1,410.4,24,554.9658,0.76,Calm,FMS_MARITIME,2026-04-06
2023-07-25,71,LNG,44.83,13.3,319.2,24,437.3453,0.98,Calm,FMS_MARITIME,2026-04-06
2023-07-26,71,LSMGO,79.41,13.7,328.8,24,752.0765,0.88,Moderate,FMS_MARITIME,2026-04-06
2023-07-27,71,VLSFO,45.48,10.4,249.6,24,567.4067,0.72,Moderate,FMS_MARITIME,2026-04-06
2023-07-28,71,VLSFO,81.42,12.8,307.2,24,825.3316,0.47,Moderate,FMS_MARITIME,2026-04-06
2023-07-28,71,HFO,41.28,9.9,237.6,24,541.0182,0.56,Calm,FMS_MARITIME,2026-04-06
2023-07-28,71,LNG,61.59,9.8,235.2,24,815.439,0.95,Rough,FMS_MARITIME,2026-04-06
2023-07-01,72,LSMGO,38.75,14.8,355.2,24,339.7171,0.64,Moderate,FMS_MARITIME,2026-04-06
2023-07-02,72,LNG,25.1,16.9,405.6,24,192.7056,0.59,Rough,FMS_MARITIME,2026-04-06
2023-07-03,72,LSMGO,47.7,8.8,211.2,24,703.304,0.78,Rough,FMS_MARITIME,2026-04-06
2023-07-04,72,HFO,23.7,13.0,312.0,24,236.5442,0.78,Rough,FMS_MARITIME,2026-04-06
2023-07-05,72,HFO,20.66,17.8,427.2,24,150.5975,0.56,Calm,FMS_MARITIME,2026-04-06
2023-07-06,72,MGO,71.15,11.3,271.2,24,816.9657,0.43,Rough,FMS_MARITIME,2026-04-06
2023-07-07,72,VLSFO,48.32,16.6,398.4,24,377.6819,0.75,Rough,FMS_MARITIME,2026-04-06
2023-07-08,72,VLSFO,83.29,9.4,225.6,24,1149.6678,0.87,Rough,FMS_MARITIME,2026-04-06
2023-07-09,72,HFO,71.91,10.4,249.6,24,897.1464,0.48,Moderate,FMS_MARITIME,2026-04-06
2023-07-10,72,MGO,74.94,14.5,348.0,24,670.5838,0.76,Calm,FMS_MARITIME,2026-04-06
2023-07-11,72,HFO,78.51,15.9,381.6,24,640.6712,0.52,Rough,FMS_MARITIME,2026-04-06
2023-07-12,72,LSMGO,39.54,16.7,400.8,24,307.2045,0.95,Calm,FMS_MARITIME,2026-04-06
2023-07-13,72,VLSFO,55.58,16.0,384.0,24,450.7191,0.96,Rough,FMS_MARITIME,2026-04-06
2023-07-14,72,LNG,58.62,17.1,410.4,24,444.7921,0.7,Moderate,FMS_MARITIME,2026-04-06
2023-07-15,72,LSMGO,68.66,8.6,206.4,24,1035.8878,0.69,Rough,FMS_MARITIME,2026-04-06
2023-07-16,72,MGO,48.35,8.8,211.2,24,712.8878,0.43,Rough,FMS_MARITIME,2026-04-06
2023-07-17,72,VLSFO,32.25,17.3,415.2,24,241.875,0.42,Rough,FMS_MARITIME,2026-04-06
2023-07-18,72,LNG,52.56,15.5,372.0,24,439.9781,0.96,Rough,FMS_MARITIME,2026-04-06
2023-07-19,72,LSMGO,49.21,9.0,216.0,24,709.4442,0.56,Calm,FMS_MARITIME,2026-04-06
2023-07-20,72,MGO,20.5,13.5,324.0,24,197.0278,0.87,Moderate,FMS_MARITIME,2026-04-06
2023-07-21,72,LNG,53.6,13.1,314.4,24,530.8855,0.62,Rough,FMS_MARITIME,2026-04-06
2023-07-22,72,LNG,72.9,12.7,304.8,24,744.7854,0.99,Rough,FMS_MARITIME,2026-04-06
2023-07-23,72,VLSFO,55.05,15.1,362.4,24,473.029,0.59,Moderate,FMS_MARITIME,2026-04-06
2023-07-24,72,MGO,28.29,12.6,302.4,24,291.3196,0.71,Moderate,FMS_MARITIME,2026-04-06
2023-07-25,72,VLSFO,82.81,10.3,247.2,24,1043.1648,0.44,Calm,FMS_MARITIME,2026-04-06
2023-07-26,72,LNG,57.01,12.5,300.0,24,591.7638,0.5,Calm,FMS_MARITIME,2026-04-06
2023-07-27,72,MGO,83.75,8.2,196.8,24,1325.1905,0.47,Rough,FMS_MARITIME,2026-04-06
2023-07-28,72,MGO,53.16,8.5,204.0,24,811.4718,0.48,Rough,FMS_MARITIME,2026-04-06
2023-07-28,72,HFO,31.01,15.7,376.8,24,256.2769,0.76,Calm,FMS_MARITIME,2026-04-06
2023-07-28,72,LSMGO,29.09,15.3,367.2,24,246.6946,0.87,Calm,FMS_MARITIME,2026-04-06
2023-07-01,73,LSMGO,24.34,13.1,314.4,24,241.0775,0.64,Calm,FMS_MARITIME,2026-04-06
2023-07-02,73,LSMGO,55.31,10.4,249.6,24,690.0454,0.97,Moderate,FMS_MARITIME,2026-04-06
2023-07-03,73,LSMGO,41.92,15.2,364.8,24,357.8368,0.6,Moderate,FMS_MARITIME,2026-04-06
2023-07-04,73,VLSFO,81.82,9.4,225.6,24,1129.3771,0.85,Rough,FMS_MARITIME,2026-04-06
2023-07-05,73,LSMGO,68.61,14.2,340.8,24,626.9118,0.59,Calm,FMS_MARITIME,2026-04-06
2023-07-06,73,LNG,50.84,14.4,345.6,24,458.0896,0.84,Moderate,FMS_MARITIME,2026-04-06
2023-07-07,73,VLSFO,55.14,15.1,362.4,24,473.8023,0.49,Moderate,FMS_MARITIME,2026-04-06
2023-07-08,73,LSMGO,72.55,12.0,288.0,24,784.4469,0.54,Calm,FMS_MARITIME,2026-04-06
2023-07-09,73,HFO,83.56,16.9,405.6,24,641.5331,0.84,Moderate,FMS_MARITIME,2026-04-06
2023-07-10,73,MGO,55.93,15.6,374.4,24,465.187,0.45,Rough,FMS_MARITIME,2026-04-06
2023-07-11,73,LSMGO,53.35,8.9,213.6,24,777.7711,0.96,Rough,FMS_MARITIME,2026-04-06
2023-07-12,73,VLSFO,57.32,11.2,268.8,24,664.042,0.67,Rough,FMS_MARITIME,2026-04-06
2023-07-13,73,LSMGO,44.34,17.5,420.0,24,328.7494,0.82,Rough,FMS_MARITIME,2026-04-06
2023-07-14,73,MGO,71.57,11.6,278.4,24,800.5351,0.76,Moderate,FMS_MARITIME,2026-04-06
2023-07-15,73,LSMGO,31.19,13.3,319.2,24,304.2784,0.55,Moderate,FMS_MARITIME,2026-04-06
2023-07-16,73,HFO,34.94,17.7,424.8,24,256.128,0.95,Moderate,FMS_MARITIME,2026-04-06
2023-07-17,73,LSMGO,16.1,14.3,343.2,24,146.0822,0.48,Moderate,FMS_MARITIME,2026-04-06
2023-07-18,73,LNG,16.78,14.0,336.0,24,155.5146,0.52,Rough,FMS_MARITIME,2026-04-06
2023-07-19,73,LNG,54.09,14.7,352.8,24,477.427,0.68,Rough,FMS_MARITIME,2026-04-06
2023-07-20,73,LSMGO,80.9,17.2,412.8,24,610.2776,0.87,Calm,FMS_MARITIME,2026-04-06
2023-07-21,73,VLSFO,30.48,10.4,249.6,24,380.2673,0.98,Rough,FMS_MARITIME,2026-04-06
2023-07-22,73,MGO,18.27,16.4,393.6,24,144.5447,0.51,Calm,FMS_MARITIME,2026-04-06
2023-07-23,73,LSMGO,21.08,13.4,321.6,24,204.1142,0.74,Moderate,FMS_MARITIME,2026-04-06
2023-07-24,73,VLSFO,32.43,10.0,240.0,24,420.7793,0.89,Calm,FMS_MARITIME,2026-04-06
2023-07-25,73,LSMGO,31.61,10.4,249.6,24,394.3651,0.96,Calm,FMS_MARITIME,2026-04-06
2023-07-26,73,HFO,45.05,13.1,314.4,24,446.2013,0.88,Moderate,FMS_MARITIME,2026-04-06
2023-07-27,73,LSMGO,16.93,11.1,266.4,24,197.898,0.65,Rough,FMS_MARITIME,2026-04-06
2023-07-28,73,HFO,52.58,12.1,290.4,24,563.8227,0.53,Rough,FMS_MARITIME,2026-04-06
2023-07-28,73,LNG,63.18,8.4,201.6,24,975.9054,0.92,Calm,FMS_MARITIME,2026-04-06
2023-07-28,73,LNG,66.83,14.7,352.8,24,589.877,0.65,Calm,FMS_MARITIME,2026-04-06
2023-07-01,74,MGO,83.67,10.4,249.6,24,1043.8637,0.67,Rough,FMS_MARITIME,2026-04-06
2023-07-02,74,MGO,54.68,13.6,326.4,24,521.6713,0.63,Rough,FMS_MARITIME,2026-04-06
2023-07-03,74,LNG,39.3,17.9,429.6,24,284.8701,0.72,Calm,FMS_MARITIME,2026-04-06
2023-07-04,74,VLSFO,17.77,9.2,220.8,24,250.6149,0.62,Calm,FMS_MARITIME,2026-04-06
2023-07-05,74,LSMGO,74.89,12.7,304.8,24,765.1163,0.92,Moderate,FMS_MARITIME,2026-04-06
2023-07-06,74,HFO,63.69,14.8,355.2,24,558.3633,0.43,Rough,FMS_MARITIME,2026-04-06
2023-07-07,74,MGO,68.22,16.5,396.0,24,536.4573,0.61,Rough,FMS_MARITIME,2026-04-06
2023-07-08,74,HFO,34.27,17.9,429.6,24,248.4096,0.98,Moderate,FMS_MARITIME,2026-04-06
2023-07-09,74,LNG,71.66,15.0,360.0,24,619.859,0.83,Rough,FMS_MARITIME,2026-04-06
2023-07-10,74,HFO,75.04,17.9,429.6,24,543.9352,0.87,Moderate,FMS_MARITIME,2026-04-06
2023-07-11,74,MGO,20.72,14.9,357.6,24,180.4309,0.75,Moderate,FMS_MARITIME,2026-04-06
2023-07-12,74,MGO,24.19,9.0,216.0,24,348.7392,0.79,Rough,FMS_MARITIME,2026-04-06
2023-07-13,74,LNG,36.11,16.3,391.2,24,287.44,0.8,Calm,FMS_MARITIME,2026-04-06
2023-07-14,74,VLSFO,64.14,16.8,403.2,24,495.367,0.73,Calm,FMS_MARITIME,2026-04-06
2023-07-15,74,LSMGO,51.97,15.0,360.0,24,449.5405,0.72,Moderate,FMS_MARITIME,2026-04-06
2023-07-16,74,MGO,46.15,10.7,256.8,24,559.6227,0.76,Calm,FMS_MARITIME,2026-04-06
2023-07-17,74,LSMGO,41.07,12.9,309.6,24,413.0878,0.93,Moderate,FMS_MARITIME,2026-04-06
2023-07-18,74,HFO,40.08,15.1,362.4,24,344.396,0.98,Moderate,FMS_MARITIME,2026-04-06
2023-07-19,74,LNG,19.07,9.6,230.4,24,257.743,0.87,Rough,FMS_MARITIME,2026-04-06
2023-07-20,74,LSMGO,64.39,9.7,232.8,24,861.2992,0.48,Calm,FMS_MARITIME,2026-04-06
2023-07-21,74,MGO,63.77,16.5,396.0,24,501.4641,0.87,Moderate,FMS_MARITIME,2026-04-06
2023-07-22,74,HFO,63.71,17.1,410.4,24,483.4136,0.98,Calm,FMS_MARITIME,2026-04-06
2023-07-23,74,LNG,34.63,12.7,304.8,24,353.7986,0.76,Moderate,FMS_MARITIME,2026-04-06
2023-07-24,74,LSMGO,77.98,14.5,348.0,24,697.7866,0.95,Calm,FMS_MARITIME,2026-04-06
2023-07-25,74,LSMGO,27.39,15.9,381.6,24,223.5127,0.41,Moderate,FMS_MARITIME,2026-04-06
2023-07-26,74,LNG,25.06,9.8,235.2,24,331.7893,0.6,Calm,FMS_MARITIME,2026-04-06
2023-07-27,74,VLSFO,79.79,10.1,242.4,24,1025.025,0.66,Moderate,FMS_MARITIME,2026-04-06
2023-07-28,74,LSMGO,58.33,11.4,273.6,24,663.8875,0.93,Calm,FMS_MARITIME,2026-04-06
2023-07-28,74,MGO,26.68,16.5,396.0,24,209.8018,0.6,Calm,FMS_MARITIME,2026-04-06
2023-07-28,74,HFO,46.53,15.8,379.2,24,382.1055,0.9,Moderate,FMS_MARITIME,2026-04-06
2023-07-01,75,HFO,51.44,10.6,254.4,24,629.6547,0.51,Rough,FMS_MARITIME,2026-04-06
2023-07-02,75,LSMGO,52.89,11.7,280.8,24,586.5365,0.99,Calm,FMS_MARITIME,2026-04-06
2023-07-03,75,MGO,57.17,12.2,292.8,24,608.017,0.44,Rough,FMS_MARITIME,2026-04-06
2023-07-04,75,LNG,71.46,12.5,300.0,24,741.7548,0.8,Moderate,FMS_MARITIME,2026-04-06
2023-07-05,75,MGO,80.63,14.8,355.2,24,706.8745,0.6,Rough,FMS_MARITIME,2026-04-06
2023-07-06,75,LNG,62.91,16.2,388.8,24,503.8625,0.7,Calm,FMS_MARITIME,2026-04-06
2023-07-07,75,MGO,32.0,11.6,278.4,24,357.931,0.73,Calm,FMS_MARITIME,2026-04-06
2023-07-08,75,HFO,58.48,16.2,388.8,24,468.3815,0.7,Rough,FMS_MARITIME,2026-04-06
2023-07-09,75,LSMGO,43.05,10.1,242.4,24,553.0433,0.52,Rough,FMS_MARITIME,2026-04-06
2023-07-10,75,LNG,57.94,8.7,208.8,24,864.1052,0.98,Calm,FMS_MARITIME,2026-04-06
2023-07-11,75,LSMGO,52.52,12.5,300.0,24,545.1576,0.47,Calm,FMS_MARITIME,2026-04-06
2023-07-12,75,VLSFO,67.1,11.1,266.4,24,784.3446,0.78,Calm,FMS_MARITIME,2026-04-06
2023-07-13,75,HFO,74.17,11.2,268.8,24,859.2462,0.57,Rough,FMS_MARITIME,2026-04-06
2023-07-14,75,VLSFO,17.72,10.8,259.2,24,212.8861,0.9,Moderate,FMS_MARITIME,2026-04-06
2023-07-15,75,LNG,22.72,8.9,213.6,24,331.227,0.78,Moderate,FMS_MARITIME,2026-04-06
2023-07-16,75,VLSFO,60.77,14.5,348.0,24,543.7867,0.75,Calm,FMS_MARITIME,2026-04-06
2023-07-17,75,VLSFO,49.46,12.3,295.2,24,521.7427,0.9,Moderate,FMS_MARITIME,2026-04-06
2023-07-18,75,LNG,66.16,17.1,410.4,24,502.0035,0.69,Rough,FMS_MARITIME,2026-04-06
2023-07-19,75,MGO,80.32,11.9,285.6,24,875.758,0.74,Moderate,FMS_MARITIME,2026-04-06
2023-07-20,75,LSMGO,56.54,14.4,345.6,24,509.449,0.8,Rough,FMS_MARITIME,2026-04-06
2023-07-21,75,HFO,31.38,17.9,429.6,24,227.4612,0.68,Calm,FMS_MARITIME,2026-04-06
2023-07-22,75,MGO,27.27,15.4,369.6,24,229.7586,0.73,Moderate,FMS_MARITIME,2026-04-06
2023-07-23,75,HFO,46.95,11.0,264.0,24,553.7966,0.58,Moderate,FMS_MARITIME,2026-04-06
2023-07-24,75,LNG,42.64,13.0,312.0,24,425.58,0.64,Rough,FMS_MARITIME,2026-04-06
2023-07-25,75,LNG,41.02,10.5,252.0,24,506.89,0.81,Moderate,FMS_MARITIME,2026-04-06
2023-07-26,75,LSMGO,46.66,16.1,386.4,24,376.0332,0.67,Rough,FMS_MARITIME,2026-04-06
2023-07-27,75,LNG,43.25,13.5,324.0,24,415.6806,0.73,Calm,FMS_MARITIME,2026-04-06
2023-07-28,75,LSMGO,36.3,11.1,266.4,24,424.3176,0.43,Moderate,FMS_MARITIME,2026-04-06
2023-07-28,75,MGO,25.0,17.9,429.6,24,181.2151,0.42,Calm,FMS_MARITIME,2026-04-06
2023-07-28,75,LSMGO,27.76,10.7,256.8,24,336.6224,0.46,Moderate,FMS_MARITIME,2026-04-06
2023-07-01,76,LSMGO,17.99,13.0,312.0,24,179.554,0.46,Moderate,FMS_MARITIME,2026-04-06
2023-07-02,76,LNG,17.68,10.5,252.0,24,218.4743,0.82,Moderate,FMS_MARITIME,2026-04-06
2023-07-03,76,LSMGO,38.0,17.4,417.6,24,283.3621,0.79,Rough,FMS_MARITIME,2026-04-06
2023-07-04,76,MGO,15.53,10.3,247.2,24,195.6328,0.73,Calm,FMS_MARITIME,2026-04-06
2023-07-05,76,HFO,26.85,13.2,316.8,24,263.9233,0.64,Rough,FMS_MARITIME,2026-04-06
2023-07-06,76,VLSFO,24.94,11.4,273.6,24,283.8566,0.65,Rough,FMS_MARITIME,2026-04-06
2023-07-07,76,MGO,58.71,11.1,266.4,24,686.2723,0.93,Calm,FMS_MARITIME,2026-04-06
2023-07-08,76,MGO,28.41,10.4,249.6,24,354.4421,0.98,Calm,FMS_MARITIME,2026-04-06
2023-07-09,76,LNG,72.75,9.8,235.2,24,963.1952,0.83,Calm,FMS_MARITIME,2026-04-06
2023-07-10,76,LNG,83.42,15.3,367.2,24,707.4343,0.78,Moderate,FMS_MARITIME,2026-04-06
2023-07-11,76,LSMGO,44.04,14.4,345.6,24,396.8187,0.77,Calm,FMS_MARITIME,2026-04-06
2023-07-12,76,HFO,77.5,8.6,206.4,24,1169.2587,0.56,Moderate,FMS_MARITIME,2026-04-06
2023-07-13,76,LNG,71.4,11.0,264.0,24,842.1955,0.67,Moderate,FMS_MARITIME,2026-04-06
2023-07-14,76,MGO,84.17,8.4,201.6,24,1300.1259,0.76,Calm,FMS_MARITIME,2026-04-06
2023-07-15,76,LNG,74.24,16.6,398.4,24,580.2795,0.83,Calm,FMS_MARITIME,2026-04-06
2023-07-16,76,VLSFO,53.72,15.1,362.4,24,461.6007,0.93,Calm,FMS_MARITIME,2026-04-06
2023-07-17,76,LSMGO,28.71,12.8,307.2,24,291.0252,0.56,Moderate,FMS_MARITIME,2026-04-06
2023-07-18,76,LNG,54.42,9.9,237.6,24,713.2318,0.64,Moderate,FMS_MARITIME,2026-04-06
2023-07-19,76,LSMGO,84.55,11.0,264.0,24,997.3057,0.61,Rough,FMS_MARITIME,2026-04-06
2023-07-20,76,HFO,33.37,16.0,384.0,24,270.6098,0.88,Rough,FMS_MARITIME,2026-04-06
2023-07-21,76,HFO,76.0,8.2,196.8,24,1202.561,0.67,Rough,FMS_MARITIME,2026-04-06
2023-07-22,76,VLSFO,37.87,14.3,343.2,24,343.6107,0.47,Rough,FMS_MARITIME,2026-04-06
2023-07-23,76,MGO,34.46,13.1,314.4,24,341.3118,0.91,Moderate,FMS_MARITIME,2026-04-06
2023-07-24,76,LSMGO,68.99,14.7,352.8,24,608.9423,0.88,Moderate,FMS_MARITIME,2026-04-06
2023-07-25,76,HFO,34.2,16.6,398.4,24,267.3163,0.73,Moderate,FMS_MARITIME,2026-04-06
2023-07-26,76,HFO,57.62,13.4,321.6,24,557.925,0.61,Rough,FMS_MARITIME,2026-04-06
2023-07-27,76,LSMGO,79.41,15.3,367.2,24,673.4279,0.67,Calm,FMS_MARITIME,2026-04-06
2023-07-28,76,MGO,36.03,16.5,396.0,24,283.3268,0.51,Calm,FMS_MARITIME,2026-04-06
2023-07-28,76,LNG,80.98,13.4,321.6,24,784.116,0.45,Moderate,FMS_MARITIME,2026-04-06
2023-07-28,76,HFO,69.04,8.1,194.4,24,1105.9185,0.65,Moderate,FMS_MARITIME,2026-04-06
2023-07-01,77,VLSFO,27.85,8.4,201.6,24,430.183,0.81,Calm,FMS_MARITIME,2026-04-06
2023-07-02,77,LNG,74.08,14.4,345.6,24,667.4917,0.83,Calm,FMS_MARITIME,2026-04-06
2023-07-03,77,MGO,33.91,12.1,290.4,24,363.6217,0.58,Moderate,FMS_MARITIME,2026-04-06
2023-07-04,77,MGO,37.84,17.0,408.0,24,288.8082,0.48,Rough,FMS_MARITIME,2026-04-06
2023-07-05,77,MGO,81.55,9.7,232.8,24,1090.8363,0.99,Rough,FMS_MARITIME,2026-04-06
2023-07-06,77,HFO,49.98,10.0,240.0,24,648.4905,0.53,Moderate,FMS_MARITIME,2026-04-06
2023-07-07,77,LSMGO,71.38,10.2,244.8,24,907.9956,0.51,Rough,FMS_MARITIME,2026-04-06
2023-07-08,77,VLSFO,61.76,8.5,204.0,24,942.7482,0.76,Moderate,FMS_MARITIME,2026-04-06
2023-07-09,77,LNG,76.75,14.0,336.0,24,711.308,0.72,Moderate,FMS_MARITIME,2026-04-06
2023-07-10,77,LNG,48.06,14.6,350.4,24,427.1086,0.89,Rough,FMS_MARITIME,2026-04-06
2023-07-11,77,LSMGO,44.24,13.7,328.8,24,418.9883,0.8,Calm,FMS_MARITIME,2026-04-06
2023-07-12,77,HFO,27.34,13.8,331.2,24,257.0554,0.78,Calm,FMS_MARITIME,2026-04-06
2023-07-13,77,MGO,40.65,15.6,374.4,24,338.0986,0.47,Calm,FMS_MARITIME,2026-04-06
2023-07-14,77,LNG,25.87,15.1,362.4,24,222.2935,0.63,Calm,FMS_MARITIME,2026-04-06
2023-07-15,77,LSMGO,83.33,14.1,338.4,24,766.8133,0.52,Rough,FMS_MARITIME,2026-04-06
2023-07-16,77,VLSFO,78.02,17.8,427.2,24,568.7132,0.54,Moderate,FMS_MARITIME,2026-04-06
2023-07-17,77,MGO,68.78,16.0,384.0,24,557.7628,0.81,Moderate,FMS_MARITIME,2026-04-06
2023-07-18,77,LSMGO,32.62,14.4,345.6,24,293.9198,0.96,Calm,FMS_MARITIME,2026-04-06
2023-07-19,77,LSMGO,61.69,17.7,424.8,24,452.2191,0.95,Moderate,FMS_MARITIME,2026-04-06
2023-07-20,77,HFO,75.72,8.0,192.0,24,1228.0838,0.44,Calm,FMS_MARITIME,2026-04-06
2023-07-21,77,LNG,19.88,15.2,364.8,24,169.6993,0.62,Moderate,FMS_MARITIME,2026-04-06
2023-07-22,77,MGO,67.68,9.8,235.2,24,896.0694,0.74,Calm,FMS_MARITIME,2026-04-06
2023-07-23,77,LSMGO,51.81,11.7,280.8,24,574.5596,0.97,Calm,FMS_MARITIME,2026-04-06
2023-07-24,77,MGO,74.7,17.0,408.0,24,570.1368,0.79,Calm,FMS_MARITIME,2026-04-06
2023-07-25,77,LNG,71.8,12.7,304.8,24,733.5472,0.65,Rough,FMS_MARITIME,2026-04-06
2023-07-26,77,LNG,59.88,9.2,220.8,24,844.5033,0.44,Calm,FMS_MARITIME,2026-04-06
2023-07-27,77,MGO,80.57,15.0,360.0,24,696.9305,0.93,Calm,FMS_MARITIME,2026-04-06
2023-07-28,77,MGO,31.72,14.8,355.2,24,278.0858,0.99,Rough,FMS_MARITIME,2026-04-06
2023-07-28,77,HFO,27.22,15.9,381.6,24,222.1255,0.86,Rough,FMS_MARITIME,2026-04-06
2023-07-28,77,HFO,49.08,12.8,307.2,24,497.5102,0.98,Rough,FMS_MARITIME,2026-04-06
2023-07-01,78,MGO,32.73,15.0,360.0,24,283.1145,0.55,Rough,FMS_MARITIME,2026-04-06
2023-07-02,78,HFO,76.17,15.8,379.2,24,625.51,0.87,Moderate,FMS_MARITIME,2026-04-06
2023-07-03,78,MGO,82.54,17.1,410.4,24,626.2904,0.78,Calm,FMS_MARITIME,2026-04-06
2023-07-04,78,LSMGO,75.13,12.5,300.0,24,779.8494,0.72,Moderate,FMS_MARITIME,2026-04-06
2023-07-05,78,LSMGO,44.99,8.5,204.0,24,686.7591,0.63,Rough,FMS_MARITIME,2026-04-06
2023-07-06,78,MGO,18.11,9.9,237.6,24,237.3508,0.42,Moderate,FMS_MARITIME,2026-04-06
2023-07-07,78,LNG,76.58,15.2,364.8,24,653.701,0.79,Calm,FMS_MARITIME,2026-04-06
2023-07-08,78,LNG,33.64,10.9,261.6,24,400.4394,0.84,Calm,FMS_MARITIME,2026-04-06
2023-07-09,78,HFO,32.91,15.5,372.0,24,275.4885,0.7,Moderate,FMS_MARITIME,2026-04-06
2023-07-10,78,LNG,16.54,16.7,400.8,24,128.5069,0.98,Rough,FMS_MARITIME,2026-04-06
2023-07-11,78,LSMGO,27.02,12.4,297.6,24,282.7294,0.7,Calm,FMS_MARITIME,2026-04-06
2023-07-12,78,LNG,80.64,13.8,331.2,24,758.1913,0.81,Moderate,FMS_MARITIME,2026-04-06
2023-07-13,78,MGO,27.06,9.0,216.0,24,390.115,0.69,Moderate,FMS_MARITIME,2026-04-06
2023-07-14,78,LNG,48.58,14.2,340.8,24,443.8912,0.69,Calm,FMS_MARITIME,2026-04-06
2023-07-15,78,VLSFO,63.53,9.6,230.4,24,858.6477,0.75,Rough,FMS_MARITIME,2026-04-06
2023-07-16,78,LSMGO,58.99,10.6,254.4,24,722.071,0.81,Rough,FMS_MARITIME,2026-04-06
2023-07-17,78,MGO,55.37,10.6,254.4,24,677.7601,0.76,Moderate,FMS_MARITIME,2026-04-06
2023-07-18,78,LSMGO,54.19,16.1,386.4,24,436.7175,0.87,Rough,FMS_MARITIME,2026-04-06
2023-07-19,78,VLSFO,52.51,13.7,328.8,24,497.3119,0.45,Moderate,FMS_MARITIME,2026-04-06
2023-07-20,78,VLSFO,65.64,10.9,261.6,24,781.3569,0.48,Calm,FMS_MARITIME,2026-04-06
2023-07-21,78,LNG,64.55,9.0,216.0,24,930.5958,0.59,Rough,FMS_MARITIME,2026-04-06
2023-07-22,78,LSMGO,26.21,12.0,288.0,24,283.3956,0.79,Moderate,FMS_MARITIME,2026-04-06
2023-07-23,78,VLSFO,41.83,16.3,391.2,24,332.9719,0.86,Calm,FMS_MARITIME,2026-04-06
2023-07-24,78,HFO,30.51,17.4,417.6,24,227.5099,0.68,Moderate,FMS_MARITIME,2026-04-06
2023-07-25,78,HFO,56.84,15.5,372.0,24,475.8058,0.62,Rough,FMS_MARITIME,2026-04-06
2023-07-26,78,HFO,45.89,9.4,225.6,24,633.4285,0.63,Calm,FMS_MARITIME,2026-04-06
2023-07-27,78,LSMGO,57.95,13.9,333.6,24,540.9362,0.67,Calm,FMS_MARITIME,2026-04-06
2023-07-28,78,MGO,62.45,14.5,348.0,24,558.8198,0.56,Moderate,FMS_MARITIME,2026-04-06
2023-07-28,78,HFO,73.28,16.9,405.6,24,562.6083,0.48,Calm,FMS_MARITIME,2026-04-06
2023-07-28,78,HFO,57.03,15.2,364.8,24,486.8186,0.79,Rough,FMS_MARITIME,2026-04-06
2023-07-01,79,LNG,44.03,17.4,417.6,24,328.3272,0.5,Calm,FMS_MARITIME,2026-04-06
2023-07-02,79,LSMGO,19.25,14.4,345.6,24,173.4505,0.48,Calm,FMS_MARITIME,2026-04-06
2023-07-03,79,VLSFO,41.44,8.8,211.2,24,611.0045,0.6,Calm,FMS_MARITIME,2026-04-06
2023-07-04,79,LNG,60.79,17.6,422.4,24,448.1536,0.45,Moderate,FMS_MARITIME,2026-04-06
2023-07-05,79,MGO,20.55,10.3,247.2,24,258.8701,0.79,Calm,FMS_MARITIME,2026-04-06
2023-07-06,79,LSMGO,19.14,14.6,350.4,24,170.0969,0.47,Moderate,FMS_MARITIME,2026-04-06
2023-07-07,79,LNG,40.18,16.7,400.8,24,312.1769,0.77,Rough,FMS_MARITIME,2026-04-06
2023-07-08,79,LSMGO,43.34,12.7,304.8,24,442.7846,0.66,Rough,FMS_MARITIME,2026-04-06
2023-07-09,79,HFO,24.49,17.0,408.0,24,186.9163,0.95,Calm,FMS_MARITIME,2026-04-06
2023-07-10,79,MGO,54.86,8.0,192.0,24,889.7606,0.83,Rough,FMS_MARITIME,2026-04-06
2023-07-11,79,HFO,26.24,14.8,355.2,24,230.0432,0.92,Moderate,FMS_MARITIME,2026-04-06
2023-07-12,79,LSMGO,23.23,15.0,360.0,24,200.9395,0.97,Moderate,FMS_MARITIME,2026-04-06
2023-07-13,79,LNG,41.1,11.7,280.8,24,455.7885,0.67,Moderate,FMS_MARITIME,2026-04-06
2023-07-14,79,LSMGO,65.72,9.7,232.8,24,879.0897,0.95,Rough,FMS_MARITIME,2026-04-06
2023-07-15,79,LNG,46.37,17.3,415.2,24,347.775,0.62,Moderate,FMS_MARITIME,2026-04-06
2023-07-16,79,LSMGO,58.89,10.5,252.0,24,727.7121,0.42,Moderate,FMS_MARITIME,2026-04-06
2023-07-17,79,VLSFO,58.18,8.3,199.2,24,909.5006,0.86,Calm,FMS_MARITIME,2026-04-06
2023-07-18,79,MGO,37.35,13.6,326.4,24,356.3355,0.41,Rough,FMS_MARITIME,2026-04-06
2023-07-19,79,MGO,29.99,12.9,309.6,24,301.6436,0.52,Calm,FMS_MARITIME,2026-04-06
2023-07-20,79,MGO,68.85,14.5,348.0,24,616.0888,0.47,Moderate,FMS_MARITIME,2026-04-06
2023-07-21,79,LNG,29.21,16.7,400.8,24,226.946,0.92,Calm,FMS_MARITIME,2026-04-06
2023-07-22,79,LNG,80.88,14.9,357.6,24,704.3074,0.6,Calm,FMS_MARITIME,2026-04-06
2023-07-23,79,MGO,33.2,8.3,199.2,24,519.0,0.44,Calm,FMS_MARITIME,2026-04-06
2023-07-24,79,HFO,57.05,9.1,218.4,24,813.4327,0.95,Moderate,FMS_MARITIME,2026-04-06
2023-07-25,79,VLSFO,53.3,16.0,384.0,24,432.2297,0.81,Calm,FMS_MARITIME,2026-04-06
2023-07-26,79,HFO,56.58,17.3,415.2,24,424.35,0.63,Calm,FMS_MARITIME,2026-04-06
2023-07-27,79,LNG,68.74,9.2,220.8,24,969.4582,0.41,Moderate,FMS_MARITIME,2026-04-06
2023-07-28,79,MGO,57.8,10.3,247.2,24,728.1117,0.43,Rough,FMS_MARITIME,2026-04-06
2023-07-28,79,LSMGO,20.37,18.0,432.0,24,146.8338,0.6,Moderate,FMS_MARITIME,2026-04-06
2023-07-28,79,HFO,46.36,10.0,240.0,24,601.521,0.69,Moderate,FMS_MARITIME,2026-04-06
2023-07-01,80,LSMGO,37.94,17.4,417.6,24,282.9147,0.88,Calm,FMS_MARITIME,2026-04-06
2023-07-02,80,HFO,53.32,18.0,432.0,24,384.3483,0.83,Calm,FMS_MARITIME,2026-04-06
2023-07-03,80,MGO,45.26,13.2,316.8,24,444.8852,0.75,Calm,FMS_MARITIME,2026-04-06
2023-07-04,80,LNG,62.32,13.6,326.4,24,594.5603,0.59,Rough,FMS_MARITIME,2026-04-06
2023-07-05,80,HFO,20.98,12.7,304.8,24,214.3429,0.78,Calm,FMS_MARITIME,2026-04-06
2023-07-06,80,MGO,15.71,10.6,254.4,24,192.2993,0.72,Moderate,FMS_MARITIME,2026-04-06
2023-07-07,80,HFO,82.75,11.8,283.2,24,909.8994,0.92,Moderate,FMS_MARITIME,2026-04-06
2023-07-08,80,LSMGO,46.64,10.4,249.6,24,581.8788,0.76,Moderate,FMS_MARITIME,2026-04-06
2023-07-09,80,VLSFO,23.34,9.3,223.2,24,325.6306,0.44,Moderate,FMS_MARITIME,2026-04-06
2023-07-10,80,LNG,39.98,10.9,261.6,24,475.9087,0.91,Rough,FMS_MARITIME,2026-04-06
2023-07-11,80,HFO,17.24,13.2,316.8,24,169.4614,0.53,Moderate,FMS_MARITIME,2026-04-06
2023-07-12,80,VLSFO,48.73,14.0,336.0,24,451.6227,0.58,Moderate,FMS_MARITIME,2026-04-06
2023-07-13,80,HFO,26.05,12.3,295.2,24,274.7957,0.64,Calm,FMS_MARITIME,2026-04-06
2023-07-14,80,LNG,40.38,12.7,304.8,24,412.5437,0.52,Rough,FMS_MARITIME,2026-04-06
2023-07-15,80,HFO,66.51,11.0,264.0,24,784.5157,0.73,Rough,FMS_MARITIME,2026-04-06
2023-07-16,80,LNG,83.89,8.7,208.8,24,1251.1181,0.69,Moderate,FMS_MARITIME,2026-04-06
2023-07-17,80,HFO,45.84,12.6,302.4,24,472.0429,0.68,Rough,FMS_MARITIME,2026-04-06
2023-07-18,80,VLSFO,18.88,15.5,372.0,24,158.0439,0.91,Moderate,FMS_MARITIME,2026-04-06
2023-07-19,80,MGO,66.87,15.4,369.6,24,563.4015,0.91,Rough,FMS_MARITIME,2026-04-06
2023-07-20,80,VLSFO,80.57,8.0,192.0,24,1306.7447,0.89,Calm,FMS_MARITIME,2026-04-06
2023-07-21,80,MGO,48.67,8.7,208.8,24,725.8543,0.77,Calm,FMS_MARITIME,2026-04-06
2023-07-22,80,LSMGO,22.23,17.5,420.0,24,164.8196,0.93,Moderate,FMS_MARITIME,2026-04-06
2023-07-23,80,LNG,72.52,9.2,220.8,24,1022.7685,0.45,Calm,FMS_MARITIME,2026-04-06
2023-07-24,80,LSMGO,22.41,13.2,316.8,24,220.2801,0.66,Rough,FMS_MARITIME,2026-04-06
2023-07-25,80,VLSFO,78.01,16.7,400.8,24,606.0957,0.64,Rough,FMS_MARITIME,2026-04-06
2023-07-26,80,HFO,76.87,9.0,216.0,24,1108.2092,0.95,Rough,FMS_MARITIME,2026-04-06
2023-07-27,80,VLSFO,16.21,14.4,345.6,24,146.0589,0.67,Rough,FMS_MARITIME,2026-04-06
2023-07-28,80,HFO,74.55,16.0,384.0,24,604.5539,0.6,Moderate,FMS_MARITIME,2026-04-06
2023-07-28,80,HFO,75.22,11.4,273.6,24,856.1224,0.75,Calm,FMS_MARITIME,2026-04-06
2023-07-28,80,MGO,34.55,10.9,261.6,24,411.2718,0.77,Calm,FMS_MARITIME,2026-04-06
2023-07-01,81,HFO,83.57,13.7,328.8,24,791.475,0.48,Calm,FMS_MARITIME,2026-04-06
2023-07-02,81,LNG,26.12,15.1,362.4,24,224.4417,0.78,Rough,FMS_MARITIME,2026-04-06
2023-07-03,81,MGO,60.78,17.6,422.4,24,448.0798,0.95,Calm,FMS_MARITIME,2026-04-06
2023-07-04,81,MGO,36.18,11.1,266.4,24,422.9149,0.68,Moderate,FMS_MARITIME,2026-04-06
2023-07-05,81,LSMGO,69.31,8.5,204.0,24,1057.9968,0.41,Rough,FMS_MARITIME,2026-04-06
2023-07-06,81,VLSFO,56.01,13.6,326.4,24,534.3601,1.0,Rough,FMS_MARITIME,2026-04-06
2023-07-07,81,VLSFO,52.06,13.7,328.8,24,493.05,0.67,Calm,FMS_MARITIME,2026-04-06
2023-07-08,81,LNG,38.47,17.1,410.4,24,291.8996,0.76,Moderate,FMS_MARITIME,2026-04-06
2023-07-09,81,MGO,16.84,16.0,384.0,24,136.5619,0.97,Rough,FMS_MARITIME,2026-04-06
2023-07-10,81,VLSFO,63.34,9.7,232.8,24,847.2541,0.43,Calm,FMS_MARITIME,2026-04-06
2023-07-11,81,MGO,37.83,12.2,292.8,24,402.3314,0.51,Rough,FMS_MARITIME,2026-04-06
2023-07-12,81,VLSFO,15.34,15.1,362.4,24,131.8123,0.7,Moderate,FMS_MARITIME,2026-04-06
2023-07-13,81,LNG,40.54,11.7,280.8,24,449.5782,0.94,Rough,FMS_MARITIME,2026-04-06
2023-07-14,81,VLSFO,54.19,17.1,410.4,24,411.1785,0.71,Moderate,FMS_MARITIME,2026-04-06
2023-07-15,81,LNG,49.73,12.9,309.6,24,500.1913,0.66,Moderate,FMS_MARITIME,2026-04-06
2023-07-16,81,VLSFO,70.72,12.0,288.0,24,764.66,0.44,Rough,FMS_MARITIME,2026-04-06
2023-07-17,81,LNG,26.52,14.3,343.2,24,240.6273,0.87,Moderate,FMS_MARITIME,2026-04-06
2023-07-18,81,LSMGO,63.21,12.6,302.4,24,650.9125,0.52,Rough,FMS_MARITIME,2026-04-06
2023-07-19,81,LNG,24.29,16.9,405.6,24,186.4868,0.42,Calm,FMS_MARITIME,2026-04-06
2023-07-20,81,HFO,21.04,12.7,304.8,24,214.9559,0.79,Rough,FMS_MARITIME,2026-04-06
2023-07-21,81,VLSFO,82.82,9.8,235.2,24,1096.5199,0.88,Rough,FMS_MARITIME,2026-04-06
2023-07-22,81,HFO,64.76,11.1,266.4,24,756.9919,0.6,Moderate,FMS_MARITIME,2026-04-06
2023-07-23,81,VLSFO,31.04,17.2,412.8,24,234.1535,0.92,Rough,FMS_MARITIME,2026-04-06
2023-07-24,81,LSMGO,48.3,17.8,427.2,24,352.0744,0.81,Moderate,FMS_MARITIME,2026-04-06
2023-07-25,81,VLSFO,39.27,12.9,309.6,24,394.9831,0.64,Calm,FMS_MARITIME,2026-04-06
2023-07-26,81,LSMGO,16.8,16.4,393.6,24,132.9146,0.43,Calm,FMS_MARITIME,2026-04-06
2023-07-27,81,LNG,64.87,17.8,427.2,24,472.8586,0.48,Rough,FMS_MARITIME,2026-04-06
2023-07-28,81,MGO,53.68,12.2,292.8,24,570.9,0.63,Rough,FMS_MARITIME,2026-04-06
2023-07-28,81,MGO,15.26,13.2,316.8,24,149.9989,0.87,Moderate,FMS_MARITIME,2026-04-06
2023-07-28,81,HFO,63.59,16.2,388.8,24,509.3088,0.71,Rough,FMS_MARITIME,2026-04-06
2023-07-01,82,VLSFO,27.22,9.7,232.8,24,364.1026,0.83,Moderate,FMS_MARITIME,2026-04-06
2023-07-02,82,LSMGO,20.38,14.0,336.0,24,188.8789,0.56,Moderate,FMS_MARITIME,2026-04-06
2023-07-03,82,LSMGO,55.64,17.4,417.6,24,414.9017,0.48,Moderate,FMS_MARITIME,2026-04-06
2023-07-04,82,MGO,19.07,8.5,204.0,24,291.0979,0.54,Calm,FMS_MARITIME,2026-04-06
2023-07-05,82,HFO,42.43,17.4,417.6,24,316.3961,0.57,Rough,FMS_MARITIME,2026-04-06
2023-07-06,82,LSMGO,19.17,15.7,376.8,24,158.4272,0.59,Moderate,FMS_MARITIME,2026-04-06
2023-07-07,82,LNG,27.42,11.2,268.8,24,317.6558,0.62,Calm,FMS_MARITIME,2026-04-06
2023-07-08,82,LNG,75.82,16.2,388.8,24,607.262,0.43,Moderate,FMS_MARITIME,2026-04-06
2023-07-09,82,MGO,68.75,12.7,304.8,24,702.3868,0.91,Calm,FMS_MARITIME,2026-04-06
2023-07-10,82,MGO,27.45,10.5,252.0,24,339.2036,0.74,Calm,FMS_MARITIME,2026-04-06
2023-07-11,82,LNG,74.52,12.2,292.8,24,792.5385,0.6,Rough,FMS_MARITIME,2026-04-06
2023-07-12,82,MGO,64.7,15.2,364.8,24,552.2911,0.7,Calm,FMS_MARITIME,2026-04-06
2023-07-13,82,LSMGO,49.44,12.4,297.6,24,517.3258,0.75,Rough,FMS_MARITIME,2026-04-06
2023-07-14,82,LNG,76.42,16.5,396.0,24,600.9391,0.7,Calm,FMS_MARITIME,2026-04-06
2023-07-15,82,LSMGO,72.64,13.3,319.2,24,708.6496,0.58,Calm,FMS_MARITIME,2026-04-06
2023-07-16,82,HFO,73.53,8.2,196.8,24,1163.4777,0.51,Moderate,FMS_MARITIME,2026-04-06
2023-07-17,82,HFO,75.58,17.7,424.8,24,554.0398,0.82,Moderate,FMS_MARITIME,2026-04-06
2023-07-18,82,HFO,79.41,11.0,264.0,24,936.677,0.45,Rough,FMS_MARITIME,2026-04-06
2023-07-19,82,LNG,51.99,16.3,391.2,24,413.8468,0.56,Moderate,FMS_MARITIME,2026-04-06
2023-07-20,82,MGO,29.31,14.6,350.4,24,260.4776,0.82,Moderate,FMS_MARITIME,2026-04-06
2023-07-21,82,HFO,18.59,15.9,381.6,24,151.7014,0.92,Calm,FMS_MARITIME,2026-04-06
2023-07-22,82,LSMGO,62.64,15.0,360.0,24,541.836,0.62,Calm,FMS_MARITIME,2026-04-06
2023-07-23,82,LSMGO,39.64,10.5,252.0,24,489.8371,0.55,Rough,FMS_MARITIME,2026-04-06
2023-07-24,82,VLSFO,30.24,10.5,252.0,24,373.68,0.94,Rough,FMS_MARITIME,2026-04-06
2023-07-25,82,VLSFO,43.85,12.8,307.2,24,444.4951,0.7,Rough,FMS_MARITIME,2026-04-06
2023-07-26,82,MGO,48.74,11.2,268.8,24,564.6442,0.65,Rough,FMS_MARITIME,2026-04-06
2023-07-27,82,MGO,16.19,8.1,194.4,24,259.3398,0.73,Rough,FMS_MARITIME,2026-04-06
2023-07-28,82,MGO,22.43,17.7,424.8,24,164.4233,0.76,Calm,FMS_MARITIME,2026-04-06
2023-07-28,82,LNG,61.44,13.9,333.6,24,573.5137,0.76,Rough,FMS_MARITIME,2026-04-06
2023-07-28,82,LSMGO,32.98,8.6,206.4,24,497.5762,0.87,Moderate,FMS_MARITIME,2026-04-06
2023-07-01,83,VLSFO,84.68,8.6,206.4,24,1277.5849,0.91,Rough,FMS_MARITIME,2026-04-06
2023-07-02,83,VLSFO,65.82,11.6,278.4,24,736.2194,0.64,Moderate,FMS_MARITIME,2026-04-06
2023-07-03,83,MGO,23.28,11.2,268.8,24,269.6946,0.57,Rough,FMS_MARITIME,2026-04-06
2023-07-04,83,HFO,32.34,16.5,396.0,24,254.31,0.72,Moderate,FMS_MARITIME,2026-04-06
2023-07-05,83,LNG,54.53,11.6,278.4,24,609.9369,0.8,Moderate,FMS_MARITIME,2026-04-06
2023-07-06,83,HFO,40.63,8.2,196.8,24,642.8954,0.91,Moderate,FMS_MARITIME,2026-04-06
2023-07-07,83,LNG,72.04,8.5,204.0,24,1099.6694,0.51,Rough,FMS_MARITIME,2026-04-06
2023-07-08,83,HFO,38.06,12.8,307.2,24,385.8035,0.6,Calm,FMS_MARITIME,2026-04-06
2023-07-09,83,HFO,45.34,10.2,244.8,24,576.7515,0.96,Rough,FMS_MARITIME,2026-04-06
2023-07-10,83,HFO,66.9,12.4,297.6,24,700.0222,0.94,Moderate,FMS_MARITIME,2026-04-06
2023-07-11,83,LNG,21.95,16.3,391.2,24,174.7247,0.78,Rough,FMS_MARITIME,2026-04-06
2023-07-12,83,LNG,42.79,15.2,364.8,24,365.2633,0.45,Calm,FMS_MARITIME,2026-04-06
2023-07-13,83,MGO,24.46,16.5,396.0,24,192.3445,0.86,Rough,FMS_MARITIME,2026-04-06
2023-07-14,83,MGO,25.9,17.1,410.4,24,196.5219,0.74,Rough,FMS_MARITIME,2026-04-06
2023-07-15,83,MGO,53.66,8.6,206.4,24,809.5797,0.71,Moderate,FMS_MARITIME,2026-04-06
2023-07-16,83,MGO,67.52,9.9,237.6,24,884.9212,0.81,Rough,FMS_MARITIME,2026-04-06
2023-07-17,83,LNG,39.19,13.6,326.4,24,373.8899,0.54,Moderate,FMS_MARITIME,2026-04-06
2023-07-18,83,HFO,16.38,8.3,199.2,24,256.0608,0.93,Calm,FMS_MARITIME,2026-04-06
2023-07-19,83,LSMGO,45.06,11.1,266.4,24,526.7149,0.57,Rough,FMS_MARITIME,2026-04-06
2023-07-20,83,MGO,79.52,12.0,288.0,24,859.81,0.45,Calm,FMS_MARITIME,2026-04-06
2023-07-21,83,VLSFO,48.99,14.6,350.4,24,435.3735,0.79,Calm,FMS_MARITIME,2026-04-06
2023-07-22,83,VLSFO,55.43,17.5,420.0,24,410.9739,0.56,Rough,FMS_MARITIME,2026-04-06
2023-07-23,83,LNG,67.5,16.4,393.6,24,534.032,0.71,Calm,FMS_MARITIME,2026-04-06
2023-07-24,83,HFO,63.96,12.8,307.2,24,648.3445,0.81,Moderate,FMS_MARITIME,2026-04-06
2023-07-25,83,LNG,20.92,15.1,362.4,24,179.7596,0.76,Moderate,FMS_MARITIME,2026-04-06
2023-07-26,83,LNG,61.77,10.6,254.4,24,756.0998,0.9,Calm,FMS_MARITIME,2026-04-06
2023-07-27,83,HFO,46.82,14.5,348.0,24,418.9583,0.75,Moderate,FMS_MARITIME,2026-04-06
2023-07-28,83,LNG,23.03,15.0,360.0,24,199.2095,0.44,Rough,FMS_MARITIME,2026-04-06
2023-07-28,83,LSMGO,61.68,13.3,319.2,24,601.7278,0.92,Moderate,FMS_MARITIME,2026-04-06
2023-07-28,83,MGO,60.68,16.0,384.0,24,492.0769,0.41,Moderate,FMS_MARITIME,2026-04-06
2023-07-01,84,LNG,71.31,11.7,280.8,24,790.8096,0.89,Calm,FMS_MARITIME,2026-04-06
2023-07-02,84,HFO,62.27,14.2,340.8,24,568.9812,0.98,Moderate,FMS_MARITIME,2026-04-06
2023-07-03,84,LSMGO,82.25,9.7,232.8,24,1100.1997,0.44,Calm,FMS_MARITIME,2026-04-06
2023-07-04,84,MGO,40.84,15.1,362.4,24,350.9265,0.65,Rough,FMS_MARITIME,2026-04-06
2023-07-05,84,MGO,31.13,16.7,400.8,24,241.8633,0.81,Rough,FMS_MARITIME,2026-04-06
2023-07-06,84,VLSFO,35.93,16.3,391.2,24,286.0072,0.49,Moderate,FMS_MARITIME,2026-04-06
2023-07-07,84,LNG,18.96,15.6,374.4,24,157.6962,0.49,Moderate,FMS_MARITIME,2026-04-06
2023-07-08,84,MGO,39.97,16.2,388.8,24,320.1301,0.88,Rough,FMS_MARITIME,2026-04-06
2023-07-09,84,LNG,63.17,17.4,417.6,24,471.0522,0.53,Calm,FMS_MARITIME,2026-04-06
2023-07-10,84,VLSFO,65.05,16.0,384.0,24,527.5148,0.49,Rough,FMS_MARITIME,2026-04-06
2023-07-11,84,HFO,20.93,14.7,352.8,24,184.7393,0.94,Moderate,FMS_MARITIME,2026-04-06
2023-07-12,84,LSMGO,62.71,10.0,240.0,24,813.6623,0.88,Calm,FMS_MARITIME,2026-04-06
2023-07-13,84,LSMGO,37.43,16.6,398.4,24,292.5628,0.53,Calm,FMS_MARITIME,2026-04-06
2023-07-14,84,MGO,76.81,8.7,208.8,24,1145.5284,0.43,Calm,FMS_MARITIME,2026-04-06
2023-07-15,84,LNG,55.29,9.2,220.8,24,779.7693,0.83,Calm,FMS_MARITIME,2026-04-06
2023-07-16,84,VLSFO,57.82,14.3,343.2,24,524.6255,0.46,Moderate,FMS_MARITIME,2026-04-06
2023-07-17,84,VLSFO,42.8,14.8,355.2,24,375.223,0.85,Calm,FMS_MARITIME,2026-04-06
2023-07-18,84,HFO,28.75,17.0,408.0,24,219.4301,0.48,Calm,FMS_MARITIME,2026-04-06
2023-07-19,84,VLSFO,61.88,13.5,324.0,24,594.7356,0.51,Calm,FMS_MARITIME,2026-04-06
2023-07-20,84,HFO,28.6,15.8,379.2,24,234.8639,0.78,Rough,FMS_MARITIME,2026-04-06
2023-07-21,84,LSMGO,39.74,15.8,379.2,24,326.3459,0.62,Moderate,FMS_MARITIME,2026-04-06
2023-07-22,84,MGO,83.07,10.3,247.2,24,1046.44,0.8,Moderate,FMS_MARITIME,2026-04-06
2023-07-23,84,VLSFO,23.8,10.3,247.2,24,299.8107,0.71,Rough,FMS_MARITIME,2026-04-06
2023-07-24,84,LNG,47.61,13.7,328.8,24,450.9049,0.93,Calm,FMS_MARITIME,2026-04-06
2023-07-25,84,MGO,76.38,8.5,204.0,24,1165.9182,0.97,Calm,FMS_MARITIME,2026-04-06
2023-07-26,84,LSMGO,80.19,16.8,403.2,24,619.3246,0.64,Rough,FMS_MARITIME,2026-04-06
2023-07-27,84,LNG,71.88,10.0,240.0,24,932.643,0.62,Moderate,FMS_MARITIME,2026-04-06
2023-07-28,84,LNG,60.12,17.2,412.8,24,453.5215,0.66,Calm,FMS_MARITIME,2026-04-06
2023-07-28,84,MGO,49.77,14.8,355.2,24,436.3282,0.76,Moderate,FMS_MARITIME,2026-04-06
2023-07-28,84,MGO,20.9,17.7,424.8,24,153.2076,0.6,Moderate,FMS_MARITIME,2026-04-06
2023-07-01,85,MGO,24.84,11.1,266.4,24,290.3595,0.5,Moderate,FMS_MARITIME,2026-04-06
2023-07-02,85,LNG,70.82,9.5,228.0,24,967.2521,0.58,Rough,FMS_MARITIME,2026-04-06
2023-07-03,85,VLSFO,59.02,17.7,424.8,24,432.6466,0.81,Rough,FMS_MARITIME,2026-04-06
2023-07-04,85,LSMGO,36.65,8.6,206.4,24,552.9462,0.99,Moderate,FMS_MARITIME,2026-04-06
2023-07-05,85,HFO,18.56,17.0,408.0,24,141.6565,0.87,Rough,FMS_MARITIME,2026-04-06
2023-07-06,85,MGO,40.56,17.3,415.2,24,304.2,0.45,Moderate,FMS_MARITIME,2026-04-06
2023-07-07,85,MGO,44.66,10.8,259.2,24,536.5403,0.95,Moderate,FMS_MARITIME,2026-04-06
2023-07-08,85,HFO,17.47,9.3,223.2,24,243.7347,0.43,Moderate,FMS_MARITIME,2026-04-06
2023-07-09,85,LSMGO,83.18,13.7,328.8,24,787.7814,0.42,Calm,FMS_MARITIME,2026-04-06
2023-07-10,85,HFO,15.2,11.8,283.2,24,167.1356,1.0,Calm,FMS_MARITIME,2026-04-06
2023-07-11,85,LSMGO,67.21,14.6,350.4,24,597.2943,0.54,Calm,FMS_MARITIME,2026-04-06
2023-07-12,85,MGO,56.93,11.3,271.2,24,653.6874,0.52,Calm,FMS_MARITIME,2026-04-06
2023-07-13,85,MGO,41.83,15.5,372.0,24,350.1576,0.57,Moderate,FMS_MARITIME,2026-04-06
2023-07-14,85,VLSFO,56.62,14.9,357.6,24,493.05,0.59,Rough,FMS_MARITIME,2026-04-06
2023-07-15,85,MGO,34.2,10.9,261.6,24,407.1055,0.59,Calm,FMS_MARITIME,2026-04-06
2023-07-16,85,HFO,36.06,15.5,372.0,24,301.8571,0.49,Calm,FMS_MARITIME,2026-04-06
2023-07-17,85,HFO,39.05,17.6,422.4,24,287.8828,0.66,Rough,FMS_MARITIME,2026-04-06
2023-07-18,85,LNG,36.28,17.6,422.4,24,267.4619,0.9,Moderate,FMS_MARITIME,2026-04-06
2023-07-19,85,LSMGO,77.16,16.0,384.0,24,625.7194,0.42,Rough,FMS_MARITIME,2026-04-06
2023-07-20,85,MGO,51.51,10.2,244.8,24,655.2375,0.67,Calm,FMS_MARITIME,2026-04-06
2023-07-21,85,LNG,71.99,10.8,259.2,24,864.8799,0.96,Moderate,FMS_MARITIME,2026-04-06
2023-07-22,85,MGO,33.5,15.1,362.4,24,287.856,0.97,Moderate,FMS_MARITIME,2026-04-06
2023-07-23,85,HFO,15.65,9.8,235.2,24,207.2028,0.43,Rough,FMS_MARITIME,2026-04-06
2023-07-24,85,LSMGO,48.6,12.9,309.6,24,488.8256,0.55,Rough,FMS_MARITIME,2026-04-06
2023-07-25,85,LNG,49.78,15.4,369.6,24,419.4127,0.88,Calm,FMS_MARITIME,2026-04-06
2023-07-26,85,LNG,34.14,15.9,381.6,24,278.5953,0.4,Moderate,FMS_MARITIME,2026-04-06
2023-07-27,85,LNG,44.91,9.9,237.6,24,588.5932,0.99,Moderate,FMS_MARITIME,2026-04-06
2023-07-28,85,LSMGO,41.88,13.3,319.2,24,408.5662,0.65,Moderate,FMS_MARITIME,2026-04-06
2023-07-28,85,LNG,73.63,9.1,218.4,24,1049.8343,0.45,Rough,FMS_MARITIME,2026-04-06
2023-07-28,85,VLSFO,43.57,8.4,201.6,24,673.0009,0.66,Rough,FMS_MARITIME,2026-04-06
2023-07-01,86,LNG,34.85,10.2,244.8,24,443.3125,0.85,Calm,FMS_MARITIME,2026-04-06
2023-07-02,86,MGO,39.02,11.9,285.6,24,425.4492,0.88,Calm,FMS_MARITIME,2026-04-06
2023-07-03,86,VLSFO,59.15,16.4,393.6,24,467.9703,0.68,Calm,FMS_MARITIME,2026-04-06
2023-07-04,86,MGO,24.77,15.4,369.6,24,208.6953,0.5,Calm,FMS_MARITIME,2026-04-06
2023-07-05,86,LNG,61.82,15.0,360.0,24,534.743,0.49,Calm,FMS_MARITIME,2026-04-06
2023-07-06,86,LNG,17.94,12.7,304.8,24,183.2846,0.61,Calm,FMS_MARITIME,2026-04-06
2023-07-07,86,HFO,80.42,17.8,427.2,24,586.2076,0.82,Moderate,FMS_MARITIME,2026-04-06
2023-07-08,86,HFO,39.9,14.9,357.6,24,347.4513,0.76,Moderate,FMS_MARITIME,2026-04-06
2023-07-09,86,LSMGO,71.32,11.5,276.0,24,804.6757,1.0,Moderate,FMS_MARITIME,2026-04-06
2023-07-10,86,HFO,82.29,15.8,379.2,24,675.7676,0.58,Moderate,FMS_MARITIME,2026-04-06
2023-07-11,86,MGO,71.27,13.8,331.2,24,670.0929,0.57,Rough,FMS_MARITIME,2026-04-06
2023-07-12,86,MGO,44.04,15.6,374.4,24,366.2942,0.45,Moderate,FMS_MARITIME,2026-04-06
2023-07-13,86,MGO,62.0,12.9,309.6,24,623.6047,0.6,Rough,FMS_MARITIME,2026-04-06
2023-07-14,86,LNG,80.31,17.6,422.4,24,592.0581,0.7,Rough,FMS_MARITIME,2026-04-06
2023-07-15,86,VLSFO,24.13,12.7,304.8,24,246.525,0.52,Rough,FMS_MARITIME,2026-04-06
2023-07-16,86,VLSFO,62.25,10.7,256.8,24,754.854,0.61,Calm,FMS_MARITIME,2026-04-06
2023-07-17,86,VLSFO,44.73,17.3,415.2,24,335.475,0.85,Moderate,FMS_MARITIME,2026-04-06
2023-07-18,86,VLSFO,17.63,16.8,403.2,24,136.1603,0.9,Calm,FMS_MARITIME,2026-04-06
2023-07-19,86,LSMGO,58.81,9.8,235.2,24,778.6324,0.51,Moderate,FMS_MARITIME,2026-04-06
2023-07-20,86,VLSFO,50.55,16.2,388.8,24,404.8681,0.77,Rough,FMS_MARITIME,2026-04-06
2023-07-21,86,VLSFO,43.39,14.0,336.0,24,402.1323,0.99,Moderate,FMS_MARITIME,2026-04-06
2023-07-22,86,HFO,23.14,15.4,369.6,24,194.962,0.46,Rough,FMS_MARITIME,2026-04-06
2023-07-23,86,LNG,45.27,16.3,391.2,24,360.3548,0.71,Calm,FMS_MARITIME,2026-04-06
2023-07-24,86,LSMGO,34.24,16.8,403.2,24,264.4429,0.62,Moderate,FMS_MARITIME,2026-04-06
2023-07-25,86,LNG,34.96,16.0,384.0,24,283.5037,0.62,Calm,FMS_MARITIME,2026-04-06
2023-07-26,86,VLSFO,80.75,15.5,372.0,24,675.9556,0.92,Moderate,FMS_MARITIME,2026-04-06
2023-07-27,86,VLSFO,54.24,14.9,357.6,24,472.3248,0.48,Rough,FMS_MARITIME,2026-04-06
2023-07-28,86,LSMGO,73.81,8.0,192.0,24,1197.1059,0.91,Rough,FMS_MARITIME,2026-04-06
2023-07-28,86,MGO,15.62,15.7,376.8,24,129.0889,0.8,Moderate,FMS_MARITIME,2026-04-06
2023-07-28,86,LNG,37.09,15.6,374.4,24,308.4889,0.94,Rough,FMS_MARITIME,2026-04-06
2023-07-01,87,LSMGO,34.52,15.2,364.8,24,294.6691,0.59,Moderate,FMS_MARITIME,2026-04-06
2023-07-02,87,HFO,43.57,14.2,340.8,24,398.1132,0.73,Moderate,FMS_MARITIME,2026-04-06
2023-07-03,87,VLSFO,23.88,12.9,309.6,24,240.1884,0.77,Moderate,FMS_MARITIME,2026-04-06
2023-07-04,87,LSMGO,25.36,15.9,381.6,24,206.9472,0.99,Moderate,FMS_MARITIME,2026-04-06
2023-07-05,87,LNG,27.45,13.6,326.4,24,261.8851,0.67,Moderate,FMS_MARITIME,2026-04-06
2023-07-06,87,LSMGO,72.86,11.9,285.6,24,794.4189,0.86,Moderate,FMS_MARITIME,2026-04-06
2023-07-07,87,VLSFO,34.15,13.0,312.0,24,340.8433,0.97,Rough,FMS_MARITIME,2026-04-06
2023-07-08,87,VLSFO,55.83,17.1,410.4,24,423.6224,0.66,Calm,FMS_MARITIME,2026-04-06
2023-07-09,87,MGO,20.32,17.1,410.4,24,154.1825,0.58,Moderate,FMS_MARITIME,2026-04-06
2023-07-10,87,LSMGO,28.09,8.9,213.6,24,409.5143,0.53,Calm,FMS_MARITIME,2026-04-06
2023-07-11,87,VLSFO,73.43,14.3,343.2,24,666.2617,0.96,Calm,FMS_MARITIME,2026-04-06
2023-07-12,87,VLSFO,69.13,12.5,300.0,24,717.5694,0.98,Moderate,FMS_MARITIME,2026-04-06
2023-07-13,87,HFO,56.26,10.9,261.6,24,669.7005,0.53,Moderate,FMS_MARITIME,2026-04-06
2023-07-14,87,LNG,56.6,10.2,244.8,24,719.9853,0.62,Moderate,FMS_MARITIME,2026-04-06
2023-07-15,87,LNG,22.25,9.1,218.4,24,317.2459,0.62,Calm,FMS_MARITIME,2026-04-06
2023-07-16,87,LNG,41.23,17.7,424.8,24,302.2369,0.78,Rough,FMS_MARITIME,2026-04-06
2023-07-17,87,LNG,61.49,8.3,199.2,24,961.2443,0.89,Rough,FMS_MARITIME,2026-04-06
2023-07-18,87,VLSFO,60.05,11.2,268.8,24,695.6685,0.65,Calm,FMS_MARITIME,2026-04-06
2023-07-19,87,MGO,68.1,9.3,223.2,24,950.1048,0.79,Rough,FMS_MARITIME,2026-04-06
2023-07-20,87,LSMGO,19.92,14.7,352.8,24,175.8245,0.93,Calm,FMS_MARITIME,2026-04-06
2023-07-21,87,LSMGO,55.56,9.1,218.4,24,792.1879,0.88,Moderate,FMS_MARITIME,2026-04-06
2023-07-22,87,LSMGO,71.99,8.3,199.2,24,1125.3858,0.98,Calm,FMS_MARITIME,2026-04-06
2023-07-23,87,HFO,62.13,10.0,240.0,24,806.1368,0.45,Moderate,FMS_MARITIME,2026-04-06
2023-07-24,87,HFO,70.84,10.4,249.6,24,883.7971,0.51,Moderate,FMS_MARITIME,2026-04-06
2023-07-25,87,VLSFO,67.19,10.2,244.8,24,854.6963,0.49,Calm,FMS_MARITIME,2026-04-06
2023-07-26,87,LSMGO,53.71,17.2,412.8,24,405.167,0.68,Rough,FMS_MARITIME,2026-04-06
2023-07-27,87,LNG,42.68,15.4,369.6,24,359.5929,0.48,Calm,FMS_MARITIME,2026-04-06
2023-07-28,87,MGO,76.25,12.3,295.2,24,804.3445,0.53,Calm,FMS_MARITIME,2026-04-06
2023-07-28,87,LSMGO,39.36,11.6,278.4,24,440.2552,0.89,Rough,FMS_MARITIME,2026-04-06
2023-07-28,87,VLSFO,75.33,10.9,261.6,24,896.7034,0.86,Calm,FMS_MARITIME,2026-04-06
2023-07-01,88,HFO,44.75,13.2,316.8,24,439.8722,0.75,Moderate,FMS_MARITIME,2026-04-06
2023-07-02,88,HFO,76.19,8.7,208.8,24,1136.2819,0.93,Calm,FMS_MARITIME,2026-04-06
2023-07-03,88,MGO,40.56,17.5,420.0,24,300.7234,0.97,Calm,FMS_MARITIME,2026-04-06
2023-07-04,88,LSMGO,55.71,15.9,381.6,24,454.6146,0.46,Moderate,FMS_MARITIME,2026-04-06
2023-07-05,88,MGO,35.51,9.4,225.6,24,490.1513,0.67,Moderate,FMS_MARITIME,2026-04-06
2023-07-06,88,LSMGO,53.0,14.1,338.4,24,487.7128,0.51,Rough,FMS_MARITIME,2026-04-06
2023-07-07,88,HFO,72.64,9.7,232.8,24,971.6536,0.69,Calm,FMS_MARITIME,2026-04-06
2023-07-08,88,LNG,18.64,13.4,321.6,24,180.4881,0.91,Calm,FMS_MARITIME,2026-04-06
2023-07-09,88,LNG,49.69,16.9,405.6,24,381.4957,0.44,Calm,FMS_MARITIME,2026-04-06
2023-07-10,88,VLSFO,71.69,15.8,379.2,24,588.7201,0.6,Rough,FMS_MARITIME,2026-04-06
2023-07-11,88,LNG,74.7,17.0,408.0,24,570.1368,0.56,Rough,FMS_MARITIME,2026-04-06
2023-07-12,88,LSMGO,47.22,11.9,285.6,24,514.8567,0.88,Calm,FMS_MARITIME,2026-04-06
2023-07-13,88,HFO,74.59,13.2,316.8,24,733.1858,0.56,Rough,FMS_MARITIME,2026-04-06
2023-07-14,88,LSMGO,25.18,14.9,357.6,24,219.2688,0.64,Moderate,FMS_MARITIME,2026-04-06
2023-07-15,88,LNG,78.82,9.8,235.2,24,1043.5607,0.79,Calm,FMS_MARITIME,2026-04-06
2023-07-16,88,LSMGO,65.21,11.1,266.4,24,762.252,0.98,Moderate,FMS_MARITIME,2026-04-06
2023-07-17,88,VLSFO,38.53,8.3,199.2,24,602.3214,0.56,Moderate,FMS_MARITIME,2026-04-06
2023-07-18,88,MGO,70.33,15.6,374.4,24,584.9562,0.84,Rough,FMS_MARITIME,2026-04-06
2023-07-19,88,VLSFO,20.15,13.2,316.8,24,198.0653,0.42,Rough,FMS_MARITIME,2026-04-06
2023-07-20,88,HFO,45.72,15.6,374.4,24,380.2673,0.82,Moderate,FMS_MARITIME,2026-04-06
2023-07-21,88,MGO,20.8,15.4,369.6,24,175.2468,0.48,Rough,FMS_MARITIME,2026-04-06
2023-07-22,88,VLSFO,76.11,17.7,424.8,24,557.925,0.77,Rough,FMS_MARITIME,2026-04-06
2023-07-23,88,MGO,81.14,15.1,362.4,24,697.2129,0.53,Rough,FMS_MARITIME,2026-04-06
2023-07-24,88,LNG,35.11,12.6,302.4,24,361.5494,0.58,Rough,FMS_MARITIME,2026-04-06
2023-07-25,88,MGO,17.97,14.9,357.6,24,156.4837,0.6,Moderate,FMS_MARITIME,2026-04-06
2023-07-26,88,VLSFO,49.9,11.6,278.4,24,558.1487,0.59,Rough,FMS_MARITIME,2026-04-06
2023-07-27,88,HFO,52.42,8.1,194.4,24,839.6907,0.78,Rough,FMS_MARITIME,2026-04-06
2023-07-28,88,LSMGO,18.14,14.0,336.0,24,168.1189,0.51,Rough,FMS_MARITIME,2026-04-06
2023-07-28,88,MGO,46.33,16.7,400.8,24,359.9591,0.7,Calm,FMS_MARITIME,2026-04-06
2023-07-28,88,HFO,21.59,11.1,266.4,24,252.3696,0.85,Rough,FMS_MARITIME,2026-04-06
2023-07-01,89,HFO,51.33,11.5,276.0,24,579.1363,0.43,Rough,FMS_MARITIME,2026-04-06
2023-07-02,89,HFO,78.25,8.5,204.0,24,1194.4632,0.48,Rough,FMS_MARITIME,2026-04-06
2023-07-03,89,HFO,63.12,13.5,324.0,24,606.6533,0.75,Rough,FMS_MARITIME,2026-04-06
2023-07-04,89,HFO,40.68,16.2,388.8,24,325.8167,0.73,Calm,FMS_MARITIME,2026-04-06
2023-07-05,89,VLSFO,41.61,10.8,259.2,24,499.8979,0.47,Moderate,FMS_MARITIME,2026-04-06
2023-07-06,89,LSMGO,73.49,11.1,266.4,24,859.0385,0.46,Calm,FMS_MARITIME,2026-04-06
2023-07-07,89,LSMGO,26.48,14.3,343.2,24,240.2643,0.45,Moderate,FMS_MARITIME,2026-04-06
2023-07-08,89,HFO,72.11,12.1,290.4,24,773.2457,0.62,Moderate,FMS_MARITIME,2026-04-06
2023-07-09,89,LNG,39.25,15.4,369.6,24,330.694,0.7,Moderate,FMS_MARITIME,2026-04-06
2023-07-10,89,LSMGO,58.81,16.5,396.0,24,462.4605,0.87,Rough,FMS_MARITIME,2026-04-06
2023-07-11,89,LSMGO,35.23,14.7,352.8,24,310.9587,0.75,Rough,FMS_MARITIME,2026-04-06
2023-07-12,89,LSMGO,77.88,14.6,350.4,24,692.1185,0.61,Moderate,FMS_MARITIME,2026-04-06
2023-07-13,89,HFO,27.18,10.7,256.8,24,329.5893,0.89,Calm,FMS_MARITIME,2026-04-06
2023-07-14,89,VLSFO,51.82,15.3,367.2,24,439.4539,0.75,Calm,FMS_MARITIME,2026-04-06
2023-07-15,89,MGO,28.37,9.1,218.4,24,404.5063,0.61,Calm,FMS_MARITIME,2026-04-06
2023-07-16,89,LNG,78.58,13.2,316.8,24,772.4057,0.84,Rough,FMS_MARITIME,2026-04-06
2023-07-17,89,LNG,84.11,8.7,208.8,24,1254.3991,0.56,Moderate,FMS_MARITIME,2026-04-06
2023-07-18,89,VLSFO,35.71,11.3,271.2,24,410.033,0.49,Moderate,FMS_MARITIME,2026-04-06
2023-07-19,89,LNG,75.16,13.2,316.8,24,738.7886,0.52,Rough,FMS_MARITIME,2026-04-06
2023-07-20,89,LNG,45.6,12.8,307.2,24,462.2344,0.8,Moderate,FMS_MARITIME,2026-04-06
2023-07-21,89,LNG,67.35,11.1,266.4,24,787.2669,0.97,Rough,FMS_MARITIME,2026-04-06
2023-07-22,89,HFO,65.96,11.2,268.8,24,764.1348,0.92,Calm,FMS_MARITIME,2026-04-06
2023-07-23,89,LSMGO,77.18,16.0,384.0,24,625.8816,0.89,Rough,FMS_MARITIME,2026-04-06
2023-07-24,89,LSMGO,57.64,18.0,432.0,24,415.4883,0.59,Calm,FMS_MARITIME,2026-04-06
2023-07-25,89,LNG,80.15,16.2,388.8,24,641.9421,0.69,Rough,FMS_MARITIME,2026-04-06
2023-07-26,89,HFO,28.21,12.6,302.4,24,290.4958,0.57,Rough,FMS_MARITIME,2026-04-06
2023-07-27,89,LNG,52.83,9.7,232.8,24,706.6693,0.72,Calm,FMS_MARITIME,2026-04-06
2023-07-28,89,LSMGO,82.93,9.0,216.0,24,1195.5742,0.53,Moderate,FMS_MARITIME,2026-04-06
2023-07-28,89,LNG,62.3,17.7,424.8,24,456.6907,0.81,Moderate,FMS_MARITIME,2026-04-06
2023-07-28,89,LSMGO,77.95,11.4,273.6,24,887.1941,0.58,Moderate,FMS_MARITIME,2026-04-06
2023-07-01,90,MGO,66.54,10.3,247.2,24,838.2102,0.93,Rough,FMS_MARITIME,2026-04-06
2023-07-02,90,VLSFO,15.14,16.3,391.2,24,120.5163,0.97,Moderate,FMS_MARITIME,2026-04-06
2023-07-03,90,LNG,38.96,17.4,417.6,24,290.5207,0.42,Moderate,FMS_MARITIME,2026-04-06
2023-07-04,90,VLSFO,67.24,17.8,427.2,24,490.1343,0.79,Calm,FMS_MARITIME,2026-04-06
2023-07-05,90,MGO,80.49,11.3,271.2,24,924.2104,0.85,Moderate,FMS_MARITIME,2026-04-06
2023-07-06,90,HFO,24.86,17.0,408.0,24,189.7403,0.97,Rough,FMS_MARITIME,2026-04-06
2023-07-07,90,HFO,29.56,16.3,391.2,24,235.3012,0.79,Moderate,FMS_MARITIME,2026-04-06
2023-07-08,90,MGO,21.17,9.9,237.6,24,277.4553,0.89,Calm,FMS_MARITIME,2026-04-06
2023-07-09,90,LSMGO,63.12,11.5,276.0,24,712.1583,0.82,Moderate,FMS_MARITIME,2026-04-06
2023-07-10,90,LSMGO,44.41,15.4,369.6,24,374.1687,0.61,Calm,FMS_MARITIME,2026-04-06
2023-07-11,90,LNG,51.28,13.5,324.0,24,492.8578,0.78,Moderate,FMS_MARITIME,2026-04-06
2023-07-12,90,MGO,80.74,17.3,415.2,24,605.55,0.98,Calm,FMS_MARITIME,2026-04-06
2023-07-13,90,LSMGO,23.28,15.5,372.0,24,194.8761,0.64,Moderate,FMS_MARITIME,2026-04-06
2023-07-14,90,HFO,25.88,8.1,194.4,24,414.5593,0.56,Calm,FMS_MARITIME,2026-04-06
2023-07-15,90,LSMGO,57.83,14.2,340.8,24,528.4114,0.4,Calm,FMS_MARITIME,2026-04-06
2023-07-16,90,VLSFO,80.38,9.8,235.2,24,1064.2148,0.89,Calm,FMS_MARITIME,2026-04-06
2023-07-17,90,LNG,74.48,9.8,235.2,24,986.1,0.86,Moderate,FMS_MARITIME,2026-04-06
2023-07-18,90,HFO,33.37,17.9,429.6,24,241.8859,0.59,Rough,FMS_MARITIME,2026-04-06
2023-07-19,90,LSMGO,36.82,9.1,218.4,24,524.9885,0.9,Moderate,FMS_MARITIME,2026-04-06
2023-07-20,90,LSMGO,36.99,8.7,208.8,24,551.6612,0.68,Calm,FMS_MARITIME,2026-04-06
2023-07-21,90,VLSFO,24.28,9.2,220.8,24,342.4272,0.76,Rough,FMS_MARITIME,2026-04-06
2023-07-22,90,VLSFO,61.73,12.6,302.4,24,635.672,0.75,Rough,FMS_MARITIME,2026-04-06
2023-07-23,90,VLSFO,46.76,8.6,206.4,24,705.4779,0.73,Moderate,FMS_MARITIME,2026-04-06
2023-07-24,90,HFO,34.88,13.7,328.8,24,330.3416,0.48,Rough,FMS_MARITIME,2026-04-06
2023-07-25,90,HFO,64.1,15.6,374.4,24,533.1394,0.75,Moderate,FMS_MARITIME,2026-04-06
2023-07-26,90,LNG,19.15,11.0,264.0,24,225.883,0.66,Moderate,FMS_MARITIME,2026-04-06
2023-07-27,90,HFO,53.59,11.0,264.0,24,632.1184,0.65,Calm,FMS_MARITIME,2026-04-06
2023-07-28,90,LSMGO,34.17,15.1,362.4,24,293.6131,0.45,Moderate,FMS_MARITIME,2026-04-06
2023-07-28,90,LSMGO,55.8,8.4,201.6,24,861.9107,0.83,Rough,FMS_MARITIME,2026-04-06
2023-07-28,90,LSMGO,46.83,17.0,408.0,24,357.4231,0.88,Rough,FMS_MARITIME,2026-04-06
2023-07-01,91,LNG,22.33,16.3,391.2,24,177.7495,0.4,Calm,FMS_MARITIME,2026-04-06
2023-07-02,91,HFO,82.98,12.7,304.8,24,847.7681,0.42,Moderate,FMS_MARITIME,2026-04-06
2023-07-03,91,LNG,18.94,14.0,336.0,24,175.5332,0.62,Moderate,FMS_MARITIME,2026-04-06
2023-07-04,91,LSMGO,48.2,9.3,223.2,24,672.4677,0.92,Calm,FMS_MARITIME,2026-04-06
2023-07-05,91,VLSFO,77.98,17.2,412.8,24,588.2503,0.58,Calm,FMS_MARITIME,2026-04-06
2023-07-06,91,HFO,76.1,14.3,343.2,24,690.4878,0.92,Rough,FMS_MARITIME,2026-04-06
2023-07-07,91,LSMGO,63.91,8.3,199.2,24,999.075,0.81,Calm,FMS_MARITIME,2026-04-06
2023-07-08,91,HFO,51.56,11.2,268.8,24,597.3134,0.86,Moderate,FMS_MARITIME,2026-04-06
2023-07-09,91,HFO,29.88,12.8,307.2,24,302.8852,0.61,Moderate,FMS_MARITIME,2026-04-06
2023-07-10,91,HFO,70.08,8.8,211.2,24,1033.2818,0.54,Rough,FMS_MARITIME,2026-04-06
2023-07-11,91,MGO,58.71,17.2,412.8,24,442.885,0.73,Moderate,FMS_MARITIME,2026-04-06
2023-07-12,91,HFO,53.17,9.0,216.0,24,766.5342,0.8,Rough,FMS_MARITIME,2026-04-06
2023-07-13,91,HFO,71.17,14.5,348.0,24,636.8488,0.41,Rough,FMS_MARITIME,2026-04-06
2023-07-14,91,LNG,24.7,11.3,271.2,24,283.6128,0.76,Calm,FMS_MARITIME,2026-04-06
2023-07-15,91,LSMGO,36.7,16.2,388.8,24,293.9398,0.59,Moderate,FMS_MARITIME,2026-04-06
2023-07-16,91,LNG,51.1,15.1,362.4,24,439.0877,0.96,Moderate,FMS_MARITIME,2026-04-06
2023-07-17,91,HFO,72.25,9.5,228.0,24,986.7829,0.84,Moderate,FMS_MARITIME,2026-04-06
2023-07-18,91,LNG,36.82,17.8,427.2,24,268.393,0.58,Rough,FMS_MARITIME,2026-04-06
2023-07-19,91,VLSFO,54.3,14.9,357.6,24,472.8473,0.6,Rough,FMS_MARITIME,2026-04-06
2023-07-20,91,MGO,75.95,11.3,271.2,24,872.0808,0.53,Calm,FMS_MARITIME,2026-04-06
2023-07-21,91,VLSFO,71.31,15.4,369.6,24,600.8099,0.9,Rough,FMS_MARITIME,2026-04-06
2023-07-22,91,MGO,56.99,10.7,256.8,24,691.0703,0.61,Calm,FMS_MARITIME,2026-04-06
2023-07-23,91,VLSFO,80.84,14.4,345.6,24,728.4021,0.42,Rough,FMS_MARITIME,2026-04-06
2023-07-24,91,LNG,54.38,10.5,252.0,24,671.9814,0.48,Rough,FMS_MARITIME,2026-04-06
2023-07-25,91,VLSFO,40.01,14.0,336.0,24,370.807,0.65,Calm,FMS_MARITIME,2026-04-06
2023-07-26,91,MGO,40.01,17.4,417.6,24,298.3504,0.54,Rough,FMS_MARITIME,2026-04-06
2023-07-27,91,VLSFO,42.41,10.6,254.4,24,519.1224,0.86,Rough,FMS_MARITIME,2026-04-06
2023-07-28,91,LSMGO,69.39,9.8,235.2,24,918.7094,0.52,Calm,FMS_MARITIME,2026-04-06
2023-07-28,91,MGO,65.44,10.5,252.0,24,808.6514,0.71,Calm,FMS_MARITIME,2026-04-06
2023-07-28,91,HFO,42.77,8.6,206.4,24,645.2799,0.89,Rough,FMS_MARITIME,2026-04-06
2023-07-01,92,MGO,52.51,8.2,196.8,24,830.8747,0.59,Calm,FMS_MARITIME,2026-04-06
2023-07-02,92,MGO,84.91,15.0,360.0,24,734.4715,0.99,Rough,FMS_MARITIME,2026-04-06
2023-07-03,92,LNG,28.85,16.1,386.4,24,232.5023,0.46,Moderate,FMS_MARITIME,2026-04-06
2023-07-04,92,MGO,15.74,9.1,218.4,24,224.4247,0.47,Calm,FMS_MARITIME,2026-04-06
2023-07-05,92,VLSFO,51.14,8.2,196.8,24,809.197,0.42,Rough,FMS_MARITIME,2026-04-06
2023-07-06,92,VLSFO,53.0,12.3,295.2,24,559.0854,0.5,Calm,FMS_MARITIME,2026-04-06
2023-07-07,92,VLSFO,42.91,12.4,297.6,24,448.9978,0.81,Rough,FMS_MARITIME,2026-04-06
2023-07-08,92,VLSFO,84.92,15.2,364.8,24,724.8928,0.44,Moderate,FMS_MARITIME,2026-04-06
2023-07-09,92,MGO,53.52,14.3,343.2,24,485.6098,0.46,Calm,FMS_MARITIME,2026-04-06
2023-07-10,92,HFO,33.37,11.0,264.0,24,393.6143,0.85,Moderate,FMS_MARITIME,2026-04-06
2023-07-11,92,LSMGO,72.39,14.1,338.4,24,666.142,0.99,Rough,FMS_MARITIME,2026-04-06
2023-07-12,92,LNG,26.67,12.5,300.0,24,276.8346,0.92,Moderate,FMS_MARITIME,2026-04-06
2023-07-13,92,MGO,20.1,12.7,304.8,24,205.3524,0.41,Moderate,FMS_MARITIME,2026-04-06
2023-07-14,92,HFO,57.21,10.8,259.2,24,687.3146,0.55,Calm,FMS_MARITIME,2026-04-06
2023-07-15,92,LSMGO,53.76,16.5,396.0,24,422.7491,0.74,Calm,FMS_MARITIME,2026-04-06
2023-07-16,92,MGO,53.61,15.0,360.0,24,463.7265,0.76,Moderate,FMS_MARITIME,2026-04-06
2023-07-17,92,VLSFO,42.6,8.7,208.8,24,635.3276,0.91,Calm,FMS_MARITIME,2026-04-06
2023-07-18,92,LNG,73.43,14.2,340.8,24,670.9537,0.41,Moderate,FMS_MARITIME,2026-04-06
2023-07-19,92,VLSFO,83.57,13.8,331.2,24,785.7397,0.53,Moderate,FMS_MARITIME,2026-04-06
2023-07-20,92,LNG,38.34,16.5,396.0,24,301.4918,0.44,Moderate,FMS_MARITIME,2026-04-06
2023-07-21,92,LNG,76.42,10.9,261.6,24,909.6784,0.93,Calm,FMS_MARITIME,2026-04-06
2023-07-22,92,LNG,52.8,17.4,417.6,24,393.7241,0.74,Calm,FMS_MARITIME,2026-04-06
2023-07-23,92,VLSFO,58.71,15.5,372.0,24,491.4595,0.87,Rough,FMS_MARITIME,2026-04-06
2023-07-24,92,HFO,66.25,11.2,268.8,24,767.4944,0.72,Rough,FMS_MARITIME,2026-04-06
2023-07-25,92,MGO,24.31,15.3,367.2,24,206.1583,0.51,Calm,FMS_MARITIME,2026-04-06
2023-07-26,92,LNG,32.83,13.6,326.4,24,313.2127,0.75,Rough,FMS_MARITIME,2026-04-06
2023-07-27,92,LSMGO,57.03,13.8,331.2,24,536.206,0.42,Rough,FMS_MARITIME,2026-04-06
2023-07-28,92,LSMGO,22.07,9.6,230.4,24,298.2898,0.5,Calm,FMS_MARITIME,2026-04-06
2023-07-28,92,LNG,39.01,16.5,396.0,24,306.7605,0.82,Calm,FMS_MARITIME,2026-04-06
2023-07-28,92,LNG,34.94,14.7,352.8,24,308.399,0.87,Calm,FMS_MARITIME,2026-04-06
2023-07-01,93,VLSFO,64.9,11.2,268.8,24,751.8549,0.7,Moderate,FMS_MARITIME,2026-04-06
2023-07-02,93,LSMGO,82.57,17.9,429.6,24,598.5172,1.0,Rough,FMS_MARITIME,2026-04-06
2023-07-03,93,LNG,73.95,11.6,278.4,24,827.1563,0.68,Moderate,FMS_MARITIME,2026-04-06
2023-07-04,93,HFO,19.96,10.0,240.0,24,258.981,0.82,Rough,FMS_MARITIME,2026-04-06
2023-07-05,93,HFO,27.22,17.3,415.2,24,204.15,0.92,Rough,FMS_MARITIME,2026-04-06
2023-07-06,93,VLSFO,45.18,8.3,199.2,24,706.2777,0.46,Moderate,FMS_MARITIME,2026-04-06
2023-07-07,93,HFO,64.76,17.4,417.6,24,482.9086,0.96,Calm,FMS_MARITIME,2026-04-06
2023-07-08,93,VLSFO,76.08,16.2,388.8,24,609.3444,0.62,Moderate,FMS_MARITIME,2026-04-06
2023-07-09,93,MGO,58.28,8.5,204.0,24,889.6271,0.48,Rough,FMS_MARITIME,2026-04-06
2023-07-10,93,LSMGO,52.26,13.9,333.6,24,487.8227,0.91,Rough,FMS_MARITIME,2026-04-06
2023-07-11,93,LNG,67.75,13.2,316.8,24,665.9517,0.66,Calm,FMS_MARITIME,2026-04-06
2023-07-12,93,LNG,34.12,14.8,355.2,24,299.1264,0.66,Rough,FMS_MARITIME,2026-04-06
2023-07-13,93,VLSFO,70.16,8.6,206.4,24,1058.5186,0.69,Calm,FMS_MARITIME,2026-04-06
2023-07-14,93,VLSFO,28.03,15.9,381.6,24,228.7354,0.7,Calm,FMS_MARITIME,2026-04-06
2023-07-15,93,VLSFO,49.21,16.5,396.0,24,386.9695,0.52,Calm,FMS_MARITIME,2026-04-06
2023-07-16,93,HFO,63.7,14.4,345.6,24,573.9635,0.42,Calm,FMS_MARITIME,2026-04-06
2023-07-17,93,LSMGO,72.63,17.3,415.2,24,544.725,0.53,Moderate,FMS_MARITIME,2026-04-06
2023-07-18,93,VLSFO,61.43,14.6,350.4,24,545.9276,0.8,Calm,FMS_MARITIME,2026-04-06
2023-07-19,93,VLSFO,62.62,14.1,338.4,24,576.2372,0.58,Moderate,FMS_MARITIME,2026-04-06
2023-07-20,93,LSMGO,21.44,14.2,340.8,24,195.9042,0.48,Calm,FMS_MARITIME,2026-04-06
2023-07-21,93,MGO,17.57,16.3,391.2,24,139.8594,0.79,Calm,FMS_MARITIME,2026-04-06
2023-07-22,93,HFO,82.99,13.9,333.6,24,774.6728,0.79,Calm,FMS_MARITIME,2026-04-06
2023-07-23,93,VLSFO,38.42,12.6,302.4,24,395.6345,0.53,Moderate,FMS_MARITIME,2026-04-06
2023-07-24,93,LSMGO,59.73,10.8,259.2,24,717.5896,0.54,Calm,FMS_MARITIME,2026-04-06
2023-07-25,93,VLSFO,82.55,9.4,225.6,24,1139.4535,0.98,Calm,FMS_MARITIME,2026-04-06
2023-07-26,93,VLSFO,30.67,17.7,424.8,24,224.8267,0.55,Calm,FMS_MARITIME,2026-04-06
2023-07-27,93,MGO,59.25,13.7,328.8,24,561.1451,0.93,Rough,FMS_MARITIME,2026-04-06
2023-07-28,93,MGO,39.24,14.7,352.8,24,346.3531,0.42,Rough,FMS_MARITIME,2026-04-06
2023-07-28,93,VLSFO,83.22,8.7,208.8,24,1241.1259,0.92,Moderate,FMS_MARITIME,2026-04-06
2023-07-28,93,HFO,67.51,15.2,364.8,24,576.2778,0.7,Rough,FMS_MARITIME,2026-04-06
2023-07-01,94,HFO,19.63,11.3,271.2,24,225.3976,0.44,Rough,FMS_MARITIME,2026-04-06
2023-07-02,94,HFO,74.89,11.0,264.0,24,883.3616,0.46,Rough,FMS_MARITIME,2026-04-06
2023-07-03,94,HFO,59.84,16.3,391.2,24,476.3337,0.42,Calm,FMS_MARITIME,2026-04-06
2023-07-04,94,LNG,75.56,16.6,398.4,24,590.597,0.89,Moderate,FMS_MARITIME,2026-04-06
2023-07-05,94,HFO,57.12,17.9,429.6,24,414.0402,0.77,Calm,FMS_MARITIME,2026-04-06
2023-07-06,94,LNG,32.28,11.1,266.4,24,377.327,0.72,Moderate,FMS_MARITIME,2026-04-06
2023-07-07,94,MGO,46.53,9.6,230.4,24,628.882,0.79,Rough,FMS_MARITIME,2026-04-06
2023-07-08,94,VLSFO,50.38,14.3,343.2,24,457.1192,0.59,Rough,FMS_MARITIME,2026-04-06
2023-07-09,94,HFO,28.59,8.6,206.4,24,431.3433,0.63,Moderate,FMS_MARITIME,2026-04-06
2023-07-10,94,MGO,78.0,13.4,321.6,24,755.2612,0.82,Calm,FMS_MARITIME,2026-04-06
2023-07-11,94,HFO,42.72,14.3,343.2,24,387.6168,0.53,Calm,FMS_MARITIME,2026-04-06
2023-07-12,94,HFO,36.2,16.1,386.4,24,291.736,0.53,Calm,FMS_MARITIME,2026-04-06
2023-07-13,94,LSMGO,76.93,17.0,408.0,24,587.1569,0.71,Moderate,FMS_MARITIME,2026-04-06
2023-07-14,94,LNG,36.58,15.6,374.4,24,304.2471,0.55,Rough,FMS_MARITIME,2026-04-06
2023-07-15,94,LSMGO,39.11,14.0,336.0,24,362.4659,0.78,Moderate,FMS_MARITIME,2026-04-06
2023-07-16,94,LNG,16.96,11.8,283.2,24,186.4881,0.73,Moderate,FMS_MARITIME,2026-04-06
2023-07-17,94,MGO,41.33,9.2,220.8,24,582.8878,0.46,Calm,FMS_MARITIME,2026-04-06
2023-07-18,94,MGO,49.19,11.3,271.2,24,564.8144,0.91,Moderate,FMS_MARITIME,2026-04-06
2023-07-19,94,LNG,74.42,8.4,201.6,24,1149.5232,0.53,Rough,FMS_MARITIME,2026-04-06
2023-07-20,94,MGO,52.63,16.6,398.4,24,411.37,0.9,Moderate,FMS_MARITIME,2026-04-06
2023-07-21,94,MGO,22.17,10.3,247.2,24,279.2774,0.87,Calm,FMS_MARITIME,2026-04-06
2023-07-22,94,VLSFO,27.45,8.5,204.0,24,419.0162,0.64,Rough,FMS_MARITIME,2026-04-06
2023-07-23,94,MGO,32.43,9.2,220.8,24,457.3687,0.52,Moderate,FMS_MARITIME,2026-04-06
2023-07-24,94,VLSFO,30.09,16.9,405.6,24,231.0164,0.42,Rough,FMS_MARITIME,2026-04-06
2023-07-25,94,HFO,35.88,15.3,367.2,24,304.2765,0.4,Calm,FMS_MARITIME,2026-04-06
2023-07-26,94,VLSFO,34.96,16.9,405.6,24,268.4059,0.74,Rough,FMS_MARITIME,2026-04-06
2023-07-27,94,LSMGO,25.71,11.3,271.2,24,295.21,0.58,Calm,FMS_MARITIME,2026-04-06
2023-07-28,94,HFO,43.7,8.9,213.6,24,637.0871,0.4,Rough,FMS_MARITIME,2026-04-06
2023-07-28,94,LNG,67.95,16.7,400.8,24,527.9349,0.68,Calm,FMS_MARITIME,2026-04-06
2023-07-28,94,LSMGO,51.42,13.7,328.8,24,486.9887,0.84,Calm,FMS_MARITIME,2026-04-06
2023-07-01,95,HFO,34.49,11.1,266.4,24,403.1601,0.82,Moderate,FMS_MARITIME,2026-04-06
2023-07-02,95,MGO,72.44,16.2,388.8,24,580.1907,0.44,Rough,FMS_MARITIME,2026-04-06
2023-07-03,95,LSMGO,34.66,14.9,357.6,24,301.8211,0.88,Moderate,FMS_MARITIME,2026-04-06
2023-07-04,95,LNG,16.07,12.8,307.2,24,162.8971,0.65,Moderate,FMS_MARITIME,2026-04-06
2023-07-05,95,VLSFO,78.43,8.2,196.8,24,1241.0113,0.92,Rough,FMS_MARITIME,2026-04-06
2023-07-06,95,VLSFO,62.68,9.1,218.4,24,893.7066,0.42,Moderate,FMS_MARITIME,2026-04-06
2023-07-07,95,HFO,35.93,15.1,362.4,24,308.7363,0.5,Moderate,FMS_MARITIME,2026-04-06
2023-07-08,95,MGO,78.5,14.6,350.4,24,697.6284,0.83,Moderate,FMS_MARITIME,2026-04-06
2023-07-09,95,VLSFO,41.03,11.7,280.8,24,455.0122,0.5,Calm,FMS_MARITIME,2026-04-06
2023-07-10,95,MGO,73.67,14.7,352.8,24,650.2505,0.78,Moderate,FMS_MARITIME,2026-04-06
2023-07-11,95,LSMGO,37.84,9.5,228.0,24,516.8147,0.43,Rough,FMS_MARITIME,2026-04-06
2023-07-12,95,MGO,71.49,9.1,218.4,24,1019.3217,0.81,Rough,FMS_MARITIME,2026-04-06
2023-07-13,95,LSMGO,41.39,10.4,249.6,24,516.38,0.74,Calm,FMS_MARITIME,2026-04-06
2023-07-14,95,HFO,42.68,9.6,230.4,24,576.8469,0.57,Calm,FMS_MARITIME,2026-04-06
2023-07-15,95,VLSFO,36.78,9.2,220.8,24,518.7179,0.69,Calm,FMS_MARITIME,2026-04-06
2023-07-16,95,LSMGO,80.45,8.9,213.6,24,1172.8525,0.4,Rough,FMS_MARITIME,2026-04-06
2023-07-17,95,VLSFO,31.11,11.8,283.2,24,342.0782,0.58,Rough,FMS_MARITIME,2026-04-06
2023-07-18,95,MGO,25.91,13.6,326.4,24,247.1928,0.78,Calm,FMS_MARITIME,2026-04-06
2023-07-19,95,LNG,61.67,13.0,312.0,24,615.514,0.98,Moderate,FMS_MARITIME,2026-04-06
2023-07-20,95,HFO,40.96,9.7,232.8,24,547.8928,0.41,Calm,FMS_MARITIME,2026-04-06
2023-07-21,95,HFO,23.21,14.4,345.6,24,209.1318,0.79,Moderate,FMS_MARITIME,2026-04-06
2023-07-22,95,LNG,67.41,10.2,244.8,24,857.4949,0.85,Moderate,FMS_MARITIME,2026-04-06
2023-07-23,95,LNG,82.77,10.2,244.8,24,1052.8831,0.78,Rough,FMS_MARITIME,2026-04-06
2023-07-24,95,HFO,44.54,10.8,259.2,24,535.0986,0.68,Rough,FMS_MARITIME,2026-04-06
2023-07-25,95,MGO,32.41,16.4,393.6,24,256.4145,0.76,Moderate,FMS_MARITIME,2026-04-06
2023-07-26,95,MGO,24.97,17.7,424.8,24,183.0428,0.46,Moderate,FMS_MARITIME,2026-04-06
2023-07-27,95,LNG,46.47,15.0,360.0,24,401.9655,0.67,Rough,FMS_MARITIME,2026-04-06
2023-07-28,95,HFO,33.67,10.7,256.8,24,408.2881,0.49,Rough,FMS_MARITIME,2026-04-06
2023-07-28,95,VLSFO,27.55,17.3,415.2,24,206.625,0.53,Rough,FMS_MARITIME,2026-04-06
2023-07-28,95,VLSFO,72.21,9.7,232.8,24,965.9018,0.93,Moderate,FMS_MARITIME,2026-04-06
2023-07-01,96,LSMGO,40.88,11.5,276.0,24,461.233,0.83,Moderate,FMS_MARITIME,2026-04-06
2023-07-02,96,HFO,55.95,15.7,376.8,24,462.3893,0.75,Calm,FMS_MARITIME,2026-04-06
2023-07-03,96,HFO,57.26,15.8,379.2,24,470.2206,0.9,Moderate,FMS_MARITIME,2026-04-06
2023-07-04,96,LNG,45.51,11.7,280.8,24,504.6942,0.71,Moderate,FMS_MARITIME,2026-04-06
2023-07-05,96,HFO,55.39,12.5,300.0,24,574.9482,0.91,Rough,FMS_MARITIME,2026-04-06
2023-07-06,96,VLSFO,16.67,11.9,285.6,24,181.759,0.83,Calm,FMS_MARITIME,2026-04-06
2023-07-07,96,MGO,53.94,17.3,415.2,24,404.55,0.71,Calm,FMS_MARITIME,2026-04-06
2023-07-08,96,LNG,15.45,16.2,388.8,24,123.7431,0.76,Moderate,FMS_MARITIME,2026-04-06
2023-07-09,96,LNG,16.74,12.6,302.4,24,172.3821,0.72,Rough,FMS_MARITIME,2026-04-06
2023-07-10,96,LNG,15.46,11.0,264.0,24,182.3577,0.67,Calm,FMS_MARITIME,2026-04-06
2023-07-11,96,LNG,38.31,10.8,259.2,24,460.2521,0.51,Calm,FMS_MARITIME,2026-04-06
2023-07-12,96,LNG,81.11,9.4,225.6,24,1119.5769,0.62,Rough,FMS_MARITIME,2026-04-06
2023-07-13,96,VLSFO,16.45,13.9,333.6,24,153.5531,0.5,Rough,FMS_MARITIME,2026-04-06
2023-07-14,96,VLSFO,23.39,12.5,300.0,24,242.7882,0.65,Calm,FMS_MARITIME,2026-04-06
2023-07-15,96,LSMGO,62.11,11.5,276.0,24,700.7628,0.83,Rough,FMS_MARITIME,2026-04-06
2023-07-16,96,LNG,26.7,14.0,336.0,24,247.4518,0.58,Rough,FMS_MARITIME,2026-04-06
2023-07-17,96,MGO,40.01,10.6,254.4,24,489.745,0.94,Moderate,FMS_MARITIME,2026-04-06
2023-07-18,96,HFO,66.11,12.4,297.6,24,691.7558,0.71,Calm,FMS_MARITIME,2026-04-06
2023-07-19,96,VLSFO,34.71,10.7,256.8,24,420.8993,0.52,Rough,FMS_MARITIME,2026-04-06
2023-07-20,96,HFO,59.8,12.8,307.2,24,606.1758,0.76,Calm,FMS_MARITIME,2026-04-06
2023-07-21,96,MGO,29.71,16.2,388.8,24,237.9551,0.72,Calm,FMS_MARITIME,2026-04-06
2023-07-22,96,LSMGO,21.95,17.7,424.8,24,160.9047,0.95,Calm,FMS_MARITIME,2026-04-06
2023-07-23,96,VLSFO,15.88,8.5,204.0,24,242.4035,0.63,Calm,FMS_MARITIME,2026-04-06
2023-07-24,96,LNG,48.46,17.4,417.6,24,361.3612,0.98,Rough,FMS_MARITIME,2026-04-06
2023-07-25,96,LSMGO,49.77,9.8,235.2,24,658.9446,0.43,Rough,FMS_MARITIME,2026-04-06
2023-07-26,96,VLSFO,81.66,15.5,372.0,24,683.5732,0.88,Rough,FMS_MARITIME,2026-04-06
2023-07-27,96,LSMGO,78.57,16.0,384.0,24,637.1536,0.5,Rough,FMS_MARITIME,2026-04-06
2023-07-28,96,VLSFO,73.35,14.9,357.6,24,638.7357,0.8,Rough,FMS_MARITIME,2026-04-06
2023-07-28,96,MGO,53.9,16.4,393.6,24,426.4345,0.4,Rough,FMS_MARITIME,2026-04-06
2023-07-28,96,VLSFO,66.56,15.6,374.4,24,553.6,0.74,Rough,FMS_MARITIME,2026-04-06
2023-07-01,97,HFO,27.74,13.8,331.2,24,260.8163,0.42,Calm,FMS_MARITIME,2026-04-06
2023-07-02,97,VLSFO,51.22,11.6,278.4,24,572.9134,0.41,Rough,FMS_MARITIME,2026-04-06
2023-07-03,97,LSMGO,49.54,16.9,405.6,24,380.3441,0.5,Calm,FMS_MARITIME,2026-04-06
2023-07-04,97,LSMGO,17.4,12.4,297.6,24,182.0685,0.58,Calm,FMS_MARITIME,2026-04-06
2023-07-05,97,LSMGO,36.91,10.0,240.0,24,478.9072,0.47,Calm,FMS_MARITIME,2026-04-06
2023-07-06,97,HFO,37.43,13.5,324.0,24,359.7439,0.89,Moderate,FMS_MARITIME,2026-04-06
2023-07-07,97,LSMGO,43.35,13.2,316.8,24,426.1108,0.64,Rough,FMS_MARITIME,2026-04-06
2023-07-08,97,LNG,41.12,10.4,249.6,24,513.0115,0.51,Calm,FMS_MARITIME,2026-04-06
2023-07-09,97,LSMGO,68.67,15.9,381.6,24,560.3731,0.95,Moderate,FMS_MARITIME,2026-04-06
2023-07-10,97,HFO,75.49,10.0,240.0,24,979.4827,0.8,Rough,FMS_MARITIME,2026-04-06
2023-07-11,97,HFO,57.31,8.1,194.4,24,918.0213,0.49,Rough,FMS_MARITIME,2026-04-06
2023-07-12,97,HFO,18.97,16.0,384.0,24,153.8348,0.81,Calm,FMS_MARITIME,2026-04-06
2023-07-13,97,LSMGO,69.0,15.1,362.4,24,592.8974,0.61,Rough,FMS_MARITIME,2026-04-06
2023-07-14,97,LNG,37.25,12.9,309.6,24,374.6657,0.4,Rough,FMS_MARITIME,2026-04-06
2023-07-15,97,HFO,54.63,10.0,240.0,24,708.8243,0.73,Rough,FMS_MARITIME,2026-04-06
2023-07-16,97,LNG,39.45,13.2,316.8,24,387.7756,0.67,Moderate,FMS_MARITIME,2026-04-06
2023-07-17,97,LNG,37.46,14.5,348.0,24,335.2024,0.89,Moderate,FMS_MARITIME,2026-04-06
2023-07-18,97,HFO,19.26,13.4,321.6,24,186.4914,0.9,Moderate,FMS_MARITIME,2026-04-06
2023-07-19,97,VLSFO,73.99,13.8,331.2,24,695.6668,0.8,Calm,FMS_MARITIME,2026-04-06
2023-07-20,97,MGO,54.61,15.8,379.2,24,448.4587,0.88,Calm,FMS_MARITIME,2026-04-06
2023-07-21,97,HFO,40.7,8.4,201.6,24,628.6696,0.93,Calm,FMS_MARITIME,2026-04-06
2023-07-22,97,LNG,42.04,10.0,240.0,24,545.469,0.42,Calm,FMS_MARITIME,2026-04-06
2023-07-23,97,VLSFO,67.96,15.5,372.0,24,568.891,0.59,Calm,FMS_MARITIME,2026-04-06
2023-07-24,97,LNG,71.81,14.1,338.4,24,660.8048,0.78,Calm,FMS_MARITIME,2026-04-06
2023-07-25,97,LSMGO,84.2,16.7,400.8,24,654.1886,0.59,Rough,FMS_MARITIME,2026-04-06
2023-07-26,97,LNG,43.76,13.4,321.6,24,423.7209,0.7,Moderate,FMS_MARITIME,2026-04-06
2023-07-27,97,HFO,21.83,10.4,249.6,24,272.3502,0.87,Rough,FMS_MARITIME,2026-04-06
2023-07-28,97,HFO,73.63,17.7,424.8,24,539.7453,0.77,Moderate,FMS_MARITIME,2026-04-06
2023-07-28,97,VLSFO,33.57,12.2,292.8,24,357.0252,0.81,Rough,FMS_MARITIME,2026-04-06
2023-07-28,97,HFO,33.76,9.3,223.2,24,471.0065,0.65,Calm,FMS_MARITIME,2026-04-06
2023-07-01,98,LSMGO,46.37,17.7,424.8,24,339.9157,0.95,Moderate,FMS_MARITIME,2026-04-06
2023-07-02,98,VLSFO,21.71,17.3,415.2,24,162.825,0.99,Moderate,FMS_MARITIME,2026-04-06
2023-07-03,98,MGO,29.17,14.9,357.6,24,254.0139,0.86,Calm,FMS_MARITIME,2026-04-06
2023-07-04,98,LSMGO,74.07,8.7,208.8,24,1104.6647,0.88,Moderate,FMS_MARITIME,2026-04-06
2023-07-05,98,HFO,78.23,14.1,338.4,24,719.8824,0.78,Calm,FMS_MARITIME,2026-04-06
2023-07-06,98,LSMGO,55.72,12.2,292.8,24,592.5959,1.0,Calm,FMS_MARITIME,2026-04-06
2023-07-07,98,LNG,69.59,14.3,343.2,24,631.4198,0.79,Moderate,FMS_MARITIME,2026-04-06
2023-07-08,98,LSMGO,16.72,8.4,201.6,24,258.2643,0.9,Calm,FMS_MARITIME,2026-04-06
2023-07-09,98,MGO,82.39,9.9,237.6,24,1079.8083,0.5,Rough,FMS_MARITIME,2026-04-06
2023-07-10,98,LNG,37.63,16.8,403.2,24,290.6246,0.98,Moderate,FMS_MARITIME,2026-04-06
2023-07-11,98,VLSFO,84.22,16.1,386.4,24,678.7295,0.55,Rough,FMS_MARITIME,2026-04-06
2023-07-12,98,LNG,45.36,15.3,367.2,24,384.6706,0.79,Rough,FMS_MARITIME,2026-04-06
2023-07-13,98,LNG,61.36,14.9,357.6,24,534.3262,0.53,Rough,FMS_MARITIME,2026-04-06
2023-07-14,98,VLSFO,52.0,10.0,240.0,24,674.7,0.52,Calm,FMS_MARITIME,2026-04-06
2023-07-15,98,LNG,20.12,10.0,240.0,24,261.057,0.62,Moderate,FMS_MARITIME,2026-04-06
2023-07-16,98,LSMGO,80.66,17.1,410.4,24,612.0254,0.51,Calm,FMS_MARITIME,2026-04-06
2023-07-17,98,LSMGO,52.06,16.0,384.0,24,422.1741,0.79,Rough,FMS_MARITIME,2026-04-06
2023-07-18,98,VLSFO,23.06,16.1,386.4,24,185.8407,0.71,Moderate,FMS_MARITIME,2026-04-06
2023-07-19,98,LNG,27.1,10.6,254.4,24,331.7193,0.57,Rough,FMS_MARITIME,2026-04-06
2023-07-20,98,LNG,22.48,15.7,376.8,24,185.7822,0.73,Moderate,FMS_MARITIME,2026-04-06
2023-07-21,98,LSMGO,33.05,10.4,249.6,24,412.3305,0.57,Moderate,FMS_MARITIME,2026-04-06
2023-07-22,98,LNG,50.37,8.7,208.8,24,751.2078,0.59,Rough,FMS_MARITIME,2026-04-06
2023-07-23,98,LSMGO,27.8,11.6,278.4,24,310.9526,0.7,Calm,FMS_MARITIME,2026-04-06
2023-07-24,98,HFO,39.68,10.6,254.4,24,485.7057,0.93,Rough,FMS_MARITIME,2026-04-06
2023-07-25,98,HFO,54.39,12.4,297.6,24,569.1212,0.8,Rough,FMS_MARITIME,2026-04-06
2023-07-26,98,HFO,31.35,14.8,355.2,24,274.8421,0.88,Moderate,FMS_MARITIME,2026-04-06
2023-07-27,98,VLSFO,63.62,15.1,362.4,24,546.6685,0.45,Rough,FMS_MARITIME,2026-04-06
2023-07-28,98,MGO,25.01,14.7,352.8,24,220.7515,0.95,Calm,FMS_MARITIME,2026-04-06
2023-07-28,98,VLSFO,37.26,13.8,331.2,24,350.325,0.8,Moderate,FMS_MARITIME,2026-04-06
2023-07-28,98,LNG,39.22,10.7,256.8,24,475.5883,0.68,Moderate,FMS_MARITIME,2026-04-06
2023-07-01,99,HFO,59.84,13.5,324.0,24,575.1289,0.8,Calm,FMS_MARITIME,2026-04-06
2023-07-02,99,HFO,40.05,16.0,384.0,24,324.7805,0.67,Calm,FMS_MARITIME,2026-04-06
2023-07-03,99,LNG,77.36,15.1,362.4,24,664.7325,0.5,Moderate,FMS_MARITIME,2026-04-06
2023-07-04,99,LSMGO,84.49,10.0,240.0,24,1096.2577,0.8,Moderate,FMS_MARITIME,2026-04-06
2023-07-05,99,VLSFO,71.0,13.7,328.8,24,672.427,0.76,Rough,FMS_MARITIME,2026-04-06
2023-07-06,99,HFO,39.39,11.0,264.0,24,464.623,0.93,Moderate,FMS_MARITIME,2026-04-06
2023-07-07,99,MGO,20.11,8.7,208.8,24,299.9164,0.63,Calm,FMS_MARITIME,2026-04-06
2023-07-08,99,VLSFO,43.42,17.6,422.4,24,320.0991,0.68,Rough,FMS_MARITIME,2026-04-06
2023-07-09,99,LNG,72.75,15.2,364.8,24,621.0074,0.6,Moderate,FMS_MARITIME,2026-04-06
2023-07-10,99,LSMGO,84.75,14.5,348.0,24,758.3664,0.92,Calm,FMS_MARITIME,2026-04-06
2023-07-11,99,MGO,75.81,10.9,261.6,24,902.4172,0.73,Calm,FMS_MARITIME,2026-04-06
2023-07-12,99,VLSFO,79.88,15.4,369.6,24,673.0149,0.8,Calm,FMS_MARITIME,2026-04-06
2023-07-13,99,HFO,33.31,12.4,297.6,24,348.5462,0.96,Moderate,FMS_MARITIME,2026-04-06
2023-07-14,99,LSMGO,68.87,10.6,254.4,24,843.0078,0.56,Rough,FMS_MARITIME,2026-04-06
2023-07-15,99,LSMGO,34.49,15.6,374.4,24,286.8639,0.5,Calm,FMS_MARITIME,2026-04-06
2023-07-16,99,LNG,41.07,11.0,264.0,24,484.4393,0.64,Moderate,FMS_MARITIME,2026-04-06
2023-07-17,99,LSMGO,64.29,17.4,417.6,24,479.4039,0.52,Calm,FMS_MARITIME,2026-04-06
2023-07-18,99,LNG,84.91,12.5,300.0,24,881.3658,0.95,Calm,FMS_MARITIME,2026-04-06
2023-07-19,99,LSMGO,63.85,12.3,295.2,24,673.5396,0.43,Rough,FMS_MARITIME,2026-04-06
2023-07-20,99,VLSFO,58.75,9.3,223.2,24,819.6573,0.62,Moderate,FMS_MARITIME,2026-04-06
2023-07-21,99,VLSFO,31.77,13.9,333.6,24,296.5581,0.94,Rough,FMS_MARITIME,2026-04-06
2023-07-22,99,HFO,22.35,14.6,350.4,24,198.6241,0.78,Calm,FMS_MARITIME,2026-04-06
2023-07-23,99,LSMGO,71.99,17.5,420.0,24,533.7544,0.88,Moderate,FMS_MARITIME,2026-04-06
2023-07-24,99,LSMGO,73.19,16.3,391.2,24,582.6014,0.48,Rough,FMS_MARITIME,2026-04-06
2023-07-25,99,HFO,74.78,15.5,372.0,24,625.981,0.67,Calm,FMS_MARITIME,2026-04-06
2023-07-26,99,LNG,74.76,18.0,432.0,24,538.895,0.59,Moderate,FMS_MARITIME,2026-04-06
2023-07-27,99,LSMGO,82.28,14.1,338.4,24,757.1511,0.77,Calm,FMS_MARITIME,2026-04-06
2023-07-28,99,MGO,17.69,16.9,405.6,24,135.8152,0.52,Moderate,FMS_MARITIME,2026-04-06
2023-07-28,99,LSMGO,34.26,8.2,196.8,24,542.1018,0.8,Moderate,FMS_MARITIME,2026-04-06
2023-07-28,99,VLSFO,18.21,16.3,391.2,24,144.9538,0.51,Moderate,FMS_MARITIME,2026-04-06
2023-07-01,100,HFO,17.29,16.7,400.8,24,134.334,0.55,Calm,FMS_MARITIME,2026-04-06
2023-07-02,100,VLSFO,40.73,14.9,357.6,24,354.679,0.67,Moderate,FMS_MARITIME,2026-04-06
2023-07-03,100,LSMGO,32.04,14.3,343.2,24,290.7126,0.43,Rough,FMS_MARITIME,2026-04-06
2023-07-04,100,LNG,28.56,17.5,420.0,24,211.752,0.41,Moderate,FMS_MARITIME,2026-04-06
2023-07-05,100,LSMGO,49.01,8.6,206.4,24,739.4241,0.64,Rough,FMS_MARITIME,2026-04-06
2023-07-06,100,LNG,80.84,14.7,352.8,24,713.5367,0.54,Rough,FMS_MARITIME,2026-04-06
2023-07-07,100,HFO,52.72,14.7,352.8,24,465.3347,0.77,Moderate,FMS_MARITIME,2026-04-06
2023-07-08,100,VLSFO,60.45,14.1,338.4,24,556.2686,0.85,Moderate,FMS_MARITIME,2026-04-06
2023-07-09,100,LNG,52.58,11.1,266.4,24,614.6176,0.81,Calm,FMS_MARITIME,2026-04-06
2023-07-10,100,VLSFO,21.92,12.2,292.8,24,233.1246,0.66,Calm,FMS_MARITIME,2026-04-06
2023-07-11,100,VLSFO,30.16,10.7,256.8,24,365.7252,0.81,Calm,FMS_MARITIME,2026-04-06
2023-07-12,100,VLSFO,23.91,17.7,424.8,24,175.2725,0.99,Rough,FMS_MARITIME,2026-04-06
2023-07-13,100,VLSFO,28.0,10.6,254.4,24,342.7358,0.77,Moderate,FMS_MARITIME,2026-04-06
2023-07-14,100,LSMGO,61.58,11.0,264.0,24,726.3641,0.47,Moderate,FMS_MARITIME,2026-04-06
2023-07-15,100,LNG,23.77,10.9,261.6,24,282.9502,0.86,Rough,FMS_MARITIME,2026-04-06
2023-07-16,100,LNG,30.02,8.0,192.0,24,486.8869,0.56,Rough,FMS_MARITIME,2026-04-06
2023-07-17,100,MGO,22.35,16.9,405.6,24,171.5925,0.83,Calm,FMS_MARITIME,2026-04-06
2023-07-18,100,MGO,82.16,15.8,379.2,24,674.7,0.98,Rough,FMS_MARITIME,2026-04-06
2023-07-19,100,VLSFO,30.05,11.2,268.8,24,348.1239,0.89,Calm,FMS_MARITIME,2026-04-06
2023-07-20,100,MGO,40.56,9.3,223.2,24,565.8774,0.42,Calm,FMS_MARITIME,2026-04-06
2023-07-21,100,MGO,36.62,9.4,225.6,24,505.4729,0.65,Rough,FMS_MARITIME,2026-04-06
2023-07-22,100,HFO,73.62,11.2,268.8,24,852.8746,0.84,Moderate,FMS_MARITIME,2026-04-06
2023-07-23,100,LSMGO,36.43,15.2,364.8,24,310.9732,0.63,Moderate,FMS_MARITIME,2026-04-06
2023-07-24,100,MGO,70.24,8.8,211.2,24,1035.6409,0.68,Moderate,FMS_MARITIME,2026-04-06
2023-07-25,100,LSMGO,59.03,11.6,278.4,24,660.2709,0.74,Moderate,FMS_MARITIME,2026-04-06
2023-07-26,100,HFO,21.17,13.4,321.6,24,204.9856,0.6,Moderate,FMS_MARITIME,2026-04-06
2023-07-27,100,MGO,80.9,9.5,228.0,24,1104.9237,0.77,Moderate,FMS_MARITIME,2026-04-06
2023-07-28,100,LNG,29.35,12.6,302.4,24,302.2351,0.54,Moderate,FMS_MARITIME,2026-04-06
2023-07-28,100,VLSFO,52.21,17.8,427.2,24,380.5757,0.62,Calm,FMS_MARITIME,2026-04-06
2023-07-28,100,LNG,68.43,12.2,292.8,24,727.7699,0.49,Moderate,FMS_MARITIME,2026-04-06
2023-07-01,101,HFO,31.21,13.2,316.8,24,306.7801,0.5,Moderate,FMS_MARITIME,2026-04-06
2023-07-02,101,MGO,23.12,11.1,266.4,24,270.2541,0.71,Moderate,FMS_MARITIME,2026-04-06
2023-07-03,101,LNG,63.08,10.2,244.8,24,802.4147,0.4,Moderate,FMS_MARITIME,2026-04-06
2023-07-04,101,HFO,66.33,8.7,208.8,24,989.2319,0.52,Moderate,FMS_MARITIME,2026-04-06
2023-07-05,101,LSMGO,72.06,13.5,324.0,24,692.5767,0.63,Moderate,FMS_MARITIME,2026-04-06
2023-07-06,101,LSMGO,68.7,12.2,292.8,24,730.6414,0.47,Moderate,FMS_MARITIME,2026-04-06
2023-07-07,101,HFO,46.22,8.8,211.2,24,681.4824,0.6,Rough,FMS_MARITIME,2026-04-06
2023-07-08,101,LSMGO,27.7,13.6,326.4,24,264.2702,0.61,Calm,FMS_MARITIME,2026-04-06
2023-07-09,101,VLSFO,58.68,9.3,223.2,24,818.6806,0.57,Rough,FMS_MARITIME,2026-04-06
2023-07-10,101,HFO,44.21,13.7,328.8,24,418.7042,0.75,Moderate,FMS_MARITIME,2026-04-06
2023-07-11,101,MGO,18.85,11.4,273.6,24,214.5428,0.42,Calm,FMS_MARITIME,2026-04-06
2023-07-12,101,VLSFO,15.96,8.8,211.2,24,235.3193,0.62,Rough,FMS_MARITIME,2026-04-06
2023-07-13,101,LSMGO,52.14,15.8,379.2,24,428.175,0.44,Calm,FMS_MARITIME,2026-04-06
2023-07-14,101,LSMGO,43.28,15.8,379.2,24,355.4165,0.49,Rough,FMS_MARITIME,2026-04-06
2023-07-15,101,HFO,74.28,12.6,302.4,24,764.9071,0.88,Calm,FMS_MARITIME,2026-04-06
2023-07-16,101,LNG,34.06,10.2,244.8,24,433.2632,0.74,Moderate,FMS_MARITIME,2026-04-06
2023-07-17,101,LSMGO,30.78,8.1,194.4,24,493.05,0.48,Moderate,FMS_MARITIME,2026-04-06
2023-07-18,101,MGO,27.14,11.9,285.6,24,295.9172,0.73,Moderate,FMS_MARITIME,2026-04-06
2023-07-19,101,LNG,16.89,11.0,264.0,24,199.2252,0.69,Calm,FMS_MARITIME,2026-04-06
2023-07-20,101,LSMGO,69.26,12.5,300.0,24,718.9188,0.82,Calm,FMS_MARITIME,2026-04-06
2023-07-21,101,LNG,20.16,8.8,211.2,24,297.2455,0.72,Calm,FMS_MARITIME,2026-04-06
2023-07-22,101,HFO,70.9,16.0,384.0,24,574.9547,0.91,Moderate,FMS_MARITIME,2026-04-06
2023-07-23,101,MGO,70.6,10.0,240.0,24,916.035,0.73,Rough,FMS_MARITIME,2026-04-06
2023-07-24,101,LNG,70.42,11.3,271.2,24,808.5836,0.53,Moderate,FMS_MARITIME,2026-04-06
2023-07-25,101,LSMGO,36.76,16.5,396.0,24,289.0673,0.67,Calm,FMS_MARITIME,2026-04-06
2023-07-26,101,LSMGO,80.01,14.5,348.0,24,715.9516,0.77,Moderate,FMS_MARITIME,2026-04-06
2023-07-27,101,LSMGO,82.31,16.5,396.0,24,647.2559,0.6,Rough,FMS_MARITIME,2026-04-06
2023-07-28,101,MGO,72.56,17.1,410.4,24,550.5649,0.61,Calm,FMS_MARITIME,2026-04-06
2023-07-28,101,HFO,42.47,17.2,412.8,24,320.3769,0.57,Calm,FMS_MARITIME,2026-04-06
2023-07-28,101,LNG,75.77,18.0,432.0,24,546.1754,0.76,Rough,FMS_MARITIME,2026-04-06
2023-07-01,102,HFO,18.94,9.2,220.8,24,267.1158,0.75,Moderate,FMS_MARITIME,2026-04-06
2023-07-02,102,LSMGO,24.77,11.6,278.4,24,277.061,0.83,Calm,FMS_MARITIME,2026-04-06
2023-07-03,102,VLSFO,18.03,14.9,357.6,24,157.0062,0.5,Calm,FMS_MARITIME,2026-04-06
2023-07-04,102,LNG,16.42,15.1,362.4,24,141.0924,0.95,Calm,FMS_MARITIME,2026-04-06
2023-07-05,102,VLSFO,71.76,12.4,297.6,24,750.8758,0.42,Rough,FMS_MARITIME,2026-04-06
2023-07-06,102,MGO,77.4,13.5,324.0,24,743.9,0.93,Calm,FMS_MARITIME,2026-04-06
2023-07-07,102,LSMGO,64.63,16.6,398.4,24,505.1652,1.0,Moderate,FMS_MARITIME,2026-04-06
2023-07-08,102,MGO,57.82,15.8,379.2,24,474.8193,0.47,Calm,FMS_MARITIME,2026-04-06
2023-07-09,102,HFO,77.61,10.0,240.0,24,1006.9897,0.75,Calm,FMS_MARITIME,2026-04-06
2023-07-10,102,LNG,16.59,12.2,292.8,24,176.4387,0.5,Rough,FMS_MARITIME,2026-04-06
2023-07-11,102,VLSFO,59.34,8.8,211.2,24,874.9278,0.74,Rough,FMS_MARITIME,2026-04-06
2023-07-12,102,MGO,41.55,14.4,345.6,24,374.3828,0.74,Calm,FMS_MARITIME,2026-04-06
2023-07-13,102,MGO,37.76,15.5,372.0,24,316.0877,0.97,Calm,FMS_MARITIME,2026-04-06
2023-07-14,102,LSMGO,43.39,15.8,379.2,24,356.3198,0.87,Calm,FMS_MARITIME,2026-04-06
2023-07-15,102,HFO,54.84,10.2,244.8,24,697.5971,0.75,Calm,FMS_MARITIME,2026-04-06
2023-07-16,102,LSMGO,34.21,17.9,429.6,24,247.9747,0.89,Moderate,FMS_MARITIME,2026-04-06
2023-07-17,102,MGO,81.52,16.8,403.2,24,629.5964,0.55,Moderate,FMS_MARITIME,2026-04-06
2023-07-18,102,LSMGO,67.65,13.1,314.4,24,670.0448,1.0,Calm,FMS_MARITIME,2026-04-06
2023-07-19,102,HFO,70.64,14.3,343.2,24,640.9469,0.55,Calm,FMS_MARITIME,2026-04-06
2023-07-20,102,LSMGO,72.01,12.9,309.6,24,724.2866,0.91,Calm,FMS_MARITIME,2026-04-06
2023-07-21,102,LSMGO,48.83,15.5,372.0,24,408.7544,0.44,Moderate,FMS_MARITIME,2026-04-06
2023-07-22,102,LSMGO,55.48,12.1,290.4,24,594.9198,0.59,Moderate,FMS_MARITIME,2026-04-06
2023-07-23,102,VLSFO,70.47,15.9,381.6,24,575.0618,0.54,Calm,FMS_MARITIME,2026-04-06
2023-07-24,102,HFO,42.0,17.5,420.0,24,311.4,0.67,Moderate,FMS_MARITIME,2026-04-06
2023-07-25,102,LSMGO,37.89,17.0,408.0,24,289.1899,0.54,Calm,FMS_MARITIME,2026-04-06
2023-07-26,102,LNG,59.35,16.6,398.4,24,463.8953,0.87,Rough,FMS_MARITIME,2026-04-06
2023-07-27,102,MGO,59.39,16.4,393.6,24,469.8691,0.93,Moderate,FMS_MARITIME,2026-04-06
2023-07-28,102,VLSFO,21.96,9.9,237.6,24,287.8091,0.88,Calm,FMS_MARITIME,2026-04-06
2023-07-28,102,HFO,24.64,11.9,285.6,24,268.6588,0.5,Rough,FMS_MARITIME,2026-04-06
2023-07-28,102,LSMGO,24.36,11.6,278.4,24,272.475,0.41,Calm,FMS_MARITIME,2026-04-06
2023-07-01,103,MGO,15.97,13.1,314.4,24,158.1761,0.56,Moderate,FMS_MARITIME,2026-04-06
2023-07-02,103,LSMGO,72.24,15.8,379.2,24,593.2367,0.83,Moderate,FMS_MARITIME,2026-04-06
2023-07-03,103,LNG,55.06,13.5,324.0,24,529.1878,0.51,Calm,FMS_MARITIME,2026-04-06
2023-07-04,103,LNG,24.89,10.0,240.0,24,322.9477,0.99,Rough,FMS_MARITIME,2026-04-06
2023-07-05,103,VLSFO,78.41,9.0,216.0,24,1130.4108,0.45,Moderate,FMS_MARITIME,2026-04-06
2023-07-06,103,MGO,67.43,17.0,408.0,24,514.6496,0.83,Rough,FMS_MARITIME,2026-04-06
2023-07-07,103,LSMGO,56.18,16.2,388.8,24,449.9602,0.75,Moderate,FMS_MARITIME,2026-04-06
2023-07-08,103,MGO,82.07,14.9,357.6,24,714.67,0.41,Calm,FMS_MARITIME,2026-04-06
2023-07-09,103,MGO,35.95,12.7,304.8,24,367.2844,0.63,Calm,FMS_MARITIME,2026-04-06
2023-07-10,103,LSMGO,66.2,11.0,264.0,24,780.8591,0.54,Moderate,FMS_MARITIME,2026-04-06
2023-07-11,103,LNG,84.44,12.5,300.0,24,876.4872,0.93,Rough,FMS_MARITIME,2026-04-06
2023-07-12,103,LSMGO,33.5,12.5,300.0,24,347.73,0.64,Calm,FMS_MARITIME,2026-04-06
2023-07-13,103,VLSFO,47.79,12.3,295.2,24,504.1262,0.71,Rough,FMS_MARITIME,2026-04-06
2023-07-14,103,VLSFO,66.43,8.1,194.4,24,1064.1102,0.72,Rough,FMS_MARITIME,2026-04-06
2023-07-15,103,VLSFO,42.78,10.4,249.6,24,533.7216,0.7,Rough,FMS_MARITIME,2026-04-06
2023-07-16,103,LNG,37.24,16.9,405.6,24,285.9107,0.75,Rough,FMS_MARITIME,2026-04-06
2023-07-17,103,LSMGO,61.84,11.6,278.4,24,691.7017,0.83,Rough,FMS_MARITIME,2026-04-06
2023-07-18,103,VLSFO,26.92,11.2,268.8,24,311.8634,0.87,Moderate,FMS_MARITIME,2026-04-06
2023-07-19,103,LNG,26.34,12.5,300.0,24,273.4092,0.94,Calm,FMS_MARITIME,2026-04-06
2023-07-20,103,VLSFO,51.2,13.0,312.0,24,511.0154,0.98,Moderate,FMS_MARITIME,2026-04-06
2023-07-21,103,LNG,69.35,16.9,405.6,24,532.4357,0.94,Calm,FMS_MARITIME,2026-04-06
2023-07-22,103,HFO,59.59,10.1,242.4,24,765.525,0.95,Rough,FMS_MARITIME,2026-04-06
2023-07-23,103,MGO,43.89,13.4,321.6,24,424.9797,0.85,Rough,FMS_MARITIME,2026-04-06
2023-07-24,103,HFO,40.15,13.8,331.2,24,377.4973,0.68,Rough,FMS_MARITIME,2026-04-06
2023-07-25,103,LSMGO,46.81,15.6,374.4,24,389.3332,0.96,Calm,FMS_MARITIME,2026-04-06
2023-07-26,103,LNG,47.66,17.2,412.8,24,359.5282,0.52,Moderate,FMS_MARITIME,2026-04-06
2023-07-27,103,LNG,41.78,14.9,357.6,24,363.8225,0.43,Moderate,FMS_MARITIME,2026-04-06
2023-07-28,103,HFO,67.27,9.9,237.6,24,881.6447,0.83,Moderate,FMS_MARITIME,2026-04-06
2023-07-28,103,LSMGO,76.33,13.0,312.0,24,761.8321,0.63,Rough,FMS_MARITIME,2026-04-06
2023-07-28,103,MGO,35.21,13.8,331.2,24,331.0505,0.94,Moderate,FMS_MARITIME,2026-04-06
2023-07-01,104,LSMGO,54.23,12.9,309.6,24,545.4529,0.68,Calm,FMS_MARITIME,2026-04-06
2023-07-02,104,LSMGO,45.34,17.3,415.2,24,340.05,0.84,Moderate,FMS_MARITIME,2026-04-06
2023-07-03,104,MGO,38.75,17.3,415.2,24,290.625,0.51,Moderate,FMS_MARITIME,2026-04-06
2023-07-04,104,HFO,38.84,11.5,276.0,24,438.2165,0.61,Calm,FMS_MARITIME,2026-04-06
2023-07-05,104,LSMGO,69.97,16.3,391.2,24,556.9698,0.96,Rough,FMS_MARITIME,2026-04-06
2023-07-06,104,HFO,71.64,8.2,196.8,24,1133.572,0.8,Rough,FMS_MARITIME,2026-04-06
2023-07-07,104,LSMGO,74.65,17.7,424.8,24,547.2225,0.49,Rough,FMS_MARITIME,2026-04-06
2023-07-08,104,HFO,77.34,16.0,384.0,24,627.1791,0.9,Moderate,FMS_MARITIME,2026-04-06
2023-07-09,104,VLSFO,40.65,12.1,290.4,24,435.8957,0.79,Calm,FMS_MARITIME,2026-04-06
2023-07-10,104,LNG,31.41,16.4,393.6,24,248.5029,0.74,Rough,FMS_MARITIME,2026-04-06
2023-07-11,104,VLSFO,31.35,11.7,280.8,24,347.6635,0.5,Calm,FMS_MARITIME,2026-04-06
2023-07-12,104,HFO,36.05,13.4,321.6,24,349.0662,0.83,Calm,FMS_MARITIME,2026-04-06
2023-07-13,104,MGO,40.51,15.9,381.6,24,330.5769,0.53,Moderate,FMS_MARITIME,2026-04-06
2023-07-14,104,VLSFO,69.97,8.6,206.4,24,1055.652,0.9,Rough,FMS_MARITIME,2026-04-06
2023-07-15,104,LNG,43.6,14.8,355.2,24,382.2365,0.4,Moderate,FMS_MARITIME,2026-04-06
2023-07-16,104,MGO,81.57,11.6,278.4,24,912.3886,0.52,Rough,FMS_MARITIME,2026-04-06
2023-07-17,104,LSMGO,41.27,9.5,228.0,24,563.6613,0.65,Rough,FMS_MARITIME,2026-04-06
2023-07-18,104,LSMGO,55.31,9.9,237.6,24,724.8962,0.75,Moderate,FMS_MARITIME,2026-04-06
2023-07-19,104,VLSFO,61.76,13.6,326.4,24,589.2176,0.5,Calm,FMS_MARITIME,2026-04-06
2023-07-20,104,LSMGO,60.66,13.1,314.4,24,600.8118,0.52,Rough,FMS_MARITIME,2026-04-06
2023-07-21,104,MGO,50.69,17.5,420.0,24,375.8301,0.61,Moderate,FMS_MARITIME,2026-04-06
2023-07-22,104,LSMGO,55.85,9.0,216.0,24,805.1708,0.75,Moderate,FMS_MARITIME,2026-04-06
2023-07-23,104,HFO,34.67,8.2,196.8,24,548.5893,0.62,Calm,FMS_MARITIME,2026-04-06
2023-07-24,104,MGO,82.23,12.3,295.2,24,867.4262,0.73,Calm,FMS_MARITIME,2026-04-06
2023-07-25,104,MGO,84.36,16.0,384.0,24,684.1069,0.52,Rough,FMS_MARITIME,2026-04-06
2023-07-26,104,HFO,40.48,16.4,393.6,24,320.261,0.71,Moderate,FMS_MARITIME,2026-04-06
2023-07-27,104,MGO,52.2,15.9,381.6,24,425.9717,0.94,Calm,FMS_MARITIME,2026-04-06
2023-07-28,104,LNG,19.56,16.9,405.6,24,150.1722,1.0,Calm,FMS_MARITIME,2026-04-06
2023-07-28,104,HFO,54.01,14.2,340.8,24,493.5069,0.85,Calm,FMS_MARITIME,2026-04-06
2023-07-28,104,VLSFO,62.35,13.2,316.8,24,612.8722,0.5,Rough,FMS_MARITIME,2026-04-06
2023-07-01,105,HFO,16.94,17.6,422.4,24,124.8844,0.67,Calm,FMS_MARITIME,2026-04-06
2023-07-02,105,LNG,76.04,10.2,244.8,24,967.2735,0.69,Rough,FMS_MARITIME,2026-04-06
2023-07-03,105,LNG,78.17,15.0,360.0,24,676.1705,0.92,Moderate,FMS_MARITIME,2026-04-06
2023-07-04,105,MGO,55.37,15.1,362.4,24,475.7786,0.52,Moderate,FMS_MARITIME,2026-04-06
2023-07-05,105,HFO,33.33,12.5,300.0,24,345.9654,0.8,Rough,FMS_MARITIME,2026-04-06
2023-07-06,105,HFO,59.72,14.9,357.6,24,520.045,0.68,Rough,FMS_MARITIME,2026-04-06
2023-07-07,105,LNG,75.01,13.9,333.6,24,700.1833,0.81,Moderate,FMS_MARITIME,2026-04-06
2023-07-08,105,LNG,71.48,10.5,252.0,24,883.2886,0.56,Rough,FMS_MARITIME,2026-04-06
2023-07-09,105,LNG,63.94,15.4,369.6,24,538.7153,0.76,Moderate,FMS_MARITIME,2026-04-06
2023-07-10,105,HFO,26.07,9.1,218.4,24,371.7124,0.9,Calm,FMS_MARITIME,2026-04-06
2023-07-11,105,LNG,69.99,12.4,297.6,24,732.355,0.47,Moderate,FMS_MARITIME,2026-04-06
2023-07-12,105,VLSFO,19.19,12.9,309.6,24,193.0157,0.73,Calm,FMS_MARITIME,2026-04-06
2023-07-13,105,LSMGO,77.11,15.1,362.4,24,662.5843,0.89,Calm,FMS_MARITIME,2026-04-06
2023-07-14,105,MGO,50.58,14.8,355.2,24,443.4294,0.94,Moderate,FMS_MARITIME,2026-04-06
2023-07-15,105,HFO,24.26,10.7,256.8,24,294.1808,0.96,Calm,FMS_MARITIME,2026-04-06
2023-07-16,105,LNG,80.34,8.4,201.6,24,1240.9661,0.42,Moderate,FMS_MARITIME,2026-04-06
2023-07-17,105,MGO,57.69,13.2,316.8,24,567.0665,0.58,Moderate,FMS_MARITIME,2026-04-06
2023-07-18,105,LNG,80.89,9.5,228.0,24,1104.7871,0.58,Rough,FMS_MARITIME,2026-04-06
2023-07-19,105,VLSFO,62.99,14.2,340.8,24,575.56,0.4,Calm,FMS_MARITIME,2026-04-06
2023-07-20,105,MGO,77.92,14.5,348.0,24,697.2497,0.51,Moderate,FMS_MARITIME,2026-04-06
2023-07-21,105,HFO,79.3,17.0,408.0,24,605.2456,0.78,Moderate,FMS_MARITIME,2026-04-06
2023-07-22,105,MGO,79.09,15.4,369.6,24,666.3589,0.64,Rough,FMS_MARITIME,2026-04-06
2023-07-23,105,LSMGO,29.1,10.3,247.2,24,366.5752,0.95,Rough,FMS_MARITIME,2026-04-06
2023-07-24,105,LNG,55.75,10.9,261.6,24,663.6296,0.86,Moderate,FMS_MARITIME,2026-04-06
2023-07-25,105,LNG,77.94,11.9,285.6,24,849.808,0.95,Moderate,FMS_MARITIME,2026-04-06
2023-07-26,105,MGO,20.48,14.4,345.6,24,184.5333,0.44,Calm,FMS_MARITIME,2026-04-06
2023-07-27,105,MGO,41.28,15.4,369.6,24,347.7974,0.71,Moderate,FMS_MARITIME,2026-04-06
2023-07-28,105,LNG,44.57,17.3,415.2,24,334.275,0.89,Moderate,FMS_MARITIME,2026-04-06
2023-07-28,105,LNG,62.96,14.6,350.4,24,559.5247,0.96,Moderate,FMS_MARITIME,2026-04-06
2023-07-28,105,LNG,83.38,14.8,355.2,24,730.9834,0.86,Rough,FMS_MARITIME,2026-04-06
2023-07-01,106,HFO,77.28,13.9,333.6,24,721.3727,0.63,Rough,FMS_MARITIME,2026-04-06
2023-07-02,106,MGO,34.8,9.3,223.2,24,485.5161,0.84,Moderate,FMS_MARITIME,2026-04-06
2023-07-03,106,LNG,60.33,9.5,228.0,24,823.9808,0.72,Rough,FMS_MARITIME,2026-04-06
2023-07-04,106,VLSFO,57.16,12.5,300.0,24,593.3208,0.42,Calm,FMS_MARITIME,2026-04-06
2023-07-05,106,HFO,41.54,11.6,278.4,24,464.6392,0.77,Moderate,FMS_MARITIME,2026-04-06
2023-07-06,106,LNG,78.25,16.8,403.2,24,604.3415,0.57,Rough,FMS_MARITIME,2026-04-06
2023-07-07,106,HFO,80.51,11.6,278.4,24,900.5321,0.92,Calm,FMS_MARITIME,2026-04-06
2023-07-08,106,LNG,20.9,9.5,228.0,24,285.45,0.45,Calm,FMS_MARITIME,2026-04-06
2023-07-09,106,MGO,27.86,10.7,256.8,24,337.835,0.48,Rough,FMS_MARITIME,2026-04-06
2023-07-10,106,LSMGO,68.47,11.3,271.2,24,786.1931,0.65,Moderate,FMS_MARITIME,2026-04-06
2023-07-11,106,LSMGO,35.28,12.4,297.6,24,369.1597,0.71,Moderate,FMS_MARITIME,2026-04-06
2023-07-12,106,HFO,25.5,15.4,369.6,24,214.8458,0.76,Calm,FMS_MARITIME,2026-04-06
2023-07-13,106,HFO,48.52,16.8,403.2,24,374.7304,0.57,Moderate,FMS_MARITIME,2026-04-06
2023-07-14,106,VLSFO,67.11,16.7,400.8,24,521.4085,0.58,Moderate,FMS_MARITIME,2026-04-06
2023-07-15,106,VLSFO,26.38,12.1,290.4,24,282.8764,0.51,Rough,FMS_MARITIME,2026-04-06
2023-07-16,106,MGO,29.07,8.4,201.6,24,449.0277,0.97,Moderate,FMS_MARITIME,2026-04-06
2023-07-17,106,VLSFO,30.43,15.8,379.2,24,249.8919,0.52,Moderate,FMS_MARITIME,2026-04-06
2023-07-18,106,MGO,41.48,15.4,369.6,24,349.4825,0.79,Moderate,FMS_MARITIME,2026-04-06
2023-07-19,106,LNG,24.5,17.1,410.4,24,185.8991,0.87,Rough,FMS_MARITIME,2026-04-06
2023-07-20,106,LSMGO,42.54,9.4,225.6,24,587.1878,0.61,Calm,FMS_MARITIME,2026-04-06
2023-07-21,106,HFO,32.24,15.0,360.0,24,278.876,0.81,Moderate,FMS_MARITIME,2026-04-06
2023-07-22,106,MGO,73.31,15.3,367.2,24,621.6975,0.96,Calm,FMS_MARITIME,2026-04-06
2023-07-23,106,LNG,67.95,12.8,307.2,24,688.79,0.74,Calm,FMS_MARITIME,2026-04-06
2023-07-24,106,VLSFO,43.62,15.8,379.2,24,358.2085,0.51,Moderate,FMS_MARITIME,2026-04-06
2023-07-25,106,LNG,72.87,15.4,369.6,24,613.9534,0.96,Moderate,FMS_MARITIME,2026-04-06
2023-07-26,106,MGO,56.72,9.6,230.4,24,766.6062,0.63,Calm,FMS_MARITIME,2026-04-06
2023-07-27,106,MGO,64.02,16.5,396.0,24,503.43,1.0,Moderate,FMS_MARITIME,2026-04-06
2023-07-28,106,VLSFO,31.37,16.2,388.8,24,251.2505,0.43,Calm,FMS_MARITIME,2026-04-06
2023-07-28,106,LNG,67.13,14.9,357.6,24,584.5716,0.75,Moderate,FMS_MARITIME,2026-04-06
2023-07-28,106,HFO,53.23,16.0,384.0,24,431.662,0.66,Rough,FMS_MARITIME,2026-04-06
2023-07-01,107,HFO,71.52,12.2,292.8,24,760.6328,0.57,Moderate,FMS_MARITIME,2026-04-06
2023-07-02,107,HFO,15.43,14.9,357.6,24,134.3653,0.58,Calm,FMS_MARITIME,2026-04-06
2023-07-03,107,MGO,63.08,15.7,376.8,24,521.314,0.64,Rough,FMS_MARITIME,2026-04-06
2023-07-04,107,VLSFO,55.44,8.5,204.0,24,846.2753,0.52,Calm,FMS_MARITIME,2026-04-06
2023-07-05,107,LNG,29.51,8.7,208.8,24,440.106,0.47,Rough,FMS_MARITIME,2026-04-06
2023-07-06,107,MGO,55.64,16.5,396.0,24,437.5327,0.47,Calm,FMS_MARITIME,2026-04-06
2023-07-07,107,LNG,21.35,16.1,386.4,24,172.0598,0.83,Moderate,FMS_MARITIME,2026-04-06
2023-07-08,107,LSMGO,50.55,17.2,412.8,24,381.3292,0.95,Rough,FMS_MARITIME,2026-04-06
2023-07-09,107,VLSFO,60.07,14.3,343.2,24,545.0407,0.73,Calm,FMS_MARITIME,2026-04-06
2023-07-10,107,HFO,37.45,17.0,408.0,24,285.8316,0.89,Calm,FMS_MARITIME,2026-04-06
2023-07-11,107,MGO,71.32,13.6,326.4,24,680.4243,0.53,Rough,FMS_MARITIME,2026-04-06
2023-07-12,107,VLSFO,28.04,9.7,232.8,24,375.0711,0.78,Moderate,FMS_MARITIME,2026-04-06
2023-07-13,107,HFO,64.25,15.3,367.2,24,544.8652,0.84,Rough,FMS_MARITIME,2026-04-06
2023-07-14,107,VLSFO,50.69,14.3,343.2,24,459.932,0.77,Moderate,FMS_MARITIME,2026-04-06
2023-07-15,107,HFO,64.1,13.8,331.2,24,602.6793,0.76,Calm,FMS_MARITIME,2026-04-06
2023-07-16,107,LNG,17.26,16.1,386.4,24,139.0984,0.77,Rough,FMS_MARITIME,2026-04-06
2023-07-17,107,LNG,41.65,10.5,252.0,24,514.675,0.42,Moderate,FMS_MARITIME,2026-04-06
2023-07-18,107,LNG,56.66,15.0,360.0,24,490.109,0.97,Rough,FMS_MARITIME,2026-04-06
2023-07-19,107,LNG,37.04,11.8,283.2,24,407.2831,0.97,Rough,FMS_MARITIME,2026-04-06
2023-07-20,107,VLSFO,32.78,15.7,376.8,24,270.9048,0.6,Rough,FMS_MARITIME,2026-04-06
2023-07-21,107,LNG,19.63,13.5,324.0,24,188.6661,0.57,Moderate,FMS_MARITIME,2026-04-06
2023-07-22,107,LSMGO,42.32,14.2,340.8,24,386.6915,0.43,Moderate,FMS_MARITIME,2026-04-06
2023-07-23,107,LSMGO,35.92,12.6,302.4,24,369.8905,0.68,Moderate,FMS_MARITIME,2026-04-06
2023-07-24,107,LNG,43.1,9.3,223.2,24,601.3145,0.53,Rough,FMS_MARITIME,2026-04-06
2023-07-25,107,MGO,36.03,9.3,223.2,24,502.6766,0.49,Calm,FMS_MARITIME,2026-04-06
2023-07-26,107,MGO,68.3,13.0,312.0,24,681.6865,0.64,Moderate,FMS_MARITIME,2026-04-06
2023-07-27,107,LSMGO,47.19,9.0,216.0,24,680.3225,0.76,Rough,FMS_MARITIME,2026-04-06
2023-07-28,107,LNG,21.79,16.8,403.2,24,168.2888,0.74,Moderate,FMS_MARITIME,2026-04-06
2023-07-28,107,VLSFO,81.28,16.6,398.4,24,635.306,0.44,Calm,FMS_MARITIME,2026-04-06
2023-07-28,107,MGO,34.82,9.7,232.8,24,465.7624,0.71,Moderate,FMS_MARITIME,2026-04-06
2023-07-01,108,VLSFO,15.72,12.6,302.4,24,161.8786,0.65,Rough,FMS_MARITIME,2026-04-06
2023-07-02,108,LNG,80.3,10.3,247.2,24,1011.5461,0.51,Calm,FMS_MARITIME,2026-04-06
2023-07-03,108,HFO,45.58,8.2,196.8,24,721.2201,0.84,Rough,FMS_MARITIME,2026-04-06
2023-07-04,108,LNG,56.54,11.4,273.6,24,643.5145,0.91,Calm,FMS_MARITIME,2026-04-06
2023-07-05,108,VLSFO,73.02,15.5,372.0,24,611.2481,0.67,Rough,FMS_MARITIME,2026-04-06
2023-07-06,108,MGO,17.68,17.0,408.0,24,134.94,0.75,Calm,FMS_MARITIME,2026-04-06
2023-07-07,108,LNG,56.14,9.9,237.6,24,735.7742,0.6,Calm,FMS_MARITIME,2026-04-06
2023-07-08,108,VLSFO,59.44,11.4,273.6,24,676.5211,0.97,Moderate,FMS_MARITIME,2026-04-06
2023-07-09,108,LNG,73.29,16.3,391.2,24,583.3974,0.86,Moderate,FMS_MARITIME,2026-04-06
2023-07-10,108,LSMGO,63.84,8.3,199.2,24,997.9807,0.81,Moderate,FMS_MARITIME,2026-04-06
2023-07-11,108,HFO,55.92,11.6,278.4,24,625.4845,0.6,Moderate,FMS_MARITIME,2026-04-06
2023-07-12,108,MGO,55.44,13.8,331.2,24,521.2565,0.78,Moderate,FMS_MARITIME,2026-04-06
2023-07-13,108,MGO,38.42,11.1,266.4,24,449.0986,0.41,Calm,FMS_MARITIME,2026-04-06
2023-07-14,108,LNG,38.52,12.1,290.4,24,413.0554,0.58,Rough,FMS_MARITIME,2026-04-06
2023-07-15,108,LNG,45.57,16.7,400.8,24,354.0543,0.49,Calm,FMS_MARITIME,2026-04-06
2023-07-16,108,LNG,43.5,13.6,326.4,24,415.0092,0.55,Calm,FMS_MARITIME,2026-04-06
2023-07-17,108,VLSFO,49.8,12.8,307.2,24,504.8086,0.94,Moderate,FMS_MARITIME,2026-04-06
2023-07-18,108,VLSFO,62.68,17.4,417.6,24,467.3983,0.49,Moderate,FMS_MARITIME,2026-04-06
2023-07-19,108,LSMGO,22.43,11.4,273.6,24,255.2888,0.58,Rough,FMS_MARITIME,2026-04-06
2023-07-20,108,LSMGO,84.77,14.4,345.6,24,763.813,0.85,Rough,FMS_MARITIME,2026-04-06
2023-07-21,108,LSMGO,25.09,9.4,225.6,24,346.3221,0.54,Calm,FMS_MARITIME,2026-04-06
2023-07-22,108,VLSFO,72.46,8.7,208.8,24,1080.6534,0.58,Calm,FMS_MARITIME,2026-04-06
2023-07-23,108,VLSFO,21.24,13.2,316.8,24,208.7795,0.8,Calm,FMS_MARITIME,2026-04-06
2023-07-24,108,MGO,19.25,10.5,252.0,24,237.875,0.43,Moderate,FMS_MARITIME,2026-04-06
2023-07-25,108,VLSFO,35.22,11.6,278.4,24,393.9478,0.48,Rough,FMS_MARITIME,2026-04-06
2023-07-26,108,HFO,68.32,13.0,312.0,24,681.8862,0.75,Calm,FMS_MARITIME,2026-04-06
2023-07-27,108,HFO,43.99,14.9,357.6,24,383.0673,0.57,Rough,FMS_MARITIME,2026-04-06
2023-07-28,108,LSMGO,69.36,13.3,319.2,24,676.6511,0.45,Calm,FMS_MARITIME,2026-04-06
2023-07-28,108,MGO,80.21,14.1,338.4,24,738.1027,0.46,Moderate,FMS_MARITIME,2026-04-06
2023-07-28,108,MGO,44.47,15.1,362.4,24,382.118,0.47,Rough,FMS_MARITIME,2026-04-06
2023-07-01,109,MGO,63.89,11.7,280.8,24,708.5237,0.57,Calm,FMS_MARITIME,2026-04-06
2023-07-02,109,VLSFO,43.22,9.5,228.0,24,590.2942,0.93,Rough,FMS_MARITIME,2026-04-06
2023-07-03,109,VLSFO,75.96,17.8,427.2,24,553.6972,1.0,Moderate,FMS_MARITIME,2026-04-06
2023-07-04,109,LNG,60.14,15.1,362.4,24,516.7659,0.68,Calm,FMS_MARITIME,2026-04-06
2023-07-05,109,VLSFO,19.61,15.4,369.6,24,165.2206,0.64,Calm,FMS_MARITIME,2026-04-06
2023-07-06,109,MGO,39.56,9.8,235.2,24,523.7663,0.51,Calm,FMS_MARITIME,2026-04-06
2023-07-07,109,VLSFO,74.35,17.1,410.4,24,564.1469,0.42,Rough,FMS_MARITIME,2026-04-06
2023-07-08,109,VLSFO,61.53,14.2,340.8,24,562.2195,0.92,Rough,FMS_MARITIME,2026-04-06
2023-07-09,109,LSMGO,50.84,17.4,417.6,24,379.1086,0.41,Moderate,FMS_MARITIME,2026-04-06
2023-07-10,109,MGO,26.86,9.1,218.4,24,382.9764,0.59,Moderate,FMS_MARITIME,2026-04-06
2023-07-11,109,VLSFO,62.27,13.2,316.8,24,612.0858,0.45,Calm,FMS_MARITIME,2026-04-06
2023-07-12,109,LNG,62.55,9.1,218.4,24,891.853,0.49,Moderate,FMS_MARITIME,2026-04-06
2023-07-13,109,VLSFO,66.28,8.8,211.2,24,977.2534,0.53,Calm,FMS_MARITIME,2026-04-06
2023-07-14,109,LSMGO,80.05,16.6,398.4,24,625.692,1.0,Calm,FMS_MARITIME,2026-04-06
2023-07-15,109,MGO,79.62,10.6,254.4,24,974.5939,0.82,Moderate,FMS_MARITIME,2026-04-06
2023-07-16,109,HFO,81.59,17.6,422.4,24,601.4945,0.67,Calm,FMS_MARITIME,2026-04-06
2023-07-17,109,LSMGO,62.84,12.5,300.0,24,652.2792,0.71,Moderate,FMS_MARITIME,2026-04-06
2023-07-18,109,VLSFO,20.93,12.1,290.4,24,224.4353,0.69,Rough,FMS_MARITIME,2026-04-06
2023-07-19,109,LNG,50.57,9.4,225.6,24,698.0274,0.8,Rough,FMS_MARITIME,2026-04-06
2023-07-20,109,HFO,38.62,16.1,386.4,24,311.2388,0.83,Rough,FMS_MARITIME,2026-04-06
2023-07-21,109,HFO,48.07,16.2,388.8,24,385.0051,0.65,Calm,FMS_MARITIME,2026-04-06
2023-07-22,109,LNG,70.2,13.9,333.6,24,655.2842,0.61,Calm,FMS_MARITIME,2026-04-06
2023-07-23,109,HFO,41.3,12.8,307.2,24,418.6465,0.66,Rough,FMS_MARITIME,2026-04-06
2023-07-24,109,HFO,43.49,9.6,230.4,24,587.7945,0.93,Moderate,FMS_MARITIME,2026-04-06
2023-07-25,109,HFO,33.05,13.2,316.8,24,324.8665,0.83,Rough,FMS_MARITIME,2026-04-06
2023-07-26,109,VLSFO,79.15,13.0,312.0,24,789.9779,0.95,Rough,FMS_MARITIME,2026-04-06
2023-07-27,109,MGO,45.56,8.4,201.6,24,703.7393,0.72,Rough,FMS_MARITIME,2026-04-06
2023-07-28,109,HFO,16.81,8.4,201.6,24,259.6545,0.85,Rough,FMS_MARITIME,2026-04-06
2023-07-28,109,LSMGO,71.68,17.7,424.8,24,525.4508,0.58,Calm,FMS_MARITIME,2026-04-06
2023-07-28,109,LSMGO,27.82,9.4,225.6,24,384.0048,0.46,Rough,FMS_MARITIME,2026-04-06
2023-07-01,110,LNG,67.89,11.7,280.8,24,752.8827,0.47,Rough,FMS_MARITIME,2026-04-06
2023-07-02,110,VLSFO,83.65,12.3,295.2,24,882.4055,0.81,Calm,FMS_MARITIME,2026-04-06
2023-07-03,110,LNG,32.0,9.8,235.2,24,423.6735,0.67,Moderate,FMS_MARITIME,2026-04-06
2023-07-04,110,HFO,57.08,11.1,266.4,24,667.2189,0.81,Moderate,FMS_MARITIME,2026-04-06
2023-07-05,110,LNG,51.11,10.1,242.4,24,656.5864,0.85,Calm,FMS_MARITIME,2026-04-06
2023-07-06,110,VLSFO,64.17,8.8,211.2,24,946.1429,0.92,Moderate,FMS_MARITIME,2026-04-06
2023-07-07,110,LSMGO,65.46,10.2,244.8,24,832.6897,0.65,Moderate,FMS_MARITIME,2026-04-06
2023-07-08,110,MGO,24.8,11.7,280.8,24,275.0256,0.64,Moderate,FMS_MARITIME,2026-04-06
2023-07-09,110,LSMGO,26.94,9.7,232.8,24,360.3572,0.75,Moderate,FMS_MARITIME,2026-04-06
2023-07-10,110,MGO,36.09,11.9,285.6,24,393.5023,0.78,Calm,FMS_MARITIME,2026-04-06
2023-07-11,110,LNG,42.75,16.4,393.6,24,338.2203,0.67,Calm,FMS_MARITIME,2026-04-06
2023-07-12,110,HFO,54.93,14.0,336.0,24,509.0834,0.61,Rough,FMS_MARITIME,2026-04-06
2023-07-13,110,VLSFO,57.75,16.4,393.6,24,456.8941,0.44,Calm,FMS_MARITIME,2026-04-06
2023-07-14,110,LNG,15.45,11.8,283.2,24,169.8845,0.99,Calm,FMS_MARITIME,2026-04-06
2023-07-15,110,MGO,72.81,9.9,237.6,24,954.2523,0.44,Moderate,FMS_MARITIME,2026-04-06
2023-07-16,110,VLSFO,82.79,16.2,388.8,24,663.0866,0.43,Calm,FMS_MARITIME,2026-04-06
2023-07-17,110,LNG,42.22,10.6,254.4,24,516.7967,0.9,Moderate,FMS_MARITIME,2026-04-06
2023-07-18,110,MGO,46.31,16.1,386.4,24,373.2126,0.54,Rough,FMS_MARITIME,2026-04-06
2023-07-19,110,VLSFO,73.35,16.0,384.0,24,594.8227,0.65,Rough,FMS_MARITIME,2026-04-06
2023-07-20,110,HFO,52.32,14.7,352.8,24,461.8041,0.65,Calm,FMS_MARITIME,2026-04-06
2023-07-21,110,LNG,83.96,9.5,228.0,24,1146.7168,0.86,Calm,FMS_MARITIME,2026-04-06
2023-07-22,110,LNG,78.0,17.8,427.2,24,568.5674,0.58,Rough,FMS_MARITIME,2026-04-06
2023-07-23,110,HFO,31.04,11.0,264.0,24,366.1309,0.96,Rough,FMS_MARITIME,2026-04-06
2023-07-24,110,HFO,36.02,9.9,237.6,24,472.0803,0.98,Calm,FMS_MARITIME,2026-04-06
2023-07-25,110,HFO,46.33,17.8,427.2,24,337.7145,0.93,Calm,FMS_MARITIME,2026-04-06
2023-07-26,110,LNG,69.29,12.2,292.8,24,736.9162,0.64,Calm,FMS_MARITIME,2026-04-06
2023-07-27,110,VLSFO,16.58,17.2,412.8,24,125.073,0.46,Calm,FMS_MARITIME,2026-04-06
2023-07-28,110,MGO,74.61,12.8,307.2,24,756.3006,0.89,Calm,FMS_MARITIME,2026-04-06
2023-07-28,110,HFO,50.29,12.6,302.4,24,517.8673,0.8,Calm,FMS_MARITIME,2026-04-06
2023-07-28,110,MGO,17.25,12.6,302.4,24,177.6339,0.65,Rough,FMS_MARITIME,2026-04-06
2023-07-01,111,MGO,39.66,13.8,331.2,24,372.8902,0.56,Calm,FMS_MARITIME,2026-04-06
2023-07-02,111,MGO,39.22,9.8,235.2,24,519.2648,0.47,Moderate,FMS_MARITIME,2026-04-06
2023-07-03,111,MGO,42.34,17.9,429.6,24,306.9059,0.62,Calm,FMS_MARITIME,2026-04-06
2023-07-04,111,MGO,42.74,12.8,307.2,24,433.2434,0.99,Calm,FMS_MARITIME,2026-04-06
2023-07-05,111,MGO,45.24,17.9,429.6,24,327.9268,0.73,Moderate,FMS_MARITIME,2026-04-06
2023-07-06,111,MGO,51.52,17.2,412.8,24,388.6465,0.48,Moderate,FMS_MARITIME,2026-04-06
2023-07-07,111,LNG,31.41,16.4,393.6,24,248.5029,0.76,Calm,FMS_MARITIME,2026-04-06
2023-07-08,111,HFO,21.37,12.3,295.2,24,225.4274,0.79,Moderate,FMS_MARITIME,2026-04-06
2023-07-09,111,MGO,16.62,16.4,393.6,24,131.4905,0.9,Calm,FMS_MARITIME,2026-04-06
2023-07-10,111,VLSFO,29.65,17.3,415.2,24,222.375,0.92,Calm,FMS_MARITIME,2026-04-06
2023-07-11,111,MGO,32.14,10.9,261.6,24,382.5839,0.78,Rough,FMS_MARITIME,2026-04-06
2023-07-12,111,LNG,54.22,13.8,331.2,24,509.7859,0.94,Calm,FMS_MARITIME,2026-04-06
2023-07-13,111,VLSFO,67.57,15.1,362.4,24,580.6098,0.83,Moderate,FMS_MARITIME,2026-04-06
2023-07-14,111,VLSFO,56.49,12.7,304.8,24,577.1321,0.51,Moderate,FMS_MARITIME,2026-04-06
2023-07-15,111,HFO,23.24,17.8,427.2,24,169.4039,0.48,Moderate,FMS_MARITIME,2026-04-06
2023-07-16,111,LSMGO,62.79,16.3,391.2,24,499.8161,0.99,Moderate,FMS_MARITIME,2026-04-06
2023-07-17,111,LNG,78.96,17.3,415.2,24,592.2,0.89,Calm,FMS_MARITIME,2026-04-06
2023-07-18,111,HFO,36.6,9.7,232.8,24,489.5722,0.62,Rough,FMS_MARITIME,2026-04-06
2023-07-19,111,LNG,74.17,9.0,216.0,24,1069.2842,0.97,Rough,FMS_MARITIME,2026-04-06
2023-07-20,111,HFO,79.21,16.0,384.0,24,642.3436,0.56,Rough,FMS_MARITIME,2026-04-06
2023-07-21,111,MGO,16.2,9.1,218.4,24,230.9835,0.81,Moderate,FMS_MARITIME,2026-04-06
2023-07-22,111,LNG,17.66,18.0,432.0,24,127.2992,0.59,Calm,FMS_MARITIME,2026-04-06
2023-07-23,111,LSMGO,32.12,8.4,201.6,24,496.1393,0.41,Rough,FMS_MARITIME,2026-04-06
2023-07-24,111,MGO,34.88,16.6,398.4,24,272.6313,0.65,Moderate,FMS_MARITIME,2026-04-06
2023-07-25,111,VLSFO,52.97,12.0,288.0,24,572.7381,0.51,Moderate,FMS_MARITIME,2026-04-06
2023-07-26,111,LSMGO,53.63,15.6,374.4,24,446.0572,0.65,Calm,FMS_MARITIME,2026-04-06
2023-07-27,111,HFO,75.65,15.5,372.0,24,633.2637,0.93,Calm,FMS_MARITIME,2026-04-06
2023-07-28,111,LSMGO,82.19,9.8,235.2,24,1088.1788,0.76,Calm,FMS_MARITIME,2026-04-06
2023-07-28,111,MGO,21.76,12.0,288.0,24,235.28,0.99,Calm,FMS_MARITIME,2026-04-06
2023-07-28,111,LNG,40.43,17.0,408.0,24,308.576,0.44,Moderate,FMS_MARITIME,2026-04-06
2023-07-01,112,LNG,78.42,12.5,300.0,24,813.9996,0.93,Moderate,FMS_MARITIME,2026-04-06
2023-07-02,112,VLSFO,43.91,10.1,242.4,24,564.0913,0.95,Rough,FMS_MARITIME,2026-04-06
2023-07-03,112,VLSFO,18.92,8.8,211.2,24,278.9625,0.61,Rough,FMS_MARITIME,2026-04-06
2023-07-04,112,LSMGO,15.34,13.6,326.4,24,146.3504,0.66,Moderate,FMS_MARITIME,2026-04-06
2023-07-05,112,VLSFO,80.58,17.5,420.0,24,597.4431,0.78,Rough,FMS_MARITIME,2026-04-06
2023-07-06,112,LNG,40.73,17.4,417.6,24,303.7194,0.69,Moderate,FMS_MARITIME,2026-04-06
2023-07-07,112,LNG,26.51,11.5,276.0,24,299.102,0.88,Moderate,FMS_MARITIME,2026-04-06
2023-07-08,112,LSMGO,35.36,11.0,264.0,24,417.0873,1.0,Moderate,FMS_MARITIME,2026-04-06
2023-07-09,112,LSMGO,23.5,8.6,206.4,24,354.5494,0.45,Rough,FMS_MARITIME,2026-04-06
2023-07-10,112,MGO,43.13,16.1,386.4,24,347.5849,0.95,Moderate,FMS_MARITIME,2026-04-06
2023-07-11,112,HFO,60.08,13.2,316.8,24,590.5591,0.96,Calm,FMS_MARITIME,2026-04-06
2023-07-12,112,VLSFO,48.23,15.6,374.4,24,401.1437,0.56,Rough,FMS_MARITIME,2026-04-06
2023-07-13,112,MGO,28.65,14.9,357.6,24,249.4857,0.7,Calm,FMS_MARITIME,2026-04-06
2023-07-14,112,VLSFO,60.01,10.8,259.2,24,720.9535,0.88,Moderate,FMS_MARITIME,2026-04-06
2023-07-15,112,MGO,74.31,10.8,259.2,24,892.7521,0.86,Rough,FMS_MARITIME,2026-04-06
2023-07-16,112,MGO,35.08,11.7,280.8,24,389.0282,0.7,Calm,FMS_MARITIME,2026-04-06
2023-07-17,112,VLSFO,51.64,8.1,194.4,24,827.1963,0.42,Rough,FMS_MARITIME,2026-04-06
2023-07-18,112,VLSFO,72.84,17.5,420.0,24,540.0566,0.68,Calm,FMS_MARITIME,2026-04-06
2023-07-19,112,MGO,67.61,8.0,192.0,24,1096.5497,0.51,Rough,FMS_MARITIME,2026-04-06
2023-07-20,112,VLSFO,72.54,15.7,376.8,24,599.4946,0.53,Rough,FMS_MARITIME,2026-04-06
2023-07-21,112,VLSFO,53.96,14.9,357.6,24,469.8866,0.79,Calm,FMS_MARITIME,2026-04-06
2023-07-22,112,LNG,50.97,17.0,408.0,24,389.021,0.69,Calm,FMS_MARITIME,2026-04-06
2023-07-23,112,VLSFO,55.6,15.8,379.2,24,456.5886,0.81,Rough,FMS_MARITIME,2026-04-06
2023-07-24,112,LNG,40.82,8.6,206.4,24,615.8599,0.46,Moderate,FMS_MARITIME,2026-04-06
2023-07-25,112,MGO,49.28,11.2,268.8,24,570.9,0.75,Rough,FMS_MARITIME,2026-04-06
2023-07-26,112,MGO,76.3,8.3,199.2,24,1192.762,0.78,Rough,FMS_MARITIME,2026-04-06
2023-07-27,112,VLSFO,80.27,16.3,391.2,24,638.959,0.96,Rough,FMS_MARITIME,2026-04-06
2023-07-28,112,MGO,82.08,12.4,297.6,24,858.8613,0.89,Moderate,FMS_MARITIME,2026-04-06
2023-07-28,112,HFO,53.8,17.8,427.2,24,392.1657,0.98,Rough,FMS_MARITIME,2026-04-06
2023-07-28,112,VLSFO,16.61,17.1,410.4,24,126.032,0.65,Calm,FMS_MARITIME,2026-04-06
2023-07-01,113,LSMGO,45.25,9.3,223.2,24,631.3105,0.95,Moderate,FMS_MARITIME,2026-04-06
2023-07-02,113,MGO,29.44,12.1,290.4,24,315.6893,0.67,Calm,FMS_MARITIME,2026-04-06
2023-07-03,113,HFO,53.63,15.7,376.8,24,443.2161,0.68,Calm,FMS_MARITIME,2026-04-06
2023-07-04,113,HFO,80.3,12.7,304.8,24,820.3878,0.75,Rough,FMS_MARITIME,2026-04-06
2023-07-05,113,LSMGO,17.72,13.2,316.8,24,174.1795,0.58,Rough,FMS_MARITIME,2026-04-06
2023-07-06,113,MGO,30.81,11.9,285.6,24,335.9326,0.61,Moderate,FMS_MARITIME,2026-04-06
2023-07-07,113,LSMGO,30.06,14.8,355.2,24,263.5328,0.97,Rough,FMS_MARITIME,2026-04-06
2023-07-08,113,HFO,41.46,11.1,266.4,24,484.6338,0.48,Rough,FMS_MARITIME,2026-04-06
2023-07-09,113,VLSFO,74.55,11.8,283.2,24,819.7341,0.76,Rough,FMS_MARITIME,2026-04-06
2023-07-10,113,LNG,59.41,17.3,415.2,24,445.575,0.84,Rough,FMS_MARITIME,2026-04-06
2023-07-11,113,HFO,57.48,12.7,304.8,24,587.2465,0.56,Moderate,FMS_MARITIME,2026-04-06
2023-07-12,113,LSMGO,77.1,17.7,424.8,24,565.1822,0.69,Calm,FMS_MARITIME,2026-04-06
2023-07-13,113,MGO,45.4,14.0,336.0,24,420.7607,0.64,Moderate,FMS_MARITIME,2026-04-06
2023-07-14,113,MGO,70.63,13.9,333.6,24,659.298,0.56,Moderate,FMS_MARITIME,2026-04-06
2023-07-15,113,HFO,80.66,11.3,271.2,24,926.1624,0.82,Rough,FMS_MARITIME,2026-04-06
2023-07-16,113,VLSFO,82.7,10.4,249.6,24,1031.762,0.99,Moderate,FMS_MARITIME,2026-04-06
2023-07-17,113,HFO,74.95,12.4,297.6,24,784.255,0.85,Moderate,FMS_MARITIME,2026-04-06
2023-07-18,113,VLSFO,81.81,8.5,204.0,24,1248.8056,0.65,Rough,FMS_MARITIME,2026-04-06
2023-07-19,113,VLSFO,22.3,10.0,240.0,24,289.3425,0.86,Rough,FMS_MARITIME,2026-04-06
2023-07-20,113,LSMGO,48.19,11.3,271.2,24,553.3321,0.46,Rough,FMS_MARITIME,2026-04-06
2023-07-21,113,MGO,50.17,8.9,213.6,24,731.411,0.67,Rough,FMS_MARITIME,2026-04-06
2023-07-22,113,HFO,19.34,8.4,201.6,24,298.7339,0.41,Calm,FMS_MARITIME,2026-04-06
2023-07-23,113,LNG,71.11,9.0,216.0,24,1025.1692,0.97,Calm,FMS_MARITIME,2026-04-06
2023-07-24,113,MGO,59.43,8.3,199.2,24,929.0413,0.75,Calm,FMS_MARITIME,2026-04-06
2023-07-25,113,LNG,40.53,15.7,376.8,24,334.9533,0.73,Rough,FMS_MARITIME,2026-04-06
2023-07-26,113,HFO,32.9,14.3,343.2,24,298.5157,0.94,Moderate,FMS_MARITIME,2026-04-06
2023-07-27,113,HFO,79.34,12.6,302.4,24,817.0131,0.47,Calm,FMS_MARITIME,2026-04-06
2023-07-28,113,LNG,47.24,10.3,247.2,24,595.0864,0.9,Calm,FMS_MARITIME,2026-04-06
2023-07-28,113,VLSFO,48.82,15.9,381.6,24,398.3896,0.8,Rough,FMS_MARITIME,2026-04-06
2023-07-28,113,VLSFO,59.14,17.7,424.8,24,433.5263,0.72,Calm,FMS_MARITIME,2026-04-06
2023-07-01,114,MGO,63.77,13.7,328.8,24,603.9531,0.41,Rough,FMS_MARITIME,2026-04-06
2023-07-02,114,MGO,18.15,10.5,252.0,24,224.2821,0.65,Rough,FMS_MARITIME,2026-04-06
2023-07-03,114,VLSFO,62.07,17.2,412.8,24,468.2315,0.46,Calm,FMS_MARITIME,2026-04-06
2023-07-04,114,LNG,59.14,12.1,290.4,24,634.1665,0.85,Moderate,FMS_MARITIME,2026-04-06
2023-07-05,114,VLSFO,79.49,17.8,427.2,24,579.4285,0.53,Moderate,FMS_MARITIME,2026-04-06
2023-07-06,114,HFO,29.85,16.8,403.2,24,230.5379,1.0,Rough,FMS_MARITIME,2026-04-06
2023-07-07,114,HFO,53.17,15.8,379.2,24,436.6334,0.65,Rough,FMS_MARITIME,2026-04-06
2023-07-08,114,VLSFO,46.11,14.9,357.6,24,401.5284,0.9,Calm,FMS_MARITIME,2026-04-06
2023-07-09,114,LNG,33.06,11.7,280.8,24,366.6269,0.93,Moderate,FMS_MARITIME,2026-04-06
2023-07-10,114,HFO,61.1,12.1,290.4,24,655.1839,0.48,Rough,FMS_MARITIME,2026-04-06
2023-07-11,114,MGO,52.5,9.1,218.4,24,748.5577,0.77,Calm,FMS_MARITIME,2026-04-06
2023-07-12,114,LSMGO,76.7,11.7,280.8,24,850.5833,0.84,Moderate,FMS_MARITIME,2026-04-06
2023-07-13,114,LNG,77.0,11.9,285.6,24,839.5588,0.54,Calm,FMS_MARITIME,2026-04-06
2023-07-14,114,HFO,23.99,17.9,429.6,24,173.894,0.64,Calm,FMS_MARITIME,2026-04-06
2023-07-15,114,MGO,49.45,17.2,412.8,24,373.0312,0.49,Moderate,FMS_MARITIME,2026-04-06
2023-07-16,114,HFO,79.1,12.0,288.0,24,855.2687,0.4,Calm,FMS_MARITIME,2026-04-06
2023-07-17,114,HFO,30.18,11.6,278.4,24,337.5737,0.58,Calm,FMS_MARITIME,2026-04-06
2023-07-18,114,HFO,24.28,17.6,422.4,24,178.996,0.58,Calm,FMS_MARITIME,2026-04-06
2023-07-19,114,HFO,34.05,16.0,384.0,24,276.1242,0.45,Calm,FMS_MARITIME,2026-04-06
2023-07-20,114,MGO,72.44,14.2,340.8,24,661.9077,0.9,Rough,FMS_MARITIME,2026-04-06
2023-07-21,114,MGO,59.81,9.1,218.4,24,852.7854,0.66,Calm,FMS_MARITIME,2026-04-06
2023-07-22,114,LNG,79.43,11.3,271.2,24,912.0392,0.86,Rough,FMS_MARITIME,2026-04-06
2023-07-23,114,VLSFO,17.61,9.8,235.2,24,233.1528,0.97,Calm,FMS_MARITIME,2026-04-06
2023-07-24,114,HFO,38.61,11.0,264.0,24,455.4225,0.5,Calm,FMS_MARITIME,2026-04-06
2023-07-25,114,LSMGO,68.04,13.3,319.2,24,663.7737,0.41,Calm,FMS_MARITIME,2026-04-06
2023-07-26,114,VLSFO,79.41,11.5,276.0,24,895.952,0.42,Calm,FMS_MARITIME,2026-04-06
2023-07-27,114,LNG,81.53,13.5,324.0,24,783.5939,0.66,Moderate,FMS_MARITIME,2026-04-06
2023-07-28,114,LSMGO,48.07,15.6,374.4,24,399.813,0.44,Rough,FMS_MARITIME,2026-04-06
2023-07-28,114,HFO,17.05,10.9,261.6,24,202.9576,0.68,Rough,FMS_MARITIME,2026-04-06
2023-07-28,114,HFO,73.13,15.5,372.0,24,612.1689,0.87,Rough,FMS_MARITIME,2026-04-06
2023-07-01,115,VLSFO,25.78,13.3,319.2,24,251.5004,0.66,Rough,FMS_MARITIME,2026-04-06
2023-07-02,115,LNG,72.3,10.2,244.8,24,919.6985,0.99,Rough,FMS_MARITIME,2026-04-06
2023-07-03,115,LNG,39.18,14.5,348.0,24,350.5934,0.83,Moderate,FMS_MARITIME,2026-04-06
2023-07-04,115,LNG,37.06,17.3,415.2,24,277.95,0.54,Rough,FMS_MARITIME,2026-04-06
2023-07-05,115,LNG,64.3,9.7,232.8,24,860.0954,0.99,Calm,FMS_MARITIME,2026-04-06
2023-07-06,115,LSMGO,23.6,10.4,249.6,24,294.4327,0.49,Rough,FMS_MARITIME,2026-04-06
2023-07-07,115,LSMGO,24.87,8.8,211.2,24,366.6912,0.93,Moderate,FMS_MARITIME,2026-04-06
2023-07-08,115,LSMGO,43.81,15.1,362.4,24,376.4469,0.59,Calm,FMS_MARITIME,2026-04-06
2023-07-09,115,MGO,60.66,15.4,369.6,24,511.0802,0.57,Calm,FMS_MARITIME,2026-04-06
2023-07-10,115,VLSFO,63.13,11.3,271.2,24,724.8777,0.94,Rough,FMS_MARITIME,2026-04-06
2023-07-11,115,MGO,43.71,12.3,295.2,24,461.0872,0.85,Moderate,FMS_MARITIME,2026-04-06
2023-07-12,115,HFO,38.3,10.8,259.2,24,460.1319,0.9,Moderate,FMS_MARITIME,2026-04-06
2023-07-13,115,MGO,78.69,9.3,223.2,24,1097.8524,0.95,Calm,FMS_MARITIME,2026-04-06
2023-07-14,115,MGO,74.7,16.8,403.2,24,576.9241,0.51,Calm,FMS_MARITIME,2026-04-06
2023-07-15,115,LNG,24.94,9.2,220.8,24,351.7353,0.68,Moderate,FMS_MARITIME,2026-04-06
2023-07-16,115,MGO,29.99,9.1,218.4,24,427.6047,0.52,Calm,FMS_MARITIME,2026-04-06
2023-07-17,115,LNG,77.44,15.8,379.2,24,635.9392,0.79,Calm,FMS_MARITIME,2026-04-06
2023-07-18,115,MGO,28.27,17.2,412.8,24,213.2577,0.83,Rough,FMS_MARITIME,2026-04-06
2023-07-19,115,LSMGO,61.13,8.5,204.0,24,933.1315,0.84,Calm,FMS_MARITIME,2026-04-06
2023-07-20,115,LNG,69.24,9.7,232.8,24,926.1742,0.92,Moderate,FMS_MARITIME,2026-04-06
2023-07-21,115,VLSFO,43.97,14.3,343.2,24,398.9586,0.93,Rough,FMS_MARITIME,2026-04-06
2023-07-22,115,LNG,33.31,13.2,316.8,24,327.4222,0.85,Moderate,FMS_MARITIME,2026-04-06
2023-07-23,115,HFO,68.12,10.2,244.8,24,866.5265,0.44,Calm,FMS_MARITIME,2026-04-06
2023-07-24,115,MGO,50.96,16.1,386.4,24,410.687,0.83,Moderate,FMS_MARITIME,2026-04-06
2023-07-25,115,MGO,34.86,16.9,405.6,24,267.6382,0.43,Moderate,FMS_MARITIME,2026-04-06
2023-07-26,115,LNG,28.75,8.9,213.6,24,419.1362,0.91,Moderate,FMS_MARITIME,2026-04-06
2023-07-27,115,LNG,64.34,12.9,309.6,24,647.1407,0.48,Moderate,FMS_MARITIME,2026-04-06
2023-07-28,115,HFO,17.67,14.0,336.0,24,163.763,0.92,Calm,FMS_MARITIME,2026-04-06
2023-07-28,115,LNG,46.19,10.4,249.6,24,576.2647,0.73,Moderate,FMS_MARITIME,2026-04-06
2023-07-28,115,HFO,28.32,13.8,331.2,24,266.2696,0.99,Calm,FMS_MARITIME,2026-04-06
2023-07-01,116,LNG,23.65,15.6,374.4,24,196.7043,0.5,Moderate,FMS_MARITIME,2026-04-06
2023-07-02,116,LNG,24.06,12.1,290.4,24,257.9988,0.69,Moderate,FMS_MARITIME,2026-04-06
2023-07-03,116,LSMGO,16.83,11.5,276.0,24,189.8863,0.55,Calm,FMS_MARITIME,2026-04-06
2023-07-04,116,MGO,75.43,17.8,427.2,24,549.8338,0.71,Calm,FMS_MARITIME,2026-04-06
2023-07-05,116,LSMGO,34.36,10.2,244.8,24,437.0794,0.86,Rough,FMS_MARITIME,2026-04-06
2023-07-06,116,LNG,71.56,14.9,357.6,24,623.1483,0.76,Calm,FMS_MARITIME,2026-04-06
2023-07-07,116,HFO,56.68,15.7,376.8,24,468.4223,0.92,Rough,FMS_MARITIME,2026-04-06
2023-07-08,116,VLSFO,17.85,12.7,304.8,24,182.3652,0.86,Calm,FMS_MARITIME,2026-04-06
2023-07-09,116,LNG,33.15,12.0,288.0,24,358.4344,0.57,Calm,FMS_MARITIME,2026-04-06
2023-07-10,116,LSMGO,15.67,17.2,412.8,24,118.2083,0.51,Rough,FMS_MARITIME,2026-04-06
2023-07-11,116,MGO,83.93,10.5,252.0,24,1037.135,0.65,Calm,FMS_MARITIME,2026-04-06
2023-07-12,116,HFO,64.35,8.9,213.6,24,938.1362,0.51,Calm,FMS_MARITIME,2026-04-06
2023-07-13,116,LSMGO,62.72,10.1,242.4,24,805.7347,0.85,Moderate,FMS_MARITIME,2026-04-06
2023-07-14,116,MGO,15.2,13.4,321.6,24,147.1791,0.92,Calm,FMS_MARITIME,2026-04-06
2023-07-15,116,LNG,26.64,16.5,396.0,24,209.4873,0.45,Moderate,FMS_MARITIME,2026-04-06
2023-07-16,116,HFO,18.31,12.2,292.8,24,194.7314,0.68,Calm,FMS_MARITIME,2026-04-06
2023-07-17,116,MGO,28.56,16.6,398.4,24,223.2325,0.97,Rough,FMS_MARITIME,2026-04-06
2023-07-18,116,MGO,58.63,16.1,386.4,24,472.4995,0.85,Calm,FMS_MARITIME,2026-04-06
2023-07-19,116,HFO,52.58,14.5,348.0,24,470.5003,0.46,Moderate,FMS_MARITIME,2026-04-06
2023-07-20,116,MGO,69.08,11.0,264.0,24,814.83,0.53,Rough,FMS_MARITIME,2026-04-06
2023-07-21,116,VLSFO,70.97,15.8,379.2,24,582.8074,0.99,Moderate,FMS_MARITIME,2026-04-06
2023-07-22,116,HFO,47.08,9.9,237.6,24,617.0333,0.82,Rough,FMS_MARITIME,2026-04-06
2023-07-23,116,VLSFO,80.03,9.7,232.8,24,1070.5044,0.94,Rough,FMS_MARITIME,2026-04-06
2023-07-24,116,HFO,74.26,17.0,408.0,24,566.7785,0.87,Moderate,FMS_MARITIME,2026-04-06
2023-07-25,116,LNG,71.07,14.2,340.8,24,649.3896,0.6,Calm,FMS_MARITIME,2026-04-06
2023-07-26,116,LSMGO,51.26,17.1,410.4,24,388.9465,0.89,Rough,FMS_MARITIME,2026-04-06
2023-07-27,116,LNG,40.69,9.4,225.6,24,561.6519,0.84,Rough,FMS_MARITIME,2026-04-06
2023-07-28,116,LSMGO,36.21,16.1,386.4,24,291.8166,0.78,Rough,FMS_MARITIME,2026-04-06
2023-07-28,116,VLSFO,38.94,9.4,225.6,24,537.4963,0.77,Moderate,FMS_MARITIME,2026-04-06
2023-07-28,116,LNG,39.06,9.4,225.6,24,539.1527,1.0,Moderate,FMS_MARITIME,2026-04-06
2023-07-01,117,HFO,37.76,10.7,256.8,24,457.8841,0.96,Moderate,FMS_MARITIME,2026-04-06
2023-07-02,117,VLSFO,35.34,17.3,415.2,24,265.05,0.43,Calm,FMS_MARITIME,2026-04-06
2023-07-03,117,VLSFO,81.55,8.3,199.2,24,1274.8328,0.56,Rough,FMS_MARITIME,2026-04-06
2023-07-04,117,VLSFO,21.3,8.8,211.2,24,314.054,0.99,Rough,FMS_MARITIME,2026-04-06
2023-07-05,117,LNG,57.43,12.0,288.0,24,620.9619,0.79,Calm,FMS_MARITIME,2026-04-06
2023-07-06,117,VLSFO,23.37,9.6,230.4,24,315.8602,0.44,Calm,FMS_MARITIME,2026-04-06
2023-07-07,117,VLSFO,76.05,17.0,408.0,24,580.4404,0.97,Calm,FMS_MARITIME,2026-04-06
2023-07-08,117,HFO,21.14,15.5,372.0,24,176.9623,0.44,Calm,FMS_MARITIME,2026-04-06
2023-07-09,117,LSMGO,25.25,13.3,319.2,24,246.3299,0.96,Moderate,FMS_MARITIME,2026-04-06
2023-07-10,117,LSMGO,80.5,13.3,319.2,24,785.3289,0.94,Moderate,FMS_MARITIME,2026-04-06
2023-07-11,117,LSMGO,59.29,13.4,321.6,24,574.0953,0.68,Rough,FMS_MARITIME,2026-04-06
2023-07-12,117,LSMGO,70.0,17.2,412.8,24,528.0523,0.66,Rough,FMS_MARITIME,2026-04-06
2023-07-13,117,MGO,84.81,14.5,348.0,24,758.9033,0.63,Moderate,FMS_MARITIME,2026-04-06
2023-07-14,117,VLSFO,54.51,12.4,297.6,24,570.3768,0.95,Rough,FMS_MARITIME,2026-04-06
2023-07-15,117,VLSFO,25.74,17.1,410.4,24,195.3079,0.64,Moderate,FMS_MARITIME,2026-04-06
2023-07-16,117,LNG,28.98,17.8,427.2,24,211.2447,0.78,Moderate,FMS_MARITIME,2026-04-06
2023-07-17,117,HFO,52.42,8.1,194.4,24,839.6907,0.79,Calm,FMS_MARITIME,2026-04-06
2023-07-18,117,VLSFO,52.46,8.1,194.4,24,840.3315,0.55,Calm,FMS_MARITIME,2026-04-06
2023-07-19,117,LSMGO,45.7,10.1,242.4,24,587.0866,0.71,Rough,FMS_MARITIME,2026-04-06
2023-07-20,117,LNG,72.77,11.1,266.4,24,850.6223,0.58,Calm,FMS_MARITIME,2026-04-06
2023-07-21,117,HFO,70.64,9.7,232.8,24,944.901,0.56,Rough,FMS_MARITIME,2026-04-06
2023-07-22,117,LNG,58.19,9.6,230.4,24,786.4742,0.64,Moderate,FMS_MARITIME,2026-04-06
2023-07-23,117,MGO,49.95,11.2,268.8,24,578.6618,0.66,Moderate,FMS_MARITIME,2026-04-06
2023-07-24,117,MGO,26.7,15.7,376.8,24,220.6576,0.66,Rough,FMS_MARITIME,2026-04-06
2023-07-25,117,MGO,66.9,12.9,309.6,24,672.8895,0.57,Calm,FMS_MARITIME,2026-04-06
2023-07-26,117,VLSFO,24.4,12.7,304.8,24,249.2835,0.67,Calm,FMS_MARITIME,2026-04-06
2023-07-27,117,HFO,48.29,10.8,259.2,24,580.1507,0.88,Rough,FMS_MARITIME,2026-04-06
2023-07-28,117,LSMGO,83.35,9.5,228.0,24,1138.3855,0.56,Rough,FMS_MARITIME,2026-04-06
2023-07-28,117,MGO,52.33,10.8,259.2,24,628.6868,0.44,Moderate,FMS_MARITIME,2026-04-06
2023-07-28,117,HFO,27.23,9.9,237.6,24,356.878,0.4,Moderate,FMS_MARITIME,2026-04-06
2023-07-01,118,LNG,82.94,8.7,208.8,24,1236.95,1.0,Moderate,FMS_MARITIME,2026-04-06
2023-07-02,118,LNG,19.93,17.8,427.2,24,145.2763,0.49,Rough,FMS_MARITIME,2026-04-06
2023-07-03,118,LNG,73.08,8.3,199.2,24,1142.4253,0.98,Moderate,FMS_MARITIME,2026-04-06
2023-07-04,118,MGO,32.37,15.9,381.6,24,264.1514,0.57,Calm,FMS_MARITIME,2026-04-06
2023-07-05,118,LNG,59.23,11.1,266.4,24,692.3507,0.57,Rough,FMS_MARITIME,2026-04-06
2023-07-06,118,LNG,26.86,8.8,211.2,24,396.0324,0.45,Calm,FMS_MARITIME,2026-04-06
2023-07-07,118,HFO,24.75,12.1,290.4,24,265.3977,0.83,Moderate,FMS_MARITIME,2026-04-06
2023-07-08,118,HFO,64.26,14.9,357.6,24,559.5795,0.72,Calm,FMS_MARITIME,2026-04-06
2023-07-09,118,LNG,26.57,17.8,427.2,24,193.6774,0.42,Moderate,FMS_MARITIME,2026-04-06
2023-07-10,118,VLSFO,83.26,18.0,432.0,24,600.1658,0.96,Moderate,FMS_MARITIME,2026-04-06
2023-07-11,118,VLSFO,53.1,12.1,290.4,24,569.3988,0.89,Rough,FMS_MARITIME,2026-04-06
2023-07-12,118,LSMGO,33.08,11.1,266.4,24,386.6784,0.48,Moderate,FMS_MARITIME,2026-04-06
2023-07-13,118,MGO,57.41,16.5,396.0,24,451.4514,0.51,Calm,FMS_MARITIME,2026-04-06
2023-07-14,118,LNG,34.85,15.5,372.0,24,291.7282,0.62,Moderate,FMS_MARITIME,2026-04-06
2023-07-15,118,MGO,41.57,12.8,307.2,24,421.3834,0.74,Moderate,FMS_MARITIME,2026-04-06
2023-07-16,118,MGO,20.77,17.3,415.2,24,155.775,0.4,Moderate,FMS_MARITIME,2026-04-06
2023-07-17,118,HFO,72.67,16.6,398.4,24,568.008,0.94,Moderate,FMS_MARITIME,2026-04-06
2023-07-18,118,HFO,56.28,15.3,367.2,24,477.2765,0.54,Rough,FMS_MARITIME,2026-04-06
2023-07-19,118,MGO,53.4,15.1,362.4,24,458.851,0.59,Calm,FMS_MARITIME,2026-04-06
2023-07-20,118,MGO,81.13,8.6,206.4,24,1224.0253,0.51,Calm,FMS_MARITIME,2026-04-06
2023-07-21,118,HFO,77.1,10.3,247.2,24,971.2354,0.44,Rough,FMS_MARITIME,2026-04-06
2023-07-22,118,HFO,62.91,9.1,218.4,24,896.986,0.46,Rough,FMS_MARITIME,2026-04-06
2023-07-23,118,MGO,22.4,11.0,264.0,24,264.2182,0.44,Rough,FMS_MARITIME,2026-04-06
2023-07-24,118,VLSFO,56.53,17.3,415.2,24,423.975,0.98,Moderate,FMS_MARITIME,2026-04-06
2023-07-25,118,VLSFO,50.57,11.7,280.8,24,560.8083,0.54,Rough,FMS_MARITIME,2026-04-06
2023-07-26,118,LSMGO,16.24,12.0,288.0,24,175.595,0.7,Moderate,FMS_MARITIME,2026-04-06
2023-07-27,118,HFO,25.95,10.8,259.2,24,311.7604,0.76,Rough,FMS_MARITIME,2026-04-06
2023-07-28,118,VLSFO,78.87,17.2,412.8,24,594.9641,0.79,Rough,FMS_MARITIME,2026-04-06
2023-07-28,118,LNG,25.8,9.0,216.0,24,371.95,0.59,Moderate,FMS_MARITIME,2026-04-06
2023-07-28,118,LSMGO,23.98,8.3,199.2,24,374.8681,0.42,Moderate,FMS_MARITIME,2026-04-06
2023-07-01,119,VLSFO,29.03,15.7,376.8,24,239.9135,0.65,Rough,FMS_MARITIME,2026-04-06
2023-07-02,119,LNG,21.4,9.4,225.6,24,295.3883,0.62,Calm,FMS_MARITIME,2026-04-06
2023-07-03,119,LNG,68.61,9.9,237.6,24,899.2068,0.52,Calm,FMS_MARITIME,2026-04-06
2023-07-04,119,MGO,71.27,8.4,201.6,24,1100.867,0.88,Moderate,FMS_MARITIME,2026-04-06
2023-07-05,119,LSMGO,43.57,8.7,208.8,24,649.794,0.4,Moderate,FMS_MARITIME,2026-04-06
2023-07-06,119,LSMGO,32.26,14.9,357.6,24,280.9218,0.55,Rough,FMS_MARITIME,2026-04-06
2023-07-07,119,VLSFO,55.86,15.4,369.6,24,470.6386,0.57,Moderate,FMS_MARITIME,2026-04-06
2023-07-08,119,HFO,28.64,12.9,309.6,24,288.0651,0.6,Calm,FMS_MARITIME,2026-04-06
2023-07-09,119,VLSFO,40.55,11.6,278.4,24,453.5657,0.54,Moderate,FMS_MARITIME,2026-04-06
2023-07-10,119,HFO,72.75,12.0,288.0,24,786.6094,0.57,Calm,FMS_MARITIME,2026-04-06
2023-07-11,119,LSMGO,20.17,8.4,201.6,24,311.5545,0.45,Calm,FMS_MARITIME,2026-04-06
2023-07-12,119,HFO,70.76,14.0,336.0,24,655.7936,0.79,Rough,FMS_MARITIME,2026-04-06
2023-07-13,119,LSMGO,34.89,15.5,372.0,24,292.0631,0.85,Moderate,FMS_MARITIME,2026-04-06
2023-07-14,119,LNG,44.98,10.2,244.8,24,572.1721,0.68,Calm,FMS_MARITIME,2026-04-06
2023-07-15,119,HFO,59.11,10.8,259.2,24,710.141,0.98,Moderate,FMS_MARITIME,2026-04-06
2023-07-16,119,HFO,60.81,16.5,396.0,24,478.1877,0.78,Calm,FMS_MARITIME,2026-04-06
2023-07-17,119,HFO,39.49,8.9,213.6,24,575.711,0.74,Rough,FMS_MARITIME,2026-04-06
2023-07-18,119,HFO,58.5,15.1,362.4,24,502.6738,0.83,Rough,FMS_MARITIME,2026-04-06
2023-07-19,119,MGO,64.85,10.0,240.0,24,841.4287,0.61,Rough,FMS_MARITIME,2026-04-06
2023-07-20,119,LSMGO,51.56,10.3,247.2,24,649.5058,0.98,Moderate,FMS_MARITIME,2026-04-06
2023-07-21,119,LSMGO,57.42,16.2,388.8,24,459.8917,0.67,Moderate,FMS_MARITIME,2026-04-06
2023-07-22,119,MGO,66.73,15.0,360.0,24,577.2145,0.89,Moderate,FMS_MARITIME,2026-04-06
2023-07-23,119,LSMGO,66.14,8.7,208.8,24,986.3983,0.74,Calm,FMS_MARITIME,2026-04-06
2023-07-24,119,LSMGO,54.39,16.5,396.0,24,427.7032,0.96,Moderate,FMS_MARITIME,2026-04-06
2023-07-25,119,LSMGO,29.7,8.6,206.4,24,448.0901,0.6,Rough,FMS_MARITIME,2026-04-06
2023-07-26,119,LSMGO,67.92,13.3,319.2,24,662.603,0.58,Calm,FMS_MARITIME,2026-04-06
2023-07-27,119,LSMGO,35.83,9.6,230.4,24,484.2648,0.86,Moderate,FMS_MARITIME,2026-04-06
2023-07-28,119,LSMGO,32.87,12.8,307.2,24,333.1939,0.91,Moderate,FMS_MARITIME,2026-04-06
2023-07-28,119,LNG,26.45,14.1,338.4,24,243.3963,0.47,Moderate,FMS_MARITIME,2026-04-06
2023-07-28,119,LNG,65.0,11.2,268.8,24,753.0134,0.59,Calm,FMS_MARITIME,2026-04-06
2023-07-01,120,MGO,26.67,8.9,213.6,24,388.8126,0.79,Rough,FMS_MARITIME,2026-04-06
2023-07-02,120,LSMGO,70.93,17.6,422.4,24,522.9072,0.77,Moderate,FMS_MARITIME,2026-04-06
2023-07-03,120,VLSFO,54.14,11.1,266.4,24,632.8527,0.99,Calm,FMS_MARITIME,2026-04-06
2023-07-04,120,LSMGO,23.75,12.3,295.2,24,250.5335,0.9,Moderate,FMS_MARITIME,2026-04-06
2023-07-05,120,HFO,52.87,8.7,208.8,24,788.4922,0.91,Moderate,FMS_MARITIME,2026-04-06
2023-07-06,120,VLSFO,15.34,12.2,292.8,24,163.1447,0.99,Moderate,FMS_MARITIME,2026-04-06
2023-07-07,120,MGO,47.59,13.3,319.2,24,464.2709,0.6,Rough,FMS_MARITIME,2026-04-06
2023-07-08,120,LSMGO,31.24,12.3,295.2,24,329.5439,0.82,Calm,FMS_MARITIME,2026-04-06
2023-07-09,120,HFO,25.02,15.7,376.8,24,206.7736,0.73,Rough,FMS_MARITIME,2026-04-06
2023-07-10,120,LSMGO,26.25,14.8,355.2,24,230.1309,0.62,Calm,FMS_MARITIME,2026-04-06
2023-07-11,120,MGO,61.73,10.5,252.0,24,762.8064,0.92,Calm,FMS_MARITIME,2026-04-06
2023-07-12,120,MGO,28.03,8.8,211.2,24,413.2832,0.74,Calm,FMS_MARITIME,2026-04-06
2023-07-13,120,LSMGO,23.28,14.0,336.0,24,215.7557,0.52,Moderate,FMS_MARITIME,2026-04-06
2023-07-14,120,VLSFO,57.26,15.3,367.2,24,485.5873,0.92,Moderate,FMS_MARITIME,2026-04-06
2023-07-15,120,LNG,67.81,12.6,302.4,24,698.2815,0.71,Rough,FMS_MARITIME,2026-04-06
2023-07-16,120,VLSFO,68.68,16.2,388.8,24,550.0759,0.8,Moderate,FMS_MARITIME,2026-04-06
2023-07-17,120,MGO,71.85,11.6,278.4,24,803.667,0.85,Moderate,FMS_MARITIME,2026-04-06
2023-07-18,120,MGO,25.46,16.5,396.0,24,200.2082,0.8,Moderate,FMS_MARITIME,2026-04-06
2023-07-19,120,LNG,31.32,13.1,314.4,24,310.2115,0.89,Calm,FMS_MARITIME,2026-04-06
2023-07-20,120,HFO,50.86,17.3,415.2,24,381.45,0.41,Rough,FMS_MARITIME,2026-04-06
2023-07-21,120,LSMGO,76.08,8.2,196.8,24,1203.8268,0.53,Rough,FMS_MARITIME,2026-04-06
2023-07-22,120,MGO,35.42,8.0,192.0,24,574.4681,0.96,Rough,FMS_MARITIME,2026-04-06
2023-07-23,120,LNG,62.83,13.6,326.4,24,599.4259,0.75,Calm,FMS_MARITIME,2026-04-06
2023-07-24,120,VLSFO,36.41,15.2,364.8,24,310.8025,0.77,Moderate,FMS_MARITIME,2026-04-06
2023-07-25,120,HFO,62.21,11.9,285.6,24,678.2981,0.74,Rough,FMS_MARITIME,2026-04-06
2023-07-26,120,MGO,22.58,11.6,278.4,24,252.5651,0.67,Moderate,FMS_MARITIME,2026-04-06
2023-07-27,120,HFO,83.99,15.4,369.6,24,707.643,0.61,Moderate,FMS_MARITIME,2026-04-06
2023-07-28,120,LSMGO,68.99,11.0,264.0,24,813.7684,0.75,Rough,FMS_MARITIME,2026-04-06
2023-07-28,120,MGO,73.31,13.2,316.8,24,720.604,0.78,Moderate,FMS_MARITIME,2026-04-06
2023-07-28,120,LSMGO,74.02,14.4,345.6,24,666.951,0.77,Moderate,FMS_MARITIME,2026-04-06
2023-07-01,121,MGO,19.05,17.7,424.8,24,139.6462,0.86,Rough,FMS_MARITIME,2026-04-06
2023-07-02,121,HFO,60.26,12.0,288.0,24,651.5612,0.75,Moderate,FMS_MARITIME,2026-04-06
2023-07-03,121,HFO,39.61,15.5,372.0,24,331.574,0.68,Calm,FMS_MARITIME,2026-04-06
2023-07-04,121,LSMGO,58.03,12.2,292.8,24,617.1633,0.62,Calm,FMS_MARITIME,2026-04-06
2023-07-05,121,MGO,17.31,14.6,350.4,24,153.8337,0.55,Rough,FMS_MARITIME,2026-04-06
2023-07-06,121,LSMGO,54.88,9.2,220.8,24,773.987,0.79,Calm,FMS_MARITIME,2026-04-06
2023-07-07,121,LSMGO,74.37,15.4,369.6,24,626.5914,0.61,Rough,FMS_MARITIME,2026-04-06
2023-07-08,121,VLSFO,43.32,17.8,427.2,24,315.7736,0.95,Calm,FMS_MARITIME,2026-04-06
2023-07-09,121,LNG,33.89,12.3,295.2,24,357.4982,0.55,Calm,FMS_MARITIME,2026-04-06
2023-07-10,121,VLSFO,27.35,8.5,204.0,24,417.4897,0.68,Rough,FMS_MARITIME,2026-04-06
2023-07-11,121,VLSFO,83.04,13.8,331.2,24,780.7565,0.62,Moderate,FMS_MARITIME,2026-04-06
2023-07-12,121,MGO,50.15,11.4,273.6,24,570.7862,0.6,Calm,FMS_MARITIME,2026-04-06
2023-07-13,121,HFO,66.37,9.2,220.8,24,936.0334,0.62,Calm,FMS_MARITIME,2026-04-06
2023-07-14,121,VLSFO,31.86,8.6,206.4,24,480.6785,0.81,Moderate,FMS_MARITIME,2026-04-06
2023-07-15,121,MGO,66.54,12.1,290.4,24,713.5178,1.0,Rough,FMS_MARITIME,2026-04-06
2023-07-16,121,LNG,68.08,8.4,201.6,24,1051.5929,0.59,Calm,FMS_MARITIME,2026-04-06
2023-07-17,121,LSMGO,43.15,12.3,295.2,24,455.1799,0.59,Rough,FMS_MARITIME,2026-04-06
2023-07-18,121,LNG,74.4,8.2,196.8,24,1177.2439,0.41,Moderate,FMS_MARITIME,2026-04-06
2023-07-19,121,MGO,16.0,13.2,316.8,24,157.2727,0.99,Moderate,FMS_MARITIME,2026-04-06
2023-07-20,121,LNG,29.21,15.5,372.0,24,244.516,0.93,Calm,FMS_MARITIME,2026-04-06
2023-07-21,121,HFO,55.78,10.7,256.8,24,676.3977,0.84,Rough,FMS_MARITIME,2026-04-06
2023-07-22,121,LNG,56.53,12.6,302.4,24,582.1244,0.73,Rough,FMS_MARITIME,2026-04-06
2023-07-23,121,MGO,69.15,16.9,405.6,24,530.9001,0.61,Moderate,FMS_MARITIME,2026-04-06
2023-07-24,121,VLSFO,52.16,12.5,300.0,24,541.4208,0.76,Moderate,FMS_MARITIME,2026-04-06
2023-07-25,121,MGO,72.66,13.1,314.4,24,719.6668,0.7,Rough,FMS_MARITIME,2026-04-06
2023-07-26,121,VLSFO,82.85,12.2,292.8,24,881.1301,0.87,Rough,FMS_MARITIME,2026-04-06
2023-07-27,121,HFO,23.41,10.3,247.2,24,294.8978,0.89,Moderate,FMS_MARITIME,2026-04-06
2023-07-28,121,LSMGO,43.25,16.0,384.0,24,350.7305,0.54,Calm,FMS_MARITIME,2026-04-06
2023-07-28,121,HFO,65.93,10.1,242.4,24,846.972,0.61,Calm,FMS_MARITIME,2026-04-06
2023-07-28,121,LNG,82.13,17.7,424.8,24,602.0547,0.99,Moderate,FMS_MARITIME,2026-04-06
2023-07-01,122,MGO,63.29,17.0,408.0,24,483.0516,0.83,Moderate,FMS_MARITIME,2026-04-06
2023-07-02,122,VLSFO,81.08,13.2,316.8,24,796.9795,0.71,Moderate,FMS_MARITIME,2026-04-06
2023-07-03,122,LSMGO,77.82,10.7,256.8,24,943.6584,0.42,Rough,FMS_MARITIME,2026-04-06
2023-07-04,122,LSMGO,80.92,15.0,360.0,24,699.958,0.64,Rough,FMS_MARITIME,2026-04-06
2023-07-05,122,LNG,20.23,11.6,278.4,24,226.2795,0.44,Rough,FMS_MARITIME,2026-04-06
2023-07-06,122,HFO,78.77,12.4,297.6,24,824.2264,0.81,Calm,FMS_MARITIME,2026-04-06
2023-07-07,122,MGO,67.67,14.7,352.8,24,597.2913,0.55,Calm,FMS_MARITIME,2026-04-06
2023-07-08,122,VLSFO,43.86,11.2,268.8,24,508.1103,0.67,Calm,FMS_MARITIME,2026-04-06
2023-07-09,122,HFO,43.07,10.6,254.4,24,527.2012,0.57,Calm,FMS_MARITIME,2026-04-06
2023-07-10,122,LSMGO,43.3,12.2,292.8,24,460.5061,0.99,Rough,FMS_MARITIME,2026-04-06
2023-07-11,122,MGO,84.94,14.1,338.4,24,781.6287,0.42,Rough,FMS_MARITIME,2026-04-06
2023-07-12,122,LNG,60.85,8.9,213.6,24,887.111,0.98,Rough,FMS_MARITIME,2026-04-06
2023-07-13,122,HFO,63.17,14.4,345.6,24,569.188,0.71,Moderate,FMS_MARITIME,2026-04-06
2023-07-14,122,MGO,79.75,12.8,307.2,24,808.4033,0.51,Rough,FMS_MARITIME,2026-04-06
2023-07-15,122,MGO,48.81,13.8,331.2,24,458.9201,0.49,Moderate,FMS_MARITIME,2026-04-06
2023-07-16,122,LNG,31.21,10.2,244.8,24,397.0096,0.81,Moderate,FMS_MARITIME,2026-04-06
2023-07-17,122,LNG,80.14,16.0,384.0,24,649.8853,0.86,Rough,FMS_MARITIME,2026-04-06
2023-07-18,122,LNG,42.81,15.8,379.2,24,351.5568,0.66,Rough,FMS_MARITIME,2026-04-06
2023-07-19,122,LNG,66.15,14.0,336.0,24,613.0688,0.79,Calm,FMS_MARITIME,2026-04-06
2023-07-20,122,LNG,49.97,15.2,364.8,24,426.5531,0.94,Rough,FMS_MARITIME,2026-04-06
2023-07-21,122,LSMGO,40.38,12.9,309.6,24,406.1477,0.41,Moderate,FMS_MARITIME,2026-04-06
2023-07-22,122,MGO,31.87,17.9,429.6,24,231.013,0.41,Rough,FMS_MARITIME,2026-04-06
2023-07-23,122,HFO,26.84,10.2,244.8,24,341.4206,0.77,Rough,FMS_MARITIME,2026-04-06
2023-07-24,122,LNG,64.58,12.0,288.0,24,698.2712,0.6,Moderate,FMS_MARITIME,2026-04-06
2023-07-25,122,MGO,27.55,16.3,391.2,24,219.3014,0.66,Calm,FMS_MARITIME,2026-04-06
2023-07-26,122,VLSFO,23.83,17.3,415.2,24,178.725,0.48,Calm,FMS_MARITIME,2026-04-06
2023-07-27,122,HFO,22.7,8.8,211.2,24,334.696,0.63,Rough,FMS_MARITIME,2026-04-06
2023-07-28,122,LNG,21.42,13.8,331.2,24,201.3946,0.57,Moderate,FMS_MARITIME,2026-04-06
2023-07-28,122,VLSFO,45.83,8.5,204.0,24,699.5815,0.99,Calm,FMS_MARITIME,2026-04-06
2023-07-28,122,HFO,15.93,8.1,194.4,24,255.175,0.97,Rough,FMS_MARITIME,2026-04-06
2023-07-01,123,LNG,81.58,9.7,232.8,24,1091.2376,0.94,Rough,FMS_MARITIME,2026-04-06
2023-07-02,123,HFO,61.38,11.9,285.6,24,669.2483,0.6,Rough,FMS_MARITIME,2026-04-06
2023-07-03,123,LSMGO,19.34,10.1,242.4,24,248.452,0.64,Calm,FMS_MARITIME,2026-04-06
2023-07-04,123,LSMGO,55.35,11.6,278.4,24,619.1088,0.43,Moderate,FMS_MARITIME,2026-04-06
2023-07-05,123,LSMGO,64.46,13.5,324.0,24,619.5322,0.86,Rough,FMS_MARITIME,2026-04-06
2023-07-06,123,LNG,44.84,16.9,405.6,24,344.2598,0.66,Rough,FMS_MARITIME,2026-04-06
2023-07-07,123,VLSFO,61.16,10.5,252.0,24,755.7629,0.91,Calm,FMS_MARITIME,2026-04-06
2023-07-08,123,LSMGO,41.54,13.1,314.4,24,411.4363,0.51,Calm,FMS_MARITIME,2026-04-06
2023-07-09,123,MGO,21.75,16.0,384.0,24,176.3789,0.44,Rough,FMS_MARITIME,2026-04-06
2023-07-10,123,LNG,61.5,14.2,340.8,24,561.9454,0.96,Moderate,FMS_MARITIME,2026-04-06
2023-07-11,123,VLSFO,48.6,10.0,240.0,24,630.585,0.71,Moderate,FMS_MARITIME,2026-04-06
2023-07-12,123,VLSFO,39.43,16.3,391.2,24,313.8676,0.42,Calm,FMS_MARITIME,2026-04-06
2023-07-13,123,HFO,36.96,16.5,396.0,24,290.64,0.8,Moderate,FMS_MARITIME,2026-04-06
2023-07-14,123,LNG,15.09,11.6,278.4,24,168.7869,0.43,Calm,FMS_MARITIME,2026-04-06
2023-07-15,123,LSMGO,70.96,10.7,256.8,24,860.4729,1.0,Moderate,FMS_MARITIME,2026-04-06
2023-07-16,123,MGO,84.21,12.9,309.6,24,846.9959,0.72,Rough,FMS_MARITIME,2026-04-06
2023-07-17,123,LNG,29.1,12.6,302.4,24,299.6607,0.71,Moderate,FMS_MARITIME,2026-04-06
2023-07-18,123,HFO,69.27,16.7,400.8,24,538.1906,0.75,Moderate,FMS_MARITIME,2026-04-06
2023-07-19,123,LSMGO,20.07,9.2,220.8,24,283.0524,0.97,Moderate,FMS_MARITIME,2026-04-06
2023-07-20,123,MGO,73.41,15.6,374.4,24,610.5736,0.97,Moderate,FMS_MARITIME,2026-04-06
2023-07-21,123,VLSFO,68.07,10.8,259.2,24,817.7854,0.92,Moderate,FMS_MARITIME,2026-04-06
2023-07-22,123,VLSFO,23.9,15.6,374.4,24,198.7837,0.75,Moderate,FMS_MARITIME,2026-04-06
2023-07-23,123,LSMGO,39.76,14.2,340.8,24,363.3,0.57,Rough,FMS_MARITIME,2026-04-06
2023-07-24,123,HFO,16.21,10.1,242.4,24,208.2423,0.85,Moderate,FMS_MARITIME,2026-04-06
2023-07-25,123,MGO,26.32,16.9,405.6,24,202.0722,0.46,Rough,FMS_MARITIME,2026-04-06
2023-07-26,123,VLSFO,43.98,16.5,396.0,24,345.8427,0.41,Rough,FMS_MARITIME,2026-04-06
2023-07-27,123,LSMGO,70.62,13.6,326.4,24,673.746,0.42,Calm,FMS_MARITIME,2026-04-06
2023-07-28,123,MGO,63.57,15.9,381.6,24,518.7552,0.51,Calm,FMS_MARITIME,2026-04-06
2023-07-28,123,LSMGO,43.22,14.7,352.8,24,381.4827,0.47,Rough,FMS_MARITIME,2026-04-06
2023-07-28,123,MGO,38.97,11.2,268.8,24,451.4605,0.84,Calm,FMS_MARITIME,2026-04-06
2023-07-01,124,LNG,37.56,9.4,225.6,24,518.4479,0.69,Moderate,FMS_MARITIME,2026-04-06
2023-07-02,124,LNG,36.81,15.7,376.8,24,304.21,0.46,Calm,FMS_MARITIME,2026-04-06
2023-07-03,124,LNG,40.45,8.5,204.0,24,617.4574,0.85,Calm,FMS_MARITIME,2026-04-06
2023-07-04,124,LSMGO,23.53,11.8,283.2,24,258.7303,0.63,Moderate,FMS_MARITIME,2026-04-06
2023-07-05,124,LSMGO,76.61,12.8,307.2,24,776.574,0.59,Rough,FMS_MARITIME,2026-04-06
2023-07-06,124,LSMGO,28.37,9.4,225.6,24,391.5965,0.61,Moderate,FMS_MARITIME,2026-04-06
2023-07-07,124,LSMGO,21.87,11.0,264.0,24,257.9666,0.53,Rough,FMS_MARITIME,2026-04-06
2023-07-08,124,MGO,66.04,15.9,381.6,24,538.9113,0.69,Moderate,FMS_MARITIME,2026-04-06
2023-07-09,124,LSMGO,58.25,14.8,355.2,24,510.6715,0.88,Calm,FMS_MARITIME,2026-04-06
2023-07-10,124,LSMGO,42.29,11.5,276.0,24,477.1415,0.59,Moderate,FMS_MARITIME,2026-04-06
2023-07-11,124,MGO,38.19,15.8,379.2,24,313.6172,0.53,Moderate,FMS_MARITIME,2026-04-06
2023-07-12,124,LNG,24.84,10.7,256.8,24,301.214,0.65,Calm,FMS_MARITIME,2026-04-06
2023-07-13,124,HFO,74.32,17.5,420.0,24,551.0297,0.73,Rough,FMS_MARITIME,2026-04-06
2023-07-14,124,LSMGO,65.19,17.5,420.0,24,483.3373,0.78,Moderate,FMS_MARITIME,2026-04-06
2023-07-15,124,MGO,32.06,8.4,201.6,24,495.2125,0.41,Rough,FMS_MARITIME,2026-04-06
2023-07-16,124,LNG,47.53,10.3,247.2,24,598.7396,0.8,Rough,FMS_MARITIME,2026-04-06
2023-07-17,124,HFO,47.7,10.6,254.4,24,583.875,0.82,Calm,FMS_MARITIME,2026-04-06
2023-07-18,124,MGO,36.66,14.2,340.8,24,334.9743,0.48,Calm,FMS_MARITIME,2026-04-06
2023-07-19,124,HFO,43.2,9.6,230.4,24,583.875,0.76,Calm,FMS_MARITIME,2026-04-06
2023-07-20,124,LNG,62.2,12.5,300.0,24,645.636,0.7,Rough,FMS_MARITIME,2026-04-06
2023-07-21,124,LSMGO,71.06,12.3,295.2,24,749.5963,0.84,Calm,FMS_MARITIME,2026-04-06
2023-07-22,124,HFO,40.26,17.7,424.8,24,295.1263,0.78,Rough,FMS_MARITIME,2026-04-06
2023-07-23,124,LSMGO,39.97,11.2,268.8,24,463.0453,0.62,Calm,FMS_MARITIME,2026-04-06
2023-07-24,124,LNG,26.1,9.7,232.8,24,349.1211,0.82,Moderate,FMS_MARITIME,2026-04-06
2023-07-25,124,LNG,33.59,11.7,280.8,24,372.5045,0.88,Calm,FMS_MARITIME,2026-04-06
2023-07-26,124,MGO,44.39,12.4,297.6,24,464.4841,0.73,Rough,FMS_MARITIME,2026-04-06
2023-07-27,124,LSMGO,39.74,13.9,333.6,24,370.9543,0.91,Rough,FMS_MARITIME,2026-04-06
2023-07-28,124,LSMGO,55.81,12.4,297.6,24,583.9796,0.72,Moderate,FMS_MARITIME,2026-04-06
2023-07-28,124,HFO,29.05,15.7,376.8,24,240.0788,0.93,Moderate,FMS_MARITIME,2026-04-06
2023-07-28,124,HFO,19.81,13.4,321.6,24,191.817,0.44,Calm,FMS_MARITIME,2026-04-06
2023-07-01,125,HFO,59.6,9.3,223.2,24,831.5161,0.58,Moderate,FMS_MARITIME,2026-04-06
2023-07-02,125,LSMGO,67.28,17.6,422.4,24,495.9989,0.9,Calm,FMS_MARITIME,2026-04-06
2023-07-03,125,LSMGO,42.63,14.5,348.0,24,381.465,0.72,Rough,FMS_MARITIME,2026-04-06
2023-07-04,125,VLSFO,46.88,8.0,192.0,24,760.335,0.57,Moderate,FMS_MARITIME,2026-04-06
2023-07-05,125,VLSFO,15.65,16.7,400.8,24,121.5921,0.61,Calm,FMS_MARITIME,2026-04-06
2023-07-06,125,MGO,76.55,15.6,374.4,24,636.6899,0.51,Rough,FMS_MARITIME,2026-04-06
2023-07-07,125,LSMGO,44.7,12.8,307.2,24,453.1113,0.66,Rough,FMS_MARITIME,2026-04-06
2023-07-08,125,VLSFO,70.95,14.0,336.0,24,657.5545,0.71,Calm,FMS_MARITIME,2026-04-06
2023-07-09,125,LSMGO,18.73,11.9,285.6,24,204.22,0.84,Moderate,FMS_MARITIME,2026-04-06
2023-07-10,125,HFO,72.57,16.1,386.4,24,584.8421,0.88,Rough,FMS_MARITIME,2026-04-06
2023-07-11,125,HFO,41.77,13.1,314.4,24,413.7143,0.93,Calm,FMS_MARITIME,2026-04-06
2023-07-12,125,MGO,61.08,17.3,415.2,24,458.1,0.76,Calm,FMS_MARITIME,2026-04-06
2023-07-13,125,LSMGO,28.53,17.3,415.2,24,213.975,0.59,Rough,FMS_MARITIME,2026-04-06
2023-07-14,125,MGO,83.9,15.3,367.2,24,711.5049,0.68,Rough,FMS_MARITIME,2026-04-06
2023-07-15,125,VLSFO,42.93,9.9,237.6,24,562.6432,0.88,Calm,FMS_MARITIME,2026-04-06
2023-07-16,125,VLSFO,45.66,10.3,247.2,24,575.183,0.97,Rough,FMS_MARITIME,2026-04-06
2023-07-17,125,HFO,45.98,10.4,249.6,24,573.6447,0.58,Rough,FMS_MARITIME,2026-04-06
2023-07-18,125,VLSFO,77.89,9.4,225.6,24,1075.1306,0.53,Rough,FMS_MARITIME,2026-04-06
2023-07-19,125,LNG,57.94,13.9,333.6,24,540.8428,0.59,Rough,FMS_MARITIME,2026-04-06
2023-07-20,125,LSMGO,23.75,10.8,259.2,24,285.3299,0.72,Calm,FMS_MARITIME,2026-04-06
2023-07-21,125,LNG,67.25,12.2,292.8,24,715.2203,0.72,Rough,FMS_MARITIME,2026-04-06
2023-07-22,125,MGO,17.01,17.2,412.8,24,128.3167,0.7,Moderate,FMS_MARITIME,2026-04-06
2023-07-23,125,LNG,39.38,14.8,355.2,24,345.2402,0.58,Rough,FMS_MARITIME,2026-04-06
2023-07-24,125,VLSFO,35.7,13.2,316.8,24,350.9148,0.94,Moderate,FMS_MARITIME,2026-04-06
2023-07-25,125,MGO,56.54,16.5,396.0,24,444.61,0.99,Calm,FMS_MARITIME,2026-04-06
2023-07-26,125,MGO,30.86,14.3,343.2,24,280.0059,0.96,Rough,FMS_MARITIME,2026-04-06
2023-07-27,125,HFO,27.19,13.0,312.0,24,271.3771,0.72,Calm,FMS_MARITIME,2026-04-06
2023-07-28,125,VLSFO,34.53,12.2,292.8,24,367.235,0.98,Moderate,FMS_MARITIME,2026-04-06
2023-07-28,125,VLSFO,38.8,15.2,364.8,24,331.2039,0.98,Moderate,FMS_MARITIME,2026-04-06
2023-07-28,125,MGO,71.38,13.6,326.4,24,680.9967,0.89,Calm,FMS_MARITIME,2026-04-06
2023-07-01,126,MGO,71.07,11.5,276.0,24,801.855,0.58,Moderate,FMS_MARITIME,2026-04-06
2023-07-02,126,HFO,28.25,13.7,328.8,24,267.5502,0.59,Moderate,FMS_MARITIME,2026-04-06
2023-07-03,126,HFO,47.56,12.3,295.2,24,501.7,0.75,Rough,FMS_MARITIME,2026-04-06
2023-07-04,126,LSMGO,43.47,16.1,386.4,24,350.325,0.97,Moderate,FMS_MARITIME,2026-04-06
2023-07-05,126,MGO,52.81,10.3,247.2,24,665.2522,0.52,Rough,FMS_MARITIME,2026-04-06
2023-07-06,126,LNG,71.81,15.6,374.4,24,597.2659,0.62,Rough,FMS_MARITIME,2026-04-06
2023-07-07,126,LNG,50.7,13.0,312.0,24,506.025,0.42,Rough,FMS_MARITIME,2026-04-06
2023-07-08,126,LSMGO,36.13,16.9,405.6,24,277.3886,0.44,Calm,FMS_MARITIME,2026-04-06
2023-07-09,126,LNG,29.38,17.4,417.6,24,219.0836,0.52,Calm,FMS_MARITIME,2026-04-06
2023-07-10,126,VLSFO,80.62,13.5,324.0,24,774.8478,0.43,Moderate,FMS_MARITIME,2026-04-06
2023-07-11,126,HFO,18.36,16.4,393.6,24,145.2567,0.69,Calm,FMS_MARITIME,2026-04-06
2023-07-12,126,LSMGO,59.29,8.5,204.0,24,905.0444,0.57,Moderate,FMS_MARITIME,2026-04-06
2023-07-13,126,LSMGO,60.23,11.9,285.6,24,656.7095,0.84,Moderate,FMS_MARITIME,2026-04-06
2023-07-14,126,HFO,38.75,13.1,314.4,24,383.8025,0.43,Moderate,FMS_MARITIME,2026-04-06
2023-07-15,126,HFO,33.01,9.7,232.8,24,441.5513,0.91,Rough,FMS_MARITIME,2026-04-06
2023-07-16,126,HFO,37.49,13.2,316.8,24,368.5097,0.55,Moderate,FMS_MARITIME,2026-04-06
2023-07-17,126,LSMGO,73.28,17.6,422.4,24,540.2318,0.64,Moderate,FMS_MARITIME,2026-04-06
2023-07-18,126,VLSFO,26.18,10.6,254.4,24,320.458,0.78,Calm,FMS_MARITIME,2026-04-06
2023-07-19,126,LNG,81.33,12.9,309.6,24,818.0285,0.75,Moderate,FMS_MARITIME,2026-04-06
2023-07-20,126,MGO,57.44,16.1,386.4,24,462.9093,0.78,Moderate,FMS_MARITIME,2026-04-06
2023-07-21,126,HFO,43.76,14.0,336.0,24,405.5614,0.93,Calm,FMS_MARITIME,2026-04-06
2023-07-22,126,MGO,72.13,10.0,240.0,24,935.8867,0.42,Rough,FMS_MARITIME,2026-04-06
2023-07-23,126,VLSFO,59.64,15.3,367.2,24,505.7706,0.98,Rough,FMS_MARITIME,2026-04-06
2023-07-24,126,HFO,17.07,12.3,295.2,24,180.0677,0.72,Calm,FMS_MARITIME,2026-04-06
2023-07-25,126,LNG,51.16,13.3,319.2,24,499.0985,0.74,Rough,FMS_MARITIME,2026-04-06
2023-07-26,126,LSMGO,29.98,12.6,302.4,24,308.7226,0.43,Rough,FMS_MARITIME,2026-04-06
2023-07-27,126,MGO,15.86,15.5,372.0,24,132.7635,1.0,Calm,FMS_MARITIME,2026-04-06
2023-07-28,126,LSMGO,46.06,9.4,225.6,24,635.775,0.64,Moderate,FMS_MARITIME,2026-04-06
2023-07-28,126,HFO,45.31,11.9,285.6,24,494.0313,0.98,Rough,FMS_MARITIME,2026-04-06
2023-07-28,126,HFO,75.92,9.3,223.2,24,1059.2065,0.88,Calm,FMS_MARITIME,2026-04-06
2023-07-01,127,LSMGO,55.38,16.8,403.2,24,427.7116,0.52,Calm,FMS_MARITIME,2026-04-06
2023-07-02,127,HFO,39.94,8.7,208.8,24,595.6569,0.41,Calm,FMS_MARITIME,2026-04-06
2023-07-03,127,HFO,21.8,9.4,225.6,24,300.9096,0.51,Rough,FMS_MARITIME,2026-04-06
2023-07-04,127,HFO,32.6,15.7,376.8,24,269.4172,0.83,Rough,FMS_MARITIME,2026-04-06
2023-07-05,127,LSMGO,45.34,13.8,331.2,24,426.2946,0.83,Moderate,FMS_MARITIME,2026-04-06
2023-07-06,127,LNG,19.11,12.7,304.8,24,195.238,0.5,Rough,FMS_MARITIME,2026-04-06
2023-07-07,127,MGO,84.79,13.4,321.6,24,821.0076,0.57,Calm,FMS_MARITIME,2026-04-06
2023-07-08,127,VLSFO,53.82,13.9,333.6,24,502.3845,0.58,Moderate,FMS_MARITIME,2026-04-06
2023-07-09,127,LNG,54.51,15.4,369.6,24,459.2644,0.68,Moderate,FMS_MARITIME,2026-04-06
2023-07-10,127,LNG,75.83,11.8,283.2,24,833.8087,0.6,Calm,FMS_MARITIME,2026-04-06
2023-07-11,127,LNG,58.57,8.5,204.0,24,894.0538,0.7,Moderate,FMS_MARITIME,2026-04-06
2023-07-12,127,LSMGO,79.72,13.7,328.8,24,755.0124,0.51,Moderate,FMS_MARITIME,2026-04-06
2023-07-13,127,MGO,81.75,10.7,256.8,24,991.3143,0.98,Calm,FMS_MARITIME,2026-04-06
2023-07-14,127,LSMGO,31.77,8.4,201.6,24,490.733,0.52,Rough,FMS_MARITIME,2026-04-06
2023-07-15,127,LSMGO,57.36,14.4,345.6,24,516.8375,0.98,Moderate,FMS_MARITIME,2026-04-06
2023-07-16,127,LSMGO,57.62,12.6,302.4,24,593.3488,0.81,Moderate,FMS_MARITIME,2026-04-06
2023-07-17,127,LNG,77.73,12.0,288.0,24,840.4556,0.45,Moderate,FMS_MARITIME,2026-04-06
2023-07-18,127,MGO,50.28,15.6,374.4,24,418.1942,0.92,Calm,FMS_MARITIME,2026-04-06
2023-07-19,127,MGO,75.42,14.3,343.2,24,684.3178,0.46,Calm,FMS_MARITIME,2026-04-06
2023-07-20,127,LNG,83.71,10.2,244.8,24,1064.8404,0.55,Calm,FMS_MARITIME,2026-04-06
2023-07-21,127,HFO,51.76,15.8,379.2,24,425.0544,0.95,Moderate,FMS_MARITIME,2026-04-06
2023-07-22,127,LNG,58.27,10.5,252.0,24,720.0507,0.78,Rough,FMS_MARITIME,2026-04-06
2023-07-23,127,LNG,42.96,17.3,415.2,24,322.2,0.48,Rough,FMS_MARITIME,2026-04-06
2023-07-24,127,VLSFO,53.07,10.9,261.6,24,631.7278,0.51,Rough,FMS_MARITIME,2026-04-06
2023-07-25,127,VLSFO,39.83,17.4,417.6,24,297.0082,0.76,Moderate,FMS_MARITIME,2026-04-06
2023-07-26,127,HFO,31.92,14.5,348.0,24,285.629,0.54,Moderate,FMS_MARITIME,2026-04-06
2023-07-27,127,VLSFO,64.99,12.9,309.6,24,653.6785,0.99,Moderate,FMS_MARITIME,2026-04-06
2023-07-28,127,LSMGO,22.44,10.2,244.8,24,285.45,0.44,Moderate,FMS_MARITIME,2026-04-06
2023-07-28,127,LSMGO,30.47,12.2,292.8,24,324.0559,0.44,Rough,FMS_MARITIME,2026-04-06
2023-07-28,127,HFO,55.82,13.4,321.6,24,540.4959,0.92,Calm,FMS_MARITIME,2026-04-06
2023-07-01,128,VLSFO,22.38,17.3,415.2,24,167.85,0.45,Calm,FMS_MARITIME,2026-04-06
2023-07-02,128,LSMGO,23.62,12.7,304.8,24,241.3146,0.84,Calm,FMS_MARITIME,2026-04-06
2023-07-03,128,LNG,16.13,9.5,228.0,24,220.3018,0.42,Moderate,FMS_MARITIME,2026-04-06
2023-07-04,128,LNG,23.46,16.1,386.4,24,189.0643,0.9,Calm,FMS_MARITIME,2026-04-06
2023-07-05,128,MGO,84.08,10.3,247.2,24,1059.1631,0.78,Rough,FMS_MARITIME,2026-04-06
2023-07-06,128,LSMGO,15.57,9.4,225.6,24,214.9157,0.85,Rough,FMS_MARITIME,2026-04-06
2023-07-07,128,VLSFO,43.05,14.0,336.0,24,398.9812,0.47,Calm,FMS_MARITIME,2026-04-06
2023-07-08,128,HFO,55.23,17.3,415.2,24,414.225,0.9,Rough,FMS_MARITIME,2026-04-06
2023-07-09,128,HFO,60.57,15.3,367.2,24,513.6574,0.46,Calm,FMS_MARITIME,2026-04-06
2023-07-10,128,LSMGO,80.5,11.0,264.0,24,949.5341,0.71,Rough,FMS_MARITIME,2026-04-06
2023-07-11,128,HFO,39.86,11.5,276.0,24,449.7248,0.95,Rough,FMS_MARITIME,2026-04-06
2023-07-12,128,LNG,73.76,8.5,204.0,24,1125.9247,0.5,Calm,FMS_MARITIME,2026-04-06
2023-07-13,128,VLSFO,20.77,13.3,319.2,24,202.6246,0.62,Calm,FMS_MARITIME,2026-04-06
2023-07-14,128,VLSFO,64.11,9.3,223.2,24,894.4379,0.43,Moderate,FMS_MARITIME,2026-04-06
2023-07-15,128,MGO,69.06,16.0,384.0,24,560.0334,0.49,Rough,FMS_MARITIME,2026-04-06
2023-07-16,128,VLSFO,52.96,11.5,276.0,24,597.527,0.61,Rough,FMS_MARITIME,2026-04-06
2023-07-17,128,HFO,74.92,15.5,372.0,24,627.1529,0.58,Calm,FMS_MARITIME,2026-04-06
2023-07-18,128,VLSFO,55.25,16.5,396.0,24,434.4659,0.91,Rough,FMS_MARITIME,2026-04-06
2023-07-19,128,LNG,27.32,11.6,278.4,24,305.5836,0.7,Moderate,FMS_MARITIME,2026-04-06
2023-07-20,128,MGO,22.07,16.5,396.0,24,173.5505,0.69,Moderate,FMS_MARITIME,2026-04-06
2023-07-21,128,LNG,58.89,17.0,408.0,24,449.4693,0.67,Rough,FMS_MARITIME,2026-04-06
2023-07-22,128,VLSFO,63.12,12.2,292.8,24,671.2967,0.66,Moderate,FMS_MARITIME,2026-04-06
2023-07-23,128,VLSFO,26.64,14.8,355.2,24,233.55,0.59,Calm,FMS_MARITIME,2026-04-06
2023-07-24,128,HFO,28.09,16.0,384.0,24,227.7923,0.97,Calm,FMS_MARITIME,2026-04-06
2023-07-25,128,MGO,59.51,11.5,276.0,24,671.428,0.6,Rough,FMS_MARITIME,2026-04-06
2023-07-26,128,VLSFO,52.76,16.2,388.8,24,422.5685,0.98,Calm,FMS_MARITIME,2026-04-06
2023-07-27,128,LNG,46.0,10.7,256.8,24,557.8037,0.74,Moderate,FMS_MARITIME,2026-04-06
2023-07-28,128,LSMGO,71.34,13.6,326.4,24,680.6151,0.55,Rough,FMS_MARITIME,2026-04-06
2023-07-28,128,MGO,25.36,17.3,415.2,24,190.2,0.96,Calm,FMS_MARITIME,2026-04-06
2023-07-28,128,VLSFO,71.27,9.4,225.6,24,983.7535,0.46,Rough,FMS_MARITIME,2026-04-06
2023-07-01,129,LSMGO,69.82,17.3,415.2,24,523.65,0.64,Calm,FMS_MARITIME,2026-04-06
2023-07-02,129,HFO,67.57,8.2,196.8,24,1069.1716,0.59,Calm,FMS_MARITIME,2026-04-06
2023-07-03,129,MGO,75.26,16.4,393.6,24,595.4259,0.87,Moderate,FMS_MARITIME,2026-04-06
2023-07-04,129,LNG,22.96,14.1,338.4,24,211.2809,0.73,Moderate,FMS_MARITIME,2026-04-06
2023-07-05,129,LSMGO,44.73,10.7,256.8,24,542.4035,0.58,Moderate,FMS_MARITIME,2026-04-06
2023-07-06,129,LNG,82.24,16.2,388.8,24,658.6815,0.97,Rough,FMS_MARITIME,2026-04-06
2023-07-07,129,VLSFO,53.66,8.6,206.4,24,809.5797,0.44,Moderate,FMS_MARITIME,2026-04-06
2023-07-08,129,MGO,71.2,10.2,244.8,24,905.7059,0.95,Moderate,FMS_MARITIME,2026-04-06
2023-07-09,129,LSMGO,78.37,16.9,405.6,24,601.6868,0.81,Rough,FMS_MARITIME,2026-04-06
2023-07-10,129,VLSFO,25.15,8.2,196.8,24,397.9527,0.83,Calm,FMS_MARITIME,2026-04-06
2023-07-11,129,LSMGO,35.39,14.4,345.6,24,318.8786,0.57,Calm,FMS_MARITIME,2026-04-06
2023-07-12,129,HFO,60.06,11.3,271.2,24,689.627,0.42,Rough,FMS_MARITIME,2026-04-06
2023-07-13,129,VLSFO,35.68,8.1,194.4,24,571.5407,0.74,Moderate,FMS_MARITIME,2026-04-06
2023-07-14,129,MGO,62.02,16.1,386.4,24,499.8196,0.88,Calm,FMS_MARITIME,2026-04-06
2023-07-15,129,MGO,38.83,17.5,420.0,24,287.8967,0.55,Rough,FMS_MARITIME,2026-04-06
2023-07-16,129,LNG,60.92,11.4,273.6,24,693.3658,0.74,Rough,FMS_MARITIME,2026-04-06
2023-07-17,129,HFO,51.62,13.0,312.0,24,515.2073,0.98,Rough,FMS_MARITIME,2026-04-06
2023-07-18,129,MGO,29.74,13.2,316.8,24,292.3307,0.76,Calm,FMS_MARITIME,2026-04-06
2023-07-19,129,VLSFO,58.25,14.3,343.2,24,528.5271,0.91,Calm,FMS_MARITIME,2026-04-06
2023-07-20,129,MGO,25.13,15.5,372.0,24,210.3624,0.82,Rough,FMS_MARITIME,2026-04-06
2023-07-21,129,LNG,68.13,10.5,252.0,24,841.8921,0.42,Calm,FMS_MARITIME,2026-04-06
2023-07-22,129,MGO,21.21,16.2,388.8,24,169.8764,0.89,Calm,FMS_MARITIME,2026-04-06
2023-07-23,129,VLSFO,58.88,12.1,290.4,24,631.3785,0.77,Moderate,FMS_MARITIME,2026-04-06
2023-07-24,129,MGO,33.78,15.8,379.2,24,277.4022,0.68,Calm,FMS_MARITIME,2026-04-06
2023-07-25,129,MGO,54.34,15.6,374.4,24,451.9625,0.94,Moderate,FMS_MARITIME,2026-04-06
2023-07-26,129,VLSFO,84.37,11.0,264.0,24,995.1825,0.61,Calm,FMS_MARITIME,2026-04-06
2023-07-27,129,VLSFO,27.4,12.7,304.8,24,279.9331,0.5,Moderate,FMS_MARITIME,2026-04-06
2023-07-28,129,VLSFO,60.1,17.6,422.4,24,443.0668,0.92,Rough,FMS_MARITIME,2026-04-06
2023-07-28,129,HFO,19.92,17.6,422.4,24,146.8534,0.89,Calm,FMS_MARITIME,2026-04-06
2023-07-28,129,LNG,78.64,14.4,345.6,24,708.5792,0.82,Rough,FMS_MARITIME,2026-04-06
2023-07-01,130,VLSFO,64.98,8.9,213.6,24,947.3208,0.95,Rough,FMS_MARITIME,2026-04-06
2023-07-02,130,LNG,39.1,11.3,271.2,24,448.958,0.76,Moderate,FMS_MARITIME,2026-04-06
2023-07-03,130,VLSFO,36.99,16.2,388.8,24,296.2625,0.5,Rough,FMS_MARITIME,2026-04-06
2023-07-04,130,VLSFO,54.77,10.6,254.4,24,670.4158,1.0,Rough,FMS_MARITIME,2026-04-06
2023-07-05,130,MGO,35.36,8.4,201.6,24,546.1857,0.48,Rough,FMS_MARITIME,2026-04-06
2023-07-06,130,MGO,37.16,13.4,321.6,24,359.8142,0.7,Rough,FMS_MARITIME,2026-04-06
2023-07-07,130,MGO,19.48,10.1,242.4,24,250.2505,0.89,Moderate,FMS_MARITIME,2026-04-06
2023-07-08,130,MGO,24.2,17.9,429.6,24,175.4162,0.5,Calm,FMS_MARITIME,2026-04-06
2023-07-09,130,HFO,20.99,9.3,223.2,24,292.8444,0.42,Calm,FMS_MARITIME,2026-04-06
2023-07-10,130,LSMGO,28.68,9.9,237.6,24,375.8818,0.56,Calm,FMS_MARITIME,2026-04-06
2023-07-11,130,MGO,29.85,10.5,252.0,24,368.8607,0.77,Moderate,FMS_MARITIME,2026-04-06
2023-07-12,130,LNG,58.36,10.7,256.8,24,707.6832,0.42,Rough,FMS_MARITIME,2026-04-06
2023-07-13,130,LNG,62.21,13.9,333.6,24,580.7013,0.67,Moderate,FMS_MARITIME,2026-04-06
2023-07-14,130,LNG,53.27,10.2,244.8,24,677.6257,0.98,Calm,FMS_MARITIME,2026-04-06
2023-07-15,130,LNG,68.13,14.2,340.8,24,622.5259,0.92,Calm,FMS_MARITIME,2026-04-06
2023-07-16,130,LSMGO,60.53,14.4,345.6,24,545.4005,0.81,Moderate,FMS_MARITIME,2026-04-06
2023-07-17,130,VLSFO,60.29,10.0,240.0,24,782.2627,0.82,Moderate,FMS_MARITIME,2026-04-06
2023-07-18,130,LNG,33.42,17.4,417.6,24,249.2095,0.47,Rough,FMS_MARITIME,2026-04-06
2023-07-19,130,VLSFO,22.85,12.2,292.8,24,243.0154,0.61,Rough,FMS_MARITIME,2026-04-06
2023-07-20,130,MGO,39.99,15.4,369.6,24,336.9287,0.42,Calm,FMS_MARITIME,2026-04-06
2023-07-21,130,VLSFO,21.08,15.6,374.4,24,175.3288,0.71,Moderate,FMS_MARITIME,2026-04-06
2023-07-22,130,LSMGO,31.96,13.8,331.2,24,300.4935,0.59,Calm,FMS_MARITIME,2026-04-06
2023-07-23,130,VLSFO,52.61,8.7,208.8,24,784.6147,1.0,Rough,FMS_MARITIME,2026-04-06
2023-07-24,130,LNG,21.72,10.3,247.2,24,273.6087,0.42,Calm,FMS_MARITIME,2026-04-06
2023-07-25,130,VLSFO,81.56,8.4,201.6,24,1259.8107,0.45,Moderate,FMS_MARITIME,2026-04-06
2023-07-26,130,LNG,55.91,15.3,367.2,24,474.1387,0.99,Calm,FMS_MARITIME,2026-04-06
2023-07-27,130,MGO,48.63,11.9,285.6,24,530.2305,0.96,Rough,FMS_MARITIME,2026-04-06
2023-07-28,130,VLSFO,17.21,9.3,223.2,24,240.1073,0.67,Rough,FMS_MARITIME,2026-04-06
2023-07-28,130,LNG,37.56,14.7,352.8,24,331.5245,0.6,Calm,FMS_MARITIME,2026-04-06
2023-07-28,130,HFO,31.63,14.7,352.8,24,279.1832,0.89,Calm,FMS_MARITIME,2026-04-06
2023-07-01,131,LNG,26.59,11.2,268.8,24,308.0404,0.79,Moderate,FMS_MARITIME,2026-04-06
2023-07-02,131,HFO,77.09,11.4,273.6,24,877.4059,0.97,Calm,FMS_MARITIME,2026-04-06
2023-07-03,131,LNG,16.82,8.2,196.8,24,266.1457,0.41,Rough,FMS_MARITIME,2026-04-06
2023-07-04,131,LSMGO,73.57,13.0,312.0,24,734.2852,0.5,Moderate,FMS_MARITIME,2026-04-06
2023-07-05,131,MGO,78.27,10.8,259.2,24,940.3271,0.8,Rough,FMS_MARITIME,2026-04-06
2023-07-06,131,LNG,79.42,12.6,302.4,24,817.8369,0.8,Moderate,FMS_MARITIME,2026-04-06
2023-07-07,131,LSMGO,82.31,17.7,424.8,24,603.3742,0.7,Moderate,FMS_MARITIME,2026-04-06
2023-07-08,131,LNG,57.93,10.0,240.0,24,751.6418,0.67,Calm,FMS_MARITIME,2026-04-06
2023-07-09,131,HFO,32.56,15.0,360.0,24,281.644,0.79,Moderate,FMS_MARITIME,2026-04-06
2023-07-10,131,HFO,15.82,17.1,410.4,24,120.0377,0.48,Moderate,FMS_MARITIME,2026-04-06
2023-07-11,131,LSMGO,77.81,16.6,398.4,24,608.1836,0.59,Rough,FMS_MARITIME,2026-04-06
2023-07-12,131,HFO,36.21,10.7,256.8,24,439.0886,0.4,Rough,FMS_MARITIME,2026-04-06
2023-07-13,131,LNG,17.8,14.5,348.0,24,159.2793,0.56,Rough,FMS_MARITIME,2026-04-06
2023-07-14,131,VLSFO,36.06,17.9,429.6,24,261.3846,0.68,Calm,FMS_MARITIME,2026-04-06
2023-07-15,131,HFO,36.28,12.8,307.2,24,367.7602,0.87,Rough,FMS_MARITIME,2026-04-06
2023-07-16,131,LNG,21.66,10.6,254.4,24,265.1307,0.84,Moderate,FMS_MARITIME,2026-04-06
2023-07-17,131,MGO,78.62,13.4,321.6,24,761.2646,0.95,Rough,FMS_MARITIME,2026-04-06
2023-07-18,131,MGO,45.62,14.2,340.8,24,416.8447,0.56,Calm,FMS_MARITIME,2026-04-06
2023-07-19,131,HFO,18.43,15.1,362.4,24,158.3637,0.41,Calm,FMS_MARITIME,2026-04-06
2023-07-20,131,VLSFO,44.27,10.1,242.4,24,568.7161,0.71,Moderate,FMS_MARITIME,2026-04-06
2023-07-21,131,HFO,29.57,8.8,211.2,24,435.9895,0.85,Moderate,FMS_MARITIME,2026-04-06
2023-07-22,131,MGO,37.09,15.9,381.6,24,302.6684,0.96,Calm,FMS_MARITIME,2026-04-06
2023-07-23,131,MGO,39.04,12.4,297.6,24,408.5032,0.54,Rough,FMS_MARITIME,2026-04-06
2023-07-24,131,HFO,24.76,15.1,362.4,24,212.7556,0.47,Rough,FMS_MARITIME,2026-04-06
2023-07-25,131,LNG,54.11,10.0,240.0,24,702.0772,0.42,Calm,FMS_MARITIME,2026-04-06
2023-07-26,131,LNG,19.43,8.4,201.6,24,300.1241,0.57,Calm,FMS_MARITIME,2026-04-06
2023-07-27,131,LSMGO,47.15,13.9,333.6,24,440.1232,1.0,Moderate,FMS_MARITIME,2026-04-06
2023-07-28,131,VLSFO,20.4,9.3,223.2,24,284.6129,0.5,Rough,FMS_MARITIME,2026-04-06
2023-07-28,131,HFO,23.9,10.1,242.4,24,307.0322,0.59,Calm,FMS_MARITIME,2026-04-06
2023-07-28,131,LNG,45.46,14.3,343.2,24,412.478,0.78,Rough,FMS_MARITIME,2026-04-06
2023-07-01,132,LNG,50.73,13.8,331.2,24,476.9723,0.92,Rough,FMS_MARITIME,2026-04-06
2023-07-02,132,LSMGO,84.74,16.3,391.2,24,674.5408,0.77,Moderate,FMS_MARITIME,2026-04-06
2023-07-03,132,HFO,73.31,8.4,201.6,24,1132.3777,0.52,Calm,FMS_MARITIME,2026-04-06
2023-07-04,132,HFO,71.13,10.2,244.8,24,904.8154,0.94,Moderate,FMS_MARITIME,2026-04-06
2023-07-05,132,LNG,57.46,15.2,364.8,24,490.4891,0.44,Rough,FMS_MARITIME,2026-04-06
2023-07-06,132,LNG,81.07,15.0,360.0,24,701.2555,0.82,Moderate,FMS_MARITIME,2026-04-06
2023-07-07,132,VLSFO,65.11,15.0,360.0,24,563.2015,0.8,Moderate,FMS_MARITIME,2026-04-06
2023-07-08,132,VLSFO,16.5,16.2,388.8,24,132.1528,0.64,Calm,FMS_MARITIME,2026-04-06
2023-07-09,132,MGO,63.7,14.9,357.6,24,554.703,0.79,Rough,FMS_MARITIME,2026-04-06
2023-07-10,132,VLSFO,16.33,14.1,338.4,24,150.2707,0.67,Rough,FMS_MARITIME,2026-04-06
2023-07-11,132,LNG,27.54,17.2,412.8,24,207.7509,0.6,Moderate,FMS_MARITIME,2026-04-06
2023-07-12,132,LNG,34.51,13.1,314.4,24,341.8071,0.8,Moderate,FMS_MARITIME,2026-04-06
2023-07-13,132,LNG,74.85,12.7,304.8,24,764.7077,0.7,Rough,FMS_MARITIME,2026-04-06
2023-07-14,132,LSMGO,64.57,10.0,240.0,24,837.7957,0.65,Rough,FMS_MARITIME,2026-04-06
2023-07-15,132,HFO,53.53,15.9,381.6,24,436.825,0.54,Moderate,FMS_MARITIME,2026-04-06
2023-07-16,132,LNG,15.7,15.1,362.4,24,134.9056,0.82,Moderate,FMS_MARITIME,2026-04-06
2023-07-17,132,HFO,64.07,16.3,391.2,24,510.0051,0.59,Moderate,FMS_MARITIME,2026-04-06
2023-07-18,132,HFO,65.68,9.9,237.6,24,860.8061,0.94,Calm,FMS_MARITIME,2026-04-06
2023-07-19,132,LNG,18.62,10.7,256.8,24,225.7893,0.62,Moderate,FMS_MARITIME,2026-04-06
2023-07-20,132,LSMGO,29.06,11.6,278.4,24,325.0461,0.48,Moderate,FMS_MARITIME,2026-04-06
2023-07-21,132,HFO,76.84,13.4,321.6,24,744.0291,0.8,Rough,FMS_MARITIME,2026-04-06
2023-07-22,132,LNG,20.7,10.5,252.0,24,255.7929,0.7,Moderate,FMS_MARITIME,2026-04-06
2023-07-23,132,VLSFO,26.84,14.5,348.0,24,240.1717,0.9,Rough,FMS_MARITIME,2026-04-06
2023-07-24,132,LSMGO,50.7,10.6,254.4,24,620.5967,0.59,Moderate,FMS_MARITIME,2026-04-06
2023-07-25,132,VLSFO,53.91,11.6,278.4,24,603.0019,0.85,Calm,FMS_MARITIME,2026-04-06
2023-07-26,132,VLSFO,82.97,17.1,410.4,24,629.5531,0.51,Rough,FMS_MARITIME,2026-04-06
2023-07-27,132,LSMGO,21.26,16.8,403.2,24,164.1955,0.96,Moderate,FMS_MARITIME,2026-04-06
2023-07-28,132,MGO,71.72,17.6,422.4,24,528.7312,0.99,Calm,FMS_MARITIME,2026-04-06
2023-07-28,132,MGO,42.88,10.7,256.8,24,519.9701,0.44,Moderate,FMS_MARITIME,2026-04-06
2023-07-28,132,HFO,56.98,17.3,415.2,24,427.35,0.49,Calm,FMS_MARITIME,2026-04-06
2023-07-01,133,MGO,63.48,13.3,319.2,24,619.288,0.96,Rough,FMS_MARITIME,2026-04-06
2023-07-02,133,LNG,35.7,17.0,408.0,24,272.475,0.52,Rough,FMS_MARITIME,2026-04-06
2023-07-03,133,HFO,29.31,8.1,194.4,24,469.5028,0.46,Calm,FMS_MARITIME,2026-04-06
2023-07-04,133,MGO,41.04,9.9,237.6,24,537.8727,0.64,Moderate,FMS_MARITIME,2026-04-06
2023-07-05,133,MGO,49.12,10.3,247.2,24,618.7689,0.52,Moderate,FMS_MARITIME,2026-04-06
2023-07-06,133,LSMGO,65.99,13.0,312.0,24,658.631,0.89,Rough,FMS_MARITIME,2026-04-06
2023-07-07,133,VLSFO,17.66,11.8,283.2,24,194.1852,0.42,Calm,FMS_MARITIME,2026-04-06
2023-07-08,133,HFO,57.56,16.4,393.6,24,455.3909,0.69,Rough,FMS_MARITIME,2026-04-06
2023-07-09,133,LSMGO,33.0,15.5,372.0,24,276.2419,0.72,Calm,FMS_MARITIME,2026-04-06
2023-07-10,133,VLSFO,49.03,9.5,228.0,24,669.6466,0.81,Calm,FMS_MARITIME,2026-04-06
2023-07-11,133,HFO,43.5,12.3,295.2,24,458.872,0.56,Rough,FMS_MARITIME,2026-04-06
2023-07-12,133,LNG,27.59,13.5,324.0,24,265.1706,0.51,Rough,FMS_MARITIME,2026-04-06
2023-07-13,133,LSMGO,75.5,15.2,364.8,24,644.4819,0.73,Rough,FMS_MARITIME,2026-04-06
2023-07-14,133,LNG,39.26,16.2,388.8,24,314.4435,0.92,Calm,FMS_MARITIME,2026-04-06
2023-07-15,133,LNG,80.73,8.7,208.8,24,1203.9905,0.68,Calm,FMS_MARITIME,2026-04-06
2023-07-16,133,LSMGO,53.68,16.8,403.2,24,414.5821,0.59,Moderate,FMS_MARITIME,2026-04-06
2023-07-17,133,VLSFO,36.97,16.2,388.8,24,296.1023,0.59,Moderate,FMS_MARITIME,2026-04-06
2023-07-18,133,HFO,42.69,10.9,261.6,24,508.1677,0.99,Calm,FMS_MARITIME,2026-04-06
2023-07-19,133,LNG,77.86,10.2,244.8,24,990.425,0.78,Moderate,FMS_MARITIME,2026-04-06
2023-07-20,133,LSMGO,69.59,14.2,340.8,24,635.8664,0.91,Moderate,FMS_MARITIME,2026-04-06
2023-07-21,133,HFO,76.63,17.4,417.6,24,571.422,0.99,Calm,FMS_MARITIME,2026-04-06
2023-07-22,133,HFO,80.67,12.1,290.4,24,865.0357,0.54,Calm,FMS_MARITIME,2026-04-06
2023-07-23,133,MGO,23.67,17.7,424.8,24,173.5131,0.93,Calm,FMS_MARITIME,2026-04-06
2023-07-24,133,LNG,42.53,12.5,300.0,24,441.4614,0.58,Rough,FMS_MARITIME,2026-04-06
2023-07-25,133,HFO,79.28,15.6,374.4,24,659.3962,0.83,Moderate,FMS_MARITIME,2026-04-06
2023-07-26,133,VLSFO,21.51,13.0,312.0,24,214.6863,0.72,Rough,FMS_MARITIME,2026-04-06
2023-07-27,133,HFO,61.76,9.0,216.0,24,890.3733,0.96,Calm,FMS_MARITIME,2026-04-06
2023-07-28,133,HFO,31.17,17.1,410.4,24,236.5092,0.88,Rough,FMS_MARITIME,2026-04-06
2023-07-28,133,VLSFO,54.6,15.0,360.0,24,472.29,0.61,Calm,FMS_MARITIME,2026-04-06
2023-07-28,133,HFO,65.37,13.7,328.8,24,619.1064,0.71,Rough,FMS_MARITIME,2026-04-06
2023-07-01,134,LNG,64.66,16.3,391.2,24,514.7015,0.91,Calm,FMS_MARITIME,2026-04-06
2023-07-02,134,VLSFO,22.54,9.9,237.6,24,295.4106,0.58,Moderate,FMS_MARITIME,2026-04-06
2023-07-03,134,LSMGO,17.12,9.8,235.2,24,226.6653,1.0,Calm,FMS_MARITIME,2026-04-06
2023-07-04,134,MGO,15.15,8.6,206.4,24,228.5712,0.93,Calm,FMS_MARITIME,2026-04-06
2023-07-05,134,MGO,18.45,9.7,232.8,24,246.7925,0.89,Calm,FMS_MARITIME,2026-04-06
2023-07-06,134,MGO,58.83,11.6,278.4,24,658.0338,0.99,Rough,FMS_MARITIME,2026-04-06
2023-07-07,134,LSMGO,51.26,14.5,348.0,24,458.6886,0.75,Calm,FMS_MARITIME,2026-04-06
2023-07-08,134,VLSFO,38.07,11.3,271.2,24,437.1312,0.99,Rough,FMS_MARITIME,2026-04-06
2023-07-09,134,HFO,63.5,11.7,280.8,24,704.1987,0.49,Calm,FMS_MARITIME,2026-04-06
2023-07-10,134,LSMGO,45.19,13.9,333.6,24,421.8275,0.55,Rough,FMS_MARITIME,2026-04-06
2023-07-11,134,MGO,72.76,8.6,206.4,24,1097.7453,0.76,Rough,FMS_MARITIME,2026-04-06
2023-07-12,134,LNG,83.59,11.7,280.8,24,926.9917,0.69,Moderate,FMS_MARITIME,2026-04-06
2023-07-13,134,HFO,34.44,16.4,393.6,24,272.475,0.48,Rough,FMS_MARITIME,2026-04-06
2023-07-14,134,VLSFO,84.25,8.0,192.0,24,1366.4297,0.96,Moderate,FMS_MARITIME,2026-04-06
2023-07-15,134,VLSFO,40.33,15.9,381.6,24,329.108,0.68,Calm,FMS_MARITIME,2026-04-06
2023-07-16,134,LSMGO,26.02,9.3,223.2,24,363.021,0.78,Calm,FMS_MARITIME,2026-04-06
2023-07-17,134,LSMGO,74.66,15.1,362.4,24,641.5321,0.98,Rough,FMS_MARITIME,2026-04-06
2023-07-18,134,LSMGO,28.56,9.5,228.0,24,390.0695,0.88,Rough,FMS_MARITIME,2026-04-06
2023-07-19,134,HFO,55.92,13.4,321.6,24,541.4642,0.64,Calm,FMS_MARITIME,2026-04-06
2023-07-20,134,HFO,34.26,13.5,324.0,24,329.2767,0.59,Moderate,FMS_MARITIME,2026-04-06
2023-07-21,134,LNG,51.69,10.7,256.8,24,626.8016,0.83,Calm,FMS_MARITIME,2026-04-06
2023-07-22,134,LNG,41.64,9.6,230.4,24,562.7906,0.74,Rough,FMS_MARITIME,2026-04-06
2023-07-23,134,MGO,65.31,16.3,391.2,24,519.8756,0.49,Calm,FMS_MARITIME,2026-04-06
2023-07-24,134,VLSFO,63.03,15.5,372.0,24,527.6221,0.51,Moderate,FMS_MARITIME,2026-04-06
2023-07-25,134,HFO,69.06,8.5,204.0,24,1054.1806,0.68,Calm,FMS_MARITIME,2026-04-06
2023-07-26,134,HFO,74.78,10.9,261.6,24,890.1564,0.46,Moderate,FMS_MARITIME,2026-04-06
2023-07-27,134,VLSFO,27.87,16.7,400.8,24,216.5349,0.95,Calm,FMS_MARITIME,2026-04-06
2023-07-28,134,HFO,25.46,17.4,417.6,24,189.8526,0.99,Moderate,FMS_MARITIME,2026-04-06
2023-07-28,134,MGO,32.48,8.8,211.2,24,478.8955,1.0,Moderate,FMS_MARITIME,2026-04-06
2023-07-28,134,HFO,81.57,14.0,336.0,24,755.9791,0.6,Moderate,FMS_MARITIME,2026-04-06
2023-07-01,135,VLSFO,63.71,8.4,201.6,24,984.092,0.65,Rough,FMS_MARITIME,2026-04-06
2023-07-02,135,LSMGO,73.1,14.0,336.0,24,677.4804,0.91,Moderate,FMS_MARITIME,2026-04-06
2023-07-03,135,LNG,33.3,17.9,429.6,24,241.3785,0.79,Calm,FMS_MARITIME,2026-04-06
2023-07-04,135,MGO,53.01,10.8,259.2,24,636.8563,0.44,Moderate,FMS_MARITIME,2026-04-06
2023-07-05,135,VLSFO,46.96,9.6,230.4,24,634.6937,0.97,Calm,FMS_MARITIME,2026-04-06
2023-07-06,135,HFO,25.06,13.6,326.4,24,239.0835,0.56,Rough,FMS_MARITIME,2026-04-06
2023-07-07,135,HFO,30.98,13.7,328.8,24,293.4055,0.76,Rough,FMS_MARITIME,2026-04-06
2023-07-08,135,LNG,40.98,10.1,242.4,24,526.451,0.93,Rough,FMS_MARITIME,2026-04-06
2023-07-09,135,LSMGO,54.69,17.1,410.4,24,414.9724,0.63,Calm,FMS_MARITIME,2026-04-06
2023-07-10,135,VLSFO,69.24,11.2,268.8,24,802.133,0.77,Rough,FMS_MARITIME,2026-04-06
2023-07-11,135,LNG,61.65,9.6,230.4,24,833.2383,0.55,Calm,FMS_MARITIME,2026-04-06
2023-07-12,135,VLSFO,66.85,16.5,396.0,24,525.6841,0.93,Moderate,FMS_MARITIME,2026-04-06
2023-07-13,135,HFO,75.53,11.3,271.2,24,867.2582,0.92,Moderate,FMS_MARITIME,2026-04-06
2023-07-14,135,HFO,32.8,16.6,398.4,24,256.3735,1.0,Rough,FMS_MARITIME,2026-04-06
2023-07-15,135,VLSFO,72.78,15.3,367.2,24,617.2029,0.97,Calm,FMS_MARITIME,2026-04-06
2023-07-16,135,VLSFO,30.45,14.3,343.2,24,276.2858,0.91,Calm,FMS_MARITIME,2026-04-06
2023-07-17,135,HFO,36.99,8.8,211.2,24,545.3923,0.9,Rough,FMS_MARITIME,2026-04-06
2023-07-18,135,LNG,66.0,9.0,216.0,24,951.5,0.55,Moderate,FMS_MARITIME,2026-04-06
2023-07-19,135,VLSFO,41.0,10.8,259.2,24,492.5694,0.68,Moderate,FMS_MARITIME,2026-04-06
2023-07-20,135,LNG,84.97,17.9,429.6,24,615.9138,0.66,Calm,FMS_MARITIME,2026-04-06
2023-07-21,135,LSMGO,60.94,8.4,201.6,24,941.3054,0.83,Calm,FMS_MARITIME,2026-04-06
2023-07-22,135,HFO,26.52,11.0,264.0,24,312.8155,0.48,Rough,FMS_MARITIME,2026-04-06
2023-07-23,135,VLSFO,22.77,10.5,252.0,24,281.3721,0.73,Rough,FMS_MARITIME,2026-04-06
2023-07-24,135,LNG,16.56,12.9,309.6,24,166.5628,0.5,Rough,FMS_MARITIME,2026-04-06
2023-07-25,135,VLSFO,74.19,13.5,324.0,24,713.0483,0.51,Calm,FMS_MARITIME,2026-04-06
2023-07-26,135,HFO,31.09,10.0,240.0,24,403.3927,0.57,Calm,FMS_MARITIME,2026-04-06
2023-07-27,135,HFO,32.66,13.7,328.8,24,309.3164,0.51,Moderate,FMS_MARITIME,2026-04-06
2023-07-28,135,LNG,68.81,10.0,240.0,24,892.8098,0.83,Moderate,FMS_MARITIME,2026-04-06
2023-07-28,135,VLSFO,61.07,8.7,208.8,24,910.7853,0.78,Moderate,FMS_MARITIME,2026-04-06
2023-07-28,135,LNG,72.66,14.1,338.4,24,668.6266,0.58,Rough,FMS_MARITIME,2026-04-06
2023-07-01,136,MGO,46.48,9.4,225.6,24,641.5723,0.46,Moderate,FMS_MARITIME,2026-04-06
2023-07-02,136,HFO,25.31,13.7,328.8,24,239.706,0.97,Moderate,FMS_MARITIME,2026-04-06
2023-07-03,136,LNG,57.37,13.1,314.4,24,568.2258,0.56,Rough,FMS_MARITIME,2026-04-06
2023-07-04,136,LSMGO,77.4,14.9,357.6,24,674.0034,0.43,Rough,FMS_MARITIME,2026-04-06
2023-07-05,136,LNG,44.33,13.5,324.0,24,426.0606,0.75,Moderate,FMS_MARITIME,2026-04-06
2023-07-06,136,MGO,18.61,9.3,223.2,24,259.6395,0.9,Calm,FMS_MARITIME,2026-04-06
2023-07-07,136,VLSFO,54.59,17.4,417.6,24,407.072,0.91,Moderate,FMS_MARITIME,2026-04-06
2023-07-08,136,MGO,28.55,8.7,208.8,24,425.7888,0.74,Calm,FMS_MARITIME,2026-04-06
2023-07-09,136,LSMGO,69.42,16.8,403.2,24,536.1455,0.5,Calm,FMS_MARITIME,2026-04-06
2023-07-10,136,LSMGO,72.4,10.7,256.8,24,877.9346,0.96,Rough,FMS_MARITIME,2026-04-06
2023-07-11,136,LNG,65.92,17.7,424.8,24,483.2271,0.61,Moderate,FMS_MARITIME,2026-04-06
2023-07-12,136,LSMGO,19.19,11.3,271.2,24,220.3454,0.66,Moderate,FMS_MARITIME,2026-04-06
2023-07-13,136,MGO,66.28,8.6,206.4,24,999.9802,0.55,Rough,FMS_MARITIME,2026-04-06
2023-07-14,136,LSMGO,42.98,9.7,232.8,24,574.9129,0.72,Moderate,FMS_MARITIME,2026-04-06
2023-07-15,136,LNG,25.38,17.8,427.2,24,185.0031,0.77,Calm,FMS_MARITIME,2026-04-06
2023-07-16,136,MGO,29.3,11.6,278.4,24,327.7306,0.45,Rough,FMS_MARITIME,2026-04-06
2023-07-17,136,HFO,21.28,14.0,336.0,24,197.22,0.55,Calm,FMS_MARITIME,2026-04-06
2023-07-18,136,LNG,32.99,11.6,278.4,24,369.0045,0.96,Calm,FMS_MARITIME,2026-04-06
2023-07-19,136,LNG,72.79,8.5,204.0,24,1111.1179,0.88,Calm,FMS_MARITIME,2026-04-06
2023-07-20,136,MGO,37.91,8.1,194.4,24,607.262,0.67,Moderate,FMS_MARITIME,2026-04-06
2023-07-21,136,VLSFO,48.7,14.1,338.4,24,448.1436,0.53,Rough,FMS_MARITIME,2026-04-06
2023-07-22,136,MGO,45.21,11.9,285.6,24,492.941,0.87,Moderate,FMS_MARITIME,2026-04-06
2023-07-23,136,HFO,35.16,10.8,259.2,24,422.4083,0.6,Calm,FMS_MARITIME,2026-04-06
2023-07-24,136,VLSFO,65.04,12.8,307.2,24,659.2922,0.78,Rough,FMS_MARITIME,2026-04-06
2023-07-25,136,MGO,23.21,13.6,326.4,24,221.4336,0.72,Moderate,FMS_MARITIME,2026-04-06
2023-07-26,136,MGO,16.08,9.1,218.4,24,229.2725,0.94,Rough,FMS_MARITIME,2026-04-06
2023-07-27,136,VLSFO,28.93,16.4,393.6,24,228.8822,0.68,Rough,FMS_MARITIME,2026-04-06
2023-07-28,136,LNG,58.38,14.8,355.2,24,511.8111,0.91,Moderate,FMS_MARITIME,2026-04-06
2023-07-28,136,LNG,41.9,9.2,220.8,24,590.9266,0.76,Rough,FMS_MARITIME,2026-04-06
2023-07-28,136,VLSFO,77.86,16.5,396.0,24,612.2627,0.91,Calm,FMS_MARITIME,2026-04-06
2023-07-01,137,MGO,73.81,9.8,235.2,24,977.2293,0.5,Rough,FMS_MARITIME,2026-04-06
2023-07-02,137,LSMGO,72.94,14.6,350.4,24,648.2168,0.92,Rough,FMS_MARITIME,2026-04-06
2023-07-03,137,HFO,49.25,10.9,261.6,24,586.2557,0.74,Calm,FMS_MARITIME,2026-04-06
2023-07-04,137,HFO,21.92,16.9,405.6,24,168.2911,0.82,Calm,FMS_MARITIME,2026-04-06
2023-07-05,137,HFO,56.1,15.8,379.2,24,460.6946,0.48,Rough,FMS_MARITIME,2026-04-06
2023-07-06,137,LSMGO,31.68,12.2,292.8,24,336.9246,0.53,Calm,FMS_MARITIME,2026-04-06
2023-07-07,137,VLSFO,67.8,10.0,240.0,24,879.705,0.91,Rough,FMS_MARITIME,2026-04-06
2023-07-08,137,MGO,53.56,10.5,252.0,24,661.8486,0.48,Moderate,FMS_MARITIME,2026-04-06
2023-07-09,137,LSMGO,16.2,8.7,208.8,24,241.6034,1.0,Moderate,FMS_MARITIME,2026-04-06
2023-07-10,137,LNG,36.19,12.0,288.0,24,391.3044,0.49,Calm,FMS_MARITIME,2026-04-06
2023-07-11,137,VLSFO,72.74,16.5,396.0,24,572.0009,0.46,Rough,FMS_MARITIME,2026-04-06
2023-07-12,137,HFO,40.36,8.3,199.2,24,630.9289,0.53,Calm,FMS_MARITIME,2026-04-06
2023-07-13,137,VLSFO,37.85,14.9,357.6,24,329.5998,0.59,Moderate,FMS_MARITIME,2026-04-06
2023-07-14,137,VLSFO,23.58,16.1,386.4,24,190.0314,0.52,Moderate,FMS_MARITIME,2026-04-06
2023-07-15,137,HFO,70.44,12.0,288.0,24,761.6325,0.99,Moderate,FMS_MARITIME,2026-04-06
2023-07-16,137,LSMGO,17.38,12.9,309.6,24,174.8105,0.44,Moderate,FMS_MARITIME,2026-04-06
2023-07-17,137,HFO,24.96,10.1,242.4,24,320.6495,0.6,Moderate,FMS_MARITIME,2026-04-06
2023-07-18,137,VLSFO,23.2,14.0,336.0,24,215.0143,0.84,Rough,FMS_MARITIME,2026-04-06
2023-07-19,137,LNG,33.05,9.2,220.8,24,466.1128,0.58,Rough,FMS_MARITIME,2026-04-06
2023-07-20,137,LSMGO,39.01,16.2,388.8,24,312.4412,0.56,Moderate,FMS_MARITIME,2026-04-06
2023-07-21,137,VLSFO,31.52,11.8,283.2,24,346.5864,0.48,Calm,FMS_MARITIME,2026-04-06
2023-07-22,137,LSMGO,54.82,8.5,204.0,24,836.8112,0.72,Calm,FMS_MARITIME,2026-04-06
2023-07-23,137,MGO,58.85,17.4,417.6,24,438.8384,0.89,Moderate,FMS_MARITIME,2026-04-06
2023-07-24,137,LNG,69.31,14.3,343.2,24,628.8792,0.51,Moderate,FMS_MARITIME,2026-04-06
2023-07-25,137,VLSFO,22.5,15.3,367.2,24,190.8088,0.47,Rough,FMS_MARITIME,2026-04-06
2023-07-26,137,LNG,83.8,14.4,345.6,24,755.0729,0.52,Calm,FMS_MARITIME,2026-04-06
2023-07-27,137,HFO,48.62,12.4,297.6,24,508.7456,0.55,Calm,FMS_MARITIME,2026-04-06
2023-07-28,137,VLSFO,31.6,11.8,283.2,24,347.4661,0.97,Rough,FMS_MARITIME,2026-04-06
2023-07-28,137,MGO,48.67,9.3,223.2,24,679.025,0.99,Rough,FMS_MARITIME,2026-04-06
2023-07-28,137,LSMGO,65.39,13.9,333.6,24,610.3851,0.52,Moderate,FMS_MARITIME,2026-04-06
2023-07-01,138,LNG,20.1,15.2,364.8,24,171.5773,0.73,Moderate,FMS_MARITIME,2026-04-06
2023-07-02,138,HFO,38.32,12.5,300.0,24,397.7616,0.7,Rough,FMS_MARITIME,2026-04-06
2023-07-03,138,HFO,83.76,17.7,424.8,24,614.0034,0.49,Calm,FMS_MARITIME,2026-04-06
2023-07-04,138,LSMGO,43.72,13.3,319.2,24,426.5165,0.79,Moderate,FMS_MARITIME,2026-04-06
2023-07-05,138,LSMGO,52.89,16.6,398.4,24,413.4023,0.46,Calm,FMS_MARITIME,2026-04-06
2023-07-06,138,VLSFO,76.59,13.7,328.8,24,725.3688,0.86,Moderate,FMS_MARITIME,2026-04-06
2023-07-07,138,HFO,16.0,8.2,196.8,24,253.1707,0.97,Rough,FMS_MARITIME,2026-04-06
2023-07-08,138,LNG,60.15,11.3,271.2,24,690.6604,0.97,Rough,FMS_MARITIME,2026-04-06
2023-07-09,138,LNG,56.57,12.9,309.6,24,568.989,0.86,Rough,FMS_MARITIME,2026-04-06
2023-07-10,138,VLSFO,21.35,12.0,288.0,24,230.8469,0.56,Calm,FMS_MARITIME,2026-04-06
2023-07-11,138,LSMGO,55.15,16.8,403.2,24,425.9353,0.79,Moderate,FMS_MARITIME,2026-04-06
2023-07-12,138,LSMGO,46.17,11.6,278.4,24,516.4274,0.94,Rough,FMS_MARITIME,2026-04-06
2023-07-13,138,LNG,18.23,16.9,405.6,24,139.9611,0.71,Calm,FMS_MARITIME,2026-04-06
2023-07-14,138,LSMGO,19.83,10.2,244.8,24,252.2493,0.71,Calm,FMS_MARITIME,2026-04-06
2023-07-15,138,VLSFO,35.19,14.9,357.6,24,306.4364,0.76,Moderate,FMS_MARITIME,2026-04-06
2023-07-16,138,HFO,55.27,9.6,230.4,24,747.0086,0.66,Calm,FMS_MARITIME,2026-04-06
2023-07-17,138,MGO,84.49,10.1,242.4,24,1085.4037,0.54,Moderate,FMS_MARITIME,2026-04-06
2023-07-18,138,LNG,82.76,12.7,304.8,24,845.5205,0.95,Rough,FMS_MARITIME,2026-04-06
2023-07-19,138,VLSFO,82.25,14.7,352.8,24,725.9821,0.69,Rough,FMS_MARITIME,2026-04-06
2023-07-20,138,VLSFO,41.1,11.2,268.8,24,476.1362,0.95,Moderate,FMS_MARITIME,2026-04-06
2023-07-21,138,VLSFO,38.4,12.3,295.2,24,405.0732,0.67,Calm,FMS_MARITIME,2026-04-06
2023-07-22,138,LSMGO,36.09,10.1,242.4,24,463.6314,0.86,Calm,FMS_MARITIME,2026-04-06
2023-07-23,138,VLSFO,44.57,11.3,271.2,24,511.7662,0.88,Calm,FMS_MARITIME,2026-04-06
2023-07-24,138,LNG,56.9,14.9,357.6,24,495.4883,0.79,Calm,FMS_MARITIME,2026-04-06
2023-07-25,138,VLSFO,18.4,13.3,319.2,24,179.5038,0.92,Moderate,FMS_MARITIME,2026-04-06
2023-07-26,138,LNG,52.94,17.8,427.2,24,385.8969,0.54,Calm,FMS_MARITIME,2026-04-06
2023-07-27,138,LNG,20.36,9.9,237.6,24,266.8394,0.84,Rough,FMS_MARITIME,2026-04-06
2023-07-28,138,LNG,59.05,17.2,412.8,24,445.4499,0.7,Moderate,FMS_MARITIME,2026-04-06
2023-07-28,138,HFO,76.55,9.5,228.0,24,1045.5118,0.8,Rough,FMS_MARITIME,2026-04-06
2023-07-28,138,VLSFO,75.78,14.9,357.6,24,659.8963,0.54,Rough,FMS_MARITIME,2026-04-06
2023-07-01,139,HFO,48.16,12.3,295.2,24,508.0293,0.82,Moderate,FMS_MARITIME,2026-04-06
2023-07-02,139,HFO,70.81,8.4,201.6,24,1093.7616,0.5,Calm,FMS_MARITIME,2026-04-06
2023-07-03,139,LSMGO,60.58,10.7,256.8,24,734.6033,0.87,Calm,FMS_MARITIME,2026-04-06
2023-07-04,139,HFO,33.35,16.1,386.4,24,268.7679,0.5,Rough,FMS_MARITIME,2026-04-06
2023-07-05,139,VLSFO,36.49,13.0,312.0,24,364.1983,0.49,Moderate,FMS_MARITIME,2026-04-06
2023-07-06,139,VLSFO,28.68,17.7,424.8,24,210.239,0.7,Moderate,FMS_MARITIME,2026-04-06
2023-07-07,139,MGO,81.66,9.6,230.4,24,1103.6859,0.89,Rough,FMS_MARITIME,2026-04-06
2023-07-08,139,MGO,24.6,9.9,237.6,24,322.4091,0.44,Rough,FMS_MARITIME,2026-04-06
2023-07-09,139,VLSFO,30.8,14.3,343.2,24,279.4615,0.92,Moderate,FMS_MARITIME,2026-04-06
2023-07-10,139,LSMGO,72.84,16.1,386.4,24,587.018,0.57,Rough,FMS_MARITIME,2026-04-06
2023-07-11,139,MGO,53.94,10.2,244.8,24,686.1485,0.89,Rough,FMS_MARITIME,2026-04-06
2023-07-12,139,HFO,20.29,10.2,244.8,24,258.1007,0.81,Moderate,FMS_MARITIME,2026-04-06
2023-07-13,139,LSMGO,78.22,14.9,357.6,24,681.144,0.89,Moderate,FMS_MARITIME,2026-04-06
2023-07-14,139,LSMGO,54.64,14.5,348.0,24,488.9338,0.79,Moderate,FMS_MARITIME,2026-04-06
2023-07-15,139,VLSFO,41.34,16.5,396.0,24,325.0827,0.69,Rough,FMS_MARITIME,2026-04-06
2023-07-16,139,MGO,44.58,8.4,201.6,24,688.6018,0.4,Moderate,FMS_MARITIME,2026-04-06
2023-07-17,139,VLSFO,40.72,15.9,381.6,24,332.2906,0.9,Rough,FMS_MARITIME,2026-04-06
2023-07-18,139,MGO,39.0,15.2,364.8,24,332.9112,0.53,Calm,FMS_MARITIME,2026-04-06
2023-07-19,139,VLSFO,33.91,14.1,338.4,24,312.0441,0.94,Calm,FMS_MARITIME,2026-04-06
2023-07-20,139,VLSFO,57.37,17.2,412.8,24,432.7766,0.71,Rough,FMS_MARITIME,2026-04-06
2023-07-21,139,VLSFO,28.72,9.7,232.8,24,384.167,0.55,Calm,FMS_MARITIME,2026-04-06
2023-07-22,139,VLSFO,16.8,14.0,336.0,24,155.7,0.59,Rough,FMS_MARITIME,2026-04-06
2023-07-23,139,MGO,62.64,14.9,357.6,24,545.4725,0.92,Calm,FMS_MARITIME,2026-04-06
2023-07-24,139,LNG,84.7,17.8,427.2,24,617.4059,0.85,Rough,FMS_MARITIME,2026-04-06
2023-07-25,139,HFO,39.92,8.3,199.2,24,624.0506,0.74,Calm,FMS_MARITIME,2026-04-06
2023-07-26,139,VLSFO,63.62,13.5,324.0,24,611.4589,0.58,Moderate,FMS_MARITIME,2026-04-06
2023-07-27,139,HFO,63.77,11.6,278.4,24,713.2894,0.93,Moderate,FMS_MARITIME,2026-04-06
2023-07-28,139,MGO,23.23,15.8,379.2,24,190.7653,0.81,Calm,FMS_MARITIME,2026-04-06
2023-07-28,139,VLSFO,82.71,10.9,261.6,24,984.5525,0.74,Moderate,FMS_MARITIME,2026-04-06
2023-07-28,139,VLSFO,50.78,15.0,360.0,24,439.247,0.66,Moderate,FMS_MARITIME,2026-04-06
2023-07-01,140,HFO,80.69,9.2,220.8,24,1137.9921,0.94,Rough,FMS_MARITIME,2026-04-06
2023-07-02,140,VLSFO,41.48,12.3,295.2,24,437.5634,0.53,Rough,FMS_MARITIME,2026-04-06
2023-07-03,140,VLSFO,77.11,13.6,326.4,24,735.6634,0.62,Rough,FMS_MARITIME,2026-04-06
2023-07-04,140,LSMGO,66.29,9.9,237.6,24,868.8008,0.56,Rough,FMS_MARITIME,2026-04-06
2023-07-05,140,MGO,71.86,15.6,374.4,24,597.6817,0.68,Moderate,FMS_MARITIME,2026-04-06
2023-07-06,140,LSMGO,50.88,13.3,319.2,24,496.3669,0.86,Moderate,FMS_MARITIME,2026-04-06
2023-07-07,140,HFO,16.56,13.1,314.4,24,164.0198,0.49,Calm,FMS_MARITIME,2026-04-06
2023-07-08,140,VLSFO,74.71,16.7,400.8,24,580.4564,0.91,Rough,FMS_MARITIME,2026-04-06
2023-07-09,140,HFO,32.69,10.0,240.0,24,424.1527,0.53,Calm,FMS_MARITIME,2026-04-06
2023-07-10,140,LNG,33.29,13.6,326.4,24,317.6013,0.59,Calm,FMS_MARITIME,2026-04-06
2023-07-11,140,LSMGO,75.78,13.7,328.8,24,717.6974,0.43,Calm,FMS_MARITIME,2026-04-06
2023-07-12,140,LNG,78.2,14.5,348.0,24,699.7552,0.75,Rough,FMS_MARITIME,2026-04-06
2023-07-13,140,VLSFO,44.44,13.4,321.6,24,430.3052,0.82,Moderate,FMS_MARITIME,2026-04-06
2023-07-14,140,LSMGO,77.39,14.4,345.6,24,697.3161,0.89,Rough,FMS_MARITIME,2026-04-06
2023-07-15,140,LNG,64.74,9.6,230.4,24,875.0016,0.89,Moderate,FMS_MARITIME,2026-04-06
2023-07-16,140,LSMGO,37.34,15.0,360.0,24,322.991,0.48,Moderate,FMS_MARITIME,2026-04-06
2023-07-17,140,LNG,76.4,12.3,295.2,24,805.9268,0.41,Calm,FMS_MARITIME,2026-04-06
2023-07-18,140,HFO,52.3,12.3,295.2,24,551.7012,0.8,Moderate,FMS_MARITIME,2026-04-06
2023-07-19,140,LSMGO,38.93,9.4,225.6,24,537.3582,0.95,Moderate,FMS_MARITIME,2026-04-06
2023-07-20,140,HFO,32.24,17.0,408.0,24,246.0671,0.95,Rough,FMS_MARITIME,2026-04-06
2023-07-21,140,LSMGO,36.35,12.4,297.6,24,380.3558,0.99,Calm,FMS_MARITIME,2026-04-06
2023-07-22,140,MGO,43.39,14.9,357.6,24,377.8424,0.42,Calm,FMS_MARITIME,2026-04-06
2023-07-23,140,VLSFO,42.88,12.9,309.6,24,431.293,0.54,Moderate,FMS_MARITIME,2026-04-06
2023-07-24,140,VLSFO,27.53,14.0,336.0,24,255.1441,0.67,Calm,FMS_MARITIME,2026-04-06
2023-07-25,140,LNG,31.84,14.0,336.0,24,295.0886,0.62,Rough,FMS_MARITIME,2026-04-06
2023-07-26,140,MGO,52.03,12.6,302.4,24,535.7851,0.58,Rough,FMS_MARITIME,2026-04-06
2023-07-27,140,MGO,25.23,11.1,266.4,24,294.9182,0.93,Moderate,FMS_MARITIME,2026-04-06
2023-07-28,140,MGO,15.26,11.5,276.0,24,172.1726,0.78,Rough,FMS_MARITIME,2026-04-06
2023-07-28,140,LSMGO,24.33,15.5,372.0,24,203.6656,0.8,Calm,FMS_MARITIME,2026-04-06
2023-07-28,140,LNG,64.51,13.6,326.4,24,615.4539,0.71,Calm,FMS_MARITIME,2026-04-06
2023-07-01,141,MGO,58.09,11.7,280.8,24,644.2032,0.66,Calm,FMS_MARITIME,2026-04-06
2023-07-02,141,MGO,68.99,10.0,240.0,24,895.1452,0.75,Moderate,FMS_MARITIME,2026-04-06
2023-07-03,141,LNG,65.57,9.2,220.8,24,924.7508,0.49,Calm,FMS_MARITIME,2026-04-06
2023-07-04,141,LSMGO,63.05,11.4,273.6,24,717.6086,0.6,Moderate,FMS_MARITIME,2026-04-06
2023-07-05,141,LSMGO,51.5,15.4,369.6,24,433.9042,0.76,Rough,FMS_MARITIME,2026-04-06
2023-07-06,141,LNG,53.75,11.3,271.2,24,617.1737,0.62,Rough,FMS_MARITIME,2026-04-06
2023-07-07,141,LSMGO,31.98,11.7,280.8,24,354.65,0.55,Calm,FMS_MARITIME,2026-04-06
2023-07-08,141,LNG,39.39,8.7,208.8,24,587.4543,0.91,Rough,FMS_MARITIME,2026-04-06
2023-07-09,141,VLSFO,83.44,15.8,379.2,24,685.2114,0.49,Rough,FMS_MARITIME,2026-04-06
2023-07-10,141,VLSFO,39.94,17.8,427.2,24,291.1357,0.93,Moderate,FMS_MARITIME,2026-04-06
2023-07-11,141,VLSFO,56.89,14.2,340.8,24,519.8224,0.84,Rough,FMS_MARITIME,2026-04-06
2023-07-12,141,LSMGO,47.79,10.9,261.6,24,568.8764,0.56,Moderate,FMS_MARITIME,2026-04-06
2023-07-13,141,LSMGO,41.11,13.8,331.2,24,386.5234,0.6,Calm,FMS_MARITIME,2026-04-06
2023-07-14,141,HFO,55.42,15.7,376.8,24,458.0092,0.71,Calm,FMS_MARITIME,2026-04-06
2023-07-15,141,LSMGO,79.88,12.4,297.6,24,835.8411,0.75,Moderate,FMS_MARITIME,2026-04-06
2023-07-16,141,LNG,60.9,17.8,427.2,24,443.9199,0.98,Rough,FMS_MARITIME,2026-04-06
2023-07-17,141,VLSFO,65.26,13.4,321.6,24,631.9019,0.96,Rough,FMS_MARITIME,2026-04-06
2023-07-18,141,LSMGO,76.44,15.7,376.8,24,631.7255,0.86,Calm,FMS_MARITIME,2026-04-06
2023-07-19,141,HFO,54.18,12.2,292.8,24,576.2176,0.83,Calm,FMS_MARITIME,2026-04-06
2023-07-20,141,HFO,34.79,9.6,230.4,24,470.2086,0.75,Calm,FMS_MARITIME,2026-04-06
2023-07-21,141,LSMGO,33.72,8.6,206.4,24,508.7407,0.74,Moderate,FMS_MARITIME,2026-04-06
2023-07-22,141,MGO,38.42,8.2,196.8,24,607.9262,0.56,Rough,FMS_MARITIME,2026-04-06
2023-07-23,141,HFO,63.97,15.4,369.6,24,538.968,0.7,Moderate,FMS_MARITIME,2026-04-06
2023-07-24,141,VLSFO,27.56,10.6,254.4,24,337.35,0.64,Moderate,FMS_MARITIME,2026-04-06
2023-07-25,141,MGO,73.65,14.4,345.6,24,663.6172,1.0,Rough,FMS_MARITIME,2026-04-06
2023-07-26,141,LNG,23.0,15.4,369.6,24,193.7825,0.91,Calm,FMS_MARITIME,2026-04-06
2023-07-27,141,VLSFO,79.07,14.5,348.0,24,707.5402,0.94,Rough,FMS_MARITIME,2026-04-06
2023-07-28,141,LSMGO,27.97,16.1,386.4,24,225.4104,0.45,Calm,FMS_MARITIME,2026-04-06
2023-07-28,141,LNG,49.02,10.3,247.2,24,617.5092,0.49,Moderate,FMS_MARITIME,2026-04-06
2023-07-28,141,MGO,43.97,15.2,364.8,24,375.336,0.65,Moderate,FMS_MARITIME,2026-04-06
2023-07-01,142,LNG,57.3,16.5,396.0,24,450.5864,0.89,Rough,FMS_MARITIME,2026-04-06
2023-07-02,142,VLSFO,50.09,16.3,391.2,24,398.7225,0.48,Rough,FMS_MARITIME,2026-04-06
2023-07-03,142,LNG,60.22,9.5,228.0,24,822.4784,0.5,Moderate,FMS_MARITIME,2026-04-06
2023-07-04,142,MGO,63.24,10.9,261.6,24,752.7881,0.67,Calm,FMS_MARITIME,2026-04-06
2023-07-05,142,HFO,67.14,12.6,302.4,24,691.3821,0.62,Calm,FMS_MARITIME,2026-04-06
2023-07-06,142,HFO,45.74,13.2,316.8,24,449.6034,0.85,Rough,FMS_MARITIME,2026-04-06
2023-07-07,142,MGO,84.25,10.0,240.0,24,1093.1437,0.94,Moderate,FMS_MARITIME,2026-04-06
2023-07-08,142,LNG,28.59,9.8,235.2,24,378.5258,0.72,Moderate,FMS_MARITIME,2026-04-06
2023-07-09,142,LSMGO,59.73,9.1,218.4,24,851.6448,0.76,Calm,FMS_MARITIME,2026-04-06
2023-07-10,142,MGO,78.47,10.5,252.0,24,969.665,0.92,Rough,FMS_MARITIME,2026-04-06
2023-07-11,142,VLSFO,33.05,13.3,319.2,24,322.4239,0.72,Rough,FMS_MARITIME,2026-04-06
2023-07-12,142,MGO,21.21,9.8,235.2,24,280.8161,0.93,Calm,FMS_MARITIME,2026-04-06
2023-07-13,142,LSMGO,41.36,17.0,408.0,24,315.6741,0.9,Calm,FMS_MARITIME,2026-04-06
2023-07-14,142,LNG,72.13,11.3,271.2,24,828.2184,0.45,Calm,FMS_MARITIME,2026-04-06
2023-07-15,142,LSMGO,54.73,12.0,288.0,24,591.7681,0.6,Calm,FMS_MARITIME,2026-04-06
2023-07-16,142,HFO,19.37,12.7,304.8,24,197.8943,0.7,Calm,FMS_MARITIME,2026-04-06
2023-07-17,142,LSMGO,72.71,10.5,252.0,24,898.4879,0.45,Calm,FMS_MARITIME,2026-04-06
2023-07-18,142,LSMGO,36.43,8.2,196.8,24,576.4381,0.55,Rough,FMS_MARITIME,2026-04-06
2023-07-19,142,LNG,78.63,12.8,307.2,24,797.0502,0.65,Rough,FMS_MARITIME,2026-04-06
2023-07-20,142,MGO,44.05,15.8,379.2,24,361.7397,0.75,Rough,FMS_MARITIME,2026-04-06
2023-07-21,142,MGO,52.44,12.5,300.0,24,544.3272,0.98,Rough,FMS_MARITIME,2026-04-06
2023-07-22,142,LNG,56.64,17.2,412.8,24,427.2698,0.95,Rough,FMS_MARITIME,2026-04-06
2023-07-23,142,LSMGO,71.02,8.3,199.2,24,1110.2223,0.49,Calm,FMS_MARITIME,2026-04-06
2023-07-24,142,VLSFO,84.65,10.3,247.2,24,1066.3434,0.81,Moderate,FMS_MARITIME,2026-04-06
2023-07-25,142,LSMGO,25.73,14.0,336.0,24,238.462,0.46,Rough,FMS_MARITIME,2026-04-06
2023-07-26,142,MGO,15.9,10.8,259.2,24,191.0208,0.47,Moderate,FMS_MARITIME,2026-04-06
2023-07-27,142,LNG,52.55,8.8,211.2,24,774.8139,0.86,Calm,FMS_MARITIME,2026-04-06
2023-07-28,142,VLSFO,20.3,12.8,307.2,24,205.7754,0.75,Rough,FMS_MARITIME,2026-04-06
2023-07-28,142,VLSFO,25.61,10.4,249.6,24,319.5094,0.97,Rough,FMS_MARITIME,2026-04-06
2023-07-28,142,HFO,56.59,11.7,280.8,24,627.5686,0.91,Moderate,FMS_MARITIME,2026-04-06
2023-07-01,143,HFO,61.8,8.6,206.4,24,932.3895,0.68,Calm,FMS_MARITIME,2026-04-06
2023-07-02,143,MGO,20.0,13.3,319.2,24,195.1128,0.57,Calm,FMS_MARITIME,2026-04-06
2023-07-03,143,VLSFO,83.85,13.4,321.6,24,811.9058,0.62,Moderate,FMS_MARITIME,2026-04-06
2023-07-04,143,VLSFO,74.34,16.8,403.2,24,574.1438,0.42,Rough,FMS_MARITIME,2026-04-06
2023-07-05,143,VLSFO,77.94,16.9,405.6,24,598.3855,0.4,Moderate,FMS_MARITIME,2026-04-06
2023-07-06,143,LNG,81.02,12.7,304.8,24,827.7437,0.52,Calm,FMS_MARITIME,2026-04-06
2023-07-07,143,HFO,46.71,16.0,384.0,24,378.7889,0.95,Moderate,FMS_MARITIME,2026-04-06
2023-07-08,143,HFO,19.83,12.7,304.8,24,202.5939,0.51,Rough,FMS_MARITIME,2026-04-06
2023-07-09,143,LNG,22.56,13.2,316.8,24,221.7545,0.63,Moderate,FMS_MARITIME,2026-04-06
2023-07-10,143,VLSFO,40.85,17.0,408.0,24,311.7816,0.91,Calm,FMS_MARITIME,2026-04-06
2023-07-11,143,LSMGO,48.03,12.0,288.0,24,519.3244,0.65,Calm,FMS_MARITIME,2026-04-06
2023-07-12,143,LNG,16.98,17.0,408.0,24,129.5974,0.73,Rough,FMS_MARITIME,2026-04-06
2023-07-13,143,LSMGO,35.08,12.3,295.2,24,370.0512,0.42,Rough,FMS_MARITIME,2026-04-06
2023-07-14,143,VLSFO,37.93,11.3,271.2,24,435.5237,0.7,Moderate,FMS_MARITIME,2026-04-06
2023-07-15,143,LSMGO,21.9,17.2,412.8,24,165.2049,0.68,Rough,FMS_MARITIME,2026-04-06
2023-07-16,143,HFO,84.48,15.3,367.2,24,716.4235,0.49,Rough,FMS_MARITIME,2026-04-06
2023-07-17,143,VLSFO,18.54,12.8,307.2,24,187.9348,0.93,Moderate,FMS_MARITIME,2026-04-06
2023-07-18,143,LSMGO,47.65,11.3,271.2,24,547.1316,0.41,Moderate,FMS_MARITIME,2026-04-06
2023-07-19,143,LSMGO,37.9,13.4,321.6,24,366.9795,0.83,Calm,FMS_MARITIME,2026-04-06
2023-07-20,143,HFO,69.12,15.4,369.6,24,582.3584,0.78,Moderate,FMS_MARITIME,2026-04-06
2023-07-21,143,HFO,31.27,9.9,237.6,24,409.8265,0.49,Rough,FMS_MARITIME,2026-04-06
2023-07-22,143,VLSFO,61.65,12.0,288.0,24,666.5906,0.9,Rough,FMS_MARITIME,2026-04-06
2023-07-23,143,HFO,66.36,11.6,278.4,24,742.2595,0.57,Rough,FMS_MARITIME,2026-04-06
2023-07-24,143,LNG,68.85,11.9,285.6,24,750.6964,0.45,Rough,FMS_MARITIME,2026-04-06
2023-07-25,143,LNG,73.9,13.2,316.8,24,726.4034,0.83,Rough,FMS_MARITIME,2026-04-06
2023-07-26,143,HFO,30.27,8.7,208.8,24,451.4405,0.88,Calm,FMS_MARITIME,2026-04-06
2023-07-27,143,HFO,36.17,9.8,235.2,24,478.8834,0.82,Calm,FMS_MARITIME,2026-04-06
2023-07-28,143,MGO,52.4,11.8,283.2,24,576.178,0.62,Moderate,FMS_MARITIME,2026-04-06
2023-07-28,143,MGO,55.48,15.4,369.6,24,467.437,0.94,Moderate,FMS_MARITIME,2026-04-06
2023-07-28,143,LSMGO,18.15,9.6,230.4,24,245.3086,0.84,Rough,FMS_MARITIME,2026-04-06
2023-07-01,144,LNG,34.45,15.4,369.6,24,290.2524,0.87,Moderate,FMS_MARITIME,2026-04-06
2023-07-02,144,MGO,51.03,17.1,410.4,24,387.2013,0.99,Moderate,FMS_MARITIME,2026-04-06
2023-07-03,144,MGO,19.05,9.8,235.2,24,252.2181,0.87,Rough,FMS_MARITIME,2026-04-06
2023-07-04,144,LSMGO,41.64,11.6,278.4,24,465.7578,0.67,Rough,FMS_MARITIME,2026-04-06
2023-07-05,144,LNG,62.56,15.2,364.8,24,534.0237,0.44,Rough,FMS_MARITIME,2026-04-06
2023-07-06,144,MGO,32.19,9.9,237.6,24,421.8841,0.45,Calm,FMS_MARITIME,2026-04-06
2023-07-07,144,HFO,32.06,11.1,266.4,24,374.7554,0.99,Calm,FMS_MARITIME,2026-04-06
2023-07-08,144,VLSFO,51.75,9.9,237.6,24,678.2386,0.62,Calm,FMS_MARITIME,2026-04-06
2023-07-09,144,LSMGO,34.94,11.9,285.6,24,380.9634,0.77,Rough,FMS_MARITIME,2026-04-06
2023-07-10,144,LNG,49.63,18.0,432.0,24,357.7496,0.9,Calm,FMS_MARITIME,2026-04-06
2023-07-11,144,HFO,16.57,15.3,367.2,24,140.5201,0.7,Rough,FMS_MARITIME,2026-04-06
2023-07-12,144,HFO,55.67,9.6,230.4,24,752.4148,0.63,Rough,FMS_MARITIME,2026-04-06
2023-07-13,144,VLSFO,61.03,13.7,328.8,24,578.0031,0.84,Calm,FMS_MARITIME,2026-04-06
2023-07-14,144,VLSFO,25.48,13.1,314.4,24,252.3687,0.71,Moderate,FMS_MARITIME,2026-04-06
2023-07-15,144,VLSFO,29.08,8.0,192.0,24,471.6412,0.9,Moderate,FMS_MARITIME,2026-04-06
2023-07-16,144,MGO,52.29,17.3,415.2,24,392.175,0.96,Calm,FMS_MARITIME,2026-04-06
2023-07-17,144,HFO,76.74,16.8,403.2,24,592.6795,0.71,Rough,FMS_MARITIME,2026-04-06
2023-07-18,144,HFO,48.21,8.2,196.8,24,762.8351,0.46,Rough,FMS_MARITIME,2026-04-06
2023-07-19,144,LSMGO,68.73,8.9,213.6,24,1001.9907,0.73,Rough,FMS_MARITIME,2026-04-06
2023-07-20,144,HFO,48.69,11.4,273.6,24,554.1691,0.84,Calm,FMS_MARITIME,2026-04-06
2023-07-21,144,LSMGO,79.88,16.2,388.8,24,639.7796,0.58,Rough,FMS_MARITIME,2026-04-06
2023-07-22,144,LSMGO,17.55,8.7,208.8,24,261.7371,0.62,Moderate,FMS_MARITIME,2026-04-06
2023-07-23,144,HFO,29.96,15.4,369.6,24,252.4227,0.74,Rough,FMS_MARITIME,2026-04-06
2023-07-24,144,HFO,64.95,14.1,338.4,24,597.6782,0.44,Calm,FMS_MARITIME,2026-04-06
2023-07-25,144,LSMGO,50.98,10.1,242.4,24,654.9163,0.67,Calm,FMS_MARITIME,2026-04-06
2023-07-26,144,LSMGO,19.91,12.2,292.8,24,211.7477,0.64,Calm,FMS_MARITIME,2026-04-06
2023-07-27,144,LSMGO,25.03,16.1,386.4,24,201.7169,0.41,Rough,FMS_MARITIME,2026-04-06
2023-07-28,144,LNG,75.97,12.2,292.8,24,807.9596,0.58,Moderate,FMS_MARITIME,2026-04-06
2023-07-28,144,MGO,34.1,9.6,230.4,24,460.8828,0.9,Rough,FMS_MARITIME,2026-04-06
2023-07-28,144,LSMGO,17.06,8.3,199.2,24,266.691,0.93,Moderate,FMS_MARITIME,2026-04-06
2023-07-01,145,HFO,48.47,8.8,211.2,24,714.6571,0.5,Moderate,FMS_MARITIME,2026-04-06
2023-07-02,145,HFO,41.46,9.0,216.0,24,597.715,0.48,Rough,FMS_MARITIME,2026-04-06
2023-07-03,145,HFO,37.54,14.0,336.0,24,347.9154,0.69,Moderate,FMS_MARITIME,2026-04-06
2023-07-04,145,LNG,33.99,17.5,420.0,24,252.0116,0.49,Moderate,FMS_MARITIME,2026-04-06
2023-07-05,145,MGO,33.39,12.5,300.0,24,346.5882,0.99,Calm,FMS_MARITIME,2026-04-06
2023-07-06,145,HFO,48.63,15.1,362.4,24,417.8637,0.64,Calm,FMS_MARITIME,2026-04-06
2023-07-07,145,LNG,19.18,8.4,201.6,24,296.2625,0.53,Rough,FMS_MARITIME,2026-04-06
2023-07-08,145,MGO,42.59,15.2,364.8,24,363.5561,0.81,Rough,FMS_MARITIME,2026-04-06
2023-07-09,145,VLSFO,49.6,17.1,410.4,24,376.3509,0.43,Moderate,FMS_MARITIME,2026-04-06
2023-07-10,145,VLSFO,39.78,14.1,338.4,24,366.0606,0.76,Moderate,FMS_MARITIME,2026-04-06
2023-07-11,145,LSMGO,50.47,17.6,422.4,24,372.0729,1.0,Rough,FMS_MARITIME,2026-04-06
2023-07-12,145,VLSFO,80.43,9.8,235.2,24,1064.8768,0.94,Moderate,FMS_MARITIME,2026-04-06
2023-07-13,145,HFO,19.45,11.9,285.6,24,212.0704,0.45,Calm,FMS_MARITIME,2026-04-06
2023-07-14,145,LNG,48.37,11.9,285.6,24,527.3956,0.96,Moderate,FMS_MARITIME,2026-04-06
2023-07-15,145,VLSFO,21.77,8.6,206.4,24,328.4485,0.82,Moderate,FMS_MARITIME,2026-04-06
2023-07-16,145,VLSFO,45.2,15.6,374.4,24,375.9423,0.5,Rough,FMS_MARITIME,2026-04-06
2023-07-17,145,HFO,64.14,17.1,410.4,24,486.6763,0.66,Moderate,FMS_MARITIME,2026-04-06
2023-07-18,145,VLSFO,25.21,12.3,295.2,24,265.9348,0.78,Rough,FMS_MARITIME,2026-04-06
2023-07-19,145,LSMGO,48.53,10.6,254.4,24,594.0347,0.92,Calm,FMS_MARITIME,2026-04-06
2023-07-20,145,MGO,81.21,13.2,316.8,24,798.2574,0.86,Rough,FMS_MARITIME,2026-04-06
2023-07-21,145,LNG,68.78,15.0,360.0,24,594.947,0.8,Rough,FMS_MARITIME,2026-04-06
2023-07-22,145,MGO,43.95,16.1,386.4,24,354.1933,0.91,Rough,FMS_MARITIME,2026-04-06
2023-07-23,145,LNG,23.32,14.8,355.2,24,204.4439,0.42,Rough,FMS_MARITIME,2026-04-06
2023-07-24,145,LSMGO,25.4,11.7,280.8,24,281.6795,0.48,Moderate,FMS_MARITIME,2026-04-06
2023-07-25,145,HFO,82.05,8.8,211.2,24,1209.7713,0.71,Rough,FMS_MARITIME,2026-04-06
2023-07-26,145,LSMGO,70.88,15.2,364.8,24,605.0447,0.69,Rough,FMS_MARITIME,2026-04-06
2023-07-27,145,HFO,29.81,17.4,417.6,24,222.2901,0.48,Moderate,FMS_MARITIME,2026-04-06
2023-07-28,145,LNG,60.68,13.3,319.2,24,591.9722,0.92,Rough,FMS_MARITIME,2026-04-06
2023-07-28,145,MGO,15.88,11.1,266.4,24,185.6243,0.99,Rough,FMS_MARITIME,2026-04-06
2023-07-28,145,MGO,19.15,17.3,415.2,24,143.625,0.54,Rough,FMS_MARITIME,2026-04-06
2023-07-01,146,HFO,61.61,8.0,192.0,24,999.2372,0.71,Rough,FMS_MARITIME,2026-04-06
2023-07-02,146,LSMGO,62.42,16.6,398.4,24,487.8913,0.76,Calm,FMS_MARITIME,2026-04-06
2023-07-03,146,LSMGO,18.22,14.4,345.6,24,164.1698,0.76,Moderate,FMS_MARITIME,2026-04-06
2023-07-04,146,LNG,49.09,8.2,196.8,24,776.7595,0.7,Calm,FMS_MARITIME,2026-04-06
2023-07-05,146,LSMGO,53.5,11.7,280.8,24,593.3013,0.73,Moderate,FMS_MARITIME,2026-04-06
2023-07-06,146,HFO,36.83,14.0,336.0,24,341.3352,0.7,Moderate,FMS_MARITIME,2026-04-06
2023-07-07,146,VLSFO,78.79,9.1,218.4,24,1123.4069,0.81,Calm,FMS_MARITIME,2026-04-06
2023-07-08,146,LSMGO,16.16,9.4,225.6,24,223.0596,0.68,Moderate,FMS_MARITIME,2026-04-06
2023-07-09,146,HFO,20.82,16.1,386.4,24,167.7885,0.56,Calm,FMS_MARITIME,2026-04-06
2023-07-10,146,MGO,26.48,11.7,280.8,24,293.6564,0.61,Calm,FMS_MARITIME,2026-04-06
2023-07-11,146,MGO,18.39,11.6,278.4,24,205.6985,0.43,Moderate,FMS_MARITIME,2026-04-06
2023-07-12,146,HFO,43.6,11.4,273.6,24,496.2368,0.53,Rough,FMS_MARITIME,2026-04-06
2023-07-13,146,LNG,61.63,16.5,396.0,24,484.6359,0.44,Rough,FMS_MARITIME,2026-04-06
2023-07-14,146,VLSFO,83.94,16.5,396.0,24,660.0736,0.94,Calm,FMS_MARITIME,2026-04-06
2023-07-15,146,LSMGO,81.26,9.9,237.6,24,1064.9985,0.76,Moderate,FMS_MARITIME,2026-04-06
2023-07-16,146,VLSFO,59.47,16.9,405.6,24,456.5818,0.74,Calm,FMS_MARITIME,2026-04-06
2023-07-17,146,VLSFO,41.27,17.8,427.2,24,300.8305,0.49,Calm,FMS_MARITIME,2026-04-06
2023-07-18,146,LNG,43.89,13.8,331.2,24,412.6614,0.66,Calm,FMS_MARITIME,2026-04-06
2023-07-19,146,MGO,69.69,8.8,211.2,24,1027.5315,0.89,Moderate,FMS_MARITIME,2026-04-06
2023-07-20,146,HFO,78.12,15.0,360.0,24,675.738,0.56,Calm,FMS_MARITIME,2026-04-06
2023-07-21,146,VLSFO,39.04,11.4,273.6,24,444.3368,0.87,Calm,FMS_MARITIME,2026-04-06
2023-07-22,146,VLSFO,18.48,16.3,391.2,24,147.1031,0.99,Calm,FMS_MARITIME,2026-04-06
2023-07-23,146,HFO,53.64,8.8,211.2,24,790.8852,0.67,Rough,FMS_MARITIME,2026-04-06
2023-07-24,146,HFO,33.79,16.0,384.0,24,274.0158,0.82,Rough,FMS_MARITIME,2026-04-06
2023-07-25,146,VLSFO,30.06,8.4,201.6,24,464.3196,0.45,Moderate,FMS_MARITIME,2026-04-06
2023-07-26,146,HFO,61.23,10.8,259.2,24,735.6104,0.9,Moderate,FMS_MARITIME,2026-04-06
2023-07-27,146,LSMGO,49.44,18.0,432.0,24,356.38,0.88,Calm,FMS_MARITIME,2026-04-06
2023-07-28,146,LNG,51.36,16.1,386.4,24,413.9106,0.67,Calm,FMS_MARITIME,2026-04-06
2023-07-28,146,LNG,69.28,9.3,223.2,24,966.5677,0.95,Moderate,FMS_MARITIME,2026-04-06
2023-07-28,146,LNG,45.62,15.1,362.4,24,391.9997,0.55,Moderate,FMS_MARITIME,2026-04-06
2023-07-01,147,VLSFO,38.57,10.2,244.8,24,490.6331,0.93,Calm,FMS_MARITIME,2026-04-06
2023-07-02,147,VLSFO,20.25,10.9,261.6,24,241.0493,0.72,Calm,FMS_MARITIME,2026-04-06
2023-07-03,147,LNG,82.57,15.2,364.8,24,704.8327,0.5,Calm,FMS_MARITIME,2026-04-06
2023-07-04,147,MGO,42.32,9.7,232.8,24,566.0845,0.67,Rough,FMS_MARITIME,2026-04-06
2023-07-05,147,LSMGO,33.7,16.2,388.8,24,269.912,0.56,Moderate,FMS_MARITIME,2026-04-06
2023-07-06,147,LSMGO,50.09,15.7,376.8,24,413.9604,0.65,Moderate,FMS_MARITIME,2026-04-06
2023-07-07,147,MGO,23.84,16.7,400.8,24,185.224,0.83,Moderate,FMS_MARITIME,2026-04-06
2023-07-08,147,LNG,39.69,15.2,364.8,24,338.8012,0.79,Moderate,FMS_MARITIME,2026-04-06
2023-07-09,147,LNG,53.1,16.6,398.4,24,415.0437,0.65,Calm,FMS_MARITIME,2026-04-06
2023-07-10,147,LNG,53.76,17.1,410.4,24,407.9158,0.66,Calm,FMS_MARITIME,2026-04-06
2023-07-11,147,LSMGO,81.5,12.2,292.8,24,866.7725,0.98,Moderate,FMS_MARITIME,2026-04-06
2023-07-12,147,MGO,48.76,12.8,307.2,24,494.2664,1.0,Rough,FMS_MARITIME,2026-04-06
2023-07-13,147,MGO,80.66,12.5,300.0,24,837.2508,0.98,Calm,FMS_MARITIME,2026-04-06
2023-07-14,147,LNG,61.94,8.7,208.8,24,923.7603,0.86,Moderate,FMS_MARITIME,2026-04-06
2023-07-15,147,LNG,75.52,11.9,285.6,24,823.4218,0.48,Moderate,FMS_MARITIME,2026-04-06
2023-07-16,147,HFO,65.51,11.5,276.0,24,739.1237,0.57,Rough,FMS_MARITIME,2026-04-06
2023-07-17,147,MGO,15.53,11.7,280.8,24,172.2237,0.67,Calm,FMS_MARITIME,2026-04-06
2023-07-18,147,LNG,49.95,12.0,288.0,24,540.0844,0.79,Calm,FMS_MARITIME,2026-04-06
2023-07-19,147,LSMGO,55.75,17.6,422.4,24,410.9979,0.9,Calm,FMS_MARITIME,2026-04-06
2023-07-20,147,HFO,49.32,17.8,427.2,24,359.5096,0.73,Rough,FMS_MARITIME,2026-04-06
2023-07-21,147,HFO,42.59,18.0,432.0,24,307.0029,0.7,Moderate,FMS_MARITIME,2026-04-06
2023-07-22,147,HFO,71.14,16.4,393.6,24,562.8302,0.41,Calm,FMS_MARITIME,2026-04-06
2023-07-23,147,LSMGO,65.14,16.8,403.2,24,503.0902,0.97,Moderate,FMS_MARITIME,2026-04-06
2023-07-24,147,HFO,76.06,17.9,429.6,24,551.3288,0.7,Calm,FMS_MARITIME,2026-04-06
2023-07-25,147,VLSFO,69.48,11.3,271.2,24,797.7903,0.89,Rough,FMS_MARITIME,2026-04-06
2023-07-26,147,LSMGO,45.01,9.2,220.8,24,634.7878,0.66,Moderate,FMS_MARITIME,2026-04-06
2023-07-27,147,MGO,19.05,12.8,307.2,24,193.1045,0.94,Rough,FMS_MARITIME,2026-04-06
2023-07-28,147,HFO,82.32,17.8,427.2,24,600.0573,0.91,Calm,FMS_MARITIME,2026-04-06
2023-07-28,147,LNG,73.8,10.7,256.8,24,894.9112,0.87,Calm,FMS_MARITIME,2026-04-06
2023-07-28,147,HFO,17.69,16.9,405.6,24,135.8152,0.58,Moderate,FMS_MARITIME,2026-04-06
2023-07-01,148,LSMGO,66.65,8.5,204.0,24,1017.3926,0.57,Rough,FMS_MARITIME,2026-04-06
2023-07-02,148,MGO,72.9,16.9,405.6,24,559.6908,0.44,Rough,FMS_MARITIME,2026-04-06
2023-07-03,148,MGO,34.12,15.9,381.6,24,278.4321,0.42,Rough,FMS_MARITIME,2026-04-06
2023-07-04,148,HFO,77.28,13.1,314.4,24,765.426,0.58,Calm,FMS_MARITIME,2026-04-06
2023-07-05,148,LNG,57.42,11.3,271.2,24,659.3137,0.94,Calm,FMS_MARITIME,2026-04-06
2023-07-06,148,MGO,57.03,15.8,379.2,24,468.3318,0.74,Rough,FMS_MARITIME,2026-04-06
2023-07-07,148,VLSFO,15.39,12.0,288.0,24,166.4044,0.94,Calm,FMS_MARITIME,2026-04-06
2023-07-08,148,LNG,77.1,13.1,314.4,24,763.6431,0.89,Rough,FMS_MARITIME,2026-04-06
2023-07-09,148,LSMGO,46.84,11.2,268.8,24,542.633,0.85,Calm,FMS_MARITIME,2026-04-06
2023-07-10,148,LNG,57.12,9.6,230.4,24,772.0125,0.9,Rough,FMS_MARITIME,2026-04-06
2023-07-11,148,MGO,22.51,17.3,415.2,24,168.825,0.78,Rough,FMS_MARITIME,2026-04-06
2023-07-12,148,LSMGO,65.15,11.0,264.0,24,768.4739,0.59,Calm,FMS_MARITIME,2026-04-06
2023-07-13,148,MGO,70.12,15.9,381.6,24,572.2057,0.85,Calm,FMS_MARITIME,2026-04-06
2023-07-14,148,VLSFO,16.41,17.1,410.4,24,124.5145,0.86,Rough,FMS_MARITIME,2026-04-06
2023-07-15,148,VLSFO,31.12,13.1,314.4,24,308.2305,0.97,Rough,FMS_MARITIME,2026-04-06
2023-07-16,148,LSMGO,78.45,8.1,194.4,24,1256.6528,0.54,Calm,FMS_MARITIME,2026-04-06
2023-07-17,148,LNG,64.09,16.3,391.2,24,510.1643,0.65,Calm,FMS_MARITIME,2026-04-06
2023-07-18,148,HFO,18.04,10.2,244.8,24,229.4794,0.83,Rough,FMS_MARITIME,2026-04-06
2023-07-19,148,VLSFO,66.69,16.7,400.8,24,518.1454,0.99,Rough,FMS_MARITIME,2026-04-06
2023-07-20,148,LNG,64.67,17.9,429.6,24,468.7672,0.67,Calm,FMS_MARITIME,2026-04-06
2023-07-21,148,LNG,24.57,8.5,204.0,24,375.0538,0.47,Rough,FMS_MARITIME,2026-04-06
2023-07-22,148,VLSFO,78.91,9.0,216.0,24,1137.6192,0.86,Moderate,FMS_MARITIME,2026-04-06
2023-07-23,148,MGO,61.58,13.0,312.0,24,614.6158,0.4,Moderate,FMS_MARITIME,2026-04-06
2023-07-24,148,HFO,40.13,14.1,338.4,24,369.2814,0.66,Moderate,FMS_MARITIME,2026-04-06
2023-07-25,148,LNG,34.55,11.4,273.6,24,393.2336,0.44,Calm,FMS_MARITIME,2026-04-06
2023-07-26,148,VLSFO,83.97,8.7,208.8,24,1252.3112,0.66,Moderate,FMS_MARITIME,2026-04-06
2023-07-27,148,MGO,16.87,9.3,223.2,24,235.3637,0.78,Moderate,FMS_MARITIME,2026-04-06
2023-07-28,148,VLSFO,48.6,15.4,369.6,24,409.4708,0.99,Moderate,FMS_MARITIME,2026-04-06
2023-07-28,148,LSMGO,31.11,9.5,228.0,24,424.8971,0.71,Calm,FMS_MARITIME,2026-04-06
2023-07-28,148,HFO,77.94,9.8,235.2,24,1031.9097,0.88,Rough,FMS_MARITIME,2026-04-06
2023-07-01,149,LNG,34.87,10.3,247.2,24,439.2604,0.41,Rough,FMS_MARITIME,2026-04-06
2023-07-02,149,VLSFO,69.92,13.7,328.8,24,662.1985,0.56,Calm,FMS_MARITIME,2026-04-06
2023-07-03,149,VLSFO,69.33,17.8,427.2,24,505.369,0.55,Rough,FMS_MARITIME,2026-04-06
2023-07-04,149,HFO,24.74,16.0,384.0,24,200.6259,0.84,Moderate,FMS_MARITIME,2026-04-06
2023-07-05,149,LNG,56.54,15.8,379.2,24,464.3079,0.96,Moderate,FMS_MARITIME,2026-04-06
2023-07-06,149,VLSFO,82.63,12.5,300.0,24,857.6994,0.94,Rough,FMS_MARITIME,2026-04-06
2023-07-07,149,VLSFO,20.44,10.8,259.2,24,245.5639,0.99,Moderate,FMS_MARITIME,2026-04-06
2023-07-08,149,LSMGO,64.08,13.7,328.8,24,606.8891,0.48,Moderate,FMS_MARITIME,2026-04-06
2023-07-09,149,LNG,73.0,10.6,254.4,24,893.5613,0.6,Calm,FMS_MARITIME,2026-04-06
2023-07-10,149,MGO,29.51,16.1,386.4,24,237.8213,0.48,Calm,FMS_MARITIME,2026-04-06
2023-07-11,149,VLSFO,74.15,12.3,295.2,24,782.1921,0.76,Calm,FMS_MARITIME,2026-04-06
2023-07-12,149,LSMGO,25.99,11.3,271.2,24,298.425,0.68,Rough,FMS_MARITIME,2026-04-06
2023-07-13,149,HFO,22.62,15.7,376.8,24,186.9392,0.99,Calm,FMS_MARITIME,2026-04-06
2023-07-14,149,VLSFO,54.25,10.2,244.8,24,690.0919,0.96,Rough,FMS_MARITIME,2026-04-06
2023-07-15,149,MGO,43.21,11.0,264.0,24,509.6816,0.53,Moderate,FMS_MARITIME,2026-04-06
2023-07-16,149,VLSFO,17.06,12.9,309.6,24,171.5919,0.59,Moderate,FMS_MARITIME,2026-04-06
2023-07-17,149,HFO,55.58,17.1,410.4,24,421.7254,0.78,Moderate,FMS_MARITIME,2026-04-06
2023-07-18,149,MGO,27.8,17.8,427.2,24,202.6433,0.41,Calm,FMS_MARITIME,2026-04-06
2023-07-19,149,LNG,54.94,10.9,261.6,24,653.9876,0.59,Rough,FMS_MARITIME,2026-04-06
2023-07-20,149,HFO,55.21,11.3,271.2,24,633.9378,0.4,Moderate,FMS_MARITIME,2026-04-06
2023-07-21,149,LSMGO,38.54,11.7,280.8,24,427.3987,0.95,Calm,FMS_MARITIME,2026-04-06
2023-07-22,149,MGO,60.38,12.7,304.8,24,616.8744,0.57,Calm,FMS_MARITIME,2026-04-06
2023-07-23,149,LSMGO,79.34,14.0,336.0,24,735.3118,0.97,Rough,FMS_MARITIME,2026-04-06
2023-07-24,149,LSMGO,19.51,16.3,391.2,24,155.302,0.42,Calm,FMS_MARITIME,2026-04-06
2023-07-25,149,VLSFO,24.17,10.1,242.4,24,310.5007,0.47,Rough,FMS_MARITIME,2026-04-06
2023-07-26,149,HFO,45.23,11.9,285.6,24,493.159,0.51,Moderate,FMS_MARITIME,2026-04-06
2023-07-27,149,HFO,65.69,12.8,307.2,24,665.8811,0.48,Moderate,FMS_MARITIME,2026-04-06
2023-07-28,149,LSMGO,34.04,8.9,213.6,24,496.2573,0.88,Calm,FMS_MARITIME,2026-04-06
2023-07-28,149,VLSFO,66.85,8.7,208.8,24,996.9871,0.92,Calm,FMS_MARITIME,2026-04-06
2023-07-28,149,LNG,65.76,8.8,211.2,24,969.5864,0.98,Rough,FMS_MARITIME,2026-04-06
2023-07-01,150,VLSFO,22.76,11.5,276.0,24,256.7922,0.97,Moderate,FMS_MARITIME,2026-04-06
2023-07-02,150,VLSFO,76.32,15.6,374.4,24,634.7769,0.44,Moderate,FMS_MARITIME,2026-04-06
2023-07-03,150,HFO,39.27,9.9,237.6,24,514.675,0.71,Rough,FMS_MARITIME,2026-04-06
2023-07-04,150,HFO,73.54,12.4,297.6,24,769.5012,0.61,Moderate,FMS_MARITIME,2026-04-06
2023-07-05,150,LNG,51.52,15.4,369.6,24,434.0727,0.97,Calm,FMS_MARITIME,2026-04-06
2023-07-06,150,LSMGO,83.75,14.2,340.8,24,765.2509,0.49,Rough,FMS_MARITIME,2026-04-06
2023-07-07,150,HFO,64.58,13.4,321.6,24,625.3175,0.87,Calm,FMS_MARITIME,2026-04-06
2023-07-08,150,LNG,45.9,9.3,223.2,24,640.379,0.93,Rough,FMS_MARITIME,2026-04-06
2023-07-09,150,HFO,41.05,14.7,352.8,24,362.3291,0.49,Calm,FMS_MARITIME,2026-04-06
2023-07-10,150,LSMGO,59.01,15.0,360.0,24,510.4365,0.91,Moderate,FMS_MARITIME,2026-04-06
2023-07-11,150,VLSFO,79.88,13.9,333.6,24,745.6424,0.98,Moderate,FMS_MARITIME,2026-04-06
2023-07-12,150,LNG,68.04,12.8,307.2,24,689.7023,0.47,Rough,FMS_MARITIME,2026-04-06
2023-07-13,150,LSMGO,39.52,14.9,357.6,24,344.1423,0.83,Calm,FMS_MARITIME,2026-04-06
2023-07-14,150,VLSFO,49.27,13.7,328.8,24,466.6265,0.95,Moderate,FMS_MARITIME,2026-04-06
2023-07-15,150,VLSFO,16.51,8.6,206.4,24,249.0898,0.77,Rough,FMS_MARITIME,2026-04-06
2023-07-16,150,MGO,81.76,16.4,393.6,24,646.8512,0.86,Rough,FMS_MARITIME,2026-04-06
2023-07-17,150,HFO,62.52,8.3,199.2,24,977.3458,0.74,Moderate,FMS_MARITIME,2026-04-06
2023-07-18,150,LSMGO,66.01,14.0,336.0,24,611.7712,0.75,Moderate,FMS_MARITIME,2026-04-06
2023-07-19,150,LNG,36.12,9.2,220.8,24,509.4098,0.46,Moderate,FMS_MARITIME,2026-04-06
2023-07-20,150,HFO,19.75,13.7,328.8,24,187.0484,0.79,Calm,FMS_MARITIME,2026-04-06
2023-07-21,150,LNG,61.3,8.9,213.6,24,893.6713,0.56,Calm,FMS_MARITIME,2026-04-06
2023-07-22,150,MGO,17.64,17.4,417.6,24,131.5397,0.63,Moderate,FMS_MARITIME,2026-04-06
2023-07-23,150,HFO,25.39,14.5,348.0,24,227.1967,0.94,Rough,FMS_MARITIME,2026-04-06
2023-07-24,150,VLSFO,76.54,10.2,244.8,24,973.6338,0.95,Calm,FMS_MARITIME,2026-04-06
2023-07-25,150,MGO,69.13,10.0,240.0,24,896.9617,0.98,Rough,FMS_MARITIME,2026-04-06
2023-07-26,150,LNG,25.04,13.4,321.6,24,242.4582,0.71,Moderate,FMS_MARITIME,2026-04-06
2023-07-27,150,VLSFO,36.06,15.9,381.6,24,294.2632,0.57,Moderate,FMS_MARITIME,2026-04-06
2023-07-28,150,VLSFO,32.59,12.0,288.0,24,352.3794,0.9,Calm,FMS_MARITIME,2026-04-06
2023-07-28,150,LSMGO,31.15,15.0,360.0,24,269.4475,0.7,Rough,FMS_MARITIME,2026-04-06
2023-07-28,150,LNG,42.73,12.8,307.2,24,433.142,0.8,Rough,FMS_MARITIME,2026-04-06
