log_date,vessel_id,fuel_grade,consumption_mt,speed_knots,distance_nm,running_hours,eeoi,load_factor,sea_condition,source_system,ingestion_date
2021-07-01,1,MGO,84.72,10.0,240.0,24,1099.242,0.88,Moderate,FMS_MARITIME,2026-04-06
2021-07-02,1,MGO,74.4,8.8,211.2,24,1096.9773,0.58,Rough,FMS_MARITIME,2026-04-06
2021-07-03,1,LSMGO,45.89,16.0,384.0,24,372.1392,0.8,Rough,FMS_MARITIME,2026-04-06
2021-07-04,1,HFO,72.21,13.9,333.6,24,674.0466,0.58,Calm,FMS_MARITIME,2026-04-06
2021-07-05,1,HFO,68.9,9.2,220.8,24,971.7147,0.48,Moderate,FMS_MARITIME,2026-04-06
2021-07-06,1,MGO,34.38,9.0,216.0,24,495.645,0.62,Moderate,FMS_MARITIME,2026-04-06
2021-07-07,1,MGO,76.83,14.8,355.2,24,673.5603,0.43,Calm,FMS_MARITIME,2026-04-06
2021-07-08,1,HFO,29.74,15.6,374.4,24,247.3567,0.45,Calm,FMS_MARITIME,2026-04-06
2021-07-09,1,HFO,16.78,10.0,240.0,24,217.7205,0.51,Rough,FMS_MARITIME,2026-04-06
2021-07-10,1,LNG,56.03,14.2,340.8,24,511.9643,0.9,Rough,FMS_MARITIME,2026-04-06
2021-07-11,1,LNG,19.45,13.2,316.8,24,191.1847,0.88,Moderate,FMS_MARITIME,2026-04-06
2021-07-12,1,LNG,50.9,13.6,326.4,24,485.6085,0.98,Rough,FMS_MARITIME,2026-04-06
2021-07-13,1,LNG,48.42,16.4,393.6,24,383.079,0.6,Moderate,FMS_MARITIME,2026-04-06
2021-07-14,1,VLSFO,78.69,15.2,364.8,24,671.7123,0.55,Rough,FMS_MARITIME,2026-04-06
2021-07-15,1,MGO,65.49,11.2,268.8,24,758.69,0.74,Calm,FMS_MARITIME,2026-04-06
2021-07-16,1,LNG,31.06,11.9,285.6,24,338.6584,0.61,Moderate,FMS_MARITIME,2026-04-06
2021-07-17,1,MGO,48.91,12.8,307.2,24,495.7869,0.52,Calm,FMS_MARITIME,2026-04-06
2021-07-18,1,VLSFO,79.02,8.6,206.4,24,1192.1913,0.5,Moderate,FMS_MARITIME,2026-04-06
2021-07-19,1,HFO,23.06,13.8,331.2,24,216.8141,0.76,Rough,FMS_MARITIME,2026-04-06
2021-07-20,1,LSMGO,49.96,9.6,230.4,24,675.2406,0.43,Rough,FMS_MARITIME,2026-04-06
2021-07-21,1,VLSFO,58.32,16.0,384.0,24,472.9387,0.67,Rough,FMS_MARITIME,2026-04-06
2021-07-22,1,MGO,52.8,10.0,240.0,24,685.08,0.74,Calm,FMS_MARITIME,2026-04-06
2021-07-23,1,MGO,53.79,17.4,417.6,24,401.1065,0.92,Calm,FMS_MARITIME,2026-04-06
2021-07-24,1,HFO,33.4,9.4,225.6,24,461.0266,0.96,Calm,FMS_MARITIME,2026-04-06
2021-07-25,1,LNG,56.09,11.9,285.6,24,611.5695,0.59,Calm,FMS_MARITIME,2026-04-06
2021-07-26,1,LNG,61.24,8.6,206.4,24,923.9407,0.4,Rough,FMS_MARITIME,2026-04-06
2021-07-27,1,HFO,51.45,11.3,271.2,24,590.7644,0.98,Rough,FMS_MARITIME,2026-04-06
2021-07-28,1,VLSFO,54.64,9.4,225.6,24,754.2064,0.47,Rough,FMS_MARITIME,2026-04-06
2021-07-28,1,MGO,61.52,10.3,247.2,24,774.9728,0.73,Moderate,FMS_MARITIME,2026-04-06
2021-07-28,1,MGO,83.59,16.0,384.0,24,677.8627,0.6,Calm,FMS_MARITIME,2026-04-06
2021-07-01,2,LSMGO,42.62,11.2,268.8,24,493.7451,0.67,Calm,FMS_MARITIME,2026-04-06
2021-07-02,2,LNG,43.31,12.1,290.4,24,464.4192,0.97,Rough,FMS_MARITIME,2026-04-06
2021-07-03,2,HFO,38.55,12.3,295.2,24,406.6555,0.41,Calm,FMS_MARITIME,2026-04-06
2021-07-04,2,HFO,70.17,11.3,271.2,24,805.7131,0.68,Moderate,FMS_MARITIME,2026-04-06
2021-07-05,2,MGO,19.25,10.6,254.4,24,235.6309,0.96,Calm,FMS_MARITIME,2026-04-06
2021-07-06,2,VLSFO,40.44,9.8,235.2,24,535.4173,0.74,Rough,FMS_MARITIME,2026-04-06
2021-07-07,2,MGO,40.06,13.3,319.2,24,390.8109,0.52,Calm,FMS_MARITIME,2026-04-06
2021-07-08,2,VLSFO,25.68,9.2,220.8,24,362.1717,0.71,Calm,FMS_MARITIME,2026-04-06
2021-07-09,2,LSMGO,18.14,10.1,242.4,24,233.0361,0.84,Calm,FMS_MARITIME,2026-04-06
2021-07-10,2,LSMGO,52.6,9.1,218.4,24,749.9835,0.7,Rough,FMS_MARITIME,2026-04-06
2021-07-11,2,VLSFO,34.11,9.4,225.6,24,470.8269,0.7,Rough,FMS_MARITIME,2026-04-06
2021-07-12,2,LSMGO,63.98,15.2,364.8,24,546.1451,0.55,Rough,FMS_MARITIME,2026-04-06
2021-07-13,2,LNG,17.12,16.7,400.8,24,133.0132,0.44,Rough,FMS_MARITIME,2026-04-06
2021-07-14,2,LSMGO,29.69,9.7,232.8,24,397.142,0.82,Rough,FMS_MARITIME,2026-04-06
2021-07-15,2,LNG,16.62,16.4,393.6,24,131.4905,0.85,Rough,FMS_MARITIME,2026-04-06
2021-07-16,2,LNG,38.13,12.4,297.6,24,398.9812,0.67,Rough,FMS_MARITIME,2026-04-06
2021-07-17,2,LNG,72.66,15.4,369.6,24,612.1841,0.89,Rough,FMS_MARITIME,2026-04-06
2021-07-18,2,HFO,61.65,13.7,328.8,24,583.875,0.57,Moderate,FMS_MARITIME,2026-04-06
2021-07-19,2,LSMGO,53.15,8.4,201.6,24,820.9777,0.87,Calm,FMS_MARITIME,2026-04-06
2021-07-20,2,MGO,16.94,13.4,321.6,24,164.0272,0.52,Rough,FMS_MARITIME,2026-04-06
2021-07-21,2,LNG,51.1,16.4,393.6,24,404.282,0.74,Calm,FMS_MARITIME,2026-04-06
2021-07-22,2,LNG,35.22,10.0,240.0,24,456.9795,0.54,Moderate,FMS_MARITIME,2026-04-06
2021-07-23,2,VLSFO,78.51,14.0,336.0,24,727.6195,0.56,Moderate,FMS_MARITIME,2026-04-06
2021-07-24,2,MGO,61.09,13.4,321.6,24,591.5244,0.9,Moderate,FMS_MARITIME,2026-04-06
2021-07-25,2,LNG,42.22,10.7,256.8,24,511.9668,0.76,Moderate,FMS_MARITIME,2026-04-06
2021-07-26,2,MGO,53.16,11.3,271.2,24,610.3991,0.42,Moderate,FMS_MARITIME,2026-04-06
2021-07-27,2,HFO,82.51,17.9,429.6,24,598.0823,0.47,Calm,FMS_MARITIME,2026-04-06
2021-07-28,2,LSMGO,40.03,12.2,292.8,24,425.7289,0.54,Moderate,FMS_MARITIME,2026-04-06
2021-07-28,2,HFO,30.62,17.3,415.2,24,229.65,0.67,Calm,FMS_MARITIME,2026-04-06
2021-07-28,2,HFO,38.22,17.4,417.6,24,285.0026,0.96,Calm,FMS_MARITIME,2026-04-06
2021-07-01,3,LSMGO,18.02,11.6,278.4,24,201.5599,0.66,Rough,FMS_MARITIME,2026-04-06
2021-07-02,3,LNG,60.07,9.1,218.4,24,856.4926,0.48,Moderate,FMS_MARITIME,2026-04-06
2021-07-03,3,VLSFO,54.96,8.7,208.8,24,819.6621,0.49,Rough,FMS_MARITIME,2026-04-06
2021-07-04,3,LSMGO,22.61,15.7,376.8,24,186.8565,0.67,Calm,FMS_MARITIME,2026-04-06
2021-07-05,3,LSMGO,20.88,17.1,410.4,24,158.4316,0.52,Calm,FMS_MARITIME,2026-04-06
2021-07-06,3,HFO,22.04,11.7,280.8,24,244.4179,0.65,Moderate,FMS_MARITIME,2026-04-06
2021-07-07,3,LSMGO,29.94,16.9,405.6,24,229.8648,0.72,Moderate,FMS_MARITIME,2026-04-06
2021-07-08,3,LSMGO,58.54,11.9,285.6,24,638.2828,0.74,Moderate,FMS_MARITIME,2026-04-06
2021-07-09,3,LSMGO,15.1,9.4,225.6,24,208.4282,0.7,Rough,FMS_MARITIME,2026-04-06
2021-07-10,3,MGO,15.45,11.0,264.0,24,182.2398,0.84,Rough,FMS_MARITIME,2026-04-06
2021-07-11,3,LSMGO,61.18,11.1,266.4,24,715.1446,0.65,Calm,FMS_MARITIME,2026-04-06
2021-07-12,3,MGO,70.2,14.2,340.8,24,641.4401,0.58,Rough,FMS_MARITIME,2026-04-06
2021-07-13,3,LNG,21.27,11.2,268.8,24,246.4092,0.89,Moderate,FMS_MARITIME,2026-04-06
2021-07-14,3,LNG,83.37,9.8,235.2,24,1103.8018,0.93,Moderate,FMS_MARITIME,2026-04-06
2021-07-15,3,LNG,74.82,13.0,312.0,24,746.7612,0.46,Rough,FMS_MARITIME,2026-04-06
2021-07-16,3,MGO,80.16,9.1,218.4,24,1142.9407,0.81,Rough,FMS_MARITIME,2026-04-06
2021-07-17,3,VLSFO,64.83,9.0,216.0,24,934.6325,0.71,Rough,FMS_MARITIME,2026-04-06
2021-07-18,3,VLSFO,39.65,9.3,223.2,24,553.1815,0.99,Moderate,FMS_MARITIME,2026-04-06
2021-07-19,3,MGO,38.02,11.4,273.6,24,432.7276,0.98,Rough,FMS_MARITIME,2026-04-06
2021-07-20,3,LNG,44.1,13.1,314.4,24,436.792,0.46,Rough,FMS_MARITIME,2026-04-06
2021-07-21,3,LSMGO,79.68,12.4,297.6,24,833.7484,0.79,Moderate,FMS_MARITIME,2026-04-06
2021-07-22,3,LNG,74.15,9.4,225.6,24,1023.5066,0.44,Rough,FMS_MARITIME,2026-04-06
2021-07-23,3,MGO,41.17,18.0,432.0,24,296.7671,0.55,Rough,FMS_MARITIME,2026-04-06
2021-07-24,3,HFO,34.93,12.4,297.6,24,365.4974,0.92,Moderate,FMS_MARITIME,2026-04-06
2021-07-25,3,LSMGO,24.56,10.8,259.2,24,295.0611,0.44,Rough,FMS_MARITIME,2026-04-06
2021-07-26,3,LSMGO,55.52,17.1,410.4,24,421.2702,0.56,Calm,FMS_MARITIME,2026-04-06
2021-07-27,3,VLSFO,79.13,16.1,386.4,24,637.7092,0.99,Calm,FMS_MARITIME,2026-04-06
2021-07-28,3,LSMGO,44.4,14.7,352.8,24,391.898,0.44,Moderate,FMS_MARITIME,2026-04-06
2021-07-28,3,MGO,21.43,13.7,328.8,24,202.9593,0.96,Calm,FMS_MARITIME,2026-04-06
2021-07-28,3,LSMGO,69.24,15.4,369.6,24,583.3695,0.74,Rough,FMS_MARITIME,2026-04-06
2021-07-01,4,LSMGO,58.99,16.9,405.6,24,452.8966,0.53,Moderate,FMS_MARITIME,2026-04-06
2021-07-02,4,HFO,37.87,15.5,372.0,24,317.0085,0.61,Calm,FMS_MARITIME,2026-04-06
2021-07-03,4,HFO,70.29,17.4,417.6,24,524.1453,0.74,Moderate,FMS_MARITIME,2026-04-06
2021-07-04,4,LSMGO,24.16,8.8,211.2,24,356.2227,0.48,Moderate,FMS_MARITIME,2026-04-06
2021-07-05,4,LSMGO,76.6,11.6,278.4,24,856.7974,0.62,Calm,FMS_MARITIME,2026-04-06
2021-07-06,4,VLSFO,32.23,8.9,213.6,24,469.8699,0.6,Calm,FMS_MARITIME,2026-04-06
2021-07-07,4,MGO,45.08,17.7,424.8,24,330.4593,0.41,Calm,FMS_MARITIME,2026-04-06
2021-07-08,4,LSMGO,62.74,10.9,261.6,24,746.8362,0.55,Calm,FMS_MARITIME,2026-04-06
2021-07-09,4,LSMGO,38.95,15.7,376.8,24,321.8957,0.67,Moderate,FMS_MARITIME,2026-04-06
2021-07-10,4,MGO,67.06,12.2,292.8,24,713.1996,0.65,Moderate,FMS_MARITIME,2026-04-06
2021-07-11,4,MGO,71.42,13.5,324.0,24,686.4256,0.49,Rough,FMS_MARITIME,2026-04-06
2021-07-12,4,VLSFO,55.83,9.5,228.0,24,762.5203,0.43,Calm,FMS_MARITIME,2026-04-06
2021-07-13,4,LSMGO,48.74,13.0,312.0,24,486.4627,0.96,Calm,FMS_MARITIME,2026-04-06
2021-07-14,4,HFO,56.64,14.6,350.4,24,503.3589,0.94,Calm,FMS_MARITIME,2026-04-06
2021-07-15,4,LSMGO,24.95,11.4,273.6,24,283.9704,0.85,Moderate,FMS_MARITIME,2026-04-06
2021-07-16,4,LNG,58.2,10.8,259.2,24,699.2083,0.58,Moderate,FMS_MARITIME,2026-04-06
2021-07-17,4,VLSFO,65.6,9.5,228.0,24,895.9579,0.6,Moderate,FMS_MARITIME,2026-04-06
2021-07-18,4,MGO,35.33,14.6,350.4,24,313.9772,0.47,Moderate,FMS_MARITIME,2026-04-06
2021-07-19,4,HFO,60.86,9.0,216.0,24,877.3983,0.82,Moderate,FMS_MARITIME,2026-04-06
2021-07-20,4,LNG,51.7,16.7,400.8,24,401.6811,0.42,Rough,FMS_MARITIME,2026-04-06
2021-07-21,4,LSMGO,29.55,14.3,343.2,24,268.1198,0.94,Moderate,FMS_MARITIME,2026-04-06
2021-07-22,4,VLSFO,84.58,11.3,271.2,24,971.173,0.44,Calm,FMS_MARITIME,2026-04-06
2021-07-23,4,MGO,27.3,9.9,237.6,24,357.7955,0.59,Calm,FMS_MARITIME,2026-04-06
2021-07-24,4,VLSFO,70.9,9.4,225.6,24,978.6463,0.89,Rough,FMS_MARITIME,2026-04-06
2021-07-25,4,MGO,63.42,14.3,343.2,24,575.4367,0.82,Moderate,FMS_MARITIME,2026-04-06
2021-07-26,4,VLSFO,53.97,8.0,192.0,24,875.3259,0.85,Rough,FMS_MARITIME,2026-04-06
2021-07-27,4,VLSFO,76.48,13.0,312.0,24,763.3292,0.77,Calm,FMS_MARITIME,2026-04-06
2021-07-28,4,LSMGO,62.46,16.2,388.8,24,500.2583,0.72,Moderate,FMS_MARITIME,2026-04-06
2021-07-28,4,MGO,59.02,13.2,316.8,24,580.1398,0.4,Moderate,FMS_MARITIME,2026-04-06
2021-07-28,4,HFO,20.82,9.0,216.0,24,300.155,0.56,Moderate,FMS_MARITIME,2026-04-06
2021-07-01,5,LSMGO,28.66,14.2,340.8,24,261.8757,0.79,Calm,FMS_MARITIME,2026-04-06
2021-07-02,5,VLSFO,57.11,16.4,393.6,24,451.8306,0.58,Rough,FMS_MARITIME,2026-04-06
2021-07-03,5,MGO,63.38,12.9,309.6,24,637.4849,0.75,Calm,FMS_MARITIME,2026-04-06
2021-07-04,5,MGO,24.07,11.6,278.4,24,269.2313,0.75,Calm,FMS_MARITIME,2026-04-06
2021-07-05,5,HFO,16.85,14.6,350.4,24,149.7457,0.44,Calm,FMS_MARITIME,2026-04-06
2021-07-06,5,LNG,74.18,15.9,381.6,24,605.3368,0.53,Calm,FMS_MARITIME,2026-04-06
2021-07-07,5,MGO,41.89,12.4,297.6,24,438.3248,0.94,Rough,FMS_MARITIME,2026-04-06
2021-07-08,5,VLSFO,44.43,11.6,278.4,24,496.9649,0.88,Rough,FMS_MARITIME,2026-04-06
2021-07-09,5,VLSFO,20.78,16.4,393.6,24,164.4027,0.66,Rough,FMS_MARITIME,2026-04-06
2021-07-10,5,LNG,18.63,15.3,367.2,24,157.9897,0.73,Moderate,FMS_MARITIME,2026-04-06
2021-07-11,5,LNG,75.71,13.8,331.2,24,711.8386,0.92,Rough,FMS_MARITIME,2026-04-06
2021-07-12,5,MGO,83.53,8.9,213.6,24,1217.7548,0.83,Rough,FMS_MARITIME,2026-04-06
2021-07-13,5,LNG,15.61,16.5,396.0,24,122.7514,0.59,Calm,FMS_MARITIME,2026-04-06
2021-07-14,5,MGO,82.61,10.9,261.6,24,983.3622,0.6,Rough,FMS_MARITIME,2026-04-06
2021-07-15,5,LSMGO,55.93,15.8,379.2,24,459.2986,0.79,Moderate,FMS_MARITIME,2026-04-06
2021-07-16,5,HFO,16.08,17.1,410.4,24,122.0105,0.71,Rough,FMS_MARITIME,2026-04-06
2021-07-17,5,HFO,72.64,9.1,218.4,24,1035.7187,0.74,Rough,FMS_MARITIME,2026-04-06
2021-07-18,5,LSMGO,38.44,11.6,278.4,24,429.9647,0.49,Rough,FMS_MARITIME,2026-04-06
2021-07-19,5,MGO,59.69,15.5,372.0,24,499.6631,0.62,Rough,FMS_MARITIME,2026-04-06
2021-07-20,5,LNG,34.66,14.7,352.8,24,305.9276,0.99,Calm,FMS_MARITIME,2026-04-06
2021-07-21,5,HFO,64.53,16.3,391.2,24,513.6667,0.52,Rough,FMS_MARITIME,2026-04-06
2021-07-22,5,MGO,19.68,14.9,357.6,24,171.3745,0.75,Moderate,FMS_MARITIME,2026-04-06
2021-07-23,5,HFO,15.82,14.8,355.2,24,138.6922,0.71,Moderate,FMS_MARITIME,2026-04-06
2021-07-24,5,VLSFO,51.5,15.3,367.2,24,436.7402,0.47,Calm,FMS_MARITIME,2026-04-06
2021-07-25,5,LSMGO,44.92,18.0,432.0,24,323.7983,0.91,Calm,FMS_MARITIME,2026-04-06
2021-07-26,5,LSMGO,84.15,10.7,256.8,24,1020.4171,0.71,Rough,FMS_MARITIME,2026-04-06
2021-07-27,5,VLSFO,77.52,9.5,228.0,24,1058.76,0.89,Calm,FMS_MARITIME,2026-04-06
2021-07-28,5,HFO,69.88,12.3,295.2,24,737.1488,0.62,Rough,FMS_MARITIME,2026-04-06
2021-07-28,5,LNG,64.51,15.9,381.6,24,526.4259,0.67,Calm,FMS_MARITIME,2026-04-06
2021-07-28,5,VLSFO,52.63,14.7,352.8,24,464.5403,0.57,Calm,FMS_MARITIME,2026-04-06
2021-07-01,6,HFO,78.62,14.1,338.4,24,723.4713,0.74,Rough,FMS_MARITIME,2026-04-06
2021-07-02,6,VLSFO,32.18,16.6,398.4,24,251.5274,0.72,Calm,FMS_MARITIME,2026-04-06
2021-07-03,6,VLSFO,53.84,15.6,374.4,24,447.8038,0.9,Moderate,FMS_MARITIME,2026-04-06
2021-07-04,6,LNG,82.74,12.3,295.2,24,872.8061,0.71,Calm,FMS_MARITIME,2026-04-06
2021-07-05,6,LNG,58.89,14.1,338.4,24,541.9133,0.79,Moderate,FMS_MARITIME,2026-04-06
2021-07-06,6,LSMGO,40.43,11.2,268.8,24,468.3743,0.79,Moderate,FMS_MARITIME,2026-04-06
2021-07-07,6,VLSFO,40.13,15.3,367.2,24,340.3181,0.9,Rough,FMS_MARITIME,2026-04-06
2021-07-08,6,HFO,23.47,10.1,242.4,24,301.5082,0.97,Rough,FMS_MARITIME,2026-04-06
2021-07-09,6,LNG,18.42,17.7,424.8,24,135.028,0.76,Calm,FMS_MARITIME,2026-04-06
2021-07-10,6,LSMGO,30.5,13.4,321.6,24,295.3265,0.88,Rough,FMS_MARITIME,2026-04-06
2021-07-11,6,VLSFO,60.19,15.0,360.0,24,520.6435,0.57,Moderate,FMS_MARITIME,2026-04-06
2021-07-12,6,LSMGO,43.9,13.6,326.4,24,418.8254,0.83,Rough,FMS_MARITIME,2026-04-06
2021-07-13,6,VLSFO,76.35,15.8,379.2,24,626.9881,0.5,Calm,FMS_MARITIME,2026-04-06
2021-07-14,6,HFO,72.68,12.5,300.0,24,754.4184,0.93,Calm,FMS_MARITIME,2026-04-06
2021-07-15,6,LNG,61.4,12.3,295.2,24,647.6951,0.76,Moderate,FMS_MARITIME,2026-04-06
2021-07-16,6,LNG,16.59,17.4,417.6,24,123.7099,0.9,Calm,FMS_MARITIME,2026-04-06
2021-07-17,6,LNG,69.12,17.3,415.2,24,518.4,0.73,Calm,FMS_MARITIME,2026-04-06
2021-07-18,6,LNG,57.04,15.5,372.0,24,477.48,0.85,Moderate,FMS_MARITIME,2026-04-06
2021-07-19,6,LSMGO,49.86,11.2,268.8,24,577.6192,0.56,Moderate,FMS_MARITIME,2026-04-06
2021-07-20,6,HFO,70.37,17.8,427.2,24,512.9499,0.74,Moderate,FMS_MARITIME,2026-04-06
2021-07-21,6,HFO,33.62,8.3,199.2,24,525.5657,1.0,Rough,FMS_MARITIME,2026-04-06
2021-07-22,6,LSMGO,33.19,16.9,405.6,24,254.8167,0.87,Moderate,FMS_MARITIME,2026-04-06
2021-07-23,6,HFO,82.5,13.0,312.0,24,823.4135,0.61,Rough,FMS_MARITIME,2026-04-06
2021-07-24,6,LSMGO,41.68,10.5,252.0,24,515.0457,0.51,Rough,FMS_MARITIME,2026-04-06
2021-07-25,6,LNG,36.76,15.1,362.4,24,315.8682,0.99,Rough,FMS_MARITIME,2026-04-06
2021-07-26,6,HFO,37.52,8.2,196.8,24,593.6854,0.85,Moderate,FMS_MARITIME,2026-04-06
2021-07-27,6,LSMGO,57.63,11.7,280.8,24,639.1019,0.83,Rough,FMS_MARITIME,2026-04-06
2021-07-28,6,HFO,24.89,13.4,321.6,24,241.0058,0.99,Moderate,FMS_MARITIME,2026-04-06
2021-07-28,6,LNG,27.41,9.1,218.4,24,390.8184,0.96,Calm,FMS_MARITIME,2026-04-06
2021-07-28,6,MGO,84.27,10.4,249.6,24,1051.3493,0.66,Moderate,FMS_MARITIME,2026-04-06
2021-07-01,7,LSMGO,43.07,13.5,324.0,24,413.9506,0.5,Moderate,FMS_MARITIME,2026-04-06
2021-07-02,7,LSMGO,51.35,13.7,328.8,24,486.3257,0.59,Moderate,FMS_MARITIME,2026-04-06
2021-07-03,7,HFO,74.8,10.6,254.4,24,915.5943,0.5,Calm,FMS_MARITIME,2026-04-06
2021-07-04,7,VLSFO,34.77,10.0,240.0,24,451.1408,0.77,Moderate,FMS_MARITIME,2026-04-06
2021-07-05,7,LNG,71.01,8.5,204.0,24,1083.9468,0.46,Moderate,FMS_MARITIME,2026-04-06
2021-07-06,7,LNG,74.81,15.8,379.2,24,614.3416,0.68,Calm,FMS_MARITIME,2026-04-06
2021-07-07,7,HFO,19.78,17.6,422.4,24,145.8213,0.43,Moderate,FMS_MARITIME,2026-04-06
2021-07-08,7,HFO,62.21,12.2,292.8,24,661.6186,0.82,Rough,FMS_MARITIME,2026-04-06
2021-07-09,7,HFO,72.33,12.5,300.0,24,750.7854,0.81,Calm,FMS_MARITIME,2026-04-06
2021-07-10,7,MGO,21.63,10.9,261.6,24,257.4764,0.45,Rough,FMS_MARITIME,2026-04-06
2021-07-11,7,MGO,41.34,15.3,367.2,24,350.5794,0.86,Calm,FMS_MARITIME,2026-04-06
2021-07-12,7,LNG,46.78,14.4,345.6,24,421.5073,0.73,Rough,FMS_MARITIME,2026-04-06
2021-07-13,7,VLSFO,28.07,15.9,381.6,24,229.0618,0.93,Moderate,FMS_MARITIME,2026-04-06
2021-07-14,7,VLSFO,66.3,15.9,381.6,24,541.033,0.48,Calm,FMS_MARITIME,2026-04-06
2021-07-15,7,VLSFO,53.8,10.9,261.6,24,640.4174,0.58,Calm,FMS_MARITIME,2026-04-06
2021-07-16,7,MGO,21.83,13.7,328.8,24,206.7476,0.87,Rough,FMS_MARITIME,2026-04-06
2021-07-17,7,LNG,35.26,17.2,412.8,24,265.9875,0.43,Moderate,FMS_MARITIME,2026-04-06
2021-07-18,7,VLSFO,78.56,9.1,218.4,24,1120.1275,0.76,Moderate,FMS_MARITIME,2026-04-06
2021-07-19,7,LSMGO,52.65,12.5,300.0,24,546.507,0.79,Moderate,FMS_MARITIME,2026-04-06
2021-07-20,7,HFO,16.09,12.8,307.2,24,163.0998,0.68,Moderate,FMS_MARITIME,2026-04-06
2021-07-21,7,LNG,63.89,17.7,424.8,24,468.3462,0.96,Rough,FMS_MARITIME,2026-04-06
2021-07-22,7,LSMGO,26.67,12.7,304.8,24,272.475,0.84,Rough,FMS_MARITIME,2026-04-06
2021-07-23,7,VLSFO,31.99,14.7,352.8,24,282.3607,0.86,Moderate,FMS_MARITIME,2026-04-06
2021-07-24,7,HFO,61.58,16.1,386.4,24,496.2736,0.42,Moderate,FMS_MARITIME,2026-04-06
2021-07-25,7,VLSFO,50.91,13.7,328.8,24,482.1586,0.9,Rough,FMS_MARITIME,2026-04-06
2021-07-26,7,VLSFO,16.31,15.3,367.2,24,138.3152,0.97,Moderate,FMS_MARITIME,2026-04-06
2021-07-27,7,MGO,25.46,12.4,297.6,24,266.406,0.84,Calm,FMS_MARITIME,2026-04-06
2021-07-28,7,LSMGO,82.91,15.7,376.8,24,685.1957,0.94,Calm,FMS_MARITIME,2026-04-06
2021-07-28,7,LNG,70.88,17.1,410.4,24,537.8175,0.67,Rough,FMS_MARITIME,2026-04-06
2021-07-28,7,VLSFO,32.12,16.4,393.6,24,254.1201,0.81,Rough,FMS_MARITIME,2026-04-06
2021-07-01,8,LNG,51.28,15.4,369.6,24,432.0506,0.7,Calm,FMS_MARITIME,2026-04-06
2021-07-02,8,LNG,60.35,10.5,252.0,24,745.7536,0.64,Rough,FMS_MARITIME,2026-04-06
2021-07-03,8,VLSFO,43.34,12.2,292.8,24,460.9316,0.52,Moderate,FMS_MARITIME,2026-04-06
2021-07-04,8,HFO,54.51,14.5,348.0,24,487.7705,0.66,Rough,FMS_MARITIME,2026-04-06
2021-07-05,8,LSMGO,21.95,8.0,192.0,24,356.0016,0.45,Rough,FMS_MARITIME,2026-04-06
2021-07-06,8,MGO,72.18,11.9,285.6,24,787.0046,0.97,Rough,FMS_MARITIME,2026-04-06
2021-07-07,8,LNG,30.86,10.4,249.6,24,385.0082,0.63,Calm,FMS_MARITIME,2026-04-06
2021-07-08,8,LSMGO,28.24,15.6,374.4,24,234.8808,0.63,Rough,FMS_MARITIME,2026-04-06
2021-07-09,8,HFO,28.1,14.0,336.0,24,260.4268,0.83,Rough,FMS_MARITIME,2026-04-06
2021-07-10,8,LSMGO,56.35,10.5,252.0,24,696.325,0.64,Rough,FMS_MARITIME,2026-04-06
2021-07-11,8,LSMGO,80.49,13.0,312.0,24,803.3521,0.65,Calm,FMS_MARITIME,2026-04-06
2021-07-12,8,VLSFO,70.55,17.3,415.2,24,529.125,0.72,Calm,FMS_MARITIME,2026-04-06
2021-07-13,8,HFO,84.53,15.6,374.4,24,703.062,0.86,Moderate,FMS_MARITIME,2026-04-06
2021-07-14,8,LSMGO,37.55,14.1,338.4,24,345.5399,0.56,Calm,FMS_MARITIME,2026-04-06
2021-07-15,8,MGO,48.09,12.4,297.6,24,503.1998,0.92,Rough,FMS_MARITIME,2026-04-06
2021-07-16,8,MGO,35.46,11.5,276.0,24,400.0813,0.95,Moderate,FMS_MARITIME,2026-04-06
2021-07-17,8,VLSFO,21.7,17.7,424.8,24,159.072,0.95,Calm,FMS_MARITIME,2026-04-06
2021-07-18,8,LSMGO,47.03,13.4,321.6,24,455.3838,0.43,Moderate,FMS_MARITIME,2026-04-06
2021-07-19,8,MGO,83.74,14.6,350.4,24,744.1962,0.59,Rough,FMS_MARITIME,2026-04-06
2021-07-20,8,HFO,45.18,9.2,220.8,24,637.1853,0.87,Calm,FMS_MARITIME,2026-04-06
2021-07-21,8,VLSFO,60.85,10.4,249.6,24,759.1623,0.53,Moderate,FMS_MARITIME,2026-04-06
2021-07-22,8,VLSFO,63.81,17.3,415.2,24,478.575,0.42,Rough,FMS_MARITIME,2026-04-06
2021-07-23,8,MGO,79.11,13.2,316.8,24,777.6153,0.93,Rough,FMS_MARITIME,2026-04-06
2021-07-24,8,LSMGO,74.22,14.8,355.2,24,650.6787,0.49,Rough,FMS_MARITIME,2026-04-06
2021-07-25,8,VLSFO,36.93,10.2,244.8,24,469.7713,0.99,Calm,FMS_MARITIME,2026-04-06
2021-07-26,8,LNG,74.78,15.9,381.6,24,610.233,0.47,Calm,FMS_MARITIME,2026-04-06
2021-07-27,8,LNG,29.65,12.6,302.4,24,305.3244,0.41,Calm,FMS_MARITIME,2026-04-06
2021-07-28,8,LNG,21.96,14.7,352.8,24,193.8306,0.96,Calm,FMS_MARITIME,2026-04-06
2021-07-28,8,VLSFO,25.61,12.7,304.8,24,261.6455,0.91,Calm,FMS_MARITIME,2026-04-06
2021-07-28,8,LNG,55.61,15.8,379.2,24,456.6707,0.92,Moderate,FMS_MARITIME,2026-04-06
2021-07-01,9,LNG,44.54,14.1,338.4,24,409.8628,0.45,Calm,FMS_MARITIME,2026-04-06
2021-07-02,9,HFO,36.91,9.2,220.8,24,520.5514,0.42,Rough,FMS_MARITIME,2026-04-06
2021-07-03,9,HFO,25.46,10.9,261.6,24,303.0674,0.92,Moderate,FMS_MARITIME,2026-04-06
2021-07-04,9,LSMGO,33.14,16.3,391.2,24,263.7985,0.71,Moderate,FMS_MARITIME,2026-04-06
2021-07-05,9,MGO,77.06,9.5,228.0,24,1052.4774,0.54,Rough,FMS_MARITIME,2026-04-06
2021-07-06,9,LNG,53.78,17.5,420.0,24,398.7403,0.97,Rough,FMS_MARITIME,2026-04-06
2021-07-07,9,VLSFO,17.43,8.2,196.8,24,275.7979,0.6,Rough,FMS_MARITIME,2026-04-06
2021-07-08,9,VLSFO,18.74,17.4,417.6,24,139.7422,0.71,Rough,FMS_MARITIME,2026-04-06
2021-07-09,9,LNG,75.8,8.7,208.8,24,1130.4655,0.4,Calm,FMS_MARITIME,2026-04-06
2021-07-10,9,HFO,83.06,10.0,240.0,24,1077.7035,0.86,Rough,FMS_MARITIME,2026-04-06
2021-07-11,9,HFO,78.32,17.0,408.0,24,597.7659,0.76,Calm,FMS_MARITIME,2026-04-06
2021-07-12,9,LSMGO,82.46,14.2,340.8,24,753.4637,0.65,Rough,FMS_MARITIME,2026-04-06
2021-07-13,9,LNG,30.32,14.7,352.8,24,267.6204,0.76,Calm,FMS_MARITIME,2026-04-06
2021-07-14,9,MGO,27.03,15.8,379.2,24,221.971,0.72,Moderate,FMS_MARITIME,2026-04-06
2021-07-15,9,VLSFO,28.59,9.6,230.4,24,386.4117,0.62,Moderate,FMS_MARITIME,2026-04-06
2021-07-16,9,VLSFO,81.55,8.3,199.2,24,1274.8328,0.44,Moderate,FMS_MARITIME,2026-04-06
2021-07-17,9,MGO,56.87,8.1,194.4,24,910.9731,0.98,Moderate,FMS_MARITIME,2026-04-06
2021-07-18,9,LSMGO,62.9,9.1,218.4,24,896.8434,0.59,Calm,FMS_MARITIME,2026-04-06
2021-07-19,9,VLSFO,44.16,10.6,254.4,24,540.5434,0.48,Calm,FMS_MARITIME,2026-04-06
2021-07-20,9,LSMGO,57.72,12.1,290.4,24,618.9397,0.9,Rough,FMS_MARITIME,2026-04-06
2021-07-21,9,HFO,47.99,8.6,206.4,24,724.0352,0.48,Rough,FMS_MARITIME,2026-04-06
2021-07-22,9,HFO,42.09,16.5,396.0,24,330.9805,0.56,Rough,FMS_MARITIME,2026-04-06
2021-07-23,9,LSMGO,67.91,11.8,283.2,24,746.7222,0.65,Rough,FMS_MARITIME,2026-04-06
2021-07-24,9,HFO,63.92,11.5,276.0,24,721.1843,0.96,Rough,FMS_MARITIME,2026-04-06
2021-07-25,9,VLSFO,42.85,11.8,283.2,24,471.1684,0.86,Rough,FMS_MARITIME,2026-04-06
2021-07-26,9,LSMGO,22.44,10.4,249.6,24,279.9606,0.69,Moderate,FMS_MARITIME,2026-04-06
2021-07-27,9,VLSFO,57.18,13.0,312.0,24,570.7004,0.72,Moderate,FMS_MARITIME,2026-04-06
2021-07-28,9,MGO,18.93,12.9,309.6,24,190.4006,0.93,Moderate,FMS_MARITIME,2026-04-06
2021-07-28,9,VLSFO,16.8,9.3,223.2,24,234.3871,0.65,Rough,FMS_MARITIME,2026-04-06
2021-07-28,9,VLSFO,44.57,15.1,362.4,24,382.9773,0.65,Calm,FMS_MARITIME,2026-04-06
2021-07-01,10,VLSFO,34.54,16.8,403.2,24,266.7598,0.89,Calm,FMS_MARITIME,2026-04-06
2021-07-02,10,MGO,44.65,16.4,393.6,24,353.2523,0.78,Moderate,FMS_MARITIME,2026-04-06
2021-07-03,10,MGO,35.25,12.7,304.8,24,360.1329,0.96,Rough,FMS_MARITIME,2026-04-06
2021-07-04,10,LNG,65.98,9.2,220.8,24,930.5332,0.51,Rough,FMS_MARITIME,2026-04-06
2021-07-05,10,VLSFO,33.31,17.6,422.4,24,245.5666,0.91,Calm,FMS_MARITIME,2026-04-06
2021-07-06,10,MGO,18.45,13.8,331.2,24,173.4701,0.73,Calm,FMS_MARITIME,2026-04-06
2021-07-07,10,HFO,25.84,9.6,230.4,24,349.2437,0.87,Calm,FMS_MARITIME,2026-04-06
2021-07-08,10,LSMGO,26.52,10.3,247.2,24,334.0748,0.59,Rough,FMS_MARITIME,2026-04-06
2021-07-09,10,VLSFO,42.23,8.4,201.6,24,652.3027,0.95,Calm,FMS_MARITIME,2026-04-06
2021-07-10,10,VLSFO,62.22,17.7,424.8,24,456.1042,0.96,Calm,FMS_MARITIME,2026-04-06
2021-07-11,10,LNG,52.42,9.1,218.4,24,747.417,0.9,Moderate,FMS_MARITIME,2026-04-06
2021-07-12,10,VLSFO,63.6,12.8,307.2,24,644.6953,0.96,Calm,FMS_MARITIME,2026-04-06
2021-07-13,10,LSMGO,41.37,10.9,261.6,24,492.4548,0.91,Rough,FMS_MARITIME,2026-04-06
2021-07-14,10,MGO,61.62,13.6,326.4,24,587.882,0.85,Rough,FMS_MARITIME,2026-04-06
2021-07-15,10,LSMGO,18.49,9.2,220.8,24,260.7693,0.99,Calm,FMS_MARITIME,2026-04-06
2021-07-16,10,VLSFO,75.13,16.8,403.2,24,580.2451,0.96,Rough,FMS_MARITIME,2026-04-06
2021-07-17,10,MGO,22.27,16.1,386.4,24,179.4741,0.88,Rough,FMS_MARITIME,2026-04-06
2021-07-18,10,LSMGO,84.98,12.5,300.0,24,882.0924,0.93,Rough,FMS_MARITIME,2026-04-06
2021-07-19,10,HFO,81.51,15.1,362.4,24,700.3922,0.46,Rough,FMS_MARITIME,2026-04-06
2021-07-20,10,LSMGO,62.02,16.4,393.6,24,490.6765,0.47,Rough,FMS_MARITIME,2026-04-06
2021-07-21,10,LNG,26.38,9.8,235.2,24,349.2658,0.65,Moderate,FMS_MARITIME,2026-04-06
2021-07-22,10,HFO,43.73,9.0,216.0,24,630.4408,0.74,Moderate,FMS_MARITIME,2026-04-06
2021-07-23,10,LNG,76.17,9.8,235.2,24,1008.4753,0.79,Rough,FMS_MARITIME,2026-04-06
2021-07-24,10,LSMGO,17.79,14.9,357.6,24,154.9163,0.93,Calm,FMS_MARITIME,2026-04-06
2021-07-25,10,HFO,78.95,10.2,244.8,24,1004.2904,0.78,Moderate,FMS_MARITIME,2026-04-06
2021-07-26,10,LNG,18.86,13.0,312.0,24,188.2373,0.79,Moderate,FMS_MARITIME,2026-04-06
2021-07-27,10,HFO,71.66,14.3,343.2,24,650.2017,0.55,Moderate,FMS_MARITIME,2026-04-06
2021-07-28,10,MGO,31.58,8.2,196.8,24,499.6957,0.9,Rough,FMS_MARITIME,2026-04-06
2021-07-28,10,MGO,36.46,10.3,247.2,24,459.2898,0.8,Moderate,FMS_MARITIME,2026-04-06
2021-07-28,10,HFO,83.16,9.7,232.8,24,1112.3722,0.52,Rough,FMS_MARITIME,2026-04-06
2021-07-01,11,LSMGO,60.74,18.0,432.0,24,437.8342,0.59,Calm,FMS_MARITIME,2026-04-06
2021-07-02,11,VLSFO,47.69,14.4,345.6,24,429.7068,0.51,Calm,FMS_MARITIME,2026-04-06
2021-07-03,11,VLSFO,69.45,15.0,360.0,24,600.7425,0.48,Rough,FMS_MARITIME,2026-04-06
2021-07-04,11,VLSFO,55.61,13.9,333.6,24,519.0933,0.85,Rough,FMS_MARITIME,2026-04-06
2021-07-05,11,LSMGO,52.62,10.0,240.0,24,682.7445,0.59,Rough,FMS_MARITIME,2026-04-06
2021-07-06,11,HFO,82.42,14.4,345.6,24,742.6385,0.98,Rough,FMS_MARITIME,2026-04-06
2021-07-07,11,VLSFO,22.73,10.0,240.0,24,294.9218,0.71,Moderate,FMS_MARITIME,2026-04-06
2021-07-08,11,LNG,56.33,10.8,259.2,24,676.7424,0.43,Rough,FMS_MARITIME,2026-04-06
2021-07-09,11,HFO,43.83,15.2,364.8,24,374.141,0.74,Calm,FMS_MARITIME,2026-04-06
2021-07-10,11,LNG,46.76,12.0,288.0,24,505.5925,0.95,Calm,FMS_MARITIME,2026-04-06
2021-07-11,11,LSMGO,67.28,17.7,424.8,24,493.1966,0.72,Rough,FMS_MARITIME,2026-04-06
2021-07-12,11,LSMGO,45.67,14.4,345.6,24,411.5057,0.76,Moderate,FMS_MARITIME,2026-04-06
2021-07-13,11,HFO,58.12,8.2,196.8,24,919.6427,0.63,Moderate,FMS_MARITIME,2026-04-06
2021-07-14,11,VLSFO,22.66,17.8,427.2,24,165.1761,0.56,Calm,FMS_MARITIME,2026-04-06
2021-07-15,11,VLSFO,52.86,11.4,273.6,24,601.6303,0.49,Calm,FMS_MARITIME,2026-04-06
2021-07-16,11,LNG,65.95,17.2,412.8,24,497.5007,0.6,Calm,FMS_MARITIME,2026-04-06
2021-07-17,11,LSMGO,19.83,8.6,206.4,24,299.1794,0.79,Rough,FMS_MARITIME,2026-04-06
2021-07-18,11,HFO,51.97,9.7,232.8,24,695.1657,0.96,Moderate,FMS_MARITIME,2026-04-06
2021-07-19,11,LNG,45.24,12.3,295.2,24,477.2268,0.96,Calm,FMS_MARITIME,2026-04-06
2021-07-20,11,LSMGO,80.21,16.7,400.8,24,623.1885,0.84,Moderate,FMS_MARITIME,2026-04-06
2021-07-21,11,LSMGO,57.66,12.9,309.6,24,579.9523,0.9,Calm,FMS_MARITIME,2026-04-06
2021-07-22,11,VLSFO,23.96,12.7,304.8,24,244.7882,0.54,Rough,FMS_MARITIME,2026-04-06
2021-07-23,11,MGO,22.47,17.6,422.4,24,165.6524,0.54,Rough,FMS_MARITIME,2026-04-06
2021-07-24,11,LSMGO,74.12,8.4,201.6,24,1144.8893,0.83,Calm,FMS_MARITIME,2026-04-06
2021-07-25,11,LSMGO,31.35,8.0,192.0,24,508.4578,0.81,Moderate,FMS_MARITIME,2026-04-06
2021-07-26,11,LSMGO,72.67,13.0,312.0,24,725.3025,0.72,Moderate,FMS_MARITIME,2026-04-06
2021-07-27,11,LSMGO,23.63,16.7,400.8,24,183.5924,0.64,Moderate,FMS_MARITIME,2026-04-06
2021-07-28,11,LNG,70.98,10.3,247.2,24,894.1413,0.46,Calm,FMS_MARITIME,2026-04-06
2021-07-28,11,HFO,76.6,8.3,199.2,24,1197.4518,0.75,Moderate,FMS_MARITIME,2026-04-06
2021-07-28,11,HFO,19.52,8.1,194.4,24,312.6815,0.54,Rough,FMS_MARITIME,2026-04-06
2021-07-01,12,MGO,23.28,15.6,374.4,24,193.6269,0.99,Calm,FMS_MARITIME,2026-04-06
2021-07-02,12,LSMGO,18.28,11.9,285.6,24,199.3134,0.75,Calm,FMS_MARITIME,2026-04-06
2021-07-03,12,LSMGO,81.11,13.2,316.8,24,797.2744,0.52,Rough,FMS_MARITIME,2026-04-06
2021-07-04,12,HFO,53.59,16.8,403.2,24,413.8871,0.94,Moderate,FMS_MARITIME,2026-04-06
2021-07-05,12,VLSFO,40.88,11.6,278.4,24,457.2569,0.63,Rough,FMS_MARITIME,2026-04-06
2021-07-06,12,MGO,77.35,15.0,360.0,24,669.0775,0.88,Calm,FMS_MARITIME,2026-04-06
2021-07-07,12,HFO,19.59,11.9,285.6,24,213.5968,0.74,Calm,FMS_MARITIME,2026-04-06
2021-07-08,12,LNG,69.24,8.2,196.8,24,1095.5963,0.63,Calm,FMS_MARITIME,2026-04-06
2021-07-09,12,LSMGO,52.02,14.7,352.8,24,459.1561,0.57,Rough,FMS_MARITIME,2026-04-06
2021-07-10,12,LNG,79.98,12.2,292.8,24,850.607,0.98,Moderate,FMS_MARITIME,2026-04-06
2021-07-11,12,MGO,60.87,17.7,424.8,24,446.2081,0.48,Moderate,FMS_MARITIME,2026-04-06
2021-07-12,12,LNG,34.3,11.8,283.2,24,377.1547,0.69,Moderate,FMS_MARITIME,2026-04-06
2021-07-13,12,MGO,53.36,14.3,343.2,24,484.158,0.77,Moderate,FMS_MARITIME,2026-04-06
2021-07-14,12,LNG,50.61,11.1,266.4,24,591.5899,0.56,Moderate,FMS_MARITIME,2026-04-06
2021-07-15,12,HFO,51.1,16.9,405.6,24,392.321,0.42,Calm,FMS_MARITIME,2026-04-06
2021-07-16,12,MGO,80.38,11.8,283.2,24,883.8394,0.95,Rough,FMS_MARITIME,2026-04-06
2021-07-17,12,MGO,64.18,12.3,295.2,24,677.0207,0.75,Calm,FMS_MARITIME,2026-04-06
2021-07-18,12,MGO,80.12,8.4,201.6,24,1237.5679,0.62,Calm,FMS_MARITIME,2026-04-06
2021-07-19,12,LSMGO,59.82,14.5,348.0,24,535.2859,0.99,Calm,FMS_MARITIME,2026-04-06
2021-07-20,12,MGO,80.19,12.3,295.2,24,845.9067,0.48,Rough,FMS_MARITIME,2026-04-06
2021-07-21,12,LNG,77.3,8.9,213.6,24,1126.9298,0.91,Rough,FMS_MARITIME,2026-04-06
2021-07-22,12,LNG,59.67,16.0,384.0,24,483.8864,0.81,Calm,FMS_MARITIME,2026-04-06
2021-07-23,12,LSMGO,16.82,13.7,328.8,24,159.2989,0.45,Moderate,FMS_MARITIME,2026-04-06
2021-07-24,12,MGO,24.61,10.9,261.6,24,292.9493,0.52,Rough,FMS_MARITIME,2026-04-06
2021-07-25,12,MGO,59.53,15.1,362.4,24,511.5243,0.78,Moderate,FMS_MARITIME,2026-04-06
2021-07-26,12,MGO,57.8,16.1,386.4,24,465.8106,0.63,Calm,FMS_MARITIME,2026-04-06
2021-07-27,12,LNG,81.07,16.8,403.2,24,626.121,0.74,Calm,FMS_MARITIME,2026-04-06
2021-07-28,12,MGO,20.87,14.5,348.0,24,186.7505,0.74,Rough,FMS_MARITIME,2026-04-06
2021-07-28,12,MGO,21.12,12.6,302.4,24,217.4857,0.64,Calm,FMS_MARITIME,2026-04-06
2021-07-28,12,LSMGO,65.56,11.8,283.2,24,720.8822,0.79,Calm,FMS_MARITIME,2026-04-06
2021-07-01,13,MGO,17.54,14.1,338.4,24,161.4053,0.56,Rough,FMS_MARITIME,2026-04-06
2021-07-02,13,LSMGO,27.64,12.6,302.4,24,284.6262,0.71,Rough,FMS_MARITIME,2026-04-06
2021-07-03,13,VLSFO,59.37,8.3,199.2,24,928.1033,0.93,Moderate,FMS_MARITIME,2026-04-06
2021-07-04,13,VLSFO,37.31,17.1,410.4,24,283.0978,0.63,Moderate,FMS_MARITIME,2026-04-06
2021-07-05,13,MGO,15.62,9.6,230.4,24,211.1141,0.56,Moderate,FMS_MARITIME,2026-04-06
2021-07-06,13,HFO,65.83,8.6,206.4,24,993.191,0.44,Rough,FMS_MARITIME,2026-04-06
2021-07-07,13,VLSFO,75.9,12.0,288.0,24,820.6687,0.95,Moderate,FMS_MARITIME,2026-04-06
2021-07-08,13,VLSFO,62.9,12.3,295.2,24,663.5183,0.58,Moderate,FMS_MARITIME,2026-04-06
2021-07-09,13,LNG,41.78,10.1,242.4,24,536.7282,0.63,Moderate,FMS_MARITIME,2026-04-06
2021-07-10,13,LNG,17.51,16.0,384.0,24,141.9952,0.68,Rough,FMS_MARITIME,2026-04-06
2021-07-11,13,LSMGO,56.96,16.8,403.2,24,439.9143,0.54,Rough,FMS_MARITIME,2026-04-06
2021-07-12,13,MGO,22.22,8.8,211.2,24,327.6187,0.95,Moderate,FMS_MARITIME,2026-04-06
2021-07-13,13,LSMGO,51.76,15.7,376.8,24,427.7618,0.99,Moderate,FMS_MARITIME,2026-04-06
2021-07-14,13,MGO,38.78,11.4,273.6,24,441.3776,0.87,Moderate,FMS_MARITIME,2026-04-06
2021-07-15,13,LNG,66.48,11.8,283.2,24,730.9983,0.52,Calm,FMS_MARITIME,2026-04-06
2021-07-16,13,VLSFO,26.71,10.3,247.2,24,336.4682,0.83,Calm,FMS_MARITIME,2026-04-06
2021-07-17,13,LSMGO,53.55,13.9,333.6,24,499.8642,0.59,Rough,FMS_MARITIME,2026-04-06
2021-07-18,13,VLSFO,27.63,9.2,220.8,24,389.6731,0.81,Moderate,FMS_MARITIME,2026-04-06
2021-07-19,13,LSMGO,45.71,11.4,273.6,24,520.252,0.87,Calm,FMS_MARITIME,2026-04-06
2021-07-20,13,VLSFO,73.84,15.8,379.2,24,606.3759,0.93,Moderate,FMS_MARITIME,2026-04-06
2021-07-21,13,VLSFO,52.76,16.7,400.8,24,409.9168,0.58,Rough,FMS_MARITIME,2026-04-06
2021-07-22,13,HFO,84.73,10.6,254.4,24,1037.1432,0.91,Moderate,FMS_MARITIME,2026-04-06
2021-07-23,13,HFO,65.52,12.2,292.8,24,696.8213,0.92,Moderate,FMS_MARITIME,2026-04-06
2021-07-24,13,HFO,70.08,9.7,232.8,24,937.4103,0.86,Moderate,FMS_MARITIME,2026-04-06
2021-07-25,13,LSMGO,69.94,13.4,321.6,24,677.2175,0.92,Calm,FMS_MARITIME,2026-04-06
2021-07-26,13,LNG,27.06,15.1,362.4,24,232.5189,0.65,Rough,FMS_MARITIME,2026-04-06
2021-07-27,13,HFO,19.99,11.3,271.2,24,229.5312,0.71,Calm,FMS_MARITIME,2026-04-06
2021-07-28,13,LSMGO,59.99,16.7,400.8,24,466.09,0.72,Rough,FMS_MARITIME,2026-04-06
2021-07-28,13,MGO,42.7,9.4,225.6,24,589.3963,0.74,Rough,FMS_MARITIME,2026-04-06
2021-07-28,13,LSMGO,43.75,12.0,288.0,24,473.0469,0.85,Rough,FMS_MARITIME,2026-04-06
2021-07-01,14,HFO,28.56,13.7,328.8,24,270.4861,0.47,Calm,FMS_MARITIME,2026-04-06
2021-07-02,14,LNG,47.38,17.2,412.8,24,357.416,0.62,Moderate,FMS_MARITIME,2026-04-06
2021-07-03,14,VLSFO,34.0,14.9,357.6,24,296.0738,0.96,Rough,FMS_MARITIME,2026-04-06
2021-07-04,14,MGO,77.82,8.4,201.6,24,1202.0411,0.71,Rough,FMS_MARITIME,2026-04-06
2021-07-05,14,VLSFO,57.65,15.5,372.0,24,482.5863,0.94,Calm,FMS_MARITIME,2026-04-06
2021-07-06,14,LNG,41.07,9.8,235.2,24,543.7584,0.86,Rough,FMS_MARITIME,2026-04-06
2021-07-07,14,MGO,46.9,16.4,393.6,24,371.0534,0.66,Rough,FMS_MARITIME,2026-04-06
2021-07-08,14,VLSFO,68.14,11.9,285.6,24,742.955,0.7,Rough,FMS_MARITIME,2026-04-06
2021-07-09,14,LSMGO,69.47,14.9,357.6,24,604.9485,0.95,Rough,FMS_MARITIME,2026-04-06
2021-07-10,14,MGO,35.05,17.5,420.0,24,259.8707,0.65,Moderate,FMS_MARITIME,2026-04-06
2021-07-11,14,LNG,65.8,8.3,199.2,24,1028.6205,0.57,Moderate,FMS_MARITIME,2026-04-06
2021-07-12,14,LSMGO,79.95,13.7,328.8,24,757.1907,0.63,Rough,FMS_MARITIME,2026-04-06
2021-07-13,14,VLSFO,59.87,8.3,199.2,24,935.9196,0.72,Rough,FMS_MARITIME,2026-04-06
2021-07-14,14,LSMGO,71.08,9.3,223.2,24,991.6806,0.4,Rough,FMS_MARITIME,2026-04-06
2021-07-15,14,LNG,51.06,15.2,364.8,24,435.8576,0.79,Calm,FMS_MARITIME,2026-04-06
2021-07-16,14,VLSFO,73.48,16.7,400.8,24,570.9,0.71,Moderate,FMS_MARITIME,2026-04-06
2021-07-17,14,VLSFO,83.28,10.5,252.0,24,1029.1029,0.76,Rough,FMS_MARITIME,2026-04-06
2021-07-18,14,LNG,32.73,12.2,292.8,24,348.0916,0.81,Moderate,FMS_MARITIME,2026-04-06
2021-07-19,14,LNG,60.29,8.1,194.4,24,965.7565,0.74,Calm,FMS_MARITIME,2026-04-06
2021-07-20,14,LNG,46.38,17.3,415.2,24,347.85,0.61,Rough,FMS_MARITIME,2026-04-06
2021-07-21,14,LNG,22.85,13.0,312.0,24,228.0606,0.44,Rough,FMS_MARITIME,2026-04-06
2021-07-22,14,MGO,43.37,15.6,374.4,24,360.7216,0.79,Rough,FMS_MARITIME,2026-04-06
2021-07-23,14,HFO,39.36,13.9,333.6,24,367.4072,0.8,Moderate,FMS_MARITIME,2026-04-06
2021-07-24,14,LSMGO,51.14,13.6,326.4,24,487.8982,0.7,Rough,FMS_MARITIME,2026-04-06
2021-07-25,14,MGO,53.81,14.6,350.4,24,478.2087,0.61,Rough,FMS_MARITIME,2026-04-06
2021-07-26,14,MGO,38.13,14.7,352.8,24,336.5556,0.6,Rough,FMS_MARITIME,2026-04-06
2021-07-27,14,MGO,82.09,15.4,369.6,24,691.6349,0.75,Rough,FMS_MARITIME,2026-04-06
2021-07-28,14,LNG,34.84,10.8,259.2,24,418.5639,0.7,Rough,FMS_MARITIME,2026-04-06
2021-07-28,14,HFO,77.29,13.3,319.2,24,754.0133,0.45,Rough,FMS_MARITIME,2026-04-06
2021-07-28,14,LSMGO,67.07,15.1,362.4,24,576.3134,0.64,Moderate,FMS_MARITIME,2026-04-06
2021-07-01,15,LSMGO,35.69,14.7,352.8,24,315.0189,0.88,Rough,FMS_MARITIME,2026-04-06
2021-07-02,15,LNG,52.01,9.0,216.0,24,749.8108,0.64,Calm,FMS_MARITIME,2026-04-06
2021-07-03,15,MGO,30.6,13.5,324.0,24,294.1,0.97,Rough,FMS_MARITIME,2026-04-06
2021-07-04,15,HFO,44.12,12.4,297.6,24,461.6589,0.73,Rough,FMS_MARITIME,2026-04-06
2021-07-05,15,HFO,80.74,8.4,201.6,24,1247.1446,0.97,Calm,FMS_MARITIME,2026-04-06
2021-07-06,15,HFO,77.45,12.9,309.6,24,779.0029,0.85,Moderate,FMS_MARITIME,2026-04-06
2021-07-07,15,HFO,36.03,17.4,417.6,24,268.672,0.48,Moderate,FMS_MARITIME,2026-04-06
2021-07-08,15,LSMGO,65.28,15.8,379.2,24,536.081,0.88,Calm,FMS_MARITIME,2026-04-06
2021-07-09,15,LNG,73.42,8.5,204.0,24,1120.7347,0.44,Calm,FMS_MARITIME,2026-04-06
2021-07-10,15,HFO,17.84,12.5,300.0,24,185.1792,0.59,Moderate,FMS_MARITIME,2026-04-06
2021-07-11,15,MGO,64.19,17.8,427.2,24,467.9018,0.49,Moderate,FMS_MARITIME,2026-04-06
2021-07-12,15,LNG,58.91,10.1,242.4,24,756.7894,0.98,Calm,FMS_MARITIME,2026-04-06
2021-07-13,15,LSMGO,16.76,10.2,244.8,24,213.1971,0.9,Moderate,FMS_MARITIME,2026-04-06
2021-07-14,15,MGO,55.88,15.8,379.2,24,458.888,0.85,Calm,FMS_MARITIME,2026-04-06
2021-07-15,15,LSMGO,76.6,8.1,194.4,24,1227.0185,0.56,Moderate,FMS_MARITIME,2026-04-06
2021-07-16,15,LSMGO,22.69,8.1,194.4,24,363.4602,0.63,Moderate,FMS_MARITIME,2026-04-06
2021-07-17,15,LNG,84.38,17.8,427.2,24,615.0733,0.8,Calm,FMS_MARITIME,2026-04-06
2021-07-18,15,LNG,60.19,8.8,211.2,24,887.4605,0.76,Calm,FMS_MARITIME,2026-04-06
2021-07-19,15,MGO,56.03,12.6,302.4,24,576.9756,0.8,Moderate,FMS_MARITIME,2026-04-06
2021-07-20,15,LSMGO,77.18,8.5,204.0,24,1178.13,0.43,Moderate,FMS_MARITIME,2026-04-06
2021-07-21,15,MGO,52.69,14.8,355.2,24,461.9275,0.96,Calm,FMS_MARITIME,2026-04-06
2021-07-22,15,HFO,16.17,9.7,232.8,24,216.2946,0.52,Moderate,FMS_MARITIME,2026-04-06
2021-07-23,15,HFO,71.72,16.6,398.4,24,560.5825,0.58,Moderate,FMS_MARITIME,2026-04-06
2021-07-24,15,VLSFO,64.52,13.3,319.2,24,629.4338,0.76,Rough,FMS_MARITIME,2026-04-06
2021-07-25,15,VLSFO,72.36,9.3,223.2,24,1009.5387,0.49,Moderate,FMS_MARITIME,2026-04-06
2021-07-26,15,LSMGO,84.93,18.0,432.0,24,612.2038,1.0,Moderate,FMS_MARITIME,2026-04-06
2021-07-27,15,HFO,79.32,8.8,211.2,24,1169.5193,0.53,Rough,FMS_MARITIME,2026-04-06
2021-07-28,15,MGO,25.87,16.4,393.6,24,204.6727,0.86,Calm,FMS_MARITIME,2026-04-06
2021-07-28,15,MGO,80.34,11.4,273.6,24,914.3961,0.46,Rough,FMS_MARITIME,2026-04-06
2021-07-28,15,MGO,83.17,10.7,256.8,24,1008.5334,0.63,Rough,FMS_MARITIME,2026-04-06
2021-07-01,16,LSMGO,37.2,11.2,268.8,24,430.9554,0.41,Moderate,FMS_MARITIME,2026-04-06
2021-07-02,16,MGO,59.55,8.5,204.0,24,909.0132,0.76,Calm,FMS_MARITIME,2026-04-06
2021-07-03,16,MGO,77.45,17.4,417.6,24,577.5366,0.43,Calm,FMS_MARITIME,2026-04-06
2021-07-04,16,HFO,46.18,16.0,384.0,24,374.4909,0.47,Moderate,FMS_MARITIME,2026-04-06
2021-07-05,16,HFO,82.55,10.8,259.2,24,991.7465,0.66,Rough,FMS_MARITIME,2026-04-06
2021-07-06,16,HFO,69.75,11.3,271.2,24,800.8905,0.78,Rough,FMS_MARITIME,2026-04-06
2021-07-07,16,MGO,66.74,12.3,295.2,24,704.0256,0.42,Rough,FMS_MARITIME,2026-04-06
2021-07-08,16,LSMGO,34.69,10.7,256.8,24,420.6568,0.52,Calm,FMS_MARITIME,2026-04-06
2021-07-09,16,LNG,77.41,13.3,319.2,24,755.184,0.68,Moderate,FMS_MARITIME,2026-04-06
2021-07-10,16,HFO,62.2,16.0,384.0,24,504.4031,0.93,Moderate,FMS_MARITIME,2026-04-06
2021-07-11,16,VLSFO,43.2,12.0,288.0,24,467.1,0.63,Moderate,FMS_MARITIME,2026-04-06
2021-07-12,16,VLSFO,25.38,8.4,201.6,24,392.0304,0.56,Rough,FMS_MARITIME,2026-04-06
2021-07-13,16,HFO,19.93,15.8,379.2,24,163.6657,0.44,Calm,FMS_MARITIME,2026-04-06
2021-07-14,16,HFO,54.28,17.8,427.2,24,395.6646,0.6,Calm,FMS_MARITIME,2026-04-06
2021-07-15,16,VLSFO,31.02,11.2,268.8,24,359.3612,0.59,Rough,FMS_MARITIME,2026-04-06
2021-07-16,16,LNG,20.7,11.5,276.0,24,233.55,0.47,Calm,FMS_MARITIME,2026-04-06
2021-07-17,16,LNG,72.63,15.0,360.0,24,628.2495,0.71,Rough,FMS_MARITIME,2026-04-06
2021-07-18,16,HFO,18.68,12.3,295.2,24,197.0512,0.72,Moderate,FMS_MARITIME,2026-04-06
2021-07-19,16,LNG,46.99,15.4,369.6,24,395.906,0.47,Rough,FMS_MARITIME,2026-04-06
2021-07-20,16,MGO,63.27,16.8,403.2,24,488.6478,0.83,Calm,FMS_MARITIME,2026-04-06
2021-07-21,16,VLSFO,31.89,14.8,355.2,24,279.5762,0.98,Calm,FMS_MARITIME,2026-04-06
2021-07-22,16,HFO,23.88,17.7,424.8,24,175.0525,0.43,Rough,FMS_MARITIME,2026-04-06
2021-07-23,16,MGO,74.85,10.1,242.4,24,961.5631,0.61,Rough,FMS_MARITIME,2026-04-06
2021-07-24,16,VLSFO,61.58,12.5,300.0,24,639.2004,0.9,Moderate,FMS_MARITIME,2026-04-06
2021-07-25,16,VLSFO,44.84,17.5,420.0,24,332.4566,0.47,Moderate,FMS_MARITIME,2026-04-06
2021-07-26,16,HFO,82.68,17.5,420.0,24,613.0131,0.75,Rough,FMS_MARITIME,2026-04-06
2021-07-27,16,MGO,20.95,12.9,309.6,24,210.718,0.41,Calm,FMS_MARITIME,2026-04-06
2021-07-28,16,LSMGO,24.57,12.2,292.8,24,261.308,0.96,Moderate,FMS_MARITIME,2026-04-06
2021-07-28,16,LNG,38.16,14.0,336.0,24,353.6614,0.69,Calm,FMS_MARITIME,2026-04-06
2021-07-28,16,LSMGO,70.42,17.4,417.6,24,525.1147,0.46,Calm,FMS_MARITIME,2026-04-06
2021-07-01,17,VLSFO,71.31,9.6,230.4,24,963.7992,0.99,Rough,FMS_MARITIME,2026-04-06
2021-07-02,17,LNG,78.37,17.0,408.0,24,598.1475,0.84,Rough,FMS_MARITIME,2026-04-06
2021-07-03,17,VLSFO,25.87,17.1,410.4,24,196.2943,0.45,Calm,FMS_MARITIME,2026-04-06
2021-07-04,17,LSMGO,23.1,8.1,194.4,24,370.0278,0.6,Moderate,FMS_MARITIME,2026-04-06
2021-07-05,17,HFO,18.96,8.9,213.6,24,276.4112,0.74,Calm,FMS_MARITIME,2026-04-06
2021-07-06,17,HFO,53.63,16.0,384.0,24,434.9058,0.45,Rough,FMS_MARITIME,2026-04-06
2021-07-07,17,LNG,28.69,10.6,254.4,24,351.1818,0.44,Moderate,FMS_MARITIME,2026-04-06
2021-07-08,17,MGO,77.42,8.6,206.4,24,1168.0517,0.96,Moderate,FMS_MARITIME,2026-04-06
2021-07-09,17,VLSFO,69.85,12.1,290.4,24,749.0114,0.6,Moderate,FMS_MARITIME,2026-04-06
2021-07-10,17,HFO,49.23,9.1,218.4,24,701.9332,0.9,Calm,FMS_MARITIME,2026-04-06
2021-07-11,17,MGO,24.76,9.8,235.2,24,327.8173,0.48,Rough,FMS_MARITIME,2026-04-06
2021-07-12,17,LSMGO,76.04,12.9,309.6,24,764.8209,0.68,Moderate,FMS_MARITIME,2026-04-06
2021-07-13,17,LSMGO,80.58,16.4,393.6,24,637.5155,0.81,Moderate,FMS_MARITIME,2026-04-06
2021-07-14,17,LSMGO,19.21,16.3,391.2,24,152.914,0.64,Calm,FMS_MARITIME,2026-04-06
2021-07-15,17,MGO,46.52,14.4,345.6,24,419.1646,0.97,Moderate,FMS_MARITIME,2026-04-06
2021-07-16,17,MGO,84.16,17.8,427.2,24,613.4697,0.84,Calm,FMS_MARITIME,2026-04-06
2021-07-17,17,HFO,23.16,13.8,331.2,24,217.7543,0.55,Rough,FMS_MARITIME,2026-04-06
2021-07-18,17,LSMGO,20.56,9.0,216.0,24,296.4067,0.7,Moderate,FMS_MARITIME,2026-04-06
2021-07-19,17,LNG,79.27,13.2,316.8,24,779.1881,0.42,Moderate,FMS_MARITIME,2026-04-06
2021-07-20,17,MGO,28.11,11.7,280.8,24,311.7327,0.56,Rough,FMS_MARITIME,2026-04-06
2021-07-21,17,LSMGO,83.54,15.8,379.2,24,686.0326,0.65,Moderate,FMS_MARITIME,2026-04-06
2021-07-22,17,MGO,32.28,17.9,429.6,24,233.9849,0.53,Rough,FMS_MARITIME,2026-04-06
2021-07-23,17,HFO,44.19,17.0,408.0,24,337.2737,0.57,Rough,FMS_MARITIME,2026-04-06
2021-07-24,17,HFO,37.82,16.0,384.0,24,306.6966,0.88,Moderate,FMS_MARITIME,2026-04-06
2021-07-25,17,MGO,55.55,15.2,364.8,24,474.185,0.57,Rough,FMS_MARITIME,2026-04-06
2021-07-26,17,HFO,55.1,16.0,384.0,24,446.8266,0.95,Moderate,FMS_MARITIME,2026-04-06
2021-07-27,17,LNG,82.94,14.3,343.2,24,752.55,0.74,Rough,FMS_MARITIME,2026-04-06
2021-07-28,17,LNG,79.68,11.8,283.2,24,876.1424,0.85,Calm,FMS_MARITIME,2026-04-06
2021-07-28,17,LSMGO,15.4,17.9,429.6,24,111.6285,0.82,Rough,FMS_MARITIME,2026-04-06
2021-07-28,17,MGO,84.91,8.5,204.0,24,1296.1262,0.56,Moderate,FMS_MARITIME,2026-04-06
2021-07-01,18,LNG,51.6,8.7,208.8,24,769.5517,0.61,Moderate,FMS_MARITIME,2026-04-06
2021-07-02,18,HFO,74.73,14.9,357.6,24,650.7529,0.9,Calm,FMS_MARITIME,2026-04-06
2021-07-03,18,HFO,52.89,14.4,345.6,24,476.5609,0.62,Rough,FMS_MARITIME,2026-04-06
2021-07-04,18,MGO,73.16,11.6,278.4,24,818.3198,0.55,Moderate,FMS_MARITIME,2026-04-06
2021-07-05,18,LSMGO,27.85,9.0,216.0,24,401.5042,0.82,Moderate,FMS_MARITIME,2026-04-06
2021-07-06,18,VLSFO,83.88,8.0,192.0,24,1360.4287,0.6,Calm,FMS_MARITIME,2026-04-06
2021-07-07,18,LSMGO,62.57,15.3,367.2,24,530.6181,0.9,Calm,FMS_MARITIME,2026-04-06
2021-07-08,18,MGO,67.55,13.7,328.8,24,639.7527,0.88,Calm,FMS_MARITIME,2026-04-06
2021-07-09,18,LSMGO,50.63,8.3,199.2,24,791.475,0.78,Rough,FMS_MARITIME,2026-04-06
2021-07-10,18,LNG,66.58,17.1,410.4,24,505.1904,0.47,Rough,FMS_MARITIME,2026-04-06
2021-07-11,18,HFO,62.31,8.5,204.0,24,951.1438,0.81,Moderate,FMS_MARITIME,2026-04-06
2021-07-12,18,LSMGO,26.02,12.1,290.4,24,279.0161,0.56,Rough,FMS_MARITIME,2026-04-06
2021-07-13,18,VLSFO,63.13,11.1,266.4,24,737.9385,0.69,Moderate,FMS_MARITIME,2026-04-06
2021-07-14,18,LSMGO,67.65,17.1,410.4,24,513.3092,0.9,Rough,FMS_MARITIME,2026-04-06
2021-07-15,18,HFO,47.18,11.0,264.0,24,556.5095,0.57,Moderate,FMS_MARITIME,2026-04-06
2021-07-16,18,LNG,65.47,16.6,398.4,24,511.7309,0.84,Calm,FMS_MARITIME,2026-04-06
2021-07-17,18,LNG,64.73,9.0,216.0,24,933.1908,0.83,Moderate,FMS_MARITIME,2026-04-06
2021-07-18,18,LSMGO,34.42,13.9,333.6,24,321.2946,0.72,Calm,FMS_MARITIME,2026-04-06
2021-07-19,18,VLSFO,35.03,17.7,424.8,24,256.7877,0.72,Moderate,FMS_MARITIME,2026-04-06
2021-07-20,18,LSMGO,45.14,16.3,391.2,24,359.3199,0.6,Moderate,FMS_MARITIME,2026-04-06
2021-07-21,18,LSMGO,73.03,15.1,362.4,24,627.526,0.7,Rough,FMS_MARITIME,2026-04-06
2021-07-22,18,LNG,78.14,8.7,208.8,24,1165.3638,0.41,Calm,FMS_MARITIME,2026-04-06
2021-07-23,18,HFO,68.7,14.9,357.6,24,598.2433,0.66,Calm,FMS_MARITIME,2026-04-06
2021-07-24,18,VLSFO,22.45,14.3,343.2,24,203.6984,0.55,Rough,FMS_MARITIME,2026-04-06
2021-07-25,18,VLSFO,56.23,10.3,247.2,24,708.3342,0.42,Rough,FMS_MARITIME,2026-04-06
2021-07-26,18,LSMGO,82.36,17.2,412.8,24,621.2913,0.99,Moderate,FMS_MARITIME,2026-04-06
2021-07-27,18,LSMGO,67.64,17.5,420.0,24,501.5023,0.92,Calm,FMS_MARITIME,2026-04-06
2021-07-28,18,VLSFO,63.6,10.0,240.0,24,825.21,0.67,Calm,FMS_MARITIME,2026-04-06
2021-07-28,18,HFO,37.36,12.9,309.6,24,375.7721,0.5,Rough,FMS_MARITIME,2026-04-06
2021-07-28,18,MGO,42.83,11.0,264.0,24,505.1993,0.59,Rough,FMS_MARITIME,2026-04-06
2021-07-01,19,LSMGO,57.56,8.8,211.2,24,848.683,0.93,Calm,FMS_MARITIME,2026-04-06
2021-07-02,19,HFO,62.85,15.3,367.2,24,532.9926,0.97,Calm,FMS_MARITIME,2026-04-06
2021-07-03,19,LSMGO,18.87,17.2,412.8,24,142.3478,0.74,Rough,FMS_MARITIME,2026-04-06
2021-07-04,19,HFO,64.08,8.4,201.6,24,989.8071,0.75,Rough,FMS_MARITIME,2026-04-06
2021-07-05,19,VLSFO,51.45,11.4,273.6,24,585.5822,0.63,Rough,FMS_MARITIME,2026-04-06
2021-07-06,19,LNG,34.87,15.4,369.6,24,293.7911,0.46,Calm,FMS_MARITIME,2026-04-06
2021-07-07,19,HFO,35.76,11.6,278.4,24,399.9879,0.47,Calm,FMS_MARITIME,2026-04-06
2021-07-08,19,VLSFO,65.13,14.6,350.4,24,578.8094,0.5,Calm,FMS_MARITIME,2026-04-06
2021-07-09,19,LSMGO,34.29,10.4,249.6,24,427.8007,0.89,Rough,FMS_MARITIME,2026-04-06
2021-07-10,19,HFO,51.24,9.9,237.6,24,671.5545,0.81,Moderate,FMS_MARITIME,2026-04-06
2021-07-11,19,MGO,53.59,15.6,374.4,24,445.7245,0.97,Moderate,FMS_MARITIME,2026-04-06
2021-07-12,19,LSMGO,51.42,13.4,321.6,24,497.8914,0.71,Calm,FMS_MARITIME,2026-04-06
2021-07-13,19,MGO,42.49,17.3,415.2,24,318.675,1.0,Moderate,FMS_MARITIME,2026-04-06
2021-07-14,19,MGO,31.18,9.5,228.0,24,425.8532,0.41,Calm,FMS_MARITIME,2026-04-06
2021-07-15,19,VLSFO,33.06,15.6,374.4,24,274.9702,0.98,Rough,FMS_MARITIME,2026-04-06
2021-07-16,19,VLSFO,83.32,13.4,321.6,24,806.7739,0.99,Calm,FMS_MARITIME,2026-04-06
2021-07-17,19,VLSFO,34.96,14.5,348.0,24,312.8317,0.52,Calm,FMS_MARITIME,2026-04-06
2021-07-18,19,MGO,31.15,16.1,386.4,24,251.038,0.54,Calm,FMS_MARITIME,2026-04-06
2021-07-19,19,LNG,60.59,16.7,400.8,24,470.7516,0.65,Rough,FMS_MARITIME,2026-04-06
2021-07-20,19,MGO,59.41,14.1,338.4,24,546.6984,0.41,Calm,FMS_MARITIME,2026-04-06
2021-07-21,19,MGO,47.14,17.5,420.0,24,349.5094,0.61,Moderate,FMS_MARITIME,2026-04-06
2021-07-22,19,MGO,72.43,15.6,374.4,24,602.4226,0.85,Rough,FMS_MARITIME,2026-04-06
2021-07-23,19,VLSFO,81.89,9.2,220.8,24,1154.916,0.54,Calm,FMS_MARITIME,2026-04-06
2021-07-24,19,HFO,60.75,11.8,283.2,24,667.9926,0.51,Calm,FMS_MARITIME,2026-04-06
2021-07-25,19,LSMGO,64.73,15.0,360.0,24,559.9145,0.87,Rough,FMS_MARITIME,2026-04-06
2021-07-26,19,LSMGO,63.99,14.8,355.2,24,560.9934,0.4,Moderate,FMS_MARITIME,2026-04-06
2021-07-27,19,HFO,26.98,10.3,247.2,24,339.8694,0.76,Rough,FMS_MARITIME,2026-04-06
2021-07-28,19,LNG,64.6,10.7,256.8,24,783.3505,0.62,Rough,FMS_MARITIME,2026-04-06
2021-07-28,19,LSMGO,66.35,8.8,211.2,24,978.2855,0.88,Rough,FMS_MARITIME,2026-04-06
2021-07-28,19,HFO,26.95,17.2,412.8,24,203.3001,0.66,Calm,FMS_MARITIME,2026-04-06
2021-07-01,20,LNG,34.44,14.1,338.4,24,316.9213,0.55,Rough,FMS_MARITIME,2026-04-06
2021-07-02,20,LSMGO,80.32,14.7,352.8,24,708.9469,0.68,Calm,FMS_MARITIME,2026-04-06
2021-07-03,20,MGO,41.29,8.5,204.0,24,630.2797,0.86,Calm,FMS_MARITIME,2026-04-06
2021-07-04,20,LNG,61.82,15.9,381.6,24,504.4745,0.57,Moderate,FMS_MARITIME,2026-04-06
2021-07-05,20,HFO,75.9,15.6,374.4,24,631.2837,0.57,Moderate,FMS_MARITIME,2026-04-06
2021-07-06,20,MGO,80.53,17.5,420.0,24,597.0724,0.71,Rough,FMS_MARITIME,2026-04-06
2021-07-07,20,LSMGO,41.95,10.0,240.0,24,544.3013,0.61,Rough,FMS_MARITIME,2026-04-06
2021-07-08,20,VLSFO,18.74,13.1,314.4,24,185.6118,0.97,Moderate,FMS_MARITIME,2026-04-06
2021-07-09,20,LNG,78.62,17.9,429.6,24,569.8852,0.43,Calm,FMS_MARITIME,2026-04-06
2021-07-10,20,VLSFO,66.11,10.4,249.6,24,824.7858,0.66,Moderate,FMS_MARITIME,2026-04-06
2021-07-11,20,VLSFO,59.22,16.7,400.8,24,460.1075,0.71,Rough,FMS_MARITIME,2026-04-06
2021-07-12,20,VLSFO,21.05,14.8,355.2,24,184.5431,0.64,Rough,FMS_MARITIME,2026-04-06
2021-07-13,20,VLSFO,39.69,9.2,220.8,24,559.7584,0.47,Calm,FMS_MARITIME,2026-04-06
2021-07-14,20,LNG,81.27,16.3,391.2,24,646.9192,0.86,Rough,FMS_MARITIME,2026-04-06
2021-07-15,20,HFO,59.14,13.1,314.4,24,585.7569,0.74,Rough,FMS_MARITIME,2026-04-06
2021-07-16,20,MGO,46.34,13.1,314.4,24,458.9782,0.65,Calm,FMS_MARITIME,2026-04-06
2021-07-17,20,LNG,18.14,14.9,357.6,24,157.9641,0.83,Moderate,FMS_MARITIME,2026-04-06
2021-07-18,20,LNG,22.98,17.5,420.0,24,170.3803,0.63,Calm,FMS_MARITIME,2026-04-06
2021-07-19,20,LSMGO,72.78,8.0,192.0,24,1180.4006,0.85,Moderate,FMS_MARITIME,2026-04-06
2021-07-20,20,LNG,48.71,17.7,424.8,24,357.0691,0.59,Rough,FMS_MARITIME,2026-04-06
2021-07-21,20,MGO,31.62,16.4,393.6,24,250.1643,0.83,Moderate,FMS_MARITIME,2026-04-06
2021-07-22,20,LNG,47.82,8.5,204.0,24,729.9582,0.84,Rough,FMS_MARITIME,2026-04-06
2021-07-23,20,MGO,59.0,11.1,266.4,24,689.6622,0.46,Calm,FMS_MARITIME,2026-04-06
2021-07-24,20,HFO,76.3,14.5,348.0,24,682.7534,0.88,Calm,FMS_MARITIME,2026-04-06
2021-07-25,20,HFO,38.63,8.3,199.2,24,603.8846,0.52,Calm,FMS_MARITIME,2026-04-06
2021-07-26,20,HFO,17.1,8.9,213.6,24,249.2949,0.85,Moderate,FMS_MARITIME,2026-04-06
2021-07-27,20,MGO,48.36,14.7,352.8,24,426.851,0.95,Rough,FMS_MARITIME,2026-04-06
2021-07-28,20,LSMGO,28.06,8.2,196.8,24,443.9982,0.81,Rough,FMS_MARITIME,2026-04-06
2021-07-28,20,MGO,21.44,12.9,309.6,24,215.6465,0.42,Calm,FMS_MARITIME,2026-04-06
2021-07-28,20,MGO,77.38,8.0,192.0,24,1255.0069,0.85,Moderate,FMS_MARITIME,2026-04-06
2021-07-01,21,LNG,23.59,12.8,307.2,24,239.1252,0.48,Moderate,FMS_MARITIME,2026-04-06
2021-07-02,21,LNG,79.78,8.4,201.6,24,1232.3161,0.84,Rough,FMS_MARITIME,2026-04-06
2021-07-03,21,MGO,31.81,9.7,232.8,24,425.4997,0.76,Rough,FMS_MARITIME,2026-04-06
2021-07-04,21,HFO,20.19,8.3,199.2,24,315.6208,0.51,Calm,FMS_MARITIME,2026-04-06
2021-07-05,21,LNG,45.38,8.8,211.2,24,669.0972,0.82,Calm,FMS_MARITIME,2026-04-06
2021-07-06,21,HFO,41.08,17.7,424.8,24,301.1373,0.75,Moderate,FMS_MARITIME,2026-04-06
2021-07-07,21,LSMGO,26.69,14.7,352.8,24,235.5801,0.87,Moderate,FMS_MARITIME,2026-04-06
2021-07-08,21,LSMGO,74.6,16.0,384.0,24,604.9594,0.74,Moderate,FMS_MARITIME,2026-04-06
2021-07-09,21,HFO,83.66,13.6,326.4,24,798.1533,0.54,Moderate,FMS_MARITIME,2026-04-06
2021-07-10,21,VLSFO,72.4,17.9,429.6,24,524.7989,0.45,Calm,FMS_MARITIME,2026-04-06
2021-07-11,21,HFO,81.6,17.7,424.8,24,598.1695,0.89,Rough,FMS_MARITIME,2026-04-06
2021-07-12,21,LSMGO,23.86,13.4,321.6,24,231.0325,0.44,Rough,FMS_MARITIME,2026-04-06
2021-07-13,21,HFO,32.81,11.5,276.0,24,370.1824,0.48,Moderate,FMS_MARITIME,2026-04-06
2021-07-14,21,LNG,56.1,11.0,264.0,24,661.725,0.65,Moderate,FMS_MARITIME,2026-04-06
2021-07-15,21,HFO,60.89,11.7,280.8,24,675.2545,0.69,Rough,FMS_MARITIME,2026-04-06
2021-07-16,21,MGO,63.01,16.0,384.0,24,510.9717,0.91,Rough,FMS_MARITIME,2026-04-06
2021-07-17,21,HFO,71.46,8.7,208.8,24,1065.7397,0.52,Moderate,FMS_MARITIME,2026-04-06
2021-07-18,21,LNG,73.22,17.7,424.8,24,536.7398,0.91,Moderate,FMS_MARITIME,2026-04-06
2021-07-19,21,LSMGO,56.94,13.4,321.6,24,551.3407,0.42,Rough,FMS_MARITIME,2026-04-06
2021-07-20,21,VLSFO,21.6,14.5,348.0,24,193.2828,0.92,Rough,FMS_MARITIME,2026-04-06
2021-07-21,21,LSMGO,71.59,10.4,249.6,24,893.1541,0.83,Moderate,FMS_MARITIME,2026-04-06
2021-07-22,21,MGO,35.23,17.6,422.4,24,259.7212,0.84,Moderate,FMS_MARITIME,2026-04-06
2021-07-23,21,MGO,43.2,16.6,398.4,24,337.6627,0.87,Calm,FMS_MARITIME,2026-04-06
2021-07-24,21,MGO,75.43,9.3,223.2,24,1052.3702,0.45,Moderate,FMS_MARITIME,2026-04-06
2021-07-25,21,HFO,48.78,14.2,340.8,24,445.7187,0.91,Rough,FMS_MARITIME,2026-04-06
2021-07-26,21,LNG,71.8,17.9,429.6,24,520.4497,0.77,Moderate,FMS_MARITIME,2026-04-06
2021-07-27,21,MGO,58.67,8.8,211.2,24,865.0491,0.79,Moderate,FMS_MARITIME,2026-04-06
2021-07-28,21,VLSFO,31.08,15.5,372.0,24,260.1697,0.61,Rough,FMS_MARITIME,2026-04-06
2021-07-28,21,VLSFO,50.51,9.1,218.4,24,720.1838,0.65,Moderate,FMS_MARITIME,2026-04-06
2021-07-28,21,HFO,48.9,16.6,398.4,24,382.2154,0.73,Calm,FMS_MARITIME,2026-04-06
2021-07-01,22,LNG,76.4,17.2,412.8,24,576.3314,0.42,Calm,FMS_MARITIME,2026-04-06
2021-07-02,22,MGO,69.37,9.4,225.6,24,957.5274,0.92,Calm,FMS_MARITIME,2026-04-06
2021-07-03,22,VLSFO,78.17,11.5,276.0,24,881.9615,0.41,Calm,FMS_MARITIME,2026-04-06
2021-07-04,22,VLSFO,75.93,8.7,208.8,24,1132.4043,0.76,Rough,FMS_MARITIME,2026-04-06
2021-07-05,22,MGO,43.71,17.0,408.0,24,333.6101,0.91,Rough,FMS_MARITIME,2026-04-06
2021-07-06,22,HFO,52.41,14.5,348.0,24,468.9791,0.89,Moderate,FMS_MARITIME,2026-04-06
2021-07-07,22,VLSFO,42.25,13.1,314.4,24,418.4685,0.96,Calm,FMS_MARITIME,2026-04-06
2021-07-08,22,VLSFO,69.81,11.3,271.2,24,801.5794,0.53,Calm,FMS_MARITIME,2026-04-06
2021-07-09,22,LSMGO,48.83,9.9,237.6,24,639.9689,0.7,Moderate,FMS_MARITIME,2026-04-06
2021-07-10,22,LNG,68.69,9.6,230.4,24,928.3883,0.87,Moderate,FMS_MARITIME,2026-04-06
2021-07-11,22,LSMGO,23.09,8.0,192.0,24,374.4909,0.88,Moderate,FMS_MARITIME,2026-04-06
2021-07-12,22,HFO,47.03,13.4,321.6,24,455.3838,0.57,Rough,FMS_MARITIME,2026-04-06
2021-07-13,22,LSMGO,23.04,15.1,362.4,24,197.9762,0.47,Calm,FMS_MARITIME,2026-04-06
2021-07-14,22,LNG,47.16,13.4,321.6,24,456.6425,0.48,Moderate,FMS_MARITIME,2026-04-06
2021-07-15,22,LNG,66.61,16.2,388.8,24,533.4968,0.49,Calm,FMS_MARITIME,2026-04-06
2021-07-16,22,LNG,30.14,17.6,422.4,24,222.1969,0.53,Calm,FMS_MARITIME,2026-04-06
2021-07-17,22,MGO,53.17,8.1,194.4,24,851.7046,0.68,Calm,FMS_MARITIME,2026-04-06
2021-07-18,22,VLSFO,15.58,13.9,333.6,24,145.432,0.59,Calm,FMS_MARITIME,2026-04-06
2021-07-19,22,MGO,66.46,13.5,324.0,24,638.7544,0.42,Moderate,FMS_MARITIME,2026-04-06
2021-07-20,22,LNG,22.39,10.5,252.0,24,276.6764,0.7,Calm,FMS_MARITIME,2026-04-06
2021-07-21,22,LSMGO,74.23,8.6,206.4,24,1119.9235,0.61,Calm,FMS_MARITIME,2026-04-06
2021-07-22,22,MGO,48.15,11.5,276.0,24,543.2576,0.9,Calm,FMS_MARITIME,2026-04-06
2021-07-23,22,VLSFO,63.73,13.4,321.6,24,617.0871,0.66,Rough,FMS_MARITIME,2026-04-06
2021-07-24,22,VLSFO,62.63,14.6,350.4,24,556.592,0.55,Rough,FMS_MARITIME,2026-04-06
2021-07-25,22,LNG,69.34,12.1,290.4,24,743.5426,0.71,Moderate,FMS_MARITIME,2026-04-06
2021-07-26,22,LNG,60.1,15.0,360.0,24,519.865,0.46,Calm,FMS_MARITIME,2026-04-06
2021-07-27,22,LNG,66.66,14.6,350.4,24,592.4065,0.7,Moderate,FMS_MARITIME,2026-04-06
2021-07-28,22,MGO,37.78,9.8,235.2,24,500.1995,0.54,Rough,FMS_MARITIME,2026-04-06
2021-07-28,22,LNG,32.07,15.7,376.8,24,265.0371,0.69,Calm,FMS_MARITIME,2026-04-06
2021-07-28,22,HFO,64.29,14.1,338.4,24,591.6048,0.51,Rough,FMS_MARITIME,2026-04-06
2021-07-01,23,LNG,51.3,15.1,362.4,24,440.8063,0.6,Rough,FMS_MARITIME,2026-04-06
2021-07-02,23,LNG,43.61,13.4,321.6,24,422.2685,0.61,Moderate,FMS_MARITIME,2026-04-06
2021-07-03,23,LNG,16.8,16.5,396.0,24,132.1091,0.97,Rough,FMS_MARITIME,2026-04-06
2021-07-04,23,LNG,42.59,17.2,412.8,24,321.2821,0.52,Calm,FMS_MARITIME,2026-04-06
2021-07-05,23,LSMGO,73.61,13.2,316.8,24,723.5528,0.83,Rough,FMS_MARITIME,2026-04-06
2021-07-06,23,LNG,80.02,17.4,417.6,24,596.7009,0.81,Rough,FMS_MARITIME,2026-04-06
2021-07-07,23,VLSFO,84.98,17.4,417.6,24,633.6871,0.5,Calm,FMS_MARITIME,2026-04-06
2021-07-08,23,LNG,40.05,10.3,247.2,24,504.5133,0.47,Moderate,FMS_MARITIME,2026-04-06
2021-07-09,23,VLSFO,25.38,14.3,343.2,24,230.2836,0.86,Rough,FMS_MARITIME,2026-04-06
2021-07-10,23,MGO,19.97,13.0,312.0,24,199.316,0.4,Calm,FMS_MARITIME,2026-04-06
2021-07-11,23,LSMGO,42.96,14.6,350.4,24,381.7849,0.53,Rough,FMS_MARITIME,2026-04-06
2021-07-12,23,LNG,48.79,16.6,398.4,24,381.3556,0.5,Moderate,FMS_MARITIME,2026-04-06
2021-07-13,23,MGO,26.75,14.8,355.2,24,234.5144,0.82,Calm,FMS_MARITIME,2026-04-06
2021-07-14,23,LSMGO,83.1,14.0,336.0,24,770.1589,0.8,Moderate,FMS_MARITIME,2026-04-06
2021-07-15,23,HFO,39.47,15.4,369.6,24,332.5476,0.8,Rough,FMS_MARITIME,2026-04-06
2021-07-16,23,LNG,49.61,11.7,280.8,24,550.1622,0.45,Calm,FMS_MARITIME,2026-04-06
2021-07-17,23,LNG,65.87,8.1,194.4,24,1055.1398,0.63,Moderate,FMS_MARITIME,2026-04-06
2021-07-18,23,MGO,36.49,11.9,285.6,24,397.8637,0.86,Rough,FMS_MARITIME,2026-04-06
2021-07-19,23,HFO,83.66,17.0,408.0,24,638.5226,0.82,Calm,FMS_MARITIME,2026-04-06
2021-07-20,23,LSMGO,47.81,10.1,242.4,24,614.1928,0.95,Moderate,FMS_MARITIME,2026-04-06
2021-07-21,23,MGO,81.85,10.5,252.0,24,1011.4321,0.75,Calm,FMS_MARITIME,2026-04-06
2021-07-22,23,VLSFO,58.25,9.6,230.4,24,787.2852,0.65,Moderate,FMS_MARITIME,2026-04-06
2021-07-23,23,VLSFO,19.55,12.4,297.6,24,204.5655,0.96,Calm,FMS_MARITIME,2026-04-06
2021-07-24,23,LSMGO,19.16,16.3,391.2,24,152.516,0.76,Moderate,FMS_MARITIME,2026-04-06
2021-07-25,23,VLSFO,79.01,17.6,422.4,24,582.4743,0.73,Calm,FMS_MARITIME,2026-04-06
2021-07-26,23,VLSFO,66.93,12.0,288.0,24,723.6806,0.9,Rough,FMS_MARITIME,2026-04-06
2021-07-27,23,VLSFO,62.07,8.8,211.2,24,915.1798,0.81,Rough,FMS_MARITIME,2026-04-06
2021-07-28,23,LNG,25.86,17.6,422.4,24,190.644,0.55,Rough,FMS_MARITIME,2026-04-06
2021-07-28,23,HFO,49.64,13.7,328.8,24,470.1307,0.52,Moderate,FMS_MARITIME,2026-04-06
2021-07-28,23,HFO,16.67,10.4,249.6,24,207.9743,0.88,Rough,FMS_MARITIME,2026-04-06
2021-07-01,24,LSMGO,37.95,13.4,321.6,24,367.4636,0.81,Calm,FMS_MARITIME,2026-04-06
2021-07-02,24,LSMGO,78.83,16.0,384.0,24,639.262,0.73,Calm,FMS_MARITIME,2026-04-06
2021-07-03,24,HFO,21.92,15.2,364.8,24,187.1132,0.63,Moderate,FMS_MARITIME,2026-04-06
2021-07-04,24,LNG,24.61,16.7,400.8,24,191.2064,0.47,Moderate,FMS_MARITIME,2026-04-06
2021-07-05,24,HFO,21.99,15.0,360.0,24,190.2135,0.95,Calm,FMS_MARITIME,2026-04-06
2021-07-06,24,LSMGO,52.95,14.2,340.8,24,483.8213,0.52,Calm,FMS_MARITIME,2026-04-06
2021-07-07,24,MGO,79.46,10.7,256.8,24,963.5453,0.45,Calm,FMS_MARITIME,2026-04-06
2021-07-08,24,MGO,69.69,14.3,343.2,24,632.3271,0.58,Rough,FMS_MARITIME,2026-04-06
2021-07-09,24,VLSFO,72.33,10.4,249.6,24,902.3863,0.41,Rough,FMS_MARITIME,2026-04-06
2021-07-10,24,HFO,48.54,8.1,194.4,24,777.5389,0.89,Calm,FMS_MARITIME,2026-04-06
2021-07-11,24,LSMGO,49.46,8.0,192.0,24,802.1794,0.44,Rough,FMS_MARITIME,2026-04-06
2021-07-12,24,VLSFO,38.81,13.6,326.4,24,370.2645,0.84,Rough,FMS_MARITIME,2026-04-06
2021-07-13,24,VLSFO,60.47,12.4,297.6,24,632.7405,0.49,Calm,FMS_MARITIME,2026-04-06
2021-07-14,24,VLSFO,44.68,12.6,302.4,24,460.0976,0.66,Rough,FMS_MARITIME,2026-04-06
2021-07-15,24,MGO,53.64,8.8,211.2,24,790.8852,0.69,Rough,FMS_MARITIME,2026-04-06
2021-07-16,24,HFO,71.48,16.3,391.2,24,568.9896,0.59,Calm,FMS_MARITIME,2026-04-06
2021-07-17,24,LSMGO,24.07,14.2,340.8,24,219.9354,0.93,Moderate,FMS_MARITIME,2026-04-06
2021-07-18,24,VLSFO,49.15,13.7,328.8,24,465.49,0.78,Calm,FMS_MARITIME,2026-04-06
2021-07-19,24,VLSFO,44.09,15.0,360.0,24,381.3785,0.79,Rough,FMS_MARITIME,2026-04-06
2021-07-20,24,MGO,26.63,10.1,242.4,24,342.1032,0.59,Rough,FMS_MARITIME,2026-04-06
2021-07-21,24,LSMGO,74.43,11.8,283.2,24,818.4146,0.9,Calm,FMS_MARITIME,2026-04-06
2021-07-22,24,LNG,23.35,9.8,235.2,24,309.1492,0.57,Rough,FMS_MARITIME,2026-04-06
2021-07-23,24,LNG,17.73,13.0,312.0,24,176.959,0.6,Calm,FMS_MARITIME,2026-04-06
2021-07-24,24,LSMGO,64.45,17.6,422.4,24,475.1357,0.56,Moderate,FMS_MARITIME,2026-04-06
2021-07-25,24,LNG,35.32,12.3,295.2,24,372.5829,0.42,Moderate,FMS_MARITIME,2026-04-06
2021-07-26,24,MGO,16.29,13.8,331.2,24,153.1614,0.48,Rough,FMS_MARITIME,2026-04-06
2021-07-27,24,LSMGO,69.94,9.5,228.0,24,955.2332,0.79,Rough,FMS_MARITIME,2026-04-06
2021-07-28,24,VLSFO,78.95,8.4,201.6,24,1219.4955,0.78,Rough,FMS_MARITIME,2026-04-06
2021-07-28,24,LSMGO,78.27,16.8,403.2,24,604.496,0.42,Rough,FMS_MARITIME,2026-04-06
2021-07-28,24,LNG,37.79,11.2,268.8,24,437.7904,0.92,Calm,FMS_MARITIME,2026-04-06
2021-07-01,25,LNG,82.15,9.7,232.8,24,1098.8621,0.43,Calm,FMS_MARITIME,2026-04-06
2021-07-02,25,MGO,65.57,16.0,384.0,24,531.7317,0.76,Moderate,FMS_MARITIME,2026-04-06
2021-07-03,25,LNG,60.73,9.9,237.6,24,795.9311,0.95,Moderate,FMS_MARITIME,2026-04-06
2021-07-04,25,VLSFO,53.62,14.8,355.2,24,470.0807,0.62,Moderate,FMS_MARITIME,2026-04-06
2021-07-05,25,LSMGO,36.99,15.8,379.2,24,303.7628,0.46,Calm,FMS_MARITIME,2026-04-06
2021-07-06,25,HFO,51.5,8.4,201.6,24,795.4911,0.53,Rough,FMS_MARITIME,2026-04-06
2021-07-07,25,HFO,46.66,9.2,220.8,24,658.0582,0.7,Calm,FMS_MARITIME,2026-04-06
2021-07-08,25,MGO,50.9,15.5,372.0,24,426.0823,0.42,Rough,FMS_MARITIME,2026-04-06
2021-07-09,25,LSMGO,71.13,12.3,295.2,24,750.3348,0.64,Calm,FMS_MARITIME,2026-04-06
2021-07-10,25,HFO,64.37,16.4,393.6,24,509.2688,0.97,Rough,FMS_MARITIME,2026-04-06
2021-07-11,25,HFO,72.77,14.1,338.4,24,669.6388,0.99,Calm,FMS_MARITIME,2026-04-06
2021-07-12,25,HFO,61.0,17.3,415.2,24,457.5,0.9,Moderate,FMS_MARITIME,2026-04-06
2021-07-13,25,MGO,18.06,9.2,220.8,24,254.7049,0.45,Rough,FMS_MARITIME,2026-04-06
2021-07-14,25,HFO,42.5,9.0,216.0,24,612.7083,0.85,Calm,FMS_MARITIME,2026-04-06
2021-07-15,25,LNG,23.35,8.0,192.0,24,378.7078,0.64,Calm,FMS_MARITIME,2026-04-06
2021-07-16,25,LSMGO,22.9,10.8,259.2,24,275.1181,0.47,Calm,FMS_MARITIME,2026-04-06
2021-07-17,25,MGO,37.07,14.6,350.4,24,329.4406,0.79,Moderate,FMS_MARITIME,2026-04-06
2021-07-18,25,MGO,31.65,11.0,264.0,24,373.3261,0.61,Moderate,FMS_MARITIME,2026-04-06
2021-07-19,25,VLSFO,26.07,9.9,237.6,24,341.675,0.95,Calm,FMS_MARITIME,2026-04-06
2021-07-20,25,VLSFO,70.01,10.7,256.8,24,848.953,0.89,Moderate,FMS_MARITIME,2026-04-06
2021-07-21,25,MGO,62.35,17.0,408.0,24,475.8772,0.84,Rough,FMS_MARITIME,2026-04-06
2021-07-22,25,LSMGO,83.12,13.1,314.4,24,823.2687,0.8,Calm,FMS_MARITIME,2026-04-06
2021-07-23,25,LSMGO,56.93,16.4,393.6,24,450.4066,0.98,Moderate,FMS_MARITIME,2026-04-06
2021-07-24,25,VLSFO,74.37,10.8,259.2,24,893.4729,0.87,Moderate,FMS_MARITIME,2026-04-06
2021-07-25,25,HFO,24.36,16.1,386.4,24,196.3174,0.96,Moderate,FMS_MARITIME,2026-04-06
2021-07-26,25,LNG,36.33,11.3,271.2,24,417.152,0.64,Calm,FMS_MARITIME,2026-04-06
2021-07-27,25,LNG,76.79,11.2,268.8,24,889.5984,0.45,Rough,FMS_MARITIME,2026-04-06
2021-07-28,25,HFO,38.09,16.0,384.0,24,308.8861,0.84,Moderate,FMS_MARITIME,2026-04-06
2021-07-28,25,LNG,70.56,17.1,410.4,24,535.3895,0.69,Moderate,FMS_MARITIME,2026-04-06
2021-07-28,25,LSMGO,66.91,13.1,314.4,24,662.7155,0.82,Moderate,FMS_MARITIME,2026-04-06
2021-07-01,26,MGO,77.21,9.1,218.4,24,1100.8788,0.64,Moderate,FMS_MARITIME,2026-04-06
2021-07-02,26,LNG,54.21,8.3,199.2,24,847.4395,0.62,Moderate,FMS_MARITIME,2026-04-06
2021-07-03,26,VLSFO,73.23,12.7,304.8,24,748.1569,0.66,Rough,FMS_MARITIME,2026-04-06
2021-07-04,26,VLSFO,33.22,8.3,199.2,24,519.3127,0.61,Rough,FMS_MARITIME,2026-04-06
2021-07-05,26,VLSFO,35.48,9.2,220.8,24,500.3837,0.46,Calm,FMS_MARITIME,2026-04-06
2021-07-06,26,LNG,59.17,13.7,328.8,24,560.3874,0.54,Rough,FMS_MARITIME,2026-04-06
2021-07-07,26,VLSFO,67.2,15.6,374.4,24,558.9231,0.77,Moderate,FMS_MARITIME,2026-04-06
2021-07-08,26,LSMGO,44.69,9.7,232.8,24,597.7863,0.49,Moderate,FMS_MARITIME,2026-04-06
2021-07-09,26,VLSFO,38.16,9.1,218.4,24,544.0945,0.83,Calm,FMS_MARITIME,2026-04-06
2021-07-10,26,HFO,31.28,10.9,261.6,24,372.3468,0.47,Calm,FMS_MARITIME,2026-04-06
2021-07-11,26,VLSFO,77.96,17.2,412.8,24,588.0994,0.73,Rough,FMS_MARITIME,2026-04-06
2021-07-12,26,LSMGO,38.39,10.5,252.0,24,474.3907,0.46,Moderate,FMS_MARITIME,2026-04-06
2021-07-13,26,LSMGO,61.3,9.8,235.2,24,811.5995,0.48,Rough,FMS_MARITIME,2026-04-06
2021-07-14,26,MGO,57.51,16.3,391.2,24,457.7867,0.48,Rough,FMS_MARITIME,2026-04-06
2021-07-15,26,VLSFO,65.58,17.8,427.2,24,478.034,0.57,Calm,FMS_MARITIME,2026-04-06
2021-07-16,26,HFO,25.6,10.1,242.4,24,328.8713,0.83,Calm,FMS_MARITIME,2026-04-06
2021-07-17,26,MGO,68.31,9.2,220.8,24,963.3937,0.96,Moderate,FMS_MARITIME,2026-04-06
2021-07-18,26,VLSFO,68.37,13.0,312.0,24,682.3852,0.91,Moderate,FMS_MARITIME,2026-04-06
2021-07-19,26,HFO,65.71,11.7,280.8,24,728.7071,0.59,Calm,FMS_MARITIME,2026-04-06
2021-07-20,26,HFO,18.93,9.8,235.2,24,250.6293,0.96,Rough,FMS_MARITIME,2026-04-06
2021-07-21,26,HFO,58.24,9.5,228.0,24,795.4358,0.57,Rough,FMS_MARITIME,2026-04-06
2021-07-22,26,LSMGO,58.38,14.4,345.6,24,526.0281,0.84,Calm,FMS_MARITIME,2026-04-06
2021-07-23,26,LNG,64.46,17.9,429.6,24,467.245,0.43,Calm,FMS_MARITIME,2026-04-06
2021-07-24,26,LSMGO,46.11,16.9,405.6,24,354.0102,0.42,Moderate,FMS_MARITIME,2026-04-06
2021-07-25,26,LSMGO,56.16,9.4,225.6,24,775.1872,0.87,Rough,FMS_MARITIME,2026-04-06
2021-07-26,26,HFO,59.21,16.0,384.0,24,480.1561,0.53,Moderate,FMS_MARITIME,2026-04-06
2021-07-27,26,LSMGO,31.91,17.9,429.6,24,231.3029,0.89,Calm,FMS_MARITIME,2026-04-06
2021-07-28,26,LNG,80.97,17.8,427.2,24,590.2167,0.69,Moderate,FMS_MARITIME,2026-04-06
2021-07-28,26,HFO,83.12,9.6,230.4,24,1123.4188,0.84,Rough,FMS_MARITIME,2026-04-06
2021-07-28,26,LNG,62.98,8.9,213.6,24,918.1635,0.43,Calm,FMS_MARITIME,2026-04-06
2021-07-01,27,LNG,60.58,12.9,309.6,24,609.3221,0.94,Calm,FMS_MARITIME,2026-04-06
2021-07-02,27,HFO,64.08,11.3,271.2,24,735.7858,0.85,Rough,FMS_MARITIME,2026-04-06
2021-07-03,27,LNG,54.01,14.8,355.2,24,473.4998,0.83,Moderate,FMS_MARITIME,2026-04-06
2021-07-04,27,MGO,74.48,17.1,410.4,24,565.1333,0.4,Calm,FMS_MARITIME,2026-04-06
2021-07-05,27,MGO,53.57,13.3,319.2,24,522.6096,0.74,Rough,FMS_MARITIME,2026-04-06
2021-07-06,27,MGO,48.87,8.7,208.8,24,728.8371,0.9,Calm,FMS_MARITIME,2026-04-06
2021-07-07,27,LSMGO,29.89,9.9,237.6,24,391.7402,0.59,Rough,FMS_MARITIME,2026-04-06
2021-07-08,27,HFO,45.76,16.2,388.8,24,366.5037,0.9,Calm,FMS_MARITIME,2026-04-06
2021-07-09,27,HFO,35.59,16.5,396.0,24,279.8668,0.87,Moderate,FMS_MARITIME,2026-04-06
2021-07-10,27,HFO,49.08,9.1,218.4,24,699.7945,0.71,Rough,FMS_MARITIME,2026-04-06
2021-07-11,27,VLSFO,18.97,9.9,237.6,24,248.622,0.91,Moderate,FMS_MARITIME,2026-04-06
2021-07-12,27,MGO,52.41,18.0,432.0,24,377.7887,0.46,Moderate,FMS_MARITIME,2026-04-06
2021-07-13,27,LSMGO,52.21,14.4,345.6,24,470.4339,0.41,Moderate,FMS_MARITIME,2026-04-06
2021-07-14,27,HFO,82.77,9.3,223.2,24,1154.775,0.75,Rough,FMS_MARITIME,2026-04-06
2021-07-15,27,VLSFO,28.92,14.3,343.2,24,262.4035,0.97,Moderate,FMS_MARITIME,2026-04-06
2021-07-16,27,HFO,37.17,15.6,374.4,24,309.1543,0.44,Moderate,FMS_MARITIME,2026-04-06
2021-07-17,27,VLSFO,84.63,12.6,302.4,24,871.4875,0.55,Calm,FMS_MARITIME,2026-04-06
2021-07-18,27,HFO,27.16,14.3,343.2,24,246.4343,0.8,Moderate,FMS_MARITIME,2026-04-06
2021-07-19,27,MGO,23.65,17.6,422.4,24,174.3516,0.96,Rough,FMS_MARITIME,2026-04-06
2021-07-20,27,MGO,36.65,16.7,400.8,24,284.7507,0.88,Calm,FMS_MARITIME,2026-04-06
2021-07-21,27,LSMGO,68.43,15.6,374.4,24,569.1534,0.88,Moderate,FMS_MARITIME,2026-04-06
2021-07-22,27,MGO,46.73,13.0,312.0,24,466.4013,0.53,Calm,FMS_MARITIME,2026-04-06
2021-07-23,27,LSMGO,27.95,10.6,254.4,24,342.1238,0.49,Rough,FMS_MARITIME,2026-04-06
2021-07-24,27,LNG,51.51,10.5,252.0,24,636.5164,0.51,Calm,FMS_MARITIME,2026-04-06
2021-07-25,27,MGO,61.12,9.4,225.6,24,843.6511,0.66,Moderate,FMS_MARITIME,2026-04-06
2021-07-26,27,LSMGO,22.23,12.2,292.8,24,236.4215,0.83,Moderate,FMS_MARITIME,2026-04-06
2021-07-27,27,LNG,21.54,12.1,290.4,24,230.9764,0.42,Rough,FMS_MARITIME,2026-04-06
2021-07-28,27,MGO,51.35,15.7,376.8,24,424.3734,0.45,Moderate,FMS_MARITIME,2026-04-06
2021-07-28,27,LNG,36.07,8.5,204.0,24,550.5979,0.42,Calm,FMS_MARITIME,2026-04-06
2021-07-28,27,MGO,49.98,10.2,244.8,24,635.775,0.76,Rough,FMS_MARITIME,2026-04-06
2021-07-01,28,LNG,16.75,13.3,319.2,24,163.407,0.81,Moderate,FMS_MARITIME,2026-04-06
2021-07-02,28,LNG,21.17,11.1,266.4,24,247.4601,0.46,Moderate,FMS_MARITIME,2026-04-06
2021-07-03,28,LSMGO,39.35,8.6,206.4,24,593.6817,0.49,Rough,FMS_MARITIME,2026-04-06
2021-07-04,28,MGO,37.22,11.7,280.8,24,412.7603,0.86,Calm,FMS_MARITIME,2026-04-06
2021-07-05,28,LSMGO,17.83,11.8,283.2,24,196.0544,0.95,Moderate,FMS_MARITIME,2026-04-06
2021-07-06,28,LNG,15.31,9.0,216.0,24,220.7192,0.74,Calm,FMS_MARITIME,2026-04-06
2021-07-07,28,HFO,49.95,10.9,261.6,24,594.5883,0.66,Rough,FMS_MARITIME,2026-04-06
2021-07-08,28,MGO,75.56,9.7,232.8,24,1010.7124,0.95,Calm,FMS_MARITIME,2026-04-06
2021-07-09,28,VLSFO,23.01,14.7,352.8,24,203.0985,0.5,Calm,FMS_MARITIME,2026-04-06
2021-07-10,28,MGO,32.52,12.3,295.2,24,343.0463,0.9,Rough,FMS_MARITIME,2026-04-06
2021-07-11,28,VLSFO,46.7,15.5,372.0,24,390.9242,0.52,Calm,FMS_MARITIME,2026-04-06
2021-07-12,28,MGO,31.63,9.1,218.4,24,450.9882,0.53,Rough,FMS_MARITIME,2026-04-06
2021-07-13,28,VLSFO,34.26,11.6,278.4,24,383.2099,0.46,Rough,FMS_MARITIME,2026-04-06
2021-07-14,28,LSMGO,19.92,15.5,372.0,24,166.7497,0.9,Rough,FMS_MARITIME,2026-04-06
2021-07-15,28,LNG,24.54,14.9,357.6,24,213.6956,0.91,Moderate,FMS_MARITIME,2026-04-06
2021-07-16,28,LNG,60.63,15.9,381.6,24,494.7637,0.99,Calm,FMS_MARITIME,2026-04-06
2021-07-17,28,LSMGO,67.28,16.4,393.6,24,532.2915,0.64,Calm,FMS_MARITIME,2026-04-06
2021-07-18,28,LNG,54.78,8.0,192.0,24,888.4631,0.49,Rough,FMS_MARITIME,2026-04-06
2021-07-19,28,LSMGO,50.14,13.9,333.6,24,468.0335,0.57,Calm,FMS_MARITIME,2026-04-06
2021-07-20,28,VLSFO,18.84,9.4,225.6,24,260.0521,0.9,Moderate,FMS_MARITIME,2026-04-06
2021-07-21,28,HFO,70.93,17.5,420.0,24,525.8953,0.76,Moderate,FMS_MARITIME,2026-04-06
2021-07-22,28,LSMGO,72.67,12.2,292.8,24,772.8633,0.56,Moderate,FMS_MARITIME,2026-04-06
2021-07-23,28,LSMGO,41.28,10.9,261.6,24,491.3835,0.62,Rough,FMS_MARITIME,2026-04-06
2021-07-24,28,MGO,67.23,12.7,304.8,24,686.8577,0.74,Rough,FMS_MARITIME,2026-04-06
2021-07-25,28,MGO,43.78,11.9,285.6,24,477.3492,0.88,Calm,FMS_MARITIME,2026-04-06
2021-07-26,28,LSMGO,31.13,10.3,247.2,24,392.1473,0.77,Moderate,FMS_MARITIME,2026-04-06
2021-07-27,28,VLSFO,50.35,8.3,199.2,24,787.0979,0.77,Moderate,FMS_MARITIME,2026-04-06
2021-07-28,28,HFO,60.86,17.7,424.8,24,446.1347,0.67,Calm,FMS_MARITIME,2026-04-06
2021-07-28,28,LNG,44.99,12.3,295.2,24,474.5896,0.96,Moderate,FMS_MARITIME,2026-04-06
2021-07-28,28,LSMGO,52.71,16.0,384.0,24,427.4452,0.49,Moderate,FMS_MARITIME,2026-04-06
2021-07-01,29,HFO,62.72,13.5,324.0,24,602.8089,0.93,Calm,FMS_MARITIME,2026-04-06
2021-07-02,29,HFO,79.5,14.9,357.6,24,692.2903,0.65,Calm,FMS_MARITIME,2026-04-06
2021-07-03,29,MGO,42.97,15.3,367.2,24,364.4025,0.45,Calm,FMS_MARITIME,2026-04-06
2021-07-04,29,VLSFO,52.91,8.2,196.8,24,837.204,0.65,Rough,FMS_MARITIME,2026-04-06
2021-07-05,29,MGO,53.1,15.7,376.8,24,438.836,0.42,Moderate,FMS_MARITIME,2026-04-06
2021-07-06,29,HFO,72.52,16.3,391.2,24,577.2681,0.77,Rough,FMS_MARITIME,2026-04-06
2021-07-07,29,VLSFO,58.21,10.3,247.2,24,733.2765,0.53,Rough,FMS_MARITIME,2026-04-06
2021-07-08,29,LNG,81.56,13.0,312.0,24,814.0315,0.84,Moderate,FMS_MARITIME,2026-04-06
2021-07-09,29,MGO,32.72,12.8,307.2,24,331.6734,0.79,Rough,FMS_MARITIME,2026-04-06
2021-07-10,29,MGO,18.63,10.1,242.4,24,239.3309,0.49,Calm,FMS_MARITIME,2026-04-06
2021-07-11,29,HFO,33.12,16.7,400.8,24,257.3246,0.97,Rough,FMS_MARITIME,2026-04-06
2021-07-12,29,VLSFO,55.7,8.5,204.0,24,850.2441,0.89,Moderate,FMS_MARITIME,2026-04-06
2021-07-13,29,VLSFO,44.61,10.1,242.4,24,573.0839,0.87,Calm,FMS_MARITIME,2026-04-06
2021-07-14,29,LSMGO,68.58,17.7,424.8,24,502.7263,0.95,Rough,FMS_MARITIME,2026-04-06
2021-07-15,29,HFO,15.24,16.8,403.2,24,117.7018,0.98,Rough,FMS_MARITIME,2026-04-06
2021-07-16,29,LSMGO,83.18,12.6,302.4,24,856.556,0.61,Moderate,FMS_MARITIME,2026-04-06
2021-07-17,29,HFO,68.19,12.3,295.2,24,719.3213,0.72,Moderate,FMS_MARITIME,2026-04-06
2021-07-18,29,LSMGO,17.32,12.6,302.4,24,178.3548,0.81,Calm,FMS_MARITIME,2026-04-06
2021-07-19,29,LNG,54.5,8.5,204.0,24,831.9265,0.41,Calm,FMS_MARITIME,2026-04-06
2021-07-20,29,HFO,63.05,10.9,261.6,24,750.5264,0.45,Rough,FMS_MARITIME,2026-04-06
2021-07-21,29,LSMGO,79.11,15.0,360.0,24,684.3015,0.5,Moderate,FMS_MARITIME,2026-04-06
2021-07-22,29,VLSFO,71.05,17.7,424.8,24,520.8326,0.84,Moderate,FMS_MARITIME,2026-04-06
2021-07-23,29,LSMGO,78.93,10.1,242.4,24,1013.977,0.54,Moderate,FMS_MARITIME,2026-04-06
2021-07-24,29,LNG,47.3,12.1,290.4,24,507.2045,0.76,Rough,FMS_MARITIME,2026-04-06
2021-07-25,29,HFO,25.8,10.8,259.2,24,309.9583,0.41,Rough,FMS_MARITIME,2026-04-06
2021-07-26,29,MGO,39.76,13.0,312.0,24,396.8354,0.48,Rough,FMS_MARITIME,2026-04-06
2021-07-27,29,MGO,47.62,16.1,386.4,24,383.7699,0.94,Rough,FMS_MARITIME,2026-04-06
2021-07-28,29,LNG,40.59,12.3,295.2,24,428.175,0.42,Moderate,FMS_MARITIME,2026-04-06
2021-07-28,29,MGO,55.92,14.7,352.8,24,493.5796,0.94,Calm,FMS_MARITIME,2026-04-06
2021-07-28,29,MGO,66.42,12.7,304.8,24,678.5823,0.93,Rough,FMS_MARITIME,2026-04-06
2021-07-01,30,MGO,45.26,8.5,204.0,24,690.8806,0.91,Rough,FMS_MARITIME,2026-04-06
2021-07-02,30,VLSFO,75.47,16.2,388.8,24,604.4588,0.63,Moderate,FMS_MARITIME,2026-04-06
2021-07-03,30,LNG,45.37,14.5,348.0,24,405.9833,0.75,Moderate,FMS_MARITIME,2026-04-06
2021-07-04,30,LSMGO,44.58,13.2,316.8,24,438.2011,0.95,Moderate,FMS_MARITIME,2026-04-06
2021-07-05,30,LSMGO,42.51,12.0,288.0,24,459.6394,0.55,Moderate,FMS_MARITIME,2026-04-06
2021-07-06,30,MGO,39.58,15.8,379.2,24,325.032,0.89,Rough,FMS_MARITIME,2026-04-06
2021-07-07,30,LSMGO,61.15,14.3,343.2,24,554.84,0.54,Rough,FMS_MARITIME,2026-04-06
2021-07-08,30,VLSFO,40.14,15.7,376.8,24,331.7303,0.96,Calm,FMS_MARITIME,2026-04-06
2021-07-09,30,MGO,55.68,11.5,276.0,24,628.2157,0.9,Rough,FMS_MARITIME,2026-04-06
2021-07-10,30,HFO,58.74,13.6,326.4,24,560.4055,0.51,Calm,FMS_MARITIME,2026-04-06
2021-07-11,30,MGO,48.92,17.7,424.8,24,358.6085,0.57,Calm,FMS_MARITIME,2026-04-06
2021-07-12,30,LNG,82.61,14.6,350.4,24,734.1539,0.7,Rough,FMS_MARITIME,2026-04-06
2021-07-13,30,LNG,37.29,11.8,283.2,24,410.032,0.77,Rough,FMS_MARITIME,2026-04-06
2021-07-14,30,VLSFO,35.97,11.6,278.4,24,402.3369,0.82,Calm,FMS_MARITIME,2026-04-06
2021-07-15,30,LSMGO,71.32,17.1,410.4,24,541.1561,0.41,Moderate,FMS_MARITIME,2026-04-06
2021-07-16,30,HFO,58.77,13.8,331.2,24,552.5658,0.61,Calm,FMS_MARITIME,2026-04-06
2021-07-17,30,MGO,17.69,8.3,199.2,24,276.5395,0.82,Rough,FMS_MARITIME,2026-04-06
2021-07-18,30,HFO,19.9,14.5,348.0,24,178.0707,0.59,Rough,FMS_MARITIME,2026-04-06
2021-07-19,30,HFO,50.87,15.2,364.8,24,434.2357,0.42,Rough,FMS_MARITIME,2026-04-06
2021-07-20,30,VLSFO,23.68,10.9,261.6,24,281.8789,0.58,Moderate,FMS_MARITIME,2026-04-06
2021-07-21,30,VLSFO,59.67,10.6,254.4,24,730.3946,0.98,Calm,FMS_MARITIME,2026-04-06
2021-07-22,30,LSMGO,78.45,14.2,340.8,24,716.8231,0.66,Moderate,FMS_MARITIME,2026-04-06
2021-07-23,30,LSMGO,23.97,11.3,271.2,24,275.2308,0.94,Moderate,FMS_MARITIME,2026-04-06
2021-07-24,30,HFO,79.06,17.3,415.2,24,592.95,0.98,Calm,FMS_MARITIME,2026-04-06
2021-07-25,30,MGO,74.2,14.6,350.4,24,659.4144,0.51,Rough,FMS_MARITIME,2026-04-06
2021-07-26,30,VLSFO,38.04,14.6,350.4,24,338.061,0.82,Calm,FMS_MARITIME,2026-04-06
2021-07-27,30,HFO,59.74,17.3,415.2,24,448.05,0.89,Moderate,FMS_MARITIME,2026-04-06
2021-07-28,30,HFO,26.05,10.1,242.4,24,334.6522,0.72,Rough,FMS_MARITIME,2026-04-06
2021-07-28,30,VLSFO,68.72,15.1,362.4,24,590.4914,0.64,Calm,FMS_MARITIME,2026-04-06
2021-07-28,30,LNG,52.9,14.8,355.2,24,463.7686,0.91,Calm,FMS_MARITIME,2026-04-06
2021-07-01,31,LNG,42.09,14.5,348.0,24,376.6329,0.73,Moderate,FMS_MARITIME,2026-04-06
2021-07-02,31,MGO,15.88,12.7,304.8,24,162.2386,0.65,Moderate,FMS_MARITIME,2026-04-06
2021-07-03,31,MGO,46.84,8.4,201.6,24,723.5107,0.45,Calm,FMS_MARITIME,2026-04-06
2021-07-04,31,LSMGO,69.12,8.7,208.8,24,1030.8414,0.69,Moderate,FMS_MARITIME,2026-04-06
2021-07-05,31,LNG,55.16,13.5,324.0,24,530.1489,0.77,Rough,FMS_MARITIME,2026-04-06
2021-07-06,31,MGO,42.82,16.8,403.2,24,330.708,0.55,Moderate,FMS_MARITIME,2026-04-06
2021-07-07,31,HFO,71.37,10.3,247.2,24,899.0541,0.83,Calm,FMS_MARITIME,2026-04-06
2021-07-08,31,LNG,68.09,14.5,348.0,24,609.2881,0.81,Moderate,FMS_MARITIME,2026-04-06
2021-07-09,31,VLSFO,54.53,12.3,295.2,24,575.225,0.57,Rough,FMS_MARITIME,2026-04-06
2021-07-10,31,VLSFO,50.66,13.2,316.8,24,497.9648,0.83,Rough,FMS_MARITIME,2026-04-06
2021-07-11,31,LNG,48.85,15.4,369.6,24,411.5771,0.78,Moderate,FMS_MARITIME,2026-04-06
2021-07-12,31,LNG,46.99,16.7,400.8,24,365.087,0.91,Rough,FMS_MARITIME,2026-04-06
2021-07-13,31,LSMGO,57.62,10.4,249.6,24,718.8649,0.94,Moderate,FMS_MARITIME,2026-04-06
2021-07-14,31,LSMGO,53.83,13.8,331.2,24,506.119,0.95,Calm,FMS_MARITIME,2026-04-06
2021-07-15,31,VLSFO,83.89,17.4,417.6,24,625.5591,0.76,Calm,FMS_MARITIME,2026-04-06
2021-07-16,31,LSMGO,29.47,16.3,391.2,24,234.5848,0.77,Calm,FMS_MARITIME,2026-04-06
2021-07-17,31,MGO,40.8,16.8,403.2,24,315.1071,0.96,Calm,FMS_MARITIME,2026-04-06
2021-07-18,31,LNG,84.47,8.6,206.4,24,1274.4166,0.56,Rough,FMS_MARITIME,2026-04-06
2021-07-19,31,VLSFO,82.55,12.9,309.6,24,830.2994,0.49,Rough,FMS_MARITIME,2026-04-06
2021-07-20,31,VLSFO,52.37,9.6,230.4,24,707.8133,0.77,Rough,FMS_MARITIME,2026-04-06
2021-07-21,31,VLSFO,74.29,8.2,196.8,24,1175.5034,0.73,Calm,FMS_MARITIME,2026-04-06
2021-07-22,31,VLSFO,53.58,16.1,386.4,24,431.8016,0.77,Calm,FMS_MARITIME,2026-04-06
2021-07-23,31,LNG,69.86,10.5,252.0,24,863.27,0.49,Calm,FMS_MARITIME,2026-04-06
2021-07-24,31,LSMGO,23.89,13.3,319.2,24,233.0622,0.45,Rough,FMS_MARITIME,2026-04-06
2021-07-25,31,VLSFO,17.94,16.4,393.6,24,141.9338,0.72,Calm,FMS_MARITIME,2026-04-06
2021-07-26,31,LNG,48.31,15.4,369.6,24,407.0274,0.54,Calm,FMS_MARITIME,2026-04-06
2021-07-27,31,LNG,28.13,17.6,422.4,24,207.3788,0.58,Rough,FMS_MARITIME,2026-04-06
2021-07-28,31,LNG,57.69,11.3,271.2,24,662.4139,0.77,Moderate,FMS_MARITIME,2026-04-06
2021-07-28,31,HFO,18.0,9.7,232.8,24,240.7732,0.86,Calm,FMS_MARITIME,2026-04-06
2021-07-28,31,LNG,72.78,14.4,345.6,24,655.7781,0.72,Rough,FMS_MARITIME,2026-04-06
2021-07-01,32,LSMGO,33.37,8.1,194.4,24,534.538,0.51,Moderate,FMS_MARITIME,2026-04-06
2021-07-02,32,MGO,35.11,8.6,206.4,24,529.7119,0.54,Calm,FMS_MARITIME,2026-04-06
2021-07-03,32,HFO,71.73,13.2,316.8,24,705.0733,0.69,Rough,FMS_MARITIME,2026-04-06
2021-07-04,32,LSMGO,33.96,8.6,206.4,24,512.3616,0.53,Calm,FMS_MARITIME,2026-04-06
2021-07-05,32,LNG,63.1,10.4,249.6,24,787.2332,0.53,Rough,FMS_MARITIME,2026-04-06
2021-07-06,32,MGO,74.61,12.4,297.6,24,780.6974,0.52,Moderate,FMS_MARITIME,2026-04-06
2021-07-07,32,VLSFO,16.25,14.1,338.4,24,149.5346,0.97,Moderate,FMS_MARITIME,2026-04-06
2021-07-08,32,HFO,57.44,17.2,412.8,24,433.3047,0.59,Calm,FMS_MARITIME,2026-04-06
2021-07-09,32,MGO,39.14,14.3,343.2,24,355.1339,0.7,Calm,FMS_MARITIME,2026-04-06
2021-07-10,32,MGO,26.57,13.6,326.4,24,253.4895,0.96,Calm,FMS_MARITIME,2026-04-06
2021-07-11,32,VLSFO,35.0,16.5,396.0,24,275.2273,0.6,Moderate,FMS_MARITIME,2026-04-06
2021-07-12,32,VLSFO,60.07,16.1,386.4,24,484.1045,0.55,Moderate,FMS_MARITIME,2026-04-06
2021-07-13,32,HFO,81.25,15.7,376.8,24,671.4769,0.49,Rough,FMS_MARITIME,2026-04-06
2021-07-14,32,LNG,53.13,17.2,412.8,24,400.7917,0.59,Rough,FMS_MARITIME,2026-04-06
2021-07-15,32,LNG,46.81,13.9,333.6,24,436.9495,0.52,Rough,FMS_MARITIME,2026-04-06
2021-07-16,32,HFO,21.09,9.4,225.6,24,291.1093,0.52,Moderate,FMS_MARITIME,2026-04-06
2021-07-17,32,MGO,57.42,8.2,196.8,24,908.5665,0.49,Rough,FMS_MARITIME,2026-04-06
2021-07-18,32,MGO,53.76,11.0,264.0,24,634.1236,0.59,Calm,FMS_MARITIME,2026-04-06
2021-07-19,32,LNG,49.1,12.0,288.0,24,530.8937,0.77,Moderate,FMS_MARITIME,2026-04-06
2021-07-20,32,MGO,58.04,8.2,196.8,24,918.3768,0.74,Rough,FMS_MARITIME,2026-04-06
2021-07-21,32,LNG,16.68,11.7,280.8,24,184.9769,0.84,Rough,FMS_MARITIME,2026-04-06
2021-07-22,32,LNG,18.2,14.8,355.2,24,159.5574,0.49,Calm,FMS_MARITIME,2026-04-06
2021-07-23,32,MGO,68.13,17.8,427.2,24,496.6218,0.74,Rough,FMS_MARITIME,2026-04-06
2021-07-24,32,HFO,16.38,8.8,211.2,24,241.5119,0.48,Calm,FMS_MARITIME,2026-04-06
2021-07-25,32,VLSFO,69.89,12.0,288.0,24,755.6856,0.99,Moderate,FMS_MARITIME,2026-04-06
2021-07-26,32,HFO,35.38,17.4,417.6,24,263.825,0.48,Rough,FMS_MARITIME,2026-04-06
2021-07-27,32,LNG,71.66,12.9,309.6,24,720.7663,0.43,Calm,FMS_MARITIME,2026-04-06
2021-07-28,32,VLSFO,56.52,11.3,271.2,24,648.9796,0.92,Calm,FMS_MARITIME,2026-04-06
2021-07-28,32,LNG,40.18,12.5,300.0,24,417.0684,0.76,Moderate,FMS_MARITIME,2026-04-06
2021-07-28,32,LSMGO,29.62,15.1,362.4,24,254.5162,0.97,Calm,FMS_MARITIME,2026-04-06
2021-07-01,33,HFO,68.48,9.9,237.6,24,897.503,0.77,Calm,FMS_MARITIME,2026-04-06
2021-07-02,33,HFO,27.17,14.7,352.8,24,239.8168,0.9,Rough,FMS_MARITIME,2026-04-06
2021-07-03,33,VLSFO,80.42,11.7,280.8,24,891.8372,0.75,Moderate,FMS_MARITIME,2026-04-06
2021-07-04,33,HFO,67.06,17.8,427.2,24,488.8222,0.65,Calm,FMS_MARITIME,2026-04-06
2021-07-05,33,LNG,53.86,15.1,362.4,24,462.8036,0.56,Moderate,FMS_MARITIME,2026-04-06
2021-07-06,33,MGO,82.85,16.5,396.0,24,651.5023,0.92,Moderate,FMS_MARITIME,2026-04-06
2021-07-07,33,HFO,17.86,12.6,302.4,24,183.9155,0.43,Moderate,FMS_MARITIME,2026-04-06
2021-07-08,33,LNG,82.1,12.2,292.8,24,873.1537,0.83,Moderate,FMS_MARITIME,2026-04-06
2021-07-09,33,LNG,57.7,9.4,225.6,24,796.4441,0.55,Rough,FMS_MARITIME,2026-04-06
2021-07-10,33,LSMGO,70.67,16.2,388.8,24,566.0144,0.46,Rough,FMS_MARITIME,2026-04-06
2021-07-11,33,LNG,51.88,17.8,427.2,24,378.1702,0.53,Calm,FMS_MARITIME,2026-04-06
2021-07-12,33,LSMGO,75.17,15.9,381.6,24,613.4156,0.79,Calm,FMS_MARITIME,2026-04-06
2021-07-13,33,LNG,58.4,12.0,288.0,24,631.45,0.5,Calm,FMS_MARITIME,2026-04-06
2021-07-14,33,MGO,50.01,13.7,328.8,24,473.6349,0.51,Moderate,FMS_MARITIME,2026-04-06
2021-07-15,33,LSMGO,49.79,10.6,254.4,24,609.4578,0.93,Rough,FMS_MARITIME,2026-04-06
2021-07-16,33,LNG,58.56,15.5,372.0,24,490.2039,0.56,Calm,FMS_MARITIME,2026-04-06
2021-07-17,33,MGO,23.74,9.0,216.0,24,342.2517,0.41,Calm,FMS_MARITIME,2026-04-06
2021-07-18,33,MGO,83.27,15.5,372.0,24,697.0505,0.95,Calm,FMS_MARITIME,2026-04-06
2021-07-19,33,HFO,31.75,10.2,244.8,24,403.8787,0.83,Moderate,FMS_MARITIME,2026-04-06
2021-07-20,33,LSMGO,47.71,15.8,379.2,24,391.7957,0.6,Rough,FMS_MARITIME,2026-04-06
2021-07-21,33,VLSFO,71.08,17.1,410.4,24,539.3351,0.48,Calm,FMS_MARITIME,2026-04-06
2021-07-22,33,MGO,70.78,12.0,288.0,24,765.3087,0.9,Calm,FMS_MARITIME,2026-04-06
2021-07-23,33,VLSFO,54.09,12.8,307.2,24,548.2951,0.87,Calm,FMS_MARITIME,2026-04-06
2021-07-24,33,VLSFO,56.32,9.4,225.6,24,777.3957,0.75,Rough,FMS_MARITIME,2026-04-06
2021-07-25,33,LSMGO,76.38,8.8,211.2,24,1126.171,0.95,Rough,FMS_MARITIME,2026-04-06
2021-07-26,33,LSMGO,78.02,8.5,204.0,24,1190.9524,0.6,Rough,FMS_MARITIME,2026-04-06
2021-07-27,33,LNG,67.57,9.2,220.8,24,952.9573,0.67,Calm,FMS_MARITIME,2026-04-06
2021-07-28,33,LNG,30.01,10.2,244.8,24,381.7449,0.57,Moderate,FMS_MARITIME,2026-04-06
2021-07-28,33,MGO,17.45,14.8,355.2,24,152.9823,0.8,Rough,FMS_MARITIME,2026-04-06
2021-07-28,33,LSMGO,59.22,15.0,360.0,24,512.253,0.43,Moderate,FMS_MARITIME,2026-04-06
2021-07-01,34,LNG,77.3,15.8,379.2,24,634.7896,0.96,Moderate,FMS_MARITIME,2026-04-06
2021-07-02,34,LNG,73.82,17.4,417.6,24,550.4681,0.78,Moderate,FMS_MARITIME,2026-04-06
2021-07-03,34,LNG,26.47,12.9,309.6,24,266.239,0.95,Moderate,FMS_MARITIME,2026-04-06
2021-07-04,34,VLSFO,16.79,9.3,223.2,24,234.2476,0.52,Moderate,FMS_MARITIME,2026-04-06
2021-07-05,34,HFO,71.45,15.6,374.4,24,594.2716,0.89,Moderate,FMS_MARITIME,2026-04-06
2021-07-06,34,HFO,56.23,16.3,391.2,24,447.5977,0.53,Moderate,FMS_MARITIME,2026-04-06
2021-07-07,34,HFO,79.15,15.9,381.6,24,645.8939,0.91,Calm,FMS_MARITIME,2026-04-06
2021-07-08,34,VLSFO,78.43,13.5,324.0,24,753.7994,0.94,Moderate,FMS_MARITIME,2026-04-06
2021-07-09,34,VLSFO,68.17,10.6,254.4,24,834.4394,0.96,Calm,FMS_MARITIME,2026-04-06
2021-07-10,34,VLSFO,22.53,15.2,364.8,24,192.3202,0.76,Rough,FMS_MARITIME,2026-04-06
2021-07-11,34,HFO,22.75,16.8,403.2,24,175.7031,0.46,Calm,FMS_MARITIME,2026-04-06
2021-07-12,34,LSMGO,66.74,17.1,410.4,24,506.4044,0.45,Rough,FMS_MARITIME,2026-04-06
2021-07-13,34,HFO,47.48,15.9,381.6,24,387.4547,0.84,Rough,FMS_MARITIME,2026-04-06
2021-07-14,34,HFO,47.82,9.4,225.6,24,660.0686,0.97,Calm,FMS_MARITIME,2026-04-06
2021-07-15,34,HFO,25.76,10.7,256.8,24,312.3701,0.56,Calm,FMS_MARITIME,2026-04-06
2021-07-16,34,VLSFO,67.0,14.9,357.6,24,583.4396,0.4,Rough,FMS_MARITIME,2026-04-06
2021-07-17,34,LSMGO,48.11,8.7,208.8,24,717.5026,0.76,Moderate,FMS_MARITIME,2026-04-06
2021-07-18,34,VLSFO,38.95,9.2,220.8,24,549.322,0.5,Rough,FMS_MARITIME,2026-04-06
2021-07-19,34,HFO,17.68,10.9,261.6,24,210.4569,0.61,Rough,FMS_MARITIME,2026-04-06
2021-07-20,34,HFO,59.83,13.8,331.2,24,562.5321,0.63,Calm,FMS_MARITIME,2026-04-06
2021-07-21,34,MGO,20.19,14.2,340.8,24,184.4826,0.65,Rough,FMS_MARITIME,2026-04-06
2021-07-22,34,VLSFO,24.36,13.4,321.6,24,235.8739,0.44,Rough,FMS_MARITIME,2026-04-06
2021-07-23,34,LNG,55.2,10.7,256.8,24,669.3645,0.54,Calm,FMS_MARITIME,2026-04-06
2021-07-24,34,HFO,76.93,14.5,348.0,24,688.3909,0.96,Calm,FMS_MARITIME,2026-04-06
2021-07-25,34,LSMGO,59.62,8.7,208.8,24,889.1603,0.86,Moderate,FMS_MARITIME,2026-04-06
2021-07-26,34,VLSFO,73.05,14.8,355.2,24,640.4215,0.97,Moderate,FMS_MARITIME,2026-04-06
2021-07-27,34,HFO,24.08,8.6,206.4,24,363.3,0.64,Moderate,FMS_MARITIME,2026-04-06
2021-07-28,34,HFO,29.57,15.5,372.0,24,247.5295,0.68,Moderate,FMS_MARITIME,2026-04-06
2021-07-28,34,MGO,31.65,15.2,364.8,24,270.1702,0.47,Calm,FMS_MARITIME,2026-04-06
2021-07-28,34,LSMGO,76.43,13.6,326.4,24,729.1759,0.61,Rough,FMS_MARITIME,2026-04-06
2021-07-01,35,VLSFO,22.48,10.4,249.6,24,280.4596,0.74,Moderate,FMS_MARITIME,2026-04-06
2021-07-02,35,MGO,23.43,12.6,302.4,24,241.2732,0.5,Moderate,FMS_MARITIME,2026-04-06
2021-07-03,35,HFO,65.79,17.5,420.0,24,487.7859,0.48,Rough,FMS_MARITIME,2026-04-06
2021-07-04,35,VLSFO,40.13,11.8,283.2,24,441.26,0.87,Moderate,FMS_MARITIME,2026-04-06
2021-07-05,35,LNG,56.34,8.6,206.4,24,850.0134,0.86,Rough,FMS_MARITIME,2026-04-06
2021-07-06,35,MGO,76.15,14.7,352.8,24,672.1403,0.55,Calm,FMS_MARITIME,2026-04-06
2021-07-07,35,MGO,42.25,9.0,216.0,24,609.1042,0.65,Calm,FMS_MARITIME,2026-04-06
2021-07-08,35,MGO,31.03,10.1,242.4,24,398.628,0.79,Moderate,FMS_MARITIME,2026-04-06
2021-07-09,35,LSMGO,64.3,14.1,338.4,24,591.6968,0.6,Moderate,FMS_MARITIME,2026-04-06
2021-07-10,35,MGO,81.31,16.7,400.8,24,631.7349,0.96,Moderate,FMS_MARITIME,2026-04-06
2021-07-11,35,HFO,80.2,13.3,319.2,24,782.4023,0.87,Moderate,FMS_MARITIME,2026-04-06
2021-07-12,35,HFO,30.76,16.0,384.0,24,249.4444,0.71,Rough,FMS_MARITIME,2026-04-06
2021-07-13,35,LSMGO,73.98,15.5,372.0,24,619.2842,0.78,Moderate,FMS_MARITIME,2026-04-06
2021-07-14,35,MGO,41.92,13.8,331.2,24,394.1391,0.78,Rough,FMS_MARITIME,2026-04-06
2021-07-15,35,MGO,49.6,8.5,204.0,24,757.1294,0.68,Rough,FMS_MARITIME,2026-04-06
2021-07-16,35,LSMGO,20.87,14.6,350.4,24,185.4714,0.9,Calm,FMS_MARITIME,2026-04-06
2021-07-17,35,VLSFO,42.41,8.9,213.6,24,618.2806,0.44,Rough,FMS_MARITIME,2026-04-06
2021-07-18,35,MGO,74.37,14.0,336.0,24,689.2505,0.63,Moderate,FMS_MARITIME,2026-04-06
2021-07-19,35,VLSFO,55.1,11.0,264.0,24,649.9295,0.48,Rough,FMS_MARITIME,2026-04-06
2021-07-20,35,VLSFO,55.72,18.0,432.0,24,401.6483,0.96,Rough,FMS_MARITIME,2026-04-06
2021-07-21,35,LSMGO,74.61,15.0,360.0,24,645.3765,0.9,Moderate,FMS_MARITIME,2026-04-06
2021-07-22,35,HFO,50.53,13.6,326.4,24,482.0785,0.56,Rough,FMS_MARITIME,2026-04-06
2021-07-23,35,LNG,80.28,9.4,225.6,24,1108.1202,0.61,Calm,FMS_MARITIME,2026-04-06
2021-07-24,35,MGO,83.01,15.2,364.8,24,708.5887,0.94,Moderate,FMS_MARITIME,2026-04-06
2021-07-25,35,LSMGO,60.56,16.1,386.4,24,488.0534,0.54,Rough,FMS_MARITIME,2026-04-06
2021-07-26,35,HFO,22.46,10.3,247.2,24,282.9306,0.64,Calm,FMS_MARITIME,2026-04-06
2021-07-27,35,LNG,66.76,13.7,328.8,24,632.2708,0.82,Moderate,FMS_MARITIME,2026-04-06
2021-07-28,35,MGO,29.49,10.9,261.6,24,351.0392,0.83,Rough,FMS_MARITIME,2026-04-06
2021-07-28,35,LNG,15.39,17.5,420.0,24,114.1059,0.68,Calm,FMS_MARITIME,2026-04-06
2021-07-28,35,VLSFO,35.01,15.0,360.0,24,302.8365,0.61,Moderate,FMS_MARITIME,2026-04-06
2021-07-01,36,MGO,47.74,9.7,232.8,24,638.584,0.42,Moderate,FMS_MARITIME,2026-04-06
2021-07-02,36,MGO,44.29,8.9,213.6,24,645.6885,0.52,Moderate,FMS_MARITIME,2026-04-06
2021-07-03,36,MGO,27.57,17.9,429.6,24,199.844,0.8,Rough,FMS_MARITIME,2026-04-06
2021-07-04,36,MGO,38.88,11.4,273.6,24,442.5158,0.97,Calm,FMS_MARITIME,2026-04-06
2021-07-05,36,VLSFO,18.21,9.8,235.2,24,241.0967,0.67,Moderate,FMS_MARITIME,2026-04-06
2021-07-06,36,HFO,54.96,13.5,324.0,24,528.2267,0.98,Calm,FMS_MARITIME,2026-04-06
2021-07-07,36,VLSFO,18.99,18.0,432.0,24,136.8862,0.93,Rough,FMS_MARITIME,2026-04-06
2021-07-08,36,VLSFO,69.62,12.1,290.4,24,746.545,0.87,Calm,FMS_MARITIME,2026-04-06
2021-07-09,36,LNG,65.26,17.1,410.4,24,495.1746,0.54,Moderate,FMS_MARITIME,2026-04-06
2021-07-10,36,HFO,61.74,13.8,331.2,24,580.4902,0.45,Moderate,FMS_MARITIME,2026-04-06
2021-07-11,36,VLSFO,34.62,9.9,237.6,24,453.7318,0.42,Calm,FMS_MARITIME,2026-04-06
2021-07-12,36,LSMGO,57.47,17.8,427.2,24,418.9176,0.76,Rough,FMS_MARITIME,2026-04-06
2021-07-13,36,HFO,18.7,15.2,364.8,24,159.6266,0.73,Rough,FMS_MARITIME,2026-04-06
2021-07-14,36,HFO,53.65,8.5,204.0,24,818.9515,0.76,Calm,FMS_MARITIME,2026-04-06
2021-07-15,36,LSMGO,47.59,11.4,273.6,24,541.6493,0.53,Rough,FMS_MARITIME,2026-04-06
2021-07-16,36,LNG,46.06,12.0,288.0,24,498.0237,0.96,Moderate,FMS_MARITIME,2026-04-06
2021-07-17,36,VLSFO,25.67,9.5,228.0,24,350.5982,0.79,Rough,FMS_MARITIME,2026-04-06
2021-07-18,36,HFO,45.64,9.7,232.8,24,610.4938,0.85,Calm,FMS_MARITIME,2026-04-06
2021-07-19,36,VLSFO,75.45,9.6,230.4,24,1019.7539,0.83,Calm,FMS_MARITIME,2026-04-06
2021-07-20,36,LNG,38.02,15.6,374.4,24,316.224,0.55,Moderate,FMS_MARITIME,2026-04-06
2021-07-21,36,VLSFO,56.93,16.7,400.8,24,442.3154,0.42,Moderate,FMS_MARITIME,2026-04-06
2021-07-22,36,LSMGO,61.12,15.3,367.2,24,518.3216,0.84,Moderate,FMS_MARITIME,2026-04-06
2021-07-23,36,MGO,23.63,10.7,256.8,24,286.5414,0.6,Rough,FMS_MARITIME,2026-04-06
2021-07-24,36,HFO,27.77,13.1,314.4,24,275.0502,0.47,Moderate,FMS_MARITIME,2026-04-06
2021-07-25,36,LSMGO,68.56,17.7,424.8,24,502.5797,0.85,Calm,FMS_MARITIME,2026-04-06
2021-07-26,36,VLSFO,23.11,15.8,379.2,24,189.7799,0.77,Rough,FMS_MARITIME,2026-04-06
2021-07-27,36,VLSFO,16.94,13.5,324.0,24,162.8122,0.56,Moderate,FMS_MARITIME,2026-04-06
2021-07-28,36,LSMGO,75.41,13.5,324.0,24,724.7739,0.58,Moderate,FMS_MARITIME,2026-04-06
2021-07-28,36,LNG,83.04,9.0,216.0,24,1197.16,0.59,Calm,FMS_MARITIME,2026-04-06
2021-07-28,36,MGO,50.61,9.8,235.2,24,670.0661,0.66,Calm,FMS_MARITIME,2026-04-06
2021-07-01,37,HFO,68.67,8.1,194.4,24,1099.9917,0.95,Moderate,FMS_MARITIME,2026-04-06
2021-07-02,37,LSMGO,19.69,15.3,367.2,24,166.9789,0.78,Rough,FMS_MARITIME,2026-04-06
2021-07-03,37,LNG,52.11,17.1,410.4,24,395.3961,0.61,Calm,FMS_MARITIME,2026-04-06
2021-07-04,37,VLSFO,53.81,13.6,326.4,24,513.3711,0.74,Calm,FMS_MARITIME,2026-04-06
2021-07-05,37,MGO,69.11,12.1,290.4,24,741.0762,0.85,Moderate,FMS_MARITIME,2026-04-06
2021-07-06,37,LNG,46.12,15.1,362.4,24,396.296,0.42,Calm,FMS_MARITIME,2026-04-06
2021-07-07,37,VLSFO,25.18,13.4,321.6,24,243.8138,0.72,Calm,FMS_MARITIME,2026-04-06
2021-07-08,37,LSMGO,39.76,17.4,417.6,24,296.4862,0.87,Rough,FMS_MARITIME,2026-04-06
2021-07-09,37,HFO,72.47,9.2,220.8,24,1022.0633,0.75,Rough,FMS_MARITIME,2026-04-06
2021-07-10,37,VLSFO,78.82,10.2,244.8,24,1002.6368,0.96,Calm,FMS_MARITIME,2026-04-06
2021-07-11,37,HFO,71.85,13.0,312.0,24,717.1183,0.91,Rough,FMS_MARITIME,2026-04-06
2021-07-12,37,LSMGO,83.86,9.5,228.0,24,1145.3511,0.65,Moderate,FMS_MARITIME,2026-04-06
2021-07-13,37,VLSFO,33.95,15.9,381.6,24,277.0448,0.97,Moderate,FMS_MARITIME,2026-04-06
2021-07-14,37,MGO,69.48,10.8,259.2,24,834.725,0.9,Calm,FMS_MARITIME,2026-04-06
2021-07-15,37,VLSFO,58.78,11.9,285.6,24,640.8996,0.8,Rough,FMS_MARITIME,2026-04-06
2021-07-16,37,LSMGO,54.94,10.1,242.4,24,705.7886,0.43,Calm,FMS_MARITIME,2026-04-06
2021-07-17,37,VLSFO,60.92,9.3,223.2,24,849.9323,0.84,Moderate,FMS_MARITIME,2026-04-06
2021-07-18,37,LNG,54.54,8.2,196.8,24,862.9957,0.49,Moderate,FMS_MARITIME,2026-04-06
2021-07-19,37,VLSFO,19.79,11.4,273.6,24,225.2414,0.86,Rough,FMS_MARITIME,2026-04-06
2021-07-20,37,VLSFO,59.2,13.4,321.6,24,573.2239,0.7,Moderate,FMS_MARITIME,2026-04-06
2021-07-21,37,LSMGO,33.52,10.3,247.2,24,422.2544,0.83,Rough,FMS_MARITIME,2026-04-06
2021-07-22,37,LNG,54.51,17.0,408.0,24,416.0396,0.61,Rough,FMS_MARITIME,2026-04-06
2021-07-23,37,LSMGO,76.58,9.0,216.0,24,1104.0283,0.52,Rough,FMS_MARITIME,2026-04-06
2021-07-24,37,LSMGO,60.87,16.8,403.2,24,470.1121,0.41,Rough,FMS_MARITIME,2026-04-06
2021-07-25,37,VLSFO,27.82,11.2,268.8,24,322.2897,0.71,Moderate,FMS_MARITIME,2026-04-06
2021-07-26,37,HFO,15.31,16.8,403.2,24,118.2424,0.49,Rough,FMS_MARITIME,2026-04-06
2021-07-27,37,LSMGO,16.39,8.5,204.0,24,250.1885,0.59,Calm,FMS_MARITIME,2026-04-06
2021-07-28,37,VLSFO,39.29,10.0,240.0,24,509.7878,0.85,Calm,FMS_MARITIME,2026-04-06
2021-07-28,37,LSMGO,31.19,12.4,297.6,24,326.3631,0.59,Moderate,FMS_MARITIME,2026-04-06
2021-07-28,37,MGO,20.55,8.0,192.0,24,333.2953,0.93,Calm,FMS_MARITIME,2026-04-06
2021-07-01,38,MGO,83.89,12.4,297.6,24,877.8006,0.49,Rough,FMS_MARITIME,2026-04-06
2021-07-02,38,LSMGO,24.28,13.1,314.4,24,240.4832,0.8,Moderate,FMS_MARITIME,2026-04-06
2021-07-03,38,VLSFO,37.68,8.1,194.4,24,603.5778,0.95,Moderate,FMS_MARITIME,2026-04-06
2021-07-04,38,MGO,52.03,12.8,307.2,24,527.4135,0.92,Calm,FMS_MARITIME,2026-04-06
2021-07-05,38,VLSFO,16.32,9.9,237.6,24,213.8909,0.83,Rough,FMS_MARITIME,2026-04-06
2021-07-06,38,LSMGO,47.82,17.5,420.0,24,354.5511,0.75,Calm,FMS_MARITIME,2026-04-06
2021-07-07,38,MGO,49.07,12.7,304.8,24,501.3254,0.46,Moderate,FMS_MARITIME,2026-04-06
2021-07-08,38,HFO,81.64,12.3,295.2,24,861.2024,0.44,Rough,FMS_MARITIME,2026-04-06
2021-07-09,38,MGO,84.94,11.5,276.0,24,958.3448,0.99,Moderate,FMS_MARITIME,2026-04-06
2021-07-10,38,LSMGO,52.23,12.2,292.8,24,555.4789,0.47,Rough,FMS_MARITIME,2026-04-06
2021-07-11,38,MGO,66.83,13.5,324.0,24,642.3106,0.93,Moderate,FMS_MARITIME,2026-04-06
2021-07-12,38,LSMGO,72.36,18.0,432.0,24,521.595,0.69,Calm,FMS_MARITIME,2026-04-06
2021-07-13,38,LNG,56.58,16.4,393.6,24,447.6375,0.68,Moderate,FMS_MARITIME,2026-04-06
2021-07-14,38,HFO,69.55,17.7,424.8,24,509.8369,0.69,Calm,FMS_MARITIME,2026-04-06
2021-07-15,38,VLSFO,65.92,12.8,307.2,24,668.2125,0.4,Moderate,FMS_MARITIME,2026-04-06
2021-07-16,38,VLSFO,52.0,10.3,247.2,24,655.0485,0.75,Rough,FMS_MARITIME,2026-04-06
2021-07-17,38,VLSFO,34.81,9.2,220.8,24,490.9345,0.75,Rough,FMS_MARITIME,2026-04-06
2021-07-18,38,MGO,63.39,13.4,321.6,24,613.795,0.91,Moderate,FMS_MARITIME,2026-04-06
2021-07-19,38,LNG,32.27,9.4,225.6,24,445.429,0.52,Moderate,FMS_MARITIME,2026-04-06
2021-07-20,38,HFO,41.53,8.0,192.0,24,673.5647,0.99,Moderate,FMS_MARITIME,2026-04-06
2021-07-21,38,LNG,26.42,11.7,280.8,24,292.991,0.78,Calm,FMS_MARITIME,2026-04-06
2021-07-22,38,HFO,51.55,13.8,331.2,24,484.6821,0.79,Calm,FMS_MARITIME,2026-04-06
2021-07-23,38,MGO,76.94,9.5,228.0,24,1050.8384,0.92,Rough,FMS_MARITIME,2026-04-06
2021-07-24,38,LNG,49.35,10.3,247.2,24,621.6663,0.52,Calm,FMS_MARITIME,2026-04-06
2021-07-25,38,HFO,52.44,11.4,273.6,24,596.85,0.89,Rough,FMS_MARITIME,2026-04-06
2021-07-26,38,MGO,42.7,12.0,288.0,24,461.6937,0.6,Moderate,FMS_MARITIME,2026-04-06
2021-07-27,38,VLSFO,78.03,15.2,364.8,24,666.0785,0.77,Rough,FMS_MARITIME,2026-04-06
2021-07-28,38,LNG,84.72,12.7,304.8,24,865.5449,0.46,Calm,FMS_MARITIME,2026-04-06
2021-07-28,38,VLSFO,19.1,17.7,424.8,24,140.0127,0.63,Rough,FMS_MARITIME,2026-04-06
2021-07-28,38,MGO,60.14,12.9,309.6,24,604.8965,0.89,Moderate,FMS_MARITIME,2026-04-06
2021-07-01,39,LNG,74.21,12.8,307.2,24,752.2459,0.5,Calm,FMS_MARITIME,2026-04-06
2021-07-02,39,MGO,64.38,10.5,252.0,24,795.5529,0.94,Rough,FMS_MARITIME,2026-04-06
2021-07-03,39,VLSFO,72.7,9.1,218.4,24,1036.5742,0.93,Calm,FMS_MARITIME,2026-04-06
2021-07-04,39,VLSFO,16.28,15.1,362.4,24,139.8894,0.57,Moderate,FMS_MARITIME,2026-04-06
2021-07-05,39,VLSFO,82.5,15.0,360.0,24,713.625,0.64,Calm,FMS_MARITIME,2026-04-06
2021-07-06,39,HFO,84.34,17.2,412.8,24,636.2276,0.69,Calm,FMS_MARITIME,2026-04-06
2021-07-07,39,HFO,26.51,15.8,379.2,24,217.7008,0.44,Moderate,FMS_MARITIME,2026-04-06
2021-07-08,39,HFO,71.43,14.7,352.8,24,630.4791,0.81,Moderate,FMS_MARITIME,2026-04-06
2021-07-09,39,VLSFO,38.67,15.8,379.2,24,317.559,0.66,Moderate,FMS_MARITIME,2026-04-06
2021-07-10,39,LNG,66.23,13.6,326.4,24,631.8634,0.81,Calm,FMS_MARITIME,2026-04-06
2021-07-11,39,MGO,46.56,14.6,350.4,24,413.7781,0.86,Moderate,FMS_MARITIME,2026-04-06
2021-07-12,39,MGO,42.81,16.7,400.8,24,332.6106,0.83,Rough,FMS_MARITIME,2026-04-06
2021-07-13,39,LNG,76.52,16.7,400.8,24,594.5192,0.76,Moderate,FMS_MARITIME,2026-04-06
2021-07-14,39,MGO,19.22,11.6,278.4,24,214.9823,0.87,Calm,FMS_MARITIME,2026-04-06
2021-07-15,39,VLSFO,65.69,11.2,268.8,24,761.0069,0.85,Calm,FMS_MARITIME,2026-04-06
2021-07-16,39,LSMGO,19.95,8.0,192.0,24,323.5641,0.9,Rough,FMS_MARITIME,2026-04-06
2021-07-17,39,HFO,31.12,16.5,396.0,24,244.7164,0.95,Rough,FMS_MARITIME,2026-04-06
2021-07-18,39,MGO,27.95,8.7,208.8,24,416.8405,0.41,Rough,FMS_MARITIME,2026-04-06
2021-07-19,39,VLSFO,41.37,17.1,410.4,24,313.9039,0.46,Rough,FMS_MARITIME,2026-04-06
2021-07-20,39,LNG,26.5,16.0,384.0,24,214.8984,0.77,Moderate,FMS_MARITIME,2026-04-06
2021-07-21,39,VLSFO,21.51,14.3,343.2,24,195.1694,0.96,Moderate,FMS_MARITIME,2026-04-06
2021-07-22,39,LNG,50.77,9.6,230.4,24,686.1883,0.65,Moderate,FMS_MARITIME,2026-04-06
2021-07-23,39,VLSFO,38.99,9.7,232.8,24,521.5415,0.87,Calm,FMS_MARITIME,2026-04-06
2021-07-24,39,LNG,76.8,14.0,336.0,24,711.7714,0.61,Calm,FMS_MARITIME,2026-04-06
2021-07-25,39,HFO,46.19,14.7,352.8,24,407.6974,0.89,Moderate,FMS_MARITIME,2026-04-06
2021-07-26,39,MGO,48.98,14.6,350.4,24,435.2846,0.85,Moderate,FMS_MARITIME,2026-04-06
2021-07-27,39,LSMGO,19.32,10.4,249.6,24,241.0356,0.89,Calm,FMS_MARITIME,2026-04-06
2021-07-28,39,VLSFO,36.98,15.3,367.2,24,313.6049,0.52,Calm,FMS_MARITIME,2026-04-06
2021-07-28,39,LNG,65.18,16.1,386.4,24,525.286,0.76,Rough,FMS_MARITIME,2026-04-06
2021-07-28,39,LSMGO,21.46,10.1,242.4,24,275.6866,0.93,Moderate,FMS_MARITIME,2026-04-06
2021-07-01,40,MGO,35.49,13.3,319.2,24,346.2276,0.66,Moderate,FMS_MARITIME,2026-04-06
2021-07-02,40,MGO,40.41,12.5,300.0,24,419.4558,0.69,Calm,FMS_MARITIME,2026-04-06
2021-07-03,40,HFO,77.29,11.6,278.4,24,864.5153,0.87,Calm,FMS_MARITIME,2026-04-06
2021-07-04,40,HFO,27.53,10.0,240.0,24,357.2018,0.64,Rough,FMS_MARITIME,2026-04-06
2021-07-05,40,LNG,32.39,9.8,235.2,24,428.837,0.95,Calm,FMS_MARITIME,2026-04-06
2021-07-06,40,HFO,51.12,17.5,420.0,24,379.0183,0.4,Calm,FMS_MARITIME,2026-04-06
2021-07-07,40,LNG,50.27,10.5,252.0,24,621.1936,0.45,Calm,FMS_MARITIME,2026-04-06
2021-07-08,40,LSMGO,68.72,15.8,379.2,24,564.3304,0.75,Moderate,FMS_MARITIME,2026-04-06
2021-07-09,40,LSMGO,62.89,12.9,309.6,24,632.5564,0.63,Calm,FMS_MARITIME,2026-04-06
2021-07-10,40,VLSFO,60.94,14.8,355.2,24,534.2544,0.97,Moderate,FMS_MARITIME,2026-04-06
2021-07-11,40,LNG,38.69,8.6,206.4,24,583.7241,0.64,Moderate,FMS_MARITIME,2026-04-06
2021-07-12,40,VLSFO,52.66,13.8,331.2,24,495.1185,0.75,Moderate,FMS_MARITIME,2026-04-06
2021-07-13,40,VLSFO,81.51,17.2,412.8,24,614.8792,0.67,Calm,FMS_MARITIME,2026-04-06
2021-07-14,40,HFO,59.19,8.3,199.2,24,925.2895,0.61,Moderate,FMS_MARITIME,2026-04-06
2021-07-15,40,LSMGO,44.91,13.2,316.8,24,441.4449,0.64,Calm,FMS_MARITIME,2026-04-06
2021-07-16,40,LNG,22.16,8.2,196.8,24,350.6415,0.64,Rough,FMS_MARITIME,2026-04-06
2021-07-17,40,LSMGO,23.28,16.7,400.8,24,180.8731,0.44,Rough,FMS_MARITIME,2026-04-06
2021-07-18,40,MGO,19.92,9.8,235.2,24,263.7367,0.78,Calm,FMS_MARITIME,2026-04-06
2021-07-19,40,HFO,18.47,10.5,252.0,24,228.2364,0.9,Rough,FMS_MARITIME,2026-04-06
2021-07-20,40,HFO,67.53,11.2,268.8,24,782.323,0.87,Rough,FMS_MARITIME,2026-04-06
2021-07-21,40,HFO,27.44,15.0,360.0,24,237.356,0.46,Rough,FMS_MARITIME,2026-04-06
2021-07-22,40,HFO,83.96,12.7,304.8,24,857.7803,0.74,Calm,FMS_MARITIME,2026-04-06
2021-07-23,40,MGO,45.09,11.6,278.4,24,504.3472,0.97,Moderate,FMS_MARITIME,2026-04-06
2021-07-24,40,VLSFO,62.92,10.0,240.0,24,816.387,0.84,Calm,FMS_MARITIME,2026-04-06
2021-07-25,40,VLSFO,24.12,13.1,314.4,24,238.8985,0.99,Rough,FMS_MARITIME,2026-04-06
2021-07-26,40,HFO,25.9,8.9,213.6,24,377.5871,0.45,Calm,FMS_MARITIME,2026-04-06
2021-07-27,40,LNG,36.56,10.2,244.8,24,465.0647,0.68,Rough,FMS_MARITIME,2026-04-06
2021-07-28,40,LSMGO,44.29,14.2,340.8,24,404.6921,0.99,Moderate,FMS_MARITIME,2026-04-06
2021-07-28,40,MGO,51.64,12.7,304.8,24,527.5819,0.92,Calm,FMS_MARITIME,2026-04-06
2021-07-28,40,VLSFO,37.98,16.2,388.8,24,304.1917,0.95,Moderate,FMS_MARITIME,2026-04-06
2021-07-01,41,LSMGO,40.14,14.4,345.6,24,361.6781,0.76,Rough,FMS_MARITIME,2026-04-06
2021-07-02,41,MGO,76.95,14.7,352.8,24,679.2015,0.74,Moderate,FMS_MARITIME,2026-04-06
2021-07-03,41,LNG,41.48,15.1,362.4,24,356.4258,0.51,Rough,FMS_MARITIME,2026-04-06
2021-07-04,41,HFO,84.24,17.7,424.8,24,617.522,0.83,Calm,FMS_MARITIME,2026-04-06
2021-07-05,41,VLSFO,28.83,15.0,360.0,24,249.3795,0.84,Rough,FMS_MARITIME,2026-04-06
2021-07-06,41,HFO,20.95,17.3,415.2,24,157.125,0.9,Moderate,FMS_MARITIME,2026-04-06
2021-07-07,41,LSMGO,43.2,11.4,273.6,24,491.6842,0.85,Calm,FMS_MARITIME,2026-04-06
2021-07-08,41,LSMGO,73.47,13.6,326.4,24,700.9362,0.83,Rough,FMS_MARITIME,2026-04-06
2021-07-09,41,HFO,78.58,9.1,218.4,24,1120.4126,0.7,Calm,FMS_MARITIME,2026-04-06
2021-07-10,41,VLSFO,66.34,10.2,244.8,24,843.8838,0.6,Moderate,FMS_MARITIME,2026-04-06
2021-07-11,41,LNG,74.97,14.9,357.6,24,652.8428,0.85,Calm,FMS_MARITIME,2026-04-06
2021-07-12,41,HFO,41.61,10.2,244.8,24,529.3037,0.76,Calm,FMS_MARITIME,2026-04-06
2021-07-13,41,HFO,45.97,17.4,417.6,24,342.7935,0.6,Calm,FMS_MARITIME,2026-04-06
2021-07-14,41,LSMGO,38.51,15.9,381.6,24,314.2561,0.82,Calm,FMS_MARITIME,2026-04-06
2021-07-15,41,MGO,62.71,16.6,398.4,24,490.158,0.69,Rough,FMS_MARITIME,2026-04-06
2021-07-16,41,HFO,53.18,8.8,211.2,24,784.1028,0.45,Calm,FMS_MARITIME,2026-04-06
2021-07-17,41,MGO,75.39,12.1,290.4,24,808.4176,0.8,Rough,FMS_MARITIME,2026-04-06
2021-07-18,41,LNG,77.53,14.0,336.0,24,718.537,0.46,Rough,FMS_MARITIME,2026-04-06
2021-07-19,41,LNG,50.17,16.4,393.6,24,396.9242,0.68,Rough,FMS_MARITIME,2026-04-06
2021-07-20,41,MGO,78.5,8.0,192.0,24,1273.1719,0.52,Calm,FMS_MARITIME,2026-04-06
2021-07-21,41,VLSFO,32.52,12.9,309.6,24,327.0907,0.56,Rough,FMS_MARITIME,2026-04-06
2021-07-22,41,HFO,54.0,17.6,422.4,24,398.0966,0.69,Calm,FMS_MARITIME,2026-04-06
2021-07-23,41,MGO,16.72,11.4,273.6,24,190.3,0.7,Rough,FMS_MARITIME,2026-04-06
2021-07-24,41,HFO,78.09,13.7,328.8,24,739.575,0.74,Moderate,FMS_MARITIME,2026-04-06
2021-07-25,41,VLSFO,39.41,15.4,369.6,24,332.042,0.8,Moderate,FMS_MARITIME,2026-04-06
2021-07-26,41,LNG,25.09,13.7,328.8,24,237.6224,0.95,Moderate,FMS_MARITIME,2026-04-06
2021-07-27,41,LNG,46.07,15.7,376.8,24,380.7377,0.56,Moderate,FMS_MARITIME,2026-04-06
2021-07-28,41,LNG,44.27,16.3,391.2,24,352.3946,0.97,Moderate,FMS_MARITIME,2026-04-06
2021-07-28,41,MGO,19.14,12.8,307.2,24,194.0168,0.88,Moderate,FMS_MARITIME,2026-04-06
2021-07-28,41,LSMGO,78.73,8.3,199.2,24,1230.7491,0.6,Rough,FMS_MARITIME,2026-04-06
2021-07-01,42,VLSFO,46.12,15.1,362.4,24,396.296,0.7,Calm,FMS_MARITIME,2026-04-06
2021-07-02,42,LSMGO,64.14,8.4,201.6,24,990.7339,0.7,Moderate,FMS_MARITIME,2026-04-06
2021-07-03,42,MGO,64.57,16.5,396.0,24,507.755,0.43,Moderate,FMS_MARITIME,2026-04-06
2021-07-04,42,MGO,66.75,11.1,266.4,24,780.2534,0.5,Calm,FMS_MARITIME,2026-04-06
2021-07-05,42,VLSFO,60.07,14.6,350.4,24,533.8413,0.61,Rough,FMS_MARITIME,2026-04-06
2021-07-06,42,LSMGO,57.11,9.4,225.6,24,788.3003,1.0,Calm,FMS_MARITIME,2026-04-06
2021-07-07,42,VLSFO,39.8,13.0,312.0,24,397.2346,0.97,Calm,FMS_MARITIME,2026-04-06
2021-07-08,42,HFO,22.04,15.9,381.6,24,179.8547,0.95,Calm,FMS_MARITIME,2026-04-06
2021-07-09,42,HFO,44.32,13.8,331.2,24,416.7043,0.87,Moderate,FMS_MARITIME,2026-04-06
2021-07-10,42,VLSFO,30.68,8.7,208.8,24,457.5552,0.75,Calm,FMS_MARITIME,2026-04-06
2021-07-11,42,LNG,19.54,8.2,196.8,24,309.1848,0.8,Calm,FMS_MARITIME,2026-04-06
2021-07-12,42,MGO,34.63,9.2,220.8,24,488.3959,0.43,Rough,FMS_MARITIME,2026-04-06
2021-07-13,42,MGO,39.42,11.0,264.0,24,464.9768,0.77,Moderate,FMS_MARITIME,2026-04-06
2021-07-14,42,MGO,44.84,8.2,196.8,24,709.511,0.77,Calm,FMS_MARITIME,2026-04-06
2021-07-15,42,MGO,77.68,11.2,268.8,24,899.9089,0.43,Moderate,FMS_MARITIME,2026-04-06
2021-07-16,42,MGO,27.19,11.6,278.4,24,304.1295,0.42,Calm,FMS_MARITIME,2026-04-06
2021-07-17,42,VLSFO,54.52,9.4,225.6,24,752.55,0.47,Calm,FMS_MARITIME,2026-04-06
2021-07-18,42,LNG,57.77,13.1,314.4,24,572.1876,0.74,Rough,FMS_MARITIME,2026-04-06
2021-07-19,42,LNG,56.4,8.4,201.6,24,871.1786,0.55,Rough,FMS_MARITIME,2026-04-06
2021-07-20,42,VLSFO,34.79,13.0,312.0,24,347.231,0.97,Moderate,FMS_MARITIME,2026-04-06
2021-07-21,42,LSMGO,33.36,11.3,271.2,24,383.0496,0.82,Calm,FMS_MARITIME,2026-04-06
2021-07-22,42,LSMGO,18.53,17.4,417.6,24,138.1763,0.73,Calm,FMS_MARITIME,2026-04-06
2021-07-23,42,MGO,27.89,15.5,372.0,24,233.4663,0.75,Moderate,FMS_MARITIME,2026-04-06
2021-07-24,42,VLSFO,77.68,15.5,372.0,24,650.2568,0.7,Rough,FMS_MARITIME,2026-04-06
2021-07-25,42,LNG,69.05,11.7,280.8,24,765.7468,0.86,Rough,FMS_MARITIME,2026-04-06
2021-07-26,42,LSMGO,15.99,8.2,196.8,24,253.0125,0.62,Moderate,FMS_MARITIME,2026-04-06
2021-07-27,42,MGO,79.89,16.7,400.8,24,620.7022,0.59,Rough,FMS_MARITIME,2026-04-06
2021-07-28,42,LSMGO,45.55,18.0,432.0,24,328.3396,0.75,Calm,FMS_MARITIME,2026-04-06
2021-07-28,42,MGO,74.7,11.2,268.8,24,865.3862,0.91,Calm,FMS_MARITIME,2026-04-06
2021-07-28,42,MGO,50.55,13.2,316.8,24,496.8835,0.75,Calm,FMS_MARITIME,2026-04-06
2021-07-01,43,HFO,49.02,11.6,278.4,24,548.3056,0.96,Rough,FMS_MARITIME,2026-04-06
2021-07-02,43,HFO,74.58,8.7,208.8,24,1112.2707,0.46,Moderate,FMS_MARITIME,2026-04-06
2021-07-03,43,HFO,57.81,10.7,256.8,24,701.0138,0.91,Calm,FMS_MARITIME,2026-04-06
2021-07-04,43,HFO,84.53,12.4,297.6,24,884.4974,0.96,Moderate,FMS_MARITIME,2026-04-06
2021-07-05,43,HFO,17.15,11.7,280.8,24,190.1891,0.65,Rough,FMS_MARITIME,2026-04-06
2021-07-06,43,LNG,70.8,9.7,232.8,24,947.0412,0.9,Calm,FMS_MARITIME,2026-04-06
2021-07-07,43,HFO,33.25,14.4,345.6,24,299.5964,0.73,Moderate,FMS_MARITIME,2026-04-06
2021-07-08,43,HFO,62.23,12.2,292.8,24,661.8314,0.7,Calm,FMS_MARITIME,2026-04-06
2021-07-09,43,LSMGO,41.0,16.3,391.2,24,326.365,0.57,Rough,FMS_MARITIME,2026-04-06
2021-07-10,43,LSMGO,78.43,14.1,338.4,24,721.7229,0.72,Moderate,FMS_MARITIME,2026-04-06
2021-07-11,43,LNG,78.66,11.8,283.2,24,864.9267,0.53,Calm,FMS_MARITIME,2026-04-06
2021-07-12,43,MGO,44.01,15.0,360.0,24,380.6865,0.4,Moderate,FMS_MARITIME,2026-04-06
2021-07-13,43,LNG,51.82,17.2,412.8,24,390.9096,0.97,Moderate,FMS_MARITIME,2026-04-06
2021-07-14,43,LNG,78.02,15.7,376.8,24,644.7831,0.64,Rough,FMS_MARITIME,2026-04-06
2021-07-15,43,LNG,25.44,15.3,367.2,24,215.7412,0.82,Calm,FMS_MARITIME,2026-04-06
2021-07-16,43,VLSFO,55.1,8.4,201.6,24,851.0982,0.58,Calm,FMS_MARITIME,2026-04-06
2021-07-17,43,MGO,40.92,11.6,278.4,24,457.7043,0.57,Rough,FMS_MARITIME,2026-04-06
2021-07-18,43,LSMGO,47.26,13.0,312.0,24,471.6912,0.85,Calm,FMS_MARITIME,2026-04-06
2021-07-19,43,VLSFO,40.26,9.0,216.0,24,580.415,0.82,Moderate,FMS_MARITIME,2026-04-06
2021-07-20,43,LNG,30.6,11.1,266.4,24,357.6892,0.55,Calm,FMS_MARITIME,2026-04-06
2021-07-21,43,LNG,27.51,13.5,324.0,24,264.4017,0.87,Calm,FMS_MARITIME,2026-04-06
2021-07-22,43,VLSFO,57.12,8.1,194.4,24,914.9778,0.5,Calm,FMS_MARITIME,2026-04-06
2021-07-23,43,VLSFO,39.55,10.2,244.8,24,503.0993,0.4,Rough,FMS_MARITIME,2026-04-06
2021-07-24,43,LSMGO,80.0,10.9,261.6,24,952.2936,0.66,Calm,FMS_MARITIME,2026-04-06
2021-07-25,43,VLSFO,79.17,9.1,218.4,24,1128.825,0.76,Calm,FMS_MARITIME,2026-04-06
2021-07-26,43,LSMGO,40.43,14.6,350.4,24,359.3009,0.55,Rough,FMS_MARITIME,2026-04-06
2021-07-27,43,VLSFO,42.99,9.2,220.8,24,606.2992,0.72,Calm,FMS_MARITIME,2026-04-06
2021-07-28,43,VLSFO,69.05,17.6,422.4,24,509.0476,0.51,Calm,FMS_MARITIME,2026-04-06
2021-07-28,43,VLSFO,21.67,14.9,357.6,24,188.7035,0.49,Calm,FMS_MARITIME,2026-04-06
2021-07-28,43,LSMGO,19.3,17.2,412.8,24,145.5916,0.8,Calm,FMS_MARITIME,2026-04-06
2021-07-01,44,LNG,21.5,16.6,398.4,24,168.0497,0.74,Rough,FMS_MARITIME,2026-04-06
2021-07-02,44,HFO,47.26,17.7,424.8,24,346.4398,0.72,Moderate,FMS_MARITIME,2026-04-06
2021-07-03,44,VLSFO,41.46,11.5,276.0,24,467.777,0.72,Rough,FMS_MARITIME,2026-04-06
2021-07-04,44,VLSFO,49.67,12.1,290.4,24,532.6184,0.4,Moderate,FMS_MARITIME,2026-04-06
2021-07-05,44,VLSFO,69.0,15.9,381.6,24,563.066,0.51,Rough,FMS_MARITIME,2026-04-06
2021-07-06,44,HFO,50.93,15.3,367.2,24,431.9064,0.63,Moderate,FMS_MARITIME,2026-04-06
2021-07-07,44,LNG,24.84,17.5,420.0,24,184.1709,0.84,Rough,FMS_MARITIME,2026-04-06
2021-07-08,44,VLSFO,70.08,14.9,357.6,24,610.2604,0.51,Calm,FMS_MARITIME,2026-04-06
2021-07-09,44,LNG,54.62,9.1,218.4,24,778.7852,0.75,Rough,FMS_MARITIME,2026-04-06
2021-07-10,44,MGO,72.52,10.8,259.2,24,871.2472,0.61,Moderate,FMS_MARITIME,2026-04-06
2021-07-11,44,LSMGO,78.29,15.7,376.8,24,647.0145,0.84,Rough,FMS_MARITIME,2026-04-06
2021-07-12,44,MGO,21.88,8.5,204.0,24,333.9918,0.66,Moderate,FMS_MARITIME,2026-04-06
2021-07-13,44,VLSFO,57.15,13.3,319.2,24,557.5348,0.91,Moderate,FMS_MARITIME,2026-04-06
2021-07-14,44,LNG,38.52,12.6,302.4,24,396.6643,0.81,Calm,FMS_MARITIME,2026-04-06
2021-07-15,44,LSMGO,68.96,17.6,422.4,24,508.3841,0.89,Calm,FMS_MARITIME,2026-04-06
2021-07-16,44,LSMGO,55.17,17.2,412.8,24,416.1807,0.99,Calm,FMS_MARITIME,2026-04-06
2021-07-17,44,HFO,56.83,12.3,295.2,24,599.4872,0.68,Calm,FMS_MARITIME,2026-04-06
2021-07-18,44,LNG,51.86,9.9,237.6,24,679.6803,0.42,Moderate,FMS_MARITIME,2026-04-06
2021-07-19,44,LNG,56.79,13.4,321.6,24,549.8882,0.57,Rough,FMS_MARITIME,2026-04-06
2021-07-20,44,MGO,55.17,17.4,417.6,24,411.397,0.74,Calm,FMS_MARITIME,2026-04-06
2021-07-21,44,LNG,83.85,10.0,240.0,24,1087.9537,0.54,Calm,FMS_MARITIME,2026-04-06
2021-07-22,44,MGO,69.35,12.2,292.8,24,737.5543,0.57,Calm,FMS_MARITIME,2026-04-06
2021-07-23,44,MGO,28.55,17.4,417.6,24,212.8944,0.68,Moderate,FMS_MARITIME,2026-04-06
2021-07-24,44,HFO,47.21,10.4,249.6,24,588.9901,0.71,Rough,FMS_MARITIME,2026-04-06
2021-07-25,44,VLSFO,44.55,10.3,247.2,24,561.2002,0.58,Rough,FMS_MARITIME,2026-04-06
2021-07-26,44,MGO,83.76,17.6,422.4,24,617.492,0.78,Calm,FMS_MARITIME,2026-04-06
2021-07-27,44,LNG,32.03,17.5,420.0,24,237.4796,0.74,Calm,FMS_MARITIME,2026-04-06
2021-07-28,44,MGO,19.92,16.9,405.6,24,152.9361,0.47,Moderate,FMS_MARITIME,2026-04-06
2021-07-28,44,LSMGO,79.11,13.9,333.6,24,738.4549,0.64,Rough,FMS_MARITIME,2026-04-06
2021-07-28,44,MGO,48.55,13.2,316.8,24,477.2244,0.66,Rough,FMS_MARITIME,2026-04-06
2021-07-01,45,VLSFO,54.6,16.2,388.8,24,437.3056,0.85,Rough,FMS_MARITIME,2026-04-06
2021-07-02,45,MGO,57.68,8.6,206.4,24,870.2302,0.67,Calm,FMS_MARITIME,2026-04-06
2021-07-03,45,LNG,29.7,10.6,254.4,24,363.5448,0.75,Calm,FMS_MARITIME,2026-04-06
2021-07-04,45,LSMGO,66.87,15.9,381.6,24,545.6844,0.9,Moderate,FMS_MARITIME,2026-04-06
2021-07-05,45,VLSFO,41.86,17.9,429.6,24,303.4265,0.87,Calm,FMS_MARITIME,2026-04-06
2021-07-06,45,VLSFO,65.4,14.8,355.2,24,573.3547,0.85,Moderate,FMS_MARITIME,2026-04-06
2021-07-07,45,LSMGO,29.34,8.7,208.8,24,437.5707,0.44,Moderate,FMS_MARITIME,2026-04-06
2021-07-08,45,LNG,66.14,10.5,252.0,24,817.3014,0.62,Moderate,FMS_MARITIME,2026-04-06
2021-07-09,45,MGO,42.51,15.3,367.2,24,360.5015,0.7,Calm,FMS_MARITIME,2026-04-06
2021-07-10,45,VLSFO,19.29,11.2,268.8,24,223.4712,0.46,Moderate,FMS_MARITIME,2026-04-06
2021-07-11,45,MGO,70.01,15.6,374.4,24,582.2947,0.86,Moderate,FMS_MARITIME,2026-04-06
2021-07-12,45,LSMGO,49.69,12.6,302.4,24,511.6887,0.42,Moderate,FMS_MARITIME,2026-04-06
2021-07-13,45,VLSFO,84.42,15.3,367.2,24,715.9147,0.49,Calm,FMS_MARITIME,2026-04-06
2021-07-14,45,LNG,65.2,12.1,290.4,24,699.1488,0.95,Rough,FMS_MARITIME,2026-04-06
2021-07-15,45,VLSFO,69.14,9.5,228.0,24,944.3068,0.74,Rough,FMS_MARITIME,2026-04-06
2021-07-16,45,HFO,69.15,16.1,386.4,24,557.2803,0.88,Moderate,FMS_MARITIME,2026-04-06
2021-07-17,45,HFO,31.04,17.1,410.4,24,235.5228,0.58,Calm,FMS_MARITIME,2026-04-06
2021-07-18,45,VLSFO,64.76,11.9,285.6,24,706.1017,0.46,Calm,FMS_MARITIME,2026-04-06
2021-07-19,45,MGO,28.16,8.5,204.0,24,429.8541,0.84,Rough,FMS_MARITIME,2026-04-06
2021-07-20,45,LNG,68.83,15.1,362.4,24,591.4366,0.92,Calm,FMS_MARITIME,2026-04-06
2021-07-21,45,HFO,36.67,12.7,304.8,24,374.6404,0.89,Calm,FMS_MARITIME,2026-04-06
2021-07-22,45,VLSFO,75.85,9.3,223.2,24,1058.2298,0.47,Calm,FMS_MARITIME,2026-04-06
2021-07-23,45,LNG,20.49,15.9,381.6,24,167.2061,0.61,Moderate,FMS_MARITIME,2026-04-06
2021-07-24,45,HFO,35.12,9.6,230.4,24,474.6687,0.85,Rough,FMS_MARITIME,2026-04-06
2021-07-25,45,MGO,46.16,12.9,309.6,24,464.2837,0.45,Calm,FMS_MARITIME,2026-04-06
2021-07-26,45,LNG,76.14,12.6,302.4,24,784.0607,0.8,Calm,FMS_MARITIME,2026-04-06
2021-07-27,45,MGO,40.28,11.2,268.8,24,466.6366,0.99,Rough,FMS_MARITIME,2026-04-06
2021-07-28,45,MGO,51.07,12.8,307.2,24,517.6822,0.8,Moderate,FMS_MARITIME,2026-04-06
2021-07-28,45,VLSFO,38.3,16.2,388.8,24,306.7546,0.67,Calm,FMS_MARITIME,2026-04-06
2021-07-28,45,HFO,73.53,17.7,424.8,24,539.0123,0.69,Moderate,FMS_MARITIME,2026-04-06
2021-07-01,46,LSMGO,37.27,11.0,264.0,24,439.6166,0.86,Calm,FMS_MARITIME,2026-04-06
2021-07-02,46,HFO,40.92,10.9,261.6,24,487.0982,0.66,Moderate,FMS_MARITIME,2026-04-06
2021-07-03,46,LNG,67.22,10.9,261.6,24,800.1647,0.89,Rough,FMS_MARITIME,2026-04-06
2021-07-04,46,MGO,19.11,8.3,199.2,24,298.7377,0.5,Rough,FMS_MARITIME,2026-04-06
2021-07-05,46,HFO,82.54,17.6,422.4,24,608.498,0.98,Calm,FMS_MARITIME,2026-04-06
2021-07-06,46,LNG,24.5,8.7,208.8,24,365.3879,0.63,Moderate,FMS_MARITIME,2026-04-06
2021-07-07,46,LSMGO,45.77,10.0,240.0,24,593.8658,0.54,Calm,FMS_MARITIME,2026-04-06
2021-07-08,46,HFO,41.87,13.9,333.6,24,390.8369,0.73,Rough,FMS_MARITIME,2026-04-06
2021-07-09,46,VLSFO,40.43,11.7,280.8,24,448.3583,0.45,Calm,FMS_MARITIME,2026-04-06
2021-07-10,46,VLSFO,39.99,12.7,304.8,24,408.5593,0.58,Rough,FMS_MARITIME,2026-04-06
2021-07-11,46,HFO,67.61,10.3,247.2,24,851.6891,0.58,Rough,FMS_MARITIME,2026-04-06
2021-07-12,46,VLSFO,20.78,15.3,367.2,24,176.2225,0.88,Moderate,FMS_MARITIME,2026-04-06
2021-07-13,46,LSMGO,65.61,11.4,273.6,24,746.7454,0.45,Calm,FMS_MARITIME,2026-04-06
2021-07-14,46,VLSFO,39.67,17.1,410.4,24,301.0048,0.77,Rough,FMS_MARITIME,2026-04-06
2021-07-15,46,LSMGO,78.97,10.4,249.6,24,985.2267,0.81,Rough,FMS_MARITIME,2026-04-06
2021-07-16,46,VLSFO,52.01,14.4,345.6,24,468.6318,0.77,Moderate,FMS_MARITIME,2026-04-06
2021-07-17,46,LNG,61.03,10.6,254.4,24,747.0417,0.76,Moderate,FMS_MARITIME,2026-04-06
2021-07-18,46,VLSFO,52.07,11.3,271.2,24,597.8834,0.93,Rough,FMS_MARITIME,2026-04-06
2021-07-19,46,MGO,60.31,10.9,261.6,24,717.9103,0.9,Moderate,FMS_MARITIME,2026-04-06
2021-07-20,46,LNG,78.93,15.4,369.6,24,665.0109,0.74,Rough,FMS_MARITIME,2026-04-06
2021-07-21,46,MGO,68.69,16.7,400.8,24,533.6843,0.61,Calm,FMS_MARITIME,2026-04-06
2021-07-22,46,HFO,62.91,9.0,216.0,24,906.9525,0.74,Rough,FMS_MARITIME,2026-04-06
2021-07-23,46,MGO,78.31,17.9,429.6,24,567.6381,0.75,Calm,FMS_MARITIME,2026-04-06
2021-07-24,46,MGO,73.89,12.9,309.6,24,743.1959,0.76,Rough,FMS_MARITIME,2026-04-06
2021-07-25,46,VLSFO,39.82,13.1,314.4,24,394.4004,0.44,Calm,FMS_MARITIME,2026-04-06
2021-07-26,46,HFO,55.99,10.5,252.0,24,691.8764,0.9,Moderate,FMS_MARITIME,2026-04-06
2021-07-27,46,HFO,34.24,14.7,352.8,24,302.2204,0.75,Calm,FMS_MARITIME,2026-04-06
2021-07-28,46,LNG,19.17,13.6,326.4,24,182.8903,0.46,Moderate,FMS_MARITIME,2026-04-06
2021-07-28,46,VLSFO,69.65,15.3,367.2,24,590.6593,0.79,Rough,FMS_MARITIME,2026-04-06
2021-07-28,46,MGO,54.03,10.9,261.6,24,643.1553,0.73,Moderate,FMS_MARITIME,2026-04-06
2021-07-01,47,MGO,55.07,10.7,256.8,24,667.7881,0.7,Moderate,FMS_MARITIME,2026-04-06
2021-07-02,47,MGO,75.95,15.4,369.6,24,639.9034,0.43,Moderate,FMS_MARITIME,2026-04-06
2021-07-03,47,LNG,45.47,11.9,285.6,24,495.7758,0.91,Calm,FMS_MARITIME,2026-04-06
2021-07-04,47,VLSFO,42.66,14.8,355.2,24,373.9956,0.61,Calm,FMS_MARITIME,2026-04-06
2021-07-05,47,HFO,62.19,8.7,208.8,24,927.4888,0.78,Calm,FMS_MARITIME,2026-04-06
2021-07-06,47,LNG,24.61,17.3,415.2,24,184.575,0.79,Calm,FMS_MARITIME,2026-04-06
2021-07-07,47,LSMGO,22.54,14.5,348.0,24,201.6941,0.67,Rough,FMS_MARITIME,2026-04-06
2021-07-08,47,VLSFO,52.14,9.4,225.6,24,719.6984,0.76,Moderate,FMS_MARITIME,2026-04-06
2021-07-09,47,VLSFO,80.7,13.8,331.2,24,758.7554,0.62,Rough,FMS_MARITIME,2026-04-06
2021-07-10,47,VLSFO,78.65,16.6,398.4,24,614.7492,0.69,Calm,FMS_MARITIME,2026-04-06
2021-07-11,47,MGO,81.64,10.7,256.8,24,989.9804,0.48,Moderate,FMS_MARITIME,2026-04-06
2021-07-12,47,HFO,44.81,17.1,410.4,24,340.0057,0.72,Rough,FMS_MARITIME,2026-04-06
2021-07-13,47,VLSFO,28.69,17.9,429.6,24,207.9624,0.48,Rough,FMS_MARITIME,2026-04-06
2021-07-14,47,MGO,50.7,15.2,364.8,24,432.7845,0.71,Moderate,FMS_MARITIME,2026-04-06
2021-07-15,47,MGO,65.44,12.2,292.8,24,695.9705,0.97,Rough,FMS_MARITIME,2026-04-06
2021-07-16,47,LNG,19.01,10.7,256.8,24,230.5185,0.78,Moderate,FMS_MARITIME,2026-04-06
2021-07-17,47,MGO,60.2,10.2,244.8,24,765.7794,0.71,Moderate,FMS_MARITIME,2026-04-06
2021-07-18,47,LSMGO,48.19,9.6,230.4,24,651.318,0.43,Moderate,FMS_MARITIME,2026-04-06
2021-07-19,47,LNG,27.72,11.6,278.4,24,310.0578,0.7,Calm,FMS_MARITIME,2026-04-06
2021-07-20,47,LSMGO,84.9,12.8,307.2,24,860.6074,0.58,Moderate,FMS_MARITIME,2026-04-06
2021-07-21,47,HFO,32.85,11.4,273.6,24,373.8849,0.99,Calm,FMS_MARITIME,2026-04-06
2021-07-22,47,HFO,49.42,11.7,280.8,24,548.0551,0.43,Rough,FMS_MARITIME,2026-04-06
2021-07-23,47,LSMGO,82.99,9.9,237.6,24,1087.672,0.95,Moderate,FMS_MARITIME,2026-04-06
2021-07-24,47,HFO,45.94,15.4,369.6,24,387.0594,0.52,Rough,FMS_MARITIME,2026-04-06
2021-07-25,47,HFO,55.04,8.1,194.4,24,881.6593,0.46,Rough,FMS_MARITIME,2026-04-06
2021-07-26,47,HFO,63.85,12.4,297.6,24,668.1079,0.62,Rough,FMS_MARITIME,2026-04-06
2021-07-27,47,LNG,62.6,13.4,321.6,24,606.1455,0.67,Moderate,FMS_MARITIME,2026-04-06
2021-07-28,47,MGO,54.61,8.1,194.4,24,874.7713,0.54,Calm,FMS_MARITIME,2026-04-06
2021-07-28,47,HFO,65.86,8.7,208.8,24,982.2224,0.81,Moderate,FMS_MARITIME,2026-04-06
2021-07-28,47,LNG,77.81,15.2,364.8,24,664.2005,0.68,Calm,FMS_MARITIME,2026-04-06
2021-07-01,48,LSMGO,20.47,10.4,249.6,24,255.3829,0.99,Calm,FMS_MARITIME,2026-04-06
2021-07-02,48,VLSFO,49.32,17.5,420.0,24,365.6726,0.88,Moderate,FMS_MARITIME,2026-04-06
2021-07-03,48,LSMGO,64.16,17.5,420.0,24,475.7006,0.47,Moderate,FMS_MARITIME,2026-04-06
2021-07-04,48,VLSFO,81.47,11.8,283.2,24,895.8248,0.9,Moderate,FMS_MARITIME,2026-04-06
2021-07-05,48,MGO,76.84,13.5,324.0,24,738.5178,0.76,Calm,FMS_MARITIME,2026-04-06
2021-07-06,48,LSMGO,30.57,14.6,350.4,24,271.6752,0.75,Calm,FMS_MARITIME,2026-04-06
2021-07-07,48,MGO,57.58,9.2,220.8,24,812.0658,0.94,Calm,FMS_MARITIME,2026-04-06
2021-07-08,48,LSMGO,59.3,9.9,237.6,24,777.1894,0.94,Calm,FMS_MARITIME,2026-04-06
2021-07-09,48,HFO,18.3,13.4,321.6,24,177.1959,0.68,Moderate,FMS_MARITIME,2026-04-06
2021-07-10,48,MGO,27.77,13.6,326.4,24,264.9381,0.64,Rough,FMS_MARITIME,2026-04-06
2021-07-11,48,LNG,35.61,9.0,216.0,24,513.3775,0.44,Moderate,FMS_MARITIME,2026-04-06
2021-07-12,48,VLSFO,47.14,15.0,360.0,24,407.761,0.58,Calm,FMS_MARITIME,2026-04-06
2021-07-13,48,HFO,58.57,15.6,374.4,24,487.1447,0.83,Rough,FMS_MARITIME,2026-04-06
2021-07-14,48,LSMGO,57.87,15.0,360.0,24,500.5755,0.62,Rough,FMS_MARITIME,2026-04-06
2021-07-15,48,LSMGO,70.9,8.7,208.8,24,1057.3879,0.53,Moderate,FMS_MARITIME,2026-04-06
2021-07-16,48,LNG,61.29,15.0,360.0,24,530.1585,0.65,Calm,FMS_MARITIME,2026-04-06
2021-07-17,48,LSMGO,38.84,10.9,261.6,24,462.3385,0.57,Moderate,FMS_MARITIME,2026-04-06
2021-07-18,48,VLSFO,31.18,16.0,384.0,24,252.8503,1.0,Rough,FMS_MARITIME,2026-04-06
2021-07-19,48,HFO,36.48,13.8,331.2,24,342.9913,0.92,Rough,FMS_MARITIME,2026-04-06
2021-07-20,48,HFO,20.15,15.9,381.6,24,164.4316,0.57,Rough,FMS_MARITIME,2026-04-06
2021-07-21,48,LNG,63.27,10.7,256.8,24,767.2227,0.7,Calm,FMS_MARITIME,2026-04-06
2021-07-22,48,VLSFO,67.04,9.7,232.8,24,896.7464,0.76,Calm,FMS_MARITIME,2026-04-06
2021-07-23,48,HFO,71.2,16.8,403.2,24,549.8929,0.46,Moderate,FMS_MARITIME,2026-04-06
2021-07-24,48,LNG,69.24,12.6,302.4,24,713.0071,0.87,Moderate,FMS_MARITIME,2026-04-06
2021-07-25,48,MGO,29.93,14.4,345.6,24,269.6818,0.46,Rough,FMS_MARITIME,2026-04-06
2021-07-26,48,LSMGO,72.79,8.8,211.2,24,1073.2389,0.92,Moderate,FMS_MARITIME,2026-04-06
2021-07-27,48,HFO,28.13,15.1,362.4,24,241.7131,0.72,Rough,FMS_MARITIME,2026-04-06
2021-07-28,48,HFO,72.36,12.3,295.2,24,763.3098,0.49,Calm,FMS_MARITIME,2026-04-06
2021-07-28,48,HFO,54.32,11.1,266.4,24,634.9568,0.68,Rough,FMS_MARITIME,2026-04-06
2021-07-28,48,HFO,62.58,17.5,420.0,24,463.986,0.69,Calm,FMS_MARITIME,2026-04-06
2021-07-01,49,HFO,48.12,16.3,391.2,24,383.0411,0.66,Calm,FMS_MARITIME,2026-04-06
2021-07-02,49,LNG,43.63,9.9,237.6,24,571.8174,0.58,Calm,FMS_MARITIME,2026-04-06
2021-07-03,49,VLSFO,49.53,16.5,396.0,24,389.4859,0.71,Moderate,FMS_MARITIME,2026-04-06
2021-07-04,49,VLSFO,80.17,9.3,223.2,24,1118.5008,0.54,Rough,FMS_MARITIME,2026-04-06
2021-07-05,49,LSMGO,54.46,8.9,213.6,24,793.9534,0.64,Calm,FMS_MARITIME,2026-04-06
2021-07-06,49,LSMGO,57.37,9.8,235.2,24,759.5671,0.65,Moderate,FMS_MARITIME,2026-04-06
2021-07-07,49,MGO,67.4,9.5,228.0,24,920.5421,0.93,Rough,FMS_MARITIME,2026-04-06
2021-07-08,49,HFO,76.31,16.4,393.6,24,603.7331,0.95,Calm,FMS_MARITIME,2026-04-06
2021-07-09,49,LNG,61.29,11.5,276.0,24,691.5111,0.89,Moderate,FMS_MARITIME,2026-04-06
2021-07-10,49,VLSFO,53.39,8.4,201.6,24,824.6848,0.95,Rough,FMS_MARITIME,2026-04-06
2021-07-11,49,LSMGO,73.24,12.3,295.2,24,772.5927,0.56,Calm,FMS_MARITIME,2026-04-06
2021-07-12,49,HFO,28.87,10.1,242.4,24,370.8795,0.79,Calm,FMS_MARITIME,2026-04-06
2021-07-13,49,MGO,41.23,14.9,357.6,24,359.0331,0.42,Rough,FMS_MARITIME,2026-04-06
2021-07-14,49,HFO,62.72,15.0,360.0,24,542.528,0.82,Moderate,FMS_MARITIME,2026-04-06
2021-07-15,49,LSMGO,30.22,12.7,304.8,24,308.7437,0.41,Rough,FMS_MARITIME,2026-04-06
2021-07-16,49,MGO,77.52,16.0,384.0,24,628.6387,0.91,Rough,FMS_MARITIME,2026-04-06
2021-07-17,49,MGO,30.4,16.0,384.0,24,246.525,0.61,Rough,FMS_MARITIME,2026-04-06
2021-07-18,49,LNG,55.47,17.2,412.8,24,418.4437,0.79,Rough,FMS_MARITIME,2026-04-06
2021-07-19,49,LSMGO,22.94,17.0,408.0,24,175.0862,0.8,Calm,FMS_MARITIME,2026-04-06
2021-07-20,49,LNG,20.87,17.4,417.6,24,155.6254,0.76,Calm,FMS_MARITIME,2026-04-06
2021-07-21,49,VLSFO,73.98,12.5,300.0,24,767.9124,0.75,Calm,FMS_MARITIME,2026-04-06
2021-07-22,49,HFO,34.62,14.0,336.0,24,320.8532,0.43,Rough,FMS_MARITIME,2026-04-06
2021-07-23,49,LSMGO,64.34,17.1,410.4,24,488.1939,0.74,Moderate,FMS_MARITIME,2026-04-06
2021-07-24,49,MGO,30.56,8.2,196.8,24,483.5561,0.98,Calm,FMS_MARITIME,2026-04-06
2021-07-25,49,LNG,53.58,8.3,199.2,24,837.591,0.84,Calm,FMS_MARITIME,2026-04-06
2021-07-26,49,LNG,66.41,15.3,367.2,24,563.1828,0.54,Rough,FMS_MARITIME,2026-04-06
2021-07-27,49,VLSFO,55.35,15.9,381.6,24,451.6769,0.48,Calm,FMS_MARITIME,2026-04-06
2021-07-28,49,LNG,24.27,15.7,376.8,24,200.5753,0.42,Moderate,FMS_MARITIME,2026-04-06
2021-07-28,49,MGO,26.18,12.6,302.4,24,269.5917,0.9,Calm,FMS_MARITIME,2026-04-06
2021-07-28,49,LNG,37.23,11.7,280.8,24,412.8712,0.47,Rough,FMS_MARITIME,2026-04-06
2021-07-01,50,VLSFO,74.75,10.8,259.2,24,898.0382,0.94,Rough,FMS_MARITIME,2026-04-06
2021-07-02,50,MGO,50.11,14.5,348.0,24,448.3981,0.54,Calm,FMS_MARITIME,2026-04-06
2021-07-03,50,LSMGO,33.37,17.5,420.0,24,247.4147,0.97,Calm,FMS_MARITIME,2026-04-06
2021-07-04,50,MGO,58.59,14.3,343.2,24,531.6121,0.7,Rough,FMS_MARITIME,2026-04-06
2021-07-05,50,LNG,61.19,14.8,355.2,24,536.4461,0.41,Moderate,FMS_MARITIME,2026-04-06
2021-07-06,50,LNG,34.88,12.1,290.4,24,374.0231,0.5,Rough,FMS_MARITIME,2026-04-06
2021-07-07,50,VLSFO,30.1,8.2,196.8,24,476.2774,0.97,Rough,FMS_MARITIME,2026-04-06
2021-07-08,50,MGO,79.69,16.3,391.2,24,634.3422,0.56,Calm,FMS_MARITIME,2026-04-06
2021-07-09,50,MGO,68.06,16.0,384.0,24,551.9241,0.55,Rough,FMS_MARITIME,2026-04-06
2021-07-10,50,LNG,29.66,13.0,312.0,24,296.0296,0.87,Moderate,FMS_MARITIME,2026-04-06
2021-07-11,50,LNG,58.44,16.7,400.8,24,454.0473,0.55,Rough,FMS_MARITIME,2026-04-06
2021-07-12,50,VLSFO,80.69,12.8,307.2,24,817.9318,0.51,Rough,FMS_MARITIME,2026-04-06
2021-07-13,50,MGO,41.81,17.8,427.2,24,304.7667,0.92,Calm,FMS_MARITIME,2026-04-06
2021-07-14,50,HFO,26.85,8.1,194.4,24,430.0972,0.73,Calm,FMS_MARITIME,2026-04-06
2021-07-15,50,VLSFO,74.86,17.8,427.2,24,545.6789,0.63,Moderate,FMS_MARITIME,2026-04-06
2021-07-16,50,MGO,19.5,11.1,266.4,24,227.9392,0.84,Rough,FMS_MARITIME,2026-04-06
2021-07-17,50,LNG,54.92,15.0,360.0,24,475.058,0.58,Calm,FMS_MARITIME,2026-04-06
2021-07-18,50,MGO,39.02,16.7,400.8,24,303.1644,0.65,Calm,FMS_MARITIME,2026-04-06
2021-07-19,50,HFO,59.34,10.5,252.0,24,733.2729,0.95,Calm,FMS_MARITIME,2026-04-06
2021-07-20,50,LSMGO,57.25,12.4,297.6,24,599.0474,0.55,Moderate,FMS_MARITIME,2026-04-06
2021-07-21,50,LNG,79.01,17.1,410.4,24,599.5057,0.48,Rough,FMS_MARITIME,2026-04-06
2021-07-22,50,LSMGO,83.47,9.5,228.0,24,1140.0245,0.99,Rough,FMS_MARITIME,2026-04-06
2021-07-23,50,MGO,61.77,10.7,256.8,24,749.0334,0.63,Rough,FMS_MARITIME,2026-04-06
2021-07-24,50,HFO,36.86,12.3,295.2,24,388.828,0.92,Rough,FMS_MARITIME,2026-04-06
2021-07-25,50,VLSFO,25.41,12.7,304.8,24,259.6022,0.54,Rough,FMS_MARITIME,2026-04-06
2021-07-26,50,MGO,35.2,16.7,400.8,24,273.485,0.97,Moderate,FMS_MARITIME,2026-04-06
2021-07-27,50,VLSFO,62.24,11.5,276.0,24,702.2296,0.72,Rough,FMS_MARITIME,2026-04-06
2021-07-28,50,LSMGO,49.13,8.5,204.0,24,749.955,0.46,Moderate,FMS_MARITIME,2026-04-06
2021-07-28,50,VLSFO,77.25,11.5,276.0,24,871.5815,0.54,Rough,FMS_MARITIME,2026-04-06
2021-07-28,50,MGO,23.19,14.9,357.6,24,201.9398,0.82,Rough,FMS_MARITIME,2026-04-06
2021-07-01,51,MGO,49.41,12.0,288.0,24,534.2456,0.56,Rough,FMS_MARITIME,2026-04-06
2021-07-02,51,VLSFO,68.99,10.0,240.0,24,895.1452,0.4,Calm,FMS_MARITIME,2026-04-06
2021-07-03,51,VLSFO,48.69,16.4,393.6,24,385.2151,0.45,Moderate,FMS_MARITIME,2026-04-06
2021-07-04,51,VLSFO,50.85,15.4,369.6,24,428.4278,0.92,Calm,FMS_MARITIME,2026-04-06
2021-07-05,51,HFO,34.15,8.5,204.0,24,521.2897,0.67,Moderate,FMS_MARITIME,2026-04-06
2021-07-06,51,VLSFO,36.44,10.3,247.2,24,459.0379,0.99,Moderate,FMS_MARITIME,2026-04-06
2021-07-07,51,VLSFO,83.69,10.8,259.2,24,1005.4424,0.46,Calm,FMS_MARITIME,2026-04-06
2021-07-08,51,VLSFO,63.76,13.2,316.8,24,626.7318,0.77,Rough,FMS_MARITIME,2026-04-06
2021-07-09,51,VLSFO,63.63,17.1,410.4,24,482.8066,0.98,Calm,FMS_MARITIME,2026-04-06
2021-07-10,51,MGO,54.62,10.7,256.8,24,662.3313,0.81,Calm,FMS_MARITIME,2026-04-06
2021-07-11,51,HFO,44.59,11.2,268.8,24,516.5672,0.73,Rough,FMS_MARITIME,2026-04-06
2021-07-12,51,VLSFO,20.77,9.1,218.4,24,296.1437,0.5,Calm,FMS_MARITIME,2026-04-06
2021-07-13,51,LSMGO,79.37,15.1,362.4,24,682.0038,0.57,Calm,FMS_MARITIME,2026-04-06
2021-07-14,51,VLSFO,44.42,9.0,216.0,24,640.3883,0.97,Moderate,FMS_MARITIME,2026-04-06
2021-07-15,51,HFO,77.39,9.8,235.2,24,1024.6278,0.86,Calm,FMS_MARITIME,2026-04-06
2021-07-16,51,LSMGO,17.79,11.9,285.6,24,193.9708,0.98,Rough,FMS_MARITIME,2026-04-06
2021-07-17,51,LSMGO,76.27,17.0,408.0,24,582.1196,0.59,Moderate,FMS_MARITIME,2026-04-06
2021-07-18,51,VLSFO,44.26,11.8,283.2,24,486.6725,0.78,Moderate,FMS_MARITIME,2026-04-06
2021-07-19,51,LSMGO,83.86,9.0,216.0,24,1208.9817,0.65,Moderate,FMS_MARITIME,2026-04-06
2021-07-20,51,LNG,45.97,9.8,235.2,24,608.6334,0.91,Calm,FMS_MARITIME,2026-04-06
2021-07-21,51,LSMGO,73.0,16.6,398.4,24,570.5873,0.84,Calm,FMS_MARITIME,2026-04-06
2021-07-22,51,HFO,47.11,13.3,319.2,24,459.5882,0.43,Calm,FMS_MARITIME,2026-04-06
2021-07-23,51,HFO,42.76,16.7,400.8,24,332.2222,0.46,Moderate,FMS_MARITIME,2026-04-06
2021-07-24,51,LSMGO,75.25,8.7,208.8,24,1122.2629,0.5,Moderate,FMS_MARITIME,2026-04-06
2021-07-25,51,VLSFO,59.37,12.5,300.0,24,616.2606,0.6,Calm,FMS_MARITIME,2026-04-06
2021-07-26,51,LNG,27.54,12.6,302.4,24,283.5964,0.96,Calm,FMS_MARITIME,2026-04-06
2021-07-27,51,VLSFO,37.17,8.3,199.2,24,581.0611,0.72,Rough,FMS_MARITIME,2026-04-06
2021-07-28,51,LNG,75.72,16.9,405.6,24,581.3414,0.88,Calm,FMS_MARITIME,2026-04-06
2021-07-28,51,HFO,75.16,15.1,362.4,24,645.8285,0.81,Moderate,FMS_MARITIME,2026-04-06
2021-07-28,51,VLSFO,56.09,8.3,199.2,24,876.8286,0.53,Rough,FMS_MARITIME,2026-04-06
2021-07-01,52,VLSFO,45.8,15.4,369.6,24,385.8799,0.63,Rough,FMS_MARITIME,2026-04-06
2021-07-02,52,LNG,41.09,16.1,386.4,24,331.1446,0.55,Moderate,FMS_MARITIME,2026-04-06
2021-07-03,52,VLSFO,68.62,13.4,321.6,24,664.4362,0.97,Rough,FMS_MARITIME,2026-04-06
2021-07-04,52,HFO,71.93,14.4,345.6,24,648.1193,0.83,Moderate,FMS_MARITIME,2026-04-06
2021-07-05,52,LNG,48.87,8.2,196.8,24,773.2784,0.54,Moderate,FMS_MARITIME,2026-04-06
2021-07-06,52,VLSFO,71.05,17.0,408.0,24,542.2787,0.9,Calm,FMS_MARITIME,2026-04-06
2021-07-07,52,LNG,68.59,14.9,357.6,24,597.2854,0.98,Rough,FMS_MARITIME,2026-04-06
2021-07-08,52,VLSFO,68.22,13.6,326.4,24,650.8489,0.64,Moderate,FMS_MARITIME,2026-04-06
2021-07-09,52,LNG,68.64,16.2,388.8,24,549.7556,0.6,Rough,FMS_MARITIME,2026-04-06
2021-07-10,52,LNG,51.84,12.7,304.8,24,529.6252,0.46,Rough,FMS_MARITIME,2026-04-06
2021-07-11,52,LNG,42.14,16.9,405.6,24,323.5305,0.55,Calm,FMS_MARITIME,2026-04-06
2021-07-12,52,LNG,54.96,15.6,374.4,24,457.1192,0.66,Calm,FMS_MARITIME,2026-04-06
2021-07-13,52,MGO,19.9,16.3,391.2,24,158.4064,0.71,Moderate,FMS_MARITIME,2026-04-06
2021-07-14,52,LNG,78.29,11.7,280.8,24,868.216,0.99,Rough,FMS_MARITIME,2026-04-06
2021-07-15,52,HFO,63.8,9.3,223.2,24,890.1129,0.76,Rough,FMS_MARITIME,2026-04-06
2021-07-16,52,MGO,30.72,10.1,242.4,24,394.6455,0.76,Moderate,FMS_MARITIME,2026-04-06
2021-07-17,52,VLSFO,35.74,8.8,211.2,24,526.9619,0.94,Calm,FMS_MARITIME,2026-04-06
2021-07-18,52,VLSFO,29.94,10.5,252.0,24,369.9729,0.82,Moderate,FMS_MARITIME,2026-04-06
2021-07-19,52,LNG,54.57,14.2,340.8,24,498.6238,0.96,Calm,FMS_MARITIME,2026-04-06
2021-07-20,52,LNG,83.89,17.9,429.6,24,608.0853,0.93,Rough,FMS_MARITIME,2026-04-06
2021-07-21,52,HFO,38.96,9.4,225.6,24,537.7723,0.42,Moderate,FMS_MARITIME,2026-04-06
2021-07-22,52,LNG,44.84,9.4,225.6,24,618.9351,0.42,Calm,FMS_MARITIME,2026-04-06
2021-07-23,52,LSMGO,69.25,15.4,369.6,24,583.4537,0.87,Moderate,FMS_MARITIME,2026-04-06
2021-07-24,52,MGO,27.29,13.0,312.0,24,272.3752,0.89,Moderate,FMS_MARITIME,2026-04-06
2021-07-25,52,VLSFO,50.51,17.1,410.4,24,383.2557,0.93,Rough,FMS_MARITIME,2026-04-06
2021-07-26,52,LSMGO,31.8,9.5,228.0,24,434.3211,0.95,Calm,FMS_MARITIME,2026-04-06
2021-07-27,52,VLSFO,42.17,15.2,364.8,24,359.9709,0.86,Moderate,FMS_MARITIME,2026-04-06
2021-07-28,52,VLSFO,27.38,15.3,367.2,24,232.1931,0.84,Calm,FMS_MARITIME,2026-04-06
2021-07-28,52,LNG,53.74,10.6,254.4,24,657.808,0.96,Rough,FMS_MARITIME,2026-04-06
2021-07-28,52,LNG,69.48,10.7,256.8,24,842.5262,0.69,Moderate,FMS_MARITIME,2026-04-06
2021-07-01,53,LSMGO,64.18,8.8,211.2,24,946.2903,0.87,Moderate,FMS_MARITIME,2026-04-06
2021-07-02,53,LSMGO,80.85,16.7,400.8,24,628.1609,0.42,Moderate,FMS_MARITIME,2026-04-06
2021-07-03,53,LNG,63.45,12.8,307.2,24,643.1748,0.99,Calm,FMS_MARITIME,2026-04-06
2021-07-04,53,LNG,72.76,17.2,412.8,24,548.8727,0.7,Moderate,FMS_MARITIME,2026-04-06
2021-07-05,53,LNG,56.88,9.6,230.4,24,768.7687,0.54,Moderate,FMS_MARITIME,2026-04-06
2021-07-06,53,MGO,56.28,9.5,228.0,24,768.6663,0.42,Moderate,FMS_MARITIME,2026-04-06
2021-07-07,53,LSMGO,68.21,13.1,314.4,24,675.5914,0.79,Moderate,FMS_MARITIME,2026-04-06
2021-07-08,53,MGO,17.35,9.6,230.4,24,234.4961,0.75,Rough,FMS_MARITIME,2026-04-06
2021-07-09,53,LNG,26.26,9.4,225.6,24,362.4718,0.6,Moderate,FMS_MARITIME,2026-04-06
2021-07-10,53,HFO,25.73,9.2,220.8,24,362.8769,0.79,Moderate,FMS_MARITIME,2026-04-06
2021-07-11,53,VLSFO,69.23,8.0,192.0,24,1122.8241,0.96,Moderate,FMS_MARITIME,2026-04-06
2021-07-12,53,VLSFO,75.44,16.0,384.0,24,611.7712,0.94,Moderate,FMS_MARITIME,2026-04-06
2021-07-13,53,LNG,84.2,11.3,271.2,24,966.8097,0.75,Rough,FMS_MARITIME,2026-04-06
2021-07-14,53,LSMGO,68.02,13.9,333.6,24,634.9349,0.82,Moderate,FMS_MARITIME,2026-04-06
2021-07-15,53,LSMGO,67.47,18.0,432.0,24,486.3462,0.71,Rough,FMS_MARITIME,2026-04-06
2021-07-16,53,LNG,56.86,14.1,338.4,24,523.233,0.72,Rough,FMS_MARITIME,2026-04-06
2021-07-17,53,MGO,69.14,8.1,194.4,24,1107.5204,0.53,Calm,FMS_MARITIME,2026-04-06
2021-07-18,53,MGO,49.76,8.6,206.4,24,750.7395,0.67,Calm,FMS_MARITIME,2026-04-06
2021-07-19,53,HFO,42.95,9.1,218.4,24,612.3915,0.82,Rough,FMS_MARITIME,2026-04-06
2021-07-20,53,VLSFO,28.14,8.9,213.6,24,410.2433,0.57,Calm,FMS_MARITIME,2026-04-06
2021-07-21,53,VLSFO,59.24,8.1,194.4,24,948.937,0.8,Calm,FMS_MARITIME,2026-04-06
2021-07-22,53,MGO,38.28,17.0,408.0,24,292.1665,0.83,Calm,FMS_MARITIME,2026-04-06
2021-07-23,53,HFO,75.36,15.3,367.2,24,639.0824,0.53,Moderate,FMS_MARITIME,2026-04-06
2021-07-24,53,HFO,31.37,10.9,261.6,24,373.4181,0.5,Rough,FMS_MARITIME,2026-04-06
2021-07-25,53,HFO,73.73,16.0,384.0,24,597.9042,0.69,Rough,FMS_MARITIME,2026-04-06
2021-07-26,53,VLSFO,28.75,15.2,364.8,24,245.4153,0.68,Moderate,FMS_MARITIME,2026-04-06
2021-07-27,53,VLSFO,69.07,10.4,249.6,24,861.7147,0.7,Rough,FMS_MARITIME,2026-04-06
2021-07-28,53,MGO,38.93,16.0,384.0,24,315.698,0.61,Moderate,FMS_MARITIME,2026-04-06
2021-07-28,53,MGO,71.85,13.6,326.4,24,685.4807,0.56,Moderate,FMS_MARITIME,2026-04-06
2021-07-28,53,MGO,18.08,10.0,240.0,24,234.588,0.97,Moderate,FMS_MARITIME,2026-04-06
2021-07-01,54,HFO,22.42,11.5,276.0,24,252.9561,0.52,Rough,FMS_MARITIME,2026-04-06
2021-07-02,54,MGO,69.64,8.6,206.4,24,1050.6733,0.67,Moderate,FMS_MARITIME,2026-04-06
2021-07-03,54,HFO,32.29,11.6,278.4,24,361.1748,0.67,Rough,FMS_MARITIME,2026-04-06
2021-07-04,54,LSMGO,52.31,9.5,228.0,24,714.4445,0.95,Moderate,FMS_MARITIME,2026-04-06
2021-07-05,54,LSMGO,75.1,17.3,415.2,24,563.25,0.75,Moderate,FMS_MARITIME,2026-04-06
2021-07-06,54,HFO,34.07,14.8,355.2,24,298.688,0.5,Calm,FMS_MARITIME,2026-04-06
2021-07-07,54,LSMGO,70.81,16.8,403.2,24,546.8808,0.58,Calm,FMS_MARITIME,2026-04-06
2021-07-08,54,LNG,52.62,17.1,410.4,24,399.2658,0.41,Rough,FMS_MARITIME,2026-04-06
2021-07-09,54,MGO,42.67,10.4,249.6,24,532.3493,0.7,Calm,FMS_MARITIME,2026-04-06
2021-07-10,54,LSMGO,26.66,15.6,374.4,24,221.7394,0.64,Moderate,FMS_MARITIME,2026-04-06
2021-07-11,54,MGO,19.51,8.2,196.8,24,308.7101,0.51,Moderate,FMS_MARITIME,2026-04-06
2021-07-12,54,LNG,27.98,16.1,386.4,24,225.491,0.47,Calm,FMS_MARITIME,2026-04-06
2021-07-13,54,LSMGO,84.22,15.0,360.0,24,728.503,0.96,Rough,FMS_MARITIME,2026-04-06
2021-07-14,54,LSMGO,36.02,17.6,422.4,24,265.5452,0.99,Rough,FMS_MARITIME,2026-04-06
2021-07-15,54,MGO,51.06,17.8,427.2,24,372.193,0.57,Rough,FMS_MARITIME,2026-04-06
2021-07-16,54,LSMGO,24.39,8.7,208.8,24,363.7474,0.77,Rough,FMS_MARITIME,2026-04-06
2021-07-17,54,MGO,37.3,8.9,213.6,24,543.7837,0.73,Rough,FMS_MARITIME,2026-04-06
2021-07-18,54,HFO,18.31,10.2,244.8,24,232.914,0.74,Calm,FMS_MARITIME,2026-04-06
2021-07-19,54,VLSFO,59.75,12.1,290.4,24,640.7076,0.88,Moderate,FMS_MARITIME,2026-04-06
2021-07-20,54,HFO,57.87,13.6,326.4,24,552.1053,0.8,Rough,FMS_MARITIME,2026-04-06
2021-07-21,54,LSMGO,18.11,12.0,288.0,24,195.8144,0.73,Rough,FMS_MARITIME,2026-04-06
2021-07-22,54,LNG,47.92,11.8,283.2,24,526.9169,0.97,Rough,FMS_MARITIME,2026-04-06
2021-07-23,54,HFO,70.32,11.1,266.4,24,821.9838,0.96,Calm,FMS_MARITIME,2026-04-06
2021-07-24,54,LNG,80.21,15.7,376.8,24,662.882,0.57,Calm,FMS_MARITIME,2026-04-06
2021-07-25,54,VLSFO,79.43,10.8,259.2,24,954.2632,0.43,Moderate,FMS_MARITIME,2026-04-06
2021-07-26,54,MGO,64.23,12.2,292.8,24,683.1018,0.89,Calm,FMS_MARITIME,2026-04-06
2021-07-27,54,LNG,32.47,10.1,242.4,24,417.127,0.59,Moderate,FMS_MARITIME,2026-04-06
2021-07-28,54,HFO,28.08,14.4,345.6,24,253.0125,0.56,Calm,FMS_MARITIME,2026-04-06
2021-07-28,54,MGO,36.16,15.8,379.2,24,296.9468,0.53,Moderate,FMS_MARITIME,2026-04-06
2021-07-28,54,LSMGO,33.1,16.9,405.6,24,254.1257,0.45,Moderate,FMS_MARITIME,2026-04-06
2021-07-01,55,LNG,77.69,14.0,336.0,24,720.0198,0.55,Rough,FMS_MARITIME,2026-04-06
2021-07-02,55,LSMGO,29.82,15.7,376.8,24,246.4424,0.84,Rough,FMS_MARITIME,2026-04-06
2021-07-03,55,HFO,34.66,8.4,201.6,24,535.3732,0.72,Calm,FMS_MARITIME,2026-04-06
2021-07-04,55,HFO,84.88,10.5,252.0,24,1048.8743,0.56,Rough,FMS_MARITIME,2026-04-06
2021-07-05,55,LNG,84.2,9.5,228.0,24,1149.9947,0.51,Moderate,FMS_MARITIME,2026-04-06
2021-07-06,55,HFO,58.72,13.5,324.0,24,564.3644,0.45,Rough,FMS_MARITIME,2026-04-06
2021-07-07,55,LNG,37.52,8.7,208.8,24,559.5655,0.68,Moderate,FMS_MARITIME,2026-04-06
2021-07-08,55,MGO,62.5,16.4,393.6,24,494.4741,0.8,Moderate,FMS_MARITIME,2026-04-06
2021-07-09,55,LNG,28.1,9.4,225.6,24,387.8697,0.67,Rough,FMS_MARITIME,2026-04-06
2021-07-10,55,HFO,56.98,15.6,374.4,24,473.9202,0.72,Rough,FMS_MARITIME,2026-04-06
2021-07-11,55,MGO,41.21,8.9,213.6,24,600.7862,0.71,Calm,FMS_MARITIME,2026-04-06
2021-07-12,55,HFO,65.16,16.4,393.6,24,515.5189,0.88,Calm,FMS_MARITIME,2026-04-06
2021-07-13,55,LNG,23.85,12.7,304.8,24,243.6644,0.65,Rough,FMS_MARITIME,2026-04-06
2021-07-14,55,LNG,57.14,11.1,266.4,24,667.9203,0.95,Calm,FMS_MARITIME,2026-04-06
2021-07-15,55,MGO,50.68,17.5,420.0,24,375.756,0.57,Calm,FMS_MARITIME,2026-04-06
2021-07-16,55,MGO,68.95,17.3,415.2,24,517.125,0.75,Rough,FMS_MARITIME,2026-04-06
2021-07-17,55,LSMGO,71.83,11.9,285.6,24,783.1884,0.95,Moderate,FMS_MARITIME,2026-04-06
2021-07-18,55,LSMGO,32.17,11.4,273.6,24,366.1454,0.99,Calm,FMS_MARITIME,2026-04-06
2021-07-19,55,MGO,27.3,13.9,333.6,24,254.8327,0.96,Moderate,FMS_MARITIME,2026-04-06
2021-07-20,55,MGO,64.26,11.9,285.6,24,700.65,0.97,Rough,FMS_MARITIME,2026-04-06
2021-07-21,55,LSMGO,73.56,16.3,391.2,24,585.5466,0.69,Moderate,FMS_MARITIME,2026-04-06
2021-07-22,55,MGO,18.34,8.2,196.8,24,290.197,0.42,Moderate,FMS_MARITIME,2026-04-06
2021-07-23,55,VLSFO,69.38,16.9,405.6,24,532.666,0.77,Calm,FMS_MARITIME,2026-04-06
2021-07-24,55,VLSFO,67.76,17.9,429.6,24,491.1654,0.97,Calm,FMS_MARITIME,2026-04-06
2021-07-25,55,LSMGO,30.8,13.9,333.6,24,287.5036,0.81,Moderate,FMS_MARITIME,2026-04-06
2021-07-26,55,LNG,30.54,9.2,220.8,24,430.7136,0.53,Moderate,FMS_MARITIME,2026-04-06
2021-07-27,55,LSMGO,36.16,11.3,271.2,24,415.2,0.71,Moderate,FMS_MARITIME,2026-04-06
2021-07-28,55,HFO,72.05,9.8,235.2,24,953.9273,0.88,Calm,FMS_MARITIME,2026-04-06
2021-07-28,55,HFO,48.95,10.3,247.2,24,616.6274,0.6,Calm,FMS_MARITIME,2026-04-06
2021-07-28,55,LNG,75.29,17.4,417.6,24,561.4297,0.97,Calm,FMS_MARITIME,2026-04-06
2021-07-01,56,LSMGO,55.42,10.1,242.4,24,711.955,0.74,Calm,FMS_MARITIME,2026-04-06
2021-07-02,56,LNG,23.86,16.5,396.0,24,187.6264,0.95,Moderate,FMS_MARITIME,2026-04-06
2021-07-03,56,MGO,83.08,17.0,408.0,24,634.0959,0.63,Calm,FMS_MARITIME,2026-04-06
2021-07-04,56,LNG,30.95,15.6,374.4,24,257.4207,0.81,Moderate,FMS_MARITIME,2026-04-06
2021-07-05,56,HFO,30.93,13.8,331.2,24,290.8092,0.95,Moderate,FMS_MARITIME,2026-04-06
2021-07-06,56,MGO,76.62,11.1,266.4,24,895.6257,0.98,Calm,FMS_MARITIME,2026-04-06
2021-07-07,56,MGO,77.09,13.3,319.2,24,752.0622,0.54,Rough,FMS_MARITIME,2026-04-06
2021-07-08,56,HFO,78.47,10.9,261.6,24,934.081,0.8,Calm,FMS_MARITIME,2026-04-06
2021-07-09,56,LSMGO,61.44,11.6,278.4,24,687.2276,0.44,Rough,FMS_MARITIME,2026-04-06
2021-07-10,56,MGO,69.57,14.4,345.6,24,626.8547,0.71,Calm,FMS_MARITIME,2026-04-06
2021-07-11,56,MGO,20.83,14.4,345.6,24,187.687,0.53,Moderate,FMS_MARITIME,2026-04-06
2021-07-12,56,HFO,30.11,17.0,408.0,24,229.8101,0.41,Moderate,FMS_MARITIME,2026-04-06
2021-07-13,56,MGO,82.26,8.4,201.6,24,1270.6232,0.66,Calm,FMS_MARITIME,2026-04-06
2021-07-14,56,HFO,24.74,14.0,336.0,24,229.2868,0.74,Rough,FMS_MARITIME,2026-04-06
2021-07-15,56,HFO,58.09,11.3,271.2,24,667.0069,0.42,Rough,FMS_MARITIME,2026-04-06
2021-07-16,56,VLSFO,16.32,13.0,312.0,24,162.8862,0.54,Rough,FMS_MARITIME,2026-04-06
2021-07-17,56,LSMGO,76.85,16.7,400.8,24,597.0831,0.48,Moderate,FMS_MARITIME,2026-04-06
2021-07-18,56,LSMGO,43.14,13.1,314.4,24,427.2836,0.84,Moderate,FMS_MARITIME,2026-04-06
2021-07-19,56,MGO,59.2,17.4,417.6,24,441.4483,0.74,Calm,FMS_MARITIME,2026-04-06
2021-07-20,56,HFO,69.53,10.1,242.4,24,893.2196,0.45,Rough,FMS_MARITIME,2026-04-06
2021-07-21,56,LNG,60.51,14.6,350.4,24,537.7515,0.45,Calm,FMS_MARITIME,2026-04-06
2021-07-22,56,MGO,77.31,11.2,268.8,24,895.6225,0.43,Rough,FMS_MARITIME,2026-04-06
2021-07-23,56,LSMGO,19.26,14.0,336.0,24,178.4989,0.4,Calm,FMS_MARITIME,2026-04-06
2021-07-24,56,LSMGO,66.31,17.0,408.0,24,506.1013,0.8,Calm,FMS_MARITIME,2026-04-06
2021-07-25,56,LNG,47.29,15.8,379.2,24,388.3467,0.76,Moderate,FMS_MARITIME,2026-04-06
2021-07-26,56,LNG,31.18,13.0,312.0,24,311.2004,0.84,Rough,FMS_MARITIME,2026-04-06
2021-07-27,56,MGO,64.1,13.0,312.0,24,639.7673,0.77,Rough,FMS_MARITIME,2026-04-06
2021-07-28,56,VLSFO,34.45,14.3,343.2,24,312.5795,0.53,Moderate,FMS_MARITIME,2026-04-06
2021-07-28,56,MGO,57.64,8.9,213.6,24,840.3135,0.69,Moderate,FMS_MARITIME,2026-04-06
2021-07-28,56,MGO,59.97,17.1,410.4,24,455.0355,0.88,Calm,FMS_MARITIME,2026-04-06
2021-07-01,57,MGO,25.52,14.7,352.8,24,225.2531,0.42,Moderate,FMS_MARITIME,2026-04-06
2021-07-02,57,MGO,46.47,12.8,307.2,24,471.0533,0.66,Calm,FMS_MARITIME,2026-04-06
2021-07-03,57,LSMGO,70.98,16.3,391.2,24,565.0095,0.46,Calm,FMS_MARITIME,2026-04-06
2021-07-04,57,LNG,23.99,17.5,420.0,24,177.8687,0.92,Moderate,FMS_MARITIME,2026-04-06
2021-07-05,57,HFO,59.9,12.9,309.6,24,602.4826,0.53,Moderate,FMS_MARITIME,2026-04-06
2021-07-06,57,MGO,78.87,17.9,429.6,24,571.6973,0.56,Rough,FMS_MARITIME,2026-04-06
2021-07-07,57,LSMGO,68.73,9.2,220.8,24,969.3171,0.67,Calm,FMS_MARITIME,2026-04-06
2021-07-08,57,VLSFO,24.07,16.8,403.2,24,185.8978,0.53,Calm,FMS_MARITIME,2026-04-06
2021-07-09,57,LNG,67.96,15.5,372.0,24,568.891,0.88,Calm,FMS_MARITIME,2026-04-06
2021-07-10,57,LSMGO,20.07,11.0,264.0,24,236.7348,0.91,Moderate,FMS_MARITIME,2026-04-06
2021-07-11,57,HFO,15.22,13.0,312.0,24,151.9073,0.91,Rough,FMS_MARITIME,2026-04-06
2021-07-12,57,MGO,77.39,15.9,381.6,24,631.5316,0.73,Rough,FMS_MARITIME,2026-04-06
2021-07-13,57,LSMGO,64.76,13.8,331.2,24,608.8848,0.83,Calm,FMS_MARITIME,2026-04-06
2021-07-14,57,LSMGO,58.68,12.9,309.6,24,590.2116,0.52,Moderate,FMS_MARITIME,2026-04-06
2021-07-15,57,LNG,61.45,14.2,340.8,24,561.4886,0.43,Moderate,FMS_MARITIME,2026-04-06
2021-07-16,57,HFO,29.2,8.8,211.2,24,430.5341,0.8,Rough,FMS_MARITIME,2026-04-06
2021-07-17,57,HFO,55.01,16.6,398.4,24,429.9727,0.65,Calm,FMS_MARITIME,2026-04-06
2021-07-18,57,LNG,55.53,10.4,249.6,24,692.7901,0.62,Moderate,FMS_MARITIME,2026-04-06
2021-07-19,57,HFO,84.21,8.6,206.4,24,1270.4939,0.57,Rough,FMS_MARITIME,2026-04-06
2021-07-20,57,LSMGO,78.48,15.7,376.8,24,648.5847,0.65,Rough,FMS_MARITIME,2026-04-06
2021-07-21,57,LSMGO,69.88,8.9,213.6,24,1018.7562,0.67,Moderate,FMS_MARITIME,2026-04-06
2021-07-22,57,MGO,81.85,12.3,295.2,24,863.4177,0.43,Calm,FMS_MARITIME,2026-04-06
2021-07-23,57,MGO,21.76,12.7,304.8,24,222.3118,0.42,Moderate,FMS_MARITIME,2026-04-06
2021-07-24,57,LNG,51.91,16.3,391.2,24,413.21,0.67,Calm,FMS_MARITIME,2026-04-06
2021-07-25,57,HFO,38.73,9.5,228.0,24,528.9703,0.45,Moderate,FMS_MARITIME,2026-04-06
2021-07-26,57,MGO,61.28,16.5,396.0,24,481.8836,0.66,Moderate,FMS_MARITIME,2026-04-06
2021-07-27,57,LSMGO,55.99,15.3,367.2,24,474.8172,0.91,Rough,FMS_MARITIME,2026-04-06
2021-07-28,57,MGO,63.41,10.8,259.2,24,761.8007,0.51,Moderate,FMS_MARITIME,2026-04-06
2021-07-28,57,HFO,31.77,17.9,429.6,24,230.2881,0.66,Moderate,FMS_MARITIME,2026-04-06
2021-07-28,57,HFO,23.44,16.1,386.4,24,188.9031,0.45,Moderate,FMS_MARITIME,2026-04-06
2021-07-01,58,MGO,74.94,14.3,343.2,24,679.9626,0.8,Moderate,FMS_MARITIME,2026-04-06
2021-07-02,58,LSMGO,78.71,12.3,295.2,24,830.2945,0.64,Moderate,FMS_MARITIME,2026-04-06
2021-07-03,58,VLSFO,36.25,14.9,357.6,24,315.6669,0.95,Rough,FMS_MARITIME,2026-04-06
2021-07-04,58,LSMGO,35.95,9.0,216.0,24,518.2792,0.44,Calm,FMS_MARITIME,2026-04-06
2021-07-05,58,LSMGO,22.56,13.2,316.8,24,221.7545,0.6,Rough,FMS_MARITIME,2026-04-06
2021-07-06,58,LSMGO,22.65,10.0,240.0,24,293.8838,0.62,Moderate,FMS_MARITIME,2026-04-06
2021-07-07,58,VLSFO,15.57,17.1,410.4,24,118.1408,0.93,Rough,FMS_MARITIME,2026-04-06
2021-07-08,58,HFO,49.62,9.9,237.6,24,650.3227,0.46,Calm,FMS_MARITIME,2026-04-06
2021-07-09,58,LNG,20.55,12.0,288.0,24,222.1969,0.81,Calm,FMS_MARITIME,2026-04-06
2021-07-10,58,MGO,61.15,16.4,393.6,24,483.7934,0.88,Rough,FMS_MARITIME,2026-04-06
2021-07-11,58,LSMGO,54.18,12.2,292.8,24,576.2176,0.51,Moderate,FMS_MARITIME,2026-04-06
2021-07-12,58,VLSFO,56.44,13.0,312.0,24,563.3146,0.91,Moderate,FMS_MARITIME,2026-04-06
2021-07-13,58,LNG,23.37,9.6,230.4,24,315.8602,0.77,Rough,FMS_MARITIME,2026-04-06
2021-07-14,58,LNG,31.12,11.9,285.6,24,339.3126,0.66,Moderate,FMS_MARITIME,2026-04-06
2021-07-15,58,HFO,52.81,12.3,295.2,24,557.0811,0.88,Calm,FMS_MARITIME,2026-04-06
2021-07-16,58,VLSFO,73.11,9.5,228.0,24,998.5287,0.49,Calm,FMS_MARITIME,2026-04-06
2021-07-17,58,HFO,20.52,11.7,280.8,24,227.5615,0.67,Moderate,FMS_MARITIME,2026-04-06
2021-07-18,58,MGO,17.91,15.7,376.8,24,148.0142,0.6,Moderate,FMS_MARITIME,2026-04-06
2021-07-19,58,LSMGO,27.42,9.1,218.4,24,390.961,0.84,Calm,FMS_MARITIME,2026-04-06
2021-07-20,58,LNG,72.48,9.6,230.4,24,979.6125,0.55,Moderate,FMS_MARITIME,2026-04-06
2021-07-21,58,MGO,46.82,15.8,379.2,24,384.487,0.84,Moderate,FMS_MARITIME,2026-04-06
2021-07-22,58,MGO,29.57,16.5,396.0,24,232.5277,0.63,Calm,FMS_MARITIME,2026-04-06
2021-07-23,58,LSMGO,68.03,10.4,249.6,24,848.7397,0.68,Rough,FMS_MARITIME,2026-04-06
2021-07-24,58,LSMGO,49.89,17.1,410.4,24,378.5513,0.83,Rough,FMS_MARITIME,2026-04-06
2021-07-25,58,VLSFO,59.55,9.9,237.6,24,780.4659,0.87,Moderate,FMS_MARITIME,2026-04-06
2021-07-26,58,VLSFO,36.87,16.8,403.2,24,284.7549,0.76,Moderate,FMS_MARITIME,2026-04-06
2021-07-27,58,HFO,48.05,15.1,362.4,24,412.88,0.99,Rough,FMS_MARITIME,2026-04-06
2021-07-28,58,LSMGO,52.22,13.6,326.4,24,498.2018,0.77,Calm,FMS_MARITIME,2026-04-06
2021-07-28,58,VLSFO,56.49,15.9,381.6,24,460.9797,0.63,Moderate,FMS_MARITIME,2026-04-06
2021-07-28,58,HFO,38.9,11.5,276.0,24,438.8935,0.58,Moderate,FMS_MARITIME,2026-04-06
2021-07-01,59,VLSFO,29.51,17.0,408.0,24,225.2307,0.41,Rough,FMS_MARITIME,2026-04-06
2021-07-02,59,MGO,55.66,12.3,295.2,24,587.1451,0.95,Rough,FMS_MARITIME,2026-04-06
2021-07-03,59,HFO,53.05,9.8,235.2,24,702.3712,0.4,Calm,FMS_MARITIME,2026-04-06
2021-07-04,59,VLSFO,34.15,17.3,415.2,24,256.125,0.48,Rough,FMS_MARITIME,2026-04-06
2021-07-05,59,MGO,27.78,15.9,381.6,24,226.6953,0.54,Moderate,FMS_MARITIME,2026-04-06
2021-07-06,59,LNG,35.23,9.6,230.4,24,476.1555,0.56,Rough,FMS_MARITIME,2026-04-06
2021-07-07,59,LNG,35.85,13.0,312.0,24,357.8106,0.5,Calm,FMS_MARITIME,2026-04-06
2021-07-08,59,LNG,24.53,12.8,307.2,24,248.6537,0.65,Moderate,FMS_MARITIME,2026-04-06
2021-07-09,59,LNG,73.24,13.6,326.4,24,698.7419,0.85,Rough,FMS_MARITIME,2026-04-06
2021-07-10,59,MGO,56.35,17.1,410.4,24,427.568,0.48,Calm,FMS_MARITIME,2026-04-06
2021-07-11,59,VLSFO,31.31,8.7,208.8,24,466.9509,0.95,Moderate,FMS_MARITIME,2026-04-06
2021-07-12,59,MGO,67.72,8.1,194.4,24,1084.7741,0.51,Calm,FMS_MARITIME,2026-04-06
2021-07-13,59,HFO,38.89,11.2,268.8,24,450.5337,0.7,Moderate,FMS_MARITIME,2026-04-06
2021-07-14,59,HFO,30.07,10.8,259.2,24,361.2576,0.74,Moderate,FMS_MARITIME,2026-04-06
2021-07-15,59,HFO,70.16,11.8,283.2,24,771.4627,0.5,Moderate,FMS_MARITIME,2026-04-06
2021-07-16,59,LSMGO,53.21,12.7,304.8,24,543.6219,0.49,Calm,FMS_MARITIME,2026-04-06
2021-07-17,59,HFO,73.8,14.2,340.8,24,674.3345,0.87,Moderate,FMS_MARITIME,2026-04-06
2021-07-18,59,LSMGO,17.97,12.2,292.8,24,191.1154,0.71,Moderate,FMS_MARITIME,2026-04-06
2021-07-19,59,LSMGO,84.11,10.7,256.8,24,1019.932,0.85,Calm,FMS_MARITIME,2026-04-06
2021-07-20,59,MGO,56.88,14.5,348.0,24,508.9779,0.98,Rough,FMS_MARITIME,2026-04-06
2021-07-21,59,LSMGO,52.66,15.7,376.8,24,435.1997,0.53,Calm,FMS_MARITIME,2026-04-06
2021-07-22,59,LNG,73.05,11.4,273.6,24,831.4243,0.92,Moderate,FMS_MARITIME,2026-04-06
2021-07-23,59,LNG,50.69,12.2,292.8,24,539.1006,0.64,Rough,FMS_MARITIME,2026-04-06
2021-07-24,59,LNG,59.95,12.2,292.8,24,637.583,0.56,Moderate,FMS_MARITIME,2026-04-06
2021-07-25,59,VLSFO,17.11,16.3,391.2,24,136.1977,0.77,Rough,FMS_MARITIME,2026-04-06
2021-07-26,59,VLSFO,37.45,17.7,424.8,24,274.5275,0.62,Calm,FMS_MARITIME,2026-04-06
2021-07-27,59,LSMGO,55.14,8.7,208.8,24,822.3466,0.64,Calm,FMS_MARITIME,2026-04-06
2021-07-28,59,MGO,79.05,10.9,261.6,24,940.9851,0.73,Calm,FMS_MARITIME,2026-04-06
2021-07-28,59,MGO,48.14,11.7,280.8,24,533.8603,0.72,Rough,FMS_MARITIME,2026-04-06
2021-07-28,59,LNG,43.19,8.3,199.2,24,675.169,0.59,Rough,FMS_MARITIME,2026-04-06
2021-07-01,60,MGO,69.11,11.1,266.4,24,807.8399,0.91,Moderate,FMS_MARITIME,2026-04-06
2021-07-02,60,HFO,75.22,11.8,283.2,24,827.1013,0.68,Rough,FMS_MARITIME,2026-04-06
2021-07-03,60,MGO,68.53,13.8,331.2,24,644.331,0.58,Moderate,FMS_MARITIME,2026-04-06
2021-07-04,60,MGO,73.35,10.0,240.0,24,951.7162,0.71,Calm,FMS_MARITIME,2026-04-06
2021-07-05,60,MGO,37.45,16.7,400.8,24,290.9663,0.63,Rough,FMS_MARITIME,2026-04-06
2021-07-06,60,MGO,19.19,10.8,259.2,24,230.5465,0.73,Rough,FMS_MARITIME,2026-04-06
2021-07-07,60,VLSFO,55.49,11.8,283.2,24,610.1549,0.71,Moderate,FMS_MARITIME,2026-04-06
2021-07-08,60,LNG,44.89,15.3,367.2,24,380.6848,0.4,Rough,FMS_MARITIME,2026-04-06
2021-07-09,60,LSMGO,78.39,12.8,307.2,24,794.6174,0.45,Rough,FMS_MARITIME,2026-04-06
2021-07-10,60,LNG,59.79,13.4,321.6,24,578.9368,0.68,Moderate,FMS_MARITIME,2026-04-06
2021-07-11,60,HFO,66.8,8.7,208.8,24,996.2414,0.42,Calm,FMS_MARITIME,2026-04-06
2021-07-12,60,HFO,71.07,11.2,268.8,24,823.3333,0.73,Calm,FMS_MARITIME,2026-04-06
2021-07-13,60,LSMGO,36.24,12.9,309.6,24,364.507,0.9,Rough,FMS_MARITIME,2026-04-06
2021-07-14,60,VLSFO,22.66,12.9,309.6,24,227.9174,0.72,Rough,FMS_MARITIME,2026-04-06
2021-07-15,60,MGO,61.02,13.1,314.4,24,604.3775,0.43,Rough,FMS_MARITIME,2026-04-06
2021-07-16,60,MGO,36.74,12.9,309.6,24,369.536,0.74,Rough,FMS_MARITIME,2026-04-06
2021-07-17,60,LSMGO,61.22,10.4,249.6,24,763.7784,0.94,Moderate,FMS_MARITIME,2026-04-06
2021-07-18,60,HFO,69.32,9.6,230.4,24,936.9031,0.41,Moderate,FMS_MARITIME,2026-04-06
2021-07-19,60,VLSFO,83.08,14.6,350.4,24,738.3308,0.92,Moderate,FMS_MARITIME,2026-04-06
2021-07-20,60,VLSFO,15.7,17.4,417.6,24,117.0733,0.47,Moderate,FMS_MARITIME,2026-04-06
2021-07-21,60,MGO,63.72,16.5,396.0,24,501.0709,0.78,Moderate,FMS_MARITIME,2026-04-06
2021-07-22,60,LSMGO,69.19,10.7,256.8,24,839.0096,0.64,Calm,FMS_MARITIME,2026-04-06
2021-07-23,60,HFO,15.89,15.1,362.4,24,136.5382,0.53,Calm,FMS_MARITIME,2026-04-06
2021-07-24,60,VLSFO,44.27,12.4,297.6,24,463.2284,0.52,Calm,FMS_MARITIME,2026-04-06
2021-07-25,60,VLSFO,72.21,11.4,273.6,24,821.8638,0.75,Moderate,FMS_MARITIME,2026-04-06
2021-07-26,60,VLSFO,68.44,9.1,218.4,24,975.8341,0.88,Rough,FMS_MARITIME,2026-04-06
2021-07-27,60,MGO,74.83,11.5,276.0,24,844.2776,0.53,Calm,FMS_MARITIME,2026-04-06
2021-07-28,60,MGO,20.51,9.6,230.4,24,277.2055,0.78,Rough,FMS_MARITIME,2026-04-06
2021-07-28,60,VLSFO,57.17,11.4,273.6,24,650.6849,1.0,Moderate,FMS_MARITIME,2026-04-06
2021-07-28,60,VLSFO,29.1,11.0,264.0,24,343.2477,0.8,Rough,FMS_MARITIME,2026-04-06
2021-07-01,61,LNG,82.77,16.2,388.8,24,662.9264,0.91,Rough,FMS_MARITIME,2026-04-06
2021-07-02,61,MGO,67.07,17.0,408.0,24,511.9019,0.54,Moderate,FMS_MARITIME,2026-04-06
2021-07-03,61,HFO,36.23,9.7,232.8,24,484.6229,0.61,Calm,FMS_MARITIME,2026-04-06
2021-07-04,61,VLSFO,78.18,10.9,261.6,24,930.6289,0.53,Moderate,FMS_MARITIME,2026-04-06
2021-07-05,61,MGO,55.74,11.8,283.2,24,612.9038,0.59,Calm,FMS_MARITIME,2026-04-06
2021-07-06,61,LNG,42.39,13.1,314.4,24,419.8552,0.72,Moderate,FMS_MARITIME,2026-04-06
2021-07-07,61,HFO,29.42,17.4,417.6,24,219.3819,0.51,Rough,FMS_MARITIME,2026-04-06
2021-07-08,61,MGO,36.67,13.7,328.8,24,347.2943,0.6,Rough,FMS_MARITIME,2026-04-06
2021-07-09,61,HFO,64.88,12.5,300.0,24,673.4544,0.72,Moderate,FMS_MARITIME,2026-04-06
2021-07-10,61,MGO,84.3,9.3,223.2,24,1176.121,0.41,Moderate,FMS_MARITIME,2026-04-06
2021-07-11,61,VLSFO,75.91,13.8,331.2,24,713.719,0.8,Calm,FMS_MARITIME,2026-04-06
2021-07-12,61,HFO,77.76,14.8,355.2,24,681.7135,0.49,Moderate,FMS_MARITIME,2026-04-06
2021-07-13,61,LNG,54.96,16.2,388.8,24,440.1889,0.43,Moderate,FMS_MARITIME,2026-04-06
2021-07-14,61,VLSFO,67.36,17.2,412.8,24,508.1372,0.95,Rough,FMS_MARITIME,2026-04-06
2021-07-15,61,LSMGO,44.59,11.5,276.0,24,503.0915,0.48,Moderate,FMS_MARITIME,2026-04-06
2021-07-16,61,HFO,71.06,9.1,218.4,24,1013.1907,0.83,Calm,FMS_MARITIME,2026-04-06
2021-07-17,61,VLSFO,47.08,17.9,429.6,24,341.2642,0.44,Calm,FMS_MARITIME,2026-04-06
2021-07-18,61,HFO,17.15,10.4,249.6,24,213.9627,0.92,Calm,FMS_MARITIME,2026-04-06
2021-07-19,61,HFO,43.22,17.1,410.4,24,327.9412,0.67,Moderate,FMS_MARITIME,2026-04-06
2021-07-20,61,VLSFO,39.12,11.4,273.6,24,445.2474,0.81,Moderate,FMS_MARITIME,2026-04-06
2021-07-21,61,LSMGO,51.54,13.4,321.6,24,499.0534,0.93,Moderate,FMS_MARITIME,2026-04-06
2021-07-22,61,MGO,73.35,10.0,240.0,24,951.7162,0.92,Rough,FMS_MARITIME,2026-04-06
2021-07-23,61,LSMGO,73.0,12.7,304.8,24,745.8071,0.43,Rough,FMS_MARITIME,2026-04-06
2021-07-24,61,HFO,77.43,15.7,376.8,24,639.9072,0.55,Calm,FMS_MARITIME,2026-04-06
2021-07-25,61,VLSFO,37.91,12.6,302.4,24,390.3827,0.92,Rough,FMS_MARITIME,2026-04-06
2021-07-26,61,LNG,50.76,8.9,213.6,24,740.0124,0.74,Moderate,FMS_MARITIME,2026-04-06
2021-07-27,61,LNG,30.57,9.3,223.2,24,426.5008,0.61,Calm,FMS_MARITIME,2026-04-06
2021-07-28,61,VLSFO,16.76,17.6,422.4,24,123.5574,0.41,Calm,FMS_MARITIME,2026-04-06
2021-07-28,61,LNG,70.41,17.0,408.0,24,537.394,0.55,Calm,FMS_MARITIME,2026-04-06
2021-07-28,61,MGO,38.01,12.2,292.8,24,404.2457,0.55,Calm,FMS_MARITIME,2026-04-06
2021-07-01,62,VLSFO,64.1,9.6,230.4,24,866.3516,0.56,Moderate,FMS_MARITIME,2026-04-06
2021-07-02,62,VLSFO,76.98,16.5,396.0,24,605.3427,0.6,Moderate,FMS_MARITIME,2026-04-06
2021-07-03,62,LNG,37.13,14.3,343.2,24,336.8963,0.91,Moderate,FMS_MARITIME,2026-04-06
2021-07-04,62,MGO,65.63,8.7,208.8,24,978.7922,0.75,Calm,FMS_MARITIME,2026-04-06
2021-07-05,62,HFO,65.21,15.2,364.8,24,556.6446,0.65,Calm,FMS_MARITIME,2026-04-06
2021-07-06,62,MGO,68.62,10.2,244.8,24,872.8868,0.64,Rough,FMS_MARITIME,2026-04-06
2021-07-07,62,LNG,39.97,17.5,420.0,24,296.349,0.97,Rough,FMS_MARITIME,2026-04-06
2021-07-08,62,MGO,76.0,10.5,252.0,24,939.1429,0.75,Rough,FMS_MARITIME,2026-04-06
2021-07-09,62,LNG,21.89,8.6,206.4,24,330.259,0.54,Calm,FMS_MARITIME,2026-04-06
2021-07-10,62,LSMGO,35.09,17.2,412.8,24,264.7051,0.79,Rough,FMS_MARITIME,2026-04-06
2021-07-11,62,HFO,29.99,16.6,398.4,24,234.4098,0.57,Calm,FMS_MARITIME,2026-04-06
2021-07-12,62,HFO,23.02,17.5,420.0,24,170.6769,0.56,Moderate,FMS_MARITIME,2026-04-06
2021-07-13,62,LSMGO,38.69,8.1,194.4,24,619.7565,0.71,Calm,FMS_MARITIME,2026-04-06
2021-07-14,62,VLSFO,82.49,17.8,427.2,24,601.2965,0.77,Calm,FMS_MARITIME,2026-04-06
2021-07-15,62,VLSFO,46.68,14.7,352.8,24,412.0224,0.92,Calm,FMS_MARITIME,2026-04-06
2021-07-16,62,LNG,15.64,8.4,201.6,24,241.5821,0.62,Moderate,FMS_MARITIME,2026-04-06
2021-07-17,62,VLSFO,25.53,16.8,403.2,24,197.1737,0.91,Rough,FMS_MARITIME,2026-04-06
2021-07-18,62,VLSFO,47.44,16.5,396.0,24,373.0509,0.47,Rough,FMS_MARITIME,2026-04-06
2021-07-19,62,MGO,36.08,9.8,235.2,24,477.6918,0.75,Calm,FMS_MARITIME,2026-04-06
2021-07-20,62,LSMGO,70.8,15.9,381.6,24,577.7547,0.86,Calm,FMS_MARITIME,2026-04-06
2021-07-21,62,HFO,46.45,12.5,300.0,24,482.151,0.56,Rough,FMS_MARITIME,2026-04-06
2021-07-22,62,VLSFO,43.44,15.1,362.4,24,373.2675,0.49,Rough,FMS_MARITIME,2026-04-06
2021-07-23,62,HFO,40.13,16.3,391.2,24,319.4397,0.49,Moderate,FMS_MARITIME,2026-04-06
2021-07-24,62,VLSFO,30.09,15.6,374.4,24,250.2678,0.44,Moderate,FMS_MARITIME,2026-04-06
2021-07-25,62,LSMGO,33.02,11.1,266.4,24,385.977,0.91,Moderate,FMS_MARITIME,2026-04-06
2021-07-26,62,VLSFO,60.37,13.5,324.0,24,580.2228,0.63,Rough,FMS_MARITIME,2026-04-06
2021-07-27,62,HFO,56.09,15.9,381.6,24,457.7156,0.59,Moderate,FMS_MARITIME,2026-04-06
2021-07-28,62,VLSFO,77.35,13.0,312.0,24,772.0125,0.97,Moderate,FMS_MARITIME,2026-04-06
2021-07-28,62,VLSFO,37.62,14.9,357.6,24,327.597,0.67,Calm,FMS_MARITIME,2026-04-06
2021-07-28,62,LSMGO,72.61,8.9,213.6,24,1058.5559,0.62,Rough,FMS_MARITIME,2026-04-06
2021-07-01,63,VLSFO,36.58,13.2,316.8,24,359.5648,0.82,Calm,FMS_MARITIME,2026-04-06
2021-07-02,63,LSMGO,51.74,17.3,415.2,24,388.05,0.79,Moderate,FMS_MARITIME,2026-04-06
2021-07-03,63,HFO,67.12,9.0,216.0,24,967.6467,0.71,Rough,FMS_MARITIME,2026-04-06
2021-07-04,63,VLSFO,35.99,14.6,350.4,24,319.8426,0.5,Rough,FMS_MARITIME,2026-04-06
2021-07-05,63,MGO,73.77,11.7,280.8,24,818.0904,0.65,Moderate,FMS_MARITIME,2026-04-06
2021-07-06,63,VLSFO,67.87,17.6,422.4,24,500.3484,0.47,Calm,FMS_MARITIME,2026-04-06
2021-07-07,63,LSMGO,35.58,11.9,285.6,24,387.9416,0.74,Rough,FMS_MARITIME,2026-04-06
2021-07-08,63,MGO,29.25,16.4,393.6,24,231.4139,0.84,Moderate,FMS_MARITIME,2026-04-06
2021-07-09,63,HFO,40.9,12.8,307.2,24,414.5918,0.81,Rough,FMS_MARITIME,2026-04-06
2021-07-10,63,MGO,36.46,12.2,292.8,24,387.7611,0.62,Calm,FMS_MARITIME,2026-04-06
2021-07-11,63,MGO,72.96,17.9,429.6,24,528.8581,0.67,Calm,FMS_MARITIME,2026-04-06
2021-07-12,63,HFO,62.15,12.6,302.4,24,639.997,0.61,Rough,FMS_MARITIME,2026-04-06
2021-07-13,63,VLSFO,50.01,8.0,192.0,24,811.0997,0.84,Rough,FMS_MARITIME,2026-04-06
2021-07-14,63,MGO,40.85,9.6,230.4,24,552.1133,0.69,Moderate,FMS_MARITIME,2026-04-06
2021-07-15,63,LNG,34.72,15.8,379.2,24,285.1215,0.86,Moderate,FMS_MARITIME,2026-04-06
2021-07-16,63,MGO,18.08,9.4,225.6,24,249.5617,0.43,Rough,FMS_MARITIME,2026-04-06
2021-07-17,63,VLSFO,65.92,17.2,412.8,24,497.2744,0.5,Calm,FMS_MARITIME,2026-04-06
2021-07-18,63,HFO,52.27,14.5,348.0,24,467.7264,0.72,Rough,FMS_MARITIME,2026-04-06
2021-07-19,63,VLSFO,77.91,12.5,300.0,24,808.7058,0.97,Moderate,FMS_MARITIME,2026-04-06
2021-07-20,63,LSMGO,58.02,11.0,264.0,24,684.3723,0.52,Calm,FMS_MARITIME,2026-04-06
2021-07-21,63,MGO,64.2,17.0,408.0,24,489.9971,0.41,Rough,FMS_MARITIME,2026-04-06
2021-07-22,63,LSMGO,78.36,13.9,333.6,24,731.454,0.58,Rough,FMS_MARITIME,2026-04-06
2021-07-23,63,HFO,55.25,17.8,427.2,24,402.7353,0.87,Calm,FMS_MARITIME,2026-04-06
2021-07-24,63,MGO,43.48,16.4,393.6,24,343.9957,0.48,Moderate,FMS_MARITIME,2026-04-06
2021-07-25,63,HFO,64.75,11.6,278.4,24,724.2511,0.91,Rough,FMS_MARITIME,2026-04-06
2021-07-26,63,HFO,28.56,12.0,288.0,24,308.805,0.44,Rough,FMS_MARITIME,2026-04-06
2021-07-27,63,HFO,64.36,9.8,235.2,24,852.1133,0.51,Rough,FMS_MARITIME,2026-04-06
2021-07-28,63,HFO,55.65,10.2,244.8,24,707.9007,0.68,Moderate,FMS_MARITIME,2026-04-06
2021-07-28,63,VLSFO,25.47,14.6,350.4,24,226.3515,0.63,Calm,FMS_MARITIME,2026-04-06
2021-07-28,63,MGO,50.12,10.9,261.6,24,596.6119,0.4,Moderate,FMS_MARITIME,2026-04-06
2021-07-01,64,LNG,74.06,14.8,355.2,24,649.276,0.43,Moderate,FMS_MARITIME,2026-04-06
2021-07-02,64,VLSFO,60.08,10.3,247.2,24,756.833,0.42,Rough,FMS_MARITIME,2026-04-06
2021-07-03,64,HFO,16.82,8.3,199.2,24,262.9392,0.85,Rough,FMS_MARITIME,2026-04-06
2021-07-04,64,MGO,34.81,11.9,285.6,24,379.546,0.4,Rough,FMS_MARITIME,2026-04-06
2021-07-05,64,HFO,33.52,16.2,388.8,24,268.4704,0.43,Calm,FMS_MARITIME,2026-04-06
2021-07-06,64,HFO,42.94,12.8,307.2,24,435.2707,0.72,Calm,FMS_MARITIME,2026-04-06
2021-07-07,64,MGO,38.67,16.5,396.0,24,304.0868,0.76,Moderate,FMS_MARITIME,2026-04-06
2021-07-08,64,HFO,59.26,8.1,194.4,24,949.2574,0.83,Moderate,FMS_MARITIME,2026-04-06
2021-07-09,64,MGO,73.05,11.3,271.2,24,838.7821,0.96,Rough,FMS_MARITIME,2026-04-06
2021-07-10,64,VLSFO,71.41,14.7,352.8,24,630.3026,0.78,Moderate,FMS_MARITIME,2026-04-06
2021-07-11,64,MGO,55.78,10.7,256.8,24,676.3977,0.76,Moderate,FMS_MARITIME,2026-04-06
2021-07-12,64,LNG,62.25,12.9,309.6,24,626.1192,0.63,Moderate,FMS_MARITIME,2026-04-06
2021-07-13,64,VLSFO,17.13,16.7,400.8,24,133.0909,0.74,Calm,FMS_MARITIME,2026-04-06
2021-07-14,64,LNG,40.0,13.1,314.4,24,396.1832,0.57,Calm,FMS_MARITIME,2026-04-06
2021-07-15,64,LNG,25.37,13.1,314.4,24,251.2792,0.8,Calm,FMS_MARITIME,2026-04-06
2021-07-16,64,VLSFO,26.38,11.0,264.0,24,311.1641,0.44,Rough,FMS_MARITIME,2026-04-06
2021-07-17,64,HFO,53.66,16.7,400.8,24,416.9093,0.76,Rough,FMS_MARITIME,2026-04-06
2021-07-18,64,LSMGO,55.84,12.0,288.0,24,603.77,0.73,Moderate,FMS_MARITIME,2026-04-06
2021-07-19,64,LNG,73.85,11.0,264.0,24,871.0943,0.61,Calm,FMS_MARITIME,2026-04-06
2021-07-20,64,LNG,76.71,17.9,429.6,24,556.0404,0.64,Moderate,FMS_MARITIME,2026-04-06
2021-07-21,64,MGO,54.41,12.7,304.8,24,555.8817,0.52,Moderate,FMS_MARITIME,2026-04-06
2021-07-22,64,VLSFO,82.44,13.7,328.8,24,780.773,0.62,Calm,FMS_MARITIME,2026-04-06
2021-07-23,64,HFO,26.56,14.8,355.2,24,232.8486,0.99,Moderate,FMS_MARITIME,2026-04-06
2021-07-24,64,MGO,61.65,15.5,372.0,24,516.0702,0.65,Moderate,FMS_MARITIME,2026-04-06
2021-07-25,64,MGO,72.26,15.3,367.2,24,612.7931,0.86,Calm,FMS_MARITIME,2026-04-06
2021-07-26,64,MGO,39.94,10.3,247.2,24,503.1277,0.53,Rough,FMS_MARITIME,2026-04-06
2021-07-27,64,LSMGO,18.67,12.4,297.6,24,195.3575,0.42,Moderate,FMS_MARITIME,2026-04-06
2021-07-28,64,LNG,84.21,15.6,374.4,24,700.4005,0.65,Moderate,FMS_MARITIME,2026-04-06
2021-07-28,64,MGO,69.13,10.4,249.6,24,862.4632,0.86,Moderate,FMS_MARITIME,2026-04-06
2021-07-28,64,HFO,74.01,9.5,228.0,24,1010.8208,0.75,Calm,FMS_MARITIME,2026-04-06
2021-07-01,65,HFO,39.97,15.2,364.8,24,341.1913,0.69,Rough,FMS_MARITIME,2026-04-06
2021-07-02,65,HFO,43.41,17.3,415.2,24,325.575,0.47,Rough,FMS_MARITIME,2026-04-06
2021-07-03,65,VLSFO,40.8,12.1,290.4,24,437.5041,0.59,Rough,FMS_MARITIME,2026-04-06
2021-07-04,65,MGO,48.12,17.9,429.6,24,348.8028,0.74,Moderate,FMS_MARITIME,2026-04-06
2021-07-05,65,MGO,36.48,12.0,288.0,24,394.44,0.6,Moderate,FMS_MARITIME,2026-04-06
2021-07-06,65,HFO,54.72,17.4,417.6,24,408.0414,0.63,Calm,FMS_MARITIME,2026-04-06
2021-07-07,65,MGO,40.44,11.5,276.0,24,456.2687,0.71,Moderate,FMS_MARITIME,2026-04-06
2021-07-08,65,HFO,82.43,9.5,228.0,24,1125.8203,0.8,Rough,FMS_MARITIME,2026-04-06
2021-07-09,65,LNG,37.4,8.9,213.6,24,545.2416,0.78,Calm,FMS_MARITIME,2026-04-06
2021-07-10,65,MGO,57.49,14.0,336.0,24,532.8091,0.5,Rough,FMS_MARITIME,2026-04-06
2021-07-11,65,HFO,79.5,11.2,268.8,24,920.9933,0.76,Moderate,FMS_MARITIME,2026-04-06
2021-07-12,65,HFO,36.97,8.7,208.8,24,551.3629,0.69,Rough,FMS_MARITIME,2026-04-06
2021-07-13,65,LNG,17.03,12.6,302.4,24,175.3685,0.79,Moderate,FMS_MARITIME,2026-04-06
2021-07-14,65,LNG,63.8,15.9,381.6,24,520.6321,0.88,Moderate,FMS_MARITIME,2026-04-06
2021-07-15,65,MGO,77.23,10.9,261.6,24,919.3204,0.75,Moderate,FMS_MARITIME,2026-04-06
2021-07-16,65,LSMGO,36.77,15.2,364.8,24,313.8755,0.71,Rough,FMS_MARITIME,2026-04-06
2021-07-17,65,MGO,29.18,12.2,292.8,24,310.3365,0.58,Rough,FMS_MARITIME,2026-04-06
2021-07-18,65,MGO,82.65,16.9,405.6,24,634.5466,0.92,Calm,FMS_MARITIME,2026-04-06
2021-07-19,65,LNG,66.64,15.0,360.0,24,576.436,0.86,Calm,FMS_MARITIME,2026-04-06
2021-07-20,65,VLSFO,26.47,14.7,352.8,24,233.6383,0.71,Calm,FMS_MARITIME,2026-04-06
2021-07-21,65,LNG,72.84,12.1,290.4,24,781.0736,0.64,Moderate,FMS_MARITIME,2026-04-06
2021-07-22,65,VLSFO,70.82,8.2,196.8,24,1120.597,0.78,Rough,FMS_MARITIME,2026-04-06
2021-07-23,65,HFO,16.36,16.0,384.0,24,132.6694,0.51,Calm,FMS_MARITIME,2026-04-06
2021-07-24,65,MGO,56.12,11.0,264.0,24,661.9609,0.73,Moderate,FMS_MARITIME,2026-04-06
2021-07-25,65,VLSFO,34.42,12.2,292.8,24,366.0652,0.64,Moderate,FMS_MARITIME,2026-04-06
2021-07-26,65,LNG,54.09,10.7,256.8,24,655.9044,0.43,Calm,FMS_MARITIME,2026-04-06
2021-07-27,65,LNG,38.54,14.1,338.4,24,354.65,0.71,Calm,FMS_MARITIME,2026-04-06
2021-07-28,65,LNG,43.76,12.0,288.0,24,473.155,0.55,Moderate,FMS_MARITIME,2026-04-06
2021-07-28,65,LNG,40.16,9.5,228.0,24,548.5011,0.63,Rough,FMS_MARITIME,2026-04-06
2021-07-28,65,LNG,18.41,10.1,242.4,24,236.5047,0.96,Moderate,FMS_MARITIME,2026-04-06
2021-07-01,66,VLSFO,49.39,9.5,228.0,24,674.5634,0.62,Calm,FMS_MARITIME,2026-04-06
2021-07-02,66,MGO,30.61,8.0,192.0,24,496.4559,0.48,Moderate,FMS_MARITIME,2026-04-06
2021-07-03,66,LSMGO,54.51,8.4,201.6,24,841.9848,0.68,Moderate,FMS_MARITIME,2026-04-06
2021-07-04,66,HFO,27.66,11.6,278.4,24,309.3866,0.97,Calm,FMS_MARITIME,2026-04-06
2021-07-05,66,LSMGO,28.78,10.3,247.2,24,362.5442,0.49,Calm,FMS_MARITIME,2026-04-06
2021-07-06,66,LSMGO,47.25,9.2,220.8,24,666.3791,0.57,Moderate,FMS_MARITIME,2026-04-06
2021-07-07,66,MGO,39.47,10.3,247.2,24,497.207,0.54,Calm,FMS_MARITIME,2026-04-06
2021-07-08,66,LNG,64.51,16.4,393.6,24,510.3764,0.75,Rough,FMS_MARITIME,2026-04-06
2021-07-09,66,VLSFO,81.58,13.3,319.2,24,795.865,0.4,Moderate,FMS_MARITIME,2026-04-06
2021-07-10,66,HFO,69.78,15.1,362.4,24,599.5997,0.49,Rough,FMS_MARITIME,2026-04-06
2021-07-11,66,HFO,17.08,10.8,259.2,24,205.1972,0.75,Rough,FMS_MARITIME,2026-04-06
2021-07-12,66,VLSFO,48.13,16.4,393.6,24,380.7846,0.99,Moderate,FMS_MARITIME,2026-04-06
2021-07-13,66,HFO,69.77,11.5,276.0,24,787.1876,0.43,Calm,FMS_MARITIME,2026-04-06
2021-07-14,66,HFO,49.68,10.3,247.2,24,625.8233,0.97,Calm,FMS_MARITIME,2026-04-06
2021-07-15,66,HFO,55.96,14.4,345.6,24,504.2229,0.88,Moderate,FMS_MARITIME,2026-04-06
2021-07-16,66,LSMGO,51.01,12.5,300.0,24,529.4838,0.8,Rough,FMS_MARITIME,2026-04-06
2021-07-17,66,LSMGO,29.65,10.0,240.0,24,384.7087,0.98,Calm,FMS_MARITIME,2026-04-06
2021-07-18,66,HFO,23.32,9.3,223.2,24,325.3516,0.73,Moderate,FMS_MARITIME,2026-04-06
2021-07-19,66,LSMGO,48.35,11.0,264.0,24,570.3102,0.94,Moderate,FMS_MARITIME,2026-04-06
2021-07-20,66,HFO,79.72,15.7,376.8,24,658.8325,0.95,Rough,FMS_MARITIME,2026-04-06
2021-07-21,66,LSMGO,22.53,10.6,254.4,24,275.78,0.45,Moderate,FMS_MARITIME,2026-04-06
2021-07-22,66,VLSFO,73.49,16.6,398.4,24,574.4173,0.49,Calm,FMS_MARITIME,2026-04-06
2021-07-23,66,HFO,42.82,8.4,201.6,24,661.4161,0.42,Calm,FMS_MARITIME,2026-04-06
2021-07-24,66,HFO,34.8,14.8,355.2,24,305.0878,0.43,Calm,FMS_MARITIME,2026-04-06
2021-07-25,66,MGO,23.57,15.2,364.8,24,201.1979,0.68,Moderate,FMS_MARITIME,2026-04-06
2021-07-26,66,VLSFO,78.01,17.6,422.4,24,575.1021,0.83,Calm,FMS_MARITIME,2026-04-06
2021-07-27,66,VLSFO,45.34,9.9,237.6,24,594.2288,0.81,Rough,FMS_MARITIME,2026-04-06
2021-07-28,66,MGO,30.11,13.8,331.2,24,283.0995,0.76,Moderate,FMS_MARITIME,2026-04-06
2021-07-28,66,VLSFO,16.55,16.3,391.2,24,131.74,0.96,Calm,FMS_MARITIME,2026-04-06
2021-07-28,66,VLSFO,51.9,11.1,266.4,24,606.6689,0.82,Calm,FMS_MARITIME,2026-04-06
2021-07-01,67,VLSFO,46.95,16.7,400.8,24,364.7762,0.87,Calm,FMS_MARITIME,2026-04-06
2021-07-02,67,LSMGO,26.05,14.2,340.8,24,238.0273,0.43,Rough,FMS_MARITIME,2026-04-06
2021-07-03,67,LSMGO,20.49,17.0,408.0,24,156.3869,0.76,Rough,FMS_MARITIME,2026-04-06
2021-07-04,67,HFO,65.21,17.2,412.8,24,491.9185,0.68,Calm,FMS_MARITIME,2026-04-06
2021-07-05,67,LNG,46.51,9.8,235.2,24,615.7829,0.96,Moderate,FMS_MARITIME,2026-04-06
2021-07-06,67,HFO,75.1,13.3,319.2,24,732.6485,0.66,Moderate,FMS_MARITIME,2026-04-06
2021-07-07,67,VLSFO,47.51,15.2,364.8,24,405.5541,0.77,Rough,FMS_MARITIME,2026-04-06
2021-07-08,67,MGO,41.12,9.4,225.6,24,567.5872,0.46,Moderate,FMS_MARITIME,2026-04-06
2021-07-09,67,HFO,54.2,13.7,328.8,24,513.3175,0.98,Rough,FMS_MARITIME,2026-04-06
2021-07-10,67,VLSFO,75.7,8.7,208.8,24,1128.9741,0.56,Rough,FMS_MARITIME,2026-04-06
2021-07-11,67,HFO,31.68,16.4,393.6,24,250.639,0.59,Rough,FMS_MARITIME,2026-04-06
2021-07-12,67,HFO,66.62,11.5,276.0,24,751.6474,0.9,Rough,FMS_MARITIME,2026-04-06
2021-07-13,67,MGO,23.11,11.5,276.0,24,260.7411,0.68,Moderate,FMS_MARITIME,2026-04-06
2021-07-14,67,MGO,51.84,9.7,232.8,24,693.4268,0.56,Calm,FMS_MARITIME,2026-04-06
2021-07-15,67,MGO,33.69,11.0,264.0,24,397.3889,0.44,Rough,FMS_MARITIME,2026-04-06
2021-07-16,67,LSMGO,44.44,10.8,259.2,24,533.8972,0.69,Calm,FMS_MARITIME,2026-04-06
2021-07-17,67,VLSFO,58.21,9.4,225.6,24,803.4838,0.69,Calm,FMS_MARITIME,2026-04-06
2021-07-18,67,VLSFO,39.26,12.3,295.2,24,414.1451,0.59,Moderate,FMS_MARITIME,2026-04-06
2021-07-19,67,LNG,81.12,13.6,326.4,24,773.9206,0.71,Rough,FMS_MARITIME,2026-04-06
2021-07-20,67,LSMGO,17.55,17.9,429.6,24,127.213,0.74,Calm,FMS_MARITIME,2026-04-06
2021-07-21,67,MGO,43.97,8.1,194.4,24,704.3343,0.87,Rough,FMS_MARITIME,2026-04-06
2021-07-22,67,MGO,48.77,15.8,379.2,24,400.5005,0.64,Moderate,FMS_MARITIME,2026-04-06
2021-07-23,67,LNG,30.53,17.0,408.0,24,233.0157,0.85,Calm,FMS_MARITIME,2026-04-06
2021-07-24,67,MGO,29.37,16.9,405.6,24,225.4886,0.54,Calm,FMS_MARITIME,2026-04-06
2021-07-25,67,LSMGO,61.07,13.6,326.4,24,582.6347,0.42,Rough,FMS_MARITIME,2026-04-06
2021-07-26,67,LSMGO,58.15,16.0,384.0,24,471.5602,0.96,Rough,FMS_MARITIME,2026-04-06
2021-07-27,67,LSMGO,82.0,8.5,204.0,24,1251.7059,0.61,Calm,FMS_MARITIME,2026-04-06
2021-07-28,67,LSMGO,15.73,11.1,266.4,24,183.8709,0.6,Calm,FMS_MARITIME,2026-04-06
2021-07-28,67,MGO,78.94,9.1,218.4,24,1125.5456,0.59,Calm,FMS_MARITIME,2026-04-06
2021-07-28,67,LNG,35.84,9.6,230.4,24,484.4,0.71,Moderate,FMS_MARITIME,2026-04-06
2021-07-01,68,LSMGO,46.52,9.3,223.2,24,649.029,0.79,Moderate,FMS_MARITIME,2026-04-06
2021-07-02,68,LNG,82.45,10.3,247.2,24,1038.6299,0.48,Moderate,FMS_MARITIME,2026-04-06
2021-07-03,68,LSMGO,18.48,17.4,417.6,24,137.8034,0.91,Rough,FMS_MARITIME,2026-04-06
2021-07-04,68,LSMGO,78.72,14.3,343.2,24,714.2601,0.67,Rough,FMS_MARITIME,2026-04-06
2021-07-05,68,MGO,26.28,12.8,307.2,24,266.393,0.62,Rough,FMS_MARITIME,2026-04-06
2021-07-06,68,HFO,46.37,11.5,276.0,24,523.1746,0.87,Moderate,FMS_MARITIME,2026-04-06
2021-07-07,68,VLSFO,39.58,9.0,216.0,24,570.6117,0.96,Calm,FMS_MARITIME,2026-04-06
2021-07-08,68,LSMGO,75.62,17.4,417.6,24,563.8905,0.48,Calm,FMS_MARITIME,2026-04-06
2021-07-09,68,LSMGO,64.34,9.2,220.8,24,907.4038,0.65,Calm,FMS_MARITIME,2026-04-06
2021-07-10,68,HFO,66.55,16.7,400.8,24,517.0576,0.95,Moderate,FMS_MARITIME,2026-04-06
2021-07-11,68,LNG,73.97,14.2,340.8,24,675.8879,0.41,Calm,FMS_MARITIME,2026-04-06
2021-07-12,68,MGO,71.68,9.8,235.2,24,949.0286,0.92,Rough,FMS_MARITIME,2026-04-06
2021-07-13,68,HFO,17.51,12.4,297.6,24,183.2196,0.49,Moderate,FMS_MARITIME,2026-04-06
2021-07-14,68,LNG,40.39,8.8,211.2,24,595.523,0.66,Rough,FMS_MARITIME,2026-04-06
2021-07-15,68,VLSFO,19.11,13.9,333.6,24,178.3829,0.61,Rough,FMS_MARITIME,2026-04-06
2021-07-16,68,LSMGO,72.53,15.0,360.0,24,627.3845,0.85,Calm,FMS_MARITIME,2026-04-06
2021-07-17,68,LNG,80.22,11.6,278.4,24,897.2884,0.9,Moderate,FMS_MARITIME,2026-04-06
2021-07-18,68,VLSFO,82.43,10.4,249.6,24,1028.3935,0.54,Calm,FMS_MARITIME,2026-04-06
2021-07-19,68,VLSFO,56.11,11.1,266.4,24,655.8804,0.48,Calm,FMS_MARITIME,2026-04-06
2021-07-20,68,LNG,57.42,17.5,420.0,24,425.7283,0.63,Rough,FMS_MARITIME,2026-04-06
2021-07-21,68,HFO,57.49,14.9,357.6,24,500.626,0.6,Moderate,FMS_MARITIME,2026-04-06
2021-07-22,68,MGO,77.62,15.5,372.0,24,649.7545,0.55,Moderate,FMS_MARITIME,2026-04-06
2021-07-23,68,HFO,22.03,14.2,340.8,24,201.2952,0.65,Calm,FMS_MARITIME,2026-04-06
2021-07-24,68,MGO,42.85,8.3,199.2,24,669.8539,0.9,Rough,FMS_MARITIME,2026-04-06
2021-07-25,68,LSMGO,18.7,9.9,237.6,24,245.0833,0.84,Calm,FMS_MARITIME,2026-04-06
2021-07-26,68,LSMGO,41.34,12.2,292.8,24,439.6611,0.9,Rough,FMS_MARITIME,2026-04-06
2021-07-27,68,MGO,42.86,17.6,422.4,24,315.9707,0.96,Rough,FMS_MARITIME,2026-04-06
2021-07-28,68,LSMGO,30.56,8.1,194.4,24,489.5259,0.82,Rough,FMS_MARITIME,2026-04-06
2021-07-28,68,VLSFO,66.67,15.7,376.8,24,550.983,0.74,Moderate,FMS_MARITIME,2026-04-06
2021-07-28,68,LNG,48.87,17.5,420.0,24,362.3361,0.61,Calm,FMS_MARITIME,2026-04-06
2021-07-01,69,VLSFO,15.1,12.9,309.6,24,151.8779,0.99,Rough,FMS_MARITIME,2026-04-06
2021-07-02,69,VLSFO,47.37,11.8,283.2,24,520.8693,0.66,Moderate,FMS_MARITIME,2026-04-06
2021-07-03,69,LNG,22.94,16.1,386.4,24,184.8736,0.74,Calm,FMS_MARITIME,2026-04-06
2021-07-04,69,LNG,30.97,10.3,247.2,24,390.1318,0.63,Calm,FMS_MARITIME,2026-04-06
2021-07-05,69,VLSFO,18.46,13.8,331.2,24,173.5641,0.46,Rough,FMS_MARITIME,2026-04-06
2021-07-06,69,VLSFO,60.78,17.0,408.0,24,463.8944,0.44,Rough,FMS_MARITIME,2026-04-06
2021-07-07,69,VLSFO,84.27,17.8,427.2,24,614.2715,0.88,Calm,FMS_MARITIME,2026-04-06
2021-07-08,69,HFO,35.58,13.3,319.2,24,347.1056,0.96,Calm,FMS_MARITIME,2026-04-06
2021-07-09,69,HFO,42.0,9.0,216.0,24,605.5,0.55,Rough,FMS_MARITIME,2026-04-06
2021-07-10,69,HFO,60.48,17.9,429.6,24,438.3955,0.72,Calm,FMS_MARITIME,2026-04-06
2021-07-11,69,LSMGO,16.72,10.1,242.4,24,214.7941,0.67,Rough,FMS_MARITIME,2026-04-06
2021-07-12,69,MGO,50.35,8.2,196.8,24,796.6966,0.66,Rough,FMS_MARITIME,2026-04-06
2021-07-13,69,MGO,40.89,11.4,273.6,24,465.3928,0.56,Moderate,FMS_MARITIME,2026-04-06
2021-07-14,69,LNG,62.67,12.3,295.2,24,661.0921,0.8,Calm,FMS_MARITIME,2026-04-06
2021-07-15,69,MGO,62.01,10.8,259.2,24,744.9812,0.96,Calm,FMS_MARITIME,2026-04-06
2021-07-16,69,LNG,24.95,12.9,309.6,24,250.9506,0.96,Rough,FMS_MARITIME,2026-04-06
2021-07-17,69,VLSFO,31.2,14.5,348.0,24,279.1862,0.97,Moderate,FMS_MARITIME,2026-04-06
2021-07-18,69,LSMGO,21.91,11.7,280.8,24,242.9763,0.53,Rough,FMS_MARITIME,2026-04-06
2021-07-19,69,LNG,43.36,8.5,204.0,24,661.8776,0.49,Moderate,FMS_MARITIME,2026-04-06
2021-07-20,69,MGO,76.0,17.2,412.8,24,573.314,0.82,Rough,FMS_MARITIME,2026-04-06
2021-07-21,69,MGO,31.9,9.6,230.4,24,431.1484,0.98,Rough,FMS_MARITIME,2026-04-06
2021-07-22,69,HFO,26.68,16.7,400.8,24,207.2892,0.64,Moderate,FMS_MARITIME,2026-04-06
2021-07-23,69,VLSFO,25.39,17.6,422.4,24,187.1791,0.53,Calm,FMS_MARITIME,2026-04-06
2021-07-24,69,LNG,56.3,8.4,201.6,24,869.6339,1.0,Rough,FMS_MARITIME,2026-04-06
2021-07-25,69,LNG,43.98,15.5,372.0,24,368.1552,0.72,Rough,FMS_MARITIME,2026-04-06
2021-07-26,69,VLSFO,32.87,8.7,208.8,24,490.2164,0.98,Moderate,FMS_MARITIME,2026-04-06
2021-07-27,69,VLSFO,72.64,14.2,340.8,24,663.7352,0.84,Calm,FMS_MARITIME,2026-04-06
2021-07-28,69,HFO,69.93,17.2,412.8,24,527.5243,0.43,Rough,FMS_MARITIME,2026-04-06
2021-07-28,69,MGO,84.14,11.5,276.0,24,949.3187,0.58,Rough,FMS_MARITIME,2026-04-06
2021-07-28,69,LNG,40.55,17.6,422.4,24,298.9411,0.78,Rough,FMS_MARITIME,2026-04-06
2021-07-01,70,LSMGO,83.6,10.1,242.4,24,1073.9703,0.85,Calm,FMS_MARITIME,2026-04-06
2021-07-02,70,VLSFO,16.74,10.6,254.4,24,204.9071,0.43,Moderate,FMS_MARITIME,2026-04-06
2021-07-03,70,VLSFO,37.39,16.2,388.8,24,299.4662,0.73,Moderate,FMS_MARITIME,2026-04-06
2021-07-04,70,MGO,35.15,15.6,374.4,24,292.3534,0.97,Calm,FMS_MARITIME,2026-04-06
2021-07-05,70,MGO,61.33,12.2,292.8,24,652.2596,0.82,Moderate,FMS_MARITIME,2026-04-06
2021-07-06,70,MGO,41.32,16.8,403.2,24,319.1232,0.44,Rough,FMS_MARITIME,2026-04-06
2021-07-07,70,HFO,36.23,17.4,417.6,24,270.1634,0.86,Rough,FMS_MARITIME,2026-04-06
2021-07-08,70,LNG,68.86,10.8,259.2,24,827.2764,0.96,Rough,FMS_MARITIME,2026-04-06
2021-07-09,70,MGO,36.52,8.6,206.4,24,550.9849,0.42,Calm,FMS_MARITIME,2026-04-06
2021-07-10,70,MGO,75.21,11.7,280.8,24,834.0596,0.66,Moderate,FMS_MARITIME,2026-04-06
2021-07-11,70,LNG,33.93,16.3,391.2,24,270.087,0.64,Calm,FMS_MARITIME,2026-04-06
2021-07-12,70,MGO,23.2,16.6,398.4,24,181.3373,0.97,Moderate,FMS_MARITIME,2026-04-06
2021-07-13,70,LSMGO,17.0,15.5,372.0,24,142.3065,0.45,Calm,FMS_MARITIME,2026-04-06
2021-07-14,70,LNG,57.6,9.9,237.6,24,754.9091,0.99,Moderate,FMS_MARITIME,2026-04-06
2021-07-15,70,HFO,66.49,10.1,242.4,24,854.1661,0.62,Rough,FMS_MARITIME,2026-04-06
2021-07-16,70,LNG,54.9,11.5,276.0,24,619.4152,0.56,Calm,FMS_MARITIME,2026-04-06
2021-07-17,70,MGO,38.76,16.4,393.6,24,306.653,0.78,Calm,FMS_MARITIME,2026-04-06
2021-07-18,70,MGO,70.67,9.0,216.0,24,1018.8258,0.45,Calm,FMS_MARITIME,2026-04-06
2021-07-19,70,MGO,64.74,9.6,230.4,24,875.0016,0.94,Calm,FMS_MARITIME,2026-04-06
2021-07-20,70,VLSFO,17.3,13.5,324.0,24,166.2722,0.84,Moderate,FMS_MARITIME,2026-04-06
2021-07-21,70,MGO,19.79,17.6,422.4,24,145.895,0.92,Calm,FMS_MARITIME,2026-04-06
2021-07-22,70,HFO,59.07,8.6,206.4,24,891.2015,0.58,Calm,FMS_MARITIME,2026-04-06
2021-07-23,70,LSMGO,39.34,9.0,216.0,24,567.1517,0.67,Rough,FMS_MARITIME,2026-04-06
2021-07-24,70,HFO,81.8,16.3,391.2,24,651.138,1.0,Moderate,FMS_MARITIME,2026-04-06
2021-07-25,70,LSMGO,33.1,12.4,297.6,24,346.3488,0.69,Calm,FMS_MARITIME,2026-04-06
2021-07-26,70,LSMGO,19.57,8.4,201.6,24,302.2866,0.43,Moderate,FMS_MARITIME,2026-04-06
2021-07-27,70,HFO,43.01,11.7,280.8,24,476.9699,0.71,Calm,FMS_MARITIME,2026-04-06
2021-07-28,70,HFO,44.32,9.2,220.8,24,625.0565,0.61,Moderate,FMS_MARITIME,2026-04-06
2021-07-28,70,LNG,33.77,11.9,285.6,24,368.2065,0.56,Moderate,FMS_MARITIME,2026-04-06
2021-07-28,70,LNG,37.59,10.5,252.0,24,464.505,0.46,Moderate,FMS_MARITIME,2026-04-06
2021-07-01,71,VLSFO,41.47,9.6,230.4,24,560.493,0.56,Rough,FMS_MARITIME,2026-04-06
2021-07-02,71,LNG,82.34,12.2,292.8,24,875.7061,0.45,Rough,FMS_MARITIME,2026-04-06
2021-07-03,71,LNG,49.54,13.6,326.4,24,472.6335,0.82,Calm,FMS_MARITIME,2026-04-06
2021-07-04,71,HFO,15.17,9.9,237.6,24,198.8189,0.52,Rough,FMS_MARITIME,2026-04-06
2021-07-05,71,LNG,39.38,16.0,384.0,24,319.3472,0.5,Moderate,FMS_MARITIME,2026-04-06
2021-07-06,71,LSMGO,41.78,16.9,405.6,24,320.7666,0.92,Moderate,FMS_MARITIME,2026-04-06
2021-07-07,71,LSMGO,23.7,17.4,417.6,24,176.7284,0.82,Rough,FMS_MARITIME,2026-04-06
2021-07-08,71,LNG,62.1,12.6,302.4,24,639.4821,0.7,Rough,FMS_MARITIME,2026-04-06
2021-07-09,71,LNG,79.12,9.2,220.8,24,1115.85,0.86,Moderate,FMS_MARITIME,2026-04-06
2021-07-10,71,LNG,77.81,11.9,285.6,24,848.3905,0.55,Moderate,FMS_MARITIME,2026-04-06
2021-07-11,71,MGO,61.84,11.9,285.6,24,674.2639,0.62,Calm,FMS_MARITIME,2026-04-06
2021-07-12,71,VLSFO,29.46,13.0,312.0,24,294.0335,0.52,Calm,FMS_MARITIME,2026-04-06
2021-07-13,71,MGO,22.31,11.8,283.2,24,245.3155,0.98,Rough,FMS_MARITIME,2026-04-06
2021-07-14,71,LSMGO,16.66,15.2,364.8,24,142.2128,0.76,Calm,FMS_MARITIME,2026-04-06
2021-07-15,71,VLSFO,43.8,16.7,400.8,24,340.3024,0.93,Rough,FMS_MARITIME,2026-04-06
2021-07-16,71,VLSFO,30.81,11.6,278.4,24,344.6205,0.53,Calm,FMS_MARITIME,2026-04-06
2021-07-17,71,MGO,19.04,13.8,331.2,24,179.0174,0.42,Moderate,FMS_MARITIME,2026-04-06
2021-07-18,71,HFO,58.87,15.5,372.0,24,492.7989,0.57,Moderate,FMS_MARITIME,2026-04-06
2021-07-19,71,HFO,75.19,10.8,259.2,24,903.3243,0.66,Calm,FMS_MARITIME,2026-04-06
2021-07-20,71,LNG,26.16,16.9,405.6,24,200.8438,0.51,Moderate,FMS_MARITIME,2026-04-06
2021-07-21,71,LNG,41.99,17.7,424.8,24,307.8081,0.4,Calm,FMS_MARITIME,2026-04-06
2021-07-22,71,MGO,16.65,12.5,300.0,24,172.827,0.73,Calm,FMS_MARITIME,2026-04-06
2021-07-23,71,VLSFO,17.93,16.2,388.8,24,143.606,0.44,Moderate,FMS_MARITIME,2026-04-06
2021-07-24,71,LNG,54.21,9.3,223.2,24,756.3169,0.81,Moderate,FMS_MARITIME,2026-04-06
2021-07-25,71,MGO,58.81,14.1,338.4,24,541.1771,0.97,Rough,FMS_MARITIME,2026-04-06
2021-07-26,71,VLSFO,19.46,17.7,424.8,24,142.6517,0.45,Rough,FMS_MARITIME,2026-04-06
2021-07-27,71,HFO,74.07,8.1,194.4,24,1186.4917,0.48,Calm,FMS_MARITIME,2026-04-06
2021-07-28,71,LSMGO,57.86,10.9,261.6,24,688.7463,0.6,Rough,FMS_MARITIME,2026-04-06
2021-07-28,71,VLSFO,63.2,8.1,194.4,24,1012.3704,0.63,Rough,FMS_MARITIME,2026-04-06
2021-07-28,71,LNG,32.25,9.1,218.4,24,459.8283,0.87,Moderate,FMS_MARITIME,2026-04-06
2021-07-01,72,VLSFO,50.42,15.5,372.0,24,422.0642,0.91,Calm,FMS_MARITIME,2026-04-06
2021-07-02,72,VLSFO,45.26,9.0,216.0,24,652.4983,0.74,Moderate,FMS_MARITIME,2026-04-06
2021-07-03,72,VLSFO,22.67,12.7,304.8,24,231.6089,0.55,Calm,FMS_MARITIME,2026-04-06
2021-07-04,72,MGO,62.63,11.6,278.4,24,700.5381,0.96,Moderate,FMS_MARITIME,2026-04-06
2021-07-05,72,LSMGO,41.28,17.9,429.6,24,299.2223,0.94,Moderate,FMS_MARITIME,2026-04-06
2021-07-06,72,LSMGO,31.44,15.8,379.2,24,258.1861,0.47,Moderate,FMS_MARITIME,2026-04-06
2021-07-07,72,LNG,73.02,17.8,427.2,24,532.2666,0.48,Calm,FMS_MARITIME,2026-04-06
2021-07-08,72,LNG,59.23,10.4,249.6,24,738.9512,0.57,Calm,FMS_MARITIME,2026-04-06
2021-07-09,72,LSMGO,61.63,15.4,369.6,24,519.2528,0.7,Rough,FMS_MARITIME,2026-04-06
2021-07-10,72,HFO,31.51,11.8,283.2,24,346.4765,0.89,Calm,FMS_MARITIME,2026-04-06
2021-07-11,72,LSMGO,20.16,15.1,362.4,24,173.2291,0.54,Calm,FMS_MARITIME,2026-04-06
2021-07-12,72,LSMGO,52.99,8.2,196.8,24,838.4698,0.87,Moderate,FMS_MARITIME,2026-04-06
2021-07-13,72,HFO,54.01,12.9,309.6,24,543.2401,0.63,Calm,FMS_MARITIME,2026-04-06
2021-07-14,72,HFO,58.93,11.4,273.6,24,670.7164,0.94,Calm,FMS_MARITIME,2026-04-06
2021-07-15,72,LNG,31.03,13.0,312.0,24,309.7033,0.54,Moderate,FMS_MARITIME,2026-04-06
2021-07-16,72,HFO,76.37,16.4,393.6,24,604.2078,0.57,Rough,FMS_MARITIME,2026-04-06
2021-07-17,72,MGO,39.06,12.0,288.0,24,422.3362,0.41,Rough,FMS_MARITIME,2026-04-06
2021-07-18,72,LNG,22.83,16.2,388.8,24,182.8514,0.66,Calm,FMS_MARITIME,2026-04-06
2021-07-19,72,LNG,22.54,10.4,249.6,24,281.2082,0.42,Calm,FMS_MARITIME,2026-04-06
2021-07-20,72,VLSFO,56.43,15.2,364.8,24,481.6969,0.66,Rough,FMS_MARITIME,2026-04-06
2021-07-21,72,HFO,74.43,8.4,201.6,24,1149.6777,0.98,Rough,FMS_MARITIME,2026-04-06
2021-07-22,72,LNG,57.42,11.2,268.8,24,665.2004,0.65,Moderate,FMS_MARITIME,2026-04-06
2021-07-23,72,HFO,23.54,12.9,309.6,24,236.7686,0.69,Calm,FMS_MARITIME,2026-04-06
2021-07-24,72,VLSFO,31.75,15.6,374.4,24,264.0745,0.58,Calm,FMS_MARITIME,2026-04-06
2021-07-25,72,LNG,49.56,14.6,350.4,24,440.439,0.93,Rough,FMS_MARITIME,2026-04-06
2021-07-26,72,LSMGO,60.69,17.1,410.4,24,460.4987,0.74,Rough,FMS_MARITIME,2026-04-06
2021-07-27,72,LNG,68.1,17.7,424.8,24,499.2076,0.63,Calm,FMS_MARITIME,2026-04-06
2021-07-28,72,LNG,17.72,16.1,386.4,24,142.8056,0.5,Calm,FMS_MARITIME,2026-04-06
2021-07-28,72,MGO,63.57,12.7,304.8,24,649.4652,0.55,Moderate,FMS_MARITIME,2026-04-06
2021-07-28,72,LNG,54.77,13.1,314.4,24,542.4739,0.92,Calm,FMS_MARITIME,2026-04-06
2021-07-01,73,HFO,75.49,17.6,422.4,24,556.5243,0.57,Moderate,FMS_MARITIME,2026-04-06
2021-07-02,73,HFO,52.6,9.8,235.2,24,696.4133,0.53,Rough,FMS_MARITIME,2026-04-06
2021-07-03,73,LNG,81.0,16.3,391.2,24,644.7699,0.85,Rough,FMS_MARITIME,2026-04-06
2021-07-04,73,VLSFO,77.37,14.2,340.8,24,706.9548,0.55,Calm,FMS_MARITIME,2026-04-06
2021-07-05,73,HFO,34.82,13.3,319.2,24,339.6914,0.92,Moderate,FMS_MARITIME,2026-04-06
2021-07-06,73,LNG,43.08,13.1,314.4,24,426.6893,0.88,Rough,FMS_MARITIME,2026-04-06
2021-07-07,73,VLSFO,63.72,10.9,261.6,24,758.5018,0.79,Moderate,FMS_MARITIME,2026-04-06
2021-07-08,73,LSMGO,80.8,13.8,331.2,24,759.6957,0.61,Rough,FMS_MARITIME,2026-04-06
2021-07-09,73,MGO,26.2,14.7,352.8,24,231.2551,0.7,Calm,FMS_MARITIME,2026-04-06
2021-07-10,73,LSMGO,83.43,14.1,338.4,24,767.7335,0.71,Calm,FMS_MARITIME,2026-04-06
2021-07-11,73,LNG,26.42,14.1,338.4,24,243.1202,0.83,Rough,FMS_MARITIME,2026-04-06
2021-07-12,73,LNG,74.34,9.2,220.8,24,1048.4364,0.42,Moderate,FMS_MARITIME,2026-04-06
2021-07-13,73,VLSFO,81.61,10.8,259.2,24,980.4535,0.49,Moderate,FMS_MARITIME,2026-04-06
2021-07-14,73,LSMGO,48.78,15.5,372.0,24,408.3358,0.68,Calm,FMS_MARITIME,2026-04-06
2021-07-15,73,LNG,19.9,16.1,386.4,24,160.3742,0.66,Rough,FMS_MARITIME,2026-04-06
2021-07-16,73,MGO,26.52,14.8,355.2,24,232.498,0.45,Rough,FMS_MARITIME,2026-04-06
2021-07-17,73,HFO,59.01,14.2,340.8,24,539.1935,0.67,Calm,FMS_MARITIME,2026-04-06
2021-07-18,73,HFO,69.71,16.4,393.6,24,551.5166,0.57,Rough,FMS_MARITIME,2026-04-06
2021-07-19,73,MGO,36.44,10.7,256.8,24,441.8776,0.42,Rough,FMS_MARITIME,2026-04-06
2021-07-20,73,MGO,36.93,15.3,367.2,24,313.1809,0.85,Rough,FMS_MARITIME,2026-04-06
2021-07-21,73,LNG,38.97,10.2,244.8,24,495.7213,0.73,Moderate,FMS_MARITIME,2026-04-06
2021-07-22,73,LNG,72.87,11.1,266.4,24,851.7912,0.92,Moderate,FMS_MARITIME,2026-04-06
2021-07-23,73,VLSFO,25.76,8.6,206.4,24,388.6465,0.64,Moderate,FMS_MARITIME,2026-04-06
2021-07-24,73,VLSFO,71.28,11.1,266.4,24,833.2054,0.88,Moderate,FMS_MARITIME,2026-04-06
2021-07-25,73,LSMGO,53.39,16.0,384.0,24,432.9595,0.91,Rough,FMS_MARITIME,2026-04-06
2021-07-26,73,MGO,46.11,8.5,204.0,24,703.8556,0.49,Moderate,FMS_MARITIME,2026-04-06
2021-07-27,73,LNG,77.44,14.2,340.8,24,707.5944,0.95,Moderate,FMS_MARITIME,2026-04-06
2021-07-28,73,VLSFO,83.43,15.6,374.4,24,693.913,0.87,Moderate,FMS_MARITIME,2026-04-06
2021-07-28,73,MGO,44.29,10.8,259.2,24,532.0951,0.58,Rough,FMS_MARITIME,2026-04-06
2021-07-28,73,MGO,43.5,12.9,309.6,24,437.5291,0.4,Moderate,FMS_MARITIME,2026-04-06
2021-07-01,74,VLSFO,24.39,12.6,302.4,24,251.1589,0.93,Rough,FMS_MARITIME,2026-04-06
2021-07-02,74,LSMGO,51.84,15.9,381.6,24,423.034,0.72,Calm,FMS_MARITIME,2026-04-06
2021-07-03,74,HFO,82.66,13.6,326.4,24,788.6129,0.94,Moderate,FMS_MARITIME,2026-04-06
2021-07-04,74,LSMGO,45.35,13.0,312.0,24,452.6279,0.62,Rough,FMS_MARITIME,2026-04-06
2021-07-05,74,VLSFO,71.47,12.5,300.0,24,741.8586,0.81,Calm,FMS_MARITIME,2026-04-06
2021-07-06,74,LSMGO,62.54,15.9,381.6,24,510.35,0.8,Calm,FMS_MARITIME,2026-04-06
2021-07-07,74,LSMGO,79.63,10.7,256.8,24,965.6068,0.42,Calm,FMS_MARITIME,2026-04-06
2021-07-08,74,MGO,28.31,16.3,391.2,24,225.3511,0.62,Moderate,FMS_MARITIME,2026-04-06
2021-07-09,74,VLSFO,26.45,10.2,244.8,24,336.4596,0.55,Calm,FMS_MARITIME,2026-04-06
2021-07-10,74,HFO,41.05,15.1,362.4,24,352.731,0.99,Rough,FMS_MARITIME,2026-04-06
2021-07-11,74,MGO,26.69,17.5,420.0,24,197.8873,0.65,Calm,FMS_MARITIME,2026-04-06
2021-07-12,74,HFO,56.08,10.7,256.8,24,680.0355,0.83,Moderate,FMS_MARITIME,2026-04-06
2021-07-13,74,VLSFO,68.12,8.6,206.4,24,1027.7407,0.56,Calm,FMS_MARITIME,2026-04-06
2021-07-14,74,MGO,54.05,17.2,412.8,24,407.7318,0.64,Rough,FMS_MARITIME,2026-04-06
2021-07-15,74,MGO,74.6,12.7,304.8,24,762.1535,0.42,Rough,FMS_MARITIME,2026-04-06
2021-07-16,74,LSMGO,60.82,9.4,225.6,24,839.5101,0.56,Calm,FMS_MARITIME,2026-04-06
2021-07-17,74,LNG,51.0,8.9,213.6,24,743.5112,0.99,Calm,FMS_MARITIME,2026-04-06
2021-07-18,74,MGO,45.6,9.3,223.2,24,636.1935,0.86,Calm,FMS_MARITIME,2026-04-06
2021-07-19,74,HFO,23.85,13.9,333.6,24,222.6286,0.93,Moderate,FMS_MARITIME,2026-04-06
2021-07-20,74,HFO,51.26,9.9,237.6,24,671.8167,0.54,Moderate,FMS_MARITIME,2026-04-06
2021-07-21,74,LNG,16.65,17.3,415.2,24,124.875,0.46,Calm,FMS_MARITIME,2026-04-06
2021-07-22,74,LSMGO,33.33,11.6,278.4,24,372.8075,0.56,Calm,FMS_MARITIME,2026-04-06
2021-07-23,74,MGO,18.02,14.0,336.0,24,167.0068,0.85,Calm,FMS_MARITIME,2026-04-06
2021-07-24,74,LSMGO,65.08,11.9,285.6,24,709.5908,0.83,Calm,FMS_MARITIME,2026-04-06
2021-07-25,74,HFO,36.96,8.2,196.8,24,584.8244,0.88,Rough,FMS_MARITIME,2026-04-06
2021-07-26,74,MGO,34.15,15.7,376.8,24,282.2269,0.66,Calm,FMS_MARITIME,2026-04-06
2021-07-27,74,LSMGO,52.27,12.6,302.4,24,538.2565,0.96,Rough,FMS_MARITIME,2026-04-06
2021-07-28,74,LSMGO,80.18,8.7,208.8,24,1195.7879,0.8,Moderate,FMS_MARITIME,2026-04-06
2021-07-28,74,MGO,42.9,12.4,297.6,24,448.8931,0.96,Moderate,FMS_MARITIME,2026-04-06
2021-07-28,74,LNG,55.75,13.9,333.6,24,520.4002,0.98,Rough,FMS_MARITIME,2026-04-06
2021-07-01,75,HFO,21.07,9.7,232.8,24,281.8384,0.94,Moderate,FMS_MARITIME,2026-04-06
2021-07-02,75,LNG,34.71,13.2,316.8,24,341.1835,0.59,Calm,FMS_MARITIME,2026-04-06
2021-07-03,75,HFO,63.41,16.8,403.2,24,489.729,0.46,Calm,FMS_MARITIME,2026-04-06
2021-07-04,75,LSMGO,83.14,17.4,417.6,24,619.9664,0.6,Moderate,FMS_MARITIME,2026-04-06
2021-07-05,75,HFO,30.26,14.4,345.6,24,272.6552,0.47,Moderate,FMS_MARITIME,2026-04-06
2021-07-06,75,HFO,29.48,13.6,326.4,24,281.2522,0.57,Moderate,FMS_MARITIME,2026-04-06
2021-07-07,75,LNG,30.1,17.4,417.6,24,224.4526,0.81,Rough,FMS_MARITIME,2026-04-06
2021-07-08,75,MGO,72.33,13.3,319.2,24,705.6254,0.68,Moderate,FMS_MARITIME,2026-04-06
2021-07-09,75,MGO,25.83,14.2,340.8,24,236.0171,0.86,Moderate,FMS_MARITIME,2026-04-06
2021-07-10,75,HFO,27.82,14.2,340.8,24,254.2004,0.4,Rough,FMS_MARITIME,2026-04-06
2021-07-11,75,HFO,16.1,11.6,278.4,24,180.0841,0.76,Rough,FMS_MARITIME,2026-04-06
2021-07-12,75,VLSFO,54.79,9.9,237.6,24,718.0811,0.85,Rough,FMS_MARITIME,2026-04-06
2021-07-13,75,LSMGO,84.87,14.2,340.8,24,775.4847,0.5,Rough,FMS_MARITIME,2026-04-06
2021-07-14,75,VLSFO,81.87,8.8,211.2,24,1207.1173,0.64,Rough,FMS_MARITIME,2026-04-06
2021-07-15,75,LSMGO,17.65,15.6,374.4,24,146.8005,0.72,Rough,FMS_MARITIME,2026-04-06
2021-07-16,75,LSMGO,66.83,15.8,379.2,24,548.8097,0.97,Rough,FMS_MARITIME,2026-04-06
2021-07-17,75,LNG,62.07,16.0,384.0,24,503.3489,0.8,Rough,FMS_MARITIME,2026-04-06
2021-07-18,75,MGO,79.43,14.4,345.6,24,715.6974,0.88,Moderate,FMS_MARITIME,2026-04-06
2021-07-19,75,LNG,42.3,17.8,427.2,24,308.3385,0.94,Moderate,FMS_MARITIME,2026-04-06
2021-07-20,75,HFO,35.81,8.1,194.4,24,573.6231,0.75,Moderate,FMS_MARITIME,2026-04-06
2021-07-21,75,VLSFO,65.3,8.7,208.8,24,973.8707,0.69,Moderate,FMS_MARITIME,2026-04-06
2021-07-22,75,VLSFO,79.54,16.0,384.0,24,645.0197,0.6,Rough,FMS_MARITIME,2026-04-06
2021-07-23,75,HFO,28.28,13.4,321.6,24,273.8306,0.73,Rough,FMS_MARITIME,2026-04-06
2021-07-24,75,MGO,62.92,14.6,350.4,24,559.1692,0.76,Rough,FMS_MARITIME,2026-04-06
2021-07-25,75,HFO,19.71,12.8,307.2,24,199.7947,0.96,Moderate,FMS_MARITIME,2026-04-06
2021-07-26,75,HFO,84.19,16.1,386.4,24,678.4877,0.99,Calm,FMS_MARITIME,2026-04-06
2021-07-27,75,MGO,83.97,15.9,381.6,24,685.2269,0.53,Calm,FMS_MARITIME,2026-04-06
2021-07-28,75,LSMGO,67.63,11.2,268.8,24,783.4815,0.4,Rough,FMS_MARITIME,2026-04-06
2021-07-28,75,LNG,77.74,10.7,256.8,24,942.6883,0.44,Moderate,FMS_MARITIME,2026-04-06
2021-07-28,75,MGO,28.43,9.8,235.2,24,376.4074,0.87,Moderate,FMS_MARITIME,2026-04-06
2021-07-01,76,LSMGO,23.5,14.3,343.2,24,213.2255,0.47,Moderate,FMS_MARITIME,2026-04-06
2021-07-02,76,MGO,84.15,13.1,314.4,24,833.4704,0.42,Calm,FMS_MARITIME,2026-04-06
2021-07-03,76,LSMGO,52.76,17.1,410.4,24,400.3281,0.67,Rough,FMS_MARITIME,2026-04-06
2021-07-04,76,LNG,43.5,8.7,208.8,24,648.75,0.94,Moderate,FMS_MARITIME,2026-04-06
2021-07-05,76,LSMGO,34.71,16.0,384.0,24,281.4764,0.8,Rough,FMS_MARITIME,2026-04-06
2021-07-06,76,HFO,63.11,15.3,367.2,24,535.1975,0.49,Moderate,FMS_MARITIME,2026-04-06
2021-07-07,76,MGO,77.81,9.8,235.2,24,1030.1885,0.6,Rough,FMS_MARITIME,2026-04-06
2021-07-08,76,MGO,32.54,15.4,369.6,24,274.1601,0.52,Moderate,FMS_MARITIME,2026-04-06
2021-07-09,76,VLSFO,38.17,16.9,405.6,24,293.0507,0.53,Rough,FMS_MARITIME,2026-04-06
2021-07-10,76,VLSFO,83.36,16.1,386.4,24,671.7988,0.95,Rough,FMS_MARITIME,2026-04-06
2021-07-11,76,MGO,80.93,17.5,420.0,24,600.0381,0.59,Moderate,FMS_MARITIME,2026-04-06
2021-07-12,76,VLSFO,24.52,8.5,204.0,24,374.2906,0.47,Moderate,FMS_MARITIME,2026-04-06
2021-07-13,76,LSMGO,67.68,14.8,355.2,24,593.3432,0.82,Moderate,FMS_MARITIME,2026-04-06
2021-07-14,76,LSMGO,18.85,12.4,297.6,24,197.2409,0.96,Calm,FMS_MARITIME,2026-04-06
2021-07-15,76,HFO,68.89,15.5,372.0,24,576.676,0.53,Moderate,FMS_MARITIME,2026-04-06
2021-07-16,76,LNG,36.27,9.2,220.8,24,511.5253,0.49,Rough,FMS_MARITIME,2026-04-06
2021-07-17,76,VLSFO,60.27,8.2,196.8,24,953.6625,0.71,Calm,FMS_MARITIME,2026-04-06
2021-07-18,76,HFO,68.86,9.0,216.0,24,992.7317,0.51,Calm,FMS_MARITIME,2026-04-06
2021-07-19,76,VLSFO,75.18,8.2,196.8,24,1189.586,0.52,Calm,FMS_MARITIME,2026-04-06
2021-07-20,76,LSMGO,73.02,9.6,230.4,24,986.9109,0.81,Calm,FMS_MARITIME,2026-04-06
2021-07-21,76,LSMGO,81.1,11.9,285.6,24,884.2626,0.87,Calm,FMS_MARITIME,2026-04-06
2021-07-22,76,LNG,62.98,9.9,237.6,24,825.4197,0.54,Calm,FMS_MARITIME,2026-04-06
2021-07-23,76,LNG,73.46,14.6,350.4,24,652.838,0.69,Moderate,FMS_MARITIME,2026-04-06
2021-07-24,76,MGO,71.65,17.7,424.8,24,525.2309,0.48,Moderate,FMS_MARITIME,2026-04-06
2021-07-25,76,VLSFO,69.35,17.4,417.6,24,517.1358,0.75,Moderate,FMS_MARITIME,2026-04-06
2021-07-26,76,VLSFO,24.81,13.3,319.2,24,242.0374,0.42,Rough,FMS_MARITIME,2026-04-06
2021-07-27,76,LSMGO,48.3,11.8,283.2,24,531.0953,0.92,Rough,FMS_MARITIME,2026-04-06
2021-07-28,76,VLSFO,32.67,15.3,367.2,24,277.0544,0.82,Moderate,FMS_MARITIME,2026-04-06
2021-07-28,76,LNG,57.74,15.8,379.2,24,474.1623,0.51,Rough,FMS_MARITIME,2026-04-06
2021-07-28,76,HFO,81.47,17.3,415.2,24,611.025,0.45,Calm,FMS_MARITIME,2026-04-06
2021-07-01,77,VLSFO,35.62,12.4,297.6,24,372.7173,0.4,Moderate,FMS_MARITIME,2026-04-06
2021-07-02,77,LSMGO,59.1,9.9,237.6,24,774.5682,0.92,Rough,FMS_MARITIME,2026-04-06
2021-07-03,77,VLSFO,44.45,16.1,386.4,24,358.2228,0.45,Rough,FMS_MARITIME,2026-04-06
2021-07-04,77,MGO,76.34,15.2,364.8,24,651.6523,0.59,Moderate,FMS_MARITIME,2026-04-06
2021-07-05,77,VLSFO,47.88,16.2,388.8,24,383.4833,0.51,Moderate,FMS_MARITIME,2026-04-06
2021-07-06,77,MGO,46.96,17.8,427.2,24,342.3067,0.97,Calm,FMS_MARITIME,2026-04-06
2021-07-07,77,LNG,74.7,14.1,338.4,24,687.3989,0.61,Rough,FMS_MARITIME,2026-04-06
2021-07-08,77,MGO,66.08,13.6,326.4,24,630.4324,0.53,Calm,FMS_MARITIME,2026-04-06
2021-07-09,77,LSMGO,15.24,17.3,415.2,24,114.3,0.8,Rough,FMS_MARITIME,2026-04-06
2021-07-10,77,VLSFO,18.69,16.1,386.4,24,150.6228,0.9,Calm,FMS_MARITIME,2026-04-06
2021-07-11,77,LSMGO,49.83,17.2,412.8,24,375.8978,0.53,Calm,FMS_MARITIME,2026-04-06
2021-07-12,77,HFO,82.61,13.3,319.2,24,805.9133,0.78,Moderate,FMS_MARITIME,2026-04-06
2021-07-13,77,LNG,47.47,14.8,355.2,24,416.1644,0.52,Rough,FMS_MARITIME,2026-04-06
2021-07-14,77,LNG,35.04,14.6,350.4,24,311.4,0.6,Rough,FMS_MARITIME,2026-04-06
2021-07-15,77,LSMGO,68.08,16.0,384.0,24,552.0862,0.77,Moderate,FMS_MARITIME,2026-04-06
2021-07-16,77,MGO,30.15,14.0,336.0,24,279.4259,0.44,Rough,FMS_MARITIME,2026-04-06
2021-07-17,77,MGO,15.64,17.4,417.6,24,116.6259,0.63,Moderate,FMS_MARITIME,2026-04-06
2021-07-18,77,MGO,54.85,12.4,297.6,24,573.9345,0.83,Moderate,FMS_MARITIME,2026-04-06
2021-07-19,77,HFO,18.45,10.5,252.0,24,227.9893,0.47,Calm,FMS_MARITIME,2026-04-06
2021-07-20,77,LNG,49.71,16.9,405.6,24,381.6493,0.78,Moderate,FMS_MARITIME,2026-04-06
2021-07-21,77,LSMGO,75.74,17.5,420.0,24,561.558,0.7,Calm,FMS_MARITIME,2026-04-06
2021-07-22,77,LNG,16.57,17.9,429.6,24,120.1094,0.42,Rough,FMS_MARITIME,2026-04-06
2021-07-23,77,MGO,71.47,8.4,201.6,24,1103.9562,0.94,Rough,FMS_MARITIME,2026-04-06
2021-07-24,77,MGO,16.22,15.8,379.2,24,133.1991,0.53,Moderate,FMS_MARITIME,2026-04-06
2021-07-25,77,LNG,65.95,17.4,417.6,24,491.7823,0.54,Moderate,FMS_MARITIME,2026-04-06
2021-07-26,77,LNG,69.32,13.5,324.0,24,666.2422,0.45,Rough,FMS_MARITIME,2026-04-06
2021-07-27,77,LNG,64.4,10.9,261.6,24,766.5963,0.47,Moderate,FMS_MARITIME,2026-04-06
2021-07-28,77,MGO,67.13,8.9,213.6,24,978.6649,0.41,Moderate,FMS_MARITIME,2026-04-06
2021-07-28,77,LSMGO,78.03,10.4,249.6,24,973.4993,0.76,Moderate,FMS_MARITIME,2026-04-06
2021-07-28,77,MGO,30.62,17.7,424.8,24,224.4602,0.77,Calm,FMS_MARITIME,2026-04-06
2021-07-01,78,LNG,43.9,12.4,297.6,24,459.3569,0.99,Calm,FMS_MARITIME,2026-04-06
2021-07-02,78,VLSFO,71.24,13.2,316.8,24,700.2568,0.64,Moderate,FMS_MARITIME,2026-04-06
2021-07-03,78,VLSFO,15.3,15.9,381.6,24,124.8538,0.57,Rough,FMS_MARITIME,2026-04-06
2021-07-04,78,MGO,50.24,10.6,254.4,24,614.966,0.74,Rough,FMS_MARITIME,2026-04-06
2021-07-05,78,LNG,21.13,15.0,360.0,24,182.7745,0.43,Calm,FMS_MARITIME,2026-04-06
2021-07-06,78,MGO,43.21,11.6,278.4,24,483.3188,0.67,Calm,FMS_MARITIME,2026-04-06
2021-07-07,78,LNG,46.93,8.5,204.0,24,716.3726,0.59,Moderate,FMS_MARITIME,2026-04-06
2021-07-08,78,LNG,29.88,8.4,201.6,24,461.5393,0.63,Calm,FMS_MARITIME,2026-04-06
2021-07-09,78,MGO,15.03,14.4,345.6,24,135.4266,0.64,Moderate,FMS_MARITIME,2026-04-06
2021-07-10,78,LNG,51.44,8.3,199.2,24,804.1373,0.65,Calm,FMS_MARITIME,2026-04-06
2021-07-11,78,LNG,74.88,9.9,237.6,24,981.3818,0.88,Moderate,FMS_MARITIME,2026-04-06
2021-07-12,78,LNG,19.34,11.5,276.0,24,218.2057,0.93,Rough,FMS_MARITIME,2026-04-06
2021-07-13,78,LSMGO,61.29,14.2,340.8,24,560.0266,0.69,Moderate,FMS_MARITIME,2026-04-06
2021-07-14,78,LNG,30.04,15.1,362.4,24,258.1252,0.62,Rough,FMS_MARITIME,2026-04-06
2021-07-15,78,MGO,28.32,15.4,369.6,24,238.6052,0.73,Moderate,FMS_MARITIME,2026-04-06
2021-07-16,78,HFO,36.63,13.7,328.8,24,346.9155,0.41,Rough,FMS_MARITIME,2026-04-06
2021-07-17,78,VLSFO,80.11,13.1,314.4,24,793.4559,0.61,Rough,FMS_MARITIME,2026-04-06
2021-07-18,78,LNG,67.24,15.9,381.6,24,548.7038,0.52,Calm,FMS_MARITIME,2026-04-06
2021-07-19,78,LNG,30.05,14.2,340.8,24,274.5766,0.49,Rough,FMS_MARITIME,2026-04-06
2021-07-20,78,VLSFO,33.92,15.6,374.4,24,282.1231,0.54,Calm,FMS_MARITIME,2026-04-06
2021-07-21,78,VLSFO,41.74,13.0,312.0,24,416.5973,0.53,Rough,FMS_MARITIME,2026-04-06
2021-07-22,78,LSMGO,21.79,17.2,412.8,24,164.3751,0.55,Calm,FMS_MARITIME,2026-04-06
2021-07-23,78,VLSFO,33.81,14.6,350.4,24,300.469,0.75,Moderate,FMS_MARITIME,2026-04-06
2021-07-24,78,MGO,37.72,13.3,319.2,24,367.9827,0.8,Rough,FMS_MARITIME,2026-04-06
2021-07-25,78,LSMGO,53.99,17.1,410.4,24,409.661,0.88,Moderate,FMS_MARITIME,2026-04-06
2021-07-26,78,LSMGO,62.52,9.1,218.4,24,891.4253,0.48,Calm,FMS_MARITIME,2026-04-06
2021-07-27,78,LNG,40.4,17.5,420.0,24,299.5371,0.63,Rough,FMS_MARITIME,2026-04-06
2021-07-28,78,LNG,80.21,17.2,412.8,24,605.0725,0.98,Moderate,FMS_MARITIME,2026-04-06
2021-07-28,78,HFO,28.98,16.9,405.6,24,222.4944,0.84,Rough,FMS_MARITIME,2026-04-06
2021-07-28,78,VLSFO,69.12,13.5,324.0,24,664.32,0.6,Moderate,FMS_MARITIME,2026-04-06
2021-07-01,79,VLSFO,76.98,10.1,242.4,24,988.9262,0.85,Moderate,FMS_MARITIME,2026-04-06
2021-07-02,79,LNG,15.26,16.0,384.0,24,123.7491,0.69,Moderate,FMS_MARITIME,2026-04-06
2021-07-03,79,LNG,69.17,16.9,405.6,24,531.0537,0.95,Rough,FMS_MARITIME,2026-04-06
2021-07-04,79,MGO,58.31,12.5,300.0,24,605.2578,0.76,Rough,FMS_MARITIME,2026-04-06
2021-07-05,79,HFO,81.47,11.2,268.8,24,943.8154,0.5,Moderate,FMS_MARITIME,2026-04-06
2021-07-06,79,MGO,58.56,10.5,252.0,24,723.6343,0.67,Calm,FMS_MARITIME,2026-04-06
2021-07-07,79,LSMGO,15.12,10.2,244.8,24,192.3353,0.96,Calm,FMS_MARITIME,2026-04-06
2021-07-08,79,MGO,62.84,12.3,295.2,24,662.8854,0.98,Calm,FMS_MARITIME,2026-04-06
2021-07-09,79,HFO,29.79,9.6,230.4,24,402.6305,0.81,Calm,FMS_MARITIME,2026-04-06
2021-07-10,79,LNG,73.75,17.1,410.4,24,559.5943,0.54,Calm,FMS_MARITIME,2026-04-06
2021-07-11,79,VLSFO,82.26,8.4,201.6,24,1270.6232,0.79,Moderate,FMS_MARITIME,2026-04-06
2021-07-12,79,MGO,46.99,10.7,256.8,24,569.8086,0.49,Moderate,FMS_MARITIME,2026-04-06
2021-07-13,79,MGO,60.09,13.0,312.0,24,599.7444,0.7,Moderate,FMS_MARITIME,2026-04-06
2021-07-14,79,LNG,75.53,13.3,319.2,24,736.8434,0.45,Moderate,FMS_MARITIME,2026-04-06
2021-07-15,79,VLSFO,23.22,10.2,244.8,24,295.3721,0.58,Rough,FMS_MARITIME,2026-04-06
2021-07-16,79,LSMGO,20.63,11.2,268.8,24,238.9949,0.82,Rough,FMS_MARITIME,2026-04-06
2021-07-17,79,HFO,60.59,10.0,240.0,24,786.1553,0.87,Moderate,FMS_MARITIME,2026-04-06
2021-07-18,79,VLSFO,20.85,15.4,369.6,24,175.668,0.71,Moderate,FMS_MARITIME,2026-04-06
2021-07-19,79,MGO,65.81,11.3,271.2,24,755.6502,0.51,Calm,FMS_MARITIME,2026-04-06
2021-07-20,79,LSMGO,21.73,15.3,367.2,24,184.2789,0.93,Moderate,FMS_MARITIME,2026-04-06
2021-07-21,79,VLSFO,47.31,10.8,259.2,24,568.3771,0.56,Calm,FMS_MARITIME,2026-04-06
2021-07-22,79,LSMGO,41.48,17.7,424.8,24,304.0695,0.55,Calm,FMS_MARITIME,2026-04-06
2021-07-23,79,LSMGO,22.6,14.8,355.2,24,198.1318,0.85,Moderate,FMS_MARITIME,2026-04-06
2021-07-24,79,MGO,65.82,12.0,288.0,24,711.6787,0.61,Calm,FMS_MARITIME,2026-04-06
2021-07-25,79,LSMGO,59.24,17.9,429.6,24,429.4073,0.9,Calm,FMS_MARITIME,2026-04-06
2021-07-26,79,MGO,76.64,11.3,271.2,24,880.0035,0.93,Moderate,FMS_MARITIME,2026-04-06
2021-07-27,79,VLSFO,80.5,15.3,367.2,24,682.6716,0.49,Calm,FMS_MARITIME,2026-04-06
2021-07-28,79,HFO,18.04,13.0,312.0,24,180.0531,0.65,Moderate,FMS_MARITIME,2026-04-06
2021-07-28,79,HFO,84.9,16.9,405.6,24,651.821,0.43,Moderate,FMS_MARITIME,2026-04-06
2021-07-28,79,LSMGO,70.33,9.8,235.2,24,931.1548,0.51,Moderate,FMS_MARITIME,2026-04-06
2021-07-01,80,HFO,60.66,9.5,228.0,24,828.4879,0.82,Rough,FMS_MARITIME,2026-04-06
2021-07-02,80,LSMGO,31.29,16.5,396.0,24,246.0532,0.41,Calm,FMS_MARITIME,2026-04-06
2021-07-03,80,LSMGO,57.73,15.0,360.0,24,499.3645,0.58,Moderate,FMS_MARITIME,2026-04-06
2021-07-04,80,LSMGO,21.57,9.2,220.8,24,304.2073,0.42,Moderate,FMS_MARITIME,2026-04-06
2021-07-05,80,MGO,24.6,15.7,376.8,24,203.3025,0.9,Calm,FMS_MARITIME,2026-04-06
2021-07-06,80,HFO,36.74,9.3,223.2,24,512.5823,0.7,Calm,FMS_MARITIME,2026-04-06
2021-07-07,80,MGO,64.51,13.0,312.0,24,643.8594,0.61,Rough,FMS_MARITIME,2026-04-06
2021-07-08,80,VLSFO,35.42,14.9,357.6,24,308.4393,0.76,Rough,FMS_MARITIME,2026-04-06
2021-07-09,80,VLSFO,61.94,16.0,384.0,24,502.2947,0.58,Moderate,FMS_MARITIME,2026-04-06
2021-07-10,80,LNG,75.39,9.9,237.6,24,988.0659,1.0,Calm,FMS_MARITIME,2026-04-06
2021-07-11,80,HFO,79.96,17.3,415.2,24,599.7,0.49,Rough,FMS_MARITIME,2026-04-06
2021-07-12,80,VLSFO,22.92,14.9,357.6,24,199.5886,0.72,Calm,FMS_MARITIME,2026-04-06
2021-07-13,80,MGO,49.53,8.5,204.0,24,756.0609,0.48,Rough,FMS_MARITIME,2026-04-06
2021-07-14,80,LNG,17.24,14.4,345.6,24,155.3396,0.61,Rough,FMS_MARITIME,2026-04-06
2021-07-15,80,LNG,34.65,17.9,429.6,24,251.1641,0.89,Moderate,FMS_MARITIME,2026-04-06
2021-07-16,80,VLSFO,76.2,9.0,216.0,24,1098.55,0.54,Calm,FMS_MARITIME,2026-04-06
2021-07-17,80,HFO,23.02,15.9,381.6,24,187.8519,0.64,Moderate,FMS_MARITIME,2026-04-06
2021-07-18,80,MGO,19.92,14.9,357.6,24,173.4644,1.0,Calm,FMS_MARITIME,2026-04-06
2021-07-19,80,VLSFO,37.16,10.4,249.6,24,463.6067,0.94,Calm,FMS_MARITIME,2026-04-06
2021-07-20,80,MGO,54.2,12.0,288.0,24,586.0375,0.97,Moderate,FMS_MARITIME,2026-04-06
2021-07-21,80,MGO,69.73,13.3,319.2,24,680.2607,0.81,Moderate,FMS_MARITIME,2026-04-06
2021-07-22,80,LNG,70.06,8.5,204.0,24,1069.4453,0.88,Moderate,FMS_MARITIME,2026-04-06
2021-07-23,80,VLSFO,54.76,10.6,254.4,24,670.2934,0.64,Moderate,FMS_MARITIME,2026-04-06
2021-07-24,80,VLSFO,46.15,12.7,304.8,24,471.4931,0.93,Calm,FMS_MARITIME,2026-04-06
2021-07-25,80,HFO,26.71,12.9,309.6,24,268.6529,0.7,Calm,FMS_MARITIME,2026-04-06
2021-07-26,80,VLSFO,57.46,16.8,403.2,24,443.7759,0.66,Rough,FMS_MARITIME,2026-04-06
2021-07-27,80,VLSFO,50.08,17.6,422.4,24,369.1977,0.95,Calm,FMS_MARITIME,2026-04-06
2021-07-28,80,LNG,37.56,16.3,391.2,24,298.9822,0.58,Calm,FMS_MARITIME,2026-04-06
2021-07-28,80,VLSFO,81.56,12.4,297.6,24,853.4202,0.85,Calm,FMS_MARITIME,2026-04-06
2021-07-28,80,MGO,67.39,8.9,213.6,24,982.4553,0.94,Calm,FMS_MARITIME,2026-04-06
2021-07-01,81,LSMGO,68.77,17.5,420.0,24,509.8804,0.85,Calm,FMS_MARITIME,2026-04-06
2021-07-02,81,HFO,65.97,10.0,240.0,24,855.9607,0.62,Moderate,FMS_MARITIME,2026-04-06
2021-07-03,81,LNG,17.32,8.2,196.8,24,274.0573,0.79,Calm,FMS_MARITIME,2026-04-06
2021-07-04,81,LNG,28.42,15.8,379.2,24,233.3858,0.49,Rough,FMS_MARITIME,2026-04-06
2021-07-05,81,HFO,84.88,17.4,417.6,24,632.9414,0.62,Calm,FMS_MARITIME,2026-04-06
2021-07-06,81,MGO,70.91,11.5,276.0,24,800.0498,0.95,Rough,FMS_MARITIME,2026-04-06
2021-07-07,81,LSMGO,37.86,9.6,230.4,24,511.7016,0.91,Moderate,FMS_MARITIME,2026-04-06
2021-07-08,81,LNG,32.51,9.9,237.6,24,426.078,0.88,Moderate,FMS_MARITIME,2026-04-06
2021-07-09,81,LNG,42.75,17.9,429.6,24,309.8778,0.65,Moderate,FMS_MARITIME,2026-04-06
2021-07-10,81,HFO,49.38,16.7,400.8,24,383.656,0.75,Calm,FMS_MARITIME,2026-04-06
2021-07-11,81,HFO,25.6,16.9,405.6,24,196.5444,0.64,Moderate,FMS_MARITIME,2026-04-06
2021-07-12,81,HFO,38.87,14.6,350.4,24,345.4372,0.98,Calm,FMS_MARITIME,2026-04-06
2021-07-13,81,LSMGO,33.82,12.1,290.4,24,362.6566,0.72,Rough,FMS_MARITIME,2026-04-06
2021-07-14,81,MGO,83.52,11.9,285.6,24,910.6487,0.82,Rough,FMS_MARITIME,2026-04-06
2021-07-15,81,VLSFO,79.89,12.6,302.4,24,822.6768,0.59,Calm,FMS_MARITIME,2026-04-06
2021-07-16,81,HFO,81.94,11.5,276.0,24,924.497,0.94,Moderate,FMS_MARITIME,2026-04-06
2021-07-17,81,HFO,72.23,12.4,297.6,24,755.7937,0.79,Rough,FMS_MARITIME,2026-04-06
2021-07-18,81,MGO,32.42,14.6,350.4,24,288.1161,0.59,Moderate,FMS_MARITIME,2026-04-06
2021-07-19,81,HFO,22.9,10.9,261.6,24,272.594,0.87,Moderate,FMS_MARITIME,2026-04-06
2021-07-20,81,LNG,68.43,10.2,244.8,24,870.4699,0.99,Calm,FMS_MARITIME,2026-04-06
2021-07-21,81,VLSFO,66.14,10.9,261.6,24,787.3087,0.44,Moderate,FMS_MARITIME,2026-04-06
2021-07-22,81,MGO,15.12,8.9,213.6,24,220.4292,0.71,Calm,FMS_MARITIME,2026-04-06
2021-07-23,81,LNG,37.7,10.1,242.4,24,484.3144,0.62,Calm,FMS_MARITIME,2026-04-06
2021-07-24,81,HFO,20.05,14.7,352.8,24,176.9719,0.43,Calm,FMS_MARITIME,2026-04-06
2021-07-25,81,HFO,63.54,16.8,403.2,24,490.733,0.52,Moderate,FMS_MARITIME,2026-04-06
2021-07-26,81,LSMGO,74.18,10.3,247.2,24,934.4519,0.4,Moderate,FMS_MARITIME,2026-04-06
2021-07-27,81,VLSFO,78.13,11.3,271.2,24,897.1122,0.69,Rough,FMS_MARITIME,2026-04-06
2021-07-28,81,VLSFO,79.64,16.5,396.0,24,626.26,0.85,Moderate,FMS_MARITIME,2026-04-06
2021-07-28,81,LSMGO,78.19,8.5,204.0,24,1193.5474,0.61,Calm,FMS_MARITIME,2026-04-06
2021-07-28,81,VLSFO,18.55,17.3,415.2,24,139.125,0.53,Rough,FMS_MARITIME,2026-04-06
2021-07-01,82,VLSFO,32.87,16.4,393.6,24,260.0538,0.91,Moderate,FMS_MARITIME,2026-04-06
2021-07-02,82,HFO,22.04,11.7,280.8,24,244.4179,0.62,Calm,FMS_MARITIME,2026-04-06
2021-07-03,82,LSMGO,15.72,14.7,352.8,24,138.7531,0.64,Moderate,FMS_MARITIME,2026-04-06
2021-07-04,82,MGO,42.46,14.9,357.6,24,369.744,0.79,Moderate,FMS_MARITIME,2026-04-06
2021-07-05,82,VLSFO,53.38,15.5,372.0,24,446.8423,0.64,Calm,FMS_MARITIME,2026-04-06
2021-07-06,82,LSMGO,33.38,13.8,331.2,24,313.8446,0.48,Moderate,FMS_MARITIME,2026-04-06
2021-07-07,82,HFO,36.48,14.1,338.4,24,335.6936,0.8,Rough,FMS_MARITIME,2026-04-06
2021-07-08,82,LSMGO,57.68,13.6,326.4,24,550.2926,0.43,Moderate,FMS_MARITIME,2026-04-06
2021-07-09,82,LSMGO,48.55,12.4,297.6,24,508.0131,0.89,Rough,FMS_MARITIME,2026-04-06
2021-07-10,82,VLSFO,36.89,16.4,393.6,24,291.8584,0.82,Rough,FMS_MARITIME,2026-04-06
2021-07-11,82,VLSFO,72.86,16.7,400.8,24,566.0829,0.75,Moderate,FMS_MARITIME,2026-04-06
2021-07-12,82,HFO,50.23,12.3,295.2,24,529.8652,0.57,Calm,FMS_MARITIME,2026-04-06
2021-07-13,82,LNG,34.37,16.4,393.6,24,271.9212,0.97,Calm,FMS_MARITIME,2026-04-06
2021-07-14,82,LNG,17.94,11.9,285.6,24,195.6063,0.47,Calm,FMS_MARITIME,2026-04-06
2021-07-15,82,LSMGO,45.64,16.6,398.4,24,356.7343,0.83,Rough,FMS_MARITIME,2026-04-06
2021-07-16,82,LNG,22.96,14.8,355.2,24,201.2878,0.79,Calm,FMS_MARITIME,2026-04-06
2021-07-17,82,MGO,18.11,15.7,376.8,24,149.667,0.92,Moderate,FMS_MARITIME,2026-04-06
2021-07-18,82,LNG,38.14,12.1,290.4,24,408.9806,0.86,Calm,FMS_MARITIME,2026-04-06
2021-07-19,82,LSMGO,61.81,10.4,249.6,24,771.1392,0.6,Calm,FMS_MARITIME,2026-04-06
2021-07-20,82,MGO,59.93,12.1,290.4,24,642.6378,0.51,Moderate,FMS_MARITIME,2026-04-06
2021-07-21,82,HFO,66.51,13.7,328.8,24,629.9031,0.74,Rough,FMS_MARITIME,2026-04-06
2021-07-22,82,LSMGO,16.49,10.3,247.2,24,207.726,0.99,Calm,FMS_MARITIME,2026-04-06
2021-07-23,82,VLSFO,77.91,15.2,364.8,24,665.0541,0.43,Rough,FMS_MARITIME,2026-04-06
2021-07-24,82,MGO,60.34,9.2,220.8,24,850.9908,0.62,Rough,FMS_MARITIME,2026-04-06
2021-07-25,82,LNG,35.74,16.0,384.0,24,289.8291,0.82,Moderate,FMS_MARITIME,2026-04-06
2021-07-26,82,LNG,17.54,11.8,283.2,24,192.8657,0.81,Rough,FMS_MARITIME,2026-04-06
2021-07-27,82,HFO,62.78,17.3,415.2,24,470.85,0.86,Rough,FMS_MARITIME,2026-04-06
2021-07-28,82,LSMGO,76.86,12.1,290.4,24,824.1806,0.68,Calm,FMS_MARITIME,2026-04-06
2021-07-28,82,MGO,70.56,9.1,218.4,24,1006.0615,0.61,Rough,FMS_MARITIME,2026-04-06
2021-07-28,82,HFO,46.7,9.6,230.4,24,631.1797,0.99,Calm,FMS_MARITIME,2026-04-06
2021-07-01,83,LSMGO,53.28,12.4,297.6,24,557.5065,0.78,Rough,FMS_MARITIME,2026-04-06
2021-07-02,83,VLSFO,42.7,9.5,228.0,24,583.1921,0.81,Calm,FMS_MARITIME,2026-04-06
2021-07-03,83,LSMGO,83.58,11.6,278.4,24,934.8711,0.7,Calm,FMS_MARITIME,2026-04-06
2021-07-04,83,VLSFO,72.91,12.2,292.8,24,775.4158,0.96,Moderate,FMS_MARITIME,2026-04-06
2021-07-05,83,LSMGO,42.66,11.2,268.8,24,494.2085,0.93,Calm,FMS_MARITIME,2026-04-06
2021-07-06,83,VLSFO,28.27,16.6,398.4,24,220.9658,0.89,Rough,FMS_MARITIME,2026-04-06
2021-07-07,83,LSMGO,48.56,13.9,333.6,24,453.2849,0.44,Calm,FMS_MARITIME,2026-04-06
2021-07-08,83,MGO,31.4,16.9,405.6,24,241.074,0.68,Calm,FMS_MARITIME,2026-04-06
2021-07-09,83,MGO,48.41,12.3,295.2,24,510.6665,0.83,Moderate,FMS_MARITIME,2026-04-06
2021-07-10,83,MGO,57.75,15.6,374.4,24,480.3245,0.83,Moderate,FMS_MARITIME,2026-04-06
2021-07-11,83,LSMGO,81.26,17.9,429.6,24,589.0215,0.89,Moderate,FMS_MARITIME,2026-04-06
2021-07-12,83,LNG,71.34,16.9,405.6,24,547.7139,0.85,Calm,FMS_MARITIME,2026-04-06
2021-07-13,83,MGO,42.66,17.8,427.2,24,310.9626,0.52,Moderate,FMS_MARITIME,2026-04-06
2021-07-14,83,MGO,24.53,17.4,417.6,24,182.9177,0.75,Calm,FMS_MARITIME,2026-04-06
2021-07-15,83,LSMGO,65.14,8.3,199.2,24,1018.303,0.63,Moderate,FMS_MARITIME,2026-04-06
2021-07-16,83,LSMGO,75.54,14.2,340.8,24,690.2335,0.92,Calm,FMS_MARITIME,2026-04-06
2021-07-17,83,HFO,16.43,9.7,232.8,24,219.7724,0.61,Moderate,FMS_MARITIME,2026-04-06
2021-07-18,83,MGO,81.41,12.3,295.2,24,858.7762,0.64,Moderate,FMS_MARITIME,2026-04-06
2021-07-19,83,LSMGO,16.48,9.0,216.0,24,237.5867,0.96,Calm,FMS_MARITIME,2026-04-06
2021-07-20,83,VLSFO,82.34,15.9,381.6,24,671.9255,0.87,Moderate,FMS_MARITIME,2026-04-06
2021-07-21,83,LSMGO,15.24,13.0,312.0,24,152.1069,0.43,Calm,FMS_MARITIME,2026-04-06
2021-07-22,83,LNG,70.55,12.0,288.0,24,762.8219,0.55,Moderate,FMS_MARITIME,2026-04-06
2021-07-23,83,HFO,20.82,12.8,307.2,24,211.0465,0.56,Moderate,FMS_MARITIME,2026-04-06
2021-07-24,83,HFO,69.19,16.6,398.4,24,540.8074,0.44,Calm,FMS_MARITIME,2026-04-06
2021-07-25,83,MGO,52.66,10.6,254.4,24,644.5882,0.66,Calm,FMS_MARITIME,2026-04-06
2021-07-26,83,MGO,69.18,13.2,316.8,24,680.008,0.56,Moderate,FMS_MARITIME,2026-04-06
2021-07-27,83,LNG,43.76,16.2,388.8,24,350.4852,0.58,Moderate,FMS_MARITIME,2026-04-06
2021-07-28,83,LSMGO,52.19,10.7,256.8,24,632.8647,0.45,Calm,FMS_MARITIME,2026-04-06
2021-07-28,83,VLSFO,66.86,13.3,319.2,24,652.262,0.8,Calm,FMS_MARITIME,2026-04-06
2021-07-28,83,VLSFO,36.82,11.8,283.2,24,404.864,0.41,Calm,FMS_MARITIME,2026-04-06
2021-07-01,84,LNG,74.46,16.0,384.0,24,603.8241,0.89,Rough,FMS_MARITIME,2026-04-06
2021-07-02,84,HFO,56.91,16.1,386.4,24,458.638,0.83,Rough,FMS_MARITIME,2026-04-06
2021-07-03,84,MGO,21.04,14.8,355.2,24,184.4554,0.67,Moderate,FMS_MARITIME,2026-04-06
2021-07-04,84,LSMGO,19.26,10.8,259.2,24,231.3875,0.72,Moderate,FMS_MARITIME,2026-04-06
2021-07-05,84,LNG,80.12,9.8,235.2,24,1060.7724,0.91,Moderate,FMS_MARITIME,2026-04-06
2021-07-06,84,LNG,70.64,16.9,405.6,24,542.3396,0.82,Rough,FMS_MARITIME,2026-04-06
2021-07-07,84,HFO,68.72,17.1,410.4,24,521.4281,0.51,Calm,FMS_MARITIME,2026-04-06
2021-07-08,84,HFO,52.34,14.5,348.0,24,468.3528,0.91,Calm,FMS_MARITIME,2026-04-06
2021-07-09,84,LNG,23.66,8.3,199.2,24,369.8657,0.77,Calm,FMS_MARITIME,2026-04-06
2021-07-10,84,MGO,19.09,8.8,211.2,24,281.469,0.62,Moderate,FMS_MARITIME,2026-04-06
2021-07-11,84,HFO,37.73,11.7,280.8,24,418.416,0.43,Calm,FMS_MARITIME,2026-04-06
2021-07-12,84,VLSFO,51.12,17.1,410.4,24,387.8842,0.83,Rough,FMS_MARITIME,2026-04-06
2021-07-13,84,HFO,43.96,11.0,264.0,24,518.5282,0.87,Rough,FMS_MARITIME,2026-04-06
2021-07-14,84,VLSFO,21.31,11.9,285.6,24,232.3506,0.99,Calm,FMS_MARITIME,2026-04-06
2021-07-15,84,VLSFO,38.52,13.2,316.8,24,378.6341,0.91,Calm,FMS_MARITIME,2026-04-06
2021-07-16,84,MGO,76.26,14.5,348.0,24,682.3955,0.99,Moderate,FMS_MARITIME,2026-04-06
2021-07-17,84,LSMGO,15.27,8.7,208.8,24,227.7336,0.56,Calm,FMS_MARITIME,2026-04-06
2021-07-18,84,MGO,60.8,14.0,336.0,24,563.4857,0.47,Calm,FMS_MARITIME,2026-04-06
2021-07-19,84,VLSFO,51.62,12.2,292.8,24,548.9914,0.89,Calm,FMS_MARITIME,2026-04-06
2021-07-20,84,LSMGO,77.06,16.9,405.6,24,591.6293,0.6,Moderate,FMS_MARITIME,2026-04-06
2021-07-21,84,MGO,58.74,13.0,312.0,24,586.2704,0.47,Calm,FMS_MARITIME,2026-04-06
2021-07-22,84,MGO,65.3,14.7,352.8,24,576.3724,0.65,Rough,FMS_MARITIME,2026-04-06
2021-07-23,84,HFO,57.85,10.5,252.0,24,714.8607,0.99,Moderate,FMS_MARITIME,2026-04-06
2021-07-24,84,VLSFO,29.02,15.9,381.6,24,236.8142,0.66,Calm,FMS_MARITIME,2026-04-06
2021-07-25,84,MGO,21.71,8.2,196.8,24,343.521,0.79,Calm,FMS_MARITIME,2026-04-06
2021-07-26,84,MGO,71.14,16.0,384.0,24,576.9009,0.48,Moderate,FMS_MARITIME,2026-04-06
2021-07-27,84,LSMGO,30.23,10.7,256.8,24,366.5741,0.92,Calm,FMS_MARITIME,2026-04-06
2021-07-28,84,HFO,23.27,15.5,372.0,24,194.7924,0.85,Moderate,FMS_MARITIME,2026-04-06
2021-07-28,84,LSMGO,30.03,16.1,386.4,24,242.012,0.41,Calm,FMS_MARITIME,2026-04-06
2021-07-28,84,LSMGO,58.46,9.4,225.6,24,806.9346,0.73,Moderate,FMS_MARITIME,2026-04-06
2021-07-01,85,MGO,41.79,11.5,276.0,24,471.5002,0.89,Calm,FMS_MARITIME,2026-04-06
2021-07-02,85,HFO,39.77,12.3,295.2,24,419.525,0.58,Calm,FMS_MARITIME,2026-04-06
2021-07-03,85,VLSFO,54.55,9.2,220.8,24,769.3329,0.52,Calm,FMS_MARITIME,2026-04-06
2021-07-04,85,LSMGO,22.19,17.7,424.8,24,162.664,0.67,Moderate,FMS_MARITIME,2026-04-06
2021-07-05,85,LNG,72.96,13.7,328.8,24,690.9898,0.82,Rough,FMS_MARITIME,2026-04-06
2021-07-06,85,VLSFO,44.85,12.1,290.4,24,480.9329,0.8,Calm,FMS_MARITIME,2026-04-06
2021-07-07,85,LSMGO,75.39,9.4,225.6,24,1040.6226,0.87,Moderate,FMS_MARITIME,2026-04-06
2021-07-08,85,LSMGO,27.61,10.3,247.2,24,347.8056,0.84,Calm,FMS_MARITIME,2026-04-06
2021-07-09,85,MGO,42.47,17.3,415.2,24,318.525,0.79,Calm,FMS_MARITIME,2026-04-06
2021-07-10,85,VLSFO,44.58,15.2,364.8,24,380.5431,0.42,Moderate,FMS_MARITIME,2026-04-06
2021-07-11,85,MGO,44.6,14.1,338.4,24,410.4149,0.55,Moderate,FMS_MARITIME,2026-04-06
2021-07-12,85,MGO,46.77,12.9,309.6,24,470.4192,0.83,Moderate,FMS_MARITIME,2026-04-06
2021-07-13,85,HFO,61.28,18.0,432.0,24,441.7267,0.74,Rough,FMS_MARITIME,2026-04-06
2021-07-14,85,LSMGO,24.59,12.9,309.6,24,247.3297,0.7,Rough,FMS_MARITIME,2026-04-06
2021-07-15,85,MGO,64.43,9.7,232.8,24,861.8343,0.54,Calm,FMS_MARITIME,2026-04-06
2021-07-16,85,LSMGO,24.37,12.2,292.8,24,259.1809,0.81,Calm,FMS_MARITIME,2026-04-06
2021-07-17,85,LSMGO,25.11,16.8,403.2,24,193.9299,0.45,Calm,FMS_MARITIME,2026-04-06
2021-07-18,85,HFO,41.2,12.1,290.4,24,441.7934,0.51,Moderate,FMS_MARITIME,2026-04-06
2021-07-19,85,HFO,78.21,8.9,213.6,24,1140.1963,0.41,Calm,FMS_MARITIME,2026-04-06
2021-07-20,85,LNG,73.12,16.2,388.8,24,585.637,0.61,Rough,FMS_MARITIME,2026-04-06
2021-07-21,85,LNG,18.8,14.3,343.2,24,170.5804,0.9,Rough,FMS_MARITIME,2026-04-06
2021-07-22,85,LNG,29.94,8.3,199.2,24,468.038,0.46,Calm,FMS_MARITIME,2026-04-06
2021-07-23,85,VLSFO,48.08,9.3,223.2,24,670.7935,0.83,Rough,FMS_MARITIME,2026-04-06
2021-07-24,85,VLSFO,38.27,10.4,249.6,24,477.455,0.67,Calm,FMS_MARITIME,2026-04-06
2021-07-25,85,LSMGO,75.31,16.8,403.2,24,581.6353,0.41,Calm,FMS_MARITIME,2026-04-06
2021-07-26,85,LNG,15.54,13.9,333.6,24,145.0586,0.98,Calm,FMS_MARITIME,2026-04-06
2021-07-27,85,MGO,30.39,17.7,424.8,24,222.7742,0.99,Moderate,FMS_MARITIME,2026-04-06
2021-07-28,85,LSMGO,73.64,8.3,199.2,24,1151.1795,0.89,Calm,FMS_MARITIME,2026-04-06
2021-07-28,85,LSMGO,70.66,10.0,240.0,24,916.8135,0.4,Rough,FMS_MARITIME,2026-04-06
2021-07-28,85,MGO,37.4,9.8,235.2,24,495.1684,0.46,Calm,FMS_MARITIME,2026-04-06
2021-07-01,86,HFO,27.22,13.0,312.0,24,271.6765,0.43,Moderate,FMS_MARITIME,2026-04-06
2021-07-02,86,VLSFO,61.11,8.5,204.0,24,932.8262,0.96,Calm,FMS_MARITIME,2026-04-06
2021-07-03,86,VLSFO,44.38,8.0,192.0,24,719.7881,0.83,Calm,FMS_MARITIME,2026-04-06
2021-07-04,86,LSMGO,79.63,17.1,410.4,24,604.2101,0.64,Rough,FMS_MARITIME,2026-04-06
2021-07-05,86,HFO,59.22,15.0,360.0,24,512.253,0.69,Moderate,FMS_MARITIME,2026-04-06
2021-07-06,86,MGO,46.15,10.9,261.6,24,549.3544,0.49,Calm,FMS_MARITIME,2026-04-06
2021-07-07,86,LSMGO,55.87,16.3,391.2,24,444.7321,0.49,Calm,FMS_MARITIME,2026-04-06
2021-07-08,86,MGO,24.84,15.7,376.8,24,205.286,0.79,Calm,FMS_MARITIME,2026-04-06
2021-07-09,86,VLSFO,53.12,11.4,273.6,24,604.5895,0.77,Rough,FMS_MARITIME,2026-04-06
2021-07-10,86,LSMGO,26.36,16.3,391.2,24,209.8288,0.82,Moderate,FMS_MARITIME,2026-04-06
2021-07-11,86,HFO,55.05,10.9,261.6,24,655.297,0.41,Rough,FMS_MARITIME,2026-04-06
2021-07-12,86,LSMGO,22.1,17.1,410.4,24,167.6886,0.91,Moderate,FMS_MARITIME,2026-04-06
2021-07-13,86,HFO,62.14,11.9,285.6,24,677.5349,0.83,Rough,FMS_MARITIME,2026-04-06
2021-07-14,86,MGO,25.17,10.8,259.2,24,302.3896,0.93,Rough,FMS_MARITIME,2026-04-06
2021-07-15,86,MGO,40.63,15.9,381.6,24,331.5561,0.92,Calm,FMS_MARITIME,2026-04-06
2021-07-16,86,MGO,23.87,15.3,367.2,24,202.427,1.0,Moderate,FMS_MARITIME,2026-04-06
2021-07-17,86,MGO,55.14,9.7,232.8,24,737.5686,0.68,Rough,FMS_MARITIME,2026-04-06
2021-07-18,86,VLSFO,34.12,15.3,367.2,24,289.351,0.97,Calm,FMS_MARITIME,2026-04-06
2021-07-19,86,MGO,46.46,15.2,364.8,24,396.5911,0.66,Calm,FMS_MARITIME,2026-04-06
2021-07-20,86,LSMGO,58.6,9.3,223.2,24,817.5645,0.94,Moderate,FMS_MARITIME,2026-04-06
2021-07-21,86,LSMGO,63.35,8.8,211.2,24,934.0526,0.86,Rough,FMS_MARITIME,2026-04-06
2021-07-22,86,HFO,42.7,10.5,252.0,24,527.65,0.74,Rough,FMS_MARITIME,2026-04-06
2021-07-23,86,LSMGO,81.88,17.4,417.6,24,610.5707,0.95,Moderate,FMS_MARITIME,2026-04-06
2021-07-24,86,HFO,75.01,17.3,415.2,24,562.575,0.82,Rough,FMS_MARITIME,2026-04-06
2021-07-25,86,MGO,74.4,14.7,352.8,24,656.6939,0.89,Moderate,FMS_MARITIME,2026-04-06
2021-07-26,86,LNG,82.07,15.8,379.2,24,673.9609,0.47,Moderate,FMS_MARITIME,2026-04-06
2021-07-27,86,MGO,36.67,12.4,297.6,24,383.7042,0.78,Moderate,FMS_MARITIME,2026-04-06
2021-07-28,86,HFO,73.66,17.0,408.0,24,562.1991,0.99,Rough,FMS_MARITIME,2026-04-06
2021-07-28,86,LNG,54.81,8.5,204.0,24,836.6585,0.44,Rough,FMS_MARITIME,2026-04-06
2021-07-28,86,VLSFO,79.8,16.8,403.2,24,616.3125,0.6,Calm,FMS_MARITIME,2026-04-06
2021-07-01,87,MGO,45.61,14.1,338.4,24,419.709,0.87,Moderate,FMS_MARITIME,2026-04-06
2021-07-02,87,LSMGO,55.04,15.9,381.6,24,449.1472,0.81,Rough,FMS_MARITIME,2026-04-06
2021-07-03,87,LSMGO,46.51,16.4,393.6,24,367.9678,0.84,Rough,FMS_MARITIME,2026-04-06
2021-07-04,87,HFO,65.66,16.0,384.0,24,532.4616,0.92,Rough,FMS_MARITIME,2026-04-06
2021-07-05,87,VLSFO,84.56,11.3,271.2,24,970.9434,0.44,Rough,FMS_MARITIME,2026-04-06
2021-07-06,87,LSMGO,44.18,15.4,369.6,24,372.2308,0.54,Moderate,FMS_MARITIME,2026-04-06
2021-07-07,87,LSMGO,23.06,9.6,230.4,24,311.6703,0.61,Calm,FMS_MARITIME,2026-04-06
2021-07-08,87,HFO,36.94,8.0,192.0,24,599.1206,0.7,Moderate,FMS_MARITIME,2026-04-06
2021-07-09,87,LSMGO,56.83,11.7,280.8,24,630.2301,0.58,Calm,FMS_MARITIME,2026-04-06
2021-07-10,87,LNG,59.86,10.7,256.8,24,725.8724,0.74,Rough,FMS_MARITIME,2026-04-06
2021-07-11,87,LSMGO,19.02,8.7,208.8,24,283.6603,0.84,Moderate,FMS_MARITIME,2026-04-06
2021-07-12,87,VLSFO,18.55,18.0,432.0,24,133.7146,0.76,Calm,FMS_MARITIME,2026-04-06
2021-07-13,87,HFO,50.99,16.3,391.2,24,405.8867,0.44,Rough,FMS_MARITIME,2026-04-06
2021-07-14,87,LSMGO,77.32,15.6,374.4,24,643.0942,0.83,Moderate,FMS_MARITIME,2026-04-06
2021-07-15,87,MGO,55.3,15.4,369.6,24,465.9205,0.97,Calm,FMS_MARITIME,2026-04-06
2021-07-16,87,VLSFO,31.2,16.8,403.2,24,240.9643,0.74,Calm,FMS_MARITIME,2026-04-06
2021-07-17,87,LNG,63.82,13.2,316.8,24,627.3216,0.89,Calm,FMS_MARITIME,2026-04-06
2021-07-18,87,LNG,80.42,8.9,213.6,24,1172.4152,0.87,Rough,FMS_MARITIME,2026-04-06
2021-07-19,87,MGO,51.16,10.3,247.2,24,644.467,0.78,Calm,FMS_MARITIME,2026-04-06
2021-07-20,87,VLSFO,48.37,9.3,223.2,24,674.8395,0.62,Moderate,FMS_MARITIME,2026-04-06
2021-07-21,87,HFO,51.4,14.7,352.8,24,453.6837,0.45,Moderate,FMS_MARITIME,2026-04-06
2021-07-22,87,MGO,18.5,15.1,362.4,24,158.9652,0.74,Moderate,FMS_MARITIME,2026-04-06
2021-07-23,87,LNG,15.79,15.9,381.6,24,128.8524,0.96,Moderate,FMS_MARITIME,2026-04-06
2021-07-24,87,HFO,38.79,13.6,326.4,24,370.0737,0.69,Rough,FMS_MARITIME,2026-04-06
2021-07-25,87,HFO,73.65,12.8,307.2,24,746.5693,0.76,Calm,FMS_MARITIME,2026-04-06
2021-07-26,87,HFO,38.29,16.0,384.0,24,310.508,0.79,Calm,FMS_MARITIME,2026-04-06
2021-07-27,87,LSMGO,52.79,16.4,393.6,24,417.6526,0.81,Rough,FMS_MARITIME,2026-04-06
2021-07-28,87,LSMGO,46.98,13.3,319.2,24,458.3199,0.49,Moderate,FMS_MARITIME,2026-04-06
2021-07-28,87,LNG,70.93,8.3,199.2,24,1108.8154,0.46,Rough,FMS_MARITIME,2026-04-06
2021-07-28,87,VLSFO,61.1,13.3,319.2,24,596.0695,0.56,Calm,FMS_MARITIME,2026-04-06
2021-07-01,88,HFO,20.06,12.1,290.4,24,215.1062,0.61,Moderate,FMS_MARITIME,2026-04-06
2021-07-02,88,HFO,79.4,9.3,223.2,24,1107.7581,0.46,Moderate,FMS_MARITIME,2026-04-06
2021-07-03,88,HFO,35.49,14.2,340.8,24,324.2836,0.68,Rough,FMS_MARITIME,2026-04-06
2021-07-04,88,VLSFO,55.06,12.6,302.4,24,566.9869,0.72,Rough,FMS_MARITIME,2026-04-06
2021-07-05,88,MGO,34.33,13.0,312.0,24,342.6398,0.85,Calm,FMS_MARITIME,2026-04-06
2021-07-06,88,MGO,22.48,10.0,240.0,24,291.678,0.94,Calm,FMS_MARITIME,2026-04-06
2021-07-07,88,LNG,22.32,9.6,230.4,24,301.6687,0.67,Moderate,FMS_MARITIME,2026-04-06
2021-07-08,88,LSMGO,46.11,9.3,223.2,24,643.3089,0.59,Rough,FMS_MARITIME,2026-04-06
2021-07-09,88,LNG,26.0,9.1,218.4,24,370.7143,0.51,Rough,FMS_MARITIME,2026-04-06
2021-07-10,88,HFO,57.14,16.1,386.4,24,460.4916,0.73,Rough,FMS_MARITIME,2026-04-06
2021-07-11,88,LSMGO,26.86,15.4,369.6,24,226.3042,0.63,Rough,FMS_MARITIME,2026-04-06
2021-07-12,88,VLSFO,72.09,11.2,268.8,24,835.1498,0.4,Rough,FMS_MARITIME,2026-04-06
2021-07-13,88,HFO,69.82,17.9,429.6,24,506.0975,0.6,Rough,FMS_MARITIME,2026-04-06
2021-07-14,88,LSMGO,50.32,9.4,225.6,24,694.5766,0.91,Rough,FMS_MARITIME,2026-04-06
2021-07-15,88,MGO,56.51,14.9,357.6,24,492.0921,0.47,Calm,FMS_MARITIME,2026-04-06
2021-07-16,88,MGO,43.2,10.1,242.4,24,554.9703,0.89,Calm,FMS_MARITIME,2026-04-06
2021-07-17,88,HFO,17.99,14.5,348.0,24,160.9795,0.87,Moderate,FMS_MARITIME,2026-04-06
2021-07-18,88,VLSFO,51.58,10.5,252.0,24,637.3814,0.59,Rough,FMS_MARITIME,2026-04-06
2021-07-19,88,VLSFO,64.98,8.2,196.8,24,1028.1896,0.89,Calm,FMS_MARITIME,2026-04-06
2021-07-20,88,LNG,84.91,15.7,376.8,24,701.7244,0.41,Calm,FMS_MARITIME,2026-04-06
2021-07-21,88,HFO,70.41,17.9,429.6,24,510.3742,0.5,Moderate,FMS_MARITIME,2026-04-06
2021-07-22,88,LSMGO,26.65,13.6,326.4,24,254.2528,0.9,Moderate,FMS_MARITIME,2026-04-06
2021-07-23,88,MGO,53.8,10.7,256.8,24,652.3879,0.5,Calm,FMS_MARITIME,2026-04-06
2021-07-24,88,LNG,80.31,9.7,232.8,24,1074.2497,0.65,Calm,FMS_MARITIME,2026-04-06
2021-07-25,88,MGO,63.4,10.7,256.8,24,768.7991,0.83,Calm,FMS_MARITIME,2026-04-06
2021-07-26,88,VLSFO,36.0,16.7,400.8,24,279.7006,0.95,Moderate,FMS_MARITIME,2026-04-06
2021-07-27,88,LSMGO,79.77,14.5,348.0,24,713.804,0.43,Rough,FMS_MARITIME,2026-04-06
2021-07-28,88,LSMGO,23.27,8.9,213.6,24,339.2452,0.77,Moderate,FMS_MARITIME,2026-04-06
2021-07-28,88,VLSFO,63.07,14.6,350.4,24,560.5022,0.54,Rough,FMS_MARITIME,2026-04-06
2021-07-28,88,LNG,45.45,11.6,278.4,24,508.3739,0.95,Rough,FMS_MARITIME,2026-04-06
2021-07-01,89,LNG,47.24,15.8,379.2,24,387.9361,0.83,Moderate,FMS_MARITIME,2026-04-06
2021-07-02,89,LSMGO,44.47,14.0,336.0,24,412.1416,0.66,Calm,FMS_MARITIME,2026-04-06
2021-07-03,89,VLSFO,16.18,8.9,213.6,24,235.8826,0.64,Calm,FMS_MARITIME,2026-04-06
2021-07-04,89,LSMGO,20.46,9.4,225.6,24,282.4133,0.5,Calm,FMS_MARITIME,2026-04-06
2021-07-05,89,VLSFO,71.57,17.4,417.6,24,533.6901,0.77,Moderate,FMS_MARITIME,2026-04-06
2021-07-06,89,HFO,70.97,14.7,352.8,24,626.4189,0.9,Moderate,FMS_MARITIME,2026-04-06
2021-07-07,89,VLSFO,16.7,8.6,206.4,24,251.9564,0.43,Moderate,FMS_MARITIME,2026-04-06
2021-07-08,89,LNG,84.45,17.2,412.8,24,637.0574,0.75,Moderate,FMS_MARITIME,2026-04-06
2021-07-09,89,HFO,37.83,10.6,254.4,24,463.0606,0.73,Rough,FMS_MARITIME,2026-04-06
2021-07-10,89,VLSFO,27.92,15.6,374.4,24,232.2192,0.46,Moderate,FMS_MARITIME,2026-04-06
2021-07-11,89,HFO,21.38,11.7,280.8,24,237.0987,0.97,Rough,FMS_MARITIME,2026-04-06
2021-07-12,89,LSMGO,59.37,12.0,288.0,24,641.9381,0.55,Rough,FMS_MARITIME,2026-04-06
2021-07-13,89,HFO,55.16,14.4,345.6,24,497.0146,0.56,Calm,FMS_MARITIME,2026-04-06
2021-07-14,89,VLSFO,58.1,17.7,424.8,24,425.9025,0.96,Rough,FMS_MARITIME,2026-04-06
2021-07-15,89,LNG,78.13,9.4,225.6,24,1078.4434,0.87,Calm,FMS_MARITIME,2026-04-06
2021-07-16,89,LSMGO,71.67,12.6,302.4,24,738.0304,0.96,Rough,FMS_MARITIME,2026-04-06
2021-07-17,89,LNG,78.24,15.1,362.4,24,672.294,0.57,Calm,FMS_MARITIME,2026-04-06
2021-07-18,89,LNG,45.57,16.4,393.6,24,360.5309,0.47,Calm,FMS_MARITIME,2026-04-06
2021-07-19,89,VLSFO,35.76,17.4,417.6,24,266.6586,0.57,Moderate,FMS_MARITIME,2026-04-06
2021-07-20,89,HFO,39.34,8.9,213.6,24,573.5242,0.52,Moderate,FMS_MARITIME,2026-04-06
2021-07-21,89,VLSFO,70.61,14.2,340.8,24,645.1864,0.54,Rough,FMS_MARITIME,2026-04-06
2021-07-22,89,HFO,20.98,16.1,386.4,24,169.078,0.93,Rough,FMS_MARITIME,2026-04-06
2021-07-23,89,LNG,44.02,17.5,420.0,24,326.3769,0.85,Rough,FMS_MARITIME,2026-04-06
2021-07-24,89,LNG,46.09,8.8,211.2,24,679.5656,0.55,Rough,FMS_MARITIME,2026-04-06
2021-07-25,89,LNG,22.27,17.1,410.4,24,168.9785,0.44,Rough,FMS_MARITIME,2026-04-06
2021-07-26,89,VLSFO,84.67,13.9,333.6,24,790.3549,0.81,Moderate,FMS_MARITIME,2026-04-06
2021-07-27,89,HFO,51.5,17.0,408.0,24,393.0662,1.0,Rough,FMS_MARITIME,2026-04-06
2021-07-28,89,VLSFO,64.52,14.6,350.4,24,573.3884,0.84,Calm,FMS_MARITIME,2026-04-06
2021-07-28,89,VLSFO,18.18,8.8,211.2,24,268.0517,0.66,Moderate,FMS_MARITIME,2026-04-06
2021-07-28,89,VLSFO,57.48,10.7,256.8,24,697.0121,0.86,Rough,FMS_MARITIME,2026-04-06
2021-07-01,90,LNG,71.51,13.0,312.0,24,713.7248,0.89,Calm,FMS_MARITIME,2026-04-06
2021-07-02,90,VLSFO,47.28,10.2,244.8,24,601.4294,0.41,Moderate,FMS_MARITIME,2026-04-06
2021-07-03,90,MGO,30.04,8.8,211.2,24,442.9193,0.68,Rough,FMS_MARITIME,2026-04-06
2021-07-04,90,VLSFO,27.98,14.6,350.4,24,248.6579,0.84,Moderate,FMS_MARITIME,2026-04-06
2021-07-05,90,LSMGO,47.58,10.3,247.2,24,599.3694,0.77,Moderate,FMS_MARITIME,2026-04-06
2021-07-06,90,LSMGO,43.88,15.3,367.2,24,372.1196,0.51,Rough,FMS_MARITIME,2026-04-06
2021-07-07,90,HFO,44.68,11.7,280.8,24,495.4897,0.57,Calm,FMS_MARITIME,2026-04-06
2021-07-08,90,LSMGO,47.49,9.7,232.8,24,635.2399,0.95,Calm,FMS_MARITIME,2026-04-06
2021-07-09,90,LNG,31.01,16.0,384.0,24,251.4717,0.42,Calm,FMS_MARITIME,2026-04-06
2021-07-10,90,LNG,25.81,11.5,276.0,24,291.2041,0.8,Calm,FMS_MARITIME,2026-04-06
2021-07-11,90,HFO,67.1,16.9,405.6,24,515.1612,0.81,Rough,FMS_MARITIME,2026-04-06
2021-07-12,90,VLSFO,39.58,16.2,388.8,24,317.0065,0.41,Calm,FMS_MARITIME,2026-04-06
2021-07-13,90,VLSFO,17.24,12.5,300.0,24,178.9512,0.96,Moderate,FMS_MARITIME,2026-04-06
2021-07-14,90,LNG,61.07,13.4,321.6,24,591.3308,0.88,Rough,FMS_MARITIME,2026-04-06
2021-07-15,90,MGO,72.87,16.5,396.0,24,573.0232,0.63,Calm,FMS_MARITIME,2026-04-06
2021-07-16,90,HFO,37.8,10.4,249.6,24,471.5913,0.52,Moderate,FMS_MARITIME,2026-04-06
2021-07-17,90,LSMGO,55.97,13.3,319.2,24,546.0231,0.47,Moderate,FMS_MARITIME,2026-04-06
2021-07-18,90,VLSFO,23.51,9.7,232.8,24,314.4765,0.75,Rough,FMS_MARITIME,2026-04-06
2021-07-19,90,MGO,17.47,11.2,268.8,24,202.3868,0.68,Moderate,FMS_MARITIME,2026-04-06
2021-07-20,90,HFO,67.35,15.8,379.2,24,553.0799,0.43,Calm,FMS_MARITIME,2026-04-06
2021-07-21,90,HFO,20.07,17.7,424.8,24,147.1233,0.41,Calm,FMS_MARITIME,2026-04-06
2021-07-22,90,HFO,74.62,17.0,408.0,24,569.5262,0.79,Moderate,FMS_MARITIME,2026-04-06
2021-07-23,90,MGO,76.78,14.2,340.8,24,701.5637,0.74,Rough,FMS_MARITIME,2026-04-06
2021-07-24,90,LNG,70.05,16.2,388.8,24,561.0486,0.44,Calm,FMS_MARITIME,2026-04-06
2021-07-25,90,MGO,84.32,10.1,242.4,24,1083.2198,0.98,Calm,FMS_MARITIME,2026-04-06
2021-07-26,90,MGO,23.04,14.9,357.6,24,200.6336,0.74,Calm,FMS_MARITIME,2026-04-06
2021-07-27,90,VLSFO,36.33,10.4,249.6,24,453.2517,0.7,Calm,FMS_MARITIME,2026-04-06
2021-07-28,90,LNG,66.08,10.6,254.4,24,808.8566,0.57,Rough,FMS_MARITIME,2026-04-06
2021-07-28,90,VLSFO,73.5,14.7,352.8,24,648.75,0.56,Moderate,FMS_MARITIME,2026-04-06
2021-07-28,90,HFO,31.52,16.7,400.8,24,244.8934,0.4,Calm,FMS_MARITIME,2026-04-06
2021-07-01,91,LNG,46.09,10.0,240.0,24,598.0177,0.65,Moderate,FMS_MARITIME,2026-04-06
2021-07-02,91,MGO,48.02,11.3,271.2,24,551.3801,0.88,Calm,FMS_MARITIME,2026-04-06
2021-07-03,91,VLSFO,39.21,14.4,345.6,24,353.2984,0.68,Rough,FMS_MARITIME,2026-04-06
2021-07-04,91,LSMGO,59.32,11.6,278.4,24,663.5147,0.76,Calm,FMS_MARITIME,2026-04-06
2021-07-05,91,LSMGO,76.55,9.6,230.4,24,1034.6211,0.41,Rough,FMS_MARITIME,2026-04-06
2021-07-06,91,HFO,45.83,15.7,376.8,24,378.7543,0.66,Moderate,FMS_MARITIME,2026-04-06
2021-07-07,91,MGO,48.63,17.1,410.4,24,368.9908,0.89,Moderate,FMS_MARITIME,2026-04-06
2021-07-08,91,VLSFO,19.61,11.5,276.0,24,221.252,0.88,Rough,FMS_MARITIME,2026-04-06
2021-07-09,91,HFO,72.9,11.7,280.8,24,808.4423,0.74,Rough,FMS_MARITIME,2026-04-06
2021-07-10,91,LSMGO,64.11,9.4,225.6,24,884.9226,0.8,Moderate,FMS_MARITIME,2026-04-06
2021-07-11,91,LSMGO,55.29,13.4,321.6,24,535.364,0.85,Calm,FMS_MARITIME,2026-04-06
2021-07-12,91,VLSFO,26.25,10.8,259.2,24,315.3646,0.84,Moderate,FMS_MARITIME,2026-04-06
2021-07-13,91,LNG,72.33,14.4,345.6,24,651.7234,0.58,Moderate,FMS_MARITIME,2026-04-06
2021-07-14,91,HFO,20.98,17.7,424.8,24,153.7941,0.41,Moderate,FMS_MARITIME,2026-04-06
2021-07-15,91,LSMGO,80.01,16.8,403.2,24,617.9344,0.5,Rough,FMS_MARITIME,2026-04-06
2021-07-16,91,LSMGO,44.18,17.8,427.2,24,322.0424,0.66,Calm,FMS_MARITIME,2026-04-06
2021-07-17,91,MGO,52.83,9.0,216.0,24,761.6325,0.66,Calm,FMS_MARITIME,2026-04-06
2021-07-18,91,HFO,60.16,16.7,400.8,24,467.4108,0.78,Moderate,FMS_MARITIME,2026-04-06
2021-07-19,91,LSMGO,33.32,13.5,324.0,24,320.2422,0.69,Calm,FMS_MARITIME,2026-04-06
2021-07-20,91,LSMGO,20.8,8.6,206.4,24,313.814,0.84,Rough,FMS_MARITIME,2026-04-06
2021-07-21,91,MGO,74.42,10.4,249.6,24,928.4611,0.79,Calm,FMS_MARITIME,2026-04-06
2021-07-22,91,VLSFO,48.94,13.6,326.4,24,466.9092,0.46,Moderate,FMS_MARITIME,2026-04-06
2021-07-23,91,MGO,70.4,12.4,297.6,24,736.6452,0.59,Calm,FMS_MARITIME,2026-04-06
2021-07-24,91,LNG,16.11,15.7,376.8,24,133.1384,0.47,Calm,FMS_MARITIME,2026-04-06
2021-07-25,91,HFO,28.4,10.1,242.4,24,364.8416,0.93,Moderate,FMS_MARITIME,2026-04-06
2021-07-26,91,HFO,78.8,14.8,355.2,24,690.8311,0.67,Moderate,FMS_MARITIME,2026-04-06
2021-07-27,91,MGO,37.97,12.5,300.0,24,394.1286,0.98,Rough,FMS_MARITIME,2026-04-06
2021-07-28,91,VLSFO,15.54,8.6,206.4,24,234.4552,0.56,Rough,FMS_MARITIME,2026-04-06
2021-07-28,91,LNG,26.78,8.8,211.2,24,394.8528,0.8,Moderate,FMS_MARITIME,2026-04-06
2021-07-28,91,LNG,26.32,15.7,376.8,24,217.5172,0.76,Moderate,FMS_MARITIME,2026-04-06
2021-07-01,92,VLSFO,42.34,9.8,235.2,24,560.573,0.79,Rough,FMS_MARITIME,2026-04-06
2021-07-02,92,HFO,54.24,13.8,331.2,24,509.9739,0.99,Moderate,FMS_MARITIME,2026-04-06
2021-07-03,92,LNG,81.33,10.6,254.4,24,995.5252,0.87,Rough,FMS_MARITIME,2026-04-06
2021-07-04,92,HFO,35.12,16.2,388.8,24,281.2852,0.52,Calm,FMS_MARITIME,2026-04-06
2021-07-05,92,VLSFO,24.32,11.2,268.8,24,281.7429,0.8,Moderate,FMS_MARITIME,2026-04-06
2021-07-06,92,LSMGO,77.04,16.1,386.4,24,620.8658,0.4,Moderate,FMS_MARITIME,2026-04-06
2021-07-07,92,HFO,83.74,15.3,367.2,24,710.148,0.94,Rough,FMS_MARITIME,2026-04-06
2021-07-08,92,MGO,62.29,13.6,326.4,24,594.2741,0.48,Rough,FMS_MARITIME,2026-04-06
2021-07-09,92,LSMGO,56.35,10.2,244.8,24,716.8051,0.42,Calm,FMS_MARITIME,2026-04-06
2021-07-10,92,VLSFO,61.41,10.1,242.4,24,788.9057,0.71,Moderate,FMS_MARITIME,2026-04-06
2021-07-11,92,MGO,41.68,11.4,273.6,24,474.3842,0.42,Rough,FMS_MARITIME,2026-04-06
2021-07-12,92,LSMGO,28.4,9.6,230.4,24,383.8437,0.53,Moderate,FMS_MARITIME,2026-04-06
2021-07-13,92,HFO,22.2,16.5,396.0,24,174.5727,0.9,Moderate,FMS_MARITIME,2026-04-06
2021-07-14,92,LNG,41.92,9.1,218.4,24,597.7055,0.89,Calm,FMS_MARITIME,2026-04-06
2021-07-15,92,VLSFO,76.27,9.6,230.4,24,1030.8367,0.92,Rough,FMS_MARITIME,2026-04-06
2021-07-16,92,LSMGO,59.35,13.5,324.0,24,570.4194,0.66,Rough,FMS_MARITIME,2026-04-06
2021-07-17,92,HFO,55.03,10.3,247.2,24,693.2177,0.9,Rough,FMS_MARITIME,2026-04-06
2021-07-18,92,MGO,49.15,17.9,429.6,24,356.2689,1.0,Calm,FMS_MARITIME,2026-04-06
2021-07-19,92,MGO,36.15,16.9,405.6,24,277.5422,0.41,Moderate,FMS_MARITIME,2026-04-06
2021-07-20,92,MGO,39.19,13.4,321.6,24,379.4703,0.68,Rough,FMS_MARITIME,2026-04-06
2021-07-21,92,VLSFO,64.7,9.6,230.4,24,874.4609,0.63,Calm,FMS_MARITIME,2026-04-06
2021-07-22,92,MGO,64.52,10.6,254.4,24,789.7613,0.58,Rough,FMS_MARITIME,2026-04-06
2021-07-23,92,LSMGO,32.07,17.3,415.2,24,240.525,0.68,Rough,FMS_MARITIME,2026-04-06
2021-07-24,92,LSMGO,35.25,12.5,300.0,24,365.895,0.49,Calm,FMS_MARITIME,2026-04-06
2021-07-25,92,MGO,24.94,8.1,194.4,24,399.5019,0.85,Moderate,FMS_MARITIME,2026-04-06
2021-07-26,92,LSMGO,21.89,9.3,223.2,24,305.4008,0.98,Calm,FMS_MARITIME,2026-04-06
2021-07-27,92,LSMGO,34.36,16.3,391.2,24,273.5098,0.47,Calm,FMS_MARITIME,2026-04-06
2021-07-28,92,MGO,47.76,14.2,340.8,24,436.3986,0.56,Moderate,FMS_MARITIME,2026-04-06
2021-07-28,92,MGO,48.18,15.8,379.2,24,395.6554,0.58,Rough,FMS_MARITIME,2026-04-06
2021-07-28,92,LNG,22.2,10.8,259.2,24,266.7083,0.51,Calm,FMS_MARITIME,2026-04-06
2021-07-01,93,VLSFO,82.78,10.3,247.2,24,1042.7869,0.55,Rough,FMS_MARITIME,2026-04-06
2021-07-02,93,LNG,43.47,8.2,196.8,24,687.8332,0.76,Moderate,FMS_MARITIME,2026-04-06
2021-07-03,93,HFO,25.68,17.3,415.2,24,192.6,0.83,Rough,FMS_MARITIME,2026-04-06
2021-07-04,93,LNG,46.0,15.6,374.4,24,382.5962,0.55,Rough,FMS_MARITIME,2026-04-06
2021-07-05,93,HFO,32.2,11.4,273.6,24,366.4868,0.95,Calm,FMS_MARITIME,2026-04-06
2021-07-06,93,VLSFO,42.71,15.9,381.6,24,348.5297,0.57,Moderate,FMS_MARITIME,2026-04-06
2021-07-07,93,LSMGO,51.0,11.6,278.4,24,570.4526,0.97,Moderate,FMS_MARITIME,2026-04-06
2021-07-08,93,LSMGO,53.03,9.5,228.0,24,724.2782,0.98,Moderate,FMS_MARITIME,2026-04-06
2021-07-09,93,VLSFO,46.4,17.0,408.0,24,354.1412,0.83,Calm,FMS_MARITIME,2026-04-06
2021-07-10,93,VLSFO,36.0,10.0,240.0,24,467.1,0.94,Calm,FMS_MARITIME,2026-04-06
2021-07-11,93,HFO,36.4,11.9,285.6,24,396.8824,0.41,Moderate,FMS_MARITIME,2026-04-06
2021-07-12,93,LSMGO,37.66,8.8,211.2,24,555.271,0.49,Rough,FMS_MARITIME,2026-04-06
2021-07-13,93,HFO,24.45,8.3,199.2,24,382.2154,0.84,Moderate,FMS_MARITIME,2026-04-06
2021-07-14,93,VLSFO,48.32,14.7,352.8,24,426.498,0.44,Rough,FMS_MARITIME,2026-04-06
2021-07-15,93,VLSFO,55.57,14.5,348.0,24,497.2557,0.42,Calm,FMS_MARITIME,2026-04-06
2021-07-16,93,LSMGO,37.55,17.3,415.2,24,281.625,0.52,Rough,FMS_MARITIME,2026-04-06
2021-07-17,93,HFO,69.54,13.5,324.0,24,668.3567,0.82,Moderate,FMS_MARITIME,2026-04-06
2021-07-18,93,LNG,77.7,9.8,235.2,24,1028.7321,0.89,Moderate,FMS_MARITIME,2026-04-06
2021-07-19,93,LSMGO,60.59,17.9,429.6,24,439.1929,0.72,Calm,FMS_MARITIME,2026-04-06
2021-07-20,93,VLSFO,56.3,12.9,309.6,24,566.2733,0.5,Moderate,FMS_MARITIME,2026-04-06
2021-07-21,93,LSMGO,35.04,13.7,328.8,24,331.8569,0.41,Calm,FMS_MARITIME,2026-04-06
2021-07-22,93,LSMGO,27.91,17.0,408.0,24,213.019,0.67,Moderate,FMS_MARITIME,2026-04-06
2021-07-23,93,VLSFO,38.4,15.8,379.2,24,315.3418,0.98,Rough,FMS_MARITIME,2026-04-06
2021-07-24,93,HFO,64.2,14.6,350.4,24,570.5445,0.45,Moderate,FMS_MARITIME,2026-04-06
2021-07-25,93,LNG,83.53,15.3,367.2,24,708.3672,0.91,Moderate,FMS_MARITIME,2026-04-06
2021-07-26,93,HFO,67.33,10.2,244.8,24,856.4772,0.65,Calm,FMS_MARITIME,2026-04-06
2021-07-27,93,MGO,58.71,9.2,220.8,24,828.0024,0.79,Calm,FMS_MARITIME,2026-04-06
2021-07-28,93,HFO,26.72,14.0,336.0,24,247.6371,0.81,Rough,FMS_MARITIME,2026-04-06
2021-07-28,93,LSMGO,79.09,15.4,369.6,24,666.3589,0.52,Rough,FMS_MARITIME,2026-04-06
2021-07-28,93,HFO,41.88,14.1,338.4,24,385.3851,0.58,Rough,FMS_MARITIME,2026-04-06
2021-07-01,94,VLSFO,47.73,16.3,391.2,24,379.9367,0.46,Calm,FMS_MARITIME,2026-04-06
2021-07-02,94,HFO,40.0,12.9,309.6,24,402.3256,0.66,Calm,FMS_MARITIME,2026-04-06
2021-07-03,94,VLSFO,35.11,9.1,218.4,24,500.6069,0.64,Calm,FMS_MARITIME,2026-04-06
2021-07-04,94,VLSFO,36.94,14.1,338.4,24,339.9266,0.57,Rough,FMS_MARITIME,2026-04-06
2021-07-05,94,MGO,38.28,12.8,307.2,24,388.0336,0.84,Calm,FMS_MARITIME,2026-04-06
2021-07-06,94,LNG,16.94,15.9,381.6,24,138.2368,0.89,Moderate,FMS_MARITIME,2026-04-06
2021-07-07,94,VLSFO,76.76,11.1,266.4,24,897.2622,0.49,Calm,FMS_MARITIME,2026-04-06
2021-07-08,94,VLSFO,45.0,12.4,297.6,24,470.8669,0.65,Calm,FMS_MARITIME,2026-04-06
2021-07-09,94,HFO,35.65,9.9,237.6,24,467.2311,0.97,Moderate,FMS_MARITIME,2026-04-06
2021-07-10,94,MGO,79.6,17.6,422.4,24,586.8239,0.4,Rough,FMS_MARITIME,2026-04-06
2021-07-11,94,HFO,58.56,8.5,204.0,24,893.9012,0.7,Rough,FMS_MARITIME,2026-04-06
2021-07-12,94,LNG,46.93,10.8,259.2,24,563.8118,0.48,Moderate,FMS_MARITIME,2026-04-06
2021-07-13,94,VLSFO,33.57,17.5,420.0,24,248.8976,0.77,Moderate,FMS_MARITIME,2026-04-06
2021-07-14,94,LNG,59.66,10.2,244.8,24,758.9103,0.73,Rough,FMS_MARITIME,2026-04-06
2021-07-15,94,MGO,75.29,13.5,324.0,24,723.6206,0.96,Rough,FMS_MARITIME,2026-04-06
2021-07-16,94,LSMGO,32.82,8.3,199.2,24,513.0596,0.92,Calm,FMS_MARITIME,2026-04-06
2021-07-17,94,VLSFO,45.16,17.3,415.2,24,338.7,0.95,Moderate,FMS_MARITIME,2026-04-06
2021-07-18,94,VLSFO,39.79,13.6,326.4,24,379.6142,0.47,Rough,FMS_MARITIME,2026-04-06
2021-07-19,94,LSMGO,71.58,11.1,266.4,24,836.7122,0.83,Moderate,FMS_MARITIME,2026-04-06
2021-07-20,94,LNG,26.58,14.6,350.4,24,236.2161,0.89,Moderate,FMS_MARITIME,2026-04-06
2021-07-21,94,LSMGO,58.46,16.5,396.0,24,459.7082,0.69,Rough,FMS_MARITIME,2026-04-06
2021-07-22,94,VLSFO,21.78,15.3,367.2,24,184.7029,0.5,Rough,FMS_MARITIME,2026-04-06
2021-07-23,94,LSMGO,20.86,13.8,331.2,24,196.1293,0.57,Moderate,FMS_MARITIME,2026-04-06
2021-07-24,94,VLSFO,66.4,16.6,398.4,24,519.0,0.95,Rough,FMS_MARITIME,2026-04-06
2021-07-25,94,VLSFO,41.33,10.8,259.2,24,496.534,0.92,Rough,FMS_MARITIME,2026-04-06
2021-07-26,94,HFO,39.72,8.5,204.0,24,606.3141,0.58,Moderate,FMS_MARITIME,2026-04-06
2021-07-27,94,HFO,52.14,15.9,381.6,24,425.4821,0.74,Rough,FMS_MARITIME,2026-04-06
2021-07-28,94,LNG,22.7,14.3,343.2,24,205.9668,0.96,Moderate,FMS_MARITIME,2026-04-06
2021-07-28,94,HFO,44.44,10.7,256.8,24,538.8869,0.42,Rough,FMS_MARITIME,2026-04-06
2021-07-28,94,LNG,45.03,8.3,199.2,24,703.9328,0.78,Moderate,FMS_MARITIME,2026-04-06
2021-07-01,95,LSMGO,49.07,11.4,273.6,24,558.4941,0.44,Moderate,FMS_MARITIME,2026-04-06
2021-07-02,95,LNG,38.57,12.9,309.6,24,387.9424,0.73,Calm,FMS_MARITIME,2026-04-06
2021-07-03,95,HFO,19.61,15.0,360.0,24,169.6265,0.87,Moderate,FMS_MARITIME,2026-04-06
2021-07-04,95,MGO,71.4,8.7,208.8,24,1064.8448,0.59,Moderate,FMS_MARITIME,2026-04-06
2021-07-05,95,LSMGO,70.75,14.1,338.4,24,651.0505,0.82,Rough,FMS_MARITIME,2026-04-06
2021-07-06,95,LNG,41.64,14.0,336.0,24,385.9136,0.89,Rough,FMS_MARITIME,2026-04-06
2021-07-07,95,HFO,74.13,17.2,412.8,24,559.2074,0.96,Moderate,FMS_MARITIME,2026-04-06
2021-07-08,95,HFO,77.74,13.3,319.2,24,758.4034,0.92,Moderate,FMS_MARITIME,2026-04-06
2021-07-09,95,LNG,36.35,10.6,254.4,24,444.9446,0.76,Moderate,FMS_MARITIME,2026-04-06
2021-07-10,95,LSMGO,78.1,10.3,247.2,24,983.8325,0.94,Rough,FMS_MARITIME,2026-04-06
2021-07-11,95,MGO,80.69,13.6,326.4,24,769.8182,0.46,Moderate,FMS_MARITIME,2026-04-06
2021-07-12,95,MGO,75.08,13.1,314.4,24,743.6359,0.64,Moderate,FMS_MARITIME,2026-04-06
2021-07-13,95,LSMGO,29.82,12.5,300.0,24,309.5316,0.6,Moderate,FMS_MARITIME,2026-04-06
2021-07-14,95,LNG,24.66,10.3,247.2,24,310.6442,0.45,Rough,FMS_MARITIME,2026-04-06
2021-07-15,95,HFO,43.07,16.3,391.2,24,342.8425,0.51,Rough,FMS_MARITIME,2026-04-06
2021-07-16,95,HFO,21.84,16.6,398.4,24,170.7072,0.47,Calm,FMS_MARITIME,2026-04-06
2021-07-17,95,VLSFO,75.44,11.6,278.4,24,843.8224,0.4,Calm,FMS_MARITIME,2026-04-06
2021-07-18,95,VLSFO,45.89,16.5,396.0,24,360.8623,0.61,Calm,FMS_MARITIME,2026-04-06
2021-07-19,95,LSMGO,24.17,11.1,266.4,24,282.5277,0.55,Moderate,FMS_MARITIME,2026-04-06
2021-07-20,95,LNG,64.6,14.4,345.6,24,582.0729,0.98,Calm,FMS_MARITIME,2026-04-06
2021-07-21,95,HFO,59.81,8.2,196.8,24,946.3838,0.98,Calm,FMS_MARITIME,2026-04-06
2021-07-22,95,HFO,83.96,12.4,297.6,24,878.5331,0.6,Moderate,FMS_MARITIME,2026-04-06
2021-07-23,95,VLSFO,24.01,9.2,220.8,24,338.6193,0.62,Rough,FMS_MARITIME,2026-04-06
2021-07-24,95,HFO,34.17,13.5,324.0,24,328.4117,0.76,Moderate,FMS_MARITIME,2026-04-06
2021-07-25,95,MGO,36.45,15.9,381.6,24,297.4458,0.89,Calm,FMS_MARITIME,2026-04-06
2021-07-26,95,MGO,70.82,10.4,249.6,24,883.5476,0.54,Rough,FMS_MARITIME,2026-04-06
2021-07-27,95,LNG,38.12,14.7,352.8,24,336.4673,0.7,Rough,FMS_MARITIME,2026-04-06
2021-07-28,95,MGO,63.25,16.3,391.2,24,503.4778,0.94,Rough,FMS_MARITIME,2026-04-06
2021-07-28,95,LNG,26.05,9.1,218.4,24,371.4272,0.57,Rough,FMS_MARITIME,2026-04-06
2021-07-28,95,LSMGO,44.22,12.7,304.8,24,451.7752,0.84,Moderate,FMS_MARITIME,2026-04-06
2021-07-01,96,HFO,76.88,16.6,398.4,24,600.9145,0.82,Calm,FMS_MARITIME,2026-04-06
2021-07-02,96,LNG,48.71,9.0,216.0,24,702.2358,0.59,Moderate,FMS_MARITIME,2026-04-06
2021-07-03,96,LSMGO,49.36,13.9,333.6,24,460.7525,0.52,Rough,FMS_MARITIME,2026-04-06
2021-07-04,96,MGO,39.36,8.2,196.8,24,622.8,0.78,Calm,FMS_MARITIME,2026-04-06
2021-07-05,96,LSMGO,19.19,17.3,415.2,24,143.925,0.51,Moderate,FMS_MARITIME,2026-04-06
2021-07-06,96,LSMGO,22.12,15.7,376.8,24,182.807,0.82,Rough,FMS_MARITIME,2026-04-06
2021-07-07,96,MGO,51.76,15.0,360.0,24,447.724,0.51,Rough,FMS_MARITIME,2026-04-06
2021-07-08,96,HFO,43.46,16.2,388.8,24,348.0824,0.69,Calm,FMS_MARITIME,2026-04-06
2021-07-09,96,VLSFO,26.48,13.6,326.4,24,252.6309,0.56,Moderate,FMS_MARITIME,2026-04-06
2021-07-10,96,VLSFO,23.24,9.5,228.0,24,317.4095,0.46,Moderate,FMS_MARITIME,2026-04-06
2021-07-11,96,VLSFO,20.59,16.1,386.4,24,165.9349,0.56,Moderate,FMS_MARITIME,2026-04-06
2021-07-12,96,VLSFO,25.38,17.7,424.8,24,186.0483,0.41,Moderate,FMS_MARITIME,2026-04-06
2021-07-13,96,MGO,46.34,10.8,259.2,24,556.7236,0.9,Moderate,FMS_MARITIME,2026-04-06
2021-07-14,96,LNG,15.92,15.9,381.6,24,129.9132,0.51,Rough,FMS_MARITIME,2026-04-06
2021-07-15,96,VLSFO,53.84,17.2,412.8,24,406.1477,0.63,Calm,FMS_MARITIME,2026-04-06
2021-07-16,96,MGO,28.02,13.8,331.2,24,263.4489,0.75,Rough,FMS_MARITIME,2026-04-06
2021-07-17,96,LNG,49.58,16.6,398.4,24,387.5304,0.72,Moderate,FMS_MARITIME,2026-04-06
2021-07-18,96,MGO,29.72,15.2,364.8,24,253.6954,0.62,Calm,FMS_MARITIME,2026-04-06
2021-07-19,96,LSMGO,39.79,13.0,312.0,24,397.1348,0.78,Rough,FMS_MARITIME,2026-04-06
2021-07-20,96,LNG,29.38,11.8,283.2,24,323.0555,0.51,Rough,FMS_MARITIME,2026-04-06
2021-07-21,96,LNG,24.9,15.1,362.4,24,213.9586,0.8,Calm,FMS_MARITIME,2026-04-06
2021-07-22,96,VLSFO,61.03,14.5,348.0,24,546.1133,0.91,Calm,FMS_MARITIME,2026-04-06
2021-07-23,96,HFO,25.76,17.1,410.4,24,195.4596,0.53,Moderate,FMS_MARITIME,2026-04-06
2021-07-24,96,MGO,70.61,12.7,304.8,24,721.3896,0.79,Calm,FMS_MARITIME,2026-04-06
2021-07-25,96,VLSFO,59.25,10.6,254.4,24,725.2535,0.79,Moderate,FMS_MARITIME,2026-04-06
2021-07-26,96,VLSFO,23.49,16.9,405.6,24,180.3448,0.97,Calm,FMS_MARITIME,2026-04-06
2021-07-27,96,LNG,36.99,12.0,288.0,24,399.9544,0.59,Rough,FMS_MARITIME,2026-04-06
2021-07-28,96,MGO,82.86,13.6,326.4,24,790.521,0.98,Rough,FMS_MARITIME,2026-04-06
2021-07-28,96,LNG,21.06,15.6,374.4,24,175.1625,0.52,Calm,FMS_MARITIME,2026-04-06
2021-07-28,96,HFO,44.47,11.5,276.0,24,501.7376,0.46,Calm,FMS_MARITIME,2026-04-06
2021-07-01,97,VLSFO,66.74,10.3,247.2,24,840.7296,0.88,Calm,FMS_MARITIME,2026-04-06
2021-07-02,97,MGO,66.0,9.4,225.6,24,911.0106,0.71,Rough,FMS_MARITIME,2026-04-06
2021-07-03,97,MGO,43.85,15.2,364.8,24,374.3117,0.48,Rough,FMS_MARITIME,2026-04-06
2021-07-04,97,MGO,26.41,17.9,429.6,24,191.4356,0.58,Rough,FMS_MARITIME,2026-04-06
2021-07-05,97,LNG,20.85,12.7,304.8,24,213.0148,0.57,Rough,FMS_MARITIME,2026-04-06
2021-07-06,97,MGO,26.49,10.7,256.8,24,321.2222,0.51,Calm,FMS_MARITIME,2026-04-06
2021-07-07,97,VLSFO,81.77,13.5,324.0,24,785.9006,0.9,Moderate,FMS_MARITIME,2026-04-06
2021-07-08,97,LNG,50.77,13.9,333.6,24,473.9142,0.46,Rough,FMS_MARITIME,2026-04-06
2021-07-09,97,LSMGO,35.0,14.6,350.4,24,311.0445,0.85,Rough,FMS_MARITIME,2026-04-06
2021-07-10,97,LNG,65.05,17.3,415.2,24,487.875,0.92,Rough,FMS_MARITIME,2026-04-06
2021-07-11,97,MGO,70.45,17.6,422.4,24,519.3686,0.92,Rough,FMS_MARITIME,2026-04-06
2021-07-12,97,LNG,57.58,12.8,307.2,24,583.6723,0.69,Calm,FMS_MARITIME,2026-04-06
2021-07-13,97,MGO,16.69,11.5,276.0,24,188.3067,0.62,Moderate,FMS_MARITIME,2026-04-06
2021-07-14,97,LSMGO,61.69,14.6,350.4,24,548.2382,0.48,Rough,FMS_MARITIME,2026-04-06
2021-07-15,97,LNG,76.15,15.0,360.0,24,658.6975,0.67,Rough,FMS_MARITIME,2026-04-06
2021-07-16,97,LNG,31.44,10.7,256.8,24,381.2467,0.61,Rough,FMS_MARITIME,2026-04-06
2021-07-17,97,MGO,40.29,9.3,223.2,24,562.1105,0.91,Calm,FMS_MARITIME,2026-04-06
2021-07-18,97,VLSFO,28.95,14.8,355.2,24,253.8015,0.48,Calm,FMS_MARITIME,2026-04-06
2021-07-19,97,VLSFO,35.72,11.8,283.2,24,392.7686,0.58,Rough,FMS_MARITIME,2026-04-06
2021-07-20,97,VLSFO,80.0,14.2,340.8,24,730.9859,0.78,Calm,FMS_MARITIME,2026-04-06
2021-07-21,97,LNG,77.35,10.1,242.4,24,993.6795,0.8,Rough,FMS_MARITIME,2026-04-06
2021-07-22,97,LNG,68.74,12.9,309.6,24,691.3965,0.75,Rough,FMS_MARITIME,2026-04-06
2021-07-23,97,VLSFO,16.55,9.4,225.6,24,228.4428,0.89,Moderate,FMS_MARITIME,2026-04-06
2021-07-24,97,LNG,31.46,12.0,288.0,24,340.1612,0.58,Rough,FMS_MARITIME,2026-04-06
2021-07-25,97,MGO,57.79,11.5,276.0,24,652.022,0.58,Moderate,FMS_MARITIME,2026-04-06
2021-07-26,97,MGO,21.48,17.1,410.4,24,162.9842,0.51,Moderate,FMS_MARITIME,2026-04-06
2021-07-27,97,VLSFO,27.48,10.7,256.8,24,333.2271,0.75,Moderate,FMS_MARITIME,2026-04-06
2021-07-28,97,VLSFO,23.26,17.8,427.2,24,169.5497,0.59,Moderate,FMS_MARITIME,2026-04-06
2021-07-28,97,LNG,31.06,9.8,235.2,24,411.2281,0.75,Moderate,FMS_MARITIME,2026-04-06
2021-07-28,97,MGO,75.83,10.2,244.8,24,964.6022,0.83,Moderate,FMS_MARITIME,2026-04-06
2021-07-01,98,MGO,80.16,16.8,403.2,24,619.0929,0.63,Moderate,FMS_MARITIME,2026-04-06
2021-07-02,98,HFO,52.43,13.6,326.4,24,500.2053,0.89,Moderate,FMS_MARITIME,2026-04-06
2021-07-03,98,LSMGO,56.07,10.2,244.8,24,713.2434,0.67,Calm,FMS_MARITIME,2026-04-06
2021-07-04,98,HFO,76.8,9.9,237.6,24,1006.5455,0.98,Calm,FMS_MARITIME,2026-04-06
2021-07-05,98,LSMGO,83.21,12.2,292.8,24,884.9588,0.51,Rough,FMS_MARITIME,2026-04-06
2021-07-06,98,LNG,66.35,9.4,225.6,24,915.8418,0.68,Rough,FMS_MARITIME,2026-04-06
2021-07-07,98,VLSFO,68.23,10.8,259.2,24,819.7076,0.73,Rough,FMS_MARITIME,2026-04-06
2021-07-08,98,HFO,35.27,8.3,199.2,24,551.3593,0.64,Calm,FMS_MARITIME,2026-04-06
2021-07-09,98,LNG,47.91,15.3,367.2,24,406.2956,0.49,Rough,FMS_MARITIME,2026-04-06
2021-07-10,98,HFO,28.17,15.9,381.6,24,229.8778,0.8,Rough,FMS_MARITIME,2026-04-06
2021-07-11,98,VLSFO,56.94,10.0,240.0,24,738.7965,0.79,Calm,FMS_MARITIME,2026-04-06
2021-07-12,98,HFO,56.11,9.5,228.0,24,766.3445,0.92,Moderate,FMS_MARITIME,2026-04-06
2021-07-13,98,MGO,29.32,13.7,328.8,24,277.6839,0.5,Calm,FMS_MARITIME,2026-04-06
2021-07-14,98,LSMGO,28.18,13.6,326.4,24,268.8496,0.69,Rough,FMS_MARITIME,2026-04-06
2021-07-15,98,MGO,67.63,13.8,331.2,24,635.869,0.92,Moderate,FMS_MARITIME,2026-04-06
2021-07-16,98,HFO,48.63,15.2,364.8,24,415.1146,0.8,Moderate,FMS_MARITIME,2026-04-06
2021-07-17,98,MGO,21.77,17.8,427.2,24,158.6886,0.45,Rough,FMS_MARITIME,2026-04-06
2021-07-18,98,HFO,73.64,12.3,295.2,24,776.8122,0.65,Moderate,FMS_MARITIME,2026-04-06
2021-07-19,98,VLSFO,31.26,17.8,427.2,24,227.8643,0.8,Calm,FMS_MARITIME,2026-04-06
2021-07-20,98,LNG,41.32,11.9,285.6,24,450.5269,0.83,Rough,FMS_MARITIME,2026-04-06
2021-07-21,98,LSMGO,68.55,14.5,348.0,24,613.4043,0.78,Calm,FMS_MARITIME,2026-04-06
2021-07-22,98,LSMGO,63.89,13.5,324.0,24,614.0539,0.98,Moderate,FMS_MARITIME,2026-04-06
2021-07-23,98,LSMGO,42.41,9.4,225.6,24,585.3934,0.81,Calm,FMS_MARITIME,2026-04-06
2021-07-24,98,LNG,52.62,13.4,321.6,24,509.5108,0.94,Calm,FMS_MARITIME,2026-04-06
2021-07-25,98,VLSFO,23.98,9.5,228.0,24,327.5163,0.8,Rough,FMS_MARITIME,2026-04-06
2021-07-26,98,MGO,44.79,16.9,405.6,24,343.8759,0.41,Moderate,FMS_MARITIME,2026-04-06
2021-07-27,98,HFO,40.15,9.6,230.4,24,542.6523,0.88,Calm,FMS_MARITIME,2026-04-06
2021-07-28,98,VLSFO,68.14,9.3,223.2,24,950.6629,0.5,Calm,FMS_MARITIME,2026-04-06
2021-07-28,98,LNG,16.34,10.1,242.4,24,209.9124,0.46,Rough,FMS_MARITIME,2026-04-06
2021-07-28,98,MGO,64.76,17.1,410.4,24,491.3807,0.91,Rough,FMS_MARITIME,2026-04-06
2021-07-01,99,LNG,26.2,13.1,314.4,24,259.5,0.99,Calm,FMS_MARITIME,2026-04-06
2021-07-02,99,LNG,57.35,15.8,379.2,24,470.9597,0.55,Moderate,FMS_MARITIME,2026-04-06
2021-07-03,99,LSMGO,20.01,8.6,206.4,24,301.8951,0.76,Moderate,FMS_MARITIME,2026-04-06
2021-07-04,99,MGO,43.22,13.2,316.8,24,424.833,0.5,Rough,FMS_MARITIME,2026-04-06
2021-07-05,99,HFO,80.27,11.3,271.2,24,921.6843,0.76,Moderate,FMS_MARITIME,2026-04-06
2021-07-06,99,VLSFO,30.9,14.1,338.4,24,284.3457,0.68,Rough,FMS_MARITIME,2026-04-06
2021-07-07,99,LNG,37.79,8.3,199.2,24,590.7533,0.72,Rough,FMS_MARITIME,2026-04-06
2021-07-08,99,LNG,28.45,14.2,340.8,24,259.9569,0.51,Rough,FMS_MARITIME,2026-04-06
2021-07-09,99,MGO,50.68,9.3,223.2,24,707.0677,0.64,Rough,FMS_MARITIME,2026-04-06
2021-07-10,99,HFO,53.88,14.5,348.0,24,482.1331,0.57,Moderate,FMS_MARITIME,2026-04-06
2021-07-11,99,MGO,70.0,8.4,201.6,24,1081.25,0.67,Rough,FMS_MARITIME,2026-04-06
2021-07-12,99,LNG,26.75,16.9,405.6,24,205.3735,0.97,Moderate,FMS_MARITIME,2026-04-06
2021-07-13,99,LSMGO,21.39,15.2,364.8,24,182.589,0.86,Calm,FMS_MARITIME,2026-04-06
2021-07-14,99,VLSFO,26.74,8.1,194.4,24,428.3352,0.7,Moderate,FMS_MARITIME,2026-04-06
2021-07-15,99,HFO,51.07,13.3,319.2,24,498.2205,0.51,Calm,FMS_MARITIME,2026-04-06
2021-07-16,99,HFO,57.93,11.9,285.6,24,631.6317,0.79,Calm,FMS_MARITIME,2026-04-06
2021-07-17,99,HFO,24.61,12.6,302.4,24,253.4244,0.98,Calm,FMS_MARITIME,2026-04-06
2021-07-18,99,LSMGO,36.72,8.0,192.0,24,595.5525,0.62,Calm,FMS_MARITIME,2026-04-06
2021-07-19,99,LNG,55.09,10.4,249.6,24,687.3007,0.93,Moderate,FMS_MARITIME,2026-04-06
2021-07-20,99,LNG,81.1,13.9,333.6,24,757.0306,1.0,Calm,FMS_MARITIME,2026-04-06
2021-07-21,99,MGO,82.11,13.4,321.6,24,795.0576,1.0,Calm,FMS_MARITIME,2026-04-06
2021-07-22,99,VLSFO,37.81,8.3,199.2,24,591.066,0.58,Moderate,FMS_MARITIME,2026-04-06
2021-07-23,99,LNG,32.81,12.5,300.0,24,340.5678,0.75,Rough,FMS_MARITIME,2026-04-06
2021-07-24,99,VLSFO,24.2,12.2,292.8,24,257.373,0.45,Rough,FMS_MARITIME,2026-04-06
2021-07-25,99,VLSFO,20.93,16.1,386.4,24,168.675,0.91,Calm,FMS_MARITIME,2026-04-06
2021-07-26,99,HFO,21.63,15.8,379.2,24,177.6261,0.49,Moderate,FMS_MARITIME,2026-04-06
2021-07-27,99,MGO,42.28,8.5,204.0,24,645.3918,0.42,Moderate,FMS_MARITIME,2026-04-06
2021-07-28,99,MGO,57.33,9.8,235.2,24,759.0375,0.91,Calm,FMS_MARITIME,2026-04-06
2021-07-28,99,VLSFO,35.44,11.7,280.8,24,393.0205,0.61,Calm,FMS_MARITIME,2026-04-06
2021-07-28,99,MGO,53.97,8.5,204.0,24,823.8362,0.54,Moderate,FMS_MARITIME,2026-04-06
2021-07-01,100,LSMGO,52.58,17.8,427.2,24,383.2728,0.85,Calm,FMS_MARITIME,2026-04-06
2021-07-02,100,HFO,20.14,12.4,297.6,24,210.7391,0.9,Moderate,FMS_MARITIME,2026-04-06
2021-07-03,100,MGO,40.92,15.7,376.8,24,338.1764,0.65,Moderate,FMS_MARITIME,2026-04-06
2021-07-04,100,VLSFO,84.43,10.5,252.0,24,1043.3136,0.67,Rough,FMS_MARITIME,2026-04-06
2021-07-05,100,VLSFO,74.0,9.5,228.0,24,1010.6842,0.78,Calm,FMS_MARITIME,2026-04-06
2021-07-06,100,LSMGO,43.55,10.1,242.4,24,559.4666,0.47,Moderate,FMS_MARITIME,2026-04-06
2021-07-07,100,HFO,63.18,12.0,288.0,24,683.1337,0.89,Calm,FMS_MARITIME,2026-04-06
2021-07-08,100,VLSFO,55.98,16.6,398.4,24,437.5545,0.4,Calm,FMS_MARITIME,2026-04-06
2021-07-09,100,MGO,59.97,9.6,230.4,24,810.532,0.65,Rough,FMS_MARITIME,2026-04-06
2021-07-10,100,LNG,40.54,8.5,204.0,24,618.8312,0.84,Rough,FMS_MARITIME,2026-04-06
2021-07-11,100,MGO,52.02,16.1,386.4,24,419.2295,0.76,Calm,FMS_MARITIME,2026-04-06
2021-07-12,100,VLSFO,53.81,15.4,369.6,24,453.3667,0.75,Rough,FMS_MARITIME,2026-04-06
2021-07-13,100,HFO,31.58,11.9,285.6,24,344.3282,0.85,Rough,FMS_MARITIME,2026-04-06
2021-07-14,100,VLSFO,36.91,10.5,252.0,24,456.1021,0.62,Moderate,FMS_MARITIME,2026-04-06
2021-07-15,100,LNG,53.26,9.4,225.6,24,735.158,0.98,Moderate,FMS_MARITIME,2026-04-06
2021-07-16,100,LSMGO,17.7,12.4,297.6,24,185.2077,0.42,Rough,FMS_MARITIME,2026-04-06
2021-07-17,100,VLSFO,18.02,16.2,388.8,24,144.3269,0.96,Moderate,FMS_MARITIME,2026-04-06
2021-07-18,100,HFO,66.63,9.7,232.8,24,891.2621,0.4,Rough,FMS_MARITIME,2026-04-06
2021-07-19,100,LSMGO,70.19,11.8,283.2,24,771.7926,0.47,Moderate,FMS_MARITIME,2026-04-06
2021-07-20,100,MGO,77.56,15.9,381.6,24,632.9189,0.75,Rough,FMS_MARITIME,2026-04-06
2021-07-21,100,LSMGO,49.62,8.5,204.0,24,757.4347,0.51,Calm,FMS_MARITIME,2026-04-06
2021-07-22,100,HFO,77.77,12.1,290.4,24,833.9386,0.98,Rough,FMS_MARITIME,2026-04-06
2021-07-23,100,LNG,58.59,15.5,372.0,24,490.455,0.64,Moderate,FMS_MARITIME,2026-04-06
2021-07-24,100,LSMGO,63.92,9.7,232.8,24,855.0124,0.44,Calm,FMS_MARITIME,2026-04-06
2021-07-25,100,LNG,50.0,15.7,376.8,24,413.2166,0.49,Rough,FMS_MARITIME,2026-04-06
2021-07-26,100,LSMGO,64.4,13.8,331.2,24,605.5,0.77,Rough,FMS_MARITIME,2026-04-06
2021-07-27,100,VLSFO,47.15,16.4,393.6,24,373.0312,0.73,Rough,FMS_MARITIME,2026-04-06
2021-07-28,100,MGO,47.85,17.5,420.0,24,354.7736,0.52,Rough,FMS_MARITIME,2026-04-06
2021-07-28,100,MGO,38.22,17.5,420.0,24,283.374,0.74,Calm,FMS_MARITIME,2026-04-06
2021-07-28,100,VLSFO,41.02,17.4,417.6,24,305.8819,0.84,Moderate,FMS_MARITIME,2026-04-06
2021-07-01,101,LNG,48.32,16.2,388.8,24,387.0074,0.43,Rough,FMS_MARITIME,2026-04-06
2021-07-02,101,LSMGO,25.14,12.1,290.4,24,269.5798,0.84,Moderate,FMS_MARITIME,2026-04-06
2021-07-03,101,LSMGO,76.18,16.7,400.8,24,591.8775,0.96,Calm,FMS_MARITIME,2026-04-06
2021-07-04,101,HFO,59.52,17.8,427.2,24,433.8607,0.97,Rough,FMS_MARITIME,2026-04-06
2021-07-05,101,LNG,40.75,9.2,220.8,24,574.7079,0.73,Moderate,FMS_MARITIME,2026-04-06
2021-07-06,101,LNG,76.88,8.9,213.6,24,1120.8067,0.55,Rough,FMS_MARITIME,2026-04-06
2021-07-07,101,LNG,52.03,17.5,420.0,24,385.7653,0.44,Calm,FMS_MARITIME,2026-04-06
2021-07-08,101,HFO,54.3,9.2,220.8,24,765.8071,0.99,Rough,FMS_MARITIME,2026-04-06
2021-07-09,101,LNG,33.74,14.4,345.6,24,304.0115,0.77,Moderate,FMS_MARITIME,2026-04-06
2021-07-10,101,HFO,27.54,8.1,194.4,24,441.15,0.82,Moderate,FMS_MARITIME,2026-04-06
2021-07-11,101,VLSFO,31.14,12.3,295.2,24,328.489,0.84,Rough,FMS_MARITIME,2026-04-06
2021-07-12,101,HFO,63.99,10.3,247.2,24,806.0876,0.68,Moderate,FMS_MARITIME,2026-04-06
2021-07-13,101,LNG,82.85,8.2,196.8,24,1310.9497,0.56,Calm,FMS_MARITIME,2026-04-06
2021-07-14,101,LSMGO,59.91,10.2,244.8,24,762.0904,0.52,Calm,FMS_MARITIME,2026-04-06
2021-07-15,101,LNG,64.1,8.5,204.0,24,978.4676,0.66,Moderate,FMS_MARITIME,2026-04-06
2021-07-16,101,HFO,51.31,13.3,319.2,24,500.5618,0.54,Moderate,FMS_MARITIME,2026-04-06
2021-07-17,101,LNG,50.49,9.7,232.8,24,675.3688,0.85,Rough,FMS_MARITIME,2026-04-06
2021-07-18,101,VLSFO,25.08,10.6,254.4,24,306.9934,0.81,Calm,FMS_MARITIME,2026-04-06
2021-07-19,101,VLSFO,82.69,11.4,273.6,24,941.1428,0.64,Rough,FMS_MARITIME,2026-04-06
2021-07-20,101,VLSFO,77.78,14.8,355.2,24,681.8889,0.57,Rough,FMS_MARITIME,2026-04-06
2021-07-21,101,HFO,37.47,13.5,324.0,24,360.1283,0.68,Rough,FMS_MARITIME,2026-04-06
2021-07-22,101,VLSFO,21.31,9.2,220.8,24,300.5405,0.82,Moderate,FMS_MARITIME,2026-04-06
2021-07-23,101,MGO,82.88,11.2,268.8,24,960.15,0.71,Calm,FMS_MARITIME,2026-04-06
2021-07-24,101,LNG,82.85,13.9,333.6,24,773.366,0.67,Rough,FMS_MARITIME,2026-04-06
2021-07-25,101,HFO,36.55,14.9,357.6,24,318.2794,0.72,Calm,FMS_MARITIME,2026-04-06
2021-07-26,101,LSMGO,77.22,17.9,429.6,24,559.7372,0.63,Calm,FMS_MARITIME,2026-04-06
2021-07-27,101,HFO,55.6,13.8,331.2,24,522.7609,0.63,Moderate,FMS_MARITIME,2026-04-06
2021-07-28,101,VLSFO,55.62,8.7,208.8,24,829.5052,0.94,Calm,FMS_MARITIME,2026-04-06
2021-07-28,101,MGO,65.04,8.2,196.8,24,1029.139,0.91,Moderate,FMS_MARITIME,2026-04-06
2021-07-28,101,HFO,71.51,9.7,232.8,24,956.5384,0.92,Calm,FMS_MARITIME,2026-04-06
2021-07-01,102,MGO,25.99,16.1,386.4,24,209.4536,0.55,Calm,FMS_MARITIME,2026-04-06
2021-07-02,102,LNG,57.69,13.2,316.8,24,567.0665,0.67,Rough,FMS_MARITIME,2026-04-06
2021-07-03,102,HFO,74.83,14.8,355.2,24,656.0265,0.6,Moderate,FMS_MARITIME,2026-04-06
2021-07-04,102,HFO,48.14,17.4,417.6,24,358.975,0.49,Rough,FMS_MARITIME,2026-04-06
2021-07-05,102,LNG,24.42,9.5,228.0,24,333.5258,0.49,Rough,FMS_MARITIME,2026-04-06
2021-07-06,102,LSMGO,45.43,13.1,314.4,24,449.9651,0.69,Rough,FMS_MARITIME,2026-04-06
2021-07-07,102,LNG,18.31,8.5,204.0,24,279.4968,0.48,Calm,FMS_MARITIME,2026-04-06
2021-07-08,102,LNG,77.12,11.1,266.4,24,901.4703,0.54,Rough,FMS_MARITIME,2026-04-06
2021-07-09,102,LNG,50.83,12.1,290.4,24,545.0572,0.5,Moderate,FMS_MARITIME,2026-04-06
2021-07-10,102,HFO,28.53,9.9,237.6,24,373.9159,0.45,Calm,FMS_MARITIME,2026-04-06
2021-07-11,102,LNG,24.46,15.9,381.6,24,199.6028,0.7,Calm,FMS_MARITIME,2026-04-06
2021-07-12,102,HFO,72.17,9.3,223.2,24,1006.8879,0.59,Moderate,FMS_MARITIME,2026-04-06
2021-07-13,102,LNG,20.03,13.4,321.6,24,193.9472,0.94,Moderate,FMS_MARITIME,2026-04-06
2021-07-14,102,LSMGO,31.95,15.9,381.6,24,260.7241,0.87,Rough,FMS_MARITIME,2026-04-06
2021-07-15,102,HFO,69.81,15.8,379.2,24,573.2815,0.97,Moderate,FMS_MARITIME,2026-04-06
2021-07-16,102,LSMGO,27.06,8.6,206.4,24,408.2599,0.46,Rough,FMS_MARITIME,2026-04-06
2021-07-17,102,HFO,76.94,12.9,309.6,24,773.8733,0.94,Calm,FMS_MARITIME,2026-04-06
2021-07-18,102,HFO,20.51,10.3,247.2,24,258.3663,0.8,Rough,FMS_MARITIME,2026-04-06
2021-07-19,102,MGO,29.77,16.4,393.6,24,235.5279,0.94,Calm,FMS_MARITIME,2026-04-06
2021-07-20,102,LNG,38.3,17.6,422.4,24,282.3537,0.7,Calm,FMS_MARITIME,2026-04-06
2021-07-21,102,HFO,28.01,12.3,295.2,24,295.4713,0.86,Calm,FMS_MARITIME,2026-04-06
2021-07-22,102,MGO,25.9,8.9,213.6,24,377.5871,0.85,Moderate,FMS_MARITIME,2026-04-06
2021-07-23,102,MGO,40.41,10.3,247.2,24,509.0483,0.69,Moderate,FMS_MARITIME,2026-04-06
2021-07-24,102,LNG,82.94,17.5,420.0,24,614.9409,0.57,Moderate,FMS_MARITIME,2026-04-06
2021-07-25,102,LSMGO,42.74,8.7,208.8,24,637.4155,0.43,Calm,FMS_MARITIME,2026-04-06
2021-07-26,102,VLSFO,17.1,15.6,374.4,24,142.226,0.58,Calm,FMS_MARITIME,2026-04-06
2021-07-27,102,VLSFO,27.32,11.1,266.4,24,319.3486,0.52,Rough,FMS_MARITIME,2026-04-06
2021-07-28,102,LNG,48.45,11.1,266.4,24,566.3412,0.87,Rough,FMS_MARITIME,2026-04-06
2021-07-28,102,HFO,32.82,13.8,331.2,24,308.5793,0.98,Rough,FMS_MARITIME,2026-04-06
2021-07-28,102,HFO,45.4,8.2,196.8,24,718.372,0.77,Rough,FMS_MARITIME,2026-04-06
2021-07-01,103,VLSFO,76.22,12.7,304.8,24,778.7043,0.57,Moderate,FMS_MARITIME,2026-04-06
2021-07-02,103,MGO,57.77,16.7,400.8,24,448.8418,0.52,Rough,FMS_MARITIME,2026-04-06
2021-07-03,103,MGO,25.13,17.7,424.8,24,184.2157,0.55,Calm,FMS_MARITIME,2026-04-06
2021-07-04,103,LSMGO,43.5,14.8,355.2,24,381.3598,0.51,Rough,FMS_MARITIME,2026-04-06
2021-07-05,103,HFO,82.89,15.1,362.4,24,712.2502,1.0,Calm,FMS_MARITIME,2026-04-06
2021-07-06,103,LNG,75.76,14.8,355.2,24,664.1797,0.53,Moderate,FMS_MARITIME,2026-04-06
2021-07-07,103,MGO,40.61,15.4,369.6,24,342.1524,0.99,Moderate,FMS_MARITIME,2026-04-06
2021-07-08,103,HFO,32.65,11.8,283.2,24,359.0117,0.74,Moderate,FMS_MARITIME,2026-04-06
2021-07-09,103,HFO,59.23,9.9,237.6,24,776.272,0.56,Calm,FMS_MARITIME,2026-04-06
2021-07-10,103,LNG,79.16,13.5,324.0,24,760.8156,0.42,Rough,FMS_MARITIME,2026-04-06
2021-07-11,103,VLSFO,38.33,13.7,328.8,24,363.0159,0.98,Calm,FMS_MARITIME,2026-04-06
2021-07-12,103,LNG,68.27,12.3,295.2,24,720.1652,0.62,Rough,FMS_MARITIME,2026-04-06
2021-07-13,103,LNG,61.43,8.1,194.4,24,984.0176,0.53,Rough,FMS_MARITIME,2026-04-06
2021-07-14,103,VLSFO,67.8,16.2,388.8,24,543.0278,0.45,Moderate,FMS_MARITIME,2026-04-06
2021-07-15,103,MGO,33.41,9.7,232.8,24,446.9018,0.97,Moderate,FMS_MARITIME,2026-04-06
2021-07-16,103,VLSFO,61.4,10.1,242.4,24,788.7772,0.41,Rough,FMS_MARITIME,2026-04-06
2021-07-17,103,LNG,43.75,11.9,285.6,24,477.0221,0.5,Moderate,FMS_MARITIME,2026-04-06
2021-07-18,103,VLSFO,21.36,17.1,410.4,24,162.0737,0.88,Calm,FMS_MARITIME,2026-04-06
2021-07-19,103,VLSFO,79.35,8.8,211.2,24,1169.9616,0.91,Calm,FMS_MARITIME,2026-04-06
2021-07-20,103,HFO,52.12,8.4,201.6,24,805.0679,0.54,Moderate,FMS_MARITIME,2026-04-06
2021-07-21,103,LNG,35.99,9.0,216.0,24,518.8558,0.99,Calm,FMS_MARITIME,2026-04-06
2021-07-22,103,LSMGO,75.89,14.7,352.8,24,669.8454,0.91,Calm,FMS_MARITIME,2026-04-06
2021-07-23,103,MGO,38.12,13.4,321.6,24,369.1097,0.97,Calm,FMS_MARITIME,2026-04-06
2021-07-24,103,LSMGO,79.59,12.7,304.8,24,813.1341,0.46,Moderate,FMS_MARITIME,2026-04-06
2021-07-25,103,VLSFO,80.64,11.4,273.6,24,917.8105,0.49,Calm,FMS_MARITIME,2026-04-06
2021-07-26,103,LSMGO,64.45,15.1,362.4,24,553.8005,0.69,Moderate,FMS_MARITIME,2026-04-06
2021-07-27,103,MGO,69.76,17.3,415.2,24,523.2,0.43,Moderate,FMS_MARITIME,2026-04-06
2021-07-28,103,VLSFO,74.32,10.2,244.8,24,945.3941,0.46,Calm,FMS_MARITIME,2026-04-06
2021-07-28,103,VLSFO,75.56,10.8,259.2,24,907.7694,0.99,Moderate,FMS_MARITIME,2026-04-06
2021-07-28,103,HFO,44.27,11.6,278.4,24,495.1752,0.48,Moderate,FMS_MARITIME,2026-04-06
2021-07-01,104,LSMGO,51.91,16.3,391.2,24,413.21,0.56,Rough,FMS_MARITIME,2026-04-06
2021-07-02,104,MGO,69.02,11.8,283.2,24,758.9275,0.43,Rough,FMS_MARITIME,2026-04-06
2021-07-03,104,LNG,73.49,16.5,396.0,24,577.8986,0.57,Moderate,FMS_MARITIME,2026-04-06
2021-07-04,104,LNG,29.11,8.2,196.8,24,460.6125,0.94,Moderate,FMS_MARITIME,2026-04-06
2021-07-05,104,HFO,47.22,10.0,240.0,24,612.6795,0.8,Moderate,FMS_MARITIME,2026-04-06
2021-07-06,104,LSMGO,73.16,10.4,249.6,24,912.7413,0.81,Rough,FMS_MARITIME,2026-04-06
2021-07-07,104,MGO,30.95,17.2,412.8,24,233.4746,0.4,Moderate,FMS_MARITIME,2026-04-06
2021-07-08,104,HFO,47.63,16.7,400.8,24,370.0594,0.64,Rough,FMS_MARITIME,2026-04-06
2021-07-09,104,VLSFO,28.48,10.0,240.0,24,369.528,0.96,Calm,FMS_MARITIME,2026-04-06
2021-07-10,104,LNG,53.22,8.6,206.4,24,802.9413,0.83,Moderate,FMS_MARITIME,2026-04-06
2021-07-11,104,VLSFO,80.56,15.3,367.2,24,683.1804,0.5,Calm,FMS_MARITIME,2026-04-06
2021-07-12,104,LNG,40.39,9.7,232.8,24,540.2683,0.62,Rough,FMS_MARITIME,2026-04-06
2021-07-13,104,LSMGO,47.63,11.8,283.2,24,523.7282,0.52,Rough,FMS_MARITIME,2026-04-06
2021-07-14,104,MGO,57.0,13.5,324.0,24,547.8333,0.44,Moderate,FMS_MARITIME,2026-04-06
2021-07-15,104,LSMGO,82.63,9.3,223.2,24,1152.8218,0.55,Calm,FMS_MARITIME,2026-04-06
2021-07-16,104,LSMGO,66.28,10.8,259.2,24,796.2806,0.52,Rough,FMS_MARITIME,2026-04-06
2021-07-17,104,LSMGO,82.76,13.9,333.6,24,772.5259,0.91,Calm,FMS_MARITIME,2026-04-06
2021-07-18,104,LNG,50.96,15.2,364.8,24,435.0039,0.58,Rough,FMS_MARITIME,2026-04-06
2021-07-19,104,VLSFO,18.06,16.6,398.4,24,141.1617,0.89,Calm,FMS_MARITIME,2026-04-06
2021-07-20,104,MGO,50.19,9.8,235.2,24,664.5054,0.87,Moderate,FMS_MARITIME,2026-04-06
2021-07-21,104,VLSFO,76.39,9.4,225.6,24,1054.4258,0.98,Calm,FMS_MARITIME,2026-04-06
2021-07-22,104,MGO,31.8,8.4,201.6,24,491.1964,0.46,Rough,FMS_MARITIME,2026-04-06
2021-07-23,104,MGO,20.82,10.9,261.6,24,247.8344,0.47,Moderate,FMS_MARITIME,2026-04-06
2021-07-24,104,VLSFO,26.33,12.3,295.2,24,277.7494,0.56,Rough,FMS_MARITIME,2026-04-06
2021-07-25,104,VLSFO,82.6,10.7,256.8,24,1001.6215,0.48,Moderate,FMS_MARITIME,2026-04-06
2021-07-26,104,LSMGO,41.1,16.1,386.4,24,331.2252,0.8,Moderate,FMS_MARITIME,2026-04-06
2021-07-27,104,HFO,28.32,11.8,283.2,24,311.4,0.75,Rough,FMS_MARITIME,2026-04-06
2021-07-28,104,HFO,38.01,10.9,261.6,24,452.4585,0.56,Rough,FMS_MARITIME,2026-04-06
2021-07-28,104,HFO,50.96,8.8,211.2,24,751.3705,0.71,Rough,FMS_MARITIME,2026-04-06
2021-07-28,104,LNG,24.25,16.2,388.8,24,194.2245,0.73,Moderate,FMS_MARITIME,2026-04-06
2021-07-01,105,HFO,36.49,14.9,357.6,24,317.7569,0.98,Moderate,FMS_MARITIME,2026-04-06
2021-07-02,105,LSMGO,20.75,17.6,422.4,24,152.9723,0.7,Calm,FMS_MARITIME,2026-04-06
2021-07-03,105,MGO,63.85,14.5,348.0,24,571.3474,1.0,Calm,FMS_MARITIME,2026-04-06
2021-07-04,105,LSMGO,56.65,15.1,362.4,24,486.7773,0.63,Moderate,FMS_MARITIME,2026-04-06
2021-07-05,105,LNG,72.1,10.0,240.0,24,935.4975,0.59,Rough,FMS_MARITIME,2026-04-06
2021-07-06,105,MGO,74.11,8.6,206.4,24,1118.1131,0.54,Calm,FMS_MARITIME,2026-04-06
2021-07-07,105,VLSFO,64.87,10.5,252.0,24,801.6079,0.72,Calm,FMS_MARITIME,2026-04-06
2021-07-08,105,LNG,18.64,16.9,405.6,24,143.1089,0.99,Calm,FMS_MARITIME,2026-04-06
2021-07-09,105,LNG,40.21,18.0,432.0,24,289.8471,0.65,Calm,FMS_MARITIME,2026-04-06
2021-07-10,105,LNG,33.44,9.3,223.2,24,466.5419,0.84,Rough,FMS_MARITIME,2026-04-06
2021-07-11,105,MGO,81.74,8.1,194.4,24,1309.3537,0.5,Calm,FMS_MARITIME,2026-04-06
2021-07-12,105,MGO,51.67,14.1,338.4,24,475.4739,0.83,Moderate,FMS_MARITIME,2026-04-06
2021-07-13,105,LNG,32.27,14.4,345.6,24,290.7661,0.56,Rough,FMS_MARITIME,2026-04-06
2021-07-14,105,VLSFO,35.12,11.3,271.2,24,403.2584,0.5,Moderate,FMS_MARITIME,2026-04-06
2021-07-15,105,VLSFO,54.57,10.0,240.0,24,708.0457,0.65,Moderate,FMS_MARITIME,2026-04-06
2021-07-16,105,LNG,39.32,17.8,427.2,24,286.6163,0.62,Rough,FMS_MARITIME,2026-04-06
2021-07-17,105,LNG,57.46,17.8,427.2,24,418.8447,0.41,Moderate,FMS_MARITIME,2026-04-06
2021-07-18,105,LNG,59.59,12.9,309.6,24,599.3645,0.44,Calm,FMS_MARITIME,2026-04-06
2021-07-19,105,MGO,40.69,12.9,309.6,24,409.2657,0.97,Rough,FMS_MARITIME,2026-04-06
2021-07-20,105,LSMGO,74.3,10.9,261.6,24,884.4427,0.73,Moderate,FMS_MARITIME,2026-04-06
2021-07-21,105,HFO,54.19,11.0,264.0,24,639.1957,0.45,Calm,FMS_MARITIME,2026-04-06
2021-07-22,105,VLSFO,73.02,11.9,285.6,24,796.1634,0.61,Calm,FMS_MARITIME,2026-04-06
2021-07-23,105,MGO,51.5,13.5,324.0,24,494.9722,0.57,Calm,FMS_MARITIME,2026-04-06
2021-07-24,105,VLSFO,34.93,12.7,304.8,24,356.8636,0.93,Rough,FMS_MARITIME,2026-04-06
2021-07-25,105,LNG,77.01,10.9,261.6,24,916.7016,0.51,Moderate,FMS_MARITIME,2026-04-06
2021-07-26,105,VLSFO,37.51,14.2,340.8,24,342.741,0.66,Calm,FMS_MARITIME,2026-04-06
2021-07-27,105,VLSFO,60.22,9.6,230.4,24,813.9109,0.72,Calm,FMS_MARITIME,2026-04-06
2021-07-28,105,HFO,79.38,16.5,396.0,24,624.2155,0.64,Calm,FMS_MARITIME,2026-04-06
2021-07-28,105,HFO,30.15,17.6,422.4,24,222.2706,0.78,Rough,FMS_MARITIME,2026-04-06
2021-07-28,105,MGO,81.56,8.4,201.6,24,1259.8107,0.53,Rough,FMS_MARITIME,2026-04-06
2021-07-01,106,HFO,48.58,11.6,278.4,24,543.3841,0.57,Rough,FMS_MARITIME,2026-04-06
2021-07-02,106,MGO,84.07,16.0,384.0,24,681.7552,0.82,Calm,FMS_MARITIME,2026-04-06
2021-07-03,106,LSMGO,20.82,11.5,276.0,24,234.9039,0.73,Calm,FMS_MARITIME,2026-04-06
2021-07-04,106,LNG,56.15,14.1,338.4,24,516.6995,0.6,Moderate,FMS_MARITIME,2026-04-06
2021-07-05,106,LSMGO,69.02,16.9,405.6,24,529.9021,0.64,Calm,FMS_MARITIME,2026-04-06
2021-07-06,106,HFO,31.4,16.6,398.4,24,245.4307,0.77,Calm,FMS_MARITIME,2026-04-06
2021-07-07,106,LNG,25.39,13.5,324.0,24,244.0261,0.81,Rough,FMS_MARITIME,2026-04-06
2021-07-08,106,HFO,70.04,8.8,211.2,24,1032.692,0.73,Rough,FMS_MARITIME,2026-04-06
2021-07-09,106,LSMGO,52.49,8.8,211.2,24,773.9293,0.6,Calm,FMS_MARITIME,2026-04-06
2021-07-10,106,VLSFO,44.54,15.7,376.8,24,368.0933,0.7,Calm,FMS_MARITIME,2026-04-06
2021-07-11,106,LNG,44.93,17.6,422.4,24,331.2311,0.48,Calm,FMS_MARITIME,2026-04-06
2021-07-12,106,HFO,45.2,15.3,367.2,24,383.3137,0.86,Calm,FMS_MARITIME,2026-04-06
2021-07-13,106,LNG,24.5,8.6,206.4,24,369.6366,0.92,Calm,FMS_MARITIME,2026-04-06
2021-07-14,106,HFO,55.57,8.2,196.8,24,879.2936,0.47,Rough,FMS_MARITIME,2026-04-06
2021-07-15,106,LNG,42.58,16.4,393.6,24,336.8753,0.86,Calm,FMS_MARITIME,2026-04-06
2021-07-16,106,LSMGO,83.99,17.0,408.0,24,641.0413,0.54,Moderate,FMS_MARITIME,2026-04-06
2021-07-17,106,LNG,32.4,16.2,388.8,24,259.5,0.47,Moderate,FMS_MARITIME,2026-04-06
2021-07-18,106,VLSFO,40.1,17.3,415.2,24,300.75,0.62,Rough,FMS_MARITIME,2026-04-06
2021-07-19,106,HFO,21.9,11.2,268.8,24,253.7076,0.64,Moderate,FMS_MARITIME,2026-04-06
2021-07-20,106,LSMGO,67.71,13.8,331.2,24,636.6212,0.42,Moderate,FMS_MARITIME,2026-04-06
2021-07-21,106,MGO,25.08,8.8,211.2,24,369.7875,0.64,Calm,FMS_MARITIME,2026-04-06
2021-07-22,106,MGO,29.97,10.7,256.8,24,363.4213,0.93,Rough,FMS_MARITIME,2026-04-06
2021-07-23,106,VLSFO,54.95,13.8,331.2,24,516.6495,0.97,Calm,FMS_MARITIME,2026-04-06
2021-07-24,106,HFO,67.48,11.1,266.4,24,788.7865,0.81,Rough,FMS_MARITIME,2026-04-06
2021-07-25,106,VLSFO,82.74,17.3,415.2,24,620.55,0.54,Calm,FMS_MARITIME,2026-04-06
2021-07-26,106,HFO,36.93,8.8,211.2,24,544.5077,0.56,Rough,FMS_MARITIME,2026-04-06
2021-07-27,106,MGO,62.49,11.8,283.2,24,687.1252,0.55,Rough,FMS_MARITIME,2026-04-06
2021-07-28,106,MGO,42.5,12.6,302.4,24,437.6488,0.58,Moderate,FMS_MARITIME,2026-04-06
2021-07-28,106,LSMGO,23.11,18.0,432.0,24,166.5846,0.43,Calm,FMS_MARITIME,2026-04-06
2021-07-28,106,LNG,49.6,13.2,316.8,24,487.5455,0.73,Rough,FMS_MARITIME,2026-04-06
2021-07-01,107,HFO,66.39,11.7,280.8,24,736.2481,0.61,Rough,FMS_MARITIME,2026-04-06
2021-07-02,107,HFO,52.83,14.3,343.2,24,479.3491,0.83,Calm,FMS_MARITIME,2026-04-06
2021-07-03,107,LSMGO,17.08,16.0,384.0,24,138.5081,0.49,Rough,FMS_MARITIME,2026-04-06
2021-07-04,107,MGO,51.09,13.2,316.8,24,502.1915,0.74,Rough,FMS_MARITIME,2026-04-06
2021-07-05,107,MGO,26.54,10.6,254.4,24,324.8646,0.69,Rough,FMS_MARITIME,2026-04-06
2021-07-06,107,HFO,68.73,11.0,264.0,24,810.7016,0.74,Rough,FMS_MARITIME,2026-04-06
2021-07-07,107,HFO,82.47,12.0,288.0,24,891.7069,0.48,Calm,FMS_MARITIME,2026-04-06
2021-07-08,107,LNG,71.53,13.4,321.6,24,692.6132,0.6,Calm,FMS_MARITIME,2026-04-06
2021-07-09,107,HFO,40.99,17.6,422.4,24,302.1848,0.82,Calm,FMS_MARITIME,2026-04-06
2021-07-10,107,MGO,25.88,12.4,297.6,24,270.8008,0.49,Calm,FMS_MARITIME,2026-04-06
2021-07-11,107,MGO,64.57,15.4,369.6,24,544.0232,0.56,Calm,FMS_MARITIME,2026-04-06
2021-07-12,107,LNG,82.35,16.6,398.4,24,643.6694,0.96,Calm,FMS_MARITIME,2026-04-06
2021-07-13,107,LSMGO,77.02,10.4,249.6,24,960.8986,0.92,Moderate,FMS_MARITIME,2026-04-06
2021-07-14,107,MGO,19.89,12.7,304.8,24,203.2069,0.93,Calm,FMS_MARITIME,2026-04-06
2021-07-15,107,LNG,25.43,8.7,208.8,24,379.2578,0.65,Moderate,FMS_MARITIME,2026-04-06
2021-07-16,107,HFO,32.0,10.8,259.2,24,384.4444,0.42,Moderate,FMS_MARITIME,2026-04-06
2021-07-17,107,LSMGO,17.09,12.3,295.2,24,180.2787,0.99,Moderate,FMS_MARITIME,2026-04-06
2021-07-18,107,HFO,58.57,15.5,372.0,24,490.2876,0.52,Rough,FMS_MARITIME,2026-04-06
2021-07-19,107,MGO,78.81,14.8,355.2,24,690.9188,0.57,Moderate,FMS_MARITIME,2026-04-06
2021-07-20,107,MGO,54.88,17.9,429.6,24,397.8034,0.83,Calm,FMS_MARITIME,2026-04-06
2021-07-21,107,LNG,19.76,12.4,297.6,24,206.7629,0.45,Moderate,FMS_MARITIME,2026-04-06
2021-07-22,107,LNG,36.84,15.3,367.2,24,312.4176,0.4,Moderate,FMS_MARITIME,2026-04-06
2021-07-23,107,LSMGO,73.71,15.4,369.6,24,621.0307,0.76,Rough,FMS_MARITIME,2026-04-06
2021-07-24,107,LSMGO,52.31,17.5,420.0,24,387.8413,0.92,Rough,FMS_MARITIME,2026-04-06
2021-07-25,107,LSMGO,84.92,17.0,408.0,24,648.1394,0.82,Calm,FMS_MARITIME,2026-04-06
2021-07-26,107,LSMGO,60.14,11.2,268.8,24,696.7112,0.94,Moderate,FMS_MARITIME,2026-04-06
2021-07-27,107,VLSFO,21.28,12.0,288.0,24,230.09,0.41,Calm,FMS_MARITIME,2026-04-06
2021-07-28,107,HFO,25.18,11.8,283.2,24,276.8733,0.81,Rough,FMS_MARITIME,2026-04-06
2021-07-28,107,HFO,16.93,13.3,319.2,24,165.163,0.73,Moderate,FMS_MARITIME,2026-04-06
2021-07-28,107,HFO,55.6,13.4,321.6,24,538.3657,0.51,Moderate,FMS_MARITIME,2026-04-06
2021-07-01,108,HFO,16.61,13.5,324.0,24,159.6406,0.78,Moderate,FMS_MARITIME,2026-04-06
2021-07-02,108,VLSFO,48.26,12.9,309.6,24,485.4058,0.61,Calm,FMS_MARITIME,2026-04-06
2021-07-03,108,VLSFO,57.02,8.6,206.4,24,860.2727,0.44,Rough,FMS_MARITIME,2026-04-06
2021-07-04,108,MGO,74.82,8.5,204.0,24,1142.1053,0.61,Rough,FMS_MARITIME,2026-04-06
2021-07-05,108,LNG,78.38,10.8,259.2,24,941.6486,0.92,Calm,FMS_MARITIME,2026-04-06
2021-07-06,108,HFO,80.37,17.3,415.2,24,602.775,0.63,Moderate,FMS_MARITIME,2026-04-06
2021-07-07,108,HFO,63.96,11.6,278.4,24,715.4147,0.86,Moderate,FMS_MARITIME,2026-04-06
2021-07-08,108,LNG,40.58,16.7,400.8,24,315.2847,0.58,Moderate,FMS_MARITIME,2026-04-06
2021-07-09,108,LSMGO,84.69,11.3,271.2,24,972.4361,0.8,Rough,FMS_MARITIME,2026-04-06
2021-07-10,108,HFO,35.03,17.3,415.2,24,262.725,0.6,Calm,FMS_MARITIME,2026-04-06
2021-07-11,108,VLSFO,55.81,16.0,384.0,24,452.5842,0.77,Rough,FMS_MARITIME,2026-04-06
2021-07-12,108,LNG,60.14,13.9,333.6,24,561.3788,0.53,Moderate,FMS_MARITIME,2026-04-06
2021-07-13,108,MGO,54.14,15.7,376.8,24,447.4309,0.56,Rough,FMS_MARITIME,2026-04-06
2021-07-14,108,VLSFO,24.54,16.8,403.2,24,189.5277,0.41,Moderate,FMS_MARITIME,2026-04-06
2021-07-15,108,HFO,60.59,11.6,278.4,24,677.72,0.56,Moderate,FMS_MARITIME,2026-04-06
2021-07-16,108,VLSFO,79.55,16.8,403.2,24,614.3817,0.72,Calm,FMS_MARITIME,2026-04-06
2021-07-17,108,VLSFO,82.13,10.9,261.6,24,977.6484,0.99,Calm,FMS_MARITIME,2026-04-06
2021-07-18,108,VLSFO,63.76,15.9,381.6,24,520.3057,0.92,Calm,FMS_MARITIME,2026-04-06
2021-07-19,108,VLSFO,38.6,10.4,249.6,24,481.5721,0.49,Rough,FMS_MARITIME,2026-04-06
2021-07-20,108,LSMGO,22.85,12.3,295.2,24,241.0396,0.88,Calm,FMS_MARITIME,2026-04-06
2021-07-21,108,LNG,24.25,12.4,297.6,24,253.745,0.64,Calm,FMS_MARITIME,2026-04-06
2021-07-22,108,VLSFO,49.99,10.7,256.8,24,606.1871,0.81,Rough,FMS_MARITIME,2026-04-06
2021-07-23,108,LSMGO,57.1,16.2,388.8,24,457.3287,0.85,Calm,FMS_MARITIME,2026-04-06
2021-07-24,108,LSMGO,67.46,17.0,408.0,24,514.8785,0.46,Rough,FMS_MARITIME,2026-04-06
2021-07-25,108,LSMGO,45.28,14.2,340.8,24,413.738,0.82,Rough,FMS_MARITIME,2026-04-06
2021-07-26,108,HFO,77.61,16.7,400.8,24,602.9879,0.57,Calm,FMS_MARITIME,2026-04-06
2021-07-27,108,VLSFO,27.95,13.6,326.4,24,266.6553,0.71,Rough,FMS_MARITIME,2026-04-06
2021-07-28,108,LNG,79.75,16.0,384.0,24,646.7227,0.87,Rough,FMS_MARITIME,2026-04-06
2021-07-28,108,MGO,21.84,17.6,422.4,24,161.008,0.45,Moderate,FMS_MARITIME,2026-04-06
2021-07-28,108,HFO,66.09,14.9,357.6,24,575.5153,0.56,Moderate,FMS_MARITIME,2026-04-06
2021-07-01,109,MGO,50.12,15.0,360.0,24,433.538,0.51,Calm,FMS_MARITIME,2026-04-06
2021-07-02,109,MGO,30.27,13.0,312.0,24,302.1179,0.79,Moderate,FMS_MARITIME,2026-04-06
2021-07-03,109,LSMGO,82.19,14.5,348.0,24,735.4588,0.4,Calm,FMS_MARITIME,2026-04-06
2021-07-04,109,MGO,52.0,11.6,278.4,24,581.6379,0.42,Moderate,FMS_MARITIME,2026-04-06
2021-07-05,109,HFO,32.75,16.2,388.8,24,262.3032,0.91,Moderate,FMS_MARITIME,2026-04-06
2021-07-06,109,LSMGO,19.6,12.2,292.8,24,208.4508,0.89,Moderate,FMS_MARITIME,2026-04-06
2021-07-07,109,VLSFO,15.41,8.2,196.8,24,243.8351,0.97,Rough,FMS_MARITIME,2026-04-06
2021-07-08,109,HFO,58.54,14.3,343.2,24,531.1584,0.55,Calm,FMS_MARITIME,2026-04-06
2021-07-09,109,VLSFO,29.18,14.3,343.2,24,264.7626,0.53,Rough,FMS_MARITIME,2026-04-06
2021-07-10,109,MGO,57.25,13.4,321.6,24,554.3424,0.88,Moderate,FMS_MARITIME,2026-04-06
2021-07-11,109,HFO,84.75,8.8,211.2,24,1249.581,0.85,Rough,FMS_MARITIME,2026-04-06
2021-07-12,109,LSMGO,37.85,8.5,204.0,24,577.7691,0.66,Calm,FMS_MARITIME,2026-04-06
2021-07-13,109,LNG,67.3,9.6,230.4,24,909.6016,0.6,Calm,FMS_MARITIME,2026-04-06
2021-07-14,109,MGO,18.57,11.3,271.2,24,213.2263,0.57,Moderate,FMS_MARITIME,2026-04-06
2021-07-15,109,VLSFO,40.6,17.6,422.4,24,299.3097,0.95,Calm,FMS_MARITIME,2026-04-06
2021-07-16,109,LSMGO,17.07,16.3,391.2,24,135.8793,0.49,Moderate,FMS_MARITIME,2026-04-06
2021-07-17,109,LSMGO,29.52,11.6,278.4,24,330.1914,0.93,Calm,FMS_MARITIME,2026-04-06
2021-07-18,109,MGO,70.9,10.7,256.8,24,859.7453,0.53,Calm,FMS_MARITIME,2026-04-06
2021-07-19,109,LNG,52.8,12.9,309.6,24,531.0698,0.55,Calm,FMS_MARITIME,2026-04-06
2021-07-20,109,VLSFO,57.4,9.8,235.2,24,759.9643,0.7,Moderate,FMS_MARITIME,2026-04-06
2021-07-21,109,LSMGO,71.51,8.6,206.4,24,1078.8863,0.71,Moderate,FMS_MARITIME,2026-04-06
2021-07-22,109,MGO,42.16,9.9,237.6,24,552.5515,0.96,Rough,FMS_MARITIME,2026-04-06
2021-07-23,109,MGO,18.83,15.4,369.6,24,158.6489,0.79,Calm,FMS_MARITIME,2026-04-06
2021-07-24,109,VLSFO,79.24,9.3,223.2,24,1105.5258,0.7,Calm,FMS_MARITIME,2026-04-06
2021-07-25,109,MGO,20.93,8.1,194.4,24,335.2676,0.63,Rough,FMS_MARITIME,2026-04-06
2021-07-26,109,LNG,23.11,9.7,232.8,24,309.126,0.91,Calm,FMS_MARITIME,2026-04-06
2021-07-27,109,LSMGO,79.15,8.4,201.6,24,1222.5848,0.65,Moderate,FMS_MARITIME,2026-04-06
2021-07-28,109,HFO,48.82,16.2,388.8,24,391.012,0.65,Rough,FMS_MARITIME,2026-04-06
2021-07-28,109,MGO,65.39,8.2,196.8,24,1034.6771,0.96,Moderate,FMS_MARITIME,2026-04-06
2021-07-28,109,LNG,41.37,9.2,220.8,24,583.4519,0.57,Calm,FMS_MARITIME,2026-04-06
2021-07-01,110,VLSFO,28.24,17.4,417.6,24,210.5828,0.71,Rough,FMS_MARITIME,2026-04-06
2021-07-02,110,MGO,28.57,16.6,398.4,24,223.3107,0.92,Moderate,FMS_MARITIME,2026-04-06
2021-07-03,110,LSMGO,52.59,16.3,391.2,24,418.6229,0.65,Moderate,FMS_MARITIME,2026-04-06
2021-07-04,110,LSMGO,67.28,11.5,276.0,24,759.0939,0.9,Calm,FMS_MARITIME,2026-04-06
2021-07-05,110,VLSFO,23.1,8.7,208.8,24,344.5086,0.82,Moderate,FMS_MARITIME,2026-04-06
2021-07-06,110,LSMGO,41.66,13.6,326.4,24,397.4548,0.88,Calm,FMS_MARITIME,2026-04-06
2021-07-07,110,VLSFO,49.78,17.7,424.8,24,364.9127,0.76,Rough,FMS_MARITIME,2026-04-06
2021-07-08,110,LNG,15.27,12.1,290.4,24,163.7424,0.98,Moderate,FMS_MARITIME,2026-04-06
2021-07-09,110,MGO,34.71,9.8,235.2,24,459.5533,0.5,Calm,FMS_MARITIME,2026-04-06
2021-07-10,110,MGO,28.48,12.3,295.2,24,300.4293,0.79,Moderate,FMS_MARITIME,2026-04-06
2021-07-11,110,VLSFO,55.61,14.5,348.0,24,497.6136,0.65,Rough,FMS_MARITIME,2026-04-06
2021-07-12,110,LNG,78.62,10.6,254.4,24,962.3533,0.91,Calm,FMS_MARITIME,2026-04-06
2021-07-13,110,MGO,51.31,17.3,415.2,24,384.825,0.43,Rough,FMS_MARITIME,2026-04-06
2021-07-14,110,HFO,19.65,15.7,376.8,24,162.3941,0.49,Rough,FMS_MARITIME,2026-04-06
2021-07-15,110,VLSFO,72.74,14.7,352.8,24,642.0418,0.76,Calm,FMS_MARITIME,2026-04-06
2021-07-16,110,LNG,84.25,16.8,403.2,24,650.6808,0.49,Moderate,FMS_MARITIME,2026-04-06
2021-07-17,110,LSMGO,55.35,15.1,362.4,24,475.6068,0.87,Moderate,FMS_MARITIME,2026-04-06
2021-07-18,110,VLSFO,34.94,15.3,367.2,24,296.3049,0.91,Calm,FMS_MARITIME,2026-04-06
2021-07-19,110,HFO,77.62,15.3,367.2,24,658.248,0.53,Calm,FMS_MARITIME,2026-04-06
2021-07-20,110,MGO,80.78,13.5,324.0,24,776.3856,0.86,Calm,FMS_MARITIME,2026-04-06
2021-07-21,110,HFO,60.63,17.2,412.8,24,457.3687,0.64,Moderate,FMS_MARITIME,2026-04-06
2021-07-22,110,MGO,31.1,17.6,422.4,24,229.2741,0.5,Rough,FMS_MARITIME,2026-04-06
2021-07-23,110,HFO,53.57,9.1,218.4,24,763.814,0.54,Rough,FMS_MARITIME,2026-04-06
2021-07-24,110,LNG,71.43,14.3,343.2,24,648.1149,0.47,Rough,FMS_MARITIME,2026-04-06
2021-07-25,110,VLSFO,17.41,15.8,379.2,24,142.9714,0.89,Moderate,FMS_MARITIME,2026-04-06
2021-07-26,110,HFO,20.43,10.8,259.2,24,245.4438,0.85,Calm,FMS_MARITIME,2026-04-06
2021-07-27,110,LNG,43.25,17.8,427.2,24,315.2633,0.52,Rough,FMS_MARITIME,2026-04-06
2021-07-28,110,MGO,66.61,8.4,201.6,24,1028.8866,0.65,Moderate,FMS_MARITIME,2026-04-06
2021-07-28,110,HFO,27.32,12.0,288.0,24,295.3975,0.9,Moderate,FMS_MARITIME,2026-04-06
2021-07-28,110,HFO,57.27,15.7,376.8,24,473.2982,0.74,Calm,FMS_MARITIME,2026-04-06
2021-07-01,111,LSMGO,24.14,16.6,398.4,24,188.6846,0.72,Calm,FMS_MARITIME,2026-04-06
2021-07-02,111,LSMGO,77.9,16.6,398.4,24,608.887,0.95,Rough,FMS_MARITIME,2026-04-06
2021-07-03,111,HFO,35.52,16.7,400.8,24,275.9713,0.68,Rough,FMS_MARITIME,2026-04-06
2021-07-04,111,HFO,49.67,8.4,201.6,24,767.2241,0.55,Rough,FMS_MARITIME,2026-04-06
2021-07-05,111,LSMGO,69.06,15.7,376.8,24,570.7347,0.66,Calm,FMS_MARITIME,2026-04-06
2021-07-06,111,LSMGO,69.62,15.5,372.0,24,582.7868,0.54,Rough,FMS_MARITIME,2026-04-06
2021-07-07,111,LNG,23.28,15.3,367.2,24,197.4235,0.82,Moderate,FMS_MARITIME,2026-04-06
2021-07-08,111,VLSFO,36.75,12.1,290.4,24,394.0754,0.52,Moderate,FMS_MARITIME,2026-04-06
2021-07-09,111,HFO,60.53,16.2,388.8,24,484.8005,0.77,Calm,FMS_MARITIME,2026-04-06
2021-07-10,111,LNG,66.18,17.4,417.6,24,493.4974,0.82,Calm,FMS_MARITIME,2026-04-06
2021-07-11,111,LSMGO,61.95,9.1,218.4,24,883.2981,0.88,Rough,FMS_MARITIME,2026-04-06
2021-07-12,111,LSMGO,34.09,15.2,364.8,24,290.9985,0.97,Rough,FMS_MARITIME,2026-04-06
2021-07-13,111,HFO,28.68,13.9,333.6,24,267.7144,0.7,Calm,FMS_MARITIME,2026-04-06
2021-07-14,111,MGO,78.96,13.1,314.4,24,782.0656,0.76,Calm,FMS_MARITIME,2026-04-06
2021-07-15,111,MGO,81.64,16.1,386.4,24,657.9373,0.77,Rough,FMS_MARITIME,2026-04-06
2021-07-16,111,MGO,43.66,8.5,204.0,24,666.4571,0.43,Moderate,FMS_MARITIME,2026-04-06
2021-07-17,111,VLSFO,52.82,10.3,247.2,24,665.3782,0.59,Moderate,FMS_MARITIME,2026-04-06
2021-07-18,111,LNG,73.58,16.1,386.4,24,592.9817,0.88,Moderate,FMS_MARITIME,2026-04-06
2021-07-19,111,HFO,27.88,12.0,288.0,24,301.4525,0.89,Calm,FMS_MARITIME,2026-04-06
2021-07-20,111,LSMGO,32.7,13.9,333.6,24,305.2392,0.67,Calm,FMS_MARITIME,2026-04-06
2021-07-21,111,LSMGO,32.3,9.7,232.8,24,432.0541,0.54,Rough,FMS_MARITIME,2026-04-06
2021-07-22,111,MGO,78.93,14.9,357.6,24,687.3267,0.55,Calm,FMS_MARITIME,2026-04-06
2021-07-23,111,LNG,63.01,14.6,350.4,24,559.969,0.92,Calm,FMS_MARITIME,2026-04-06
2021-07-24,111,VLSFO,24.09,10.3,247.2,24,303.4638,0.84,Calm,FMS_MARITIME,2026-04-06
2021-07-25,111,VLSFO,34.12,9.5,228.0,24,466.0074,0.85,Rough,FMS_MARITIME,2026-04-06
2021-07-26,111,MGO,26.03,16.3,391.2,24,207.202,0.42,Moderate,FMS_MARITIME,2026-04-06
2021-07-27,111,MGO,45.47,16.1,386.4,24,366.443,0.64,Rough,FMS_MARITIME,2026-04-06
2021-07-28,111,MGO,81.75,8.8,211.2,24,1205.348,0.63,Moderate,FMS_MARITIME,2026-04-06
2021-07-28,111,LNG,40.74,11.1,266.4,24,476.2176,0.98,Rough,FMS_MARITIME,2026-04-06
2021-07-28,111,MGO,62.14,8.7,208.8,24,926.7431,0.93,Calm,FMS_MARITIME,2026-04-06
2021-07-01,112,HFO,16.76,11.8,283.2,24,184.289,0.61,Calm,FMS_MARITIME,2026-04-06
2021-07-02,112,LNG,83.05,16.9,405.6,24,637.6176,0.41,Rough,FMS_MARITIME,2026-04-06
2021-07-03,112,MGO,72.58,8.5,204.0,24,1107.9124,0.4,Rough,FMS_MARITIME,2026-04-06
2021-07-04,112,HFO,40.47,17.6,422.4,24,298.3513,0.89,Calm,FMS_MARITIME,2026-04-06
2021-07-05,112,MGO,63.32,17.8,427.2,24,461.5601,0.71,Moderate,FMS_MARITIME,2026-04-06
2021-07-06,112,VLSFO,20.35,8.0,192.0,24,330.0516,0.72,Calm,FMS_MARITIME,2026-04-06
2021-07-07,112,HFO,76.08,14.4,345.6,24,685.5125,0.75,Rough,FMS_MARITIME,2026-04-06
2021-07-08,112,MGO,53.44,13.2,316.8,24,525.2909,0.8,Moderate,FMS_MARITIME,2026-04-06
2021-07-09,112,LNG,82.47,16.6,398.4,24,644.6074,0.77,Moderate,FMS_MARITIME,2026-04-06
2021-07-10,112,LSMGO,67.67,13.8,331.2,24,636.2451,0.49,Rough,FMS_MARITIME,2026-04-06
2021-07-11,112,HFO,16.11,10.0,240.0,24,209.0273,0.91,Moderate,FMS_MARITIME,2026-04-06
2021-07-12,112,MGO,52.38,16.7,400.8,24,406.9644,0.95,Calm,FMS_MARITIME,2026-04-06
2021-07-13,112,HFO,50.96,8.4,201.6,24,787.15,0.49,Rough,FMS_MARITIME,2026-04-06
2021-07-14,112,MGO,21.42,14.5,348.0,24,191.6721,0.42,Calm,FMS_MARITIME,2026-04-06
2021-07-15,112,MGO,54.32,14.9,357.6,24,473.0215,0.88,Moderate,FMS_MARITIME,2026-04-06
2021-07-16,112,LSMGO,67.04,16.7,400.8,24,520.8647,0.7,Moderate,FMS_MARITIME,2026-04-06
2021-07-17,112,HFO,64.79,12.4,297.6,24,677.9438,0.45,Rough,FMS_MARITIME,2026-04-06
2021-07-18,112,LSMGO,84.29,8.1,194.4,24,1350.2009,0.99,Moderate,FMS_MARITIME,2026-04-06
2021-07-19,112,MGO,43.49,13.5,324.0,24,417.9872,0.97,Rough,FMS_MARITIME,2026-04-06
2021-07-20,112,HFO,68.97,16.5,396.0,24,542.355,0.41,Calm,FMS_MARITIME,2026-04-06
2021-07-21,112,HFO,30.34,16.6,398.4,24,237.1455,0.98,Moderate,FMS_MARITIME,2026-04-06
2021-07-22,112,MGO,50.18,13.3,319.2,24,489.538,0.86,Moderate,FMS_MARITIME,2026-04-06
2021-07-23,112,MGO,22.7,13.6,326.4,24,216.568,0.52,Rough,FMS_MARITIME,2026-04-06
2021-07-24,112,LNG,54.98,11.0,264.0,24,648.5141,0.89,Moderate,FMS_MARITIME,2026-04-06
2021-07-25,112,VLSFO,72.19,15.0,360.0,24,624.4435,0.69,Moderate,FMS_MARITIME,2026-04-06
2021-07-26,112,LSMGO,75.54,9.2,220.8,24,1065.3603,0.52,Moderate,FMS_MARITIME,2026-04-06
2021-07-27,112,VLSFO,78.49,10.4,249.6,24,979.2382,0.59,Rough,FMS_MARITIME,2026-04-06
2021-07-28,112,HFO,80.13,16.0,384.0,24,649.8042,0.98,Moderate,FMS_MARITIME,2026-04-06
2021-07-28,112,MGO,32.79,9.9,237.6,24,429.7477,0.44,Rough,FMS_MARITIME,2026-04-06
2021-07-28,112,LSMGO,51.09,16.3,391.2,24,406.6827,1.0,Rough,FMS_MARITIME,2026-04-06
2021-07-01,113,MGO,56.0,15.2,364.8,24,478.0263,0.52,Rough,FMS_MARITIME,2026-04-06
2021-07-02,113,LNG,83.14,17.4,417.6,24,619.9664,0.98,Rough,FMS_MARITIME,2026-04-06
2021-07-03,113,LNG,34.41,17.7,424.8,24,252.2428,0.48,Rough,FMS_MARITIME,2026-04-06
2021-07-04,113,VLSFO,40.88,13.3,319.2,24,398.8105,0.69,Calm,FMS_MARITIME,2026-04-06
2021-07-05,113,HFO,29.74,11.9,285.6,24,324.266,0.95,Moderate,FMS_MARITIME,2026-04-06
2021-07-06,113,LSMGO,17.34,11.9,285.6,24,189.0643,0.56,Moderate,FMS_MARITIME,2026-04-06
2021-07-07,113,HFO,78.25,11.8,283.2,24,860.4184,0.56,Rough,FMS_MARITIME,2026-04-06
2021-07-08,113,VLSFO,42.7,11.6,278.4,24,477.6142,0.52,Moderate,FMS_MARITIME,2026-04-06
2021-07-09,113,MGO,49.48,14.7,352.8,24,436.7367,0.79,Rough,FMS_MARITIME,2026-04-06
2021-07-10,113,LNG,80.89,8.2,196.8,24,1279.9363,0.75,Moderate,FMS_MARITIME,2026-04-06
2021-07-11,113,VLSFO,40.22,17.2,412.8,24,303.4038,0.82,Calm,FMS_MARITIME,2026-04-06
2021-07-12,113,LSMGO,68.34,17.4,417.6,24,509.6043,0.51,Rough,FMS_MARITIME,2026-04-06
2021-07-13,113,LNG,79.12,8.3,199.2,24,1236.8458,0.67,Rough,FMS_MARITIME,2026-04-06
2021-07-14,113,HFO,44.2,8.1,194.4,24,708.0185,0.98,Rough,FMS_MARITIME,2026-04-06
2021-07-15,113,MGO,30.99,10.4,249.6,24,386.63,0.6,Moderate,FMS_MARITIME,2026-04-06
2021-07-16,113,MGO,84.97,14.7,352.8,24,749.9903,0.96,Calm,FMS_MARITIME,2026-04-06
2021-07-17,113,MGO,74.58,13.7,328.8,24,706.3325,0.7,Rough,FMS_MARITIME,2026-04-06
2021-07-18,113,HFO,51.32,10.9,261.6,24,610.8963,0.41,Calm,FMS_MARITIME,2026-04-06
2021-07-19,113,LSMGO,19.13,10.3,247.2,24,240.9823,0.63,Rough,FMS_MARITIME,2026-04-06
2021-07-20,113,HFO,54.06,13.6,326.4,24,515.7563,0.72,Moderate,FMS_MARITIME,2026-04-06
2021-07-21,113,LNG,31.89,9.1,218.4,24,454.6953,0.96,Moderate,FMS_MARITIME,2026-04-06
2021-07-22,113,LNG,30.4,9.3,223.2,24,424.129,0.5,Rough,FMS_MARITIME,2026-04-06
2021-07-23,113,LSMGO,26.56,15.8,379.2,24,218.1114,0.42,Rough,FMS_MARITIME,2026-04-06
2021-07-24,113,VLSFO,48.28,15.1,362.4,24,414.8563,0.99,Calm,FMS_MARITIME,2026-04-06
2021-07-25,113,MGO,42.76,13.1,314.4,24,423.5198,0.6,Calm,FMS_MARITIME,2026-04-06
2021-07-26,113,VLSFO,46.02,17.0,408.0,24,351.2409,0.61,Rough,FMS_MARITIME,2026-04-06
2021-07-27,113,HFO,77.67,11.3,271.2,24,891.8303,0.48,Calm,FMS_MARITIME,2026-04-06
2021-07-28,113,HFO,55.35,13.4,321.6,24,535.945,0.49,Moderate,FMS_MARITIME,2026-04-06
2021-07-28,113,HFO,27.26,15.3,367.2,24,231.1755,0.51,Calm,FMS_MARITIME,2026-04-06
2021-07-28,113,HFO,73.14,16.8,403.2,24,564.8759,0.51,Rough,FMS_MARITIME,2026-04-06
2021-07-01,114,VLSFO,79.68,8.6,206.4,24,1202.1488,0.56,Moderate,FMS_MARITIME,2026-04-06
2021-07-02,114,HFO,69.59,15.0,360.0,24,601.9535,0.93,Moderate,FMS_MARITIME,2026-04-06
2021-07-03,114,VLSFO,29.07,10.0,240.0,24,377.1832,0.69,Moderate,FMS_MARITIME,2026-04-06
2021-07-04,114,HFO,84.3,17.2,412.8,24,635.9259,0.66,Moderate,FMS_MARITIME,2026-04-06
2021-07-05,114,VLSFO,62.87,13.5,324.0,24,604.2506,1.0,Moderate,FMS_MARITIME,2026-04-06
2021-07-06,114,MGO,63.07,8.8,211.2,24,929.9241,0.48,Calm,FMS_MARITIME,2026-04-06
2021-07-07,114,HFO,56.18,15.7,376.8,24,464.2901,0.74,Calm,FMS_MARITIME,2026-04-06
2021-07-08,114,HFO,82.51,13.5,324.0,24,793.0128,0.98,Calm,FMS_MARITIME,2026-04-06
2021-07-09,114,LNG,73.92,10.3,247.2,24,931.1767,0.66,Moderate,FMS_MARITIME,2026-04-06
2021-07-10,114,HFO,30.62,14.8,355.2,24,268.4422,0.57,Moderate,FMS_MARITIME,2026-04-06
2021-07-11,114,HFO,70.37,13.0,312.0,24,702.3467,0.56,Rough,FMS_MARITIME,2026-04-06
2021-07-12,114,MGO,75.66,14.2,340.8,24,691.3299,0.93,Rough,FMS_MARITIME,2026-04-06
2021-07-13,114,MGO,20.01,9.0,216.0,24,288.4775,0.89,Rough,FMS_MARITIME,2026-04-06
2021-07-14,114,LNG,44.12,15.5,372.0,24,369.3271,0.71,Moderate,FMS_MARITIME,2026-04-06
2021-07-15,114,LSMGO,33.48,12.9,309.6,24,336.7465,0.78,Rough,FMS_MARITIME,2026-04-06
2021-07-16,114,HFO,48.67,12.5,300.0,24,505.1946,0.92,Rough,FMS_MARITIME,2026-04-06
2021-07-17,114,MGO,58.81,17.8,427.2,24,428.6853,0.63,Moderate,FMS_MARITIME,2026-04-06
2021-07-18,114,VLSFO,26.34,12.5,300.0,24,273.4092,0.91,Rough,FMS_MARITIME,2026-04-06
2021-07-19,114,LNG,66.42,12.9,309.6,24,668.0616,0.85,Moderate,FMS_MARITIME,2026-04-06
2021-07-20,114,LSMGO,78.36,10.4,249.6,24,977.6163,0.73,Moderate,FMS_MARITIME,2026-04-06
2021-07-21,114,LNG,50.64,12.0,288.0,24,547.545,0.78,Calm,FMS_MARITIME,2026-04-06
2021-07-22,114,VLSFO,66.81,10.3,247.2,24,841.6114,0.95,Moderate,FMS_MARITIME,2026-04-06
2021-07-23,114,HFO,47.86,15.4,369.6,24,403.236,0.89,Rough,FMS_MARITIME,2026-04-06
2021-07-24,114,LSMGO,21.86,9.8,235.2,24,289.4219,0.75,Calm,FMS_MARITIME,2026-04-06
2021-07-25,114,LSMGO,60.92,10.6,254.4,24,745.6953,0.6,Moderate,FMS_MARITIME,2026-04-06
2021-07-26,114,LSMGO,51.45,8.2,196.8,24,814.1021,0.88,Rough,FMS_MARITIME,2026-04-06
2021-07-27,114,HFO,75.0,16.4,393.6,24,593.3689,0.95,Calm,FMS_MARITIME,2026-04-06
2021-07-28,114,HFO,49.58,11.7,280.8,24,549.8295,0.94,Calm,FMS_MARITIME,2026-04-06
2021-07-28,114,MGO,60.04,16.6,398.4,24,469.2886,0.69,Moderate,FMS_MARITIME,2026-04-06
2021-07-28,114,LSMGO,60.42,16.5,396.0,24,475.1209,0.77,Calm,FMS_MARITIME,2026-04-06
2021-07-01,115,LNG,45.95,15.2,364.8,24,392.2377,0.68,Calm,FMS_MARITIME,2026-04-06
2021-07-02,115,MGO,26.5,8.3,199.2,24,414.262,0.45,Calm,FMS_MARITIME,2026-04-06
2021-07-03,115,LNG,62.04,13.9,333.6,24,579.1144,0.87,Calm,FMS_MARITIME,2026-04-06
2021-07-04,115,HFO,33.38,9.6,230.4,24,451.1516,0.92,Moderate,FMS_MARITIME,2026-04-06
2021-07-05,115,LNG,61.88,15.6,374.4,24,514.675,0.54,Rough,FMS_MARITIME,2026-04-06
2021-07-06,115,HFO,52.74,10.8,259.2,24,633.6125,0.41,Calm,FMS_MARITIME,2026-04-06
2021-07-07,115,LNG,19.84,10.9,261.6,24,236.1688,0.68,Calm,FMS_MARITIME,2026-04-06
2021-07-08,115,LSMGO,63.81,13.1,314.4,24,632.0113,0.7,Calm,FMS_MARITIME,2026-04-06
2021-07-09,115,MGO,76.66,13.4,321.6,24,742.2862,0.9,Rough,FMS_MARITIME,2026-04-06
2021-07-10,115,HFO,44.86,10.6,254.4,24,549.1118,0.79,Rough,FMS_MARITIME,2026-04-06
2021-07-11,115,VLSFO,74.23,14.8,355.2,24,650.7664,0.91,Calm,FMS_MARITIME,2026-04-06
2021-07-12,115,MGO,31.02,14.2,340.8,24,283.4398,0.71,Rough,FMS_MARITIME,2026-04-06
2021-07-13,115,MGO,50.43,11.8,283.2,24,554.5163,0.88,Rough,FMS_MARITIME,2026-04-06
2021-07-14,115,MGO,80.27,12.8,307.2,24,813.6744,0.42,Calm,FMS_MARITIME,2026-04-06
2021-07-15,115,VLSFO,38.65,8.6,206.4,24,583.1206,0.9,Calm,FMS_MARITIME,2026-04-06
2021-07-16,115,HFO,19.58,13.8,331.2,24,184.0946,0.42,Moderate,FMS_MARITIME,2026-04-06
2021-07-17,115,HFO,43.94,13.7,328.8,24,416.1471,0.84,Moderate,FMS_MARITIME,2026-04-06
2021-07-18,115,HFO,47.58,10.1,242.4,24,611.2381,0.59,Moderate,FMS_MARITIME,2026-04-06
2021-07-19,115,HFO,37.45,17.9,429.6,24,271.4602,0.78,Rough,FMS_MARITIME,2026-04-06
2021-07-20,115,VLSFO,17.44,11.1,266.4,24,203.8595,0.47,Rough,FMS_MARITIME,2026-04-06
2021-07-21,115,VLSFO,77.63,16.0,384.0,24,629.5308,0.83,Rough,FMS_MARITIME,2026-04-06
2021-07-22,115,LNG,45.97,11.3,271.2,24,527.8414,0.5,Calm,FMS_MARITIME,2026-04-06
2021-07-23,115,LNG,64.25,11.2,268.8,24,744.3248,0.56,Rough,FMS_MARITIME,2026-04-06
2021-07-24,115,MGO,45.05,17.7,424.8,24,330.2394,0.8,Calm,FMS_MARITIME,2026-04-06
2021-07-25,115,VLSFO,73.39,10.8,259.2,24,881.6993,0.61,Rough,FMS_MARITIME,2026-04-06
2021-07-26,115,VLSFO,39.84,8.8,211.2,24,587.4136,0.74,Rough,FMS_MARITIME,2026-04-06
2021-07-27,115,MGO,42.02,15.6,374.4,24,349.4933,0.59,Rough,FMS_MARITIME,2026-04-06
2021-07-28,115,LSMGO,84.72,16.4,393.6,24,670.2695,0.47,Moderate,FMS_MARITIME,2026-04-06
2021-07-28,115,LNG,48.09,8.7,208.8,24,717.2043,0.66,Calm,FMS_MARITIME,2026-04-06
2021-07-28,115,LSMGO,74.43,12.3,295.2,24,785.1457,0.94,Rough,FMS_MARITIME,2026-04-06
2021-07-01,116,LNG,32.85,14.5,348.0,24,293.9509,0.7,Rough,FMS_MARITIME,2026-04-06
2021-07-02,116,LSMGO,65.05,11.0,264.0,24,767.2943,0.66,Calm,FMS_MARITIME,2026-04-06
2021-07-03,116,VLSFO,64.81,11.6,278.4,24,724.9222,0.77,Moderate,FMS_MARITIME,2026-04-06
2021-07-04,116,VLSFO,79.92,12.5,300.0,24,829.5696,0.56,Rough,FMS_MARITIME,2026-04-06
2021-07-05,116,LSMGO,16.82,9.7,232.8,24,224.9892,0.77,Calm,FMS_MARITIME,2026-04-06
2021-07-06,116,VLSFO,50.82,16.1,386.4,24,409.5587,0.57,Rough,FMS_MARITIME,2026-04-06
2021-07-07,116,LSMGO,66.65,12.5,300.0,24,691.827,0.63,Calm,FMS_MARITIME,2026-04-06
2021-07-08,116,LNG,59.59,9.4,225.6,24,822.5322,0.6,Rough,FMS_MARITIME,2026-04-06
2021-07-09,116,HFO,43.77,8.2,196.8,24,692.5802,0.74,Moderate,FMS_MARITIME,2026-04-06
2021-07-10,116,LNG,29.57,14.9,357.6,24,257.4971,0.46,Calm,FMS_MARITIME,2026-04-06
2021-07-11,116,LNG,22.53,11.3,271.2,24,258.6962,0.67,Calm,FMS_MARITIME,2026-04-06
2021-07-12,116,HFO,52.82,10.3,247.2,24,665.3782,0.52,Calm,FMS_MARITIME,2026-04-06
2021-07-13,116,VLSFO,77.15,12.2,292.8,24,820.5092,0.53,Calm,FMS_MARITIME,2026-04-06
2021-07-14,116,MGO,37.05,10.4,249.6,24,462.2344,0.49,Moderate,FMS_MARITIME,2026-04-06
2021-07-15,116,LSMGO,60.41,12.4,297.6,24,632.1127,0.53,Calm,FMS_MARITIME,2026-04-06
2021-07-16,116,HFO,42.15,8.1,194.4,24,675.1806,0.67,Rough,FMS_MARITIME,2026-04-06
2021-07-17,116,LNG,37.33,16.6,398.4,24,291.7812,0.42,Moderate,FMS_MARITIME,2026-04-06
2021-07-18,116,VLSFO,38.99,9.1,218.4,24,555.9288,0.55,Moderate,FMS_MARITIME,2026-04-06
2021-07-19,116,LSMGO,57.88,11.3,271.2,24,664.5956,0.7,Calm,FMS_MARITIME,2026-04-06
2021-07-20,116,HFO,74.07,8.6,206.4,24,1117.5096,0.62,Calm,FMS_MARITIME,2026-04-06
2021-07-21,116,LNG,27.49,16.0,384.0,24,222.9267,0.63,Calm,FMS_MARITIME,2026-04-06
2021-07-22,116,LSMGO,43.82,9.2,220.8,24,618.0049,0.48,Moderate,FMS_MARITIME,2026-04-06
2021-07-23,116,VLSFO,20.46,11.6,278.4,24,228.8522,0.51,Rough,FMS_MARITIME,2026-04-06
2021-07-24,116,LSMGO,47.69,16.7,400.8,24,370.5256,0.68,Moderate,FMS_MARITIME,2026-04-06
2021-07-25,116,LNG,34.82,16.0,384.0,24,282.3684,0.7,Moderate,FMS_MARITIME,2026-04-06
2021-07-26,116,HFO,59.46,8.9,213.6,24,866.8466,0.42,Rough,FMS_MARITIME,2026-04-06
2021-07-27,116,HFO,48.02,8.2,196.8,24,759.8287,0.48,Moderate,FMS_MARITIME,2026-04-06
2021-07-28,116,HFO,80.19,12.1,290.4,24,859.8886,0.91,Calm,FMS_MARITIME,2026-04-06
2021-07-28,116,VLSFO,60.16,9.0,216.0,24,867.3067,0.46,Moderate,FMS_MARITIME,2026-04-06
2021-07-28,116,MGO,22.86,13.9,333.6,24,213.3874,0.55,Moderate,FMS_MARITIME,2026-04-06
2021-07-01,117,LNG,77.24,11.9,285.6,24,842.1756,0.53,Calm,FMS_MARITIME,2026-04-06
2021-07-02,117,HFO,29.83,11.0,264.0,24,351.8584,0.93,Moderate,FMS_MARITIME,2026-04-06
2021-07-03,117,MGO,59.41,14.2,340.8,24,542.8484,0.84,Moderate,FMS_MARITIME,2026-04-06
2021-07-04,117,HFO,42.13,11.2,268.8,24,488.0685,0.67,Rough,FMS_MARITIME,2026-04-06
2021-07-05,117,LSMGO,23.36,17.9,429.6,24,169.3274,0.94,Rough,FMS_MARITIME,2026-04-06
2021-07-06,117,LNG,54.45,8.9,213.6,24,793.8076,0.97,Moderate,FMS_MARITIME,2026-04-06
2021-07-07,117,LNG,30.86,9.6,230.4,24,417.0922,0.63,Moderate,FMS_MARITIME,2026-04-06
2021-07-08,117,LSMGO,72.06,10.2,244.8,24,916.6456,0.78,Calm,FMS_MARITIME,2026-04-06
2021-07-09,117,LNG,65.27,12.6,302.4,24,672.1256,0.92,Rough,FMS_MARITIME,2026-04-06
2021-07-10,117,HFO,84.89,15.0,360.0,24,734.2985,0.47,Moderate,FMS_MARITIME,2026-04-06
2021-07-11,117,MGO,66.93,8.8,211.2,24,986.8372,0.97,Calm,FMS_MARITIME,2026-04-06
2021-07-12,117,HFO,56.4,17.1,410.4,24,427.9474,0.49,Rough,FMS_MARITIME,2026-04-06
2021-07-13,117,MGO,69.2,13.0,312.0,24,690.6692,0.94,Rough,FMS_MARITIME,2026-04-06
2021-07-14,117,LNG,29.4,13.8,331.2,24,276.4239,0.78,Rough,FMS_MARITIME,2026-04-06
2021-07-15,117,LSMGO,55.86,13.7,328.8,24,529.0391,0.51,Rough,FMS_MARITIME,2026-04-06
2021-07-16,117,LSMGO,68.61,8.6,206.4,24,1035.1334,0.42,Moderate,FMS_MARITIME,2026-04-06
2021-07-17,117,MGO,78.25,12.6,302.4,24,805.7887,0.45,Calm,FMS_MARITIME,2026-04-06
2021-07-18,117,LSMGO,27.71,13.9,333.6,24,258.6599,0.92,Moderate,FMS_MARITIME,2026-04-06
2021-07-19,117,VLSFO,66.64,16.0,384.0,24,540.4087,0.85,Moderate,FMS_MARITIME,2026-04-06
2021-07-20,117,LNG,70.12,13.6,326.4,24,668.9757,0.42,Rough,FMS_MARITIME,2026-04-06
2021-07-21,117,LSMGO,52.54,17.0,408.0,24,401.0038,0.82,Rough,FMS_MARITIME,2026-04-06
2021-07-22,117,MGO,39.73,13.4,321.6,24,384.6991,0.98,Moderate,FMS_MARITIME,2026-04-06
2021-07-23,117,VLSFO,66.73,12.3,295.2,24,703.9201,0.59,Calm,FMS_MARITIME,2026-04-06
2021-07-24,117,MGO,67.05,14.1,338.4,24,617.0027,0.82,Moderate,FMS_MARITIME,2026-04-06
2021-07-25,117,MGO,41.26,17.8,427.2,24,300.7576,0.71,Calm,FMS_MARITIME,2026-04-06
2021-07-26,117,MGO,18.79,15.4,369.6,24,158.3119,0.81,Rough,FMS_MARITIME,2026-04-06
2021-07-27,117,LNG,40.59,11.7,280.8,24,450.1327,0.44,Moderate,FMS_MARITIME,2026-04-06
2021-07-28,117,LSMGO,84.97,8.0,192.0,24,1378.1072,0.89,Calm,FMS_MARITIME,2026-04-06
2021-07-28,117,MGO,34.64,15.8,379.2,24,284.4646,0.76,Calm,FMS_MARITIME,2026-04-06
2021-07-28,117,VLSFO,18.61,8.0,192.0,24,301.8309,0.5,Moderate,FMS_MARITIME,2026-04-06
2021-07-01,118,LSMGO,51.41,14.0,336.0,24,476.4605,0.75,Moderate,FMS_MARITIME,2026-04-06
2021-07-02,118,HFO,72.88,17.7,424.8,24,534.2475,0.91,Calm,FMS_MARITIME,2026-04-06
2021-07-03,118,HFO,62.79,10.4,249.6,24,783.3656,0.64,Calm,FMS_MARITIME,2026-04-06
2021-07-04,118,LNG,77.51,9.3,223.2,24,1081.3895,0.45,Calm,FMS_MARITIME,2026-04-06
2021-07-05,118,LSMGO,70.57,16.4,393.6,24,558.3206,0.5,Rough,FMS_MARITIME,2026-04-06
2021-07-06,118,VLSFO,67.96,11.7,280.8,24,753.659,0.6,Moderate,FMS_MARITIME,2026-04-06
2021-07-07,118,MGO,28.22,17.8,427.2,24,205.7048,0.82,Moderate,FMS_MARITIME,2026-04-06
2021-07-08,118,LSMGO,25.17,14.1,338.4,24,231.6176,0.99,Moderate,FMS_MARITIME,2026-04-06
2021-07-09,118,LNG,51.23,11.4,273.6,24,583.0783,0.86,Calm,FMS_MARITIME,2026-04-06
2021-07-10,118,LNG,15.36,10.2,244.8,24,195.3882,0.83,Calm,FMS_MARITIME,2026-04-06
2021-07-11,118,HFO,44.23,14.7,352.8,24,390.3974,0.96,Rough,FMS_MARITIME,2026-04-06
2021-07-12,118,MGO,52.48,9.0,216.0,24,756.5867,0.67,Moderate,FMS_MARITIME,2026-04-06
2021-07-13,118,VLSFO,29.16,13.9,333.6,24,272.195,0.82,Moderate,FMS_MARITIME,2026-04-06
2021-07-14,118,LNG,44.82,13.1,314.4,24,443.9233,0.48,Rough,FMS_MARITIME,2026-04-06
2021-07-15,118,LNG,76.98,11.3,271.2,24,883.9075,0.9,Rough,FMS_MARITIME,2026-04-06
2021-07-16,118,LNG,56.99,14.2,340.8,24,520.7361,0.91,Rough,FMS_MARITIME,2026-04-06
2021-07-17,118,VLSFO,78.91,12.4,297.6,24,825.6913,0.64,Calm,FMS_MARITIME,2026-04-06
2021-07-18,118,VLSFO,52.78,15.8,379.2,24,433.4307,0.49,Rough,FMS_MARITIME,2026-04-06
2021-07-19,118,LSMGO,67.1,14.1,338.4,24,617.4628,0.65,Rough,FMS_MARITIME,2026-04-06
2021-07-20,118,LNG,44.02,8.6,206.4,24,664.139,0.71,Moderate,FMS_MARITIME,2026-04-06
2021-07-21,118,MGO,15.92,17.2,412.8,24,120.0942,0.53,Moderate,FMS_MARITIME,2026-04-06
2021-07-22,118,MGO,46.11,8.8,211.2,24,679.8605,0.9,Calm,FMS_MARITIME,2026-04-06
2021-07-23,118,LSMGO,57.27,12.4,297.6,24,599.2567,0.83,Calm,FMS_MARITIME,2026-04-06
2021-07-24,118,LNG,63.35,12.4,297.6,24,662.876,0.99,Moderate,FMS_MARITIME,2026-04-06
2021-07-25,118,HFO,81.6,11.6,278.4,24,912.7241,0.42,Moderate,FMS_MARITIME,2026-04-06
2021-07-26,118,LSMGO,59.85,17.2,412.8,24,451.4847,0.72,Rough,FMS_MARITIME,2026-04-06
2021-07-27,118,LSMGO,18.36,16.7,400.8,24,142.6473,0.68,Moderate,FMS_MARITIME,2026-04-06
2021-07-28,118,VLSFO,64.1,8.3,199.2,24,1002.0452,0.79,Moderate,FMS_MARITIME,2026-04-06
2021-07-28,118,LSMGO,36.8,14.7,352.8,24,324.8163,0.86,Moderate,FMS_MARITIME,2026-04-06
2021-07-28,118,MGO,29.32,12.7,304.8,24,299.5488,0.9,Calm,FMS_MARITIME,2026-04-06
2021-07-01,119,LNG,33.46,10.2,244.8,24,425.6309,0.41,Moderate,FMS_MARITIME,2026-04-06
2021-07-02,119,LSMGO,80.09,16.5,396.0,24,629.7986,0.61,Calm,FMS_MARITIME,2026-04-06
2021-07-03,119,LSMGO,26.46,11.5,276.0,24,298.5378,0.97,Rough,FMS_MARITIME,2026-04-06
2021-07-04,119,VLSFO,73.27,15.7,376.8,24,605.5275,0.66,Moderate,FMS_MARITIME,2026-04-06
2021-07-05,119,LSMGO,71.39,9.2,220.8,24,1006.8318,0.65,Rough,FMS_MARITIME,2026-04-06
2021-07-06,119,VLSFO,20.85,12.5,300.0,24,216.423,0.93,Calm,FMS_MARITIME,2026-04-06
2021-07-07,119,MGO,27.44,13.5,324.0,24,263.7289,0.71,Rough,FMS_MARITIME,2026-04-06
2021-07-08,119,MGO,72.04,12.5,300.0,24,747.7752,0.62,Moderate,FMS_MARITIME,2026-04-06
2021-07-09,119,VLSFO,43.96,11.7,280.8,24,487.5051,0.5,Calm,FMS_MARITIME,2026-04-06
2021-07-10,119,LNG,68.23,14.1,338.4,24,627.8612,0.5,Calm,FMS_MARITIME,2026-04-06
2021-07-11,119,VLSFO,46.48,11.8,283.2,24,511.0831,0.96,Rough,FMS_MARITIME,2026-04-06
2021-07-12,119,MGO,15.25,12.3,295.2,24,160.8689,0.7,Calm,FMS_MARITIME,2026-04-06
2021-07-13,119,VLSFO,43.44,10.7,256.8,24,526.7607,0.74,Calm,FMS_MARITIME,2026-04-06
2021-07-14,119,VLSFO,61.68,8.2,196.8,24,975.9732,0.93,Calm,FMS_MARITIME,2026-04-06
2021-07-15,119,LSMGO,35.63,10.6,254.4,24,436.1314,0.9,Calm,FMS_MARITIME,2026-04-06
2021-07-16,119,HFO,34.7,8.4,201.6,24,535.9911,0.54,Moderate,FMS_MARITIME,2026-04-06
2021-07-17,119,VLSFO,78.72,12.3,295.2,24,830.4,0.4,Rough,FMS_MARITIME,2026-04-06
2021-07-18,119,HFO,80.64,14.9,357.6,24,702.2174,0.83,Moderate,FMS_MARITIME,2026-04-06
2021-07-19,119,VLSFO,74.62,16.1,386.4,24,601.363,0.48,Moderate,FMS_MARITIME,2026-04-06
2021-07-20,119,MGO,45.63,13.9,333.6,24,425.9347,0.53,Rough,FMS_MARITIME,2026-04-06
2021-07-21,119,LNG,47.44,8.5,204.0,24,724.1576,0.75,Moderate,FMS_MARITIME,2026-04-06
2021-07-22,119,HFO,26.38,12.3,295.2,24,278.2768,0.6,Moderate,FMS_MARITIME,2026-04-06
2021-07-23,119,LNG,57.38,16.0,384.0,24,465.3159,0.97,Moderate,FMS_MARITIME,2026-04-06
2021-07-24,119,LSMGO,75.3,8.4,201.6,24,1163.1161,0.47,Calm,FMS_MARITIME,2026-04-06
2021-07-25,119,VLSFO,38.45,9.8,235.2,24,509.0702,0.98,Calm,FMS_MARITIME,2026-04-06
2021-07-26,119,MGO,34.47,11.5,276.0,24,388.9115,0.95,Moderate,FMS_MARITIME,2026-04-06
2021-07-27,119,HFO,17.43,16.8,403.2,24,134.6156,0.78,Rough,FMS_MARITIME,2026-04-06
2021-07-28,119,LNG,23.68,11.8,283.2,24,260.3797,0.48,Rough,FMS_MARITIME,2026-04-06
2021-07-28,119,HFO,23.4,9.0,216.0,24,337.35,0.61,Calm,FMS_MARITIME,2026-04-06
2021-07-28,119,LSMGO,19.78,11.3,271.2,24,227.1199,0.67,Calm,FMS_MARITIME,2026-04-06
2021-07-01,120,VLSFO,30.36,15.6,374.4,24,252.5135,0.92,Rough,FMS_MARITIME,2026-04-06
2021-07-02,120,HFO,61.34,9.5,228.0,24,837.7753,0.43,Rough,FMS_MARITIME,2026-04-06
2021-07-03,120,HFO,30.91,13.8,331.2,24,290.6212,0.69,Moderate,FMS_MARITIME,2026-04-06
2021-07-04,120,HFO,21.42,8.7,208.8,24,319.4534,0.74,Moderate,FMS_MARITIME,2026-04-06
2021-07-05,120,MGO,53.15,16.0,384.0,24,431.0133,0.95,Moderate,FMS_MARITIME,2026-04-06
2021-07-06,120,LNG,49.81,10.4,249.6,24,621.4276,0.62,Calm,FMS_MARITIME,2026-04-06
2021-07-07,120,VLSFO,29.52,12.2,292.8,24,313.9525,0.57,Moderate,FMS_MARITIME,2026-04-06
2021-07-08,120,MGO,20.53,12.0,288.0,24,221.9806,0.54,Calm,FMS_MARITIME,2026-04-06
2021-07-09,120,MGO,35.28,12.7,304.8,24,360.4394,0.52,Calm,FMS_MARITIME,2026-04-06
2021-07-10,120,HFO,48.05,16.7,400.8,24,373.3226,0.4,Calm,FMS_MARITIME,2026-04-06
2021-07-11,120,LSMGO,56.52,12.1,290.4,24,606.0719,0.76,Calm,FMS_MARITIME,2026-04-06
2021-07-12,120,VLSFO,54.49,12.3,295.2,24,574.803,0.4,Moderate,FMS_MARITIME,2026-04-06
2021-07-13,120,LSMGO,32.46,9.6,230.4,24,438.7172,0.66,Calm,FMS_MARITIME,2026-04-06
2021-07-14,120,VLSFO,83.78,13.0,312.0,24,836.1888,0.63,Calm,FMS_MARITIME,2026-04-06
2021-07-15,120,HFO,55.3,14.4,345.6,24,498.276,0.76,Moderate,FMS_MARITIME,2026-04-06
2021-07-16,120,LNG,29.47,16.1,386.4,24,237.4989,0.91,Rough,FMS_MARITIME,2026-04-06
2021-07-17,120,MGO,59.57,8.1,194.4,24,954.2231,0.45,Moderate,FMS_MARITIME,2026-04-06
2021-07-18,120,LSMGO,67.1,17.0,408.0,24,512.1309,0.59,Moderate,FMS_MARITIME,2026-04-06
2021-07-19,120,MGO,67.12,17.6,422.4,24,494.8193,0.87,Rough,FMS_MARITIME,2026-04-06
2021-07-20,120,VLSFO,47.87,12.8,307.2,24,485.2447,0.69,Calm,FMS_MARITIME,2026-04-06
2021-07-21,120,VLSFO,27.79,11.0,264.0,24,327.7957,0.47,Calm,FMS_MARITIME,2026-04-06
2021-07-22,120,VLSFO,23.8,16.5,396.0,24,187.1545,0.92,Moderate,FMS_MARITIME,2026-04-06
2021-07-23,120,MGO,56.45,11.6,278.4,24,631.4127,0.54,Moderate,FMS_MARITIME,2026-04-06
2021-07-24,120,LSMGO,28.78,10.6,254.4,24,352.2835,0.43,Moderate,FMS_MARITIME,2026-04-06
2021-07-25,120,VLSFO,72.03,11.0,264.0,24,849.6266,0.72,Rough,FMS_MARITIME,2026-04-06
2021-07-26,120,MGO,41.53,16.0,384.0,24,336.7823,0.5,Rough,FMS_MARITIME,2026-04-06
2021-07-27,120,MGO,49.95,12.9,309.6,24,502.4041,0.58,Rough,FMS_MARITIME,2026-04-06
2021-07-28,120,LNG,43.19,11.8,283.2,24,474.907,0.94,Rough,FMS_MARITIME,2026-04-06
2021-07-28,120,VLSFO,18.49,11.6,278.4,24,206.817,0.79,Moderate,FMS_MARITIME,2026-04-06
2021-07-28,120,LSMGO,29.26,12.6,302.4,24,301.3083,0.66,Rough,FMS_MARITIME,2026-04-06
2021-07-01,121,LNG,59.05,11.7,280.8,24,654.8494,0.56,Rough,FMS_MARITIME,2026-04-06
2021-07-02,121,MGO,59.67,12.7,304.8,24,609.6207,0.75,Moderate,FMS_MARITIME,2026-04-06
2021-07-03,121,HFO,76.58,15.9,381.6,24,624.9217,0.62,Calm,FMS_MARITIME,2026-04-06
2021-07-04,121,HFO,50.32,9.0,216.0,24,725.4467,0.62,Rough,FMS_MARITIME,2026-04-06
2021-07-05,121,LNG,18.16,17.3,415.2,24,136.2,0.75,Calm,FMS_MARITIME,2026-04-06
2021-07-06,121,MGO,43.31,8.4,201.6,24,668.9848,0.51,Rough,FMS_MARITIME,2026-04-06
2021-07-07,121,LSMGO,30.77,16.8,403.2,24,237.6433,0.52,Moderate,FMS_MARITIME,2026-04-06
2021-07-08,121,LSMGO,49.0,12.6,302.4,24,504.5833,0.84,Rough,FMS_MARITIME,2026-04-06
2021-07-09,121,LSMGO,25.82,13.6,326.4,24,246.3342,0.98,Rough,FMS_MARITIME,2026-04-06
2021-07-10,121,LNG,74.63,12.9,309.6,24,750.639,0.51,Moderate,FMS_MARITIME,2026-04-06
2021-07-11,121,MGO,59.2,16.8,403.2,24,457.2143,0.95,Moderate,FMS_MARITIME,2026-04-06
2021-07-12,121,VLSFO,54.67,8.6,206.4,24,824.8177,0.76,Rough,FMS_MARITIME,2026-04-06
2021-07-13,121,LSMGO,31.54,14.1,338.4,24,290.2351,0.97,Rough,FMS_MARITIME,2026-04-06
2021-07-14,121,LNG,56.96,15.7,376.8,24,470.7363,0.48,Rough,FMS_MARITIME,2026-04-06
2021-07-15,121,LNG,45.58,15.4,369.6,24,384.0263,0.47,Moderate,FMS_MARITIME,2026-04-06
2021-07-16,121,LSMGO,77.74,9.2,220.8,24,1096.3875,1.0,Rough,FMS_MARITIME,2026-04-06
2021-07-17,121,MGO,50.5,14.7,352.8,24,445.7398,0.6,Rough,FMS_MARITIME,2026-04-06
2021-07-18,121,MGO,22.84,8.9,213.6,24,332.9764,0.89,Rough,FMS_MARITIME,2026-04-06
2021-07-19,121,MGO,24.64,9.3,223.2,24,343.7677,0.97,Calm,FMS_MARITIME,2026-04-06
2021-07-20,121,LSMGO,64.75,11.9,285.6,24,705.9926,0.67,Moderate,FMS_MARITIME,2026-04-06
2021-07-21,121,VLSFO,74.17,9.3,223.2,24,1034.7911,0.79,Calm,FMS_MARITIME,2026-04-06
2021-07-22,121,VLSFO,58.84,9.9,237.6,24,771.1606,0.74,Moderate,FMS_MARITIME,2026-04-06
2021-07-23,121,LSMGO,80.46,13.4,321.6,24,779.081,0.57,Calm,FMS_MARITIME,2026-04-06
2021-07-24,121,VLSFO,56.18,10.1,242.4,24,721.7183,0.43,Moderate,FMS_MARITIME,2026-04-06
2021-07-25,121,MGO,25.6,8.7,208.8,24,381.7931,0.8,Calm,FMS_MARITIME,2026-04-06
2021-07-26,121,VLSFO,58.34,8.5,204.0,24,890.5429,0.5,Calm,FMS_MARITIME,2026-04-06
2021-07-27,121,LNG,73.22,15.2,364.8,24,625.0194,0.52,Moderate,FMS_MARITIME,2026-04-06
2021-07-28,121,LSMGO,59.01,17.8,427.2,24,430.1431,0.65,Calm,FMS_MARITIME,2026-04-06
2021-07-28,121,HFO,41.82,15.9,381.6,24,341.267,0.76,Calm,FMS_MARITIME,2026-04-06
2021-07-28,121,LNG,20.83,11.6,278.4,24,232.9907,0.91,Moderate,FMS_MARITIME,2026-04-06
2021-07-01,122,LSMGO,45.41,17.9,429.6,24,329.1591,0.86,Rough,FMS_MARITIME,2026-04-06
2021-07-02,122,LSMGO,35.34,13.1,314.4,24,350.0279,0.51,Calm,FMS_MARITIME,2026-04-06
2021-07-03,122,HFO,63.6,14.0,336.0,24,589.4357,0.5,Rough,FMS_MARITIME,2026-04-06
2021-07-04,122,HFO,39.79,15.0,360.0,24,344.1835,0.91,Rough,FMS_MARITIME,2026-04-06
2021-07-05,122,LSMGO,83.27,10.9,261.6,24,991.2186,0.75,Calm,FMS_MARITIME,2026-04-06
2021-07-06,122,LNG,41.75,12.8,307.2,24,423.208,0.79,Moderate,FMS_MARITIME,2026-04-06
2021-07-07,122,LSMGO,82.3,10.4,249.6,24,1026.7716,0.91,Calm,FMS_MARITIME,2026-04-06
2021-07-08,122,LNG,82.2,14.4,345.6,24,740.6562,0.68,Rough,FMS_MARITIME,2026-04-06
2021-07-09,122,LSMGO,66.8,9.1,218.4,24,952.4505,0.83,Rough,FMS_MARITIME,2026-04-06
2021-07-10,122,HFO,32.67,11.7,280.8,24,362.3019,0.9,Rough,FMS_MARITIME,2026-04-06
2021-07-11,122,MGO,74.66,10.6,254.4,24,913.8807,0.48,Rough,FMS_MARITIME,2026-04-06
2021-07-12,122,HFO,22.74,17.0,408.0,24,173.5597,0.82,Calm,FMS_MARITIME,2026-04-06
2021-07-13,122,MGO,53.24,14.6,350.4,24,473.1432,0.44,Calm,FMS_MARITIME,2026-04-06
2021-07-14,122,MGO,49.12,17.2,412.8,24,370.5419,0.65,Calm,FMS_MARITIME,2026-04-06
2021-07-15,122,VLSFO,41.35,10.3,247.2,24,520.8896,0.68,Calm,FMS_MARITIME,2026-04-06
2021-07-16,122,HFO,84.0,13.3,319.2,24,819.4737,0.46,Rough,FMS_MARITIME,2026-04-06
2021-07-17,122,LSMGO,24.95,9.1,218.4,24,355.7431,0.48,Calm,FMS_MARITIME,2026-04-06
2021-07-18,122,HFO,24.53,8.2,196.8,24,388.1424,0.54,Moderate,FMS_MARITIME,2026-04-06
2021-07-19,122,VLSFO,69.69,15.3,367.2,24,590.9985,0.92,Moderate,FMS_MARITIME,2026-04-06
2021-07-20,122,MGO,51.27,11.0,264.0,24,604.753,0.69,Rough,FMS_MARITIME,2026-04-06
2021-07-21,122,VLSFO,66.19,13.6,326.4,24,631.4818,0.58,Rough,FMS_MARITIME,2026-04-06
2021-07-22,122,HFO,29.39,16.8,403.2,24,226.9853,0.92,Rough,FMS_MARITIME,2026-04-06
2021-07-23,122,LSMGO,54.99,15.3,367.2,24,466.3368,0.84,Calm,FMS_MARITIME,2026-04-06
2021-07-24,122,LNG,75.31,11.1,266.4,24,880.3128,0.83,Calm,FMS_MARITIME,2026-04-06
2021-07-25,122,VLSFO,69.73,14.3,343.2,24,632.69,0.87,Moderate,FMS_MARITIME,2026-04-06
2021-07-26,122,LNG,73.11,8.3,199.2,24,1142.8943,0.95,Calm,FMS_MARITIME,2026-04-06
2021-07-27,122,MGO,24.65,16.3,391.2,24,196.217,0.74,Rough,FMS_MARITIME,2026-04-06
2021-07-28,122,HFO,19.87,12.3,295.2,24,209.6043,0.82,Moderate,FMS_MARITIME,2026-04-06
2021-07-28,122,LSMGO,83.4,17.0,408.0,24,636.5382,0.6,Rough,FMS_MARITIME,2026-04-06
2021-07-28,122,VLSFO,52.78,14.2,340.8,24,482.268,0.9,Calm,FMS_MARITIME,2026-04-06
2021-07-01,123,LNG,56.58,17.7,424.8,24,414.7602,0.99,Rough,FMS_MARITIME,2026-04-06
2021-07-02,123,MGO,73.38,12.6,302.4,24,755.6393,0.68,Moderate,FMS_MARITIME,2026-04-06
2021-07-03,123,MGO,22.63,9.2,220.8,24,319.1568,0.43,Rough,FMS_MARITIME,2026-04-06
2021-07-04,123,MGO,60.04,17.0,408.0,24,458.2465,0.52,Calm,FMS_MARITIME,2026-04-06
2021-07-05,123,HFO,59.83,10.8,259.2,24,718.791,0.4,Calm,FMS_MARITIME,2026-04-06
2021-07-06,123,MGO,20.04,12.4,297.6,24,209.6927,0.85,Calm,FMS_MARITIME,2026-04-06
2021-07-07,123,LSMGO,61.81,8.8,211.2,24,911.3463,0.98,Calm,FMS_MARITIME,2026-04-06
2021-07-08,123,LSMGO,77.57,15.2,364.8,24,662.1518,0.91,Rough,FMS_MARITIME,2026-04-06
2021-07-09,123,HFO,66.06,15.2,364.8,24,563.9003,0.55,Moderate,FMS_MARITIME,2026-04-06
2021-07-10,123,LNG,71.82,15.4,369.6,24,605.1068,0.73,Rough,FMS_MARITIME,2026-04-06
2021-07-11,123,VLSFO,60.29,8.9,213.6,24,878.9469,0.78,Calm,FMS_MARITIME,2026-04-06
2021-07-12,123,VLSFO,83.33,12.0,288.0,24,901.0056,0.61,Calm,FMS_MARITIME,2026-04-06
2021-07-13,123,HFO,58.17,17.5,420.0,24,431.289,0.66,Moderate,FMS_MARITIME,2026-04-06
2021-07-14,123,HFO,77.14,8.8,211.2,24,1137.3767,0.73,Moderate,FMS_MARITIME,2026-04-06
2021-07-15,123,LNG,44.03,14.3,343.2,24,399.503,0.96,Moderate,FMS_MARITIME,2026-04-06
2021-07-16,123,LNG,35.41,10.7,256.8,24,429.3876,0.52,Calm,FMS_MARITIME,2026-04-06
2021-07-17,123,LSMGO,59.66,17.5,420.0,24,442.3363,0.42,Moderate,FMS_MARITIME,2026-04-06
2021-07-18,123,LNG,57.93,17.7,424.8,24,424.6564,0.82,Rough,FMS_MARITIME,2026-04-06
2021-07-19,123,LSMGO,29.91,9.7,232.8,24,400.0848,0.87,Calm,FMS_MARITIME,2026-04-06
2021-07-20,123,LSMGO,49.27,11.8,283.2,24,541.7612,0.54,Rough,FMS_MARITIME,2026-04-06
2021-07-21,123,HFO,15.05,9.7,232.8,24,201.3131,0.69,Calm,FMS_MARITIME,2026-04-06
2021-07-22,123,LNG,80.74,16.7,400.8,24,627.3063,0.47,Rough,FMS_MARITIME,2026-04-06
2021-07-23,123,VLSFO,69.76,15.5,372.0,24,583.9587,0.78,Calm,FMS_MARITIME,2026-04-06
2021-07-24,123,LSMGO,39.61,8.6,206.4,24,597.6044,0.41,Moderate,FMS_MARITIME,2026-04-06
2021-07-25,123,LNG,24.61,15.0,360.0,24,212.8765,0.72,Calm,FMS_MARITIME,2026-04-06
2021-07-26,123,LNG,56.95,13.6,326.4,24,543.3281,0.91,Moderate,FMS_MARITIME,2026-04-06
2021-07-27,123,LNG,59.04,8.0,192.0,24,957.555,0.69,Calm,FMS_MARITIME,2026-04-06
2021-07-28,123,LSMGO,22.15,15.3,367.2,24,187.8407,0.93,Moderate,FMS_MARITIME,2026-04-06
2021-07-28,123,LSMGO,43.33,15.9,381.6,24,353.5892,0.78,Moderate,FMS_MARITIME,2026-04-06
2021-07-28,123,LNG,62.18,10.1,242.4,24,798.7975,0.62,Calm,FMS_MARITIME,2026-04-06
2021-07-01,124,LSMGO,38.49,11.6,278.4,24,430.5239,0.54,Calm,FMS_MARITIME,2026-04-06
2021-07-02,124,MGO,80.89,16.3,391.2,24,643.8943,0.72,Moderate,FMS_MARITIME,2026-04-06
2021-07-03,124,HFO,51.09,9.1,218.4,24,728.4536,0.92,Calm,FMS_MARITIME,2026-04-06
2021-07-04,124,MGO,73.93,14.0,336.0,24,685.1727,0.62,Moderate,FMS_MARITIME,2026-04-06
2021-07-05,124,HFO,53.02,8.2,196.8,24,838.9445,0.65,Rough,FMS_MARITIME,2026-04-06
2021-07-06,124,VLSFO,24.28,12.9,309.6,24,244.2116,0.73,Calm,FMS_MARITIME,2026-04-06
2021-07-07,124,LNG,33.06,10.0,240.0,24,428.9535,0.44,Moderate,FMS_MARITIME,2026-04-06
2021-07-08,124,VLSFO,69.17,11.0,264.0,24,815.8916,0.61,Rough,FMS_MARITIME,2026-04-06
2021-07-09,124,VLSFO,52.35,16.6,398.4,24,409.1815,0.81,Moderate,FMS_MARITIME,2026-04-06
2021-07-10,124,HFO,45.62,9.9,237.6,24,597.8985,0.78,Moderate,FMS_MARITIME,2026-04-06
2021-07-11,124,LNG,45.62,12.0,288.0,24,493.2662,0.49,Calm,FMS_MARITIME,2026-04-06
2021-07-12,124,HFO,25.98,11.4,273.6,24,295.6934,0.83,Moderate,FMS_MARITIME,2026-04-06
2021-07-13,124,LNG,51.14,14.3,343.2,24,464.015,0.75,Moderate,FMS_MARITIME,2026-04-06
2021-07-14,124,LSMGO,53.33,9.2,220.8,24,752.1269,0.71,Rough,FMS_MARITIME,2026-04-06
2021-07-15,124,HFO,30.89,8.3,199.2,24,482.8889,0.46,Rough,FMS_MARITIME,2026-04-06
2021-07-16,124,LSMGO,83.95,15.6,374.4,24,698.238,0.52,Rough,FMS_MARITIME,2026-04-06
2021-07-17,124,HFO,43.7,11.1,266.4,24,510.8176,0.98,Moderate,FMS_MARITIME,2026-04-06
2021-07-18,124,VLSFO,22.85,8.0,192.0,24,370.5984,0.98,Moderate,FMS_MARITIME,2026-04-06
2021-07-19,124,MGO,46.86,17.9,429.6,24,339.6696,0.94,Rough,FMS_MARITIME,2026-04-06
2021-07-20,124,LSMGO,55.0,17.8,427.2,24,400.9129,0.44,Moderate,FMS_MARITIME,2026-04-06
2021-07-21,124,MGO,24.55,11.9,285.6,24,267.6775,0.45,Calm,FMS_MARITIME,2026-04-06
2021-07-22,124,LSMGO,76.51,16.0,384.0,24,620.4483,0.5,Rough,FMS_MARITIME,2026-04-06
2021-07-23,124,VLSFO,21.34,14.7,352.8,24,188.3582,0.94,Calm,FMS_MARITIME,2026-04-06
2021-07-24,124,MGO,70.03,10.4,249.6,24,873.6916,0.45,Moderate,FMS_MARITIME,2026-04-06
2021-07-25,124,VLSFO,40.51,12.0,288.0,24,438.0144,0.58,Calm,FMS_MARITIME,2026-04-06
2021-07-26,124,VLSFO,55.18,11.8,283.2,24,606.7462,0.46,Rough,FMS_MARITIME,2026-04-06
2021-07-27,124,MGO,49.35,12.6,302.4,24,508.1875,0.54,Calm,FMS_MARITIME,2026-04-06
2021-07-28,124,MGO,67.59,11.0,264.0,24,797.2548,0.63,Rough,FMS_MARITIME,2026-04-06
2021-07-28,124,LNG,75.3,17.3,415.2,24,564.75,0.87,Calm,FMS_MARITIME,2026-04-06
2021-07-28,124,VLSFO,17.55,15.0,360.0,24,151.8075,0.41,Moderate,FMS_MARITIME,2026-04-06
2021-07-01,125,VLSFO,39.77,11.0,264.0,24,469.1052,0.72,Rough,FMS_MARITIME,2026-04-06
2021-07-02,125,LSMGO,53.79,8.9,213.6,24,784.1857,0.48,Calm,FMS_MARITIME,2026-04-06
2021-07-03,125,LNG,28.68,13.2,316.8,24,281.9114,0.4,Moderate,FMS_MARITIME,2026-04-06
2021-07-04,125,VLSFO,31.5,17.2,412.8,24,237.6235,0.86,Rough,FMS_MARITIME,2026-04-06
2021-07-05,125,LNG,81.12,9.2,220.8,24,1144.0565,0.75,Rough,FMS_MARITIME,2026-04-06
2021-07-06,125,MGO,69.23,13.8,331.2,24,650.9125,0.98,Calm,FMS_MARITIME,2026-04-06
2021-07-07,125,HFO,38.1,8.7,208.8,24,568.2155,0.78,Calm,FMS_MARITIME,2026-04-06
2021-07-08,125,MGO,20.1,13.9,333.6,24,187.6241,0.77,Moderate,FMS_MARITIME,2026-04-06
2021-07-09,125,HFO,81.57,16.9,405.6,24,626.2549,0.86,Calm,FMS_MARITIME,2026-04-06
2021-07-10,125,MGO,34.1,12.5,300.0,24,353.958,0.4,Rough,FMS_MARITIME,2026-04-06
2021-07-11,125,LSMGO,67.42,9.2,220.8,24,950.8418,1.0,Rough,FMS_MARITIME,2026-04-06
2021-07-12,125,HFO,73.32,10.1,242.4,24,941.9079,0.59,Rough,FMS_MARITIME,2026-04-06
2021-07-13,125,MGO,39.2,8.4,201.6,24,605.5,0.87,Moderate,FMS_MARITIME,2026-04-06
2021-07-14,125,HFO,38.5,8.0,192.0,24,624.4219,0.58,Rough,FMS_MARITIME,2026-04-06
2021-07-15,125,LSMGO,63.55,12.3,295.2,24,670.375,0.97,Moderate,FMS_MARITIME,2026-04-06
2021-07-16,125,LNG,70.66,10.2,244.8,24,898.8368,0.72,Calm,FMS_MARITIME,2026-04-06
2021-07-17,125,LSMGO,70.95,8.4,201.6,24,1095.9241,0.69,Calm,FMS_MARITIME,2026-04-06
2021-07-18,125,VLSFO,23.43,11.3,271.2,24,269.0303,0.52,Calm,FMS_MARITIME,2026-04-06
2021-07-19,125,LSMGO,32.11,16.0,384.0,24,260.392,0.67,Rough,FMS_MARITIME,2026-04-06
2021-07-20,125,HFO,46.75,14.7,352.8,24,412.6403,0.69,Moderate,FMS_MARITIME,2026-04-06
2021-07-21,125,VLSFO,54.2,14.4,345.6,24,488.3646,0.54,Moderate,FMS_MARITIME,2026-04-06
2021-07-22,125,VLSFO,15.3,10.5,252.0,24,189.0643,0.58,Rough,FMS_MARITIME,2026-04-06
2021-07-23,125,LSMGO,21.25,15.4,369.6,24,179.0381,0.79,Rough,FMS_MARITIME,2026-04-06
2021-07-24,125,MGO,15.05,12.7,304.8,24,153.7589,0.69,Calm,FMS_MARITIME,2026-04-06
2021-07-25,125,LNG,34.9,14.3,343.2,24,316.6626,0.45,Moderate,FMS_MARITIME,2026-04-06
2021-07-26,125,HFO,38.07,13.1,314.4,24,377.0674,0.73,Calm,FMS_MARITIME,2026-04-06
2021-07-27,125,LNG,24.97,8.5,204.0,24,381.1597,0.49,Calm,FMS_MARITIME,2026-04-06
2021-07-28,125,VLSFO,32.47,11.9,285.6,24,354.0321,0.5,Moderate,FMS_MARITIME,2026-04-06
2021-07-28,125,MGO,25.53,14.9,357.6,24,222.3166,0.55,Rough,FMS_MARITIME,2026-04-06
2021-07-28,125,VLSFO,78.65,10.7,256.8,24,953.7231,0.73,Rough,FMS_MARITIME,2026-04-06
2021-07-01,126,MGO,31.28,17.8,427.2,24,228.0101,0.42,Calm,FMS_MARITIME,2026-04-06
2021-07-02,126,VLSFO,47.72,16.4,393.6,24,377.5409,0.89,Rough,FMS_MARITIME,2026-04-06
2021-07-03,126,LSMGO,72.89,11.7,280.8,24,808.3314,0.58,Calm,FMS_MARITIME,2026-04-06
2021-07-04,126,MGO,46.55,11.3,271.2,24,534.5011,0.98,Moderate,FMS_MARITIME,2026-04-06
2021-07-05,126,VLSFO,27.93,15.8,379.2,24,229.3619,0.95,Calm,FMS_MARITIME,2026-04-06
2021-07-06,126,HFO,40.2,9.8,235.2,24,532.2398,0.75,Moderate,FMS_MARITIME,2026-04-06
2021-07-07,126,HFO,64.82,15.3,367.2,24,549.699,0.87,Calm,FMS_MARITIME,2026-04-06
2021-07-08,126,MGO,72.31,10.7,256.8,24,876.8432,0.47,Rough,FMS_MARITIME,2026-04-06
2021-07-09,126,MGO,28.33,13.9,333.6,24,264.4473,1.0,Rough,FMS_MARITIME,2026-04-06
2021-07-10,126,HFO,21.47,13.9,333.6,24,200.4124,0.88,Rough,FMS_MARITIME,2026-04-06
2021-07-11,126,MGO,27.68,10.4,249.6,24,345.3346,0.71,Calm,FMS_MARITIME,2026-04-06
2021-07-12,126,LNG,39.57,16.3,391.2,24,314.9821,0.97,Moderate,FMS_MARITIME,2026-04-06
2021-07-13,126,LSMGO,73.71,9.5,228.0,24,1006.7234,0.86,Moderate,FMS_MARITIME,2026-04-06
2021-07-14,126,HFO,77.12,8.1,194.4,24,1235.3481,0.8,Moderate,FMS_MARITIME,2026-04-06
2021-07-15,126,LNG,40.12,8.8,211.2,24,591.542,0.64,Moderate,FMS_MARITIME,2026-04-06
2021-07-16,126,HFO,84.58,10.1,242.4,24,1086.5599,0.51,Rough,FMS_MARITIME,2026-04-06
2021-07-17,126,HFO,74.38,11.0,264.0,24,877.3459,0.87,Moderate,FMS_MARITIME,2026-04-06
2021-07-18,126,VLSFO,78.56,11.5,276.0,24,886.3617,0.9,Calm,FMS_MARITIME,2026-04-06
2021-07-19,126,MGO,77.4,8.3,199.2,24,1209.9578,0.62,Moderate,FMS_MARITIME,2026-04-06
2021-07-20,126,LNG,60.79,10.9,261.6,24,723.6241,0.63,Moderate,FMS_MARITIME,2026-04-06
2021-07-21,126,LNG,59.39,15.3,367.2,24,503.6505,0.64,Rough,FMS_MARITIME,2026-04-06
2021-07-22,126,LNG,60.64,12.3,295.2,24,639.678,0.86,Moderate,FMS_MARITIME,2026-04-06
2021-07-23,126,VLSFO,56.38,17.2,412.8,24,425.3084,0.7,Moderate,FMS_MARITIME,2026-04-06
2021-07-24,126,MGO,70.63,9.2,220.8,24,996.1133,0.72,Calm,FMS_MARITIME,2026-04-06
2021-07-25,126,VLSFO,26.55,8.6,206.4,24,400.5654,0.96,Rough,FMS_MARITIME,2026-04-06
2021-07-26,126,LNG,50.52,15.0,360.0,24,436.998,0.89,Rough,FMS_MARITIME,2026-04-06
2021-07-27,126,HFO,59.84,11.0,264.0,24,705.84,0.84,Moderate,FMS_MARITIME,2026-04-06
2021-07-28,126,LNG,78.4,11.6,278.4,24,876.931,0.51,Rough,FMS_MARITIME,2026-04-06
2021-07-28,126,LNG,77.59,13.1,314.4,24,768.4964,0.79,Calm,FMS_MARITIME,2026-04-06
2021-07-28,126,VLSFO,56.24,14.9,357.6,24,489.7409,0.82,Rough,FMS_MARITIME,2026-04-06
2021-07-01,127,LNG,76.91,13.9,333.6,24,717.9189,0.59,Rough,FMS_MARITIME,2026-04-06
2021-07-02,127,MGO,39.49,17.3,415.2,24,296.175,0.86,Calm,FMS_MARITIME,2026-04-06
2021-07-03,127,HFO,29.03,15.8,379.2,24,238.3951,0.87,Moderate,FMS_MARITIME,2026-04-06
2021-07-04,127,HFO,28.61,11.6,278.4,24,320.0127,0.42,Rough,FMS_MARITIME,2026-04-06
2021-07-05,127,VLSFO,55.39,17.4,417.6,24,413.0375,0.54,Calm,FMS_MARITIME,2026-04-06
2021-07-06,127,MGO,42.19,14.7,352.8,24,372.3913,0.74,Calm,FMS_MARITIME,2026-04-06
2021-07-07,127,VLSFO,81.76,8.5,204.0,24,1248.0424,0.89,Calm,FMS_MARITIME,2026-04-06
2021-07-08,127,MGO,47.37,10.0,240.0,24,614.6258,0.49,Calm,FMS_MARITIME,2026-04-06
2021-07-09,127,VLSFO,21.5,12.9,309.6,24,216.25,0.99,Rough,FMS_MARITIME,2026-04-06
2021-07-10,127,LNG,16.3,11.1,266.4,24,190.5338,0.47,Rough,FMS_MARITIME,2026-04-06
2021-07-11,127,VLSFO,61.03,14.4,345.6,24,549.9057,0.98,Moderate,FMS_MARITIME,2026-04-06
2021-07-12,127,HFO,76.72,8.5,204.0,24,1171.1082,0.94,Calm,FMS_MARITIME,2026-04-06
2021-07-13,127,LNG,22.65,13.1,314.4,24,224.3387,0.69,Moderate,FMS_MARITIME,2026-04-06
2021-07-14,127,LNG,47.27,13.3,319.2,24,461.1491,0.87,Moderate,FMS_MARITIME,2026-04-06
2021-07-15,127,LNG,64.92,10.7,256.8,24,787.2308,0.98,Calm,FMS_MARITIME,2026-04-06
2021-07-16,127,LSMGO,20.17,17.2,412.8,24,152.1545,0.9,Rough,FMS_MARITIME,2026-04-06
2021-07-17,127,LSMGO,26.58,10.0,240.0,24,344.8755,0.56,Rough,FMS_MARITIME,2026-04-06
2021-07-18,127,VLSFO,71.86,16.3,391.2,24,572.0144,0.59,Rough,FMS_MARITIME,2026-04-06
2021-07-19,127,VLSFO,53.38,10.4,249.6,24,665.9668,0.82,Moderate,FMS_MARITIME,2026-04-06
2021-07-20,127,MGO,72.18,15.5,372.0,24,604.2165,0.42,Rough,FMS_MARITIME,2026-04-06
2021-07-21,127,LSMGO,49.13,10.3,247.2,24,618.8949,0.72,Calm,FMS_MARITIME,2026-04-06
2021-07-22,127,MGO,64.66,16.0,384.0,24,524.3522,0.6,Moderate,FMS_MARITIME,2026-04-06
2021-07-23,127,LNG,19.38,13.6,326.4,24,184.8937,0.66,Calm,FMS_MARITIME,2026-04-06
2021-07-24,127,VLSFO,80.56,13.5,324.0,24,774.2711,0.6,Calm,FMS_MARITIME,2026-04-06
2021-07-25,127,LSMGO,24.95,16.6,398.4,24,195.0158,0.46,Rough,FMS_MARITIME,2026-04-06
2021-07-26,127,LSMGO,67.85,9.2,220.8,24,956.9062,0.98,Rough,FMS_MARITIME,2026-04-06
2021-07-27,127,VLSFO,55.48,14.2,340.8,24,506.9387,0.86,Rough,FMS_MARITIME,2026-04-06
2021-07-28,127,LSMGO,76.46,8.6,206.4,24,1153.568,0.76,Moderate,FMS_MARITIME,2026-04-06
2021-07-28,127,HFO,35.04,9.5,228.0,24,478.5726,0.92,Moderate,FMS_MARITIME,2026-04-06
2021-07-28,127,LSMGO,67.81,11.1,266.4,24,792.6439,0.45,Calm,FMS_MARITIME,2026-04-06
2021-07-01,128,VLSFO,57.2,15.3,367.2,24,485.0784,0.54,Rough,FMS_MARITIME,2026-04-06
2021-07-02,128,MGO,18.6,16.5,396.0,24,146.2636,0.91,Calm,FMS_MARITIME,2026-04-06
2021-07-03,128,LSMGO,38.15,16.1,386.4,24,307.4511,0.44,Calm,FMS_MARITIME,2026-04-06
2021-07-04,128,LSMGO,68.06,9.7,232.8,24,910.3902,0.8,Rough,FMS_MARITIME,2026-04-06
2021-07-05,128,LSMGO,66.88,12.9,309.6,24,672.6884,0.76,Calm,FMS_MARITIME,2026-04-06
2021-07-06,128,VLSFO,68.21,16.1,386.4,24,549.7048,0.41,Rough,FMS_MARITIME,2026-04-06
2021-07-07,128,LNG,59.02,17.8,427.2,24,430.216,0.43,Rough,FMS_MARITIME,2026-04-06
2021-07-08,128,LNG,68.96,17.4,417.6,24,514.2276,0.78,Moderate,FMS_MARITIME,2026-04-06
2021-07-09,128,LSMGO,34.5,10.9,261.6,24,410.6766,0.78,Calm,FMS_MARITIME,2026-04-06
2021-07-10,128,LSMGO,56.77,13.1,314.4,24,562.283,0.68,Rough,FMS_MARITIME,2026-04-06
2021-07-11,128,LSMGO,26.92,14.1,338.4,24,247.7213,0.41,Calm,FMS_MARITIME,2026-04-06
2021-07-12,128,MGO,53.37,17.3,415.2,24,400.275,0.49,Moderate,FMS_MARITIME,2026-04-06
2021-07-13,128,VLSFO,28.91,15.5,372.0,24,242.0047,0.45,Rough,FMS_MARITIME,2026-04-06
2021-07-14,128,VLSFO,68.77,17.6,422.4,24,506.9834,0.52,Rough,FMS_MARITIME,2026-04-06
2021-07-15,128,VLSFO,44.91,12.7,304.8,24,458.8246,0.61,Calm,FMS_MARITIME,2026-04-06
2021-07-16,128,MGO,71.31,9.0,216.0,24,1028.0525,0.66,Rough,FMS_MARITIME,2026-04-06
2021-07-17,128,LNG,21.5,12.3,295.2,24,226.7988,0.65,Rough,FMS_MARITIME,2026-04-06
2021-07-18,128,HFO,82.63,10.7,256.8,24,1001.9853,0.86,Rough,FMS_MARITIME,2026-04-06
2021-07-19,128,VLSFO,17.04,14.4,345.6,24,153.5375,0.78,Rough,FMS_MARITIME,2026-04-06
2021-07-20,128,LSMGO,15.63,12.3,295.2,24,164.8774,0.65,Rough,FMS_MARITIME,2026-04-06
2021-07-21,128,LNG,25.05,15.5,372.0,24,209.6927,0.75,Rough,FMS_MARITIME,2026-04-06
2021-07-22,128,HFO,44.68,10.8,259.2,24,536.7806,0.54,Rough,FMS_MARITIME,2026-04-06
2021-07-23,128,VLSFO,40.98,16.5,396.0,24,322.2518,0.56,Moderate,FMS_MARITIME,2026-04-06
2021-07-24,128,VLSFO,52.86,17.7,424.8,24,387.4907,0.61,Moderate,FMS_MARITIME,2026-04-06
2021-07-25,128,LNG,78.44,17.5,420.0,24,581.5766,0.73,Moderate,FMS_MARITIME,2026-04-06
2021-07-26,128,VLSFO,15.28,16.8,403.2,24,118.0107,0.49,Moderate,FMS_MARITIME,2026-04-06
2021-07-27,128,LSMGO,29.02,11.2,268.8,24,336.1915,0.72,Moderate,FMS_MARITIME,2026-04-06
2021-07-28,128,LSMGO,25.0,15.4,369.6,24,210.6331,0.52,Rough,FMS_MARITIME,2026-04-06
2021-07-28,128,LSMGO,39.84,14.8,355.2,24,349.273,0.88,Calm,FMS_MARITIME,2026-04-06
2021-07-28,128,HFO,61.61,13.5,324.0,24,592.1406,0.54,Calm,FMS_MARITIME,2026-04-06
2021-07-01,129,HFO,79.69,10.1,242.4,24,1023.7403,0.89,Calm,FMS_MARITIME,2026-04-06
2021-07-02,129,HFO,36.3,11.2,268.8,24,420.529,0.9,Rough,FMS_MARITIME,2026-04-06
2021-07-03,129,LSMGO,54.25,9.5,228.0,24,740.9408,0.94,Rough,FMS_MARITIME,2026-04-06
2021-07-04,129,VLSFO,61.08,8.5,204.0,24,932.3682,0.58,Moderate,FMS_MARITIME,2026-04-06
2021-07-05,129,VLSFO,68.09,8.4,201.6,24,1051.7473,0.56,Moderate,FMS_MARITIME,2026-04-06
2021-07-06,129,VLSFO,73.56,13.0,312.0,24,734.1854,0.94,Calm,FMS_MARITIME,2026-04-06
2021-07-07,129,MGO,27.41,10.1,242.4,24,352.1235,0.84,Calm,FMS_MARITIME,2026-04-06
2021-07-08,129,VLSFO,73.75,8.4,201.6,24,1139.1741,0.96,Calm,FMS_MARITIME,2026-04-06
2021-07-09,129,VLSFO,28.28,15.2,364.8,24,241.4033,0.46,Calm,FMS_MARITIME,2026-04-06
2021-07-10,129,LNG,62.65,15.9,381.6,24,511.2476,0.68,Calm,FMS_MARITIME,2026-04-06
2021-07-11,129,LNG,23.69,11.1,266.4,24,276.9169,0.78,Moderate,FMS_MARITIME,2026-04-06
2021-07-12,129,LSMGO,16.62,17.7,424.8,24,121.8331,0.97,Calm,FMS_MARITIME,2026-04-06
2021-07-13,129,LNG,55.46,12.5,300.0,24,575.6748,0.8,Rough,FMS_MARITIME,2026-04-06
2021-07-14,129,MGO,52.25,16.4,393.6,24,413.3803,0.89,Moderate,FMS_MARITIME,2026-04-06
2021-07-15,129,LSMGO,24.56,14.5,348.0,24,219.7697,0.66,Moderate,FMS_MARITIME,2026-04-06
2021-07-16,129,LSMGO,41.95,14.1,338.4,24,386.0293,0.73,Moderate,FMS_MARITIME,2026-04-06
2021-07-17,129,VLSFO,32.44,10.6,254.4,24,397.084,0.85,Calm,FMS_MARITIME,2026-04-06
2021-07-18,129,LNG,46.42,8.3,199.2,24,725.662,0.79,Calm,FMS_MARITIME,2026-04-06
2021-07-19,129,LSMGO,23.89,15.1,362.4,24,205.28,0.63,Moderate,FMS_MARITIME,2026-04-06
2021-07-20,129,LSMGO,41.19,9.2,220.8,24,580.9133,0.85,Calm,FMS_MARITIME,2026-04-06
2021-07-21,129,LNG,15.47,14.1,338.4,24,142.3569,0.87,Rough,FMS_MARITIME,2026-04-06
2021-07-22,129,VLSFO,63.61,12.6,302.4,24,655.0315,0.51,Calm,FMS_MARITIME,2026-04-06
2021-07-23,129,LSMGO,17.11,8.4,201.6,24,264.2884,0.9,Moderate,FMS_MARITIME,2026-04-06
2021-07-24,129,MGO,38.79,15.2,364.8,24,331.1186,0.97,Calm,FMS_MARITIME,2026-04-06
2021-07-25,129,HFO,22.18,10.3,247.2,24,279.4034,0.7,Calm,FMS_MARITIME,2026-04-06
2021-07-26,129,VLSFO,21.62,16.6,398.4,24,168.9877,0.69,Moderate,FMS_MARITIME,2026-04-06
2021-07-27,129,LSMGO,34.38,11.5,276.0,24,387.8961,0.48,Moderate,FMS_MARITIME,2026-04-06
2021-07-28,129,HFO,54.29,17.8,427.2,24,395.7375,0.52,Moderate,FMS_MARITIME,2026-04-06
2021-07-28,129,LSMGO,48.85,8.8,211.2,24,720.2599,0.93,Rough,FMS_MARITIME,2026-04-06
2021-07-28,129,MGO,62.54,9.5,228.0,24,854.1647,0.64,Moderate,FMS_MARITIME,2026-04-06
2021-07-01,130,VLSFO,28.78,10.4,249.6,24,359.0582,0.43,Rough,FMS_MARITIME,2026-04-06
2021-07-02,130,LSMGO,24.94,11.4,273.6,24,283.8566,0.94,Calm,FMS_MARITIME,2026-04-06
2021-07-03,130,MGO,46.63,14.0,336.0,24,432.1602,0.85,Calm,FMS_MARITIME,2026-04-06
2021-07-04,130,MGO,70.92,15.7,376.8,24,586.1064,0.43,Moderate,FMS_MARITIME,2026-04-06
2021-07-05,130,MGO,16.72,14.0,336.0,24,154.9586,0.75,Calm,FMS_MARITIME,2026-04-06
2021-07-06,130,VLSFO,77.58,9.2,220.8,24,1094.131,0.68,Rough,FMS_MARITIME,2026-04-06
2021-07-07,130,LNG,36.25,9.4,225.6,24,500.3657,0.89,Rough,FMS_MARITIME,2026-04-06
2021-07-08,130,HFO,70.47,8.7,208.8,24,1050.975,0.49,Moderate,FMS_MARITIME,2026-04-06
2021-07-09,130,MGO,51.17,15.9,381.6,24,417.5665,0.9,Calm,FMS_MARITIME,2026-04-06
2021-07-10,130,LSMGO,51.31,16.7,400.8,24,398.651,0.51,Rough,FMS_MARITIME,2026-04-06
2021-07-11,130,LNG,48.91,15.7,376.8,24,404.2084,0.66,Rough,FMS_MARITIME,2026-04-06
2021-07-12,130,VLSFO,17.75,13.8,331.2,24,166.8886,0.67,Moderate,FMS_MARITIME,2026-04-06
2021-07-13,130,MGO,57.31,9.8,235.2,24,758.7727,0.79,Moderate,FMS_MARITIME,2026-04-06
2021-07-14,130,LSMGO,33.62,8.1,194.4,24,538.5426,0.55,Calm,FMS_MARITIME,2026-04-06
2021-07-15,130,VLSFO,20.69,11.5,276.0,24,233.4372,1.0,Rough,FMS_MARITIME,2026-04-06
2021-07-16,130,HFO,53.65,18.0,432.0,24,386.7271,0.77,Moderate,FMS_MARITIME,2026-04-06
2021-07-17,130,VLSFO,23.81,8.7,208.8,24,355.0974,0.5,Calm,FMS_MARITIME,2026-04-06
2021-07-18,130,HFO,63.17,15.4,369.6,24,532.2278,0.6,Calm,FMS_MARITIME,2026-04-06
2021-07-19,130,HFO,64.92,14.5,348.0,24,580.9221,0.86,Moderate,FMS_MARITIME,2026-04-06
2021-07-20,130,HFO,63.41,15.6,374.4,24,527.4005,0.91,Calm,FMS_MARITIME,2026-04-06
2021-07-21,130,VLSFO,67.22,15.3,367.2,24,570.052,0.73,Calm,FMS_MARITIME,2026-04-06
2021-07-22,130,VLSFO,62.58,9.5,228.0,24,854.7111,0.79,Rough,FMS_MARITIME,2026-04-06
2021-07-23,130,LNG,83.19,8.3,199.2,24,1300.4702,0.78,Moderate,FMS_MARITIME,2026-04-06
2021-07-24,130,LNG,62.94,13.7,328.8,24,596.0923,0.85,Moderate,FMS_MARITIME,2026-04-06
2021-07-25,130,LNG,20.46,11.0,264.0,24,241.335,0.81,Calm,FMS_MARITIME,2026-04-06
2021-07-26,130,HFO,32.7,14.0,336.0,24,303.0589,0.7,Moderate,FMS_MARITIME,2026-04-06
2021-07-27,130,MGO,79.46,13.6,326.4,24,758.0835,0.98,Moderate,FMS_MARITIME,2026-04-06
2021-07-28,130,MGO,63.27,15.7,376.8,24,522.8842,0.59,Rough,FMS_MARITIME,2026-04-06
2021-07-28,130,HFO,43.49,12.3,295.2,24,458.7665,0.92,Moderate,FMS_MARITIME,2026-04-06
2021-07-28,130,HFO,27.81,10.7,256.8,24,337.2287,0.59,Rough,FMS_MARITIME,2026-04-06
2021-07-01,131,VLSFO,28.02,11.8,283.2,24,308.1013,0.64,Moderate,FMS_MARITIME,2026-04-06
2021-07-02,131,LNG,36.12,16.4,393.6,24,285.7665,0.86,Moderate,FMS_MARITIME,2026-04-06
2021-07-03,131,VLSFO,45.32,13.4,321.6,24,438.8261,0.47,Calm,FMS_MARITIME,2026-04-06
2021-07-04,131,LSMGO,78.93,10.8,259.2,24,948.2563,0.85,Moderate,FMS_MARITIME,2026-04-06
2021-07-05,131,LSMGO,39.39,15.1,362.4,24,338.4671,0.89,Rough,FMS_MARITIME,2026-04-06
2021-07-06,131,MGO,26.36,11.3,271.2,24,302.6735,0.45,Calm,FMS_MARITIME,2026-04-06
2021-07-07,131,VLSFO,25.32,13.8,331.2,24,238.063,0.52,Rough,FMS_MARITIME,2026-04-06
2021-07-08,131,VLSFO,74.18,10.9,261.6,24,883.0142,0.9,Moderate,FMS_MARITIME,2026-04-06
2021-07-09,131,LNG,80.24,12.1,290.4,24,860.4248,0.46,Moderate,FMS_MARITIME,2026-04-06
2021-07-10,131,MGO,20.94,17.4,417.6,24,156.1474,0.46,Moderate,FMS_MARITIME,2026-04-06
2021-07-11,131,MGO,71.94,15.0,360.0,24,622.281,0.51,Moderate,FMS_MARITIME,2026-04-06
2021-07-12,131,LSMGO,46.42,17.1,410.4,24,352.2219,0.77,Rough,FMS_MARITIME,2026-04-06
2021-07-13,131,LNG,17.79,14.8,355.2,24,155.963,0.8,Rough,FMS_MARITIME,2026-04-06
2021-07-14,131,MGO,26.09,16.2,388.8,24,208.9616,0.98,Calm,FMS_MARITIME,2026-04-06
2021-07-15,131,LSMGO,28.21,17.7,424.8,24,206.7936,0.49,Calm,FMS_MARITIME,2026-04-06
2021-07-16,131,MGO,15.25,13.0,312.0,24,152.2067,0.89,Moderate,FMS_MARITIME,2026-04-06
2021-07-17,131,VLSFO,28.5,8.7,208.8,24,425.0431,0.64,Moderate,FMS_MARITIME,2026-04-06
2021-07-18,131,HFO,77.27,15.6,374.4,24,642.6784,0.91,Moderate,FMS_MARITIME,2026-04-06
2021-07-19,131,HFO,35.9,8.8,211.2,24,529.321,0.6,Moderate,FMS_MARITIME,2026-04-06
2021-07-20,131,HFO,68.78,14.1,338.4,24,632.9223,0.81,Moderate,FMS_MARITIME,2026-04-06
2021-07-21,131,VLSFO,47.15,8.2,196.8,24,746.0625,0.78,Calm,FMS_MARITIME,2026-04-06
2021-07-22,131,LSMGO,72.22,13.2,316.8,24,709.8898,0.51,Rough,FMS_MARITIME,2026-04-06
2021-07-23,131,MGO,80.52,12.2,292.8,24,856.35,0.61,Rough,FMS_MARITIME,2026-04-06
2021-07-24,131,MGO,40.66,9.0,216.0,24,586.1817,0.94,Rough,FMS_MARITIME,2026-04-06
2021-07-25,131,LNG,16.37,15.7,376.8,24,135.2871,0.44,Moderate,FMS_MARITIME,2026-04-06
2021-07-26,131,MGO,60.48,9.4,225.6,24,834.817,0.95,Calm,FMS_MARITIME,2026-04-06
2021-07-27,131,HFO,36.5,16.0,384.0,24,295.9922,0.91,Rough,FMS_MARITIME,2026-04-06
2021-07-28,131,VLSFO,50.46,16.1,386.4,24,406.6575,0.96,Calm,FMS_MARITIME,2026-04-06
2021-07-28,131,HFO,64.96,13.2,316.8,24,638.5273,0.83,Rough,FMS_MARITIME,2026-04-06
2021-07-28,131,MGO,64.65,14.4,345.6,24,582.5234,0.63,Calm,FMS_MARITIME,2026-04-06
2021-07-01,132,MGO,45.28,16.9,405.6,24,347.6379,0.61,Rough,FMS_MARITIME,2026-04-06
2021-07-02,132,VLSFO,78.31,12.6,302.4,24,806.4065,0.98,Rough,FMS_MARITIME,2026-04-06
2021-07-03,132,LSMGO,40.64,10.1,242.4,24,522.0832,0.68,Rough,FMS_MARITIME,2026-04-06
2021-07-04,132,LNG,34.73,9.3,223.2,24,484.5395,0.51,Moderate,FMS_MARITIME,2026-04-06
2021-07-05,132,HFO,75.45,15.1,362.4,24,648.3204,0.98,Calm,FMS_MARITIME,2026-04-06
2021-07-06,132,LSMGO,21.11,9.5,228.0,24,288.3182,0.51,Calm,FMS_MARITIME,2026-04-06
2021-07-07,132,LNG,57.5,11.4,273.6,24,654.4408,0.97,Rough,FMS_MARITIME,2026-04-06
2021-07-08,132,LNG,82.96,17.7,424.8,24,608.139,0.58,Calm,FMS_MARITIME,2026-04-06
2021-07-09,132,MGO,41.15,16.6,398.4,24,321.6393,0.94,Rough,FMS_MARITIME,2026-04-06
2021-07-10,132,LSMGO,55.39,15.5,372.0,24,463.6679,0.66,Calm,FMS_MARITIME,2026-04-06
2021-07-11,132,LNG,36.57,17.8,427.2,24,266.5706,0.89,Calm,FMS_MARITIME,2026-04-06
2021-07-12,132,LSMGO,25.95,16.9,405.6,24,199.2315,0.84,Rough,FMS_MARITIME,2026-04-06
2021-07-13,132,LSMGO,74.37,13.7,328.8,24,704.3436,0.66,Rough,FMS_MARITIME,2026-04-06
2021-07-14,132,LSMGO,28.01,11.7,280.8,24,310.6237,0.5,Calm,FMS_MARITIME,2026-04-06
2021-07-15,132,VLSFO,26.99,12.1,290.4,24,289.4176,0.57,Moderate,FMS_MARITIME,2026-04-06
2021-07-16,132,MGO,34.88,16.7,400.8,24,270.9988,0.64,Rough,FMS_MARITIME,2026-04-06
2021-07-17,132,MGO,78.61,17.9,429.6,24,569.8127,0.63,Calm,FMS_MARITIME,2026-04-06
2021-07-18,132,LNG,17.09,9.9,237.6,24,223.9826,0.49,Moderate,FMS_MARITIME,2026-04-06
2021-07-19,132,LNG,24.69,9.3,223.2,24,344.4653,0.83,Calm,FMS_MARITIME,2026-04-06
2021-07-20,132,VLSFO,46.29,13.0,312.0,24,462.0098,0.65,Rough,FMS_MARITIME,2026-04-06
2021-07-21,132,HFO,21.31,14.4,345.6,24,192.012,0.48,Calm,FMS_MARITIME,2026-04-06
2021-07-22,132,HFO,61.31,13.6,326.4,24,584.9244,0.9,Moderate,FMS_MARITIME,2026-04-06
2021-07-23,132,HFO,16.96,15.8,379.2,24,139.2759,0.51,Rough,FMS_MARITIME,2026-04-06
2021-07-24,132,VLSFO,57.33,13.0,312.0,24,572.1975,0.52,Moderate,FMS_MARITIME,2026-04-06
2021-07-25,132,VLSFO,72.1,11.3,271.2,24,827.8739,0.87,Moderate,FMS_MARITIME,2026-04-06
2021-07-26,132,MGO,39.48,12.8,307.2,24,400.1977,0.72,Calm,FMS_MARITIME,2026-04-06
2021-07-27,132,LNG,51.57,14.5,348.0,24,461.4626,0.88,Moderate,FMS_MARITIME,2026-04-06
2021-07-28,132,LNG,61.46,12.9,309.6,24,618.1733,0.46,Moderate,FMS_MARITIME,2026-04-06
2021-07-28,132,VLSFO,49.09,8.3,199.2,24,767.4009,0.59,Moderate,FMS_MARITIME,2026-04-06
2021-07-28,132,VLSFO,39.58,9.4,225.6,24,546.3303,0.55,Calm,FMS_MARITIME,2026-04-06
2021-07-01,133,VLSFO,18.88,9.0,216.0,24,272.1867,0.46,Calm,FMS_MARITIME,2026-04-06
2021-07-02,133,VLSFO,71.88,9.3,223.2,24,1002.8419,0.91,Calm,FMS_MARITIME,2026-04-06
2021-07-03,133,HFO,37.68,9.8,235.2,24,498.8755,0.54,Rough,FMS_MARITIME,2026-04-06
2021-07-04,133,MGO,41.99,9.6,230.4,24,567.5211,0.72,Moderate,FMS_MARITIME,2026-04-06
2021-07-05,133,MGO,78.94,8.4,201.6,24,1219.3411,0.86,Rough,FMS_MARITIME,2026-04-06
2021-07-06,133,VLSFO,20.35,10.5,252.0,24,251.4679,0.46,Rough,FMS_MARITIME,2026-04-06
2021-07-07,133,HFO,24.19,17.8,427.2,24,176.3288,0.49,Moderate,FMS_MARITIME,2026-04-06
2021-07-08,133,VLSFO,38.49,17.9,429.6,24,278.9987,0.99,Moderate,FMS_MARITIME,2026-04-06
2021-07-09,133,LSMGO,55.78,10.4,249.6,24,695.9091,0.52,Calm,FMS_MARITIME,2026-04-06
2021-07-10,133,MGO,84.54,16.0,384.0,24,685.5666,0.89,Moderate,FMS_MARITIME,2026-04-06
2021-07-11,133,LNG,32.07,11.2,268.8,24,371.5252,0.45,Moderate,FMS_MARITIME,2026-04-06
2021-07-12,133,LSMGO,19.47,12.4,297.6,24,203.7284,0.96,Rough,FMS_MARITIME,2026-04-06
2021-07-13,133,MGO,20.19,8.3,199.2,24,315.6208,0.61,Calm,FMS_MARITIME,2026-04-06
2021-07-14,133,MGO,63.91,9.0,216.0,24,921.3692,0.67,Calm,FMS_MARITIME,2026-04-06
2021-07-15,133,VLSFO,65.7,8.2,196.8,24,1039.5823,0.45,Calm,FMS_MARITIME,2026-04-06
2021-07-16,133,VLSFO,82.38,8.1,194.4,24,1319.6056,0.49,Rough,FMS_MARITIME,2026-04-06
2021-07-17,133,HFO,83.81,15.1,362.4,24,720.1555,0.48,Moderate,FMS_MARITIME,2026-04-06
2021-07-18,133,LSMGO,42.2,10.6,254.4,24,516.5519,0.78,Moderate,FMS_MARITIME,2026-04-06
2021-07-19,133,VLSFO,44.06,9.8,235.2,24,583.3454,0.65,Rough,FMS_MARITIME,2026-04-06
2021-07-20,133,HFO,31.23,9.5,228.0,24,426.5361,0.99,Calm,FMS_MARITIME,2026-04-06
2021-07-21,133,LNG,48.45,16.4,393.6,24,383.3163,0.54,Moderate,FMS_MARITIME,2026-04-06
2021-07-22,133,LNG,17.54,15.7,376.8,24,144.9564,0.67,Moderate,FMS_MARITIME,2026-04-06
2021-07-23,133,MGO,59.12,11.6,278.4,24,661.2776,0.73,Calm,FMS_MARITIME,2026-04-06
2021-07-24,133,HFO,76.98,12.7,304.8,24,786.4689,0.78,Moderate,FMS_MARITIME,2026-04-06
2021-07-25,133,HFO,57.44,13.3,319.2,24,560.3639,0.57,Calm,FMS_MARITIME,2026-04-06
2021-07-26,133,LSMGO,74.48,13.8,331.2,24,700.2739,0.93,Calm,FMS_MARITIME,2026-04-06
2021-07-27,133,VLSFO,59.25,15.1,362.4,24,509.1184,0.82,Moderate,FMS_MARITIME,2026-04-06
2021-07-28,133,VLSFO,77.11,11.3,271.2,24,885.4002,0.88,Moderate,FMS_MARITIME,2026-04-06
2021-07-28,133,LSMGO,84.33,12.1,290.4,24,904.2824,0.75,Rough,FMS_MARITIME,2026-04-06
2021-07-28,133,VLSFO,62.66,10.8,259.2,24,752.7903,0.48,Calm,FMS_MARITIME,2026-04-06
2021-07-01,134,LSMGO,26.62,15.9,381.6,24,217.2292,0.49,Calm,FMS_MARITIME,2026-04-06
2021-07-02,134,LNG,31.66,11.9,285.6,24,345.2004,0.91,Moderate,FMS_MARITIME,2026-04-06
2021-07-03,134,MGO,42.57,13.6,326.4,24,406.1366,0.86,Calm,FMS_MARITIME,2026-04-06
2021-07-04,134,LSMGO,15.63,15.6,374.4,24,129.9995,0.83,Rough,FMS_MARITIME,2026-04-06
2021-07-05,134,HFO,53.57,10.5,252.0,24,661.9721,0.56,Rough,FMS_MARITIME,2026-04-06
2021-07-06,134,MGO,81.61,12.9,309.6,24,820.8448,0.81,Moderate,FMS_MARITIME,2026-04-06
2021-07-07,134,HFO,42.57,13.6,326.4,24,406.1366,0.9,Calm,FMS_MARITIME,2026-04-06
2021-07-08,134,LSMGO,33.77,12.3,295.2,24,356.2323,0.9,Rough,FMS_MARITIME,2026-04-06
2021-07-09,134,LNG,45.76,12.3,295.2,24,482.7122,0.81,Rough,FMS_MARITIME,2026-04-06
2021-07-10,134,LSMGO,57.36,11.7,280.8,24,636.1077,0.69,Calm,FMS_MARITIME,2026-04-06
2021-07-11,134,LNG,84.82,12.6,302.4,24,873.444,0.71,Moderate,FMS_MARITIME,2026-04-06
2021-07-12,134,LSMGO,52.54,14.1,338.4,24,483.4798,0.85,Calm,FMS_MARITIME,2026-04-06
2021-07-13,134,LSMGO,47.87,17.4,417.6,24,356.9616,0.49,Moderate,FMS_MARITIME,2026-04-06
2021-07-14,134,HFO,61.58,14.4,345.6,24,554.8615,0.86,Rough,FMS_MARITIME,2026-04-06
2021-07-15,134,HFO,20.29,8.2,196.8,24,321.0521,0.87,Moderate,FMS_MARITIME,2026-04-06
2021-07-16,134,HFO,21.17,16.6,398.4,24,165.4703,0.61,Calm,FMS_MARITIME,2026-04-06
2021-07-17,134,LSMGO,37.68,9.0,216.0,24,543.22,0.84,Rough,FMS_MARITIME,2026-04-06
2021-07-18,134,LSMGO,33.33,16.6,398.4,24,260.5161,0.72,Rough,FMS_MARITIME,2026-04-06
2021-07-19,134,VLSFO,75.04,11.9,285.6,24,818.1882,0.82,Calm,FMS_MARITIME,2026-04-06
2021-07-20,134,MGO,78.4,12.5,300.0,24,813.792,0.8,Moderate,FMS_MARITIME,2026-04-06
2021-07-21,134,LNG,60.34,17.2,412.8,24,455.1811,0.48,Calm,FMS_MARITIME,2026-04-06
2021-07-22,134,MGO,24.21,12.7,304.8,24,247.3423,0.94,Rough,FMS_MARITIME,2026-04-06
2021-07-23,134,LSMGO,16.25,17.8,427.2,24,118.4515,0.88,Rough,FMS_MARITIME,2026-04-06
2021-07-24,134,VLSFO,18.43,12.4,297.6,24,192.8462,0.49,Moderate,FMS_MARITIME,2026-04-06
2021-07-25,134,MGO,45.69,17.1,410.4,24,346.6829,0.85,Rough,FMS_MARITIME,2026-04-06
2021-07-26,134,LSMGO,75.22,10.0,240.0,24,975.9795,0.61,Calm,FMS_MARITIME,2026-04-06
2021-07-27,134,MGO,28.67,14.8,355.2,24,251.3468,0.59,Calm,FMS_MARITIME,2026-04-06
2021-07-28,134,HFO,64.53,11.5,276.0,24,728.0667,0.92,Rough,FMS_MARITIME,2026-04-06
2021-07-28,134,LNG,64.14,8.3,199.2,24,1002.6705,0.8,Moderate,FMS_MARITIME,2026-04-06
2021-07-28,134,LSMGO,15.98,17.9,429.6,24,115.8327,0.6,Calm,FMS_MARITIME,2026-04-06
2021-07-01,135,VLSFO,84.27,9.1,218.4,24,1201.542,0.52,Calm,FMS_MARITIME,2026-04-06
2021-07-02,135,LNG,22.15,13.7,328.8,24,209.7783,0.61,Calm,FMS_MARITIME,2026-04-06
2021-07-03,135,MGO,60.64,8.2,196.8,24,959.5171,0.41,Calm,FMS_MARITIME,2026-04-06
2021-07-04,135,LSMGO,70.43,16.9,405.6,24,540.7274,0.61,Calm,FMS_MARITIME,2026-04-06
2021-07-05,135,MGO,33.49,16.8,403.2,24,258.6504,0.95,Rough,FMS_MARITIME,2026-04-06
2021-07-06,135,HFO,25.16,14.7,352.8,24,222.0755,0.87,Moderate,FMS_MARITIME,2026-04-06
2021-07-07,135,LSMGO,49.9,8.5,204.0,24,761.7088,0.41,Calm,FMS_MARITIME,2026-04-06
2021-07-08,135,MGO,63.24,12.5,300.0,24,656.4312,0.91,Calm,FMS_MARITIME,2026-04-06
2021-07-09,135,MGO,23.6,13.2,316.8,24,231.9773,0.84,Moderate,FMS_MARITIME,2026-04-06
2021-07-10,135,HFO,26.77,14.6,350.4,24,237.9046,0.61,Rough,FMS_MARITIME,2026-04-06
2021-07-11,135,VLSFO,16.48,16.6,398.4,24,128.812,0.92,Rough,FMS_MARITIME,2026-04-06
2021-07-12,135,LNG,47.29,15.8,379.2,24,388.3467,0.6,Rough,FMS_MARITIME,2026-04-06
2021-07-13,135,VLSFO,59.11,11.2,268.8,24,684.7788,0.96,Rough,FMS_MARITIME,2026-04-06
2021-07-14,135,VLSFO,62.59,12.8,307.2,24,634.4572,0.67,Rough,FMS_MARITIME,2026-04-06
2021-07-15,135,LSMGO,77.14,11.2,268.8,24,893.6531,0.41,Rough,FMS_MARITIME,2026-04-06
2021-07-16,135,VLSFO,71.51,10.1,242.4,24,918.6557,0.75,Rough,FMS_MARITIME,2026-04-06
2021-07-17,135,HFO,56.86,8.5,204.0,24,867.9512,0.91,Rough,FMS_MARITIME,2026-04-06
2021-07-18,135,MGO,78.76,15.5,372.0,24,659.2974,0.44,Rough,FMS_MARITIME,2026-04-06
2021-07-19,135,HFO,66.24,8.4,201.6,24,1023.1714,0.73,Calm,FMS_MARITIME,2026-04-06
2021-07-20,135,VLSFO,82.09,9.2,220.8,24,1157.7367,0.73,Moderate,FMS_MARITIME,2026-04-06
2021-07-21,135,HFO,19.27,17.0,408.0,24,147.0754,0.99,Moderate,FMS_MARITIME,2026-04-06
2021-07-22,135,MGO,58.73,16.1,386.4,24,473.3054,0.91,Calm,FMS_MARITIME,2026-04-06
2021-07-23,135,LNG,16.78,8.8,211.2,24,247.4097,0.92,Moderate,FMS_MARITIME,2026-04-06
2021-07-24,135,LNG,48.8,17.4,417.6,24,363.8966,0.61,Calm,FMS_MARITIME,2026-04-06
2021-07-25,135,LNG,17.18,13.9,333.6,24,160.3673,0.79,Moderate,FMS_MARITIME,2026-04-06
2021-07-26,135,MGO,17.31,10.4,249.6,24,215.9589,0.63,Moderate,FMS_MARITIME,2026-04-06
2021-07-27,135,HFO,47.54,9.4,225.6,24,656.2037,0.57,Moderate,FMS_MARITIME,2026-04-06
2021-07-28,135,HFO,39.91,16.6,398.4,24,311.9471,0.67,Calm,FMS_MARITIME,2026-04-06
2021-07-28,135,MGO,76.66,12.8,307.2,24,777.0809,0.53,Moderate,FMS_MARITIME,2026-04-06
2021-07-28,135,LNG,62.5,17.4,417.6,24,466.056,0.89,Calm,FMS_MARITIME,2026-04-06
2021-07-01,136,HFO,17.98,9.6,230.4,24,243.0109,0.63,Rough,FMS_MARITIME,2026-04-06
2021-07-02,136,HFO,34.68,13.3,319.2,24,338.3256,0.58,Moderate,FMS_MARITIME,2026-04-06
2021-07-03,136,MGO,80.05,12.3,295.2,24,844.4299,0.9,Calm,FMS_MARITIME,2026-04-06
2021-07-04,136,HFO,57.88,14.3,343.2,24,525.1699,0.65,Rough,FMS_MARITIME,2026-04-06
2021-07-05,136,LNG,64.14,12.0,288.0,24,693.5137,0.81,Moderate,FMS_MARITIME,2026-04-06
2021-07-06,136,LNG,57.24,12.0,288.0,24,618.9075,0.48,Rough,FMS_MARITIME,2026-04-06
2021-07-07,136,LNG,77.41,13.4,321.6,24,749.5483,0.6,Calm,FMS_MARITIME,2026-04-06
2021-07-08,136,MGO,49.5,12.2,292.8,24,526.4447,0.61,Rough,FMS_MARITIME,2026-04-06
2021-07-09,136,HFO,54.33,17.3,415.2,24,407.475,0.98,Rough,FMS_MARITIME,2026-04-06
2021-07-10,136,LSMGO,67.62,14.8,355.2,24,592.8172,0.71,Rough,FMS_MARITIME,2026-04-06
2021-07-11,136,LNG,35.25,11.3,271.2,24,404.7511,0.45,Moderate,FMS_MARITIME,2026-04-06
2021-07-12,136,LSMGO,32.81,9.3,223.2,24,457.7524,0.53,Moderate,FMS_MARITIME,2026-04-06
2021-07-13,136,HFO,38.05,8.5,204.0,24,580.8221,0.45,Moderate,FMS_MARITIME,2026-04-06
2021-07-14,136,VLSFO,44.17,17.7,424.8,24,323.7886,0.67,Rough,FMS_MARITIME,2026-04-06
2021-07-15,136,MGO,24.96,16.8,403.2,24,192.7714,0.5,Calm,FMS_MARITIME,2026-04-06
2021-07-16,136,VLSFO,55.92,9.0,216.0,24,806.18,0.68,Rough,FMS_MARITIME,2026-04-06
2021-07-17,136,LNG,20.97,17.3,415.2,24,157.275,0.49,Rough,FMS_MARITIME,2026-04-06
2021-07-18,136,MGO,61.74,14.5,348.0,24,552.4666,0.47,Calm,FMS_MARITIME,2026-04-06
2021-07-19,136,VLSFO,50.63,14.2,340.8,24,462.6227,0.43,Calm,FMS_MARITIME,2026-04-06
2021-07-20,136,HFO,71.15,13.9,333.6,24,664.152,0.4,Calm,FMS_MARITIME,2026-04-06
2021-07-21,136,LNG,53.52,16.4,393.6,24,423.428,0.94,Rough,FMS_MARITIME,2026-04-06
2021-07-22,136,LNG,74.25,16.1,386.4,24,598.3812,0.78,Moderate,FMS_MARITIME,2026-04-06
2021-07-23,136,MGO,58.23,11.2,268.8,24,674.5842,0.44,Moderate,FMS_MARITIME,2026-04-06
2021-07-24,136,LNG,21.81,14.5,348.0,24,195.1619,0.93,Calm,FMS_MARITIME,2026-04-06
2021-07-25,136,LSMGO,36.39,17.8,427.2,24,265.2586,0.43,Calm,FMS_MARITIME,2026-04-06
2021-07-26,136,MGO,61.28,15.3,367.2,24,519.6784,0.56,Rough,FMS_MARITIME,2026-04-06
2021-07-27,136,VLSFO,29.24,16.3,391.2,24,232.754,0.68,Rough,FMS_MARITIME,2026-04-06
2021-07-28,136,HFO,83.36,14.3,343.2,24,756.3608,0.49,Calm,FMS_MARITIME,2026-04-06
2021-07-28,136,HFO,57.67,10.5,252.0,24,712.6364,0.84,Rough,FMS_MARITIME,2026-04-06
2021-07-28,136,MGO,42.36,10.1,242.4,24,544.1792,0.92,Rough,FMS_MARITIME,2026-04-06
2021-07-01,137,HFO,72.24,8.8,211.2,24,1065.1295,0.44,Moderate,FMS_MARITIME,2026-04-06
2021-07-02,137,LNG,32.86,10.3,247.2,24,413.9403,0.86,Rough,FMS_MARITIME,2026-04-06
2021-07-03,137,LNG,64.56,17.2,412.8,24,487.0151,0.77,Calm,FMS_MARITIME,2026-04-06
2021-07-04,137,VLSFO,65.32,9.3,223.2,24,911.3194,0.68,Calm,FMS_MARITIME,2026-04-06
2021-07-05,137,LSMGO,19.58,8.5,204.0,24,298.8829,0.82,Moderate,FMS_MARITIME,2026-04-06
2021-07-06,137,VLSFO,80.71,16.1,386.4,24,650.4424,0.57,Moderate,FMS_MARITIME,2026-04-06
2021-07-07,137,LSMGO,20.6,15.2,364.8,24,175.8454,0.87,Calm,FMS_MARITIME,2026-04-06
2021-07-08,137,LNG,43.48,10.1,242.4,24,558.5673,0.69,Moderate,FMS_MARITIME,2026-04-06
2021-07-09,137,VLSFO,74.41,14.6,350.4,24,661.2807,0.64,Rough,FMS_MARITIME,2026-04-06
2021-07-10,137,LSMGO,77.79,15.9,381.6,24,634.7958,0.7,Rough,FMS_MARITIME,2026-04-06
2021-07-11,137,VLSFO,66.81,9.5,228.0,24,912.4839,0.73,Rough,FMS_MARITIME,2026-04-06
2021-07-12,137,VLSFO,39.67,8.9,213.6,24,578.3351,0.67,Moderate,FMS_MARITIME,2026-04-06
2021-07-13,137,LNG,50.66,13.4,321.6,24,490.5325,0.45,Calm,FMS_MARITIME,2026-04-06
2021-07-14,137,VLSFO,27.64,13.5,324.0,24,265.6511,0.49,Rough,FMS_MARITIME,2026-04-06
2021-07-15,137,LNG,26.54,15.5,372.0,24,222.1655,0.54,Calm,FMS_MARITIME,2026-04-06
2021-07-16,137,VLSFO,40.61,14.7,352.8,24,358.4454,0.96,Moderate,FMS_MARITIME,2026-04-06
2021-07-17,137,LNG,22.7,17.9,429.6,24,164.5433,0.79,Moderate,FMS_MARITIME,2026-04-06
2021-07-18,137,HFO,52.0,14.8,355.2,24,455.8784,0.52,Moderate,FMS_MARITIME,2026-04-06
2021-07-19,137,HFO,35.0,12.8,307.2,24,354.7852,0.96,Moderate,FMS_MARITIME,2026-04-06
2021-07-20,137,HFO,16.78,15.7,376.8,24,138.6755,0.82,Moderate,FMS_MARITIME,2026-04-06
2021-07-21,137,HFO,15.53,8.3,199.2,24,242.7732,0.43,Moderate,FMS_MARITIME,2026-04-06
2021-07-22,137,VLSFO,31.01,15.1,362.4,24,266.4601,0.75,Calm,FMS_MARITIME,2026-04-06
2021-07-23,137,LNG,17.49,14.0,336.0,24,162.0948,0.55,Calm,FMS_MARITIME,2026-04-06
2021-07-24,137,LNG,72.71,17.5,420.0,24,539.0927,0.65,Calm,FMS_MARITIME,2026-04-06
2021-07-25,137,MGO,78.73,11.8,283.2,24,865.6964,0.53,Rough,FMS_MARITIME,2026-04-06
2021-07-26,137,HFO,49.62,10.4,249.6,24,619.0572,0.44,Calm,FMS_MARITIME,2026-04-06
2021-07-27,137,LSMGO,65.68,11.7,280.8,24,728.3744,0.54,Rough,FMS_MARITIME,2026-04-06
2021-07-28,137,VLSFO,21.12,11.9,285.6,24,230.279,0.84,Moderate,FMS_MARITIME,2026-04-06
2021-07-28,137,LSMGO,42.19,8.4,201.6,24,651.6848,0.53,Rough,FMS_MARITIME,2026-04-06
2021-07-28,137,LNG,34.32,12.4,297.6,24,359.1145,0.62,Rough,FMS_MARITIME,2026-04-06
2021-07-01,138,LSMGO,31.85,13.4,321.6,24,308.3983,0.66,Moderate,FMS_MARITIME,2026-04-06
2021-07-02,138,MGO,64.65,14.4,345.6,24,582.5234,0.43,Rough,FMS_MARITIME,2026-04-06
2021-07-03,138,HFO,67.03,17.4,417.6,24,499.8358,0.98,Rough,FMS_MARITIME,2026-04-06
2021-07-04,138,HFO,61.08,16.5,396.0,24,480.3109,0.71,Rough,FMS_MARITIME,2026-04-06
2021-07-05,138,HFO,54.31,15.6,374.4,24,451.713,0.87,Calm,FMS_MARITIME,2026-04-06
2021-07-06,138,HFO,38.63,8.6,206.4,24,582.8189,0.55,Moderate,FMS_MARITIME,2026-04-06
2021-07-07,138,LNG,43.82,12.0,288.0,24,473.8037,0.59,Moderate,FMS_MARITIME,2026-04-06
2021-07-08,138,VLSFO,20.73,9.0,216.0,24,298.8575,0.99,Calm,FMS_MARITIME,2026-04-06
2021-07-09,138,MGO,69.33,12.6,302.4,24,713.9339,0.48,Moderate,FMS_MARITIME,2026-04-06
2021-07-10,138,LSMGO,69.25,10.9,261.6,24,824.3291,0.41,Rough,FMS_MARITIME,2026-04-06
2021-07-11,138,HFO,83.58,12.6,302.4,24,860.675,0.47,Rough,FMS_MARITIME,2026-04-06
2021-07-12,138,LSMGO,22.07,14.4,345.6,24,198.8599,0.86,Moderate,FMS_MARITIME,2026-04-06
2021-07-13,138,VLSFO,64.85,12.0,288.0,24,701.1906,0.96,Moderate,FMS_MARITIME,2026-04-06
2021-07-14,138,MGO,39.62,13.4,321.6,24,383.634,0.99,Moderate,FMS_MARITIME,2026-04-06
2021-07-15,138,LSMGO,16.66,14.6,350.4,24,148.0572,0.97,Calm,FMS_MARITIME,2026-04-06
2021-07-16,138,LSMGO,50.41,13.4,321.6,24,488.1118,0.76,Calm,FMS_MARITIME,2026-04-06
2021-07-17,138,LSMGO,84.61,10.1,242.4,24,1086.9453,0.77,Moderate,FMS_MARITIME,2026-04-06
2021-07-18,138,MGO,43.33,15.8,379.2,24,355.8271,0.76,Calm,FMS_MARITIME,2026-04-06
2021-07-19,138,HFO,19.0,9.1,218.4,24,270.9066,0.73,Moderate,FMS_MARITIME,2026-04-06
2021-07-20,138,MGO,33.45,16.7,400.8,24,259.8885,0.91,Rough,FMS_MARITIME,2026-04-06
2021-07-21,138,LNG,62.91,14.9,357.6,24,547.8237,0.5,Rough,FMS_MARITIME,2026-04-06
2021-07-22,138,LSMGO,45.01,11.9,285.6,24,490.7603,0.78,Moderate,FMS_MARITIME,2026-04-06
2021-07-23,138,LSMGO,25.48,16.3,391.2,24,202.8239,0.93,Rough,FMS_MARITIME,2026-04-06
2021-07-24,138,VLSFO,72.73,8.4,201.6,24,1123.4188,0.59,Rough,FMS_MARITIME,2026-04-06
2021-07-25,138,HFO,25.28,13.8,331.2,24,237.687,0.82,Moderate,FMS_MARITIME,2026-04-06
2021-07-26,138,HFO,34.73,8.0,192.0,24,563.2772,0.59,Moderate,FMS_MARITIME,2026-04-06
2021-07-27,138,VLSFO,25.33,12.7,304.8,24,258.7848,0.49,Moderate,FMS_MARITIME,2026-04-06
2021-07-28,138,VLSFO,40.38,11.1,266.4,24,472.0095,0.89,Rough,FMS_MARITIME,2026-04-06
2021-07-28,138,VLSFO,21.26,17.2,412.8,24,160.377,0.54,Calm,FMS_MARITIME,2026-04-06
2021-07-28,138,MGO,79.52,9.8,235.2,24,1052.8286,0.48,Rough,FMS_MARITIME,2026-04-06
2021-07-01,139,VLSFO,25.41,10.0,240.0,24,329.6947,0.6,Rough,FMS_MARITIME,2026-04-06
2021-07-02,139,HFO,39.79,8.8,211.2,24,586.6764,0.74,Moderate,FMS_MARITIME,2026-04-06
2021-07-03,139,LNG,42.85,11.2,268.8,24,496.4096,0.95,Moderate,FMS_MARITIME,2026-04-06
2021-07-04,139,LSMGO,41.93,8.1,194.4,24,671.6565,0.97,Moderate,FMS_MARITIME,2026-04-06
2021-07-05,139,VLSFO,25.44,13.9,333.6,24,237.4705,0.5,Calm,FMS_MARITIME,2026-04-06
2021-07-06,139,MGO,41.66,16.3,391.2,24,331.6187,0.59,Moderate,FMS_MARITIME,2026-04-06
2021-07-07,139,VLSFO,49.09,10.4,249.6,24,612.445,0.54,Calm,FMS_MARITIME,2026-04-06
2021-07-08,139,LNG,84.0,14.9,357.6,24,731.4765,0.54,Calm,FMS_MARITIME,2026-04-06
2021-07-09,139,MGO,15.93,15.2,364.8,24,135.9814,0.63,Moderate,FMS_MARITIME,2026-04-06
2021-07-10,139,MGO,72.83,9.6,230.4,24,984.343,0.95,Moderate,FMS_MARITIME,2026-04-06
2021-07-11,139,HFO,82.81,15.2,364.8,24,706.8814,0.94,Moderate,FMS_MARITIME,2026-04-06
2021-07-12,139,LSMGO,26.76,9.2,220.8,24,377.4033,0.97,Calm,FMS_MARITIME,2026-04-06
2021-07-13,139,VLSFO,22.61,15.2,364.8,24,193.0031,0.44,Moderate,FMS_MARITIME,2026-04-06
2021-07-14,139,LSMGO,64.19,14.5,348.0,24,574.3898,0.91,Moderate,FMS_MARITIME,2026-04-06
2021-07-15,139,HFO,17.68,9.3,223.2,24,246.6645,0.4,Moderate,FMS_MARITIME,2026-04-06
2021-07-16,139,LNG,44.81,14.8,355.2,24,392.8444,1.0,Calm,FMS_MARITIME,2026-04-06
2021-07-17,139,LSMGO,63.57,11.2,268.8,24,736.4471,0.74,Calm,FMS_MARITIME,2026-04-06
2021-07-18,139,LNG,82.55,12.9,309.6,24,830.2994,0.54,Moderate,FMS_MARITIME,2026-04-06
2021-07-19,139,LSMGO,79.13,12.5,300.0,24,821.3694,0.86,Calm,FMS_MARITIME,2026-04-06
2021-07-20,139,HFO,22.03,9.7,232.8,24,294.6796,0.62,Moderate,FMS_MARITIME,2026-04-06
2021-07-21,139,HFO,61.62,9.0,216.0,24,888.355,0.58,Moderate,FMS_MARITIME,2026-04-06
2021-07-22,139,LNG,84.58,16.3,391.2,24,673.2672,0.43,Moderate,FMS_MARITIME,2026-04-06
2021-07-23,139,MGO,68.17,8.2,196.8,24,1078.6655,0.86,Moderate,FMS_MARITIME,2026-04-06
2021-07-24,139,LSMGO,24.4,14.4,345.6,24,219.8542,0.74,Rough,FMS_MARITIME,2026-04-06
2021-07-25,139,LSMGO,62.72,16.9,405.6,24,481.5337,0.73,Calm,FMS_MARITIME,2026-04-06
2021-07-26,139,LSMGO,57.68,9.4,225.6,24,796.1681,0.64,Moderate,FMS_MARITIME,2026-04-06
2021-07-27,139,LSMGO,36.99,8.2,196.8,24,585.2991,0.53,Calm,FMS_MARITIME,2026-04-06
2021-07-28,139,VLSFO,72.27,17.7,424.8,24,529.7758,0.5,Calm,FMS_MARITIME,2026-04-06
2021-07-28,139,LNG,44.35,8.2,196.8,24,701.7576,0.86,Calm,FMS_MARITIME,2026-04-06
2021-07-28,139,LNG,80.59,15.4,369.6,24,678.9969,0.57,Moderate,FMS_MARITIME,2026-04-06
2021-07-01,140,LSMGO,37.28,9.5,228.0,24,509.1663,0.41,Moderate,FMS_MARITIME,2026-04-06
2021-07-02,140,HFO,24.05,9.8,235.2,24,318.4171,0.73,Rough,FMS_MARITIME,2026-04-06
2021-07-03,140,LSMGO,45.96,15.0,360.0,24,397.554,0.62,Rough,FMS_MARITIME,2026-04-06
2021-07-04,140,VLSFO,29.57,12.4,297.6,24,309.4119,0.99,Rough,FMS_MARITIME,2026-04-06
2021-07-05,140,LSMGO,54.38,16.9,405.6,24,417.5033,0.47,Rough,FMS_MARITIME,2026-04-06
2021-07-06,140,HFO,76.58,13.9,333.6,24,714.8385,0.49,Moderate,FMS_MARITIME,2026-04-06
2021-07-07,140,MGO,19.36,15.4,369.6,24,163.1143,0.71,Calm,FMS_MARITIME,2026-04-06
2021-07-08,140,HFO,64.16,16.3,391.2,24,510.7215,0.79,Moderate,FMS_MARITIME,2026-04-06
2021-07-09,140,LNG,29.55,14.3,343.2,24,268.1198,0.78,Moderate,FMS_MARITIME,2026-04-06
2021-07-10,140,VLSFO,54.94,13.8,331.2,24,516.5554,0.94,Moderate,FMS_MARITIME,2026-04-06
2021-07-11,140,HFO,59.23,13.8,331.2,24,556.8908,0.91,Calm,FMS_MARITIME,2026-04-06
2021-07-12,140,MGO,28.13,11.2,268.8,24,325.881,0.61,Rough,FMS_MARITIME,2026-04-06
2021-07-13,140,LSMGO,62.98,17.7,424.8,24,461.6754,0.71,Moderate,FMS_MARITIME,2026-04-06
2021-07-14,140,LSMGO,81.43,13.9,333.6,24,760.111,0.71,Calm,FMS_MARITIME,2026-04-06
2021-07-15,140,VLSFO,46.19,13.5,324.0,24,443.9372,0.67,Rough,FMS_MARITIME,2026-04-06
2021-07-16,140,HFO,38.84,17.1,410.4,24,294.707,0.83,Calm,FMS_MARITIME,2026-04-06
2021-07-17,140,LSMGO,30.95,11.4,273.6,24,352.2599,0.97,Moderate,FMS_MARITIME,2026-04-06
2021-07-18,140,LSMGO,42.01,8.4,201.6,24,648.9045,0.59,Calm,FMS_MARITIME,2026-04-06
2021-07-19,140,LNG,36.53,12.1,290.4,24,391.7163,0.46,Moderate,FMS_MARITIME,2026-04-06
2021-07-20,140,LNG,30.56,15.8,379.2,24,250.9595,0.71,Moderate,FMS_MARITIME,2026-04-06
2021-07-21,140,MGO,54.6,10.1,242.4,24,701.4208,0.96,Moderate,FMS_MARITIME,2026-04-06
2021-07-22,140,LNG,68.36,17.3,415.2,24,512.7,0.99,Calm,FMS_MARITIME,2026-04-06
2021-07-23,140,MGO,67.88,17.6,422.4,24,500.4222,0.99,Calm,FMS_MARITIME,2026-04-06
2021-07-24,140,LNG,81.83,14.1,338.4,24,753.0101,0.41,Moderate,FMS_MARITIME,2026-04-06
2021-07-25,140,LSMGO,52.32,13.6,326.4,24,499.1559,0.77,Moderate,FMS_MARITIME,2026-04-06
2021-07-26,140,MGO,74.61,16.2,388.8,24,597.5708,0.75,Moderate,FMS_MARITIME,2026-04-06
2021-07-27,140,HFO,58.77,8.3,199.2,24,918.7238,0.82,Rough,FMS_MARITIME,2026-04-06
2021-07-28,140,VLSFO,35.91,16.7,400.8,24,279.0013,0.75,Rough,FMS_MARITIME,2026-04-06
2021-07-28,140,LSMGO,24.0,8.2,196.8,24,379.7561,0.83,Rough,FMS_MARITIME,2026-04-06
2021-07-28,140,HFO,22.05,13.0,312.0,24,220.076,0.85,Calm,FMS_MARITIME,2026-04-06
2021-07-01,141,LNG,62.91,17.5,420.0,24,466.4327,0.53,Rough,FMS_MARITIME,2026-04-06
2021-07-02,141,LSMGO,47.99,9.3,223.2,24,669.5379,0.47,Calm,FMS_MARITIME,2026-04-06
2021-07-03,141,HFO,65.29,11.3,271.2,24,749.6794,0.9,Rough,FMS_MARITIME,2026-04-06
2021-07-04,141,LSMGO,81.71,16.3,391.2,24,650.4216,0.88,Moderate,FMS_MARITIME,2026-04-06
2021-07-05,141,LNG,77.19,14.1,338.4,24,710.3122,0.4,Calm,FMS_MARITIME,2026-04-06
2021-07-06,141,LSMGO,79.18,13.2,316.8,24,778.3034,0.45,Moderate,FMS_MARITIME,2026-04-06
2021-07-07,141,HFO,70.01,17.7,424.8,24,513.2089,0.85,Rough,FMS_MARITIME,2026-04-06
2021-07-08,141,HFO,32.5,15.4,369.6,24,273.8231,0.62,Moderate,FMS_MARITIME,2026-04-06
2021-07-09,141,VLSFO,59.33,13.2,316.8,24,583.1869,0.7,Rough,FMS_MARITIME,2026-04-06
2021-07-10,141,HFO,49.49,8.8,211.2,24,729.6963,0.71,Moderate,FMS_MARITIME,2026-04-06
2021-07-11,141,VLSFO,80.51,15.4,369.6,24,678.3229,0.66,Rough,FMS_MARITIME,2026-04-06
2021-07-12,141,MGO,20.36,10.0,240.0,24,264.171,0.67,Calm,FMS_MARITIME,2026-04-06
2021-07-13,141,MGO,18.6,14.7,352.8,24,164.1735,0.89,Rough,FMS_MARITIME,2026-04-06
2021-07-14,141,HFO,39.49,11.7,280.8,24,437.934,0.91,Moderate,FMS_MARITIME,2026-04-06
2021-07-15,141,LSMGO,27.65,15.3,367.2,24,234.4828,0.59,Rough,FMS_MARITIME,2026-04-06
2021-07-16,141,LNG,76.48,12.0,288.0,24,826.94,0.43,Moderate,FMS_MARITIME,2026-04-06
2021-07-17,141,HFO,27.82,14.2,340.8,24,254.2004,0.74,Rough,FMS_MARITIME,2026-04-06
2021-07-18,141,LNG,61.94,14.1,338.4,24,569.9798,0.41,Calm,FMS_MARITIME,2026-04-06
2021-07-19,141,VLSFO,34.4,9.3,223.2,24,479.9355,0.72,Rough,FMS_MARITIME,2026-04-06
2021-07-20,141,LSMGO,51.03,10.3,247.2,24,642.8294,0.71,Moderate,FMS_MARITIME,2026-04-06
2021-07-21,141,HFO,36.48,11.0,264.0,24,430.2982,0.42,Moderate,FMS_MARITIME,2026-04-06
2021-07-22,141,HFO,64.32,10.6,254.4,24,787.3132,0.54,Calm,FMS_MARITIME,2026-04-06
2021-07-23,141,HFO,26.11,14.0,336.0,24,241.9837,0.59,Rough,FMS_MARITIME,2026-04-06
2021-07-24,141,LSMGO,81.45,12.7,304.8,24,832.1368,0.74,Calm,FMS_MARITIME,2026-04-06
2021-07-25,141,LNG,23.9,9.6,230.4,24,323.0234,0.89,Rough,FMS_MARITIME,2026-04-06
2021-07-26,141,LNG,54.6,17.7,424.8,24,400.2458,0.65,Calm,FMS_MARITIME,2026-04-06
2021-07-27,141,LSMGO,36.08,13.9,333.6,24,336.7899,0.58,Moderate,FMS_MARITIME,2026-04-06
2021-07-28,141,VLSFO,38.13,10.5,252.0,24,471.1779,0.89,Calm,FMS_MARITIME,2026-04-06
2021-07-28,141,MGO,22.84,11.1,266.4,24,266.9811,0.57,Moderate,FMS_MARITIME,2026-04-06
2021-07-28,141,LNG,48.09,14.2,340.8,24,439.4139,0.4,Rough,FMS_MARITIME,2026-04-06
2021-07-01,142,VLSFO,68.36,16.0,384.0,24,554.3569,0.93,Calm,FMS_MARITIME,2026-04-06
2021-07-02,142,MGO,78.9,17.7,424.8,24,578.3771,0.58,Moderate,FMS_MARITIME,2026-04-06
2021-07-03,142,HFO,48.44,16.0,384.0,24,392.8181,0.66,Rough,FMS_MARITIME,2026-04-06
2021-07-04,142,VLSFO,43.56,11.5,276.0,24,491.4704,0.6,Rough,FMS_MARITIME,2026-04-06
2021-07-05,142,LNG,65.41,16.8,403.2,24,505.1754,0.57,Rough,FMS_MARITIME,2026-04-06
2021-07-06,142,LSMGO,70.84,13.6,326.4,24,675.8449,0.61,Moderate,FMS_MARITIME,2026-04-06
2021-07-07,142,VLSFO,28.44,11.9,285.6,24,310.0916,0.46,Calm,FMS_MARITIME,2026-04-06
2021-07-08,142,MGO,78.47,13.9,333.6,24,732.4808,0.75,Moderate,FMS_MARITIME,2026-04-06
2021-07-09,142,HFO,42.41,13.4,321.6,24,410.6491,0.79,Moderate,FMS_MARITIME,2026-04-06
2021-07-10,142,VLSFO,67.98,9.9,237.6,24,890.95,0.42,Moderate,FMS_MARITIME,2026-04-06
2021-07-11,142,HFO,43.64,14.7,352.8,24,385.1898,0.59,Rough,FMS_MARITIME,2026-04-06
2021-07-12,142,LSMGO,44.13,10.6,254.4,24,540.1762,0.57,Rough,FMS_MARITIME,2026-04-06
2021-07-13,142,LNG,77.97,13.1,314.4,24,772.2601,0.98,Rough,FMS_MARITIME,2026-04-06
2021-07-14,142,HFO,73.17,13.1,314.4,24,724.7181,0.6,Rough,FMS_MARITIME,2026-04-06
2021-07-15,142,LNG,44.74,14.2,340.8,24,408.8039,0.84,Rough,FMS_MARITIME,2026-04-06
2021-07-16,142,MGO,22.23,10.4,249.6,24,277.3406,0.8,Rough,FMS_MARITIME,2026-04-06
2021-07-17,142,HFO,80.7,14.6,350.4,24,717.1798,0.95,Rough,FMS_MARITIME,2026-04-06
2021-07-18,142,LSMGO,39.9,13.0,312.0,24,398.2327,0.93,Calm,FMS_MARITIME,2026-04-06
2021-07-19,142,HFO,29.51,13.8,331.2,24,277.4582,0.84,Moderate,FMS_MARITIME,2026-04-06
2021-07-20,142,VLSFO,17.18,16.5,396.0,24,135.0973,0.53,Calm,FMS_MARITIME,2026-04-06
2021-07-21,142,LSMGO,36.48,10.3,247.2,24,459.5417,0.56,Rough,FMS_MARITIME,2026-04-06
2021-07-22,142,VLSFO,48.22,8.4,201.6,24,744.8268,0.96,Rough,FMS_MARITIME,2026-04-06
2021-07-23,142,MGO,67.29,14.0,336.0,24,623.6341,0.87,Rough,FMS_MARITIME,2026-04-06
2021-07-24,142,LSMGO,83.67,8.1,194.4,24,1340.2694,0.44,Moderate,FMS_MARITIME,2026-04-06
2021-07-25,142,HFO,63.0,15.6,374.4,24,523.9904,0.86,Calm,FMS_MARITIME,2026-04-06
2021-07-26,142,VLSFO,18.63,17.6,422.4,24,137.3433,0.88,Moderate,FMS_MARITIME,2026-04-06
2021-07-27,142,VLSFO,44.26,9.1,218.4,24,631.0698,0.86,Moderate,FMS_MARITIME,2026-04-06
2021-07-28,142,LNG,59.45,13.1,314.4,24,588.8273,0.86,Calm,FMS_MARITIME,2026-04-06
2021-07-28,142,LSMGO,82.32,16.7,400.8,24,639.582,0.74,Calm,FMS_MARITIME,2026-04-06
2021-07-28,142,HFO,80.6,10.0,240.0,24,1045.785,0.44,Rough,FMS_MARITIME,2026-04-06
2021-07-01,143,LSMGO,44.47,12.3,295.2,24,469.1043,0.91,Rough,FMS_MARITIME,2026-04-06
2021-07-02,143,LSMGO,56.96,9.0,216.0,24,821.1733,0.6,Moderate,FMS_MARITIME,2026-04-06
2021-07-03,143,MGO,36.32,15.0,360.0,24,314.168,0.46,Moderate,FMS_MARITIME,2026-04-06
2021-07-04,143,LSMGO,34.48,9.4,225.6,24,475.934,0.52,Rough,FMS_MARITIME,2026-04-06
2021-07-05,143,VLSFO,55.3,8.1,194.4,24,885.8241,0.85,Calm,FMS_MARITIME,2026-04-06
2021-07-06,143,LSMGO,25.38,13.5,324.0,24,243.93,0.53,Calm,FMS_MARITIME,2026-04-06
2021-07-07,143,LSMGO,15.65,12.3,295.2,24,165.0884,0.44,Moderate,FMS_MARITIME,2026-04-06
2021-07-08,143,LNG,32.18,17.9,429.6,24,233.2601,0.95,Moderate,FMS_MARITIME,2026-04-06
2021-07-09,143,HFO,53.32,16.2,388.8,24,427.0537,0.68,Moderate,FMS_MARITIME,2026-04-06
2021-07-10,143,LNG,83.11,13.9,333.6,24,775.793,0.99,Calm,FMS_MARITIME,2026-04-06
2021-07-11,143,LSMGO,76.81,14.0,336.0,24,711.8641,0.87,Calm,FMS_MARITIME,2026-04-06
2021-07-12,143,LNG,41.11,11.0,264.0,24,484.9111,0.84,Calm,FMS_MARITIME,2026-04-06
2021-07-13,143,MGO,44.11,11.9,285.6,24,480.9473,0.83,Rough,FMS_MARITIME,2026-04-06
2021-07-14,143,LSMGO,68.06,16.3,391.2,24,541.766,0.64,Calm,FMS_MARITIME,2026-04-06
2021-07-15,143,LNG,64.31,9.5,228.0,24,878.3392,0.42,Calm,FMS_MARITIME,2026-04-06
2021-07-16,143,MGO,46.01,15.6,374.4,24,382.6793,0.62,Moderate,FMS_MARITIME,2026-04-06
2021-07-17,143,LNG,37.45,15.5,372.0,24,313.4927,0.42,Moderate,FMS_MARITIME,2026-04-06
2021-07-18,143,LNG,79.0,11.4,273.6,24,899.1447,0.84,Rough,FMS_MARITIME,2026-04-06
2021-07-19,143,LNG,77.41,10.9,261.6,24,921.4631,0.55,Moderate,FMS_MARITIME,2026-04-06
2021-07-20,143,HFO,46.2,8.3,199.2,24,722.2229,0.59,Moderate,FMS_MARITIME,2026-04-06
2021-07-21,143,MGO,71.73,9.1,218.4,24,1022.7437,0.98,Rough,FMS_MARITIME,2026-04-06
2021-07-22,143,LSMGO,56.06,13.3,319.2,24,546.9011,0.71,Calm,FMS_MARITIME,2026-04-06
2021-07-23,143,LNG,51.51,9.0,216.0,24,742.6025,0.67,Moderate,FMS_MARITIME,2026-04-06
2021-07-24,143,LSMGO,48.67,9.2,220.8,24,686.4057,0.96,Calm,FMS_MARITIME,2026-04-06
2021-07-25,143,MGO,45.83,17.0,408.0,24,349.7907,0.44,Calm,FMS_MARITIME,2026-04-06
2021-07-26,143,HFO,29.61,14.9,357.6,24,257.8455,0.53,Calm,FMS_MARITIME,2026-04-06
2021-07-27,143,LSMGO,70.67,14.4,345.6,24,636.7661,0.97,Rough,FMS_MARITIME,2026-04-06
2021-07-28,143,LNG,17.89,9.6,230.4,24,241.7945,0.45,Calm,FMS_MARITIME,2026-04-06
2021-07-28,143,MGO,82.52,8.5,204.0,24,1259.6435,0.53,Rough,FMS_MARITIME,2026-04-06
2021-07-28,143,VLSFO,16.73,13.1,314.4,24,165.7036,0.88,Calm,FMS_MARITIME,2026-04-06
2021-07-01,144,LSMGO,60.1,17.3,415.2,24,450.75,0.78,Calm,FMS_MARITIME,2026-04-06
2021-07-02,144,MGO,81.9,15.8,379.2,24,672.5649,0.41,Moderate,FMS_MARITIME,2026-04-06
2021-07-03,144,VLSFO,15.84,11.3,271.2,24,181.8796,0.59,Moderate,FMS_MARITIME,2026-04-06
2021-07-04,144,MGO,23.8,11.0,264.0,24,280.7318,0.52,Rough,FMS_MARITIME,2026-04-06
2021-07-05,144,VLSFO,56.06,17.3,415.2,24,420.45,0.45,Calm,FMS_MARITIME,2026-04-06
2021-07-06,144,LNG,31.68,17.8,427.2,24,230.9258,0.48,Calm,FMS_MARITIME,2026-04-06
2021-07-07,144,VLSFO,50.35,11.5,276.0,24,568.0793,0.42,Rough,FMS_MARITIME,2026-04-06
2021-07-08,144,LNG,30.04,14.1,338.4,24,276.4319,0.69,Calm,FMS_MARITIME,2026-04-06
2021-07-09,144,LNG,58.0,11.3,271.2,24,665.9735,0.66,Rough,FMS_MARITIME,2026-04-06
2021-07-10,144,VLSFO,75.18,12.1,290.4,24,806.1657,0.9,Rough,FMS_MARITIME,2026-04-06
2021-07-11,144,VLSFO,23.8,12.1,290.4,24,255.2107,0.41,Calm,FMS_MARITIME,2026-04-06
2021-07-12,144,MGO,51.66,9.3,223.2,24,720.7403,0.91,Rough,FMS_MARITIME,2026-04-06
2021-07-13,144,VLSFO,30.5,10.5,252.0,24,376.8929,0.77,Calm,FMS_MARITIME,2026-04-06
2021-07-14,144,MGO,40.31,8.3,199.2,24,630.1473,0.63,Moderate,FMS_MARITIME,2026-04-06
2021-07-15,144,MGO,74.39,12.7,304.8,24,760.0081,0.9,Moderate,FMS_MARITIME,2026-04-06
2021-07-16,144,LNG,76.38,10.3,247.2,24,962.1655,0.81,Calm,FMS_MARITIME,2026-04-06
2021-07-17,144,LNG,66.52,15.0,360.0,24,575.398,0.97,Moderate,FMS_MARITIME,2026-04-06
2021-07-18,144,VLSFO,57.81,14.4,345.6,24,520.8922,0.75,Rough,FMS_MARITIME,2026-04-06
2021-07-19,144,LSMGO,57.56,11.9,285.6,24,627.5975,0.83,Moderate,FMS_MARITIME,2026-04-06
2021-07-20,144,MGO,56.4,9.4,225.6,24,778.5,0.45,Rough,FMS_MARITIME,2026-04-06
2021-07-21,144,MGO,22.72,12.7,304.8,24,232.1197,0.97,Calm,FMS_MARITIME,2026-04-06
2021-07-22,144,LSMGO,47.2,16.4,393.6,24,373.4268,0.5,Calm,FMS_MARITIME,2026-04-06
2021-07-23,144,HFO,56.84,16.4,393.6,24,449.6945,0.98,Rough,FMS_MARITIME,2026-04-06
2021-07-24,144,LNG,68.38,15.5,372.0,24,572.4068,0.71,Calm,FMS_MARITIME,2026-04-06
2021-07-25,144,MGO,51.0,10.1,242.4,24,655.1733,0.83,Calm,FMS_MARITIME,2026-04-06
2021-07-26,144,MGO,32.31,11.2,268.8,24,374.3056,0.89,Calm,FMS_MARITIME,2026-04-06
2021-07-27,144,VLSFO,79.9,17.8,427.2,24,582.4171,0.91,Rough,FMS_MARITIME,2026-04-06
2021-07-28,144,VLSFO,74.06,16.1,386.4,24,596.85,0.88,Rough,FMS_MARITIME,2026-04-06
2021-07-28,144,LNG,79.09,17.6,422.4,24,583.0641,0.88,Rough,FMS_MARITIME,2026-04-06
2021-07-28,144,HFO,43.6,13.4,321.6,24,422.1716,0.71,Moderate,FMS_MARITIME,2026-04-06
2021-07-01,145,LNG,20.33,8.9,213.6,24,296.384,0.96,Calm,FMS_MARITIME,2026-04-06
2021-07-02,145,HFO,47.83,10.2,244.8,24,608.4257,0.42,Moderate,FMS_MARITIME,2026-04-06
2021-07-03,145,HFO,32.56,15.9,381.6,24,265.7019,0.71,Rough,FMS_MARITIME,2026-04-06
2021-07-04,145,HFO,49.03,9.9,237.6,24,642.5902,0.73,Calm,FMS_MARITIME,2026-04-06
2021-07-05,145,VLSFO,65.98,11.5,276.0,24,744.4265,0.79,Calm,FMS_MARITIME,2026-04-06
2021-07-06,145,MGO,61.38,8.5,204.0,24,936.9476,0.52,Rough,FMS_MARITIME,2026-04-06
2021-07-07,145,LNG,64.9,10.0,240.0,24,842.0775,0.62,Rough,FMS_MARITIME,2026-04-06
2021-07-08,145,LSMGO,75.49,11.5,276.0,24,851.7241,0.94,Rough,FMS_MARITIME,2026-04-06
2021-07-09,145,MGO,73.1,11.6,278.4,24,817.6487,0.89,Calm,FMS_MARITIME,2026-04-06
2021-07-10,145,LNG,75.94,16.4,393.6,24,600.8058,0.55,Moderate,FMS_MARITIME,2026-04-06
2021-07-11,145,LSMGO,63.93,11.0,264.0,24,754.0834,0.49,Moderate,FMS_MARITIME,2026-04-06
2021-07-12,145,LNG,36.74,12.4,297.6,24,384.4367,0.99,Calm,FMS_MARITIME,2026-04-06
2021-07-13,145,LNG,22.71,9.8,235.2,24,300.6758,0.95,Moderate,FMS_MARITIME,2026-04-06
2021-07-14,145,VLSFO,41.91,17.6,422.4,24,308.9672,0.81,Moderate,FMS_MARITIME,2026-04-06
2021-07-15,145,MGO,57.67,11.4,273.6,24,656.3757,0.47,Rough,FMS_MARITIME,2026-04-06
2021-07-16,145,LNG,53.91,9.3,223.2,24,752.1315,0.64,Moderate,FMS_MARITIME,2026-04-06
2021-07-17,145,VLSFO,46.43,11.1,266.4,24,542.7291,0.59,Calm,FMS_MARITIME,2026-04-06
2021-07-18,145,VLSFO,23.71,8.4,201.6,24,366.2348,0.64,Rough,FMS_MARITIME,2026-04-06
2021-07-19,145,VLSFO,29.47,16.7,400.8,24,228.966,0.44,Calm,FMS_MARITIME,2026-04-06
2021-07-20,145,MGO,23.71,15.3,367.2,24,201.0701,0.51,Moderate,FMS_MARITIME,2026-04-06
2021-07-21,145,LNG,25.77,13.7,328.8,24,244.0626,0.86,Calm,FMS_MARITIME,2026-04-06
2021-07-22,145,HFO,44.09,17.4,417.6,24,328.7746,0.99,Moderate,FMS_MARITIME,2026-04-06
2021-07-23,145,MGO,44.43,15.4,369.6,24,374.3372,0.7,Rough,FMS_MARITIME,2026-04-06
2021-07-24,145,LNG,54.0,14.6,350.4,24,479.8973,0.93,Calm,FMS_MARITIME,2026-04-06
2021-07-25,145,LNG,64.49,9.5,228.0,24,880.7976,0.44,Rough,FMS_MARITIME,2026-04-06
2021-07-26,145,LSMGO,57.02,9.1,218.4,24,813.0049,0.98,Rough,FMS_MARITIME,2026-04-06
2021-07-27,145,VLSFO,78.07,17.7,424.8,24,572.2928,0.42,Moderate,FMS_MARITIME,2026-04-06
2021-07-28,145,VLSFO,16.43,12.3,295.2,24,173.3165,0.63,Calm,FMS_MARITIME,2026-04-06
2021-07-28,145,LNG,30.78,8.7,208.8,24,459.0466,0.97,Moderate,FMS_MARITIME,2026-04-06
2021-07-28,145,MGO,29.14,8.8,211.2,24,429.6494,0.96,Rough,FMS_MARITIME,2026-04-06
2021-07-01,146,MGO,65.42,15.2,364.8,24,558.4372,0.7,Rough,FMS_MARITIME,2026-04-06
2021-07-02,146,LNG,43.01,17.6,422.4,24,317.0766,0.6,Rough,FMS_MARITIME,2026-04-06
2021-07-03,146,MGO,60.81,14.4,345.6,24,547.9234,0.44,Rough,FMS_MARITIME,2026-04-06
2021-07-04,146,HFO,65.74,17.7,424.8,24,481.9076,0.92,Rough,FMS_MARITIME,2026-04-06
2021-07-05,146,HFO,39.56,17.2,412.8,24,298.425,0.83,Moderate,FMS_MARITIME,2026-04-06
2021-07-06,146,LSMGO,18.95,13.5,324.0,24,182.1306,0.41,Rough,FMS_MARITIME,2026-04-06
2021-07-07,146,LSMGO,30.73,12.5,300.0,24,318.9774,0.91,Rough,FMS_MARITIME,2026-04-06
2021-07-08,146,LNG,77.68,15.3,367.2,24,658.7569,0.8,Rough,FMS_MARITIME,2026-04-06
2021-07-09,146,HFO,60.5,12.5,300.0,24,627.99,0.93,Calm,FMS_MARITIME,2026-04-06
2021-07-10,146,MGO,55.42,14.3,343.2,24,502.8493,0.55,Rough,FMS_MARITIME,2026-04-06
2021-07-11,146,LSMGO,25.39,8.2,196.8,24,401.7503,0.58,Rough,FMS_MARITIME,2026-04-06
2021-07-12,146,HFO,61.58,17.8,427.2,24,448.8767,0.55,Calm,FMS_MARITIME,2026-04-06
2021-07-13,146,VLSFO,15.12,18.0,432.0,24,108.99,0.75,Rough,FMS_MARITIME,2026-04-06
2021-07-14,146,LNG,51.05,14.4,345.6,24,459.9818,0.45,Calm,FMS_MARITIME,2026-04-06
2021-07-15,146,LNG,58.64,14.2,340.8,24,535.8127,0.85,Moderate,FMS_MARITIME,2026-04-06
2021-07-16,146,LNG,51.83,11.8,283.2,24,569.9104,0.58,Rough,FMS_MARITIME,2026-04-06
2021-07-17,146,MGO,30.0,12.0,288.0,24,324.375,0.9,Calm,FMS_MARITIME,2026-04-06
2021-07-18,146,LNG,72.55,12.5,300.0,24,753.069,0.79,Rough,FMS_MARITIME,2026-04-06
2021-07-19,146,LNG,46.38,10.4,249.6,24,578.6351,0.84,Moderate,FMS_MARITIME,2026-04-06
2021-07-20,146,LNG,57.46,14.4,345.6,24,517.7385,0.95,Moderate,FMS_MARITIME,2026-04-06
2021-07-21,146,LSMGO,59.79,17.1,410.4,24,453.6697,0.69,Moderate,FMS_MARITIME,2026-04-06
2021-07-22,146,HFO,78.63,8.1,194.4,24,1259.5361,0.83,Calm,FMS_MARITIME,2026-04-06
2021-07-23,146,VLSFO,52.6,14.5,348.0,24,470.6793,0.98,Rough,FMS_MARITIME,2026-04-06
2021-07-24,146,HFO,58.01,8.9,213.6,24,845.7076,0.73,Calm,FMS_MARITIME,2026-04-06
2021-07-25,146,LNG,31.57,12.3,295.2,24,333.025,0.48,Rough,FMS_MARITIME,2026-04-06
2021-07-26,146,LSMGO,63.28,14.2,340.8,24,578.2099,0.9,Calm,FMS_MARITIME,2026-04-06
2021-07-27,146,LSMGO,65.21,16.4,393.6,24,515.9145,0.96,Calm,FMS_MARITIME,2026-04-06
2021-07-28,146,VLSFO,65.31,12.4,297.6,24,683.3849,0.82,Calm,FMS_MARITIME,2026-04-06
2021-07-28,146,HFO,37.29,13.6,326.4,24,355.7631,0.84,Calm,FMS_MARITIME,2026-04-06
2021-07-28,146,LSMGO,60.89,15.7,376.8,24,503.2151,0.67,Rough,FMS_MARITIME,2026-04-06
2021-07-01,147,LNG,57.4,8.6,206.4,24,866.0058,0.57,Rough,FMS_MARITIME,2026-04-06
2021-07-02,147,HFO,80.59,16.3,391.2,24,641.5063,0.92,Calm,FMS_MARITIME,2026-04-06
2021-07-03,147,LSMGO,63.37,16.6,398.4,24,495.3167,0.82,Rough,FMS_MARITIME,2026-04-06
2021-07-04,147,HFO,33.61,8.4,201.6,24,519.1545,0.63,Moderate,FMS_MARITIME,2026-04-06
2021-07-05,147,MGO,38.05,10.0,240.0,24,493.6987,0.71,Rough,FMS_MARITIME,2026-04-06
2021-07-06,147,HFO,81.03,11.2,268.8,24,938.7181,0.65,Calm,FMS_MARITIME,2026-04-06
2021-07-07,147,MGO,80.88,14.0,336.0,24,749.5843,0.95,Rough,FMS_MARITIME,2026-04-06
2021-07-08,147,HFO,53.08,16.8,403.2,24,409.9482,0.92,Rough,FMS_MARITIME,2026-04-06
2021-07-09,147,MGO,68.88,10.1,242.4,24,884.8693,0.63,Calm,FMS_MARITIME,2026-04-06
2021-07-10,147,VLSFO,73.05,13.4,321.6,24,707.3312,0.75,Calm,FMS_MARITIME,2026-04-06
2021-07-11,147,LSMGO,44.47,14.0,336.0,24,412.1416,0.56,Rough,FMS_MARITIME,2026-04-06
2021-07-12,147,LSMGO,27.49,14.2,340.8,24,251.185,0.94,Rough,FMS_MARITIME,2026-04-06
2021-07-13,147,LNG,23.5,10.7,256.8,24,284.965,0.95,Calm,FMS_MARITIME,2026-04-06
2021-07-14,147,MGO,38.91,9.4,225.6,24,537.0822,0.81,Calm,FMS_MARITIME,2026-04-06
2021-07-15,147,MGO,15.81,14.8,355.2,24,138.6046,0.85,Calm,FMS_MARITIME,2026-04-06
2021-07-16,147,LSMGO,47.74,12.6,302.4,24,491.6083,0.44,Moderate,FMS_MARITIME,2026-04-06
2021-07-17,147,LSMGO,23.91,17.5,420.0,24,177.2756,0.8,Moderate,FMS_MARITIME,2026-04-06
2021-07-18,147,LSMGO,54.93,11.8,283.2,24,603.9972,0.9,Calm,FMS_MARITIME,2026-04-06
2021-07-19,147,LSMGO,45.38,13.7,328.8,24,429.785,0.96,Rough,FMS_MARITIME,2026-04-06
2021-07-20,147,MGO,65.21,14.6,350.4,24,579.5204,0.47,Rough,FMS_MARITIME,2026-04-06
2021-07-21,147,VLSFO,68.91,8.8,211.2,24,1016.031,0.78,Moderate,FMS_MARITIME,2026-04-06
2021-07-22,147,HFO,35.44,11.4,273.6,24,403.3632,0.5,Rough,FMS_MARITIME,2026-04-06
2021-07-23,147,LNG,74.99,8.8,211.2,24,1105.6764,0.76,Moderate,FMS_MARITIME,2026-04-06
2021-07-24,147,VLSFO,32.66,18.0,432.0,24,235.4242,0.49,Rough,FMS_MARITIME,2026-04-06
2021-07-25,147,VLSFO,42.86,17.9,429.6,24,310.6751,0.5,Rough,FMS_MARITIME,2026-04-06
2021-07-26,147,VLSFO,84.75,14.0,336.0,24,785.4509,0.64,Calm,FMS_MARITIME,2026-04-06
2021-07-27,147,MGO,25.69,8.3,199.2,24,401.5997,0.68,Calm,FMS_MARITIME,2026-04-06
2021-07-28,147,LNG,60.12,13.8,331.2,24,565.2587,0.77,Rough,FMS_MARITIME,2026-04-06
2021-07-28,147,MGO,29.91,13.6,326.4,24,285.3546,0.7,Moderate,FMS_MARITIME,2026-04-06
2021-07-28,147,HFO,39.75,12.7,304.8,24,406.1073,0.54,Rough,FMS_MARITIME,2026-04-06
2021-07-01,148,LSMGO,31.38,15.1,362.4,24,269.6394,0.54,Moderate,FMS_MARITIME,2026-04-06
2021-07-02,148,LSMGO,64.01,15.7,376.8,24,528.9998,0.9,Calm,FMS_MARITIME,2026-04-06
2021-07-03,148,VLSFO,67.38,12.8,307.2,24,683.0121,0.89,Rough,FMS_MARITIME,2026-04-06
2021-07-04,148,HFO,53.67,9.2,220.8,24,756.922,0.5,Rough,FMS_MARITIME,2026-04-06
2021-07-05,148,LNG,17.87,9.7,232.8,24,239.0343,0.83,Moderate,FMS_MARITIME,2026-04-06
2021-07-06,148,MGO,18.35,11.6,278.4,24,205.2511,0.6,Calm,FMS_MARITIME,2026-04-06
2021-07-07,148,VLSFO,82.39,15.1,362.4,24,707.9538,0.43,Moderate,FMS_MARITIME,2026-04-06
2021-07-08,148,HFO,43.81,17.4,417.6,24,326.6866,0.54,Rough,FMS_MARITIME,2026-04-06
2021-07-09,148,MGO,81.15,17.6,422.4,24,598.2507,0.66,Moderate,FMS_MARITIME,2026-04-06
2021-07-10,148,MGO,29.37,16.2,388.8,24,235.2319,0.53,Moderate,FMS_MARITIME,2026-04-06
2021-07-11,148,MGO,42.33,10.3,247.2,24,533.2347,0.85,Rough,FMS_MARITIME,2026-04-06
2021-07-12,148,LNG,71.74,13.5,324.0,24,689.5011,0.94,Rough,FMS_MARITIME,2026-04-06
2021-07-13,148,VLSFO,28.03,12.1,290.4,24,300.5696,0.7,Moderate,FMS_MARITIME,2026-04-06
2021-07-14,148,VLSFO,45.1,13.2,316.8,24,443.3125,0.45,Moderate,FMS_MARITIME,2026-04-06
2021-07-15,148,VLSFO,74.1,14.7,352.8,24,654.0459,0.55,Rough,FMS_MARITIME,2026-04-06
2021-07-16,148,LSMGO,72.9,17.4,417.6,24,543.6078,0.45,Moderate,FMS_MARITIME,2026-04-06
2021-07-17,148,LSMGO,25.79,8.9,213.6,24,375.9834,0.9,Moderate,FMS_MARITIME,2026-04-06
2021-07-18,148,MGO,81.36,17.8,427.2,24,593.0596,0.55,Calm,FMS_MARITIME,2026-04-06
2021-07-19,148,MGO,18.25,9.2,220.8,24,257.3845,0.64,Calm,FMS_MARITIME,2026-04-06
2021-07-20,148,HFO,73.65,8.8,211.2,24,1085.919,0.54,Rough,FMS_MARITIME,2026-04-06
2021-07-21,148,HFO,73.19,14.6,350.4,24,650.4385,0.81,Moderate,FMS_MARITIME,2026-04-06
2021-07-22,148,LNG,19.98,12.1,290.4,24,214.2483,0.72,Rough,FMS_MARITIME,2026-04-06
2021-07-23,148,VLSFO,54.32,12.8,307.2,24,550.6266,0.73,Rough,FMS_MARITIME,2026-04-06
2021-07-24,148,LSMGO,49.99,11.0,264.0,24,589.6548,0.54,Calm,FMS_MARITIME,2026-04-06
2021-07-25,148,LNG,70.7,8.7,208.8,24,1054.4052,0.8,Rough,FMS_MARITIME,2026-04-06
2021-07-26,148,LNG,71.24,9.1,218.4,24,1015.7571,0.83,Rough,FMS_MARITIME,2026-04-06
2021-07-27,148,VLSFO,41.34,15.1,362.4,24,355.2228,0.76,Moderate,FMS_MARITIME,2026-04-06
2021-07-28,148,HFO,29.59,10.3,247.2,24,372.7478,0.72,Moderate,FMS_MARITIME,2026-04-06
2021-07-28,148,HFO,77.22,11.8,283.2,24,849.0928,0.48,Rough,FMS_MARITIME,2026-04-06
2021-07-28,148,LNG,70.18,9.4,225.6,24,968.708,0.75,Moderate,FMS_MARITIME,2026-04-06
2021-07-01,149,HFO,78.14,17.1,410.4,24,592.9044,0.45,Moderate,FMS_MARITIME,2026-04-06
2021-07-02,149,HFO,41.25,14.3,343.2,24,374.2788,0.64,Moderate,FMS_MARITIME,2026-04-06
2021-07-03,149,VLSFO,66.0,16.0,384.0,24,535.2188,0.82,Rough,FMS_MARITIME,2026-04-06
2021-07-04,149,MGO,84.97,9.3,223.2,24,1185.4685,0.47,Moderate,FMS_MARITIME,2026-04-06
2021-07-05,149,MGO,71.06,11.8,283.2,24,781.3589,0.57,Calm,FMS_MARITIME,2026-04-06
2021-07-06,149,VLSFO,64.24,14.1,338.4,24,591.1447,0.44,Calm,FMS_MARITIME,2026-04-06
2021-07-07,149,LSMGO,22.44,17.1,410.4,24,170.2684,0.51,Rough,FMS_MARITIME,2026-04-06
2021-07-08,149,VLSFO,46.99,14.3,343.2,24,426.3603,0.72,Rough,FMS_MARITIME,2026-04-06
2021-07-09,149,LNG,67.14,9.7,232.8,24,898.084,0.61,Moderate,FMS_MARITIME,2026-04-06
2021-07-10,149,LNG,40.65,15.8,379.2,24,333.8188,0.63,Moderate,FMS_MARITIME,2026-04-06
2021-07-11,149,VLSFO,19.08,11.0,264.0,24,225.0573,0.67,Calm,FMS_MARITIME,2026-04-06
2021-07-12,149,VLSFO,54.02,12.8,307.2,24,547.5855,0.45,Calm,FMS_MARITIME,2026-04-06
2021-07-13,149,HFO,51.69,10.1,242.4,24,664.0374,0.59,Moderate,FMS_MARITIME,2026-04-06
2021-07-14,149,VLSFO,79.33,17.8,427.2,24,578.2622,0.77,Rough,FMS_MARITIME,2026-04-06
2021-07-15,149,HFO,31.98,16.6,398.4,24,249.9642,0.99,Moderate,FMS_MARITIME,2026-04-06
2021-07-16,149,VLSFO,36.55,9.9,237.6,24,479.0265,0.46,Rough,FMS_MARITIME,2026-04-06
2021-07-17,149,MGO,49.25,17.7,424.8,24,361.0275,0.93,Calm,FMS_MARITIME,2026-04-06
2021-07-18,149,LSMGO,37.97,8.5,204.0,24,579.6009,0.74,Rough,FMS_MARITIME,2026-04-06
2021-07-19,149,MGO,47.65,11.0,264.0,24,562.0534,0.7,Rough,FMS_MARITIME,2026-04-06
2021-07-20,149,LSMGO,27.11,14.7,352.8,24,239.2872,0.58,Rough,FMS_MARITIME,2026-04-06
2021-07-21,149,MGO,73.14,14.8,355.2,24,641.2105,0.46,Rough,FMS_MARITIME,2026-04-06
2021-07-22,149,HFO,24.6,14.6,350.4,24,218.6199,0.77,Calm,FMS_MARITIME,2026-04-06
2021-07-23,149,HFO,66.5,14.5,348.0,24,595.0603,0.92,Calm,FMS_MARITIME,2026-04-06
2021-07-24,149,MGO,66.04,16.5,396.0,24,519.3145,0.94,Moderate,FMS_MARITIME,2026-04-06
2021-07-25,149,MGO,57.72,10.0,240.0,24,748.917,0.47,Moderate,FMS_MARITIME,2026-04-06
2021-07-26,149,MGO,47.44,14.3,343.2,24,430.4434,0.55,Calm,FMS_MARITIME,2026-04-06
2021-07-27,149,HFO,64.94,9.8,235.2,24,859.7923,0.6,Rough,FMS_MARITIME,2026-04-06
2021-07-28,149,LNG,52.5,12.7,304.8,24,536.3681,0.73,Rough,FMS_MARITIME,2026-04-06
2021-07-28,149,VLSFO,38.71,15.1,362.4,24,332.624,0.61,Moderate,FMS_MARITIME,2026-04-06
2021-07-28,149,LNG,80.66,16.6,398.4,24,630.4599,0.43,Calm,FMS_MARITIME,2026-04-06
2021-07-01,150,VLSFO,75.71,13.1,314.4,24,749.8758,0.88,Calm,FMS_MARITIME,2026-04-06
2021-07-02,150,MGO,73.63,14.0,336.0,24,682.3923,0.92,Calm,FMS_MARITIME,2026-04-06
2021-07-03,150,VLSFO,19.73,17.2,412.8,24,148.8353,0.44,Moderate,FMS_MARITIME,2026-04-06
2021-07-04,150,HFO,45.16,11.8,283.2,24,496.5686,0.56,Moderate,FMS_MARITIME,2026-04-06
2021-07-05,150,MGO,27.9,16.8,403.2,24,215.4777,0.9,Calm,FMS_MARITIME,2026-04-06
2021-07-06,150,MGO,66.52,13.9,333.6,24,620.9331,0.64,Rough,FMS_MARITIME,2026-04-06
2021-07-07,150,LSMGO,45.52,15.5,372.0,24,381.0465,0.95,Calm,FMS_MARITIME,2026-04-06
2021-07-08,150,MGO,82.73,11.1,266.4,24,967.0466,0.92,Calm,FMS_MARITIME,2026-04-06
2021-07-09,150,LSMGO,81.96,8.0,192.0,24,1329.2887,0.67,Calm,FMS_MARITIME,2026-04-06
2021-07-10,150,MGO,42.76,9.9,237.6,24,560.4152,0.45,Calm,FMS_MARITIME,2026-04-06
2021-07-11,150,LSMGO,50.2,12.4,297.6,24,525.2782,0.66,Moderate,FMS_MARITIME,2026-04-06
2021-07-12,150,LNG,16.11,16.9,405.6,24,123.6848,0.71,Calm,FMS_MARITIME,2026-04-06
2021-07-13,150,LSMGO,76.55,11.8,283.2,24,841.7256,0.98,Moderate,FMS_MARITIME,2026-04-06
2021-07-14,150,LNG,15.28,10.6,254.4,24,187.0358,0.66,Calm,FMS_MARITIME,2026-04-06
2021-07-15,150,LSMGO,72.93,13.1,314.4,24,722.341,0.53,Calm,FMS_MARITIME,2026-04-06
2021-07-16,150,VLSFO,40.72,8.6,206.4,24,614.3512,0.89,Calm,FMS_MARITIME,2026-04-06
2021-07-17,150,LSMGO,41.14,10.0,240.0,24,533.7915,0.58,Calm,FMS_MARITIME,2026-04-06
2021-07-18,150,LNG,29.46,11.0,264.0,24,347.4941,0.76,Moderate,FMS_MARITIME,2026-04-06
2021-07-19,150,HFO,16.87,10.1,242.4,24,216.721,0.42,Rough,FMS_MARITIME,2026-04-06
2021-07-20,150,LSMGO,44.59,16.9,405.6,24,342.3404,0.96,Moderate,FMS_MARITIME,2026-04-06
2021-07-21,150,LNG,26.82,8.2,196.8,24,424.3774,0.61,Calm,FMS_MARITIME,2026-04-06
2021-07-22,150,HFO,35.46,17.4,417.6,24,264.4216,0.62,Calm,FMS_MARITIME,2026-04-06
2021-07-23,150,VLSFO,41.83,8.9,213.6,24,609.825,0.81,Calm,FMS_MARITIME,2026-04-06
2021-07-24,150,HFO,76.17,9.9,237.6,24,998.2886,0.86,Calm,FMS_MARITIME,2026-04-06
2021-07-25,150,HFO,58.79,15.1,362.4,24,505.1657,0.73,Calm,FMS_MARITIME,2026-04-06
2021-07-26,150,HFO,50.31,11.2,268.8,24,582.8324,0.57,Calm,FMS_MARITIME,2026-04-06
2021-07-27,150,LSMGO,84.2,14.0,336.0,24,780.3536,0.86,Moderate,FMS_MARITIME,2026-04-06
2021-07-28,150,VLSFO,49.05,12.9,309.6,24,493.3517,0.64,Calm,FMS_MARITIME,2026-04-06
2021-07-28,150,LNG,66.05,17.8,427.2,24,481.46,0.98,Calm,FMS_MARITIME,2026-04-06
2021-07-28,150,MGO,67.81,10.4,249.6,24,845.995,0.68,Rough,FMS_MARITIME,2026-04-06
