log_date,vessel_id,fuel_grade,consumption_mt,speed_knots,distance_nm,running_hours,eeoi,load_factor,sea_condition,source_system,ingestion_date
2022-12-01,1,LNG,24.31,12.9,309.6,24,244.5134,0.77,Rough,FMS_MARITIME,2026-04-06
2022-12-02,1,LSMGO,24.91,8.2,196.8,24,394.1552,0.78,Calm,FMS_MARITIME,2026-04-06
2022-12-03,1,VLSFO,29.32,10.3,247.2,24,369.3466,0.42,Rough,FMS_MARITIME,2026-04-06
2022-12-04,1,LSMGO,39.33,9.8,235.2,24,520.7212,0.45,Rough,FMS_MARITIME,2026-04-06
2022-12-05,1,HFO,66.55,9.1,218.4,24,948.886,0.65,Calm,FMS_MARITIME,2026-04-06
2022-12-06,1,LNG,55.59,11.0,264.0,24,655.7093,0.89,Calm,FMS_MARITIME,2026-04-06
2022-12-07,1,MGO,32.88,12.4,297.6,24,344.0468,0.87,Calm,FMS_MARITIME,2026-04-06
2022-12-08,1,LNG,26.9,15.0,360.0,24,232.685,0.89,Rough,FMS_MARITIME,2026-04-06
2022-12-09,1,VLSFO,81.83,16.1,386.4,24,659.4685,0.46,Rough,FMS_MARITIME,2026-04-06
2022-12-10,1,VLSFO,19.73,11.5,276.0,24,222.6059,0.6,Moderate,FMS_MARITIME,2026-04-06
2022-12-11,1,LNG,68.74,9.1,218.4,24,980.1115,0.66,Calm,FMS_MARITIME,2026-04-06
2022-12-12,1,HFO,84.51,17.8,427.2,24,616.0209,0.69,Calm,FMS_MARITIME,2026-04-06
2022-12-13,1,HFO,35.41,11.5,276.0,24,399.5172,0.98,Rough,FMS_MARITIME,2026-04-06
2022-12-14,1,HFO,16.03,8.9,213.6,24,233.6958,0.7,Rough,FMS_MARITIME,2026-04-06
2022-12-15,1,MGO,36.1,17.3,415.2,24,270.75,0.99,Rough,FMS_MARITIME,2026-04-06
2022-12-16,1,HFO,33.84,11.3,271.2,24,388.5611,0.52,Rough,FMS_MARITIME,2026-04-06
2022-12-17,1,HFO,40.04,14.7,352.8,24,353.4143,0.42,Rough,FMS_MARITIME,2026-04-06
2022-12-18,1,VLSFO,64.33,11.9,285.6,24,701.4132,0.94,Moderate,FMS_MARITIME,2026-04-06
2022-12-19,1,LSMGO,64.68,10.2,244.8,24,822.7676,0.62,Moderate,FMS_MARITIME,2026-04-06
2022-12-20,1,VLSFO,35.78,13.4,321.6,24,346.4519,0.7,Calm,FMS_MARITIME,2026-04-06
2022-12-21,1,MGO,79.66,9.6,230.4,24,1076.6547,0.97,Moderate,FMS_MARITIME,2026-04-06
2022-12-22,1,HFO,23.53,14.9,357.6,24,204.9005,0.68,Rough,FMS_MARITIME,2026-04-06
2022-12-23,1,LNG,73.15,9.1,218.4,24,1042.9904,0.41,Moderate,FMS_MARITIME,2026-04-06
2022-12-24,1,HFO,54.96,11.8,283.2,24,604.3271,0.81,Calm,FMS_MARITIME,2026-04-06
2022-12-25,1,MGO,41.3,13.0,312.0,24,412.2058,0.77,Rough,FMS_MARITIME,2026-04-06
2022-12-26,1,MGO,80.97,8.2,196.8,24,1281.2021,0.67,Calm,FMS_MARITIME,2026-04-06
2022-12-27,1,LNG,21.58,8.6,206.4,24,325.582,0.45,Rough,FMS_MARITIME,2026-04-06
2022-12-28,1,LNG,31.31,9.5,228.0,24,427.6287,0.83,Calm,FMS_MARITIME,2026-04-06
2022-12-28,1,MGO,70.77,12.2,292.8,24,752.6564,0.99,Moderate,FMS_MARITIME,2026-04-06
2022-12-28,1,LNG,70.39,9.9,237.6,24,922.5356,0.5,Rough,FMS_MARITIME,2026-04-06
2022-12-01,2,LNG,20.61,9.1,218.4,24,293.8624,0.96,Moderate,FMS_MARITIME,2026-04-06
2022-12-02,2,LNG,55.03,14.6,350.4,24,489.0509,0.78,Rough,FMS_MARITIME,2026-04-06
2022-12-03,2,LSMGO,79.51,9.4,225.6,24,1097.4918,0.66,Rough,FMS_MARITIME,2026-04-06
2022-12-04,2,MGO,67.87,13.5,324.0,24,652.3061,0.68,Calm,FMS_MARITIME,2026-04-06
2022-12-05,2,LSMGO,61.07,16.1,386.4,24,492.1635,0.9,Moderate,FMS_MARITIME,2026-04-06
2022-12-06,2,HFO,74.49,11.5,276.0,24,840.4415,0.58,Moderate,FMS_MARITIME,2026-04-06
2022-12-07,2,VLSFO,84.91,8.2,196.8,24,1343.5454,0.89,Rough,FMS_MARITIME,2026-04-06
2022-12-08,2,MGO,78.28,13.1,314.4,24,775.3305,0.83,Rough,FMS_MARITIME,2026-04-06
2022-12-09,2,VLSFO,53.91,9.5,228.0,24,736.2971,0.62,Calm,FMS_MARITIME,2026-04-06
2022-12-10,2,HFO,19.33,12.1,290.4,24,207.2783,0.96,Rough,FMS_MARITIME,2026-04-06
2022-12-11,2,VLSFO,57.64,13.7,328.8,24,545.8971,0.69,Calm,FMS_MARITIME,2026-04-06
2022-12-12,2,MGO,52.21,13.6,326.4,24,498.1064,0.54,Rough,FMS_MARITIME,2026-04-06
2022-12-13,2,MGO,25.52,8.2,196.8,24,403.8073,0.76,Calm,FMS_MARITIME,2026-04-06
2022-12-14,2,LNG,15.01,15.6,374.4,24,124.8428,0.84,Calm,FMS_MARITIME,2026-04-06
2022-12-15,2,HFO,46.91,13.5,324.0,24,450.8572,1.0,Rough,FMS_MARITIME,2026-04-06
2022-12-16,2,VLSFO,22.53,13.2,316.8,24,221.4597,0.66,Calm,FMS_MARITIME,2026-04-06
2022-12-17,2,VLSFO,35.1,14.1,338.4,24,322.9947,0.5,Calm,FMS_MARITIME,2026-04-06
2022-12-18,2,LNG,58.66,9.8,235.2,24,776.6464,0.85,Moderate,FMS_MARITIME,2026-04-06
2022-12-19,2,LNG,48.24,11.1,266.4,24,563.8865,0.43,Calm,FMS_MARITIME,2026-04-06
2022-12-20,2,LSMGO,36.99,10.6,254.4,24,452.7785,0.77,Calm,FMS_MARITIME,2026-04-06
2022-12-21,2,VLSFO,62.13,13.0,312.0,24,620.1052,0.77,Calm,FMS_MARITIME,2026-04-06
2022-12-22,2,HFO,16.67,16.1,386.4,24,134.3436,0.76,Calm,FMS_MARITIME,2026-04-06
2022-12-23,2,MGO,75.96,8.7,208.8,24,1132.8517,0.57,Rough,FMS_MARITIME,2026-04-06
2022-12-24,2,LSMGO,82.92,13.1,314.4,24,821.2878,0.89,Calm,FMS_MARITIME,2026-04-06
2022-12-25,2,LSMGO,39.37,11.7,280.8,24,436.6032,0.63,Moderate,FMS_MARITIME,2026-04-06
2022-12-26,2,LNG,51.25,11.7,280.8,24,568.3494,0.93,Rough,FMS_MARITIME,2026-04-06
2022-12-27,2,LSMGO,24.08,15.5,372.0,24,201.5729,0.68,Rough,FMS_MARITIME,2026-04-06
2022-12-28,2,LSMGO,34.3,9.9,237.6,24,449.5379,0.67,Moderate,FMS_MARITIME,2026-04-06
2022-12-28,2,LSMGO,37.36,14.1,338.4,24,343.7915,0.46,Moderate,FMS_MARITIME,2026-04-06
2022-12-28,2,LSMGO,56.65,15.4,369.6,24,477.2946,0.69,Rough,FMS_MARITIME,2026-04-06
2022-12-01,3,VLSFO,29.68,9.7,232.8,24,397.0082,0.63,Moderate,FMS_MARITIME,2026-04-06
2022-12-02,3,LNG,28.08,11.9,285.6,24,306.1664,0.57,Moderate,FMS_MARITIME,2026-04-06
2022-12-03,3,MGO,83.13,17.6,422.4,24,612.8476,0.98,Moderate,FMS_MARITIME,2026-04-06
2022-12-04,3,LNG,78.7,15.5,372.0,24,658.7952,0.98,Calm,FMS_MARITIME,2026-04-06
2022-12-05,3,HFO,45.5,13.7,328.8,24,430.9215,0.54,Moderate,FMS_MARITIME,2026-04-06
2022-12-06,3,MGO,71.59,14.5,348.0,24,640.6071,0.78,Calm,FMS_MARITIME,2026-04-06
2022-12-07,3,VLSFO,65.77,11.7,280.8,24,729.3724,0.75,Moderate,FMS_MARITIME,2026-04-06
2022-12-08,3,LNG,41.85,10.6,254.4,24,512.2677,0.6,Rough,FMS_MARITIME,2026-04-06
2022-12-09,3,VLSFO,20.27,14.8,355.2,24,177.7049,0.85,Calm,FMS_MARITIME,2026-04-06
2022-12-10,3,HFO,25.73,15.8,379.2,24,211.2954,0.9,Rough,FMS_MARITIME,2026-04-06
2022-12-11,3,LNG,23.55,10.9,261.6,24,280.3314,0.96,Calm,FMS_MARITIME,2026-04-06
2022-12-12,3,LNG,80.77,14.1,338.4,24,743.2559,0.75,Rough,FMS_MARITIME,2026-04-06
2022-12-13,3,VLSFO,78.48,12.3,295.2,24,827.8683,0.84,Calm,FMS_MARITIME,2026-04-06
2022-12-14,3,MGO,72.53,17.3,415.2,24,543.975,0.94,Moderate,FMS_MARITIME,2026-04-06
2022-12-15,3,LSMGO,79.1,14.6,350.4,24,702.9606,0.54,Calm,FMS_MARITIME,2026-04-06
2022-12-16,3,LSMGO,59.09,12.7,304.8,24,603.6951,0.72,Calm,FMS_MARITIME,2026-04-06
2022-12-17,3,LNG,84.1,16.5,396.0,24,661.3318,0.72,Rough,FMS_MARITIME,2026-04-06
2022-12-18,3,MGO,60.61,9.1,218.4,24,864.192,0.64,Moderate,FMS_MARITIME,2026-04-06
2022-12-19,3,MGO,21.32,12.4,297.6,24,223.0863,0.48,Calm,FMS_MARITIME,2026-04-06
2022-12-20,3,LNG,53.89,16.2,388.8,24,431.619,0.64,Calm,FMS_MARITIME,2026-04-06
2022-12-21,3,HFO,43.86,14.1,338.4,24,403.6053,0.48,Moderate,FMS_MARITIME,2026-04-06
2022-12-22,3,LNG,23.15,8.8,211.2,24,341.331,0.54,Moderate,FMS_MARITIME,2026-04-06
2022-12-23,3,LNG,24.24,8.8,211.2,24,357.4023,0.7,Rough,FMS_MARITIME,2026-04-06
2022-12-24,3,VLSFO,36.0,8.5,204.0,24,549.5294,0.66,Rough,FMS_MARITIME,2026-04-06
2022-12-25,3,LNG,30.84,8.3,199.2,24,482.1072,0.96,Rough,FMS_MARITIME,2026-04-06
2022-12-26,3,MGO,23.54,17.4,417.6,24,175.5353,0.48,Rough,FMS_MARITIME,2026-04-06
2022-12-27,3,VLSFO,15.92,11.7,280.8,24,176.5487,0.68,Rough,FMS_MARITIME,2026-04-06
2022-12-28,3,LNG,56.04,10.8,259.2,24,673.2583,0.59,Calm,FMS_MARITIME,2026-04-06
2022-12-28,3,LSMGO,82.35,12.9,309.6,24,828.2878,0.81,Calm,FMS_MARITIME,2026-04-06
2022-12-28,3,VLSFO,34.19,12.3,295.2,24,360.6628,0.66,Moderate,FMS_MARITIME,2026-04-06
2022-12-01,4,MGO,53.68,10.5,252.0,24,663.3314,0.69,Moderate,FMS_MARITIME,2026-04-06
2022-12-02,4,LNG,27.65,15.3,367.2,24,234.4828,0.98,Calm,FMS_MARITIME,2026-04-06
2022-12-03,4,HFO,57.25,11.8,283.2,24,629.5074,0.74,Calm,FMS_MARITIME,2026-04-06
2022-12-04,4,VLSFO,16.66,14.3,343.2,24,151.1633,0.9,Moderate,FMS_MARITIME,2026-04-06
2022-12-05,4,VLSFO,30.84,12.5,300.0,24,320.1192,0.97,Moderate,FMS_MARITIME,2026-04-06
2022-12-06,4,LNG,18.2,11.6,278.4,24,203.5733,0.56,Calm,FMS_MARITIME,2026-04-06
2022-12-07,4,HFO,37.61,11.6,278.4,24,420.6808,0.72,Calm,FMS_MARITIME,2026-04-06
2022-12-08,4,MGO,82.71,16.7,400.8,24,642.6121,0.43,Rough,FMS_MARITIME,2026-04-06
2022-12-09,4,HFO,23.29,8.1,194.4,24,373.0713,0.57,Moderate,FMS_MARITIME,2026-04-06
2022-12-10,4,MGO,63.21,8.9,213.6,24,921.5166,0.67,Calm,FMS_MARITIME,2026-04-06
2022-12-11,4,VLSFO,57.77,12.9,309.6,24,581.0587,0.59,Moderate,FMS_MARITIME,2026-04-06
2022-12-12,4,VLSFO,56.55,10.9,261.6,24,673.1525,0.72,Moderate,FMS_MARITIME,2026-04-06
2022-12-13,4,HFO,47.37,17.6,422.4,24,349.2192,0.48,Rough,FMS_MARITIME,2026-04-06
2022-12-14,4,LSMGO,55.83,16.3,391.2,24,444.4137,0.85,Rough,FMS_MARITIME,2026-04-06
2022-12-15,4,LNG,71.37,8.2,196.8,24,1129.2997,0.69,Calm,FMS_MARITIME,2026-04-06
2022-12-16,4,VLSFO,36.08,11.7,280.8,24,400.1179,0.67,Rough,FMS_MARITIME,2026-04-06
2022-12-17,4,MGO,19.43,15.5,372.0,24,162.6479,0.52,Rough,FMS_MARITIME,2026-04-06
2022-12-18,4,LNG,44.77,8.4,201.6,24,691.5366,0.72,Moderate,FMS_MARITIME,2026-04-06
2022-12-19,4,LSMGO,29.1,8.8,211.2,24,429.0597,0.81,Moderate,FMS_MARITIME,2026-04-06
2022-12-20,4,VLSFO,70.36,16.4,393.6,24,556.6591,0.99,Rough,FMS_MARITIME,2026-04-06
2022-12-21,4,LNG,55.43,14.9,357.6,24,482.6874,0.65,Calm,FMS_MARITIME,2026-04-06
2022-12-22,4,VLSFO,75.26,9.8,235.2,24,996.427,0.95,Calm,FMS_MARITIME,2026-04-06
2022-12-23,4,VLSFO,80.9,15.7,376.8,24,668.5844,0.49,Rough,FMS_MARITIME,2026-04-06
2022-12-24,4,LSMGO,77.83,10.4,249.6,24,971.0041,0.47,Calm,FMS_MARITIME,2026-04-06
2022-12-25,4,HFO,74.9,14.3,343.2,24,679.5997,0.68,Calm,FMS_MARITIME,2026-04-06
2022-12-26,4,VLSFO,46.85,9.0,216.0,24,675.4208,0.51,Calm,FMS_MARITIME,2026-04-06
2022-12-27,4,HFO,24.19,12.3,295.2,24,255.175,0.68,Moderate,FMS_MARITIME,2026-04-06
2022-12-28,4,HFO,38.7,11.1,266.4,24,452.3716,0.51,Calm,FMS_MARITIME,2026-04-06
2022-12-28,4,MGO,17.04,10.5,252.0,24,210.5657,0.96,Calm,FMS_MARITIME,2026-04-06
2022-12-28,4,MGO,44.24,12.4,297.6,24,462.9145,0.93,Calm,FMS_MARITIME,2026-04-06
2022-12-01,5,MGO,72.14,16.8,403.2,24,557.1527,0.84,Moderate,FMS_MARITIME,2026-04-06
2022-12-02,5,MGO,39.71,8.8,211.2,24,585.4969,0.92,Moderate,FMS_MARITIME,2026-04-06
2022-12-03,5,VLSFO,60.09,14.5,348.0,24,537.7019,0.94,Rough,FMS_MARITIME,2026-04-06
2022-12-04,5,LSMGO,59.12,10.3,247.2,24,744.7398,0.67,Calm,FMS_MARITIME,2026-04-06
2022-12-05,5,HFO,32.46,16.5,396.0,24,255.2536,0.89,Moderate,FMS_MARITIME,2026-04-06
2022-12-06,5,MGO,39.35,16.0,384.0,24,319.1039,0.66,Rough,FMS_MARITIME,2026-04-06
2022-12-07,5,LSMGO,59.15,15.4,369.6,24,498.358,0.68,Moderate,FMS_MARITIME,2026-04-06
2022-12-08,5,LNG,27.39,9.7,232.8,24,366.3765,0.86,Moderate,FMS_MARITIME,2026-04-06
2022-12-09,5,LSMGO,50.75,16.7,400.8,24,394.3001,0.94,Rough,FMS_MARITIME,2026-04-06
2022-12-10,5,LNG,56.86,9.9,237.6,24,745.2106,0.62,Rough,FMS_MARITIME,2026-04-06
2022-12-11,5,LNG,53.66,9.8,235.2,24,710.4474,0.51,Moderate,FMS_MARITIME,2026-04-06
2022-12-12,5,MGO,41.33,8.7,208.8,24,616.3871,0.83,Rough,FMS_MARITIME,2026-04-06
2022-12-13,5,VLSFO,26.26,15.0,360.0,24,227.149,0.67,Calm,FMS_MARITIME,2026-04-06
2022-12-14,5,VLSFO,64.84,10.9,261.6,24,771.8339,0.82,Rough,FMS_MARITIME,2026-04-06
2022-12-15,5,HFO,56.52,16.2,388.8,24,452.6833,0.82,Moderate,FMS_MARITIME,2026-04-06
2022-12-16,5,LSMGO,83.4,10.3,247.2,24,1050.5971,0.42,Calm,FMS_MARITIME,2026-04-06
2022-12-17,5,HFO,50.96,12.9,309.6,24,512.5628,0.74,Moderate,FMS_MARITIME,2026-04-06
2022-12-18,5,LNG,17.54,13.5,324.0,24,168.5789,0.62,Rough,FMS_MARITIME,2026-04-06
2022-12-19,5,LSMGO,42.21,11.5,276.0,24,476.2389,0.99,Moderate,FMS_MARITIME,2026-04-06
2022-12-20,5,LNG,64.66,16.6,398.4,24,505.3997,0.74,Moderate,FMS_MARITIME,2026-04-06
2022-12-21,5,VLSFO,30.07,16.3,391.2,24,239.3609,0.53,Moderate,FMS_MARITIME,2026-04-06
2022-12-22,5,VLSFO,56.93,13.3,319.2,24,555.3885,0.91,Moderate,FMS_MARITIME,2026-04-06
2022-12-23,5,MGO,68.33,9.2,220.8,24,963.6758,0.45,Calm,FMS_MARITIME,2026-04-06
2022-12-24,5,MGO,75.49,13.6,326.4,24,720.2079,0.63,Moderate,FMS_MARITIME,2026-04-06
2022-12-25,5,LNG,76.08,15.5,372.0,24,636.8632,0.78,Moderate,FMS_MARITIME,2026-04-06
2022-12-26,5,VLSFO,72.89,11.7,280.8,24,808.3314,0.62,Rough,FMS_MARITIME,2026-04-06
2022-12-27,5,LNG,23.89,15.9,381.6,24,194.9514,0.74,Rough,FMS_MARITIME,2026-04-06
2022-12-28,5,LNG,62.94,8.3,199.2,24,983.9114,0.95,Rough,FMS_MARITIME,2026-04-06
2022-12-28,5,MGO,34.06,14.1,338.4,24,313.4245,0.61,Calm,FMS_MARITIME,2026-04-06
2022-12-28,5,VLSFO,76.86,14.4,345.6,24,692.5406,0.68,Rough,FMS_MARITIME,2026-04-06
2022-12-01,6,VLSFO,63.91,14.8,355.2,24,560.2921,0.74,Rough,FMS_MARITIME,2026-04-06
2022-12-02,6,MGO,67.03,16.3,391.2,24,533.567,0.58,Rough,FMS_MARITIME,2026-04-06
2022-12-03,6,LSMGO,26.55,14.5,348.0,24,237.5767,0.45,Rough,FMS_MARITIME,2026-04-06
2022-12-04,6,LNG,83.86,12.5,300.0,24,870.4668,0.97,Calm,FMS_MARITIME,2026-04-06
2022-12-05,6,HFO,48.17,12.9,309.6,24,484.5006,0.63,Moderate,FMS_MARITIME,2026-04-06
2022-12-06,6,VLSFO,22.55,8.8,211.2,24,332.4844,0.95,Moderate,FMS_MARITIME,2026-04-06
2022-12-07,6,LSMGO,32.51,16.9,405.6,24,249.596,0.61,Calm,FMS_MARITIME,2026-04-06
2022-12-08,6,LSMGO,20.17,10.9,261.6,24,240.097,0.46,Rough,FMS_MARITIME,2026-04-06
2022-12-09,6,MGO,17.32,10.1,242.4,24,222.502,0.52,Moderate,FMS_MARITIME,2026-04-06
2022-12-10,6,HFO,64.99,11.8,283.2,24,714.6146,0.57,Rough,FMS_MARITIME,2026-04-06
2022-12-11,6,VLSFO,56.87,8.9,213.6,24,829.0879,0.58,Calm,FMS_MARITIME,2026-04-06
2022-12-12,6,MGO,60.28,13.5,324.0,24,579.3578,0.66,Rough,FMS_MARITIME,2026-04-06
2022-12-13,6,HFO,28.44,13.0,312.0,24,283.8531,0.58,Calm,FMS_MARITIME,2026-04-06
2022-12-14,6,MGO,50.46,13.0,312.0,24,503.6296,0.48,Calm,FMS_MARITIME,2026-04-06
2022-12-15,6,HFO,23.07,10.2,244.8,24,293.464,0.98,Calm,FMS_MARITIME,2026-04-06
2022-12-16,6,LSMGO,16.53,14.8,355.2,24,144.9167,0.51,Rough,FMS_MARITIME,2026-04-06
2022-12-17,6,LSMGO,62.01,13.4,321.6,24,600.4326,0.62,Moderate,FMS_MARITIME,2026-04-06
2022-12-18,6,LSMGO,41.57,13.7,328.8,24,393.7013,0.55,Moderate,FMS_MARITIME,2026-04-06
2022-12-19,6,VLSFO,34.92,10.2,244.8,24,444.2029,0.9,Moderate,FMS_MARITIME,2026-04-06
2022-12-20,6,MGO,23.5,12.8,307.2,24,238.2129,0.54,Calm,FMS_MARITIME,2026-04-06
2022-12-21,6,MGO,64.09,12.1,290.4,24,687.2461,0.68,Calm,FMS_MARITIME,2026-04-06
2022-12-22,6,MGO,37.31,16.2,388.8,24,298.8255,0.53,Moderate,FMS_MARITIME,2026-04-06
2022-12-23,6,MGO,51.87,9.3,223.2,24,723.6702,0.63,Moderate,FMS_MARITIME,2026-04-06
2022-12-24,6,HFO,81.72,17.8,427.2,24,595.6837,0.76,Moderate,FMS_MARITIME,2026-04-06
2022-12-25,6,LNG,69.01,16.5,396.0,24,542.6695,0.49,Rough,FMS_MARITIME,2026-04-06
2022-12-26,6,VLSFO,49.38,15.4,369.6,24,416.0425,0.86,Rough,FMS_MARITIME,2026-04-06
2022-12-27,6,VLSFO,48.6,8.5,204.0,24,741.8647,0.61,Rough,FMS_MARITIME,2026-04-06
2022-12-28,6,LSMGO,36.86,13.9,333.6,24,344.0709,0.87,Moderate,FMS_MARITIME,2026-04-06
2022-12-28,6,LNG,43.63,11.6,278.4,24,488.0166,0.97,Calm,FMS_MARITIME,2026-04-06
2022-12-28,6,LNG,32.53,15.7,376.8,24,268.8387,0.44,Moderate,FMS_MARITIME,2026-04-06
2022-12-01,7,HFO,82.18,13.6,326.4,24,784.0335,0.57,Calm,FMS_MARITIME,2026-04-06
2022-12-02,7,LSMGO,31.95,10.4,249.6,24,398.607,0.91,Calm,FMS_MARITIME,2026-04-06
2022-12-03,7,LSMGO,17.05,14.8,355.2,24,149.4755,0.82,Rough,FMS_MARITIME,2026-04-06
2022-12-04,7,LNG,47.77,17.2,412.8,24,360.358,0.91,Moderate,FMS_MARITIME,2026-04-06
2022-12-05,7,LNG,15.55,9.2,220.8,24,219.3057,0.72,Moderate,FMS_MARITIME,2026-04-06
2022-12-06,7,LSMGO,74.72,17.4,417.6,24,557.1793,0.86,Calm,FMS_MARITIME,2026-04-06
2022-12-07,7,HFO,21.61,8.8,211.2,24,318.6247,0.42,Moderate,FMS_MARITIME,2026-04-06
2022-12-08,7,HFO,57.27,16.5,396.0,24,450.3505,0.97,Calm,FMS_MARITIME,2026-04-06
2022-12-09,7,LNG,43.9,9.3,223.2,24,612.4758,0.57,Moderate,FMS_MARITIME,2026-04-06
2022-12-10,7,LNG,56.56,11.1,266.4,24,661.1405,0.76,Moderate,FMS_MARITIME,2026-04-06
2022-12-11,7,MGO,66.82,14.4,345.6,24,602.076,0.6,Rough,FMS_MARITIME,2026-04-06
2022-12-12,7,LSMGO,73.59,15.8,379.2,24,604.3229,0.44,Calm,FMS_MARITIME,2026-04-06
2022-12-13,7,LSMGO,56.1,14.6,350.4,24,498.5599,0.95,Calm,FMS_MARITIME,2026-04-06
2022-12-14,7,LNG,37.21,14.7,352.8,24,328.4352,0.81,Moderate,FMS_MARITIME,2026-04-06
2022-12-15,7,MGO,39.9,13.5,324.0,24,383.4833,0.65,Rough,FMS_MARITIME,2026-04-06
2022-12-16,7,HFO,15.25,10.9,261.6,24,181.531,0.76,Calm,FMS_MARITIME,2026-04-06
2022-12-17,7,MGO,17.14,9.7,232.8,24,229.2696,0.62,Rough,FMS_MARITIME,2026-04-06
2022-12-18,7,VLSFO,60.95,15.9,381.6,24,497.375,0.59,Rough,FMS_MARITIME,2026-04-06
2022-12-19,7,LSMGO,74.08,10.6,254.4,24,906.7811,0.67,Calm,FMS_MARITIME,2026-04-06
2022-12-20,7,MGO,79.74,15.3,367.2,24,676.2265,0.75,Rough,FMS_MARITIME,2026-04-06
2022-12-21,7,LNG,62.21,12.5,300.0,24,645.7398,0.79,Rough,FMS_MARITIME,2026-04-06
2022-12-22,7,MGO,36.58,14.3,343.2,24,331.9059,0.96,Rough,FMS_MARITIME,2026-04-06
2022-12-23,7,VLSFO,18.03,15.4,369.6,24,151.9086,0.65,Rough,FMS_MARITIME,2026-04-06
2022-12-24,7,HFO,50.49,12.1,290.4,24,541.4114,0.51,Rough,FMS_MARITIME,2026-04-06
2022-12-25,7,HFO,47.5,15.9,381.6,24,387.6179,0.53,Rough,FMS_MARITIME,2026-04-06
2022-12-26,7,LNG,38.48,12.8,307.2,24,390.0609,0.43,Rough,FMS_MARITIME,2026-04-06
2022-12-27,7,LNG,82.71,12.9,309.6,24,831.9087,0.58,Moderate,FMS_MARITIME,2026-04-06
2022-12-28,7,LSMGO,71.69,9.5,228.0,24,979.1345,0.89,Rough,FMS_MARITIME,2026-04-06
2022-12-28,7,MGO,50.17,10.7,256.8,24,608.3699,0.57,Calm,FMS_MARITIME,2026-04-06
2022-12-28,7,LSMGO,46.32,17.7,424.8,24,339.5492,0.5,Moderate,FMS_MARITIME,2026-04-06
2022-12-01,8,MGO,46.96,11.9,285.6,24,512.0218,0.6,Calm,FMS_MARITIME,2026-04-06
2022-12-02,8,MGO,30.33,14.2,340.8,24,277.135,0.44,Calm,FMS_MARITIME,2026-04-06
2022-12-03,8,HFO,44.73,12.7,304.8,24,456.9856,0.5,Moderate,FMS_MARITIME,2026-04-06
2022-12-04,8,VLSFO,35.26,8.3,199.2,24,551.203,0.57,Moderate,FMS_MARITIME,2026-04-06
2022-12-05,8,LNG,24.52,8.4,201.6,24,378.7464,0.53,Calm,FMS_MARITIME,2026-04-06
2022-12-06,8,HFO,63.93,8.3,199.2,24,999.3877,0.54,Moderate,FMS_MARITIME,2026-04-06
2022-12-07,8,HFO,37.53,8.3,199.2,24,586.6889,0.56,Moderate,FMS_MARITIME,2026-04-06
2022-12-08,8,MGO,74.93,10.7,256.8,24,908.6138,0.52,Rough,FMS_MARITIME,2026-04-06
2022-12-09,8,LSMGO,27.9,9.6,230.4,24,377.0859,0.87,Rough,FMS_MARITIME,2026-04-06
2022-12-10,8,MGO,21.07,9.6,230.4,24,284.7742,0.78,Calm,FMS_MARITIME,2026-04-06
2022-12-11,8,MGO,39.92,16.5,396.0,24,313.9164,0.86,Calm,FMS_MARITIME,2026-04-06
2022-12-12,8,LNG,46.05,15.0,360.0,24,398.3325,0.9,Moderate,FMS_MARITIME,2026-04-06
2022-12-13,8,LSMGO,52.92,12.7,304.8,24,540.6591,0.74,Calm,FMS_MARITIME,2026-04-06
2022-12-14,8,LSMGO,72.67,9.7,232.8,24,972.0549,0.45,Rough,FMS_MARITIME,2026-04-06
2022-12-15,8,VLSFO,27.89,14.4,345.6,24,251.3005,0.66,Moderate,FMS_MARITIME,2026-04-06
2022-12-16,8,HFO,74.9,14.7,352.8,24,661.1071,0.53,Rough,FMS_MARITIME,2026-04-06
2022-12-17,8,HFO,80.99,17.8,427.2,24,590.3625,0.55,Rough,FMS_MARITIME,2026-04-06
2022-12-18,8,MGO,81.47,12.4,297.6,24,852.4784,0.65,Rough,FMS_MARITIME,2026-04-06
2022-12-19,8,VLSFO,62.71,14.3,343.2,24,568.9946,0.61,Rough,FMS_MARITIME,2026-04-06
2022-12-20,8,VLSFO,70.58,17.5,420.0,24,523.3003,0.76,Rough,FMS_MARITIME,2026-04-06
2022-12-21,8,VLSFO,38.08,12.2,292.8,24,404.9902,0.76,Calm,FMS_MARITIME,2026-04-06
2022-12-22,8,LSMGO,37.52,9.5,228.0,24,512.4442,0.78,Calm,FMS_MARITIME,2026-04-06
2022-12-23,8,LSMGO,29.99,17.2,412.8,24,226.2327,0.59,Moderate,FMS_MARITIME,2026-04-06
2022-12-24,8,LSMGO,24.3,16.6,398.4,24,189.9352,0.59,Rough,FMS_MARITIME,2026-04-06
2022-12-25,8,MGO,16.76,15.4,369.6,24,141.2084,0.84,Calm,FMS_MARITIME,2026-04-06
2022-12-26,8,LSMGO,24.01,12.5,300.0,24,249.2238,0.62,Calm,FMS_MARITIME,2026-04-06
2022-12-27,8,VLSFO,42.62,13.8,331.2,24,400.7207,0.93,Calm,FMS_MARITIME,2026-04-06
2022-12-28,8,HFO,56.61,14.3,343.2,24,513.6467,0.6,Calm,FMS_MARITIME,2026-04-06
2022-12-28,8,VLSFO,51.25,16.0,384.0,24,415.6055,0.5,Moderate,FMS_MARITIME,2026-04-06
2022-12-28,8,HFO,70.72,16.7,400.8,24,549.4563,0.51,Rough,FMS_MARITIME,2026-04-06
2022-12-01,9,LNG,21.9,8.3,199.2,24,342.3524,0.77,Calm,FMS_MARITIME,2026-04-06
2022-12-02,9,VLSFO,76.42,14.7,352.8,24,674.5235,0.95,Moderate,FMS_MARITIME,2026-04-06
2022-12-03,9,MGO,49.89,15.0,360.0,24,431.5485,0.91,Calm,FMS_MARITIME,2026-04-06
2022-12-04,9,LSMGO,59.47,14.8,355.2,24,521.3671,0.86,Calm,FMS_MARITIME,2026-04-06
2022-12-05,9,MGO,27.61,17.7,424.8,24,202.3953,0.85,Rough,FMS_MARITIME,2026-04-06
2022-12-06,9,HFO,72.82,9.4,225.6,24,1005.1484,0.61,Moderate,FMS_MARITIME,2026-04-06
2022-12-07,9,LSMGO,77.35,9.9,237.6,24,1013.7538,0.76,Rough,FMS_MARITIME,2026-04-06
2022-12-08,9,MGO,27.95,8.8,211.2,24,412.1037,0.55,Moderate,FMS_MARITIME,2026-04-06
2022-12-09,9,LSMGO,56.33,14.2,340.8,24,514.7055,0.99,Moderate,FMS_MARITIME,2026-04-06
2022-12-10,9,VLSFO,54.62,14.0,336.0,24,506.2104,0.93,Moderate,FMS_MARITIME,2026-04-06
2022-12-11,9,LSMGO,35.66,16.8,403.2,24,275.4098,0.81,Moderate,FMS_MARITIME,2026-04-06
2022-12-12,9,MGO,57.42,9.5,228.0,24,784.2363,0.75,Calm,FMS_MARITIME,2026-04-06
2022-12-13,9,VLSFO,72.69,11.2,268.8,24,842.1007,0.94,Calm,FMS_MARITIME,2026-04-06
2022-12-14,9,LSMGO,78.6,14.8,355.2,24,689.0777,0.66,Moderate,FMS_MARITIME,2026-04-06
2022-12-15,9,HFO,53.33,14.0,336.0,24,494.2548,0.5,Moderate,FMS_MARITIME,2026-04-06
2022-12-16,9,LSMGO,38.18,17.4,417.6,24,284.7043,0.93,Rough,FMS_MARITIME,2026-04-06
2022-12-17,9,HFO,79.4,14.1,338.4,24,730.6489,0.68,Moderate,FMS_MARITIME,2026-04-06
2022-12-18,9,LSMGO,38.49,15.5,372.0,24,322.1985,0.41,Moderate,FMS_MARITIME,2026-04-06
2022-12-19,9,MGO,22.11,10.5,252.0,24,273.2164,0.71,Calm,FMS_MARITIME,2026-04-06
2022-12-20,9,MGO,25.5,14.1,338.4,24,234.6543,0.55,Moderate,FMS_MARITIME,2026-04-06
2022-12-21,9,LSMGO,82.84,11.4,273.6,24,942.85,0.52,Rough,FMS_MARITIME,2026-04-06
2022-12-22,9,LSMGO,16.78,17.4,417.6,24,125.1267,0.81,Rough,FMS_MARITIME,2026-04-06
2022-12-23,9,MGO,55.22,17.1,410.4,24,418.9939,0.79,Moderate,FMS_MARITIME,2026-04-06
2022-12-24,9,MGO,40.74,9.9,237.6,24,533.9409,0.55,Moderate,FMS_MARITIME,2026-04-06
2022-12-25,9,VLSFO,17.68,15.9,381.6,24,144.2755,0.99,Rough,FMS_MARITIME,2026-04-06
2022-12-26,9,VLSFO,83.61,15.4,369.6,24,704.4414,0.76,Calm,FMS_MARITIME,2026-04-06
2022-12-27,9,MGO,27.6,14.5,348.0,24,246.9724,0.44,Moderate,FMS_MARITIME,2026-04-06
2022-12-28,9,VLSFO,31.8,16.0,384.0,24,257.8781,0.68,Rough,FMS_MARITIME,2026-04-06
2022-12-28,9,MGO,51.59,13.3,319.2,24,503.2934,0.42,Calm,FMS_MARITIME,2026-04-06
2022-12-28,9,HFO,84.79,16.6,398.4,24,662.7411,0.59,Calm,FMS_MARITIME,2026-04-06
2022-12-01,10,MGO,73.04,8.8,211.2,24,1076.925,0.5,Rough,FMS_MARITIME,2026-04-06
2022-12-02,10,MGO,36.61,8.1,194.4,24,586.438,0.95,Calm,FMS_MARITIME,2026-04-06
2022-12-03,10,MGO,41.33,16.4,393.6,24,326.9858,0.55,Calm,FMS_MARITIME,2026-04-06
2022-12-04,10,LNG,84.48,8.6,206.4,24,1274.5674,0.76,Moderate,FMS_MARITIME,2026-04-06
2022-12-05,10,LNG,67.31,9.7,232.8,24,900.358,0.76,Calm,FMS_MARITIME,2026-04-06
2022-12-06,10,LNG,80.33,8.3,199.2,24,1255.7611,0.99,Rough,FMS_MARITIME,2026-04-06
2022-12-07,10,VLSFO,37.56,12.8,307.2,24,380.7352,0.54,Rough,FMS_MARITIME,2026-04-06
2022-12-08,10,VLSFO,38.06,12.0,288.0,24,411.5237,0.57,Moderate,FMS_MARITIME,2026-04-06
2022-12-09,10,VLSFO,46.67,10.6,254.4,24,571.2672,0.53,Moderate,FMS_MARITIME,2026-04-06
2022-12-10,10,LSMGO,16.42,11.6,278.4,24,183.6634,0.76,Rough,FMS_MARITIME,2026-04-06
2022-12-11,10,LSMGO,49.48,15.4,369.6,24,416.8851,0.96,Rough,FMS_MARITIME,2026-04-06
2022-12-12,10,LSMGO,21.33,13.7,328.8,24,202.0122,0.87,Rough,FMS_MARITIME,2026-04-06
2022-12-13,10,LSMGO,41.57,12.2,292.8,24,442.1072,0.99,Moderate,FMS_MARITIME,2026-04-06
2022-12-14,10,VLSFO,79.23,12.5,300.0,24,822.4074,0.47,Calm,FMS_MARITIME,2026-04-06
2022-12-15,10,LSMGO,73.0,10.0,240.0,24,947.175,0.91,Moderate,FMS_MARITIME,2026-04-06
2022-12-16,10,LNG,59.89,14.7,352.8,24,528.6209,0.55,Calm,FMS_MARITIME,2026-04-06
2022-12-17,10,HFO,33.84,15.3,367.2,24,286.9765,0.83,Moderate,FMS_MARITIME,2026-04-06
2022-12-18,10,LSMGO,57.15,12.5,300.0,24,593.217,0.91,Moderate,FMS_MARITIME,2026-04-06
2022-12-19,10,LNG,32.59,10.6,254.4,24,398.92,0.88,Rough,FMS_MARITIME,2026-04-06
2022-12-20,10,MGO,84.05,9.4,225.6,24,1160.1582,0.51,Rough,FMS_MARITIME,2026-04-06
2022-12-21,10,HFO,72.09,11.5,276.0,24,813.3633,0.54,Rough,FMS_MARITIME,2026-04-06
2022-12-22,10,LNG,16.3,14.5,348.0,24,145.8569,0.87,Calm,FMS_MARITIME,2026-04-06
2022-12-23,10,LSMGO,37.7,12.5,300.0,24,391.326,0.44,Rough,FMS_MARITIME,2026-04-06
2022-12-24,10,LSMGO,45.07,10.0,240.0,24,584.7833,0.68,Moderate,FMS_MARITIME,2026-04-06
2022-12-25,10,MGO,22.07,15.8,379.2,24,181.2394,0.85,Calm,FMS_MARITIME,2026-04-06
2022-12-26,10,MGO,83.21,15.4,369.6,24,701.0713,0.65,Rough,FMS_MARITIME,2026-04-06
2022-12-27,10,LNG,71.55,10.7,256.8,24,867.6273,0.9,Rough,FMS_MARITIME,2026-04-06
2022-12-28,10,MGO,16.67,9.1,218.4,24,237.6849,0.84,Calm,FMS_MARITIME,2026-04-06
2022-12-28,10,HFO,64.68,12.5,300.0,24,671.3784,0.81,Calm,FMS_MARITIME,2026-04-06
2022-12-28,10,LNG,36.37,14.7,352.8,24,321.0209,0.43,Moderate,FMS_MARITIME,2026-04-06
2022-12-01,11,VLSFO,83.16,8.9,213.6,24,1212.3607,0.77,Calm,FMS_MARITIME,2026-04-06
2022-12-02,11,LSMGO,54.72,8.7,208.8,24,816.0828,0.6,Calm,FMS_MARITIME,2026-04-06
2022-12-03,11,MGO,40.88,16.2,388.8,24,327.4185,0.62,Calm,FMS_MARITIME,2026-04-06
2022-12-04,11,HFO,46.39,13.6,326.4,24,442.5811,0.41,Moderate,FMS_MARITIME,2026-04-06
2022-12-05,11,MGO,23.65,15.7,376.8,24,195.4514,0.46,Rough,FMS_MARITIME,2026-04-06
2022-12-06,11,HFO,33.31,16.0,384.0,24,270.1233,0.6,Moderate,FMS_MARITIME,2026-04-06
2022-12-07,11,VLSFO,61.09,10.4,249.6,24,762.1565,0.56,Rough,FMS_MARITIME,2026-04-06
2022-12-08,11,VLSFO,38.56,13.4,321.6,24,373.3701,0.87,Rough,FMS_MARITIME,2026-04-06
2022-12-09,11,HFO,38.7,11.2,268.8,24,448.3326,0.55,Moderate,FMS_MARITIME,2026-04-06
2022-12-10,11,MGO,67.8,15.6,374.4,24,563.9135,0.59,Moderate,FMS_MARITIME,2026-04-06
2022-12-11,11,HFO,66.17,15.0,360.0,24,572.3705,0.64,Rough,FMS_MARITIME,2026-04-06
2022-12-12,11,LSMGO,58.36,16.0,384.0,24,473.2631,0.59,Moderate,FMS_MARITIME,2026-04-06
2022-12-13,11,LSMGO,22.74,10.4,249.6,24,283.7034,0.78,Calm,FMS_MARITIME,2026-04-06
2022-12-14,11,LSMGO,71.47,16.5,396.0,24,562.0141,0.69,Moderate,FMS_MARITIME,2026-04-06
2022-12-15,11,VLSFO,61.17,12.7,304.8,24,624.9455,0.57,Calm,FMS_MARITIME,2026-04-06
2022-12-16,11,VLSFO,27.93,13.2,316.8,24,274.5392,0.9,Rough,FMS_MARITIME,2026-04-06
2022-12-17,11,MGO,65.54,10.1,242.4,24,841.9619,0.89,Calm,FMS_MARITIME,2026-04-06
2022-12-18,11,LSMGO,51.02,14.1,338.4,24,469.4926,0.52,Calm,FMS_MARITIME,2026-04-06
2022-12-19,11,LSMGO,49.04,17.6,422.4,24,361.5307,0.97,Rough,FMS_MARITIME,2026-04-06
2022-12-20,11,LSMGO,30.64,9.2,220.8,24,432.1239,0.52,Rough,FMS_MARITIME,2026-04-06
2022-12-21,11,HFO,53.34,14.1,338.4,24,490.8415,0.96,Calm,FMS_MARITIME,2026-04-06
2022-12-22,11,VLSFO,83.56,15.4,369.6,24,704.0201,0.75,Rough,FMS_MARITIME,2026-04-06
2022-12-23,11,MGO,76.75,17.2,412.8,24,578.9717,0.81,Moderate,FMS_MARITIME,2026-04-06
2022-12-24,11,VLSFO,28.38,13.1,314.4,24,281.092,0.63,Calm,FMS_MARITIME,2026-04-06
2022-12-25,11,LNG,73.97,9.6,230.4,24,999.7508,0.48,Rough,FMS_MARITIME,2026-04-06
2022-12-26,11,VLSFO,55.48,12.2,292.8,24,590.0434,0.64,Moderate,FMS_MARITIME,2026-04-06
2022-12-27,11,VLSFO,70.69,12.4,297.6,24,739.6796,0.55,Moderate,FMS_MARITIME,2026-04-06
2022-12-28,11,HFO,40.65,9.3,223.2,24,567.1331,0.83,Calm,FMS_MARITIME,2026-04-06
2022-12-28,11,MGO,25.47,8.6,206.4,24,384.2712,0.54,Moderate,FMS_MARITIME,2026-04-06
2022-12-28,11,LNG,16.89,15.2,364.8,24,144.1762,0.73,Rough,FMS_MARITIME,2026-04-06
2022-12-01,12,MGO,54.65,10.1,242.4,24,702.0631,0.51,Calm,FMS_MARITIME,2026-04-06
2022-12-02,12,VLSFO,46.68,10.6,254.4,24,571.3896,0.53,Calm,FMS_MARITIME,2026-04-06
2022-12-03,12,VLSFO,42.68,8.9,213.6,24,622.2169,0.41,Rough,FMS_MARITIME,2026-04-06
2022-12-04,12,MGO,26.98,16.2,388.8,24,216.0898,0.57,Rough,FMS_MARITIME,2026-04-06
2022-12-05,12,VLSFO,45.59,14.9,357.6,24,397.0002,0.79,Calm,FMS_MARITIME,2026-04-06
2022-12-06,12,MGO,74.22,12.0,288.0,24,802.5037,0.51,Rough,FMS_MARITIME,2026-04-06
2022-12-07,12,HFO,28.35,16.7,400.8,24,220.2642,0.99,Rough,FMS_MARITIME,2026-04-06
2022-12-08,12,LNG,18.93,9.3,223.2,24,264.104,0.58,Moderate,FMS_MARITIME,2026-04-06
2022-12-09,12,VLSFO,45.15,13.7,328.8,24,427.6068,0.88,Rough,FMS_MARITIME,2026-04-06
2022-12-10,12,VLSFO,44.86,15.4,369.6,24,377.9601,0.6,Calm,FMS_MARITIME,2026-04-06
2022-12-11,12,LNG,22.12,15.6,374.4,24,183.9788,0.41,Moderate,FMS_MARITIME,2026-04-06
2022-12-12,12,LNG,84.23,11.8,283.2,24,926.1731,0.82,Calm,FMS_MARITIME,2026-04-06
2022-12-13,12,HFO,82.0,17.3,415.2,24,615.0,0.71,Calm,FMS_MARITIME,2026-04-06
2022-12-14,12,LNG,61.0,14.5,348.0,24,545.8448,0.48,Rough,FMS_MARITIME,2026-04-06
2022-12-15,12,LSMGO,69.7,16.6,398.4,24,544.7937,0.89,Calm,FMS_MARITIME,2026-04-06
2022-12-16,12,MGO,40.19,17.1,410.4,24,304.9504,0.99,Rough,FMS_MARITIME,2026-04-06
2022-12-17,12,LSMGO,40.86,15.1,362.4,24,351.0983,0.41,Rough,FMS_MARITIME,2026-04-06
2022-12-18,12,VLSFO,77.39,11.9,285.6,24,843.8111,0.69,Moderate,FMS_MARITIME,2026-04-06
2022-12-19,12,LSMGO,29.83,9.2,220.8,24,420.7003,0.52,Rough,FMS_MARITIME,2026-04-06
2022-12-20,12,HFO,16.23,17.8,427.2,24,118.3058,0.87,Moderate,FMS_MARITIME,2026-04-06
2022-12-21,12,HFO,27.62,15.3,367.2,24,234.2284,0.95,Calm,FMS_MARITIME,2026-04-06
2022-12-22,12,HFO,59.26,15.9,381.6,24,483.584,0.55,Moderate,FMS_MARITIME,2026-04-06
2022-12-23,12,LSMGO,73.83,12.9,309.6,24,742.5924,0.9,Moderate,FMS_MARITIME,2026-04-06
2022-12-24,12,HFO,37.33,10.6,254.4,24,456.9403,0.75,Moderate,FMS_MARITIME,2026-04-06
2022-12-25,12,LSMGO,84.76,16.5,396.0,24,666.5218,0.57,Rough,FMS_MARITIME,2026-04-06
2022-12-26,12,HFO,17.95,16.2,388.8,24,143.7662,0.53,Rough,FMS_MARITIME,2026-04-06
2022-12-27,12,LNG,39.55,13.8,331.2,24,371.856,0.94,Moderate,FMS_MARITIME,2026-04-06
2022-12-28,12,VLSFO,57.67,14.7,352.8,24,509.026,0.61,Rough,FMS_MARITIME,2026-04-06
2022-12-28,12,HFO,53.17,16.0,384.0,24,431.1755,0.97,Moderate,FMS_MARITIME,2026-04-06
2022-12-28,12,VLSFO,76.15,9.6,230.4,24,1029.2148,0.57,Rough,FMS_MARITIME,2026-04-06
2022-12-01,13,HFO,26.56,17.1,410.4,24,201.5298,0.68,Rough,FMS_MARITIME,2026-04-06
2022-12-02,13,VLSFO,67.24,16.4,393.6,24,531.975,0.91,Moderate,FMS_MARITIME,2026-04-06
2022-12-03,13,LNG,82.07,9.4,225.6,24,1132.8279,0.44,Calm,FMS_MARITIME,2026-04-06
2022-12-04,13,VLSFO,64.04,10.8,259.2,24,769.3694,0.71,Rough,FMS_MARITIME,2026-04-06
2022-12-05,13,HFO,21.08,17.7,424.8,24,154.5271,0.74,Rough,FMS_MARITIME,2026-04-06
2022-12-06,13,MGO,72.59,16.8,403.2,24,560.6281,0.97,Moderate,FMS_MARITIME,2026-04-06
2022-12-07,13,VLSFO,42.06,16.7,400.8,24,326.7835,0.98,Calm,FMS_MARITIME,2026-04-06
2022-12-08,13,HFO,71.29,9.9,237.6,24,934.3311,0.46,Moderate,FMS_MARITIME,2026-04-06
2022-12-09,13,VLSFO,28.97,17.9,429.6,24,209.992,0.94,Calm,FMS_MARITIME,2026-04-06
2022-12-10,13,LNG,76.11,9.8,235.2,24,1007.6809,0.95,Rough,FMS_MARITIME,2026-04-06
2022-12-11,13,VLSFO,33.31,12.8,307.2,24,337.6541,0.64,Rough,FMS_MARITIME,2026-04-06
2022-12-12,13,MGO,81.47,12.0,288.0,24,880.8944,0.8,Moderate,FMS_MARITIME,2026-04-06
2022-12-13,13,LNG,20.36,13.5,324.0,24,195.6822,0.94,Calm,FMS_MARITIME,2026-04-06
2022-12-14,13,LSMGO,69.93,10.1,242.4,24,898.3582,0.76,Moderate,FMS_MARITIME,2026-04-06
2022-12-15,13,VLSFO,29.16,9.3,223.2,24,406.829,0.87,Rough,FMS_MARITIME,2026-04-06
2022-12-16,13,MGO,83.92,17.5,420.0,24,622.2069,0.64,Calm,FMS_MARITIME,2026-04-06
2022-12-17,13,MGO,65.88,15.5,372.0,24,551.4794,0.91,Moderate,FMS_MARITIME,2026-04-06
2022-12-18,13,HFO,37.06,11.9,285.6,24,404.0786,0.69,Calm,FMS_MARITIME,2026-04-06
2022-12-19,13,LNG,69.37,15.0,360.0,24,600.0505,0.68,Rough,FMS_MARITIME,2026-04-06
2022-12-20,13,MGO,25.87,9.2,220.8,24,364.8514,0.66,Rough,FMS_MARITIME,2026-04-06
2022-12-21,13,LNG,84.85,16.7,400.8,24,659.2388,0.72,Rough,FMS_MARITIME,2026-04-06
2022-12-22,13,HFO,56.27,17.7,424.8,24,412.4877,0.95,Rough,FMS_MARITIME,2026-04-06
2022-12-23,13,LSMGO,18.4,10.6,254.4,24,225.2264,0.98,Rough,FMS_MARITIME,2026-04-06
2022-12-24,13,LSMGO,53.15,12.1,290.4,24,569.9349,0.47,Rough,FMS_MARITIME,2026-04-06
2022-12-25,13,MGO,28.99,17.9,429.6,24,210.137,0.8,Calm,FMS_MARITIME,2026-04-06
2022-12-26,13,MGO,47.25,13.7,328.8,24,447.4954,0.66,Moderate,FMS_MARITIME,2026-04-06
2022-12-27,13,LNG,71.3,12.9,309.6,24,717.1453,0.66,Rough,FMS_MARITIME,2026-04-06
2022-12-28,13,HFO,66.93,16.6,398.4,24,523.1426,0.83,Calm,FMS_MARITIME,2026-04-06
2022-12-28,13,HFO,22.35,16.3,391.2,24,177.9087,0.63,Calm,FMS_MARITIME,2026-04-06
2022-12-28,13,VLSFO,37.44,15.3,367.2,24,317.5059,0.71,Moderate,FMS_MARITIME,2026-04-06
2022-12-01,14,LSMGO,51.2,16.6,398.4,24,400.1928,0.69,Calm,FMS_MARITIME,2026-04-06
2022-12-02,14,VLSFO,31.74,13.0,312.0,24,316.7896,0.76,Moderate,FMS_MARITIME,2026-04-06
2022-12-03,14,HFO,50.57,17.0,408.0,24,385.9681,0.66,Calm,FMS_MARITIME,2026-04-06
2022-12-04,14,LNG,67.25,17.4,417.6,24,501.4763,0.5,Calm,FMS_MARITIME,2026-04-06
2022-12-05,14,HFO,63.14,9.0,216.0,24,910.2683,0.77,Rough,FMS_MARITIME,2026-04-06
2022-12-06,14,MGO,41.69,10.1,242.4,24,535.572,0.48,Moderate,FMS_MARITIME,2026-04-06
2022-12-07,14,LNG,74.5,10.4,249.6,24,929.4591,0.82,Calm,FMS_MARITIME,2026-04-06
2022-12-08,14,LSMGO,54.77,11.7,280.8,24,607.3853,0.9,Rough,FMS_MARITIME,2026-04-06
2022-12-09,14,VLSFO,73.98,17.2,412.8,24,558.0759,0.43,Calm,FMS_MARITIME,2026-04-06
2022-12-10,14,VLSFO,33.66,11.7,280.8,24,373.2808,0.88,Moderate,FMS_MARITIME,2026-04-06
2022-12-11,14,MGO,67.17,11.2,268.8,24,778.1525,0.41,Rough,FMS_MARITIME,2026-04-06
2022-12-12,14,HFO,49.57,11.2,268.8,24,574.2596,0.6,Moderate,FMS_MARITIME,2026-04-06
2022-12-13,14,VLSFO,83.73,15.6,374.4,24,696.4082,0.95,Rough,FMS_MARITIME,2026-04-06
2022-12-14,14,VLSFO,83.71,9.6,230.4,24,1131.393,0.95,Calm,FMS_MARITIME,2026-04-06
2022-12-15,14,LSMGO,54.15,15.6,374.4,24,450.3822,0.86,Moderate,FMS_MARITIME,2026-04-06
2022-12-16,14,LNG,75.65,12.6,302.4,24,779.0149,0.54,Calm,FMS_MARITIME,2026-04-06
2022-12-17,14,HFO,41.7,16.4,393.6,24,329.9131,0.71,Moderate,FMS_MARITIME,2026-04-06
2022-12-18,14,HFO,81.69,17.1,410.4,24,619.8408,0.58,Rough,FMS_MARITIME,2026-04-06
2022-12-19,14,VLSFO,22.7,10.0,240.0,24,294.5325,0.83,Calm,FMS_MARITIME,2026-04-06
2022-12-20,14,HFO,54.38,12.8,307.2,24,551.2348,0.81,Calm,FMS_MARITIME,2026-04-06
2022-12-21,14,VLSFO,40.4,8.5,204.0,24,616.6941,0.77,Rough,FMS_MARITIME,2026-04-06
2022-12-22,14,HFO,63.95,15.7,376.8,24,528.504,0.64,Rough,FMS_MARITIME,2026-04-06
2022-12-23,14,LNG,63.3,16.7,400.8,24,491.8069,0.51,Moderate,FMS_MARITIME,2026-04-06
2022-12-24,14,LNG,63.88,16.6,398.4,24,499.303,0.99,Moderate,FMS_MARITIME,2026-04-06
2022-12-25,14,HFO,55.32,13.1,314.4,24,547.9214,0.63,Moderate,FMS_MARITIME,2026-04-06
2022-12-26,14,MGO,45.53,13.6,326.4,24,434.3763,0.51,Moderate,FMS_MARITIME,2026-04-06
2022-12-27,14,VLSFO,69.01,13.5,324.0,24,663.2628,0.5,Moderate,FMS_MARITIME,2026-04-06
2022-12-28,14,HFO,56.97,8.9,213.6,24,830.5458,0.58,Rough,FMS_MARITIME,2026-04-06
2022-12-28,14,LSMGO,69.03,11.0,264.0,24,814.2402,0.96,Moderate,FMS_MARITIME,2026-04-06
2022-12-28,14,MGO,47.36,8.2,196.8,24,749.3854,0.94,Moderate,FMS_MARITIME,2026-04-06
2022-12-01,15,LSMGO,23.52,8.8,211.2,24,346.7864,0.61,Moderate,FMS_MARITIME,2026-04-06
2022-12-02,15,LSMGO,31.86,11.6,278.4,24,356.3651,0.46,Rough,FMS_MARITIME,2026-04-06
2022-12-03,15,VLSFO,27.58,16.0,384.0,24,223.6566,0.83,Calm,FMS_MARITIME,2026-04-06
2022-12-04,15,LNG,22.72,8.1,194.4,24,363.9407,0.57,Calm,FMS_MARITIME,2026-04-06
2022-12-05,15,LNG,78.94,9.6,230.4,24,1066.9234,0.46,Calm,FMS_MARITIME,2026-04-06
2022-12-06,15,VLSFO,69.28,8.6,206.4,24,1045.2419,0.89,Rough,FMS_MARITIME,2026-04-06
2022-12-07,15,MGO,77.77,11.1,266.4,24,909.0682,0.66,Calm,FMS_MARITIME,2026-04-06
2022-12-08,15,VLSFO,31.58,14.7,352.8,24,278.7418,0.69,Moderate,FMS_MARITIME,2026-04-06
2022-12-09,15,HFO,59.15,17.6,422.4,24,436.0632,0.52,Calm,FMS_MARITIME,2026-04-06
2022-12-10,15,MGO,43.21,16.2,388.8,24,346.0801,0.64,Rough,FMS_MARITIME,2026-04-06
2022-12-11,15,VLSFO,68.73,14.3,343.2,24,623.6166,0.93,Calm,FMS_MARITIME,2026-04-06
2022-12-12,15,HFO,42.33,8.1,194.4,24,678.0639,0.71,Calm,FMS_MARITIME,2026-04-06
2022-12-13,15,LSMGO,29.1,17.7,424.8,24,213.3178,0.62,Rough,FMS_MARITIME,2026-04-06
2022-12-14,15,LNG,27.31,17.5,420.0,24,202.4841,0.97,Calm,FMS_MARITIME,2026-04-06
2022-12-15,15,HFO,46.76,14.5,348.0,24,418.4214,0.83,Moderate,FMS_MARITIME,2026-04-06
2022-12-16,15,HFO,58.85,13.3,319.2,24,574.1194,0.92,Moderate,FMS_MARITIME,2026-04-06
2022-12-17,15,MGO,43.34,11.8,283.2,24,476.5564,0.65,Calm,FMS_MARITIME,2026-04-06
2022-12-18,15,HFO,51.52,16.5,396.0,24,405.1345,0.5,Moderate,FMS_MARITIME,2026-04-06
2022-12-19,15,VLSFO,61.25,14.9,357.6,24,533.3683,0.88,Rough,FMS_MARITIME,2026-04-06
2022-12-20,15,LSMGO,78.59,9.0,216.0,24,1133.0058,0.94,Moderate,FMS_MARITIME,2026-04-06
2022-12-21,15,LSMGO,38.62,13.0,312.0,24,385.4573,0.64,Rough,FMS_MARITIME,2026-04-06
2022-12-22,15,VLSFO,41.46,11.8,283.2,24,455.8843,0.69,Rough,FMS_MARITIME,2026-04-06
2022-12-23,15,LSMGO,83.23,13.0,312.0,24,830.6994,0.91,Rough,FMS_MARITIME,2026-04-06
2022-12-24,15,LSMGO,36.23,15.3,367.2,24,307.2446,0.84,Rough,FMS_MARITIME,2026-04-06
2022-12-25,15,HFO,55.6,15.2,364.8,24,474.6118,0.6,Rough,FMS_MARITIME,2026-04-06
2022-12-26,15,HFO,40.73,14.5,348.0,24,364.4633,0.58,Calm,FMS_MARITIME,2026-04-06
2022-12-27,15,VLSFO,22.54,13.8,331.2,24,211.925,0.71,Calm,FMS_MARITIME,2026-04-06
2022-12-28,15,LSMGO,38.48,14.9,357.6,24,335.0859,0.83,Moderate,FMS_MARITIME,2026-04-06
2022-12-28,15,LNG,54.62,11.4,273.6,24,621.6618,0.49,Calm,FMS_MARITIME,2026-04-06
2022-12-28,15,LSMGO,81.94,14.2,340.8,24,748.7123,0.74,Moderate,FMS_MARITIME,2026-04-06
2022-12-01,16,LSMGO,16.73,11.9,285.6,24,182.4132,0.74,Calm,FMS_MARITIME,2026-04-06
2022-12-02,16,VLSFO,24.95,15.2,364.8,24,212.9778,0.43,Calm,FMS_MARITIME,2026-04-06
2022-12-03,16,LSMGO,26.11,12.6,302.4,24,268.8708,0.89,Calm,FMS_MARITIME,2026-04-06
2022-12-04,16,VLSFO,26.39,8.8,211.2,24,389.1026,0.44,Rough,FMS_MARITIME,2026-04-06
2022-12-05,16,LNG,75.33,16.5,396.0,24,592.3677,0.59,Rough,FMS_MARITIME,2026-04-06
2022-12-06,16,LNG,63.58,14.9,357.6,24,553.6581,0.75,Rough,FMS_MARITIME,2026-04-06
2022-12-07,16,MGO,17.66,9.9,237.6,24,231.453,0.77,Calm,FMS_MARITIME,2026-04-06
2022-12-08,16,HFO,15.42,8.4,201.6,24,238.1839,0.7,Moderate,FMS_MARITIME,2026-04-06
2022-12-09,16,MGO,81.0,12.3,295.2,24,854.4512,0.43,Rough,FMS_MARITIME,2026-04-06
2022-12-10,16,LSMGO,56.69,9.6,230.4,24,766.2008,0.41,Calm,FMS_MARITIME,2026-04-06
2022-12-11,16,MGO,52.5,9.6,230.4,24,709.5703,0.87,Rough,FMS_MARITIME,2026-04-06
2022-12-12,16,MGO,42.71,15.8,379.2,24,350.7356,0.84,Calm,FMS_MARITIME,2026-04-06
2022-12-13,16,VLSFO,41.74,8.9,213.6,24,608.5129,0.62,Rough,FMS_MARITIME,2026-04-06
2022-12-14,16,MGO,15.32,11.9,285.6,24,167.0395,0.78,Rough,FMS_MARITIME,2026-04-06
2022-12-15,16,VLSFO,21.07,14.8,355.2,24,184.7184,0.53,Moderate,FMS_MARITIME,2026-04-06
2022-12-16,16,HFO,84.5,17.8,427.2,24,615.948,0.55,Rough,FMS_MARITIME,2026-04-06
2022-12-17,16,MGO,30.81,9.4,225.6,24,425.2763,0.75,Rough,FMS_MARITIME,2026-04-06
2022-12-18,16,LNG,51.46,13.1,314.4,24,509.6897,1.0,Moderate,FMS_MARITIME,2026-04-06
2022-12-19,16,HFO,26.05,13.2,316.8,24,256.0597,0.62,Moderate,FMS_MARITIME,2026-04-06
2022-12-20,16,MGO,66.91,14.6,350.4,24,594.6283,0.71,Rough,FMS_MARITIME,2026-04-06
2022-12-21,16,LSMGO,38.14,8.4,201.6,24,589.1268,0.77,Calm,FMS_MARITIME,2026-04-06
2022-12-22,16,MGO,26.3,12.6,302.4,24,270.8274,0.41,Calm,FMS_MARITIME,2026-04-06
2022-12-23,16,LSMGO,37.34,16.7,400.8,24,290.1117,0.55,Rough,FMS_MARITIME,2026-04-06
2022-12-24,16,HFO,54.47,15.6,374.4,24,453.0437,0.92,Calm,FMS_MARITIME,2026-04-06
2022-12-25,16,LSMGO,20.35,17.2,412.8,24,153.5124,0.49,Moderate,FMS_MARITIME,2026-04-06
2022-12-26,16,MGO,33.97,12.3,295.2,24,358.3421,0.85,Rough,FMS_MARITIME,2026-04-06
2022-12-27,16,HFO,22.31,16.5,396.0,24,175.4377,0.9,Moderate,FMS_MARITIME,2026-04-06
2022-12-28,16,VLSFO,60.01,11.2,268.8,24,695.2051,0.94,Calm,FMS_MARITIME,2026-04-06
2022-12-28,16,LNG,69.62,11.5,276.0,24,785.4952,0.73,Rough,FMS_MARITIME,2026-04-06
2022-12-28,16,VLSFO,22.0,12.2,292.8,24,233.9754,0.52,Calm,FMS_MARITIME,2026-04-06
2022-12-01,17,MGO,27.88,9.1,218.4,24,397.5198,0.83,Rough,FMS_MARITIME,2026-04-06
2022-12-02,17,HFO,48.35,9.5,228.0,24,660.3592,0.94,Moderate,FMS_MARITIME,2026-04-06
2022-12-03,17,LNG,78.17,12.3,295.2,24,824.5982,0.8,Rough,FMS_MARITIME,2026-04-06
2022-12-04,17,MGO,68.96,17.0,408.0,24,526.3271,0.89,Rough,FMS_MARITIME,2026-04-06
2022-12-05,17,VLSFO,24.87,17.8,427.2,24,181.2855,0.9,Moderate,FMS_MARITIME,2026-04-06
2022-12-06,17,LNG,75.78,14.9,357.6,24,659.8963,1.0,Calm,FMS_MARITIME,2026-04-06
2022-12-07,17,LSMGO,48.6,13.4,321.6,24,470.5858,0.83,Calm,FMS_MARITIME,2026-04-06
2022-12-08,17,MGO,47.62,15.7,376.8,24,393.5475,0.95,Moderate,FMS_MARITIME,2026-04-06
2022-12-09,17,VLSFO,68.25,12.9,309.6,24,686.468,0.52,Rough,FMS_MARITIME,2026-04-06
2022-12-10,17,MGO,33.04,17.6,422.4,24,243.5761,0.68,Rough,FMS_MARITIME,2026-04-06
2022-12-11,17,MGO,49.93,15.2,364.8,24,426.2117,0.98,Moderate,FMS_MARITIME,2026-04-06
2022-12-12,17,LNG,54.38,17.1,410.4,24,412.6202,0.96,Moderate,FMS_MARITIME,2026-04-06
2022-12-13,17,LSMGO,61.14,8.5,204.0,24,933.2841,0.71,Moderate,FMS_MARITIME,2026-04-06
2022-12-14,17,VLSFO,60.56,15.7,376.8,24,500.4879,0.82,Moderate,FMS_MARITIME,2026-04-06
2022-12-15,17,HFO,79.46,12.5,300.0,24,824.7948,0.63,Rough,FMS_MARITIME,2026-04-06
2022-12-16,17,LNG,52.19,8.5,204.0,24,796.665,0.53,Calm,FMS_MARITIME,2026-04-06
2022-12-17,17,VLSFO,38.97,8.2,196.8,24,616.629,0.47,Rough,FMS_MARITIME,2026-04-06
2022-12-18,17,LNG,82.67,14.2,340.8,24,755.3826,0.77,Rough,FMS_MARITIME,2026-04-06
2022-12-19,17,LNG,28.55,16.8,403.2,24,220.4978,0.42,Moderate,FMS_MARITIME,2026-04-06
2022-12-20,17,VLSFO,30.2,13.5,324.0,24,290.2556,0.68,Moderate,FMS_MARITIME,2026-04-06
2022-12-21,17,MGO,62.82,16.1,386.4,24,506.2668,0.81,Moderate,FMS_MARITIME,2026-04-06
2022-12-22,17,LNG,74.73,16.3,391.2,24,594.86,0.92,Calm,FMS_MARITIME,2026-04-06
2022-12-23,17,MGO,20.29,17.2,412.8,24,153.0597,0.67,Calm,FMS_MARITIME,2026-04-06
2022-12-24,17,VLSFO,82.32,17.5,420.0,24,610.344,0.44,Moderate,FMS_MARITIME,2026-04-06
2022-12-25,17,MGO,22.9,11.6,278.4,24,256.1444,0.68,Moderate,FMS_MARITIME,2026-04-06
2022-12-26,17,LSMGO,20.74,11.1,266.4,24,242.4338,0.55,Rough,FMS_MARITIME,2026-04-06
2022-12-27,17,VLSFO,35.31,17.8,427.2,24,257.3861,0.7,Rough,FMS_MARITIME,2026-04-06
2022-12-28,17,VLSFO,22.27,14.8,355.2,24,195.2387,0.68,Calm,FMS_MARITIME,2026-04-06
2022-12-28,17,HFO,19.34,12.3,295.2,24,204.0134,0.63,Rough,FMS_MARITIME,2026-04-06
2022-12-28,17,LNG,49.76,16.9,405.6,24,382.0331,0.67,Moderate,FMS_MARITIME,2026-04-06
2022-12-01,18,VLSFO,38.79,13.3,319.2,24,378.4212,0.54,Moderate,FMS_MARITIME,2026-04-06
2022-12-02,18,MGO,70.89,12.0,288.0,24,766.4981,0.8,Calm,FMS_MARITIME,2026-04-06
2022-12-03,18,HFO,18.88,10.3,247.2,24,237.833,0.72,Calm,FMS_MARITIME,2026-04-06
2022-12-04,18,HFO,79.3,11.4,273.6,24,902.5592,0.44,Moderate,FMS_MARITIME,2026-04-06
2022-12-05,18,VLSFO,79.23,12.0,288.0,24,856.6744,0.43,Calm,FMS_MARITIME,2026-04-06
2022-12-06,18,LSMGO,18.27,8.7,208.8,24,272.475,0.52,Calm,FMS_MARITIME,2026-04-06
2022-12-07,18,VLSFO,34.61,14.1,338.4,24,318.4856,0.7,Calm,FMS_MARITIME,2026-04-06
2022-12-08,18,MGO,30.01,16.9,405.6,24,230.4022,0.56,Moderate,FMS_MARITIME,2026-04-06
2022-12-09,18,LNG,66.47,8.9,213.6,24,969.043,0.48,Calm,FMS_MARITIME,2026-04-06
2022-12-10,18,LNG,50.9,12.0,288.0,24,550.3562,0.41,Rough,FMS_MARITIME,2026-04-06
2022-12-11,18,VLSFO,42.7,8.4,201.6,24,659.5625,0.97,Calm,FMS_MARITIME,2026-04-06
2022-12-12,18,LNG,34.91,14.2,340.8,24,318.984,0.5,Rough,FMS_MARITIME,2026-04-06
2022-12-13,18,MGO,18.56,10.9,261.6,24,220.9321,0.56,Calm,FMS_MARITIME,2026-04-06
2022-12-14,18,LNG,43.34,12.8,307.2,24,439.3254,0.71,Calm,FMS_MARITIME,2026-04-06
2022-12-15,18,LSMGO,75.51,16.7,400.8,24,586.672,0.68,Moderate,FMS_MARITIME,2026-04-06
2022-12-16,18,LNG,60.49,15.1,362.4,24,519.7733,0.95,Moderate,FMS_MARITIME,2026-04-06
2022-12-17,18,HFO,48.99,15.5,372.0,24,410.0937,0.57,Moderate,FMS_MARITIME,2026-04-06
2022-12-18,18,LNG,73.71,10.3,247.2,24,928.5313,0.66,Calm,FMS_MARITIME,2026-04-06
2022-12-19,18,HFO,26.54,9.3,223.2,24,370.2758,0.81,Moderate,FMS_MARITIME,2026-04-06
2022-12-20,18,HFO,67.11,12.4,297.6,24,702.2196,0.51,Calm,FMS_MARITIME,2026-04-06
2022-12-21,18,MGO,33.98,9.2,220.8,24,479.2288,0.47,Moderate,FMS_MARITIME,2026-04-06
2022-12-22,18,VLSFO,63.4,10.2,244.8,24,806.4853,0.59,Moderate,FMS_MARITIME,2026-04-06
2022-12-23,18,VLSFO,61.38,15.2,364.8,24,523.951,0.73,Moderate,FMS_MARITIME,2026-04-06
2022-12-24,18,HFO,70.42,14.9,357.6,24,613.2211,0.44,Calm,FMS_MARITIME,2026-04-06
2022-12-25,18,VLSFO,53.83,17.4,417.6,24,401.4047,0.64,Calm,FMS_MARITIME,2026-04-06
2022-12-26,18,VLSFO,27.96,15.3,367.2,24,237.1118,0.52,Calm,FMS_MARITIME,2026-04-06
2022-12-27,18,HFO,45.41,13.6,326.4,24,433.2314,0.62,Moderate,FMS_MARITIME,2026-04-06
2022-12-28,18,HFO,80.15,10.8,259.2,24,962.9132,0.43,Rough,FMS_MARITIME,2026-04-06
2022-12-28,18,LNG,29.9,9.3,223.2,24,417.1532,0.84,Rough,FMS_MARITIME,2026-04-06
2022-12-28,18,MGO,42.85,15.0,360.0,24,370.6525,0.77,Rough,FMS_MARITIME,2026-04-06
2022-12-01,19,HFO,38.85,14.1,338.4,24,357.5027,0.96,Moderate,FMS_MARITIME,2026-04-06
2022-12-02,19,MGO,37.42,16.6,398.4,24,292.4846,0.89,Calm,FMS_MARITIME,2026-04-06
2022-12-03,19,LSMGO,29.03,12.0,288.0,24,313.8869,0.49,Calm,FMS_MARITIME,2026-04-06
2022-12-04,19,LNG,47.35,8.2,196.8,24,749.2271,0.62,Calm,FMS_MARITIME,2026-04-06
2022-12-05,19,VLSFO,36.82,13.9,333.6,24,343.6975,0.96,Calm,FMS_MARITIME,2026-04-06
2022-12-06,19,MGO,83.05,15.7,376.8,24,686.3527,0.49,Rough,FMS_MARITIME,2026-04-06
2022-12-07,19,VLSFO,70.87,13.9,333.6,24,661.5383,0.81,Calm,FMS_MARITIME,2026-04-06
2022-12-08,19,HFO,41.51,9.0,216.0,24,598.4358,0.74,Calm,FMS_MARITIME,2026-04-06
2022-12-09,19,HFO,23.1,10.9,261.6,24,274.9748,0.65,Calm,FMS_MARITIME,2026-04-06
2022-12-10,19,HFO,52.78,10.6,254.4,24,646.0571,0.85,Rough,FMS_MARITIME,2026-04-06
2022-12-11,19,MGO,33.05,15.0,360.0,24,285.8825,0.88,Moderate,FMS_MARITIME,2026-04-06
2022-12-12,19,VLSFO,51.22,13.4,321.6,24,495.9549,0.81,Rough,FMS_MARITIME,2026-04-06
2022-12-13,19,LNG,22.74,16.6,398.4,24,177.7419,0.51,Rough,FMS_MARITIME,2026-04-06
2022-12-14,19,LNG,61.54,13.6,326.4,24,587.1188,0.96,Rough,FMS_MARITIME,2026-04-06
2022-12-15,19,HFO,28.46,17.9,429.6,24,206.2953,0.66,Calm,FMS_MARITIME,2026-04-06
2022-12-16,19,MGO,76.18,12.0,288.0,24,823.6962,0.5,Calm,FMS_MARITIME,2026-04-06
2022-12-17,19,MGO,41.25,12.1,290.4,24,442.3295,0.53,Moderate,FMS_MARITIME,2026-04-06
2022-12-18,19,MGO,81.53,16.6,398.4,24,637.2601,0.95,Moderate,FMS_MARITIME,2026-04-06
2022-12-19,19,MGO,62.9,15.9,381.6,24,513.2877,0.73,Rough,FMS_MARITIME,2026-04-06
2022-12-20,19,LNG,19.89,14.8,355.2,24,174.3735,0.91,Calm,FMS_MARITIME,2026-04-06
2022-12-21,19,MGO,57.8,15.0,360.0,24,499.97,0.43,Moderate,FMS_MARITIME,2026-04-06
2022-12-22,19,LNG,54.2,11.0,264.0,24,639.3136,0.61,Rough,FMS_MARITIME,2026-04-06
2022-12-23,19,MGO,28.84,9.5,228.0,24,393.8937,0.94,Moderate,FMS_MARITIME,2026-04-06
2022-12-24,19,MGO,37.61,17.7,424.8,24,275.7004,0.49,Rough,FMS_MARITIME,2026-04-06
2022-12-25,19,HFO,37.12,12.5,300.0,24,385.3056,0.89,Calm,FMS_MARITIME,2026-04-06
2022-12-26,19,LNG,46.37,8.7,208.8,24,691.5526,0.9,Moderate,FMS_MARITIME,2026-04-06
2022-12-27,19,LSMGO,62.69,9.8,235.2,24,830.0028,0.79,Calm,FMS_MARITIME,2026-04-06
2022-12-28,19,LSMGO,81.12,15.8,379.2,24,666.1595,0.45,Calm,FMS_MARITIME,2026-04-06
2022-12-28,19,MGO,69.95,8.9,213.6,24,1019.7767,0.55,Rough,FMS_MARITIME,2026-04-06
2022-12-28,19,HFO,32.08,8.7,208.8,24,478.4345,0.67,Moderate,FMS_MARITIME,2026-04-06
2022-12-01,20,MGO,21.87,9.9,237.6,24,286.6295,0.55,Calm,FMS_MARITIME,2026-04-06
2022-12-02,20,LNG,58.07,14.4,345.6,24,523.2349,0.61,Calm,FMS_MARITIME,2026-04-06
2022-12-03,20,LNG,38.4,11.2,268.8,24,444.8571,0.89,Calm,FMS_MARITIME,2026-04-06
2022-12-04,20,MGO,52.34,17.3,415.2,24,392.55,0.81,Rough,FMS_MARITIME,2026-04-06
2022-12-05,20,HFO,79.53,11.4,273.6,24,905.177,0.87,Calm,FMS_MARITIME,2026-04-06
2022-12-06,20,LSMGO,43.39,16.2,388.8,24,347.5218,0.56,Rough,FMS_MARITIME,2026-04-06
2022-12-07,20,VLSFO,47.99,15.7,376.8,24,396.6053,0.69,Rough,FMS_MARITIME,2026-04-06
2022-12-08,20,VLSFO,42.69,13.5,324.0,24,410.2983,0.89,Rough,FMS_MARITIME,2026-04-06
2022-12-09,20,HFO,25.05,8.4,201.6,24,386.933,0.89,Calm,FMS_MARITIME,2026-04-06
2022-12-10,20,VLSFO,19.74,14.9,357.6,24,171.897,0.9,Rough,FMS_MARITIME,2026-04-06
2022-12-11,20,MGO,50.48,10.5,252.0,24,623.7886,0.58,Moderate,FMS_MARITIME,2026-04-06
2022-12-12,20,HFO,40.31,10.0,240.0,24,523.0222,0.95,Rough,FMS_MARITIME,2026-04-06
2022-12-13,20,MGO,83.98,10.8,259.2,24,1008.9264,0.45,Rough,FMS_MARITIME,2026-04-06
2022-12-14,20,MGO,41.87,11.6,278.4,24,468.3304,0.48,Rough,FMS_MARITIME,2026-04-06
2022-12-15,20,HFO,70.25,11.5,276.0,24,792.6033,0.71,Calm,FMS_MARITIME,2026-04-06
2022-12-16,20,LSMGO,47.34,11.8,283.2,24,520.5394,0.88,Moderate,FMS_MARITIME,2026-04-06
2022-12-17,20,LSMGO,47.47,16.9,405.6,24,364.4516,0.7,Rough,FMS_MARITIME,2026-04-06
2022-12-18,20,VLSFO,50.65,15.6,374.4,24,421.2716,0.76,Moderate,FMS_MARITIME,2026-04-06
2022-12-19,20,HFO,16.75,17.7,424.8,24,122.786,0.82,Rough,FMS_MARITIME,2026-04-06
2022-12-20,20,LSMGO,18.61,12.0,288.0,24,201.2206,0.4,Calm,FMS_MARITIME,2026-04-06
2022-12-21,20,MGO,59.79,17.1,410.4,24,453.6697,0.65,Moderate,FMS_MARITIME,2026-04-06
2022-12-22,20,MGO,71.27,17.6,422.4,24,525.4138,0.53,Moderate,FMS_MARITIME,2026-04-06
2022-12-23,20,LNG,16.11,9.4,225.6,24,222.3694,0.58,Calm,FMS_MARITIME,2026-04-06
2022-12-24,20,HFO,59.56,14.3,343.2,24,540.4133,0.67,Calm,FMS_MARITIME,2026-04-06
2022-12-25,20,MGO,29.35,14.1,338.4,24,270.0824,0.59,Rough,FMS_MARITIME,2026-04-06
2022-12-26,20,LSMGO,18.96,9.5,228.0,24,258.9537,0.42,Moderate,FMS_MARITIME,2026-04-06
2022-12-27,20,HFO,61.82,15.1,362.4,24,531.2017,0.7,Rough,FMS_MARITIME,2026-04-06
2022-12-28,20,LNG,62.94,15.6,374.4,24,523.4913,0.51,Calm,FMS_MARITIME,2026-04-06
2022-12-28,20,MGO,23.41,17.9,429.6,24,169.6898,0.78,Calm,FMS_MARITIME,2026-04-06
2022-12-28,20,VLSFO,60.21,11.3,271.2,24,691.3493,0.92,Rough,FMS_MARITIME,2026-04-06
2022-12-01,21,HFO,74.57,15.4,369.6,24,628.2765,0.49,Calm,FMS_MARITIME,2026-04-06
2022-12-02,21,LNG,31.02,11.9,285.6,24,338.2223,0.62,Moderate,FMS_MARITIME,2026-04-06
2022-12-03,21,VLSFO,33.34,9.1,218.4,24,475.3698,0.46,Moderate,FMS_MARITIME,2026-04-06
2022-12-04,21,MGO,81.58,16.8,403.2,24,630.0598,0.5,Moderate,FMS_MARITIME,2026-04-06
2022-12-05,21,LNG,28.61,16.6,398.4,24,223.6233,0.92,Moderate,FMS_MARITIME,2026-04-06
2022-12-06,21,MGO,50.59,14.4,345.6,24,455.837,0.68,Moderate,FMS_MARITIME,2026-04-06
2022-12-07,21,HFO,67.82,8.8,211.2,24,999.9597,0.59,Rough,FMS_MARITIME,2026-04-06
2022-12-08,21,VLSFO,47.52,14.6,350.4,24,422.3096,0.59,Rough,FMS_MARITIME,2026-04-06
2022-12-09,21,HFO,76.33,17.4,417.6,24,569.1849,0.77,Moderate,FMS_MARITIME,2026-04-06
2022-12-10,21,LSMGO,54.7,13.0,312.0,24,545.9481,0.82,Moderate,FMS_MARITIME,2026-04-06
2022-12-11,21,VLSFO,66.67,8.4,201.6,24,1029.8134,0.75,Rough,FMS_MARITIME,2026-04-06
2022-12-12,21,VLSFO,50.59,16.4,393.6,24,400.2471,0.91,Calm,FMS_MARITIME,2026-04-06
2022-12-13,21,LSMGO,18.68,16.7,400.8,24,145.1335,0.71,Moderate,FMS_MARITIME,2026-04-06
2022-12-14,21,LSMGO,26.74,15.6,374.4,24,222.4048,0.82,Rough,FMS_MARITIME,2026-04-06
2022-12-15,21,LSMGO,73.78,16.5,396.0,24,580.1791,0.83,Calm,FMS_MARITIME,2026-04-06
2022-12-16,21,LSMGO,50.2,10.4,249.6,24,626.2933,0.77,Moderate,FMS_MARITIME,2026-04-06
2022-12-17,21,MGO,46.58,9.0,216.0,24,671.5283,0.88,Moderate,FMS_MARITIME,2026-04-06
2022-12-18,21,LNG,24.78,18.0,432.0,24,178.6225,0.76,Calm,FMS_MARITIME,2026-04-06
2022-12-19,21,VLSFO,46.68,17.8,427.2,24,340.2657,0.69,Moderate,FMS_MARITIME,2026-04-06
2022-12-20,21,VLSFO,63.05,14.4,345.6,24,568.1068,0.69,Moderate,FMS_MARITIME,2026-04-06
2022-12-21,21,HFO,84.26,11.3,271.2,24,967.4987,0.66,Rough,FMS_MARITIME,2026-04-06
2022-12-22,21,LSMGO,60.53,13.4,321.6,24,586.1021,0.85,Calm,FMS_MARITIME,2026-04-06
2022-12-23,21,HFO,61.33,13.4,321.6,24,593.8483,0.53,Calm,FMS_MARITIME,2026-04-06
2022-12-24,21,HFO,45.69,8.3,199.2,24,714.2503,0.73,Rough,FMS_MARITIME,2026-04-06
2022-12-25,21,MGO,38.87,16.9,405.6,24,298.425,0.54,Moderate,FMS_MARITIME,2026-04-06
2022-12-26,21,HFO,17.53,8.6,206.4,24,264.4788,0.68,Moderate,FMS_MARITIME,2026-04-06
2022-12-27,21,LNG,50.72,8.3,199.2,24,792.8819,0.46,Rough,FMS_MARITIME,2026-04-06
2022-12-28,21,MGO,27.4,17.3,415.2,24,205.5,0.51,Moderate,FMS_MARITIME,2026-04-06
2022-12-28,21,VLSFO,53.15,16.6,398.4,24,415.4345,0.88,Moderate,FMS_MARITIME,2026-04-06
2022-12-28,21,MGO,49.79,13.8,331.2,24,468.1342,0.61,Calm,FMS_MARITIME,2026-04-06
2022-12-01,22,VLSFO,75.14,15.0,360.0,24,649.961,0.66,Moderate,FMS_MARITIME,2026-04-06
2022-12-02,22,LNG,48.23,16.7,400.8,24,374.7211,0.65,Rough,FMS_MARITIME,2026-04-06
2022-12-03,22,MGO,25.53,14.7,352.8,24,225.3413,0.67,Rough,FMS_MARITIME,2026-04-06
2022-12-04,22,LSMGO,75.45,9.1,218.4,24,1075.7843,0.97,Calm,FMS_MARITIME,2026-04-06
2022-12-05,22,VLSFO,23.44,10.0,240.0,24,304.134,0.64,Rough,FMS_MARITIME,2026-04-06
2022-12-06,22,LNG,44.12,14.4,345.6,24,397.5396,0.58,Calm,FMS_MARITIME,2026-04-06
2022-12-07,22,LSMGO,81.01,16.3,391.2,24,644.8495,0.91,Moderate,FMS_MARITIME,2026-04-06
2022-12-08,22,LNG,48.91,12.2,292.8,24,520.1699,0.56,Rough,FMS_MARITIME,2026-04-06
2022-12-09,22,LNG,33.67,10.8,259.2,24,404.5076,0.77,Rough,FMS_MARITIME,2026-04-06
2022-12-10,22,LNG,84.9,16.2,388.8,24,679.9861,0.95,Moderate,FMS_MARITIME,2026-04-06
2022-12-11,22,LNG,66.93,8.7,208.8,24,998.1802,0.87,Moderate,FMS_MARITIME,2026-04-06
2022-12-12,22,MGO,26.61,8.2,196.8,24,421.0546,0.69,Rough,FMS_MARITIME,2026-04-06
2022-12-13,22,LNG,58.23,15.1,362.4,24,500.3538,0.41,Moderate,FMS_MARITIME,2026-04-06
2022-12-14,22,VLSFO,43.83,10.7,256.8,24,531.49,0.49,Moderate,FMS_MARITIME,2026-04-06
2022-12-15,22,LNG,70.96,11.7,280.8,24,786.9282,0.59,Calm,FMS_MARITIME,2026-04-06
2022-12-16,22,VLSFO,46.21,9.1,218.4,24,658.8734,0.93,Rough,FMS_MARITIME,2026-04-06
2022-12-17,22,MGO,52.99,12.3,295.2,24,558.9799,0.63,Rough,FMS_MARITIME,2026-04-06
2022-12-18,22,MGO,80.14,11.1,266.4,24,936.7716,0.79,Rough,FMS_MARITIME,2026-04-06
2022-12-19,22,VLSFO,49.4,12.7,304.8,24,504.6969,0.49,Moderate,FMS_MARITIME,2026-04-06
2022-12-20,22,LNG,24.51,9.6,230.4,24,331.268,0.71,Rough,FMS_MARITIME,2026-04-06
2022-12-21,22,LSMGO,55.95,9.6,230.4,24,756.1992,0.73,Moderate,FMS_MARITIME,2026-04-06
2022-12-22,22,HFO,59.78,16.5,396.0,24,470.0882,0.91,Moderate,FMS_MARITIME,2026-04-06
2022-12-23,22,VLSFO,15.7,12.1,290.4,24,168.3533,0.6,Rough,FMS_MARITIME,2026-04-06
2022-12-24,22,HFO,77.74,14.3,343.2,24,705.3682,0.58,Moderate,FMS_MARITIME,2026-04-06
2022-12-25,22,HFO,28.53,15.5,372.0,24,238.8237,0.41,Moderate,FMS_MARITIME,2026-04-06
2022-12-26,22,LNG,80.39,14.2,340.8,24,734.5495,0.66,Calm,FMS_MARITIME,2026-04-06
2022-12-27,22,HFO,74.41,14.5,348.0,24,665.8412,0.65,Rough,FMS_MARITIME,2026-04-06
2022-12-28,22,HFO,77.68,13.6,326.4,24,741.1015,0.97,Moderate,FMS_MARITIME,2026-04-06
2022-12-28,22,LSMGO,31.13,15.7,376.8,24,257.2686,0.92,Calm,FMS_MARITIME,2026-04-06
2022-12-28,22,HFO,61.78,9.8,235.2,24,817.9546,0.58,Rough,FMS_MARITIME,2026-04-06
2022-12-01,23,HFO,81.62,17.7,424.8,24,598.3161,0.83,Rough,FMS_MARITIME,2026-04-06
2022-12-02,23,MGO,77.02,17.6,422.4,24,567.8037,0.53,Rough,FMS_MARITIME,2026-04-06
2022-12-03,23,LSMGO,47.96,14.8,355.2,24,420.4601,0.97,Rough,FMS_MARITIME,2026-04-06
2022-12-04,23,LNG,51.72,8.9,213.6,24,754.0079,0.57,Moderate,FMS_MARITIME,2026-04-06
2022-12-05,23,MGO,59.26,8.9,213.6,24,863.9309,0.49,Calm,FMS_MARITIME,2026-04-06
2022-12-06,23,LSMGO,28.81,16.6,398.4,24,225.1866,0.68,Calm,FMS_MARITIME,2026-04-06
2022-12-07,23,VLSFO,47.83,11.8,283.2,24,525.9273,0.69,Moderate,FMS_MARITIME,2026-04-06
2022-12-08,23,LNG,67.87,15.5,372.0,24,568.1376,0.63,Calm,FMS_MARITIME,2026-04-06
2022-12-09,23,LSMGO,84.23,8.9,213.6,24,1227.9598,0.62,Moderate,FMS_MARITIME,2026-04-06
2022-12-10,23,MGO,30.51,12.5,300.0,24,316.6938,0.91,Rough,FMS_MARITIME,2026-04-06
2022-12-11,23,VLSFO,55.75,13.6,326.4,24,531.8796,0.91,Rough,FMS_MARITIME,2026-04-06
2022-12-12,23,LSMGO,38.33,13.3,319.2,24,373.9336,0.72,Rough,FMS_MARITIME,2026-04-06
2022-12-13,23,LNG,53.78,9.3,223.2,24,750.3177,0.89,Calm,FMS_MARITIME,2026-04-06
2022-12-14,23,MGO,26.88,12.9,309.6,24,270.3628,0.92,Moderate,FMS_MARITIME,2026-04-06
2022-12-15,23,LNG,54.07,14.9,357.6,24,470.8445,0.76,Moderate,FMS_MARITIME,2026-04-06
2022-12-16,23,HFO,58.21,13.4,321.6,24,563.6379,0.49,Moderate,FMS_MARITIME,2026-04-06
2022-12-17,23,MGO,70.67,9.0,216.0,24,1018.8258,0.66,Rough,FMS_MARITIME,2026-04-06
2022-12-18,23,LSMGO,39.63,13.1,314.4,24,392.5185,0.55,Calm,FMS_MARITIME,2026-04-06
2022-12-19,23,HFO,16.35,8.9,213.6,24,238.361,0.69,Calm,FMS_MARITIME,2026-04-06
2022-12-20,23,LSMGO,18.38,14.1,338.4,24,169.1351,0.63,Moderate,FMS_MARITIME,2026-04-06
2022-12-21,23,MGO,68.24,16.9,405.6,24,523.9136,0.92,Calm,FMS_MARITIME,2026-04-06
2022-12-22,23,LSMGO,40.68,8.8,211.2,24,599.7989,0.54,Rough,FMS_MARITIME,2026-04-06
2022-12-23,23,MGO,41.57,16.7,400.8,24,322.9765,0.42,Moderate,FMS_MARITIME,2026-04-06
2022-12-24,23,HFO,62.71,15.3,367.2,24,531.8054,0.71,Calm,FMS_MARITIME,2026-04-06
2022-12-25,23,HFO,63.79,10.5,252.0,24,788.2621,0.7,Calm,FMS_MARITIME,2026-04-06
2022-12-26,23,MGO,54.28,14.5,348.0,24,485.7124,0.84,Rough,FMS_MARITIME,2026-04-06
2022-12-27,23,LSMGO,16.57,11.9,285.6,24,180.6687,0.45,Calm,FMS_MARITIME,2026-04-06
2022-12-28,23,LSMGO,82.28,13.9,333.6,24,768.0453,0.75,Calm,FMS_MARITIME,2026-04-06
2022-12-28,23,VLSFO,24.79,8.5,204.0,24,378.4121,0.91,Moderate,FMS_MARITIME,2026-04-06
2022-12-28,23,LSMGO,51.61,16.7,400.8,24,400.9819,0.4,Calm,FMS_MARITIME,2026-04-06
2022-12-01,24,HFO,48.25,17.9,429.6,24,349.7451,0.98,Calm,FMS_MARITIME,2026-04-06
2022-12-02,24,HFO,24.39,16.7,400.8,24,189.4972,0.56,Rough,FMS_MARITIME,2026-04-06
2022-12-03,24,VLSFO,78.0,16.3,391.2,24,620.8896,0.92,Calm,FMS_MARITIME,2026-04-06
2022-12-04,24,HFO,54.34,14.6,350.4,24,482.9188,0.42,Moderate,FMS_MARITIME,2026-04-06
2022-12-05,24,LSMGO,28.25,17.0,408.0,24,215.614,0.7,Rough,FMS_MARITIME,2026-04-06
2022-12-06,24,HFO,41.02,14.2,340.8,24,374.813,0.6,Rough,FMS_MARITIME,2026-04-06
2022-12-07,24,LNG,46.56,8.7,208.8,24,694.3862,1.0,Rough,FMS_MARITIME,2026-04-06
2022-12-08,24,HFO,58.6,14.5,348.0,24,524.369,0.62,Moderate,FMS_MARITIME,2026-04-06
2022-12-09,24,HFO,27.61,13.0,312.0,24,275.569,0.64,Moderate,FMS_MARITIME,2026-04-06
2022-12-10,24,HFO,55.42,12.7,304.8,24,566.2004,0.45,Moderate,FMS_MARITIME,2026-04-06
2022-12-11,24,LSMGO,58.0,16.8,403.2,24,447.9464,0.78,Calm,FMS_MARITIME,2026-04-06
2022-12-12,24,HFO,21.23,13.7,328.8,24,201.0651,0.84,Rough,FMS_MARITIME,2026-04-06
2022-12-13,24,HFO,62.79,12.7,304.8,24,641.4963,0.7,Moderate,FMS_MARITIME,2026-04-06
2022-12-14,24,LSMGO,42.83,9.0,216.0,24,617.4658,0.83,Moderate,FMS_MARITIME,2026-04-06
2022-12-15,24,VLSFO,67.5,14.0,336.0,24,625.5804,0.74,Moderate,FMS_MARITIME,2026-04-06
2022-12-16,24,LSMGO,59.43,8.1,194.4,24,951.9806,0.92,Rough,FMS_MARITIME,2026-04-06
2022-12-17,24,HFO,57.37,16.3,391.2,24,456.6722,0.8,Rough,FMS_MARITIME,2026-04-06
2022-12-18,24,MGO,26.5,12.2,292.8,24,281.834,0.9,Calm,FMS_MARITIME,2026-04-06
2022-12-19,24,LNG,64.11,14.3,343.2,24,581.6974,0.59,Moderate,FMS_MARITIME,2026-04-06
2022-12-20,24,LSMGO,20.05,15.8,379.2,24,164.6511,0.97,Rough,FMS_MARITIME,2026-04-06
2022-12-21,24,HFO,63.53,17.5,420.0,24,471.0296,0.79,Moderate,FMS_MARITIME,2026-04-06
2022-12-22,24,LNG,63.24,13.6,326.4,24,603.3375,0.52,Calm,FMS_MARITIME,2026-04-06
2022-12-23,24,LNG,25.12,9.9,237.6,24,329.2242,0.72,Moderate,FMS_MARITIME,2026-04-06
2022-12-24,24,HFO,71.53,17.4,417.6,24,533.3918,0.88,Calm,FMS_MARITIME,2026-04-06
2022-12-25,24,HFO,63.56,11.9,285.6,24,693.0176,0.62,Rough,FMS_MARITIME,2026-04-06
2022-12-26,24,LNG,40.16,11.3,271.2,24,461.1292,0.65,Rough,FMS_MARITIME,2026-04-06
2022-12-27,24,VLSFO,72.56,14.0,336.0,24,672.4757,0.59,Moderate,FMS_MARITIME,2026-04-06
2022-12-28,24,HFO,50.55,17.2,412.8,24,381.3292,0.61,Moderate,FMS_MARITIME,2026-04-06
2022-12-28,24,VLSFO,33.71,16.2,388.8,24,269.9921,0.74,Moderate,FMS_MARITIME,2026-04-06
2022-12-28,24,LSMGO,28.27,16.2,388.8,24,226.4218,0.41,Moderate,FMS_MARITIME,2026-04-06
2022-12-01,25,LSMGO,34.58,17.5,420.0,24,256.386,0.51,Moderate,FMS_MARITIME,2026-04-06
2022-12-02,25,VLSFO,53.46,14.5,348.0,24,478.3748,0.61,Calm,FMS_MARITIME,2026-04-06
2022-12-03,25,LNG,58.33,13.4,321.6,24,564.7998,0.98,Moderate,FMS_MARITIME,2026-04-06
2022-12-04,25,LSMGO,81.41,15.4,369.6,24,685.9057,0.85,Calm,FMS_MARITIME,2026-04-06
2022-12-05,25,MGO,58.05,13.6,326.4,24,553.8226,0.43,Calm,FMS_MARITIME,2026-04-06
2022-12-06,25,LSMGO,29.3,8.6,206.4,24,442.0552,0.81,Moderate,FMS_MARITIME,2026-04-06
2022-12-07,25,MGO,39.57,15.6,374.4,24,329.1159,0.9,Calm,FMS_MARITIME,2026-04-06
2022-12-08,25,LSMGO,46.74,9.3,223.2,24,652.0984,0.87,Rough,FMS_MARITIME,2026-04-06
2022-12-09,25,VLSFO,46.59,11.4,273.6,24,530.2678,0.95,Rough,FMS_MARITIME,2026-04-06
2022-12-10,25,LSMGO,80.81,17.0,408.0,24,616.7704,0.87,Moderate,FMS_MARITIME,2026-04-06
2022-12-11,25,HFO,73.91,12.2,292.8,24,786.051,0.94,Moderate,FMS_MARITIME,2026-04-06
2022-12-12,25,LSMGO,59.72,10.0,240.0,24,774.867,0.5,Calm,FMS_MARITIME,2026-04-06
2022-12-13,25,LNG,24.07,17.5,420.0,24,178.4619,0.55,Calm,FMS_MARITIME,2026-04-06
2022-12-14,25,VLSFO,68.94,11.5,276.0,24,777.823,0.84,Moderate,FMS_MARITIME,2026-04-06
2022-12-15,25,LSMGO,56.31,15.1,362.4,24,483.8558,0.9,Moderate,FMS_MARITIME,2026-04-06
2022-12-16,25,VLSFO,42.68,11.1,266.4,24,498.8946,0.61,Rough,FMS_MARITIME,2026-04-06
2022-12-17,25,VLSFO,30.03,11.9,285.6,24,327.4279,0.71,Moderate,FMS_MARITIME,2026-04-06
2022-12-18,25,VLSFO,72.91,17.0,408.0,24,556.4749,0.95,Rough,FMS_MARITIME,2026-04-06
2022-12-19,25,LNG,30.19,8.3,199.2,24,471.9461,0.44,Moderate,FMS_MARITIME,2026-04-06
2022-12-20,25,HFO,39.7,9.5,228.0,24,542.2184,0.84,Calm,FMS_MARITIME,2026-04-06
2022-12-21,25,LNG,55.28,15.2,364.8,24,471.8803,0.84,Calm,FMS_MARITIME,2026-04-06
2022-12-22,25,LNG,20.05,9.1,218.4,24,285.8777,0.95,Calm,FMS_MARITIME,2026-04-06
2022-12-23,25,MGO,32.32,12.0,288.0,24,349.46,0.62,Moderate,FMS_MARITIME,2026-04-06
2022-12-24,25,LNG,81.69,14.3,343.2,24,741.2082,0.43,Calm,FMS_MARITIME,2026-04-06
2022-12-25,25,MGO,74.91,8.1,194.4,24,1199.9472,0.95,Rough,FMS_MARITIME,2026-04-06
2022-12-26,25,MGO,69.02,8.4,201.6,24,1066.1125,0.61,Rough,FMS_MARITIME,2026-04-06
2022-12-27,25,HFO,59.93,14.2,340.8,24,547.5998,0.77,Calm,FMS_MARITIME,2026-04-06
2022-12-28,25,LNG,62.68,11.5,276.0,24,707.1939,0.55,Calm,FMS_MARITIME,2026-04-06
2022-12-28,25,HFO,28.18,12.0,288.0,24,304.6962,0.52,Moderate,FMS_MARITIME,2026-04-06
2022-12-28,25,LSMGO,59.62,11.2,268.8,24,690.6871,0.82,Rough,FMS_MARITIME,2026-04-06
2022-12-01,26,LSMGO,57.23,8.5,204.0,24,873.5991,0.41,Calm,FMS_MARITIME,2026-04-06
2022-12-02,26,VLSFO,25.84,9.6,230.4,24,349.2437,0.95,Rough,FMS_MARITIME,2026-04-06
2022-12-03,26,LNG,66.05,8.5,204.0,24,1008.2338,0.46,Rough,FMS_MARITIME,2026-04-06
2022-12-04,26,VLSFO,18.0,10.5,252.0,24,222.4286,0.96,Rough,FMS_MARITIME,2026-04-06
2022-12-05,26,LNG,36.2,16.3,391.2,24,288.1564,0.44,Moderate,FMS_MARITIME,2026-04-06
2022-12-06,26,LSMGO,47.64,14.4,345.6,24,429.2562,0.41,Moderate,FMS_MARITIME,2026-04-06
2022-12-07,26,VLSFO,78.95,17.6,422.4,24,582.032,0.51,Rough,FMS_MARITIME,2026-04-06
2022-12-08,26,HFO,33.24,11.0,264.0,24,392.0809,0.81,Rough,FMS_MARITIME,2026-04-06
2022-12-09,26,VLSFO,45.0,10.8,259.2,24,540.625,0.92,Calm,FMS_MARITIME,2026-04-06
2022-12-10,26,VLSFO,20.18,17.2,412.8,24,152.2299,0.89,Calm,FMS_MARITIME,2026-04-06
2022-12-11,26,HFO,49.57,14.7,352.8,24,437.5311,0.73,Calm,FMS_MARITIME,2026-04-06
2022-12-12,26,LSMGO,72.13,8.8,211.2,24,1063.5077,0.76,Moderate,FMS_MARITIME,2026-04-06
2022-12-13,26,MGO,62.79,10.9,261.6,24,747.4314,0.46,Rough,FMS_MARITIME,2026-04-06
2022-12-14,26,LSMGO,76.24,13.1,314.4,24,755.1252,0.99,Moderate,FMS_MARITIME,2026-04-06
2022-12-15,26,LSMGO,60.97,13.4,321.6,24,590.3625,0.44,Rough,FMS_MARITIME,2026-04-06
2022-12-16,26,LSMGO,28.4,8.1,194.4,24,454.9259,0.79,Rough,FMS_MARITIME,2026-04-06
2022-12-17,26,VLSFO,30.53,11.4,273.6,24,347.4796,0.71,Rough,FMS_MARITIME,2026-04-06
2022-12-18,26,MGO,74.12,11.5,276.0,24,836.267,0.71,Rough,FMS_MARITIME,2026-04-06
2022-12-19,26,LSMGO,52.34,14.7,352.8,24,461.9806,0.56,Calm,FMS_MARITIME,2026-04-06
2022-12-20,26,LSMGO,80.62,15.1,362.4,24,692.7447,0.53,Moderate,FMS_MARITIME,2026-04-06
2022-12-21,26,LSMGO,35.68,9.2,220.8,24,503.2043,0.44,Moderate,FMS_MARITIME,2026-04-06
2022-12-22,26,VLSFO,63.61,10.9,261.6,24,757.1924,0.88,Calm,FMS_MARITIME,2026-04-06
2022-12-23,26,VLSFO,23.23,17.1,410.4,24,176.2627,0.99,Rough,FMS_MARITIME,2026-04-06
2022-12-24,26,LNG,56.67,9.3,223.2,24,790.6379,0.77,Calm,FMS_MARITIME,2026-04-06
2022-12-25,26,VLSFO,41.83,10.0,240.0,24,542.7442,0.5,Moderate,FMS_MARITIME,2026-04-06
2022-12-26,26,VLSFO,81.45,11.9,285.6,24,888.0788,0.96,Rough,FMS_MARITIME,2026-04-06
2022-12-27,26,LSMGO,84.9,10.2,244.8,24,1079.9779,0.65,Rough,FMS_MARITIME,2026-04-06
2022-12-28,26,LNG,23.35,10.8,259.2,24,280.5243,0.45,Rough,FMS_MARITIME,2026-04-06
2022-12-28,26,LNG,21.77,9.9,237.6,24,285.3189,0.89,Moderate,FMS_MARITIME,2026-04-06
2022-12-28,26,HFO,82.3,15.9,381.6,24,671.5991,0.46,Calm,FMS_MARITIME,2026-04-06
2022-12-01,27,LNG,36.77,16.1,386.4,24,296.3297,0.75,Calm,FMS_MARITIME,2026-04-06
2022-12-02,27,HFO,18.11,11.4,273.6,24,206.1204,0.41,Rough,FMS_MARITIME,2026-04-06
2022-12-03,27,LNG,72.65,13.2,316.8,24,714.1165,0.49,Calm,FMS_MARITIME,2026-04-06
2022-12-04,27,LSMGO,33.24,9.3,223.2,24,463.7516,0.46,Calm,FMS_MARITIME,2026-04-06
2022-12-05,27,LNG,19.33,14.0,336.0,24,179.1477,0.42,Moderate,FMS_MARITIME,2026-04-06
2022-12-06,27,MGO,36.09,10.8,259.2,24,433.5813,0.68,Moderate,FMS_MARITIME,2026-04-06
2022-12-07,27,HFO,59.12,15.3,367.2,24,501.3608,0.99,Rough,FMS_MARITIME,2026-04-06
2022-12-08,27,HFO,37.34,12.9,309.6,24,375.5709,0.79,Rough,FMS_MARITIME,2026-04-06
2022-12-09,27,VLSFO,79.79,15.0,360.0,24,690.1835,0.57,Rough,FMS_MARITIME,2026-04-06
2022-12-10,27,LNG,56.96,11.6,278.4,24,637.1172,0.62,Calm,FMS_MARITIME,2026-04-06
2022-12-11,27,VLSFO,83.99,8.6,206.4,24,1267.1747,0.84,Calm,FMS_MARITIME,2026-04-06
2022-12-12,27,HFO,37.03,16.4,393.6,24,292.966,0.79,Calm,FMS_MARITIME,2026-04-06
2022-12-13,27,HFO,65.08,13.2,316.8,24,639.7068,0.73,Calm,FMS_MARITIME,2026-04-06
2022-12-14,27,LSMGO,69.12,8.6,206.4,24,1042.8279,0.66,Rough,FMS_MARITIME,2026-04-06
2022-12-15,27,LSMGO,82.12,11.3,271.2,24,942.9265,0.52,Moderate,FMS_MARITIME,2026-04-06
2022-12-16,27,HFO,16.58,11.5,276.0,24,187.0657,0.65,Rough,FMS_MARITIME,2026-04-06
2022-12-17,27,LNG,74.73,17.8,427.2,24,544.7313,0.73,Rough,FMS_MARITIME,2026-04-06
2022-12-18,27,HFO,84.38,15.6,374.4,24,701.8144,0.83,Moderate,FMS_MARITIME,2026-04-06
2022-12-19,27,LNG,83.79,12.9,309.6,24,842.7715,0.67,Rough,FMS_MARITIME,2026-04-06
2022-12-20,27,HFO,74.47,11.8,283.2,24,818.8544,0.53,Rough,FMS_MARITIME,2026-04-06
2022-12-21,27,LNG,47.46,15.3,367.2,24,402.4794,0.56,Calm,FMS_MARITIME,2026-04-06
2022-12-22,27,LNG,78.61,14.3,343.2,24,713.2621,0.83,Rough,FMS_MARITIME,2026-04-06
2022-12-23,27,HFO,60.22,11.0,264.0,24,710.3223,0.92,Moderate,FMS_MARITIME,2026-04-06
2022-12-24,27,MGO,39.75,17.0,408.0,24,303.386,0.65,Rough,FMS_MARITIME,2026-04-06
2022-12-25,27,MGO,47.92,9.3,223.2,24,668.5613,0.82,Moderate,FMS_MARITIME,2026-04-06
2022-12-26,27,VLSFO,22.06,9.5,228.0,24,301.2932,0.85,Rough,FMS_MARITIME,2026-04-06
2022-12-27,27,MGO,33.28,10.9,261.6,24,396.1541,0.96,Moderate,FMS_MARITIME,2026-04-06
2022-12-28,27,MGO,48.73,10.2,244.8,24,619.8743,0.48,Calm,FMS_MARITIME,2026-04-06
2022-12-28,27,HFO,37.19,16.5,396.0,24,292.4486,0.57,Calm,FMS_MARITIME,2026-04-06
2022-12-28,27,LSMGO,50.6,14.1,338.4,24,465.6277,0.51,Calm,FMS_MARITIME,2026-04-06
2022-12-01,28,LNG,41.0,15.5,372.0,24,343.2097,0.72,Moderate,FMS_MARITIME,2026-04-06
2022-12-02,28,LSMGO,49.09,8.4,201.6,24,758.2652,0.65,Rough,FMS_MARITIME,2026-04-06
2022-12-03,28,VLSFO,26.94,9.2,220.8,24,379.9418,0.48,Calm,FMS_MARITIME,2026-04-06
2022-12-04,28,LSMGO,40.0,9.5,228.0,24,546.3158,0.78,Calm,FMS_MARITIME,2026-04-06
2022-12-05,28,HFO,78.1,10.8,259.2,24,938.2847,0.66,Moderate,FMS_MARITIME,2026-04-06
2022-12-06,28,LNG,70.24,12.9,309.6,24,706.4837,1.0,Calm,FMS_MARITIME,2026-04-06
2022-12-07,28,LNG,72.19,10.2,244.8,24,918.2993,0.76,Rough,FMS_MARITIME,2026-04-06
2022-12-08,28,MGO,24.07,11.7,280.8,24,266.9301,0.99,Moderate,FMS_MARITIME,2026-04-06
2022-12-09,28,LSMGO,48.21,11.0,264.0,24,568.6589,0.4,Moderate,FMS_MARITIME,2026-04-06
2022-12-10,28,LNG,74.81,11.6,278.4,24,836.7756,0.73,Rough,FMS_MARITIME,2026-04-06
2022-12-11,28,HFO,16.38,11.1,266.4,24,191.4689,0.89,Rough,FMS_MARITIME,2026-04-06
2022-12-12,28,LSMGO,22.4,12.6,302.4,24,230.6667,0.69,Calm,FMS_MARITIME,2026-04-06
2022-12-13,28,LNG,39.74,16.6,398.4,24,310.6184,0.41,Moderate,FMS_MARITIME,2026-04-06
2022-12-14,28,HFO,22.03,12.8,307.2,24,223.3119,0.56,Rough,FMS_MARITIME,2026-04-06
2022-12-15,28,LSMGO,52.71,12.0,288.0,24,569.9269,0.77,Rough,FMS_MARITIME,2026-04-06
2022-12-16,28,HFO,82.94,17.3,415.2,24,622.05,0.96,Moderate,FMS_MARITIME,2026-04-06
2022-12-17,28,HFO,83.16,17.2,412.8,24,627.3262,0.75,Rough,FMS_MARITIME,2026-04-06
2022-12-18,28,VLSFO,59.82,13.8,331.2,24,562.438,0.85,Moderate,FMS_MARITIME,2026-04-06
2022-12-19,28,MGO,57.27,15.7,376.8,24,473.2982,1.0,Calm,FMS_MARITIME,2026-04-06
2022-12-20,28,MGO,58.68,15.7,376.8,24,484.951,0.83,Rough,FMS_MARITIME,2026-04-06
2022-12-21,28,HFO,34.13,13.2,316.8,24,335.4824,0.44,Calm,FMS_MARITIME,2026-04-06
2022-12-22,28,LSMGO,71.29,9.4,225.6,24,984.0295,0.53,Rough,FMS_MARITIME,2026-04-06
2022-12-23,28,MGO,62.95,13.1,314.4,24,623.4933,0.78,Moderate,FMS_MARITIME,2026-04-06
2022-12-24,28,MGO,21.32,10.4,249.6,24,265.9875,0.42,Rough,FMS_MARITIME,2026-04-06
2022-12-25,28,LNG,49.97,13.6,326.4,24,476.7358,0.55,Rough,FMS_MARITIME,2026-04-06
2022-12-26,28,HFO,42.95,15.3,367.2,24,364.2328,0.64,Moderate,FMS_MARITIME,2026-04-06
2022-12-27,28,LSMGO,45.24,15.8,379.2,24,371.512,0.88,Rough,FMS_MARITIME,2026-04-06
2022-12-28,28,LNG,72.11,9.9,237.6,24,945.078,0.59,Moderate,FMS_MARITIME,2026-04-06
2022-12-28,28,HFO,41.19,10.7,256.8,24,499.4769,0.55,Moderate,FMS_MARITIME,2026-04-06
2022-12-28,28,LNG,16.27,8.5,204.0,24,248.3568,0.55,Moderate,FMS_MARITIME,2026-04-06
2022-12-01,29,HFO,47.23,9.5,228.0,24,645.0624,0.68,Rough,FMS_MARITIME,2026-04-06
2022-12-02,29,MGO,61.14,11.2,268.8,24,708.296,0.6,Moderate,FMS_MARITIME,2026-04-06
2022-12-03,29,LSMGO,79.89,14.7,352.8,24,705.1515,0.44,Moderate,FMS_MARITIME,2026-04-06
2022-12-04,29,MGO,61.5,9.2,220.8,24,867.3505,0.94,Moderate,FMS_MARITIME,2026-04-06
2022-12-05,29,HFO,55.87,9.8,235.2,24,739.7074,0.73,Rough,FMS_MARITIME,2026-04-06
2022-12-06,29,VLSFO,21.67,13.2,316.8,24,213.0062,0.78,Rough,FMS_MARITIME,2026-04-06
2022-12-07,29,VLSFO,32.58,10.5,252.0,24,402.5957,0.85,Moderate,FMS_MARITIME,2026-04-06
2022-12-08,29,LSMGO,61.8,9.1,218.4,24,881.1593,0.66,Calm,FMS_MARITIME,2026-04-06
2022-12-09,29,VLSFO,81.11,11.2,268.8,24,939.6449,0.61,Moderate,FMS_MARITIME,2026-04-06
2022-12-10,29,VLSFO,39.28,10.7,256.8,24,476.3159,0.59,Calm,FMS_MARITIME,2026-04-06
2022-12-11,29,LNG,59.12,9.7,232.8,24,790.8062,0.93,Calm,FMS_MARITIME,2026-04-06
2022-12-12,29,HFO,74.04,17.7,424.8,24,542.7508,0.55,Rough,FMS_MARITIME,2026-04-06
2022-12-13,29,LNG,68.14,13.7,328.8,24,645.3405,0.78,Rough,FMS_MARITIME,2026-04-06
2022-12-14,29,VLSFO,40.69,15.2,364.8,24,347.3373,0.56,Rough,FMS_MARITIME,2026-04-06
2022-12-15,29,VLSFO,68.21,8.2,196.8,24,1079.2985,0.89,Moderate,FMS_MARITIME,2026-04-06
2022-12-16,29,HFO,23.68,17.4,417.6,24,176.5793,0.9,Moderate,FMS_MARITIME,2026-04-06
2022-12-17,29,LSMGO,23.76,10.9,261.6,24,282.8312,0.92,Calm,FMS_MARITIME,2026-04-06
2022-12-18,29,VLSFO,34.53,11.3,271.2,24,396.4838,0.49,Moderate,FMS_MARITIME,2026-04-06
2022-12-19,29,LNG,16.54,14.8,355.2,24,145.0044,0.61,Moderate,FMS_MARITIME,2026-04-06
2022-12-20,29,VLSFO,22.95,10.3,247.2,24,289.1032,0.52,Calm,FMS_MARITIME,2026-04-06
2022-12-21,29,HFO,60.87,15.6,374.4,24,506.2745,0.78,Rough,FMS_MARITIME,2026-04-06
2022-12-22,29,LSMGO,78.78,17.7,424.8,24,577.4975,0.52,Moderate,FMS_MARITIME,2026-04-06
2022-12-23,29,LNG,74.41,17.7,424.8,24,545.4631,0.96,Calm,FMS_MARITIME,2026-04-06
2022-12-24,29,HFO,16.91,10.3,247.2,24,213.0167,0.9,Calm,FMS_MARITIME,2026-04-06
2022-12-25,29,LSMGO,40.85,13.3,319.2,24,398.5179,0.42,Rough,FMS_MARITIME,2026-04-06
2022-12-26,29,VLSFO,20.99,8.4,201.6,24,324.2205,0.77,Calm,FMS_MARITIME,2026-04-06
2022-12-27,29,HFO,46.46,12.1,290.4,24,498.1971,0.73,Moderate,FMS_MARITIME,2026-04-06
2022-12-28,29,HFO,54.75,16.0,384.0,24,443.9883,0.48,Rough,FMS_MARITIME,2026-04-06
2022-12-28,29,VLSFO,64.66,17.3,415.2,24,484.95,0.82,Moderate,FMS_MARITIME,2026-04-06
2022-12-28,29,LSMGO,64.79,11.4,273.6,24,737.4125,0.57,Moderate,FMS_MARITIME,2026-04-06
2022-12-01,30,HFO,84.49,13.1,314.4,24,836.838,0.97,Rough,FMS_MARITIME,2026-04-06
2022-12-02,30,VLSFO,25.38,17.4,417.6,24,189.256,0.74,Calm,FMS_MARITIME,2026-04-06
2022-12-03,30,VLSFO,76.69,17.8,427.2,24,559.0184,0.89,Calm,FMS_MARITIME,2026-04-06
2022-12-04,30,VLSFO,50.68,9.3,223.2,24,707.0677,0.89,Moderate,FMS_MARITIME,2026-04-06
2022-12-05,30,HFO,64.09,9.1,218.4,24,913.8107,0.74,Moderate,FMS_MARITIME,2026-04-06
2022-12-06,30,HFO,59.09,16.1,386.4,24,476.2067,0.79,Calm,FMS_MARITIME,2026-04-06
2022-12-07,30,LNG,78.16,9.9,237.6,24,1024.3697,0.6,Moderate,FMS_MARITIME,2026-04-06
2022-12-08,30,VLSFO,44.62,8.4,201.6,24,689.2196,0.81,Moderate,FMS_MARITIME,2026-04-06
2022-12-09,30,VLSFO,53.73,10.9,261.6,24,639.5842,0.68,Moderate,FMS_MARITIME,2026-04-06
2022-12-10,30,LNG,47.59,8.5,204.0,24,726.4474,0.71,Moderate,FMS_MARITIME,2026-04-06
2022-12-11,30,MGO,30.33,9.3,223.2,24,423.1524,0.49,Calm,FMS_MARITIME,2026-04-06
2022-12-12,30,LNG,40.72,17.2,412.8,24,307.1756,0.55,Calm,FMS_MARITIME,2026-04-06
2022-12-13,30,MGO,39.53,11.4,273.6,24,449.9138,0.41,Calm,FMS_MARITIME,2026-04-06
2022-12-14,30,LSMGO,60.08,16.8,403.2,24,464.0107,0.71,Moderate,FMS_MARITIME,2026-04-06
2022-12-15,30,HFO,51.57,8.1,194.4,24,826.075,0.73,Calm,FMS_MARITIME,2026-04-06
2022-12-16,30,VLSFO,44.83,11.7,280.8,24,497.1532,0.81,Calm,FMS_MARITIME,2026-04-06
2022-12-17,30,LNG,77.91,8.4,201.6,24,1203.4312,0.6,Moderate,FMS_MARITIME,2026-04-06
2022-12-18,30,LNG,72.4,12.2,292.8,24,769.9918,0.73,Moderate,FMS_MARITIME,2026-04-06
2022-12-19,30,HFO,30.61,10.3,247.2,24,385.5968,0.81,Moderate,FMS_MARITIME,2026-04-06
2022-12-20,30,MGO,80.39,9.4,225.6,24,1109.6386,0.52,Moderate,FMS_MARITIME,2026-04-06
2022-12-21,30,MGO,84.75,8.5,204.0,24,1293.6838,0.76,Calm,FMS_MARITIME,2026-04-06
2022-12-22,30,HFO,55.44,11.9,285.6,24,604.4824,0.59,Moderate,FMS_MARITIME,2026-04-06
2022-12-23,30,MGO,69.59,17.6,422.4,24,513.0286,0.85,Moderate,FMS_MARITIME,2026-04-06
2022-12-24,30,MGO,48.44,9.6,230.4,24,654.6969,0.99,Rough,FMS_MARITIME,2026-04-06
2022-12-25,30,LSMGO,40.32,8.3,199.2,24,630.3036,0.67,Rough,FMS_MARITIME,2026-04-06
2022-12-26,30,MGO,69.73,9.0,216.0,24,1005.2742,0.54,Rough,FMS_MARITIME,2026-04-06
2022-12-27,30,VLSFO,32.56,8.1,194.4,24,521.563,0.87,Calm,FMS_MARITIME,2026-04-06
2022-12-28,30,HFO,77.95,14.4,345.6,24,702.362,0.84,Calm,FMS_MARITIME,2026-04-06
2022-12-28,30,MGO,33.25,11.8,283.2,24,365.6091,0.79,Rough,FMS_MARITIME,2026-04-06
2022-12-28,30,VLSFO,51.78,11.3,271.2,24,594.5535,0.43,Calm,FMS_MARITIME,2026-04-06
2022-12-01,31,HFO,52.85,16.0,384.0,24,428.5805,0.7,Moderate,FMS_MARITIME,2026-04-06
2022-12-02,31,LNG,36.74,11.3,271.2,24,421.8597,0.77,Calm,FMS_MARITIME,2026-04-06
2022-12-03,31,LSMGO,56.43,14.6,350.4,24,501.4926,0.83,Rough,FMS_MARITIME,2026-04-06
2022-12-04,31,LNG,26.94,16.7,400.8,24,209.3093,0.84,Rough,FMS_MARITIME,2026-04-06
2022-12-05,31,LSMGO,82.33,8.2,196.8,24,1302.7216,0.57,Rough,FMS_MARITIME,2026-04-06
2022-12-06,31,LNG,22.19,12.1,290.4,24,237.9465,0.84,Moderate,FMS_MARITIME,2026-04-06
2022-12-07,31,HFO,43.43,8.5,204.0,24,662.9462,0.76,Calm,FMS_MARITIME,2026-04-06
2022-12-08,31,HFO,35.04,8.2,196.8,24,554.4439,0.54,Rough,FMS_MARITIME,2026-04-06
2022-12-09,31,VLSFO,30.02,10.7,256.8,24,364.0276,0.62,Rough,FMS_MARITIME,2026-04-06
2022-12-10,31,LNG,41.53,16.2,388.8,24,332.6245,0.68,Moderate,FMS_MARITIME,2026-04-06
2022-12-11,31,LNG,69.16,17.6,422.4,24,509.8585,0.57,Calm,FMS_MARITIME,2026-04-06
2022-12-12,31,VLSFO,69.03,12.5,300.0,24,716.5314,0.86,Rough,FMS_MARITIME,2026-04-06
2022-12-13,31,LNG,48.53,8.0,192.0,24,787.0959,0.49,Rough,FMS_MARITIME,2026-04-06
2022-12-14,31,LSMGO,73.7,13.2,316.8,24,724.4375,0.79,Moderate,FMS_MARITIME,2026-04-06
2022-12-15,31,HFO,56.62,15.3,367.2,24,480.1598,0.66,Moderate,FMS_MARITIME,2026-04-06
2022-12-16,31,MGO,62.41,14.0,336.0,24,578.407,0.79,Rough,FMS_MARITIME,2026-04-06
2022-12-17,31,VLSFO,49.58,17.9,429.6,24,359.3858,0.52,Calm,FMS_MARITIME,2026-04-06
2022-12-18,31,HFO,69.98,16.2,388.8,24,560.488,0.44,Calm,FMS_MARITIME,2026-04-06
2022-12-19,31,VLSFO,27.07,16.6,398.4,24,211.5863,0.57,Moderate,FMS_MARITIME,2026-04-06
2022-12-20,31,LNG,31.48,12.1,290.4,24,337.5645,0.57,Calm,FMS_MARITIME,2026-04-06
2022-12-21,31,LNG,24.2,14.0,336.0,24,224.2821,0.91,Rough,FMS_MARITIME,2026-04-06
2022-12-22,31,HFO,34.36,16.9,405.6,24,263.7994,0.67,Moderate,FMS_MARITIME,2026-04-06
2022-12-23,31,MGO,70.33,16.5,396.0,24,553.0495,0.62,Calm,FMS_MARITIME,2026-04-06
2022-12-24,31,HFO,56.08,10.0,240.0,24,727.638,0.71,Moderate,FMS_MARITIME,2026-04-06
2022-12-25,31,LNG,72.32,8.9,213.6,24,1054.3281,0.78,Calm,FMS_MARITIME,2026-04-06
2022-12-26,31,LSMGO,27.82,15.6,374.4,24,231.3875,0.76,Rough,FMS_MARITIME,2026-04-06
2022-12-27,31,VLSFO,75.31,9.3,223.2,24,1050.696,0.73,Calm,FMS_MARITIME,2026-04-06
2022-12-28,31,LNG,43.18,10.3,247.2,24,543.9422,0.79,Moderate,FMS_MARITIME,2026-04-06
2022-12-28,31,MGO,83.62,11.4,273.6,24,951.7276,0.58,Rough,FMS_MARITIME,2026-04-06
2022-12-28,31,HFO,82.06,17.0,408.0,24,626.3109,0.43,Calm,FMS_MARITIME,2026-04-06
2022-12-01,32,MGO,77.26,16.8,403.2,24,596.6955,0.54,Rough,FMS_MARITIME,2026-04-06
2022-12-02,32,HFO,76.53,10.5,252.0,24,945.6921,0.7,Rough,FMS_MARITIME,2026-04-06
2022-12-03,32,HFO,37.25,17.1,410.4,24,282.6425,0.53,Moderate,FMS_MARITIME,2026-04-06
2022-12-04,32,LNG,59.3,10.6,254.4,24,725.8656,0.88,Rough,FMS_MARITIME,2026-04-06
2022-12-05,32,HFO,57.47,17.0,408.0,24,438.6313,0.72,Rough,FMS_MARITIME,2026-04-06
2022-12-06,32,LSMGO,23.3,14.1,338.4,24,214.4096,1.0,Moderate,FMS_MARITIME,2026-04-06
2022-12-07,32,HFO,63.45,11.3,271.2,24,728.552,0.41,Rough,FMS_MARITIME,2026-04-06
2022-12-08,32,VLSFO,33.66,8.0,192.0,24,545.9231,0.93,Moderate,FMS_MARITIME,2026-04-06
2022-12-09,32,HFO,38.62,10.8,259.2,24,463.9764,0.48,Moderate,FMS_MARITIME,2026-04-06
2022-12-10,32,LSMGO,47.03,9.7,232.8,24,629.0869,0.81,Rough,FMS_MARITIME,2026-04-06
2022-12-11,32,VLSFO,52.17,11.8,283.2,24,573.6489,0.55,Rough,FMS_MARITIME,2026-04-06
2022-12-12,32,VLSFO,81.53,8.0,192.0,24,1322.3147,0.43,Moderate,FMS_MARITIME,2026-04-06
2022-12-13,32,LSMGO,36.03,9.5,228.0,24,492.0939,0.81,Calm,FMS_MARITIME,2026-04-06
2022-12-14,32,HFO,40.76,17.4,417.6,24,303.9431,0.98,Moderate,FMS_MARITIME,2026-04-06
2022-12-15,32,HFO,83.89,15.7,376.8,24,693.2947,0.59,Moderate,FMS_MARITIME,2026-04-06
2022-12-16,32,LNG,27.06,16.0,384.0,24,219.4397,0.88,Calm,FMS_MARITIME,2026-04-06
2022-12-17,32,LSMGO,30.02,14.9,357.6,24,261.4158,0.56,Calm,FMS_MARITIME,2026-04-06
2022-12-18,32,VLSFO,20.76,9.6,230.4,24,280.5844,0.72,Moderate,FMS_MARITIME,2026-04-06
2022-12-19,32,HFO,19.86,11.7,280.8,24,220.2423,0.74,Moderate,FMS_MARITIME,2026-04-06
2022-12-20,32,LSMGO,18.11,11.2,268.8,24,209.8011,0.77,Calm,FMS_MARITIME,2026-04-06
2022-12-21,32,LSMGO,69.29,17.3,415.2,24,519.675,0.82,Calm,FMS_MARITIME,2026-04-06
2022-12-22,32,HFO,23.55,12.0,288.0,24,254.6344,0.44,Moderate,FMS_MARITIME,2026-04-06
2022-12-23,32,HFO,33.86,11.8,283.2,24,372.3165,0.78,Moderate,FMS_MARITIME,2026-04-06
2022-12-24,32,LNG,46.73,10.9,261.6,24,556.2585,0.88,Calm,FMS_MARITIME,2026-04-06
2022-12-25,32,VLSFO,57.1,11.2,268.8,24,661.4933,0.91,Calm,FMS_MARITIME,2026-04-06
2022-12-26,32,VLSFO,33.6,12.2,292.8,24,357.3443,0.88,Calm,FMS_MARITIME,2026-04-06
2022-12-27,32,HFO,63.4,16.8,403.2,24,489.6518,0.72,Rough,FMS_MARITIME,2026-04-06
2022-12-28,32,LSMGO,29.35,10.0,240.0,24,380.8163,0.65,Rough,FMS_MARITIME,2026-04-06
2022-12-28,32,LNG,26.78,12.8,307.2,24,271.4613,0.89,Rough,FMS_MARITIME,2026-04-06
2022-12-28,32,VLSFO,36.75,15.0,360.0,24,317.8875,0.55,Rough,FMS_MARITIME,2026-04-06
2022-12-01,33,HFO,45.56,16.1,386.4,24,367.1683,0.44,Rough,FMS_MARITIME,2026-04-06
2022-12-02,33,LNG,31.99,12.0,288.0,24,345.8919,0.99,Rough,FMS_MARITIME,2026-04-06
2022-12-03,33,LNG,41.08,12.8,307.2,24,416.4164,0.48,Rough,FMS_MARITIME,2026-04-06
2022-12-04,33,VLSFO,80.21,12.0,288.0,24,867.2706,0.95,Moderate,FMS_MARITIME,2026-04-06
2022-12-05,33,HFO,32.45,14.5,348.0,24,290.3716,0.85,Moderate,FMS_MARITIME,2026-04-06
2022-12-06,33,MGO,42.6,17.8,427.2,24,310.5253,0.89,Moderate,FMS_MARITIME,2026-04-06
2022-12-07,33,VLSFO,60.67,13.3,319.2,24,591.8746,0.93,Calm,FMS_MARITIME,2026-04-06
2022-12-08,33,LNG,55.26,14.6,350.4,24,491.0949,0.76,Calm,FMS_MARITIME,2026-04-06
2022-12-09,33,MGO,72.87,17.5,420.0,24,540.279,0.6,Rough,FMS_MARITIME,2026-04-06
2022-12-10,33,HFO,22.21,17.5,420.0,24,164.6713,0.61,Rough,FMS_MARITIME,2026-04-06
2022-12-11,33,LSMGO,64.45,11.3,271.2,24,740.0343,0.48,Moderate,FMS_MARITIME,2026-04-06
2022-12-12,33,LNG,35.19,8.7,208.8,24,524.8164,0.65,Calm,FMS_MARITIME,2026-04-06
2022-12-13,33,HFO,21.58,10.8,259.2,24,259.2597,0.73,Moderate,FMS_MARITIME,2026-04-06
2022-12-14,33,HFO,33.53,14.2,340.8,24,306.3745,0.87,Calm,FMS_MARITIME,2026-04-06
2022-12-15,33,HFO,82.21,11.2,268.8,24,952.3882,0.75,Calm,FMS_MARITIME,2026-04-06
2022-12-16,33,HFO,65.69,8.0,192.0,24,1065.4097,0.46,Calm,FMS_MARITIME,2026-04-06
2022-12-17,33,MGO,49.83,14.8,355.2,24,436.8542,0.99,Calm,FMS_MARITIME,2026-04-06
2022-12-18,33,VLSFO,64.83,10.1,242.4,24,832.8408,0.85,Moderate,FMS_MARITIME,2026-04-06
2022-12-19,33,VLSFO,82.57,17.8,427.2,24,601.8796,0.7,Calm,FMS_MARITIME,2026-04-06
2022-12-20,33,VLSFO,34.72,12.9,309.6,24,349.2186,0.6,Calm,FMS_MARITIME,2026-04-06
2022-12-21,33,MGO,60.54,15.7,376.8,24,500.3226,0.51,Rough,FMS_MARITIME,2026-04-06
2022-12-22,33,MGO,18.82,9.9,237.6,24,246.6561,0.9,Rough,FMS_MARITIME,2026-04-06
2022-12-23,33,LSMGO,60.62,9.7,232.8,24,810.8706,0.96,Rough,FMS_MARITIME,2026-04-06
2022-12-24,33,LSMGO,50.83,8.7,208.8,24,758.0681,0.88,Calm,FMS_MARITIME,2026-04-06
2022-12-25,33,LSMGO,39.71,8.1,194.4,24,636.0954,0.69,Moderate,FMS_MARITIME,2026-04-06
2022-12-26,33,MGO,73.35,13.8,331.2,24,689.6495,0.91,Moderate,FMS_MARITIME,2026-04-06
2022-12-27,33,HFO,31.74,14.1,338.4,24,292.0755,0.67,Moderate,FMS_MARITIME,2026-04-06
2022-12-28,33,LSMGO,74.0,16.3,391.2,24,589.0491,0.77,Rough,FMS_MARITIME,2026-04-06
2022-12-28,33,LSMGO,73.69,12.7,304.8,24,752.8565,0.43,Calm,FMS_MARITIME,2026-04-06
2022-12-28,33,LNG,69.73,9.4,225.6,24,962.4965,0.68,Rough,FMS_MARITIME,2026-04-06
2022-12-01,34,VLSFO,59.02,11.1,266.4,24,689.8959,0.65,Rough,FMS_MARITIME,2026-04-06
2022-12-02,34,HFO,60.24,15.7,376.8,24,497.8433,0.52,Calm,FMS_MARITIME,2026-04-06
2022-12-03,34,MGO,82.58,8.8,211.2,24,1217.5858,0.81,Moderate,FMS_MARITIME,2026-04-06
2022-12-04,34,MGO,29.78,11.5,276.0,24,335.9961,0.93,Rough,FMS_MARITIME,2026-04-06
2022-12-05,34,MGO,45.67,10.6,254.4,24,559.0267,0.74,Moderate,FMS_MARITIME,2026-04-06
2022-12-06,34,MGO,73.28,8.3,199.2,24,1145.5518,0.68,Moderate,FMS_MARITIME,2026-04-06
2022-12-07,34,LSMGO,62.89,12.0,288.0,24,679.9981,0.58,Moderate,FMS_MARITIME,2026-04-06
2022-12-08,34,MGO,67.17,17.7,424.8,24,492.3903,0.54,Calm,FMS_MARITIME,2026-04-06
2022-12-09,34,LSMGO,21.13,11.6,278.4,24,236.3463,0.8,Calm,FMS_MARITIME,2026-04-06
2022-12-10,34,LSMGO,45.76,14.9,357.6,24,398.4805,0.74,Rough,FMS_MARITIME,2026-04-06
2022-12-11,34,HFO,81.65,17.9,429.6,24,591.8485,0.65,Rough,FMS_MARITIME,2026-04-06
2022-12-12,34,MGO,65.21,9.1,218.4,24,929.7799,0.88,Rough,FMS_MARITIME,2026-04-06
2022-12-13,34,MGO,49.62,10.8,259.2,24,596.1292,0.96,Rough,FMS_MARITIME,2026-04-06
2022-12-14,34,HFO,30.98,10.6,254.4,24,379.2127,0.96,Calm,FMS_MARITIME,2026-04-06
2022-12-15,34,VLSFO,32.5,8.1,194.4,24,520.6019,0.83,Rough,FMS_MARITIME,2026-04-06
2022-12-16,34,LSMGO,66.91,8.6,206.4,24,1009.4852,0.55,Calm,FMS_MARITIME,2026-04-06
2022-12-17,34,LNG,57.0,10.2,244.8,24,725.0735,0.78,Moderate,FMS_MARITIME,2026-04-06
2022-12-18,34,MGO,44.67,12.0,288.0,24,482.9944,0.99,Calm,FMS_MARITIME,2026-04-06
2022-12-19,34,HFO,44.84,9.5,228.0,24,612.42,0.77,Rough,FMS_MARITIME,2026-04-06
2022-12-20,34,HFO,37.31,16.3,391.2,24,296.9922,0.88,Moderate,FMS_MARITIME,2026-04-06
2022-12-21,34,MGO,79.58,12.3,295.2,24,839.472,0.63,Calm,FMS_MARITIME,2026-04-06
2022-12-22,34,VLSFO,38.43,12.2,292.8,24,408.7125,0.81,Calm,FMS_MARITIME,2026-04-06
2022-12-23,34,VLSFO,59.51,10.0,240.0,24,772.1422,0.59,Rough,FMS_MARITIME,2026-04-06
2022-12-24,34,LNG,37.51,16.4,393.6,24,296.7636,0.71,Rough,FMS_MARITIME,2026-04-06
2022-12-25,34,LNG,73.51,13.5,324.0,24,706.5128,0.68,Rough,FMS_MARITIME,2026-04-06
2022-12-26,34,VLSFO,70.3,14.0,336.0,24,651.5304,0.4,Calm,FMS_MARITIME,2026-04-06
2022-12-27,34,VLSFO,76.52,13.0,312.0,24,763.7285,0.88,Moderate,FMS_MARITIME,2026-04-06
2022-12-28,34,LNG,71.7,17.7,424.8,24,525.5975,0.53,Moderate,FMS_MARITIME,2026-04-06
2022-12-28,34,LNG,71.49,14.1,338.4,24,657.8601,0.96,Rough,FMS_MARITIME,2026-04-06
2022-12-28,34,VLSFO,17.34,17.4,417.6,24,129.3026,0.48,Moderate,FMS_MARITIME,2026-04-06
2022-12-01,35,MGO,40.89,14.6,350.4,24,363.3889,0.87,Moderate,FMS_MARITIME,2026-04-06
2022-12-02,35,VLSFO,76.55,15.0,360.0,24,662.1575,0.9,Moderate,FMS_MARITIME,2026-04-06
2022-12-03,35,VLSFO,62.15,10.4,249.6,24,775.381,0.41,Calm,FMS_MARITIME,2026-04-06
2022-12-04,35,HFO,39.72,17.6,422.4,24,292.8222,0.58,Rough,FMS_MARITIME,2026-04-06
2022-12-05,35,HFO,39.03,9.8,235.2,24,516.7492,0.72,Rough,FMS_MARITIME,2026-04-06
2022-12-06,35,HFO,18.99,11.0,264.0,24,223.9957,0.42,Rough,FMS_MARITIME,2026-04-06
2022-12-07,35,LNG,15.35,17.9,429.6,24,111.2661,0.42,Calm,FMS_MARITIME,2026-04-06
2022-12-08,35,MGO,73.18,15.2,364.8,24,624.678,0.46,Calm,FMS_MARITIME,2026-04-06
2022-12-09,35,MGO,19.79,8.3,199.2,24,309.3678,0.9,Rough,FMS_MARITIME,2026-04-06
2022-12-10,35,VLSFO,18.34,13.4,321.6,24,177.5832,0.87,Moderate,FMS_MARITIME,2026-04-06
2022-12-11,35,HFO,62.61,14.0,336.0,24,580.2605,0.73,Moderate,FMS_MARITIME,2026-04-06
2022-12-12,35,LNG,68.81,13.0,312.0,24,686.7767,0.97,Rough,FMS_MARITIME,2026-04-06
2022-12-13,35,MGO,63.5,11.9,285.6,24,692.3634,0.64,Moderate,FMS_MARITIME,2026-04-06
2022-12-14,35,LSMGO,73.97,17.3,415.2,24,554.775,0.55,Moderate,FMS_MARITIME,2026-04-06
2022-12-15,35,LSMGO,63.95,16.6,398.4,24,499.8502,0.67,Rough,FMS_MARITIME,2026-04-06
2022-12-16,35,VLSFO,46.03,15.1,362.4,24,395.5227,0.63,Rough,FMS_MARITIME,2026-04-06
2022-12-17,35,LSMGO,45.66,10.7,256.8,24,553.6808,0.52,Rough,FMS_MARITIME,2026-04-06
2022-12-18,35,HFO,68.09,13.3,319.2,24,664.2615,0.9,Calm,FMS_MARITIME,2026-04-06
2022-12-19,35,MGO,79.78,14.0,336.0,24,739.3896,0.41,Moderate,FMS_MARITIME,2026-04-06
2022-12-20,35,LSMGO,73.5,14.4,345.6,24,662.2656,0.78,Calm,FMS_MARITIME,2026-04-06
2022-12-21,35,LSMGO,43.53,15.4,369.6,24,366.7544,0.56,Rough,FMS_MARITIME,2026-04-06
2022-12-22,35,HFO,21.57,12.1,290.4,24,231.2981,0.98,Moderate,FMS_MARITIME,2026-04-06
2022-12-23,35,LNG,68.79,9.6,230.4,24,929.7398,0.54,Moderate,FMS_MARITIME,2026-04-06
2022-12-24,35,HFO,33.13,11.9,285.6,24,361.2284,0.8,Moderate,FMS_MARITIME,2026-04-06
2022-12-25,35,HFO,30.56,12.3,295.2,24,322.3707,0.79,Calm,FMS_MARITIME,2026-04-06
2022-12-26,35,LSMGO,70.06,16.5,396.0,24,550.9264,0.74,Calm,FMS_MARITIME,2026-04-06
2022-12-27,35,LNG,31.31,8.9,213.6,24,456.4576,0.99,Moderate,FMS_MARITIME,2026-04-06
2022-12-28,35,LSMGO,71.52,11.6,278.4,24,799.9759,0.45,Moderate,FMS_MARITIME,2026-04-06
2022-12-28,35,LNG,76.24,13.4,321.6,24,738.2194,0.76,Calm,FMS_MARITIME,2026-04-06
2022-12-28,35,VLSFO,55.97,12.7,304.8,24,571.8195,0.66,Moderate,FMS_MARITIME,2026-04-06
2022-12-01,36,LNG,67.5,12.1,290.4,24,723.812,0.88,Moderate,FMS_MARITIME,2026-04-06
2022-12-02,36,VLSFO,32.18,15.0,360.0,24,278.357,0.63,Calm,FMS_MARITIME,2026-04-06
2022-12-03,36,LSMGO,23.97,9.3,223.2,24,334.4202,0.4,Calm,FMS_MARITIME,2026-04-06
2022-12-04,36,LNG,60.02,13.2,316.8,24,589.9693,0.45,Rough,FMS_MARITIME,2026-04-06
2022-12-05,36,HFO,59.16,9.9,237.6,24,775.3545,0.79,Calm,FMS_MARITIME,2026-04-06
2022-12-06,36,VLSFO,60.06,13.4,321.6,24,581.5511,0.91,Rough,FMS_MARITIME,2026-04-06
2022-12-07,36,LNG,70.7,16.7,400.8,24,549.3009,0.81,Calm,FMS_MARITIME,2026-04-06
2022-12-08,36,LNG,25.67,12.0,288.0,24,277.5569,0.63,Rough,FMS_MARITIME,2026-04-06
2022-12-09,36,LSMGO,84.79,16.5,396.0,24,666.7577,0.96,Rough,FMS_MARITIME,2026-04-06
2022-12-10,36,HFO,44.1,17.7,424.8,24,323.2754,0.59,Calm,FMS_MARITIME,2026-04-06
2022-12-11,36,LNG,82.28,15.1,362.4,24,707.0086,0.55,Calm,FMS_MARITIME,2026-04-06
2022-12-12,36,VLSFO,73.08,10.4,249.6,24,911.7433,0.69,Calm,FMS_MARITIME,2026-04-06
2022-12-13,36,HFO,44.96,11.5,276.0,24,507.2661,0.62,Moderate,FMS_MARITIME,2026-04-06
2022-12-14,36,VLSFO,45.75,12.4,297.6,24,478.7147,0.43,Calm,FMS_MARITIME,2026-04-06
2022-12-15,36,MGO,78.48,14.1,338.4,24,722.183,0.67,Rough,FMS_MARITIME,2026-04-06
2022-12-16,36,VLSFO,80.7,8.6,206.4,24,1217.5378,0.96,Rough,FMS_MARITIME,2026-04-06
2022-12-17,36,LSMGO,48.97,14.6,350.4,24,435.1957,0.68,Moderate,FMS_MARITIME,2026-04-06
2022-12-18,36,VLSFO,31.54,8.4,201.6,24,487.1804,0.91,Calm,FMS_MARITIME,2026-04-06
2022-12-19,36,HFO,57.77,16.0,384.0,24,468.4786,0.69,Calm,FMS_MARITIME,2026-04-06
2022-12-20,36,LNG,17.7,15.1,362.4,24,152.0911,0.93,Moderate,FMS_MARITIME,2026-04-06
2022-12-21,36,LSMGO,42.15,16.1,386.4,24,339.6871,0.9,Rough,FMS_MARITIME,2026-04-06
2022-12-22,36,LNG,17.57,17.7,424.8,24,128.797,0.82,Rough,FMS_MARITIME,2026-04-06
2022-12-23,36,MGO,36.75,14.8,355.2,24,322.1833,0.46,Moderate,FMS_MARITIME,2026-04-06
2022-12-24,36,VLSFO,55.76,15.4,369.6,24,469.7961,0.82,Moderate,FMS_MARITIME,2026-04-06
2022-12-25,36,MGO,56.49,11.9,285.6,24,615.9309,0.92,Rough,FMS_MARITIME,2026-04-06
2022-12-26,36,VLSFO,60.63,15.8,379.2,24,497.8951,0.8,Rough,FMS_MARITIME,2026-04-06
2022-12-27,36,MGO,15.96,16.6,398.4,24,124.7476,0.68,Calm,FMS_MARITIME,2026-04-06
2022-12-28,36,LNG,20.15,11.7,280.8,24,223.4583,1.0,Rough,FMS_MARITIME,2026-04-06
2022-12-28,36,LSMGO,71.07,16.0,384.0,24,576.3333,0.85,Rough,FMS_MARITIME,2026-04-06
2022-12-28,36,LSMGO,15.44,10.9,261.6,24,183.7927,0.49,Rough,FMS_MARITIME,2026-04-06
2022-12-01,37,LNG,62.24,9.9,237.6,24,815.7212,0.72,Rough,FMS_MARITIME,2026-04-06
2022-12-02,37,LNG,44.4,17.3,415.2,24,333.0,0.81,Moderate,FMS_MARITIME,2026-04-06
2022-12-03,37,VLSFO,49.72,11.8,283.2,24,546.7093,0.73,Calm,FMS_MARITIME,2026-04-06
2022-12-04,37,HFO,42.31,8.5,204.0,24,645.8497,0.92,Moderate,FMS_MARITIME,2026-04-06
2022-12-05,37,LSMGO,40.54,13.3,319.2,24,395.4936,0.82,Moderate,FMS_MARITIME,2026-04-06
2022-12-06,37,MGO,75.58,13.7,328.8,24,715.8033,0.42,Moderate,FMS_MARITIME,2026-04-06
2022-12-07,37,LSMGO,50.2,17.6,422.4,24,370.0824,0.56,Rough,FMS_MARITIME,2026-04-06
2022-12-08,37,VLSFO,84.68,10.1,242.4,24,1087.8446,0.56,Rough,FMS_MARITIME,2026-04-06
2022-12-09,37,VLSFO,23.75,16.5,396.0,24,186.7614,0.86,Calm,FMS_MARITIME,2026-04-06
2022-12-10,37,VLSFO,19.06,9.1,218.4,24,271.7621,0.45,Moderate,FMS_MARITIME,2026-04-06
2022-12-11,37,HFO,78.49,13.3,319.2,24,765.7201,0.44,Calm,FMS_MARITIME,2026-04-06
2022-12-12,37,MGO,49.14,13.3,319.2,24,479.3921,0.79,Rough,FMS_MARITIME,2026-04-06
2022-12-13,37,MGO,69.75,13.0,312.0,24,696.1587,0.88,Moderate,FMS_MARITIME,2026-04-06
2022-12-14,37,MGO,36.47,14.1,338.4,24,335.6016,0.82,Rough,FMS_MARITIME,2026-04-06
2022-12-15,37,VLSFO,79.94,14.4,345.6,24,720.2927,0.72,Calm,FMS_MARITIME,2026-04-06
2022-12-16,37,HFO,69.65,15.1,362.4,24,598.4826,0.85,Rough,FMS_MARITIME,2026-04-06
2022-12-17,37,VLSFO,60.17,8.5,204.0,24,918.4774,0.48,Calm,FMS_MARITIME,2026-04-06
2022-12-18,37,LSMGO,49.91,12.0,288.0,24,539.6519,0.82,Rough,FMS_MARITIME,2026-04-06
2022-12-19,37,LSMGO,73.37,15.7,376.8,24,606.354,0.65,Moderate,FMS_MARITIME,2026-04-06
2022-12-20,37,LSMGO,71.15,13.8,331.2,24,668.9647,0.84,Rough,FMS_MARITIME,2026-04-06
2022-12-21,37,VLSFO,31.46,16.4,393.6,24,248.8985,0.47,Moderate,FMS_MARITIME,2026-04-06
2022-12-22,37,HFO,42.68,13.7,328.8,24,404.2139,0.85,Calm,FMS_MARITIME,2026-04-06
2022-12-23,37,LNG,84.39,11.3,271.2,24,968.9914,0.71,Calm,FMS_MARITIME,2026-04-06
2022-12-24,37,HFO,73.83,14.8,355.2,24,647.2596,0.59,Calm,FMS_MARITIME,2026-04-06
2022-12-25,37,LNG,67.13,15.3,367.2,24,569.2887,0.84,Rough,FMS_MARITIME,2026-04-06
2022-12-26,37,LSMGO,19.57,8.6,206.4,24,295.2567,0.67,Rough,FMS_MARITIME,2026-04-06
2022-12-27,37,MGO,71.85,8.5,204.0,24,1096.7691,0.92,Rough,FMS_MARITIME,2026-04-06
2022-12-28,37,VLSFO,21.28,17.8,427.2,24,155.1169,0.78,Rough,FMS_MARITIME,2026-04-06
2022-12-28,37,HFO,78.78,16.1,386.4,24,634.8885,0.54,Calm,FMS_MARITIME,2026-04-06
2022-12-28,37,HFO,20.8,13.4,321.6,24,201.403,0.64,Moderate,FMS_MARITIME,2026-04-06
2022-12-01,38,MGO,48.46,9.4,225.6,24,668.9027,0.47,Rough,FMS_MARITIME,2026-04-06
2022-12-02,38,LNG,80.62,13.6,326.4,24,769.1504,0.81,Moderate,FMS_MARITIME,2026-04-06
2022-12-03,38,LSMGO,74.19,15.9,381.6,24,605.4184,0.54,Calm,FMS_MARITIME,2026-04-06
2022-12-04,38,HFO,77.34,14.2,340.8,24,706.6806,0.88,Rough,FMS_MARITIME,2026-04-06
2022-12-05,38,LSMGO,63.08,8.2,196.8,24,998.1256,0.71,Moderate,FMS_MARITIME,2026-04-06
2022-12-06,38,MGO,64.92,10.7,256.8,24,787.2308,0.54,Rough,FMS_MARITIME,2026-04-06
2022-12-07,38,LSMGO,74.02,16.4,393.6,24,585.6155,0.77,Moderate,FMS_MARITIME,2026-04-06
2022-12-08,38,HFO,82.07,13.4,321.6,24,794.6703,0.58,Rough,FMS_MARITIME,2026-04-06
2022-12-09,38,MGO,22.11,12.5,300.0,24,229.5018,0.52,Moderate,FMS_MARITIME,2026-04-06
2022-12-10,38,MGO,80.22,14.4,345.6,24,722.8156,0.49,Rough,FMS_MARITIME,2026-04-06
2022-12-11,38,MGO,44.17,12.7,304.8,24,451.2644,0.86,Moderate,FMS_MARITIME,2026-04-06
2022-12-12,38,MGO,63.12,17.6,422.4,24,465.3307,0.99,Rough,FMS_MARITIME,2026-04-06
2022-12-13,38,LSMGO,38.34,17.7,424.8,24,281.0517,0.86,Calm,FMS_MARITIME,2026-04-06
2022-12-14,38,HFO,55.19,9.7,232.8,24,738.2374,0.79,Calm,FMS_MARITIME,2026-04-06
2022-12-15,38,LNG,81.52,8.7,208.8,24,1215.7724,0.59,Rough,FMS_MARITIME,2026-04-06
2022-12-16,38,VLSFO,35.85,12.1,290.4,24,384.4246,0.88,Rough,FMS_MARITIME,2026-04-06
2022-12-17,38,LNG,57.3,16.5,396.0,24,450.5864,0.69,Calm,FMS_MARITIME,2026-04-06
2022-12-18,38,MGO,36.82,17.4,417.6,24,274.5629,0.7,Calm,FMS_MARITIME,2026-04-06
2022-12-19,38,LNG,29.31,16.3,391.2,24,233.3112,0.49,Rough,FMS_MARITIME,2026-04-06
2022-12-20,38,LSMGO,24.88,15.4,369.6,24,209.6221,0.7,Calm,FMS_MARITIME,2026-04-06
2022-12-21,38,HFO,61.87,15.6,374.4,24,514.5918,0.76,Rough,FMS_MARITIME,2026-04-06
2022-12-22,38,VLSFO,37.25,10.7,256.8,24,451.6998,0.47,Calm,FMS_MARITIME,2026-04-06
2022-12-23,38,LNG,46.75,10.5,252.0,24,577.6964,0.57,Moderate,FMS_MARITIME,2026-04-06
2022-12-24,38,LNG,28.44,10.7,256.8,24,344.8682,0.72,Calm,FMS_MARITIME,2026-04-06
2022-12-25,38,LSMGO,82.5,11.8,283.2,24,907.1504,0.56,Moderate,FMS_MARITIME,2026-04-06
2022-12-26,38,MGO,69.52,12.9,309.6,24,699.2419,0.59,Moderate,FMS_MARITIME,2026-04-06
2022-12-27,38,VLSFO,35.55,9.9,237.6,24,465.9205,0.91,Rough,FMS_MARITIME,2026-04-06
2022-12-28,38,HFO,50.73,13.9,333.6,24,473.5408,0.43,Calm,FMS_MARITIME,2026-04-06
2022-12-28,38,MGO,53.11,11.8,283.2,24,583.985,0.51,Moderate,FMS_MARITIME,2026-04-06
2022-12-28,38,LSMGO,74.27,8.1,194.4,24,1189.6954,0.9,Rough,FMS_MARITIME,2026-04-06
2022-12-01,39,LSMGO,46.04,17.1,410.4,24,349.3386,0.77,Calm,FMS_MARITIME,2026-04-06
2022-12-02,39,VLSFO,59.54,15.4,369.6,24,501.6438,0.49,Moderate,FMS_MARITIME,2026-04-06
2022-12-03,39,VLSFO,42.41,8.5,204.0,24,647.3762,0.93,Calm,FMS_MARITIME,2026-04-06
2022-12-04,39,LNG,46.38,11.3,271.2,24,532.5491,0.78,Rough,FMS_MARITIME,2026-04-06
2022-12-05,39,VLSFO,40.58,11.1,266.4,24,474.3473,0.98,Calm,FMS_MARITIME,2026-04-06
2022-12-06,39,HFO,56.6,15.8,379.2,24,464.8006,0.65,Calm,FMS_MARITIME,2026-04-06
2022-12-07,39,LNG,29.69,14.5,348.0,24,265.6743,0.96,Moderate,FMS_MARITIME,2026-04-06
2022-12-08,39,VLSFO,65.87,15.7,376.8,24,544.3715,0.44,Calm,FMS_MARITIME,2026-04-06
2022-12-09,39,VLSFO,52.4,12.5,300.0,24,543.912,1.0,Calm,FMS_MARITIME,2026-04-06
2022-12-10,39,MGO,44.8,9.1,218.4,24,638.7692,0.52,Calm,FMS_MARITIME,2026-04-06
2022-12-11,39,MGO,17.4,8.1,194.4,24,278.7222,0.68,Rough,FMS_MARITIME,2026-04-06
2022-12-12,39,HFO,54.67,12.4,297.6,24,572.051,0.99,Rough,FMS_MARITIME,2026-04-06
2022-12-13,39,LSMGO,63.21,12.2,292.8,24,672.2539,0.75,Moderate,FMS_MARITIME,2026-04-06
2022-12-14,39,HFO,84.14,9.5,228.0,24,1149.1753,0.68,Moderate,FMS_MARITIME,2026-04-06
2022-12-15,39,HFO,57.5,14.3,343.2,24,521.722,0.61,Calm,FMS_MARITIME,2026-04-06
2022-12-16,39,VLSFO,69.75,9.2,220.8,24,983.7024,0.59,Moderate,FMS_MARITIME,2026-04-06
2022-12-17,39,LSMGO,39.79,16.5,396.0,24,312.8941,0.51,Moderate,FMS_MARITIME,2026-04-06
2022-12-18,39,LSMGO,44.81,14.8,355.2,24,392.8444,0.68,Moderate,FMS_MARITIME,2026-04-06
2022-12-19,39,MGO,44.81,14.7,352.8,24,395.5168,0.92,Rough,FMS_MARITIME,2026-04-06
2022-12-20,39,VLSFO,15.99,11.2,268.8,24,185.2413,0.48,Moderate,FMS_MARITIME,2026-04-06
2022-12-21,39,HFO,43.81,14.5,348.0,24,392.024,0.47,Calm,FMS_MARITIME,2026-04-06
2022-12-22,39,LNG,70.95,12.0,288.0,24,767.1469,0.84,Rough,FMS_MARITIME,2026-04-06
2022-12-23,39,LNG,33.81,8.4,201.6,24,522.2437,0.58,Rough,FMS_MARITIME,2026-04-06
2022-12-24,39,MGO,25.98,13.1,314.4,24,257.321,0.9,Calm,FMS_MARITIME,2026-04-06
2022-12-25,39,LNG,38.65,11.7,280.8,24,428.6186,0.9,Calm,FMS_MARITIME,2026-04-06
2022-12-26,39,HFO,26.31,13.2,316.8,24,258.6153,0.4,Moderate,FMS_MARITIME,2026-04-06
2022-12-27,39,LNG,41.09,8.3,199.2,24,642.3407,0.86,Rough,FMS_MARITIME,2026-04-06
2022-12-28,39,LNG,29.01,8.1,194.4,24,464.6972,0.6,Calm,FMS_MARITIME,2026-04-06
2022-12-28,39,MGO,28.93,11.4,273.6,24,329.2691,0.66,Moderate,FMS_MARITIME,2026-04-06
2022-12-28,39,VLSFO,57.36,17.8,427.2,24,418.1157,0.51,Calm,FMS_MARITIME,2026-04-06
2022-12-01,40,MGO,44.05,9.5,228.0,24,601.6303,0.57,Rough,FMS_MARITIME,2026-04-06
2022-12-02,40,LNG,50.45,9.2,220.8,24,711.5095,0.53,Calm,FMS_MARITIME,2026-04-06
2022-12-03,40,LSMGO,47.56,8.2,196.8,24,752.55,0.68,Rough,FMS_MARITIME,2026-04-06
2022-12-04,40,HFO,16.78,11.8,283.2,24,184.5089,0.96,Calm,FMS_MARITIME,2026-04-06
2022-12-05,40,MGO,23.65,16.3,391.2,24,188.2569,0.65,Calm,FMS_MARITIME,2026-04-06
2022-12-06,40,LNG,18.52,13.4,321.6,24,179.3261,0.94,Moderate,FMS_MARITIME,2026-04-06
2022-12-07,40,LNG,67.69,10.1,242.4,24,869.5819,0.74,Calm,FMS_MARITIME,2026-04-06
2022-12-08,40,LSMGO,76.36,9.9,237.6,24,1000.7788,0.55,Calm,FMS_MARITIME,2026-04-06
2022-12-09,40,LNG,30.98,9.1,218.4,24,441.7203,1.0,Rough,FMS_MARITIME,2026-04-06
2022-12-10,40,VLSFO,19.23,9.9,237.6,24,252.0295,0.49,Moderate,FMS_MARITIME,2026-04-06
2022-12-11,40,HFO,50.99,11.2,268.8,24,590.71,0.76,Rough,FMS_MARITIME,2026-04-06
2022-12-12,40,LNG,72.81,14.8,355.2,24,638.3174,0.77,Rough,FMS_MARITIME,2026-04-06
2022-12-13,40,MGO,47.86,14.0,336.0,24,443.5596,0.9,Calm,FMS_MARITIME,2026-04-06
2022-12-14,40,HFO,32.27,8.3,199.2,24,504.4617,0.72,Moderate,FMS_MARITIME,2026-04-06
2022-12-15,40,VLSFO,42.58,14.8,355.2,24,373.2943,0.77,Rough,FMS_MARITIME,2026-04-06
2022-12-16,40,LNG,63.19,17.2,412.8,24,476.6804,0.57,Rough,FMS_MARITIME,2026-04-06
2022-12-17,40,MGO,39.84,11.5,276.0,24,449.4991,0.79,Calm,FMS_MARITIME,2026-04-06
2022-12-18,40,LSMGO,43.27,14.7,352.8,24,381.924,0.97,Calm,FMS_MARITIME,2026-04-06
2022-12-19,40,VLSFO,35.14,12.1,290.4,24,376.8112,0.61,Moderate,FMS_MARITIME,2026-04-06
2022-12-20,40,HFO,45.74,12.5,300.0,24,474.7812,0.51,Calm,FMS_MARITIME,2026-04-06
2022-12-21,40,HFO,58.56,8.7,208.8,24,873.3517,0.73,Moderate,FMS_MARITIME,2026-04-06
2022-12-22,40,HFO,71.54,14.0,336.0,24,663.0225,0.8,Calm,FMS_MARITIME,2026-04-06
2022-12-23,40,LSMGO,74.49,13.2,316.8,24,732.2028,0.5,Moderate,FMS_MARITIME,2026-04-06
2022-12-24,40,LNG,77.12,13.4,321.6,24,746.7403,0.59,Moderate,FMS_MARITIME,2026-04-06
2022-12-25,40,LNG,76.85,13.3,319.2,24,749.7209,0.83,Moderate,FMS_MARITIME,2026-04-06
2022-12-26,40,MGO,84.74,10.7,256.8,24,1027.5715,0.48,Calm,FMS_MARITIME,2026-04-06
2022-12-27,40,LSMGO,56.29,11.8,283.2,24,618.9515,0.89,Moderate,FMS_MARITIME,2026-04-06
2022-12-28,40,MGO,52.07,18.0,432.0,24,375.3379,0.46,Moderate,FMS_MARITIME,2026-04-06
2022-12-28,40,LSMGO,76.54,8.5,204.0,24,1168.3606,0.41,Rough,FMS_MARITIME,2026-04-06
2022-12-28,40,HFO,63.99,13.7,328.8,24,606.0367,0.58,Calm,FMS_MARITIME,2026-04-06
2022-12-01,41,LNG,24.03,11.1,266.4,24,280.8912,0.53,Moderate,FMS_MARITIME,2026-04-06
2022-12-02,41,VLSFO,17.29,15.3,367.2,24,146.626,0.67,Calm,FMS_MARITIME,2026-04-06
2022-12-03,41,HFO,71.27,15.0,360.0,24,616.4855,0.86,Calm,FMS_MARITIME,2026-04-06
2022-12-04,41,VLSFO,35.48,8.7,208.8,24,529.1414,0.96,Calm,FMS_MARITIME,2026-04-06
2022-12-05,41,LSMGO,48.63,9.7,232.8,24,650.4889,0.76,Calm,FMS_MARITIME,2026-04-06
2022-12-06,41,VLSFO,40.92,9.4,225.6,24,564.8266,0.46,Moderate,FMS_MARITIME,2026-04-06
2022-12-07,41,HFO,81.26,14.0,336.0,24,753.1061,0.76,Calm,FMS_MARITIME,2026-04-06
2022-12-08,41,VLSFO,39.48,15.5,372.0,24,330.4858,0.43,Moderate,FMS_MARITIME,2026-04-06
2022-12-09,41,LSMGO,37.55,14.2,340.8,24,343.1065,0.96,Moderate,FMS_MARITIME,2026-04-06
2022-12-10,41,LSMGO,41.72,9.1,218.4,24,594.8538,0.8,Calm,FMS_MARITIME,2026-04-06
2022-12-11,41,HFO,33.52,9.8,235.2,24,443.798,0.95,Rough,FMS_MARITIME,2026-04-06
2022-12-12,41,VLSFO,41.82,14.2,340.8,24,382.1229,0.41,Rough,FMS_MARITIME,2026-04-06
2022-12-13,41,HFO,76.61,16.7,400.8,24,595.2184,0.54,Calm,FMS_MARITIME,2026-04-06
2022-12-14,41,VLSFO,43.65,17.7,424.8,24,319.9767,0.61,Rough,FMS_MARITIME,2026-04-06
2022-12-15,41,LNG,29.8,13.9,333.6,24,278.1691,0.81,Moderate,FMS_MARITIME,2026-04-06
2022-12-16,41,HFO,57.25,15.0,360.0,24,495.2125,0.41,Rough,FMS_MARITIME,2026-04-06
2022-12-17,41,LNG,52.71,11.0,264.0,24,621.7384,0.67,Rough,FMS_MARITIME,2026-04-06
2022-12-18,41,HFO,38.78,14.6,350.4,24,344.6373,0.4,Calm,FMS_MARITIME,2026-04-06
2022-12-19,41,VLSFO,57.66,9.3,223.2,24,804.45,0.45,Rough,FMS_MARITIME,2026-04-06
2022-12-20,41,LNG,38.26,15.3,367.2,24,324.4598,0.56,Rough,FMS_MARITIME,2026-04-06
2022-12-21,41,LNG,17.92,12.1,290.4,24,192.1587,0.72,Rough,FMS_MARITIME,2026-04-06
2022-12-22,41,LSMGO,62.97,16.6,398.4,24,492.1902,0.41,Calm,FMS_MARITIME,2026-04-06
2022-12-23,41,VLSFO,72.97,14.5,348.0,24,652.9557,0.7,Rough,FMS_MARITIME,2026-04-06
2022-12-24,41,HFO,82.71,17.5,420.0,24,613.2356,0.63,Calm,FMS_MARITIME,2026-04-06
2022-12-25,41,LNG,48.35,11.0,264.0,24,570.3102,0.73,Rough,FMS_MARITIME,2026-04-06
2022-12-26,41,HFO,17.3,9.6,230.4,24,233.8203,0.71,Calm,FMS_MARITIME,2026-04-06
2022-12-27,41,LNG,60.71,17.1,410.4,24,460.6504,0.53,Moderate,FMS_MARITIME,2026-04-06
2022-12-28,41,LNG,79.42,11.3,271.2,24,911.9243,0.92,Rough,FMS_MARITIME,2026-04-06
2022-12-28,41,LNG,25.18,12.8,307.2,24,255.2426,0.52,Calm,FMS_MARITIME,2026-04-06
2022-12-28,41,MGO,67.77,11.5,276.0,24,764.6224,0.49,Rough,FMS_MARITIME,2026-04-06
2022-12-01,42,LNG,81.46,9.5,228.0,24,1112.5721,0.79,Rough,FMS_MARITIME,2026-04-06
2022-12-02,42,MGO,80.38,14.6,350.4,24,714.336,0.65,Rough,FMS_MARITIME,2026-04-06
2022-12-03,42,LNG,72.61,9.1,218.4,24,1035.2909,0.85,Calm,FMS_MARITIME,2026-04-06
2022-12-04,42,VLSFO,65.55,16.8,403.2,24,506.2567,0.95,Rough,FMS_MARITIME,2026-04-06
2022-12-05,42,HFO,64.14,9.2,220.8,24,904.5832,0.64,Calm,FMS_MARITIME,2026-04-06
2022-12-06,42,LSMGO,69.71,16.4,393.6,24,551.5166,0.46,Rough,FMS_MARITIME,2026-04-06
2022-12-07,42,LNG,23.02,15.4,369.6,24,193.951,0.44,Calm,FMS_MARITIME,2026-04-06
2022-12-08,42,LNG,54.6,9.4,225.6,24,753.6543,0.92,Rough,FMS_MARITIME,2026-04-06
2022-12-09,42,HFO,53.26,12.0,288.0,24,575.8737,0.8,Calm,FMS_MARITIME,2026-04-06
2022-12-10,42,LSMGO,35.83,12.6,302.4,24,368.9637,0.47,Rough,FMS_MARITIME,2026-04-06
2022-12-11,42,HFO,36.93,14.5,348.0,24,330.4598,0.84,Calm,FMS_MARITIME,2026-04-06
2022-12-12,42,VLSFO,43.73,13.9,333.6,24,408.1991,0.53,Moderate,FMS_MARITIME,2026-04-06
2022-12-13,42,VLSFO,50.5,16.1,386.4,24,406.9798,0.44,Calm,FMS_MARITIME,2026-04-06
2022-12-14,42,MGO,77.92,16.2,388.8,24,624.0815,0.98,Moderate,FMS_MARITIME,2026-04-06
2022-12-15,42,LSMGO,53.72,17.5,420.0,24,398.2954,0.85,Calm,FMS_MARITIME,2026-04-06
2022-12-16,42,VLSFO,32.14,16.1,386.4,24,259.0165,0.7,Calm,FMS_MARITIME,2026-04-06
2022-12-17,42,LSMGO,19.01,13.5,324.0,24,182.7072,0.99,Rough,FMS_MARITIME,2026-04-06
2022-12-18,42,LNG,66.1,12.8,307.2,24,670.0371,0.71,Calm,FMS_MARITIME,2026-04-06
2022-12-19,42,LSMGO,24.99,10.1,242.4,24,321.0349,0.65,Moderate,FMS_MARITIME,2026-04-06
2022-12-20,42,HFO,48.88,13.1,314.4,24,484.1359,0.93,Rough,FMS_MARITIME,2026-04-06
2022-12-21,42,HFO,76.63,10.7,256.8,24,929.2283,0.91,Rough,FMS_MARITIME,2026-04-06
2022-12-22,42,MGO,80.89,11.0,264.0,24,954.1343,0.56,Calm,FMS_MARITIME,2026-04-06
2022-12-23,42,LSMGO,65.04,13.5,324.0,24,625.1067,0.77,Calm,FMS_MARITIME,2026-04-06
2022-12-24,42,HFO,70.09,15.5,372.0,24,586.7211,0.68,Moderate,FMS_MARITIME,2026-04-06
2022-12-25,42,VLSFO,49.39,16.4,393.6,24,390.7532,0.81,Calm,FMS_MARITIME,2026-04-06
2022-12-26,42,LNG,45.89,12.4,297.6,24,480.1796,0.7,Rough,FMS_MARITIME,2026-04-06
2022-12-27,42,LNG,54.71,14.6,350.4,24,486.207,0.52,Rough,FMS_MARITIME,2026-04-06
2022-12-28,42,LNG,76.08,12.3,295.2,24,802.5512,0.93,Calm,FMS_MARITIME,2026-04-06
2022-12-28,42,HFO,59.92,11.3,271.2,24,688.0195,0.44,Moderate,FMS_MARITIME,2026-04-06
2022-12-28,42,MGO,78.0,16.8,403.2,24,602.4107,0.87,Calm,FMS_MARITIME,2026-04-06
2022-12-01,43,HFO,67.32,10.2,244.8,24,856.35,0.57,Rough,FMS_MARITIME,2026-04-06
2022-12-02,43,LNG,65.22,9.5,228.0,24,890.7679,0.49,Rough,FMS_MARITIME,2026-04-06
2022-12-03,43,LSMGO,82.14,8.3,199.2,24,1284.056,0.49,Calm,FMS_MARITIME,2026-04-06
2022-12-04,43,MGO,73.68,9.9,237.6,24,965.6545,0.84,Rough,FMS_MARITIME,2026-04-06
2022-12-05,43,VLSFO,56.72,12.9,309.6,24,570.4977,0.85,Moderate,FMS_MARITIME,2026-04-06
2022-12-06,43,VLSFO,65.36,11.9,285.6,24,712.6437,0.94,Moderate,FMS_MARITIME,2026-04-06
2022-12-07,43,LSMGO,77.49,8.8,211.2,24,1142.5372,0.95,Moderate,FMS_MARITIME,2026-04-06
2022-12-08,43,LNG,20.07,11.5,276.0,24,226.442,0.52,Calm,FMS_MARITIME,2026-04-06
2022-12-09,43,VLSFO,29.47,16.4,393.6,24,233.1544,0.45,Moderate,FMS_MARITIME,2026-04-06
2022-12-10,43,HFO,27.74,14.1,338.4,24,255.267,0.41,Moderate,FMS_MARITIME,2026-04-06
2022-12-11,43,VLSFO,81.47,11.7,280.8,24,903.4814,0.7,Moderate,FMS_MARITIME,2026-04-06
2022-12-12,43,LSMGO,43.2,15.5,372.0,24,361.6258,0.66,Calm,FMS_MARITIME,2026-04-06
2022-12-13,43,HFO,48.42,10.8,259.2,24,581.7125,0.49,Moderate,FMS_MARITIME,2026-04-06
2022-12-14,43,LSMGO,36.87,16.7,400.8,24,286.46,0.4,Rough,FMS_MARITIME,2026-04-06
2022-12-15,43,LSMGO,23.81,9.0,216.0,24,343.2608,0.47,Moderate,FMS_MARITIME,2026-04-06
2022-12-16,43,VLSFO,21.2,14.6,350.4,24,188.4041,0.62,Calm,FMS_MARITIME,2026-04-06
2022-12-17,43,HFO,81.46,14.8,355.2,24,714.151,0.59,Rough,FMS_MARITIME,2026-04-06
2022-12-18,43,LNG,32.36,8.8,211.2,24,477.1261,0.52,Rough,FMS_MARITIME,2026-04-06
2022-12-19,43,HFO,84.61,14.0,336.0,24,784.1534,0.84,Rough,FMS_MARITIME,2026-04-06
2022-12-20,43,LSMGO,70.97,13.2,316.8,24,697.6028,0.89,Moderate,FMS_MARITIME,2026-04-06
2022-12-21,43,LNG,64.3,10.6,254.4,24,787.0684,0.91,Rough,FMS_MARITIME,2026-04-06
2022-12-22,43,LSMGO,42.24,16.1,386.4,24,340.4124,0.82,Rough,FMS_MARITIME,2026-04-06
2022-12-23,43,VLSFO,18.06,15.9,381.6,24,147.3764,0.43,Moderate,FMS_MARITIME,2026-04-06
2022-12-24,43,MGO,67.19,13.1,314.4,24,665.4887,0.62,Rough,FMS_MARITIME,2026-04-06
2022-12-25,43,HFO,77.42,17.6,422.4,24,570.7526,0.47,Moderate,FMS_MARITIME,2026-04-06
2022-12-26,43,LSMGO,41.37,14.0,336.0,24,383.4112,0.71,Rough,FMS_MARITIME,2026-04-06
2022-12-27,43,VLSFO,52.98,16.2,388.8,24,424.3306,0.75,Calm,FMS_MARITIME,2026-04-06
2022-12-28,43,LNG,42.28,10.7,256.8,24,512.6944,0.63,Calm,FMS_MARITIME,2026-04-06
2022-12-28,43,VLSFO,52.63,17.3,415.2,24,394.725,0.61,Calm,FMS_MARITIME,2026-04-06
2022-12-28,43,LNG,28.0,9.8,235.2,24,370.7143,0.57,Calm,FMS_MARITIME,2026-04-06
2022-12-01,44,LNG,29.76,11.0,264.0,24,351.0327,0.66,Rough,FMS_MARITIME,2026-04-06
2022-12-02,44,LSMGO,71.75,10.2,244.8,24,912.7022,0.79,Moderate,FMS_MARITIME,2026-04-06
2022-12-03,44,HFO,44.8,17.8,427.2,24,326.5618,0.75,Moderate,FMS_MARITIME,2026-04-06
2022-12-04,44,HFO,32.45,10.7,256.8,24,393.4942,0.99,Moderate,FMS_MARITIME,2026-04-06
2022-12-05,44,HFO,64.23,15.3,367.2,24,544.6956,0.65,Rough,FMS_MARITIME,2026-04-06
2022-12-06,44,LNG,70.33,8.2,196.8,24,1112.8436,0.89,Calm,FMS_MARITIME,2026-04-06
2022-12-07,44,VLSFO,40.43,12.4,297.6,24,423.0478,0.84,Calm,FMS_MARITIME,2026-04-06
2022-12-08,44,VLSFO,52.41,16.5,396.0,24,412.1332,0.6,Moderate,FMS_MARITIME,2026-04-06
2022-12-09,44,LSMGO,75.9,13.5,324.0,24,729.4833,0.98,Rough,FMS_MARITIME,2026-04-06
2022-12-10,44,LNG,38.24,15.3,367.2,24,324.2902,0.6,Calm,FMS_MARITIME,2026-04-06
2022-12-11,44,MGO,45.0,9.5,228.0,24,614.6053,0.83,Rough,FMS_MARITIME,2026-04-06
2022-12-12,44,MGO,81.2,13.2,316.8,24,798.1591,0.63,Calm,FMS_MARITIME,2026-04-06
2022-12-13,44,VLSFO,55.47,10.0,240.0,24,719.7233,0.42,Calm,FMS_MARITIME,2026-04-06
2022-12-14,44,MGO,56.31,16.2,388.8,24,451.0014,0.77,Moderate,FMS_MARITIME,2026-04-06
2022-12-15,44,LNG,43.48,10.0,240.0,24,564.153,0.86,Moderate,FMS_MARITIME,2026-04-06
2022-12-16,44,VLSFO,48.66,15.1,362.4,24,418.1215,0.63,Rough,FMS_MARITIME,2026-04-06
2022-12-17,44,VLSFO,19.06,16.0,384.0,24,154.5647,0.57,Rough,FMS_MARITIME,2026-04-06
2022-12-18,44,HFO,64.66,13.1,314.4,24,640.4302,0.55,Rough,FMS_MARITIME,2026-04-06
2022-12-19,44,HFO,50.53,14.0,336.0,24,468.3048,0.65,Rough,FMS_MARITIME,2026-04-06
2022-12-20,44,MGO,80.34,17.8,427.2,24,585.6244,0.57,Moderate,FMS_MARITIME,2026-04-06
2022-12-21,44,LNG,77.61,12.5,300.0,24,805.5918,0.96,Rough,FMS_MARITIME,2026-04-06
2022-12-22,44,MGO,20.3,16.8,403.2,24,156.7812,0.57,Moderate,FMS_MARITIME,2026-04-06
2022-12-23,44,HFO,16.05,9.9,237.6,24,210.3523,0.62,Calm,FMS_MARITIME,2026-04-06
2022-12-24,44,LSMGO,34.97,10.3,247.2,24,440.5201,0.85,Calm,FMS_MARITIME,2026-04-06
2022-12-25,44,HFO,61.62,17.8,427.2,24,449.1683,0.4,Calm,FMS_MARITIME,2026-04-06
2022-12-26,44,VLSFO,45.1,8.5,204.0,24,688.4382,0.81,Rough,FMS_MARITIME,2026-04-06
2022-12-27,44,MGO,22.42,18.0,432.0,24,161.6108,0.83,Calm,FMS_MARITIME,2026-04-06
2022-12-28,44,LSMGO,20.88,9.9,237.6,24,273.6545,0.86,Rough,FMS_MARITIME,2026-04-06
2022-12-28,44,MGO,41.53,12.6,302.4,24,427.6601,0.96,Moderate,FMS_MARITIME,2026-04-06
2022-12-28,44,VLSFO,30.28,13.8,331.2,24,284.6978,0.99,Rough,FMS_MARITIME,2026-04-06
2022-12-01,45,HFO,83.98,13.1,314.4,24,831.7866,0.89,Moderate,FMS_MARITIME,2026-04-06
2022-12-02,45,LSMGO,64.78,8.5,204.0,24,988.8476,0.5,Calm,FMS_MARITIME,2026-04-06
2022-12-03,45,LSMGO,46.13,15.3,367.2,24,391.2005,0.57,Moderate,FMS_MARITIME,2026-04-06
2022-12-04,45,LSMGO,71.77,12.6,302.4,24,739.0601,0.54,Rough,FMS_MARITIME,2026-04-06
2022-12-05,45,LNG,38.03,15.1,362.4,24,326.781,0.48,Rough,FMS_MARITIME,2026-04-06
2022-12-06,45,LNG,33.91,16.2,388.8,24,271.594,0.54,Calm,FMS_MARITIME,2026-04-06
2022-12-07,45,LSMGO,17.81,15.4,369.6,24,150.055,0.99,Rough,FMS_MARITIME,2026-04-06
2022-12-08,45,MGO,43.78,14.7,352.8,24,386.4255,0.45,Rough,FMS_MARITIME,2026-04-06
2022-12-09,45,LSMGO,61.1,14.2,340.8,24,558.2905,0.65,Calm,FMS_MARITIME,2026-04-06
2022-12-10,45,LNG,62.03,10.7,256.8,24,752.1862,0.73,Rough,FMS_MARITIME,2026-04-06
2022-12-11,45,HFO,26.18,10.0,240.0,24,339.6855,0.98,Rough,FMS_MARITIME,2026-04-06
2022-12-12,45,HFO,28.51,11.0,264.0,24,336.2884,0.41,Moderate,FMS_MARITIME,2026-04-06
2022-12-13,45,LNG,62.57,15.0,360.0,24,541.2305,0.63,Moderate,FMS_MARITIME,2026-04-06
2022-12-14,45,LNG,70.66,14.8,355.2,24,619.4686,0.65,Moderate,FMS_MARITIME,2026-04-06
2022-12-15,45,LSMGO,38.7,16.9,405.6,24,297.1198,0.95,Rough,FMS_MARITIME,2026-04-06
2022-12-16,45,VLSFO,24.58,11.5,276.0,24,277.3265,0.97,Moderate,FMS_MARITIME,2026-04-06
2022-12-17,45,LSMGO,36.4,13.0,312.0,24,363.3,0.6,Calm,FMS_MARITIME,2026-04-06
2022-12-18,45,HFO,67.74,11.3,271.2,24,777.8111,0.48,Moderate,FMS_MARITIME,2026-04-06
2022-12-19,45,HFO,66.52,15.8,379.2,24,546.2639,0.65,Rough,FMS_MARITIME,2026-04-06
2022-12-20,45,VLSFO,35.83,18.0,432.0,24,258.2746,0.56,Rough,FMS_MARITIME,2026-04-06
2022-12-21,45,LNG,15.72,10.2,244.8,24,199.9676,0.7,Calm,FMS_MARITIME,2026-04-06
2022-12-22,45,MGO,20.16,15.8,379.2,24,165.5544,0.46,Rough,FMS_MARITIME,2026-04-06
2022-12-23,45,LSMGO,57.18,13.3,319.2,24,557.8274,0.43,Calm,FMS_MARITIME,2026-04-06
2022-12-24,45,MGO,54.38,11.0,264.0,24,641.4368,0.49,Moderate,FMS_MARITIME,2026-04-06
2022-12-25,45,VLSFO,65.55,11.9,285.6,24,714.7153,0.81,Rough,FMS_MARITIME,2026-04-06
2022-12-26,45,VLSFO,66.81,10.8,259.2,24,802.6479,0.94,Moderate,FMS_MARITIME,2026-04-06
2022-12-27,45,VLSFO,69.67,14.8,355.2,24,610.7894,0.92,Calm,FMS_MARITIME,2026-04-06
2022-12-28,45,LSMGO,34.2,17.8,427.2,24,249.2949,0.88,Rough,FMS_MARITIME,2026-04-06
2022-12-28,45,LSMGO,67.06,13.5,324.0,24,644.5211,0.9,Rough,FMS_MARITIME,2026-04-06
2022-12-28,45,MGO,60.64,16.4,393.6,24,479.7585,0.61,Calm,FMS_MARITIME,2026-04-06
2022-12-01,46,LSMGO,21.78,16.2,388.8,24,174.4417,0.85,Calm,FMS_MARITIME,2026-04-06
2022-12-02,46,HFO,64.03,11.9,285.6,24,698.1422,0.86,Moderate,FMS_MARITIME,2026-04-06
2022-12-03,46,HFO,16.66,13.0,312.0,24,166.2796,0.53,Moderate,FMS_MARITIME,2026-04-06
2022-12-04,46,LNG,79.64,15.9,381.6,24,649.8925,0.69,Calm,FMS_MARITIME,2026-04-06
2022-12-05,46,HFO,80.48,15.3,367.2,24,682.502,0.48,Moderate,FMS_MARITIME,2026-04-06
2022-12-06,46,VLSFO,41.83,17.9,429.6,24,303.2091,0.82,Moderate,FMS_MARITIME,2026-04-06
2022-12-07,46,VLSFO,74.16,10.0,240.0,24,962.226,0.95,Moderate,FMS_MARITIME,2026-04-06
2022-12-08,46,LNG,68.64,13.9,333.6,24,640.7223,0.45,Calm,FMS_MARITIME,2026-04-06
2022-12-09,46,MGO,76.01,16.1,386.4,24,612.5651,0.86,Rough,FMS_MARITIME,2026-04-06
2022-12-10,46,MGO,64.73,16.0,384.0,24,524.9198,0.99,Calm,FMS_MARITIME,2026-04-06
2022-12-11,46,VLSFO,58.49,8.6,206.4,24,882.4509,0.96,Calm,FMS_MARITIME,2026-04-06
2022-12-12,46,LSMGO,59.05,15.4,369.6,24,497.5154,0.6,Calm,FMS_MARITIME,2026-04-06
2022-12-13,46,VLSFO,56.56,12.5,300.0,24,587.0928,0.56,Calm,FMS_MARITIME,2026-04-06
2022-12-14,46,HFO,50.94,8.6,206.4,24,768.5424,0.66,Calm,FMS_MARITIME,2026-04-06
2022-12-15,46,MGO,79.82,14.3,343.2,24,724.2409,0.81,Moderate,FMS_MARITIME,2026-04-06
2022-12-16,46,VLSFO,72.04,8.0,192.0,24,1168.3988,0.9,Calm,FMS_MARITIME,2026-04-06
2022-12-17,46,VLSFO,41.21,13.1,314.4,24,408.1677,0.8,Calm,FMS_MARITIME,2026-04-06
2022-12-18,46,LSMGO,80.61,12.3,295.2,24,850.3372,0.53,Calm,FMS_MARITIME,2026-04-06
2022-12-19,46,VLSFO,15.42,15.5,372.0,24,129.0803,0.71,Calm,FMS_MARITIME,2026-04-06
2022-12-20,46,VLSFO,74.89,17.1,410.4,24,568.2443,0.89,Calm,FMS_MARITIME,2026-04-06
2022-12-21,46,LNG,26.33,8.4,201.6,24,406.7045,0.54,Moderate,FMS_MARITIME,2026-04-06
2022-12-22,46,HFO,15.7,8.0,192.0,24,254.6344,0.65,Calm,FMS_MARITIME,2026-04-06
2022-12-23,46,VLSFO,65.75,15.1,362.4,24,564.971,0.74,Rough,FMS_MARITIME,2026-04-06
2022-12-24,46,MGO,20.23,15.8,379.2,24,166.1293,0.65,Moderate,FMS_MARITIME,2026-04-06
2022-12-25,46,MGO,36.69,16.6,398.4,24,286.7788,0.84,Rough,FMS_MARITIME,2026-04-06
2022-12-26,46,VLSFO,56.37,16.9,405.6,24,432.7815,0.66,Rough,FMS_MARITIME,2026-04-06
2022-12-27,46,HFO,42.75,8.5,204.0,24,652.5662,0.93,Moderate,FMS_MARITIME,2026-04-06
2022-12-28,46,VLSFO,75.37,17.5,420.0,24,558.8147,0.8,Calm,FMS_MARITIME,2026-04-06
2022-12-28,46,MGO,57.14,17.1,410.4,24,433.5623,0.4,Moderate,FMS_MARITIME,2026-04-06
2022-12-28,46,VLSFO,64.95,13.0,312.0,24,648.251,0.66,Calm,FMS_MARITIME,2026-04-06
2022-12-01,47,LSMGO,37.41,10.1,242.4,24,480.5889,0.47,Rough,FMS_MARITIME,2026-04-06
2022-12-02,47,LSMGO,36.93,14.9,357.6,24,321.5884,0.51,Moderate,FMS_MARITIME,2026-04-06
2022-12-03,47,MGO,30.54,8.3,199.2,24,477.4175,0.96,Moderate,FMS_MARITIME,2026-04-06
2022-12-04,47,LNG,39.29,10.3,247.2,24,494.9396,0.52,Calm,FMS_MARITIME,2026-04-06
2022-12-05,47,LNG,47.01,9.7,232.8,24,628.8193,0.77,Moderate,FMS_MARITIME,2026-04-06
2022-12-06,47,VLSFO,83.86,15.3,367.2,24,711.1657,0.59,Calm,FMS_MARITIME,2026-04-06
2022-12-07,47,MGO,77.64,8.9,213.6,24,1131.8865,0.59,Rough,FMS_MARITIME,2026-04-06
2022-12-08,47,LNG,47.49,14.3,343.2,24,430.897,0.49,Rough,FMS_MARITIME,2026-04-06
2022-12-09,47,LSMGO,36.15,17.8,427.2,24,263.5091,0.98,Rough,FMS_MARITIME,2026-04-06
2022-12-10,47,LNG,39.58,17.8,427.2,24,288.5115,0.65,Moderate,FMS_MARITIME,2026-04-06
2022-12-11,47,LSMGO,54.06,17.6,422.4,24,398.5389,0.89,Rough,FMS_MARITIME,2026-04-06
2022-12-12,47,LSMGO,27.94,16.1,386.4,24,225.1686,0.53,Calm,FMS_MARITIME,2026-04-06
2022-12-13,47,LSMGO,33.05,16.8,403.2,24,255.2522,0.43,Rough,FMS_MARITIME,2026-04-06
2022-12-14,47,HFO,27.68,12.7,304.8,24,282.7937,0.73,Rough,FMS_MARITIME,2026-04-06
2022-12-15,47,VLSFO,76.38,16.0,384.0,24,619.3941,0.65,Moderate,FMS_MARITIME,2026-04-06
2022-12-16,47,HFO,28.26,8.1,194.4,24,452.6833,0.79,Rough,FMS_MARITIME,2026-04-06
2022-12-17,47,LSMGO,41.97,12.1,290.4,24,450.0502,0.95,Moderate,FMS_MARITIME,2026-04-06
2022-12-18,47,MGO,69.92,17.6,422.4,24,515.4614,0.62,Rough,FMS_MARITIME,2026-04-06
2022-12-19,47,LNG,45.55,9.4,225.6,24,628.7354,0.69,Calm,FMS_MARITIME,2026-04-06
2022-12-20,47,LSMGO,24.18,9.4,225.6,24,333.7612,0.67,Moderate,FMS_MARITIME,2026-04-06
2022-12-21,47,VLSFO,77.78,16.0,384.0,24,630.7472,0.77,Moderate,FMS_MARITIME,2026-04-06
2022-12-22,47,VLSFO,37.97,16.3,391.2,24,302.2459,0.89,Moderate,FMS_MARITIME,2026-04-06
2022-12-23,47,MGO,22.22,12.2,292.8,24,236.3152,0.72,Calm,FMS_MARITIME,2026-04-06
2022-12-24,47,LSMGO,72.19,13.1,314.4,24,715.0116,0.78,Rough,FMS_MARITIME,2026-04-06
2022-12-25,47,MGO,35.03,13.8,331.2,24,329.3582,0.76,Calm,FMS_MARITIME,2026-04-06
2022-12-26,47,HFO,70.55,10.2,244.8,24,897.4375,0.57,Moderate,FMS_MARITIME,2026-04-06
2022-12-27,47,VLSFO,45.64,14.4,345.6,24,411.2354,0.73,Moderate,FMS_MARITIME,2026-04-06
2022-12-28,47,HFO,62.29,13.8,331.2,24,585.6614,0.43,Moderate,FMS_MARITIME,2026-04-06
2022-12-28,47,VLSFO,81.88,13.3,319.2,24,798.7917,0.59,Rough,FMS_MARITIME,2026-04-06
2022-12-28,47,LNG,47.77,16.5,396.0,24,375.6459,0.49,Calm,FMS_MARITIME,2026-04-06
2022-12-01,48,MGO,54.28,13.4,321.6,24,525.5843,0.67,Calm,FMS_MARITIME,2026-04-06
2022-12-02,48,VLSFO,20.49,8.9,213.6,24,298.7166,0.71,Rough,FMS_MARITIME,2026-04-06
2022-12-03,48,VLSFO,70.65,12.4,297.6,24,739.2611,0.83,Calm,FMS_MARITIME,2026-04-06
2022-12-04,48,HFO,40.74,15.7,376.8,24,336.6889,1.0,Calm,FMS_MARITIME,2026-04-06
2022-12-05,48,LSMGO,26.42,14.8,355.2,24,231.6213,0.5,Rough,FMS_MARITIME,2026-04-06
2022-12-06,48,VLSFO,37.23,17.9,429.6,24,269.8655,0.98,Rough,FMS_MARITIME,2026-04-06
2022-12-07,48,MGO,36.69,14.2,340.8,24,335.2484,0.86,Calm,FMS_MARITIME,2026-04-06
2022-12-08,48,LNG,34.31,14.6,350.4,24,304.9125,0.48,Moderate,FMS_MARITIME,2026-04-06
2022-12-09,48,HFO,34.52,12.0,288.0,24,373.2475,0.48,Calm,FMS_MARITIME,2026-04-06
2022-12-10,48,MGO,75.27,9.3,223.2,24,1050.1379,0.7,Calm,FMS_MARITIME,2026-04-06
2022-12-11,48,HFO,49.32,16.8,403.2,24,380.9089,0.93,Moderate,FMS_MARITIME,2026-04-06
2022-12-12,48,HFO,51.63,15.0,360.0,24,446.5995,0.79,Moderate,FMS_MARITIME,2026-04-06
2022-12-13,48,VLSFO,31.61,14.0,336.0,24,292.957,0.88,Calm,FMS_MARITIME,2026-04-06
2022-12-14,48,MGO,62.69,14.0,336.0,24,581.002,0.48,Calm,FMS_MARITIME,2026-04-06
2022-12-15,48,LNG,77.05,9.1,218.4,24,1098.5975,0.6,Calm,FMS_MARITIME,2026-04-06
2022-12-16,48,HFO,61.59,10.0,240.0,24,799.1303,0.54,Moderate,FMS_MARITIME,2026-04-06
2022-12-17,48,LNG,36.97,12.0,288.0,24,399.7381,0.6,Calm,FMS_MARITIME,2026-04-06
2022-12-18,48,LNG,57.98,13.7,328.8,24,549.1172,0.78,Moderate,FMS_MARITIME,2026-04-06
2022-12-19,48,LSMGO,61.08,10.1,242.4,24,784.6663,0.77,Calm,FMS_MARITIME,2026-04-06
2022-12-20,48,LSMGO,84.04,14.0,336.0,24,778.8707,0.88,Rough,FMS_MARITIME,2026-04-06
2022-12-21,48,HFO,64.23,14.5,348.0,24,574.7478,0.91,Rough,FMS_MARITIME,2026-04-06
2022-12-22,48,LNG,77.98,13.4,321.6,24,755.0675,0.92,Rough,FMS_MARITIME,2026-04-06
2022-12-23,48,HFO,50.86,10.7,256.8,24,616.7369,0.68,Rough,FMS_MARITIME,2026-04-06
2022-12-24,48,HFO,28.07,12.3,295.2,24,296.1043,0.85,Moderate,FMS_MARITIME,2026-04-06
2022-12-25,48,LSMGO,19.93,11.4,273.6,24,226.8349,0.86,Rough,FMS_MARITIME,2026-04-06
2022-12-26,48,LNG,25.1,16.2,388.8,24,201.0324,0.42,Moderate,FMS_MARITIME,2026-04-06
2022-12-27,48,MGO,84.87,11.8,283.2,24,933.2104,0.95,Rough,FMS_MARITIME,2026-04-06
2022-12-28,48,MGO,22.05,9.9,237.6,24,288.9886,0.64,Rough,FMS_MARITIME,2026-04-06
2022-12-28,48,MGO,21.57,15.8,379.2,24,177.1334,0.91,Moderate,FMS_MARITIME,2026-04-06
2022-12-28,48,LNG,26.48,16.8,403.2,24,204.5107,0.76,Moderate,FMS_MARITIME,2026-04-06
2022-12-01,49,HFO,63.5,16.6,398.4,24,496.3328,0.98,Moderate,FMS_MARITIME,2026-04-06
2022-12-02,49,LNG,63.14,11.0,264.0,24,744.765,0.78,Rough,FMS_MARITIME,2026-04-06
2022-12-03,49,VLSFO,63.46,11.1,266.4,24,741.7959,0.56,Moderate,FMS_MARITIME,2026-04-06
2022-12-04,49,HFO,27.14,9.8,235.2,24,359.3281,0.76,Rough,FMS_MARITIME,2026-04-06
2022-12-05,49,MGO,29.66,15.4,369.6,24,249.8951,0.74,Rough,FMS_MARITIME,2026-04-06
2022-12-06,49,HFO,67.94,8.8,211.2,24,1001.729,0.49,Calm,FMS_MARITIME,2026-04-06
2022-12-07,49,VLSFO,48.67,12.5,300.0,24,505.1946,0.5,Calm,FMS_MARITIME,2026-04-06
2022-12-08,49,HFO,21.76,9.3,223.2,24,303.5871,0.99,Moderate,FMS_MARITIME,2026-04-06
2022-12-09,49,MGO,21.7,8.7,208.8,24,323.6293,0.71,Moderate,FMS_MARITIME,2026-04-06
2022-12-10,49,LSMGO,39.77,14.5,348.0,24,355.8729,0.93,Moderate,FMS_MARITIME,2026-04-06
2022-12-11,49,LSMGO,45.61,15.1,362.4,24,391.9137,0.66,Calm,FMS_MARITIME,2026-04-06
2022-12-12,49,VLSFO,44.87,14.9,357.6,24,390.7304,0.47,Moderate,FMS_MARITIME,2026-04-06
2022-12-13,49,VLSFO,73.94,14.0,336.0,24,685.2654,0.49,Rough,FMS_MARITIME,2026-04-06
2022-12-14,49,VLSFO,30.5,8.9,213.6,24,444.6489,0.93,Moderate,FMS_MARITIME,2026-04-06
2022-12-15,49,LSMGO,55.52,14.4,345.6,24,500.2583,0.69,Moderate,FMS_MARITIME,2026-04-06
2022-12-16,49,LNG,19.63,12.4,297.6,24,205.4026,0.94,Calm,FMS_MARITIME,2026-04-06
2022-12-17,49,LNG,17.4,10.4,249.6,24,217.0817,0.97,Calm,FMS_MARITIME,2026-04-06
2022-12-18,49,MGO,83.59,8.6,206.4,24,1261.1398,0.74,Moderate,FMS_MARITIME,2026-04-06
2022-12-19,49,HFO,34.53,11.5,276.0,24,389.5885,0.95,Rough,FMS_MARITIME,2026-04-06
2022-12-20,49,MGO,82.3,9.3,223.2,24,1148.2177,0.63,Moderate,FMS_MARITIME,2026-04-06
2022-12-21,49,MGO,71.77,15.6,374.4,24,596.9332,0.73,Rough,FMS_MARITIME,2026-04-06
2022-12-22,49,MGO,30.67,13.5,324.0,24,294.7728,0.91,Rough,FMS_MARITIME,2026-04-06
2022-12-23,49,HFO,28.23,9.8,235.2,24,373.7594,0.62,Calm,FMS_MARITIME,2026-04-06
2022-12-24,49,MGO,27.97,16.9,405.6,24,214.7401,0.98,Calm,FMS_MARITIME,2026-04-06
2022-12-25,49,LNG,60.93,16.8,403.2,24,470.5754,0.74,Rough,FMS_MARITIME,2026-04-06
2022-12-26,49,LSMGO,75.62,15.2,364.8,24,645.5063,0.45,Moderate,FMS_MARITIME,2026-04-06
2022-12-27,49,VLSFO,21.06,14.9,357.6,24,183.3916,0.77,Moderate,FMS_MARITIME,2026-04-06
2022-12-28,49,HFO,83.38,15.2,364.8,24,711.747,0.91,Rough,FMS_MARITIME,2026-04-06
2022-12-28,49,HFO,51.32,13.2,316.8,24,504.4523,0.86,Rough,FMS_MARITIME,2026-04-06
2022-12-28,49,LSMGO,73.55,14.7,352.8,24,649.1913,0.45,Moderate,FMS_MARITIME,2026-04-06
2022-12-01,50,VLSFO,83.75,9.6,230.4,24,1131.9336,0.96,Moderate,FMS_MARITIME,2026-04-06
2022-12-02,50,HFO,49.92,13.9,333.6,24,465.9799,0.75,Rough,FMS_MARITIME,2026-04-06
2022-12-03,50,VLSFO,27.62,16.3,391.2,24,219.8586,0.97,Rough,FMS_MARITIME,2026-04-06
2022-12-04,50,LNG,17.24,11.9,285.6,24,187.9739,0.75,Moderate,FMS_MARITIME,2026-04-06
2022-12-05,50,LSMGO,75.54,13.8,331.2,24,710.2402,0.85,Moderate,FMS_MARITIME,2026-04-06
2022-12-06,50,HFO,72.27,9.0,216.0,24,1041.8925,0.54,Calm,FMS_MARITIME,2026-04-06
2022-12-07,50,MGO,29.36,9.3,223.2,24,409.6194,0.71,Moderate,FMS_MARITIME,2026-04-06
2022-12-08,50,MGO,82.17,14.5,348.0,24,735.2798,0.74,Moderate,FMS_MARITIME,2026-04-06
2022-12-09,50,LSMGO,79.17,14.4,345.6,24,713.3547,0.72,Moderate,FMS_MARITIME,2026-04-06
2022-12-10,50,LNG,26.66,9.7,232.8,24,356.6119,0.96,Rough,FMS_MARITIME,2026-04-06
2022-12-11,50,HFO,26.94,17.8,427.2,24,196.3744,0.61,Calm,FMS_MARITIME,2026-04-06
2022-12-12,50,LSMGO,54.17,10.3,247.2,24,682.3842,0.85,Moderate,FMS_MARITIME,2026-04-06
2022-12-13,50,MGO,65.33,17.6,422.4,24,481.6232,0.65,Moderate,FMS_MARITIME,2026-04-06
2022-12-14,50,LNG,51.63,15.4,369.6,24,434.9995,0.71,Moderate,FMS_MARITIME,2026-04-06
2022-12-15,50,LSMGO,77.93,15.6,374.4,24,648.1678,0.7,Rough,FMS_MARITIME,2026-04-06
2022-12-16,50,HFO,73.01,15.5,372.0,24,611.1644,0.44,Moderate,FMS_MARITIME,2026-04-06
2022-12-17,50,VLSFO,82.71,12.0,288.0,24,894.3019,0.95,Calm,FMS_MARITIME,2026-04-06
2022-12-18,50,HFO,57.58,17.6,422.4,24,424.4889,0.49,Moderate,FMS_MARITIME,2026-04-06
2022-12-19,50,HFO,57.07,9.5,228.0,24,779.4561,0.69,Rough,FMS_MARITIME,2026-04-06
2022-12-20,50,MGO,24.06,11.8,283.2,24,264.5581,0.6,Calm,FMS_MARITIME,2026-04-06
2022-12-21,50,HFO,44.81,10.2,244.8,24,570.0096,0.55,Moderate,FMS_MARITIME,2026-04-06
2022-12-22,50,HFO,53.86,14.5,348.0,24,481.9541,0.81,Rough,FMS_MARITIME,2026-04-06
2022-12-23,50,VLSFO,75.78,10.2,244.8,24,963.9662,0.49,Calm,FMS_MARITIME,2026-04-06
2022-12-24,50,LSMGO,77.78,12.0,288.0,24,840.9962,0.88,Moderate,FMS_MARITIME,2026-04-06
2022-12-25,50,VLSFO,19.13,13.1,314.4,24,189.4746,0.87,Calm,FMS_MARITIME,2026-04-06
2022-12-26,50,VLSFO,47.53,16.0,384.0,24,385.4386,0.61,Calm,FMS_MARITIME,2026-04-06
2022-12-27,50,MGO,65.56,9.2,220.8,24,924.6098,0.42,Rough,FMS_MARITIME,2026-04-06
2022-12-28,50,VLSFO,28.62,17.9,429.6,24,207.455,0.65,Calm,FMS_MARITIME,2026-04-06
2022-12-28,50,LSMGO,52.72,15.7,376.8,24,435.6955,0.76,Calm,FMS_MARITIME,2026-04-06
2022-12-28,50,VLSFO,54.12,12.3,295.2,24,570.9,0.63,Calm,FMS_MARITIME,2026-04-06
2022-12-01,51,VLSFO,64.41,9.8,235.2,24,852.7753,0.51,Calm,FMS_MARITIME,2026-04-06
2022-12-02,51,LNG,30.32,12.6,302.4,24,312.2238,0.99,Rough,FMS_MARITIME,2026-04-06
2022-12-03,51,MGO,34.21,17.2,412.8,24,258.0667,0.55,Moderate,FMS_MARITIME,2026-04-06
2022-12-04,51,VLSFO,22.51,8.5,204.0,24,343.6085,0.67,Moderate,FMS_MARITIME,2026-04-06
2022-12-05,51,VLSFO,18.03,11.8,283.2,24,198.2536,0.51,Calm,FMS_MARITIME,2026-04-06
2022-12-06,51,HFO,17.88,14.8,355.2,24,156.752,0.62,Moderate,FMS_MARITIME,2026-04-06
2022-12-07,51,HFO,50.19,10.4,249.6,24,626.1685,0.42,Calm,FMS_MARITIME,2026-04-06
2022-12-08,51,VLSFO,53.51,15.6,374.4,24,445.0591,0.64,Moderate,FMS_MARITIME,2026-04-06
2022-12-09,51,HFO,64.58,11.3,271.2,24,741.527,0.61,Moderate,FMS_MARITIME,2026-04-06
2022-12-10,51,HFO,72.53,13.6,326.4,24,691.9682,0.96,Calm,FMS_MARITIME,2026-04-06
2022-12-11,51,HFO,68.79,16.5,396.0,24,540.9395,0.78,Rough,FMS_MARITIME,2026-04-06
2022-12-12,51,HFO,63.73,10.3,247.2,24,802.8124,0.91,Moderate,FMS_MARITIME,2026-04-06
2022-12-13,51,LNG,39.07,15.7,376.8,24,322.8874,0.66,Calm,FMS_MARITIME,2026-04-06
2022-12-14,51,VLSFO,80.45,17.7,424.8,24,589.7394,0.87,Calm,FMS_MARITIME,2026-04-06
2022-12-15,51,HFO,70.76,17.2,412.8,24,533.7855,0.7,Rough,FMS_MARITIME,2026-04-06
2022-12-16,51,LNG,50.08,15.9,381.6,24,408.6717,0.46,Rough,FMS_MARITIME,2026-04-06
2022-12-17,51,VLSFO,49.16,9.1,218.4,24,700.9352,0.67,Rough,FMS_MARITIME,2026-04-06
2022-12-18,51,MGO,56.57,13.9,333.6,24,528.0545,0.47,Calm,FMS_MARITIME,2026-04-06
2022-12-19,51,HFO,16.52,9.0,216.0,24,238.1633,0.5,Moderate,FMS_MARITIME,2026-04-06
2022-12-20,51,VLSFO,26.2,11.6,278.4,24,293.056,0.52,Rough,FMS_MARITIME,2026-04-06
2022-12-21,51,LNG,44.88,12.9,309.6,24,451.4093,0.64,Calm,FMS_MARITIME,2026-04-06
2022-12-22,51,LNG,36.38,9.3,223.2,24,507.5597,0.5,Moderate,FMS_MARITIME,2026-04-06
2022-12-23,51,HFO,35.14,13.5,324.0,24,337.7344,0.78,Rough,FMS_MARITIME,2026-04-06
2022-12-24,51,HFO,65.95,13.1,314.4,24,653.2071,0.8,Calm,FMS_MARITIME,2026-04-06
2022-12-25,51,LNG,77.89,12.0,288.0,24,842.1856,0.53,Rough,FMS_MARITIME,2026-04-06
2022-12-26,51,LSMGO,56.49,15.5,372.0,24,472.876,0.62,Rough,FMS_MARITIME,2026-04-06
2022-12-27,51,VLSFO,26.24,9.8,235.2,24,347.4122,0.57,Rough,FMS_MARITIME,2026-04-06
2022-12-28,51,HFO,38.35,10.0,240.0,24,497.5913,0.46,Moderate,FMS_MARITIME,2026-04-06
2022-12-28,51,LNG,24.88,8.0,192.0,24,403.5225,0.99,Calm,FMS_MARITIME,2026-04-06
2022-12-28,51,LNG,67.82,14.7,352.8,24,598.6153,0.88,Rough,FMS_MARITIME,2026-04-06
2022-12-01,52,MGO,30.11,9.0,216.0,24,434.0858,0.62,Rough,FMS_MARITIME,2026-04-06
2022-12-02,52,VLSFO,23.5,9.8,235.2,24,311.1352,0.6,Moderate,FMS_MARITIME,2026-04-06
2022-12-03,52,VLSFO,60.48,14.9,357.6,24,526.6631,0.7,Calm,FMS_MARITIME,2026-04-06
2022-12-04,52,MGO,21.94,12.6,302.4,24,225.9298,0.56,Calm,FMS_MARITIME,2026-04-06
2022-12-05,52,HFO,15.84,8.0,192.0,24,256.905,0.89,Rough,FMS_MARITIME,2026-04-06
2022-12-06,52,LNG,32.73,9.8,235.2,24,433.3385,0.67,Rough,FMS_MARITIME,2026-04-06
2022-12-07,52,HFO,70.09,10.5,252.0,24,866.1121,0.58,Rough,FMS_MARITIME,2026-04-06
2022-12-08,52,HFO,42.73,16.7,400.8,24,331.9891,0.65,Calm,FMS_MARITIME,2026-04-06
2022-12-09,52,HFO,53.75,8.5,204.0,24,820.4779,0.55,Calm,FMS_MARITIME,2026-04-06
2022-12-10,52,HFO,64.14,11.1,266.4,24,749.7446,0.83,Moderate,FMS_MARITIME,2026-04-06
2022-12-11,52,LSMGO,75.37,15.7,376.8,24,622.8826,0.77,Rough,FMS_MARITIME,2026-04-06
2022-12-12,52,LSMGO,71.66,12.3,295.2,24,755.9256,0.63,Moderate,FMS_MARITIME,2026-04-06
2022-12-13,52,MGO,21.89,16.0,384.0,24,177.5142,0.45,Rough,FMS_MARITIME,2026-04-06
2022-12-14,52,HFO,49.21,17.7,424.8,24,360.7343,0.87,Rough,FMS_MARITIME,2026-04-06
2022-12-15,52,VLSFO,37.38,15.1,362.4,24,321.1957,0.77,Rough,FMS_MARITIME,2026-04-06
2022-12-16,52,MGO,60.32,17.3,415.2,24,452.4,0.62,Rough,FMS_MARITIME,2026-04-06
2022-12-17,52,MGO,66.8,15.1,362.4,24,573.9934,0.75,Calm,FMS_MARITIME,2026-04-06
2022-12-18,52,LSMGO,62.76,8.5,204.0,24,958.0129,0.4,Calm,FMS_MARITIME,2026-04-06
2022-12-19,52,VLSFO,52.42,16.6,398.4,24,409.7286,0.52,Moderate,FMS_MARITIME,2026-04-06
2022-12-20,52,LNG,55.47,14.5,348.0,24,496.3609,0.55,Rough,FMS_MARITIME,2026-04-06
2022-12-21,52,LNG,80.62,10.0,240.0,24,1046.0445,0.75,Calm,FMS_MARITIME,2026-04-06
2022-12-22,52,HFO,35.78,12.5,300.0,24,371.3964,0.5,Rough,FMS_MARITIME,2026-04-06
2022-12-23,52,MGO,77.47,11.4,273.6,24,881.7309,0.54,Calm,FMS_MARITIME,2026-04-06
2022-12-24,52,LSMGO,79.41,14.4,345.6,24,715.5172,0.97,Rough,FMS_MARITIME,2026-04-06
2022-12-25,52,LSMGO,47.99,10.2,244.8,24,610.461,0.61,Moderate,FMS_MARITIME,2026-04-06
2022-12-26,52,HFO,55.64,14.7,352.8,24,491.1082,0.97,Moderate,FMS_MARITIME,2026-04-06
2022-12-27,52,HFO,19.43,17.4,417.6,24,144.8875,0.51,Calm,FMS_MARITIME,2026-04-06
2022-12-28,52,LNG,55.32,15.8,379.2,24,454.2892,0.84,Moderate,FMS_MARITIME,2026-04-06
2022-12-28,52,LSMGO,35.94,13.5,324.0,24,345.4233,0.88,Calm,FMS_MARITIME,2026-04-06
2022-12-28,52,MGO,67.45,17.9,429.6,24,488.9183,0.78,Moderate,FMS_MARITIME,2026-04-06
2022-12-01,53,LNG,64.06,13.6,326.4,24,611.1607,0.55,Rough,FMS_MARITIME,2026-04-06
2022-12-02,53,LNG,82.97,9.9,237.6,24,1087.4098,0.47,Moderate,FMS_MARITIME,2026-04-06
2022-12-03,53,VLSFO,32.64,14.1,338.4,24,300.3574,0.71,Moderate,FMS_MARITIME,2026-04-06
2022-12-04,53,HFO,84.99,13.1,314.4,24,841.7903,0.92,Moderate,FMS_MARITIME,2026-04-06
2022-12-05,53,MGO,26.1,16.0,384.0,24,211.6547,0.52,Rough,FMS_MARITIME,2026-04-06
2022-12-06,53,HFO,25.19,17.2,412.8,24,190.0234,0.49,Moderate,FMS_MARITIME,2026-04-06
2022-12-07,53,LNG,26.88,17.1,410.4,24,203.9579,0.9,Rough,FMS_MARITIME,2026-04-06
2022-12-08,53,VLSFO,36.8,16.6,398.4,24,287.6386,0.43,Rough,FMS_MARITIME,2026-04-06
2022-12-09,53,LSMGO,23.95,9.7,232.8,24,320.3621,0.89,Calm,FMS_MARITIME,2026-04-06
2022-12-10,53,MGO,79.37,11.5,276.0,24,895.5007,0.83,Moderate,FMS_MARITIME,2026-04-06
2022-12-11,53,HFO,76.85,14.7,352.8,24,678.3189,0.72,Rough,FMS_MARITIME,2026-04-06
2022-12-12,53,LNG,84.79,10.9,261.6,24,1009.3122,0.86,Moderate,FMS_MARITIME,2026-04-06
2022-12-13,53,MGO,69.64,9.6,230.4,24,941.2281,0.41,Moderate,FMS_MARITIME,2026-04-06
2022-12-14,53,MGO,42.09,17.9,429.6,24,305.0937,0.74,Calm,FMS_MARITIME,2026-04-06
2022-12-15,53,MGO,28.55,11.8,283.2,24,313.929,0.59,Calm,FMS_MARITIME,2026-04-06
2022-12-16,53,HFO,30.06,13.6,326.4,24,286.7857,0.98,Calm,FMS_MARITIME,2026-04-06
2022-12-17,53,LNG,34.27,10.3,247.2,24,431.7022,0.75,Calm,FMS_MARITIME,2026-04-06
2022-12-18,53,LNG,15.09,11.5,276.0,24,170.2546,0.4,Calm,FMS_MARITIME,2026-04-06
2022-12-19,53,VLSFO,37.86,10.6,254.4,24,463.4278,0.92,Rough,FMS_MARITIME,2026-04-06
2022-12-20,53,HFO,45.89,11.3,271.2,24,526.9228,0.59,Rough,FMS_MARITIME,2026-04-06
2022-12-21,53,HFO,79.39,12.9,309.6,24,798.5157,0.69,Rough,FMS_MARITIME,2026-04-06
2022-12-22,53,LSMGO,50.06,17.7,424.8,24,366.9653,0.75,Rough,FMS_MARITIME,2026-04-06
2022-12-23,53,VLSFO,45.2,17.6,422.4,24,333.2216,0.76,Rough,FMS_MARITIME,2026-04-06
2022-12-24,53,MGO,53.05,12.5,300.0,24,550.659,0.57,Calm,FMS_MARITIME,2026-04-06
2022-12-25,53,VLSFO,31.24,9.7,232.8,24,417.8753,0.83,Moderate,FMS_MARITIME,2026-04-06
2022-12-26,53,LNG,18.92,10.2,244.8,24,240.6735,0.92,Calm,FMS_MARITIME,2026-04-06
2022-12-27,53,LNG,55.29,15.9,381.6,24,451.1873,0.57,Moderate,FMS_MARITIME,2026-04-06
2022-12-28,53,VLSFO,47.62,14.8,355.2,24,417.4794,0.97,Moderate,FMS_MARITIME,2026-04-06
2022-12-28,53,LNG,74.21,10.4,249.6,24,925.8411,0.65,Calm,FMS_MARITIME,2026-04-06
2022-12-28,53,LNG,38.34,11.2,268.8,24,444.1621,0.62,Rough,FMS_MARITIME,2026-04-06
2022-12-01,54,MGO,59.16,11.8,283.2,24,650.5093,0.99,Rough,FMS_MARITIME,2026-04-06
2022-12-02,54,LSMGO,29.36,10.2,244.8,24,373.4765,0.75,Rough,FMS_MARITIME,2026-04-06
2022-12-03,54,MGO,77.05,16.5,396.0,24,605.8932,0.83,Rough,FMS_MARITIME,2026-04-06
2022-12-04,54,LSMGO,76.28,15.5,372.0,24,638.5374,0.93,Rough,FMS_MARITIME,2026-04-06
2022-12-05,54,MGO,66.44,16.5,396.0,24,522.46,0.96,Calm,FMS_MARITIME,2026-04-06
2022-12-06,54,HFO,67.52,15.4,369.6,24,568.8779,0.59,Calm,FMS_MARITIME,2026-04-06
2022-12-07,54,MGO,84.04,9.5,228.0,24,1147.8095,0.6,Calm,FMS_MARITIME,2026-04-06
2022-12-08,54,VLSFO,28.12,14.2,340.8,24,256.9415,0.48,Moderate,FMS_MARITIME,2026-04-06
2022-12-09,54,VLSFO,44.82,8.9,213.6,24,653.4152,0.86,Moderate,FMS_MARITIME,2026-04-06
2022-12-10,54,LNG,82.28,11.0,264.0,24,970.53,0.67,Rough,FMS_MARITIME,2026-04-06
2022-12-11,54,VLSFO,67.48,16.9,405.6,24,518.0787,0.42,Moderate,FMS_MARITIME,2026-04-06
2022-12-12,54,LSMGO,34.95,15.7,376.8,24,288.8384,0.45,Moderate,FMS_MARITIME,2026-04-06
2022-12-13,54,VLSFO,34.13,15.4,369.6,24,287.5563,0.47,Rough,FMS_MARITIME,2026-04-06
2022-12-14,54,LSMGO,80.76,14.9,357.6,24,703.2624,0.85,Rough,FMS_MARITIME,2026-04-06
2022-12-15,54,MGO,52.64,8.6,206.4,24,794.1907,0.95,Rough,FMS_MARITIME,2026-04-06
2022-12-16,54,LSMGO,52.15,11.3,271.2,24,598.802,0.84,Calm,FMS_MARITIME,2026-04-06
2022-12-17,54,LSMGO,58.16,9.6,230.4,24,786.0687,0.5,Rough,FMS_MARITIME,2026-04-06
2022-12-18,54,MGO,45.92,8.0,192.0,24,744.765,0.64,Rough,FMS_MARITIME,2026-04-06
2022-12-19,54,MGO,25.5,14.2,340.8,24,233.0018,0.88,Moderate,FMS_MARITIME,2026-04-06
2022-12-20,54,LNG,68.25,15.8,379.2,24,560.4707,0.61,Rough,FMS_MARITIME,2026-04-06
2022-12-21,54,LNG,73.82,12.5,300.0,24,766.2516,0.76,Moderate,FMS_MARITIME,2026-04-06
2022-12-22,54,LSMGO,42.58,16.3,391.2,24,338.942,0.63,Moderate,FMS_MARITIME,2026-04-06
2022-12-23,54,LNG,54.32,13.2,316.8,24,533.9409,0.56,Calm,FMS_MARITIME,2026-04-06
2022-12-24,54,VLSFO,63.03,16.8,403.2,24,486.7942,0.41,Moderate,FMS_MARITIME,2026-04-06
2022-12-25,54,LSMGO,51.85,9.0,216.0,24,747.5042,0.56,Rough,FMS_MARITIME,2026-04-06
2022-12-26,54,HFO,61.76,12.2,292.8,24,656.8328,0.9,Moderate,FMS_MARITIME,2026-04-06
2022-12-27,54,HFO,80.1,10.1,242.4,24,1029.0074,0.46,Calm,FMS_MARITIME,2026-04-06
2022-12-28,54,LNG,15.19,10.7,256.8,24,184.1965,0.94,Calm,FMS_MARITIME,2026-04-06
2022-12-28,54,LSMGO,58.71,13.0,312.0,24,585.971,0.44,Calm,FMS_MARITIME,2026-04-06
2022-12-28,54,HFO,83.33,16.2,388.8,24,667.4116,0.52,Moderate,FMS_MARITIME,2026-04-06
2022-12-01,55,LNG,70.29,13.1,314.4,24,696.1929,0.43,Calm,FMS_MARITIME,2026-04-06
2022-12-02,55,VLSFO,81.91,8.7,208.8,24,1221.5888,0.63,Moderate,FMS_MARITIME,2026-04-06
2022-12-03,55,VLSFO,56.24,8.8,211.2,24,829.2205,0.46,Calm,FMS_MARITIME,2026-04-06
2022-12-04,55,LSMGO,26.6,14.5,348.0,24,238.0241,0.74,Moderate,FMS_MARITIME,2026-04-06
2022-12-05,55,LNG,39.14,12.9,309.6,24,393.6756,0.71,Rough,FMS_MARITIME,2026-04-06
2022-12-06,55,LNG,31.91,16.8,403.2,24,246.4478,0.7,Rough,FMS_MARITIME,2026-04-06
2022-12-07,55,HFO,52.49,13.2,316.8,24,515.9528,0.52,Rough,FMS_MARITIME,2026-04-06
2022-12-08,55,VLSFO,27.3,8.9,213.6,24,397.9972,0.81,Rough,FMS_MARITIME,2026-04-06
2022-12-09,55,MGO,39.96,11.8,283.2,24,439.3907,0.63,Moderate,FMS_MARITIME,2026-04-06
2022-12-10,55,LSMGO,73.85,13.3,319.2,24,720.4539,0.42,Moderate,FMS_MARITIME,2026-04-06
2022-12-11,55,MGO,34.48,8.1,194.4,24,552.3185,0.97,Moderate,FMS_MARITIME,2026-04-06
2022-12-12,55,MGO,26.73,15.9,381.6,24,218.1269,0.71,Moderate,FMS_MARITIME,2026-04-06
2022-12-13,55,MGO,62.14,10.7,256.8,24,753.5201,0.99,Calm,FMS_MARITIME,2026-04-06
2022-12-14,55,LSMGO,61.87,15.1,362.4,24,531.6313,0.65,Rough,FMS_MARITIME,2026-04-06
2022-12-15,55,LNG,32.61,17.3,415.2,24,244.575,1.0,Rough,FMS_MARITIME,2026-04-06
2022-12-16,55,VLSFO,15.36,13.4,321.6,24,148.7284,0.86,Moderate,FMS_MARITIME,2026-04-06
2022-12-17,55,LNG,70.27,15.5,372.0,24,588.2279,0.54,Rough,FMS_MARITIME,2026-04-06
2022-12-18,55,HFO,53.65,12.4,297.6,24,561.378,0.52,Moderate,FMS_MARITIME,2026-04-06
2022-12-19,55,LSMGO,37.22,17.1,410.4,24,282.4149,0.4,Calm,FMS_MARITIME,2026-04-06
2022-12-20,55,VLSFO,77.89,16.0,384.0,24,631.6392,0.74,Moderate,FMS_MARITIME,2026-04-06
2022-12-21,55,MGO,83.17,14.4,345.6,24,749.3964,0.83,Moderate,FMS_MARITIME,2026-04-06
2022-12-22,55,VLSFO,55.47,16.9,405.6,24,425.8717,0.86,Moderate,FMS_MARITIME,2026-04-06
2022-12-23,55,VLSFO,51.9,9.6,230.4,24,701.4609,0.81,Calm,FMS_MARITIME,2026-04-06
2022-12-24,55,MGO,52.36,11.2,268.8,24,606.5812,0.72,Rough,FMS_MARITIME,2026-04-06
2022-12-25,55,LNG,80.78,10.8,259.2,24,970.4819,0.45,Moderate,FMS_MARITIME,2026-04-06
2022-12-26,55,LNG,54.46,17.4,417.6,24,406.1026,0.79,Rough,FMS_MARITIME,2026-04-06
2022-12-27,55,LNG,49.3,14.3,343.2,24,447.3199,0.41,Moderate,FMS_MARITIME,2026-04-06
2022-12-28,55,HFO,29.68,8.0,192.0,24,481.3725,0.46,Calm,FMS_MARITIME,2026-04-06
2022-12-28,55,VLSFO,23.73,15.5,372.0,24,198.6431,0.8,Rough,FMS_MARITIME,2026-04-06
2022-12-28,55,LSMGO,17.8,12.3,295.2,24,187.7683,0.53,Calm,FMS_MARITIME,2026-04-06
2022-12-01,56,LSMGO,52.72,14.5,348.0,24,471.7531,0.6,Calm,FMS_MARITIME,2026-04-06
2022-12-02,56,LSMGO,30.74,8.5,204.0,24,469.2371,0.83,Calm,FMS_MARITIME,2026-04-06
2022-12-03,56,MGO,67.33,17.7,424.8,24,493.5631,0.48,Calm,FMS_MARITIME,2026-04-06
2022-12-04,56,LSMGO,76.87,11.8,283.2,24,845.2443,0.96,Moderate,FMS_MARITIME,2026-04-06
2022-12-05,56,MGO,60.45,12.7,304.8,24,617.5896,0.64,Calm,FMS_MARITIME,2026-04-06
2022-12-06,56,LNG,44.72,15.6,374.4,24,371.95,0.78,Rough,FMS_MARITIME,2026-04-06
2022-12-07,56,MGO,63.98,14.3,343.2,24,580.5178,0.93,Calm,FMS_MARITIME,2026-04-06
2022-12-08,56,HFO,68.25,16.2,388.8,24,546.6319,0.89,Moderate,FMS_MARITIME,2026-04-06
2022-12-09,56,LSMGO,55.41,11.3,271.2,24,636.2343,0.86,Calm,FMS_MARITIME,2026-04-06
2022-12-10,56,VLSFO,60.07,13.5,324.0,24,577.3394,0.53,Rough,FMS_MARITIME,2026-04-06
2022-12-11,56,VLSFO,27.39,14.0,336.0,24,253.8466,0.89,Moderate,FMS_MARITIME,2026-04-06
2022-12-12,56,MGO,42.01,11.4,273.6,24,478.1401,0.92,Rough,FMS_MARITIME,2026-04-06
2022-12-13,56,LSMGO,26.6,11.6,278.4,24,297.5302,0.78,Calm,FMS_MARITIME,2026-04-06
2022-12-14,56,LSMGO,42.26,14.0,336.0,24,391.6596,0.77,Rough,FMS_MARITIME,2026-04-06
2022-12-15,56,MGO,24.39,9.6,230.4,24,329.6461,0.5,Moderate,FMS_MARITIME,2026-04-06
2022-12-16,56,VLSFO,33.4,11.7,280.8,24,370.3974,0.53,Moderate,FMS_MARITIME,2026-04-06
2022-12-17,56,LSMGO,20.86,14.6,350.4,24,185.3825,0.98,Rough,FMS_MARITIME,2026-04-06
2022-12-18,56,LSMGO,55.65,12.7,304.8,24,568.5502,0.95,Calm,FMS_MARITIME,2026-04-06
2022-12-19,56,VLSFO,27.06,14.0,336.0,24,250.7882,0.8,Calm,FMS_MARITIME,2026-04-06
2022-12-20,56,VLSFO,33.47,13.5,324.0,24,321.6839,0.78,Rough,FMS_MARITIME,2026-04-06
2022-12-21,56,LNG,40.44,11.2,268.8,24,468.4902,0.92,Calm,FMS_MARITIME,2026-04-06
2022-12-22,56,LNG,46.0,10.2,244.8,24,585.1471,0.6,Calm,FMS_MARITIME,2026-04-06
2022-12-23,56,LNG,41.89,12.7,304.8,24,427.9707,0.63,Rough,FMS_MARITIME,2026-04-06
2022-12-24,56,VLSFO,26.0,12.0,288.0,24,281.125,0.54,Rough,FMS_MARITIME,2026-04-06
2022-12-25,56,VLSFO,39.53,13.7,328.8,24,374.3808,0.63,Rough,FMS_MARITIME,2026-04-06
2022-12-26,56,HFO,51.4,13.7,328.8,24,486.7993,0.65,Rough,FMS_MARITIME,2026-04-06
2022-12-27,56,HFO,29.58,9.6,230.4,24,399.7922,0.68,Calm,FMS_MARITIME,2026-04-06
2022-12-28,56,VLSFO,67.98,8.5,204.0,24,1037.6947,0.8,Moderate,FMS_MARITIME,2026-04-06
2022-12-28,56,LNG,36.34,14.0,336.0,24,336.7939,0.46,Rough,FMS_MARITIME,2026-04-06
2022-12-28,56,LSMGO,50.01,16.0,384.0,24,405.5498,0.77,Rough,FMS_MARITIME,2026-04-06
2022-12-01,57,MGO,18.49,13.8,331.2,24,173.8462,0.99,Rough,FMS_MARITIME,2026-04-06
2022-12-02,57,LNG,32.31,17.1,410.4,24,245.1592,0.99,Moderate,FMS_MARITIME,2026-04-06
2022-12-03,57,MGO,53.92,10.3,247.2,24,679.235,0.68,Moderate,FMS_MARITIME,2026-04-06
2022-12-04,57,LNG,59.56,8.7,208.8,24,888.2655,0.7,Calm,FMS_MARITIME,2026-04-06
2022-12-05,57,VLSFO,81.05,13.2,316.8,24,796.6847,0.85,Moderate,FMS_MARITIME,2026-04-06
2022-12-06,57,VLSFO,75.26,17.7,424.8,24,551.6941,0.97,Moderate,FMS_MARITIME,2026-04-06
2022-12-07,57,MGO,79.22,16.5,396.0,24,622.9573,0.7,Moderate,FMS_MARITIME,2026-04-06
2022-12-08,57,VLSFO,28.97,9.5,228.0,24,395.6692,0.65,Calm,FMS_MARITIME,2026-04-06
2022-12-09,57,HFO,21.13,8.4,201.6,24,326.383,0.72,Calm,FMS_MARITIME,2026-04-06
2022-12-10,57,VLSFO,68.03,16.9,405.6,24,522.3013,0.55,Calm,FMS_MARITIME,2026-04-06
2022-12-11,57,HFO,60.31,11.7,280.8,24,668.8224,0.49,Calm,FMS_MARITIME,2026-04-06
2022-12-12,57,LNG,29.23,12.8,307.2,24,296.2963,0.42,Rough,FMS_MARITIME,2026-04-06
2022-12-13,57,MGO,24.56,16.7,400.8,24,190.818,0.75,Calm,FMS_MARITIME,2026-04-06
2022-12-14,57,VLSFO,51.87,17.3,415.2,24,389.025,0.59,Calm,FMS_MARITIME,2026-04-06
2022-12-15,57,MGO,44.28,16.4,393.6,24,350.325,0.45,Calm,FMS_MARITIME,2026-04-06
2022-12-16,57,VLSFO,18.94,12.9,309.6,24,190.5012,0.79,Calm,FMS_MARITIME,2026-04-06
2022-12-17,57,LNG,77.58,10.6,254.4,24,949.6231,0.97,Moderate,FMS_MARITIME,2026-04-06
2022-12-18,57,HFO,65.22,10.1,242.4,24,837.851,0.49,Moderate,FMS_MARITIME,2026-04-06
2022-12-19,57,MGO,40.91,8.4,201.6,24,631.9134,0.9,Calm,FMS_MARITIME,2026-04-06
2022-12-20,57,HFO,18.28,16.0,384.0,24,148.2394,0.64,Calm,FMS_MARITIME,2026-04-06
2022-12-21,57,MGO,24.02,11.4,273.6,24,273.3855,0.59,Calm,FMS_MARITIME,2026-04-06
2022-12-22,57,HFO,45.05,11.3,271.2,24,517.2777,0.59,Moderate,FMS_MARITIME,2026-04-06
2022-12-23,57,LNG,38.67,17.5,420.0,24,286.7104,0.44,Moderate,FMS_MARITIME,2026-04-06
2022-12-24,57,MGO,63.94,16.7,400.8,24,496.7793,0.58,Rough,FMS_MARITIME,2026-04-06
2022-12-25,57,HFO,75.32,8.2,196.8,24,1191.8012,0.95,Moderate,FMS_MARITIME,2026-04-06
2022-12-26,57,LNG,51.18,8.2,196.8,24,809.8299,0.67,Rough,FMS_MARITIME,2026-04-06
2022-12-27,57,MGO,28.57,10.2,244.8,24,363.4272,0.87,Rough,FMS_MARITIME,2026-04-06
2022-12-28,57,LSMGO,71.86,15.8,379.2,24,590.1161,0.7,Moderate,FMS_MARITIME,2026-04-06
2022-12-28,57,LNG,70.0,16.9,405.6,24,537.426,0.64,Moderate,FMS_MARITIME,2026-04-06
2022-12-28,57,LNG,58.39,17.9,429.6,24,423.2459,0.95,Calm,FMS_MARITIME,2026-04-06
2022-12-01,58,HFO,45.02,11.2,268.8,24,521.5487,0.93,Moderate,FMS_MARITIME,2026-04-06
2022-12-02,58,MGO,23.7,16.7,400.8,24,184.1362,0.43,Calm,FMS_MARITIME,2026-04-06
2022-12-03,58,VLSFO,82.74,17.9,429.6,24,599.7494,0.43,Rough,FMS_MARITIME,2026-04-06
2022-12-04,58,LSMGO,43.46,16.4,393.6,24,343.8375,0.47,Moderate,FMS_MARITIME,2026-04-06
2022-12-05,58,MGO,65.76,10.7,256.8,24,797.4168,0.56,Rough,FMS_MARITIME,2026-04-06
2022-12-06,58,LSMGO,27.49,17.4,417.6,24,204.9901,0.82,Rough,FMS_MARITIME,2026-04-06
2022-12-07,58,LNG,49.59,10.3,247.2,24,624.6896,0.81,Rough,FMS_MARITIME,2026-04-06
2022-12-08,58,LSMGO,78.01,8.8,211.2,24,1150.2043,0.9,Calm,FMS_MARITIME,2026-04-06
2022-12-09,58,HFO,31.17,10.9,261.6,24,371.0374,0.49,Calm,FMS_MARITIME,2026-04-06
2022-12-10,58,VLSFO,43.57,9.7,232.8,24,582.8049,0.86,Rough,FMS_MARITIME,2026-04-06
2022-12-11,58,HFO,23.75,15.0,360.0,24,205.4375,0.7,Moderate,FMS_MARITIME,2026-04-06
2022-12-12,58,LNG,21.67,11.2,268.8,24,251.0431,0.83,Calm,FMS_MARITIME,2026-04-06
2022-12-13,58,LSMGO,32.48,17.7,424.8,24,238.0949,0.94,Calm,FMS_MARITIME,2026-04-06
2022-12-14,58,VLSFO,15.05,8.5,204.0,24,229.7338,0.59,Calm,FMS_MARITIME,2026-04-06
2022-12-15,58,LSMGO,62.53,11.4,273.6,24,711.6901,0.85,Moderate,FMS_MARITIME,2026-04-06
2022-12-16,58,VLSFO,55.45,8.2,196.8,24,877.3948,0.88,Rough,FMS_MARITIME,2026-04-06
2022-12-17,58,LNG,53.25,8.7,208.8,24,794.1595,0.78,Rough,FMS_MARITIME,2026-04-06
2022-12-18,58,LSMGO,46.67,10.6,254.4,24,571.2672,0.76,Moderate,FMS_MARITIME,2026-04-06
2022-12-19,58,LNG,15.5,11.7,280.8,24,171.891,0.46,Calm,FMS_MARITIME,2026-04-06
2022-12-20,58,LNG,52.5,16.9,405.6,24,403.0695,0.53,Calm,FMS_MARITIME,2026-04-06
2022-12-21,58,LNG,21.93,14.2,340.8,24,200.3815,0.61,Calm,FMS_MARITIME,2026-04-06
2022-12-22,58,LNG,50.62,14.2,340.8,24,462.5313,0.93,Rough,FMS_MARITIME,2026-04-06
2022-12-23,58,LNG,19.57,12.0,288.0,24,211.6006,0.83,Calm,FMS_MARITIME,2026-04-06
2022-12-24,58,VLSFO,38.02,11.2,268.8,24,440.4549,0.94,Rough,FMS_MARITIME,2026-04-06
2022-12-25,58,LSMGO,64.04,10.4,249.6,24,798.9606,0.96,Moderate,FMS_MARITIME,2026-04-06
2022-12-26,58,HFO,29.9,17.0,408.0,24,228.2074,0.79,Calm,FMS_MARITIME,2026-04-06
2022-12-27,58,LNG,48.8,9.9,237.6,24,639.5758,0.7,Calm,FMS_MARITIME,2026-04-06
2022-12-28,58,LSMGO,45.42,11.2,268.8,24,526.1826,0.68,Calm,FMS_MARITIME,2026-04-06
2022-12-28,58,HFO,17.2,9.3,223.2,24,239.9677,0.99,Moderate,FMS_MARITIME,2026-04-06
2022-12-28,58,LSMGO,40.45,8.2,196.8,24,640.0473,0.87,Calm,FMS_MARITIME,2026-04-06
2022-12-01,59,LSMGO,59.03,9.7,232.8,24,789.6023,0.92,Calm,FMS_MARITIME,2026-04-06
2022-12-02,59,HFO,79.54,9.5,228.0,24,1086.3489,0.99,Rough,FMS_MARITIME,2026-04-06
2022-12-03,59,MGO,38.54,8.8,211.2,24,568.246,0.79,Calm,FMS_MARITIME,2026-04-06
2022-12-04,59,HFO,49.42,16.9,405.6,24,379.4228,0.86,Rough,FMS_MARITIME,2026-04-06
2022-12-05,59,HFO,16.48,9.9,237.6,24,215.9879,0.6,Moderate,FMS_MARITIME,2026-04-06
2022-12-06,59,LSMGO,80.17,15.7,376.8,24,662.5514,0.76,Rough,FMS_MARITIME,2026-04-06
2022-12-07,59,HFO,18.08,14.2,340.8,24,165.2028,0.46,Rough,FMS_MARITIME,2026-04-06
2022-12-08,59,LSMGO,34.07,9.7,232.8,24,455.7302,0.76,Calm,FMS_MARITIME,2026-04-06
2022-12-09,59,HFO,19.05,11.3,271.2,24,218.7378,0.69,Moderate,FMS_MARITIME,2026-04-06
2022-12-10,59,HFO,67.22,15.5,372.0,24,562.6965,0.95,Rough,FMS_MARITIME,2026-04-06
2022-12-11,59,LSMGO,79.0,12.1,290.4,24,847.1281,0.7,Calm,FMS_MARITIME,2026-04-06
2022-12-12,59,VLSFO,27.38,14.7,352.8,24,241.6704,0.55,Rough,FMS_MARITIME,2026-04-06
2022-12-13,59,HFO,30.63,16.8,403.2,24,236.5621,0.8,Moderate,FMS_MARITIME,2026-04-06
2022-12-14,59,VLSFO,16.99,9.0,216.0,24,244.9392,0.57,Calm,FMS_MARITIME,2026-04-06
2022-12-15,59,VLSFO,71.88,8.1,194.4,24,1151.4111,0.97,Moderate,FMS_MARITIME,2026-04-06
2022-12-16,59,MGO,18.55,12.2,292.8,24,197.2838,0.79,Moderate,FMS_MARITIME,2026-04-06
2022-12-17,59,MGO,53.02,8.6,206.4,24,799.9238,0.48,Moderate,FMS_MARITIME,2026-04-06
2022-12-18,59,VLSFO,32.64,17.6,422.4,24,240.6273,0.95,Calm,FMS_MARITIME,2026-04-06
2022-12-19,59,VLSFO,43.66,10.4,249.6,24,544.7005,0.67,Moderate,FMS_MARITIME,2026-04-06
2022-12-20,59,HFO,48.91,16.4,393.6,24,386.9556,0.53,Calm,FMS_MARITIME,2026-04-06
2022-12-21,59,LNG,58.66,12.9,309.6,24,590.0105,0.42,Moderate,FMS_MARITIME,2026-04-06
2022-12-22,59,LNG,23.57,17.3,415.2,24,176.775,0.76,Calm,FMS_MARITIME,2026-04-06
2022-12-23,59,HFO,22.08,11.0,264.0,24,260.4436,0.73,Calm,FMS_MARITIME,2026-04-06
2022-12-24,59,LSMGO,81.91,16.7,400.8,24,636.3966,0.92,Rough,FMS_MARITIME,2026-04-06
2022-12-25,59,VLSFO,52.75,14.2,340.8,24,481.9938,0.94,Rough,FMS_MARITIME,2026-04-06
2022-12-26,59,MGO,80.67,12.1,290.4,24,865.0357,0.5,Moderate,FMS_MARITIME,2026-04-06
2022-12-27,59,MGO,29.58,16.8,403.2,24,228.4527,0.86,Moderate,FMS_MARITIME,2026-04-06
2022-12-28,59,LNG,37.35,16.5,396.0,24,293.7068,0.4,Rough,FMS_MARITIME,2026-04-06
2022-12-28,59,LSMGO,59.76,17.1,410.4,24,453.4421,0.66,Rough,FMS_MARITIME,2026-04-06
2022-12-28,59,LSMGO,58.66,16.7,400.8,24,455.7566,0.88,Moderate,FMS_MARITIME,2026-04-06
2022-12-01,60,LSMGO,67.08,14.1,338.4,24,617.2787,0.7,Calm,FMS_MARITIME,2026-04-06
2022-12-02,60,LNG,59.95,15.9,381.6,24,489.2146,0.87,Calm,FMS_MARITIME,2026-04-06
2022-12-03,60,LNG,48.94,12.6,302.4,24,503.9655,0.89,Calm,FMS_MARITIME,2026-04-06
2022-12-04,60,VLSFO,35.53,18.0,432.0,24,256.1121,0.54,Rough,FMS_MARITIME,2026-04-06
2022-12-05,60,VLSFO,48.81,9.0,216.0,24,703.6775,0.57,Rough,FMS_MARITIME,2026-04-06
2022-12-06,60,HFO,41.43,14.5,348.0,24,370.7271,0.96,Rough,FMS_MARITIME,2026-04-06
2022-12-07,60,HFO,69.66,12.9,309.6,24,700.65,0.74,Moderate,FMS_MARITIME,2026-04-06
2022-12-08,60,VLSFO,25.15,11.3,271.2,24,288.7799,0.58,Calm,FMS_MARITIME,2026-04-06
2022-12-09,60,LSMGO,54.34,14.0,336.0,24,503.6154,0.63,Rough,FMS_MARITIME,2026-04-06
2022-12-10,60,HFO,56.07,9.9,237.6,24,734.8568,0.89,Calm,FMS_MARITIME,2026-04-06
2022-12-11,60,HFO,55.0,17.9,429.6,24,398.6732,0.86,Rough,FMS_MARITIME,2026-04-06
2022-12-12,60,MGO,46.51,17.6,422.4,24,342.8791,0.82,Rough,FMS_MARITIME,2026-04-06
2022-12-13,60,MGO,28.16,15.6,374.4,24,234.2154,0.7,Moderate,FMS_MARITIME,2026-04-06
2022-12-14,60,HFO,30.62,15.8,379.2,24,251.4522,0.53,Moderate,FMS_MARITIME,2026-04-06
2022-12-15,60,LSMGO,66.08,12.2,292.8,24,702.777,0.94,Rough,FMS_MARITIME,2026-04-06
2022-12-16,60,VLSFO,72.98,12.8,307.2,24,739.7777,0.76,Moderate,FMS_MARITIME,2026-04-06
2022-12-17,60,LNG,21.36,14.0,336.0,24,197.9614,1.0,Calm,FMS_MARITIME,2026-04-06
2022-12-18,60,LNG,71.3,8.5,204.0,24,1088.3735,0.85,Calm,FMS_MARITIME,2026-04-06
2022-12-19,60,VLSFO,53.99,10.3,247.2,24,680.1167,0.93,Calm,FMS_MARITIME,2026-04-06
2022-12-20,60,LNG,19.41,13.6,326.4,24,185.18,0.64,Rough,FMS_MARITIME,2026-04-06
2022-12-21,60,LSMGO,68.06,8.2,196.8,24,1076.925,0.83,Moderate,FMS_MARITIME,2026-04-06
2022-12-22,60,LNG,72.3,9.6,230.4,24,977.1797,0.95,Rough,FMS_MARITIME,2026-04-06
2022-12-23,60,LSMGO,79.1,14.3,343.2,24,717.708,0.76,Rough,FMS_MARITIME,2026-04-06
2022-12-24,60,VLSFO,45.71,9.4,225.6,24,630.9439,0.98,Calm,FMS_MARITIME,2026-04-06
2022-12-25,60,LNG,45.14,14.5,348.0,24,403.9252,0.42,Calm,FMS_MARITIME,2026-04-06
2022-12-26,60,HFO,37.77,14.1,338.4,24,347.5644,0.72,Moderate,FMS_MARITIME,2026-04-06
2022-12-27,60,LNG,50.85,9.0,216.0,24,733.0875,0.79,Calm,FMS_MARITIME,2026-04-06
2022-12-28,60,MGO,51.25,12.7,304.8,24,523.5974,0.72,Moderate,FMS_MARITIME,2026-04-06
2022-12-28,60,LSMGO,44.8,17.7,424.8,24,328.4068,0.69,Rough,FMS_MARITIME,2026-04-06
2022-12-28,60,LNG,27.83,13.1,314.4,24,275.6445,0.83,Moderate,FMS_MARITIME,2026-04-06
2022-12-01,61,MGO,71.15,10.9,261.6,24,846.9461,0.9,Moderate,FMS_MARITIME,2026-04-06
2022-12-02,61,VLSFO,44.22,12.0,288.0,24,478.1287,0.78,Moderate,FMS_MARITIME,2026-04-06
2022-12-03,61,LSMGO,57.17,8.1,194.4,24,915.7787,0.67,Moderate,FMS_MARITIME,2026-04-06
2022-12-04,61,HFO,28.7,13.2,316.8,24,282.108,0.52,Calm,FMS_MARITIME,2026-04-06
2022-12-05,61,VLSFO,31.23,11.7,280.8,24,346.3327,0.99,Moderate,FMS_MARITIME,2026-04-06
2022-12-06,61,LNG,54.6,11.4,273.6,24,621.4342,0.65,Rough,FMS_MARITIME,2026-04-06
2022-12-07,61,LNG,71.53,10.9,261.6,24,851.4695,0.95,Rough,FMS_MARITIME,2026-04-06
2022-12-08,61,VLSFO,83.02,17.9,429.6,24,601.7791,0.98,Moderate,FMS_MARITIME,2026-04-06
2022-12-09,61,HFO,59.19,13.8,331.2,24,556.5147,0.72,Calm,FMS_MARITIME,2026-04-06
2022-12-10,61,LNG,21.94,13.2,316.8,24,215.6602,0.46,Calm,FMS_MARITIME,2026-04-06
2022-12-11,61,HFO,50.33,10.9,261.6,24,599.1117,0.91,Rough,FMS_MARITIME,2026-04-06
2022-12-12,61,MGO,47.66,14.3,343.2,24,432.4395,0.59,Calm,FMS_MARITIME,2026-04-06
2022-12-13,61,LNG,22.91,8.8,211.2,24,337.7923,0.75,Moderate,FMS_MARITIME,2026-04-06
2022-12-14,61,MGO,46.3,14.6,350.4,24,411.4675,0.46,Moderate,FMS_MARITIME,2026-04-06
2022-12-15,61,MGO,70.03,12.8,307.2,24,709.8744,0.56,Moderate,FMS_MARITIME,2026-04-06
2022-12-16,61,LSMGO,55.33,16.7,400.8,24,429.8843,0.85,Rough,FMS_MARITIME,2026-04-06
2022-12-17,61,HFO,42.47,9.4,225.6,24,586.2215,0.73,Rough,FMS_MARITIME,2026-04-06
2022-12-18,61,MGO,45.32,9.3,223.2,24,632.2871,0.63,Rough,FMS_MARITIME,2026-04-06
2022-12-19,61,MGO,46.86,15.7,376.8,24,387.2666,0.99,Rough,FMS_MARITIME,2026-04-06
2022-12-20,61,LNG,56.96,16.8,403.2,24,439.9143,0.9,Rough,FMS_MARITIME,2026-04-06
2022-12-21,61,HFO,31.39,15.9,381.6,24,256.1542,0.68,Calm,FMS_MARITIME,2026-04-06
2022-12-22,61,MGO,76.55,14.5,348.0,24,684.9905,0.8,Calm,FMS_MARITIME,2026-04-06
2022-12-23,61,MGO,81.65,10.2,244.8,24,1038.636,0.64,Calm,FMS_MARITIME,2026-04-06
2022-12-24,61,LSMGO,37.19,13.3,319.2,24,362.8122,0.81,Moderate,FMS_MARITIME,2026-04-06
2022-12-25,61,MGO,77.14,10.0,240.0,24,1000.8915,0.58,Calm,FMS_MARITIME,2026-04-06
2022-12-26,61,LNG,49.94,15.1,362.4,24,429.1202,0.52,Moderate,FMS_MARITIME,2026-04-06
2022-12-27,61,LSMGO,57.43,14.4,345.6,24,517.4682,0.61,Moderate,FMS_MARITIME,2026-04-06
2022-12-28,61,HFO,35.55,17.1,410.4,24,269.7434,0.92,Rough,FMS_MARITIME,2026-04-06
2022-12-28,61,VLSFO,33.64,9.8,235.2,24,445.3867,0.65,Moderate,FMS_MARITIME,2026-04-06
2022-12-28,61,VLSFO,74.86,11.5,276.0,24,844.6161,0.76,Moderate,FMS_MARITIME,2026-04-06
2022-12-01,62,LSMGO,44.67,8.1,194.4,24,715.5472,0.77,Moderate,FMS_MARITIME,2026-04-06
2022-12-02,62,LNG,75.49,12.2,292.8,24,802.8547,0.71,Rough,FMS_MARITIME,2026-04-06
2022-12-03,62,LNG,84.83,17.3,415.2,24,636.225,0.94,Rough,FMS_MARITIME,2026-04-06
2022-12-04,62,LSMGO,37.01,9.8,235.2,24,490.0048,0.73,Moderate,FMS_MARITIME,2026-04-06
2022-12-05,62,LNG,19.68,16.7,400.8,24,152.903,0.73,Rough,FMS_MARITIME,2026-04-06
2022-12-06,62,HFO,63.62,17.7,424.8,24,466.3669,0.88,Moderate,FMS_MARITIME,2026-04-06
2022-12-07,62,MGO,59.01,11.4,273.6,24,671.627,0.43,Rough,FMS_MARITIME,2026-04-06
2022-12-08,62,LNG,69.84,10.2,244.8,24,888.4059,0.47,Moderate,FMS_MARITIME,2026-04-06
2022-12-09,62,MGO,22.55,11.7,280.8,24,250.0737,0.47,Moderate,FMS_MARITIME,2026-04-06
2022-12-10,62,HFO,50.75,10.7,256.8,24,615.403,0.83,Moderate,FMS_MARITIME,2026-04-06
2022-12-11,62,LSMGO,19.95,16.8,403.2,24,154.0781,0.74,Moderate,FMS_MARITIME,2026-04-06
2022-12-12,62,MGO,56.77,17.7,424.8,24,416.153,0.92,Rough,FMS_MARITIME,2026-04-06
2022-12-13,62,LSMGO,19.15,8.2,196.8,24,303.0137,1.0,Calm,FMS_MARITIME,2026-04-06
2022-12-14,62,HFO,84.02,13.0,312.0,24,838.5842,0.5,Calm,FMS_MARITIME,2026-04-06
2022-12-15,62,LSMGO,58.34,13.2,316.8,24,573.4557,0.52,Rough,FMS_MARITIME,2026-04-06
2022-12-16,62,HFO,65.57,14.3,343.2,24,594.9446,0.96,Calm,FMS_MARITIME,2026-04-06
2022-12-17,62,VLSFO,33.11,14.3,343.2,24,300.4212,0.89,Calm,FMS_MARITIME,2026-04-06
2022-12-18,62,LSMGO,83.65,16.9,405.6,24,642.2241,0.7,Calm,FMS_MARITIME,2026-04-06
2022-12-19,62,VLSFO,18.07,16.0,384.0,24,146.5364,0.74,Rough,FMS_MARITIME,2026-04-06
2022-12-20,62,HFO,65.45,13.3,319.2,24,638.5066,0.5,Moderate,FMS_MARITIME,2026-04-06
2022-12-21,62,HFO,22.73,9.1,218.4,24,324.0898,0.79,Moderate,FMS_MARITIME,2026-04-06
2022-12-22,62,MGO,68.17,10.3,247.2,24,858.7434,0.97,Moderate,FMS_MARITIME,2026-04-06
2022-12-23,62,MGO,44.14,11.4,273.6,24,502.3829,0.67,Moderate,FMS_MARITIME,2026-04-06
2022-12-24,62,LNG,21.11,14.5,348.0,24,188.8981,0.6,Rough,FMS_MARITIME,2026-04-06
2022-12-25,62,MGO,65.52,14.0,336.0,24,607.23,0.48,Moderate,FMS_MARITIME,2026-04-06
2022-12-26,62,HFO,23.3,13.3,319.2,24,227.3064,0.4,Calm,FMS_MARITIME,2026-04-06
2022-12-27,62,HFO,79.69,16.0,384.0,24,646.2361,0.9,Calm,FMS_MARITIME,2026-04-06
2022-12-28,62,LSMGO,44.01,16.7,400.8,24,341.934,0.49,Calm,FMS_MARITIME,2026-04-06
2022-12-28,62,MGO,63.08,11.3,271.2,24,724.3035,0.63,Moderate,FMS_MARITIME,2026-04-06
2022-12-28,62,MGO,74.44,10.2,244.8,24,946.9206,0.54,Rough,FMS_MARITIME,2026-04-06
2022-12-01,63,LNG,79.6,9.8,235.2,24,1053.8878,0.68,Moderate,FMS_MARITIME,2026-04-06
2022-12-02,63,LNG,66.96,11.9,285.6,24,730.0891,0.84,Rough,FMS_MARITIME,2026-04-06
2022-12-03,63,VLSFO,20.94,10.1,242.4,24,269.0064,0.57,Calm,FMS_MARITIME,2026-04-06
2022-12-04,63,LSMGO,60.45,11.0,264.0,24,713.0352,0.81,Calm,FMS_MARITIME,2026-04-06
2022-12-05,63,MGO,44.96,16.0,384.0,24,364.5975,0.96,Moderate,FMS_MARITIME,2026-04-06
2022-12-06,63,LSMGO,24.3,16.6,398.4,24,189.9352,0.46,Rough,FMS_MARITIME,2026-04-06
2022-12-07,63,VLSFO,37.31,16.0,384.0,24,302.5608,0.56,Calm,FMS_MARITIME,2026-04-06
2022-12-08,63,LSMGO,78.31,8.8,211.2,24,1154.6276,0.61,Rough,FMS_MARITIME,2026-04-06
2022-12-09,63,LSMGO,80.52,14.1,338.4,24,740.9553,0.46,Moderate,FMS_MARITIME,2026-04-06
2022-12-10,63,LNG,70.24,17.7,424.8,24,514.8949,0.9,Rough,FMS_MARITIME,2026-04-06
2022-12-11,63,HFO,43.07,11.4,273.6,24,490.2046,0.6,Calm,FMS_MARITIME,2026-04-06
2022-12-12,63,HFO,74.0,11.5,276.0,24,834.913,0.63,Rough,FMS_MARITIME,2026-04-06
2022-12-13,63,MGO,50.12,15.4,369.6,24,422.2773,0.79,Moderate,FMS_MARITIME,2026-04-06
2022-12-14,63,LNG,57.78,9.1,218.4,24,823.8412,0.53,Rough,FMS_MARITIME,2026-04-06
2022-12-15,63,LNG,76.74,12.3,295.2,24,809.5134,0.84,Rough,FMS_MARITIME,2026-04-06
2022-12-16,63,LSMGO,23.5,8.3,199.2,24,367.3645,0.81,Rough,FMS_MARITIME,2026-04-06
2022-12-17,63,MGO,24.5,17.4,417.6,24,182.694,0.74,Calm,FMS_MARITIME,2026-04-06
2022-12-18,63,MGO,55.44,11.6,278.4,24,620.1155,0.61,Calm,FMS_MARITIME,2026-04-06
2022-12-19,63,MGO,34.79,16.3,391.2,24,276.9327,0.76,Rough,FMS_MARITIME,2026-04-06
2022-12-20,63,VLSFO,27.02,9.2,220.8,24,381.0701,0.92,Rough,FMS_MARITIME,2026-04-06
2022-12-21,63,LNG,15.73,9.9,237.6,24,206.1583,0.94,Calm,FMS_MARITIME,2026-04-06
2022-12-22,63,LSMGO,18.83,11.1,266.4,24,220.1074,0.61,Moderate,FMS_MARITIME,2026-04-06
2022-12-23,63,VLSFO,39.21,9.6,230.4,24,529.9477,0.95,Calm,FMS_MARITIME,2026-04-06
2022-12-24,63,LNG,25.06,13.2,316.8,24,246.3284,0.82,Rough,FMS_MARITIME,2026-04-06
2022-12-25,63,LSMGO,26.77,10.3,247.2,24,337.224,0.78,Moderate,FMS_MARITIME,2026-04-06
2022-12-26,63,VLSFO,26.68,11.2,268.8,24,309.083,0.89,Rough,FMS_MARITIME,2026-04-06
2022-12-27,63,LSMGO,83.38,17.7,424.8,24,611.2178,0.59,Calm,FMS_MARITIME,2026-04-06
2022-12-28,63,LSMGO,24.45,16.3,391.2,24,194.625,0.55,Rough,FMS_MARITIME,2026-04-06
2022-12-28,63,HFO,65.45,14.3,343.2,24,593.8558,0.6,Calm,FMS_MARITIME,2026-04-06
2022-12-28,63,LSMGO,36.4,12.0,288.0,24,393.575,0.91,Moderate,FMS_MARITIME,2026-04-06
2022-12-01,64,HFO,66.46,9.7,232.8,24,888.9881,0.93,Moderate,FMS_MARITIME,2026-04-06
2022-12-02,64,VLSFO,80.09,16.6,398.4,24,626.0047,0.53,Calm,FMS_MARITIME,2026-04-06
2022-12-03,64,MGO,36.53,16.7,400.8,24,283.8184,0.47,Moderate,FMS_MARITIME,2026-04-06
2022-12-04,64,VLSFO,37.17,14.3,343.2,24,337.2593,0.67,Moderate,FMS_MARITIME,2026-04-06
2022-12-05,64,LSMGO,80.52,13.9,333.6,24,751.6165,0.97,Moderate,FMS_MARITIME,2026-04-06
2022-12-06,64,LSMGO,68.64,14.1,338.4,24,631.634,0.45,Rough,FMS_MARITIME,2026-04-06
2022-12-07,64,HFO,78.01,8.2,196.8,24,1234.3655,0.81,Calm,FMS_MARITIME,2026-04-06
2022-12-08,64,LNG,62.06,11.3,271.2,24,712.5916,0.82,Calm,FMS_MARITIME,2026-04-06
2022-12-09,64,VLSFO,39.58,12.2,292.8,24,420.943,0.93,Rough,FMS_MARITIME,2026-04-06
2022-12-10,64,LNG,47.66,11.6,278.4,24,533.0935,0.49,Calm,FMS_MARITIME,2026-04-06
2022-12-11,64,HFO,69.57,13.1,314.4,24,689.0616,0.74,Calm,FMS_MARITIME,2026-04-06
2022-12-12,64,LNG,80.45,12.2,292.8,24,855.6055,0.57,Moderate,FMS_MARITIME,2026-04-06
2022-12-13,64,MGO,53.28,11.0,264.0,24,628.4618,0.56,Moderate,FMS_MARITIME,2026-04-06
2022-12-14,64,LSMGO,80.18,15.9,381.6,24,654.2991,0.6,Moderate,FMS_MARITIME,2026-04-06
2022-12-15,64,MGO,70.97,10.6,254.4,24,868.713,0.8,Moderate,FMS_MARITIME,2026-04-06
2022-12-16,64,LSMGO,17.18,9.1,218.4,24,244.9566,0.44,Moderate,FMS_MARITIME,2026-04-06
2022-12-17,64,LNG,32.12,8.1,194.4,24,514.5148,0.41,Moderate,FMS_MARITIME,2026-04-06
2022-12-18,64,MGO,38.48,13.4,321.6,24,372.5955,0.91,Moderate,FMS_MARITIME,2026-04-06
2022-12-19,64,MGO,75.59,15.4,369.6,24,636.8703,0.8,Calm,FMS_MARITIME,2026-04-06
2022-12-20,64,HFO,40.7,11.7,280.8,24,451.3526,0.54,Moderate,FMS_MARITIME,2026-04-06
2022-12-21,64,LNG,64.28,14.5,348.0,24,575.1952,0.88,Rough,FMS_MARITIME,2026-04-06
2022-12-22,64,LSMGO,67.86,17.4,417.6,24,506.025,0.4,Moderate,FMS_MARITIME,2026-04-06
2022-12-23,64,HFO,27.51,13.8,331.2,24,258.6538,0.98,Calm,FMS_MARITIME,2026-04-06
2022-12-24,64,HFO,15.05,11.8,283.2,24,165.4862,0.99,Calm,FMS_MARITIME,2026-04-06
2022-12-25,64,LNG,42.38,10.9,261.6,24,504.4775,0.55,Rough,FMS_MARITIME,2026-04-06
2022-12-26,64,LNG,69.26,17.3,415.2,24,519.45,0.83,Rough,FMS_MARITIME,2026-04-06
2022-12-27,64,LNG,24.94,15.8,379.2,24,204.8079,0.75,Moderate,FMS_MARITIME,2026-04-06
2022-12-28,64,LNG,52.7,13.9,333.6,24,491.9299,0.93,Moderate,FMS_MARITIME,2026-04-06
2022-12-28,64,VLSFO,16.35,8.5,204.0,24,249.5779,0.46,Calm,FMS_MARITIME,2026-04-06
2022-12-28,64,HFO,47.88,10.0,240.0,24,621.243,0.95,Calm,FMS_MARITIME,2026-04-06
2022-12-01,65,LSMGO,54.61,14.7,352.8,24,482.0168,0.61,Moderate,FMS_MARITIME,2026-04-06
2022-12-02,65,MGO,53.1,11.8,283.2,24,583.875,0.79,Moderate,FMS_MARITIME,2026-04-06
2022-12-03,65,LNG,72.42,9.4,225.6,24,999.6271,0.66,Rough,FMS_MARITIME,2026-04-06
2022-12-04,65,VLSFO,15.89,16.1,386.4,24,128.0576,0.54,Moderate,FMS_MARITIME,2026-04-06
2022-12-05,65,LSMGO,66.21,12.7,304.8,24,676.4368,0.71,Calm,FMS_MARITIME,2026-04-06
2022-12-06,65,MGO,82.33,17.9,429.6,24,596.7775,0.79,Rough,FMS_MARITIME,2026-04-06
2022-12-07,65,VLSFO,73.16,9.0,216.0,24,1054.7233,0.88,Moderate,FMS_MARITIME,2026-04-06
2022-12-08,65,LNG,49.31,8.2,196.8,24,780.2405,0.45,Rough,FMS_MARITIME,2026-04-06
2022-12-09,65,VLSFO,30.37,14.6,350.4,24,269.8978,0.44,Calm,FMS_MARITIME,2026-04-06
2022-12-10,65,MGO,61.6,16.5,396.0,24,484.4,0.83,Calm,FMS_MARITIME,2026-04-06
2022-12-11,65,MGO,70.16,9.7,232.8,24,938.4804,0.71,Moderate,FMS_MARITIME,2026-04-06
2022-12-12,65,HFO,25.12,16.3,391.2,24,199.9583,0.77,Moderate,FMS_MARITIME,2026-04-06
2022-12-13,65,VLSFO,33.43,12.1,290.4,24,358.4746,0.78,Rough,FMS_MARITIME,2026-04-06
2022-12-14,65,HFO,33.41,15.8,379.2,24,274.3638,0.74,Calm,FMS_MARITIME,2026-04-06
2022-12-15,65,VLSFO,67.88,17.8,427.2,24,494.7994,0.73,Calm,FMS_MARITIME,2026-04-06
2022-12-16,65,HFO,75.53,14.2,340.8,24,690.1421,0.97,Rough,FMS_MARITIME,2026-04-06
2022-12-17,65,LSMGO,64.95,11.3,271.2,24,745.7754,0.63,Calm,FMS_MARITIME,2026-04-06
2022-12-18,65,LSMGO,75.41,9.0,216.0,24,1087.1608,0.68,Moderate,FMS_MARITIME,2026-04-06
2022-12-19,65,MGO,36.1,14.6,350.4,24,320.8202,0.89,Calm,FMS_MARITIME,2026-04-06
2022-12-20,65,MGO,43.46,10.5,252.0,24,537.0414,0.66,Rough,FMS_MARITIME,2026-04-06
2022-12-21,65,MGO,26.11,15.2,364.8,24,222.8798,0.56,Calm,FMS_MARITIME,2026-04-06
2022-12-22,65,HFO,56.65,17.9,429.6,24,410.6334,0.95,Rough,FMS_MARITIME,2026-04-06
2022-12-23,65,LNG,21.02,13.9,333.6,24,196.2119,0.94,Rough,FMS_MARITIME,2026-04-06
2022-12-24,65,LNG,59.48,13.9,333.6,24,555.218,0.57,Rough,FMS_MARITIME,2026-04-06
2022-12-25,65,VLSFO,32.15,10.4,249.6,24,401.1022,0.66,Moderate,FMS_MARITIME,2026-04-06
2022-12-26,65,VLSFO,25.82,11.2,268.8,24,299.1201,0.98,Calm,FMS_MARITIME,2026-04-06
2022-12-27,65,HFO,37.54,9.8,235.2,24,497.0219,0.87,Calm,FMS_MARITIME,2026-04-06
2022-12-28,65,MGO,29.07,17.3,415.2,24,218.025,0.44,Calm,FMS_MARITIME,2026-04-06
2022-12-28,65,MGO,49.98,8.3,199.2,24,781.3139,0.64,Calm,FMS_MARITIME,2026-04-06
2022-12-28,65,LNG,48.28,16.1,386.4,24,389.0888,0.94,Rough,FMS_MARITIME,2026-04-06
2022-12-01,66,LNG,77.61,8.8,211.2,24,1144.3065,0.73,Moderate,FMS_MARITIME,2026-04-06
2022-12-02,66,HFO,41.24,11.6,278.4,24,461.2836,0.45,Calm,FMS_MARITIME,2026-04-06
2022-12-03,66,LSMGO,79.05,14.7,352.8,24,697.7372,0.43,Moderate,FMS_MARITIME,2026-04-06
2022-12-04,66,LSMGO,80.28,14.0,336.0,24,744.0236,0.91,Calm,FMS_MARITIME,2026-04-06
2022-12-05,66,MGO,67.03,16.8,403.2,24,517.6871,0.61,Moderate,FMS_MARITIME,2026-04-06
2022-12-06,66,HFO,83.98,12.9,309.6,24,844.6826,0.67,Moderate,FMS_MARITIME,2026-04-06
2022-12-07,66,HFO,35.05,15.6,374.4,24,291.5216,0.82,Moderate,FMS_MARITIME,2026-04-06
2022-12-08,66,VLSFO,66.32,10.2,244.8,24,843.6294,0.88,Moderate,FMS_MARITIME,2026-04-06
2022-12-09,66,LSMGO,27.71,9.4,225.6,24,382.4864,0.76,Rough,FMS_MARITIME,2026-04-06
2022-12-10,66,LNG,53.02,13.2,316.8,24,521.1625,0.7,Calm,FMS_MARITIME,2026-04-06
2022-12-11,66,VLSFO,32.45,9.0,216.0,24,467.8208,0.76,Moderate,FMS_MARITIME,2026-04-06
2022-12-12,66,HFO,20.41,17.5,420.0,24,151.3256,0.5,Moderate,FMS_MARITIME,2026-04-06
2022-12-13,66,VLSFO,78.69,15.8,379.2,24,646.2043,0.67,Rough,FMS_MARITIME,2026-04-06
2022-12-14,66,VLSFO,77.53,13.3,319.2,24,756.3547,0.93,Moderate,FMS_MARITIME,2026-04-06
2022-12-15,66,MGO,42.66,16.1,386.4,24,343.7972,0.68,Rough,FMS_MARITIME,2026-04-06
2022-12-16,66,VLSFO,43.44,10.3,247.2,24,547.2175,0.45,Rough,FMS_MARITIME,2026-04-06
2022-12-17,66,LSMGO,27.78,9.2,220.8,24,391.7886,0.63,Calm,FMS_MARITIME,2026-04-06
2022-12-18,66,LSMGO,52.5,12.1,290.4,24,562.9649,0.88,Calm,FMS_MARITIME,2026-04-06
2022-12-19,66,VLSFO,62.45,13.3,319.2,24,609.2397,0.7,Moderate,FMS_MARITIME,2026-04-06
2022-12-20,66,HFO,42.51,17.1,410.4,24,322.5539,0.51,Moderate,FMS_MARITIME,2026-04-06
2022-12-21,66,VLSFO,30.86,16.7,400.8,24,239.7656,0.89,Calm,FMS_MARITIME,2026-04-06
2022-12-22,66,LSMGO,32.88,12.6,302.4,24,338.5857,0.52,Rough,FMS_MARITIME,2026-04-06
2022-12-23,66,MGO,64.49,8.8,211.2,24,950.8611,0.83,Rough,FMS_MARITIME,2026-04-06
2022-12-24,66,HFO,35.5,12.8,307.2,24,359.8535,0.88,Calm,FMS_MARITIME,2026-04-06
2022-12-25,66,VLSFO,31.45,13.8,331.2,24,295.6984,0.97,Calm,FMS_MARITIME,2026-04-06
2022-12-26,66,HFO,69.0,11.0,264.0,24,813.8864,0.53,Calm,FMS_MARITIME,2026-04-06
2022-12-27,66,LSMGO,38.46,8.1,194.4,24,616.0722,0.4,Moderate,FMS_MARITIME,2026-04-06
2022-12-28,66,MGO,15.83,10.0,240.0,24,205.3942,0.56,Rough,FMS_MARITIME,2026-04-06
2022-12-28,66,MGO,63.95,15.5,372.0,24,535.3234,0.93,Calm,FMS_MARITIME,2026-04-06
2022-12-28,66,LSMGO,22.37,8.5,204.0,24,341.4715,0.6,Moderate,FMS_MARITIME,2026-04-06
2022-12-01,67,MGO,39.64,11.4,273.6,24,451.1658,0.67,Calm,FMS_MARITIME,2026-04-06
2022-12-02,67,LSMGO,69.63,11.2,268.8,24,806.6511,0.46,Rough,FMS_MARITIME,2026-04-06
2022-12-03,67,HFO,79.78,9.1,218.4,24,1137.5225,0.89,Rough,FMS_MARITIME,2026-04-06
2022-12-04,67,LSMGO,69.75,14.8,355.2,24,611.4907,0.83,Calm,FMS_MARITIME,2026-04-06
2022-12-05,67,VLSFO,33.13,12.5,300.0,24,343.8894,0.48,Moderate,FMS_MARITIME,2026-04-06
2022-12-06,67,LSMGO,17.83,9.4,225.6,24,246.1109,0.82,Rough,FMS_MARITIME,2026-04-06
2022-12-07,67,LNG,41.89,17.9,429.6,24,303.644,0.85,Calm,FMS_MARITIME,2026-04-06
2022-12-08,67,VLSFO,48.35,8.6,206.4,24,729.4666,0.82,Moderate,FMS_MARITIME,2026-04-06
2022-12-09,67,LNG,62.88,10.5,252.0,24,777.0171,0.77,Moderate,FMS_MARITIME,2026-04-06
2022-12-10,67,VLSFO,56.36,16.3,391.2,24,448.6325,0.88,Rough,FMS_MARITIME,2026-04-06
2022-12-11,67,LNG,60.29,15.0,360.0,24,521.5085,0.49,Calm,FMS_MARITIME,2026-04-06
2022-12-12,67,MGO,29.21,14.9,357.6,24,254.3622,0.81,Moderate,FMS_MARITIME,2026-04-06
2022-12-13,67,VLSFO,80.29,13.3,319.2,24,783.2803,0.76,Rough,FMS_MARITIME,2026-04-06
2022-12-14,67,LSMGO,24.6,13.3,319.2,24,239.9887,0.94,Calm,FMS_MARITIME,2026-04-06
2022-12-15,67,LSMGO,43.07,15.2,364.8,24,367.6535,0.85,Moderate,FMS_MARITIME,2026-04-06
2022-12-16,67,LNG,27.46,17.0,408.0,24,209.5844,0.87,Calm,FMS_MARITIME,2026-04-06
2022-12-17,67,LSMGO,55.99,8.8,211.2,24,825.5344,0.96,Moderate,FMS_MARITIME,2026-04-06
2022-12-18,67,LSMGO,44.16,8.1,194.4,24,707.3778,0.97,Moderate,FMS_MARITIME,2026-04-06
2022-12-19,67,LSMGO,57.55,10.8,259.2,24,691.3993,0.94,Moderate,FMS_MARITIME,2026-04-06
2022-12-20,67,HFO,47.76,11.4,273.6,24,543.5842,0.69,Calm,FMS_MARITIME,2026-04-06
2022-12-21,67,LSMGO,82.39,17.1,410.4,24,625.1522,0.57,Moderate,FMS_MARITIME,2026-04-06
2022-12-22,67,LNG,24.58,13.7,328.8,24,232.7923,0.71,Calm,FMS_MARITIME,2026-04-06
2022-12-23,67,MGO,29.75,17.8,427.2,24,216.8574,0.54,Calm,FMS_MARITIME,2026-04-06
2022-12-24,67,LNG,44.18,14.6,350.4,24,392.6271,0.68,Calm,FMS_MARITIME,2026-04-06
2022-12-25,67,LSMGO,28.11,11.8,283.2,24,309.0909,0.64,Rough,FMS_MARITIME,2026-04-06
2022-12-26,67,VLSFO,52.98,13.9,333.6,24,494.5435,0.47,Moderate,FMS_MARITIME,2026-04-06
2022-12-27,67,MGO,57.59,12.0,288.0,24,622.6919,0.44,Calm,FMS_MARITIME,2026-04-06
2022-12-28,67,MGO,52.41,8.3,199.2,24,819.3009,0.44,Calm,FMS_MARITIME,2026-04-06
2022-12-28,67,VLSFO,40.66,10.6,254.4,24,497.7014,0.78,Moderate,FMS_MARITIME,2026-04-06
2022-12-28,67,HFO,70.05,16.6,398.4,24,547.5294,0.57,Moderate,FMS_MARITIME,2026-04-06
2022-12-01,68,LSMGO,80.36,10.6,254.4,24,983.6519,0.93,Moderate,FMS_MARITIME,2026-04-06
2022-12-02,68,LSMGO,15.93,11.3,271.2,24,182.9131,0.78,Calm,FMS_MARITIME,2026-04-06
2022-12-03,68,HFO,38.95,14.3,343.2,24,353.41,0.77,Moderate,FMS_MARITIME,2026-04-06
2022-12-04,68,MGO,37.67,16.5,396.0,24,296.2232,0.42,Rough,FMS_MARITIME,2026-04-06
2022-12-05,68,LSMGO,39.78,10.9,261.6,24,473.528,0.82,Rough,FMS_MARITIME,2026-04-06
2022-12-06,68,HFO,15.34,8.6,206.4,24,231.4378,0.49,Moderate,FMS_MARITIME,2026-04-06
2022-12-07,68,LNG,60.4,12.9,309.6,24,607.5116,0.88,Moderate,FMS_MARITIME,2026-04-06
2022-12-08,68,VLSFO,75.62,8.3,199.2,24,1182.1319,0.64,Moderate,FMS_MARITIME,2026-04-06
2022-12-09,68,LSMGO,35.56,12.7,304.8,24,363.3,0.84,Calm,FMS_MARITIME,2026-04-06
2022-12-10,68,LNG,64.8,13.7,328.8,24,613.708,0.65,Calm,FMS_MARITIME,2026-04-06
2022-12-11,68,VLSFO,51.79,14.6,350.4,24,460.257,0.61,Rough,FMS_MARITIME,2026-04-06
2022-12-12,68,LSMGO,21.04,17.4,417.6,24,156.8931,0.85,Calm,FMS_MARITIME,2026-04-06
2022-12-13,68,LSMGO,68.08,16.8,403.2,24,525.7964,0.78,Moderate,FMS_MARITIME,2026-04-06
2022-12-14,68,VLSFO,82.8,12.4,297.6,24,866.3952,0.87,Rough,FMS_MARITIME,2026-04-06
2022-12-15,68,MGO,74.59,11.6,278.4,24,834.3149,0.88,Rough,FMS_MARITIME,2026-04-06
2022-12-16,68,MGO,73.44,12.5,300.0,24,762.3072,0.78,Rough,FMS_MARITIME,2026-04-06
2022-12-17,68,LNG,23.65,15.9,381.6,24,192.9929,0.65,Rough,FMS_MARITIME,2026-04-06
2022-12-18,68,VLSFO,68.57,10.2,244.8,24,872.2507,0.78,Calm,FMS_MARITIME,2026-04-06
2022-12-19,68,LNG,16.64,17.9,429.6,24,120.6168,0.77,Calm,FMS_MARITIME,2026-04-06
2022-12-20,68,LSMGO,17.69,14.7,352.8,24,156.1413,0.41,Rough,FMS_MARITIME,2026-04-06
2022-12-21,68,VLSFO,46.91,11.6,278.4,24,524.7045,0.66,Rough,FMS_MARITIME,2026-04-06
2022-12-22,68,HFO,47.98,17.9,429.6,24,347.788,0.46,Rough,FMS_MARITIME,2026-04-06
2022-12-23,68,MGO,51.21,17.9,429.6,24,371.201,0.44,Calm,FMS_MARITIME,2026-04-06
2022-12-24,68,MGO,23.19,10.2,244.8,24,294.9904,0.66,Calm,FMS_MARITIME,2026-04-06
2022-12-25,68,LNG,42.34,15.3,367.2,24,359.0598,0.84,Calm,FMS_MARITIME,2026-04-06
2022-12-26,68,MGO,75.5,10.1,242.4,24,969.9134,0.77,Calm,FMS_MARITIME,2026-04-06
2022-12-27,68,LSMGO,55.19,13.1,314.4,24,546.6338,0.75,Moderate,FMS_MARITIME,2026-04-06
2022-12-28,68,HFO,41.39,14.7,352.8,24,365.3301,0.98,Calm,FMS_MARITIME,2026-04-06
2022-12-28,68,HFO,73.11,11.9,285.6,24,797.1447,0.87,Rough,FMS_MARITIME,2026-04-06
2022-12-28,68,LNG,25.85,14.3,343.2,24,234.5481,0.46,Moderate,FMS_MARITIME,2026-04-06
2022-12-01,69,MGO,59.62,10.5,252.0,24,736.7329,0.98,Moderate,FMS_MARITIME,2026-04-06
2022-12-02,69,LNG,27.09,10.0,240.0,24,351.4928,0.86,Moderate,FMS_MARITIME,2026-04-06
2022-12-03,69,LNG,61.25,15.4,369.6,24,516.0511,0.69,Rough,FMS_MARITIME,2026-04-06
2022-12-04,69,VLSFO,37.55,14.4,345.6,24,338.3411,0.97,Moderate,FMS_MARITIME,2026-04-06
2022-12-05,69,LNG,33.93,17.6,422.4,24,250.1374,0.69,Rough,FMS_MARITIME,2026-04-06
2022-12-06,69,LSMGO,37.55,8.3,199.2,24,587.0015,0.68,Rough,FMS_MARITIME,2026-04-06
2022-12-07,69,VLSFO,36.24,11.9,285.6,24,395.1378,0.52,Moderate,FMS_MARITIME,2026-04-06
2022-12-08,69,HFO,81.1,9.6,230.4,24,1096.1172,0.64,Rough,FMS_MARITIME,2026-04-06
2022-12-09,69,HFO,75.42,16.1,386.4,24,607.8102,0.46,Calm,FMS_MARITIME,2026-04-06
2022-12-10,69,LSMGO,65.39,16.5,396.0,24,514.2032,0.64,Calm,FMS_MARITIME,2026-04-06
2022-12-11,69,MGO,44.89,14.8,355.2,24,393.5458,0.74,Rough,FMS_MARITIME,2026-04-06
2022-12-12,69,HFO,52.92,13.9,333.6,24,493.9835,0.46,Rough,FMS_MARITIME,2026-04-06
2022-12-13,69,HFO,63.09,15.7,376.8,24,521.3967,0.47,Rough,FMS_MARITIME,2026-04-06
2022-12-14,69,LNG,23.84,12.0,288.0,24,257.77,0.92,Moderate,FMS_MARITIME,2026-04-06
2022-12-15,69,MGO,70.48,9.7,232.8,24,942.7608,0.93,Moderate,FMS_MARITIME,2026-04-06
2022-12-16,69,HFO,63.01,13.5,324.0,24,605.5961,0.78,Calm,FMS_MARITIME,2026-04-06
2022-12-17,69,HFO,36.33,14.4,345.6,24,327.3484,0.77,Calm,FMS_MARITIME,2026-04-06
2022-12-18,69,HFO,28.59,14.1,338.4,24,263.0888,0.87,Calm,FMS_MARITIME,2026-04-06
2022-12-19,69,MGO,56.6,17.0,408.0,24,431.9912,0.65,Rough,FMS_MARITIME,2026-04-06
2022-12-20,69,MGO,51.37,8.6,206.4,24,775.0299,0.42,Rough,FMS_MARITIME,2026-04-06
2022-12-21,69,LNG,17.38,8.2,196.8,24,275.0067,0.4,Rough,FMS_MARITIME,2026-04-06
2022-12-22,69,MGO,54.81,10.7,256.8,24,664.6353,0.54,Rough,FMS_MARITIME,2026-04-06
2022-12-23,69,VLSFO,16.16,12.1,290.4,24,173.286,0.5,Calm,FMS_MARITIME,2026-04-06
2022-12-24,69,LNG,54.01,13.4,321.6,24,522.97,0.91,Calm,FMS_MARITIME,2026-04-06
2022-12-25,69,VLSFO,52.24,10.9,261.6,24,621.8477,0.62,Rough,FMS_MARITIME,2026-04-06
2022-12-26,69,LNG,20.77,17.1,410.4,24,157.5969,0.61,Rough,FMS_MARITIME,2026-04-06
2022-12-27,69,LNG,22.03,9.6,230.4,24,297.7492,0.88,Calm,FMS_MARITIME,2026-04-06
2022-12-28,69,MGO,76.78,11.5,276.0,24,866.2787,0.51,Moderate,FMS_MARITIME,2026-04-06
2022-12-28,69,MGO,25.71,13.2,316.8,24,252.7176,0.57,Moderate,FMS_MARITIME,2026-04-06
2022-12-28,69,LSMGO,72.9,12.9,309.6,24,733.2384,0.79,Rough,FMS_MARITIME,2026-04-06
2022-12-01,70,LSMGO,48.6,8.0,192.0,24,788.2312,0.63,Moderate,FMS_MARITIME,2026-04-06
2022-12-02,70,MGO,17.38,12.4,297.6,24,181.8593,0.48,Calm,FMS_MARITIME,2026-04-06
2022-12-03,70,HFO,60.44,12.0,288.0,24,653.5075,0.64,Rough,FMS_MARITIME,2026-04-06
2022-12-04,70,LSMGO,53.37,14.3,343.2,24,484.2488,0.84,Rough,FMS_MARITIME,2026-04-06
2022-12-05,70,VLSFO,50.27,14.6,350.4,24,446.7488,0.47,Moderate,FMS_MARITIME,2026-04-06
2022-12-06,70,VLSFO,83.31,10.5,252.0,24,1029.4736,0.52,Calm,FMS_MARITIME,2026-04-06
2022-12-07,70,LNG,18.05,15.0,360.0,24,156.1325,0.7,Moderate,FMS_MARITIME,2026-04-06
2022-12-08,70,VLSFO,71.09,11.7,280.8,24,788.3699,0.95,Calm,FMS_MARITIME,2026-04-06
2022-12-09,70,LNG,20.48,13.3,319.2,24,199.7955,0.57,Moderate,FMS_MARITIME,2026-04-06
2022-12-10,70,VLSFO,22.75,11.7,280.8,24,252.2917,0.95,Calm,FMS_MARITIME,2026-04-06
2022-12-11,70,HFO,46.95,15.3,367.2,24,398.1544,0.41,Moderate,FMS_MARITIME,2026-04-06
2022-12-12,70,VLSFO,73.42,17.2,412.8,24,553.8515,0.43,Calm,FMS_MARITIME,2026-04-06
2022-12-13,70,LNG,53.01,14.7,352.8,24,467.8944,0.5,Moderate,FMS_MARITIME,2026-04-06
2022-12-14,70,HFO,45.72,17.0,408.0,24,348.9512,0.5,Moderate,FMS_MARITIME,2026-04-06
2022-12-15,70,LNG,26.5,15.3,367.2,24,224.7304,0.85,Calm,FMS_MARITIME,2026-04-06
2022-12-16,70,MGO,81.69,17.7,424.8,24,598.8292,0.53,Calm,FMS_MARITIME,2026-04-06
2022-12-17,70,MGO,18.27,10.6,254.4,24,223.6351,0.81,Moderate,FMS_MARITIME,2026-04-06
2022-12-18,70,LNG,27.74,12.8,307.2,24,281.1926,0.87,Rough,FMS_MARITIME,2026-04-06
2022-12-19,70,MGO,46.53,8.4,201.6,24,718.7223,0.78,Rough,FMS_MARITIME,2026-04-06
2022-12-20,70,VLSFO,25.56,14.2,340.8,24,233.55,0.55,Rough,FMS_MARITIME,2026-04-06
2022-12-21,70,MGO,49.71,11.3,271.2,24,570.7852,0.55,Calm,FMS_MARITIME,2026-04-06
2022-12-22,70,VLSFO,23.32,15.9,381.6,24,190.3,0.4,Rough,FMS_MARITIME,2026-04-06
2022-12-23,70,MGO,80.27,11.5,276.0,24,905.655,0.49,Moderate,FMS_MARITIME,2026-04-06
2022-12-24,70,MGO,73.79,10.9,261.6,24,878.3718,0.97,Rough,FMS_MARITIME,2026-04-06
2022-12-25,70,MGO,66.84,15.1,362.4,24,574.3371,0.99,Calm,FMS_MARITIME,2026-04-06
2022-12-26,70,LNG,17.49,12.1,290.4,24,187.5477,0.53,Calm,FMS_MARITIME,2026-04-06
2022-12-27,70,VLSFO,36.27,13.7,328.8,24,343.506,0.59,Moderate,FMS_MARITIME,2026-04-06
2022-12-28,70,HFO,56.0,15.9,381.6,24,456.9811,0.79,Rough,FMS_MARITIME,2026-04-06
2022-12-28,70,LNG,68.99,10.8,259.2,24,828.8382,0.78,Rough,FMS_MARITIME,2026-04-06
2022-12-28,70,VLSFO,82.81,16.4,393.6,24,655.1584,0.49,Rough,FMS_MARITIME,2026-04-06
2022-12-01,71,HFO,30.78,15.7,376.8,24,254.3761,0.98,Rough,FMS_MARITIME,2026-04-06
2022-12-02,71,HFO,58.91,10.0,240.0,24,764.3572,0.8,Moderate,FMS_MARITIME,2026-04-06
2022-12-03,71,MGO,26.33,13.0,312.0,24,262.7937,0.9,Rough,FMS_MARITIME,2026-04-06
2022-12-04,71,LNG,83.27,9.4,225.6,24,1149.3918,0.99,Rough,FMS_MARITIME,2026-04-06
2022-12-05,71,LNG,19.61,15.5,372.0,24,164.1547,0.97,Calm,FMS_MARITIME,2026-04-06
2022-12-06,71,LSMGO,58.68,12.5,300.0,24,609.0984,0.42,Moderate,FMS_MARITIME,2026-04-06
2022-12-07,71,LNG,52.17,13.2,316.8,24,512.8074,0.68,Rough,FMS_MARITIME,2026-04-06
2022-12-08,71,HFO,76.73,15.4,369.6,24,646.4752,0.5,Calm,FMS_MARITIME,2026-04-06
2022-12-09,71,MGO,31.38,18.0,432.0,24,226.1975,0.46,Calm,FMS_MARITIME,2026-04-06
2022-12-10,71,LSMGO,18.99,12.6,302.4,24,195.5518,0.98,Rough,FMS_MARITIME,2026-04-06
2022-12-11,71,HFO,57.13,12.8,307.2,24,579.1107,0.56,Calm,FMS_MARITIME,2026-04-06
2022-12-12,71,VLSFO,55.75,14.7,352.8,24,492.0791,0.86,Calm,FMS_MARITIME,2026-04-06
2022-12-13,71,LSMGO,57.3,13.4,321.6,24,554.8265,0.91,Moderate,FMS_MARITIME,2026-04-06
2022-12-14,71,MGO,47.19,8.2,196.8,24,746.6954,0.99,Calm,FMS_MARITIME,2026-04-06
2022-12-15,71,VLSFO,61.91,9.7,232.8,24,828.126,0.52,Moderate,FMS_MARITIME,2026-04-06
2022-12-16,71,LNG,35.9,17.1,410.4,24,272.3991,0.69,Calm,FMS_MARITIME,2026-04-06
2022-12-17,71,HFO,74.25,13.6,326.4,24,708.3778,0.73,Calm,FMS_MARITIME,2026-04-06
2022-12-18,71,VLSFO,39.26,10.3,247.2,24,494.5617,0.75,Moderate,FMS_MARITIME,2026-04-06
2022-12-19,71,LNG,26.72,15.2,364.8,24,228.0868,0.64,Moderate,FMS_MARITIME,2026-04-06
2022-12-20,71,LNG,69.22,14.6,350.4,24,615.1572,0.78,Rough,FMS_MARITIME,2026-04-06
2022-12-21,71,LNG,34.77,9.1,218.4,24,495.7591,0.79,Calm,FMS_MARITIME,2026-04-06
2022-12-22,71,MGO,56.7,8.3,199.2,24,886.3645,0.9,Moderate,FMS_MARITIME,2026-04-06
2022-12-23,71,HFO,47.57,9.9,237.6,24,623.4553,0.53,Rough,FMS_MARITIME,2026-04-06
2022-12-24,71,VLSFO,80.51,16.4,393.6,24,636.9617,0.88,Calm,FMS_MARITIME,2026-04-06
2022-12-25,71,VLSFO,17.38,11.9,285.6,24,189.5004,0.87,Rough,FMS_MARITIME,2026-04-06
2022-12-26,71,LSMGO,60.98,17.0,408.0,24,465.4209,0.62,Rough,FMS_MARITIME,2026-04-06
2022-12-27,71,LNG,56.84,15.1,362.4,24,488.4099,0.81,Moderate,FMS_MARITIME,2026-04-06
2022-12-28,71,VLSFO,48.47,10.7,256.8,24,587.7554,0.86,Rough,FMS_MARITIME,2026-04-06
2022-12-28,71,LNG,45.04,12.8,307.2,24,456.5578,0.82,Calm,FMS_MARITIME,2026-04-06
2022-12-28,71,HFO,63.72,10.2,244.8,24,810.5559,0.57,Moderate,FMS_MARITIME,2026-04-06
2022-12-01,72,VLSFO,16.48,15.4,369.6,24,138.8494,0.45,Rough,FMS_MARITIME,2026-04-06
2022-12-02,72,LNG,74.89,8.4,201.6,24,1156.783,0.68,Rough,FMS_MARITIME,2026-04-06
2022-12-03,72,VLSFO,59.02,9.5,228.0,24,806.0889,0.68,Calm,FMS_MARITIME,2026-04-06
2022-12-04,72,LNG,50.77,9.5,228.0,24,693.4113,0.41,Moderate,FMS_MARITIME,2026-04-06
2022-12-05,72,LSMGO,78.48,8.6,206.4,24,1184.0442,0.56,Calm,FMS_MARITIME,2026-04-06
2022-12-06,72,HFO,28.6,12.8,307.2,24,289.9102,0.77,Rough,FMS_MARITIME,2026-04-06
2022-12-07,72,VLSFO,24.4,17.1,410.4,24,185.1404,0.66,Rough,FMS_MARITIME,2026-04-06
2022-12-08,72,VLSFO,68.47,9.9,237.6,24,897.372,0.87,Calm,FMS_MARITIME,2026-04-06
2022-12-09,72,MGO,69.1,9.2,220.8,24,974.5353,0.81,Moderate,FMS_MARITIME,2026-04-06
2022-12-10,72,MGO,18.19,15.4,369.6,24,153.2567,0.85,Rough,FMS_MARITIME,2026-04-06
2022-12-11,72,MGO,53.42,16.0,384.0,24,433.2028,0.67,Moderate,FMS_MARITIME,2026-04-06
2022-12-12,72,HFO,23.75,11.4,273.6,24,270.3125,0.49,Rough,FMS_MARITIME,2026-04-06
2022-12-13,72,LNG,39.44,12.3,295.2,24,416.0439,0.59,Moderate,FMS_MARITIME,2026-04-06
2022-12-14,72,LSMGO,18.12,16.6,398.4,24,141.6307,0.58,Rough,FMS_MARITIME,2026-04-06
2022-12-15,72,VLSFO,52.77,12.5,300.0,24,547.7526,0.67,Calm,FMS_MARITIME,2026-04-06
2022-12-16,72,LSMGO,21.43,8.7,208.8,24,319.6026,0.48,Moderate,FMS_MARITIME,2026-04-06
2022-12-17,72,LNG,28.36,10.6,254.4,24,347.1425,0.49,Moderate,FMS_MARITIME,2026-04-06
2022-12-18,72,MGO,75.18,12.1,290.4,24,806.1657,0.59,Rough,FMS_MARITIME,2026-04-06
2022-12-19,72,MGO,52.99,13.3,319.2,24,516.9513,0.64,Rough,FMS_MARITIME,2026-04-06
2022-12-20,72,HFO,37.49,16.2,388.8,24,300.2671,0.91,Rough,FMS_MARITIME,2026-04-06
2022-12-21,72,LSMGO,21.11,17.0,408.0,24,161.119,0.6,Moderate,FMS_MARITIME,2026-04-06
2022-12-22,72,LNG,19.94,17.7,424.8,24,146.1703,0.94,Calm,FMS_MARITIME,2026-04-06
2022-12-23,72,LNG,74.25,13.8,331.2,24,698.1114,0.97,Rough,FMS_MARITIME,2026-04-06
2022-12-24,72,LNG,64.63,10.7,256.8,24,783.7143,0.51,Rough,FMS_MARITIME,2026-04-06
2022-12-25,72,LSMGO,69.02,14.0,336.0,24,639.6675,0.71,Rough,FMS_MARITIME,2026-04-06
2022-12-26,72,LNG,37.08,13.0,312.0,24,370.0869,0.41,Moderate,FMS_MARITIME,2026-04-06
2022-12-27,72,HFO,15.66,14.8,355.2,24,137.2895,0.58,Moderate,FMS_MARITIME,2026-04-06
2022-12-28,72,HFO,69.81,11.2,268.8,24,808.7364,0.56,Moderate,FMS_MARITIME,2026-04-06
2022-12-28,72,LSMGO,71.86,10.6,254.4,24,879.6071,0.45,Moderate,FMS_MARITIME,2026-04-06
2022-12-28,72,MGO,81.27,9.8,235.2,24,1075.9982,0.85,Rough,FMS_MARITIME,2026-04-06
2022-12-01,73,VLSFO,21.73,16.9,405.6,24,166.8324,0.69,Moderate,FMS_MARITIME,2026-04-06
2022-12-02,73,LNG,71.88,12.4,297.6,24,752.1315,0.9,Moderate,FMS_MARITIME,2026-04-06
2022-12-03,73,LNG,52.54,9.5,228.0,24,717.5858,0.49,Moderate,FMS_MARITIME,2026-04-06
2022-12-04,73,HFO,47.47,11.1,266.4,24,554.8858,0.92,Calm,FMS_MARITIME,2026-04-06
2022-12-05,73,VLSFO,43.11,8.0,192.0,24,699.1903,0.57,Calm,FMS_MARITIME,2026-04-06
2022-12-06,73,VLSFO,75.99,9.8,235.2,24,1006.0921,0.52,Calm,FMS_MARITIME,2026-04-06
2022-12-07,73,LSMGO,77.22,14.2,340.8,24,705.5842,0.88,Rough,FMS_MARITIME,2026-04-06
2022-12-08,73,LNG,68.6,16.0,384.0,24,556.3031,0.89,Moderate,FMS_MARITIME,2026-04-06
2022-12-09,73,LNG,57.71,10.1,242.4,24,741.3735,0.96,Moderate,FMS_MARITIME,2026-04-06
2022-12-10,73,HFO,57.42,13.6,326.4,24,547.8121,0.65,Calm,FMS_MARITIME,2026-04-06
2022-12-11,73,LNG,77.13,11.0,264.0,24,909.7834,0.88,Moderate,FMS_MARITIME,2026-04-06
2022-12-12,73,MGO,40.54,16.1,386.4,24,326.7121,0.9,Rough,FMS_MARITIME,2026-04-06
2022-12-13,73,HFO,66.17,8.0,192.0,24,1073.1947,0.95,Rough,FMS_MARITIME,2026-04-06
2022-12-14,73,MGO,69.21,15.6,374.4,24,575.6409,0.78,Rough,FMS_MARITIME,2026-04-06
2022-12-15,73,LNG,47.64,9.6,230.4,24,643.8844,0.76,Rough,FMS_MARITIME,2026-04-06
2022-12-16,73,LSMGO,22.08,9.2,220.8,24,311.4,0.4,Rough,FMS_MARITIME,2026-04-06
2022-12-17,73,LNG,17.73,12.2,292.8,24,188.5629,0.46,Calm,FMS_MARITIME,2026-04-06
2022-12-18,73,HFO,64.72,10.1,242.4,24,831.4277,0.77,Moderate,FMS_MARITIME,2026-04-06
2022-12-19,73,HFO,17.93,16.0,384.0,24,145.4011,0.49,Moderate,FMS_MARITIME,2026-04-06
2022-12-20,73,MGO,42.85,9.9,237.6,24,561.5947,0.55,Moderate,FMS_MARITIME,2026-04-06
2022-12-21,73,VLSFO,17.23,11.5,276.0,24,194.3993,0.61,Rough,FMS_MARITIME,2026-04-06
2022-12-22,73,LSMGO,64.89,12.0,288.0,24,701.6231,0.99,Moderate,FMS_MARITIME,2026-04-06
2022-12-23,73,VLSFO,64.89,13.6,326.4,24,619.0792,0.46,Rough,FMS_MARITIME,2026-04-06
2022-12-24,73,LNG,78.91,12.6,302.4,24,812.5851,0.57,Moderate,FMS_MARITIME,2026-04-06
2022-12-25,73,LNG,60.07,8.1,194.4,24,962.2324,0.61,Calm,FMS_MARITIME,2026-04-06
2022-12-26,73,MGO,28.89,8.7,208.8,24,430.8595,0.43,Calm,FMS_MARITIME,2026-04-06
2022-12-27,73,HFO,42.61,10.3,247.2,24,536.7619,0.97,Calm,FMS_MARITIME,2026-04-06
2022-12-28,73,LSMGO,68.7,10.4,249.6,24,857.0986,0.98,Moderate,FMS_MARITIME,2026-04-06
2022-12-28,73,LNG,45.81,13.9,333.6,24,427.6149,0.9,Moderate,FMS_MARITIME,2026-04-06
2022-12-28,73,LSMGO,31.0,8.6,206.4,24,467.7035,0.66,Calm,FMS_MARITIME,2026-04-06
2022-12-01,74,LSMGO,63.17,15.7,376.8,24,522.0578,0.57,Moderate,FMS_MARITIME,2026-04-06
2022-12-02,74,LSMGO,57.6,11.0,264.0,24,679.4182,0.98,Calm,FMS_MARITIME,2026-04-06
2022-12-03,74,LNG,73.99,15.6,374.4,24,615.3976,0.45,Rough,FMS_MARITIME,2026-04-06
2022-12-04,74,LNG,82.84,16.5,396.0,24,651.4236,0.7,Moderate,FMS_MARITIME,2026-04-06
2022-12-05,74,LNG,52.01,11.1,266.4,24,607.9547,0.74,Moderate,FMS_MARITIME,2026-04-06
2022-12-06,74,LNG,24.97,13.6,326.4,24,238.2248,0.43,Calm,FMS_MARITIME,2026-04-06
2022-12-07,74,LNG,53.1,13.0,312.0,24,529.9788,0.51,Rough,FMS_MARITIME,2026-04-06
2022-12-08,74,LSMGO,50.88,13.1,314.4,24,503.945,0.57,Rough,FMS_MARITIME,2026-04-06
2022-12-09,74,LNG,28.95,16.1,386.4,24,233.3082,0.67,Calm,FMS_MARITIME,2026-04-06
2022-12-10,74,LNG,35.27,13.9,333.6,24,329.229,0.64,Rough,FMS_MARITIME,2026-04-06
2022-12-11,74,VLSFO,35.94,15.1,362.4,24,308.8222,0.92,Moderate,FMS_MARITIME,2026-04-06
2022-12-12,74,VLSFO,40.95,12.8,307.2,24,415.0986,0.85,Moderate,FMS_MARITIME,2026-04-06
2022-12-13,74,VLSFO,82.22,13.9,333.6,24,767.4853,0.71,Moderate,FMS_MARITIME,2026-04-06
2022-12-14,74,LNG,17.47,10.6,254.4,24,213.8427,0.42,Rough,FMS_MARITIME,2026-04-06
2022-12-15,74,VLSFO,80.65,13.8,331.2,24,758.2853,0.86,Calm,FMS_MARITIME,2026-04-06
2022-12-16,74,MGO,73.45,16.1,386.4,24,591.934,0.44,Rough,FMS_MARITIME,2026-04-06
2022-12-17,74,LNG,41.83,15.0,360.0,24,361.8295,0.8,Moderate,FMS_MARITIME,2026-04-06
2022-12-18,74,HFO,55.29,16.5,396.0,24,434.7805,0.66,Rough,FMS_MARITIME,2026-04-06
2022-12-19,74,HFO,83.52,11.4,273.6,24,950.5895,0.98,Rough,FMS_MARITIME,2026-04-06
2022-12-20,74,LSMGO,59.33,11.0,264.0,24,699.8243,0.59,Calm,FMS_MARITIME,2026-04-06
2022-12-21,74,LSMGO,36.32,16.7,400.8,24,282.1868,0.95,Moderate,FMS_MARITIME,2026-04-06
2022-12-22,74,LNG,58.94,13.5,324.0,24,566.4789,0.76,Rough,FMS_MARITIME,2026-04-06
2022-12-23,74,LNG,35.45,11.8,283.2,24,389.7998,0.83,Rough,FMS_MARITIME,2026-04-06
2022-12-24,74,HFO,49.13,9.3,223.2,24,685.4427,0.7,Rough,FMS_MARITIME,2026-04-06
2022-12-25,74,LSMGO,16.22,10.2,244.8,24,206.3279,0.41,Moderate,FMS_MARITIME,2026-04-06
2022-12-26,74,MGO,66.9,9.2,220.8,24,943.5082,0.49,Calm,FMS_MARITIME,2026-04-06
2022-12-27,74,LSMGO,50.34,17.6,422.4,24,371.1145,0.47,Moderate,FMS_MARITIME,2026-04-06
2022-12-28,74,HFO,72.21,14.1,338.4,24,664.4856,0.61,Calm,FMS_MARITIME,2026-04-06
2022-12-28,74,LSMGO,63.71,11.3,271.2,24,731.5374,0.58,Calm,FMS_MARITIME,2026-04-06
2022-12-28,74,LSMGO,63.93,17.6,422.4,24,471.3021,0.63,Calm,FMS_MARITIME,2026-04-06
2022-12-01,75,MGO,18.22,13.6,326.4,24,173.8268,0.68,Rough,FMS_MARITIME,2026-04-06
2022-12-02,75,MGO,33.09,14.8,355.2,24,290.0965,0.48,Calm,FMS_MARITIME,2026-04-06
2022-12-03,75,LSMGO,72.67,16.3,391.2,24,578.4621,0.98,Moderate,FMS_MARITIME,2026-04-06
2022-12-04,75,LSMGO,61.21,11.5,276.0,24,690.6085,0.98,Moderate,FMS_MARITIME,2026-04-06
2022-12-05,75,LSMGO,47.82,8.7,208.8,24,713.1776,0.53,Calm,FMS_MARITIME,2026-04-06
2022-12-06,75,HFO,26.96,11.5,276.0,24,304.1791,0.67,Calm,FMS_MARITIME,2026-04-06
2022-12-07,75,LNG,35.41,10.7,256.8,24,429.3876,0.85,Moderate,FMS_MARITIME,2026-04-06
2022-12-08,75,LSMGO,59.74,10.0,240.0,24,775.1265,0.55,Calm,FMS_MARITIME,2026-04-06
2022-12-09,75,LSMGO,50.63,17.3,415.2,24,379.725,0.93,Calm,FMS_MARITIME,2026-04-06
2022-12-10,75,HFO,61.65,9.5,228.0,24,842.0092,0.41,Moderate,FMS_MARITIME,2026-04-06
2022-12-11,75,LNG,29.9,13.2,316.8,24,293.9034,0.64,Calm,FMS_MARITIME,2026-04-06
2022-12-12,75,LSMGO,26.09,14.1,338.4,24,240.0835,0.77,Calm,FMS_MARITIME,2026-04-06
2022-12-13,75,LNG,54.68,16.5,396.0,24,429.9836,0.94,Moderate,FMS_MARITIME,2026-04-06
2022-12-14,75,LSMGO,20.32,15.3,367.2,24,172.3216,0.97,Moderate,FMS_MARITIME,2026-04-06
2022-12-15,75,LSMGO,42.58,15.2,364.8,24,363.4707,0.67,Rough,FMS_MARITIME,2026-04-06
2022-12-16,75,HFO,72.2,8.6,206.4,24,1089.2965,0.99,Moderate,FMS_MARITIME,2026-04-06
2022-12-17,75,LNG,45.81,17.2,412.8,24,345.5725,0.72,Calm,FMS_MARITIME,2026-04-06
2022-12-18,75,LSMGO,21.53,8.2,196.8,24,340.6729,0.68,Rough,FMS_MARITIME,2026-04-06
2022-12-19,75,HFO,35.12,17.0,408.0,24,268.0482,0.51,Moderate,FMS_MARITIME,2026-04-06
2022-12-20,75,HFO,39.19,13.3,319.2,24,382.3235,0.56,Rough,FMS_MARITIME,2026-04-06
2022-12-21,75,LSMGO,25.35,11.3,271.2,24,291.0763,0.54,Moderate,FMS_MARITIME,2026-04-06
2022-12-22,75,VLSFO,67.66,16.7,400.8,24,525.6817,0.82,Calm,FMS_MARITIME,2026-04-06
2022-12-23,75,LNG,78.95,10.2,244.8,24,1004.2904,0.68,Calm,FMS_MARITIME,2026-04-06
2022-12-24,75,MGO,80.03,17.4,417.6,24,596.7754,0.76,Moderate,FMS_MARITIME,2026-04-06
2022-12-25,75,LSMGO,75.71,11.8,283.2,24,832.4892,0.86,Moderate,FMS_MARITIME,2026-04-06
2022-12-26,75,HFO,72.75,9.1,218.4,24,1037.2871,0.81,Rough,FMS_MARITIME,2026-04-06
2022-12-27,75,MGO,17.1,11.4,273.6,24,194.625,0.62,Calm,FMS_MARITIME,2026-04-06
2022-12-28,75,LSMGO,55.85,8.3,199.2,24,873.0768,0.93,Rough,FMS_MARITIME,2026-04-06
2022-12-28,75,LNG,15.69,9.8,235.2,24,207.7324,0.75,Rough,FMS_MARITIME,2026-04-06
2022-12-28,75,HFO,83.17,8.8,211.2,24,1226.2849,0.63,Calm,FMS_MARITIME,2026-04-06
2022-12-01,76,HFO,15.05,17.3,415.2,24,112.875,0.74,Moderate,FMS_MARITIME,2026-04-06
2022-12-02,76,MGO,15.98,9.7,232.8,24,213.7531,0.48,Calm,FMS_MARITIME,2026-04-06
2022-12-03,76,VLSFO,33.67,12.5,300.0,24,349.4946,0.68,Calm,FMS_MARITIME,2026-04-06
2022-12-04,76,MGO,63.16,14.5,348.0,24,565.1731,0.98,Rough,FMS_MARITIME,2026-04-06
2022-12-05,76,HFO,50.32,13.2,316.8,24,494.6227,0.49,Moderate,FMS_MARITIME,2026-04-06
2022-12-06,76,VLSFO,16.64,14.2,340.8,24,152.0451,0.78,Rough,FMS_MARITIME,2026-04-06
2022-12-07,76,HFO,51.72,15.9,381.6,24,422.0547,0.62,Calm,FMS_MARITIME,2026-04-06
2022-12-08,76,VLSFO,50.97,9.7,232.8,24,681.7894,0.72,Calm,FMS_MARITIME,2026-04-06
2022-12-09,76,VLSFO,71.68,13.4,321.6,24,694.0657,0.55,Rough,FMS_MARITIME,2026-04-06
2022-12-10,76,LSMGO,42.46,16.5,396.0,24,333.89,0.78,Rough,FMS_MARITIME,2026-04-06
2022-12-11,76,LNG,17.65,10.6,254.4,24,216.046,0.63,Rough,FMS_MARITIME,2026-04-06
2022-12-12,76,VLSFO,45.16,10.9,261.6,24,537.5697,0.54,Calm,FMS_MARITIME,2026-04-06
2022-12-13,76,MGO,80.33,16.9,405.6,24,616.7348,0.96,Moderate,FMS_MARITIME,2026-04-06
2022-12-14,76,MGO,23.83,10.2,244.8,24,303.1316,0.57,Rough,FMS_MARITIME,2026-04-06
2022-12-15,76,HFO,41.95,11.4,273.6,24,477.4572,0.7,Moderate,FMS_MARITIME,2026-04-06
2022-12-16,76,MGO,35.7,14.9,357.6,24,310.8775,0.51,Calm,FMS_MARITIME,2026-04-06
2022-12-17,76,HFO,54.23,10.9,261.6,24,645.536,0.82,Moderate,FMS_MARITIME,2026-04-06
2022-12-18,76,LNG,17.08,16.0,384.0,24,138.5081,0.76,Rough,FMS_MARITIME,2026-04-06
2022-12-19,76,HFO,21.76,9.6,230.4,24,294.1,0.42,Moderate,FMS_MARITIME,2026-04-06
2022-12-20,76,LNG,15.26,15.2,364.8,24,130.2622,0.72,Calm,FMS_MARITIME,2026-04-06
2022-12-21,76,VLSFO,61.31,12.0,288.0,24,662.9144,0.43,Calm,FMS_MARITIME,2026-04-06
2022-12-22,76,LSMGO,58.34,13.7,328.8,24,552.5266,0.47,Rough,FMS_MARITIME,2026-04-06
2022-12-23,76,VLSFO,66.72,8.4,201.6,24,1030.5857,0.79,Calm,FMS_MARITIME,2026-04-06
2022-12-24,76,LSMGO,46.34,13.1,314.4,24,458.9782,0.5,Calm,FMS_MARITIME,2026-04-06
2022-12-25,76,VLSFO,58.41,15.8,379.2,24,479.6644,0.63,Moderate,FMS_MARITIME,2026-04-06
2022-12-26,76,LSMGO,57.41,11.9,285.6,24,625.962,0.5,Rough,FMS_MARITIME,2026-04-06
2022-12-27,76,LNG,49.58,13.9,333.6,24,462.8061,0.74,Rough,FMS_MARITIME,2026-04-06
2022-12-28,76,MGO,74.04,17.9,429.6,24,536.6866,0.81,Rough,FMS_MARITIME,2026-04-06
2022-12-28,76,HFO,42.08,12.5,300.0,24,436.7904,0.61,Moderate,FMS_MARITIME,2026-04-06
2022-12-28,76,MGO,53.99,15.0,360.0,24,467.0135,0.75,Rough,FMS_MARITIME,2026-04-06
2022-12-01,77,MGO,36.0,9.1,218.4,24,513.2967,0.87,Calm,FMS_MARITIME,2026-04-06
2022-12-02,77,HFO,58.62,11.3,271.2,24,673.0925,0.43,Moderate,FMS_MARITIME,2026-04-06
2022-12-03,77,MGO,40.96,17.3,415.2,24,307.2,0.88,Calm,FMS_MARITIME,2026-04-06
2022-12-04,77,LNG,24.04,8.8,211.2,24,354.4534,0.42,Calm,FMS_MARITIME,2026-04-06
2022-12-05,77,LNG,59.36,15.6,374.4,24,493.7154,0.56,Rough,FMS_MARITIME,2026-04-06
2022-12-06,77,MGO,44.37,12.9,309.6,24,446.2797,0.45,Calm,FMS_MARITIME,2026-04-06
2022-12-07,77,HFO,25.71,15.5,372.0,24,215.2176,0.51,Calm,FMS_MARITIME,2026-04-06
2022-12-08,77,MGO,20.5,12.0,288.0,24,221.6562,0.86,Moderate,FMS_MARITIME,2026-04-06
2022-12-09,77,LSMGO,68.74,17.0,408.0,24,524.6479,0.94,Rough,FMS_MARITIME,2026-04-06
2022-12-10,77,HFO,78.73,16.2,388.8,24,630.569,0.74,Calm,FMS_MARITIME,2026-04-06
2022-12-11,77,HFO,19.92,13.0,312.0,24,198.8169,0.91,Calm,FMS_MARITIME,2026-04-06
2022-12-12,77,VLSFO,18.47,14.0,336.0,24,171.1773,0.64,Calm,FMS_MARITIME,2026-04-06
2022-12-13,77,LNG,65.55,11.4,273.6,24,746.0625,0.58,Moderate,FMS_MARITIME,2026-04-06
2022-12-14,77,MGO,49.63,17.8,427.2,24,361.7692,0.88,Rough,FMS_MARITIME,2026-04-06
2022-12-15,77,MGO,55.41,13.1,314.4,24,548.8128,0.9,Moderate,FMS_MARITIME,2026-04-06
2022-12-16,77,LSMGO,17.99,8.8,211.2,24,265.2503,0.5,Moderate,FMS_MARITIME,2026-04-06
2022-12-17,77,VLSFO,78.53,8.5,204.0,24,1198.7374,0.89,Calm,FMS_MARITIME,2026-04-06
2022-12-18,77,LSMGO,23.83,9.8,235.2,24,315.5043,0.48,Moderate,FMS_MARITIME,2026-04-06
2022-12-19,77,HFO,61.98,11.6,278.4,24,693.2677,0.78,Rough,FMS_MARITIME,2026-04-06
2022-12-20,77,LNG,46.61,14.9,357.6,24,405.8824,0.88,Rough,FMS_MARITIME,2026-04-06
2022-12-21,77,HFO,22.8,10.0,240.0,24,295.83,0.88,Rough,FMS_MARITIME,2026-04-06
2022-12-22,77,VLSFO,80.25,12.0,288.0,24,867.7031,0.84,Rough,FMS_MARITIME,2026-04-06
2022-12-23,77,LSMGO,50.72,17.5,420.0,24,376.0526,0.58,Rough,FMS_MARITIME,2026-04-06
2022-12-24,77,HFO,41.8,9.1,218.4,24,595.9945,0.44,Rough,FMS_MARITIME,2026-04-06
2022-12-25,77,LNG,50.09,8.3,199.2,24,783.0334,0.76,Calm,FMS_MARITIME,2026-04-06
2022-12-26,77,HFO,28.67,17.1,410.4,24,217.5399,0.79,Rough,FMS_MARITIME,2026-04-06
2022-12-27,77,VLSFO,65.35,15.0,360.0,24,565.2775,0.47,Moderate,FMS_MARITIME,2026-04-06
2022-12-28,77,MGO,24.81,12.8,307.2,24,251.492,1.0,Calm,FMS_MARITIME,2026-04-06
2022-12-28,77,LSMGO,60.73,8.8,211.2,24,895.4224,0.45,Rough,FMS_MARITIME,2026-04-06
2022-12-28,77,LNG,80.15,15.5,372.0,24,670.9331,0.47,Rough,FMS_MARITIME,2026-04-06
2022-12-01,78,HFO,70.49,15.7,376.8,24,582.5527,0.64,Rough,FMS_MARITIME,2026-04-06
2022-12-02,78,LNG,75.96,9.7,232.8,24,1016.0629,0.53,Calm,FMS_MARITIME,2026-04-06
2022-12-03,78,VLSFO,77.76,12.1,290.4,24,833.8314,0.95,Calm,FMS_MARITIME,2026-04-06
2022-12-04,78,VLSFO,77.59,9.5,228.0,24,1059.7161,0.54,Rough,FMS_MARITIME,2026-04-06
2022-12-05,78,LNG,24.62,16.5,396.0,24,193.6027,0.82,Rough,FMS_MARITIME,2026-04-06
2022-12-06,78,HFO,41.44,9.8,235.2,24,548.6571,0.46,Moderate,FMS_MARITIME,2026-04-06
2022-12-07,78,LNG,15.3,11.9,285.6,24,166.8214,0.69,Rough,FMS_MARITIME,2026-04-06
2022-12-08,78,LNG,19.61,14.3,343.2,24,177.9299,0.83,Calm,FMS_MARITIME,2026-04-06
2022-12-09,78,HFO,26.43,17.1,410.4,24,200.5434,0.95,Rough,FMS_MARITIME,2026-04-06
2022-12-10,78,HFO,45.85,16.4,393.6,24,362.7462,0.91,Moderate,FMS_MARITIME,2026-04-06
2022-12-11,78,HFO,64.29,15.5,372.0,24,538.1695,0.65,Rough,FMS_MARITIME,2026-04-06
2022-12-12,78,MGO,59.48,14.8,355.2,24,521.4547,0.54,Moderate,FMS_MARITIME,2026-04-06
2022-12-13,78,VLSFO,73.93,14.1,338.4,24,680.3133,0.44,Moderate,FMS_MARITIME,2026-04-06
2022-12-14,78,HFO,33.05,8.6,206.4,24,498.6323,0.65,Moderate,FMS_MARITIME,2026-04-06
2022-12-15,78,LSMGO,34.61,13.3,319.2,24,337.6427,0.88,Rough,FMS_MARITIME,2026-04-06
2022-12-16,78,LSMGO,30.28,15.9,381.6,24,247.0962,0.9,Calm,FMS_MARITIME,2026-04-06
2022-12-17,78,VLSFO,43.81,17.6,422.4,24,322.9743,0.91,Moderate,FMS_MARITIME,2026-04-06
2022-12-18,78,MGO,63.9,13.1,314.4,24,632.9027,0.64,Calm,FMS_MARITIME,2026-04-06
2022-12-19,78,MGO,49.39,12.2,292.8,24,525.2748,0.57,Moderate,FMS_MARITIME,2026-04-06
2022-12-20,78,MGO,48.7,14.5,348.0,24,435.781,0.67,Rough,FMS_MARITIME,2026-04-06
2022-12-21,78,LSMGO,59.76,13.6,326.4,24,570.1368,0.46,Calm,FMS_MARITIME,2026-04-06
2022-12-22,78,VLSFO,17.33,13.9,333.6,24,161.7674,0.98,Rough,FMS_MARITIME,2026-04-06
2022-12-23,78,LNG,73.65,17.9,429.6,24,533.8596,0.57,Rough,FMS_MARITIME,2026-04-06
2022-12-24,78,MGO,72.3,16.0,384.0,24,586.3078,0.65,Moderate,FMS_MARITIME,2026-04-06
2022-12-25,78,HFO,26.94,18.0,432.0,24,194.1925,0.72,Moderate,FMS_MARITIME,2026-04-06
2022-12-26,78,LNG,32.98,12.9,309.6,24,331.7174,0.51,Moderate,FMS_MARITIME,2026-04-06
2022-12-27,78,LNG,32.36,12.4,297.6,24,338.6056,0.76,Moderate,FMS_MARITIME,2026-04-06
2022-12-28,78,MGO,55.35,11.1,266.4,24,646.9966,1.0,Moderate,FMS_MARITIME,2026-04-06
2022-12-28,78,HFO,16.24,10.1,242.4,24,208.6277,0.68,Calm,FMS_MARITIME,2026-04-06
2022-12-28,78,LNG,50.99,14.7,352.8,24,450.0648,0.72,Calm,FMS_MARITIME,2026-04-06
2022-12-01,79,MGO,82.31,10.6,254.4,24,1007.521,0.99,Moderate,FMS_MARITIME,2026-04-06
2022-12-02,79,LNG,47.84,9.0,216.0,24,689.6933,0.75,Rough,FMS_MARITIME,2026-04-06
2022-12-03,79,VLSFO,22.04,12.4,297.6,24,230.6202,0.61,Rough,FMS_MARITIME,2026-04-06
2022-12-04,79,LNG,38.0,8.0,192.0,24,616.3125,0.71,Calm,FMS_MARITIME,2026-04-06
2022-12-05,79,LSMGO,48.19,12.7,304.8,24,492.3348,0.84,Calm,FMS_MARITIME,2026-04-06
2022-12-06,79,LSMGO,52.47,15.5,372.0,24,439.2247,0.93,Rough,FMS_MARITIME,2026-04-06
2022-12-07,79,LSMGO,75.94,17.8,427.2,24,553.5514,0.5,Moderate,FMS_MARITIME,2026-04-06
2022-12-08,79,LNG,71.84,9.7,232.8,24,960.9526,0.98,Rough,FMS_MARITIME,2026-04-06
2022-12-09,79,LNG,37.83,11.5,276.0,24,426.8211,0.86,Moderate,FMS_MARITIME,2026-04-06
2022-12-10,79,HFO,30.95,14.0,336.0,24,286.8402,0.71,Calm,FMS_MARITIME,2026-04-06
2022-12-11,79,LNG,30.08,17.4,417.6,24,224.3034,0.59,Moderate,FMS_MARITIME,2026-04-06
2022-12-12,79,MGO,83.2,15.6,374.4,24,692.0,0.95,Calm,FMS_MARITIME,2026-04-06
2022-12-13,79,HFO,77.03,10.0,240.0,24,999.4642,0.98,Calm,FMS_MARITIME,2026-04-06
2022-12-14,79,LSMGO,43.84,9.3,223.2,24,611.6387,0.96,Rough,FMS_MARITIME,2026-04-06
2022-12-15,79,LNG,62.54,13.9,333.6,24,583.7817,0.45,Rough,FMS_MARITIME,2026-04-06
2022-12-16,79,VLSFO,61.16,16.6,398.4,24,478.0428,0.52,Rough,FMS_MARITIME,2026-04-06
2022-12-17,79,LNG,72.2,15.9,381.6,24,589.1792,0.71,Rough,FMS_MARITIME,2026-04-06
2022-12-18,79,HFO,48.88,13.4,321.6,24,473.297,0.84,Moderate,FMS_MARITIME,2026-04-06
2022-12-19,79,VLSFO,78.25,14.0,336.0,24,725.2098,0.58,Calm,FMS_MARITIME,2026-04-06
2022-12-20,79,HFO,83.71,11.0,264.0,24,987.3975,0.94,Rough,FMS_MARITIME,2026-04-06
2022-12-21,79,LSMGO,57.76,8.6,206.4,24,871.4372,0.67,Moderate,FMS_MARITIME,2026-04-06
2022-12-22,79,HFO,74.56,10.7,256.8,24,904.1271,0.83,Calm,FMS_MARITIME,2026-04-06
2022-12-23,79,LNG,53.72,13.5,324.0,24,516.3089,0.51,Rough,FMS_MARITIME,2026-04-06
2022-12-24,79,VLSFO,41.55,12.9,309.6,24,417.9157,0.74,Rough,FMS_MARITIME,2026-04-06
2022-12-25,79,LSMGO,56.38,14.4,345.6,24,508.0073,0.41,Rough,FMS_MARITIME,2026-04-06
2022-12-26,79,MGO,64.51,16.6,398.4,24,504.2273,0.67,Calm,FMS_MARITIME,2026-04-06
2022-12-27,79,MGO,42.81,12.9,309.6,24,430.589,0.91,Moderate,FMS_MARITIME,2026-04-06
2022-12-28,79,LSMGO,81.88,16.9,405.6,24,628.6349,0.77,Moderate,FMS_MARITIME,2026-04-06
2022-12-28,79,HFO,74.63,11.0,264.0,24,880.2948,0.91,Moderate,FMS_MARITIME,2026-04-06
2022-12-28,79,HFO,32.62,11.3,271.2,24,374.5527,0.51,Calm,FMS_MARITIME,2026-04-06
2022-12-01,80,HFO,31.67,13.4,321.6,24,306.6554,0.77,Rough,FMS_MARITIME,2026-04-06
2022-12-02,80,VLSFO,82.19,17.2,412.8,24,620.0089,0.93,Rough,FMS_MARITIME,2026-04-06
2022-12-03,80,LNG,84.32,10.7,256.8,24,1022.4785,0.96,Rough,FMS_MARITIME,2026-04-06
2022-12-04,80,MGO,29.44,8.5,204.0,24,449.3929,0.83,Moderate,FMS_MARITIME,2026-04-06
2022-12-05,80,VLSFO,54.74,12.9,309.6,24,550.5826,0.8,Calm,FMS_MARITIME,2026-04-06
2022-12-06,80,VLSFO,46.39,12.7,304.8,24,473.9451,0.68,Calm,FMS_MARITIME,2026-04-06
2022-12-07,80,LNG,26.67,10.8,259.2,24,320.4104,0.84,Moderate,FMS_MARITIME,2026-04-06
2022-12-08,80,HFO,31.47,13.5,324.0,24,302.4617,0.92,Moderate,FMS_MARITIME,2026-04-06
2022-12-09,80,LNG,57.8,12.4,297.6,24,604.8024,0.69,Rough,FMS_MARITIME,2026-04-06
2022-12-10,80,LNG,40.11,11.3,271.2,24,460.5551,0.52,Calm,FMS_MARITIME,2026-04-06
2022-12-11,80,LNG,30.93,8.8,211.2,24,456.0418,0.83,Calm,FMS_MARITIME,2026-04-06
2022-12-12,80,HFO,35.24,15.2,364.8,24,300.8151,0.45,Calm,FMS_MARITIME,2026-04-06
2022-12-13,80,HFO,58.2,17.6,422.4,24,429.0597,0.83,Rough,FMS_MARITIME,2026-04-06
2022-12-14,80,MGO,69.46,10.0,240.0,24,901.2435,0.52,Moderate,FMS_MARITIME,2026-04-06
2022-12-15,80,MGO,47.24,10.6,254.4,24,578.2443,0.55,Rough,FMS_MARITIME,2026-04-06
2022-12-16,80,MGO,24.38,9.8,235.2,24,322.7862,0.6,Rough,FMS_MARITIME,2026-04-06
2022-12-17,80,MGO,64.54,11.3,271.2,24,741.0677,0.6,Calm,FMS_MARITIME,2026-04-06
2022-12-18,80,VLSFO,71.53,9.9,237.6,24,937.4765,0.72,Rough,FMS_MARITIME,2026-04-06
2022-12-19,80,VLSFO,27.77,9.0,216.0,24,400.3508,0.71,Rough,FMS_MARITIME,2026-04-06
2022-12-20,80,LNG,32.53,9.8,235.2,24,430.6906,0.65,Moderate,FMS_MARITIME,2026-04-06
2022-12-21,80,MGO,30.05,9.9,237.6,24,393.8371,0.92,Calm,FMS_MARITIME,2026-04-06
2022-12-22,80,HFO,77.48,11.4,273.6,24,881.8447,0.95,Moderate,FMS_MARITIME,2026-04-06
2022-12-23,80,HFO,15.06,13.4,321.6,24,145.8235,0.84,Rough,FMS_MARITIME,2026-04-06
2022-12-24,80,LSMGO,39.78,9.2,220.8,24,561.0277,0.99,Calm,FMS_MARITIME,2026-04-06
2022-12-25,80,HFO,34.28,10.2,244.8,24,436.0618,0.42,Calm,FMS_MARITIME,2026-04-06
2022-12-26,80,HFO,71.93,16.5,396.0,24,565.6314,0.59,Rough,FMS_MARITIME,2026-04-06
2022-12-27,80,LNG,71.04,9.0,216.0,24,1024.16,0.8,Moderate,FMS_MARITIME,2026-04-06
2022-12-28,80,VLSFO,60.06,17.4,417.6,24,447.8612,0.44,Calm,FMS_MARITIME,2026-04-06
2022-12-28,80,HFO,24.98,12.1,290.4,24,267.864,0.76,Rough,FMS_MARITIME,2026-04-06
2022-12-28,80,MGO,28.1,16.9,405.6,24,215.7382,0.49,Moderate,FMS_MARITIME,2026-04-06
2022-12-01,81,LSMGO,83.32,14.5,348.0,24,745.5703,0.73,Calm,FMS_MARITIME,2026-04-06
2022-12-02,81,LNG,48.43,15.5,372.0,24,405.406,0.79,Calm,FMS_MARITIME,2026-04-06
2022-12-03,81,VLSFO,28.87,16.2,388.8,24,231.2273,0.52,Moderate,FMS_MARITIME,2026-04-06
2022-12-04,81,LSMGO,72.76,17.0,408.0,24,555.33,0.54,Calm,FMS_MARITIME,2026-04-06
2022-12-05,81,MGO,19.95,17.7,424.8,24,146.2436,0.73,Calm,FMS_MARITIME,2026-04-06
2022-12-06,81,LNG,68.74,17.6,422.4,24,506.7622,0.42,Moderate,FMS_MARITIME,2026-04-06
2022-12-07,81,VLSFO,20.97,15.5,372.0,24,175.5392,0.92,Moderate,FMS_MARITIME,2026-04-06
2022-12-08,81,LNG,76.2,8.7,208.8,24,1136.431,0.42,Moderate,FMS_MARITIME,2026-04-06
2022-12-09,81,LSMGO,62.78,11.7,280.8,24,696.2141,0.78,Moderate,FMS_MARITIME,2026-04-06
2022-12-10,81,VLSFO,48.91,12.0,288.0,24,528.8394,0.9,Moderate,FMS_MARITIME,2026-04-06
2022-12-11,81,LSMGO,67.09,11.1,266.4,24,784.2277,0.71,Moderate,FMS_MARITIME,2026-04-06
2022-12-12,81,MGO,79.78,16.8,403.2,24,616.158,0.83,Moderate,FMS_MARITIME,2026-04-06
2022-12-13,81,MGO,73.53,17.9,429.6,24,532.9898,0.71,Calm,FMS_MARITIME,2026-04-06
2022-12-14,81,MGO,52.16,10.1,242.4,24,670.0752,0.92,Rough,FMS_MARITIME,2026-04-06
2022-12-15,81,HFO,43.33,15.5,372.0,24,362.714,0.49,Rough,FMS_MARITIME,2026-04-06
2022-12-16,81,LNG,31.7,9.9,237.6,24,415.4621,0.64,Rough,FMS_MARITIME,2026-04-06
2022-12-17,81,HFO,34.0,15.5,372.0,24,284.6129,0.75,Calm,FMS_MARITIME,2026-04-06
2022-12-18,81,VLSFO,74.98,12.8,307.2,24,760.0512,0.65,Rough,FMS_MARITIME,2026-04-06
2022-12-19,81,LNG,58.78,15.1,362.4,24,505.0798,0.69,Moderate,FMS_MARITIME,2026-04-06
2022-12-20,81,LNG,77.73,14.1,338.4,24,715.2814,0.99,Rough,FMS_MARITIME,2026-04-06
2022-12-21,81,HFO,46.14,10.3,247.2,24,581.2296,0.49,Calm,FMS_MARITIME,2026-04-06
2022-12-22,81,LNG,78.19,11.5,276.0,24,882.1872,0.71,Calm,FMS_MARITIME,2026-04-06
2022-12-23,81,LSMGO,28.57,11.9,285.6,24,311.509,0.84,Rough,FMS_MARITIME,2026-04-06
2022-12-24,81,LNG,82.6,17.1,410.4,24,626.7456,0.49,Calm,FMS_MARITIME,2026-04-06
2022-12-25,81,VLSFO,72.02,15.2,364.8,24,614.776,0.53,Rough,FMS_MARITIME,2026-04-06
2022-12-26,81,LSMGO,53.55,14.6,350.4,24,475.8981,0.83,Rough,FMS_MARITIME,2026-04-06
2022-12-27,81,HFO,32.64,12.2,292.8,24,347.1344,0.75,Calm,FMS_MARITIME,2026-04-06
2022-12-28,81,HFO,40.32,10.1,242.4,24,517.9723,0.41,Rough,FMS_MARITIME,2026-04-06
2022-12-28,81,LNG,38.3,8.5,204.0,24,584.6382,0.99,Calm,FMS_MARITIME,2026-04-06
2022-12-28,81,MGO,22.06,16.7,400.8,24,171.3943,0.99,Calm,FMS_MARITIME,2026-04-06
2022-12-01,82,HFO,22.03,12.5,300.0,24,228.6714,0.42,Rough,FMS_MARITIME,2026-04-06
2022-12-02,82,LSMGO,53.29,11.1,266.4,24,622.9169,0.71,Moderate,FMS_MARITIME,2026-04-06
2022-12-03,82,VLSFO,20.13,17.6,422.4,24,148.4016,0.54,Rough,FMS_MARITIME,2026-04-06
2022-12-04,82,VLSFO,37.69,16.3,391.2,24,300.017,0.75,Rough,FMS_MARITIME,2026-04-06
2022-12-05,82,HFO,25.73,13.8,331.2,24,241.9179,0.56,Calm,FMS_MARITIME,2026-04-06
2022-12-06,82,HFO,50.09,8.5,204.0,24,764.6091,0.98,Rough,FMS_MARITIME,2026-04-06
2022-12-07,82,LSMGO,49.64,15.2,364.8,24,423.7362,0.52,Moderate,FMS_MARITIME,2026-04-06
2022-12-08,82,LNG,69.27,15.1,362.4,24,595.2174,0.89,Moderate,FMS_MARITIME,2026-04-06
2022-12-09,82,HFO,46.8,14.7,352.8,24,413.0816,0.53,Calm,FMS_MARITIME,2026-04-06
2022-12-10,82,VLSFO,79.06,11.5,276.0,24,892.003,0.79,Moderate,FMS_MARITIME,2026-04-06
2022-12-11,82,MGO,74.0,14.5,348.0,24,662.1724,0.97,Moderate,FMS_MARITIME,2026-04-06
2022-12-12,82,HFO,73.89,15.5,372.0,24,618.5308,0.43,Moderate,FMS_MARITIME,2026-04-06
2022-12-13,82,LNG,52.94,11.4,273.6,24,602.5408,0.99,Moderate,FMS_MARITIME,2026-04-06
2022-12-14,82,VLSFO,69.3,10.1,242.4,24,890.2649,0.47,Calm,FMS_MARITIME,2026-04-06
2022-12-15,82,LSMGO,29.74,8.2,196.8,24,470.5811,0.56,Moderate,FMS_MARITIME,2026-04-06
2022-12-16,82,HFO,37.79,16.8,403.2,24,291.8603,0.79,Rough,FMS_MARITIME,2026-04-06
2022-12-17,82,LSMGO,25.03,13.6,326.4,24,238.7972,0.92,Rough,FMS_MARITIME,2026-04-06
2022-12-18,82,VLSFO,71.22,14.2,340.8,24,650.7602,0.4,Rough,FMS_MARITIME,2026-04-06
2022-12-19,82,HFO,74.37,17.4,417.6,24,554.5694,0.65,Moderate,FMS_MARITIME,2026-04-06
2022-12-20,82,LSMGO,54.51,17.1,410.4,24,413.6066,0.93,Moderate,FMS_MARITIME,2026-04-06
2022-12-21,82,MGO,15.29,12.0,288.0,24,165.3231,0.71,Moderate,FMS_MARITIME,2026-04-06
2022-12-22,82,HFO,48.46,17.0,408.0,24,369.8638,0.78,Rough,FMS_MARITIME,2026-04-06
2022-12-23,82,MGO,19.21,10.3,247.2,24,241.99,0.65,Calm,FMS_MARITIME,2026-04-06
2022-12-24,82,HFO,54.01,14.5,348.0,24,483.2964,0.82,Moderate,FMS_MARITIME,2026-04-06
2022-12-25,82,HFO,18.5,15.2,364.8,24,157.9194,0.46,Rough,FMS_MARITIME,2026-04-06
2022-12-26,82,MGO,57.27,9.3,223.2,24,799.0089,0.71,Moderate,FMS_MARITIME,2026-04-06
2022-12-27,82,LNG,44.74,17.2,412.8,24,337.5009,0.87,Moderate,FMS_MARITIME,2026-04-06
2022-12-28,82,MGO,22.77,9.0,216.0,24,328.2675,0.45,Moderate,FMS_MARITIME,2026-04-06
2022-12-28,82,HFO,76.28,9.7,232.8,24,1020.3433,0.6,Calm,FMS_MARITIME,2026-04-06
2022-12-28,82,MGO,74.11,8.2,196.8,24,1172.6552,0.59,Moderate,FMS_MARITIME,2026-04-06
2022-12-01,83,LNG,82.53,12.0,288.0,24,892.3556,0.93,Rough,FMS_MARITIME,2026-04-06
2022-12-02,83,VLSFO,41.17,8.3,199.2,24,643.5913,0.66,Rough,FMS_MARITIME,2026-04-06
2022-12-03,83,HFO,57.83,15.9,381.6,24,471.9146,0.72,Rough,FMS_MARITIME,2026-04-06
2022-12-04,83,HFO,26.7,15.1,362.4,24,229.4255,0.69,Rough,FMS_MARITIME,2026-04-06
2022-12-05,83,LSMGO,33.0,11.1,266.4,24,385.7432,0.97,Calm,FMS_MARITIME,2026-04-06
2022-12-06,83,VLSFO,40.13,14.0,336.0,24,371.9191,0.46,Moderate,FMS_MARITIME,2026-04-06
2022-12-07,83,MGO,66.49,13.7,328.8,24,629.7137,0.71,Moderate,FMS_MARITIME,2026-04-06
2022-12-08,83,HFO,56.98,14.0,336.0,24,528.0825,0.98,Rough,FMS_MARITIME,2026-04-06
2022-12-09,83,LSMGO,46.78,15.9,381.6,24,381.7425,0.54,Moderate,FMS_MARITIME,2026-04-06
2022-12-10,83,HFO,65.96,17.9,429.6,24,478.1179,0.74,Moderate,FMS_MARITIME,2026-04-06
2022-12-11,83,LSMGO,82.73,17.8,427.2,24,603.0459,0.72,Moderate,FMS_MARITIME,2026-04-06
2022-12-12,83,HFO,50.15,12.1,290.4,24,537.7655,0.66,Moderate,FMS_MARITIME,2026-04-06
2022-12-13,83,HFO,82.17,15.1,362.4,24,706.0634,0.97,Rough,FMS_MARITIME,2026-04-06
2022-12-14,83,LNG,36.42,15.7,376.8,24,300.9869,0.46,Rough,FMS_MARITIME,2026-04-06
2022-12-15,83,LSMGO,20.74,15.1,362.4,24,178.2129,0.73,Rough,FMS_MARITIME,2026-04-06
2022-12-16,83,VLSFO,38.03,11.1,266.4,24,444.5399,0.79,Calm,FMS_MARITIME,2026-04-06
2022-12-17,83,LNG,53.96,11.3,271.2,24,619.585,0.43,Moderate,FMS_MARITIME,2026-04-06
2022-12-18,83,HFO,71.29,9.1,218.4,24,1016.4701,1.0,Calm,FMS_MARITIME,2026-04-06
2022-12-19,83,VLSFO,68.12,14.1,338.4,24,626.8489,0.41,Rough,FMS_MARITIME,2026-04-06
2022-12-20,83,HFO,64.6,9.8,235.2,24,855.2908,0.61,Moderate,FMS_MARITIME,2026-04-06
2022-12-21,83,LNG,41.96,17.5,420.0,24,311.1034,0.58,Calm,FMS_MARITIME,2026-04-06
2022-12-22,83,MGO,74.36,11.2,268.8,24,861.4473,0.43,Moderate,FMS_MARITIME,2026-04-06
2022-12-23,83,HFO,47.99,9.9,237.6,24,628.9598,0.89,Rough,FMS_MARITIME,2026-04-06
2022-12-24,83,LSMGO,63.24,8.5,204.0,24,965.34,0.73,Calm,FMS_MARITIME,2026-04-06
2022-12-25,83,LSMGO,29.33,17.4,417.6,24,218.7108,0.48,Rough,FMS_MARITIME,2026-04-06
2022-12-26,83,LNG,71.36,15.1,362.4,24,613.1762,0.87,Calm,FMS_MARITIME,2026-04-06
2022-12-27,83,VLSFO,43.32,13.1,314.4,24,429.0664,0.62,Rough,FMS_MARITIME,2026-04-06
2022-12-28,83,MGO,70.07,12.8,307.2,24,710.2799,0.82,Rough,FMS_MARITIME,2026-04-06
2022-12-28,83,HFO,33.09,9.3,223.2,24,461.6589,0.98,Moderate,FMS_MARITIME,2026-04-06
2022-12-28,83,HFO,30.86,13.6,326.4,24,294.418,0.84,Moderate,FMS_MARITIME,2026-04-06
2022-12-01,84,VLSFO,58.19,16.3,391.2,24,463.1995,0.49,Rough,FMS_MARITIME,2026-04-06
2022-12-02,84,HFO,74.44,9.1,218.4,24,1061.3835,0.45,Rough,FMS_MARITIME,2026-04-06
2022-12-03,84,LSMGO,69.16,13.6,326.4,24,659.8169,0.8,Calm,FMS_MARITIME,2026-04-06
2022-12-04,84,VLSFO,79.03,12.0,288.0,24,854.5119,0.95,Moderate,FMS_MARITIME,2026-04-06
2022-12-05,84,MGO,41.68,14.1,338.4,24,383.5447,0.85,Calm,FMS_MARITIME,2026-04-06
2022-12-06,84,LNG,28.11,8.3,199.2,24,439.4304,0.88,Calm,FMS_MARITIME,2026-04-06
2022-12-07,84,MGO,66.09,14.1,338.4,24,608.1686,0.7,Moderate,FMS_MARITIME,2026-04-06
2022-12-08,84,LSMGO,43.67,16.9,405.6,24,335.2771,0.45,Moderate,FMS_MARITIME,2026-04-06
2022-12-09,84,LNG,61.55,11.8,283.2,24,676.7892,0.98,Rough,FMS_MARITIME,2026-04-06
2022-12-10,84,LSMGO,59.03,10.9,261.6,24,702.6736,0.42,Calm,FMS_MARITIME,2026-04-06
2022-12-11,84,MGO,80.56,13.5,324.0,24,774.2711,0.67,Moderate,FMS_MARITIME,2026-04-06
2022-12-12,84,VLSFO,84.47,13.2,316.8,24,830.3017,0.49,Calm,FMS_MARITIME,2026-04-06
2022-12-13,84,LSMGO,61.17,8.5,204.0,24,933.7421,0.52,Rough,FMS_MARITIME,2026-04-06
2022-12-14,84,LSMGO,80.17,8.3,199.2,24,1253.2599,0.6,Moderate,FMS_MARITIME,2026-04-06
2022-12-15,84,MGO,81.66,16.6,398.4,24,638.2762,0.53,Moderate,FMS_MARITIME,2026-04-06
2022-12-16,84,HFO,34.35,13.0,312.0,24,342.8394,0.82,Rough,FMS_MARITIME,2026-04-06
2022-12-17,84,LSMGO,40.73,15.0,360.0,24,352.3145,0.96,Rough,FMS_MARITIME,2026-04-06
2022-12-18,84,MGO,65.86,13.8,331.2,24,619.2272,0.92,Rough,FMS_MARITIME,2026-04-06
2022-12-19,84,VLSFO,19.86,15.6,374.4,24,165.1817,0.56,Calm,FMS_MARITIME,2026-04-06
2022-12-20,84,LNG,31.66,12.3,295.2,24,333.9744,0.72,Rough,FMS_MARITIME,2026-04-06
2022-12-21,84,HFO,25.11,10.8,259.2,24,301.6687,0.91,Calm,FMS_MARITIME,2026-04-06
2022-12-22,84,LSMGO,41.84,9.2,220.8,24,590.0804,0.51,Moderate,FMS_MARITIME,2026-04-06
2022-12-23,84,LSMGO,55.42,14.9,357.6,24,482.6003,0.77,Moderate,FMS_MARITIME,2026-04-06
2022-12-24,84,LNG,32.03,13.5,324.0,24,307.8439,0.96,Moderate,FMS_MARITIME,2026-04-06
2022-12-25,84,VLSFO,83.7,15.5,372.0,24,700.65,0.85,Moderate,FMS_MARITIME,2026-04-06
2022-12-26,84,MGO,16.36,15.2,364.8,24,139.652,0.44,Moderate,FMS_MARITIME,2026-04-06
2022-12-27,84,HFO,83.38,10.0,240.0,24,1081.8555,0.97,Moderate,FMS_MARITIME,2026-04-06
2022-12-28,84,HFO,19.84,8.1,194.4,24,317.8074,0.58,Calm,FMS_MARITIME,2026-04-06
2022-12-28,84,MGO,51.7,14.7,352.8,24,456.3316,0.69,Moderate,FMS_MARITIME,2026-04-06
2022-12-28,84,LSMGO,78.78,16.1,386.4,24,634.8885,0.93,Moderate,FMS_MARITIME,2026-04-06
2022-12-01,85,HFO,81.52,9.1,218.4,24,1162.3319,0.49,Calm,FMS_MARITIME,2026-04-06
2022-12-02,85,MGO,63.97,10.6,254.4,24,783.029,0.81,Calm,FMS_MARITIME,2026-04-06
2022-12-03,85,VLSFO,16.97,11.1,266.4,24,198.3655,0.49,Rough,FMS_MARITIME,2026-04-06
2022-12-04,85,LNG,38.55,8.3,199.2,24,602.634,0.93,Moderate,FMS_MARITIME,2026-04-06
2022-12-05,85,MGO,25.47,14.1,338.4,24,234.3782,0.89,Calm,FMS_MARITIME,2026-04-06
2022-12-06,85,HFO,82.94,9.7,232.8,24,1109.4294,0.61,Moderate,FMS_MARITIME,2026-04-06
2022-12-07,85,HFO,49.91,16.7,400.8,24,387.7738,0.41,Rough,FMS_MARITIME,2026-04-06
2022-12-08,85,VLSFO,79.62,8.7,208.8,24,1187.4362,0.57,Rough,FMS_MARITIME,2026-04-06
2022-12-09,85,VLSFO,71.31,9.4,225.6,24,984.3056,0.49,Rough,FMS_MARITIME,2026-04-06
2022-12-10,85,VLSFO,26.62,9.9,237.6,24,348.8833,0.71,Calm,FMS_MARITIME,2026-04-06
2022-12-11,85,VLSFO,65.78,11.9,285.6,24,717.2231,1.0,Moderate,FMS_MARITIME,2026-04-06
2022-12-12,85,HFO,19.09,13.3,319.2,24,186.2352,0.44,Rough,FMS_MARITIME,2026-04-06
2022-12-13,85,LNG,47.03,12.7,304.8,24,480.4837,0.99,Rough,FMS_MARITIME,2026-04-06
2022-12-14,85,MGO,41.88,17.1,410.4,24,317.7737,0.57,Calm,FMS_MARITIME,2026-04-06
2022-12-15,85,MGO,21.74,12.8,307.2,24,220.3723,0.49,Rough,FMS_MARITIME,2026-04-06
2022-12-16,85,HFO,44.36,12.0,288.0,24,479.6425,0.7,Moderate,FMS_MARITIME,2026-04-06
2022-12-17,85,HFO,44.71,9.1,218.4,24,637.486,0.72,Moderate,FMS_MARITIME,2026-04-06
2022-12-18,85,VLSFO,63.61,14.7,352.8,24,561.4556,0.89,Rough,FMS_MARITIME,2026-04-06
2022-12-19,85,HFO,34.51,13.9,333.6,24,322.1347,0.71,Calm,FMS_MARITIME,2026-04-06
2022-12-20,85,LSMGO,17.86,10.2,244.8,24,227.1897,0.68,Calm,FMS_MARITIME,2026-04-06
2022-12-21,85,LNG,24.87,14.9,357.6,24,216.5693,0.98,Rough,FMS_MARITIME,2026-04-06
2022-12-22,85,VLSFO,32.92,13.6,326.4,24,314.0713,0.55,Calm,FMS_MARITIME,2026-04-06
2022-12-23,85,MGO,65.41,13.6,326.4,24,624.0403,0.84,Calm,FMS_MARITIME,2026-04-06
2022-12-24,85,LNG,78.22,17.8,427.2,24,570.1711,0.52,Rough,FMS_MARITIME,2026-04-06
2022-12-25,85,LNG,64.98,16.0,384.0,24,526.9472,0.91,Calm,FMS_MARITIME,2026-04-06
2022-12-26,85,VLSFO,75.16,14.7,352.8,24,663.402,0.74,Calm,FMS_MARITIME,2026-04-06
2022-12-27,85,LSMGO,35.16,9.8,235.2,24,465.5112,0.69,Moderate,FMS_MARITIME,2026-04-06
2022-12-28,85,LSMGO,74.05,8.5,204.0,24,1130.3515,0.63,Moderate,FMS_MARITIME,2026-04-06
2022-12-28,85,LSMGO,67.45,17.9,429.6,24,488.9183,0.85,Calm,FMS_MARITIME,2026-04-06
2022-12-28,85,HFO,74.53,13.7,328.8,24,705.8589,0.43,Moderate,FMS_MARITIME,2026-04-06
2022-12-01,86,VLSFO,56.66,9.0,216.0,24,816.8483,0.56,Calm,FMS_MARITIME,2026-04-06
2022-12-02,86,HFO,43.36,10.6,254.4,24,530.7509,0.51,Rough,FMS_MARITIME,2026-04-06
2022-12-03,86,LNG,22.54,12.6,302.4,24,232.1083,0.6,Calm,FMS_MARITIME,2026-04-06
2022-12-04,86,VLSFO,71.2,11.5,276.0,24,803.3217,0.48,Calm,FMS_MARITIME,2026-04-06
2022-12-05,86,HFO,39.04,14.2,340.8,24,356.7211,0.75,Calm,FMS_MARITIME,2026-04-06
2022-12-06,86,VLSFO,30.17,16.1,386.4,24,243.1402,0.56,Rough,FMS_MARITIME,2026-04-06
2022-12-07,86,LSMGO,67.27,15.9,381.6,24,548.9486,0.67,Rough,FMS_MARITIME,2026-04-06
2022-12-08,86,VLSFO,73.07,15.9,381.6,24,596.2788,0.91,Rough,FMS_MARITIME,2026-04-06
2022-12-09,86,LSMGO,71.04,10.0,240.0,24,921.744,0.93,Calm,FMS_MARITIME,2026-04-06
2022-12-10,86,MGO,37.5,11.0,264.0,24,442.3295,0.59,Moderate,FMS_MARITIME,2026-04-06
2022-12-11,86,MGO,39.46,17.8,427.2,24,287.6368,0.95,Rough,FMS_MARITIME,2026-04-06
2022-12-12,86,VLSFO,25.12,8.9,213.6,24,366.2157,0.96,Rough,FMS_MARITIME,2026-04-06
2022-12-13,86,LSMGO,22.8,15.3,367.2,24,193.3529,0.99,Calm,FMS_MARITIME,2026-04-06
2022-12-14,86,LNG,69.13,18.0,432.0,24,498.3121,0.54,Calm,FMS_MARITIME,2026-04-06
2022-12-15,86,HFO,81.79,16.7,400.8,24,635.4642,0.56,Moderate,FMS_MARITIME,2026-04-06
2022-12-16,86,HFO,56.69,17.2,412.8,24,427.6469,0.65,Rough,FMS_MARITIME,2026-04-06
2022-12-17,86,MGO,76.35,9.7,232.8,24,1021.2796,0.58,Rough,FMS_MARITIME,2026-04-06
2022-12-18,86,LNG,32.78,9.9,237.6,24,429.6167,0.92,Moderate,FMS_MARITIME,2026-04-06
2022-12-19,86,LNG,31.54,11.0,264.0,24,372.0286,0.72,Calm,FMS_MARITIME,2026-04-06
2022-12-20,86,MGO,39.75,13.5,324.0,24,382.0417,0.69,Calm,FMS_MARITIME,2026-04-06
2022-12-21,86,VLSFO,83.11,17.3,415.2,24,623.325,1.0,Rough,FMS_MARITIME,2026-04-06
2022-12-22,86,HFO,83.14,15.4,369.6,24,700.4815,0.79,Calm,FMS_MARITIME,2026-04-06
2022-12-23,86,VLSFO,74.86,11.2,268.8,24,867.2397,0.79,Calm,FMS_MARITIME,2026-04-06
2022-12-24,86,MGO,65.73,18.0,432.0,24,473.8038,0.75,Rough,FMS_MARITIME,2026-04-06
2022-12-25,86,VLSFO,56.68,17.0,408.0,24,432.6018,0.58,Rough,FMS_MARITIME,2026-04-06
2022-12-26,86,VLSFO,45.79,13.1,314.4,24,453.5307,0.88,Calm,FMS_MARITIME,2026-04-06
2022-12-27,86,VLSFO,45.59,14.8,355.2,24,399.6826,0.97,Moderate,FMS_MARITIME,2026-04-06
2022-12-28,86,MGO,80.15,14.5,348.0,24,717.2043,0.93,Rough,FMS_MARITIME,2026-04-06
2022-12-28,86,HFO,69.1,14.6,350.4,24,614.0908,0.52,Moderate,FMS_MARITIME,2026-04-06
2022-12-28,86,MGO,43.03,11.1,266.4,24,502.9858,0.73,Rough,FMS_MARITIME,2026-04-06
2022-12-01,87,VLSFO,24.6,11.2,268.8,24,284.9866,0.91,Rough,FMS_MARITIME,2026-04-06
2022-12-02,87,LSMGO,58.16,17.2,412.8,24,438.736,0.54,Moderate,FMS_MARITIME,2026-04-06
2022-12-03,87,VLSFO,27.86,18.0,432.0,24,200.8242,0.64,Calm,FMS_MARITIME,2026-04-06
2022-12-04,87,LNG,71.1,15.0,360.0,24,615.015,0.94,Moderate,FMS_MARITIME,2026-04-06
2022-12-05,87,LNG,19.22,11.0,264.0,24,226.7086,0.74,Moderate,FMS_MARITIME,2026-04-06
2022-12-06,87,HFO,72.61,12.4,297.6,24,759.77,0.58,Moderate,FMS_MARITIME,2026-04-06
2022-12-07,87,VLSFO,77.4,10.5,252.0,24,956.4429,0.66,Moderate,FMS_MARITIME,2026-04-06
2022-12-08,87,MGO,18.65,8.6,206.4,24,281.3765,0.77,Moderate,FMS_MARITIME,2026-04-06
2022-12-09,87,LSMGO,35.09,8.2,196.8,24,555.2351,0.97,Rough,FMS_MARITIME,2026-04-06
2022-12-10,87,VLSFO,27.39,14.5,348.0,24,245.0933,0.9,Rough,FMS_MARITIME,2026-04-06
2022-12-11,87,LNG,30.13,16.8,403.2,24,232.7004,0.61,Calm,FMS_MARITIME,2026-04-06
2022-12-12,87,MGO,81.75,9.6,230.4,24,1104.9023,0.78,Moderate,FMS_MARITIME,2026-04-06
2022-12-13,87,HFO,39.41,14.0,336.0,24,365.2462,0.51,Moderate,FMS_MARITIME,2026-04-06
2022-12-14,87,LNG,19.24,9.9,237.6,24,252.1606,0.71,Moderate,FMS_MARITIME,2026-04-06
2022-12-15,87,VLSFO,69.01,9.9,237.6,24,904.4492,0.71,Calm,FMS_MARITIME,2026-04-06
2022-12-16,87,HFO,66.31,9.3,223.2,24,925.1315,0.88,Rough,FMS_MARITIME,2026-04-06
2022-12-17,87,LNG,62.62,12.5,300.0,24,649.9956,0.53,Rough,FMS_MARITIME,2026-04-06
2022-12-18,87,VLSFO,40.6,13.8,331.2,24,381.7283,0.87,Rough,FMS_MARITIME,2026-04-06
2022-12-19,87,HFO,58.54,14.4,345.6,24,527.4698,0.95,Moderate,FMS_MARITIME,2026-04-06
2022-12-20,87,VLSFO,24.57,8.4,201.6,24,379.5188,0.48,Calm,FMS_MARITIME,2026-04-06
2022-12-21,87,VLSFO,53.14,17.8,427.2,24,387.3548,0.46,Calm,FMS_MARITIME,2026-04-06
2022-12-22,87,LNG,42.79,14.5,348.0,24,382.8967,0.94,Calm,FMS_MARITIME,2026-04-06
2022-12-23,87,LSMGO,50.32,16.6,398.4,24,393.3145,0.42,Calm,FMS_MARITIME,2026-04-06
2022-12-24,87,VLSFO,51.21,17.4,417.6,24,381.8677,0.46,Moderate,FMS_MARITIME,2026-04-06
2022-12-25,87,VLSFO,65.27,13.4,321.6,24,631.9987,0.98,Moderate,FMS_MARITIME,2026-04-06
2022-12-26,87,MGO,19.22,17.3,415.2,24,144.15,0.65,Moderate,FMS_MARITIME,2026-04-06
2022-12-27,87,HFO,79.47,15.3,367.2,24,673.9368,0.8,Rough,FMS_MARITIME,2026-04-06
2022-12-28,87,LSMGO,36.01,14.0,336.0,24,333.7355,0.76,Rough,FMS_MARITIME,2026-04-06
2022-12-28,87,VLSFO,67.86,15.7,376.8,24,560.8175,1.0,Calm,FMS_MARITIME,2026-04-06
2022-12-28,87,LSMGO,23.07,15.2,364.8,24,196.9298,0.68,Rough,FMS_MARITIME,2026-04-06
2022-12-01,88,MGO,83.12,10.9,261.6,24,989.433,0.82,Calm,FMS_MARITIME,2026-04-06
2022-12-02,88,LNG,17.67,12.6,302.4,24,181.9589,0.42,Rough,FMS_MARITIME,2026-04-06
2022-12-03,88,LNG,80.02,12.9,309.6,24,804.8523,0.99,Rough,FMS_MARITIME,2026-04-06
2022-12-04,88,LSMGO,53.98,14.9,357.6,24,470.0607,0.91,Calm,FMS_MARITIME,2026-04-06
2022-12-05,88,HFO,29.15,11.9,285.6,24,317.833,0.81,Rough,FMS_MARITIME,2026-04-06
2022-12-06,88,LNG,83.29,13.1,314.4,24,824.9525,0.68,Calm,FMS_MARITIME,2026-04-06
2022-12-07,88,LSMGO,48.61,17.9,429.6,24,352.3546,0.49,Moderate,FMS_MARITIME,2026-04-06
2022-12-08,88,LSMGO,60.11,8.2,196.8,24,951.1308,0.87,Calm,FMS_MARITIME,2026-04-06
2022-12-09,88,VLSFO,55.83,17.1,410.4,24,423.6224,0.82,Calm,FMS_MARITIME,2026-04-06
2022-12-10,88,LSMGO,31.16,16.3,391.2,24,248.0374,0.53,Rough,FMS_MARITIME,2026-04-06
2022-12-11,88,HFO,79.25,14.4,345.6,24,714.0755,0.55,Calm,FMS_MARITIME,2026-04-06
2022-12-12,88,HFO,26.14,17.4,417.6,24,194.9233,0.69,Moderate,FMS_MARITIME,2026-04-06
2022-12-13,88,LNG,71.86,12.2,292.8,24,764.2488,0.75,Rough,FMS_MARITIME,2026-04-06
2022-12-14,88,LNG,26.36,14.5,348.0,24,235.8766,0.95,Calm,FMS_MARITIME,2026-04-06
2022-12-15,88,LNG,59.15,10.9,261.6,24,704.1021,0.69,Moderate,FMS_MARITIME,2026-04-06
2022-12-16,88,LNG,23.86,12.5,300.0,24,247.6668,0.42,Calm,FMS_MARITIME,2026-04-06
2022-12-17,88,MGO,81.41,12.9,309.6,24,818.8331,0.7,Calm,FMS_MARITIME,2026-04-06
2022-12-18,88,MGO,47.45,8.4,201.6,24,732.933,0.5,Calm,FMS_MARITIME,2026-04-06
2022-12-19,88,LNG,80.83,16.1,386.4,24,651.4095,0.56,Rough,FMS_MARITIME,2026-04-06
2022-12-20,88,LNG,71.66,10.6,254.4,24,877.159,0.52,Moderate,FMS_MARITIME,2026-04-06
2022-12-21,88,HFO,70.32,12.4,297.6,24,735.8081,0.62,Rough,FMS_MARITIME,2026-04-06
2022-12-22,88,MGO,44.11,13.0,312.0,24,440.2517,0.82,Moderate,FMS_MARITIME,2026-04-06
2022-12-23,88,MGO,25.13,18.0,432.0,24,181.1454,0.89,Calm,FMS_MARITIME,2026-04-06
2022-12-24,88,VLSFO,79.99,9.8,235.2,24,1059.0513,0.54,Calm,FMS_MARITIME,2026-04-06
2022-12-25,88,LNG,27.97,10.6,254.4,24,342.3686,0.91,Moderate,FMS_MARITIME,2026-04-06
2022-12-26,88,LNG,56.32,17.8,427.2,24,410.5348,0.89,Calm,FMS_MARITIME,2026-04-06
2022-12-27,88,LSMGO,20.62,12.6,302.4,24,212.3369,0.65,Calm,FMS_MARITIME,2026-04-06
2022-12-28,88,VLSFO,66.42,12.3,295.2,24,700.65,0.6,Moderate,FMS_MARITIME,2026-04-06
2022-12-28,88,HFO,69.3,8.9,213.6,24,1010.3006,0.49,Moderate,FMS_MARITIME,2026-04-06
2022-12-28,88,VLSFO,82.39,11.2,268.8,24,954.4734,0.43,Calm,FMS_MARITIME,2026-04-06
2022-12-01,89,LNG,43.77,17.6,422.4,24,322.6794,0.51,Moderate,FMS_MARITIME,2026-04-06
2022-12-02,89,LSMGO,21.7,9.4,225.6,24,299.5293,0.44,Moderate,FMS_MARITIME,2026-04-06
2022-12-03,89,LNG,76.13,14.3,343.2,24,690.76,0.7,Rough,FMS_MARITIME,2026-04-06
2022-12-04,89,MGO,38.3,9.3,223.2,24,534.3468,0.7,Moderate,FMS_MARITIME,2026-04-06
2022-12-05,89,LSMGO,16.15,11.0,264.0,24,190.4966,0.59,Moderate,FMS_MARITIME,2026-04-06
2022-12-06,89,HFO,43.48,15.8,379.2,24,357.0589,0.94,Rough,FMS_MARITIME,2026-04-06
2022-12-07,89,VLSFO,67.02,15.3,367.2,24,568.3559,0.73,Calm,FMS_MARITIME,2026-04-06
2022-12-08,89,MGO,34.03,12.8,307.2,24,344.9525,0.88,Calm,FMS_MARITIME,2026-04-06
2022-12-09,89,HFO,69.9,8.9,213.6,24,1019.0478,0.59,Moderate,FMS_MARITIME,2026-04-06
2022-12-10,89,LNG,59.93,9.9,237.6,24,785.4462,0.51,Calm,FMS_MARITIME,2026-04-06
2022-12-11,89,VLSFO,34.95,11.0,264.0,24,412.2511,0.86,Rough,FMS_MARITIME,2026-04-06
2022-12-12,89,LNG,42.44,13.1,314.4,24,420.3504,0.55,Calm,FMS_MARITIME,2026-04-06
2022-12-13,89,LNG,62.05,16.7,400.8,24,482.0951,0.91,Rough,FMS_MARITIME,2026-04-06
2022-12-14,89,LSMGO,42.75,11.6,278.4,24,478.1735,0.55,Moderate,FMS_MARITIME,2026-04-06
2022-12-15,89,LSMGO,20.74,15.9,381.6,24,169.2462,0.8,Moderate,FMS_MARITIME,2026-04-06
2022-12-16,89,LSMGO,16.06,12.2,292.8,24,170.802,0.74,Rough,FMS_MARITIME,2026-04-06
2022-12-17,89,LSMGO,54.81,10.8,259.2,24,658.4813,0.84,Rough,FMS_MARITIME,2026-04-06
2022-12-18,89,VLSFO,59.94,11.0,264.0,24,707.0195,0.55,Calm,FMS_MARITIME,2026-04-06
2022-12-19,89,MGO,67.61,9.7,232.8,24,904.3709,0.51,Moderate,FMS_MARITIME,2026-04-06
2022-12-20,89,HFO,21.69,16.5,396.0,24,170.5623,0.5,Rough,FMS_MARITIME,2026-04-06
2022-12-21,89,MGO,47.28,10.9,261.6,24,562.8055,0.68,Rough,FMS_MARITIME,2026-04-06
2022-12-22,89,MGO,22.91,14.5,348.0,24,205.005,0.58,Moderate,FMS_MARITIME,2026-04-06
2022-12-23,89,HFO,68.42,17.6,422.4,24,504.4031,0.62,Calm,FMS_MARITIME,2026-04-06
2022-12-24,89,HFO,32.95,9.4,225.6,24,454.8152,0.68,Rough,FMS_MARITIME,2026-04-06
2022-12-25,89,LNG,57.94,8.2,196.8,24,916.7945,0.78,Calm,FMS_MARITIME,2026-04-06
2022-12-26,89,MGO,57.83,17.5,420.0,24,428.7681,0.94,Calm,FMS_MARITIME,2026-04-06
2022-12-27,89,LNG,73.31,17.9,429.6,24,531.3951,0.6,Rough,FMS_MARITIME,2026-04-06
2022-12-28,89,HFO,74.24,13.5,324.0,24,713.5289,0.42,Moderate,FMS_MARITIME,2026-04-06
2022-12-28,89,LNG,35.47,9.4,225.6,24,489.5992,0.85,Calm,FMS_MARITIME,2026-04-06
2022-12-28,89,HFO,73.04,10.5,252.0,24,902.5657,0.53,Moderate,FMS_MARITIME,2026-04-06
2022-12-01,90,VLSFO,32.52,11.8,283.2,24,357.5822,0.84,Moderate,FMS_MARITIME,2026-04-06
2022-12-02,90,VLSFO,66.21,16.0,384.0,24,536.9217,0.56,Calm,FMS_MARITIME,2026-04-06
2022-12-03,90,MGO,75.02,14.5,348.0,24,671.2997,0.42,Rough,FMS_MARITIME,2026-04-06
2022-12-04,90,MGO,30.54,15.0,360.0,24,264.171,0.92,Rough,FMS_MARITIME,2026-04-06
2022-12-05,90,VLSFO,32.37,15.7,376.8,24,267.5164,0.86,Calm,FMS_MARITIME,2026-04-06
2022-12-06,90,MGO,65.28,10.4,249.6,24,814.4308,0.64,Rough,FMS_MARITIME,2026-04-06
2022-12-07,90,HFO,37.68,8.1,194.4,24,603.5778,0.83,Calm,FMS_MARITIME,2026-04-06
2022-12-08,90,LSMGO,54.8,11.3,271.2,24,629.2301,0.4,Calm,FMS_MARITIME,2026-04-06
2022-12-09,90,MGO,44.29,11.3,271.2,24,508.5511,0.86,Calm,FMS_MARITIME,2026-04-06
2022-12-10,90,LSMGO,70.86,10.2,244.8,24,901.3809,0.66,Rough,FMS_MARITIME,2026-04-06
2022-12-11,90,HFO,81.49,14.3,343.2,24,739.3935,0.8,Calm,FMS_MARITIME,2026-04-06
2022-12-12,90,MGO,63.09,16.0,384.0,24,511.6205,0.59,Moderate,FMS_MARITIME,2026-04-06
2022-12-13,90,HFO,26.9,11.6,278.4,24,300.8858,0.56,Moderate,FMS_MARITIME,2026-04-06
2022-12-14,90,VLSFO,68.44,18.0,432.0,24,493.3383,0.66,Rough,FMS_MARITIME,2026-04-06
2022-12-15,90,MGO,73.55,9.9,237.6,24,963.9508,0.47,Moderate,FMS_MARITIME,2026-04-06
2022-12-16,90,MGO,57.79,12.0,288.0,24,624.8544,0.9,Moderate,FMS_MARITIME,2026-04-06
2022-12-17,90,HFO,83.54,8.8,211.2,24,1231.7403,0.51,Rough,FMS_MARITIME,2026-04-06
2022-12-18,90,VLSFO,24.21,9.1,218.4,24,345.192,0.5,Moderate,FMS_MARITIME,2026-04-06
2022-12-19,90,VLSFO,59.34,8.5,204.0,24,905.8076,0.57,Rough,FMS_MARITIME,2026-04-06
2022-12-20,90,HFO,79.32,15.5,372.0,24,663.9852,0.56,Moderate,FMS_MARITIME,2026-04-06
2022-12-21,90,MGO,74.53,10.5,252.0,24,920.9779,0.72,Rough,FMS_MARITIME,2026-04-06
2022-12-22,90,LNG,70.09,10.7,256.8,24,849.9231,0.47,Calm,FMS_MARITIME,2026-04-06
2022-12-23,90,HFO,22.19,14.1,338.4,24,204.1952,0.9,Moderate,FMS_MARITIME,2026-04-06
2022-12-24,90,LSMGO,75.19,12.7,304.8,24,768.1813,0.49,Rough,FMS_MARITIME,2026-04-06
2022-12-25,90,LNG,73.58,8.3,199.2,24,1150.2416,0.9,Moderate,FMS_MARITIME,2026-04-06
2022-12-26,90,LNG,23.92,10.0,240.0,24,310.362,0.58,Rough,FMS_MARITIME,2026-04-06
2022-12-27,90,MGO,62.94,12.7,304.8,24,643.0287,0.58,Calm,FMS_MARITIME,2026-04-06
2022-12-28,90,LNG,45.69,11.8,283.2,24,502.3964,0.98,Rough,FMS_MARITIME,2026-04-06
2022-12-28,90,LNG,64.42,13.6,326.4,24,614.5952,0.59,Moderate,FMS_MARITIME,2026-04-06
2022-12-28,90,VLSFO,50.11,11.1,266.4,24,585.7453,0.95,Moderate,FMS_MARITIME,2026-04-06
2022-12-01,91,VLSFO,22.16,11.1,266.4,24,259.0324,0.42,Calm,FMS_MARITIME,2026-04-06
2022-12-02,91,HFO,49.56,15.6,374.4,24,412.2058,0.54,Calm,FMS_MARITIME,2026-04-06
2022-12-03,91,HFO,21.51,14.0,336.0,24,199.3516,0.83,Calm,FMS_MARITIME,2026-04-06
2022-12-04,91,MGO,73.23,12.0,288.0,24,791.7994,0.92,Rough,FMS_MARITIME,2026-04-06
2022-12-05,91,MGO,37.95,12.5,300.0,24,393.921,0.99,Calm,FMS_MARITIME,2026-04-06
2022-12-06,91,HFO,67.76,14.4,345.6,24,610.5458,0.55,Moderate,FMS_MARITIME,2026-04-06
2022-12-07,91,MGO,32.74,12.0,288.0,24,354.0012,0.57,Rough,FMS_MARITIME,2026-04-06
2022-12-08,91,MGO,15.35,11.4,273.6,24,174.7072,0.56,Calm,FMS_MARITIME,2026-04-06
2022-12-09,91,LNG,65.1,16.7,400.8,24,505.7919,0.66,Calm,FMS_MARITIME,2026-04-06
2022-12-10,91,VLSFO,19.16,12.3,295.2,24,202.1146,0.56,Moderate,FMS_MARITIME,2026-04-06
2022-12-11,91,LNG,30.84,14.4,345.6,24,277.8812,0.86,Rough,FMS_MARITIME,2026-04-06
2022-12-12,91,MGO,15.49,12.4,297.6,24,162.0829,0.79,Calm,FMS_MARITIME,2026-04-06
2022-12-13,91,LNG,42.47,10.6,254.4,24,519.8568,0.49,Calm,FMS_MARITIME,2026-04-06
2022-12-14,91,LSMGO,34.69,11.9,285.6,24,378.2376,0.87,Moderate,FMS_MARITIME,2026-04-06
2022-12-15,91,LSMGO,55.71,12.4,297.6,24,582.9333,0.85,Moderate,FMS_MARITIME,2026-04-06
2022-12-16,91,VLSFO,72.6,16.6,398.4,24,567.4608,0.73,Moderate,FMS_MARITIME,2026-04-06
2022-12-17,91,LSMGO,67.88,9.9,237.6,24,889.6394,0.6,Rough,FMS_MARITIME,2026-04-06
2022-12-18,91,MGO,31.69,14.0,336.0,24,293.6984,0.91,Moderate,FMS_MARITIME,2026-04-06
2022-12-19,91,VLSFO,40.96,14.9,357.6,24,356.6819,0.59,Moderate,FMS_MARITIME,2026-04-06
2022-12-20,91,VLSFO,65.51,8.2,196.8,24,1036.5759,0.96,Moderate,FMS_MARITIME,2026-04-06
2022-12-21,91,MGO,51.51,11.5,276.0,24,581.1672,0.62,Rough,FMS_MARITIME,2026-04-06
2022-12-22,91,LNG,21.54,16.8,403.2,24,166.358,0.9,Moderate,FMS_MARITIME,2026-04-06
2022-12-23,91,VLSFO,67.61,13.6,326.4,24,645.0292,0.65,Rough,FMS_MARITIME,2026-04-06
2022-12-24,91,HFO,62.73,14.5,348.0,24,561.3253,0.44,Calm,FMS_MARITIME,2026-04-06
2022-12-25,91,VLSFO,72.05,16.9,405.6,24,553.1649,0.85,Rough,FMS_MARITIME,2026-04-06
2022-12-26,91,LSMGO,42.11,15.0,360.0,24,364.2515,0.67,Calm,FMS_MARITIME,2026-04-06
2022-12-27,91,HFO,52.21,16.7,400.8,24,405.6436,0.66,Rough,FMS_MARITIME,2026-04-06
2022-12-28,91,MGO,36.96,8.1,194.4,24,592.0444,0.65,Moderate,FMS_MARITIME,2026-04-06
2022-12-28,91,VLSFO,64.5,13.1,314.4,24,638.8454,0.62,Moderate,FMS_MARITIME,2026-04-06
2022-12-28,91,LSMGO,36.79,8.5,204.0,24,561.5885,0.43,Moderate,FMS_MARITIME,2026-04-06
2022-12-01,92,LNG,63.72,8.3,199.2,24,996.1048,0.62,Calm,FMS_MARITIME,2026-04-06
2022-12-02,92,LNG,33.06,16.5,396.0,24,259.9718,0.52,Moderate,FMS_MARITIME,2026-04-06
2022-12-03,92,MGO,78.81,15.5,372.0,24,659.716,0.77,Calm,FMS_MARITIME,2026-04-06
2022-12-04,92,MGO,21.66,15.7,376.8,24,179.0054,0.8,Moderate,FMS_MARITIME,2026-04-06
2022-12-05,92,VLSFO,56.62,11.2,268.8,24,655.9326,0.98,Moderate,FMS_MARITIME,2026-04-06
2022-12-06,92,LSMGO,30.16,15.3,367.2,24,255.7686,0.79,Calm,FMS_MARITIME,2026-04-06
2022-12-07,92,LNG,83.17,9.6,230.4,24,1124.0945,0.94,Calm,FMS_MARITIME,2026-04-06
2022-12-08,92,LSMGO,36.57,15.6,374.4,24,304.1639,0.51,Moderate,FMS_MARITIME,2026-04-06
2022-12-09,92,VLSFO,64.67,14.4,345.6,24,582.7036,0.63,Moderate,FMS_MARITIME,2026-04-06
2022-12-10,92,LNG,71.21,14.0,336.0,24,659.9641,0.56,Calm,FMS_MARITIME,2026-04-06
2022-12-11,92,VLSFO,22.82,8.9,213.6,24,332.6848,0.77,Moderate,FMS_MARITIME,2026-04-06
2022-12-12,92,LNG,48.26,9.0,216.0,24,695.7483,0.91,Moderate,FMS_MARITIME,2026-04-06
2022-12-13,92,LSMGO,33.49,9.3,223.2,24,467.2395,0.62,Rough,FMS_MARITIME,2026-04-06
2022-12-14,92,LSMGO,41.2,10.6,254.4,24,504.3113,0.8,Rough,FMS_MARITIME,2026-04-06
2022-12-15,92,LSMGO,70.48,11.9,285.6,24,768.4689,0.67,Rough,FMS_MARITIME,2026-04-06
2022-12-16,92,MGO,74.46,8.6,206.4,24,1123.3936,0.75,Calm,FMS_MARITIME,2026-04-06
2022-12-17,92,LSMGO,72.49,13.9,333.6,24,676.6603,0.81,Rough,FMS_MARITIME,2026-04-06
2022-12-18,92,LNG,44.95,9.0,216.0,24,648.0292,0.81,Moderate,FMS_MARITIME,2026-04-06
2022-12-19,92,MGO,69.9,13.4,321.6,24,676.8302,0.68,Moderate,FMS_MARITIME,2026-04-06
2022-12-20,92,HFO,36.48,8.2,196.8,24,577.2293,0.57,Rough,FMS_MARITIME,2026-04-06
2022-12-21,92,HFO,61.96,15.8,379.2,24,508.8171,0.86,Rough,FMS_MARITIME,2026-04-06
2022-12-22,92,VLSFO,55.64,11.9,285.6,24,606.663,0.97,Calm,FMS_MARITIME,2026-04-06
2022-12-23,92,MGO,22.38,12.5,300.0,24,232.3044,0.53,Calm,FMS_MARITIME,2026-04-06
2022-12-24,92,LSMGO,44.75,16.9,405.6,24,343.5688,0.46,Rough,FMS_MARITIME,2026-04-06
2022-12-25,92,HFO,65.25,9.9,237.6,24,855.1705,0.76,Calm,FMS_MARITIME,2026-04-06
2022-12-26,92,VLSFO,42.0,13.4,321.6,24,406.6791,0.72,Rough,FMS_MARITIME,2026-04-06
2022-12-27,92,HFO,17.66,14.0,336.0,24,163.6704,0.53,Calm,FMS_MARITIME,2026-04-06
2022-12-28,92,VLSFO,80.02,14.6,350.4,24,711.1366,0.82,Moderate,FMS_MARITIME,2026-04-06
2022-12-28,92,LNG,83.62,13.7,328.8,24,791.9485,0.74,Calm,FMS_MARITIME,2026-04-06
2022-12-28,92,VLSFO,80.31,10.8,259.2,24,964.8354,0.65,Rough,FMS_MARITIME,2026-04-06
2022-12-01,93,MGO,44.49,13.1,314.4,24,440.6548,0.88,Calm,FMS_MARITIME,2026-04-06
2022-12-02,93,LSMGO,39.0,15.9,381.6,24,318.2547,0.98,Calm,FMS_MARITIME,2026-04-06
2022-12-03,93,MGO,39.38,8.9,213.6,24,574.1073,0.86,Rough,FMS_MARITIME,2026-04-06
2022-12-04,93,LSMGO,60.44,9.2,220.8,24,852.4011,0.64,Rough,FMS_MARITIME,2026-04-06
2022-12-05,93,LSMGO,61.03,17.9,429.6,24,442.3823,0.82,Calm,FMS_MARITIME,2026-04-06
2022-12-06,93,LNG,37.91,13.2,316.8,24,372.6381,0.76,Rough,FMS_MARITIME,2026-04-06
2022-12-07,93,HFO,43.88,13.9,333.6,24,409.5993,0.57,Moderate,FMS_MARITIME,2026-04-06
2022-12-08,93,HFO,38.29,15.7,376.8,24,316.4412,0.85,Moderate,FMS_MARITIME,2026-04-06
2022-12-09,93,VLSFO,68.74,16.9,405.6,24,527.7524,0.62,Moderate,FMS_MARITIME,2026-04-06
2022-12-10,93,MGO,37.12,11.5,276.0,24,418.8104,0.88,Calm,FMS_MARITIME,2026-04-06
2022-12-11,93,VLSFO,55.49,10.0,240.0,24,719.9828,0.79,Rough,FMS_MARITIME,2026-04-06
2022-12-12,93,MGO,83.06,10.9,261.6,24,988.7188,0.96,Moderate,FMS_MARITIME,2026-04-06
2022-12-13,93,HFO,78.71,12.3,295.2,24,830.2945,0.61,Calm,FMS_MARITIME,2026-04-06
2022-12-14,93,LNG,37.75,10.7,256.8,24,457.7629,0.65,Calm,FMS_MARITIME,2026-04-06
2022-12-15,93,LNG,38.43,8.1,194.4,24,615.5917,0.83,Calm,FMS_MARITIME,2026-04-06
2022-12-16,93,MGO,79.13,13.5,324.0,24,760.5272,0.67,Rough,FMS_MARITIME,2026-04-06
2022-12-17,93,HFO,29.16,10.0,240.0,24,378.351,0.9,Moderate,FMS_MARITIME,2026-04-06
2022-12-18,93,LNG,57.62,12.0,288.0,24,623.0162,0.92,Moderate,FMS_MARITIME,2026-04-06
2022-12-19,93,HFO,70.3,13.6,326.4,24,670.693,0.71,Moderate,FMS_MARITIME,2026-04-06
2022-12-20,93,LNG,21.22,12.3,295.2,24,223.8451,0.67,Rough,FMS_MARITIME,2026-04-06
2022-12-21,93,LNG,84.68,17.9,429.6,24,613.8117,0.99,Rough,FMS_MARITIME,2026-04-06
2022-12-22,93,MGO,79.49,8.0,192.0,24,1289.2284,0.84,Calm,FMS_MARITIME,2026-04-06
2022-12-23,93,MGO,84.58,17.4,417.6,24,630.7043,0.98,Rough,FMS_MARITIME,2026-04-06
2022-12-24,93,LSMGO,42.2,11.6,278.4,24,472.0216,0.64,Rough,FMS_MARITIME,2026-04-06
2022-12-25,93,LSMGO,72.6,13.6,326.4,24,692.636,0.46,Moderate,FMS_MARITIME,2026-04-06
2022-12-26,93,LNG,26.0,17.6,422.4,24,191.6761,0.66,Rough,FMS_MARITIME,2026-04-06
2022-12-27,93,VLSFO,79.79,15.4,369.6,24,672.2567,0.42,Moderate,FMS_MARITIME,2026-04-06
2022-12-28,93,MGO,59.52,8.8,211.2,24,877.5818,0.53,Rough,FMS_MARITIME,2026-04-06
2022-12-28,93,MGO,71.01,10.6,254.4,24,869.2026,0.94,Calm,FMS_MARITIME,2026-04-06
2022-12-28,93,LNG,83.21,12.5,300.0,24,863.7198,0.7,Moderate,FMS_MARITIME,2026-04-06
2022-12-01,94,LNG,74.26,15.2,364.8,24,633.897,0.89,Moderate,FMS_MARITIME,2026-04-06
2022-12-02,94,VLSFO,76.17,13.6,326.4,24,726.6954,0.61,Rough,FMS_MARITIME,2026-04-06
2022-12-03,94,VLSFO,82.54,17.6,422.4,24,608.498,0.83,Calm,FMS_MARITIME,2026-04-06
2022-12-04,94,HFO,32.31,17.6,422.4,24,238.1945,0.9,Moderate,FMS_MARITIME,2026-04-06
2022-12-05,94,VLSFO,42.19,14.4,345.6,24,380.1495,0.44,Calm,FMS_MARITIME,2026-04-06
2022-12-06,94,HFO,57.13,12.8,307.2,24,579.1107,0.97,Moderate,FMS_MARITIME,2026-04-06
2022-12-07,94,MGO,62.05,12.8,307.2,24,628.9834,0.59,Rough,FMS_MARITIME,2026-04-06
2022-12-08,94,LSMGO,44.5,15.2,364.8,24,379.8602,0.94,Calm,FMS_MARITIME,2026-04-06
2022-12-09,94,HFO,32.47,16.2,388.8,24,260.0606,0.95,Rough,FMS_MARITIME,2026-04-06
2022-12-10,94,VLSFO,42.76,13.9,333.6,24,399.1446,0.74,Moderate,FMS_MARITIME,2026-04-06
2022-12-11,94,LNG,84.27,9.0,216.0,24,1214.8925,0.99,Rough,FMS_MARITIME,2026-04-06
2022-12-12,94,LNG,45.39,15.1,362.4,24,390.0233,0.45,Rough,FMS_MARITIME,2026-04-06
2022-12-13,94,LSMGO,64.77,8.5,204.0,24,988.695,0.99,Moderate,FMS_MARITIME,2026-04-06
2022-12-14,94,VLSFO,50.99,8.1,194.4,24,816.7843,0.45,Moderate,FMS_MARITIME,2026-04-06
2022-12-15,94,LSMGO,25.61,13.3,319.2,24,249.8419,0.59,Rough,FMS_MARITIME,2026-04-06
2022-12-16,94,LSMGO,76.46,14.4,345.6,24,688.9365,0.83,Rough,FMS_MARITIME,2026-04-06
2022-12-17,94,VLSFO,52.26,17.6,422.4,24,385.269,0.73,Moderate,FMS_MARITIME,2026-04-06
2022-12-18,94,MGO,73.53,12.3,295.2,24,775.6518,0.45,Moderate,FMS_MARITIME,2026-04-06
2022-12-19,94,HFO,24.84,11.3,271.2,24,285.2204,1.0,Rough,FMS_MARITIME,2026-04-06
2022-12-20,94,HFO,58.53,8.1,194.4,24,937.5639,0.59,Moderate,FMS_MARITIME,2026-04-06
2022-12-21,94,LNG,31.56,14.3,343.2,24,286.3573,0.81,Rough,FMS_MARITIME,2026-04-06
2022-12-22,94,VLSFO,66.67,9.9,237.6,24,873.7811,0.94,Moderate,FMS_MARITIME,2026-04-06
2022-12-23,94,VLSFO,84.6,17.2,412.8,24,638.189,0.7,Rough,FMS_MARITIME,2026-04-06
2022-12-24,94,LNG,44.53,14.4,345.6,24,401.2339,0.58,Moderate,FMS_MARITIME,2026-04-06
2022-12-25,94,HFO,52.52,13.8,331.2,24,493.8022,0.48,Rough,FMS_MARITIME,2026-04-06
2022-12-26,94,MGO,52.87,15.8,379.2,24,434.1698,0.68,Rough,FMS_MARITIME,2026-04-06
2022-12-27,94,HFO,72.9,14.3,343.2,24,661.4528,0.61,Moderate,FMS_MARITIME,2026-04-06
2022-12-28,94,VLSFO,57.41,12.7,304.8,24,586.5313,0.76,Rough,FMS_MARITIME,2026-04-06
2022-12-28,94,MGO,22.07,12.2,292.8,24,234.7199,0.49,Moderate,FMS_MARITIME,2026-04-06
2022-12-28,94,LSMGO,64.44,13.0,312.0,24,643.1608,0.6,Moderate,FMS_MARITIME,2026-04-06
2022-12-01,95,LSMGO,64.02,9.3,223.2,24,893.1823,0.7,Rough,FMS_MARITIME,2026-04-06
2022-12-02,95,LNG,47.07,17.1,410.4,24,357.1539,0.9,Moderate,FMS_MARITIME,2026-04-06
2022-12-03,95,HFO,32.93,16.2,388.8,24,263.7449,0.79,Moderate,FMS_MARITIME,2026-04-06
2022-12-04,95,VLSFO,82.81,12.2,292.8,24,880.7047,0.8,Moderate,FMS_MARITIME,2026-04-06
2022-12-05,95,LSMGO,33.5,11.3,271.2,24,384.6571,0.48,Calm,FMS_MARITIME,2026-04-06
2022-12-06,95,LSMGO,56.82,14.1,338.4,24,522.8649,0.58,Moderate,FMS_MARITIME,2026-04-06
2022-12-07,95,LSMGO,79.83,14.9,357.6,24,695.1639,0.9,Calm,FMS_MARITIME,2026-04-06
2022-12-08,95,VLSFO,43.57,11.7,280.8,24,483.1801,0.82,Rough,FMS_MARITIME,2026-04-06
2022-12-09,95,HFO,17.6,9.8,235.2,24,233.0204,0.65,Calm,FMS_MARITIME,2026-04-06
2022-12-10,95,VLSFO,45.64,16.7,400.8,24,354.5982,0.51,Calm,FMS_MARITIME,2026-04-06
2022-12-11,95,VLSFO,51.01,9.8,235.2,24,675.362,0.57,Calm,FMS_MARITIME,2026-04-06
2022-12-12,95,MGO,59.36,8.6,206.4,24,895.5767,0.92,Calm,FMS_MARITIME,2026-04-06
2022-12-13,95,VLSFO,58.32,14.9,357.6,24,507.8537,0.65,Rough,FMS_MARITIME,2026-04-06
2022-12-14,95,MGO,21.15,8.6,206.4,24,319.0945,0.51,Rough,FMS_MARITIME,2026-04-06
2022-12-15,95,VLSFO,83.05,15.7,376.8,24,686.3527,0.81,Rough,FMS_MARITIME,2026-04-06
2022-12-16,95,VLSFO,39.26,9.8,235.2,24,519.7944,0.67,Calm,FMS_MARITIME,2026-04-06
2022-12-17,95,HFO,55.19,16.0,384.0,24,447.5564,0.59,Moderate,FMS_MARITIME,2026-04-06
2022-12-18,95,VLSFO,77.48,11.0,264.0,24,913.9118,0.49,Moderate,FMS_MARITIME,2026-04-06
2022-12-19,95,VLSFO,65.73,14.9,357.6,24,572.3804,0.61,Moderate,FMS_MARITIME,2026-04-06
2022-12-20,95,MGO,53.93,9.4,225.6,24,744.4061,0.95,Rough,FMS_MARITIME,2026-04-06
2022-12-21,95,LNG,69.92,17.7,424.8,24,512.5492,0.94,Moderate,FMS_MARITIME,2026-04-06
2022-12-22,95,HFO,54.77,17.6,422.4,24,403.7732,0.96,Calm,FMS_MARITIME,2026-04-06
2022-12-23,95,HFO,53.07,17.1,410.4,24,402.6803,0.54,Calm,FMS_MARITIME,2026-04-06
2022-12-24,95,HFO,37.79,14.3,343.2,24,342.8848,0.54,Moderate,FMS_MARITIME,2026-04-06
2022-12-25,95,MGO,73.48,14.2,340.8,24,671.4106,0.68,Moderate,FMS_MARITIME,2026-04-06
2022-12-26,95,HFO,18.58,9.3,223.2,24,259.221,0.83,Rough,FMS_MARITIME,2026-04-06
2022-12-27,95,VLSFO,81.84,15.1,362.4,24,703.2278,0.83,Rough,FMS_MARITIME,2026-04-06
2022-12-28,95,HFO,81.01,16.7,400.8,24,629.404,0.64,Moderate,FMS_MARITIME,2026-04-06
2022-12-28,95,HFO,22.17,10.2,244.8,24,282.0154,0.88,Calm,FMS_MARITIME,2026-04-06
2022-12-28,95,LSMGO,62.38,11.9,285.6,24,680.1517,0.75,Moderate,FMS_MARITIME,2026-04-06
2022-12-01,96,MGO,77.98,12.8,307.2,24,790.4613,0.96,Moderate,FMS_MARITIME,2026-04-06
2022-12-02,96,HFO,63.04,10.6,254.4,24,771.6453,0.68,Rough,FMS_MARITIME,2026-04-06
2022-12-03,96,VLSFO,58.79,13.8,331.2,24,552.7538,0.86,Calm,FMS_MARITIME,2026-04-06
2022-12-04,96,LNG,54.34,14.5,348.0,24,486.2493,0.7,Calm,FMS_MARITIME,2026-04-06
2022-12-05,96,MGO,49.03,13.7,328.8,24,464.3535,0.45,Rough,FMS_MARITIME,2026-04-06
2022-12-06,96,LSMGO,57.38,11.7,280.8,24,636.3295,0.51,Calm,FMS_MARITIME,2026-04-06
2022-12-07,96,MGO,65.44,16.0,384.0,24,530.6775,0.91,Calm,FMS_MARITIME,2026-04-06
2022-12-08,96,VLSFO,59.05,12.3,295.2,24,622.9055,0.89,Calm,FMS_MARITIME,2026-04-06
2022-12-09,96,LNG,52.71,9.9,237.6,24,690.8205,0.94,Rough,FMS_MARITIME,2026-04-06
2022-12-10,96,HFO,31.57,14.3,343.2,24,286.4481,0.41,Moderate,FMS_MARITIME,2026-04-06
2022-12-11,96,LNG,65.87,10.6,254.4,24,806.2861,0.7,Rough,FMS_MARITIME,2026-04-06
2022-12-12,96,VLSFO,58.99,10.9,261.6,24,702.1975,0.88,Calm,FMS_MARITIME,2026-04-06
2022-12-13,96,VLSFO,47.47,12.1,290.4,24,509.0275,0.46,Calm,FMS_MARITIME,2026-04-06
2022-12-14,96,LSMGO,53.11,12.0,288.0,24,574.2519,0.53,Rough,FMS_MARITIME,2026-04-06
2022-12-15,96,LNG,62.49,10.7,256.8,24,757.7643,0.82,Rough,FMS_MARITIME,2026-04-06
2022-12-16,96,LNG,61.18,16.3,391.2,24,487.0003,0.99,Calm,FMS_MARITIME,2026-04-06
2022-12-17,96,LSMGO,34.59,11.5,276.0,24,390.2654,0.96,Calm,FMS_MARITIME,2026-04-06
2022-12-18,96,HFO,21.25,13.6,326.4,24,202.7344,0.52,Moderate,FMS_MARITIME,2026-04-06
2022-12-19,96,LSMGO,83.21,17.1,410.4,24,631.3741,0.51,Rough,FMS_MARITIME,2026-04-06
2022-12-20,96,HFO,58.82,13.1,314.4,24,582.5874,0.75,Rough,FMS_MARITIME,2026-04-06
2022-12-21,96,LSMGO,29.66,9.5,228.0,24,405.0932,0.87,Moderate,FMS_MARITIME,2026-04-06
2022-12-22,96,LSMGO,35.43,17.2,412.8,24,267.2699,0.94,Rough,FMS_MARITIME,2026-04-06
2022-12-23,96,LSMGO,21.74,11.0,264.0,24,256.4332,0.69,Rough,FMS_MARITIME,2026-04-06
2022-12-24,96,VLSFO,69.25,16.0,384.0,24,561.5742,0.69,Rough,FMS_MARITIME,2026-04-06
2022-12-25,96,HFO,27.95,17.6,422.4,24,206.0518,0.81,Rough,FMS_MARITIME,2026-04-06
2022-12-26,96,LSMGO,63.45,10.6,254.4,24,776.6639,0.51,Calm,FMS_MARITIME,2026-04-06
2022-12-27,96,HFO,17.8,14.5,348.0,24,159.2793,0.71,Rough,FMS_MARITIME,2026-04-06
2022-12-28,96,LNG,43.38,10.1,242.4,24,557.2827,0.55,Rough,FMS_MARITIME,2026-04-06
2022-12-28,96,LSMGO,50.93,11.6,278.4,24,569.6696,0.49,Calm,FMS_MARITIME,2026-04-06
2022-12-28,96,LSMGO,69.67,13.3,319.2,24,679.6754,1.0,Rough,FMS_MARITIME,2026-04-06
2022-12-01,97,LNG,51.39,15.3,367.2,24,435.8074,0.6,Calm,FMS_MARITIME,2026-04-06
2022-12-02,97,LSMGO,83.85,14.6,350.4,24,745.1738,0.5,Moderate,FMS_MARITIME,2026-04-06
2022-12-03,97,LSMGO,37.0,11.9,285.6,24,403.4244,0.62,Moderate,FMS_MARITIME,2026-04-06
2022-12-04,97,LSMGO,57.84,9.9,237.6,24,758.0545,0.83,Rough,FMS_MARITIME,2026-04-06
2022-12-05,97,LNG,74.93,8.1,194.4,24,1200.2676,0.4,Calm,FMS_MARITIME,2026-04-06
2022-12-06,97,MGO,39.95,17.0,408.0,24,304.9125,0.71,Rough,FMS_MARITIME,2026-04-06
2022-12-07,97,MGO,17.6,10.9,261.6,24,209.5046,0.98,Rough,FMS_MARITIME,2026-04-06
2022-12-08,97,HFO,22.17,13.9,333.6,24,206.9466,0.49,Rough,FMS_MARITIME,2026-04-06
2022-12-09,97,MGO,40.84,14.1,338.4,24,375.8149,0.57,Calm,FMS_MARITIME,2026-04-06
2022-12-10,97,HFO,15.78,16.4,393.6,24,124.8448,0.92,Moderate,FMS_MARITIME,2026-04-06
2022-12-11,97,MGO,37.6,8.4,201.6,24,580.7857,0.62,Rough,FMS_MARITIME,2026-04-06
2022-12-12,97,LNG,74.25,9.6,230.4,24,1003.5352,0.83,Rough,FMS_MARITIME,2026-04-06
2022-12-13,97,MGO,74.18,12.6,302.4,24,763.8774,0.85,Calm,FMS_MARITIME,2026-04-06
2022-12-14,97,HFO,15.57,17.9,429.6,24,112.8608,0.88,Moderate,FMS_MARITIME,2026-04-06
2022-12-15,97,MGO,61.07,15.5,372.0,24,511.215,0.72,Moderate,FMS_MARITIME,2026-04-06
2022-12-16,97,LNG,42.65,14.7,352.8,24,376.4515,0.65,Calm,FMS_MARITIME,2026-04-06
2022-12-17,97,HFO,54.5,13.6,326.4,24,519.954,0.64,Rough,FMS_MARITIME,2026-04-06
2022-12-18,97,MGO,81.21,15.4,369.6,24,684.2206,0.75,Rough,FMS_MARITIME,2026-04-06
2022-12-19,97,LNG,39.89,11.4,273.6,24,454.0112,0.66,Calm,FMS_MARITIME,2026-04-06
2022-12-20,97,LNG,55.04,13.6,326.4,24,525.1059,0.45,Calm,FMS_MARITIME,2026-04-06
2022-12-21,97,LSMGO,46.29,14.8,355.2,24,405.8194,0.58,Moderate,FMS_MARITIME,2026-04-06
2022-12-22,97,LSMGO,57.04,12.2,292.8,24,606.6344,0.5,Rough,FMS_MARITIME,2026-04-06
2022-12-23,97,LSMGO,31.06,12.5,300.0,24,322.4028,0.47,Rough,FMS_MARITIME,2026-04-06
2022-12-24,97,VLSFO,69.42,10.7,256.8,24,841.7986,0.43,Moderate,FMS_MARITIME,2026-04-06
2022-12-25,97,HFO,72.01,13.6,326.4,24,687.0072,0.46,Rough,FMS_MARITIME,2026-04-06
2022-12-26,97,HFO,63.49,8.6,206.4,24,957.8869,0.86,Rough,FMS_MARITIME,2026-04-06
2022-12-27,97,VLSFO,19.55,11.7,280.8,24,216.8045,0.9,Rough,FMS_MARITIME,2026-04-06
2022-12-28,97,LSMGO,34.17,8.2,196.8,24,540.6777,0.83,Calm,FMS_MARITIME,2026-04-06
2022-12-28,97,LSMGO,42.82,11.3,271.2,24,491.6721,0.4,Rough,FMS_MARITIME,2026-04-06
2022-12-28,97,LSMGO,57.39,16.3,391.2,24,456.8314,0.97,Rough,FMS_MARITIME,2026-04-06
2022-12-01,98,LNG,81.43,17.0,408.0,24,621.5025,0.62,Moderate,FMS_MARITIME,2026-04-06
2022-12-02,98,VLSFO,23.07,11.2,268.8,24,267.2618,0.56,Calm,FMS_MARITIME,2026-04-06
2022-12-03,98,LSMGO,23.17,14.2,340.8,24,211.7118,0.56,Moderate,FMS_MARITIME,2026-04-06
2022-12-04,98,HFO,32.64,10.2,244.8,24,415.2,0.83,Moderate,FMS_MARITIME,2026-04-06
2022-12-05,98,LSMGO,31.42,12.9,309.6,24,316.0267,0.45,Calm,FMS_MARITIME,2026-04-06
2022-12-06,98,HFO,19.13,8.4,201.6,24,295.4902,0.62,Moderate,FMS_MARITIME,2026-04-06
2022-12-07,98,LSMGO,82.57,12.2,292.8,24,878.1523,0.91,Rough,FMS_MARITIME,2026-04-06
2022-12-08,98,LNG,41.1,17.1,410.4,24,311.8553,0.47,Rough,FMS_MARITIME,2026-04-06
2022-12-09,98,MGO,27.78,10.9,261.6,24,330.6839,0.41,Calm,FMS_MARITIME,2026-04-06
2022-12-10,98,VLSFO,31.98,17.5,420.0,24,237.1089,0.81,Rough,FMS_MARITIME,2026-04-06
2022-12-11,98,HFO,52.39,12.9,309.6,24,526.9459,0.92,Rough,FMS_MARITIME,2026-04-06
2022-12-12,98,LNG,82.34,16.8,403.2,24,635.9295,0.59,Calm,FMS_MARITIME,2026-04-06
2022-12-13,98,LSMGO,16.23,12.0,288.0,24,175.4869,0.99,Moderate,FMS_MARITIME,2026-04-06
2022-12-14,98,HFO,41.75,14.9,357.6,24,363.5612,0.58,Moderate,FMS_MARITIME,2026-04-06
2022-12-15,98,VLSFO,36.43,17.6,422.4,24,268.5678,0.81,Rough,FMS_MARITIME,2026-04-06
2022-12-16,98,MGO,47.78,17.9,429.6,24,346.3383,0.7,Moderate,FMS_MARITIME,2026-04-06
2022-12-17,98,LSMGO,37.39,8.7,208.8,24,557.6267,0.7,Rough,FMS_MARITIME,2026-04-06
2022-12-18,98,VLSFO,63.77,10.0,240.0,24,827.4158,0.94,Moderate,FMS_MARITIME,2026-04-06
2022-12-19,98,VLSFO,24.24,12.4,297.6,24,253.6403,0.56,Calm,FMS_MARITIME,2026-04-06
2022-12-20,98,LNG,73.58,11.5,276.0,24,830.1743,1.0,Moderate,FMS_MARITIME,2026-04-06
2022-12-21,98,MGO,35.53,10.0,240.0,24,461.0018,0.72,Moderate,FMS_MARITIME,2026-04-06
2022-12-22,98,VLSFO,24.19,17.5,420.0,24,179.3516,0.7,Calm,FMS_MARITIME,2026-04-06
2022-12-23,98,HFO,30.69,13.3,319.2,24,299.4006,0.75,Moderate,FMS_MARITIME,2026-04-06
2022-12-24,98,LSMGO,48.61,16.3,391.2,24,386.9416,0.48,Calm,FMS_MARITIME,2026-04-06
2022-12-25,98,LSMGO,43.29,17.0,408.0,24,330.4046,0.68,Rough,FMS_MARITIME,2026-04-06
2022-12-26,98,MGO,79.24,14.3,343.2,24,718.9783,0.61,Rough,FMS_MARITIME,2026-04-06
2022-12-27,98,HFO,48.26,16.0,384.0,24,391.3584,0.5,Calm,FMS_MARITIME,2026-04-06
2022-12-28,98,LSMGO,45.37,15.5,372.0,24,379.7908,0.46,Moderate,FMS_MARITIME,2026-04-06
2022-12-28,98,LSMGO,37.72,15.9,381.6,24,307.8094,0.96,Calm,FMS_MARITIME,2026-04-06
2022-12-28,98,LSMGO,80.05,13.2,316.8,24,786.8551,0.54,Moderate,FMS_MARITIME,2026-04-06
2022-12-01,99,HFO,41.44,9.6,230.4,24,560.0875,0.81,Calm,FMS_MARITIME,2026-04-06
2022-12-02,99,MGO,41.07,9.0,216.0,24,592.0925,0.53,Moderate,FMS_MARITIME,2026-04-06
2022-12-03,99,LSMGO,48.68,8.6,206.4,24,734.4453,0.61,Rough,FMS_MARITIME,2026-04-06
2022-12-04,99,MGO,19.72,8.9,213.6,24,287.491,0.77,Rough,FMS_MARITIME,2026-04-06
2022-12-05,99,LNG,68.87,16.3,391.2,24,548.2137,0.8,Moderate,FMS_MARITIME,2026-04-06
2022-12-06,99,VLSFO,35.02,8.2,196.8,24,554.1274,0.68,Moderate,FMS_MARITIME,2026-04-06
2022-12-07,99,VLSFO,34.25,8.8,211.2,24,504.9929,0.49,Moderate,FMS_MARITIME,2026-04-06
2022-12-08,99,MGO,36.04,10.3,247.2,24,453.999,0.72,Rough,FMS_MARITIME,2026-04-06
2022-12-09,99,MGO,48.96,11.9,285.6,24,533.8286,0.76,Calm,FMS_MARITIME,2026-04-06
2022-12-10,99,MGO,28.34,9.4,225.6,24,391.1824,0.42,Calm,FMS_MARITIME,2026-04-06
2022-12-11,99,MGO,78.4,10.3,247.2,24,987.6117,0.95,Calm,FMS_MARITIME,2026-04-06
2022-12-12,99,VLSFO,28.34,9.9,237.6,24,371.4258,0.99,Rough,FMS_MARITIME,2026-04-06
2022-12-13,99,MGO,35.51,16.5,396.0,24,279.2377,0.6,Calm,FMS_MARITIME,2026-04-06
2022-12-14,99,MGO,51.56,17.7,424.8,24,377.961,0.83,Rough,FMS_MARITIME,2026-04-06
2022-12-15,99,LNG,71.07,15.2,364.8,24,606.6666,0.91,Calm,FMS_MARITIME,2026-04-06
2022-12-16,99,MGO,25.12,14.9,357.6,24,218.7463,0.58,Rough,FMS_MARITIME,2026-04-06
2022-12-17,99,LNG,78.58,10.5,252.0,24,971.0243,0.5,Rough,FMS_MARITIME,2026-04-06
2022-12-18,99,VLSFO,53.88,14.6,350.4,24,478.8308,0.98,Rough,FMS_MARITIME,2026-04-06
2022-12-19,99,LNG,68.89,17.6,422.4,24,507.868,0.52,Calm,FMS_MARITIME,2026-04-06
2022-12-20,99,LNG,37.34,11.7,280.8,24,414.091,0.5,Moderate,FMS_MARITIME,2026-04-06
2022-12-21,99,HFO,44.08,16.0,384.0,24,357.4613,0.53,Rough,FMS_MARITIME,2026-04-06
2022-12-22,99,LNG,80.37,14.4,345.6,24,724.1672,0.95,Moderate,FMS_MARITIME,2026-04-06
2022-12-23,99,LSMGO,25.69,14.4,345.6,24,231.4776,0.83,Rough,FMS_MARITIME,2026-04-06
2022-12-24,99,LSMGO,77.24,10.6,254.4,24,945.4613,0.5,Calm,FMS_MARITIME,2026-04-06
2022-12-25,99,LNG,26.23,14.9,357.6,24,228.4122,0.51,Rough,FMS_MARITIME,2026-04-06
2022-12-26,99,HFO,20.42,11.8,283.2,24,224.5335,0.41,Moderate,FMS_MARITIME,2026-04-06
2022-12-27,99,LNG,72.29,16.9,405.6,24,555.0075,0.61,Rough,FMS_MARITIME,2026-04-06
2022-12-28,99,VLSFO,52.06,14.8,355.2,24,456.4044,0.54,Rough,FMS_MARITIME,2026-04-06
2022-12-28,99,LNG,63.41,10.9,261.6,24,754.8117,0.46,Calm,FMS_MARITIME,2026-04-06
2022-12-28,99,MGO,19.63,17.3,415.2,24,147.225,0.88,Calm,FMS_MARITIME,2026-04-06
2022-12-01,100,LNG,64.92,13.4,321.6,24,628.6097,0.83,Calm,FMS_MARITIME,2026-04-06
2022-12-02,100,HFO,75.33,8.1,194.4,24,1206.675,0.68,Rough,FMS_MARITIME,2026-04-06
2022-12-03,100,LSMGO,27.81,12.7,304.8,24,284.1219,0.46,Rough,FMS_MARITIME,2026-04-06
2022-12-04,100,LNG,80.8,11.5,276.0,24,911.6348,0.84,Calm,FMS_MARITIME,2026-04-06
2022-12-05,100,MGO,22.77,14.3,343.2,24,206.6019,0.83,Calm,FMS_MARITIME,2026-04-06
2022-12-06,100,MGO,84.21,15.3,367.2,24,714.1338,0.54,Calm,FMS_MARITIME,2026-04-06
2022-12-07,100,MGO,26.4,14.1,338.4,24,242.9362,0.44,Calm,FMS_MARITIME,2026-04-06
2022-12-08,100,LSMGO,69.64,14.3,343.2,24,631.8734,0.76,Moderate,FMS_MARITIME,2026-04-06
2022-12-09,100,VLSFO,33.3,13.9,333.6,24,310.8399,0.65,Moderate,FMS_MARITIME,2026-04-06
2022-12-10,100,MGO,70.73,17.8,427.2,24,515.574,0.5,Moderate,FMS_MARITIME,2026-04-06
2022-12-11,100,LNG,73.65,17.3,415.2,24,552.375,0.76,Moderate,FMS_MARITIME,2026-04-06
2022-12-12,100,VLSFO,55.6,10.3,247.2,24,700.3981,0.97,Moderate,FMS_MARITIME,2026-04-06
2022-12-13,100,HFO,51.03,8.1,194.4,24,817.425,0.86,Rough,FMS_MARITIME,2026-04-06
2022-12-14,100,HFO,23.53,9.2,220.8,24,331.8497,0.54,Moderate,FMS_MARITIME,2026-04-06
2022-12-15,100,LNG,67.92,13.8,331.2,24,638.5957,0.48,Moderate,FMS_MARITIME,2026-04-06
2022-12-16,100,LSMGO,57.73,12.5,300.0,24,599.2374,0.95,Rough,FMS_MARITIME,2026-04-06
2022-12-17,100,VLSFO,18.42,16.5,396.0,24,144.8482,0.99,Rough,FMS_MARITIME,2026-04-06
2022-12-18,100,MGO,25.21,17.6,422.4,24,185.8521,0.43,Calm,FMS_MARITIME,2026-04-06
2022-12-19,100,LNG,84.05,15.2,364.8,24,717.4663,0.62,Rough,FMS_MARITIME,2026-04-06
2022-12-20,100,LSMGO,39.22,13.0,312.0,24,391.4458,0.58,Moderate,FMS_MARITIME,2026-04-06
2022-12-21,100,LNG,56.09,16.5,396.0,24,441.0714,0.52,Rough,FMS_MARITIME,2026-04-06
2022-12-22,100,HFO,52.44,15.2,364.8,24,447.6375,0.87,Calm,FMS_MARITIME,2026-04-06
2022-12-23,100,VLSFO,29.07,14.8,355.2,24,254.8535,0.91,Moderate,FMS_MARITIME,2026-04-06
2022-12-24,100,LNG,50.83,10.0,240.0,24,659.5192,0.66,Calm,FMS_MARITIME,2026-04-06
2022-12-25,100,LSMGO,84.27,16.1,386.4,24,679.1325,0.93,Rough,FMS_MARITIME,2026-04-06
2022-12-26,100,LNG,49.39,8.5,204.0,24,753.9238,0.69,Calm,FMS_MARITIME,2026-04-06
2022-12-27,100,MGO,63.76,15.8,379.2,24,523.5987,0.74,Calm,FMS_MARITIME,2026-04-06
2022-12-28,100,MGO,56.84,13.0,312.0,24,567.3069,0.62,Calm,FMS_MARITIME,2026-04-06
2022-12-28,100,MGO,73.57,14.4,345.6,24,662.8964,0.5,Calm,FMS_MARITIME,2026-04-06
2022-12-28,100,HFO,82.91,13.6,326.4,24,790.998,0.87,Calm,FMS_MARITIME,2026-04-06
2022-12-01,101,LSMGO,36.27,8.5,204.0,24,553.6509,0.41,Calm,FMS_MARITIME,2026-04-06
2022-12-02,101,HFO,28.5,11.9,285.6,24,310.7458,0.94,Rough,FMS_MARITIME,2026-04-06
2022-12-03,101,HFO,75.35,17.4,417.6,24,561.8772,0.65,Moderate,FMS_MARITIME,2026-04-06
2022-12-04,101,LSMGO,68.55,14.3,343.2,24,621.9834,0.93,Rough,FMS_MARITIME,2026-04-06
2022-12-05,101,HFO,40.83,17.5,420.0,24,302.7253,0.66,Moderate,FMS_MARITIME,2026-04-06
2022-12-06,101,HFO,41.93,12.1,290.4,24,449.6213,0.89,Rough,FMS_MARITIME,2026-04-06
2022-12-07,101,LNG,62.99,11.7,280.8,24,698.5429,0.66,Moderate,FMS_MARITIME,2026-04-06
2022-12-08,101,LNG,56.35,17.8,427.2,24,410.7535,0.94,Moderate,FMS_MARITIME,2026-04-06
2022-12-09,101,LSMGO,17.37,17.6,422.4,24,128.0544,0.6,Rough,FMS_MARITIME,2026-04-06
2022-12-10,101,VLSFO,17.61,12.5,300.0,24,182.7918,0.46,Rough,FMS_MARITIME,2026-04-06
2022-12-11,101,VLSFO,75.64,13.8,331.2,24,711.1804,0.82,Calm,FMS_MARITIME,2026-04-06
2022-12-12,101,VLSFO,53.25,8.9,213.6,24,776.3132,0.99,Rough,FMS_MARITIME,2026-04-06
2022-12-13,101,VLSFO,18.49,16.6,398.4,24,144.5227,0.88,Moderate,FMS_MARITIME,2026-04-06
2022-12-14,101,HFO,55.75,13.7,328.8,24,527.9973,0.43,Rough,FMS_MARITIME,2026-04-06
2022-12-15,101,MGO,25.44,10.3,247.2,24,320.4699,0.56,Moderate,FMS_MARITIME,2026-04-06
2022-12-16,101,MGO,23.32,14.1,338.4,24,214.5936,0.54,Moderate,FMS_MARITIME,2026-04-06
2022-12-17,101,HFO,28.08,12.1,290.4,24,301.1058,0.75,Rough,FMS_MARITIME,2026-04-06
2022-12-18,101,LSMGO,78.63,10.9,261.6,24,935.9856,0.76,Rough,FMS_MARITIME,2026-04-06
2022-12-19,101,HFO,28.32,9.2,220.8,24,399.4043,0.48,Calm,FMS_MARITIME,2026-04-06
2022-12-20,101,HFO,74.64,13.3,319.2,24,728.1609,0.48,Moderate,FMS_MARITIME,2026-04-06
2022-12-21,101,VLSFO,57.37,12.7,304.8,24,586.1226,0.47,Rough,FMS_MARITIME,2026-04-06
2022-12-22,101,HFO,77.81,10.0,240.0,24,1009.5848,0.77,Calm,FMS_MARITIME,2026-04-06
2022-12-23,101,LSMGO,28.31,12.6,302.4,24,291.5256,0.92,Moderate,FMS_MARITIME,2026-04-06
2022-12-24,101,LNG,81.53,16.3,391.2,24,648.9888,0.72,Calm,FMS_MARITIME,2026-04-06
2022-12-25,101,LSMGO,48.14,16.5,396.0,24,378.5555,0.84,Calm,FMS_MARITIME,2026-04-06
2022-12-26,101,VLSFO,75.3,8.6,206.4,24,1136.0669,0.7,Rough,FMS_MARITIME,2026-04-06
2022-12-27,101,LNG,79.52,10.9,261.6,24,946.5798,0.61,Calm,FMS_MARITIME,2026-04-06
2022-12-28,101,HFO,31.52,10.1,242.4,24,404.9228,0.56,Calm,FMS_MARITIME,2026-04-06
2022-12-28,101,LSMGO,76.98,16.7,400.8,24,598.0931,0.47,Calm,FMS_MARITIME,2026-04-06
2022-12-28,101,HFO,75.11,15.5,372.0,24,628.7434,0.72,Calm,FMS_MARITIME,2026-04-06
2022-12-01,102,HFO,32.8,14.9,357.6,24,285.6242,0.54,Calm,FMS_MARITIME,2026-04-06
2022-12-02,102,VLSFO,46.54,13.9,333.6,24,434.4291,0.95,Calm,FMS_MARITIME,2026-04-06
2022-12-03,102,LNG,54.85,11.7,280.8,24,608.2724,0.86,Rough,FMS_MARITIME,2026-04-06
2022-12-04,102,LNG,50.74,12.9,309.6,24,510.35,0.49,Moderate,FMS_MARITIME,2026-04-06
2022-12-05,102,MGO,20.92,11.4,273.6,24,238.1026,0.72,Moderate,FMS_MARITIME,2026-04-06
2022-12-06,102,VLSFO,25.25,13.9,333.6,24,235.6969,0.88,Moderate,FMS_MARITIME,2026-04-06
2022-12-07,102,MGO,52.96,15.6,374.4,24,440.4846,0.52,Calm,FMS_MARITIME,2026-04-06
2022-12-08,102,HFO,76.19,13.0,312.0,24,760.4348,0.62,Calm,FMS_MARITIME,2026-04-06
2022-12-09,102,LSMGO,76.7,15.0,360.0,24,663.455,0.88,Rough,FMS_MARITIME,2026-04-06
2022-12-10,102,MGO,81.12,18.0,432.0,24,584.74,0.77,Moderate,FMS_MARITIME,2026-04-06
2022-12-11,102,VLSFO,58.8,8.4,201.6,24,908.25,0.98,Rough,FMS_MARITIME,2026-04-06
2022-12-12,102,MGO,63.33,17.7,424.8,24,464.2411,0.65,Calm,FMS_MARITIME,2026-04-06
2022-12-13,102,LSMGO,30.78,12.4,297.6,24,322.073,1.0,Moderate,FMS_MARITIME,2026-04-06
2022-12-14,102,LSMGO,47.21,11.3,271.2,24,542.0794,0.83,Rough,FMS_MARITIME,2026-04-06
2022-12-15,102,LSMGO,67.18,17.1,410.4,24,509.743,0.7,Calm,FMS_MARITIME,2026-04-06
2022-12-16,102,LSMGO,46.05,10.5,252.0,24,569.0464,0.8,Calm,FMS_MARITIME,2026-04-06
2022-12-17,102,MGO,55.65,17.4,417.6,24,414.9763,0.86,Rough,FMS_MARITIME,2026-04-06
2022-12-18,102,MGO,76.45,16.9,405.6,24,586.946,0.5,Calm,FMS_MARITIME,2026-04-06
2022-12-19,102,HFO,79.57,16.4,393.6,24,629.5248,0.71,Rough,FMS_MARITIME,2026-04-06
2022-12-20,102,HFO,77.22,16.0,384.0,24,626.2059,0.52,Moderate,FMS_MARITIME,2026-04-06
2022-12-21,102,VLSFO,28.45,10.8,259.2,24,341.7951,0.64,Moderate,FMS_MARITIME,2026-04-06
2022-12-22,102,LSMGO,41.32,14.3,343.2,24,374.914,0.46,Moderate,FMS_MARITIME,2026-04-06
2022-12-23,102,LNG,52.14,13.7,328.8,24,493.8077,0.44,Calm,FMS_MARITIME,2026-04-06
2022-12-24,102,LSMGO,16.17,14.2,340.8,24,147.7505,0.54,Rough,FMS_MARITIME,2026-04-06
2022-12-25,102,VLSFO,46.08,8.7,208.8,24,687.2276,0.9,Rough,FMS_MARITIME,2026-04-06
2022-12-26,102,HFO,62.37,17.8,427.2,24,454.6353,0.9,Calm,FMS_MARITIME,2026-04-06
2022-12-27,102,LNG,46.1,10.6,254.4,24,564.2901,0.55,Rough,FMS_MARITIME,2026-04-06
2022-12-28,102,MGO,67.61,12.0,288.0,24,731.0331,0.99,Rough,FMS_MARITIME,2026-04-06
2022-12-28,102,MGO,45.36,8.1,194.4,24,726.6,0.51,Rough,FMS_MARITIME,2026-04-06
2022-12-28,102,LSMGO,22.49,13.0,312.0,24,224.4675,0.66,Moderate,FMS_MARITIME,2026-04-06
2022-12-01,103,VLSFO,67.5,11.9,285.6,24,735.9769,0.56,Rough,FMS_MARITIME,2026-04-06
2022-12-02,103,LNG,41.07,14.1,338.4,24,377.9314,0.92,Rough,FMS_MARITIME,2026-04-06
2022-12-03,103,HFO,65.43,10.1,242.4,24,840.5488,0.62,Moderate,FMS_MARITIME,2026-04-06
2022-12-04,103,VLSFO,33.02,16.6,398.4,24,258.0931,0.5,Calm,FMS_MARITIME,2026-04-06
2022-12-05,103,HFO,76.42,10.4,249.6,24,953.413,0.69,Calm,FMS_MARITIME,2026-04-06
2022-12-06,103,VLSFO,79.37,8.1,194.4,24,1271.3898,0.61,Moderate,FMS_MARITIME,2026-04-06
2022-12-07,103,HFO,32.59,16.0,384.0,24,264.2845,0.41,Rough,FMS_MARITIME,2026-04-06
2022-12-08,103,LNG,77.17,9.0,216.0,24,1112.5342,0.68,Calm,FMS_MARITIME,2026-04-06
2022-12-09,103,LSMGO,55.4,13.4,321.6,24,536.4291,0.67,Calm,FMS_MARITIME,2026-04-06
2022-12-10,103,LSMGO,25.04,14.9,357.6,24,218.0497,0.82,Moderate,FMS_MARITIME,2026-04-06
2022-12-11,103,VLSFO,61.34,17.3,415.2,24,460.05,0.49,Calm,FMS_MARITIME,2026-04-06
2022-12-12,103,LSMGO,23.42,16.5,396.0,24,184.1664,0.73,Rough,FMS_MARITIME,2026-04-06
2022-12-13,103,VLSFO,81.46,13.4,321.6,24,788.7638,0.49,Rough,FMS_MARITIME,2026-04-06
2022-12-14,103,HFO,76.69,17.1,410.4,24,581.9022,0.83,Moderate,FMS_MARITIME,2026-04-06
2022-12-15,103,VLSFO,18.26,17.2,412.8,24,137.7462,0.79,Calm,FMS_MARITIME,2026-04-06
2022-12-16,103,LSMGO,16.44,15.2,364.8,24,140.3349,0.98,Calm,FMS_MARITIME,2026-04-06
2022-12-17,103,LNG,41.69,16.0,384.0,24,338.0798,0.68,Moderate,FMS_MARITIME,2026-04-06
2022-12-18,103,MGO,41.23,17.7,424.8,24,302.2369,0.76,Calm,FMS_MARITIME,2026-04-06
2022-12-19,103,MGO,68.1,10.6,254.4,24,833.5825,0.64,Moderate,FMS_MARITIME,2026-04-06
2022-12-20,103,MGO,28.18,14.3,343.2,24,255.6892,0.52,Rough,FMS_MARITIME,2026-04-06
2022-12-21,103,LNG,20.13,13.3,319.2,24,196.381,0.75,Moderate,FMS_MARITIME,2026-04-06
2022-12-22,103,LNG,22.53,11.3,271.2,24,258.6962,0.62,Rough,FMS_MARITIME,2026-04-06
2022-12-23,103,LSMGO,28.01,14.9,357.6,24,243.9126,0.91,Rough,FMS_MARITIME,2026-04-06
2022-12-24,103,VLSFO,18.41,8.6,206.4,24,277.7555,0.89,Moderate,FMS_MARITIME,2026-04-06
2022-12-25,103,VLSFO,70.45,15.5,372.0,24,589.7347,0.8,Moderate,FMS_MARITIME,2026-04-06
2022-12-26,103,LNG,62.12,11.2,268.8,24,719.6491,0.7,Calm,FMS_MARITIME,2026-04-06
2022-12-27,103,LSMGO,30.53,9.0,216.0,24,440.1408,0.92,Calm,FMS_MARITIME,2026-04-06
2022-12-28,103,HFO,66.74,16.0,384.0,24,541.2197,0.96,Rough,FMS_MARITIME,2026-04-06
2022-12-28,103,VLSFO,35.63,17.0,408.0,24,271.9407,0.5,Moderate,FMS_MARITIME,2026-04-06
2022-12-28,103,LSMGO,79.18,16.7,400.8,24,615.1859,0.54,Calm,FMS_MARITIME,2026-04-06
2022-12-01,104,LNG,79.42,8.2,196.8,24,1256.6762,0.58,Calm,FMS_MARITIME,2026-04-06
2022-12-02,104,HFO,42.02,12.8,307.2,24,425.9449,0.47,Rough,FMS_MARITIME,2026-04-06
2022-12-03,104,LSMGO,18.89,13.9,333.6,24,176.3293,0.85,Moderate,FMS_MARITIME,2026-04-06
2022-12-04,104,VLSFO,33.26,17.5,420.0,24,246.5991,0.46,Calm,FMS_MARITIME,2026-04-06
2022-12-05,104,HFO,16.28,17.1,410.4,24,123.5281,0.98,Rough,FMS_MARITIME,2026-04-06
2022-12-06,104,HFO,34.74,8.5,204.0,24,530.2959,0.67,Rough,FMS_MARITIME,2026-04-06
2022-12-07,104,HFO,66.28,12.6,302.4,24,682.5262,0.62,Rough,FMS_MARITIME,2026-04-06
2022-12-08,104,MGO,33.18,14.8,355.2,24,290.8855,0.97,Moderate,FMS_MARITIME,2026-04-06
2022-12-09,104,HFO,38.63,11.4,273.6,24,439.6704,0.56,Calm,FMS_MARITIME,2026-04-06
2022-12-10,104,VLSFO,22.77,14.4,345.6,24,205.1672,0.52,Rough,FMS_MARITIME,2026-04-06
2022-12-11,104,HFO,33.56,15.4,369.6,24,282.7539,0.71,Moderate,FMS_MARITIME,2026-04-06
2022-12-12,104,HFO,65.84,15.2,364.8,24,562.0224,0.88,Moderate,FMS_MARITIME,2026-04-06
2022-12-13,104,LSMGO,50.81,15.2,364.8,24,433.7235,0.52,Moderate,FMS_MARITIME,2026-04-06
2022-12-14,104,LSMGO,15.58,10.6,254.4,24,190.708,0.87,Rough,FMS_MARITIME,2026-04-06
2022-12-15,104,VLSFO,77.12,14.0,336.0,24,714.7371,0.89,Rough,FMS_MARITIME,2026-04-06
2022-12-16,104,VLSFO,38.37,13.0,312.0,24,382.9621,0.73,Calm,FMS_MARITIME,2026-04-06
2022-12-17,104,LSMGO,20.53,11.3,271.2,24,235.7316,0.69,Rough,FMS_MARITIME,2026-04-06
2022-12-18,104,HFO,60.14,17.2,412.8,24,453.6724,0.95,Rough,FMS_MARITIME,2026-04-06
2022-12-19,104,LNG,81.0,10.4,249.6,24,1010.5529,0.51,Calm,FMS_MARITIME,2026-04-06
2022-12-20,104,MGO,84.25,13.0,312.0,24,840.8798,0.96,Calm,FMS_MARITIME,2026-04-06
2022-12-21,104,LSMGO,81.13,8.3,199.2,24,1268.2672,0.49,Moderate,FMS_MARITIME,2026-04-06
2022-12-22,104,MGO,76.67,13.2,316.8,24,753.6312,0.89,Moderate,FMS_MARITIME,2026-04-06
2022-12-23,104,VLSFO,59.21,10.0,240.0,24,768.2498,0.98,Rough,FMS_MARITIME,2026-04-06
2022-12-24,104,HFO,34.5,13.8,331.2,24,324.375,0.62,Moderate,FMS_MARITIME,2026-04-06
2022-12-25,104,VLSFO,64.23,8.5,204.0,24,980.4521,0.51,Calm,FMS_MARITIME,2026-04-06
2022-12-26,104,LSMGO,79.09,9.3,223.2,24,1103.4331,0.42,Calm,FMS_MARITIME,2026-04-06
2022-12-27,104,VLSFO,62.1,11.6,278.4,24,694.6099,0.71,Rough,FMS_MARITIME,2026-04-06
2022-12-28,104,LNG,71.9,13.7,328.8,24,680.9507,0.93,Rough,FMS_MARITIME,2026-04-06
2022-12-28,104,HFO,76.41,8.2,196.8,24,1209.0485,0.53,Rough,FMS_MARITIME,2026-04-06
2022-12-28,104,VLSFO,53.43,8.4,201.6,24,825.3027,0.6,Moderate,FMS_MARITIME,2026-04-06
2022-12-01,105,MGO,63.49,15.0,360.0,24,549.1885,0.83,Calm,FMS_MARITIME,2026-04-06
2022-12-02,105,LNG,18.23,11.0,264.0,24,215.0311,0.77,Calm,FMS_MARITIME,2026-04-06
2022-12-03,105,LNG,41.04,14.7,352.8,24,362.2408,0.77,Rough,FMS_MARITIME,2026-04-06
2022-12-04,105,LSMGO,44.16,15.1,362.4,24,379.4543,0.77,Rough,FMS_MARITIME,2026-04-06
2022-12-05,105,MGO,46.58,17.3,415.2,24,349.35,0.73,Moderate,FMS_MARITIME,2026-04-06
2022-12-06,105,MGO,46.94,11.7,280.8,24,520.5526,0.44,Rough,FMS_MARITIME,2026-04-06
2022-12-07,105,LNG,65.67,14.6,350.4,24,583.6084,0.61,Calm,FMS_MARITIME,2026-04-06
2022-12-08,105,LNG,59.82,17.7,424.8,24,438.511,0.74,Rough,FMS_MARITIME,2026-04-06
2022-12-09,105,VLSFO,42.91,8.4,201.6,24,662.8062,0.93,Moderate,FMS_MARITIME,2026-04-06
2022-12-10,105,LSMGO,57.16,13.7,328.8,24,541.3511,0.48,Calm,FMS_MARITIME,2026-04-06
2022-12-11,105,VLSFO,76.19,10.1,242.4,24,978.7775,0.94,Rough,FMS_MARITIME,2026-04-06
2022-12-12,105,LSMGO,33.23,16.6,398.4,24,259.7345,0.88,Calm,FMS_MARITIME,2026-04-06
2022-12-13,105,VLSFO,77.18,15.9,381.6,24,629.8179,0.64,Moderate,FMS_MARITIME,2026-04-06
2022-12-14,105,LSMGO,46.11,17.1,410.4,24,349.8697,0.86,Rough,FMS_MARITIME,2026-04-06
2022-12-15,105,LNG,80.46,15.0,360.0,24,695.979,0.64,Calm,FMS_MARITIME,2026-04-06
2022-12-16,105,LSMGO,27.62,17.1,410.4,24,209.5728,0.97,Rough,FMS_MARITIME,2026-04-06
2022-12-17,105,VLSFO,49.98,12.8,307.2,24,506.6332,0.75,Moderate,FMS_MARITIME,2026-04-06
2022-12-18,105,MGO,45.03,9.5,228.0,24,615.015,0.97,Calm,FMS_MARITIME,2026-04-06
2022-12-19,105,VLSFO,42.83,13.8,331.2,24,402.6951,0.51,Rough,FMS_MARITIME,2026-04-06
2022-12-20,105,LNG,75.38,16.0,384.0,24,611.2847,0.75,Moderate,FMS_MARITIME,2026-04-06
2022-12-21,105,MGO,50.2,15.0,360.0,24,434.23,0.55,Rough,FMS_MARITIME,2026-04-06
2022-12-22,105,HFO,30.4,16.3,391.2,24,241.9877,0.73,Calm,FMS_MARITIME,2026-04-06
2022-12-23,105,MGO,46.79,10.5,252.0,24,578.1907,0.99,Calm,FMS_MARITIME,2026-04-06
2022-12-24,105,VLSFO,49.33,9.9,237.6,24,646.522,0.61,Rough,FMS_MARITIME,2026-04-06
2022-12-25,105,VLSFO,64.23,8.6,206.4,24,969.0515,0.53,Moderate,FMS_MARITIME,2026-04-06
2022-12-26,105,LNG,69.78,12.1,290.4,24,748.2607,0.71,Calm,FMS_MARITIME,2026-04-06
2022-12-27,105,LSMGO,42.92,16.6,398.4,24,335.4741,0.97,Rough,FMS_MARITIME,2026-04-06
2022-12-28,105,HFO,76.79,17.0,408.0,24,586.0884,0.53,Rough,FMS_MARITIME,2026-04-06
2022-12-28,105,HFO,41.75,9.9,237.6,24,547.178,0.73,Rough,FMS_MARITIME,2026-04-06
2022-12-28,105,VLSFO,39.25,10.7,256.8,24,475.9521,0.46,Rough,FMS_MARITIME,2026-04-06
2022-12-01,106,HFO,56.77,11.5,276.0,24,640.5137,0.82,Moderate,FMS_MARITIME,2026-04-06
2022-12-02,106,HFO,51.49,8.0,192.0,24,835.1034,0.47,Moderate,FMS_MARITIME,2026-04-06
2022-12-03,106,LNG,60.48,10.0,240.0,24,784.728,0.67,Rough,FMS_MARITIME,2026-04-06
2022-12-04,106,LNG,75.2,14.4,345.6,24,677.5833,0.96,Rough,FMS_MARITIME,2026-04-06
2022-12-05,106,MGO,82.07,9.0,216.0,24,1183.1758,0.48,Rough,FMS_MARITIME,2026-04-06
2022-12-06,106,LNG,82.14,16.2,388.8,24,657.8806,0.71,Moderate,FMS_MARITIME,2026-04-06
2022-12-07,106,VLSFO,69.73,11.6,278.4,24,779.9541,0.61,Moderate,FMS_MARITIME,2026-04-06
2022-12-08,106,LNG,61.3,13.8,331.2,24,576.3533,0.81,Moderate,FMS_MARITIME,2026-04-06
2022-12-09,106,VLSFO,61.95,13.9,333.6,24,578.2743,0.47,Calm,FMS_MARITIME,2026-04-06
2022-12-10,106,MGO,36.11,8.8,211.2,24,532.4173,0.51,Moderate,FMS_MARITIME,2026-04-06
2022-12-11,106,LSMGO,34.66,15.1,362.4,24,297.8235,0.41,Calm,FMS_MARITIME,2026-04-06
2022-12-12,106,MGO,50.33,8.9,213.6,24,733.7435,0.68,Rough,FMS_MARITIME,2026-04-06
2022-12-13,106,MGO,68.23,11.0,264.0,24,804.8039,0.79,Moderate,FMS_MARITIME,2026-04-06
2022-12-14,106,VLSFO,29.15,15.4,369.6,24,245.5982,0.44,Moderate,FMS_MARITIME,2026-04-06
2022-12-15,106,LSMGO,34.34,12.6,302.4,24,353.6202,0.8,Rough,FMS_MARITIME,2026-04-06
2022-12-16,106,LSMGO,34.96,9.5,228.0,24,477.48,0.43,Moderate,FMS_MARITIME,2026-04-06
2022-12-17,106,MGO,46.2,14.1,338.4,24,425.1383,0.44,Moderate,FMS_MARITIME,2026-04-06
2022-12-18,106,VLSFO,32.05,12.2,292.8,24,340.8596,0.54,Rough,FMS_MARITIME,2026-04-06
2022-12-19,106,VLSFO,60.6,14.5,348.0,24,542.2655,0.87,Rough,FMS_MARITIME,2026-04-06
2022-12-20,106,VLSFO,16.57,12.6,302.4,24,170.6315,0.45,Calm,FMS_MARITIME,2026-04-06
2022-12-21,106,VLSFO,55.23,14.1,338.4,24,508.2335,0.5,Moderate,FMS_MARITIME,2026-04-06
2022-12-22,106,MGO,37.16,11.4,273.6,24,422.9395,0.43,Rough,FMS_MARITIME,2026-04-06
2022-12-23,106,VLSFO,44.43,15.9,381.6,24,362.5656,0.82,Rough,FMS_MARITIME,2026-04-06
2022-12-24,106,LSMGO,15.13,16.2,388.8,24,121.1801,0.86,Rough,FMS_MARITIME,2026-04-06
2022-12-25,106,HFO,80.63,9.7,232.8,24,1078.5302,0.56,Rough,FMS_MARITIME,2026-04-06
2022-12-26,106,MGO,59.61,11.9,285.6,24,649.9494,0.76,Calm,FMS_MARITIME,2026-04-06
2022-12-27,106,MGO,34.69,11.0,264.0,24,409.1843,0.52,Rough,FMS_MARITIME,2026-04-06
2022-12-28,106,HFO,19.96,9.3,223.2,24,278.4742,0.72,Calm,FMS_MARITIME,2026-04-06
2022-12-28,106,LNG,56.48,13.3,319.2,24,550.9985,0.63,Calm,FMS_MARITIME,2026-04-06
2022-12-28,106,VLSFO,70.86,16.5,396.0,24,557.2173,0.72,Rough,FMS_MARITIME,2026-04-06
2022-12-01,107,LNG,75.67,13.2,316.8,24,743.8017,0.68,Moderate,FMS_MARITIME,2026-04-06
2022-12-02,107,HFO,23.13,15.4,369.6,24,194.8778,0.75,Rough,FMS_MARITIME,2026-04-06
2022-12-03,107,VLSFO,38.23,15.7,376.8,24,315.9454,0.94,Rough,FMS_MARITIME,2026-04-06
2022-12-04,107,LNG,29.17,12.6,302.4,24,300.3815,0.45,Rough,FMS_MARITIME,2026-04-06
2022-12-05,107,HFO,47.51,15.3,367.2,24,402.9034,0.88,Calm,FMS_MARITIME,2026-04-06
2022-12-06,107,HFO,54.86,10.0,240.0,24,711.8085,0.87,Rough,FMS_MARITIME,2026-04-06
2022-12-07,107,MGO,58.92,14.2,340.8,24,538.3711,0.58,Calm,FMS_MARITIME,2026-04-06
2022-12-08,107,LNG,55.5,17.9,429.6,24,402.2975,0.54,Calm,FMS_MARITIME,2026-04-06
2022-12-09,107,LNG,38.97,14.9,357.6,24,339.3529,0.61,Calm,FMS_MARITIME,2026-04-06
2022-12-10,107,HFO,47.78,15.6,374.4,24,397.401,0.58,Moderate,FMS_MARITIME,2026-04-06
2022-12-11,107,LSMGO,45.05,15.7,376.8,24,372.3081,0.66,Rough,FMS_MARITIME,2026-04-06
2022-12-12,107,LSMGO,76.64,10.9,261.6,24,912.2972,0.5,Moderate,FMS_MARITIME,2026-04-06
2022-12-13,107,LNG,64.37,9.7,232.8,24,861.0317,0.72,Moderate,FMS_MARITIME,2026-04-06
2022-12-14,107,HFO,59.46,10.3,247.2,24,749.0228,0.95,Moderate,FMS_MARITIME,2026-04-06
2022-12-15,107,VLSFO,40.01,11.7,280.8,24,443.7006,0.87,Calm,FMS_MARITIME,2026-04-06
2022-12-16,107,LNG,53.98,11.2,268.8,24,625.3487,0.45,Moderate,FMS_MARITIME,2026-04-06
2022-12-17,107,MGO,33.48,10.9,261.6,24,398.5349,0.66,Rough,FMS_MARITIME,2026-04-06
2022-12-18,107,LSMGO,26.03,15.7,376.8,24,215.1205,0.99,Moderate,FMS_MARITIME,2026-04-06
2022-12-19,107,MGO,43.71,16.1,386.4,24,352.2592,0.85,Calm,FMS_MARITIME,2026-04-06
2022-12-20,107,VLSFO,34.18,12.7,304.8,24,349.2012,0.72,Moderate,FMS_MARITIME,2026-04-06
2022-12-21,107,VLSFO,80.08,17.9,429.6,24,580.4682,0.79,Calm,FMS_MARITIME,2026-04-06
2022-12-22,107,LNG,81.4,11.4,273.6,24,926.4605,0.75,Moderate,FMS_MARITIME,2026-04-06
2022-12-23,107,LSMGO,57.76,17.9,429.6,24,418.6793,0.85,Moderate,FMS_MARITIME,2026-04-06
2022-12-24,107,HFO,37.83,17.0,408.0,24,288.7319,0.51,Moderate,FMS_MARITIME,2026-04-06
2022-12-25,107,LSMGO,58.58,14.7,352.8,24,517.0582,0.72,Calm,FMS_MARITIME,2026-04-06
2022-12-26,107,LNG,69.21,16.5,396.0,24,544.2423,0.79,Moderate,FMS_MARITIME,2026-04-06
2022-12-27,107,VLSFO,15.31,10.5,252.0,24,189.1879,0.53,Moderate,FMS_MARITIME,2026-04-06
2022-12-28,107,LNG,68.6,11.1,266.4,24,801.8784,0.91,Calm,FMS_MARITIME,2026-04-06
2022-12-28,107,LNG,84.9,10.7,256.8,24,1029.5117,0.42,Calm,FMS_MARITIME,2026-04-06
2022-12-28,107,LNG,15.69,15.1,362.4,24,134.8197,0.89,Calm,FMS_MARITIME,2026-04-06
2022-12-01,108,LSMGO,37.14,12.2,292.8,24,394.993,0.59,Calm,FMS_MARITIME,2026-04-06
2022-12-02,108,MGO,53.15,16.5,396.0,24,417.9523,0.44,Moderate,FMS_MARITIME,2026-04-06
2022-12-03,108,VLSFO,44.84,15.9,381.6,24,365.9113,0.84,Moderate,FMS_MARITIME,2026-04-06
2022-12-04,108,HFO,52.38,12.3,295.2,24,552.5451,0.69,Calm,FMS_MARITIME,2026-04-06
2022-12-05,108,MGO,83.73,17.4,417.6,24,624.3659,0.74,Moderate,FMS_MARITIME,2026-04-06
2022-12-06,108,LNG,26.86,9.8,235.2,24,355.6209,0.62,Moderate,FMS_MARITIME,2026-04-06
2022-12-07,108,HFO,29.67,9.5,228.0,24,405.2297,0.42,Calm,FMS_MARITIME,2026-04-06
2022-12-08,108,LNG,48.86,14.7,352.8,24,431.2643,0.85,Rough,FMS_MARITIME,2026-04-06
2022-12-09,108,VLSFO,58.12,17.6,422.4,24,428.4699,0.99,Rough,FMS_MARITIME,2026-04-06
2022-12-10,108,MGO,45.04,13.7,328.8,24,426.565,0.99,Rough,FMS_MARITIME,2026-04-06
2022-12-11,108,MGO,39.14,9.5,228.0,24,534.57,0.84,Moderate,FMS_MARITIME,2026-04-06
2022-12-12,108,HFO,65.53,14.1,338.4,24,603.0154,0.75,Rough,FMS_MARITIME,2026-04-06
2022-12-13,108,VLSFO,35.02,12.7,304.8,24,357.7831,0.56,Moderate,FMS_MARITIME,2026-04-06
2022-12-14,108,LSMGO,57.68,14.3,343.2,24,523.3552,0.69,Rough,FMS_MARITIME,2026-04-06
2022-12-15,108,MGO,20.57,15.4,369.6,24,173.3089,0.92,Moderate,FMS_MARITIME,2026-04-06
2022-12-16,108,MGO,44.74,8.4,201.6,24,691.0732,0.88,Moderate,FMS_MARITIME,2026-04-06
2022-12-17,108,HFO,62.89,12.2,292.8,24,668.8506,0.91,Calm,FMS_MARITIME,2026-04-06
2022-12-18,108,HFO,40.76,16.0,384.0,24,330.5381,0.78,Moderate,FMS_MARITIME,2026-04-06
2022-12-19,108,HFO,42.02,13.5,324.0,24,403.8589,0.41,Moderate,FMS_MARITIME,2026-04-06
2022-12-20,108,HFO,73.3,10.8,259.2,24,880.6181,0.87,Moderate,FMS_MARITIME,2026-04-06
2022-12-21,108,MGO,82.73,10.2,244.8,24,1052.3743,0.98,Rough,FMS_MARITIME,2026-04-06
2022-12-22,108,HFO,63.44,12.6,302.4,24,653.281,0.8,Moderate,FMS_MARITIME,2026-04-06
2022-12-23,108,LNG,45.75,13.6,326.4,24,436.4752,0.97,Moderate,FMS_MARITIME,2026-04-06
2022-12-24,108,HFO,35.22,12.2,292.8,24,374.5734,0.7,Rough,FMS_MARITIME,2026-04-06
2022-12-25,108,LNG,57.42,13.0,312.0,24,573.0958,0.52,Rough,FMS_MARITIME,2026-04-06
2022-12-26,108,VLSFO,36.59,12.2,292.8,24,389.1436,0.64,Calm,FMS_MARITIME,2026-04-06
2022-12-27,108,VLSFO,73.62,12.6,302.4,24,758.1107,0.94,Calm,FMS_MARITIME,2026-04-06
2022-12-28,108,LSMGO,60.51,14.5,348.0,24,541.4602,0.92,Moderate,FMS_MARITIME,2026-04-06
2022-12-28,108,LNG,27.06,14.2,340.8,24,247.256,0.72,Moderate,FMS_MARITIME,2026-04-06
2022-12-28,108,HFO,70.89,13.8,331.2,24,666.5201,0.85,Calm,FMS_MARITIME,2026-04-06
2022-12-01,109,MGO,18.01,12.8,307.2,24,182.5623,0.4,Moderate,FMS_MARITIME,2026-04-06
2022-12-02,109,LSMGO,65.43,11.1,266.4,24,764.8236,0.77,Moderate,FMS_MARITIME,2026-04-06
2022-12-03,109,LNG,59.23,14.4,345.6,24,533.687,0.75,Calm,FMS_MARITIME,2026-04-06
2022-12-04,109,LNG,82.74,16.4,393.6,24,654.6046,0.56,Moderate,FMS_MARITIME,2026-04-06
2022-12-05,109,HFO,78.19,16.0,384.0,24,634.072,0.82,Moderate,FMS_MARITIME,2026-04-06
2022-12-06,109,HFO,76.31,10.1,242.4,24,980.3191,0.81,Calm,FMS_MARITIME,2026-04-06
2022-12-07,109,LSMGO,40.62,16.8,403.2,24,313.717,0.66,Rough,FMS_MARITIME,2026-04-06
2022-12-08,109,MGO,77.43,10.4,249.6,24,966.0137,0.89,Calm,FMS_MARITIME,2026-04-06
2022-12-09,109,LSMGO,62.63,10.1,242.4,24,804.5785,0.96,Rough,FMS_MARITIME,2026-04-06
2022-12-10,109,MGO,74.2,13.2,316.8,24,729.3523,0.66,Rough,FMS_MARITIME,2026-04-06
2022-12-11,109,LNG,19.89,11.1,266.4,24,232.498,0.54,Moderate,FMS_MARITIME,2026-04-06
2022-12-12,109,HFO,45.26,14.9,357.6,24,394.1265,0.41,Calm,FMS_MARITIME,2026-04-06
2022-12-13,109,LSMGO,64.13,9.4,225.6,24,885.1987,0.98,Moderate,FMS_MARITIME,2026-04-06
2022-12-14,109,HFO,66.38,8.6,206.4,24,1001.489,0.53,Rough,FMS_MARITIME,2026-04-06
2022-12-15,109,LNG,21.52,14.1,338.4,24,198.0298,0.86,Calm,FMS_MARITIME,2026-04-06
2022-12-16,109,LSMGO,22.76,8.1,194.4,24,364.5815,0.92,Rough,FMS_MARITIME,2026-04-06
2022-12-17,109,HFO,18.68,8.3,199.2,24,292.0157,0.96,Rough,FMS_MARITIME,2026-04-06
2022-12-18,109,LSMGO,41.2,10.9,261.6,24,490.4312,0.53,Rough,FMS_MARITIME,2026-04-06
2022-12-19,109,LNG,84.71,8.6,206.4,24,1278.0375,0.74,Moderate,FMS_MARITIME,2026-04-06
2022-12-20,109,LSMGO,54.16,16.5,396.0,24,425.8945,0.79,Rough,FMS_MARITIME,2026-04-06
2022-12-21,109,HFO,82.44,8.2,196.8,24,1304.4622,0.58,Rough,FMS_MARITIME,2026-04-06
2022-12-22,109,LNG,39.09,9.4,225.6,24,539.5668,0.57,Moderate,FMS_MARITIME,2026-04-06
2022-12-23,109,LNG,41.57,15.2,364.8,24,354.8492,0.48,Moderate,FMS_MARITIME,2026-04-06
2022-12-24,109,MGO,45.3,8.2,196.8,24,716.7896,0.44,Rough,FMS_MARITIME,2026-04-06
2022-12-25,109,VLSFO,55.77,8.5,204.0,24,851.3126,0.42,Moderate,FMS_MARITIME,2026-04-06
2022-12-26,109,VLSFO,53.8,14.5,348.0,24,481.4172,0.57,Moderate,FMS_MARITIME,2026-04-06
2022-12-27,109,LNG,77.05,11.5,276.0,24,869.325,0.88,Calm,FMS_MARITIME,2026-04-06
2022-12-28,109,HFO,74.09,13.7,328.8,24,701.6918,0.51,Moderate,FMS_MARITIME,2026-04-06
2022-12-28,109,LSMGO,63.59,13.6,326.4,24,606.6767,0.77,Moderate,FMS_MARITIME,2026-04-06
2022-12-28,109,MGO,23.41,15.8,379.2,24,192.2435,0.76,Calm,FMS_MARITIME,2026-04-06
2022-12-01,110,LSMGO,30.67,14.7,352.8,24,270.7097,0.68,Moderate,FMS_MARITIME,2026-04-06
2022-12-02,110,MGO,24.02,8.4,201.6,24,371.0232,0.48,Moderate,FMS_MARITIME,2026-04-06
2022-12-03,110,VLSFO,64.33,13.4,321.6,24,622.8968,0.51,Calm,FMS_MARITIME,2026-04-06
2022-12-04,110,MGO,54.62,17.1,410.4,24,414.4412,0.63,Moderate,FMS_MARITIME,2026-04-06
2022-12-05,110,MGO,38.87,13.9,333.6,24,362.8333,0.46,Moderate,FMS_MARITIME,2026-04-06
2022-12-06,110,VLSFO,36.87,11.5,276.0,24,415.9898,0.97,Moderate,FMS_MARITIME,2026-04-06
2022-12-07,110,MGO,26.38,10.3,247.2,24,332.3112,0.86,Rough,FMS_MARITIME,2026-04-06
2022-12-08,110,HFO,47.79,14.1,338.4,24,439.7697,0.9,Rough,FMS_MARITIME,2026-04-06
2022-12-09,110,LNG,17.62,14.5,348.0,24,157.6686,0.91,Rough,FMS_MARITIME,2026-04-06
2022-12-10,110,LNG,67.86,12.8,307.2,24,687.8777,0.63,Moderate,FMS_MARITIME,2026-04-06
2022-12-11,110,LSMGO,72.45,17.1,410.4,24,549.7303,0.64,Rough,FMS_MARITIME,2026-04-06
2022-12-12,110,MGO,33.97,10.4,249.6,24,423.8084,0.57,Calm,FMS_MARITIME,2026-04-06
2022-12-13,110,VLSFO,78.61,16.1,386.4,24,633.5185,0.49,Rough,FMS_MARITIME,2026-04-06
2022-12-14,110,VLSFO,80.43,16.7,400.8,24,624.8978,0.67,Calm,FMS_MARITIME,2026-04-06
2022-12-15,110,HFO,32.09,12.5,300.0,24,333.0942,0.49,Moderate,FMS_MARITIME,2026-04-06
2022-12-16,110,HFO,32.22,10.6,254.4,24,394.391,0.97,Rough,FMS_MARITIME,2026-04-06
2022-12-17,110,LSMGO,70.06,17.1,410.4,24,531.5956,0.93,Rough,FMS_MARITIME,2026-04-06
2022-12-18,110,LSMGO,48.67,10.5,252.0,24,601.4221,0.54,Rough,FMS_MARITIME,2026-04-06
2022-12-19,110,MGO,20.49,12.5,300.0,24,212.6862,0.43,Calm,FMS_MARITIME,2026-04-06
2022-12-20,110,MGO,39.07,16.5,396.0,24,307.2323,0.75,Moderate,FMS_MARITIME,2026-04-06
2022-12-21,110,LNG,71.32,15.4,369.6,24,600.8942,0.59,Moderate,FMS_MARITIME,2026-04-06
2022-12-22,110,HFO,21.1,12.6,302.4,24,217.2798,0.73,Rough,FMS_MARITIME,2026-04-06
2022-12-23,110,MGO,78.11,9.8,235.2,24,1034.1605,0.46,Rough,FMS_MARITIME,2026-04-06
2022-12-24,110,LSMGO,55.2,16.7,400.8,24,428.8743,0.56,Moderate,FMS_MARITIME,2026-04-06
2022-12-25,110,LSMGO,50.03,17.1,410.4,24,379.6136,0.6,Calm,FMS_MARITIME,2026-04-06
2022-12-26,110,MGO,20.93,13.7,328.8,24,198.2239,0.89,Calm,FMS_MARITIME,2026-04-06
2022-12-27,110,LSMGO,66.72,12.1,290.4,24,715.4479,0.61,Moderate,FMS_MARITIME,2026-04-06
2022-12-28,110,LNG,76.69,13.6,326.4,24,731.6564,0.6,Rough,FMS_MARITIME,2026-04-06
2022-12-28,110,LSMGO,81.99,9.5,228.0,24,1119.8108,0.63,Rough,FMS_MARITIME,2026-04-06
2022-12-28,110,HFO,77.13,17.1,410.4,24,585.2408,0.92,Rough,FMS_MARITIME,2026-04-06
2022-12-01,111,LNG,65.78,12.2,292.8,24,699.5865,0.85,Moderate,FMS_MARITIME,2026-04-06
2022-12-02,111,HFO,62.31,13.7,328.8,24,590.1257,0.92,Calm,FMS_MARITIME,2026-04-06
2022-12-03,111,VLSFO,59.28,16.6,398.4,24,463.3482,0.79,Moderate,FMS_MARITIME,2026-04-06
2022-12-04,111,LNG,62.96,15.3,367.2,24,533.9255,0.45,Rough,FMS_MARITIME,2026-04-06
2022-12-05,111,LSMGO,54.97,16.9,405.6,24,422.033,0.57,Rough,FMS_MARITIME,2026-04-06
2022-12-06,111,VLSFO,66.74,12.2,292.8,24,709.7963,0.53,Calm,FMS_MARITIME,2026-04-06
2022-12-07,111,HFO,49.61,9.0,216.0,24,715.2108,0.85,Rough,FMS_MARITIME,2026-04-06
2022-12-08,111,LNG,28.34,17.2,412.8,24,213.7858,0.52,Rough,FMS_MARITIME,2026-04-06
2022-12-09,111,LNG,71.47,12.0,288.0,24,772.7694,0.78,Moderate,FMS_MARITIME,2026-04-06
2022-12-10,111,LSMGO,73.24,17.3,415.2,24,549.3,0.63,Rough,FMS_MARITIME,2026-04-06
2022-12-11,111,LNG,73.83,16.9,405.6,24,566.8309,0.81,Calm,FMS_MARITIME,2026-04-06
2022-12-12,111,MGO,38.68,15.8,379.2,24,317.6411,0.48,Moderate,FMS_MARITIME,2026-04-06
2022-12-13,111,LNG,25.39,14.8,355.2,24,222.5914,0.76,Rough,FMS_MARITIME,2026-04-06
2022-12-14,111,LSMGO,64.97,14.4,345.6,24,585.4068,0.55,Rough,FMS_MARITIME,2026-04-06
2022-12-15,111,LSMGO,71.99,17.1,410.4,24,546.2399,0.42,Calm,FMS_MARITIME,2026-04-06
2022-12-16,111,MGO,38.69,10.5,252.0,24,478.0979,0.5,Moderate,FMS_MARITIME,2026-04-06
2022-12-17,111,MGO,72.64,14.1,338.4,24,668.4426,0.84,Calm,FMS_MARITIME,2026-04-06
2022-12-18,111,VLSFO,19.86,12.1,290.4,24,212.9616,0.69,Moderate,FMS_MARITIME,2026-04-06
2022-12-19,111,LNG,83.91,12.9,309.6,24,843.9785,0.9,Rough,FMS_MARITIME,2026-04-06
2022-12-20,111,VLSFO,67.14,10.3,247.2,24,845.7684,0.66,Moderate,FMS_MARITIME,2026-04-06
2022-12-21,111,LNG,59.06,12.0,288.0,24,638.5862,0.47,Moderate,FMS_MARITIME,2026-04-06
2022-12-22,111,VLSFO,29.92,10.1,242.4,24,384.3683,0.47,Rough,FMS_MARITIME,2026-04-06
2022-12-23,111,HFO,44.47,15.9,381.6,24,362.892,0.73,Moderate,FMS_MARITIME,2026-04-06
2022-12-24,111,VLSFO,50.22,11.0,264.0,24,592.3677,0.98,Moderate,FMS_MARITIME,2026-04-06
2022-12-25,111,HFO,22.04,12.5,300.0,24,228.7752,0.84,Calm,FMS_MARITIME,2026-04-06
2022-12-26,111,MGO,17.03,9.9,237.6,24,223.1962,0.5,Rough,FMS_MARITIME,2026-04-06
2022-12-27,111,LNG,40.83,9.6,230.4,24,551.843,0.88,Rough,FMS_MARITIME,2026-04-06
2022-12-28,111,HFO,64.04,10.7,256.8,24,776.5598,0.96,Rough,FMS_MARITIME,2026-04-06
2022-12-28,111,HFO,40.5,17.1,410.4,24,307.3026,0.64,Moderate,FMS_MARITIME,2026-04-06
2022-12-28,111,VLSFO,83.47,17.5,420.0,24,618.8704,0.44,Rough,FMS_MARITIME,2026-04-06
2022-12-01,112,LSMGO,54.59,17.3,415.2,24,409.425,0.89,Moderate,FMS_MARITIME,2026-04-06
2022-12-02,112,LNG,21.55,10.5,252.0,24,266.2964,0.48,Calm,FMS_MARITIME,2026-04-06
2022-12-03,112,LSMGO,27.25,10.3,247.2,24,343.2706,0.95,Calm,FMS_MARITIME,2026-04-06
2022-12-04,112,HFO,67.98,10.4,249.6,24,848.1159,0.64,Moderate,FMS_MARITIME,2026-04-06
2022-12-05,112,LNG,67.87,13.0,312.0,24,677.3948,0.42,Rough,FMS_MARITIME,2026-04-06
2022-12-06,112,LSMGO,24.88,13.6,326.4,24,237.3662,0.6,Rough,FMS_MARITIME,2026-04-06
2022-12-07,112,VLSFO,32.28,13.9,333.6,24,301.3187,0.82,Rough,FMS_MARITIME,2026-04-06
2022-12-08,112,LNG,74.82,10.8,259.2,24,898.8792,0.97,Moderate,FMS_MARITIME,2026-04-06
2022-12-09,112,HFO,57.27,15.8,379.2,24,470.3027,0.67,Calm,FMS_MARITIME,2026-04-06
2022-12-10,112,HFO,73.25,14.5,348.0,24,655.4612,0.42,Rough,FMS_MARITIME,2026-04-06
2022-12-11,112,HFO,32.65,16.0,384.0,24,264.7711,0.95,Calm,FMS_MARITIME,2026-04-06
2022-12-12,112,LNG,79.58,16.9,405.6,24,610.9766,0.97,Moderate,FMS_MARITIME,2026-04-06
2022-12-13,112,HFO,24.67,17.0,408.0,24,188.2901,0.64,Rough,FMS_MARITIME,2026-04-06
2022-12-14,112,VLSFO,41.92,10.0,240.0,24,543.912,0.66,Rough,FMS_MARITIME,2026-04-06
2022-12-15,112,LNG,80.09,15.7,376.8,24,661.8903,0.57,Rough,FMS_MARITIME,2026-04-06
2022-12-16,112,LSMGO,39.47,13.7,328.8,24,373.8126,0.77,Moderate,FMS_MARITIME,2026-04-06
2022-12-17,112,MGO,80.77,14.0,336.0,24,748.5648,0.51,Moderate,FMS_MARITIME,2026-04-06
2022-12-18,112,LSMGO,18.09,17.4,417.6,24,134.8953,0.43,Moderate,FMS_MARITIME,2026-04-06
2022-12-19,112,LSMGO,82.57,16.8,403.2,24,637.7058,0.66,Moderate,FMS_MARITIME,2026-04-06
2022-12-20,112,HFO,34.21,11.6,278.4,24,382.6506,0.71,Moderate,FMS_MARITIME,2026-04-06
2022-12-21,112,VLSFO,34.46,14.4,345.6,24,310.499,0.7,Rough,FMS_MARITIME,2026-04-06
2022-12-22,112,HFO,17.78,10.0,240.0,24,230.6955,0.89,Rough,FMS_MARITIME,2026-04-06
2022-12-23,112,VLSFO,79.79,14.8,355.2,24,699.5103,0.7,Calm,FMS_MARITIME,2026-04-06
2022-12-24,112,MGO,57.39,8.1,194.4,24,919.3028,0.74,Calm,FMS_MARITIME,2026-04-06
2022-12-25,112,VLSFO,17.18,9.7,232.8,24,229.8046,0.78,Moderate,FMS_MARITIME,2026-04-06
2022-12-26,112,VLSFO,18.33,16.1,386.4,24,147.7216,0.47,Calm,FMS_MARITIME,2026-04-06
2022-12-27,112,MGO,23.7,14.1,338.4,24,218.0904,0.76,Calm,FMS_MARITIME,2026-04-06
2022-12-28,112,HFO,25.8,15.4,369.6,24,217.3734,0.88,Rough,FMS_MARITIME,2026-04-06
2022-12-28,112,LSMGO,66.54,14.4,345.6,24,599.5531,0.42,Calm,FMS_MARITIME,2026-04-06
2022-12-28,112,HFO,60.16,8.8,211.2,24,887.0182,0.62,Moderate,FMS_MARITIME,2026-04-06
2022-12-01,113,LSMGO,26.91,12.9,309.6,24,270.6645,0.66,Calm,FMS_MARITIME,2026-04-06
2022-12-02,113,LNG,68.45,15.8,379.2,24,562.1131,0.47,Rough,FMS_MARITIME,2026-04-06
2022-12-03,113,MGO,80.26,14.2,340.8,24,733.3616,0.44,Calm,FMS_MARITIME,2026-04-06
2022-12-04,113,MGO,36.72,9.6,230.4,24,496.2937,0.78,Calm,FMS_MARITIME,2026-04-06
2022-12-05,113,HFO,78.66,9.2,220.8,24,1109.3625,0.86,Calm,FMS_MARITIME,2026-04-06
2022-12-06,113,VLSFO,19.82,14.0,336.0,24,183.6889,0.57,Calm,FMS_MARITIME,2026-04-06
2022-12-07,113,LNG,19.7,11.6,278.4,24,220.3513,0.79,Calm,FMS_MARITIME,2026-04-06
2022-12-08,113,MGO,79.57,15.6,374.4,24,661.8082,0.87,Moderate,FMS_MARITIME,2026-04-06
2022-12-09,113,LSMGO,54.53,10.8,259.2,24,655.1174,0.71,Moderate,FMS_MARITIME,2026-04-06
2022-12-10,113,LNG,27.19,8.5,204.0,24,415.0474,0.72,Calm,FMS_MARITIME,2026-04-06
2022-12-11,113,LSMGO,57.93,10.1,242.4,24,744.1998,0.61,Calm,FMS_MARITIME,2026-04-06
2022-12-12,113,VLSFO,21.92,11.5,276.0,24,247.3148,0.75,Moderate,FMS_MARITIME,2026-04-06
2022-12-13,113,VLSFO,56.5,13.6,326.4,24,539.0349,0.73,Moderate,FMS_MARITIME,2026-04-06
2022-12-14,113,LSMGO,74.14,17.5,420.0,24,549.6951,0.72,Rough,FMS_MARITIME,2026-04-06
2022-12-15,113,LSMGO,44.85,16.5,396.0,24,352.6841,0.41,Rough,FMS_MARITIME,2026-04-06
2022-12-16,113,MGO,70.69,17.3,415.2,24,530.175,0.76,Calm,FMS_MARITIME,2026-04-06
2022-12-17,113,HFO,43.47,16.0,384.0,24,352.5145,0.57,Rough,FMS_MARITIME,2026-04-06
2022-12-18,113,LSMGO,47.75,8.7,208.8,24,712.1336,0.96,Calm,FMS_MARITIME,2026-04-06
2022-12-19,113,MGO,53.57,11.4,273.6,24,609.7112,0.68,Rough,FMS_MARITIME,2026-04-06
2022-12-20,113,LNG,59.16,9.0,216.0,24,852.89,0.74,Calm,FMS_MARITIME,2026-04-06
2022-12-21,113,MGO,82.54,8.8,211.2,24,1216.996,0.52,Moderate,FMS_MARITIME,2026-04-06
2022-12-22,113,HFO,46.05,14.5,348.0,24,412.0681,0.4,Calm,FMS_MARITIME,2026-04-06
2022-12-23,113,LNG,56.3,12.3,295.2,24,593.8963,0.75,Rough,FMS_MARITIME,2026-04-06
2022-12-24,113,LNG,78.06,15.7,376.8,24,645.1137,0.9,Calm,FMS_MARITIME,2026-04-06
2022-12-25,113,VLSFO,49.39,12.7,304.8,24,504.5947,0.42,Moderate,FMS_MARITIME,2026-04-06
2022-12-26,113,HFO,48.8,9.0,216.0,24,703.5333,0.72,Moderate,FMS_MARITIME,2026-04-06
2022-12-27,113,VLSFO,46.31,9.2,220.8,24,653.122,0.53,Calm,FMS_MARITIME,2026-04-06
2022-12-28,113,MGO,65.71,16.6,398.4,24,513.6068,0.98,Rough,FMS_MARITIME,2026-04-06
2022-12-28,113,LSMGO,70.53,13.8,331.2,24,663.1353,0.75,Calm,FMS_MARITIME,2026-04-06
2022-12-28,113,HFO,41.34,9.1,218.4,24,589.4357,0.8,Moderate,FMS_MARITIME,2026-04-06
2022-12-01,114,MGO,47.44,13.9,333.6,24,442.8302,0.51,Calm,FMS_MARITIME,2026-04-06
2022-12-02,114,LNG,23.64,15.3,367.2,24,200.4765,0.73,Rough,FMS_MARITIME,2026-04-06
2022-12-03,114,HFO,74.77,9.1,218.4,24,1066.0887,0.51,Calm,FMS_MARITIME,2026-04-06
2022-12-04,114,LSMGO,69.3,12.6,302.4,24,713.625,0.59,Calm,FMS_MARITIME,2026-04-06
2022-12-05,114,VLSFO,26.81,16.4,393.6,24,212.1096,0.8,Calm,FMS_MARITIME,2026-04-06
2022-12-06,114,MGO,80.06,13.3,319.2,24,781.0365,0.47,Calm,FMS_MARITIME,2026-04-06
2022-12-07,114,VLSFO,72.13,13.4,321.6,24,698.4229,0.95,Moderate,FMS_MARITIME,2026-04-06
2022-12-08,114,LNG,72.69,10.6,254.4,24,889.7667,0.96,Moderate,FMS_MARITIME,2026-04-06
2022-12-09,114,LNG,35.72,17.1,410.4,24,271.0333,0.81,Moderate,FMS_MARITIME,2026-04-06
2022-12-10,114,LSMGO,67.2,14.2,340.8,24,614.0282,0.98,Rough,FMS_MARITIME,2026-04-06
2022-12-11,114,LNG,27.79,9.3,223.2,24,387.7153,0.46,Moderate,FMS_MARITIME,2026-04-06
2022-12-12,114,MGO,61.63,16.4,393.6,24,487.591,0.7,Calm,FMS_MARITIME,2026-04-06
2022-12-13,114,LSMGO,40.81,10.4,249.6,24,509.144,0.98,Calm,FMS_MARITIME,2026-04-06
2022-12-14,114,LNG,38.95,13.8,331.2,24,366.2147,0.44,Rough,FMS_MARITIME,2026-04-06
2022-12-15,114,MGO,31.43,11.2,268.8,24,364.1109,0.46,Rough,FMS_MARITIME,2026-04-06
2022-12-16,114,HFO,43.66,8.2,196.8,24,690.8396,0.95,Moderate,FMS_MARITIME,2026-04-06
2022-12-17,114,LSMGO,16.4,15.7,376.8,24,135.535,0.59,Moderate,FMS_MARITIME,2026-04-06
2022-12-18,114,MGO,43.71,12.0,288.0,24,472.6144,0.62,Moderate,FMS_MARITIME,2026-04-06
2022-12-19,114,VLSFO,42.49,16.3,391.2,24,338.2256,0.95,Rough,FMS_MARITIME,2026-04-06
2022-12-20,114,HFO,82.85,9.3,223.2,24,1155.8911,0.44,Rough,FMS_MARITIME,2026-04-06
2022-12-21,114,VLSFO,27.58,14.3,343.2,24,250.2451,0.69,Moderate,FMS_MARITIME,2026-04-06
2022-12-22,114,VLSFO,55.54,12.5,300.0,24,576.5052,0.86,Moderate,FMS_MARITIME,2026-04-06
2022-12-23,114,HFO,73.02,15.2,364.8,24,623.3122,0.9,Moderate,FMS_MARITIME,2026-04-06
2022-12-24,114,MGO,68.13,15.6,374.4,24,566.6582,0.88,Moderate,FMS_MARITIME,2026-04-06
2022-12-25,114,LSMGO,62.8,17.3,415.2,24,471.0,0.48,Calm,FMS_MARITIME,2026-04-06
2022-12-26,114,LSMGO,48.5,15.8,379.2,24,398.2832,0.63,Moderate,FMS_MARITIME,2026-04-06
2022-12-27,114,HFO,35.25,12.4,297.6,24,368.8458,0.99,Rough,FMS_MARITIME,2026-04-06
2022-12-28,114,HFO,37.93,18.0,432.0,24,273.4121,0.53,Rough,FMS_MARITIME,2026-04-06
2022-12-28,114,VLSFO,16.43,14.0,336.0,24,152.2709,0.64,Calm,FMS_MARITIME,2026-04-06
2022-12-28,114,VLSFO,67.34,16.1,386.4,24,542.6935,0.49,Rough,FMS_MARITIME,2026-04-06
2022-12-01,115,HFO,76.03,12.9,309.6,24,764.7203,0.6,Moderate,FMS_MARITIME,2026-04-06
2022-12-02,115,LSMGO,79.82,15.1,362.4,24,685.8705,0.82,Calm,FMS_MARITIME,2026-04-06
2022-12-03,115,LNG,47.6,12.1,290.4,24,510.4215,0.4,Moderate,FMS_MARITIME,2026-04-06
2022-12-04,115,MGO,44.77,10.3,247.2,24,563.9716,0.47,Calm,FMS_MARITIME,2026-04-06
2022-12-05,115,HFO,40.4,8.3,199.2,24,631.5542,0.53,Moderate,FMS_MARITIME,2026-04-06
2022-12-06,115,LSMGO,26.06,17.8,427.2,24,189.9598,0.73,Moderate,FMS_MARITIME,2026-04-06
2022-12-07,115,MGO,55.72,17.7,424.8,24,408.4559,0.7,Calm,FMS_MARITIME,2026-04-06
2022-12-08,115,LSMGO,41.9,15.3,367.2,24,355.3284,0.58,Moderate,FMS_MARITIME,2026-04-06
2022-12-09,115,VLSFO,56.03,12.5,300.0,24,581.5914,0.5,Rough,FMS_MARITIME,2026-04-06
2022-12-10,115,LSMGO,36.71,13.0,312.0,24,366.394,0.84,Moderate,FMS_MARITIME,2026-04-06
2022-12-11,115,LSMGO,28.21,15.6,374.4,24,234.6312,0.49,Rough,FMS_MARITIME,2026-04-06
2022-12-12,115,LSMGO,82.52,11.4,273.6,24,939.2079,0.8,Moderate,FMS_MARITIME,2026-04-06
2022-12-13,115,LNG,44.6,16.8,403.2,24,344.4554,0.69,Calm,FMS_MARITIME,2026-04-06
2022-12-14,115,VLSFO,53.8,15.0,360.0,24,465.37,0.77,Moderate,FMS_MARITIME,2026-04-06
2022-12-15,115,LSMGO,78.64,12.2,292.8,24,836.3557,0.68,Calm,FMS_MARITIME,2026-04-06
2022-12-16,115,LNG,80.83,10.0,240.0,24,1048.7693,0.62,Calm,FMS_MARITIME,2026-04-06
2022-12-17,115,HFO,36.8,15.2,364.8,24,314.1316,0.88,Rough,FMS_MARITIME,2026-04-06
2022-12-18,115,VLSFO,34.48,17.2,412.8,24,260.1035,0.66,Moderate,FMS_MARITIME,2026-04-06
2022-12-19,115,HFO,76.17,11.0,264.0,24,898.4598,0.68,Rough,FMS_MARITIME,2026-04-06
2022-12-20,115,LSMGO,49.29,16.2,388.8,24,394.7764,0.81,Calm,FMS_MARITIME,2026-04-06
2022-12-21,115,HFO,17.71,9.1,218.4,24,252.5135,0.97,Calm,FMS_MARITIME,2026-04-06
2022-12-22,115,MGO,42.09,10.5,252.0,24,520.1121,0.67,Rough,FMS_MARITIME,2026-04-06
2022-12-23,115,LNG,65.97,11.6,278.4,24,737.8972,0.85,Rough,FMS_MARITIME,2026-04-06
2022-12-24,115,HFO,74.53,12.7,304.8,24,761.4384,0.81,Rough,FMS_MARITIME,2026-04-06
2022-12-25,115,MGO,54.39,10.8,259.2,24,653.4354,0.59,Moderate,FMS_MARITIME,2026-04-06
2022-12-26,115,LSMGO,78.12,12.0,288.0,24,844.6725,0.62,Rough,FMS_MARITIME,2026-04-06
2022-12-27,115,HFO,30.62,11.5,276.0,24,345.4735,0.97,Rough,FMS_MARITIME,2026-04-06
2022-12-28,115,HFO,44.04,9.0,216.0,24,634.91,0.61,Moderate,FMS_MARITIME,2026-04-06
2022-12-28,115,LNG,70.2,14.9,357.6,24,611.3054,0.9,Moderate,FMS_MARITIME,2026-04-06
2022-12-28,115,HFO,51.12,17.3,415.2,24,383.4,0.71,Moderate,FMS_MARITIME,2026-04-06
2022-12-01,116,LNG,16.68,11.3,271.2,24,191.5248,0.63,Moderate,FMS_MARITIME,2026-04-06
2022-12-02,116,LNG,23.38,15.9,381.6,24,190.7896,0.61,Calm,FMS_MARITIME,2026-04-06
2022-12-03,116,MGO,53.96,13.5,324.0,24,518.6156,0.46,Moderate,FMS_MARITIME,2026-04-06
2022-12-04,116,MGO,36.33,14.5,348.0,24,325.0909,0.69,Calm,FMS_MARITIME,2026-04-06
2022-12-05,116,LNG,46.92,17.9,429.6,24,340.1045,0.83,Rough,FMS_MARITIME,2026-04-06
2022-12-06,116,LNG,20.49,15.8,379.2,24,168.2644,0.89,Moderate,FMS_MARITIME,2026-04-06
2022-12-07,116,HFO,45.73,15.0,360.0,24,395.5645,0.69,Calm,FMS_MARITIME,2026-04-06
2022-12-08,116,HFO,60.54,10.1,242.4,24,777.7292,0.6,Calm,FMS_MARITIME,2026-04-06
2022-12-09,116,VLSFO,80.61,9.5,228.0,24,1100.9629,0.46,Moderate,FMS_MARITIME,2026-04-06
2022-12-10,116,LSMGO,44.44,13.8,331.2,24,417.8326,0.76,Moderate,FMS_MARITIME,2026-04-06
2022-12-11,116,LNG,42.98,9.5,228.0,24,587.0163,0.92,Moderate,FMS_MARITIME,2026-04-06
2022-12-12,116,HFO,76.85,10.6,254.4,24,940.6875,0.58,Rough,FMS_MARITIME,2026-04-06
2022-12-13,116,MGO,74.45,8.9,213.6,24,1085.3806,0.81,Moderate,FMS_MARITIME,2026-04-06
2022-12-14,116,LSMGO,63.0,9.1,218.4,24,898.2692,0.52,Moderate,FMS_MARITIME,2026-04-06
2022-12-15,116,MGO,34.27,12.6,302.4,24,352.8994,0.84,Calm,FMS_MARITIME,2026-04-06
2022-12-16,116,LSMGO,54.67,15.5,372.0,24,457.6408,0.67,Moderate,FMS_MARITIME,2026-04-06
2022-12-17,116,VLSFO,38.47,16.3,391.2,24,306.2259,0.87,Calm,FMS_MARITIME,2026-04-06
2022-12-18,116,HFO,24.23,9.2,220.8,24,341.722,0.5,Moderate,FMS_MARITIME,2026-04-06
2022-12-19,116,LNG,28.66,8.9,213.6,24,417.8242,0.43,Rough,FMS_MARITIME,2026-04-06
2022-12-20,116,MGO,53.76,14.9,357.6,24,468.145,0.46,Rough,FMS_MARITIME,2026-04-06
2022-12-21,116,VLSFO,66.72,9.9,237.6,24,874.4364,0.81,Calm,FMS_MARITIME,2026-04-06
2022-12-22,116,LNG,84.44,11.4,273.6,24,961.0605,0.97,Moderate,FMS_MARITIME,2026-04-06
2022-12-23,116,MGO,42.29,11.1,266.4,24,494.3358,0.53,Moderate,FMS_MARITIME,2026-04-06
2022-12-24,116,LSMGO,45.93,13.2,316.8,24,451.471,0.9,Rough,FMS_MARITIME,2026-04-06
2022-12-25,116,LSMGO,30.51,10.1,242.4,24,391.9478,0.41,Rough,FMS_MARITIME,2026-04-06
2022-12-26,116,LNG,21.93,10.4,249.6,24,273.5978,0.43,Moderate,FMS_MARITIME,2026-04-06
2022-12-27,116,MGO,65.27,16.9,405.6,24,501.1114,0.53,Calm,FMS_MARITIME,2026-04-06
2022-12-28,116,LNG,59.58,9.5,228.0,24,813.7374,0.91,Rough,FMS_MARITIME,2026-04-06
2022-12-28,116,VLSFO,48.07,9.4,225.6,24,663.5194,0.42,Moderate,FMS_MARITIME,2026-04-06
2022-12-28,116,VLSFO,40.69,17.0,408.0,24,310.5604,0.59,Moderate,FMS_MARITIME,2026-04-06
2022-12-01,117,LNG,47.93,12.7,304.8,24,489.6785,0.91,Rough,FMS_MARITIME,2026-04-06
2022-12-02,117,MGO,16.96,15.4,369.6,24,142.8935,0.91,Moderate,FMS_MARITIME,2026-04-06
2022-12-03,117,MGO,77.77,14.0,336.0,24,720.7612,0.9,Moderate,FMS_MARITIME,2026-04-06
2022-12-04,117,HFO,39.1,13.6,326.4,24,373.0313,0.47,Moderate,FMS_MARITIME,2026-04-06
2022-12-05,117,VLSFO,26.26,11.6,278.4,24,293.7272,0.44,Moderate,FMS_MARITIME,2026-04-06
2022-12-06,117,LSMGO,43.68,15.9,381.6,24,356.4453,0.91,Calm,FMS_MARITIME,2026-04-06
2022-12-07,117,LNG,25.6,13.1,314.4,24,253.5573,0.57,Moderate,FMS_MARITIME,2026-04-06
2022-12-08,117,LNG,71.32,15.2,364.8,24,608.8007,0.55,Moderate,FMS_MARITIME,2026-04-06
2022-12-09,117,VLSFO,25.89,10.9,261.6,24,308.186,0.59,Moderate,FMS_MARITIME,2026-04-06
2022-12-10,117,LNG,66.07,11.9,285.6,24,720.3851,0.65,Moderate,FMS_MARITIME,2026-04-06
2022-12-11,117,LNG,38.29,8.9,213.6,24,558.2166,0.6,Rough,FMS_MARITIME,2026-04-06
2022-12-12,117,MGO,45.75,11.8,283.2,24,503.0561,0.41,Moderate,FMS_MARITIME,2026-04-06
2022-12-13,117,HFO,71.04,10.3,247.2,24,894.8971,0.44,Calm,FMS_MARITIME,2026-04-06
2022-12-14,117,LNG,36.84,13.8,331.2,24,346.3761,0.76,Rough,FMS_MARITIME,2026-04-06
2022-12-15,117,VLSFO,74.76,17.3,415.2,24,560.7,0.43,Rough,FMS_MARITIME,2026-04-06
2022-12-16,117,LSMGO,53.06,12.7,304.8,24,542.0894,0.71,Rough,FMS_MARITIME,2026-04-06
2022-12-17,117,MGO,71.87,17.3,415.2,24,539.025,0.53,Rough,FMS_MARITIME,2026-04-06
2022-12-18,117,LNG,73.75,17.2,412.8,24,556.3408,0.77,Calm,FMS_MARITIME,2026-04-06
2022-12-19,117,LSMGO,40.82,14.2,340.8,24,372.9856,0.84,Rough,FMS_MARITIME,2026-04-06
2022-12-20,117,LSMGO,64.14,11.9,285.6,24,699.3416,0.53,Moderate,FMS_MARITIME,2026-04-06
2022-12-21,117,LNG,66.9,17.3,415.2,24,501.75,0.72,Rough,FMS_MARITIME,2026-04-06
2022-12-22,117,HFO,47.53,10.4,249.6,24,592.9825,0.77,Moderate,FMS_MARITIME,2026-04-06
2022-12-23,117,MGO,29.33,15.2,364.8,24,250.3663,0.63,Calm,FMS_MARITIME,2026-04-06
2022-12-24,117,LNG,33.68,11.6,278.4,24,376.7224,0.83,Calm,FMS_MARITIME,2026-04-06
2022-12-25,117,HFO,75.55,16.3,391.2,24,601.3873,0.89,Rough,FMS_MARITIME,2026-04-06
2022-12-26,117,VLSFO,38.77,14.5,348.0,24,346.9247,0.65,Rough,FMS_MARITIME,2026-04-06
2022-12-27,117,LNG,31.11,14.1,338.4,24,286.2782,0.83,Rough,FMS_MARITIME,2026-04-06
2022-12-28,117,LNG,37.42,10.9,261.6,24,445.4353,0.91,Calm,FMS_MARITIME,2026-04-06
2022-12-28,117,LSMGO,40.05,15.5,372.0,24,335.2573,0.8,Calm,FMS_MARITIME,2026-04-06
2022-12-28,117,LSMGO,77.28,16.2,388.8,24,618.9556,0.86,Calm,FMS_MARITIME,2026-04-06
2022-12-01,118,VLSFO,42.3,16.1,386.4,24,340.896,0.91,Rough,FMS_MARITIME,2026-04-06
2022-12-02,118,MGO,84.16,10.0,240.0,24,1091.976,0.8,Rough,FMS_MARITIME,2026-04-06
2022-12-03,118,LSMGO,70.89,8.2,196.8,24,1121.7046,0.42,Moderate,FMS_MARITIME,2026-04-06
2022-12-04,118,LSMGO,59.4,13.1,314.4,24,588.3321,0.42,Moderate,FMS_MARITIME,2026-04-06
2022-12-05,118,HFO,82.76,16.6,398.4,24,646.8741,0.41,Moderate,FMS_MARITIME,2026-04-06
2022-12-06,118,LNG,42.61,15.4,369.6,24,359.0031,0.89,Calm,FMS_MARITIME,2026-04-06
2022-12-07,118,LSMGO,65.0,16.5,396.0,24,511.1364,0.82,Calm,FMS_MARITIME,2026-04-06
2022-12-08,118,LSMGO,52.95,9.1,218.4,24,754.9739,0.4,Moderate,FMS_MARITIME,2026-04-06
2022-12-09,118,VLSFO,57.04,16.2,388.8,24,456.8481,0.73,Calm,FMS_MARITIME,2026-04-06
2022-12-10,118,VLSFO,70.95,15.0,360.0,24,613.7175,0.95,Moderate,FMS_MARITIME,2026-04-06
2022-12-11,118,MGO,23.06,16.6,398.4,24,180.2431,0.43,Moderate,FMS_MARITIME,2026-04-06
2022-12-12,118,LNG,62.99,17.1,410.4,24,477.9504,0.64,Calm,FMS_MARITIME,2026-04-06
2022-12-13,118,LNG,54.58,17.0,408.0,24,416.5738,0.99,Moderate,FMS_MARITIME,2026-04-06
2022-12-14,118,LSMGO,61.78,10.3,247.2,24,778.2481,0.71,Rough,FMS_MARITIME,2026-04-06
2022-12-15,118,VLSFO,21.85,16.3,391.2,24,173.9287,0.48,Rough,FMS_MARITIME,2026-04-06
2022-12-16,118,LSMGO,73.61,17.1,410.4,24,558.532,0.47,Rough,FMS_MARITIME,2026-04-06
2022-12-17,118,VLSFO,35.53,10.4,249.6,24,443.2709,0.55,Calm,FMS_MARITIME,2026-04-06
2022-12-18,118,LSMGO,59.31,13.3,319.2,24,578.607,0.61,Moderate,FMS_MARITIME,2026-04-06
2022-12-19,118,LSMGO,45.55,10.9,261.6,24,542.2122,0.87,Moderate,FMS_MARITIME,2026-04-06
2022-12-20,118,MGO,80.48,15.9,381.6,24,656.7472,0.75,Rough,FMS_MARITIME,2026-04-06
2022-12-21,118,MGO,71.48,12.8,307.2,24,724.5727,0.98,Rough,FMS_MARITIME,2026-04-06
2022-12-22,118,LSMGO,76.06,16.6,398.4,24,594.5051,0.5,Moderate,FMS_MARITIME,2026-04-06
2022-12-23,118,HFO,30.08,15.2,364.8,24,256.7684,0.67,Rough,FMS_MARITIME,2026-04-06
2022-12-24,118,LNG,57.26,8.5,204.0,24,874.0571,0.84,Calm,FMS_MARITIME,2026-04-06
2022-12-25,118,LSMGO,26.91,12.6,302.4,24,277.1089,0.96,Moderate,FMS_MARITIME,2026-04-06
2022-12-26,118,MGO,54.67,12.2,292.8,24,581.4289,0.99,Calm,FMS_MARITIME,2026-04-06
2022-12-27,118,HFO,20.23,13.2,316.8,24,198.8517,0.44,Calm,FMS_MARITIME,2026-04-06
2022-12-28,118,LNG,41.37,16.5,396.0,24,325.3186,0.74,Moderate,FMS_MARITIME,2026-04-06
2022-12-28,118,LSMGO,16.57,17.5,420.0,24,122.8547,0.81,Rough,FMS_MARITIME,2026-04-06
2022-12-28,118,LNG,59.06,15.3,367.2,24,500.852,0.91,Moderate,FMS_MARITIME,2026-04-06
2022-12-01,119,MGO,49.05,16.8,403.2,24,378.8237,0.51,Moderate,FMS_MARITIME,2026-04-06
2022-12-02,119,MGO,25.22,15.5,372.0,24,211.1158,0.75,Rough,FMS_MARITIME,2026-04-06
2022-12-03,119,VLSFO,73.3,8.2,196.8,24,1159.8384,0.69,Calm,FMS_MARITIME,2026-04-06
2022-12-04,119,VLSFO,78.11,11.6,278.4,24,873.6873,0.56,Rough,FMS_MARITIME,2026-04-06
2022-12-05,119,LNG,49.52,8.6,206.4,24,747.1186,0.46,Rough,FMS_MARITIME,2026-04-06
2022-12-06,119,LNG,53.43,12.3,295.2,24,563.6213,0.45,Rough,FMS_MARITIME,2026-04-06
2022-12-07,119,LNG,15.42,15.9,381.6,24,125.833,0.99,Calm,FMS_MARITIME,2026-04-06
2022-12-08,119,LSMGO,56.72,8.1,194.4,24,908.5704,0.95,Calm,FMS_MARITIME,2026-04-06
2022-12-09,119,VLSFO,59.89,13.6,326.4,24,571.377,0.77,Calm,FMS_MARITIME,2026-04-06
2022-12-10,119,LSMGO,34.66,17.0,408.0,24,264.5374,0.63,Moderate,FMS_MARITIME,2026-04-06
2022-12-11,119,HFO,48.26,10.8,259.2,24,579.7903,0.66,Rough,FMS_MARITIME,2026-04-06
2022-12-12,119,HFO,57.4,11.5,276.0,24,647.6217,0.74,Rough,FMS_MARITIME,2026-04-06
2022-12-13,119,HFO,69.96,13.1,314.4,24,692.9244,0.66,Rough,FMS_MARITIME,2026-04-06
2022-12-14,119,LSMGO,45.98,9.3,223.2,24,641.4952,0.57,Calm,FMS_MARITIME,2026-04-06
2022-12-15,119,LSMGO,39.68,15.3,367.2,24,336.502,0.63,Calm,FMS_MARITIME,2026-04-06
2022-12-16,119,MGO,51.61,13.3,319.2,24,503.4885,0.55,Moderate,FMS_MARITIME,2026-04-06
2022-12-17,119,HFO,64.24,9.0,216.0,24,926.1267,0.45,Rough,FMS_MARITIME,2026-04-06
2022-12-18,119,HFO,65.38,8.8,211.2,24,963.9835,0.74,Calm,FMS_MARITIME,2026-04-06
2022-12-19,119,LSMGO,82.78,8.0,192.0,24,1342.5881,0.77,Rough,FMS_MARITIME,2026-04-06
2022-12-20,119,LNG,77.61,17.7,424.8,24,568.9208,0.64,Rough,FMS_MARITIME,2026-04-06
2022-12-21,119,LNG,74.29,17.0,408.0,24,567.0075,0.46,Moderate,FMS_MARITIME,2026-04-06
2022-12-22,119,LSMGO,74.09,14.6,350.4,24,658.4368,0.44,Rough,FMS_MARITIME,2026-04-06
2022-12-23,119,MGO,41.3,9.2,220.8,24,582.4647,0.82,Calm,FMS_MARITIME,2026-04-06
2022-12-24,119,HFO,50.41,14.4,345.6,24,454.2151,0.58,Moderate,FMS_MARITIME,2026-04-06
2022-12-25,119,HFO,65.39,18.0,432.0,24,471.3529,0.76,Calm,FMS_MARITIME,2026-04-06
2022-12-26,119,VLSFO,54.16,14.9,357.6,24,471.6282,0.64,Moderate,FMS_MARITIME,2026-04-06
2022-12-27,119,MGO,31.43,15.5,372.0,24,263.0995,0.61,Calm,FMS_MARITIME,2026-04-06
2022-12-28,119,MGO,63.21,9.0,216.0,24,911.2775,0.63,Rough,FMS_MARITIME,2026-04-06
2022-12-28,119,LNG,27.4,12.2,292.8,24,291.4057,0.9,Moderate,FMS_MARITIME,2026-04-06
2022-12-28,119,VLSFO,43.3,8.0,192.0,24,702.2719,0.82,Rough,FMS_MARITIME,2026-04-06
2022-12-01,120,LSMGO,58.58,14.7,352.8,24,517.0582,0.66,Calm,FMS_MARITIME,2026-04-06
2022-12-02,120,VLSFO,58.04,9.5,228.0,24,792.7042,0.67,Moderate,FMS_MARITIME,2026-04-06
2022-12-03,120,MGO,28.77,17.0,408.0,24,219.5828,0.54,Calm,FMS_MARITIME,2026-04-06
2022-12-04,120,MGO,66.04,14.2,340.8,24,603.4289,0.96,Moderate,FMS_MARITIME,2026-04-06
2022-12-05,120,MGO,70.42,10.4,249.6,24,878.5572,0.52,Moderate,FMS_MARITIME,2026-04-06
2022-12-06,120,HFO,25.04,8.5,204.0,24,382.2282,0.87,Calm,FMS_MARITIME,2026-04-06
2022-12-07,120,MGO,29.92,10.3,247.2,24,376.9049,0.81,Rough,FMS_MARITIME,2026-04-06
2022-12-08,120,LNG,35.15,12.0,288.0,24,380.0594,0.92,Moderate,FMS_MARITIME,2026-04-06
2022-12-09,120,HFO,56.51,10.5,252.0,24,698.3021,0.58,Moderate,FMS_MARITIME,2026-04-06
2022-12-10,120,MGO,81.08,12.7,304.8,24,828.3567,0.42,Moderate,FMS_MARITIME,2026-04-06
2022-12-11,120,VLSFO,35.7,8.2,196.8,24,564.8872,0.93,Rough,FMS_MARITIME,2026-04-06
2022-12-12,120,LNG,41.61,11.1,266.4,24,486.3872,0.86,Rough,FMS_MARITIME,2026-04-06
2022-12-13,120,VLSFO,68.83,8.9,213.6,24,1003.4486,0.45,Moderate,FMS_MARITIME,2026-04-06
2022-12-14,120,LNG,57.76,17.6,422.4,24,425.8159,0.93,Moderate,FMS_MARITIME,2026-04-06
2022-12-15,120,HFO,78.01,12.3,295.2,24,822.9104,0.93,Moderate,FMS_MARITIME,2026-04-06
2022-12-16,120,HFO,28.78,10.8,259.2,24,345.7597,0.65,Moderate,FMS_MARITIME,2026-04-06
2022-12-17,120,HFO,35.83,9.0,216.0,24,516.5492,0.77,Moderate,FMS_MARITIME,2026-04-06
2022-12-18,120,VLSFO,54.78,12.5,300.0,24,568.6164,0.44,Moderate,FMS_MARITIME,2026-04-06
2022-12-19,120,MGO,63.77,15.2,364.8,24,544.3525,0.63,Calm,FMS_MARITIME,2026-04-06
2022-12-20,120,MGO,76.65,15.0,360.0,24,663.0225,0.94,Moderate,FMS_MARITIME,2026-04-06
2022-12-21,120,LSMGO,47.25,12.6,302.4,24,486.5625,0.56,Calm,FMS_MARITIME,2026-04-06
2022-12-22,120,MGO,78.96,15.9,381.6,24,644.3434,0.63,Rough,FMS_MARITIME,2026-04-06
2022-12-23,120,LSMGO,71.21,15.1,362.4,24,611.8873,0.5,Rough,FMS_MARITIME,2026-04-06
2022-12-24,120,MGO,56.28,14.3,343.2,24,510.6524,0.53,Moderate,FMS_MARITIME,2026-04-06
2022-12-25,120,LSMGO,49.41,14.9,357.6,24,430.2649,0.52,Moderate,FMS_MARITIME,2026-04-06
2022-12-26,120,HFO,15.29,14.0,336.0,24,141.7055,0.53,Rough,FMS_MARITIME,2026-04-06
2022-12-27,120,MGO,74.11,11.1,266.4,24,866.2858,0.66,Moderate,FMS_MARITIME,2026-04-06
2022-12-28,120,HFO,63.82,10.2,244.8,24,811.8279,0.48,Calm,FMS_MARITIME,2026-04-06
2022-12-28,120,HFO,50.63,11.8,283.2,24,556.7155,0.79,Calm,FMS_MARITIME,2026-04-06
2022-12-28,120,HFO,69.73,14.4,345.6,24,628.2964,0.53,Calm,FMS_MARITIME,2026-04-06
2022-12-01,121,MGO,22.59,16.1,386.4,24,182.053,0.59,Rough,FMS_MARITIME,2026-04-06
2022-12-02,121,LSMGO,80.64,14.0,336.0,24,747.36,0.81,Rough,FMS_MARITIME,2026-04-06
2022-12-03,121,LSMGO,37.43,8.4,201.6,24,578.1598,0.86,Rough,FMS_MARITIME,2026-04-06
2022-12-04,121,HFO,53.36,14.0,336.0,24,494.5329,0.75,Calm,FMS_MARITIME,2026-04-06
2022-12-05,121,MGO,40.21,9.0,216.0,24,579.6942,1.0,Rough,FMS_MARITIME,2026-04-06
2022-12-06,121,MGO,51.28,16.4,393.6,24,405.7061,0.92,Moderate,FMS_MARITIME,2026-04-06
2022-12-07,121,LNG,69.32,9.2,220.8,24,977.638,0.4,Rough,FMS_MARITIME,2026-04-06
2022-12-08,121,HFO,46.95,17.5,420.0,24,348.1007,0.65,Calm,FMS_MARITIME,2026-04-06
2022-12-09,121,HFO,20.34,8.8,211.2,24,299.8994,0.54,Calm,FMS_MARITIME,2026-04-06
2022-12-10,121,VLSFO,27.41,13.8,331.2,24,257.7136,0.5,Rough,FMS_MARITIME,2026-04-06
2022-12-11,121,MGO,19.53,9.8,235.2,24,258.5732,0.47,Rough,FMS_MARITIME,2026-04-06
2022-12-12,121,LSMGO,76.5,10.5,252.0,24,945.3214,0.41,Rough,FMS_MARITIME,2026-04-06
2022-12-13,121,HFO,74.16,16.3,391.2,24,590.3227,0.5,Moderate,FMS_MARITIME,2026-04-06
2022-12-14,121,MGO,57.35,8.4,201.6,24,885.8527,0.83,Rough,FMS_MARITIME,2026-04-06
2022-12-15,121,VLSFO,59.22,10.5,252.0,24,731.79,0.89,Moderate,FMS_MARITIME,2026-04-06
2022-12-16,121,LNG,74.87,12.1,290.4,24,802.8415,0.72,Calm,FMS_MARITIME,2026-04-06
2022-12-17,121,LNG,50.63,13.3,319.2,24,493.928,0.66,Moderate,FMS_MARITIME,2026-04-06
2022-12-18,121,MGO,81.45,8.4,201.6,24,1258.1116,0.75,Rough,FMS_MARITIME,2026-04-06
2022-12-19,121,MGO,33.2,16.4,393.6,24,262.6646,0.44,Rough,FMS_MARITIME,2026-04-06
2022-12-20,121,MGO,26.17,10.6,254.4,24,320.3356,0.99,Moderate,FMS_MARITIME,2026-04-06
2022-12-21,121,LNG,35.16,12.7,304.8,24,359.2134,0.61,Rough,FMS_MARITIME,2026-04-06
2022-12-22,121,HFO,57.76,14.9,357.6,24,502.9772,0.72,Moderate,FMS_MARITIME,2026-04-06
2022-12-23,121,MGO,44.99,15.9,381.6,24,367.1354,0.54,Moderate,FMS_MARITIME,2026-04-06
2022-12-24,121,LSMGO,68.05,17.0,408.0,24,519.3816,0.8,Rough,FMS_MARITIME,2026-04-06
2022-12-25,121,LSMGO,16.38,10.0,240.0,24,212.5305,0.69,Moderate,FMS_MARITIME,2026-04-06
2022-12-26,121,LNG,34.22,13.0,312.0,24,341.5419,0.41,Moderate,FMS_MARITIME,2026-04-06
2022-12-27,121,VLSFO,43.68,13.3,319.2,24,426.1263,0.88,Rough,FMS_MARITIME,2026-04-06
2022-12-28,121,LNG,22.36,10.6,254.4,24,273.6991,0.69,Calm,FMS_MARITIME,2026-04-06
2022-12-28,121,LSMGO,68.46,10.3,247.2,24,862.3966,0.78,Moderate,FMS_MARITIME,2026-04-06
2022-12-28,121,LNG,67.9,10.0,240.0,24,881.0025,0.9,Moderate,FMS_MARITIME,2026-04-06
2022-12-01,122,HFO,36.18,12.5,300.0,24,375.5484,0.46,Rough,FMS_MARITIME,2026-04-06
2022-12-02,122,LNG,40.13,15.7,376.8,24,331.6476,0.49,Calm,FMS_MARITIME,2026-04-06
2022-12-03,122,LSMGO,27.25,14.8,355.2,24,238.8978,0.99,Rough,FMS_MARITIME,2026-04-06
2022-12-04,122,LSMGO,27.61,16.2,388.8,24,221.1356,0.45,Rough,FMS_MARITIME,2026-04-06
2022-12-05,122,LSMGO,75.11,8.3,199.2,24,1174.1593,0.61,Rough,FMS_MARITIME,2026-04-06
2022-12-06,122,LSMGO,41.8,12.6,302.4,24,430.4405,0.5,Calm,FMS_MARITIME,2026-04-06
2022-12-07,122,MGO,82.86,10.2,244.8,24,1054.0279,0.48,Calm,FMS_MARITIME,2026-04-06
2022-12-08,122,LNG,61.35,11.7,280.8,24,680.3558,0.59,Calm,FMS_MARITIME,2026-04-06
2022-12-09,122,HFO,33.45,8.5,204.0,24,510.6044,0.97,Moderate,FMS_MARITIME,2026-04-06
2022-12-10,122,LNG,22.82,15.1,362.4,24,196.0858,0.62,Rough,FMS_MARITIME,2026-04-06
2022-12-11,122,MGO,34.47,16.3,391.2,24,274.3854,0.73,Rough,FMS_MARITIME,2026-04-06
2022-12-12,122,MGO,71.89,17.3,415.2,24,539.175,0.85,Calm,FMS_MARITIME,2026-04-06
2022-12-13,122,HFO,78.16,10.2,244.8,24,994.2412,0.98,Rough,FMS_MARITIME,2026-04-06
2022-12-14,122,LSMGO,81.74,16.7,400.8,24,635.0757,0.57,Rough,FMS_MARITIME,2026-04-06
2022-12-15,122,LSMGO,57.18,10.5,252.0,24,706.5814,0.95,Calm,FMS_MARITIME,2026-04-06
2022-12-16,122,LNG,58.92,12.4,297.6,24,616.5218,0.41,Moderate,FMS_MARITIME,2026-04-06
2022-12-17,122,VLSFO,53.5,17.6,422.4,24,394.4105,0.68,Moderate,FMS_MARITIME,2026-04-06
2022-12-18,122,HFO,26.27,8.2,196.8,24,415.6747,0.65,Rough,FMS_MARITIME,2026-04-06
2022-12-19,122,MGO,64.11,9.0,216.0,24,924.2525,0.97,Moderate,FMS_MARITIME,2026-04-06
2022-12-20,122,LSMGO,49.08,18.0,432.0,24,353.785,0.66,Moderate,FMS_MARITIME,2026-04-06
2022-12-21,122,VLSFO,58.77,13.7,328.8,24,556.5991,0.84,Calm,FMS_MARITIME,2026-04-06
2022-12-22,122,LSMGO,78.6,9.7,232.8,24,1051.3763,0.52,Moderate,FMS_MARITIME,2026-04-06
2022-12-23,122,LSMGO,60.51,12.2,292.8,24,643.5387,0.53,Rough,FMS_MARITIME,2026-04-06
2022-12-24,122,LNG,41.27,12.0,288.0,24,446.2319,0.72,Moderate,FMS_MARITIME,2026-04-06
2022-12-25,122,VLSFO,82.98,12.9,309.6,24,834.6244,0.73,Rough,FMS_MARITIME,2026-04-06
2022-12-26,122,MGO,82.92,17.5,420.0,24,614.7926,0.99,Rough,FMS_MARITIME,2026-04-06
2022-12-27,122,LNG,16.25,10.7,256.8,24,197.0502,0.83,Rough,FMS_MARITIME,2026-04-06
2022-12-28,122,MGO,41.74,9.2,220.8,24,588.6701,1.0,Rough,FMS_MARITIME,2026-04-06
2022-12-28,122,LSMGO,26.16,14.6,350.4,24,232.4836,0.82,Rough,FMS_MARITIME,2026-04-06
2022-12-28,122,VLSFO,72.55,16.1,386.4,24,584.6809,0.55,Calm,FMS_MARITIME,2026-04-06
2022-12-01,123,HFO,18.98,15.6,374.4,24,157.8625,0.57,Moderate,FMS_MARITIME,2026-04-06
2022-12-02,123,VLSFO,63.84,9.7,232.8,24,853.9423,0.77,Rough,FMS_MARITIME,2026-04-06
2022-12-03,123,MGO,36.99,13.3,319.2,24,360.8611,0.87,Rough,FMS_MARITIME,2026-04-06
2022-12-04,123,MGO,15.45,15.7,376.8,24,127.6839,0.44,Rough,FMS_MARITIME,2026-04-06
2022-12-05,123,LSMGO,57.22,12.1,290.4,24,613.5781,0.64,Rough,FMS_MARITIME,2026-04-06
2022-12-06,123,MGO,42.35,13.1,314.4,24,419.459,0.42,Calm,FMS_MARITIME,2026-04-06
2022-12-07,123,LNG,73.23,11.3,271.2,24,840.8489,0.8,Rough,FMS_MARITIME,2026-04-06
2022-12-08,123,VLSFO,76.44,10.5,252.0,24,944.58,0.62,Calm,FMS_MARITIME,2026-04-06
2022-12-09,123,HFO,71.77,15.7,376.8,24,593.1311,0.41,Rough,FMS_MARITIME,2026-04-06
2022-12-10,123,HFO,20.91,8.1,194.4,24,334.9472,0.59,Moderate,FMS_MARITIME,2026-04-06
2022-12-11,123,HFO,74.5,8.9,213.6,24,1086.1096,0.57,Moderate,FMS_MARITIME,2026-04-06
2022-12-12,123,LSMGO,22.02,17.5,420.0,24,163.2626,0.62,Rough,FMS_MARITIME,2026-04-06
2022-12-13,123,HFO,51.35,17.9,429.6,24,372.2158,0.52,Rough,FMS_MARITIME,2026-04-06
2022-12-14,123,LSMGO,55.71,9.2,220.8,24,785.6927,0.77,Calm,FMS_MARITIME,2026-04-06
2022-12-15,123,MGO,67.17,8.3,199.2,24,1050.037,0.8,Rough,FMS_MARITIME,2026-04-06
2022-12-16,123,HFO,56.36,8.8,211.2,24,830.9898,0.8,Calm,FMS_MARITIME,2026-04-06
2022-12-17,123,LNG,77.83,11.5,276.0,24,878.1254,0.46,Rough,FMS_MARITIME,2026-04-06
2022-12-18,123,VLSFO,59.08,10.2,244.8,24,751.5324,0.85,Calm,FMS_MARITIME,2026-04-06
2022-12-19,123,VLSFO,21.93,9.6,230.4,24,296.3977,0.96,Rough,FMS_MARITIME,2026-04-06
2022-12-20,123,VLSFO,57.19,15.5,372.0,24,478.7356,0.56,Rough,FMS_MARITIME,2026-04-06
2022-12-21,123,LNG,70.49,8.5,204.0,24,1076.0091,0.56,Rough,FMS_MARITIME,2026-04-06
2022-12-22,123,HFO,32.48,14.5,348.0,24,290.64,0.5,Rough,FMS_MARITIME,2026-04-06
2022-12-23,123,LSMGO,54.01,14.2,340.8,24,493.5069,0.68,Rough,FMS_MARITIME,2026-04-06
2022-12-24,123,HFO,24.05,11.5,276.0,24,271.3467,0.92,Calm,FMS_MARITIME,2026-04-06
2022-12-25,123,HFO,51.87,13.5,324.0,24,498.5283,0.68,Rough,FMS_MARITIME,2026-04-06
2022-12-26,123,VLSFO,64.75,13.6,326.4,24,617.7436,0.58,Calm,FMS_MARITIME,2026-04-06
2022-12-27,123,VLSFO,24.73,15.0,360.0,24,213.9145,0.64,Rough,FMS_MARITIME,2026-04-06
2022-12-28,123,VLSFO,19.52,8.1,194.4,24,312.6815,0.57,Rough,FMS_MARITIME,2026-04-06
2022-12-28,123,MGO,55.54,16.9,405.6,24,426.4092,0.68,Calm,FMS_MARITIME,2026-04-06
2022-12-28,123,MGO,15.21,15.8,379.2,24,124.9049,0.68,Moderate,FMS_MARITIME,2026-04-06
2022-12-01,124,HFO,32.83,13.2,316.8,24,322.704,0.7,Rough,FMS_MARITIME,2026-04-06
2022-12-02,124,HFO,17.67,9.5,228.0,24,241.335,0.67,Calm,FMS_MARITIME,2026-04-06
2022-12-03,124,HFO,75.1,12.4,297.6,24,785.8246,0.61,Rough,FMS_MARITIME,2026-04-06
2022-12-04,124,LNG,50.5,9.5,228.0,24,689.7237,0.5,Moderate,FMS_MARITIME,2026-04-06
2022-12-05,124,LSMGO,43.49,12.8,307.2,24,440.8459,0.77,Rough,FMS_MARITIME,2026-04-06
2022-12-06,124,VLSFO,26.93,17.6,422.4,24,198.5322,0.94,Calm,FMS_MARITIME,2026-04-06
2022-12-07,124,LSMGO,40.54,11.6,278.4,24,453.4539,0.52,Calm,FMS_MARITIME,2026-04-06
2022-12-08,124,VLSFO,27.12,15.1,362.4,24,233.0344,0.75,Moderate,FMS_MARITIME,2026-04-06
2022-12-09,124,VLSFO,70.88,11.1,266.4,24,828.5297,0.78,Calm,FMS_MARITIME,2026-04-06
2022-12-10,124,LNG,49.3,13.9,333.6,24,460.1924,0.86,Rough,FMS_MARITIME,2026-04-06
2022-12-11,124,VLSFO,84.32,8.8,211.2,24,1243.2409,0.83,Rough,FMS_MARITIME,2026-04-06
2022-12-12,124,HFO,46.69,13.9,333.6,24,435.8293,0.93,Calm,FMS_MARITIME,2026-04-06
2022-12-13,124,HFO,61.33,10.3,247.2,24,772.5794,0.44,Rough,FMS_MARITIME,2026-04-06
2022-12-14,124,LNG,60.02,12.4,297.6,24,628.0319,0.56,Calm,FMS_MARITIME,2026-04-06
2022-12-15,124,VLSFO,24.86,17.5,420.0,24,184.3191,0.58,Calm,FMS_MARITIME,2026-04-06
2022-12-16,124,LSMGO,75.39,16.4,393.6,24,596.4544,0.73,Moderate,FMS_MARITIME,2026-04-06
2022-12-17,124,LSMGO,27.23,8.5,204.0,24,415.6579,0.58,Moderate,FMS_MARITIME,2026-04-06
2022-12-18,124,LNG,42.16,11.9,285.6,24,459.6857,0.41,Rough,FMS_MARITIME,2026-04-06
2022-12-19,124,LNG,18.57,14.4,345.6,24,167.3234,0.89,Rough,FMS_MARITIME,2026-04-06
2022-12-20,124,LSMGO,65.66,15.8,379.2,24,539.2016,0.84,Calm,FMS_MARITIME,2026-04-06
2022-12-21,124,VLSFO,42.86,18.0,432.0,24,308.9492,0.82,Moderate,FMS_MARITIME,2026-04-06
2022-12-22,124,LNG,62.48,16.8,403.2,24,482.5464,0.56,Calm,FMS_MARITIME,2026-04-06
2022-12-23,124,VLSFO,61.26,17.4,417.6,24,456.8095,0.6,Moderate,FMS_MARITIME,2026-04-06
2022-12-24,124,VLSFO,30.49,16.5,396.0,24,239.7623,0.69,Calm,FMS_MARITIME,2026-04-06
2022-12-25,124,MGO,49.38,8.6,206.4,24,745.0064,0.64,Moderate,FMS_MARITIME,2026-04-06
2022-12-26,124,MGO,16.98,8.7,208.8,24,253.2362,0.79,Rough,FMS_MARITIME,2026-04-06
2022-12-27,124,LSMGO,35.55,8.7,208.8,24,530.1853,0.51,Calm,FMS_MARITIME,2026-04-06
2022-12-28,124,HFO,16.02,11.9,285.6,24,174.6718,0.58,Moderate,FMS_MARITIME,2026-04-06
2022-12-28,124,LSMGO,33.77,17.6,422.4,24,248.9578,0.74,Moderate,FMS_MARITIME,2026-04-06
2022-12-28,124,MGO,40.31,11.1,266.4,24,471.1912,0.52,Calm,FMS_MARITIME,2026-04-06
2022-12-01,125,LSMGO,67.76,15.9,381.6,24,552.9472,0.4,Calm,FMS_MARITIME,2026-04-06
2022-12-02,125,LSMGO,33.54,10.6,254.4,24,410.5486,0.91,Rough,FMS_MARITIME,2026-04-06
2022-12-03,125,LNG,68.04,10.1,242.4,24,874.0782,0.94,Moderate,FMS_MARITIME,2026-04-06
2022-12-04,125,LSMGO,20.87,17.8,427.2,24,152.1282,0.48,Moderate,FMS_MARITIME,2026-04-06
2022-12-05,125,HFO,56.3,17.7,424.8,24,412.7076,0.9,Rough,FMS_MARITIME,2026-04-06
2022-12-06,125,MGO,30.52,10.8,259.2,24,366.6639,0.69,Calm,FMS_MARITIME,2026-04-06
2022-12-07,125,HFO,78.3,17.4,417.6,24,583.875,0.97,Rough,FMS_MARITIME,2026-04-06
2022-12-08,125,VLSFO,72.0,14.5,348.0,24,644.2759,0.84,Moderate,FMS_MARITIME,2026-04-06
2022-12-09,125,MGO,60.68,8.0,192.0,24,984.1537,0.86,Rough,FMS_MARITIME,2026-04-06
2022-12-10,125,HFO,18.9,12.4,297.6,24,197.7641,0.41,Moderate,FMS_MARITIME,2026-04-06
2022-12-11,125,HFO,37.9,17.3,415.2,24,284.25,0.42,Calm,FMS_MARITIME,2026-04-06
2022-12-12,125,VLSFO,24.3,13.3,319.2,24,237.062,0.65,Moderate,FMS_MARITIME,2026-04-06
2022-12-13,125,LSMGO,62.28,12.1,290.4,24,667.8372,0.94,Calm,FMS_MARITIME,2026-04-06
2022-12-14,125,LSMGO,31.26,10.7,256.8,24,379.064,0.57,Rough,FMS_MARITIME,2026-04-06
2022-12-15,125,HFO,63.03,17.5,420.0,24,467.3224,0.89,Rough,FMS_MARITIME,2026-04-06
2022-12-16,125,HFO,25.39,8.4,201.6,24,392.1848,0.78,Moderate,FMS_MARITIME,2026-04-06
2022-12-17,125,HFO,54.24,11.6,278.4,24,606.6931,0.65,Rough,FMS_MARITIME,2026-04-06
2022-12-18,125,MGO,51.07,17.1,410.4,24,387.5048,0.88,Calm,FMS_MARITIME,2026-04-06
2022-12-19,125,HFO,63.78,17.1,410.4,24,483.9447,0.86,Rough,FMS_MARITIME,2026-04-06
2022-12-20,125,VLSFO,64.77,15.9,381.6,24,528.5476,0.82,Rough,FMS_MARITIME,2026-04-06
2022-12-21,125,LNG,16.96,13.3,319.2,24,165.4556,0.73,Calm,FMS_MARITIME,2026-04-06
2022-12-22,125,LNG,61.97,12.0,288.0,24,670.0506,0.99,Calm,FMS_MARITIME,2026-04-06
2022-12-23,125,LNG,50.32,11.8,283.2,24,553.3068,0.61,Calm,FMS_MARITIME,2026-04-06
2022-12-24,125,HFO,32.8,13.9,333.6,24,306.1727,0.61,Moderate,FMS_MARITIME,2026-04-06
2022-12-25,125,LSMGO,71.79,10.8,259.2,24,862.4771,0.84,Moderate,FMS_MARITIME,2026-04-06
2022-12-26,125,VLSFO,72.24,17.6,422.4,24,532.5648,0.72,Moderate,FMS_MARITIME,2026-04-06
2022-12-27,125,LNG,50.96,9.6,230.4,24,688.7562,0.55,Moderate,FMS_MARITIME,2026-04-06
2022-12-28,125,VLSFO,48.16,16.8,403.2,24,371.95,0.8,Calm,FMS_MARITIME,2026-04-06
2022-12-28,125,MGO,26.63,14.5,348.0,24,238.2926,0.61,Calm,FMS_MARITIME,2026-04-06
2022-12-28,125,LNG,46.82,16.6,398.4,24,365.9575,0.73,Rough,FMS_MARITIME,2026-04-06
2022-12-01,126,LSMGO,40.49,15.3,367.2,24,343.3711,0.85,Moderate,FMS_MARITIME,2026-04-06
2022-12-02,126,LNG,32.09,15.1,362.4,24,275.7402,0.94,Calm,FMS_MARITIME,2026-04-06
2022-12-03,126,MGO,68.3,11.7,280.8,24,757.4295,0.88,Rough,FMS_MARITIME,2026-04-06
2022-12-04,126,MGO,37.07,11.5,276.0,24,418.2463,0.78,Moderate,FMS_MARITIME,2026-04-06
2022-12-05,126,LNG,55.36,15.4,369.6,24,466.426,0.92,Calm,FMS_MARITIME,2026-04-06
2022-12-06,126,LNG,60.91,17.9,429.6,24,441.5124,0.63,Rough,FMS_MARITIME,2026-04-06
2022-12-07,126,LNG,38.09,16.4,393.6,24,301.3523,0.45,Rough,FMS_MARITIME,2026-04-06
2022-12-08,126,LNG,50.6,9.1,218.4,24,721.467,0.75,Calm,FMS_MARITIME,2026-04-06
2022-12-09,126,MGO,79.97,8.9,213.6,24,1165.8548,0.83,Rough,FMS_MARITIME,2026-04-06
2022-12-10,126,MGO,49.62,9.6,230.4,24,670.6453,0.48,Calm,FMS_MARITIME,2026-04-06
2022-12-11,126,HFO,74.19,8.4,201.6,24,1145.9705,0.83,Calm,FMS_MARITIME,2026-04-06
2022-12-12,126,LSMGO,33.12,9.0,216.0,24,477.48,0.67,Calm,FMS_MARITIME,2026-04-06
2022-12-13,126,LNG,26.52,14.5,348.0,24,237.3083,0.56,Moderate,FMS_MARITIME,2026-04-06
2022-12-14,126,VLSFO,84.35,14.7,352.8,24,744.5179,0.42,Rough,FMS_MARITIME,2026-04-06
2022-12-15,126,MGO,47.12,13.5,324.0,24,452.8756,0.73,Rough,FMS_MARITIME,2026-04-06
2022-12-16,126,HFO,44.99,16.6,398.4,24,351.6538,0.45,Moderate,FMS_MARITIME,2026-04-06
2022-12-17,126,HFO,33.69,15.7,376.8,24,278.4253,0.56,Moderate,FMS_MARITIME,2026-04-06
2022-12-18,126,HFO,64.23,13.3,319.2,24,626.6047,0.61,Calm,FMS_MARITIME,2026-04-06
2022-12-19,126,LSMGO,66.67,9.3,223.2,24,930.154,0.93,Rough,FMS_MARITIME,2026-04-06
2022-12-20,126,MGO,50.92,10.2,244.8,24,647.7324,0.99,Rough,FMS_MARITIME,2026-04-06
2022-12-21,126,HFO,46.17,11.2,268.8,24,534.8712,0.83,Rough,FMS_MARITIME,2026-04-06
2022-12-22,126,LSMGO,24.66,9.7,232.8,24,329.8593,0.41,Moderate,FMS_MARITIME,2026-04-06
2022-12-23,126,VLSFO,22.96,12.3,295.2,24,242.2,0.46,Rough,FMS_MARITIME,2026-04-06
2022-12-24,126,VLSFO,67.38,17.8,427.2,24,491.1548,0.46,Rough,FMS_MARITIME,2026-04-06
2022-12-25,126,LSMGO,48.61,16.1,386.4,24,391.7483,0.97,Calm,FMS_MARITIME,2026-04-06
2022-12-26,126,VLSFO,43.41,15.0,360.0,24,375.4965,0.98,Calm,FMS_MARITIME,2026-04-06
2022-12-27,126,HFO,46.28,9.5,228.0,24,632.0874,0.72,Moderate,FMS_MARITIME,2026-04-06
2022-12-28,126,HFO,16.77,9.4,225.6,24,231.4795,0.52,Moderate,FMS_MARITIME,2026-04-06
2022-12-28,126,LNG,30.96,13.3,319.2,24,302.0346,0.58,Rough,FMS_MARITIME,2026-04-06
2022-12-28,126,LNG,49.85,11.7,280.8,24,552.8237,0.49,Moderate,FMS_MARITIME,2026-04-06
2022-12-01,127,MGO,21.03,11.6,278.4,24,235.2278,0.68,Rough,FMS_MARITIME,2026-04-06
2022-12-02,127,VLSFO,25.72,10.5,252.0,24,317.8257,0.88,Moderate,FMS_MARITIME,2026-04-06
2022-12-03,127,LSMGO,16.14,8.8,211.2,24,237.9733,0.46,Rough,FMS_MARITIME,2026-04-06
2022-12-04,127,LNG,70.18,10.3,247.2,24,884.0636,0.59,Calm,FMS_MARITIME,2026-04-06
2022-12-05,127,LSMGO,49.41,12.6,302.4,24,508.8054,0.6,Rough,FMS_MARITIME,2026-04-06
2022-12-06,127,LNG,55.41,8.3,199.2,24,866.1985,0.86,Calm,FMS_MARITIME,2026-04-06
2022-12-07,127,LSMGO,22.73,12.0,288.0,24,245.7681,0.42,Rough,FMS_MARITIME,2026-04-06
2022-12-08,127,LSMGO,39.83,8.7,208.8,24,594.0164,0.99,Calm,FMS_MARITIME,2026-04-06
2022-12-09,127,LSMGO,67.51,10.2,244.8,24,858.7669,0.87,Rough,FMS_MARITIME,2026-04-06
2022-12-10,127,LSMGO,20.56,17.2,412.8,24,155.0965,0.74,Moderate,FMS_MARITIME,2026-04-06
2022-12-11,127,LNG,74.99,10.3,247.2,24,944.6556,0.5,Rough,FMS_MARITIME,2026-04-06
2022-12-12,127,LNG,69.21,15.4,369.6,24,583.1167,0.46,Moderate,FMS_MARITIME,2026-04-06
2022-12-13,127,LSMGO,62.8,13.5,324.0,24,603.5778,0.64,Rough,FMS_MARITIME,2026-04-06
2022-12-14,127,LSMGO,73.64,12.2,292.8,24,783.1795,0.65,Rough,FMS_MARITIME,2026-04-06
2022-12-15,127,VLSFO,82.38,9.7,232.8,24,1101.9387,0.6,Calm,FMS_MARITIME,2026-04-06
2022-12-16,127,LNG,30.82,12.3,295.2,24,325.1134,0.83,Moderate,FMS_MARITIME,2026-04-06
2022-12-17,127,LNG,38.26,10.7,256.8,24,463.9472,0.5,Calm,FMS_MARITIME,2026-04-06
2022-12-18,127,VLSFO,61.17,11.7,280.8,24,678.3596,0.56,Calm,FMS_MARITIME,2026-04-06
2022-12-19,127,VLSFO,54.49,13.8,331.2,24,512.3245,0.52,Moderate,FMS_MARITIME,2026-04-06
2022-12-20,127,LSMGO,30.83,10.9,261.6,24,366.9901,0.66,Rough,FMS_MARITIME,2026-04-06
2022-12-21,127,VLSFO,54.38,13.1,314.4,24,538.6111,0.72,Rough,FMS_MARITIME,2026-04-06
2022-12-22,127,LSMGO,38.78,8.0,192.0,24,628.9631,0.63,Calm,FMS_MARITIME,2026-04-06
2022-12-23,127,HFO,76.95,13.4,321.6,24,745.0942,0.75,Rough,FMS_MARITIME,2026-04-06
2022-12-24,127,VLSFO,26.4,17.9,429.6,24,191.3631,0.57,Calm,FMS_MARITIME,2026-04-06
2022-12-25,127,HFO,41.72,14.4,345.6,24,375.9146,0.59,Rough,FMS_MARITIME,2026-04-06
2022-12-26,127,MGO,51.94,12.8,307.2,24,526.5012,0.41,Moderate,FMS_MARITIME,2026-04-06
2022-12-27,127,MGO,79.94,8.3,199.2,24,1249.6645,0.68,Rough,FMS_MARITIME,2026-04-06
2022-12-28,127,LSMGO,68.49,13.1,314.4,24,678.3647,0.8,Moderate,FMS_MARITIME,2026-04-06
2022-12-28,127,MGO,82.68,8.8,211.2,24,1219.0602,0.44,Calm,FMS_MARITIME,2026-04-06
2022-12-28,127,VLSFO,48.37,14.2,340.8,24,441.9724,0.72,Rough,FMS_MARITIME,2026-04-06
2022-12-01,128,HFO,58.8,10.1,242.4,24,755.3762,0.99,Moderate,FMS_MARITIME,2026-04-06
2022-12-02,128,VLSFO,83.88,14.9,357.6,24,730.4315,0.99,Moderate,FMS_MARITIME,2026-04-06
2022-12-03,128,LNG,49.21,13.0,312.0,24,491.1537,0.79,Calm,FMS_MARITIME,2026-04-06
2022-12-04,128,LSMGO,57.07,13.8,331.2,24,536.5821,0.78,Moderate,FMS_MARITIME,2026-04-06
2022-12-05,128,LNG,40.93,17.2,412.8,24,308.7597,0.42,Rough,FMS_MARITIME,2026-04-06
2022-12-06,128,VLSFO,74.65,12.5,300.0,24,774.867,0.49,Calm,FMS_MARITIME,2026-04-06
2022-12-07,128,HFO,32.21,12.2,292.8,24,342.5613,0.95,Calm,FMS_MARITIME,2026-04-06
2022-12-08,128,MGO,31.29,15.7,376.8,24,258.5909,0.43,Moderate,FMS_MARITIME,2026-04-06
2022-12-09,128,HFO,80.75,15.3,367.2,24,684.7917,0.64,Calm,FMS_MARITIME,2026-04-06
2022-12-10,128,MGO,72.94,17.4,417.6,24,543.906,0.82,Rough,FMS_MARITIME,2026-04-06
2022-12-11,128,LSMGO,46.04,8.6,206.4,24,694.6151,0.84,Calm,FMS_MARITIME,2026-04-06
2022-12-12,128,LNG,39.47,13.6,326.4,24,376.5612,0.54,Calm,FMS_MARITIME,2026-04-06
2022-12-13,128,VLSFO,22.94,8.4,201.6,24,354.3411,0.8,Rough,FMS_MARITIME,2026-04-06
2022-12-14,128,MGO,39.23,17.9,429.6,24,284.3627,0.69,Rough,FMS_MARITIME,2026-04-06
2022-12-15,128,HFO,26.27,13.0,312.0,24,262.1948,0.81,Rough,FMS_MARITIME,2026-04-06
2022-12-16,128,LNG,37.41,13.0,312.0,24,373.3806,0.86,Calm,FMS_MARITIME,2026-04-06
2022-12-17,128,VLSFO,80.99,11.4,273.6,24,921.7941,0.83,Moderate,FMS_MARITIME,2026-04-06
2022-12-18,128,VLSFO,53.65,13.0,312.0,24,535.4683,0.59,Moderate,FMS_MARITIME,2026-04-06
2022-12-19,128,HFO,61.74,16.8,403.2,24,476.8313,0.43,Calm,FMS_MARITIME,2026-04-06
2022-12-20,128,LSMGO,36.23,12.0,288.0,24,391.7369,0.69,Moderate,FMS_MARITIME,2026-04-06
2022-12-21,128,MGO,78.68,17.1,410.4,24,597.0018,0.94,Moderate,FMS_MARITIME,2026-04-06
2022-12-22,128,VLSFO,58.12,9.2,220.8,24,819.6815,1.0,Moderate,FMS_MARITIME,2026-04-06
2022-12-23,128,VLSFO,27.7,11.4,273.6,24,315.2697,0.74,Rough,FMS_MARITIME,2026-04-06
2022-12-24,128,MGO,68.64,9.4,225.6,24,947.4511,0.69,Rough,FMS_MARITIME,2026-04-06
2022-12-25,128,LSMGO,80.18,13.8,331.2,24,753.8663,0.99,Moderate,FMS_MARITIME,2026-04-06
2022-12-26,128,VLSFO,80.04,16.2,388.8,24,641.0611,0.92,Calm,FMS_MARITIME,2026-04-06
2022-12-27,128,LSMGO,78.94,12.0,288.0,24,853.5387,0.91,Calm,FMS_MARITIME,2026-04-06
2022-12-28,128,MGO,72.63,14.5,348.0,24,649.9133,0.69,Moderate,FMS_MARITIME,2026-04-06
2022-12-28,128,LSMGO,42.38,16.0,384.0,24,343.6753,0.64,Moderate,FMS_MARITIME,2026-04-06
2022-12-28,128,LSMGO,68.9,15.9,381.6,24,562.25,0.42,Rough,FMS_MARITIME,2026-04-06
2022-12-01,129,LNG,63.39,14.3,343.2,24,575.1645,0.67,Calm,FMS_MARITIME,2026-04-06
2022-12-02,129,HFO,72.43,16.2,388.8,24,580.1106,0.97,Rough,FMS_MARITIME,2026-04-06
2022-12-03,129,MGO,47.49,8.1,194.4,24,760.7194,0.85,Rough,FMS_MARITIME,2026-04-06
2022-12-04,129,VLSFO,19.03,8.6,206.4,24,287.1096,0.68,Moderate,FMS_MARITIME,2026-04-06
2022-12-05,129,MGO,18.37,17.5,420.0,24,136.2004,0.43,Moderate,FMS_MARITIME,2026-04-06
2022-12-06,129,MGO,34.19,17.2,412.8,24,257.9158,0.67,Rough,FMS_MARITIME,2026-04-06
2022-12-07,129,VLSFO,50.3,15.3,367.2,24,426.5637,0.93,Rough,FMS_MARITIME,2026-04-06
2022-12-08,129,LNG,49.58,13.4,321.6,24,480.075,0.96,Calm,FMS_MARITIME,2026-04-06
2022-12-09,129,VLSFO,50.64,16.8,403.2,24,391.1036,0.46,Moderate,FMS_MARITIME,2026-04-06
2022-12-10,129,LSMGO,83.84,11.5,276.0,24,945.9339,0.58,Moderate,FMS_MARITIME,2026-04-06
2022-12-11,129,HFO,62.03,11.6,278.4,24,693.8269,0.52,Moderate,FMS_MARITIME,2026-04-06
2022-12-12,129,LNG,64.01,16.2,388.8,24,512.6727,0.85,Rough,FMS_MARITIME,2026-04-06
2022-12-13,129,LNG,76.72,17.6,422.4,24,565.592,0.71,Moderate,FMS_MARITIME,2026-04-06
2022-12-14,129,HFO,66.13,17.5,420.0,24,490.3067,0.42,Calm,FMS_MARITIME,2026-04-06
2022-12-15,129,LSMGO,71.31,15.9,381.6,24,581.9165,0.51,Rough,FMS_MARITIME,2026-04-06
2022-12-16,129,MGO,68.64,8.2,196.8,24,1086.1024,0.9,Rough,FMS_MARITIME,2026-04-06
2022-12-17,129,VLSFO,37.19,13.0,312.0,24,371.1848,0.81,Calm,FMS_MARITIME,2026-04-06
2022-12-18,129,LNG,43.55,15.0,360.0,24,376.7075,0.98,Rough,FMS_MARITIME,2026-04-06
2022-12-19,129,MGO,25.69,14.2,340.8,24,234.7379,0.76,Calm,FMS_MARITIME,2026-04-06
2022-12-20,129,HFO,55.36,11.8,283.2,24,608.7254,0.63,Moderate,FMS_MARITIME,2026-04-06
2022-12-21,129,MGO,72.5,12.7,304.8,24,740.6988,0.87,Rough,FMS_MARITIME,2026-04-06
2022-12-22,129,VLSFO,18.37,16.3,391.2,24,146.2275,0.99,Calm,FMS_MARITIME,2026-04-06
2022-12-23,129,LNG,60.03,12.5,300.0,24,623.1114,0.82,Calm,FMS_MARITIME,2026-04-06
2022-12-24,129,HFO,67.58,13.9,333.6,24,630.8277,0.81,Moderate,FMS_MARITIME,2026-04-06
2022-12-25,129,MGO,20.62,13.2,316.8,24,202.6852,0.7,Moderate,FMS_MARITIME,2026-04-06
2022-12-26,129,LNG,84.3,14.6,350.4,24,749.1729,0.76,Rough,FMS_MARITIME,2026-04-06
2022-12-27,129,VLSFO,68.14,11.4,273.6,24,775.5408,0.63,Rough,FMS_MARITIME,2026-04-06
2022-12-28,129,LNG,33.28,11.1,266.4,24,389.0162,0.59,Rough,FMS_MARITIME,2026-04-06
2022-12-28,129,VLSFO,17.3,12.9,309.6,24,174.0058,0.76,Rough,FMS_MARITIME,2026-04-06
2022-12-28,129,LSMGO,48.01,8.5,204.0,24,732.8585,0.88,Rough,FMS_MARITIME,2026-04-06
2022-12-01,130,LNG,34.62,10.9,261.6,24,412.105,0.63,Rough,FMS_MARITIME,2026-04-06
2022-12-02,130,VLSFO,70.17,10.0,240.0,24,910.4557,0.41,Moderate,FMS_MARITIME,2026-04-06
2022-12-03,130,LSMGO,82.49,17.2,412.8,24,622.2719,0.68,Calm,FMS_MARITIME,2026-04-06
2022-12-04,130,LNG,43.44,10.7,256.8,24,526.7607,0.41,Calm,FMS_MARITIME,2026-04-06
2022-12-05,130,LSMGO,70.63,8.6,206.4,24,1065.6096,0.4,Moderate,FMS_MARITIME,2026-04-06
2022-12-06,130,LSMGO,40.35,15.2,364.8,24,344.435,0.73,Calm,FMS_MARITIME,2026-04-06
2022-12-07,130,LSMGO,72.17,17.2,412.8,24,544.4219,0.52,Calm,FMS_MARITIME,2026-04-06
2022-12-08,130,LSMGO,74.35,12.8,307.2,24,753.665,0.71,Calm,FMS_MARITIME,2026-04-06
2022-12-09,130,HFO,79.04,12.3,295.2,24,833.7756,0.78,Rough,FMS_MARITIME,2026-04-06
2022-12-10,130,LSMGO,24.85,17.2,412.8,24,187.4586,0.61,Moderate,FMS_MARITIME,2026-04-06
2022-12-11,130,LSMGO,72.2,11.9,285.6,24,787.2227,0.97,Moderate,FMS_MARITIME,2026-04-06
2022-12-12,130,HFO,49.37,9.4,225.6,24,681.4636,0.61,Rough,FMS_MARITIME,2026-04-06
2022-12-13,130,VLSFO,23.72,15.1,362.4,24,203.8192,0.58,Rough,FMS_MARITIME,2026-04-06
2022-12-14,130,VLSFO,58.06,16.1,386.4,24,467.9059,0.8,Moderate,FMS_MARITIME,2026-04-06
2022-12-15,130,HFO,45.19,8.6,206.4,24,681.791,0.41,Moderate,FMS_MARITIME,2026-04-06
2022-12-16,130,MGO,70.08,15.6,374.4,24,582.8769,0.51,Rough,FMS_MARITIME,2026-04-06
2022-12-17,130,LSMGO,58.18,9.4,225.6,24,803.0697,0.94,Rough,FMS_MARITIME,2026-04-06
2022-12-18,130,LNG,79.44,15.1,362.4,24,682.6053,0.88,Moderate,FMS_MARITIME,2026-04-06
2022-12-19,130,VLSFO,19.29,16.1,386.4,24,155.4582,0.63,Rough,FMS_MARITIME,2026-04-06
2022-12-20,130,VLSFO,74.88,15.0,360.0,24,647.712,0.78,Rough,FMS_MARITIME,2026-04-06
2022-12-21,130,HFO,25.64,16.1,386.4,24,206.6329,0.43,Calm,FMS_MARITIME,2026-04-06
2022-12-22,130,VLSFO,40.85,15.6,374.4,24,339.762,0.52,Moderate,FMS_MARITIME,2026-04-06
2022-12-23,130,LNG,70.04,15.2,364.8,24,597.8743,0.56,Calm,FMS_MARITIME,2026-04-06
2022-12-24,130,MGO,66.26,13.5,324.0,24,636.8322,0.95,Calm,FMS_MARITIME,2026-04-06
2022-12-25,130,LNG,83.49,15.3,367.2,24,708.0279,0.66,Rough,FMS_MARITIME,2026-04-06
2022-12-26,130,MGO,67.41,15.2,364.8,24,575.4242,0.51,Moderate,FMS_MARITIME,2026-04-06
2022-12-27,130,VLSFO,60.52,12.4,297.6,24,633.2637,0.6,Calm,FMS_MARITIME,2026-04-06
2022-12-28,130,VLSFO,23.48,12.9,309.6,24,236.1651,0.65,Moderate,FMS_MARITIME,2026-04-06
2022-12-28,130,LNG,35.34,14.7,352.8,24,311.9296,0.77,Moderate,FMS_MARITIME,2026-04-06
2022-12-28,130,VLSFO,62.69,8.0,192.0,24,1016.7534,0.59,Calm,FMS_MARITIME,2026-04-06
2022-12-01,131,VLSFO,38.26,8.3,199.2,24,598.1006,0.95,Rough,FMS_MARITIME,2026-04-06
2022-12-02,131,VLSFO,64.23,11.7,280.8,24,712.2942,0.89,Rough,FMS_MARITIME,2026-04-06
2022-12-03,131,VLSFO,50.01,16.5,396.0,24,393.2605,0.92,Rough,FMS_MARITIME,2026-04-06
2022-12-04,131,HFO,55.76,14.1,338.4,24,513.1106,0.75,Calm,FMS_MARITIME,2026-04-06
2022-12-05,131,VLSFO,53.2,9.1,218.4,24,758.5385,0.77,Moderate,FMS_MARITIME,2026-04-06
2022-12-06,131,MGO,21.78,11.5,276.0,24,245.7352,0.42,Moderate,FMS_MARITIME,2026-04-06
2022-12-07,131,LSMGO,83.32,10.0,240.0,24,1081.077,0.89,Calm,FMS_MARITIME,2026-04-06
2022-12-08,131,LSMGO,25.43,8.6,206.4,24,383.6677,0.73,Calm,FMS_MARITIME,2026-04-06
2022-12-09,131,LSMGO,41.63,15.3,367.2,24,353.0387,0.8,Calm,FMS_MARITIME,2026-04-06
2022-12-10,131,MGO,62.7,10.4,249.6,24,782.2428,0.71,Rough,FMS_MARITIME,2026-04-06
2022-12-11,131,LNG,45.34,16.3,391.2,24,360.912,0.97,Moderate,FMS_MARITIME,2026-04-06
2022-12-12,131,VLSFO,41.58,9.4,225.6,24,573.9367,0.58,Moderate,FMS_MARITIME,2026-04-06
2022-12-13,131,VLSFO,79.8,15.6,374.4,24,663.7212,0.49,Rough,FMS_MARITIME,2026-04-06
2022-12-14,131,LSMGO,64.88,9.4,225.6,24,895.5511,0.58,Moderate,FMS_MARITIME,2026-04-06
2022-12-15,131,MGO,24.45,14.0,336.0,24,226.5991,0.55,Moderate,FMS_MARITIME,2026-04-06
2022-12-16,131,LNG,20.98,14.5,348.0,24,187.7348,0.86,Moderate,FMS_MARITIME,2026-04-06
2022-12-17,131,VLSFO,77.88,14.8,355.2,24,682.7655,0.99,Rough,FMS_MARITIME,2026-04-06
2022-12-18,131,VLSFO,55.51,16.2,388.8,24,444.594,0.8,Rough,FMS_MARITIME,2026-04-06
2022-12-19,131,MGO,41.77,8.1,194.4,24,669.0935,0.66,Calm,FMS_MARITIME,2026-04-06
2022-12-20,131,HFO,61.55,17.7,424.8,24,451.1928,0.44,Calm,FMS_MARITIME,2026-04-06
2022-12-21,131,LNG,59.39,13.8,331.2,24,558.3951,0.85,Calm,FMS_MARITIME,2026-04-06
2022-12-22,131,HFO,51.24,14.2,340.8,24,468.1965,0.94,Moderate,FMS_MARITIME,2026-04-06
2022-12-23,131,VLSFO,40.82,14.3,343.2,24,370.3773,0.62,Rough,FMS_MARITIME,2026-04-06
2022-12-24,131,LSMGO,31.16,13.3,319.2,24,303.9857,0.51,Rough,FMS_MARITIME,2026-04-06
2022-12-25,131,HFO,62.73,12.0,288.0,24,678.2681,0.61,Calm,FMS_MARITIME,2026-04-06
2022-12-26,131,VLSFO,33.73,13.9,333.6,24,314.8538,0.54,Moderate,FMS_MARITIME,2026-04-06
2022-12-27,131,VLSFO,60.29,11.1,266.4,24,704.7412,0.93,Rough,FMS_MARITIME,2026-04-06
2022-12-28,131,MGO,78.76,9.0,216.0,24,1135.4567,0.79,Calm,FMS_MARITIME,2026-04-06
2022-12-28,131,LSMGO,63.87,12.3,295.2,24,673.7506,0.75,Calm,FMS_MARITIME,2026-04-06
2022-12-28,131,LNG,52.85,16.8,403.2,24,408.1719,0.45,Calm,FMS_MARITIME,2026-04-06
2022-12-01,132,LSMGO,51.74,10.8,259.2,24,621.5986,0.9,Calm,FMS_MARITIME,2026-04-06
2022-12-02,132,MGO,26.64,11.7,280.8,24,295.4308,0.96,Calm,FMS_MARITIME,2026-04-06
2022-12-03,132,LNG,67.88,15.7,376.8,24,560.9828,0.68,Rough,FMS_MARITIME,2026-04-06
2022-12-04,132,LSMGO,64.58,10.3,247.2,24,813.5199,0.89,Rough,FMS_MARITIME,2026-04-06
2022-12-05,132,MGO,20.14,13.1,314.4,24,199.4782,0.8,Rough,FMS_MARITIME,2026-04-06
2022-12-06,132,LSMGO,19.89,16.0,384.0,24,161.2955,0.97,Moderate,FMS_MARITIME,2026-04-06
2022-12-07,132,VLSFO,17.04,17.3,415.2,24,127.8,0.44,Moderate,FMS_MARITIME,2026-04-06
2022-12-08,132,VLSFO,30.01,14.9,357.6,24,261.3287,0.85,Moderate,FMS_MARITIME,2026-04-06
2022-12-09,132,HFO,28.24,15.4,369.6,24,237.9312,0.56,Moderate,FMS_MARITIME,2026-04-06
2022-12-10,132,VLSFO,70.52,11.9,285.6,24,768.905,0.48,Calm,FMS_MARITIME,2026-04-06
2022-12-11,132,MGO,28.99,9.8,235.2,24,383.8217,0.78,Rough,FMS_MARITIME,2026-04-06
2022-12-12,132,LNG,36.51,17.9,429.6,24,264.6465,0.74,Moderate,FMS_MARITIME,2026-04-06
2022-12-13,132,VLSFO,32.86,10.6,254.4,24,402.225,0.49,Moderate,FMS_MARITIME,2026-04-06
2022-12-14,132,MGO,15.76,8.6,206.4,24,237.7744,0.98,Rough,FMS_MARITIME,2026-04-06
2022-12-15,132,LNG,46.32,15.7,376.8,24,382.8038,0.65,Rough,FMS_MARITIME,2026-04-06
2022-12-16,132,MGO,44.47,12.7,304.8,24,454.3293,0.77,Moderate,FMS_MARITIME,2026-04-06
2022-12-17,132,HFO,83.14,13.3,319.2,24,811.0838,0.63,Calm,FMS_MARITIME,2026-04-06
2022-12-18,132,HFO,58.84,17.5,420.0,24,436.2566,0.86,Moderate,FMS_MARITIME,2026-04-06
2022-12-19,132,LSMGO,76.28,9.0,216.0,24,1099.7033,0.91,Calm,FMS_MARITIME,2026-04-06
2022-12-20,132,LSMGO,20.93,9.7,232.8,24,279.9657,0.92,Moderate,FMS_MARITIME,2026-04-06
2022-12-21,132,HFO,67.97,17.6,422.4,24,501.0857,0.58,Rough,FMS_MARITIME,2026-04-06
2022-12-22,132,LSMGO,77.24,13.8,331.2,24,726.2239,0.99,Rough,FMS_MARITIME,2026-04-06
2022-12-23,132,MGO,60.04,15.9,381.6,24,489.9491,0.62,Moderate,FMS_MARITIME,2026-04-06
2022-12-24,132,LNG,83.84,15.6,374.4,24,697.3231,0.63,Rough,FMS_MARITIME,2026-04-06
2022-12-25,132,MGO,15.85,14.1,338.4,24,145.8537,0.76,Rough,FMS_MARITIME,2026-04-06
2022-12-26,132,MGO,41.31,13.8,331.2,24,388.4038,1.0,Rough,FMS_MARITIME,2026-04-06
2022-12-27,132,VLSFO,50.81,14.9,357.6,24,442.4562,0.58,Calm,FMS_MARITIME,2026-04-06
2022-12-28,132,MGO,54.7,14.8,355.2,24,479.549,0.43,Rough,FMS_MARITIME,2026-04-06
2022-12-28,132,VLSFO,18.55,10.0,240.0,24,240.6863,0.71,Moderate,FMS_MARITIME,2026-04-06
2022-12-28,132,MGO,64.81,8.9,213.6,24,944.8424,0.63,Moderate,FMS_MARITIME,2026-04-06
2022-12-01,133,LNG,77.87,9.4,225.6,24,1074.8545,0.77,Rough,FMS_MARITIME,2026-04-06
2022-12-02,133,LNG,76.82,9.4,225.6,24,1060.3612,0.78,Moderate,FMS_MARITIME,2026-04-06
2022-12-03,133,VLSFO,27.83,15.6,374.4,24,231.4707,0.57,Calm,FMS_MARITIME,2026-04-06
2022-12-04,133,HFO,45.36,16.0,384.0,24,367.8412,0.51,Calm,FMS_MARITIME,2026-04-06
2022-12-05,133,HFO,39.33,14.5,348.0,24,351.9357,0.78,Moderate,FMS_MARITIME,2026-04-06
2022-12-06,133,HFO,82.6,12.5,300.0,24,857.388,0.65,Calm,FMS_MARITIME,2026-04-06
2022-12-07,133,VLSFO,36.34,15.6,374.4,24,302.251,0.81,Moderate,FMS_MARITIME,2026-04-06
2022-12-08,133,LSMGO,67.45,16.4,393.6,24,533.6364,0.66,Rough,FMS_MARITIME,2026-04-06
2022-12-09,133,LNG,74.07,17.1,410.4,24,562.0224,0.77,Rough,FMS_MARITIME,2026-04-06
2022-12-10,133,MGO,19.21,17.2,412.8,24,144.9126,0.5,Moderate,FMS_MARITIME,2026-04-06
2022-12-11,133,HFO,25.53,12.7,304.8,24,260.8281,0.46,Moderate,FMS_MARITIME,2026-04-06
2022-12-12,133,LNG,25.77,10.7,256.8,24,312.4914,0.42,Moderate,FMS_MARITIME,2026-04-06
2022-12-13,133,MGO,49.51,15.7,376.8,24,409.167,0.9,Moderate,FMS_MARITIME,2026-04-06
2022-12-14,133,HFO,25.83,8.8,211.2,24,380.8457,0.88,Moderate,FMS_MARITIME,2026-04-06
2022-12-15,133,HFO,60.58,14.8,355.2,24,531.0983,0.6,Calm,FMS_MARITIME,2026-04-06
2022-12-16,133,MGO,46.86,10.9,261.6,24,557.806,0.55,Calm,FMS_MARITIME,2026-04-06
2022-12-17,133,VLSFO,48.11,10.0,240.0,24,624.2273,0.47,Rough,FMS_MARITIME,2026-04-06
2022-12-18,133,MGO,44.79,13.6,326.4,24,427.3164,0.9,Moderate,FMS_MARITIME,2026-04-06
2022-12-19,133,HFO,35.85,12.9,309.6,24,360.5843,0.78,Calm,FMS_MARITIME,2026-04-06
2022-12-20,133,MGO,62.31,14.2,340.8,24,569.3467,0.9,Calm,FMS_MARITIME,2026-04-06
2022-12-21,133,VLSFO,75.62,11.2,268.8,24,876.0442,0.58,Moderate,FMS_MARITIME,2026-04-06
2022-12-22,133,VLSFO,28.75,13.2,316.8,24,282.5994,0.74,Moderate,FMS_MARITIME,2026-04-06
2022-12-23,133,LSMGO,67.99,17.5,420.0,24,504.0973,0.41,Rough,FMS_MARITIME,2026-04-06
2022-12-24,133,VLSFO,75.07,12.7,304.8,24,766.9553,0.48,Rough,FMS_MARITIME,2026-04-06
2022-12-25,133,HFO,18.48,17.0,408.0,24,141.0459,0.5,Calm,FMS_MARITIME,2026-04-06
2022-12-26,133,LNG,61.01,10.4,249.6,24,761.1584,0.44,Rough,FMS_MARITIME,2026-04-06
2022-12-27,133,VLSFO,49.57,15.0,360.0,24,428.7805,0.63,Moderate,FMS_MARITIME,2026-04-06
2022-12-28,133,MGO,40.42,13.4,321.6,24,391.3802,0.5,Rough,FMS_MARITIME,2026-04-06
2022-12-28,133,LSMGO,36.06,11.6,278.4,24,403.3435,0.62,Moderate,FMS_MARITIME,2026-04-06
2022-12-28,133,MGO,49.56,13.5,324.0,24,476.3267,0.91,Calm,FMS_MARITIME,2026-04-06
2022-12-01,134,VLSFO,66.76,16.4,393.6,24,528.1774,0.96,Moderate,FMS_MARITIME,2026-04-06
2022-12-02,134,LSMGO,53.98,9.2,220.8,24,761.294,0.43,Moderate,FMS_MARITIME,2026-04-06
2022-12-03,134,VLSFO,58.28,14.5,348.0,24,521.5055,0.72,Rough,FMS_MARITIME,2026-04-06
2022-12-04,134,HFO,73.22,15.4,369.6,24,616.9023,0.77,Rough,FMS_MARITIME,2026-04-06
2022-12-05,134,MGO,82.51,16.0,384.0,24,669.1045,0.43,Moderate,FMS_MARITIME,2026-04-06
2022-12-06,134,LNG,45.69,15.0,360.0,24,395.2185,0.63,Moderate,FMS_MARITIME,2026-04-06
2022-12-07,134,VLSFO,71.67,11.6,278.4,24,801.6537,0.96,Moderate,FMS_MARITIME,2026-04-06
2022-12-08,134,LSMGO,54.75,11.9,285.6,24,596.959,0.51,Rough,FMS_MARITIME,2026-04-06
2022-12-09,134,LNG,75.4,16.4,393.6,24,596.5335,0.49,Moderate,FMS_MARITIME,2026-04-06
2022-12-10,134,HFO,81.74,13.1,314.4,24,809.6004,0.63,Rough,FMS_MARITIME,2026-04-06
2022-12-11,134,VLSFO,30.15,11.9,285.6,24,328.7363,0.57,Calm,FMS_MARITIME,2026-04-06
2022-12-12,134,LNG,57.85,17.0,408.0,24,441.5316,0.75,Moderate,FMS_MARITIME,2026-04-06
2022-12-13,134,LSMGO,17.38,17.2,412.8,24,131.1078,0.63,Calm,FMS_MARITIME,2026-04-06
2022-12-14,134,HFO,80.47,16.1,386.4,24,648.5082,0.85,Moderate,FMS_MARITIME,2026-04-06
2022-12-15,134,VLSFO,72.66,17.6,422.4,24,535.6611,0.58,Rough,FMS_MARITIME,2026-04-06
2022-12-16,134,LNG,64.85,15.2,364.8,24,553.5715,0.86,Calm,FMS_MARITIME,2026-04-06
2022-12-17,134,HFO,73.6,13.9,333.6,24,687.0216,0.65,Moderate,FMS_MARITIME,2026-04-06
2022-12-18,134,LSMGO,74.32,11.2,268.8,24,860.9839,0.76,Rough,FMS_MARITIME,2026-04-06
2022-12-19,134,LSMGO,70.64,17.1,410.4,24,535.9965,0.41,Calm,FMS_MARITIME,2026-04-06
2022-12-20,134,MGO,82.6,11.9,285.6,24,900.6176,0.5,Moderate,FMS_MARITIME,2026-04-06
2022-12-21,134,LNG,75.92,13.7,328.8,24,719.0234,0.75,Rough,FMS_MARITIME,2026-04-06
2022-12-22,134,MGO,65.46,16.0,384.0,24,530.8397,0.62,Rough,FMS_MARITIME,2026-04-06
2022-12-23,134,MGO,59.38,9.9,237.6,24,778.2379,0.62,Calm,FMS_MARITIME,2026-04-06
2022-12-24,134,LSMGO,33.18,13.3,319.2,24,323.6921,0.69,Rough,FMS_MARITIME,2026-04-06
2022-12-25,134,MGO,49.33,11.6,278.4,24,551.7731,0.44,Rough,FMS_MARITIME,2026-04-06
2022-12-26,134,MGO,61.21,11.5,276.0,24,690.6085,0.59,Moderate,FMS_MARITIME,2026-04-06
2022-12-27,134,HFO,84.89,14.4,345.6,24,764.8943,0.52,Calm,FMS_MARITIME,2026-04-06
2022-12-28,134,LSMGO,45.75,16.2,388.8,24,366.4236,0.87,Moderate,FMS_MARITIME,2026-04-06
2022-12-28,134,LNG,36.48,10.2,244.8,24,464.0471,0.98,Moderate,FMS_MARITIME,2026-04-06
2022-12-28,134,MGO,66.6,8.3,199.2,24,1041.1265,0.71,Calm,FMS_MARITIME,2026-04-06
2022-12-01,135,MGO,74.67,11.4,273.6,24,849.8625,0.79,Moderate,FMS_MARITIME,2026-04-06
2022-12-02,135,VLSFO,46.04,14.9,357.6,24,400.9188,0.41,Rough,FMS_MARITIME,2026-04-06
2022-12-03,135,MGO,44.49,15.4,369.6,24,374.8427,0.95,Calm,FMS_MARITIME,2026-04-06
2022-12-04,135,VLSFO,45.67,15.2,364.8,24,389.8475,0.69,Moderate,FMS_MARITIME,2026-04-06
2022-12-05,135,MGO,34.56,14.5,348.0,24,309.2524,0.44,Calm,FMS_MARITIME,2026-04-06
2022-12-06,135,LNG,57.64,16.9,405.6,24,442.532,0.89,Moderate,FMS_MARITIME,2026-04-06
2022-12-07,135,VLSFO,57.4,15.8,379.2,24,471.3703,0.64,Rough,FMS_MARITIME,2026-04-06
2022-12-08,135,LSMGO,18.94,12.8,307.2,24,191.9895,0.59,Calm,FMS_MARITIME,2026-04-06
2022-12-09,135,LSMGO,78.15,8.1,194.4,24,1251.8472,0.94,Moderate,FMS_MARITIME,2026-04-06
2022-12-10,135,MGO,25.38,17.9,429.6,24,183.9696,0.98,Calm,FMS_MARITIME,2026-04-06
2022-12-11,135,LSMGO,19.83,12.5,300.0,24,205.8354,0.42,Moderate,FMS_MARITIME,2026-04-06
2022-12-12,135,HFO,71.94,14.7,352.8,24,634.9806,0.5,Moderate,FMS_MARITIME,2026-04-06
2022-12-13,135,VLSFO,44.61,12.8,307.2,24,452.199,0.86,Moderate,FMS_MARITIME,2026-04-06
2022-12-14,135,MGO,37.1,14.7,352.8,24,327.4643,0.77,Rough,FMS_MARITIME,2026-04-06
2022-12-15,135,VLSFO,76.06,9.6,230.4,24,1027.9984,0.68,Rough,FMS_MARITIME,2026-04-06
2022-12-16,135,LNG,58.39,17.9,429.6,24,423.2459,0.6,Calm,FMS_MARITIME,2026-04-06
2022-12-17,135,VLSFO,60.58,14.4,345.6,24,545.851,0.91,Calm,FMS_MARITIME,2026-04-06
2022-12-18,135,LSMGO,46.24,11.6,278.4,24,517.2103,0.85,Rough,FMS_MARITIME,2026-04-06
2022-12-19,135,VLSFO,75.03,17.1,410.4,24,569.3066,0.98,Moderate,FMS_MARITIME,2026-04-06
2022-12-20,135,VLSFO,43.35,14.8,355.2,24,380.0448,0.96,Rough,FMS_MARITIME,2026-04-06
2022-12-21,135,LSMGO,75.59,13.1,314.4,24,748.6872,0.55,Rough,FMS_MARITIME,2026-04-06
2022-12-22,135,HFO,72.18,10.7,256.8,24,875.2668,0.57,Calm,FMS_MARITIME,2026-04-06
2022-12-23,135,MGO,50.34,15.6,374.4,24,418.6933,0.45,Rough,FMS_MARITIME,2026-04-06
2022-12-24,135,VLSFO,46.12,14.5,348.0,24,412.6945,0.7,Calm,FMS_MARITIME,2026-04-06
2022-12-25,135,LNG,68.73,17.2,412.8,24,518.4719,0.88,Calm,FMS_MARITIME,2026-04-06
2022-12-26,135,MGO,69.48,11.4,273.6,24,790.7921,0.98,Rough,FMS_MARITIME,2026-04-06
2022-12-27,135,LNG,62.53,11.7,280.8,24,693.4417,0.97,Calm,FMS_MARITIME,2026-04-06
2022-12-28,135,VLSFO,61.79,16.9,405.6,24,474.3936,0.64,Calm,FMS_MARITIME,2026-04-06
2022-12-28,135,LSMGO,75.06,16.2,388.8,24,601.175,0.55,Moderate,FMS_MARITIME,2026-04-06
2022-12-28,135,HFO,16.93,17.5,420.0,24,125.5239,0.99,Rough,FMS_MARITIME,2026-04-06
2022-12-01,136,LNG,31.51,11.8,283.2,24,346.4765,0.85,Moderate,FMS_MARITIME,2026-04-06
2022-12-02,136,VLSFO,38.52,13.8,331.2,24,362.1717,0.76,Moderate,FMS_MARITIME,2026-04-06
2022-12-03,136,MGO,73.2,13.8,331.2,24,688.2391,0.58,Rough,FMS_MARITIME,2026-04-06
2022-12-04,136,LSMGO,41.03,9.7,232.8,24,548.8291,0.56,Calm,FMS_MARITIME,2026-04-06
2022-12-05,136,LNG,75.8,12.6,302.4,24,780.5595,0.92,Calm,FMS_MARITIME,2026-04-06
2022-12-06,136,VLSFO,24.33,12.1,290.4,24,260.894,0.77,Calm,FMS_MARITIME,2026-04-06
2022-12-07,136,LNG,27.88,12.9,309.6,24,280.4209,0.75,Moderate,FMS_MARITIME,2026-04-06
2022-12-08,136,HFO,24.93,13.2,316.8,24,245.0506,0.52,Calm,FMS_MARITIME,2026-04-06
2022-12-09,136,HFO,81.39,16.5,396.0,24,640.0214,1.0,Moderate,FMS_MARITIME,2026-04-06
2022-12-10,136,VLSFO,31.91,8.2,196.8,24,504.9174,0.72,Moderate,FMS_MARITIME,2026-04-06
2022-12-11,136,HFO,78.59,13.2,316.8,24,772.504,0.92,Calm,FMS_MARITIME,2026-04-06
2022-12-12,136,VLSFO,21.18,10.4,249.6,24,264.2409,0.72,Calm,FMS_MARITIME,2026-04-06
2022-12-13,136,HFO,35.99,12.6,302.4,24,370.6113,0.88,Moderate,FMS_MARITIME,2026-04-06
2022-12-14,136,HFO,80.5,12.7,304.8,24,822.4311,0.54,Moderate,FMS_MARITIME,2026-04-06
2022-12-15,136,MGO,15.55,16.5,396.0,24,122.2795,0.97,Rough,FMS_MARITIME,2026-04-06
2022-12-16,136,HFO,75.41,9.6,230.4,24,1019.2133,0.91,Moderate,FMS_MARITIME,2026-04-06
2022-12-17,136,LSMGO,44.62,10.4,249.6,24,556.6774,0.58,Rough,FMS_MARITIME,2026-04-06
2022-12-18,136,LSMGO,32.43,14.7,352.8,24,286.2444,0.57,Moderate,FMS_MARITIME,2026-04-06
2022-12-19,136,MGO,25.42,18.0,432.0,24,183.2358,0.91,Moderate,FMS_MARITIME,2026-04-06
2022-12-20,136,LNG,35.09,15.8,379.2,24,288.16,0.63,Moderate,FMS_MARITIME,2026-04-06
2022-12-21,136,VLSFO,39.24,10.0,240.0,24,509.139,0.9,Moderate,FMS_MARITIME,2026-04-06
2022-12-22,136,MGO,63.56,12.3,295.2,24,670.4805,0.81,Calm,FMS_MARITIME,2026-04-06
2022-12-23,136,LNG,73.15,8.1,194.4,24,1171.7546,0.69,Calm,FMS_MARITIME,2026-04-06
2022-12-24,136,LNG,64.48,9.7,232.8,24,862.5031,0.9,Rough,FMS_MARITIME,2026-04-06
2022-12-25,136,HFO,49.76,9.7,232.8,24,665.6041,0.68,Rough,FMS_MARITIME,2026-04-06
2022-12-26,136,VLSFO,24.48,13.8,331.2,24,230.1652,0.79,Rough,FMS_MARITIME,2026-04-06
2022-12-27,136,LSMGO,18.63,10.3,247.2,24,234.6837,0.86,Calm,FMS_MARITIME,2026-04-06
2022-12-28,136,LNG,26.97,15.3,367.2,24,228.7162,0.56,Calm,FMS_MARITIME,2026-04-06
2022-12-28,136,MGO,80.52,14.1,338.4,24,740.9553,0.53,Rough,FMS_MARITIME,2026-04-06
2022-12-28,136,LNG,18.72,13.5,324.0,24,179.92,0.9,Rough,FMS_MARITIME,2026-04-06
2022-12-01,137,VLSFO,42.55,11.5,276.0,24,480.075,0.71,Moderate,FMS_MARITIME,2026-04-06
2022-12-02,137,HFO,50.49,10.2,244.8,24,642.2625,0.83,Moderate,FMS_MARITIME,2026-04-06
2022-12-03,137,VLSFO,66.53,11.9,285.6,24,725.4006,0.49,Rough,FMS_MARITIME,2026-04-06
2022-12-04,137,HFO,71.23,9.5,228.0,24,972.8518,0.91,Calm,FMS_MARITIME,2026-04-06
2022-12-05,137,LNG,69.44,11.5,276.0,24,783.4643,0.95,Moderate,FMS_MARITIME,2026-04-06
2022-12-06,137,MGO,47.36,14.3,343.2,24,429.7175,0.85,Calm,FMS_MARITIME,2026-04-06
2022-12-07,137,HFO,54.21,17.7,424.8,24,397.3869,0.59,Calm,FMS_MARITIME,2026-04-06
2022-12-08,137,MGO,36.18,12.9,309.6,24,363.9035,0.67,Rough,FMS_MARITIME,2026-04-06
2022-12-09,137,MGO,83.69,14.7,352.8,24,738.6923,0.49,Calm,FMS_MARITIME,2026-04-06
2022-12-10,137,HFO,69.68,8.3,199.2,24,1089.2747,0.87,Moderate,FMS_MARITIME,2026-04-06
2022-12-11,137,HFO,48.83,8.4,201.6,24,754.2491,0.96,Rough,FMS_MARITIME,2026-04-06
2022-12-12,137,VLSFO,44.37,15.5,372.0,24,371.4198,0.46,Calm,FMS_MARITIME,2026-04-06
2022-12-13,137,HFO,71.18,14.8,355.2,24,624.0274,0.47,Moderate,FMS_MARITIME,2026-04-06
2022-12-14,137,HFO,43.77,10.2,244.8,24,556.7801,0.67,Rough,FMS_MARITIME,2026-04-06
2022-12-15,137,VLSFO,56.54,15.0,360.0,24,489.071,0.57,Rough,FMS_MARITIME,2026-04-06
2022-12-16,137,LSMGO,38.02,16.7,400.8,24,295.3949,0.61,Calm,FMS_MARITIME,2026-04-06
2022-12-17,137,HFO,28.51,12.6,302.4,24,293.5851,0.7,Moderate,FMS_MARITIME,2026-04-06
2022-12-18,137,HFO,84.5,13.4,321.6,24,818.1996,0.6,Calm,FMS_MARITIME,2026-04-06
2022-12-19,137,LSMGO,53.76,10.9,261.6,24,639.9413,0.75,Calm,FMS_MARITIME,2026-04-06
2022-12-20,137,VLSFO,35.29,16.6,398.4,24,275.836,0.6,Rough,FMS_MARITIME,2026-04-06
2022-12-21,137,LSMGO,74.32,11.7,280.8,24,824.1897,0.42,Calm,FMS_MARITIME,2026-04-06
2022-12-22,137,VLSFO,19.18,9.5,228.0,24,261.9584,0.58,Rough,FMS_MARITIME,2026-04-06
2022-12-23,137,MGO,40.74,8.6,206.4,24,614.6529,0.72,Calm,FMS_MARITIME,2026-04-06
2022-12-24,137,LSMGO,59.78,17.6,422.4,24,440.7077,0.69,Moderate,FMS_MARITIME,2026-04-06
2022-12-25,137,MGO,30.52,15.3,367.2,24,258.8216,0.4,Calm,FMS_MARITIME,2026-04-06
2022-12-26,137,HFO,40.48,17.2,412.8,24,305.3651,0.65,Moderate,FMS_MARITIME,2026-04-06
2022-12-27,137,LSMGO,65.89,12.3,295.2,24,695.0591,0.96,Moderate,FMS_MARITIME,2026-04-06
2022-12-28,137,HFO,84.69,16.8,403.2,24,654.079,0.89,Calm,FMS_MARITIME,2026-04-06
2022-12-28,137,HFO,25.36,10.2,244.8,24,322.5941,0.57,Moderate,FMS_MARITIME,2026-04-06
2022-12-28,137,LSMGO,49.42,9.3,223.2,24,689.4887,0.73,Calm,FMS_MARITIME,2026-04-06
2022-12-01,138,HFO,28.64,12.4,297.6,24,299.6806,0.75,Rough,FMS_MARITIME,2026-04-06
2022-12-02,138,LNG,50.13,15.3,367.2,24,425.1221,0.62,Calm,FMS_MARITIME,2026-04-06
2022-12-03,138,HFO,74.88,16.7,400.8,24,581.7772,0.53,Calm,FMS_MARITIME,2026-04-06
2022-12-04,138,MGO,70.43,15.0,360.0,24,609.2195,0.97,Moderate,FMS_MARITIME,2026-04-06
2022-12-05,138,HFO,53.5,17.0,408.0,24,408.3309,0.89,Calm,FMS_MARITIME,2026-04-06
2022-12-06,138,LNG,30.3,9.5,228.0,24,413.8342,0.95,Calm,FMS_MARITIME,2026-04-06
2022-12-07,138,LSMGO,52.08,16.9,405.6,24,399.845,0.95,Calm,FMS_MARITIME,2026-04-06
2022-12-08,138,MGO,57.42,14.0,336.0,24,532.1604,0.61,Calm,FMS_MARITIME,2026-04-06
2022-12-09,138,LNG,46.25,17.3,415.2,24,346.875,0.43,Calm,FMS_MARITIME,2026-04-06
2022-12-10,138,HFO,67.29,17.1,410.4,24,510.5776,0.41,Moderate,FMS_MARITIME,2026-04-06
2022-12-11,138,VLSFO,47.33,15.2,364.8,24,404.0176,0.4,Calm,FMS_MARITIME,2026-04-06
2022-12-12,138,LSMGO,79.68,10.4,249.6,24,994.0846,0.87,Rough,FMS_MARITIME,2026-04-06
2022-12-13,138,LSMGO,62.97,14.3,343.2,24,571.3537,0.51,Moderate,FMS_MARITIME,2026-04-06
2022-12-14,138,MGO,19.87,10.3,247.2,24,250.3041,0.94,Moderate,FMS_MARITIME,2026-04-06
2022-12-15,138,MGO,74.68,16.4,393.6,24,590.8372,0.95,Moderate,FMS_MARITIME,2026-04-06
2022-12-16,138,LSMGO,82.69,8.7,208.8,24,1233.2216,0.65,Moderate,FMS_MARITIME,2026-04-06
2022-12-17,138,LSMGO,53.37,15.9,381.6,24,435.5193,0.89,Moderate,FMS_MARITIME,2026-04-06
2022-12-18,138,VLSFO,40.46,11.8,283.2,24,444.8886,0.44,Moderate,FMS_MARITIME,2026-04-06
2022-12-19,138,LSMGO,69.87,13.7,328.8,24,661.725,0.46,Calm,FMS_MARITIME,2026-04-06
2022-12-20,138,HFO,53.58,10.0,240.0,24,695.2005,0.88,Rough,FMS_MARITIME,2026-04-06
2022-12-21,138,VLSFO,32.5,10.7,256.8,24,394.1005,0.77,Calm,FMS_MARITIME,2026-04-06
2022-12-22,138,LSMGO,16.76,11.7,280.8,24,185.8641,0.4,Rough,FMS_MARITIME,2026-04-06
2022-12-23,138,LNG,75.23,9.8,235.2,24,996.0298,0.52,Calm,FMS_MARITIME,2026-04-06
2022-12-24,138,MGO,75.38,12.1,290.4,24,808.3103,0.66,Calm,FMS_MARITIME,2026-04-06
2022-12-25,138,HFO,80.62,9.8,235.2,24,1067.3923,0.92,Moderate,FMS_MARITIME,2026-04-06
2022-12-26,138,LSMGO,82.46,15.4,369.6,24,694.7523,0.85,Calm,FMS_MARITIME,2026-04-06
2022-12-27,138,MGO,79.1,14.2,340.8,24,722.7623,0.91,Rough,FMS_MARITIME,2026-04-06
2022-12-28,138,HFO,54.56,14.9,357.6,24,475.1114,0.55,Moderate,FMS_MARITIME,2026-04-06
2022-12-28,138,VLSFO,22.94,15.8,379.2,24,188.3839,0.72,Calm,FMS_MARITIME,2026-04-06
2022-12-28,138,VLSFO,20.62,14.8,355.2,24,180.7733,0.75,Moderate,FMS_MARITIME,2026-04-06
2022-12-01,139,HFO,51.98,8.9,213.6,24,757.7983,0.86,Moderate,FMS_MARITIME,2026-04-06
2022-12-02,139,VLSFO,23.95,10.1,242.4,24,307.6745,0.71,Moderate,FMS_MARITIME,2026-04-06
2022-12-03,139,HFO,15.76,11.2,268.8,24,182.5768,0.47,Moderate,FMS_MARITIME,2026-04-06
2022-12-04,139,VLSFO,25.62,16.0,384.0,24,207.7622,0.44,Rough,FMS_MARITIME,2026-04-06
2022-12-05,139,LNG,51.84,16.8,403.2,24,400.3714,0.69,Rough,FMS_MARITIME,2026-04-06
2022-12-06,139,VLSFO,20.51,9.1,218.4,24,292.4365,0.95,Moderate,FMS_MARITIME,2026-04-06
2022-12-07,139,VLSFO,70.28,9.6,230.4,24,949.8781,0.58,Rough,FMS_MARITIME,2026-04-06
2022-12-08,139,LSMGO,55.7,11.0,264.0,24,657.0068,0.7,Moderate,FMS_MARITIME,2026-04-06
2022-12-09,139,HFO,70.16,11.6,278.4,24,784.7638,0.59,Calm,FMS_MARITIME,2026-04-06
2022-12-10,139,HFO,69.14,13.0,312.0,24,690.0704,0.52,Calm,FMS_MARITIME,2026-04-06
2022-12-11,139,VLSFO,65.36,12.0,288.0,24,706.705,0.63,Calm,FMS_MARITIME,2026-04-06
2022-12-12,139,LNG,54.06,14.5,348.0,24,483.7438,0.51,Moderate,FMS_MARITIME,2026-04-06
2022-12-13,139,VLSFO,46.67,17.6,422.4,24,344.0587,0.84,Calm,FMS_MARITIME,2026-04-06
2022-12-14,139,MGO,65.68,8.0,192.0,24,1065.2475,0.55,Rough,FMS_MARITIME,2026-04-06
2022-12-15,139,LSMGO,76.37,15.4,369.6,24,643.442,0.55,Rough,FMS_MARITIME,2026-04-06
2022-12-16,139,MGO,57.73,10.8,259.2,24,693.5618,0.97,Moderate,FMS_MARITIME,2026-04-06
2022-12-17,139,MGO,49.27,12.1,290.4,24,528.3291,0.96,Rough,FMS_MARITIME,2026-04-06
2022-12-18,139,VLSFO,74.85,14.0,336.0,24,693.6991,0.94,Calm,FMS_MARITIME,2026-04-06
2022-12-19,139,HFO,28.94,12.4,297.6,24,302.8198,0.72,Moderate,FMS_MARITIME,2026-04-06
2022-12-20,139,LNG,57.63,8.3,199.2,24,900.9027,0.62,Calm,FMS_MARITIME,2026-04-06
2022-12-21,139,VLSFO,26.84,10.0,240.0,24,348.249,0.98,Rough,FMS_MARITIME,2026-04-06
2022-12-22,139,MGO,39.73,16.7,400.8,24,308.6807,0.97,Moderate,FMS_MARITIME,2026-04-06
2022-12-23,139,HFO,72.68,13.4,321.6,24,703.7485,0.88,Rough,FMS_MARITIME,2026-04-06
2022-12-24,139,VLSFO,20.55,9.6,230.4,24,277.7461,0.88,Calm,FMS_MARITIME,2026-04-06
2022-12-25,139,LNG,39.94,16.8,403.2,24,308.4652,0.5,Rough,FMS_MARITIME,2026-04-06
2022-12-26,139,VLSFO,73.04,14.0,336.0,24,676.9243,0.47,Calm,FMS_MARITIME,2026-04-06
2022-12-27,139,LSMGO,25.86,15.3,367.2,24,219.3029,0.68,Calm,FMS_MARITIME,2026-04-06
2022-12-28,139,HFO,68.35,9.2,220.8,24,963.9579,0.58,Rough,FMS_MARITIME,2026-04-06
2022-12-28,139,HFO,49.07,16.4,393.6,24,388.2215,0.74,Calm,FMS_MARITIME,2026-04-06
2022-12-28,139,LNG,62.13,11.4,273.6,24,707.1375,0.82,Moderate,FMS_MARITIME,2026-04-06
2022-12-01,140,LNG,70.6,17.0,408.0,24,538.8441,0.6,Moderate,FMS_MARITIME,2026-04-06
2022-12-02,140,MGO,63.76,16.9,405.6,24,489.5183,0.63,Rough,FMS_MARITIME,2026-04-06
2022-12-03,140,LSMGO,73.48,16.0,384.0,24,595.8769,0.85,Rough,FMS_MARITIME,2026-04-06
2022-12-04,140,VLSFO,55.51,9.6,230.4,24,750.2523,0.78,Calm,FMS_MARITIME,2026-04-06
2022-12-05,140,LNG,51.21,11.0,264.0,24,604.0452,0.71,Calm,FMS_MARITIME,2026-04-06
2022-12-06,140,MGO,69.95,11.1,266.4,24,817.6588,0.51,Calm,FMS_MARITIME,2026-04-06
2022-12-07,140,LSMGO,80.31,12.9,309.6,24,807.7692,0.99,Moderate,FMS_MARITIME,2026-04-06
2022-12-08,140,LSMGO,80.53,17.6,422.4,24,593.68,0.54,Calm,FMS_MARITIME,2026-04-06
2022-12-09,140,LNG,52.95,14.6,350.4,24,470.5659,0.47,Moderate,FMS_MARITIME,2026-04-06
2022-12-10,140,MGO,36.74,15.8,379.2,24,301.7098,0.89,Calm,FMS_MARITIME,2026-04-06
2022-12-11,140,LNG,35.98,9.0,216.0,24,518.7117,0.87,Calm,FMS_MARITIME,2026-04-06
2022-12-12,140,VLSFO,28.29,10.6,254.4,24,346.2856,0.95,Calm,FMS_MARITIME,2026-04-06
2022-12-13,140,LNG,43.05,10.2,244.8,24,547.6213,0.76,Calm,FMS_MARITIME,2026-04-06
2022-12-14,140,LSMGO,39.15,13.5,324.0,24,376.275,0.48,Moderate,FMS_MARITIME,2026-04-06
2022-12-15,140,HFO,61.8,16.2,388.8,24,494.9722,0.44,Rough,FMS_MARITIME,2026-04-06
2022-12-16,140,HFO,60.6,17.1,410.4,24,459.8158,0.81,Calm,FMS_MARITIME,2026-04-06
2022-12-17,140,VLSFO,76.98,17.8,427.2,24,561.1323,0.98,Moderate,FMS_MARITIME,2026-04-06
2022-12-18,140,LNG,20.24,12.7,304.8,24,206.7827,0.65,Moderate,FMS_MARITIME,2026-04-06
2022-12-19,140,VLSFO,28.03,9.3,223.2,24,391.0637,0.47,Calm,FMS_MARITIME,2026-04-06
2022-12-20,140,LSMGO,26.31,13.4,321.6,24,254.7554,0.84,Moderate,FMS_MARITIME,2026-04-06
2022-12-21,140,HFO,21.92,14.2,340.8,24,200.2901,0.79,Moderate,FMS_MARITIME,2026-04-06
2022-12-22,140,MGO,26.98,14.4,345.6,24,243.101,0.89,Moderate,FMS_MARITIME,2026-04-06
2022-12-23,140,MGO,46.85,9.8,235.2,24,620.2844,0.54,Moderate,FMS_MARITIME,2026-04-06
2022-12-24,140,HFO,76.45,14.8,355.2,24,670.2289,0.71,Rough,FMS_MARITIME,2026-04-06
2022-12-25,140,VLSFO,52.54,17.0,408.0,24,401.0038,0.4,Moderate,FMS_MARITIME,2026-04-06
2022-12-26,140,MGO,59.66,11.7,280.8,24,661.6141,0.8,Moderate,FMS_MARITIME,2026-04-06
2022-12-27,140,VLSFO,53.82,17.5,420.0,24,399.0369,0.49,Rough,FMS_MARITIME,2026-04-06
2022-12-28,140,HFO,57.86,12.8,307.2,24,586.5105,0.5,Calm,FMS_MARITIME,2026-04-06
2022-12-28,140,LSMGO,51.38,10.8,259.2,24,617.2736,0.87,Calm,FMS_MARITIME,2026-04-06
2022-12-28,140,MGO,81.15,12.0,288.0,24,877.4344,0.56,Rough,FMS_MARITIME,2026-04-06
2022-12-01,141,HFO,63.3,10.4,249.6,24,789.7284,0.94,Calm,FMS_MARITIME,2026-04-06
2022-12-02,141,HFO,45.92,14.4,345.6,24,413.7583,0.76,Moderate,FMS_MARITIME,2026-04-06
2022-12-03,141,MGO,30.61,16.0,384.0,24,248.228,0.56,Moderate,FMS_MARITIME,2026-04-06
2022-12-04,141,VLSFO,33.14,9.9,237.6,24,434.3348,0.41,Rough,FMS_MARITIME,2026-04-06
2022-12-05,141,HFO,68.18,15.3,367.2,24,578.1931,0.42,Rough,FMS_MARITIME,2026-04-06
2022-12-06,141,LNG,51.15,13.5,324.0,24,491.6083,0.81,Rough,FMS_MARITIME,2026-04-06
2022-12-07,141,MGO,41.52,12.8,307.2,24,420.8766,0.51,Rough,FMS_MARITIME,2026-04-06
2022-12-08,141,LSMGO,35.7,14.4,345.6,24,321.6719,0.45,Calm,FMS_MARITIME,2026-04-06
2022-12-09,141,LNG,18.06,10.9,261.6,24,214.9803,0.71,Rough,FMS_MARITIME,2026-04-06
2022-12-10,141,VLSFO,55.34,12.5,300.0,24,574.4292,0.5,Rough,FMS_MARITIME,2026-04-06
2022-12-11,141,MGO,78.83,9.4,225.6,24,1088.1056,0.77,Rough,FMS_MARITIME,2026-04-06
2022-12-12,141,LSMGO,17.28,15.0,360.0,24,149.472,0.72,Moderate,FMS_MARITIME,2026-04-06
2022-12-13,141,VLSFO,20.07,15.3,367.2,24,170.2015,0.81,Moderate,FMS_MARITIME,2026-04-06
2022-12-14,141,LNG,21.64,10.4,249.6,24,269.9798,0.43,Calm,FMS_MARITIME,2026-04-06
2022-12-15,141,MGO,65.39,10.3,247.2,24,823.7235,0.88,Rough,FMS_MARITIME,2026-04-06
2022-12-16,141,HFO,45.94,16.5,396.0,24,361.2555,0.98,Rough,FMS_MARITIME,2026-04-06
2022-12-17,141,VLSFO,47.61,9.2,220.8,24,671.4562,0.91,Moderate,FMS_MARITIME,2026-04-06
2022-12-18,141,HFO,44.16,12.3,295.2,24,465.8341,0.71,Rough,FMS_MARITIME,2026-04-06
2022-12-19,141,HFO,67.71,16.3,391.2,24,538.9799,0.84,Calm,FMS_MARITIME,2026-04-06
2022-12-20,141,HFO,45.4,13.2,316.8,24,446.2614,0.65,Moderate,FMS_MARITIME,2026-04-06
2022-12-21,141,LSMGO,64.09,11.6,278.4,24,716.8687,0.44,Calm,FMS_MARITIME,2026-04-06
2022-12-22,141,HFO,76.85,17.8,427.2,24,560.1847,0.87,Moderate,FMS_MARITIME,2026-04-06
2022-12-23,141,VLSFO,71.35,8.2,196.8,24,1128.9832,0.74,Moderate,FMS_MARITIME,2026-04-06
2022-12-24,141,LSMGO,25.8,10.0,240.0,24,334.755,0.78,Rough,FMS_MARITIME,2026-04-06
2022-12-25,141,HFO,82.49,17.5,420.0,24,611.6044,0.62,Moderate,FMS_MARITIME,2026-04-06
2022-12-26,141,VLSFO,23.08,8.8,211.2,24,340.2989,0.45,Moderate,FMS_MARITIME,2026-04-06
2022-12-27,141,MGO,80.59,10.7,256.8,24,977.2479,0.88,Calm,FMS_MARITIME,2026-04-06
2022-12-28,141,LNG,21.06,16.6,398.4,24,164.6105,0.42,Rough,FMS_MARITIME,2026-04-06
2022-12-28,141,HFO,39.24,13.5,324.0,24,377.14,0.43,Calm,FMS_MARITIME,2026-04-06
2022-12-28,141,HFO,44.19,8.8,211.2,24,651.5514,0.74,Rough,FMS_MARITIME,2026-04-06
2022-12-01,142,HFO,50.1,10.8,259.2,24,601.8958,0.85,Rough,FMS_MARITIME,2026-04-06
2022-12-02,142,VLSFO,82.48,12.7,304.8,24,842.6598,1.0,Moderate,FMS_MARITIME,2026-04-06
2022-12-03,142,MGO,32.53,15.0,360.0,24,281.3845,0.43,Rough,FMS_MARITIME,2026-04-06
2022-12-04,142,HFO,27.38,11.1,266.4,24,320.05,0.97,Rough,FMS_MARITIME,2026-04-06
2022-12-05,142,LSMGO,57.08,12.8,307.2,24,578.6039,0.51,Moderate,FMS_MARITIME,2026-04-06
2022-12-06,142,LSMGO,60.3,16.7,400.8,24,468.4985,0.78,Rough,FMS_MARITIME,2026-04-06
2022-12-07,142,MGO,29.86,17.3,415.2,24,223.95,0.7,Moderate,FMS_MARITIME,2026-04-06
2022-12-08,142,HFO,55.56,12.0,288.0,24,600.7425,0.57,Moderate,FMS_MARITIME,2026-04-06
2022-12-09,142,HFO,52.21,12.9,309.6,24,525.1355,0.5,Calm,FMS_MARITIME,2026-04-06
2022-12-10,142,VLSFO,34.65,9.2,220.8,24,488.678,0.85,Calm,FMS_MARITIME,2026-04-06
2022-12-11,142,LSMGO,66.12,8.2,196.8,24,1046.228,0.71,Rough,FMS_MARITIME,2026-04-06
2022-12-12,142,HFO,81.71,9.1,218.4,24,1165.0409,0.95,Moderate,FMS_MARITIME,2026-04-06
2022-12-13,142,VLSFO,56.87,10.1,242.4,24,730.5824,0.51,Calm,FMS_MARITIME,2026-04-06
2022-12-14,142,VLSFO,43.65,17.4,417.6,24,325.4935,0.74,Moderate,FMS_MARITIME,2026-04-06
2022-12-15,142,LNG,24.86,11.9,285.6,24,271.0576,0.67,Rough,FMS_MARITIME,2026-04-06
2022-12-16,142,HFO,81.54,8.9,213.6,24,1188.7433,0.82,Rough,FMS_MARITIME,2026-04-06
2022-12-17,142,VLSFO,27.68,17.9,429.6,24,200.6413,0.43,Rough,FMS_MARITIME,2026-04-06
2022-12-18,142,LNG,47.94,10.1,242.4,24,615.8629,0.85,Moderate,FMS_MARITIME,2026-04-06
2022-12-19,142,LSMGO,52.2,14.2,340.8,24,476.9683,0.49,Moderate,FMS_MARITIME,2026-04-06
2022-12-20,142,VLSFO,69.76,17.1,410.4,24,529.3193,1.0,Moderate,FMS_MARITIME,2026-04-06
2022-12-21,142,VLSFO,51.88,13.2,316.8,24,509.9568,0.99,Moderate,FMS_MARITIME,2026-04-06
2022-12-22,142,HFO,22.03,9.8,235.2,24,291.6727,0.51,Rough,FMS_MARITIME,2026-04-06
2022-12-23,142,VLSFO,74.84,8.4,201.6,24,1156.0107,0.79,Moderate,FMS_MARITIME,2026-04-06
2022-12-24,142,VLSFO,67.32,17.1,410.4,24,510.8053,0.46,Moderate,FMS_MARITIME,2026-04-06
2022-12-25,142,MGO,25.52,10.9,261.6,24,303.7817,0.67,Calm,FMS_MARITIME,2026-04-06
2022-12-26,142,HFO,42.63,15.4,369.6,24,359.1716,0.64,Calm,FMS_MARITIME,2026-04-06
2022-12-27,142,LNG,22.68,16.6,398.4,24,177.2729,0.81,Calm,FMS_MARITIME,2026-04-06
2022-12-28,142,LNG,15.63,15.8,379.2,24,128.354,0.44,Calm,FMS_MARITIME,2026-04-06
2022-12-28,142,HFO,48.72,12.4,297.6,24,509.7919,0.69,Moderate,FMS_MARITIME,2026-04-06
2022-12-28,142,LNG,73.89,13.6,326.4,24,704.9432,0.66,Rough,FMS_MARITIME,2026-04-06
2022-12-01,143,MGO,40.7,17.9,429.6,24,295.0182,0.41,Moderate,FMS_MARITIME,2026-04-06
2022-12-02,143,HFO,28.18,9.1,218.4,24,401.7973,0.56,Moderate,FMS_MARITIME,2026-04-06
2022-12-03,143,VLSFO,38.48,15.4,369.6,24,324.2065,0.87,Rough,FMS_MARITIME,2026-04-06
2022-12-04,143,LNG,50.81,11.1,266.4,24,593.9277,0.52,Rough,FMS_MARITIME,2026-04-06
2022-12-05,143,HFO,75.82,11.4,273.6,24,862.9513,0.6,Rough,FMS_MARITIME,2026-04-06
2022-12-06,143,VLSFO,55.15,15.5,372.0,24,461.6589,0.73,Moderate,FMS_MARITIME,2026-04-06
2022-12-07,143,HFO,47.29,13.9,333.6,24,441.43,0.84,Moderate,FMS_MARITIME,2026-04-06
2022-12-08,143,VLSFO,83.58,15.7,376.8,24,690.7328,0.77,Rough,FMS_MARITIME,2026-04-06
2022-12-09,143,LSMGO,48.05,9.4,225.6,24,663.2434,0.85,Moderate,FMS_MARITIME,2026-04-06
2022-12-10,143,LSMGO,84.69,15.5,372.0,24,708.9373,0.97,Calm,FMS_MARITIME,2026-04-06
2022-12-11,143,LSMGO,72.11,15.8,379.2,24,592.1691,0.81,Calm,FMS_MARITIME,2026-04-06
2022-12-12,143,MGO,44.96,9.7,232.8,24,601.3979,0.59,Calm,FMS_MARITIME,2026-04-06
2022-12-13,143,LNG,45.57,16.4,393.6,24,360.5309,0.73,Calm,FMS_MARITIME,2026-04-06
2022-12-14,143,HFO,69.07,17.2,412.8,24,521.0368,0.81,Rough,FMS_MARITIME,2026-04-06
2022-12-15,143,LNG,44.29,12.3,295.2,24,467.2055,0.92,Calm,FMS_MARITIME,2026-04-06
2022-12-16,143,MGO,67.63,15.1,362.4,24,581.1253,0.5,Moderate,FMS_MARITIME,2026-04-06
2022-12-17,143,LNG,30.75,13.1,314.4,24,304.5658,0.95,Moderate,FMS_MARITIME,2026-04-06
2022-12-18,143,HFO,58.11,10.1,242.4,24,746.5121,0.59,Rough,FMS_MARITIME,2026-04-06
2022-12-19,143,VLSFO,79.5,15.9,381.6,24,648.75,0.61,Rough,FMS_MARITIME,2026-04-06
2022-12-20,143,LNG,82.48,9.5,228.0,24,1126.5032,0.47,Rough,FMS_MARITIME,2026-04-06
2022-12-21,143,MGO,81.65,17.1,410.4,24,619.5373,0.65,Rough,FMS_MARITIME,2026-04-06
2022-12-22,143,VLSFO,32.3,17.3,415.2,24,242.25,0.98,Calm,FMS_MARITIME,2026-04-06
2022-12-23,143,HFO,31.98,13.3,319.2,24,311.9853,0.9,Rough,FMS_MARITIME,2026-04-06
2022-12-24,143,LNG,49.46,14.9,357.6,24,430.7003,0.92,Moderate,FMS_MARITIME,2026-04-06
2022-12-25,143,HFO,76.8,8.3,199.2,24,1200.5783,0.6,Rough,FMS_MARITIME,2026-04-06
2022-12-26,143,LSMGO,80.14,11.4,273.6,24,912.1197,0.98,Rough,FMS_MARITIME,2026-04-06
2022-12-27,143,VLSFO,37.3,16.6,398.4,24,291.5467,0.45,Moderate,FMS_MARITIME,2026-04-06
2022-12-28,143,VLSFO,81.89,15.2,364.8,24,699.0281,0.9,Calm,FMS_MARITIME,2026-04-06
2022-12-28,143,LNG,67.02,14.6,350.4,24,595.6058,0.49,Rough,FMS_MARITIME,2026-04-06
2022-12-28,143,LNG,84.84,17.3,415.2,24,636.3,0.6,Moderate,FMS_MARITIME,2026-04-06
2022-12-01,144,LSMGO,20.75,10.8,259.2,24,249.2882,0.45,Calm,FMS_MARITIME,2026-04-06
2022-12-02,144,MGO,48.47,17.4,417.6,24,361.4358,0.55,Calm,FMS_MARITIME,2026-04-06
2022-12-03,144,MGO,73.27,14.7,352.8,24,646.7199,0.53,Rough,FMS_MARITIME,2026-04-06
2022-12-04,144,MGO,76.09,13.1,314.4,24,753.6395,0.53,Moderate,FMS_MARITIME,2026-04-06
2022-12-05,144,MGO,56.7,8.8,211.2,24,836.0028,0.65,Calm,FMS_MARITIME,2026-04-06
2022-12-06,144,HFO,46.59,16.5,396.0,24,366.3668,0.46,Rough,FMS_MARITIME,2026-04-06
2022-12-07,144,VLSFO,33.16,13.6,326.4,24,316.361,0.6,Calm,FMS_MARITIME,2026-04-06
2022-12-08,144,LSMGO,16.56,16.8,403.2,24,127.8964,0.62,Calm,FMS_MARITIME,2026-04-06
2022-12-09,144,LNG,54.69,16.7,400.8,24,424.9118,0.41,Moderate,FMS_MARITIME,2026-04-06
2022-12-10,144,HFO,51.13,12.2,292.8,24,543.7801,0.52,Moderate,FMS_MARITIME,2026-04-06
2022-12-11,144,HFO,51.63,8.2,196.8,24,816.9503,0.72,Calm,FMS_MARITIME,2026-04-06
2022-12-12,144,VLSFO,30.8,17.1,410.4,24,233.7018,0.94,Moderate,FMS_MARITIME,2026-04-06
2022-12-13,144,LSMGO,19.88,10.2,244.8,24,252.8853,0.4,Calm,FMS_MARITIME,2026-04-06
2022-12-14,144,VLSFO,39.34,8.7,208.8,24,586.7086,0.42,Rough,FMS_MARITIME,2026-04-06
2022-12-15,144,HFO,75.64,17.0,408.0,24,577.3112,0.89,Moderate,FMS_MARITIME,2026-04-06
2022-12-16,144,LSMGO,45.84,9.3,223.2,24,639.5419,0.44,Rough,FMS_MARITIME,2026-04-06
2022-12-17,144,VLSFO,36.38,15.3,367.2,24,308.5167,0.69,Moderate,FMS_MARITIME,2026-04-06
2022-12-18,144,VLSFO,69.53,12.9,309.6,24,699.3424,0.44,Rough,FMS_MARITIME,2026-04-06
2022-12-19,144,LNG,39.18,16.0,384.0,24,317.7253,0.5,Calm,FMS_MARITIME,2026-04-06
2022-12-20,144,MGO,43.6,10.1,242.4,24,560.1089,0.67,Calm,FMS_MARITIME,2026-04-06
2022-12-21,144,LSMGO,42.57,16.1,386.4,24,343.0719,0.65,Calm,FMS_MARITIME,2026-04-06
2022-12-22,144,HFO,46.1,12.6,302.4,24,474.7202,0.67,Calm,FMS_MARITIME,2026-04-06
2022-12-23,144,LNG,74.29,12.3,295.2,24,783.6689,0.61,Moderate,FMS_MARITIME,2026-04-06
2022-12-24,144,HFO,22.44,14.0,336.0,24,207.9707,0.58,Moderate,FMS_MARITIME,2026-04-06
2022-12-25,144,HFO,23.47,15.2,364.8,24,200.3442,0.45,Moderate,FMS_MARITIME,2026-04-06
2022-12-26,144,LNG,45.01,16.8,403.2,24,347.6219,0.84,Rough,FMS_MARITIME,2026-04-06
2022-12-27,144,HFO,55.15,17.9,429.6,24,399.7605,0.67,Rough,FMS_MARITIME,2026-04-06
2022-12-28,144,HFO,64.63,8.6,206.4,24,975.0863,0.8,Calm,FMS_MARITIME,2026-04-06
2022-12-28,144,LSMGO,77.44,15.8,379.2,24,635.9392,0.89,Moderate,FMS_MARITIME,2026-04-06
2022-12-28,144,LNG,27.26,12.5,300.0,24,282.9588,0.5,Moderate,FMS_MARITIME,2026-04-06
2022-12-01,145,LSMGO,46.84,13.5,324.0,24,450.1844,0.97,Moderate,FMS_MARITIME,2026-04-06
2022-12-02,145,VLSFO,31.25,11.0,264.0,24,368.608,0.82,Rough,FMS_MARITIME,2026-04-06
2022-12-03,145,LSMGO,38.59,16.2,388.8,24,309.0773,0.81,Calm,FMS_MARITIME,2026-04-06
2022-12-04,145,LNG,74.35,13.6,326.4,24,709.3318,0.42,Moderate,FMS_MARITIME,2026-04-06
2022-12-05,145,LSMGO,32.54,16.0,384.0,24,263.8791,0.92,Rough,FMS_MARITIME,2026-04-06
2022-12-06,145,VLSFO,21.18,16.3,391.2,24,168.5954,0.85,Rough,FMS_MARITIME,2026-04-06
2022-12-07,145,HFO,47.14,10.8,259.2,24,566.3347,0.49,Moderate,FMS_MARITIME,2026-04-06
2022-12-08,145,LSMGO,84.08,13.2,316.8,24,826.4682,0.65,Calm,FMS_MARITIME,2026-04-06
2022-12-09,145,LNG,16.63,11.1,266.4,24,194.3912,0.96,Moderate,FMS_MARITIME,2026-04-06
2022-12-10,145,LNG,51.19,12.8,307.2,24,518.8986,0.55,Rough,FMS_MARITIME,2026-04-06
2022-12-11,145,HFO,51.02,10.7,256.8,24,618.6771,0.44,Moderate,FMS_MARITIME,2026-04-06
2022-12-12,145,LSMGO,82.25,8.4,201.6,24,1270.4687,0.78,Moderate,FMS_MARITIME,2026-04-06
2022-12-13,145,LSMGO,51.7,10.8,259.2,24,621.1181,0.43,Moderate,FMS_MARITIME,2026-04-06
2022-12-14,145,LSMGO,23.91,10.1,242.4,24,307.1606,0.47,Calm,FMS_MARITIME,2026-04-06
2022-12-15,145,LSMGO,18.26,11.3,271.2,24,209.6668,0.48,Calm,FMS_MARITIME,2026-04-06
2022-12-16,145,LSMGO,76.76,12.0,288.0,24,829.9675,0.59,Rough,FMS_MARITIME,2026-04-06
2022-12-17,145,HFO,24.12,13.5,324.0,24,231.82,0.88,Rough,FMS_MARITIME,2026-04-06
2022-12-18,145,HFO,59.06,10.7,256.8,24,716.1715,0.86,Calm,FMS_MARITIME,2026-04-06
2022-12-19,145,LSMGO,49.51,14.1,338.4,24,455.5973,0.79,Rough,FMS_MARITIME,2026-04-06
2022-12-20,145,MGO,25.03,15.0,360.0,24,216.5095,0.75,Calm,FMS_MARITIME,2026-04-06
2022-12-21,145,LNG,30.37,9.3,223.2,24,423.7105,0.75,Calm,FMS_MARITIME,2026-04-06
2022-12-22,145,LNG,50.24,12.0,288.0,24,543.22,0.72,Calm,FMS_MARITIME,2026-04-06
2022-12-23,145,HFO,74.1,17.5,420.0,24,549.3986,0.81,Moderate,FMS_MARITIME,2026-04-06
2022-12-24,145,MGO,34.75,11.3,271.2,24,399.01,0.6,Calm,FMS_MARITIME,2026-04-06
2022-12-25,145,VLSFO,67.6,8.5,204.0,24,1031.8941,0.82,Calm,FMS_MARITIME,2026-04-06
2022-12-26,145,LNG,41.34,8.6,206.4,24,623.7052,0.79,Calm,FMS_MARITIME,2026-04-06
2022-12-27,145,LSMGO,22.19,15.8,379.2,24,182.2248,0.58,Calm,FMS_MARITIME,2026-04-06
2022-12-28,145,LSMGO,47.74,12.5,300.0,24,495.5412,0.71,Calm,FMS_MARITIME,2026-04-06
2022-12-28,145,MGO,70.65,9.6,230.4,24,954.8789,0.92,Rough,FMS_MARITIME,2026-04-06
2022-12-28,145,VLSFO,65.45,15.1,362.4,24,562.3932,0.58,Rough,FMS_MARITIME,2026-04-06
2022-12-01,146,LNG,46.75,9.2,220.8,24,659.3274,0.75,Rough,FMS_MARITIME,2026-04-06
2022-12-02,146,MGO,19.79,9.9,237.6,24,259.3689,0.55,Calm,FMS_MARITIME,2026-04-06
2022-12-03,146,HFO,49.49,15.2,364.8,24,422.4558,0.84,Rough,FMS_MARITIME,2026-04-06
2022-12-04,146,LSMGO,62.01,12.5,300.0,24,643.6638,0.7,Rough,FMS_MARITIME,2026-04-06
2022-12-05,146,VLSFO,62.28,10.2,244.8,24,792.2382,0.43,Rough,FMS_MARITIME,2026-04-06
2022-12-06,146,LSMGO,54.36,15.9,381.6,24,443.5981,0.6,Rough,FMS_MARITIME,2026-04-06
2022-12-07,146,MGO,23.5,14.9,357.6,24,204.6393,0.98,Moderate,FMS_MARITIME,2026-04-06
2022-12-08,146,VLSFO,65.6,13.7,328.8,24,621.2847,0.92,Moderate,FMS_MARITIME,2026-04-06
2022-12-09,146,MGO,78.19,9.2,220.8,24,1102.734,0.46,Rough,FMS_MARITIME,2026-04-06
2022-12-10,146,MGO,81.12,11.1,266.4,24,948.227,0.46,Rough,FMS_MARITIME,2026-04-06
2022-12-11,146,HFO,34.64,15.1,362.4,24,297.6517,0.45,Moderate,FMS_MARITIME,2026-04-06
2022-12-12,146,VLSFO,31.77,17.0,408.0,24,242.4799,0.48,Calm,FMS_MARITIME,2026-04-06
2022-12-13,146,LNG,44.63,12.8,307.2,24,452.4018,0.43,Moderate,FMS_MARITIME,2026-04-06
2022-12-14,146,LSMGO,68.06,17.3,415.2,24,510.45,0.55,Moderate,FMS_MARITIME,2026-04-06
2022-12-15,146,HFO,17.59,9.1,218.4,24,250.8025,0.46,Moderate,FMS_MARITIME,2026-04-06
2022-12-16,146,MGO,59.49,8.3,199.2,24,929.9792,0.78,Moderate,FMS_MARITIME,2026-04-06
2022-12-17,146,LNG,70.83,10.9,261.6,24,843.1369,0.44,Calm,FMS_MARITIME,2026-04-06
2022-12-18,146,LNG,35.96,10.7,256.8,24,436.057,0.51,Calm,FMS_MARITIME,2026-04-06
2022-12-19,146,HFO,76.73,9.1,218.4,24,1094.0349,0.73,Moderate,FMS_MARITIME,2026-04-06
2022-12-20,146,MGO,28.88,16.8,403.2,24,223.0464,0.73,Moderate,FMS_MARITIME,2026-04-06
2022-12-21,146,LSMGO,54.86,14.3,343.2,24,497.7682,0.62,Moderate,FMS_MARITIME,2026-04-06
2022-12-22,146,MGO,76.07,10.0,240.0,24,987.0082,0.46,Rough,FMS_MARITIME,2026-04-06
2022-12-23,146,LNG,57.07,13.9,333.6,24,532.7218,0.72,Rough,FMS_MARITIME,2026-04-06
2022-12-24,146,VLSFO,36.69,9.8,235.2,24,485.7681,0.93,Rough,FMS_MARITIME,2026-04-06
2022-12-25,146,VLSFO,49.73,10.9,261.6,24,591.9695,0.81,Moderate,FMS_MARITIME,2026-04-06
2022-12-26,146,LSMGO,79.58,17.9,429.6,24,576.8439,0.98,Calm,FMS_MARITIME,2026-04-06
2022-12-27,146,HFO,36.15,16.8,403.2,24,279.1942,0.62,Rough,FMS_MARITIME,2026-04-06
2022-12-28,146,LNG,82.99,17.2,412.8,24,626.0438,0.96,Rough,FMS_MARITIME,2026-04-06
2022-12-28,146,LSMGO,51.41,14.3,343.2,24,466.4649,0.9,Rough,FMS_MARITIME,2026-04-06
2022-12-28,146,LSMGO,18.04,10.0,240.0,24,234.069,0.5,Calm,FMS_MARITIME,2026-04-06
2022-12-01,147,MGO,52.86,16.6,398.4,24,413.1678,0.41,Moderate,FMS_MARITIME,2026-04-06
2022-12-02,147,LSMGO,23.16,9.1,218.4,24,330.2209,0.94,Calm,FMS_MARITIME,2026-04-06
2022-12-03,147,HFO,73.83,14.5,348.0,24,660.6512,0.41,Calm,FMS_MARITIME,2026-04-06
2022-12-04,147,MGO,74.63,9.1,218.4,24,1064.0926,0.44,Moderate,FMS_MARITIME,2026-04-06
2022-12-05,147,MGO,24.63,12.9,309.6,24,247.732,0.94,Rough,FMS_MARITIME,2026-04-06
2022-12-06,147,HFO,39.12,13.1,314.4,24,387.4672,0.94,Moderate,FMS_MARITIME,2026-04-06
2022-12-07,147,MGO,49.73,9.4,225.6,24,686.4327,0.46,Rough,FMS_MARITIME,2026-04-06
2022-12-08,147,MGO,31.24,11.6,278.4,24,349.4302,0.81,Moderate,FMS_MARITIME,2026-04-06
2022-12-09,147,VLSFO,29.22,16.9,405.6,24,224.337,0.94,Rough,FMS_MARITIME,2026-04-06
2022-12-10,147,VLSFO,50.29,13.3,319.2,24,490.6111,0.97,Moderate,FMS_MARITIME,2026-04-06
2022-12-11,147,HFO,24.07,14.8,355.2,24,211.0191,0.79,Calm,FMS_MARITIME,2026-04-06
2022-12-12,147,MGO,84.7,9.8,235.2,24,1121.4107,0.8,Calm,FMS_MARITIME,2026-04-06
2022-12-13,147,LNG,28.63,17.2,412.8,24,215.9734,0.4,Calm,FMS_MARITIME,2026-04-06
2022-12-14,147,LSMGO,55.44,12.2,292.8,24,589.618,0.74,Rough,FMS_MARITIME,2026-04-06
2022-12-15,147,HFO,46.88,8.5,204.0,24,715.6094,0.62,Moderate,FMS_MARITIME,2026-04-06
2022-12-16,147,VLSFO,69.59,11.7,280.8,24,771.7353,0.88,Rough,FMS_MARITIME,2026-04-06
2022-12-17,147,LNG,42.24,16.5,396.0,24,332.16,0.98,Moderate,FMS_MARITIME,2026-04-06
2022-12-18,147,LSMGO,75.99,8.8,211.2,24,1120.4207,0.69,Calm,FMS_MARITIME,2026-04-06
2022-12-19,147,VLSFO,21.24,15.6,374.4,24,176.6596,0.75,Calm,FMS_MARITIME,2026-04-06
2022-12-20,147,LNG,33.91,11.7,280.8,24,376.0532,0.92,Calm,FMS_MARITIME,2026-04-06
2022-12-21,147,MGO,67.09,8.4,201.6,24,1036.3009,0.48,Calm,FMS_MARITIME,2026-04-06
2022-12-22,147,HFO,68.05,13.0,312.0,24,679.1913,0.94,Rough,FMS_MARITIME,2026-04-06
2022-12-23,147,HFO,61.67,15.6,374.4,24,512.9284,0.88,Calm,FMS_MARITIME,2026-04-06
2022-12-24,147,LSMGO,70.98,8.6,206.4,24,1070.8901,0.85,Rough,FMS_MARITIME,2026-04-06
2022-12-25,147,MGO,61.35,15.3,367.2,24,520.2721,0.84,Rough,FMS_MARITIME,2026-04-06
2022-12-26,147,HFO,15.93,15.5,372.0,24,133.3495,0.64,Rough,FMS_MARITIME,2026-04-06
2022-12-27,147,LNG,39.55,17.9,429.6,24,286.6823,0.57,Calm,FMS_MARITIME,2026-04-06
2022-12-28,147,VLSFO,73.98,14.0,336.0,24,685.6361,0.6,Moderate,FMS_MARITIME,2026-04-06
2022-12-28,147,HFO,31.16,17.9,429.6,24,225.8665,0.51,Moderate,FMS_MARITIME,2026-04-06
2022-12-28,147,LSMGO,72.39,8.7,208.8,24,1079.6095,0.41,Calm,FMS_MARITIME,2026-04-06
2022-12-01,148,VLSFO,23.76,15.9,381.6,24,193.8906,0.61,Rough,FMS_MARITIME,2026-04-06
2022-12-02,148,MGO,51.3,15.1,362.4,24,440.8063,0.99,Moderate,FMS_MARITIME,2026-04-06
2022-12-03,148,HFO,22.76,8.9,213.6,24,331.8101,0.46,Rough,FMS_MARITIME,2026-04-06
2022-12-04,148,HFO,56.05,8.4,201.6,24,865.7723,0.85,Rough,FMS_MARITIME,2026-04-06
2022-12-05,148,VLSFO,46.79,13.8,331.2,24,439.9277,0.97,Rough,FMS_MARITIME,2026-04-06
2022-12-06,148,HFO,20.35,15.2,364.8,24,173.7113,0.58,Rough,FMS_MARITIME,2026-04-06
2022-12-07,148,VLSFO,19.75,17.3,415.2,24,148.125,0.83,Moderate,FMS_MARITIME,2026-04-06
2022-12-08,148,LNG,28.81,12.4,297.6,24,301.4595,0.96,Moderate,FMS_MARITIME,2026-04-06
2022-12-09,148,LNG,67.58,15.6,374.4,24,562.0837,0.56,Rough,FMS_MARITIME,2026-04-06
2022-12-10,148,HFO,35.4,15.2,364.8,24,302.1809,0.44,Rough,FMS_MARITIME,2026-04-06
2022-12-11,148,HFO,79.61,10.9,261.6,24,947.6511,0.8,Moderate,FMS_MARITIME,2026-04-06
2022-12-12,148,HFO,23.36,17.9,429.6,24,169.3274,0.7,Moderate,FMS_MARITIME,2026-04-06
2022-12-13,148,HFO,57.53,10.3,247.2,24,724.7104,0.97,Rough,FMS_MARITIME,2026-04-06
2022-12-14,148,LSMGO,21.05,10.3,247.2,24,265.1687,0.59,Moderate,FMS_MARITIME,2026-04-06
2022-12-15,148,MGO,40.67,11.0,264.0,24,479.7211,0.77,Moderate,FMS_MARITIME,2026-04-06
2022-12-16,148,VLSFO,62.55,10.9,261.6,24,744.5745,0.79,Rough,FMS_MARITIME,2026-04-06
2022-12-17,148,HFO,52.48,16.9,405.6,24,402.916,0.72,Calm,FMS_MARITIME,2026-04-06
2022-12-18,148,LNG,38.53,16.1,386.4,24,310.5135,0.89,Moderate,FMS_MARITIME,2026-04-06
2022-12-19,148,LNG,58.22,8.2,196.8,24,921.225,0.6,Rough,FMS_MARITIME,2026-04-06
2022-12-20,148,VLSFO,25.88,15.9,381.6,24,211.1906,0.94,Rough,FMS_MARITIME,2026-04-06
2022-12-21,148,LSMGO,43.45,15.1,362.4,24,373.3535,0.98,Rough,FMS_MARITIME,2026-04-06
2022-12-22,148,LNG,35.23,16.5,396.0,24,277.0359,0.51,Rough,FMS_MARITIME,2026-04-06
2022-12-23,148,LSMGO,52.2,14.7,352.8,24,460.7449,0.47,Moderate,FMS_MARITIME,2026-04-06
2022-12-24,148,VLSFO,19.16,8.0,192.0,24,310.7512,0.5,Moderate,FMS_MARITIME,2026-04-06
2022-12-25,148,MGO,74.3,10.9,261.6,24,884.4427,0.65,Calm,FMS_MARITIME,2026-04-06
2022-12-26,148,HFO,44.22,14.6,350.4,24,392.9825,0.77,Moderate,FMS_MARITIME,2026-04-06
2022-12-27,148,MGO,45.9,11.9,285.6,24,500.4643,0.67,Rough,FMS_MARITIME,2026-04-06
2022-12-28,148,LNG,75.85,16.4,393.6,24,600.0937,0.5,Calm,FMS_MARITIME,2026-04-06
2022-12-28,148,LNG,65.5,14.7,352.8,24,578.1378,0.91,Moderate,FMS_MARITIME,2026-04-06
2022-12-28,148,LNG,47.69,14.1,338.4,24,438.8495,0.62,Calm,FMS_MARITIME,2026-04-06
2022-12-01,149,MGO,16.68,17.2,412.8,24,125.8273,0.87,Calm,FMS_MARITIME,2026-04-06
2022-12-02,149,LSMGO,53.08,13.3,319.2,24,517.8293,0.47,Calm,FMS_MARITIME,2026-04-06
2022-12-03,149,LSMGO,81.74,12.6,302.4,24,841.7274,0.73,Calm,FMS_MARITIME,2026-04-06
2022-12-04,149,MGO,59.65,17.0,408.0,24,455.2699,0.7,Rough,FMS_MARITIME,2026-04-06
2022-12-05,149,VLSFO,29.73,15.0,360.0,24,257.1645,0.47,Moderate,FMS_MARITIME,2026-04-06
2022-12-06,149,VLSFO,35.78,11.7,280.8,24,396.791,0.96,Rough,FMS_MARITIME,2026-04-06
2022-12-07,149,LNG,83.61,10.1,242.4,24,1074.0988,0.79,Calm,FMS_MARITIME,2026-04-06
2022-12-08,149,LNG,79.07,15.4,369.6,24,666.1904,0.52,Calm,FMS_MARITIME,2026-04-06
2022-12-09,149,LSMGO,62.82,16.3,391.2,24,500.0549,0.83,Moderate,FMS_MARITIME,2026-04-06
2022-12-10,149,LNG,35.25,17.6,422.4,24,259.8686,0.65,Moderate,FMS_MARITIME,2026-04-06
2022-12-11,149,VLSFO,19.22,10.2,244.8,24,244.4897,0.79,Moderate,FMS_MARITIME,2026-04-06
2022-12-12,149,HFO,73.65,13.6,326.4,24,702.6535,0.99,Rough,FMS_MARITIME,2026-04-06
2022-12-13,149,LSMGO,52.35,10.2,244.8,24,665.9228,0.95,Moderate,FMS_MARITIME,2026-04-06
2022-12-14,149,LNG,58.89,8.2,196.8,24,931.8265,0.62,Calm,FMS_MARITIME,2026-04-06
2022-12-15,149,LNG,60.7,11.5,276.0,24,684.8543,0.68,Calm,FMS_MARITIME,2026-04-06
2022-12-16,149,LNG,30.74,9.9,237.6,24,402.8803,0.82,Calm,FMS_MARITIME,2026-04-06
2022-12-17,149,MGO,44.82,12.7,304.8,24,457.9051,0.86,Rough,FMS_MARITIME,2026-04-06
2022-12-18,149,LNG,32.5,8.2,196.8,24,514.253,0.45,Moderate,FMS_MARITIME,2026-04-06
2022-12-19,149,HFO,24.42,8.5,204.0,24,372.7641,0.74,Calm,FMS_MARITIME,2026-04-06
2022-12-20,149,LSMGO,19.39,11.0,264.0,24,228.7139,0.45,Moderate,FMS_MARITIME,2026-04-06
2022-12-21,149,HFO,28.28,9.4,225.6,24,390.3543,0.91,Calm,FMS_MARITIME,2026-04-06
2022-12-22,149,MGO,21.24,17.1,410.4,24,161.1632,0.48,Rough,FMS_MARITIME,2026-04-06
2022-12-23,149,MGO,78.87,16.6,398.4,24,616.4688,0.57,Calm,FMS_MARITIME,2026-04-06
2022-12-24,149,HFO,77.53,16.5,396.0,24,609.6677,0.66,Calm,FMS_MARITIME,2026-04-06
2022-12-25,149,LNG,44.49,13.7,328.8,24,421.356,0.54,Rough,FMS_MARITIME,2026-04-06
2022-12-26,149,MGO,69.15,10.6,254.4,24,846.4351,0.99,Rough,FMS_MARITIME,2026-04-06
2022-12-27,149,LSMGO,15.83,15.1,362.4,24,136.0227,0.69,Moderate,FMS_MARITIME,2026-04-06
2022-12-28,149,VLSFO,26.38,13.7,328.8,24,249.8398,0.78,Rough,FMS_MARITIME,2026-04-06
2022-12-28,149,HFO,83.47,13.0,312.0,24,833.0948,0.88,Rough,FMS_MARITIME,2026-04-06
2022-12-28,149,MGO,79.34,17.6,422.4,24,584.9071,0.69,Calm,FMS_MARITIME,2026-04-06
2022-12-01,150,LNG,17.14,13.8,331.2,24,161.1533,0.68,Moderate,FMS_MARITIME,2026-04-06
2022-12-02,150,HFO,35.16,8.1,194.4,24,563.2111,0.88,Rough,FMS_MARITIME,2026-04-06
2022-12-03,150,VLSFO,67.6,13.5,324.0,24,649.7111,0.71,Moderate,FMS_MARITIME,2026-04-06
2022-12-04,150,MGO,38.35,14.4,345.6,24,345.5495,0.68,Calm,FMS_MARITIME,2026-04-06
2022-12-05,150,VLSFO,15.57,11.8,283.2,24,171.204,0.63,Moderate,FMS_MARITIME,2026-04-06
2022-12-06,150,VLSFO,58.3,14.8,355.2,24,511.1098,0.81,Rough,FMS_MARITIME,2026-04-06
2022-12-07,150,HFO,75.85,16.9,405.6,24,582.3395,0.74,Rough,FMS_MARITIME,2026-04-06
2022-12-08,150,MGO,36.25,11.8,283.2,24,398.5964,0.93,Moderate,FMS_MARITIME,2026-04-06
2022-12-09,150,LNG,53.01,17.4,417.6,24,395.2901,0.74,Rough,FMS_MARITIME,2026-04-06
2022-12-10,150,MGO,34.75,14.3,343.2,24,315.3016,0.78,Moderate,FMS_MARITIME,2026-04-06
2022-12-11,150,HFO,64.82,17.5,420.0,24,480.594,0.44,Calm,FMS_MARITIME,2026-04-06
2022-12-12,150,LNG,47.79,14.3,343.2,24,433.6191,0.98,Rough,FMS_MARITIME,2026-04-06
2022-12-13,150,LSMGO,70.14,9.6,230.4,24,947.9859,0.95,Calm,FMS_MARITIME,2026-04-06
2022-12-14,150,LSMGO,58.41,16.6,398.4,24,456.548,0.97,Rough,FMS_MARITIME,2026-04-06
2022-12-15,150,LNG,57.74,8.8,211.2,24,851.3369,0.88,Calm,FMS_MARITIME,2026-04-06
2022-12-16,150,LNG,78.66,9.8,235.2,24,1041.4423,0.89,Moderate,FMS_MARITIME,2026-04-06
2022-12-17,150,LSMGO,65.72,17.7,424.8,24,481.761,0.81,Rough,FMS_MARITIME,2026-04-06
2022-12-18,150,LSMGO,60.94,9.7,232.8,24,815.151,0.51,Calm,FMS_MARITIME,2026-04-06
2022-12-19,150,LNG,75.33,8.3,199.2,24,1177.5985,0.44,Rough,FMS_MARITIME,2026-04-06
2022-12-20,150,LSMGO,61.46,10.1,242.4,24,789.548,0.82,Calm,FMS_MARITIME,2026-04-06
2022-12-21,150,LNG,77.66,13.9,333.6,24,724.9198,0.97,Rough,FMS_MARITIME,2026-04-06
2022-12-22,150,MGO,75.64,8.8,211.2,24,1115.2602,0.61,Calm,FMS_MARITIME,2026-04-06
2022-12-23,150,MGO,43.3,12.2,292.8,24,460.5061,0.96,Moderate,FMS_MARITIME,2026-04-06
2022-12-24,150,VLSFO,55.17,10.7,256.8,24,669.0007,0.52,Moderate,FMS_MARITIME,2026-04-06
2022-12-25,150,HFO,63.57,17.2,412.8,24,479.5469,0.55,Calm,FMS_MARITIME,2026-04-06
2022-12-26,150,LNG,74.49,11.0,264.0,24,878.6434,0.63,Rough,FMS_MARITIME,2026-04-06
2022-12-27,150,LNG,21.21,9.5,228.0,24,289.6839,0.58,Calm,FMS_MARITIME,2026-04-06
2022-12-28,150,VLSFO,46.52,8.2,196.8,24,736.0939,0.64,Moderate,FMS_MARITIME,2026-04-06
2022-12-28,150,HFO,72.04,9.0,216.0,24,1038.5767,0.96,Rough,FMS_MARITIME,2026-04-06
2022-12-28,150,MGO,84.26,10.8,259.2,24,1012.2903,0.57,Moderate,FMS_MARITIME,2026-04-06
