log_date,vessel_id,fuel_grade,consumption_mt,speed_knots,distance_nm,running_hours,eeoi,load_factor,sea_condition,source_system,ingestion_date
2023-01-01,1,VLSFO,54.53,15.9,381.6,24,444.9854,0.99,Moderate,FMS_MARITIME,2026-04-06
2023-01-02,1,HFO,67.77,17.1,410.4,24,514.2197,0.55,Calm,FMS_MARITIME,2026-04-06
2023-01-03,1,MGO,50.94,12.9,309.6,24,512.3616,0.52,Moderate,FMS_MARITIME,2026-04-06
2023-01-04,1,MGO,83.82,11.7,280.8,24,929.5423,0.76,Moderate,FMS_MARITIME,2026-04-06
2023-01-05,1,VLSFO,61.11,8.0,192.0,24,991.1278,0.75,Moderate,FMS_MARITIME,2026-04-06
2023-01-06,1,HFO,48.76,12.4,297.6,24,510.2105,0.78,Rough,FMS_MARITIME,2026-04-06
2023-01-07,1,LNG,80.39,17.7,424.8,24,589.2996,0.64,Moderate,FMS_MARITIME,2026-04-06
2023-01-08,1,LSMGO,62.34,12.1,290.4,24,668.4806,0.82,Calm,FMS_MARITIME,2026-04-06
2023-01-09,1,VLSFO,42.03,17.8,427.2,24,306.3704,0.79,Rough,FMS_MARITIME,2026-04-06
2023-01-10,1,MGO,37.88,12.1,290.4,24,406.1926,0.81,Moderate,FMS_MARITIME,2026-04-06
2023-01-11,1,HFO,38.26,8.3,199.2,24,598.1006,0.75,Calm,FMS_MARITIME,2026-04-06
2023-01-12,1,VLSFO,60.78,8.5,204.0,24,927.7888,0.98,Calm,FMS_MARITIME,2026-04-06
2023-01-13,1,VLSFO,42.39,17.4,417.6,24,316.0978,0.98,Calm,FMS_MARITIME,2026-04-06
2023-01-14,1,VLSFO,65.64,10.5,252.0,24,811.1229,0.66,Moderate,FMS_MARITIME,2026-04-06
2023-01-15,1,MGO,65.19,8.1,194.4,24,1044.2472,0.48,Moderate,FMS_MARITIME,2026-04-06
2023-01-16,1,LSMGO,21.52,17.6,422.4,24,158.6489,0.45,Rough,FMS_MARITIME,2026-04-06
2023-01-17,1,LNG,58.17,15.0,360.0,24,503.1705,0.48,Rough,FMS_MARITIME,2026-04-06
2023-01-18,1,MGO,30.96,16.1,386.4,24,249.5068,0.78,Calm,FMS_MARITIME,2026-04-06
2023-01-19,1,VLSFO,84.48,10.7,256.8,24,1024.4187,0.44,Moderate,FMS_MARITIME,2026-04-06
2023-01-20,1,LSMGO,41.77,11.8,283.2,24,459.293,0.43,Calm,FMS_MARITIME,2026-04-06
2023-01-21,1,MGO,37.83,17.1,410.4,24,287.0434,0.68,Calm,FMS_MARITIME,2026-04-06
2023-01-22,1,HFO,82.21,17.7,424.8,24,602.6411,0.79,Moderate,FMS_MARITIME,2026-04-06
2023-01-23,1,HFO,66.34,8.0,192.0,24,1075.9519,0.7,Calm,FMS_MARITIME,2026-04-06
2023-01-24,1,LSMGO,56.46,9.9,237.6,24,739.9682,0.5,Calm,FMS_MARITIME,2026-04-06
2023-01-25,1,LNG,65.37,13.7,328.8,24,619.1064,0.65,Moderate,FMS_MARITIME,2026-04-06
2023-01-26,1,MGO,54.28,8.8,211.2,24,800.3216,0.9,Rough,FMS_MARITIME,2026-04-06
2023-01-27,1,LNG,68.77,11.8,283.2,24,756.1786,0.98,Calm,FMS_MARITIME,2026-04-06
2023-01-28,1,MGO,27.08,14.5,348.0,24,242.3193,0.54,Moderate,FMS_MARITIME,2026-04-06
2023-01-28,1,MGO,67.29,9.6,230.4,24,909.4664,1.0,Calm,FMS_MARITIME,2026-04-06
2023-01-28,1,MGO,50.23,12.0,288.0,24,543.1119,0.61,Rough,FMS_MARITIME,2026-04-06
2023-01-01,2,LNG,56.63,14.4,345.6,24,510.2599,0.56,Rough,FMS_MARITIME,2026-04-06
2023-01-02,2,LNG,56.42,9.2,220.8,24,795.706,0.67,Moderate,FMS_MARITIME,2026-04-06
2023-01-03,2,LNG,76.68,11.5,276.0,24,865.1504,0.63,Rough,FMS_MARITIME,2026-04-06
2023-01-04,2,LNG,64.81,13.6,326.4,24,618.316,0.79,Rough,FMS_MARITIME,2026-04-06
2023-01-05,2,MGO,36.14,17.6,422.4,24,266.4298,0.91,Rough,FMS_MARITIME,2026-04-06
2023-01-06,2,LNG,61.92,8.7,208.8,24,923.4621,0.57,Calm,FMS_MARITIME,2026-04-06
2023-01-07,2,HFO,80.91,14.8,355.2,24,709.3292,0.81,Rough,FMS_MARITIME,2026-04-06
2023-01-08,2,LNG,46.45,13.1,314.4,24,460.0677,0.63,Calm,FMS_MARITIME,2026-04-06
2023-01-09,2,VLSFO,58.24,12.8,307.2,24,590.3625,0.54,Moderate,FMS_MARITIME,2026-04-06
2023-01-10,2,VLSFO,31.34,15.9,381.6,24,255.7462,0.42,Rough,FMS_MARITIME,2026-04-06
2023-01-11,2,HFO,41.38,16.2,388.8,24,331.4231,0.42,Rough,FMS_MARITIME,2026-04-06
2023-01-12,2,HFO,65.58,15.8,379.2,24,538.5446,0.52,Calm,FMS_MARITIME,2026-04-06
2023-01-13,2,MGO,40.68,15.8,379.2,24,334.0652,0.71,Moderate,FMS_MARITIME,2026-04-06
2023-01-14,2,LSMGO,38.53,10.3,247.2,24,485.3658,0.52,Rough,FMS_MARITIME,2026-04-06
2023-01-15,2,HFO,71.5,10.3,247.2,24,900.6917,0.41,Moderate,FMS_MARITIME,2026-04-06
2023-01-16,2,HFO,21.18,13.4,321.6,24,205.0825,0.72,Calm,FMS_MARITIME,2026-04-06
2023-01-17,2,VLSFO,69.7,13.4,321.6,24,674.8937,0.49,Calm,FMS_MARITIME,2026-04-06
2023-01-18,2,LNG,41.51,11.5,276.0,24,468.3411,0.65,Moderate,FMS_MARITIME,2026-04-06
2023-01-19,2,VLSFO,36.05,13.3,319.2,24,351.6908,0.97,Calm,FMS_MARITIME,2026-04-06
2023-01-20,2,LNG,52.47,15.8,379.2,24,430.885,0.88,Moderate,FMS_MARITIME,2026-04-06
2023-01-21,2,LNG,20.27,12.8,307.2,24,205.4713,0.55,Calm,FMS_MARITIME,2026-04-06
2023-01-22,2,LSMGO,78.67,15.1,362.4,24,675.9889,0.94,Calm,FMS_MARITIME,2026-04-06
2023-01-23,2,LSMGO,77.18,14.2,340.8,24,705.2187,0.83,Rough,FMS_MARITIME,2026-04-06
2023-01-24,2,HFO,54.73,17.4,417.6,24,408.1159,0.45,Calm,FMS_MARITIME,2026-04-06
2023-01-25,2,MGO,29.05,9.0,216.0,24,418.8042,0.76,Moderate,FMS_MARITIME,2026-04-06
2023-01-26,2,HFO,49.6,15.4,369.6,24,417.8961,0.8,Moderate,FMS_MARITIME,2026-04-06
2023-01-27,2,MGO,35.51,15.2,364.8,24,303.1199,0.56,Rough,FMS_MARITIME,2026-04-06
2023-01-28,2,HFO,70.9,15.6,374.4,24,589.6971,0.66,Calm,FMS_MARITIME,2026-04-06
2023-01-28,2,MGO,50.8,10.0,240.0,24,659.13,0.58,Moderate,FMS_MARITIME,2026-04-06
2023-01-28,2,MGO,55.53,12.4,297.6,24,581.0498,0.59,Rough,FMS_MARITIME,2026-04-06
2023-01-01,3,HFO,73.65,9.0,216.0,24,1061.7875,0.92,Moderate,FMS_MARITIME,2026-04-06
2023-01-02,3,VLSFO,42.59,10.4,249.6,24,531.3512,0.95,Moderate,FMS_MARITIME,2026-04-06
2023-01-03,3,VLSFO,65.6,14.9,357.6,24,571.2483,0.61,Calm,FMS_MARITIME,2026-04-06
2023-01-04,3,MGO,68.53,12.1,290.4,24,734.8568,0.66,Moderate,FMS_MARITIME,2026-04-06
2023-01-05,3,VLSFO,19.52,9.2,220.8,24,275.2957,0.46,Moderate,FMS_MARITIME,2026-04-06
2023-01-06,3,MGO,16.85,17.0,408.0,24,128.6051,0.96,Moderate,FMS_MARITIME,2026-04-06
2023-01-07,3,HFO,72.13,17.3,415.2,24,540.975,0.88,Calm,FMS_MARITIME,2026-04-06
2023-01-08,3,LNG,58.94,14.6,350.4,24,523.799,0.54,Moderate,FMS_MARITIME,2026-04-06
2023-01-09,3,MGO,84.33,10.3,247.2,24,1062.3124,0.77,Calm,FMS_MARITIME,2026-04-06
2023-01-10,3,HFO,53.86,18.0,432.0,24,388.2408,0.7,Calm,FMS_MARITIME,2026-04-06
2023-01-11,3,LNG,16.08,11.1,266.4,24,187.9622,0.48,Moderate,FMS_MARITIME,2026-04-06
2023-01-12,3,LNG,73.73,10.6,254.4,24,902.4969,0.7,Calm,FMS_MARITIME,2026-04-06
2023-01-13,3,VLSFO,82.25,15.3,367.2,24,697.5123,0.85,Moderate,FMS_MARITIME,2026-04-06
2023-01-14,3,LSMGO,74.31,14.5,348.0,24,664.9464,0.77,Rough,FMS_MARITIME,2026-04-06
2023-01-15,3,VLSFO,68.29,16.6,398.4,24,533.7727,0.6,Calm,FMS_MARITIME,2026-04-06
2023-01-16,3,MGO,70.06,12.9,309.6,24,704.6733,0.68,Rough,FMS_MARITIME,2026-04-06
2023-01-17,3,HFO,28.65,12.9,309.6,24,288.1657,0.98,Calm,FMS_MARITIME,2026-04-06
2023-01-18,3,VLSFO,33.34,13.2,316.8,24,327.717,0.51,Calm,FMS_MARITIME,2026-04-06
2023-01-19,3,HFO,52.72,13.8,331.2,24,495.6826,0.5,Rough,FMS_MARITIME,2026-04-06
2023-01-20,3,HFO,67.14,17.0,408.0,24,512.4362,0.84,Calm,FMS_MARITIME,2026-04-06
2023-01-21,3,MGO,30.9,9.0,216.0,24,445.475,0.81,Rough,FMS_MARITIME,2026-04-06
2023-01-22,3,LSMGO,70.27,10.5,252.0,24,868.3364,0.71,Calm,FMS_MARITIME,2026-04-06
2023-01-23,3,LSMGO,77.12,15.9,381.6,24,629.3283,0.75,Calm,FMS_MARITIME,2026-04-06
2023-01-24,3,VLSFO,16.11,17.6,422.4,24,118.7655,0.57,Calm,FMS_MARITIME,2026-04-06
2023-01-25,3,LSMGO,30.7,14.2,340.8,24,280.5158,0.54,Rough,FMS_MARITIME,2026-04-06
2023-01-26,3,VLSFO,15.83,9.4,225.6,24,218.5045,0.83,Moderate,FMS_MARITIME,2026-04-06
2023-01-27,3,HFO,23.67,9.8,235.2,24,313.386,0.73,Calm,FMS_MARITIME,2026-04-06
2023-01-28,3,LNG,38.9,16.4,393.6,24,307.7607,0.54,Rough,FMS_MARITIME,2026-04-06
2023-01-28,3,MGO,67.07,17.2,412.8,24,505.9496,0.74,Moderate,FMS_MARITIME,2026-04-06
2023-01-28,3,MGO,66.05,11.1,266.4,24,772.0709,0.62,Calm,FMS_MARITIME,2026-04-06
2023-01-01,4,LNG,40.23,12.8,307.2,24,407.8002,0.72,Calm,FMS_MARITIME,2026-04-06
2023-01-02,4,HFO,19.45,15.0,360.0,24,168.2425,0.5,Calm,FMS_MARITIME,2026-04-06
2023-01-03,4,HFO,43.76,15.7,376.8,24,361.6471,0.81,Rough,FMS_MARITIME,2026-04-06
2023-01-04,4,HFO,22.09,10.3,247.2,24,278.2697,0.82,Moderate,FMS_MARITIME,2026-04-06
2023-01-05,4,LNG,40.7,18.0,432.0,24,293.3792,0.85,Rough,FMS_MARITIME,2026-04-06
2023-01-06,4,VLSFO,61.93,17.5,420.0,24,459.1667,0.9,Moderate,FMS_MARITIME,2026-04-06
2023-01-07,4,HFO,41.87,13.9,333.6,24,390.8369,0.48,Rough,FMS_MARITIME,2026-04-06
2023-01-08,4,LNG,68.85,11.2,268.8,24,797.615,0.49,Moderate,FMS_MARITIME,2026-04-06
2023-01-09,4,VLSFO,71.64,15.5,372.0,24,599.6961,0.47,Moderate,FMS_MARITIME,2026-04-06
2023-01-10,4,LSMGO,19.8,10.0,240.0,24,256.905,0.73,Moderate,FMS_MARITIME,2026-04-06
2023-01-11,4,LNG,39.05,12.9,309.6,24,392.7703,0.67,Calm,FMS_MARITIME,2026-04-06
2023-01-12,4,HFO,25.64,17.7,424.8,24,187.9542,0.77,Moderate,FMS_MARITIME,2026-04-06
2023-01-13,4,MGO,70.78,16.9,405.6,24,543.4145,0.67,Calm,FMS_MARITIME,2026-04-06
2023-01-14,4,VLSFO,52.02,16.9,405.6,24,399.3843,1.0,Moderate,FMS_MARITIME,2026-04-06
2023-01-15,4,VLSFO,52.28,11.6,278.4,24,584.7698,0.97,Rough,FMS_MARITIME,2026-04-06
2023-01-16,4,VLSFO,22.26,14.1,338.4,24,204.8394,0.4,Rough,FMS_MARITIME,2026-04-06
2023-01-17,4,MGO,72.1,13.9,333.6,24,673.0198,0.58,Moderate,FMS_MARITIME,2026-04-06
2023-01-18,4,LSMGO,33.73,17.1,410.4,24,255.9338,0.9,Calm,FMS_MARITIME,2026-04-06
2023-01-19,4,LSMGO,32.13,14.4,345.6,24,289.5047,0.83,Rough,FMS_MARITIME,2026-04-06
2023-01-20,4,LSMGO,64.87,12.4,297.6,24,678.7808,0.42,Moderate,FMS_MARITIME,2026-04-06
2023-01-21,4,VLSFO,53.46,12.4,297.6,24,559.3899,0.76,Moderate,FMS_MARITIME,2026-04-06
2023-01-22,4,HFO,33.3,11.2,268.8,24,385.7746,0.52,Rough,FMS_MARITIME,2026-04-06
2023-01-23,4,MGO,42.59,12.3,295.2,24,449.2726,0.43,Calm,FMS_MARITIME,2026-04-06
2023-01-24,4,VLSFO,35.58,13.8,331.2,24,334.5293,0.96,Calm,FMS_MARITIME,2026-04-06
2023-01-25,4,HFO,51.7,12.7,304.8,24,528.1949,0.52,Calm,FMS_MARITIME,2026-04-06
2023-01-26,4,LNG,78.8,13.5,324.0,24,757.3556,0.69,Calm,FMS_MARITIME,2026-04-06
2023-01-27,4,VLSFO,21.68,8.2,196.8,24,343.0463,0.44,Calm,FMS_MARITIME,2026-04-06
2023-01-28,4,MGO,71.67,16.3,391.2,24,570.502,0.98,Calm,FMS_MARITIME,2026-04-06
2023-01-28,4,VLSFO,45.74,12.5,300.0,24,474.7812,0.92,Rough,FMS_MARITIME,2026-04-06
2023-01-28,4,LNG,63.24,14.3,343.2,24,573.8035,0.45,Moderate,FMS_MARITIME,2026-04-06
2023-01-01,5,MGO,28.8,13.3,319.2,24,280.9624,0.42,Moderate,FMS_MARITIME,2026-04-06
2023-01-02,5,MGO,75.52,17.3,415.2,24,566.4,0.61,Calm,FMS_MARITIME,2026-04-06
2023-01-03,5,VLSFO,49.37,9.8,235.2,24,653.6487,0.82,Calm,FMS_MARITIME,2026-04-06
2023-01-04,5,HFO,18.58,10.1,242.4,24,238.6886,0.69,Moderate,FMS_MARITIME,2026-04-06
2023-01-05,5,HFO,68.13,12.3,295.2,24,718.6884,0.95,Calm,FMS_MARITIME,2026-04-06
2023-01-06,5,VLSFO,71.85,17.3,415.2,24,538.875,0.77,Rough,FMS_MARITIME,2026-04-06
2023-01-07,5,VLSFO,67.04,14.8,355.2,24,587.7324,0.85,Calm,FMS_MARITIME,2026-04-06
2023-01-08,5,LNG,32.5,13.5,324.0,24,312.3611,0.44,Calm,FMS_MARITIME,2026-04-06
2023-01-09,5,VLSFO,41.78,8.8,211.2,24,616.0176,0.71,Rough,FMS_MARITIME,2026-04-06
2023-01-10,5,LSMGO,49.59,11.9,285.6,24,540.6977,0.59,Moderate,FMS_MARITIME,2026-04-06
2023-01-11,5,LNG,81.4,16.3,391.2,24,647.954,0.57,Moderate,FMS_MARITIME,2026-04-06
2023-01-12,5,LSMGO,82.21,11.5,276.0,24,927.5433,0.56,Moderate,FMS_MARITIME,2026-04-06
2023-01-13,5,VLSFO,37.47,15.0,360.0,24,324.1155,0.73,Rough,FMS_MARITIME,2026-04-06
2023-01-14,5,LSMGO,62.91,17.5,420.0,24,466.4327,0.53,Calm,FMS_MARITIME,2026-04-06
2023-01-15,5,VLSFO,62.94,16.8,403.2,24,486.0991,0.87,Rough,FMS_MARITIME,2026-04-06
2023-01-16,5,LSMGO,83.7,17.9,429.6,24,606.7081,0.93,Calm,FMS_MARITIME,2026-04-06
2023-01-17,5,LNG,53.33,16.2,388.8,24,427.1338,0.78,Moderate,FMS_MARITIME,2026-04-06
2023-01-18,5,MGO,30.72,15.1,362.4,24,263.9682,0.94,Rough,FMS_MARITIME,2026-04-06
2023-01-19,5,VLSFO,25.04,14.6,350.4,24,222.5301,0.56,Moderate,FMS_MARITIME,2026-04-06
2023-01-20,5,HFO,80.58,12.2,292.8,24,856.9881,0.85,Calm,FMS_MARITIME,2026-04-06
2023-01-21,5,MGO,15.44,10.6,254.4,24,188.9943,0.73,Moderate,FMS_MARITIME,2026-04-06
2023-01-22,5,LSMGO,53.08,14.9,357.6,24,462.2235,0.63,Rough,FMS_MARITIME,2026-04-06
2023-01-23,5,HFO,68.77,17.6,422.4,24,506.9834,0.76,Calm,FMS_MARITIME,2026-04-06
2023-01-24,5,LNG,50.12,8.6,206.4,24,756.1709,0.48,Moderate,FMS_MARITIME,2026-04-06
2023-01-25,5,MGO,52.82,12.4,297.6,24,552.6931,0.9,Rough,FMS_MARITIME,2026-04-06
2023-01-26,5,VLSFO,55.39,11.7,280.8,24,614.2609,0.53,Calm,FMS_MARITIME,2026-04-06
2023-01-27,5,LSMGO,16.21,14.4,345.6,24,146.0589,0.54,Rough,FMS_MARITIME,2026-04-06
2023-01-28,5,MGO,27.14,15.9,381.6,24,221.4726,0.59,Rough,FMS_MARITIME,2026-04-06
2023-01-28,5,HFO,67.09,13.5,324.0,24,644.8094,0.97,Moderate,FMS_MARITIME,2026-04-06
2023-01-28,5,LSMGO,26.77,9.2,220.8,24,377.5443,0.79,Moderate,FMS_MARITIME,2026-04-06
2023-01-01,6,LNG,65.75,11.5,276.0,24,741.8315,0.47,Moderate,FMS_MARITIME,2026-04-06
2023-01-02,6,HFO,71.22,11.2,268.8,24,825.071,0.81,Rough,FMS_MARITIME,2026-04-06
2023-01-03,6,LNG,37.38,13.0,312.0,24,373.0812,0.77,Moderate,FMS_MARITIME,2026-04-06
2023-01-04,6,LSMGO,68.72,11.7,280.8,24,762.0872,0.78,Calm,FMS_MARITIME,2026-04-06
2023-01-05,6,MGO,36.14,15.9,381.6,24,294.916,0.5,Rough,FMS_MARITIME,2026-04-06
2023-01-06,6,VLSFO,82.09,9.1,218.4,24,1170.4591,0.65,Moderate,FMS_MARITIME,2026-04-06
2023-01-07,6,VLSFO,66.85,8.9,213.6,24,974.5829,0.84,Moderate,FMS_MARITIME,2026-04-06
2023-01-08,6,VLSFO,71.35,11.2,268.8,24,826.577,0.58,Moderate,FMS_MARITIME,2026-04-06
2023-01-09,6,LNG,54.5,12.5,300.0,24,565.71,0.56,Moderate,FMS_MARITIME,2026-04-06
2023-01-10,6,HFO,16.04,15.1,362.4,24,137.8272,0.87,Moderate,FMS_MARITIME,2026-04-06
2023-01-11,6,VLSFO,67.97,14.4,345.6,24,612.438,0.84,Rough,FMS_MARITIME,2026-04-06
2023-01-12,6,LNG,45.45,11.0,264.0,24,536.1034,0.95,Rough,FMS_MARITIME,2026-04-06
2023-01-13,6,MGO,35.54,14.8,355.2,24,311.5753,0.74,Rough,FMS_MARITIME,2026-04-06
2023-01-14,6,HFO,19.18,14.8,355.2,24,168.149,0.82,Moderate,FMS_MARITIME,2026-04-06
2023-01-15,6,LSMGO,25.94,10.7,256.8,24,314.5528,0.64,Moderate,FMS_MARITIME,2026-04-06
2023-01-16,6,LSMGO,54.95,8.4,201.6,24,848.7813,0.8,Rough,FMS_MARITIME,2026-04-06
2023-01-17,6,VLSFO,83.97,17.5,420.0,24,622.5776,1.0,Rough,FMS_MARITIME,2026-04-06
2023-01-18,6,MGO,84.87,15.8,379.2,24,696.9546,0.85,Rough,FMS_MARITIME,2026-04-06
2023-01-19,6,MGO,63.23,13.0,312.0,24,631.084,0.55,Moderate,FMS_MARITIME,2026-04-06
2023-01-20,6,MGO,71.95,8.9,213.6,24,1048.934,0.97,Calm,FMS_MARITIME,2026-04-06
2023-01-21,6,HFO,36.23,10.9,261.6,24,431.27,0.5,Moderate,FMS_MARITIME,2026-04-06
2023-01-22,6,VLSFO,63.11,16.8,403.2,24,487.4121,0.74,Moderate,FMS_MARITIME,2026-04-06
2023-01-23,6,LNG,23.08,9.8,235.2,24,305.5745,0.61,Moderate,FMS_MARITIME,2026-04-06
2023-01-24,6,LSMGO,79.1,11.1,266.4,24,924.6149,0.57,Rough,FMS_MARITIME,2026-04-06
2023-01-25,6,LNG,80.47,10.6,254.4,24,984.9983,0.84,Calm,FMS_MARITIME,2026-04-06
2023-01-26,6,LSMGO,35.61,13.7,328.8,24,337.2553,0.52,Moderate,FMS_MARITIME,2026-04-06
2023-01-27,6,MGO,72.1,13.7,328.8,24,682.8449,0.44,Rough,FMS_MARITIME,2026-04-06
2023-01-28,6,LNG,48.09,17.5,420.0,24,356.553,0.73,Calm,FMS_MARITIME,2026-04-06
2023-01-28,6,VLSFO,19.33,11.2,268.8,24,223.9346,0.59,Calm,FMS_MARITIME,2026-04-06
2023-01-28,6,HFO,37.03,13.0,312.0,24,369.5879,0.73,Moderate,FMS_MARITIME,2026-04-06
2023-01-01,7,LNG,65.57,17.1,410.4,24,497.5268,0.63,Calm,FMS_MARITIME,2026-04-06
2023-01-02,7,LNG,33.56,17.2,412.8,24,253.1634,0.65,Rough,FMS_MARITIME,2026-04-06
2023-01-03,7,HFO,60.04,16.1,386.4,24,483.8627,0.49,Moderate,FMS_MARITIME,2026-04-06
2023-01-04,7,LNG,60.04,8.7,208.8,24,895.4241,0.56,Rough,FMS_MARITIME,2026-04-06
2023-01-05,7,LSMGO,82.13,12.8,307.2,24,832.5287,0.8,Calm,FMS_MARITIME,2026-04-06
2023-01-06,7,MGO,75.73,12.8,307.2,24,767.6537,0.96,Calm,FMS_MARITIME,2026-04-06
2023-01-07,7,MGO,35.25,12.3,295.2,24,371.8445,0.97,Rough,FMS_MARITIME,2026-04-06
2023-01-08,7,LSMGO,70.67,14.7,352.8,24,623.7709,0.9,Calm,FMS_MARITIME,2026-04-06
2023-01-09,7,LNG,33.87,14.3,343.2,24,307.317,0.6,Moderate,FMS_MARITIME,2026-04-06
2023-01-10,7,MGO,76.95,13.1,314.4,24,762.1574,0.5,Calm,FMS_MARITIME,2026-04-06
2023-01-11,7,MGO,34.05,16.9,405.6,24,261.4194,0.85,Calm,FMS_MARITIME,2026-04-06
2023-01-12,7,MGO,34.34,17.8,427.2,24,250.3154,0.74,Calm,FMS_MARITIME,2026-04-06
2023-01-13,7,VLSFO,66.4,9.2,220.8,24,936.4565,0.7,Moderate,FMS_MARITIME,2026-04-06
2023-01-14,7,VLSFO,19.81,15.5,372.0,24,165.8289,0.59,Calm,FMS_MARITIME,2026-04-06
2023-01-15,7,LSMGO,79.16,14.7,352.8,24,698.7082,0.88,Moderate,FMS_MARITIME,2026-04-06
2023-01-16,7,VLSFO,56.55,16.8,403.2,24,436.7478,0.96,Calm,FMS_MARITIME,2026-04-06
2023-01-17,7,MGO,76.79,14.6,350.4,24,682.4317,0.91,Rough,FMS_MARITIME,2026-04-06
2023-01-18,7,LSMGO,31.7,12.4,297.6,24,331.6996,0.66,Moderate,FMS_MARITIME,2026-04-06
2023-01-19,7,LNG,16.44,15.7,376.8,24,135.8656,0.59,Moderate,FMS_MARITIME,2026-04-06
2023-01-20,7,LNG,53.42,8.5,204.0,24,815.4406,0.73,Calm,FMS_MARITIME,2026-04-06
2023-01-21,7,LNG,83.37,15.3,367.2,24,707.0103,0.78,Rough,FMS_MARITIME,2026-04-06
2023-01-22,7,HFO,48.24,15.9,381.6,24,393.6566,0.88,Calm,FMS_MARITIME,2026-04-06
2023-01-23,7,VLSFO,64.85,11.3,271.2,24,744.6272,0.84,Calm,FMS_MARITIME,2026-04-06
2023-01-24,7,MGO,29.06,12.9,309.6,24,292.2895,0.43,Rough,FMS_MARITIME,2026-04-06
2023-01-25,7,LSMGO,61.22,14.1,338.4,24,563.3543,0.92,Rough,FMS_MARITIME,2026-04-06
2023-01-26,7,VLSFO,31.3,13.4,321.6,24,303.0728,0.87,Calm,FMS_MARITIME,2026-04-06
2023-01-27,7,MGO,61.26,8.5,204.0,24,935.1159,0.98,Calm,FMS_MARITIME,2026-04-06
2023-01-28,7,HFO,43.68,8.8,211.2,24,644.0318,0.91,Calm,FMS_MARITIME,2026-04-06
2023-01-28,7,VLSFO,53.73,10.9,261.6,24,639.5842,0.86,Moderate,FMS_MARITIME,2026-04-06
2023-01-28,7,LSMGO,29.13,14.5,348.0,24,260.6633,0.66,Calm,FMS_MARITIME,2026-04-06
2023-01-01,8,LNG,47.91,10.5,252.0,24,592.0307,0.42,Moderate,FMS_MARITIME,2026-04-06
2023-01-02,8,MGO,54.79,9.5,228.0,24,748.3161,0.7,Moderate,FMS_MARITIME,2026-04-06
2023-01-03,8,LNG,41.53,17.5,420.0,24,307.9153,0.59,Rough,FMS_MARITIME,2026-04-06
2023-01-04,8,LSMGO,21.56,9.6,230.4,24,291.3969,0.94,Rough,FMS_MARITIME,2026-04-06
2023-01-05,8,LSMGO,55.67,15.1,362.4,24,478.3565,0.98,Calm,FMS_MARITIME,2026-04-06
2023-01-06,8,MGO,67.03,10.7,256.8,24,812.8171,0.91,Calm,FMS_MARITIME,2026-04-06
2023-01-07,8,MGO,40.29,17.5,420.0,24,298.7216,0.67,Rough,FMS_MARITIME,2026-04-06
2023-01-08,8,LSMGO,44.96,16.5,396.0,24,353.5491,0.46,Moderate,FMS_MARITIME,2026-04-06
2023-01-09,8,VLSFO,29.81,12.7,304.8,24,304.5549,0.44,Rough,FMS_MARITIME,2026-04-06
2023-01-10,8,LNG,30.43,14.5,348.0,24,272.296,0.84,Rough,FMS_MARITIME,2026-04-06
2023-01-11,8,MGO,51.7,9.9,237.6,24,677.5833,0.95,Calm,FMS_MARITIME,2026-04-06
2023-01-12,8,LNG,68.41,11.9,285.6,24,745.8989,0.85,Rough,FMS_MARITIME,2026-04-06
2023-01-13,8,VLSFO,59.5,16.3,391.2,24,473.6273,0.44,Moderate,FMS_MARITIME,2026-04-06
2023-01-14,8,VLSFO,37.07,10.7,256.8,24,449.5171,0.81,Rough,FMS_MARITIME,2026-04-06
2023-01-15,8,VLSFO,80.34,16.9,405.6,24,616.8115,0.99,Calm,FMS_MARITIME,2026-04-06
2023-01-16,8,LSMGO,22.9,13.3,319.2,24,223.4041,0.49,Moderate,FMS_MARITIME,2026-04-06
2023-01-17,8,MGO,78.53,15.4,369.6,24,661.6407,0.52,Rough,FMS_MARITIME,2026-04-06
2023-01-18,8,LSMGO,53.2,16.3,391.2,24,423.4785,0.65,Moderate,FMS_MARITIME,2026-04-06
2023-01-19,8,MGO,29.14,14.9,357.6,24,253.7527,0.52,Rough,FMS_MARITIME,2026-04-06
2023-01-20,8,MGO,81.8,15.5,372.0,24,684.7452,0.79,Rough,FMS_MARITIME,2026-04-06
2023-01-21,8,LSMGO,51.79,9.2,220.8,24,730.4079,0.82,Rough,FMS_MARITIME,2026-04-06
2023-01-22,8,VLSFO,52.23,11.9,285.6,24,569.4826,0.96,Calm,FMS_MARITIME,2026-04-06
2023-01-23,8,VLSFO,70.17,12.9,309.6,24,705.7797,0.68,Rough,FMS_MARITIME,2026-04-06
2023-01-24,8,LNG,21.32,12.8,307.2,24,216.1148,0.6,Calm,FMS_MARITIME,2026-04-06
2023-01-25,8,MGO,59.75,13.5,324.0,24,574.2639,0.44,Rough,FMS_MARITIME,2026-04-06
2023-01-26,8,VLSFO,53.85,15.3,367.2,24,456.6691,0.7,Moderate,FMS_MARITIME,2026-04-06
2023-01-27,8,LSMGO,77.95,12.3,295.2,24,822.2774,0.65,Rough,FMS_MARITIME,2026-04-06
2023-01-28,8,LNG,72.51,16.7,400.8,24,563.3636,0.57,Moderate,FMS_MARITIME,2026-04-06
2023-01-28,8,MGO,44.12,11.0,264.0,24,520.4155,0.84,Calm,FMS_MARITIME,2026-04-06
2023-01-28,8,HFO,73.4,10.9,261.6,24,873.7294,0.9,Rough,FMS_MARITIME,2026-04-06
2023-01-01,9,LSMGO,76.39,16.5,396.0,24,600.7032,0.84,Calm,FMS_MARITIME,2026-04-06
2023-01-02,9,HFO,82.27,14.3,343.2,24,746.4708,0.79,Rough,FMS_MARITIME,2026-04-06
2023-01-03,9,VLSFO,25.23,15.9,381.6,24,205.8863,0.41,Moderate,FMS_MARITIME,2026-04-06
2023-01-04,9,MGO,17.12,14.4,345.6,24,154.2583,0.57,Calm,FMS_MARITIME,2026-04-06
2023-01-05,9,MGO,20.03,11.3,271.2,24,229.9905,0.47,Rough,FMS_MARITIME,2026-04-06
2023-01-06,9,LSMGO,43.72,9.0,216.0,24,630.2967,0.73,Moderate,FMS_MARITIME,2026-04-06
2023-01-07,9,VLSFO,84.31,14.9,357.6,24,734.176,0.9,Moderate,FMS_MARITIME,2026-04-06
2023-01-08,9,HFO,69.15,11.2,268.8,24,801.0904,0.85,Moderate,FMS_MARITIME,2026-04-06
2023-01-09,9,HFO,27.3,16.4,393.6,24,215.9863,0.9,Rough,FMS_MARITIME,2026-04-06
2023-01-10,9,LSMGO,50.1,14.8,355.2,24,439.2213,0.75,Moderate,FMS_MARITIME,2026-04-06
2023-01-11,9,VLSFO,74.21,8.0,192.0,24,1203.5934,0.46,Calm,FMS_MARITIME,2026-04-06
2023-01-12,9,HFO,53.09,16.4,393.6,24,420.0261,0.69,Moderate,FMS_MARITIME,2026-04-06
2023-01-13,9,HFO,55.28,17.3,415.2,24,414.6,0.92,Calm,FMS_MARITIME,2026-04-06
2023-01-14,9,LNG,33.75,11.1,266.4,24,394.5101,0.92,Rough,FMS_MARITIME,2026-04-06
2023-01-15,9,LSMGO,51.86,12.9,309.6,24,521.6151,0.75,Moderate,FMS_MARITIME,2026-04-06
2023-01-16,9,HFO,77.24,16.9,405.6,24,593.0112,0.86,Calm,FMS_MARITIME,2026-04-06
2023-01-17,9,HFO,24.32,11.2,268.8,24,281.7429,0.53,Rough,FMS_MARITIME,2026-04-06
2023-01-18,9,HFO,57.23,9.8,235.2,24,757.7135,1.0,Rough,FMS_MARITIME,2026-04-06
2023-01-19,9,LNG,54.67,13.6,326.4,24,521.5759,0.59,Calm,FMS_MARITIME,2026-04-06
2023-01-20,9,LSMGO,25.79,14.5,348.0,24,230.776,0.75,Moderate,FMS_MARITIME,2026-04-06
2023-01-21,9,MGO,28.31,16.0,384.0,24,229.5764,0.92,Rough,FMS_MARITIME,2026-04-06
2023-01-22,9,MGO,45.87,16.6,398.4,24,358.5321,0.47,Moderate,FMS_MARITIME,2026-04-06
2023-01-23,9,VLSFO,76.78,9.7,232.8,24,1027.0314,0.45,Rough,FMS_MARITIME,2026-04-06
2023-01-24,9,MGO,45.29,17.6,422.4,24,333.8851,0.6,Rough,FMS_MARITIME,2026-04-06
2023-01-25,9,LSMGO,53.18,15.6,374.4,24,442.3144,0.74,Moderate,FMS_MARITIME,2026-04-06
2023-01-26,9,LSMGO,28.96,13.0,312.0,24,289.0431,0.67,Moderate,FMS_MARITIME,2026-04-06
2023-01-27,9,LNG,47.17,14.5,348.0,24,422.0902,0.49,Rough,FMS_MARITIME,2026-04-06
2023-01-28,9,LNG,22.14,14.7,352.8,24,195.4194,0.75,Calm,FMS_MARITIME,2026-04-06
2023-01-28,9,MGO,54.1,12.0,288.0,24,584.9562,0.46,Calm,FMS_MARITIME,2026-04-06
2023-01-28,9,HFO,66.49,12.4,297.6,24,695.7321,0.54,Calm,FMS_MARITIME,2026-04-06
2023-01-01,10,VLSFO,43.1,16.1,386.4,24,347.3432,0.73,Moderate,FMS_MARITIME,2026-04-06
2023-01-02,10,LSMGO,58.66,11.1,266.4,24,685.6878,0.42,Rough,FMS_MARITIME,2026-04-06
2023-01-03,10,MGO,59.3,15.3,367.2,24,502.8873,0.71,Calm,FMS_MARITIME,2026-04-06
2023-01-04,10,MGO,61.6,9.9,237.6,24,807.3333,0.57,Moderate,FMS_MARITIME,2026-04-06
2023-01-05,10,LSMGO,71.45,17.8,427.2,24,520.8223,0.48,Calm,FMS_MARITIME,2026-04-06
2023-01-06,10,MGO,40.88,9.2,220.8,24,576.5413,0.43,Moderate,FMS_MARITIME,2026-04-06
2023-01-07,10,LSMGO,67.36,16.7,400.8,24,523.3509,0.83,Moderate,FMS_MARITIME,2026-04-06
2023-01-08,10,LSMGO,38.33,10.5,252.0,24,473.6493,0.73,Moderate,FMS_MARITIME,2026-04-06
2023-01-09,10,HFO,47.18,11.3,271.2,24,541.735,0.79,Rough,FMS_MARITIME,2026-04-06
2023-01-10,10,VLSFO,51.79,13.2,316.8,24,509.0722,0.44,Calm,FMS_MARITIME,2026-04-06
2023-01-11,10,VLSFO,22.83,15.9,381.6,24,186.3014,0.92,Rough,FMS_MARITIME,2026-04-06
2023-01-12,10,LNG,76.97,10.0,240.0,24,998.6857,0.83,Moderate,FMS_MARITIME,2026-04-06
2023-01-13,10,HFO,16.51,9.4,225.6,24,227.8907,0.95,Calm,FMS_MARITIME,2026-04-06
2023-01-14,10,LSMGO,42.65,14.8,355.2,24,373.9079,0.87,Moderate,FMS_MARITIME,2026-04-06
2023-01-15,10,MGO,67.62,11.9,285.6,24,737.2853,0.93,Moderate,FMS_MARITIME,2026-04-06
2023-01-16,10,VLSFO,79.32,8.6,206.4,24,1196.7174,0.92,Moderate,FMS_MARITIME,2026-04-06
2023-01-17,10,LSMGO,57.42,15.3,367.2,24,486.9441,0.48,Rough,FMS_MARITIME,2026-04-06
2023-01-18,10,HFO,32.73,11.4,273.6,24,372.5191,0.93,Rough,FMS_MARITIME,2026-04-06
2023-01-19,10,MGO,81.51,9.4,225.6,24,1125.0981,0.95,Rough,FMS_MARITIME,2026-04-06
2023-01-20,10,HFO,26.81,11.8,283.2,24,294.7964,0.64,Rough,FMS_MARITIME,2026-04-06
2023-01-21,10,LSMGO,28.5,17.4,417.6,24,212.5216,0.85,Rough,FMS_MARITIME,2026-04-06
2023-01-22,10,LNG,75.39,14.9,357.6,24,656.5002,0.97,Calm,FMS_MARITIME,2026-04-06
2023-01-23,10,LNG,22.31,8.6,206.4,24,336.5956,0.57,Moderate,FMS_MARITIME,2026-04-06
2023-01-24,10,VLSFO,51.45,14.2,340.8,24,470.1153,0.52,Rough,FMS_MARITIME,2026-04-06
2023-01-25,10,LNG,26.16,11.8,283.2,24,287.6492,0.42,Rough,FMS_MARITIME,2026-04-06
2023-01-26,10,LNG,17.38,10.4,249.6,24,216.8322,0.49,Moderate,FMS_MARITIME,2026-04-06
2023-01-27,10,MGO,26.51,12.6,302.4,24,272.9899,0.97,Rough,FMS_MARITIME,2026-04-06
2023-01-28,10,LNG,48.28,17.9,429.6,24,349.9626,0.85,Moderate,FMS_MARITIME,2026-04-06
2023-01-28,10,LNG,20.07,9.8,235.2,24,265.7227,0.97,Rough,FMS_MARITIME,2026-04-06
2023-01-28,10,MGO,80.05,17.3,415.2,24,600.375,0.84,Rough,FMS_MARITIME,2026-04-06
2023-01-01,11,VLSFO,19.71,12.7,304.8,24,201.3679,0.77,Calm,FMS_MARITIME,2026-04-06
2023-01-02,11,VLSFO,45.8,17.4,417.6,24,341.5259,0.96,Moderate,FMS_MARITIME,2026-04-06
2023-01-03,11,LSMGO,26.6,17.3,415.2,24,199.5,0.64,Rough,FMS_MARITIME,2026-04-06
2023-01-04,11,LSMGO,21.23,12.0,288.0,24,229.5494,0.92,Rough,FMS_MARITIME,2026-04-06
2023-01-05,11,VLSFO,55.75,11.5,276.0,24,629.0054,0.56,Calm,FMS_MARITIME,2026-04-06
2023-01-06,11,LSMGO,70.85,17.4,417.6,24,528.3211,0.74,Rough,FMS_MARITIME,2026-04-06
2023-01-07,11,VLSFO,19.48,13.8,331.2,24,183.1543,0.71,Moderate,FMS_MARITIME,2026-04-06
2023-01-08,11,MGO,80.89,9.7,232.8,24,1082.008,0.49,Moderate,FMS_MARITIME,2026-04-06
2023-01-09,11,MGO,53.28,8.1,194.4,24,853.4667,0.41,Calm,FMS_MARITIME,2026-04-06
2023-01-10,11,HFO,25.75,15.6,374.4,24,214.1707,0.98,Calm,FMS_MARITIME,2026-04-06
2023-01-11,11,LNG,60.23,12.4,297.6,24,630.2292,0.81,Moderate,FMS_MARITIME,2026-04-06
2023-01-12,11,LNG,29.51,14.5,348.0,24,264.0636,0.84,Calm,FMS_MARITIME,2026-04-06
2023-01-13,11,VLSFO,50.49,9.5,228.0,24,689.5871,0.91,Rough,FMS_MARITIME,2026-04-06
2023-01-14,11,LSMGO,70.31,14.0,336.0,24,651.623,0.89,Rough,FMS_MARITIME,2026-04-06
2023-01-15,11,VLSFO,61.5,10.1,242.4,24,790.0619,0.89,Calm,FMS_MARITIME,2026-04-06
2023-01-16,11,LNG,29.88,14.0,336.0,24,276.9236,0.55,Moderate,FMS_MARITIME,2026-04-06
2023-01-17,11,VLSFO,68.64,17.5,420.0,24,508.9166,0.98,Calm,FMS_MARITIME,2026-04-06
2023-01-18,11,LSMGO,78.72,11.5,276.0,24,888.167,0.53,Moderate,FMS_MARITIME,2026-04-06
2023-01-19,11,LNG,21.95,16.2,388.8,24,175.8032,0.41,Calm,FMS_MARITIME,2026-04-06
2023-01-20,11,LSMGO,43.06,16.9,405.6,24,330.5938,0.74,Rough,FMS_MARITIME,2026-04-06
2023-01-21,11,MGO,30.37,12.9,309.6,24,305.4657,0.78,Calm,FMS_MARITIME,2026-04-06
2023-01-22,11,VLSFO,26.64,11.4,273.6,24,303.2053,0.9,Rough,FMS_MARITIME,2026-04-06
2023-01-23,11,VLSFO,23.34,15.0,360.0,24,201.891,0.62,Rough,FMS_MARITIME,2026-04-06
2023-01-24,11,LSMGO,51.14,12.4,297.6,24,535.1141,0.6,Rough,FMS_MARITIME,2026-04-06
2023-01-25,11,LSMGO,67.45,15.1,362.4,24,579.5786,0.9,Calm,FMS_MARITIME,2026-04-06
2023-01-26,11,HFO,80.81,14.2,340.8,24,738.3871,0.88,Moderate,FMS_MARITIME,2026-04-06
2023-01-27,11,LNG,45.73,15.8,379.2,24,375.5359,0.82,Moderate,FMS_MARITIME,2026-04-06
2023-01-28,11,MGO,73.38,14.4,345.6,24,661.1844,0.81,Moderate,FMS_MARITIME,2026-04-06
2023-01-28,11,MGO,15.42,9.0,216.0,24,222.305,0.69,Rough,FMS_MARITIME,2026-04-06
2023-01-28,11,VLSFO,71.84,13.0,312.0,24,717.0185,0.64,Moderate,FMS_MARITIME,2026-04-06
2023-01-01,12,VLSFO,37.42,12.9,309.6,24,376.3756,0.55,Rough,FMS_MARITIME,2026-04-06
2023-01-02,12,VLSFO,24.37,11.0,264.0,24,287.4552,0.49,Calm,FMS_MARITIME,2026-04-06
2023-01-03,12,LNG,18.77,12.4,297.6,24,196.4038,0.74,Rough,FMS_MARITIME,2026-04-06
2023-01-04,12,VLSFO,77.69,10.9,261.6,24,924.7961,0.4,Moderate,FMS_MARITIME,2026-04-06
2023-01-05,12,MGO,63.56,16.4,393.6,24,502.8604,0.5,Moderate,FMS_MARITIME,2026-04-06
2023-01-06,12,MGO,50.65,17.5,420.0,24,375.5336,0.52,Calm,FMS_MARITIME,2026-04-06
2023-01-07,12,LNG,53.02,13.9,333.6,24,494.9169,0.62,Moderate,FMS_MARITIME,2026-04-06
2023-01-08,12,HFO,61.66,11.9,285.6,24,672.3013,0.69,Rough,FMS_MARITIME,2026-04-06
2023-01-09,12,VLSFO,34.49,9.3,223.2,24,481.1911,0.55,Moderate,FMS_MARITIME,2026-04-06
2023-01-10,12,VLSFO,77.29,16.8,403.2,24,596.9272,0.62,Calm,FMS_MARITIME,2026-04-06
2023-01-11,12,LSMGO,35.56,10.9,261.6,24,423.2945,0.94,Rough,FMS_MARITIME,2026-04-06
2023-01-12,12,LSMGO,17.44,17.3,415.2,24,130.8,0.56,Moderate,FMS_MARITIME,2026-04-06
2023-01-13,12,LSMGO,66.84,17.5,420.0,24,495.5709,1.0,Rough,FMS_MARITIME,2026-04-06
2023-01-14,12,LNG,59.78,15.8,379.2,24,490.9149,0.66,Calm,FMS_MARITIME,2026-04-06
2023-01-15,12,VLSFO,26.4,12.8,307.2,24,267.6094,0.76,Moderate,FMS_MARITIME,2026-04-06
2023-01-16,12,VLSFO,70.49,11.8,283.2,24,775.0913,0.58,Calm,FMS_MARITIME,2026-04-06
2023-01-17,12,LSMGO,25.03,14.4,345.6,24,225.5307,0.52,Moderate,FMS_MARITIME,2026-04-06
2023-01-18,12,MGO,53.77,15.8,379.2,24,441.5606,0.52,Calm,FMS_MARITIME,2026-04-06
2023-01-19,12,LSMGO,24.21,11.6,278.4,24,270.7972,0.55,Calm,FMS_MARITIME,2026-04-06
2023-01-20,12,MGO,16.01,9.6,230.4,24,216.3852,0.77,Rough,FMS_MARITIME,2026-04-06
2023-01-21,12,VLSFO,81.08,13.8,331.2,24,762.3283,0.52,Rough,FMS_MARITIME,2026-04-06
2023-01-22,12,LSMGO,51.99,16.4,393.6,24,411.3233,0.71,Rough,FMS_MARITIME,2026-04-06
2023-01-23,12,VLSFO,35.72,8.3,199.2,24,558.394,0.87,Rough,FMS_MARITIME,2026-04-06
2023-01-24,12,VLSFO,80.14,15.3,367.2,24,679.6186,0.7,Calm,FMS_MARITIME,2026-04-06
2023-01-25,12,LSMGO,48.38,11.7,280.8,24,536.5218,0.56,Calm,FMS_MARITIME,2026-04-06
2023-01-26,12,VLSFO,39.71,17.9,429.6,24,287.842,0.69,Moderate,FMS_MARITIME,2026-04-06
2023-01-27,12,MGO,17.63,10.7,256.8,24,213.7843,0.51,Rough,FMS_MARITIME,2026-04-06
2023-01-28,12,LSMGO,48.59,10.3,247.2,24,612.0925,0.9,Moderate,FMS_MARITIME,2026-04-06
2023-01-28,12,MGO,75.13,9.6,230.4,24,1015.4289,0.7,Rough,FMS_MARITIME,2026-04-06
2023-01-28,12,LSMGO,77.93,14.7,352.8,24,687.8515,0.78,Rough,FMS_MARITIME,2026-04-06
2023-01-01,13,VLSFO,55.98,14.7,352.8,24,494.1092,0.48,Calm,FMS_MARITIME,2026-04-06
2023-01-02,13,VLSFO,36.6,9.4,225.6,24,505.1968,0.7,Calm,FMS_MARITIME,2026-04-06
2023-01-03,13,LNG,37.41,15.0,360.0,24,323.5965,0.77,Rough,FMS_MARITIME,2026-04-06
2023-01-04,13,HFO,83.83,17.9,429.6,24,607.6504,0.47,Moderate,FMS_MARITIME,2026-04-06
2023-01-05,13,LNG,81.59,14.4,345.6,24,735.1599,0.78,Calm,FMS_MARITIME,2026-04-06
2023-01-06,13,MGO,17.35,16.8,403.2,24,133.9978,0.52,Moderate,FMS_MARITIME,2026-04-06
2023-01-07,13,VLSFO,20.59,12.6,302.4,24,212.028,0.97,Moderate,FMS_MARITIME,2026-04-06
2023-01-08,13,MGO,75.62,16.7,400.8,24,587.5266,0.83,Moderate,FMS_MARITIME,2026-04-06
2023-01-09,13,LNG,67.2,10.1,242.4,24,863.2871,0.62,Rough,FMS_MARITIME,2026-04-06
2023-01-10,13,LNG,66.29,10.8,259.2,24,796.4007,0.51,Rough,FMS_MARITIME,2026-04-06
2023-01-11,13,LNG,59.77,17.0,408.0,24,456.1857,0.42,Calm,FMS_MARITIME,2026-04-06
2023-01-12,13,LNG,15.65,12.8,307.2,24,158.6396,0.65,Moderate,FMS_MARITIME,2026-04-06
2023-01-13,13,HFO,55.51,11.2,268.8,24,643.0734,0.44,Calm,FMS_MARITIME,2026-04-06
2023-01-14,13,MGO,23.39,14.1,338.4,24,215.2378,0.93,Rough,FMS_MARITIME,2026-04-06
2023-01-15,13,LNG,20.25,13.4,321.6,24,196.0774,0.94,Calm,FMS_MARITIME,2026-04-06
2023-01-16,13,HFO,60.06,10.1,242.4,24,771.5629,0.74,Calm,FMS_MARITIME,2026-04-06
2023-01-17,13,LNG,49.1,9.6,230.4,24,663.6172,0.8,Calm,FMS_MARITIME,2026-04-06
2023-01-18,13,HFO,26.56,11.8,283.2,24,292.0475,0.77,Rough,FMS_MARITIME,2026-04-06
2023-01-19,13,LSMGO,84.14,12.6,302.4,24,866.4417,0.84,Moderate,FMS_MARITIME,2026-04-06
2023-01-20,13,LSMGO,34.52,17.0,408.0,24,263.4688,0.87,Calm,FMS_MARITIME,2026-04-06
2023-01-21,13,LNG,81.07,16.1,386.4,24,653.3436,0.55,Moderate,FMS_MARITIME,2026-04-06
2023-01-22,13,VLSFO,52.24,8.4,201.6,24,806.9214,0.59,Moderate,FMS_MARITIME,2026-04-06
2023-01-23,13,MGO,63.68,11.7,280.8,24,706.1949,0.74,Calm,FMS_MARITIME,2026-04-06
2023-01-24,13,LNG,24.72,11.3,271.2,24,283.8425,0.75,Rough,FMS_MARITIME,2026-04-06
2023-01-25,13,LSMGO,45.49,13.9,333.6,24,424.6279,0.43,Calm,FMS_MARITIME,2026-04-06
2023-01-26,13,HFO,39.44,14.4,345.6,24,355.3708,0.94,Calm,FMS_MARITIME,2026-04-06
2023-01-27,13,HFO,56.06,10.5,252.0,24,692.7414,0.98,Calm,FMS_MARITIME,2026-04-06
2023-01-28,13,VLSFO,15.1,8.0,192.0,24,244.9031,0.52,Moderate,FMS_MARITIME,2026-04-06
2023-01-28,13,LSMGO,29.81,12.0,288.0,24,322.3206,0.85,Moderate,FMS_MARITIME,2026-04-06
2023-01-28,13,LNG,76.82,9.2,220.8,24,1083.4125,0.83,Calm,FMS_MARITIME,2026-04-06
2023-01-01,14,VLSFO,68.06,14.1,338.4,24,626.2968,0.88,Calm,FMS_MARITIME,2026-04-06
2023-01-02,14,LSMGO,39.74,14.4,345.6,24,358.074,0.5,Moderate,FMS_MARITIME,2026-04-06
2023-01-03,14,LSMGO,26.96,14.3,343.2,24,244.6196,0.55,Rough,FMS_MARITIME,2026-04-06
2023-01-04,14,LNG,39.87,16.1,386.4,24,321.3126,0.97,Moderate,FMS_MARITIME,2026-04-06
2023-01-05,14,LSMGO,32.46,13.5,324.0,24,311.9767,0.5,Moderate,FMS_MARITIME,2026-04-06
2023-01-06,14,VLSFO,52.6,15.6,374.4,24,437.4904,0.66,Moderate,FMS_MARITIME,2026-04-06
2023-01-07,14,LNG,16.43,17.5,420.0,24,121.8167,0.93,Calm,FMS_MARITIME,2026-04-06
2023-01-08,14,LNG,65.28,11.8,283.2,24,717.8034,0.62,Moderate,FMS_MARITIME,2026-04-06
2023-01-09,14,LNG,63.16,16.1,386.4,24,509.0068,0.92,Moderate,FMS_MARITIME,2026-04-06
2023-01-10,14,MGO,70.78,17.1,410.4,24,537.0588,0.79,Rough,FMS_MARITIME,2026-04-06
2023-01-11,14,VLSFO,23.52,15.4,369.6,24,198.1636,0.83,Rough,FMS_MARITIME,2026-04-06
2023-01-12,14,VLSFO,76.26,12.9,309.6,24,767.0337,0.81,Calm,FMS_MARITIME,2026-04-06
2023-01-13,14,MGO,23.56,17.9,429.6,24,170.7771,0.79,Calm,FMS_MARITIME,2026-04-06
2023-01-14,14,LNG,56.48,16.0,384.0,24,458.0175,0.74,Moderate,FMS_MARITIME,2026-04-06
2023-01-15,14,HFO,47.1,15.4,369.6,24,396.8328,0.73,Calm,FMS_MARITIME,2026-04-06
2023-01-16,14,HFO,45.19,9.1,218.4,24,644.3299,0.46,Rough,FMS_MARITIME,2026-04-06
2023-01-17,14,LNG,82.65,12.4,297.6,24,864.8256,0.99,Moderate,FMS_MARITIME,2026-04-06
2023-01-18,14,LNG,16.95,16.8,403.2,24,130.9085,0.81,Calm,FMS_MARITIME,2026-04-06
2023-01-19,14,MGO,81.18,17.7,424.8,24,595.0907,0.87,Rough,FMS_MARITIME,2026-04-06
2023-01-20,14,VLSFO,23.04,15.7,376.8,24,190.4102,0.42,Calm,FMS_MARITIME,2026-04-06
2023-01-21,14,MGO,29.43,15.7,376.8,24,243.2193,0.43,Calm,FMS_MARITIME,2026-04-06
2023-01-22,14,MGO,82.05,12.3,295.2,24,865.5274,0.99,Moderate,FMS_MARITIME,2026-04-06
2023-01-23,14,LSMGO,82.43,9.9,237.6,24,1080.3326,0.79,Moderate,FMS_MARITIME,2026-04-06
2023-01-24,14,VLSFO,22.39,11.3,271.2,24,257.0887,0.99,Rough,FMS_MARITIME,2026-04-06
2023-01-25,14,LSMGO,17.32,12.3,295.2,24,182.7049,0.98,Calm,FMS_MARITIME,2026-04-06
2023-01-26,14,LSMGO,43.72,13.1,314.4,24,433.0282,0.41,Moderate,FMS_MARITIME,2026-04-06
2023-01-27,14,LNG,82.9,9.8,235.2,24,1097.5791,0.48,Rough,FMS_MARITIME,2026-04-06
2023-01-28,14,MGO,61.66,13.5,324.0,24,592.6211,0.45,Moderate,FMS_MARITIME,2026-04-06
2023-01-28,14,VLSFO,60.48,12.5,300.0,24,627.7824,0.55,Rough,FMS_MARITIME,2026-04-06
2023-01-28,14,VLSFO,59.56,14.7,352.8,24,525.7082,0.55,Rough,FMS_MARITIME,2026-04-06
2023-01-01,15,VLSFO,55.63,11.7,280.8,24,616.9224,0.79,Calm,FMS_MARITIME,2026-04-06
2023-01-02,15,VLSFO,69.72,17.5,420.0,24,516.924,0.95,Rough,FMS_MARITIME,2026-04-06
2023-01-03,15,HFO,27.29,8.8,211.2,24,402.3724,0.68,Moderate,FMS_MARITIME,2026-04-06
2023-01-04,15,VLSFO,64.99,11.0,264.0,24,766.5866,0.64,Calm,FMS_MARITIME,2026-04-06
2023-01-05,15,LSMGO,50.35,12.8,307.2,24,510.3838,0.4,Calm,FMS_MARITIME,2026-04-06
2023-01-06,15,VLSFO,51.38,11.6,278.4,24,574.703,0.79,Rough,FMS_MARITIME,2026-04-06
2023-01-07,15,MGO,49.28,13.6,326.4,24,470.1529,0.85,Rough,FMS_MARITIME,2026-04-06
2023-01-08,15,VLSFO,53.9,13.2,316.8,24,529.8125,0.73,Moderate,FMS_MARITIME,2026-04-06
2023-01-09,15,HFO,27.85,17.0,408.0,24,212.561,0.84,Rough,FMS_MARITIME,2026-04-06
2023-01-10,15,LNG,37.67,16.6,398.4,24,294.4387,0.56,Rough,FMS_MARITIME,2026-04-06
2023-01-11,15,MGO,71.96,8.9,213.6,24,1049.0798,0.45,Calm,FMS_MARITIME,2026-04-06
2023-01-12,15,LNG,78.03,11.2,268.8,24,903.9636,0.49,Calm,FMS_MARITIME,2026-04-06
2023-01-13,15,LNG,60.54,16.8,403.2,24,467.5634,0.6,Moderate,FMS_MARITIME,2026-04-06
2023-01-14,15,LNG,44.55,8.2,196.8,24,704.9223,0.92,Calm,FMS_MARITIME,2026-04-06
2023-01-15,15,MGO,65.06,9.6,230.4,24,879.3266,0.41,Calm,FMS_MARITIME,2026-04-06
2023-01-16,15,MGO,30.46,10.6,254.4,24,372.8476,0.53,Rough,FMS_MARITIME,2026-04-06
2023-01-17,15,VLSFO,31.49,11.8,283.2,24,346.2566,0.44,Moderate,FMS_MARITIME,2026-04-06
2023-01-18,15,LNG,66.32,11.5,276.0,24,748.2626,0.42,Moderate,FMS_MARITIME,2026-04-06
2023-01-19,15,LNG,24.52,12.6,302.4,24,252.4976,0.98,Calm,FMS_MARITIME,2026-04-06
2023-01-20,15,HFO,55.41,10.1,242.4,24,711.8265,0.6,Moderate,FMS_MARITIME,2026-04-06
2023-01-21,15,HFO,27.12,14.1,338.4,24,249.5617,0.59,Rough,FMS_MARITIME,2026-04-06
2023-01-22,15,LSMGO,41.67,10.6,254.4,24,510.0644,0.42,Rough,FMS_MARITIME,2026-04-06
2023-01-23,15,HFO,81.45,17.2,412.8,24,614.4266,0.87,Calm,FMS_MARITIME,2026-04-06
2023-01-24,15,HFO,20.86,16.8,403.2,24,161.1062,0.71,Calm,FMS_MARITIME,2026-04-06
2023-01-25,15,HFO,30.05,15.3,367.2,24,254.8358,0.75,Rough,FMS_MARITIME,2026-04-06
2023-01-26,15,VLSFO,44.4,16.0,384.0,24,360.0562,0.45,Rough,FMS_MARITIME,2026-04-06
2023-01-27,15,MGO,37.17,13.0,312.0,24,370.9852,0.48,Calm,FMS_MARITIME,2026-04-06
2023-01-28,15,VLSFO,63.88,10.0,240.0,24,828.843,0.54,Calm,FMS_MARITIME,2026-04-06
2023-01-28,15,HFO,46.51,15.8,379.2,24,381.9413,0.86,Moderate,FMS_MARITIME,2026-04-06
2023-01-28,15,VLSFO,18.68,15.7,376.8,24,154.3777,0.95,Rough,FMS_MARITIME,2026-04-06
2023-01-01,16,VLSFO,16.32,16.3,391.2,24,129.9092,0.93,Calm,FMS_MARITIME,2026-04-06
2023-01-02,16,MGO,43.61,18.0,432.0,24,314.3554,0.71,Calm,FMS_MARITIME,2026-04-06
2023-01-03,16,LNG,50.23,15.5,372.0,24,420.4737,0.56,Calm,FMS_MARITIME,2026-04-06
2023-01-04,16,LSMGO,35.35,14.4,345.6,24,318.5182,0.84,Moderate,FMS_MARITIME,2026-04-06
2023-01-05,16,MGO,62.13,10.3,247.2,24,782.657,0.73,Calm,FMS_MARITIME,2026-04-06
2023-01-06,16,MGO,30.29,16.2,388.8,24,242.6005,0.58,Moderate,FMS_MARITIME,2026-04-06
2023-01-07,16,VLSFO,36.1,12.5,300.0,24,374.718,0.73,Rough,FMS_MARITIME,2026-04-06
2023-01-08,16,HFO,66.43,12.3,295.2,24,700.7555,0.88,Moderate,FMS_MARITIME,2026-04-06
2023-01-09,16,HFO,21.64,12.3,295.2,24,228.2756,0.75,Moderate,FMS_MARITIME,2026-04-06
2023-01-10,16,LNG,55.72,11.7,280.8,24,617.9205,0.46,Calm,FMS_MARITIME,2026-04-06
2023-01-11,16,MGO,55.66,15.9,381.6,24,454.2066,0.46,Rough,FMS_MARITIME,2026-04-06
2023-01-12,16,HFO,55.75,9.9,237.6,24,730.6629,0.46,Calm,FMS_MARITIME,2026-04-06
2023-01-13,16,MGO,62.26,17.5,420.0,24,461.6134,0.76,Rough,FMS_MARITIME,2026-04-06
2023-01-14,16,VLSFO,22.13,14.6,350.4,24,196.669,0.92,Rough,FMS_MARITIME,2026-04-06
2023-01-15,16,VLSFO,34.44,13.5,324.0,24,331.0067,0.98,Moderate,FMS_MARITIME,2026-04-06
2023-01-16,16,LSMGO,51.89,17.4,417.6,24,386.9384,0.93,Moderate,FMS_MARITIME,2026-04-06
2023-01-17,16,VLSFO,47.92,13.7,328.8,24,453.8409,0.72,Moderate,FMS_MARITIME,2026-04-06
2023-01-18,16,LNG,44.52,11.8,283.2,24,489.5314,0.42,Calm,FMS_MARITIME,2026-04-06
2023-01-19,16,LSMGO,31.87,10.0,240.0,24,413.5132,0.9,Rough,FMS_MARITIME,2026-04-06
2023-01-20,16,VLSFO,82.86,10.1,242.4,24,1064.4639,0.94,Calm,FMS_MARITIME,2026-04-06
2023-01-21,16,HFO,35.44,14.5,348.0,24,317.1269,0.77,Moderate,FMS_MARITIME,2026-04-06
2023-01-22,16,HFO,72.1,14.3,343.2,24,654.1941,0.59,Moderate,FMS_MARITIME,2026-04-06
2023-01-23,16,VLSFO,50.05,11.3,271.2,24,574.6892,0.86,Calm,FMS_MARITIME,2026-04-06
2023-01-24,16,LNG,46.82,17.8,427.2,24,341.2862,0.91,Moderate,FMS_MARITIME,2026-04-06
2023-01-25,16,MGO,21.25,13.2,316.8,24,208.8778,0.95,Rough,FMS_MARITIME,2026-04-06
2023-01-26,16,LNG,81.65,8.3,199.2,24,1276.3961,0.96,Calm,FMS_MARITIME,2026-04-06
2023-01-27,16,LNG,53.56,10.1,242.4,24,688.0604,0.88,Moderate,FMS_MARITIME,2026-04-06
2023-01-28,16,VLSFO,31.66,13.6,326.4,24,302.0504,0.61,Moderate,FMS_MARITIME,2026-04-06
2023-01-28,16,LSMGO,59.45,14.7,352.8,24,524.7372,0.64,Calm,FMS_MARITIME,2026-04-06
2023-01-28,16,LSMGO,41.47,12.3,295.2,24,437.4579,0.7,Rough,FMS_MARITIME,2026-04-06
2023-01-01,17,HFO,43.42,8.5,204.0,24,662.7935,0.75,Moderate,FMS_MARITIME,2026-04-06
2023-01-02,17,LSMGO,16.7,8.1,194.4,24,267.5093,0.78,Moderate,FMS_MARITIME,2026-04-06
2023-01-03,17,MGO,66.63,8.2,196.8,24,1054.2979,0.97,Calm,FMS_MARITIME,2026-04-06
2023-01-04,17,LNG,71.3,14.0,336.0,24,660.7982,0.76,Rough,FMS_MARITIME,2026-04-06
2023-01-05,17,MGO,36.79,14.8,355.2,24,322.534,0.93,Calm,FMS_MARITIME,2026-04-06
2023-01-06,17,LSMGO,27.15,8.7,208.8,24,404.9095,0.94,Rough,FMS_MARITIME,2026-04-06
2023-01-07,17,LNG,37.88,16.7,400.8,24,294.3072,0.83,Rough,FMS_MARITIME,2026-04-06
2023-01-08,17,LSMGO,16.69,12.2,292.8,24,177.5023,0.53,Rough,FMS_MARITIME,2026-04-06
2023-01-09,17,LNG,24.24,12.2,292.8,24,257.7984,0.63,Moderate,FMS_MARITIME,2026-04-06
2023-01-10,17,MGO,72.44,10.3,247.2,24,912.533,0.91,Rough,FMS_MARITIME,2026-04-06
2023-01-11,17,LNG,80.95,14.9,357.6,24,704.9169,0.81,Calm,FMS_MARITIME,2026-04-06
2023-01-12,17,MGO,51.97,12.0,288.0,24,561.9256,0.6,Moderate,FMS_MARITIME,2026-04-06
2023-01-13,17,MGO,39.94,17.0,408.0,24,304.8362,0.63,Rough,FMS_MARITIME,2026-04-06
2023-01-14,17,VLSFO,26.47,13.2,316.8,24,260.1881,0.86,Moderate,FMS_MARITIME,2026-04-06
2023-01-15,17,HFO,49.13,9.4,225.6,24,678.1508,0.41,Moderate,FMS_MARITIME,2026-04-06
2023-01-16,17,LSMGO,38.94,15.6,374.4,24,323.876,0.5,Moderate,FMS_MARITIME,2026-04-06
2023-01-17,17,HFO,79.99,17.7,424.8,24,586.3674,0.92,Calm,FMS_MARITIME,2026-04-06
2023-01-18,17,HFO,60.58,9.0,216.0,24,873.3617,0.61,Rough,FMS_MARITIME,2026-04-06
2023-01-19,17,LNG,30.67,9.6,230.4,24,414.5242,0.93,Moderate,FMS_MARITIME,2026-04-06
2023-01-20,17,VLSFO,32.72,17.2,412.8,24,246.8267,0.64,Rough,FMS_MARITIME,2026-04-06
2023-01-21,17,MGO,55.87,12.1,290.4,24,599.1019,0.88,Rough,FMS_MARITIME,2026-04-06
2023-01-22,17,VLSFO,51.72,11.9,285.6,24,563.9218,0.75,Moderate,FMS_MARITIME,2026-04-06
2023-01-23,17,LNG,36.49,14.5,348.0,24,326.5226,0.97,Calm,FMS_MARITIME,2026-04-06
2023-01-24,17,LNG,20.47,15.5,372.0,24,171.3537,0.7,Moderate,FMS_MARITIME,2026-04-06
2023-01-25,17,VLSFO,23.05,15.9,381.6,24,188.0967,0.59,Rough,FMS_MARITIME,2026-04-06
2023-01-26,17,HFO,83.07,8.1,194.4,24,1330.6583,0.73,Moderate,FMS_MARITIME,2026-04-06
2023-01-27,17,VLSFO,76.82,8.3,199.2,24,1200.891,0.72,Rough,FMS_MARITIME,2026-04-06
2023-01-28,17,HFO,22.82,15.6,374.4,24,189.801,0.49,Rough,FMS_MARITIME,2026-04-06
2023-01-28,17,VLSFO,18.76,11.6,278.4,24,209.8371,0.46,Moderate,FMS_MARITIME,2026-04-06
2023-01-28,17,LSMGO,48.74,9.6,230.4,24,658.7516,0.98,Moderate,FMS_MARITIME,2026-04-06
2023-01-01,18,HFO,41.56,15.6,374.4,24,345.6673,0.78,Moderate,FMS_MARITIME,2026-04-06
2023-01-02,18,LSMGO,28.17,13.3,319.2,24,274.8164,0.67,Moderate,FMS_MARITIME,2026-04-06
2023-01-03,18,MGO,44.14,15.2,364.8,24,376.7872,0.5,Moderate,FMS_MARITIME,2026-04-06
2023-01-04,18,MGO,23.74,12.4,297.6,24,248.4085,0.71,Calm,FMS_MARITIME,2026-04-06
2023-01-05,18,MGO,26.48,16.7,400.8,24,205.7353,0.96,Rough,FMS_MARITIME,2026-04-06
2023-01-06,18,MGO,76.83,16.7,400.8,24,596.9277,0.91,Calm,FMS_MARITIME,2026-04-06
2023-01-07,18,HFO,17.28,10.4,249.6,24,215.5846,0.76,Rough,FMS_MARITIME,2026-04-06
2023-01-08,18,VLSFO,47.86,14.4,345.6,24,431.2385,0.57,Rough,FMS_MARITIME,2026-04-06
2023-01-09,18,HFO,62.23,10.1,242.4,24,799.4399,0.57,Rough,FMS_MARITIME,2026-04-06
2023-01-10,18,LSMGO,75.03,9.7,232.8,24,1003.6229,0.95,Moderate,FMS_MARITIME,2026-04-06
2023-01-11,18,LNG,44.87,10.9,261.6,24,534.1177,0.95,Calm,FMS_MARITIME,2026-04-06
2023-01-12,18,HFO,63.03,15.9,381.6,24,514.3486,0.56,Rough,FMS_MARITIME,2026-04-06
2023-01-13,18,MGO,73.05,13.7,328.8,24,691.8422,0.94,Calm,FMS_MARITIME,2026-04-06
2023-01-14,18,VLSFO,48.73,9.7,232.8,24,651.8265,0.52,Calm,FMS_MARITIME,2026-04-06
2023-01-15,18,MGO,17.65,13.5,324.0,24,169.6361,0.92,Rough,FMS_MARITIME,2026-04-06
2023-01-16,18,MGO,19.4,14.7,352.8,24,171.2347,0.5,Rough,FMS_MARITIME,2026-04-06
2023-01-17,18,VLSFO,25.81,16.3,391.2,24,205.4508,0.83,Calm,FMS_MARITIME,2026-04-06
2023-01-18,18,VLSFO,31.63,17.2,412.8,24,238.6042,0.63,Calm,FMS_MARITIME,2026-04-06
2023-01-19,18,VLSFO,63.1,10.4,249.6,24,787.2332,0.54,Rough,FMS_MARITIME,2026-04-06
2023-01-20,18,LNG,60.8,13.4,321.6,24,588.7164,0.48,Moderate,FMS_MARITIME,2026-04-06
2023-01-21,18,HFO,39.38,13.7,328.8,24,372.9602,0.56,Rough,FMS_MARITIME,2026-04-06
2023-01-22,18,LNG,19.92,12.3,295.2,24,210.1317,0.47,Moderate,FMS_MARITIME,2026-04-06
2023-01-23,18,LNG,25.49,11.0,264.0,24,300.6661,0.56,Rough,FMS_MARITIME,2026-04-06
2023-01-24,18,MGO,45.07,9.2,220.8,24,635.634,0.66,Calm,FMS_MARITIME,2026-04-06
2023-01-25,18,VLSFO,26.63,14.7,352.8,24,235.0505,0.89,Calm,FMS_MARITIME,2026-04-06
2023-01-26,18,MGO,19.59,9.7,232.8,24,262.0415,0.49,Rough,FMS_MARITIME,2026-04-06
2023-01-27,18,LNG,43.26,13.2,316.8,24,425.2261,0.77,Calm,FMS_MARITIME,2026-04-06
2023-01-28,18,HFO,43.83,10.8,259.2,24,526.5688,0.93,Calm,FMS_MARITIME,2026-04-06
2023-01-28,18,VLSFO,83.06,15.7,376.8,24,686.4354,0.5,Rough,FMS_MARITIME,2026-04-06
2023-01-28,18,VLSFO,24.84,16.0,384.0,24,201.4369,0.58,Calm,FMS_MARITIME,2026-04-06
2023-01-01,19,LNG,68.33,9.7,232.8,24,914.0018,0.81,Moderate,FMS_MARITIME,2026-04-06
2023-01-02,19,MGO,33.43,10.4,249.6,24,417.0714,0.91,Moderate,FMS_MARITIME,2026-04-06
2023-01-03,19,LSMGO,78.14,11.7,280.8,24,866.5526,0.52,Moderate,FMS_MARITIME,2026-04-06
2023-01-04,19,LNG,56.19,8.6,206.4,24,847.7503,0.88,Moderate,FMS_MARITIME,2026-04-06
2023-01-05,19,LNG,28.62,17.1,410.4,24,217.1605,0.9,Calm,FMS_MARITIME,2026-04-06
2023-01-06,19,VLSFO,38.97,14.1,338.4,24,358.6069,0.84,Calm,FMS_MARITIME,2026-04-06
2023-01-07,19,LNG,16.22,15.3,367.2,24,137.552,0.52,Moderate,FMS_MARITIME,2026-04-06
2023-01-08,19,HFO,70.57,10.7,256.8,24,855.7437,0.72,Moderate,FMS_MARITIME,2026-04-06
2023-01-09,19,LSMGO,77.15,11.9,285.6,24,841.1943,0.84,Rough,FMS_MARITIME,2026-04-06
2023-01-10,19,HFO,58.05,17.1,410.4,24,440.4671,0.72,Rough,FMS_MARITIME,2026-04-06
2023-01-11,19,VLSFO,49.03,14.8,355.2,24,429.8407,0.84,Calm,FMS_MARITIME,2026-04-06
2023-01-12,19,MGO,15.86,8.4,201.6,24,244.9804,0.58,Calm,FMS_MARITIME,2026-04-06
2023-01-13,19,MGO,20.04,15.2,364.8,24,171.0651,0.7,Moderate,FMS_MARITIME,2026-04-06
2023-01-14,19,LNG,24.19,14.7,352.8,24,213.5138,0.47,Rough,FMS_MARITIME,2026-04-06
2023-01-15,19,LSMGO,65.26,10.9,261.6,24,776.8335,0.78,Moderate,FMS_MARITIME,2026-04-06
2023-01-16,19,LSMGO,42.49,11.7,280.8,24,471.2032,0.81,Calm,FMS_MARITIME,2026-04-06
2023-01-17,19,LNG,52.35,9.7,232.8,24,700.2487,0.89,Rough,FMS_MARITIME,2026-04-06
2023-01-18,19,VLSFO,53.8,14.0,336.0,24,498.6107,0.78,Calm,FMS_MARITIME,2026-04-06
2023-01-19,19,HFO,62.23,11.9,285.6,24,678.5162,0.74,Calm,FMS_MARITIME,2026-04-06
2023-01-20,19,LNG,36.03,10.2,244.8,24,458.3228,0.89,Moderate,FMS_MARITIME,2026-04-06
2023-01-21,19,MGO,43.38,10.6,254.4,24,530.9958,0.68,Moderate,FMS_MARITIME,2026-04-06
2023-01-22,19,MGO,74.72,11.0,264.0,24,881.3564,0.68,Calm,FMS_MARITIME,2026-04-06
2023-01-23,19,MGO,66.53,15.5,372.0,24,556.9205,0.72,Rough,FMS_MARITIME,2026-04-06
2023-01-24,19,LNG,20.88,13.9,333.6,24,194.905,0.62,Calm,FMS_MARITIME,2026-04-06
2023-01-25,19,MGO,66.8,17.0,408.0,24,509.8412,0.6,Rough,FMS_MARITIME,2026-04-06
2023-01-26,19,LSMGO,43.17,13.4,321.6,24,418.008,0.64,Rough,FMS_MARITIME,2026-04-06
2023-01-27,19,VLSFO,76.88,10.1,242.4,24,987.6416,0.98,Rough,FMS_MARITIME,2026-04-06
2023-01-28,19,LNG,38.72,11.3,271.2,24,444.5947,0.94,Calm,FMS_MARITIME,2026-04-06
2023-01-28,19,LSMGO,57.7,10.7,256.8,24,699.6799,0.62,Rough,FMS_MARITIME,2026-04-06
2023-01-28,19,HFO,27.87,16.1,386.4,24,224.6045,0.4,Rough,FMS_MARITIME,2026-04-06
2023-01-01,20,VLSFO,59.58,14.0,336.0,24,552.1789,0.46,Calm,FMS_MARITIME,2026-04-06
2023-01-02,20,LSMGO,55.88,8.9,213.6,24,814.6551,0.74,Calm,FMS_MARITIME,2026-04-06
2023-01-03,20,HFO,38.32,13.8,331.2,24,360.2913,0.87,Calm,FMS_MARITIME,2026-04-06
2023-01-04,20,LSMGO,63.29,12.4,297.6,24,662.2482,0.67,Rough,FMS_MARITIME,2026-04-06
2023-01-05,20,VLSFO,64.97,10.8,259.2,24,780.5424,0.98,Rough,FMS_MARITIME,2026-04-06
2023-01-06,20,LSMGO,73.72,17.9,429.6,24,534.367,0.93,Moderate,FMS_MARITIME,2026-04-06
2023-01-07,20,LSMGO,73.35,8.1,194.4,24,1174.9583,0.84,Moderate,FMS_MARITIME,2026-04-06
2023-01-08,20,LNG,21.55,8.9,213.6,24,314.1699,0.77,Moderate,FMS_MARITIME,2026-04-06
2023-01-09,20,LSMGO,16.08,9.5,228.0,24,219.6189,0.81,Calm,FMS_MARITIME,2026-04-06
2023-01-10,20,MGO,45.7,10.0,240.0,24,592.9575,0.74,Calm,FMS_MARITIME,2026-04-06
2023-01-11,20,LNG,58.21,17.1,410.4,24,441.6811,0.61,Moderate,FMS_MARITIME,2026-04-06
2023-01-12,20,HFO,83.33,8.8,211.2,24,1228.644,0.46,Moderate,FMS_MARITIME,2026-04-06
2023-01-13,20,VLSFO,19.37,15.3,367.2,24,164.2652,0.7,Rough,FMS_MARITIME,2026-04-06
2023-01-14,20,LSMGO,60.97,16.6,398.4,24,476.5577,0.66,Rough,FMS_MARITIME,2026-04-06
2023-01-15,20,MGO,59.27,17.4,417.6,24,441.9703,0.55,Calm,FMS_MARITIME,2026-04-06
2023-01-16,20,LNG,70.26,15.5,372.0,24,588.1442,0.84,Moderate,FMS_MARITIME,2026-04-06
2023-01-17,20,MGO,39.6,11.1,266.4,24,462.8919,0.52,Calm,FMS_MARITIME,2026-04-06
2023-01-18,20,MGO,81.17,12.4,297.6,24,849.3393,0.77,Calm,FMS_MARITIME,2026-04-06
2023-01-19,20,LSMGO,54.83,15.4,369.6,24,461.9606,0.74,Rough,FMS_MARITIME,2026-04-06
2023-01-20,20,LNG,31.87,9.5,228.0,24,435.2771,0.78,Moderate,FMS_MARITIME,2026-04-06
2023-01-21,20,MGO,22.56,12.6,302.4,24,232.3143,0.42,Rough,FMS_MARITIME,2026-04-06
2023-01-22,20,LNG,72.24,15.1,362.4,24,620.7377,0.52,Calm,FMS_MARITIME,2026-04-06
2023-01-23,20,MGO,73.43,10.5,252.0,24,907.385,0.42,Rough,FMS_MARITIME,2026-04-06
2023-01-24,20,LSMGO,51.47,15.1,362.4,24,442.2671,0.91,Rough,FMS_MARITIME,2026-04-06
2023-01-25,20,VLSFO,41.74,8.4,201.6,24,644.7339,0.95,Calm,FMS_MARITIME,2026-04-06
2023-01-26,20,HFO,15.64,13.3,319.2,24,152.5782,0.82,Moderate,FMS_MARITIME,2026-04-06
2023-01-27,20,MGO,83.53,10.7,256.8,24,1012.8988,0.97,Rough,FMS_MARITIME,2026-04-06
2023-01-28,20,VLSFO,75.9,9.7,232.8,24,1015.2603,0.8,Rough,FMS_MARITIME,2026-04-06
2023-01-28,20,LSMGO,38.03,14.6,350.4,24,337.9721,0.82,Calm,FMS_MARITIME,2026-04-06
2023-01-28,20,VLSFO,37.23,16.7,400.8,24,289.257,0.79,Moderate,FMS_MARITIME,2026-04-06
2023-01-01,21,HFO,61.0,17.1,410.4,24,462.8509,0.53,Calm,FMS_MARITIME,2026-04-06
2023-01-02,21,LSMGO,28.06,10.0,240.0,24,364.0785,1.0,Moderate,FMS_MARITIME,2026-04-06
2023-01-03,21,MGO,44.46,17.9,429.6,24,322.2729,0.67,Calm,FMS_MARITIME,2026-04-06
2023-01-04,21,LSMGO,35.83,10.4,249.6,24,447.0137,0.5,Rough,FMS_MARITIME,2026-04-06
2023-01-05,21,HFO,56.09,13.0,312.0,24,559.8213,0.76,Moderate,FMS_MARITIME,2026-04-06
2023-01-06,21,VLSFO,73.77,10.8,259.2,24,886.2646,0.58,Calm,FMS_MARITIME,2026-04-06
2023-01-07,21,MGO,28.96,12.3,295.2,24,305.4927,0.67,Calm,FMS_MARITIME,2026-04-06
2023-01-08,21,VLSFO,84.86,10.0,240.0,24,1101.0585,0.7,Moderate,FMS_MARITIME,2026-04-06
2023-01-09,21,MGO,82.74,12.7,304.8,24,845.3161,0.79,Calm,FMS_MARITIME,2026-04-06
2023-01-10,21,VLSFO,24.75,18.0,432.0,24,178.4062,0.62,Rough,FMS_MARITIME,2026-04-06
2023-01-11,21,LNG,76.81,17.3,415.2,24,576.075,0.92,Calm,FMS_MARITIME,2026-04-06
2023-01-12,21,VLSFO,77.27,10.8,259.2,24,928.3132,0.93,Calm,FMS_MARITIME,2026-04-06
2023-01-13,21,HFO,76.62,8.9,213.6,24,1117.0163,0.59,Moderate,FMS_MARITIME,2026-04-06
2023-01-14,21,LSMGO,73.46,8.3,199.2,24,1148.3657,0.56,Moderate,FMS_MARITIME,2026-04-06
2023-01-15,21,LNG,21.43,11.8,283.2,24,235.6392,0.55,Moderate,FMS_MARITIME,2026-04-06
2023-01-16,21,LSMGO,57.05,9.3,223.2,24,795.9395,0.67,Rough,FMS_MARITIME,2026-04-06
2023-01-17,21,VLSFO,55.54,13.0,312.0,24,554.3319,0.71,Rough,FMS_MARITIME,2026-04-06
2023-01-18,21,HFO,72.37,14.5,348.0,24,647.5867,0.7,Rough,FMS_MARITIME,2026-04-06
2023-01-19,21,VLSFO,30.28,15.4,369.6,24,255.1188,0.66,Calm,FMS_MARITIME,2026-04-06
2023-01-20,21,VLSFO,19.58,13.0,312.0,24,195.4235,0.57,Calm,FMS_MARITIME,2026-04-06
2023-01-21,21,HFO,24.81,8.9,213.6,24,361.6963,0.86,Rough,FMS_MARITIME,2026-04-06
2023-01-22,21,MGO,16.68,14.5,348.0,24,149.2572,0.53,Rough,FMS_MARITIME,2026-04-06
2023-01-23,21,MGO,46.44,8.5,204.0,24,708.8929,0.46,Rough,FMS_MARITIME,2026-04-06
2023-01-24,21,LSMGO,80.27,13.8,331.2,24,754.7125,0.64,Rough,FMS_MARITIME,2026-04-06
2023-01-25,21,VLSFO,44.99,12.4,297.6,24,470.7623,0.73,Rough,FMS_MARITIME,2026-04-06
2023-01-26,21,HFO,20.05,12.8,307.2,24,203.2412,0.62,Moderate,FMS_MARITIME,2026-04-06
2023-01-27,21,LSMGO,58.27,11.3,271.2,24,669.0737,0.6,Calm,FMS_MARITIME,2026-04-06
2023-01-28,21,VLSFO,46.12,16.9,405.6,24,354.087,0.64,Moderate,FMS_MARITIME,2026-04-06
2023-01-28,21,LSMGO,65.15,16.4,393.6,24,515.4398,0.63,Calm,FMS_MARITIME,2026-04-06
2023-01-28,21,VLSFO,42.52,9.1,218.4,24,606.2604,0.57,Rough,FMS_MARITIME,2026-04-06
2023-01-01,22,VLSFO,78.62,15.7,376.8,24,649.7417,0.48,Moderate,FMS_MARITIME,2026-04-06
2023-01-02,22,LSMGO,56.05,16.2,388.8,24,448.919,0.71,Rough,FMS_MARITIME,2026-04-06
2023-01-03,22,LSMGO,70.17,11.0,264.0,24,827.687,0.71,Calm,FMS_MARITIME,2026-04-06
2023-01-04,22,HFO,18.91,18.0,432.0,24,136.3096,0.87,Calm,FMS_MARITIME,2026-04-06
2023-01-05,22,LSMGO,78.23,15.6,374.4,24,650.663,0.93,Calm,FMS_MARITIME,2026-04-06
2023-01-06,22,HFO,22.66,9.2,220.8,24,319.5799,0.73,Moderate,FMS_MARITIME,2026-04-06
2023-01-07,22,HFO,76.38,13.0,312.0,24,762.3312,0.74,Rough,FMS_MARITIME,2026-04-06
2023-01-08,22,HFO,73.8,10.1,242.4,24,948.0743,0.65,Calm,FMS_MARITIME,2026-04-06
2023-01-09,22,MGO,51.64,10.6,254.4,24,632.1028,0.62,Moderate,FMS_MARITIME,2026-04-06
2023-01-10,22,HFO,52.2,15.3,367.2,24,442.6765,0.85,Moderate,FMS_MARITIME,2026-04-06
2023-01-11,22,LSMGO,50.5,17.4,417.6,24,376.5733,0.84,Moderate,FMS_MARITIME,2026-04-06
2023-01-12,22,LSMGO,79.09,8.3,199.2,24,1236.3768,0.64,Moderate,FMS_MARITIME,2026-04-06
2023-01-13,22,LNG,43.12,10.7,256.8,24,522.8804,0.78,Calm,FMS_MARITIME,2026-04-06
2023-01-14,22,HFO,55.24,14.1,338.4,24,508.3255,0.73,Rough,FMS_MARITIME,2026-04-06
2023-01-15,22,MGO,49.05,14.4,345.6,24,441.9609,0.57,Rough,FMS_MARITIME,2026-04-06
2023-01-16,22,LSMGO,66.31,9.3,223.2,24,925.1315,0.48,Calm,FMS_MARITIME,2026-04-06
2023-01-17,22,LSMGO,54.62,14.8,355.2,24,478.8476,0.73,Moderate,FMS_MARITIME,2026-04-06
2023-01-18,22,VLSFO,64.37,15.7,376.8,24,531.975,0.45,Calm,FMS_MARITIME,2026-04-06
2023-01-19,22,MGO,51.67,10.4,249.6,24,644.6329,0.92,Calm,FMS_MARITIME,2026-04-06
2023-01-20,22,VLSFO,33.62,9.6,230.4,24,454.3953,0.61,Rough,FMS_MARITIME,2026-04-06
2023-01-21,22,MGO,30.21,14.8,355.2,24,264.8478,0.71,Rough,FMS_MARITIME,2026-04-06
2023-01-22,22,LNG,82.79,9.7,232.8,24,1107.4229,0.95,Moderate,FMS_MARITIME,2026-04-06
2023-01-23,22,HFO,24.18,15.9,381.6,24,197.3179,0.68,Moderate,FMS_MARITIME,2026-04-06
2023-01-24,22,HFO,31.01,17.0,408.0,24,236.6793,0.92,Moderate,FMS_MARITIME,2026-04-06
2023-01-25,22,LNG,74.78,8.1,194.4,24,1197.8648,0.46,Rough,FMS_MARITIME,2026-04-06
2023-01-26,22,HFO,55.98,14.5,348.0,24,500.9245,0.98,Moderate,FMS_MARITIME,2026-04-06
2023-01-27,22,LNG,83.92,13.4,321.6,24,812.5836,0.7,Calm,FMS_MARITIME,2026-04-06
2023-01-28,22,LNG,76.51,15.9,381.6,24,624.3505,0.66,Rough,FMS_MARITIME,2026-04-06
2023-01-28,22,MGO,40.51,14.2,340.8,24,370.153,0.41,Moderate,FMS_MARITIME,2026-04-06
2023-01-28,22,MGO,40.13,10.9,261.6,24,477.6943,0.99,Rough,FMS_MARITIME,2026-04-06
2023-01-01,23,LSMGO,35.48,9.5,228.0,24,484.5821,0.89,Rough,FMS_MARITIME,2026-04-06
2023-01-02,23,LNG,78.03,9.8,235.2,24,1033.1013,0.49,Moderate,FMS_MARITIME,2026-04-06
2023-01-03,23,LSMGO,48.24,15.6,374.4,24,401.2269,0.48,Calm,FMS_MARITIME,2026-04-06
2023-01-04,23,MGO,53.69,13.7,328.8,24,508.4874,0.53,Moderate,FMS_MARITIME,2026-04-06
2023-01-05,23,LNG,68.27,15.8,379.2,24,560.635,0.52,Calm,FMS_MARITIME,2026-04-06
2023-01-06,23,LNG,36.93,16.8,403.2,24,285.2183,0.62,Calm,FMS_MARITIME,2026-04-06
2023-01-07,23,LSMGO,79.05,9.0,216.0,24,1139.6375,0.73,Rough,FMS_MARITIME,2026-04-06
2023-01-08,23,VLSFO,21.89,17.9,429.6,24,158.6719,0.73,Calm,FMS_MARITIME,2026-04-06
2023-01-09,23,HFO,28.28,16.2,388.8,24,226.5019,0.95,Rough,FMS_MARITIME,2026-04-06
2023-01-10,23,VLSFO,72.49,13.7,328.8,24,686.5385,0.49,Moderate,FMS_MARITIME,2026-04-06
2023-01-11,23,HFO,62.78,17.8,427.2,24,457.6239,0.87,Moderate,FMS_MARITIME,2026-04-06
2023-01-12,23,VLSFO,56.72,8.8,211.2,24,836.2977,0.67,Rough,FMS_MARITIME,2026-04-06
2023-01-13,23,LSMGO,24.53,14.2,340.8,24,224.1386,0.66,Moderate,FMS_MARITIME,2026-04-06
2023-01-14,23,VLSFO,85.0,17.5,420.0,24,630.2143,0.62,Rough,FMS_MARITIME,2026-04-06
2023-01-15,23,LSMGO,31.41,10.4,249.6,24,391.87,0.65,Moderate,FMS_MARITIME,2026-04-06
2023-01-16,23,VLSFO,70.76,13.0,312.0,24,706.2392,0.66,Rough,FMS_MARITIME,2026-04-06
2023-01-17,23,LSMGO,79.08,10.4,249.6,24,986.599,0.91,Calm,FMS_MARITIME,2026-04-06
2023-01-18,23,VLSFO,82.68,12.4,297.6,24,865.1395,0.41,Rough,FMS_MARITIME,2026-04-06
2023-01-19,23,LNG,18.72,12.1,290.4,24,200.7372,0.47,Calm,FMS_MARITIME,2026-04-06
2023-01-20,23,HFO,40.56,12.1,290.4,24,434.9306,0.73,Moderate,FMS_MARITIME,2026-04-06
2023-01-21,23,LNG,44.76,17.1,410.4,24,339.6263,0.51,Rough,FMS_MARITIME,2026-04-06
2023-01-22,23,LNG,64.13,14.4,345.6,24,577.838,0.63,Moderate,FMS_MARITIME,2026-04-06
2023-01-23,23,LSMGO,28.82,10.5,252.0,24,356.1329,0.51,Moderate,FMS_MARITIME,2026-04-06
2023-01-24,23,VLSFO,78.02,15.9,381.6,24,636.6726,0.49,Rough,FMS_MARITIME,2026-04-06
2023-01-25,23,LSMGO,42.12,9.9,237.6,24,552.0273,0.94,Rough,FMS_MARITIME,2026-04-06
2023-01-26,23,HFO,16.85,17.2,412.8,24,127.1097,0.83,Moderate,FMS_MARITIME,2026-04-06
2023-01-27,23,MGO,17.22,9.0,216.0,24,248.255,0.78,Moderate,FMS_MARITIME,2026-04-06
2023-01-28,23,HFO,68.43,8.7,208.8,24,1020.5509,0.54,Moderate,FMS_MARITIME,2026-04-06
2023-01-28,23,LNG,63.67,14.2,340.8,24,581.7734,0.66,Calm,FMS_MARITIME,2026-04-06
2023-01-28,23,HFO,65.96,16.4,393.6,24,521.8482,0.74,Calm,FMS_MARITIME,2026-04-06
2023-01-01,24,HFO,69.34,17.6,422.4,24,511.1855,0.51,Rough,FMS_MARITIME,2026-04-06
2023-01-02,24,HFO,21.97,10.3,247.2,24,276.758,0.52,Rough,FMS_MARITIME,2026-04-06
2023-01-03,24,HFO,70.2,14.4,345.6,24,632.5312,0.84,Moderate,FMS_MARITIME,2026-04-06
2023-01-04,24,LNG,40.43,14.4,345.6,24,364.2911,0.99,Rough,FMS_MARITIME,2026-04-06
2023-01-05,24,LNG,16.57,17.9,429.6,24,120.1094,0.72,Rough,FMS_MARITIME,2026-04-06
2023-01-06,24,VLSFO,55.58,11.9,285.6,24,606.0088,0.47,Moderate,FMS_MARITIME,2026-04-06
2023-01-07,24,LSMGO,25.21,13.9,333.6,24,235.3236,0.46,Calm,FMS_MARITIME,2026-04-06
2023-01-08,24,LSMGO,20.43,16.6,398.4,24,159.6863,0.48,Rough,FMS_MARITIME,2026-04-06
2023-01-09,24,LNG,80.38,14.9,357.6,24,699.9534,0.69,Rough,FMS_MARITIME,2026-04-06
2023-01-10,24,VLSFO,82.41,16.9,405.6,24,632.704,0.83,Moderate,FMS_MARITIME,2026-04-06
2023-01-11,24,LSMGO,20.9,8.5,204.0,24,319.0324,0.54,Calm,FMS_MARITIME,2026-04-06
2023-01-12,24,LNG,25.95,16.1,386.4,24,209.1312,0.89,Rough,FMS_MARITIME,2026-04-06
2023-01-13,24,VLSFO,54.59,8.2,196.8,24,863.7869,0.61,Rough,FMS_MARITIME,2026-04-06
2023-01-14,24,LNG,22.13,13.3,319.2,24,215.8923,0.86,Calm,FMS_MARITIME,2026-04-06
2023-01-15,24,LNG,31.59,14.6,350.4,24,280.7399,0.78,Rough,FMS_MARITIME,2026-04-06
2023-01-16,24,VLSFO,46.18,12.3,295.2,24,487.1427,0.96,Calm,FMS_MARITIME,2026-04-06
2023-01-17,24,MGO,77.97,12.4,297.6,24,815.8554,0.86,Rough,FMS_MARITIME,2026-04-06
2023-01-18,24,HFO,35.76,14.7,352.8,24,315.6367,0.86,Calm,FMS_MARITIME,2026-04-06
2023-01-19,24,LNG,45.82,10.0,240.0,24,594.5145,0.62,Calm,FMS_MARITIME,2026-04-06
2023-01-20,24,VLSFO,25.48,8.0,192.0,24,413.2537,0.56,Rough,FMS_MARITIME,2026-04-06
2023-01-21,24,MGO,83.04,15.5,372.0,24,695.1252,0.88,Calm,FMS_MARITIME,2026-04-06
2023-01-22,24,MGO,44.47,13.1,314.4,24,440.4567,0.64,Calm,FMS_MARITIME,2026-04-06
2023-01-23,24,HFO,55.26,11.1,266.4,24,645.9446,0.81,Rough,FMS_MARITIME,2026-04-06
2023-01-24,24,LNG,53.8,13.0,312.0,24,536.9654,0.84,Rough,FMS_MARITIME,2026-04-06
2023-01-25,24,HFO,34.76,10.3,247.2,24,437.8748,0.92,Calm,FMS_MARITIME,2026-04-06
2023-01-26,24,LSMGO,65.54,15.9,381.6,24,534.8311,0.52,Rough,FMS_MARITIME,2026-04-06
2023-01-27,24,MGO,34.16,16.0,384.0,24,277.0162,0.4,Calm,FMS_MARITIME,2026-04-06
2023-01-28,24,LNG,69.37,16.9,405.6,24,532.5892,0.79,Moderate,FMS_MARITIME,2026-04-06
2023-01-28,24,HFO,27.97,9.1,218.4,24,398.803,0.93,Calm,FMS_MARITIME,2026-04-06
2023-01-28,24,MGO,34.89,15.2,364.8,24,297.8275,0.61,Calm,FMS_MARITIME,2026-04-06
2023-01-01,25,LSMGO,37.69,13.5,324.0,24,362.2428,0.5,Moderate,FMS_MARITIME,2026-04-06
2023-01-02,25,MGO,80.38,12.4,297.6,24,841.073,0.87,Calm,FMS_MARITIME,2026-04-06
2023-01-03,25,MGO,29.54,10.3,247.2,24,372.118,0.74,Moderate,FMS_MARITIME,2026-04-06
2023-01-04,25,HFO,76.92,15.1,362.4,24,660.9517,0.75,Rough,FMS_MARITIME,2026-04-06
2023-01-05,25,MGO,22.1,14.5,348.0,24,197.7569,0.69,Moderate,FMS_MARITIME,2026-04-06
2023-01-06,25,LNG,76.16,17.3,415.2,24,571.2,0.46,Calm,FMS_MARITIME,2026-04-06
2023-01-07,25,LNG,77.12,10.1,242.4,24,990.7248,0.74,Moderate,FMS_MARITIME,2026-04-06
2023-01-08,25,HFO,21.11,17.6,422.4,24,155.6263,0.69,Calm,FMS_MARITIME,2026-04-06
2023-01-09,25,HFO,32.8,14.9,357.6,24,285.6242,0.59,Rough,FMS_MARITIME,2026-04-06
2023-01-10,25,VLSFO,77.14,9.6,230.4,24,1042.5953,0.58,Calm,FMS_MARITIME,2026-04-06
2023-01-11,25,HFO,78.01,13.9,333.6,24,728.1869,0.52,Rough,FMS_MARITIME,2026-04-06
2023-01-12,25,LSMGO,65.87,15.9,381.6,24,537.5241,0.56,Rough,FMS_MARITIME,2026-04-06
2023-01-13,25,VLSFO,74.03,8.1,194.4,24,1185.8509,0.93,Rough,FMS_MARITIME,2026-04-06
2023-01-14,25,MGO,75.66,10.1,242.4,24,971.9688,0.67,Rough,FMS_MARITIME,2026-04-06
2023-01-15,25,MGO,27.17,9.2,220.8,24,383.1856,0.6,Moderate,FMS_MARITIME,2026-04-06
2023-01-16,25,LSMGO,22.73,17.3,415.2,24,170.475,0.51,Moderate,FMS_MARITIME,2026-04-06
2023-01-17,25,MGO,67.53,10.6,254.4,24,826.6054,0.57,Rough,FMS_MARITIME,2026-04-06
2023-01-18,25,VLSFO,46.44,16.3,391.2,24,369.6681,0.69,Rough,FMS_MARITIME,2026-04-06
2023-01-19,25,HFO,38.02,15.3,367.2,24,322.4245,0.6,Moderate,FMS_MARITIME,2026-04-06
2023-01-20,25,LSMGO,72.61,11.3,271.2,24,833.7299,0.59,Rough,FMS_MARITIME,2026-04-06
2023-01-21,25,LNG,71.66,10.1,242.4,24,920.5827,0.83,Moderate,FMS_MARITIME,2026-04-06
2023-01-22,25,HFO,25.89,14.4,345.6,24,233.2797,0.58,Rough,FMS_MARITIME,2026-04-06
2023-01-23,25,VLSFO,72.83,13.9,333.6,24,679.834,0.52,Rough,FMS_MARITIME,2026-04-06
2023-01-24,25,LSMGO,33.21,14.1,338.4,24,305.6027,0.64,Rough,FMS_MARITIME,2026-04-06
2023-01-25,25,MGO,22.08,13.5,324.0,24,212.2133,0.71,Moderate,FMS_MARITIME,2026-04-06
2023-01-26,25,LNG,77.71,14.8,355.2,24,681.2752,0.48,Moderate,FMS_MARITIME,2026-04-06
2023-01-27,25,LSMGO,44.84,9.3,223.2,24,625.5903,0.69,Calm,FMS_MARITIME,2026-04-06
2023-01-28,25,VLSFO,60.14,9.8,235.2,24,796.2413,0.43,Moderate,FMS_MARITIME,2026-04-06
2023-01-28,25,HFO,76.69,14.1,338.4,24,705.7112,0.81,Rough,FMS_MARITIME,2026-04-06
2023-01-28,25,MGO,42.75,17.4,417.6,24,318.7823,0.81,Rough,FMS_MARITIME,2026-04-06
2023-01-01,26,LSMGO,36.31,11.1,266.4,24,424.4345,0.43,Rough,FMS_MARITIME,2026-04-06
2023-01-02,26,LSMGO,64.89,17.1,410.4,24,492.3671,0.92,Moderate,FMS_MARITIME,2026-04-06
2023-01-03,26,HFO,83.22,17.6,422.4,24,613.5111,0.46,Rough,FMS_MARITIME,2026-04-06
2023-01-04,26,HFO,63.51,11.0,264.0,24,749.1293,0.93,Rough,FMS_MARITIME,2026-04-06
2023-01-05,26,HFO,19.91,15.8,379.2,24,163.5014,0.68,Calm,FMS_MARITIME,2026-04-06
2023-01-06,26,MGO,84.79,13.5,324.0,24,814.9261,0.74,Moderate,FMS_MARITIME,2026-04-06
2023-01-07,26,HFO,56.63,14.0,336.0,24,524.8388,0.8,Rough,FMS_MARITIME,2026-04-06
2023-01-08,26,MGO,48.31,14.3,343.2,24,438.3372,0.77,Calm,FMS_MARITIME,2026-04-06
2023-01-09,26,VLSFO,19.72,17.9,429.6,24,142.9425,0.78,Rough,FMS_MARITIME,2026-04-06
2023-01-10,26,HFO,69.49,15.7,376.8,24,574.2884,0.48,Moderate,FMS_MARITIME,2026-04-06
2023-01-11,26,LNG,17.12,13.1,314.4,24,169.5664,0.54,Calm,FMS_MARITIME,2026-04-06
2023-01-12,26,MGO,29.38,16.2,388.8,24,235.312,0.88,Moderate,FMS_MARITIME,2026-04-06
2023-01-13,26,HFO,47.86,8.9,213.6,24,697.7343,0.44,Rough,FMS_MARITIME,2026-04-06
2023-01-14,26,HFO,23.25,14.9,357.6,24,202.4622,0.77,Moderate,FMS_MARITIME,2026-04-06
2023-01-15,26,LNG,25.01,8.4,201.6,24,386.3152,0.48,Moderate,FMS_MARITIME,2026-04-06
2023-01-16,26,LSMGO,36.19,15.0,360.0,24,313.0435,0.61,Calm,FMS_MARITIME,2026-04-06
2023-01-17,26,HFO,62.44,10.2,244.8,24,794.2735,0.86,Moderate,FMS_MARITIME,2026-04-06
2023-01-18,26,LSMGO,23.46,9.0,216.0,24,338.215,0.97,Calm,FMS_MARITIME,2026-04-06
2023-01-19,26,HFO,57.24,9.1,218.4,24,816.1418,0.69,Calm,FMS_MARITIME,2026-04-06
2023-01-20,26,LSMGO,43.92,17.5,420.0,24,325.6354,0.88,Moderate,FMS_MARITIME,2026-04-06
2023-01-21,26,LSMGO,40.01,17.6,422.4,24,294.9601,0.89,Moderate,FMS_MARITIME,2026-04-06
2023-01-22,26,VLSFO,71.25,16.0,384.0,24,577.793,0.58,Calm,FMS_MARITIME,2026-04-06
2023-01-23,26,HFO,31.82,9.4,225.6,24,439.2176,0.94,Calm,FMS_MARITIME,2026-04-06
2023-01-24,26,HFO,28.31,10.5,252.0,24,349.8307,0.93,Moderate,FMS_MARITIME,2026-04-06
2023-01-25,26,VLSFO,56.9,9.6,230.4,24,769.0391,0.45,Rough,FMS_MARITIME,2026-04-06
2023-01-26,26,LSMGO,24.78,17.7,424.8,24,181.65,0.54,Moderate,FMS_MARITIME,2026-04-06
2023-01-27,26,LSMGO,52.61,14.0,336.0,24,487.582,0.63,Calm,FMS_MARITIME,2026-04-06
2023-01-28,26,LNG,72.92,11.3,271.2,24,837.2894,0.59,Rough,FMS_MARITIME,2026-04-06
2023-01-28,26,VLSFO,52.5,10.3,247.2,24,661.3471,0.55,Moderate,FMS_MARITIME,2026-04-06
2023-01-28,26,LNG,69.88,16.5,396.0,24,549.5109,0.52,Rough,FMS_MARITIME,2026-04-06
2023-01-01,27,MGO,51.7,8.6,206.4,24,780.0087,0.85,Calm,FMS_MARITIME,2026-04-06
2023-01-02,27,LNG,31.37,17.4,417.6,24,233.9228,0.6,Moderate,FMS_MARITIME,2026-04-06
2023-01-03,27,LSMGO,74.37,16.0,384.0,24,603.0942,0.62,Rough,FMS_MARITIME,2026-04-06
2023-01-04,27,LNG,54.75,14.5,348.0,24,489.9181,0.89,Rough,FMS_MARITIME,2026-04-06
2023-01-05,27,MGO,42.68,12.2,292.8,24,453.9123,0.62,Rough,FMS_MARITIME,2026-04-06
2023-01-06,27,MGO,78.58,14.0,336.0,24,728.2682,0.86,Moderate,FMS_MARITIME,2026-04-06
2023-01-07,27,HFO,52.73,14.0,336.0,24,488.6941,0.95,Rough,FMS_MARITIME,2026-04-06
2023-01-08,27,LNG,41.81,14.5,348.0,24,374.1274,0.69,Rough,FMS_MARITIME,2026-04-06
2023-01-09,27,MGO,28.58,12.4,297.6,24,299.0528,0.69,Moderate,FMS_MARITIME,2026-04-06
2023-01-10,27,HFO,45.15,11.9,285.6,24,492.2868,0.7,Calm,FMS_MARITIME,2026-04-06
2023-01-11,27,VLSFO,26.87,9.3,223.2,24,374.8798,0.74,Calm,FMS_MARITIME,2026-04-06
2023-01-12,27,LNG,45.01,13.7,328.8,24,426.2808,0.79,Rough,FMS_MARITIME,2026-04-06
2023-01-13,27,LNG,28.72,8.8,211.2,24,423.4568,0.74,Rough,FMS_MARITIME,2026-04-06
2023-01-14,27,LSMGO,75.76,11.2,268.8,24,877.6661,0.93,Calm,FMS_MARITIME,2026-04-06
2023-01-15,27,LNG,34.81,8.7,208.8,24,519.1491,0.84,Moderate,FMS_MARITIME,2026-04-06
2023-01-16,27,VLSFO,28.65,10.7,256.8,24,347.4147,0.86,Calm,FMS_MARITIME,2026-04-06
2023-01-17,27,HFO,23.7,13.8,331.2,24,222.8315,0.86,Moderate,FMS_MARITIME,2026-04-06
2023-01-18,27,VLSFO,16.61,11.9,285.6,24,181.1048,0.56,Moderate,FMS_MARITIME,2026-04-06
2023-01-19,27,MGO,83.77,14.9,357.6,24,729.4737,0.92,Calm,FMS_MARITIME,2026-04-06
2023-01-20,27,HFO,20.48,9.6,230.4,24,276.8,0.8,Rough,FMS_MARITIME,2026-04-06
2023-01-21,27,VLSFO,40.05,15.4,369.6,24,337.4343,0.59,Moderate,FMS_MARITIME,2026-04-06
2023-01-22,27,LSMGO,47.06,15.7,376.8,24,388.9194,0.64,Moderate,FMS_MARITIME,2026-04-06
2023-01-23,27,LSMGO,42.5,16.3,391.2,24,338.3052,0.94,Calm,FMS_MARITIME,2026-04-06
2023-01-24,27,LSMGO,51.89,11.8,283.2,24,570.5701,0.78,Rough,FMS_MARITIME,2026-04-06
2023-01-25,27,LSMGO,74.03,9.8,235.2,24,980.1421,0.79,Moderate,FMS_MARITIME,2026-04-06
2023-01-26,27,MGO,20.81,16.1,386.4,24,167.7079,0.95,Moderate,FMS_MARITIME,2026-04-06
2023-01-27,27,LSMGO,75.92,8.6,206.4,24,1145.4209,0.9,Rough,FMS_MARITIME,2026-04-06
2023-01-28,27,LSMGO,29.81,10.4,249.6,24,371.9084,0.49,Rough,FMS_MARITIME,2026-04-06
2023-01-28,27,LNG,38.03,11.9,285.6,24,414.6548,0.66,Rough,FMS_MARITIME,2026-04-06
2023-01-28,27,HFO,62.82,15.7,376.8,24,519.1653,0.94,Moderate,FMS_MARITIME,2026-04-06
2023-01-01,28,LNG,42.15,9.5,228.0,24,575.6803,0.63,Rough,FMS_MARITIME,2026-04-06
2023-01-02,28,MGO,74.22,13.9,333.6,24,692.809,0.98,Moderate,FMS_MARITIME,2026-04-06
2023-01-03,28,HFO,16.0,15.9,381.6,24,130.566,0.52,Rough,FMS_MARITIME,2026-04-06
2023-01-04,28,LSMGO,63.11,10.7,256.8,24,765.2825,0.8,Calm,FMS_MARITIME,2026-04-06
2023-01-05,28,LNG,80.66,12.0,288.0,24,872.1362,0.91,Calm,FMS_MARITIME,2026-04-06
2023-01-06,28,LNG,44.17,15.5,372.0,24,369.7456,0.84,Rough,FMS_MARITIME,2026-04-06
2023-01-07,28,HFO,71.77,14.7,352.8,24,633.4801,0.49,Calm,FMS_MARITIME,2026-04-06
2023-01-08,28,LNG,65.74,14.5,348.0,24,588.2597,0.47,Calm,FMS_MARITIME,2026-04-06
2023-01-09,28,LNG,23.16,16.7,400.8,24,179.9407,0.51,Calm,FMS_MARITIME,2026-04-06
2023-01-10,28,HFO,20.51,14.3,343.2,24,186.096,0.51,Rough,FMS_MARITIME,2026-04-06
2023-01-11,28,MGO,59.42,8.5,204.0,24,907.0288,0.92,Rough,FMS_MARITIME,2026-04-06
2023-01-12,28,LSMGO,31.94,17.2,412.8,24,240.9427,0.78,Calm,FMS_MARITIME,2026-04-06
2023-01-13,28,HFO,36.15,17.8,427.2,24,263.5091,0.62,Calm,FMS_MARITIME,2026-04-06
2023-01-14,28,LNG,39.16,8.7,208.8,24,584.0241,0.6,Moderate,FMS_MARITIME,2026-04-06
2023-01-15,28,LNG,37.75,17.2,412.8,24,284.7711,0.43,Moderate,FMS_MARITIME,2026-04-06
2023-01-16,28,HFO,48.63,17.9,429.6,24,352.4996,0.42,Moderate,FMS_MARITIME,2026-04-06
2023-01-17,28,LNG,72.64,12.4,297.6,24,760.0839,0.52,Moderate,FMS_MARITIME,2026-04-06
2023-01-18,28,LSMGO,16.87,11.1,266.4,24,197.1966,0.47,Calm,FMS_MARITIME,2026-04-06
2023-01-19,28,VLSFO,75.95,16.8,403.2,24,586.5781,0.71,Calm,FMS_MARITIME,2026-04-06
2023-01-20,28,VLSFO,18.32,10.5,252.0,24,226.3829,0.81,Calm,FMS_MARITIME,2026-04-06
2023-01-21,28,VLSFO,61.83,10.0,240.0,24,802.2442,0.73,Calm,FMS_MARITIME,2026-04-06
2023-01-22,28,LSMGO,28.63,10.3,247.2,24,360.6546,0.71,Calm,FMS_MARITIME,2026-04-06
2023-01-23,28,LSMGO,54.26,12.3,295.2,24,572.3768,0.84,Moderate,FMS_MARITIME,2026-04-06
2023-01-24,28,MGO,27.71,17.1,410.4,24,210.2557,0.49,Calm,FMS_MARITIME,2026-04-06
2023-01-25,28,LNG,31.23,12.1,290.4,24,334.8837,0.44,Rough,FMS_MARITIME,2026-04-06
2023-01-26,28,LNG,68.05,8.8,211.2,24,1003.3509,0.96,Calm,FMS_MARITIME,2026-04-06
2023-01-27,28,HFO,19.37,11.7,280.8,24,214.8083,0.98,Moderate,FMS_MARITIME,2026-04-06
2023-01-28,28,HFO,76.72,16.4,393.6,24,606.9768,0.5,Rough,FMS_MARITIME,2026-04-06
2023-01-28,28,LNG,45.17,10.6,254.4,24,552.9064,0.81,Calm,FMS_MARITIME,2026-04-06
2023-01-28,28,LNG,67.45,16.4,393.6,24,533.6364,0.52,Rough,FMS_MARITIME,2026-04-06
2023-01-01,29,MGO,63.32,8.5,204.0,24,966.5612,0.9,Calm,FMS_MARITIME,2026-04-06
2023-01-02,29,LNG,15.78,12.3,295.2,24,166.4598,0.77,Moderate,FMS_MARITIME,2026-04-06
2023-01-03,29,LNG,53.72,13.2,316.8,24,528.0432,0.67,Calm,FMS_MARITIME,2026-04-06
2023-01-04,29,LNG,44.89,12.8,307.2,24,455.0373,0.77,Calm,FMS_MARITIME,2026-04-06
2023-01-05,29,LNG,19.71,12.9,309.6,24,198.2459,0.67,Moderate,FMS_MARITIME,2026-04-06
2023-01-06,29,HFO,60.21,13.2,316.8,24,591.8369,0.85,Calm,FMS_MARITIME,2026-04-06
2023-01-07,29,LNG,53.89,9.4,225.6,24,743.854,0.68,Rough,FMS_MARITIME,2026-04-06
2023-01-08,29,HFO,81.28,17.3,415.2,24,609.6,0.66,Calm,FMS_MARITIME,2026-04-06
2023-01-09,29,HFO,65.73,12.9,309.6,24,661.1215,0.84,Moderate,FMS_MARITIME,2026-04-06
2023-01-10,29,MGO,48.21,16.7,400.8,24,374.5657,0.88,Rough,FMS_MARITIME,2026-04-06
2023-01-11,29,VLSFO,51.37,8.7,208.8,24,766.1216,0.74,Rough,FMS_MARITIME,2026-04-06
2023-01-12,29,LNG,67.17,14.6,350.4,24,596.9389,0.99,Calm,FMS_MARITIME,2026-04-06
2023-01-13,29,HFO,43.33,11.5,276.0,24,488.8754,1.0,Calm,FMS_MARITIME,2026-04-06
2023-01-14,29,MGO,28.77,12.1,290.4,24,308.5048,0.83,Moderate,FMS_MARITIME,2026-04-06
2023-01-15,29,MGO,33.67,15.3,367.2,24,285.5348,0.78,Rough,FMS_MARITIME,2026-04-06
2023-01-16,29,MGO,48.55,14.0,336.0,24,449.9545,0.77,Calm,FMS_MARITIME,2026-04-06
2023-01-17,29,LNG,27.34,16.7,400.8,24,212.4171,0.68,Calm,FMS_MARITIME,2026-04-06
2023-01-18,29,LNG,58.38,17.8,427.2,24,425.5508,0.45,Calm,FMS_MARITIME,2026-04-06
2023-01-19,29,VLSFO,62.92,10.9,261.6,24,748.9789,0.74,Moderate,FMS_MARITIME,2026-04-06
2023-01-20,29,LSMGO,25.39,8.9,213.6,24,370.152,0.49,Rough,FMS_MARITIME,2026-04-06
2023-01-21,29,MGO,31.99,10.9,261.6,24,380.7984,0.98,Calm,FMS_MARITIME,2026-04-06
2023-01-22,29,LSMGO,33.64,13.9,333.6,24,314.0137,0.57,Calm,FMS_MARITIME,2026-04-06
2023-01-23,29,VLSFO,70.53,11.9,285.6,24,769.0141,0.91,Rough,FMS_MARITIME,2026-04-06
2023-01-24,29,HFO,51.15,13.0,312.0,24,510.5163,0.86,Calm,FMS_MARITIME,2026-04-06
2023-01-25,29,MGO,70.21,14.7,352.8,24,619.7107,0.74,Moderate,FMS_MARITIME,2026-04-06
2023-01-26,29,LSMGO,80.87,9.3,223.2,24,1128.2669,0.89,Moderate,FMS_MARITIME,2026-04-06
2023-01-27,29,MGO,22.07,9.4,225.6,24,304.6364,0.58,Moderate,FMS_MARITIME,2026-04-06
2023-01-28,29,LNG,62.59,13.7,328.8,24,592.7776,0.77,Rough,FMS_MARITIME,2026-04-06
2023-01-28,29,LSMGO,28.49,14.6,350.4,24,253.1902,0.78,Moderate,FMS_MARITIME,2026-04-06
2023-01-28,29,VLSFO,26.17,14.8,355.2,24,229.4296,0.75,Calm,FMS_MARITIME,2026-04-06
2023-01-01,30,VLSFO,55.57,16.5,396.0,24,436.9823,0.58,Calm,FMS_MARITIME,2026-04-06
2023-01-02,30,VLSFO,38.55,13.7,328.8,24,365.0995,0.45,Moderate,FMS_MARITIME,2026-04-06
2023-01-03,30,MGO,34.27,16.8,403.2,24,264.6746,0.63,Moderate,FMS_MARITIME,2026-04-06
2023-01-04,30,LSMGO,82.2,15.7,376.8,24,679.328,0.91,Moderate,FMS_MARITIME,2026-04-06
2023-01-05,30,LNG,29.57,15.7,376.8,24,244.3763,0.56,Moderate,FMS_MARITIME,2026-04-06
2023-01-06,30,MGO,55.26,17.8,427.2,24,402.8081,0.8,Moderate,FMS_MARITIME,2026-04-06
2023-01-07,30,HFO,52.36,9.2,220.8,24,738.4467,0.95,Rough,FMS_MARITIME,2026-04-06
2023-01-08,30,VLSFO,16.04,11.5,276.0,24,180.973,0.64,Moderate,FMS_MARITIME,2026-04-06
2023-01-09,30,LNG,83.46,11.9,285.6,24,909.9945,0.59,Rough,FMS_MARITIME,2026-04-06
2023-01-10,30,LSMGO,39.42,9.5,228.0,24,538.3942,0.56,Calm,FMS_MARITIME,2026-04-06
2023-01-11,30,VLSFO,82.91,16.4,393.6,24,655.9495,0.62,Calm,FMS_MARITIME,2026-04-06
2023-01-12,30,HFO,33.66,17.2,412.8,24,253.9177,0.81,Calm,FMS_MARITIME,2026-04-06
2023-01-13,30,HFO,69.2,9.0,216.0,24,997.6333,0.64,Rough,FMS_MARITIME,2026-04-06
2023-01-14,30,LSMGO,47.67,9.5,228.0,24,651.0718,0.77,Calm,FMS_MARITIME,2026-04-06
2023-01-15,30,MGO,39.46,12.9,309.6,24,396.8942,0.96,Rough,FMS_MARITIME,2026-04-06
2023-01-16,30,VLSFO,36.16,10.7,256.8,24,438.4822,0.83,Rough,FMS_MARITIME,2026-04-06
2023-01-17,30,VLSFO,44.8,13.0,312.0,24,447.1385,0.7,Rough,FMS_MARITIME,2026-04-06
2023-01-18,30,MGO,65.04,16.4,393.6,24,514.5695,0.74,Moderate,FMS_MARITIME,2026-04-06
2023-01-19,30,VLSFO,74.61,9.3,223.2,24,1040.9298,0.41,Calm,FMS_MARITIME,2026-04-06
2023-01-20,30,LNG,43.4,13.6,326.4,24,414.0551,0.54,Moderate,FMS_MARITIME,2026-04-06
2023-01-21,30,LSMGO,36.36,9.2,220.8,24,512.7946,0.77,Rough,FMS_MARITIME,2026-04-06
2023-01-22,30,LNG,46.05,13.2,316.8,24,452.6506,0.61,Rough,FMS_MARITIME,2026-04-06
2023-01-23,30,LSMGO,56.97,12.1,290.4,24,610.8973,0.55,Rough,FMS_MARITIME,2026-04-06
2023-01-24,30,MGO,32.46,14.6,350.4,24,288.4716,0.91,Moderate,FMS_MARITIME,2026-04-06
2023-01-25,30,HFO,31.9,9.4,225.6,24,440.3218,0.47,Calm,FMS_MARITIME,2026-04-06
2023-01-26,30,MGO,64.72,16.1,386.4,24,521.5789,0.69,Calm,FMS_MARITIME,2026-04-06
2023-01-27,30,LNG,49.75,8.4,201.6,24,768.4598,0.54,Rough,FMS_MARITIME,2026-04-06
2023-01-28,30,LNG,25.52,8.7,208.8,24,380.6,0.74,Moderate,FMS_MARITIME,2026-04-06
2023-01-28,30,LSMGO,64.06,17.5,420.0,24,474.9591,0.91,Rough,FMS_MARITIME,2026-04-06
2023-01-28,30,MGO,72.93,10.7,256.8,24,884.3614,0.42,Moderate,FMS_MARITIME,2026-04-06
2023-01-01,31,VLSFO,34.68,11.3,271.2,24,398.2062,0.97,Calm,FMS_MARITIME,2026-04-06
2023-01-02,31,MGO,74.98,12.5,300.0,24,778.2924,0.62,Moderate,FMS_MARITIME,2026-04-06
2023-01-03,31,MGO,20.19,12.5,300.0,24,209.5722,0.72,Rough,FMS_MARITIME,2026-04-06
2023-01-04,31,VLSFO,27.91,16.8,403.2,24,215.5549,0.7,Moderate,FMS_MARITIME,2026-04-06
2023-01-05,31,LNG,56.14,12.0,288.0,24,607.0137,0.77,Calm,FMS_MARITIME,2026-04-06
2023-01-06,31,LNG,36.23,16.6,398.4,24,283.1833,0.57,Rough,FMS_MARITIME,2026-04-06
2023-01-07,31,LSMGO,29.86,14.5,348.0,24,267.1955,0.85,Moderate,FMS_MARITIME,2026-04-06
2023-01-08,31,MGO,57.93,8.1,194.4,24,927.9528,0.92,Calm,FMS_MARITIME,2026-04-06
2023-01-09,31,LNG,60.41,9.8,235.2,24,799.8161,0.56,Calm,FMS_MARITIME,2026-04-06
2023-01-10,31,VLSFO,57.46,12.8,307.2,24,582.4559,0.57,Calm,FMS_MARITIME,2026-04-06
2023-01-11,31,LNG,18.2,9.2,220.8,24,256.6793,0.46,Calm,FMS_MARITIME,2026-04-06
2023-01-12,31,VLSFO,36.49,15.9,381.6,24,297.7722,0.44,Calm,FMS_MARITIME,2026-04-06
2023-01-13,31,HFO,80.14,14.5,348.0,24,717.1148,0.84,Calm,FMS_MARITIME,2026-04-06
2023-01-14,31,HFO,29.28,15.5,372.0,24,245.1019,0.89,Calm,FMS_MARITIME,2026-04-06
2023-01-15,31,LNG,22.5,17.9,429.6,24,163.0936,0.84,Rough,FMS_MARITIME,2026-04-06
2023-01-16,31,LSMGO,37.5,17.4,417.6,24,279.6336,0.42,Calm,FMS_MARITIME,2026-04-06
2023-01-17,31,LSMGO,33.77,13.3,319.2,24,329.4479,0.87,Calm,FMS_MARITIME,2026-04-06
2023-01-18,31,LSMGO,70.46,13.8,331.2,24,662.4772,0.65,Calm,FMS_MARITIME,2026-04-06
2023-01-19,31,LNG,15.33,14.7,352.8,24,135.3107,0.82,Rough,FMS_MARITIME,2026-04-06
2023-01-20,31,VLSFO,43.64,9.1,218.4,24,622.2297,0.99,Moderate,FMS_MARITIME,2026-04-06
2023-01-21,31,VLSFO,70.7,14.7,352.8,24,624.0357,0.53,Moderate,FMS_MARITIME,2026-04-06
2023-01-22,31,LSMGO,46.83,18.0,432.0,24,337.5663,0.61,Rough,FMS_MARITIME,2026-04-06
2023-01-23,31,VLSFO,53.84,17.7,424.8,24,394.6746,0.95,Rough,FMS_MARITIME,2026-04-06
2023-01-24,31,HFO,58.29,16.2,388.8,24,466.8597,0.6,Calm,FMS_MARITIME,2026-04-06
2023-01-25,31,HFO,32.69,16.1,386.4,24,263.4489,0.49,Moderate,FMS_MARITIME,2026-04-06
2023-01-26,31,LSMGO,20.95,13.2,316.8,24,205.929,0.93,Rough,FMS_MARITIME,2026-04-06
2023-01-27,31,LSMGO,22.19,17.9,429.6,24,160.8465,0.95,Moderate,FMS_MARITIME,2026-04-06
2023-01-28,31,VLSFO,83.9,14.3,343.2,24,761.2605,0.43,Moderate,FMS_MARITIME,2026-04-06
2023-01-28,31,LSMGO,30.1,8.4,201.6,24,464.9375,0.55,Rough,FMS_MARITIME,2026-04-06
2023-01-28,31,MGO,83.15,15.4,369.6,24,700.5657,0.6,Calm,FMS_MARITIME,2026-04-06
2023-01-01,32,LNG,21.3,14.7,352.8,24,188.0051,0.82,Rough,FMS_MARITIME,2026-04-06
2023-01-02,32,VLSFO,34.69,14.1,338.4,24,319.2218,0.78,Moderate,FMS_MARITIME,2026-04-06
2023-01-03,32,HFO,43.29,12.7,304.8,24,442.2738,0.99,Calm,FMS_MARITIME,2026-04-06
2023-01-04,32,MGO,33.37,14.8,355.2,24,292.5512,0.48,Calm,FMS_MARITIME,2026-04-06
2023-01-05,32,HFO,40.94,11.0,264.0,24,482.9059,0.93,Calm,FMS_MARITIME,2026-04-06
2023-01-06,32,LSMGO,45.31,12.4,297.6,24,474.1107,0.89,Moderate,FMS_MARITIME,2026-04-06
2023-01-07,32,MGO,79.05,13.0,312.0,24,788.9798,0.56,Calm,FMS_MARITIME,2026-04-06
2023-01-08,32,MGO,65.72,16.0,384.0,24,532.9481,0.61,Rough,FMS_MARITIME,2026-04-06
2023-01-09,32,LNG,75.58,10.1,242.4,24,970.9411,0.64,Rough,FMS_MARITIME,2026-04-06
2023-01-10,32,LSMGO,69.94,15.2,364.8,24,597.0207,0.48,Rough,FMS_MARITIME,2026-04-06
2023-01-11,32,MGO,49.67,8.4,201.6,24,767.2241,0.93,Rough,FMS_MARITIME,2026-04-06
2023-01-12,32,LSMGO,27.83,10.2,244.8,24,354.014,0.41,Rough,FMS_MARITIME,2026-04-06
2023-01-13,32,MGO,52.2,14.9,357.6,24,454.5604,0.64,Moderate,FMS_MARITIME,2026-04-06
2023-01-14,32,LNG,27.24,16.0,384.0,24,220.8994,0.73,Rough,FMS_MARITIME,2026-04-06
2023-01-15,32,LSMGO,29.81,11.4,273.6,24,339.2849,0.48,Calm,FMS_MARITIME,2026-04-06
2023-01-16,32,VLSFO,27.02,8.2,196.8,24,427.5421,0.53,Rough,FMS_MARITIME,2026-04-06
2023-01-17,32,MGO,21.6,8.5,204.0,24,329.7176,0.44,Moderate,FMS_MARITIME,2026-04-06
2023-01-18,32,LNG,77.37,16.5,396.0,24,608.4095,0.99,Calm,FMS_MARITIME,2026-04-06
2023-01-19,32,HFO,68.08,13.4,321.6,24,659.2075,0.63,Moderate,FMS_MARITIME,2026-04-06
2023-01-20,32,VLSFO,58.19,12.1,290.4,24,623.9795,0.48,Rough,FMS_MARITIME,2026-04-06
2023-01-21,32,HFO,26.58,16.6,398.4,24,207.7563,0.55,Moderate,FMS_MARITIME,2026-04-06
2023-01-22,32,MGO,24.19,12.5,300.0,24,251.0922,0.56,Calm,FMS_MARITIME,2026-04-06
2023-01-23,32,MGO,62.68,14.5,348.0,24,560.8779,0.92,Rough,FMS_MARITIME,2026-04-06
2023-01-24,32,VLSFO,29.26,12.5,300.0,24,303.7188,0.43,Calm,FMS_MARITIME,2026-04-06
2023-01-25,32,LSMGO,67.03,9.2,220.8,24,945.3416,0.91,Rough,FMS_MARITIME,2026-04-06
2023-01-26,32,LSMGO,34.89,9.2,220.8,24,492.0628,0.99,Rough,FMS_MARITIME,2026-04-06
2023-01-27,32,VLSFO,16.98,16.5,396.0,24,133.5245,0.71,Moderate,FMS_MARITIME,2026-04-06
2023-01-28,32,LSMGO,78.11,14.8,355.2,24,684.7819,0.42,Moderate,FMS_MARITIME,2026-04-06
2023-01-28,32,HFO,25.61,11.6,278.4,24,286.4567,0.99,Calm,FMS_MARITIME,2026-04-06
2023-01-28,32,MGO,36.09,12.0,288.0,24,390.2231,0.81,Rough,FMS_MARITIME,2026-04-06
2023-01-01,33,LSMGO,28.25,8.1,194.4,24,452.5231,0.97,Rough,FMS_MARITIME,2026-04-06
2023-01-02,33,VLSFO,25.72,13.5,324.0,24,247.1978,0.83,Rough,FMS_MARITIME,2026-04-06
2023-01-03,33,MGO,65.75,13.2,316.8,24,646.2926,0.95,Moderate,FMS_MARITIME,2026-04-06
2023-01-04,33,MGO,63.02,17.0,408.0,24,480.9909,0.99,Calm,FMS_MARITIME,2026-04-06
2023-01-05,33,LSMGO,43.2,16.6,398.4,24,337.6627,0.51,Moderate,FMS_MARITIME,2026-04-06
2023-01-06,33,LSMGO,60.13,10.1,242.4,24,772.4621,0.7,Calm,FMS_MARITIME,2026-04-06
2023-01-07,33,LSMGO,34.64,16.3,391.2,24,275.7387,0.66,Rough,FMS_MARITIME,2026-04-06
2023-01-08,33,HFO,62.17,9.5,228.0,24,849.1113,0.72,Rough,FMS_MARITIME,2026-04-06
2023-01-09,33,LSMGO,67.9,8.1,194.4,24,1087.6574,0.47,Rough,FMS_MARITIME,2026-04-06
2023-01-10,33,LNG,25.58,10.3,247.2,24,322.2335,0.56,Rough,FMS_MARITIME,2026-04-06
2023-01-11,33,HFO,22.08,13.6,326.4,24,210.6529,0.5,Calm,FMS_MARITIME,2026-04-06
2023-01-12,33,MGO,61.14,15.4,369.6,24,515.1244,0.45,Moderate,FMS_MARITIME,2026-04-06
2023-01-13,33,LSMGO,24.03,10.4,249.6,24,299.7974,0.66,Rough,FMS_MARITIME,2026-04-06
2023-01-14,33,VLSFO,36.82,16.1,386.4,24,296.7326,0.68,Moderate,FMS_MARITIME,2026-04-06
2023-01-15,33,LSMGO,33.26,12.7,304.8,24,339.802,0.83,Calm,FMS_MARITIME,2026-04-06
2023-01-16,33,HFO,40.1,11.9,285.6,24,437.2248,0.45,Rough,FMS_MARITIME,2026-04-06
2023-01-17,33,VLSFO,21.85,13.2,316.8,24,214.7756,0.94,Rough,FMS_MARITIME,2026-04-06
2023-01-18,33,LSMGO,78.73,10.6,254.4,24,963.6998,0.48,Moderate,FMS_MARITIME,2026-04-06
2023-01-19,33,VLSFO,58.28,10.9,261.6,24,693.7459,0.52,Moderate,FMS_MARITIME,2026-04-06
2023-01-20,33,VLSFO,28.27,13.0,312.0,24,282.1563,0.49,Calm,FMS_MARITIME,2026-04-06
2023-01-21,33,MGO,24.51,15.4,369.6,24,206.5047,0.42,Rough,FMS_MARITIME,2026-04-06
2023-01-22,33,VLSFO,30.99,11.4,273.6,24,352.7151,0.93,Calm,FMS_MARITIME,2026-04-06
2023-01-23,33,MGO,47.0,10.7,256.8,24,569.9299,0.5,Rough,FMS_MARITIME,2026-04-06
2023-01-24,33,MGO,59.3,17.3,415.2,24,444.75,1.0,Rough,FMS_MARITIME,2026-04-06
2023-01-25,33,VLSFO,36.34,16.4,393.6,24,287.507,0.53,Moderate,FMS_MARITIME,2026-04-06
2023-01-26,33,HFO,84.93,13.5,324.0,24,816.2717,0.47,Moderate,FMS_MARITIME,2026-04-06
2023-01-27,33,LNG,67.34,16.3,391.2,24,536.0347,0.78,Moderate,FMS_MARITIME,2026-04-06
2023-01-28,33,LSMGO,80.09,9.3,223.2,24,1117.3847,0.72,Moderate,FMS_MARITIME,2026-04-06
2023-01-28,33,VLSFO,79.92,12.8,307.2,24,810.1266,0.5,Moderate,FMS_MARITIME,2026-04-06
2023-01-28,33,LNG,34.3,11.5,276.0,24,386.9935,0.79,Calm,FMS_MARITIME,2026-04-06
2023-01-01,34,HFO,53.81,10.9,261.6,24,640.5365,0.91,Calm,FMS_MARITIME,2026-04-06
2023-01-02,34,HFO,63.21,11.1,266.4,24,738.8736,0.7,Moderate,FMS_MARITIME,2026-04-06
2023-01-03,34,VLSFO,24.46,13.5,324.0,24,235.0878,0.41,Calm,FMS_MARITIME,2026-04-06
2023-01-04,34,HFO,46.34,12.7,304.8,24,473.4343,0.6,Moderate,FMS_MARITIME,2026-04-06
2023-01-05,34,HFO,26.55,16.9,405.6,24,203.838,0.78,Moderate,FMS_MARITIME,2026-04-06
2023-01-06,34,LNG,67.46,11.3,271.2,24,774.596,0.67,Moderate,FMS_MARITIME,2026-04-06
2023-01-07,34,LSMGO,57.31,8.1,194.4,24,918.0213,0.81,Calm,FMS_MARITIME,2026-04-06
2023-01-08,34,MGO,24.82,10.9,261.6,24,295.4491,0.41,Rough,FMS_MARITIME,2026-04-06
2023-01-09,34,LNG,31.02,10.0,240.0,24,402.4845,0.98,Moderate,FMS_MARITIME,2026-04-06
2023-01-10,34,HFO,25.08,10.2,244.8,24,319.0324,0.94,Calm,FMS_MARITIME,2026-04-06
2023-01-11,34,HFO,36.13,12.7,304.8,24,369.1234,0.47,Calm,FMS_MARITIME,2026-04-06
2023-01-12,34,LSMGO,59.27,16.3,391.2,24,471.7965,0.46,Moderate,FMS_MARITIME,2026-04-06
2023-01-13,34,MGO,37.01,16.7,400.8,24,287.5478,0.51,Rough,FMS_MARITIME,2026-04-06
2023-01-14,34,MGO,61.16,13.5,324.0,24,587.8156,0.65,Rough,FMS_MARITIME,2026-04-06
2023-01-15,34,HFO,78.0,13.7,328.8,24,738.7226,0.55,Calm,FMS_MARITIME,2026-04-06
2023-01-16,34,MGO,81.71,15.1,362.4,24,702.1108,0.97,Moderate,FMS_MARITIME,2026-04-06
2023-01-17,34,HFO,77.77,11.5,276.0,24,877.4485,0.41,Moderate,FMS_MARITIME,2026-04-06
2023-01-18,34,HFO,40.66,8.2,196.8,24,643.3701,0.65,Moderate,FMS_MARITIME,2026-04-06
2023-01-19,34,HFO,57.55,14.9,357.6,24,501.1485,0.72,Moderate,FMS_MARITIME,2026-04-06
2023-01-20,34,HFO,65.32,14.5,348.0,24,584.5014,0.69,Moderate,FMS_MARITIME,2026-04-06
2023-01-21,34,LSMGO,50.69,13.6,326.4,24,483.605,0.83,Rough,FMS_MARITIME,2026-04-06
2023-01-22,34,MGO,69.87,16.8,403.2,24,539.621,0.58,Moderate,FMS_MARITIME,2026-04-06
2023-01-23,34,MGO,51.51,14.3,343.2,24,467.3722,0.92,Moderate,FMS_MARITIME,2026-04-06
2023-01-24,34,LSMGO,73.29,17.8,427.2,24,534.2347,0.63,Rough,FMS_MARITIME,2026-04-06
2023-01-25,34,MGO,39.42,12.6,302.4,24,405.9321,0.61,Rough,FMS_MARITIME,2026-04-06
2023-01-26,34,MGO,47.6,15.6,374.4,24,395.9038,0.48,Moderate,FMS_MARITIME,2026-04-06
2023-01-27,34,VLSFO,44.93,9.7,232.8,24,600.9966,0.9,Calm,FMS_MARITIME,2026-04-06
2023-01-28,34,MGO,84.43,17.8,427.2,24,615.4378,0.61,Moderate,FMS_MARITIME,2026-04-06
2023-01-28,34,LNG,74.38,13.6,326.4,24,709.618,0.87,Calm,FMS_MARITIME,2026-04-06
2023-01-28,34,LNG,63.26,8.3,199.2,24,988.9139,0.59,Rough,FMS_MARITIME,2026-04-06
2023-01-01,35,VLSFO,23.7,8.4,201.6,24,366.0804,0.67,Calm,FMS_MARITIME,2026-04-06
2023-01-02,35,LSMGO,56.12,17.9,429.6,24,406.7916,0.96,Rough,FMS_MARITIME,2026-04-06
2023-01-03,35,LSMGO,30.04,17.5,420.0,24,222.7251,0.7,Moderate,FMS_MARITIME,2026-04-06
2023-01-04,35,LSMGO,52.69,11.5,276.0,24,594.4807,0.51,Rough,FMS_MARITIME,2026-04-06
2023-01-05,35,LSMGO,78.17,11.4,273.6,24,889.698,0.79,Moderate,FMS_MARITIME,2026-04-06
2023-01-06,35,VLSFO,54.59,14.4,345.6,24,491.8786,0.74,Rough,FMS_MARITIME,2026-04-06
2023-01-07,35,VLSFO,52.21,16.4,393.6,24,413.0639,0.78,Rough,FMS_MARITIME,2026-04-06
2023-01-08,35,LSMGO,50.27,9.9,237.6,24,658.8417,0.74,Moderate,FMS_MARITIME,2026-04-06
2023-01-09,35,VLSFO,29.36,16.3,391.2,24,233.7092,0.93,Rough,FMS_MARITIME,2026-04-06
2023-01-10,35,HFO,76.28,10.0,240.0,24,989.733,0.41,Calm,FMS_MARITIME,2026-04-06
2023-01-11,35,MGO,62.43,13.5,324.0,24,600.0217,1.0,Rough,FMS_MARITIME,2026-04-06
2023-01-12,35,VLSFO,31.84,16.5,396.0,24,250.3782,0.46,Moderate,FMS_MARITIME,2026-04-06
2023-01-13,35,MGO,63.83,9.5,228.0,24,871.7834,0.61,Moderate,FMS_MARITIME,2026-04-06
2023-01-14,35,HFO,58.82,16.0,384.0,24,476.9934,0.56,Moderate,FMS_MARITIME,2026-04-06
2023-01-15,35,MGO,19.33,10.3,247.2,24,243.5017,0.61,Moderate,FMS_MARITIME,2026-04-06
2023-01-16,35,LSMGO,41.67,14.9,357.6,24,362.8646,0.6,Moderate,FMS_MARITIME,2026-04-06
2023-01-17,35,LNG,26.04,8.7,208.8,24,388.3552,0.72,Calm,FMS_MARITIME,2026-04-06
2023-01-18,35,LSMGO,62.89,9.0,216.0,24,906.6642,0.89,Rough,FMS_MARITIME,2026-04-06
2023-01-19,35,MGO,37.61,10.9,261.6,24,447.697,0.67,Rough,FMS_MARITIME,2026-04-06
2023-01-20,35,LSMGO,75.63,12.8,307.2,24,766.64,0.55,Moderate,FMS_MARITIME,2026-04-06
2023-01-21,35,MGO,53.38,9.7,232.8,24,714.0263,0.41,Moderate,FMS_MARITIME,2026-04-06
2023-01-22,35,LNG,40.35,15.0,360.0,24,349.0275,1.0,Moderate,FMS_MARITIME,2026-04-06
2023-01-23,35,LSMGO,76.33,8.8,211.2,24,1125.4338,0.62,Moderate,FMS_MARITIME,2026-04-06
2023-01-24,35,VLSFO,47.06,11.2,268.8,24,545.1817,0.79,Moderate,FMS_MARITIME,2026-04-06
2023-01-25,35,VLSFO,66.48,17.6,422.4,24,490.1011,0.56,Moderate,FMS_MARITIME,2026-04-06
2023-01-26,35,LNG,18.81,17.3,415.2,24,141.075,0.96,Rough,FMS_MARITIME,2026-04-06
2023-01-27,35,LSMGO,84.14,13.6,326.4,24,802.7327,0.92,Calm,FMS_MARITIME,2026-04-06
2023-01-28,35,LSMGO,58.15,8.5,204.0,24,887.6426,0.4,Moderate,FMS_MARITIME,2026-04-06
2023-01-28,35,MGO,36.78,17.3,415.2,24,275.85,0.64,Calm,FMS_MARITIME,2026-04-06
2023-01-28,35,LSMGO,48.72,12.6,302.4,24,501.7,0.48,Rough,FMS_MARITIME,2026-04-06
2023-01-01,36,VLSFO,50.46,8.0,192.0,24,818.3981,0.58,Moderate,FMS_MARITIME,2026-04-06
2023-01-02,36,LSMGO,81.94,9.0,216.0,24,1181.3017,0.59,Moderate,FMS_MARITIME,2026-04-06
2023-01-03,36,HFO,57.57,11.0,264.0,24,679.0643,0.58,Rough,FMS_MARITIME,2026-04-06
2023-01-04,36,VLSFO,65.86,9.9,237.6,24,863.1652,0.76,Calm,FMS_MARITIME,2026-04-06
2023-01-05,36,MGO,76.39,8.6,206.4,24,1152.5119,0.4,Calm,FMS_MARITIME,2026-04-06
2023-01-06,36,MGO,54.23,16.0,384.0,24,439.7714,0.47,Moderate,FMS_MARITIME,2026-04-06
2023-01-07,36,HFO,61.31,14.4,345.6,24,552.4286,0.84,Moderate,FMS_MARITIME,2026-04-06
2023-01-08,36,LNG,70.98,12.5,300.0,24,736.7724,0.96,Rough,FMS_MARITIME,2026-04-06
2023-01-09,36,VLSFO,46.55,13.6,326.4,24,444.1075,0.66,Moderate,FMS_MARITIME,2026-04-06
2023-01-10,36,MGO,66.27,12.9,309.6,24,666.5529,0.71,Rough,FMS_MARITIME,2026-04-06
2023-01-11,36,LSMGO,19.19,13.2,316.8,24,188.629,0.86,Moderate,FMS_MARITIME,2026-04-06
2023-01-12,36,VLSFO,82.08,15.5,372.0,24,687.089,0.51,Moderate,FMS_MARITIME,2026-04-06
2023-01-13,36,MGO,33.72,13.2,316.8,24,331.4523,0.49,Rough,FMS_MARITIME,2026-04-06
2023-01-14,36,HFO,73.14,13.6,326.4,24,697.7879,0.93,Rough,FMS_MARITIME,2026-04-06
2023-01-15,36,VLSFO,77.89,17.0,408.0,24,594.484,0.58,Rough,FMS_MARITIME,2026-04-06
2023-01-16,36,LSMGO,39.37,10.6,254.4,24,481.9111,0.69,Rough,FMS_MARITIME,2026-04-06
2023-01-17,36,MGO,79.31,11.8,283.2,24,872.0739,0.56,Moderate,FMS_MARITIME,2026-04-06
2023-01-18,36,LNG,57.41,14.3,343.2,24,520.9054,0.81,Calm,FMS_MARITIME,2026-04-06
2023-01-19,36,VLSFO,57.08,13.6,326.4,24,544.5684,0.85,Calm,FMS_MARITIME,2026-04-06
2023-01-20,36,VLSFO,77.99,16.6,398.4,24,609.5905,0.69,Moderate,FMS_MARITIME,2026-04-06
2023-01-21,36,LSMGO,52.54,16.7,400.8,24,408.2075,0.75,Moderate,FMS_MARITIME,2026-04-06
2023-01-22,36,LSMGO,70.42,11.0,264.0,24,830.6359,0.59,Moderate,FMS_MARITIME,2026-04-06
2023-01-23,36,HFO,27.05,17.5,420.0,24,200.5564,0.46,Calm,FMS_MARITIME,2026-04-06
2023-01-24,36,LSMGO,42.55,10.3,247.2,24,536.0061,0.46,Rough,FMS_MARITIME,2026-04-06
2023-01-25,36,HFO,31.24,14.9,357.6,24,272.0396,0.65,Rough,FMS_MARITIME,2026-04-06
2023-01-26,36,HFO,20.73,15.1,362.4,24,178.127,0.41,Moderate,FMS_MARITIME,2026-04-06
2023-01-27,36,LSMGO,51.92,10.9,261.6,24,618.0385,0.7,Moderate,FMS_MARITIME,2026-04-06
2023-01-28,36,LNG,31.69,12.9,309.6,24,318.7424,0.75,Calm,FMS_MARITIME,2026-04-06
2023-01-28,36,LSMGO,17.45,14.8,355.2,24,152.9823,0.99,Rough,FMS_MARITIME,2026-04-06
2023-01-28,36,LSMGO,51.09,14.7,352.8,24,450.9474,0.59,Rough,FMS_MARITIME,2026-04-06
2023-01-01,37,VLSFO,57.01,16.1,386.4,24,459.4439,0.6,Rough,FMS_MARITIME,2026-04-06
2023-01-02,37,HFO,42.52,17.2,412.8,24,320.7541,0.43,Moderate,FMS_MARITIME,2026-04-06
2023-01-03,37,LSMGO,29.88,16.2,388.8,24,239.3167,0.41,Calm,FMS_MARITIME,2026-04-06
2023-01-04,37,VLSFO,26.52,14.9,357.6,24,230.9376,0.62,Moderate,FMS_MARITIME,2026-04-06
2023-01-05,37,MGO,72.2,16.0,384.0,24,585.4969,0.6,Rough,FMS_MARITIME,2026-04-06
2023-01-06,37,LNG,50.78,15.4,369.6,24,427.838,0.85,Calm,FMS_MARITIME,2026-04-06
2023-01-07,37,VLSFO,61.32,10.2,244.8,24,780.0265,0.84,Rough,FMS_MARITIME,2026-04-06
2023-01-08,37,MGO,17.04,8.6,206.4,24,257.086,0.43,Rough,FMS_MARITIME,2026-04-06
2023-01-09,37,MGO,73.03,17.1,410.4,24,554.1311,0.52,Calm,FMS_MARITIME,2026-04-06
2023-01-10,37,LSMGO,70.48,16.0,384.0,24,571.5487,0.56,Calm,FMS_MARITIME,2026-04-06
2023-01-11,37,HFO,56.64,17.6,422.4,24,417.5591,0.98,Moderate,FMS_MARITIME,2026-04-06
2023-01-12,37,LSMGO,77.77,11.6,278.4,24,869.8843,0.5,Calm,FMS_MARITIME,2026-04-06
2023-01-13,37,LNG,19.87,14.2,340.8,24,181.5586,0.6,Calm,FMS_MARITIME,2026-04-06
2023-01-14,37,MGO,69.4,11.9,285.6,24,756.6933,0.89,Moderate,FMS_MARITIME,2026-04-06
2023-01-15,37,LNG,68.76,8.1,194.4,24,1101.4333,0.55,Moderate,FMS_MARITIME,2026-04-06
2023-01-16,37,LSMGO,41.84,10.3,247.2,24,527.0621,0.6,Rough,FMS_MARITIME,2026-04-06
2023-01-17,37,LNG,61.9,11.4,273.6,24,704.5197,0.99,Moderate,FMS_MARITIME,2026-04-06
2023-01-18,37,LNG,27.59,9.7,232.8,24,369.0518,0.88,Moderate,FMS_MARITIME,2026-04-06
2023-01-19,37,MGO,32.59,15.8,379.2,24,267.6299,0.72,Moderate,FMS_MARITIME,2026-04-06
2023-01-20,37,MGO,24.93,10.1,242.4,24,320.2641,0.92,Rough,FMS_MARITIME,2026-04-06
2023-01-21,37,VLSFO,17.21,9.6,230.4,24,232.6039,0.87,Calm,FMS_MARITIME,2026-04-06
2023-01-22,37,HFO,48.73,10.4,249.6,24,607.9536,0.58,Calm,FMS_MARITIME,2026-04-06
2023-01-23,37,LNG,53.03,13.5,324.0,24,509.6772,0.43,Moderate,FMS_MARITIME,2026-04-06
2023-01-24,37,MGO,59.99,8.4,201.6,24,926.6313,0.54,Calm,FMS_MARITIME,2026-04-06
2023-01-25,37,LNG,62.98,11.8,283.2,24,692.5131,0.75,Calm,FMS_MARITIME,2026-04-06
2023-01-26,37,LSMGO,18.63,11.3,271.2,24,213.9153,0.81,Moderate,FMS_MARITIME,2026-04-06
2023-01-27,37,MGO,56.95,13.1,314.4,24,564.0658,0.42,Moderate,FMS_MARITIME,2026-04-06
2023-01-28,37,LSMGO,15.74,13.4,321.6,24,152.4078,0.55,Moderate,FMS_MARITIME,2026-04-06
2023-01-28,37,HFO,26.96,12.2,292.8,24,286.7262,0.76,Calm,FMS_MARITIME,2026-04-06
2023-01-28,37,MGO,72.37,11.7,280.8,24,802.5647,0.89,Calm,FMS_MARITIME,2026-04-06
2023-01-01,38,VLSFO,30.86,16.4,393.6,24,244.1515,0.75,Rough,FMS_MARITIME,2026-04-06
2023-01-02,38,MGO,27.75,13.6,326.4,24,264.7472,0.91,Moderate,FMS_MARITIME,2026-04-06
2023-01-03,38,MGO,79.14,8.6,206.4,24,1194.0017,0.62,Calm,FMS_MARITIME,2026-04-06
2023-01-04,38,VLSFO,75.09,12.1,290.4,24,805.2006,0.66,Rough,FMS_MARITIME,2026-04-06
2023-01-05,38,HFO,45.56,8.6,206.4,24,687.3733,0.87,Rough,FMS_MARITIME,2026-04-06
2023-01-06,38,LSMGO,42.76,10.3,247.2,24,538.6515,0.64,Calm,FMS_MARITIME,2026-04-06
2023-01-07,38,MGO,63.24,14.1,338.4,24,581.9426,0.55,Rough,FMS_MARITIME,2026-04-06
2023-01-08,38,LNG,67.95,15.4,369.6,24,572.5008,0.84,Calm,FMS_MARITIME,2026-04-06
2023-01-09,38,VLSFO,64.2,16.6,398.4,24,501.8042,0.85,Moderate,FMS_MARITIME,2026-04-06
2023-01-10,38,MGO,77.11,11.0,264.0,24,909.5475,0.61,Moderate,FMS_MARITIME,2026-04-06
2023-01-11,38,LNG,36.75,14.6,350.4,24,326.5967,0.98,Calm,FMS_MARITIME,2026-04-06
2023-01-12,38,VLSFO,32.63,13.8,331.2,24,306.7929,0.94,Rough,FMS_MARITIME,2026-04-06
2023-01-13,38,LSMGO,32.8,9.7,232.8,24,438.7423,0.58,Calm,FMS_MARITIME,2026-04-06
2023-01-14,38,LSMGO,34.99,14.6,350.4,24,310.9557,0.83,Moderate,FMS_MARITIME,2026-04-06
2023-01-15,38,LSMGO,26.05,17.8,427.2,24,189.8869,0.47,Rough,FMS_MARITIME,2026-04-06
2023-01-16,38,HFO,18.29,11.1,266.4,24,213.7953,0.57,Calm,FMS_MARITIME,2026-04-06
2023-01-17,38,VLSFO,36.3,11.3,271.2,24,416.8075,0.97,Moderate,FMS_MARITIME,2026-04-06
2023-01-18,38,LNG,72.78,17.7,424.8,24,533.5144,0.83,Rough,FMS_MARITIME,2026-04-06
2023-01-19,38,MGO,23.85,13.4,321.6,24,230.9356,0.88,Moderate,FMS_MARITIME,2026-04-06
2023-01-20,38,LSMGO,30.3,14.7,352.8,24,267.4439,0.47,Moderate,FMS_MARITIME,2026-04-06
2023-01-21,38,LSMGO,34.34,16.4,393.6,24,271.6838,0.91,Moderate,FMS_MARITIME,2026-04-06
2023-01-22,38,LNG,33.67,9.2,220.8,24,474.8568,0.58,Moderate,FMS_MARITIME,2026-04-06
2023-01-23,38,VLSFO,26.34,11.8,283.2,24,289.6284,0.92,Rough,FMS_MARITIME,2026-04-06
2023-01-24,38,VLSFO,17.07,8.4,201.6,24,263.6705,0.78,Rough,FMS_MARITIME,2026-04-06
2023-01-25,38,LSMGO,81.95,8.5,204.0,24,1250.9426,0.83,Rough,FMS_MARITIME,2026-04-06
2023-01-26,38,VLSFO,15.93,11.2,268.8,24,184.5462,0.68,Calm,FMS_MARITIME,2026-04-06
2023-01-27,38,VLSFO,76.04,11.9,285.6,24,829.0916,0.49,Calm,FMS_MARITIME,2026-04-06
2023-01-28,38,LNG,66.93,9.8,235.2,24,886.1395,0.94,Calm,FMS_MARITIME,2026-04-06
2023-01-28,38,MGO,32.92,12.9,309.6,24,331.114,0.76,Moderate,FMS_MARITIME,2026-04-06
2023-01-28,38,MGO,75.24,12.9,309.6,24,756.7744,0.85,Moderate,FMS_MARITIME,2026-04-06
2023-01-01,39,LNG,37.03,13.7,328.8,24,350.7038,0.96,Moderate,FMS_MARITIME,2026-04-06
2023-01-02,39,LNG,25.56,9.5,228.0,24,349.0958,0.85,Calm,FMS_MARITIME,2026-04-06
2023-01-03,39,LSMGO,83.55,8.9,213.6,24,1218.0463,0.62,Rough,FMS_MARITIME,2026-04-06
2023-01-04,39,LSMGO,83.68,8.3,199.2,24,1308.1301,0.54,Calm,FMS_MARITIME,2026-04-06
2023-01-05,39,VLSFO,28.39,15.3,367.2,24,240.7583,0.77,Calm,FMS_MARITIME,2026-04-06
2023-01-06,39,HFO,17.97,16.0,384.0,24,145.7255,0.43,Calm,FMS_MARITIME,2026-04-06
2023-01-07,39,MGO,39.58,16.7,400.8,24,307.5153,0.75,Calm,FMS_MARITIME,2026-04-06
2023-01-08,39,MGO,40.58,16.9,405.6,24,311.5536,0.86,Rough,FMS_MARITIME,2026-04-06
2023-01-09,39,LNG,16.15,8.6,206.4,24,243.6584,0.65,Calm,FMS_MARITIME,2026-04-06
2023-01-10,39,LSMGO,72.58,17.1,410.4,24,550.7167,0.95,Rough,FMS_MARITIME,2026-04-06
2023-01-11,39,MGO,15.89,11.6,278.4,24,177.7351,0.72,Rough,FMS_MARITIME,2026-04-06
2023-01-12,39,MGO,28.95,10.7,256.8,24,351.0526,0.41,Rough,FMS_MARITIME,2026-04-06
2023-01-13,39,MGO,35.45,12.7,304.8,24,362.1762,0.93,Calm,FMS_MARITIME,2026-04-06
2023-01-14,39,MGO,50.82,10.4,249.6,24,634.0284,0.84,Rough,FMS_MARITIME,2026-04-06
2023-01-15,39,VLSFO,75.57,10.8,259.2,24,907.8896,0.72,Rough,FMS_MARITIME,2026-04-06
2023-01-16,39,VLSFO,54.77,16.8,403.2,24,423.0004,0.7,Moderate,FMS_MARITIME,2026-04-06
2023-01-17,39,LSMGO,45.96,13.8,331.2,24,432.1239,0.95,Calm,FMS_MARITIME,2026-04-06
2023-01-18,39,MGO,46.1,9.6,230.4,24,623.0703,0.7,Moderate,FMS_MARITIME,2026-04-06
2023-01-19,39,LSMGO,30.54,16.2,388.8,24,244.6028,0.74,Calm,FMS_MARITIME,2026-04-06
2023-01-20,39,VLSFO,42.41,11.7,280.8,24,470.316,0.47,Moderate,FMS_MARITIME,2026-04-06
2023-01-21,39,MGO,32.97,14.7,352.8,24,291.0107,0.86,Calm,FMS_MARITIME,2026-04-06
2023-01-22,39,HFO,84.18,10.6,254.4,24,1030.4108,0.94,Calm,FMS_MARITIME,2026-04-06
2023-01-23,39,HFO,15.06,13.9,333.6,24,140.5781,0.64,Moderate,FMS_MARITIME,2026-04-06
2023-01-24,39,LNG,61.03,16.2,388.8,24,488.8051,0.7,Calm,FMS_MARITIME,2026-04-06
2023-01-25,39,LNG,49.65,15.2,364.8,24,423.8215,0.95,Rough,FMS_MARITIME,2026-04-06
2023-01-26,39,MGO,31.4,13.4,321.6,24,304.041,0.92,Rough,FMS_MARITIME,2026-04-06
2023-01-27,39,LSMGO,15.32,10.1,242.4,24,196.8089,0.52,Calm,FMS_MARITIME,2026-04-06
2023-01-28,39,LSMGO,57.46,13.4,321.6,24,556.3757,0.76,Calm,FMS_MARITIME,2026-04-06
2023-01-28,39,LSMGO,23.67,9.4,225.6,24,326.7215,0.96,Rough,FMS_MARITIME,2026-04-06
2023-01-28,39,VLSFO,42.23,14.2,340.8,24,385.8692,0.87,Moderate,FMS_MARITIME,2026-04-06
2023-01-01,40,LNG,41.33,17.9,429.6,24,299.5848,0.87,Rough,FMS_MARITIME,2026-04-06
2023-01-02,40,HFO,72.38,14.7,352.8,24,638.8643,0.7,Calm,FMS_MARITIME,2026-04-06
2023-01-03,40,LSMGO,52.25,8.5,204.0,24,797.5809,0.81,Moderate,FMS_MARITIME,2026-04-06
2023-01-04,40,VLSFO,63.59,10.4,249.6,24,793.3464,0.53,Calm,FMS_MARITIME,2026-04-06
2023-01-05,40,VLSFO,45.05,17.1,410.4,24,341.8268,0.92,Calm,FMS_MARITIME,2026-04-06
2023-01-06,40,VLSFO,33.15,14.0,336.0,24,307.2295,0.5,Rough,FMS_MARITIME,2026-04-06
2023-01-07,40,HFO,16.6,10.3,247.2,24,209.1117,0.75,Rough,FMS_MARITIME,2026-04-06
2023-01-08,40,LSMGO,53.91,8.3,199.2,24,842.7497,0.6,Rough,FMS_MARITIME,2026-04-06
2023-01-09,40,HFO,59.83,11.2,268.8,24,693.1199,0.77,Rough,FMS_MARITIME,2026-04-06
2023-01-10,40,LNG,37.4,14.3,343.2,24,339.3462,0.75,Rough,FMS_MARITIME,2026-04-06
2023-01-11,40,MGO,57.68,17.6,422.4,24,425.2261,1.0,Moderate,FMS_MARITIME,2026-04-06
2023-01-12,40,LSMGO,71.94,12.6,302.4,24,740.8107,0.8,Calm,FMS_MARITIME,2026-04-06
2023-01-13,40,LSMGO,51.48,14.9,357.6,24,448.2906,0.61,Rough,FMS_MARITIME,2026-04-06
2023-01-14,40,VLSFO,76.34,13.4,321.6,24,739.1877,0.49,Moderate,FMS_MARITIME,2026-04-06
2023-01-15,40,LSMGO,67.59,12.1,290.4,24,724.7771,0.69,Moderate,FMS_MARITIME,2026-04-06
2023-01-16,40,MGO,43.87,17.8,427.2,24,319.7827,0.97,Rough,FMS_MARITIME,2026-04-06
2023-01-17,40,MGO,67.65,9.9,237.6,24,886.625,0.72,Rough,FMS_MARITIME,2026-04-06
2023-01-18,40,VLSFO,59.9,8.2,196.8,24,947.8079,0.59,Calm,FMS_MARITIME,2026-04-06
2023-01-19,40,VLSFO,83.92,16.7,400.8,24,652.0132,0.59,Moderate,FMS_MARITIME,2026-04-06
2023-01-20,40,HFO,31.3,11.7,280.8,24,347.109,0.72,Calm,FMS_MARITIME,2026-04-06
2023-01-21,40,LSMGO,18.75,13.1,314.4,24,185.7109,0.61,Moderate,FMS_MARITIME,2026-04-06
2023-01-22,40,VLSFO,45.07,8.9,213.6,24,657.0598,0.97,Moderate,FMS_MARITIME,2026-04-06
2023-01-23,40,LNG,27.39,15.6,374.4,24,227.8111,0.49,Moderate,FMS_MARITIME,2026-04-06
2023-01-24,40,HFO,77.63,12.3,295.2,24,818.9018,0.63,Rough,FMS_MARITIME,2026-04-06
2023-01-25,40,VLSFO,61.25,16.4,393.6,24,484.5846,0.76,Moderate,FMS_MARITIME,2026-04-06
2023-01-26,40,HFO,67.45,11.2,268.8,24,781.3962,0.74,Rough,FMS_MARITIME,2026-04-06
2023-01-27,40,HFO,62.37,8.4,201.6,24,963.3937,0.85,Rough,FMS_MARITIME,2026-04-06
2023-01-28,40,VLSFO,22.15,16.7,400.8,24,172.0936,0.6,Calm,FMS_MARITIME,2026-04-06
2023-01-28,40,LSMGO,76.46,17.6,422.4,24,563.6753,0.89,Moderate,FMS_MARITIME,2026-04-06
2023-01-28,40,MGO,54.24,11.0,264.0,24,639.7855,0.48,Rough,FMS_MARITIME,2026-04-06
2023-01-01,41,LNG,80.49,10.0,240.0,24,1044.3577,0.71,Moderate,FMS_MARITIME,2026-04-06
2023-01-02,41,LSMGO,41.85,9.8,235.2,24,554.0855,0.83,Rough,FMS_MARITIME,2026-04-06
2023-01-03,41,LSMGO,35.53,14.5,348.0,24,317.9322,0.72,Rough,FMS_MARITIME,2026-04-06
2023-01-04,41,LNG,39.31,16.5,396.0,24,309.1195,0.86,Rough,FMS_MARITIME,2026-04-06
2023-01-05,41,LSMGO,54.77,8.7,208.8,24,816.8284,0.91,Rough,FMS_MARITIME,2026-04-06
2023-01-06,41,LSMGO,36.12,16.0,384.0,24,292.9106,0.48,Rough,FMS_MARITIME,2026-04-06
2023-01-07,41,VLSFO,78.06,14.9,357.6,24,679.7507,0.73,Rough,FMS_MARITIME,2026-04-06
2023-01-08,41,LSMGO,29.59,15.3,367.2,24,250.9348,0.71,Rough,FMS_MARITIME,2026-04-06
2023-01-09,41,MGO,59.69,13.0,312.0,24,595.7521,0.93,Moderate,FMS_MARITIME,2026-04-06
2023-01-10,41,VLSFO,39.67,11.6,278.4,24,443.7226,0.83,Moderate,FMS_MARITIME,2026-04-06
2023-01-11,41,MGO,22.63,15.0,360.0,24,195.7495,0.63,Moderate,FMS_MARITIME,2026-04-06
2023-01-12,41,HFO,50.68,14.6,350.4,24,450.3925,0.44,Moderate,FMS_MARITIME,2026-04-06
2023-01-13,41,MGO,59.6,15.6,374.4,24,495.7115,0.44,Calm,FMS_MARITIME,2026-04-06
2023-01-14,41,HFO,33.66,15.6,374.4,24,279.9606,0.42,Rough,FMS_MARITIME,2026-04-06
2023-01-15,41,LSMGO,64.86,14.1,338.4,24,596.85,0.59,Calm,FMS_MARITIME,2026-04-06
2023-01-16,41,LNG,48.5,10.5,252.0,24,599.3214,0.62,Rough,FMS_MARITIME,2026-04-06
2023-01-17,41,LSMGO,40.0,10.9,261.6,24,476.1468,0.76,Rough,FMS_MARITIME,2026-04-06
2023-01-18,41,LSMGO,33.39,14.0,336.0,24,309.4538,0.94,Calm,FMS_MARITIME,2026-04-06
2023-01-19,41,MGO,51.84,14.6,350.4,24,460.7014,0.83,Rough,FMS_MARITIME,2026-04-06
2023-01-20,41,VLSFO,82.51,13.8,331.2,24,775.7734,0.47,Moderate,FMS_MARITIME,2026-04-06
2023-01-21,41,MGO,39.26,17.4,417.6,24,292.7578,0.79,Calm,FMS_MARITIME,2026-04-06
2023-01-22,41,VLSFO,78.66,11.3,271.2,24,903.1978,0.57,Rough,FMS_MARITIME,2026-04-06
2023-01-23,41,LSMGO,23.44,16.6,398.4,24,183.2133,0.67,Rough,FMS_MARITIME,2026-04-06
2023-01-24,41,VLSFO,64.53,9.8,235.2,24,854.364,0.95,Calm,FMS_MARITIME,2026-04-06
2023-01-25,41,HFO,58.61,11.5,276.0,24,661.2737,0.83,Calm,FMS_MARITIME,2026-04-06
2023-01-26,41,MGO,35.5,12.0,288.0,24,383.8437,0.6,Rough,FMS_MARITIME,2026-04-06
2023-01-27,41,VLSFO,23.18,10.4,249.6,24,289.1928,0.51,Rough,FMS_MARITIME,2026-04-06
2023-01-28,41,LNG,40.17,15.8,379.2,24,329.8771,0.99,Moderate,FMS_MARITIME,2026-04-06
2023-01-28,41,LNG,52.62,12.2,292.8,24,559.6266,0.8,Moderate,FMS_MARITIME,2026-04-06
2023-01-28,41,LNG,18.31,12.7,304.8,24,187.0648,0.56,Moderate,FMS_MARITIME,2026-04-06
2023-01-01,42,HFO,28.42,9.5,228.0,24,388.1574,0.97,Calm,FMS_MARITIME,2026-04-06
2023-01-02,42,LSMGO,25.3,13.4,321.6,24,244.9757,0.63,Moderate,FMS_MARITIME,2026-04-06
2023-01-03,42,LSMGO,36.68,18.0,432.0,24,264.4017,0.56,Moderate,FMS_MARITIME,2026-04-06
2023-01-04,42,HFO,38.45,12.8,307.2,24,389.7568,0.51,Rough,FMS_MARITIME,2026-04-06
2023-01-05,42,HFO,49.72,15.9,381.6,24,405.734,0.99,Calm,FMS_MARITIME,2026-04-06
2023-01-06,42,VLSFO,69.4,9.1,218.4,24,989.522,0.53,Rough,FMS_MARITIME,2026-04-06
2023-01-07,42,MGO,53.08,15.6,374.4,24,441.4827,0.44,Rough,FMS_MARITIME,2026-04-06
2023-01-08,42,LSMGO,60.36,17.2,412.8,24,455.332,0.93,Moderate,FMS_MARITIME,2026-04-06
2023-01-09,42,LNG,47.73,15.2,364.8,24,407.4321,0.69,Rough,FMS_MARITIME,2026-04-06
2023-01-10,42,VLSFO,16.95,11.1,266.4,24,198.1318,0.76,Rough,FMS_MARITIME,2026-04-06
2023-01-11,42,LSMGO,43.18,13.4,321.6,24,418.1049,0.85,Calm,FMS_MARITIME,2026-04-06
2023-01-12,42,LSMGO,49.61,17.2,412.8,24,374.2382,0.97,Calm,FMS_MARITIME,2026-04-06
2023-01-13,42,HFO,48.74,15.4,369.6,24,410.6503,0.97,Rough,FMS_MARITIME,2026-04-06
2023-01-14,42,MGO,45.38,11.4,273.6,24,516.4961,0.4,Rough,FMS_MARITIME,2026-04-06
2023-01-15,42,MGO,21.68,16.8,403.2,24,167.4393,0.43,Moderate,FMS_MARITIME,2026-04-06
2023-01-16,42,HFO,52.99,14.3,343.2,24,480.8009,0.86,Rough,FMS_MARITIME,2026-04-06
2023-01-17,42,LSMGO,72.25,17.4,417.6,24,538.7608,0.8,Moderate,FMS_MARITIME,2026-04-06
2023-01-18,42,HFO,57.96,11.9,285.6,24,631.9588,0.65,Calm,FMS_MARITIME,2026-04-06
2023-01-19,42,LSMGO,33.07,9.1,218.4,24,471.5201,0.42,Moderate,FMS_MARITIME,2026-04-06
2023-01-20,42,MGO,51.11,14.0,336.0,24,473.6802,0.8,Rough,FMS_MARITIME,2026-04-06
2023-01-21,42,LNG,64.86,17.2,412.8,24,489.2782,0.64,Rough,FMS_MARITIME,2026-04-06
2023-01-22,42,MGO,65.6,14.7,352.8,24,579.0204,0.66,Rough,FMS_MARITIME,2026-04-06
2023-01-23,42,LSMGO,43.3,17.4,417.6,24,322.8836,0.96,Calm,FMS_MARITIME,2026-04-06
2023-01-24,42,MGO,75.89,10.5,252.0,24,937.7836,0.8,Rough,FMS_MARITIME,2026-04-06
2023-01-25,42,MGO,34.95,13.7,328.8,24,331.0046,0.94,Rough,FMS_MARITIME,2026-04-06
2023-01-26,42,HFO,47.64,9.3,223.2,24,664.6548,0.75,Calm,FMS_MARITIME,2026-04-06
2023-01-27,42,LNG,31.31,10.7,256.8,24,379.6703,0.56,Rough,FMS_MARITIME,2026-04-06
2023-01-28,42,LNG,44.62,17.3,415.2,24,334.65,0.64,Calm,FMS_MARITIME,2026-04-06
2023-01-28,42,MGO,59.27,12.6,302.4,24,610.3399,0.61,Moderate,FMS_MARITIME,2026-04-06
2023-01-28,42,MGO,58.16,13.3,319.2,24,567.388,0.59,Calm,FMS_MARITIME,2026-04-06
2023-01-01,43,MGO,64.31,13.8,331.2,24,604.6538,0.6,Moderate,FMS_MARITIME,2026-04-06
2023-01-02,43,VLSFO,19.54,13.0,312.0,24,195.0242,0.87,Moderate,FMS_MARITIME,2026-04-06
2023-01-03,43,MGO,71.18,11.1,266.4,24,832.0365,0.56,Moderate,FMS_MARITIME,2026-04-06
2023-01-04,43,LSMGO,70.82,8.3,199.2,24,1107.0958,0.89,Calm,FMS_MARITIME,2026-04-06
2023-01-05,43,LSMGO,78.42,17.4,417.6,24,584.7698,0.49,Moderate,FMS_MARITIME,2026-04-06
2023-01-06,43,VLSFO,61.54,16.7,400.8,24,478.1326,0.93,Rough,FMS_MARITIME,2026-04-06
2023-01-07,43,HFO,20.23,13.1,314.4,24,200.3697,0.79,Calm,FMS_MARITIME,2026-04-06
2023-01-08,43,LNG,37.72,12.8,307.2,24,382.357,0.67,Moderate,FMS_MARITIME,2026-04-06
2023-01-09,43,LNG,70.83,9.1,218.4,24,1009.9113,0.96,Moderate,FMS_MARITIME,2026-04-06
2023-01-10,43,LSMGO,41.22,14.2,340.8,24,376.6405,0.62,Calm,FMS_MARITIME,2026-04-06
2023-01-11,43,HFO,79.05,14.4,345.6,24,712.2734,0.61,Rough,FMS_MARITIME,2026-04-06
2023-01-12,43,VLSFO,36.67,14.2,340.8,24,335.0657,0.49,Rough,FMS_MARITIME,2026-04-06
2023-01-13,43,HFO,79.39,8.2,196.8,24,1256.2015,0.61,Rough,FMS_MARITIME,2026-04-06
2023-01-14,43,LNG,56.97,8.2,196.8,24,901.446,0.67,Moderate,FMS_MARITIME,2026-04-06
2023-01-15,43,HFO,24.48,15.2,364.8,24,208.9658,0.79,Calm,FMS_MARITIME,2026-04-06
2023-01-16,43,MGO,15.62,17.3,415.2,24,117.15,0.48,Rough,FMS_MARITIME,2026-04-06
2023-01-17,43,VLSFO,24.26,14.0,336.0,24,224.8382,0.44,Rough,FMS_MARITIME,2026-04-06
2023-01-18,43,MGO,44.19,11.3,271.2,24,507.4029,0.79,Rough,FMS_MARITIME,2026-04-06
2023-01-19,43,MGO,67.39,8.1,194.4,24,1079.488,0.73,Calm,FMS_MARITIME,2026-04-06
2023-01-20,43,HFO,27.11,15.8,379.2,24,222.628,0.5,Moderate,FMS_MARITIME,2026-04-06
2023-01-21,43,LSMGO,48.15,10.2,244.8,24,612.4963,0.55,Rough,FMS_MARITIME,2026-04-06
2023-01-22,43,LNG,56.7,10.8,259.2,24,681.1875,0.66,Moderate,FMS_MARITIME,2026-04-06
2023-01-23,43,VLSFO,80.86,12.8,307.2,24,819.6551,0.77,Rough,FMS_MARITIME,2026-04-06
2023-01-24,43,LSMGO,75.71,12.4,297.6,24,792.2075,0.57,Moderate,FMS_MARITIME,2026-04-06
2023-01-25,43,LNG,78.7,16.2,388.8,24,630.3287,0.46,Moderate,FMS_MARITIME,2026-04-06
2023-01-26,43,LNG,73.39,12.5,300.0,24,761.7882,0.64,Rough,FMS_MARITIME,2026-04-06
2023-01-27,43,VLSFO,46.79,13.8,331.2,24,439.9277,0.9,Moderate,FMS_MARITIME,2026-04-06
2023-01-28,43,LNG,47.58,12.6,302.4,24,489.9607,0.7,Rough,FMS_MARITIME,2026-04-06
2023-01-28,43,LNG,82.94,13.6,326.4,24,791.2842,0.53,Moderate,FMS_MARITIME,2026-04-06
2023-01-28,43,MGO,71.36,14.0,336.0,24,661.3543,0.87,Rough,FMS_MARITIME,2026-04-06
2023-01-01,44,LNG,69.83,11.1,266.4,24,816.2561,0.53,Moderate,FMS_MARITIME,2026-04-06
2023-01-02,44,LNG,27.09,16.1,386.4,24,218.3185,0.79,Moderate,FMS_MARITIME,2026-04-06
2023-01-03,44,LSMGO,74.05,17.8,427.2,24,539.7746,0.43,Rough,FMS_MARITIME,2026-04-06
2023-01-04,44,LSMGO,29.76,13.4,321.6,24,288.1612,0.47,Moderate,FMS_MARITIME,2026-04-06
2023-01-05,44,LSMGO,16.73,8.7,208.8,24,249.5078,0.78,Rough,FMS_MARITIME,2026-04-06
2023-01-06,44,VLSFO,61.79,13.9,333.6,24,576.7808,0.46,Moderate,FMS_MARITIME,2026-04-06
2023-01-07,44,LNG,53.0,9.7,232.8,24,708.9433,0.5,Rough,FMS_MARITIME,2026-04-06
2023-01-08,44,LNG,72.25,9.9,237.6,24,946.9129,0.56,Calm,FMS_MARITIME,2026-04-06
2023-01-09,44,HFO,80.98,11.1,266.4,24,946.5905,0.78,Rough,FMS_MARITIME,2026-04-06
2023-01-10,44,VLSFO,40.39,14.9,357.6,24,351.7183,0.6,Moderate,FMS_MARITIME,2026-04-06
2023-01-11,44,LSMGO,57.96,10.4,249.6,24,723.1067,0.68,Calm,FMS_MARITIME,2026-04-06
2023-01-12,44,MGO,30.62,10.0,240.0,24,397.2945,0.59,Rough,FMS_MARITIME,2026-04-06
2023-01-13,44,MGO,43.37,15.2,364.8,24,370.2143,0.92,Rough,FMS_MARITIME,2026-04-06
2023-01-14,44,MGO,75.69,16.3,391.2,24,602.5017,0.83,Calm,FMS_MARITIME,2026-04-06
2023-01-15,44,LSMGO,30.91,17.1,410.4,24,234.5364,0.68,Moderate,FMS_MARITIME,2026-04-06
2023-01-16,44,LNG,56.16,8.1,194.4,24,899.6,0.93,Rough,FMS_MARITIME,2026-04-06
2023-01-17,44,LSMGO,48.2,12.6,302.4,24,496.3452,0.99,Calm,FMS_MARITIME,2026-04-06
2023-01-18,44,LSMGO,59.35,13.6,326.4,24,566.2252,0.68,Rough,FMS_MARITIME,2026-04-06
2023-01-19,44,MGO,77.96,16.3,391.2,24,620.5712,0.72,Calm,FMS_MARITIME,2026-04-06
2023-01-20,44,VLSFO,51.88,15.1,362.4,24,445.7901,0.77,Calm,FMS_MARITIME,2026-04-06
2023-01-21,44,MGO,44.36,8.0,192.0,24,719.4637,0.65,Calm,FMS_MARITIME,2026-04-06
2023-01-22,44,MGO,68.7,9.9,237.6,24,900.3864,0.71,Moderate,FMS_MARITIME,2026-04-06
2023-01-23,44,HFO,40.36,14.1,338.4,24,371.3979,0.63,Calm,FMS_MARITIME,2026-04-06
2023-01-24,44,MGO,15.07,12.0,288.0,24,162.9444,0.68,Calm,FMS_MARITIME,2026-04-06
2023-01-25,44,MGO,63.56,9.0,216.0,24,916.3233,0.55,Rough,FMS_MARITIME,2026-04-06
2023-01-26,44,LSMGO,31.33,15.4,369.6,24,263.9654,0.52,Calm,FMS_MARITIME,2026-04-06
2023-01-27,44,MGO,25.4,16.5,396.0,24,199.7364,0.73,Rough,FMS_MARITIME,2026-04-06
2023-01-28,44,MGO,82.28,10.9,261.6,24,979.4339,0.9,Rough,FMS_MARITIME,2026-04-06
2023-01-28,44,LNG,71.57,9.7,232.8,24,957.341,0.67,Calm,FMS_MARITIME,2026-04-06
2023-01-28,44,HFO,39.97,10.0,240.0,24,518.6107,0.79,Rough,FMS_MARITIME,2026-04-06
2023-01-01,45,VLSFO,47.69,15.0,360.0,24,412.5185,0.44,Moderate,FMS_MARITIME,2026-04-06
2023-01-02,45,LSMGO,46.48,16.6,398.4,24,363.3,0.89,Calm,FMS_MARITIME,2026-04-06
2023-01-03,45,VLSFO,41.49,11.7,280.8,24,460.1135,0.49,Calm,FMS_MARITIME,2026-04-06
2023-01-04,45,HFO,21.82,17.0,408.0,24,166.5379,0.65,Rough,FMS_MARITIME,2026-04-06
2023-01-05,45,HFO,63.68,16.2,388.8,24,510.0296,0.59,Rough,FMS_MARITIME,2026-04-06
2023-01-06,45,MGO,84.05,10.0,240.0,24,1090.5487,0.45,Calm,FMS_MARITIME,2026-04-06
2023-01-07,45,VLSFO,44.9,14.3,343.2,24,407.3969,0.57,Rough,FMS_MARITIME,2026-04-06
2023-01-08,45,MGO,20.13,12.4,297.6,24,210.6345,0.72,Moderate,FMS_MARITIME,2026-04-06
2023-01-09,45,VLSFO,40.04,10.2,244.8,24,509.3324,0.85,Calm,FMS_MARITIME,2026-04-06
2023-01-10,45,VLSFO,38.66,15.6,374.4,24,321.5471,0.55,Moderate,FMS_MARITIME,2026-04-06
2023-01-11,45,HFO,54.28,8.9,213.6,24,791.3292,0.62,Calm,FMS_MARITIME,2026-04-06
2023-01-12,45,VLSFO,71.26,16.8,403.2,24,550.3562,0.72,Calm,FMS_MARITIME,2026-04-06
2023-01-13,45,VLSFO,66.76,11.1,266.4,24,780.3703,0.49,Calm,FMS_MARITIME,2026-04-06
2023-01-14,45,LSMGO,25.68,12.7,304.8,24,262.3606,0.42,Calm,FMS_MARITIME,2026-04-06
2023-01-15,45,HFO,54.05,16.3,391.2,24,430.2446,0.76,Moderate,FMS_MARITIME,2026-04-06
2023-01-16,45,HFO,55.61,8.9,213.6,24,810.7188,0.61,Calm,FMS_MARITIME,2026-04-06
2023-01-17,45,MGO,23.35,9.3,223.2,24,325.7702,0.9,Calm,FMS_MARITIME,2026-04-06
2023-01-18,45,LNG,57.06,8.1,194.4,24,914.0167,0.63,Moderate,FMS_MARITIME,2026-04-06
2023-01-19,45,LNG,35.99,12.4,297.6,24,376.5889,0.82,Rough,FMS_MARITIME,2026-04-06
2023-01-20,45,LSMGO,40.72,12.0,288.0,24,440.285,0.83,Moderate,FMS_MARITIME,2026-04-06
2023-01-21,45,HFO,51.0,15.7,376.8,24,421.4809,0.78,Calm,FMS_MARITIME,2026-04-06
2023-01-22,45,LSMGO,60.95,17.8,427.2,24,444.2844,0.52,Calm,FMS_MARITIME,2026-04-06
2023-01-23,45,VLSFO,73.01,11.9,285.6,24,796.0544,0.51,Moderate,FMS_MARITIME,2026-04-06
2023-01-24,45,HFO,81.57,10.3,247.2,24,1027.5444,0.96,Moderate,FMS_MARITIME,2026-04-06
2023-01-25,45,LSMGO,75.32,12.8,307.2,24,763.4977,0.67,Rough,FMS_MARITIME,2026-04-06
2023-01-26,45,HFO,70.34,9.7,232.8,24,940.8881,0.83,Rough,FMS_MARITIME,2026-04-06
2023-01-27,45,LNG,54.48,14.5,348.0,24,487.5021,0.63,Rough,FMS_MARITIME,2026-04-06
2023-01-28,45,LNG,47.76,13.7,328.8,24,452.3255,0.78,Moderate,FMS_MARITIME,2026-04-06
2023-01-28,45,VLSFO,84.39,12.1,290.4,24,904.9258,0.79,Moderate,FMS_MARITIME,2026-04-06
2023-01-28,45,LSMGO,54.96,10.2,244.8,24,699.1235,0.52,Calm,FMS_MARITIME,2026-04-06
2023-01-01,46,LSMGO,52.09,9.7,232.8,24,696.7709,0.68,Rough,FMS_MARITIME,2026-04-06
2023-01-02,46,LSMGO,70.78,16.4,393.6,24,559.982,0.49,Calm,FMS_MARITIME,2026-04-06
2023-01-03,46,MGO,48.93,12.8,307.2,24,495.9896,0.6,Moderate,FMS_MARITIME,2026-04-06
2023-01-04,46,LNG,21.11,13.6,326.4,24,201.3987,0.69,Rough,FMS_MARITIME,2026-04-06
2023-01-05,46,HFO,53.1,11.4,273.6,24,604.3618,0.63,Rough,FMS_MARITIME,2026-04-06
2023-01-06,46,LSMGO,82.67,16.6,398.4,24,646.1706,1.0,Moderate,FMS_MARITIME,2026-04-06
2023-01-07,46,VLSFO,64.36,8.5,204.0,24,982.4365,0.66,Moderate,FMS_MARITIME,2026-04-06
2023-01-08,46,VLSFO,28.79,16.2,388.8,24,230.5866,0.61,Moderate,FMS_MARITIME,2026-04-06
2023-01-09,46,LNG,36.16,12.7,304.8,24,369.4299,0.64,Moderate,FMS_MARITIME,2026-04-06
2023-01-10,46,HFO,78.05,17.2,412.8,24,588.7783,0.5,Calm,FMS_MARITIME,2026-04-06
2023-01-11,46,MGO,73.18,13.0,312.0,24,730.3927,0.46,Moderate,FMS_MARITIME,2026-04-06
2023-01-12,46,HFO,33.38,8.4,201.6,24,515.6018,0.86,Calm,FMS_MARITIME,2026-04-06
2023-01-13,46,MGO,75.23,17.0,408.0,24,574.1819,0.84,Moderate,FMS_MARITIME,2026-04-06
2023-01-14,46,LSMGO,63.07,17.3,415.2,24,473.025,0.94,Calm,FMS_MARITIME,2026-04-06
2023-01-15,46,HFO,55.08,16.4,393.6,24,435.7701,0.46,Rough,FMS_MARITIME,2026-04-06
2023-01-16,46,MGO,30.26,17.0,408.0,24,230.955,0.75,Rough,FMS_MARITIME,2026-04-06
2023-01-17,46,MGO,19.44,9.3,223.2,24,271.2194,0.5,Calm,FMS_MARITIME,2026-04-06
2023-01-18,46,LSMGO,48.66,9.1,218.4,24,693.806,0.59,Moderate,FMS_MARITIME,2026-04-06
2023-01-19,46,MGO,83.98,9.3,223.2,24,1171.6565,0.91,Rough,FMS_MARITIME,2026-04-06
2023-01-20,46,HFO,22.39,17.7,424.8,24,164.1301,0.61,Moderate,FMS_MARITIME,2026-04-06
2023-01-21,46,LNG,39.92,10.2,244.8,24,507.8059,0.94,Calm,FMS_MARITIME,2026-04-06
2023-01-22,46,LNG,29.28,8.8,211.2,24,431.7136,0.93,Calm,FMS_MARITIME,2026-04-06
2023-01-23,46,LSMGO,15.08,8.0,192.0,24,244.5787,0.74,Moderate,FMS_MARITIME,2026-04-06
2023-01-24,46,MGO,27.82,10.2,244.8,24,353.8868,0.81,Moderate,FMS_MARITIME,2026-04-06
2023-01-25,46,LNG,21.36,9.1,218.4,24,304.556,0.78,Moderate,FMS_MARITIME,2026-04-06
2023-01-26,46,VLSFO,42.45,10.4,249.6,24,529.6046,0.56,Rough,FMS_MARITIME,2026-04-06
2023-01-27,46,VLSFO,60.86,15.6,374.4,24,506.1913,0.89,Calm,FMS_MARITIME,2026-04-06
2023-01-28,46,MGO,43.21,17.3,415.2,24,324.075,0.9,Rough,FMS_MARITIME,2026-04-06
2023-01-28,46,HFO,72.35,9.2,220.8,24,1020.3709,0.49,Moderate,FMS_MARITIME,2026-04-06
2023-01-28,46,MGO,84.4,14.6,350.4,24,750.0616,0.55,Moderate,FMS_MARITIME,2026-04-06
2023-01-01,47,MGO,77.07,14.0,336.0,24,714.2737,0.85,Rough,FMS_MARITIME,2026-04-06
2023-01-02,47,HFO,73.29,9.0,216.0,24,1056.5975,0.83,Moderate,FMS_MARITIME,2026-04-06
2023-01-03,47,LSMGO,16.28,9.8,235.2,24,215.5439,0.95,Calm,FMS_MARITIME,2026-04-06
2023-01-04,47,LNG,22.79,9.0,216.0,24,328.5558,0.65,Rough,FMS_MARITIME,2026-04-06
2023-01-05,47,LSMGO,78.32,10.8,259.2,24,940.9278,0.81,Moderate,FMS_MARITIME,2026-04-06
2023-01-06,47,VLSFO,48.82,10.5,252.0,24,603.2757,0.69,Rough,FMS_MARITIME,2026-04-06
2023-01-07,47,LNG,33.51,12.3,295.2,24,353.4896,0.57,Rough,FMS_MARITIME,2026-04-06
2023-01-08,47,MGO,25.38,10.5,252.0,24,313.6243,0.75,Rough,FMS_MARITIME,2026-04-06
2023-01-09,47,MGO,23.81,12.4,297.6,24,249.1409,0.96,Rough,FMS_MARITIME,2026-04-06
2023-01-10,47,LNG,34.81,12.1,290.4,24,373.2725,0.77,Calm,FMS_MARITIME,2026-04-06
2023-01-11,47,VLSFO,66.58,13.2,316.8,24,654.4511,0.47,Calm,FMS_MARITIME,2026-04-06
2023-01-12,47,LSMGO,41.89,15.6,374.4,24,348.412,0.6,Moderate,FMS_MARITIME,2026-04-06
2023-01-13,47,MGO,79.61,17.4,417.6,24,593.6435,0.76,Rough,FMS_MARITIME,2026-04-06
2023-01-14,47,LNG,53.2,10.8,259.2,24,639.1389,0.98,Calm,FMS_MARITIME,2026-04-06
2023-01-15,47,VLSFO,62.12,13.3,319.2,24,606.0203,0.99,Rough,FMS_MARITIME,2026-04-06
2023-01-16,47,MGO,43.85,8.4,201.6,24,677.3259,0.6,Calm,FMS_MARITIME,2026-04-06
2023-01-17,47,HFO,41.78,15.5,372.0,24,349.739,0.89,Moderate,FMS_MARITIME,2026-04-06
2023-01-18,47,LSMGO,64.08,11.8,283.2,24,704.6085,0.86,Moderate,FMS_MARITIME,2026-04-06
2023-01-19,47,LNG,39.29,18.0,432.0,24,283.2154,0.65,Moderate,FMS_MARITIME,2026-04-06
2023-01-20,47,LSMGO,53.1,18.0,432.0,24,382.7625,0.62,Rough,FMS_MARITIME,2026-04-06
2023-01-21,47,LSMGO,82.11,15.8,379.2,24,674.2894,0.5,Moderate,FMS_MARITIME,2026-04-06
2023-01-22,47,VLSFO,78.81,12.7,304.8,24,805.1652,0.9,Moderate,FMS_MARITIME,2026-04-06
2023-01-23,47,VLSFO,24.88,12.3,295.2,24,262.4537,0.75,Calm,FMS_MARITIME,2026-04-06
2023-01-24,47,LSMGO,27.16,12.4,297.6,24,284.1944,0.83,Rough,FMS_MARITIME,2026-04-06
2023-01-25,47,LSMGO,24.17,11.8,283.2,24,265.7676,0.89,Calm,FMS_MARITIME,2026-04-06
2023-01-26,47,LNG,15.32,17.2,412.8,24,115.568,0.6,Moderate,FMS_MARITIME,2026-04-06
2023-01-27,47,LSMGO,78.42,16.3,391.2,24,624.2328,0.96,Rough,FMS_MARITIME,2026-04-06
2023-01-28,47,LNG,34.5,13.3,319.2,24,336.5695,0.7,Moderate,FMS_MARITIME,2026-04-06
2023-01-28,47,HFO,25.02,9.3,223.2,24,349.0694,0.67,Calm,FMS_MARITIME,2026-04-06
2023-01-28,47,HFO,19.56,17.2,412.8,24,147.5529,0.77,Moderate,FMS_MARITIME,2026-04-06
2023-01-01,48,MGO,33.28,14.8,355.2,24,291.7622,0.66,Rough,FMS_MARITIME,2026-04-06
2023-01-02,48,HFO,84.84,11.0,264.0,24,1000.7264,0.66,Rough,FMS_MARITIME,2026-04-06
2023-01-03,48,VLSFO,16.43,15.2,364.8,24,140.2495,0.86,Rough,FMS_MARITIME,2026-04-06
2023-01-04,48,LSMGO,29.18,11.7,280.8,24,323.5987,0.95,Rough,FMS_MARITIME,2026-04-06
2023-01-05,48,LNG,58.93,17.1,410.4,24,447.1443,0.74,Moderate,FMS_MARITIME,2026-04-06
2023-01-06,48,VLSFO,22.59,11.8,283.2,24,248.3943,0.65,Rough,FMS_MARITIME,2026-04-06
2023-01-07,48,LNG,55.44,17.8,427.2,24,404.1202,0.87,Moderate,FMS_MARITIME,2026-04-06
2023-01-08,48,LSMGO,17.43,8.9,213.6,24,254.1059,0.97,Calm,FMS_MARITIME,2026-04-06
2023-01-09,48,HFO,73.81,14.2,340.8,24,674.4259,0.67,Calm,FMS_MARITIME,2026-04-06
2023-01-10,48,LSMGO,81.41,15.4,369.6,24,685.9057,0.54,Calm,FMS_MARITIME,2026-04-06
2023-01-11,48,MGO,59.55,15.6,374.4,24,495.2957,0.72,Moderate,FMS_MARITIME,2026-04-06
2023-01-12,48,HFO,71.47,16.1,386.4,24,575.9772,0.61,Rough,FMS_MARITIME,2026-04-06
2023-01-13,48,LNG,84.93,14.7,352.8,24,749.6372,0.5,Moderate,FMS_MARITIME,2026-04-06
2023-01-14,48,LNG,27.44,9.2,220.8,24,386.9935,0.6,Calm,FMS_MARITIME,2026-04-06
2023-01-15,48,MGO,75.11,10.2,244.8,24,955.4434,0.99,Moderate,FMS_MARITIME,2026-04-06
2023-01-16,48,VLSFO,75.99,15.9,381.6,24,620.1071,0.66,Calm,FMS_MARITIME,2026-04-06
2023-01-17,48,MGO,33.68,11.8,283.2,24,370.3373,1.0,Calm,FMS_MARITIME,2026-04-06
2023-01-18,48,MGO,15.96,12.7,304.8,24,163.0559,0.55,Rough,FMS_MARITIME,2026-04-06
2023-01-19,48,MGO,19.8,15.6,374.4,24,164.6827,0.49,Moderate,FMS_MARITIME,2026-04-06
2023-01-20,48,VLSFO,75.58,16.3,391.2,24,601.6261,0.87,Moderate,FMS_MARITIME,2026-04-06
2023-01-21,48,LSMGO,62.48,13.3,319.2,24,609.5323,0.74,Rough,FMS_MARITIME,2026-04-06
2023-01-22,48,VLSFO,72.08,17.4,417.6,24,537.4931,0.5,Moderate,FMS_MARITIME,2026-04-06
2023-01-23,48,VLSFO,45.81,17.7,424.8,24,335.8106,0.61,Rough,FMS_MARITIME,2026-04-06
2023-01-24,48,HFO,54.14,13.2,316.8,24,532.1716,0.64,Moderate,FMS_MARITIME,2026-04-06
2023-01-25,48,HFO,42.79,17.1,410.4,24,324.6785,0.84,Moderate,FMS_MARITIME,2026-04-06
2023-01-26,48,HFO,70.17,15.5,372.0,24,587.3908,0.77,Rough,FMS_MARITIME,2026-04-06
2023-01-27,48,LSMGO,64.18,10.2,244.8,24,816.4074,0.77,Rough,FMS_MARITIME,2026-04-06
2023-01-28,48,LNG,69.01,11.0,264.0,24,814.0043,0.76,Moderate,FMS_MARITIME,2026-04-06
2023-01-28,48,MGO,82.14,11.4,273.6,24,934.8829,0.59,Moderate,FMS_MARITIME,2026-04-06
2023-01-28,48,HFO,56.76,11.0,264.0,24,669.51,0.43,Rough,FMS_MARITIME,2026-04-06
2023-01-01,49,VLSFO,15.03,16.8,403.2,24,116.0799,0.84,Calm,FMS_MARITIME,2026-04-06
2023-01-02,49,HFO,51.64,13.4,321.6,24,500.0216,0.52,Rough,FMS_MARITIME,2026-04-06
2023-01-03,49,VLSFO,36.97,8.3,199.2,24,577.9346,0.6,Rough,FMS_MARITIME,2026-04-06
2023-01-04,49,LSMGO,45.3,9.2,220.8,24,638.8777,0.44,Rough,FMS_MARITIME,2026-04-06
2023-01-05,49,MGO,53.76,13.4,321.6,24,520.5493,0.79,Calm,FMS_MARITIME,2026-04-06
2023-01-06,49,LNG,48.79,15.1,362.4,24,419.2386,0.57,Rough,FMS_MARITIME,2026-04-06
2023-01-07,49,LNG,16.51,9.3,223.2,24,230.3411,0.8,Rough,FMS_MARITIME,2026-04-06
2023-01-08,49,VLSFO,70.47,14.4,345.6,24,634.9641,0.42,Moderate,FMS_MARITIME,2026-04-06
2023-01-09,49,LNG,40.53,15.6,374.4,24,337.1005,0.88,Rough,FMS_MARITIME,2026-04-06
2023-01-10,49,HFO,79.33,16.6,398.4,24,620.0643,0.93,Calm,FMS_MARITIME,2026-04-06
2023-01-11,49,LSMGO,49.28,8.2,196.8,24,779.7659,0.78,Rough,FMS_MARITIME,2026-04-06
2023-01-12,49,HFO,69.62,16.2,388.8,24,557.6046,0.88,Rough,FMS_MARITIME,2026-04-06
2023-01-13,49,LSMGO,72.45,11.5,276.0,24,817.425,0.74,Calm,FMS_MARITIME,2026-04-06
2023-01-14,49,MGO,73.69,10.3,247.2,24,928.2794,0.68,Moderate,FMS_MARITIME,2026-04-06
2023-01-15,49,VLSFO,45.52,10.6,254.4,24,557.1906,0.68,Rough,FMS_MARITIME,2026-04-06
2023-01-16,49,LNG,74.7,9.7,232.8,24,999.2088,0.98,Rough,FMS_MARITIME,2026-04-06
2023-01-17,49,HFO,71.81,15.0,360.0,24,621.1565,0.71,Moderate,FMS_MARITIME,2026-04-06
2023-01-18,49,LSMGO,82.75,11.3,271.2,24,950.1604,0.76,Moderate,FMS_MARITIME,2026-04-06
2023-01-19,49,LNG,29.16,9.1,218.4,24,415.7703,0.69,Rough,FMS_MARITIME,2026-04-06
2023-01-20,49,MGO,28.58,17.6,422.4,24,210.6963,0.41,Rough,FMS_MARITIME,2026-04-06
2023-01-21,49,HFO,82.28,14.0,336.0,24,762.5593,0.41,Calm,FMS_MARITIME,2026-04-06
2023-01-22,49,MGO,67.05,16.6,398.4,24,524.0806,0.46,Calm,FMS_MARITIME,2026-04-06
2023-01-23,49,LNG,48.4,8.9,213.6,24,705.6067,0.54,Calm,FMS_MARITIME,2026-04-06
2023-01-24,49,LNG,67.05,16.3,391.2,24,533.7262,0.41,Moderate,FMS_MARITIME,2026-04-06
2023-01-25,49,LSMGO,73.27,14.5,348.0,24,655.6402,0.54,Rough,FMS_MARITIME,2026-04-06
2023-01-26,49,LNG,73.86,8.1,194.4,24,1183.1278,0.53,Calm,FMS_MARITIME,2026-04-06
2023-01-27,49,MGO,77.48,9.7,232.8,24,1036.3948,0.5,Moderate,FMS_MARITIME,2026-04-06
2023-01-28,49,LSMGO,48.79,16.6,398.4,24,381.3556,0.45,Moderate,FMS_MARITIME,2026-04-06
2023-01-28,49,LSMGO,74.79,10.6,254.4,24,915.4719,0.53,Calm,FMS_MARITIME,2026-04-06
2023-01-28,49,HFO,47.24,10.6,254.4,24,578.2443,0.85,Calm,FMS_MARITIME,2026-04-06
2023-01-01,50,LNG,38.84,17.7,424.8,24,284.7169,0.4,Calm,FMS_MARITIME,2026-04-06
2023-01-02,50,MGO,22.38,11.8,283.2,24,246.0852,0.89,Moderate,FMS_MARITIME,2026-04-06
2023-01-03,50,LSMGO,17.21,8.3,199.2,24,269.0358,0.82,Rough,FMS_MARITIME,2026-04-06
2023-01-04,50,LNG,27.59,12.6,302.4,24,284.1113,0.49,Rough,FMS_MARITIME,2026-04-06
2023-01-05,50,HFO,47.61,8.6,206.4,24,718.302,0.61,Calm,FMS_MARITIME,2026-04-06
2023-01-06,50,VLSFO,15.23,8.4,201.6,24,235.2491,0.43,Moderate,FMS_MARITIME,2026-04-06
2023-01-07,50,LSMGO,27.51,13.9,333.6,24,256.793,0.4,Calm,FMS_MARITIME,2026-04-06
2023-01-08,50,MGO,46.64,8.5,204.0,24,711.9459,0.75,Rough,FMS_MARITIME,2026-04-06
2023-01-09,50,LNG,80.72,9.9,237.6,24,1057.9212,0.46,Rough,FMS_MARITIME,2026-04-06
2023-01-10,50,LNG,17.39,13.7,328.8,24,164.6973,0.83,Rough,FMS_MARITIME,2026-04-06
2023-01-11,50,VLSFO,44.46,14.6,350.4,24,395.1154,0.48,Calm,FMS_MARITIME,2026-04-06
2023-01-12,50,LNG,32.66,11.0,264.0,24,385.2395,0.42,Rough,FMS_MARITIME,2026-04-06
2023-01-13,50,HFO,41.29,17.9,429.6,24,299.2948,0.52,Rough,FMS_MARITIME,2026-04-06
2023-01-14,50,MGO,74.63,14.9,357.6,24,649.882,0.59,Calm,FMS_MARITIME,2026-04-06
2023-01-15,50,VLSFO,60.95,16.0,384.0,24,494.2664,0.49,Moderate,FMS_MARITIME,2026-04-06
2023-01-16,50,LSMGO,84.38,17.2,412.8,24,636.5294,0.56,Moderate,FMS_MARITIME,2026-04-06
2023-01-17,50,HFO,71.8,10.7,256.8,24,870.6589,0.57,Rough,FMS_MARITIME,2026-04-06
2023-01-18,50,VLSFO,67.12,10.8,259.2,24,806.3722,0.69,Rough,FMS_MARITIME,2026-04-06
2023-01-19,50,LNG,36.12,17.1,410.4,24,274.0684,0.75,Rough,FMS_MARITIME,2026-04-06
2023-01-20,50,LSMGO,30.33,17.0,408.0,24,231.4893,0.77,Rough,FMS_MARITIME,2026-04-06
2023-01-21,50,MGO,43.65,17.4,417.6,24,325.4935,0.75,Moderate,FMS_MARITIME,2026-04-06
2023-01-22,50,LSMGO,54.74,10.6,254.4,24,670.0486,0.72,Moderate,FMS_MARITIME,2026-04-06
2023-01-23,50,LNG,34.5,12.3,295.2,24,363.9329,0.53,Moderate,FMS_MARITIME,2026-04-06
2023-01-24,50,LSMGO,36.64,16.1,386.4,24,295.282,0.89,Calm,FMS_MARITIME,2026-04-06
2023-01-25,50,MGO,45.25,11.0,264.0,24,533.7443,0.78,Moderate,FMS_MARITIME,2026-04-06
2023-01-26,50,VLSFO,20.2,12.7,304.8,24,206.374,0.53,Rough,FMS_MARITIME,2026-04-06
2023-01-27,50,VLSFO,60.39,16.6,398.4,24,472.0242,0.72,Rough,FMS_MARITIME,2026-04-06
2023-01-28,50,MGO,42.79,10.8,259.2,24,514.0743,1.0,Moderate,FMS_MARITIME,2026-04-06
2023-01-28,50,LSMGO,23.01,9.4,225.6,24,317.6114,0.5,Rough,FMS_MARITIME,2026-04-06
2023-01-28,50,LNG,40.67,17.0,408.0,24,310.4078,0.55,Rough,FMS_MARITIME,2026-04-06
2023-01-01,51,LNG,61.27,12.1,290.4,24,657.0068,0.75,Calm,FMS_MARITIME,2026-04-06
2023-01-02,51,HFO,71.5,16.9,405.6,24,548.9423,0.41,Rough,FMS_MARITIME,2026-04-06
2023-01-03,51,LNG,53.78,9.2,220.8,24,758.4734,0.97,Rough,FMS_MARITIME,2026-04-06
2023-01-04,51,VLSFO,64.64,9.4,225.6,24,892.2383,0.61,Rough,FMS_MARITIME,2026-04-06
2023-01-05,51,MGO,53.78,11.7,280.8,24,596.4064,0.75,Moderate,FMS_MARITIME,2026-04-06
2023-01-06,51,HFO,76.91,17.4,417.6,24,573.5099,0.89,Moderate,FMS_MARITIME,2026-04-06
2023-01-07,51,LSMGO,17.31,17.1,410.4,24,131.3434,0.94,Rough,FMS_MARITIME,2026-04-06
2023-01-08,51,LNG,72.55,17.9,429.6,24,525.8862,0.64,Rough,FMS_MARITIME,2026-04-06
2023-01-09,51,LSMGO,78.46,9.8,235.2,24,1038.7944,0.98,Rough,FMS_MARITIME,2026-04-06
2023-01-10,51,VLSFO,75.53,12.1,290.4,24,809.9188,0.95,Rough,FMS_MARITIME,2026-04-06
2023-01-11,51,HFO,43.58,12.0,288.0,24,471.2087,0.95,Calm,FMS_MARITIME,2026-04-06
2023-01-12,51,HFO,47.71,16.8,403.2,24,368.4746,0.42,Calm,FMS_MARITIME,2026-04-06
2023-01-13,51,LSMGO,61.68,10.3,247.2,24,776.9883,0.74,Calm,FMS_MARITIME,2026-04-06
2023-01-14,51,VLSFO,82.96,14.8,355.2,24,727.3014,0.55,Moderate,FMS_MARITIME,2026-04-06
2023-01-15,51,VLSFO,76.3,15.8,379.2,24,626.5775,0.5,Moderate,FMS_MARITIME,2026-04-06
2023-01-16,51,LNG,50.17,10.2,244.8,24,638.1919,0.59,Moderate,FMS_MARITIME,2026-04-06
2023-01-17,51,LSMGO,65.68,12.2,292.8,24,698.523,0.48,Moderate,FMS_MARITIME,2026-04-06
2023-01-18,51,LNG,71.41,13.5,324.0,24,686.3294,0.69,Calm,FMS_MARITIME,2026-04-06
2023-01-19,51,MGO,31.29,9.8,235.2,24,414.2732,0.98,Moderate,FMS_MARITIME,2026-04-06
2023-01-20,51,MGO,81.57,10.6,254.4,24,998.463,0.56,Moderate,FMS_MARITIME,2026-04-06
2023-01-21,51,LNG,16.32,15.7,376.8,24,134.8739,0.96,Rough,FMS_MARITIME,2026-04-06
2023-01-22,51,MGO,55.97,17.6,422.4,24,412.6197,0.77,Rough,FMS_MARITIME,2026-04-06
2023-01-23,51,VLSFO,67.48,11.6,278.4,24,754.7871,0.87,Calm,FMS_MARITIME,2026-04-06
2023-01-24,51,LNG,60.42,15.1,362.4,24,519.1719,0.41,Calm,FMS_MARITIME,2026-04-06
2023-01-25,51,VLSFO,58.74,14.9,357.6,24,511.5111,0.55,Rough,FMS_MARITIME,2026-04-06
2023-01-26,51,HFO,78.07,13.6,326.4,24,744.8222,0.83,Rough,FMS_MARITIME,2026-04-06
2023-01-27,51,LSMGO,34.6,13.1,314.4,24,342.6985,1.0,Rough,FMS_MARITIME,2026-04-06
2023-01-28,51,VLSFO,45.03,16.3,391.2,24,358.4443,0.76,Moderate,FMS_MARITIME,2026-04-06
2023-01-28,51,VLSFO,25.18,8.2,196.8,24,398.4274,0.91,Moderate,FMS_MARITIME,2026-04-06
2023-01-28,51,VLSFO,65.47,8.3,199.2,24,1023.4617,0.89,Moderate,FMS_MARITIME,2026-04-06
2023-01-01,52,HFO,40.16,11.3,271.2,24,461.1292,0.48,Moderate,FMS_MARITIME,2026-04-06
2023-01-02,52,LNG,33.34,12.0,288.0,24,360.4887,0.93,Rough,FMS_MARITIME,2026-04-06
2023-01-03,52,VLSFO,38.0,14.3,343.2,24,344.7902,0.76,Rough,FMS_MARITIME,2026-04-06
2023-01-04,52,LNG,27.9,14.0,336.0,24,258.5732,0.81,Calm,FMS_MARITIME,2026-04-06
2023-01-05,52,LSMGO,18.21,16.2,388.8,24,145.8486,0.44,Rough,FMS_MARITIME,2026-04-06
2023-01-06,52,LSMGO,62.39,12.1,290.4,24,669.0167,0.85,Rough,FMS_MARITIME,2026-04-06
2023-01-07,52,MGO,53.51,10.2,244.8,24,680.6787,0.5,Calm,FMS_MARITIME,2026-04-06
2023-01-08,52,VLSFO,63.56,17.0,408.0,24,485.1124,0.68,Moderate,FMS_MARITIME,2026-04-06
2023-01-09,52,MGO,75.12,11.8,283.2,24,826.0017,0.81,Rough,FMS_MARITIME,2026-04-06
2023-01-10,52,LNG,68.59,10.7,256.8,24,831.7339,0.62,Moderate,FMS_MARITIME,2026-04-06
2023-01-11,52,HFO,25.89,16.4,393.6,24,204.8309,0.97,Calm,FMS_MARITIME,2026-04-06
2023-01-12,52,LNG,47.64,17.5,420.0,24,353.2166,0.51,Calm,FMS_MARITIME,2026-04-06
2023-01-13,52,HFO,80.5,8.5,204.0,24,1228.8088,0.65,Rough,FMS_MARITIME,2026-04-06
2023-01-14,52,MGO,36.7,8.6,206.4,24,553.7006,0.63,Calm,FMS_MARITIME,2026-04-06
2023-01-15,52,MGO,23.49,18.0,432.0,24,169.3237,0.9,Calm,FMS_MARITIME,2026-04-06
2023-01-16,52,LSMGO,44.51,11.9,285.6,24,485.3086,0.9,Rough,FMS_MARITIME,2026-04-06
2023-01-17,52,LSMGO,68.19,16.6,398.4,24,532.9911,0.54,Rough,FMS_MARITIME,2026-04-06
2023-01-18,52,MGO,75.89,12.7,304.8,24,775.3329,0.53,Rough,FMS_MARITIME,2026-04-06
2023-01-19,52,VLSFO,35.9,11.5,276.0,24,405.0457,0.94,Moderate,FMS_MARITIME,2026-04-06
2023-01-20,52,HFO,45.86,17.7,424.8,24,336.1771,0.83,Rough,FMS_MARITIME,2026-04-06
2023-01-21,52,VLSFO,44.44,13.8,331.2,24,417.8326,0.89,Rough,FMS_MARITIME,2026-04-06
2023-01-22,52,MGO,82.28,12.9,309.6,24,827.5837,0.62,Moderate,FMS_MARITIME,2026-04-06
2023-01-23,52,MGO,15.19,12.2,292.8,24,161.5494,0.76,Rough,FMS_MARITIME,2026-04-06
2023-01-24,52,VLSFO,57.03,15.7,376.8,24,471.3148,0.56,Moderate,FMS_MARITIME,2026-04-06
2023-01-25,52,LSMGO,76.14,15.2,364.8,24,649.9451,0.77,Calm,FMS_MARITIME,2026-04-06
2023-01-26,52,LNG,41.86,14.7,352.8,24,369.4786,0.82,Rough,FMS_MARITIME,2026-04-06
2023-01-27,52,VLSFO,30.38,13.9,333.6,24,283.5831,0.62,Calm,FMS_MARITIME,2026-04-06
2023-01-28,52,MGO,48.01,8.8,211.2,24,707.8747,0.61,Moderate,FMS_MARITIME,2026-04-06
2023-01-28,52,LSMGO,40.13,8.5,204.0,24,612.5726,0.97,Rough,FMS_MARITIME,2026-04-06
2023-01-28,52,LNG,27.59,11.1,266.4,24,322.5047,1.0,Rough,FMS_MARITIME,2026-04-06
2023-01-01,53,LSMGO,78.26,16.9,405.6,24,600.8423,0.43,Moderate,FMS_MARITIME,2026-04-06
2023-01-02,53,HFO,16.7,15.1,362.4,24,143.4983,0.45,Moderate,FMS_MARITIME,2026-04-06
2023-01-03,53,VLSFO,81.11,16.5,396.0,24,637.8195,0.61,Moderate,FMS_MARITIME,2026-04-06
2023-01-04,53,VLSFO,48.89,16.6,398.4,24,382.1372,0.82,Rough,FMS_MARITIME,2026-04-06
2023-01-05,53,LSMGO,71.03,17.7,424.8,24,520.686,0.91,Rough,FMS_MARITIME,2026-04-06
2023-01-06,53,LNG,18.82,13.6,326.4,24,179.5511,0.43,Calm,FMS_MARITIME,2026-04-06
2023-01-07,53,LSMGO,54.9,17.7,424.8,24,402.4449,0.93,Rough,FMS_MARITIME,2026-04-06
2023-01-08,53,LSMGO,67.89,12.6,302.4,24,699.1054,0.84,Moderate,FMS_MARITIME,2026-04-06
2023-01-09,53,LSMGO,24.15,17.6,422.4,24,178.0376,0.46,Rough,FMS_MARITIME,2026-04-06
2023-01-10,53,HFO,45.64,17.0,408.0,24,348.3406,0.48,Moderate,FMS_MARITIME,2026-04-06
2023-01-11,53,MGO,23.87,14.8,355.2,24,209.2657,0.46,Rough,FMS_MARITIME,2026-04-06
2023-01-12,53,LNG,80.8,15.7,376.8,24,667.758,0.67,Calm,FMS_MARITIME,2026-04-06
2023-01-13,53,HFO,40.91,9.7,232.8,24,547.224,0.79,Rough,FMS_MARITIME,2026-04-06
2023-01-14,53,LNG,79.68,9.4,225.6,24,1099.8383,0.41,Moderate,FMS_MARITIME,2026-04-06
2023-01-15,53,MGO,29.58,8.5,204.0,24,451.53,0.5,Rough,FMS_MARITIME,2026-04-06
2023-01-16,53,VLSFO,20.12,8.1,194.4,24,322.2926,0.5,Moderate,FMS_MARITIME,2026-04-06
2023-01-17,53,VLSFO,18.95,10.7,256.8,24,229.7909,0.66,Moderate,FMS_MARITIME,2026-04-06
2023-01-18,53,VLSFO,34.2,8.9,213.6,24,498.5899,0.97,Moderate,FMS_MARITIME,2026-04-06
2023-01-19,53,MGO,30.96,12.2,292.8,24,329.2672,0.56,Moderate,FMS_MARITIME,2026-04-06
2023-01-20,53,LNG,71.89,15.2,364.8,24,613.6663,0.76,Calm,FMS_MARITIME,2026-04-06
2023-01-21,53,HFO,31.11,15.0,360.0,24,269.1015,0.6,Moderate,FMS_MARITIME,2026-04-06
2023-01-22,53,HFO,77.61,12.6,302.4,24,799.1982,0.68,Calm,FMS_MARITIME,2026-04-06
2023-01-23,53,MGO,43.89,9.2,220.8,24,618.9921,0.68,Moderate,FMS_MARITIME,2026-04-06
2023-01-24,53,LNG,43.12,10.6,254.4,24,527.8132,0.84,Moderate,FMS_MARITIME,2026-04-06
2023-01-25,53,HFO,80.03,8.7,208.8,24,1193.5509,0.92,Moderate,FMS_MARITIME,2026-04-06
2023-01-26,53,VLSFO,78.59,9.4,225.6,24,1084.7928,0.44,Calm,FMS_MARITIME,2026-04-06
2023-01-27,53,LSMGO,68.04,10.0,240.0,24,882.819,0.54,Moderate,FMS_MARITIME,2026-04-06
2023-01-28,53,MGO,40.01,12.8,307.2,24,405.5701,0.73,Moderate,FMS_MARITIME,2026-04-06
2023-01-28,53,LNG,81.11,15.3,367.2,24,687.8446,0.85,Moderate,FMS_MARITIME,2026-04-06
2023-01-28,53,LNG,82.56,11.1,266.4,24,965.0595,0.84,Calm,FMS_MARITIME,2026-04-06
2023-01-01,54,HFO,23.12,10.8,259.2,24,277.7611,0.59,Moderate,FMS_MARITIME,2026-04-06
2023-01-02,54,HFO,78.92,15.0,360.0,24,682.658,0.59,Moderate,FMS_MARITIME,2026-04-06
2023-01-03,54,HFO,47.87,16.9,405.6,24,367.5226,0.44,Rough,FMS_MARITIME,2026-04-06
2023-01-04,54,LSMGO,75.48,15.7,376.8,24,623.7917,0.69,Rough,FMS_MARITIME,2026-04-06
2023-01-05,54,MGO,53.62,12.0,288.0,24,579.7662,0.86,Rough,FMS_MARITIME,2026-04-06
2023-01-06,54,MGO,43.18,14.6,350.4,24,383.7401,0.98,Moderate,FMS_MARITIME,2026-04-06
2023-01-07,54,HFO,56.72,14.2,340.8,24,518.269,0.66,Rough,FMS_MARITIME,2026-04-06
2023-01-08,54,LSMGO,66.34,8.1,194.4,24,1062.6685,0.46,Moderate,FMS_MARITIME,2026-04-06
2023-01-09,54,VLSFO,39.91,12.3,295.2,24,421.0018,0.61,Calm,FMS_MARITIME,2026-04-06
2023-01-10,54,MGO,78.32,12.0,288.0,24,846.835,0.93,Rough,FMS_MARITIME,2026-04-06
2023-01-11,54,LNG,25.99,9.5,228.0,24,354.9687,0.97,Moderate,FMS_MARITIME,2026-04-06
2023-01-12,54,HFO,27.52,12.5,300.0,24,285.6576,0.73,Moderate,FMS_MARITIME,2026-04-06
2023-01-13,54,HFO,56.01,12.0,288.0,24,605.6081,0.69,Calm,FMS_MARITIME,2026-04-06
2023-01-14,54,VLSFO,22.83,10.8,259.2,24,274.2771,0.47,Calm,FMS_MARITIME,2026-04-06
2023-01-15,54,HFO,23.07,11.8,283.2,24,253.6722,0.75,Moderate,FMS_MARITIME,2026-04-06
2023-01-16,54,HFO,37.86,9.8,235.2,24,501.2587,0.79,Rough,FMS_MARITIME,2026-04-06
2023-01-17,54,LSMGO,20.27,15.8,379.2,24,166.4578,0.59,Moderate,FMS_MARITIME,2026-04-06
2023-01-18,54,HFO,65.02,9.6,230.4,24,878.7859,0.67,Rough,FMS_MARITIME,2026-04-06
2023-01-19,54,VLSFO,32.58,17.3,415.2,24,244.35,0.78,Moderate,FMS_MARITIME,2026-04-06
2023-01-20,54,VLSFO,48.68,11.8,283.2,24,535.2737,0.75,Rough,FMS_MARITIME,2026-04-06
2023-01-21,54,VLSFO,64.82,15.7,376.8,24,535.6939,0.62,Rough,FMS_MARITIME,2026-04-06
2023-01-22,54,MGO,44.1,11.5,276.0,24,497.563,0.41,Moderate,FMS_MARITIME,2026-04-06
2023-01-23,54,VLSFO,35.02,9.0,216.0,24,504.8717,0.92,Rough,FMS_MARITIME,2026-04-06
2023-01-24,54,LSMGO,16.11,16.2,388.8,24,129.0292,0.96,Calm,FMS_MARITIME,2026-04-06
2023-01-25,54,VLSFO,59.94,17.5,420.0,24,444.4123,0.52,Moderate,FMS_MARITIME,2026-04-06
2023-01-26,54,MGO,57.8,16.4,393.6,24,457.2896,0.98,Rough,FMS_MARITIME,2026-04-06
2023-01-27,54,VLSFO,83.59,12.6,302.4,24,860.778,0.45,Moderate,FMS_MARITIME,2026-04-06
2023-01-28,54,LNG,23.64,14.4,345.6,24,213.0062,0.92,Rough,FMS_MARITIME,2026-04-06
2023-01-28,54,MGO,47.49,13.1,314.4,24,470.3685,0.64,Moderate,FMS_MARITIME,2026-04-06
2023-01-28,54,LNG,17.95,14.4,345.6,24,161.737,0.49,Moderate,FMS_MARITIME,2026-04-06
2023-01-01,55,HFO,33.91,11.1,266.4,24,396.3804,0.6,Rough,FMS_MARITIME,2026-04-06
2023-01-02,55,LNG,50.17,10.4,249.6,24,625.919,0.88,Rough,FMS_MARITIME,2026-04-06
2023-01-03,55,VLSFO,75.9,11.9,285.6,24,827.5651,0.6,Rough,FMS_MARITIME,2026-04-06
2023-01-04,55,HFO,39.56,14.9,357.6,24,344.4906,0.42,Rough,FMS_MARITIME,2026-04-06
2023-01-05,55,VLSFO,50.03,16.2,388.8,24,400.7032,0.61,Rough,FMS_MARITIME,2026-04-06
2023-01-06,55,HFO,79.4,9.0,216.0,24,1144.6833,0.56,Calm,FMS_MARITIME,2026-04-06
2023-01-07,55,LNG,48.73,10.5,252.0,24,602.1636,0.61,Calm,FMS_MARITIME,2026-04-06
2023-01-08,55,LSMGO,28.2,11.6,278.4,24,315.4267,0.62,Moderate,FMS_MARITIME,2026-04-06
2023-01-09,55,VLSFO,67.51,17.6,422.4,24,497.6945,0.6,Calm,FMS_MARITIME,2026-04-06
2023-01-10,55,LSMGO,20.31,13.1,314.4,24,201.162,0.46,Moderate,FMS_MARITIME,2026-04-06
2023-01-11,55,MGO,27.36,17.5,420.0,24,202.8549,0.64,Calm,FMS_MARITIME,2026-04-06
2023-01-12,55,LSMGO,57.46,16.2,388.8,24,460.212,0.92,Rough,FMS_MARITIME,2026-04-06
2023-01-13,55,LSMGO,45.73,17.0,408.0,24,349.0275,0.61,Moderate,FMS_MARITIME,2026-04-06
2023-01-14,55,MGO,15.9,12.5,300.0,24,165.042,0.43,Moderate,FMS_MARITIME,2026-04-06
2023-01-15,55,LSMGO,79.84,14.1,338.4,24,734.6979,0.93,Calm,FMS_MARITIME,2026-04-06
2023-01-16,55,HFO,54.47,11.0,264.0,24,642.4984,0.92,Rough,FMS_MARITIME,2026-04-06
2023-01-17,55,MGO,69.72,16.2,388.8,24,558.4056,0.67,Moderate,FMS_MARITIME,2026-04-06
2023-01-18,55,MGO,41.93,15.1,362.4,24,360.2925,0.62,Rough,FMS_MARITIME,2026-04-06
2023-01-19,55,LSMGO,62.72,15.4,369.6,24,528.4364,0.85,Calm,FMS_MARITIME,2026-04-06
2023-01-20,55,HFO,27.56,12.6,302.4,24,283.8024,0.83,Moderate,FMS_MARITIME,2026-04-06
2023-01-21,55,LNG,38.32,11.1,266.4,24,447.9297,0.41,Moderate,FMS_MARITIME,2026-04-06
2023-01-22,55,MGO,39.69,12.9,309.6,24,399.2076,0.4,Calm,FMS_MARITIME,2026-04-06
2023-01-23,55,VLSFO,34.77,16.2,388.8,24,278.4819,0.4,Calm,FMS_MARITIME,2026-04-06
2023-01-24,55,HFO,62.99,9.9,237.6,24,825.5508,0.66,Moderate,FMS_MARITIME,2026-04-06
2023-01-25,55,LNG,66.37,17.3,415.2,24,497.775,0.54,Moderate,FMS_MARITIME,2026-04-06
2023-01-26,55,LNG,31.2,17.4,417.6,24,232.6552,0.78,Calm,FMS_MARITIME,2026-04-06
2023-01-27,55,HFO,28.78,17.8,427.2,24,209.7868,0.84,Moderate,FMS_MARITIME,2026-04-06
2023-01-28,55,HFO,63.47,13.7,328.8,24,601.1119,0.91,Rough,FMS_MARITIME,2026-04-06
2023-01-28,55,VLSFO,58.37,11.4,273.6,24,664.3428,0.42,Rough,FMS_MARITIME,2026-04-06
2023-01-28,55,VLSFO,73.54,15.5,372.0,24,615.601,0.78,Calm,FMS_MARITIME,2026-04-06
2023-01-01,56,HFO,21.2,17.3,415.2,24,159.0,0.41,Calm,FMS_MARITIME,2026-04-06
2023-01-02,56,LSMGO,48.97,11.4,273.6,24,557.3559,0.53,Rough,FMS_MARITIME,2026-04-06
2023-01-03,56,VLSFO,57.3,17.5,420.0,24,424.8386,0.68,Calm,FMS_MARITIME,2026-04-06
2023-01-04,56,HFO,26.74,10.8,259.2,24,321.2514,0.97,Calm,FMS_MARITIME,2026-04-06
2023-01-05,56,MGO,15.13,15.0,360.0,24,130.8745,0.84,Moderate,FMS_MARITIME,2026-04-06
2023-01-06,56,LSMGO,76.87,17.6,422.4,24,566.6979,0.59,Moderate,FMS_MARITIME,2026-04-06
2023-01-07,56,LNG,77.86,9.3,223.2,24,1086.2726,0.93,Moderate,FMS_MARITIME,2026-04-06
2023-01-08,56,LSMGO,38.23,16.0,384.0,24,310.0214,0.91,Moderate,FMS_MARITIME,2026-04-06
2023-01-09,56,LNG,80.71,8.4,201.6,24,1246.6812,0.68,Calm,FMS_MARITIME,2026-04-06
2023-01-10,56,LSMGO,67.73,10.4,249.6,24,844.9969,0.5,Moderate,FMS_MARITIME,2026-04-06
2023-01-11,56,LSMGO,37.22,15.7,376.8,24,307.5984,0.67,Calm,FMS_MARITIME,2026-04-06
2023-01-12,56,LNG,42.0,10.9,261.6,24,499.9541,0.65,Moderate,FMS_MARITIME,2026-04-06
2023-01-13,56,LSMGO,77.74,11.2,268.8,24,900.604,0.42,Calm,FMS_MARITIME,2026-04-06
2023-01-14,56,LNG,41.26,17.7,424.8,24,302.4568,0.8,Moderate,FMS_MARITIME,2026-04-06
2023-01-15,56,MGO,40.4,10.9,261.6,24,480.9083,0.69,Calm,FMS_MARITIME,2026-04-06
2023-01-16,56,VLSFO,64.65,14.3,343.2,24,586.597,0.63,Calm,FMS_MARITIME,2026-04-06
2023-01-17,56,VLSFO,50.45,12.7,304.8,24,515.4242,0.94,Rough,FMS_MARITIME,2026-04-06
2023-01-18,56,HFO,28.55,12.9,309.6,24,287.1599,0.73,Rough,FMS_MARITIME,2026-04-06
2023-01-19,56,MGO,50.79,10.3,247.2,24,639.8061,0.64,Moderate,FMS_MARITIME,2026-04-06
2023-01-20,56,HFO,43.77,8.8,211.2,24,645.3588,0.72,Moderate,FMS_MARITIME,2026-04-06
2023-01-21,56,LSMGO,84.65,14.9,357.6,24,737.1367,0.73,Rough,FMS_MARITIME,2026-04-06
2023-01-22,56,LNG,58.34,15.9,381.6,24,476.0764,0.59,Calm,FMS_MARITIME,2026-04-06
2023-01-23,56,VLSFO,47.1,16.1,386.4,24,379.5792,0.44,Moderate,FMS_MARITIME,2026-04-06
2023-01-24,56,MGO,18.45,8.4,201.6,24,284.9866,0.78,Rough,FMS_MARITIME,2026-04-06
2023-01-25,56,VLSFO,70.31,12.5,300.0,24,729.8178,0.46,Rough,FMS_MARITIME,2026-04-06
2023-01-26,56,VLSFO,58.62,15.3,367.2,24,497.1206,0.55,Moderate,FMS_MARITIME,2026-04-06
2023-01-27,56,MGO,20.56,9.0,216.0,24,296.4067,0.85,Calm,FMS_MARITIME,2026-04-06
2023-01-28,56,LNG,66.27,17.5,420.0,24,491.3447,0.93,Rough,FMS_MARITIME,2026-04-06
2023-01-28,56,LSMGO,72.25,9.2,220.8,24,1018.9606,0.86,Calm,FMS_MARITIME,2026-04-06
2023-01-28,56,HFO,22.67,9.6,230.4,24,306.3992,0.92,Moderate,FMS_MARITIME,2026-04-06
2023-01-01,57,MGO,65.76,13.1,314.4,24,651.3252,0.82,Rough,FMS_MARITIME,2026-04-06
2023-01-02,57,MGO,38.41,13.7,328.8,24,363.7735,0.62,Calm,FMS_MARITIME,2026-04-06
2023-01-03,57,LNG,63.53,11.0,264.0,24,749.3652,0.97,Calm,FMS_MARITIME,2026-04-06
2023-01-04,57,LNG,28.87,13.1,314.4,24,285.9452,0.5,Calm,FMS_MARITIME,2026-04-06
2023-01-05,57,HFO,61.28,17.8,427.2,24,446.6899,0.51,Calm,FMS_MARITIME,2026-04-06
2023-01-06,57,LNG,30.08,16.6,398.4,24,235.1133,1.0,Rough,FMS_MARITIME,2026-04-06
2023-01-07,57,LNG,72.4,13.7,328.8,24,685.6861,0.68,Calm,FMS_MARITIME,2026-04-06
2023-01-08,57,LSMGO,65.78,8.8,211.2,24,969.8813,0.7,Rough,FMS_MARITIME,2026-04-06
2023-01-09,57,LNG,35.31,17.2,412.8,24,266.3647,0.84,Calm,FMS_MARITIME,2026-04-06
2023-01-10,57,LSMGO,26.99,8.4,201.6,24,416.8991,0.72,Calm,FMS_MARITIME,2026-04-06
2023-01-11,57,LSMGO,17.41,17.6,422.4,24,128.3493,0.63,Moderate,FMS_MARITIME,2026-04-06
2023-01-12,57,VLSFO,25.57,8.2,196.8,24,404.5985,0.59,Rough,FMS_MARITIME,2026-04-06
2023-01-13,57,MGO,76.63,16.5,396.0,24,602.5905,0.46,Calm,FMS_MARITIME,2026-04-06
2023-01-14,57,VLSFO,27.55,17.8,427.2,24,200.8209,0.84,Calm,FMS_MARITIME,2026-04-06
2023-01-15,57,LNG,81.83,12.9,309.6,24,823.0576,0.6,Rough,FMS_MARITIME,2026-04-06
2023-01-16,57,MGO,47.44,8.4,201.6,24,732.7786,0.54,Calm,FMS_MARITIME,2026-04-06
2023-01-17,57,VLSFO,26.24,9.9,237.6,24,343.903,0.85,Calm,FMS_MARITIME,2026-04-06
2023-01-18,57,MGO,35.09,13.5,324.0,24,337.2539,0.77,Calm,FMS_MARITIME,2026-04-06
2023-01-19,57,VLSFO,50.04,9.7,232.8,24,669.3495,0.79,Calm,FMS_MARITIME,2026-04-06
2023-01-20,57,MGO,46.27,15.0,360.0,24,400.2355,0.92,Moderate,FMS_MARITIME,2026-04-06
2023-01-21,57,LNG,80.72,14.9,357.6,24,702.9141,0.62,Rough,FMS_MARITIME,2026-04-06
2023-01-22,57,VLSFO,25.19,14.9,357.6,24,219.3559,0.78,Rough,FMS_MARITIME,2026-04-06
2023-01-23,57,HFO,79.33,13.7,328.8,24,751.3188,0.42,Rough,FMS_MARITIME,2026-04-06
2023-01-24,57,VLSFO,79.39,10.8,259.2,24,953.7826,0.81,Calm,FMS_MARITIME,2026-04-06
2023-01-25,57,LNG,19.34,16.4,393.6,24,153.0101,0.91,Calm,FMS_MARITIME,2026-04-06
2023-01-26,57,LSMGO,25.06,17.8,427.2,24,182.6705,0.42,Calm,FMS_MARITIME,2026-04-06
2023-01-27,57,HFO,79.69,15.9,381.6,24,650.3005,0.41,Rough,FMS_MARITIME,2026-04-06
2023-01-28,57,VLSFO,28.34,9.2,220.8,24,399.6864,0.79,Rough,FMS_MARITIME,2026-04-06
2023-01-28,57,VLSFO,21.35,17.7,424.8,24,156.5064,0.71,Moderate,FMS_MARITIME,2026-04-06
2023-01-28,57,VLSFO,62.34,12.8,307.2,24,631.923,0.5,Calm,FMS_MARITIME,2026-04-06
2023-01-01,58,LSMGO,30.12,9.7,232.8,24,402.8938,0.73,Calm,FMS_MARITIME,2026-04-06
2023-01-02,58,LNG,48.68,8.6,206.4,24,734.4453,0.71,Calm,FMS_MARITIME,2026-04-06
2023-01-03,58,LSMGO,40.47,17.4,417.6,24,301.7806,0.5,Moderate,FMS_MARITIME,2026-04-06
2023-01-04,58,LSMGO,28.72,15.8,379.2,24,235.8494,0.68,Calm,FMS_MARITIME,2026-04-06
2023-01-05,58,LSMGO,64.29,15.5,372.0,24,538.1695,0.84,Moderate,FMS_MARITIME,2026-04-06
2023-01-06,58,MGO,41.32,12.9,309.6,24,415.6023,0.68,Calm,FMS_MARITIME,2026-04-06
2023-01-07,58,HFO,46.46,15.8,379.2,24,381.5307,0.48,Moderate,FMS_MARITIME,2026-04-06
2023-01-08,58,VLSFO,18.92,17.0,408.0,24,144.4041,0.69,Moderate,FMS_MARITIME,2026-04-06
2023-01-09,58,VLSFO,22.73,17.5,420.0,24,168.5267,0.98,Calm,FMS_MARITIME,2026-04-06
2023-01-10,58,HFO,32.21,15.2,364.8,24,274.9505,0.4,Rough,FMS_MARITIME,2026-04-06
2023-01-11,58,VLSFO,63.17,11.1,266.4,24,738.4061,0.91,Rough,FMS_MARITIME,2026-04-06
2023-01-12,58,VLSFO,33.62,14.4,345.6,24,302.9302,0.77,Moderate,FMS_MARITIME,2026-04-06
2023-01-13,58,LSMGO,81.11,16.9,405.6,24,622.7232,0.51,Rough,FMS_MARITIME,2026-04-06
2023-01-14,58,MGO,48.53,15.4,369.6,24,408.881,0.85,Rough,FMS_MARITIME,2026-04-06
2023-01-15,58,HFO,26.67,16.1,386.4,24,214.9337,0.99,Rough,FMS_MARITIME,2026-04-06
2023-01-16,58,VLSFO,49.81,8.8,211.2,24,734.4145,0.6,Rough,FMS_MARITIME,2026-04-06
2023-01-17,58,LNG,82.8,15.4,369.6,24,697.6169,0.41,Calm,FMS_MARITIME,2026-04-06
2023-01-18,58,LSMGO,47.56,11.9,285.6,24,518.5639,0.98,Moderate,FMS_MARITIME,2026-04-06
2023-01-19,58,LNG,39.86,15.8,379.2,24,327.3313,0.52,Moderate,FMS_MARITIME,2026-04-06
2023-01-20,58,LNG,21.23,15.5,372.0,24,177.7156,0.8,Calm,FMS_MARITIME,2026-04-06
2023-01-21,58,LNG,84.36,15.9,381.6,24,688.4094,0.47,Moderate,FMS_MARITIME,2026-04-06
2023-01-22,58,MGO,38.64,15.6,374.4,24,321.3808,0.62,Moderate,FMS_MARITIME,2026-04-06
2023-01-23,58,LNG,49.83,9.3,223.2,24,695.2089,0.5,Moderate,FMS_MARITIME,2026-04-06
2023-01-24,58,LSMGO,69.38,13.1,314.4,24,687.1798,0.5,Calm,FMS_MARITIME,2026-04-06
2023-01-25,58,HFO,30.26,16.4,393.6,24,239.4046,0.46,Moderate,FMS_MARITIME,2026-04-06
2023-01-26,58,VLSFO,28.89,13.4,321.6,24,279.7371,0.51,Calm,FMS_MARITIME,2026-04-06
2023-01-27,58,LSMGO,63.95,11.8,283.2,24,703.179,0.55,Moderate,FMS_MARITIME,2026-04-06
2023-01-28,58,LNG,41.88,13.4,321.6,24,405.5172,0.86,Calm,FMS_MARITIME,2026-04-06
2023-01-28,58,HFO,32.65,12.8,307.2,24,330.9639,0.75,Rough,FMS_MARITIME,2026-04-06
2023-01-28,58,LSMGO,39.32,11.9,285.6,24,428.7202,0.72,Rough,FMS_MARITIME,2026-04-06
2023-01-01,59,VLSFO,66.09,14.2,340.8,24,603.8857,0.93,Calm,FMS_MARITIME,2026-04-06
2023-01-02,59,LSMGO,21.07,16.0,384.0,24,170.8645,0.99,Rough,FMS_MARITIME,2026-04-06
2023-01-03,59,LNG,55.04,12.7,304.8,24,562.3181,0.99,Calm,FMS_MARITIME,2026-04-06
2023-01-04,59,MGO,80.65,9.4,225.6,24,1113.2274,0.53,Moderate,FMS_MARITIME,2026-04-06
2023-01-05,59,VLSFO,61.57,14.7,352.8,24,543.4495,0.4,Rough,FMS_MARITIME,2026-04-06
2023-01-06,59,MGO,20.01,8.3,199.2,24,312.8069,0.62,Calm,FMS_MARITIME,2026-04-06
2023-01-07,59,LSMGO,82.36,10.5,252.0,24,1017.7343,0.41,Moderate,FMS_MARITIME,2026-04-06
2023-01-08,59,VLSFO,67.9,17.5,420.0,24,503.43,0.77,Calm,FMS_MARITIME,2026-04-06
2023-01-09,59,LNG,69.76,17.1,410.4,24,529.3193,0.67,Rough,FMS_MARITIME,2026-04-06
2023-01-10,59,LSMGO,15.8,15.7,376.8,24,130.5764,0.65,Calm,FMS_MARITIME,2026-04-06
2023-01-11,59,LSMGO,62.41,16.0,384.0,24,506.1061,0.89,Calm,FMS_MARITIME,2026-04-06
2023-01-12,59,LNG,17.15,13.9,333.6,24,160.0872,0.4,Calm,FMS_MARITIME,2026-04-06
2023-01-13,59,HFO,17.71,16.0,384.0,24,143.617,0.62,Calm,FMS_MARITIME,2026-04-06
2023-01-14,59,HFO,53.57,17.6,422.4,24,394.9266,0.48,Rough,FMS_MARITIME,2026-04-06
2023-01-15,59,LSMGO,20.66,16.8,403.2,24,159.5616,0.49,Rough,FMS_MARITIME,2026-04-06
2023-01-16,59,HFO,44.25,10.4,249.6,24,552.0613,0.63,Moderate,FMS_MARITIME,2026-04-06
2023-01-17,59,LSMGO,70.28,12.8,307.2,24,712.4086,0.58,Rough,FMS_MARITIME,2026-04-06
2023-01-18,59,HFO,32.57,9.1,218.4,24,464.3909,0.47,Rough,FMS_MARITIME,2026-04-06
2023-01-19,59,VLSFO,51.44,10.1,242.4,24,660.8257,0.74,Calm,FMS_MARITIME,2026-04-06
2023-01-20,59,LSMGO,36.88,10.3,247.2,24,464.5806,0.5,Calm,FMS_MARITIME,2026-04-06
2023-01-21,59,VLSFO,36.2,11.9,285.6,24,394.7017,0.85,Calm,FMS_MARITIME,2026-04-06
2023-01-22,59,MGO,20.73,11.5,276.0,24,233.8885,0.41,Calm,FMS_MARITIME,2026-04-06
2023-01-23,59,HFO,16.94,16.6,398.4,24,132.4075,0.94,Rough,FMS_MARITIME,2026-04-06
2023-01-24,59,MGO,78.23,9.8,235.2,24,1035.7492,0.76,Calm,FMS_MARITIME,2026-04-06
2023-01-25,59,MGO,75.38,16.8,403.2,24,582.1759,0.62,Rough,FMS_MARITIME,2026-04-06
2023-01-26,59,HFO,81.3,14.2,340.8,24,742.8644,0.74,Calm,FMS_MARITIME,2026-04-06
2023-01-27,59,VLSFO,82.33,10.2,244.8,24,1047.286,0.48,Rough,FMS_MARITIME,2026-04-06
2023-01-28,59,HFO,46.78,10.7,256.8,24,567.2621,0.5,Rough,FMS_MARITIME,2026-04-06
2023-01-28,59,LNG,80.26,9.9,237.6,24,1051.8924,0.96,Calm,FMS_MARITIME,2026-04-06
2023-01-28,59,MGO,30.65,9.5,228.0,24,418.6145,0.74,Rough,FMS_MARITIME,2026-04-06
2023-01-01,60,VLSFO,23.99,17.1,410.4,24,182.0294,0.54,Calm,FMS_MARITIME,2026-04-06
2023-01-02,60,LNG,21.93,10.4,249.6,24,273.5978,0.59,Rough,FMS_MARITIME,2026-04-06
2023-01-03,60,LNG,19.53,10.9,261.6,24,232.4787,0.56,Rough,FMS_MARITIME,2026-04-06
2023-01-04,60,LSMGO,22.49,13.1,314.4,24,222.754,0.93,Moderate,FMS_MARITIME,2026-04-06
2023-01-05,60,VLSFO,25.9,10.4,249.6,24,323.1274,0.64,Rough,FMS_MARITIME,2026-04-06
2023-01-06,60,MGO,15.81,10.3,247.2,24,199.16,0.56,Calm,FMS_MARITIME,2026-04-06
2023-01-07,60,HFO,19.32,9.9,237.6,24,253.2091,0.61,Rough,FMS_MARITIME,2026-04-06
2023-01-08,60,LSMGO,19.92,14.7,352.8,24,175.8245,0.44,Calm,FMS_MARITIME,2026-04-06
2023-01-09,60,LSMGO,20.88,10.5,252.0,24,258.0171,0.52,Rough,FMS_MARITIME,2026-04-06
2023-01-10,60,HFO,67.41,15.2,364.8,24,575.4242,0.86,Calm,FMS_MARITIME,2026-04-06
2023-01-11,60,LNG,39.29,13.6,326.4,24,374.8439,0.73,Moderate,FMS_MARITIME,2026-04-06
2023-01-12,60,VLSFO,27.27,8.9,213.6,24,397.5598,0.6,Calm,FMS_MARITIME,2026-04-06
2023-01-13,60,LSMGO,74.53,14.7,352.8,24,657.8413,0.46,Moderate,FMS_MARITIME,2026-04-06
2023-01-14,60,HFO,65.96,11.2,268.8,24,764.1348,0.71,Rough,FMS_MARITIME,2026-04-06
2023-01-15,60,LNG,45.67,14.1,338.4,24,420.2612,0.61,Rough,FMS_MARITIME,2026-04-06
2023-01-16,60,HFO,84.18,10.1,242.4,24,1081.4213,0.44,Rough,FMS_MARITIME,2026-04-06
2023-01-17,60,MGO,43.47,8.2,196.8,24,687.8332,0.41,Moderate,FMS_MARITIME,2026-04-06
2023-01-18,60,HFO,77.4,10.8,259.2,24,929.875,0.65,Moderate,FMS_MARITIME,2026-04-06
2023-01-19,60,LSMGO,69.89,15.8,379.2,24,573.9384,0.99,Rough,FMS_MARITIME,2026-04-06
2023-01-20,60,LSMGO,39.05,14.6,350.4,24,347.0368,0.62,Rough,FMS_MARITIME,2026-04-06
2023-01-21,60,LSMGO,48.28,12.1,290.4,24,517.7132,0.88,Calm,FMS_MARITIME,2026-04-06
2023-01-22,60,LNG,46.16,12.2,292.8,24,490.923,0.52,Calm,FMS_MARITIME,2026-04-06
2023-01-23,60,VLSFO,75.82,12.0,288.0,24,819.8037,0.77,Moderate,FMS_MARITIME,2026-04-06
2023-01-24,60,MGO,73.8,12.8,307.2,24,748.0898,0.6,Moderate,FMS_MARITIME,2026-04-06
2023-01-25,60,MGO,33.27,11.4,273.6,24,378.6651,0.88,Calm,FMS_MARITIME,2026-04-06
2023-01-26,60,VLSFO,57.03,12.9,309.6,24,573.6157,0.43,Rough,FMS_MARITIME,2026-04-06
2023-01-27,60,VLSFO,29.31,10.7,256.8,24,355.418,0.87,Rough,FMS_MARITIME,2026-04-06
2023-01-28,60,HFO,73.94,10.0,240.0,24,959.3715,0.85,Calm,FMS_MARITIME,2026-04-06
2023-01-28,60,MGO,69.16,9.2,220.8,24,975.3815,0.85,Moderate,FMS_MARITIME,2026-04-06
2023-01-28,60,MGO,34.61,10.8,259.2,24,415.8007,0.5,Rough,FMS_MARITIME,2026-04-06
2023-01-01,61,VLSFO,16.91,10.2,244.8,24,215.1051,0.84,Calm,FMS_MARITIME,2026-04-06
2023-01-02,61,HFO,74.45,10.8,259.2,24,894.434,0.42,Rough,FMS_MARITIME,2026-04-06
2023-01-03,61,LNG,21.41,16.5,396.0,24,168.3605,0.62,Calm,FMS_MARITIME,2026-04-06
2023-01-04,61,LSMGO,19.02,15.5,372.0,24,159.2158,0.7,Calm,FMS_MARITIME,2026-04-06
2023-01-05,61,MGO,73.62,12.1,290.4,24,789.4376,0.95,Rough,FMS_MARITIME,2026-04-06
2023-01-06,61,LSMGO,30.12,16.6,398.4,24,235.4259,0.47,Rough,FMS_MARITIME,2026-04-06
2023-01-07,61,VLSFO,33.77,12.9,309.6,24,339.6634,0.88,Moderate,FMS_MARITIME,2026-04-06
2023-01-08,61,LNG,19.57,15.2,364.8,24,167.0531,0.69,Moderate,FMS_MARITIME,2026-04-06
2023-01-09,61,LNG,51.94,15.3,367.2,24,440.4716,0.66,Calm,FMS_MARITIME,2026-04-06
2023-01-10,61,LNG,30.29,8.9,213.6,24,441.5874,0.41,Rough,FMS_MARITIME,2026-04-06
2023-01-11,61,LNG,16.95,16.0,384.0,24,137.4539,0.83,Moderate,FMS_MARITIME,2026-04-06
2023-01-12,61,HFO,27.89,13.8,331.2,24,262.2266,0.67,Moderate,FMS_MARITIME,2026-04-06
2023-01-13,61,LNG,84.73,14.2,340.8,24,774.2055,0.44,Calm,FMS_MARITIME,2026-04-06
2023-01-14,61,MGO,84.22,15.0,360.0,24,728.503,0.49,Calm,FMS_MARITIME,2026-04-06
2023-01-15,61,HFO,67.19,8.4,201.6,24,1037.8455,0.48,Moderate,FMS_MARITIME,2026-04-06
2023-01-16,61,LSMGO,24.03,12.0,288.0,24,259.8244,0.91,Calm,FMS_MARITIME,2026-04-06
2023-01-17,61,MGO,82.9,9.4,225.6,24,1144.2846,0.43,Rough,FMS_MARITIME,2026-04-06
2023-01-18,61,LNG,57.13,16.7,400.8,24,443.8693,0.75,Rough,FMS_MARITIME,2026-04-06
2023-01-19,61,VLSFO,21.83,17.9,429.6,24,158.237,0.48,Rough,FMS_MARITIME,2026-04-06
2023-01-20,61,LNG,75.92,8.7,208.8,24,1132.2552,0.63,Calm,FMS_MARITIME,2026-04-06
2023-01-21,61,LSMGO,26.07,12.7,304.8,24,266.3451,0.74,Moderate,FMS_MARITIME,2026-04-06
2023-01-22,61,MGO,63.47,13.9,333.6,24,592.4628,0.74,Calm,FMS_MARITIME,2026-04-06
2023-01-23,61,MGO,79.85,13.0,312.0,24,796.9644,0.58,Rough,FMS_MARITIME,2026-04-06
2023-01-24,61,LNG,70.47,12.6,302.4,24,725.6732,0.42,Moderate,FMS_MARITIME,2026-04-06
2023-01-25,61,LSMGO,38.53,13.1,314.4,24,381.6235,0.76,Rough,FMS_MARITIME,2026-04-06
2023-01-26,61,VLSFO,66.62,13.8,331.2,24,626.3728,0.51,Moderate,FMS_MARITIME,2026-04-06
2023-01-27,61,MGO,81.21,12.1,290.4,24,870.8262,0.95,Rough,FMS_MARITIME,2026-04-06
2023-01-28,61,HFO,60.33,10.2,244.8,24,767.4331,0.76,Moderate,FMS_MARITIME,2026-04-06
2023-01-28,61,LSMGO,39.44,17.7,424.8,24,289.1153,0.45,Rough,FMS_MARITIME,2026-04-06
2023-01-28,61,LNG,59.46,14.0,336.0,24,551.0668,0.59,Calm,FMS_MARITIME,2026-04-06
2023-01-01,62,MGO,37.08,14.0,336.0,24,343.6521,0.85,Calm,FMS_MARITIME,2026-04-06
2023-01-02,62,LSMGO,65.83,16.5,396.0,24,517.6632,0.67,Rough,FMS_MARITIME,2026-04-06
2023-01-03,62,MGO,77.19,10.7,256.8,24,936.0189,0.96,Rough,FMS_MARITIME,2026-04-06
2023-01-04,62,LSMGO,51.46,9.4,225.6,24,710.3122,0.83,Moderate,FMS_MARITIME,2026-04-06
2023-01-05,62,MGO,24.75,15.8,379.2,24,203.2476,0.86,Moderate,FMS_MARITIME,2026-04-06
2023-01-06,62,LSMGO,38.58,16.3,391.2,24,307.1015,0.57,Calm,FMS_MARITIME,2026-04-06
2023-01-07,62,LNG,40.39,13.4,321.6,24,391.0897,0.61,Moderate,FMS_MARITIME,2026-04-06
2023-01-08,62,LNG,23.22,10.7,256.8,24,281.5696,0.63,Rough,FMS_MARITIME,2026-04-06
2023-01-09,62,LNG,67.95,15.0,360.0,24,587.7675,0.51,Calm,FMS_MARITIME,2026-04-06
2023-01-10,62,LNG,54.86,9.3,223.2,24,765.3855,0.96,Rough,FMS_MARITIME,2026-04-06
2023-01-11,62,MGO,24.62,13.9,333.6,24,229.8162,0.46,Rough,FMS_MARITIME,2026-04-06
2023-01-12,62,HFO,31.8,14.1,338.4,24,292.6277,0.84,Rough,FMS_MARITIME,2026-04-06
2023-01-13,62,HFO,28.13,9.3,223.2,24,392.4589,0.63,Calm,FMS_MARITIME,2026-04-06
2023-01-14,62,LNG,79.43,16.6,398.4,24,620.8459,0.89,Calm,FMS_MARITIME,2026-04-06
2023-01-15,62,LNG,30.57,17.2,412.8,24,230.608,0.97,Rough,FMS_MARITIME,2026-04-06
2023-01-16,62,LSMGO,45.16,11.6,278.4,24,505.1302,0.69,Moderate,FMS_MARITIME,2026-04-06
2023-01-17,62,VLSFO,16.33,14.1,338.4,24,150.2707,0.77,Calm,FMS_MARITIME,2026-04-06
2023-01-18,62,MGO,49.65,13.6,326.4,24,473.6829,0.6,Calm,FMS_MARITIME,2026-04-06
2023-01-19,62,VLSFO,76.34,9.2,220.8,24,1076.6429,0.7,Rough,FMS_MARITIME,2026-04-06
2023-01-20,62,MGO,50.7,17.7,424.8,24,371.6568,0.82,Moderate,FMS_MARITIME,2026-04-06
2023-01-21,62,HFO,15.61,10.8,259.2,24,187.5368,0.53,Moderate,FMS_MARITIME,2026-04-06
2023-01-22,62,LSMGO,70.14,17.9,429.6,24,508.417,0.97,Moderate,FMS_MARITIME,2026-04-06
2023-01-23,62,LSMGO,67.95,14.1,338.4,24,625.2846,0.89,Moderate,FMS_MARITIME,2026-04-06
2023-01-24,62,LSMGO,84.17,8.1,194.4,24,1348.2787,0.71,Moderate,FMS_MARITIME,2026-04-06
2023-01-25,62,LSMGO,81.09,11.6,278.4,24,907.0196,0.54,Rough,FMS_MARITIME,2026-04-06
2023-01-26,62,HFO,64.92,8.4,201.6,24,1002.7821,0.53,Moderate,FMS_MARITIME,2026-04-06
2023-01-27,62,MGO,16.87,12.8,307.2,24,171.0064,0.61,Moderate,FMS_MARITIME,2026-04-06
2023-01-28,62,LSMGO,18.46,17.8,427.2,24,134.561,0.61,Rough,FMS_MARITIME,2026-04-06
2023-01-28,62,LNG,70.41,14.2,340.8,24,643.359,0.76,Calm,FMS_MARITIME,2026-04-06
2023-01-28,62,VLSFO,28.88,10.3,247.2,24,363.8039,0.78,Rough,FMS_MARITIME,2026-04-06
2023-01-01,63,VLSFO,76.95,14.1,338.4,24,708.1037,0.91,Moderate,FMS_MARITIME,2026-04-06
2023-01-02,63,VLSFO,61.82,16.2,388.8,24,495.1324,0.43,Moderate,FMS_MARITIME,2026-04-06
2023-01-03,63,LSMGO,70.09,13.1,314.4,24,694.212,0.74,Calm,FMS_MARITIME,2026-04-06
2023-01-04,63,LSMGO,57.56,14.2,340.8,24,525.9444,0.46,Rough,FMS_MARITIME,2026-04-06
2023-01-05,63,MGO,65.67,12.7,304.8,24,670.9199,0.57,Moderate,FMS_MARITIME,2026-04-06
2023-01-06,63,VLSFO,25.48,10.8,259.2,24,306.1139,0.73,Moderate,FMS_MARITIME,2026-04-06
2023-01-07,63,MGO,50.61,12.9,309.6,24,509.0424,0.76,Moderate,FMS_MARITIME,2026-04-06
2023-01-08,63,HFO,28.79,14.3,343.2,24,261.224,0.74,Rough,FMS_MARITIME,2026-04-06
2023-01-09,63,LNG,17.28,8.0,192.0,24,280.26,0.51,Calm,FMS_MARITIME,2026-04-06
2023-01-10,63,LSMGO,33.43,10.3,247.2,24,421.1206,0.48,Moderate,FMS_MARITIME,2026-04-06
2023-01-11,63,LSMGO,32.16,12.5,300.0,24,333.8208,0.43,Moderate,FMS_MARITIME,2026-04-06
2023-01-12,63,LSMGO,64.46,15.7,376.8,24,532.7188,0.83,Rough,FMS_MARITIME,2026-04-06
2023-01-13,63,HFO,81.92,8.2,196.8,24,1296.2341,0.63,Moderate,FMS_MARITIME,2026-04-06
2023-01-14,63,HFO,46.65,8.1,194.4,24,747.2639,0.82,Rough,FMS_MARITIME,2026-04-06
2023-01-15,63,LNG,36.44,10.4,249.6,24,454.624,0.66,Calm,FMS_MARITIME,2026-04-06
2023-01-16,63,VLSFO,36.95,10.9,261.6,24,439.8406,0.83,Rough,FMS_MARITIME,2026-04-06
2023-01-17,63,LSMGO,21.29,12.2,292.8,24,226.4244,0.92,Moderate,FMS_MARITIME,2026-04-06
2023-01-18,63,VLSFO,23.14,10.5,252.0,24,285.9443,0.44,Moderate,FMS_MARITIME,2026-04-06
2023-01-19,63,LSMGO,49.7,12.3,295.2,24,524.2744,0.51,Calm,FMS_MARITIME,2026-04-06
2023-01-20,63,VLSFO,35.07,10.0,240.0,24,455.0333,0.75,Moderate,FMS_MARITIME,2026-04-06
2023-01-21,63,VLSFO,73.63,16.6,398.4,24,575.5116,0.9,Moderate,FMS_MARITIME,2026-04-06
2023-01-22,63,MGO,69.86,13.7,328.8,24,661.6303,0.46,Moderate,FMS_MARITIME,2026-04-06
2023-01-23,63,LNG,68.81,8.8,211.2,24,1014.5565,0.61,Calm,FMS_MARITIME,2026-04-06
2023-01-24,63,HFO,33.37,12.1,290.4,24,357.8312,0.69,Moderate,FMS_MARITIME,2026-04-06
2023-01-25,63,MGO,31.77,12.7,304.8,24,324.5793,0.83,Rough,FMS_MARITIME,2026-04-06
2023-01-26,63,MGO,64.77,17.3,415.2,24,485.775,0.78,Rough,FMS_MARITIME,2026-04-06
2023-01-27,63,LSMGO,36.02,9.6,230.4,24,486.8328,0.91,Moderate,FMS_MARITIME,2026-04-06
2023-01-28,63,HFO,58.62,14.1,338.4,24,539.4287,0.52,Calm,FMS_MARITIME,2026-04-06
2023-01-28,63,LNG,52.05,12.6,302.4,24,535.9911,0.41,Moderate,FMS_MARITIME,2026-04-06
2023-01-28,63,VLSFO,84.5,9.4,225.6,24,1166.3697,0.66,Moderate,FMS_MARITIME,2026-04-06
2023-01-01,64,LSMGO,41.61,11.1,266.4,24,486.3872,0.42,Calm,FMS_MARITIME,2026-04-06
2023-01-02,64,VLSFO,38.86,14.6,350.4,24,345.3483,0.95,Calm,FMS_MARITIME,2026-04-06
2023-01-03,64,VLSFO,68.85,16.5,396.0,24,541.4114,0.82,Calm,FMS_MARITIME,2026-04-06
2023-01-04,64,MGO,50.98,14.1,338.4,24,469.1245,0.86,Moderate,FMS_MARITIME,2026-04-06
2023-01-05,64,LSMGO,67.32,17.8,427.2,24,490.7174,0.58,Rough,FMS_MARITIME,2026-04-06
2023-01-06,64,LNG,71.48,8.9,213.6,24,1042.082,0.47,Calm,FMS_MARITIME,2026-04-06
2023-01-07,64,LSMGO,35.71,8.7,208.8,24,532.5716,0.52,Moderate,FMS_MARITIME,2026-04-06
2023-01-08,64,VLSFO,62.57,13.3,319.2,24,610.4103,0.74,Calm,FMS_MARITIME,2026-04-06
2023-01-09,64,HFO,75.54,14.7,352.8,24,666.7561,0.57,Moderate,FMS_MARITIME,2026-04-06
2023-01-10,64,VLSFO,33.16,12.0,288.0,24,358.5425,0.71,Moderate,FMS_MARITIME,2026-04-06
2023-01-11,64,HFO,83.42,13.2,316.8,24,819.9807,0.85,Moderate,FMS_MARITIME,2026-04-06
2023-01-12,64,LSMGO,38.79,16.6,398.4,24,303.1929,0.7,Moderate,FMS_MARITIME,2026-04-06
2023-01-13,64,LSMGO,21.37,8.0,192.0,24,346.5947,0.75,Rough,FMS_MARITIME,2026-04-06
2023-01-14,64,LSMGO,24.58,9.4,225.6,24,339.2824,0.58,Calm,FMS_MARITIME,2026-04-06
2023-01-15,64,LSMGO,47.0,9.4,225.6,24,648.75,0.64,Moderate,FMS_MARITIME,2026-04-06
2023-01-16,64,MGO,76.99,16.8,403.2,24,594.6103,0.65,Rough,FMS_MARITIME,2026-04-06
2023-01-17,64,LSMGO,36.44,15.9,381.6,24,297.3642,0.65,Rough,FMS_MARITIME,2026-04-06
2023-01-18,64,HFO,45.81,16.5,396.0,24,360.2332,0.72,Rough,FMS_MARITIME,2026-04-06
2023-01-19,64,HFO,26.36,15.7,376.8,24,217.8478,0.74,Calm,FMS_MARITIME,2026-04-06
2023-01-20,64,HFO,50.67,11.2,268.8,24,587.0029,0.57,Calm,FMS_MARITIME,2026-04-06
2023-01-21,64,MGO,65.34,8.4,201.6,24,1009.2696,0.78,Calm,FMS_MARITIME,2026-04-06
2023-01-22,64,MGO,41.93,13.8,331.2,24,394.2332,0.81,Calm,FMS_MARITIME,2026-04-06
2023-01-23,64,MGO,18.21,9.3,223.2,24,254.0589,0.86,Calm,FMS_MARITIME,2026-04-06
2023-01-24,64,LSMGO,32.25,13.5,324.0,24,309.9583,0.73,Moderate,FMS_MARITIME,2026-04-06
2023-01-25,64,LSMGO,78.35,8.1,194.4,24,1255.0509,0.62,Calm,FMS_MARITIME,2026-04-06
2023-01-26,64,VLSFO,27.47,12.6,302.4,24,282.8756,0.5,Moderate,FMS_MARITIME,2026-04-06
2023-01-27,64,VLSFO,51.68,16.9,405.6,24,396.774,0.42,Moderate,FMS_MARITIME,2026-04-06
2023-01-28,64,MGO,62.36,14.4,345.6,24,561.8896,0.88,Moderate,FMS_MARITIME,2026-04-06
2023-01-28,64,MGO,47.03,8.6,206.4,24,709.5515,0.84,Moderate,FMS_MARITIME,2026-04-06
2023-01-28,64,VLSFO,19.82,9.8,235.2,24,262.4128,0.61,Rough,FMS_MARITIME,2026-04-06
2023-01-01,65,HFO,24.97,11.9,285.6,24,272.2569,0.61,Calm,FMS_MARITIME,2026-04-06
2023-01-02,65,LNG,28.99,12.2,292.8,24,308.3158,0.41,Moderate,FMS_MARITIME,2026-04-06
2023-01-03,65,LSMGO,47.06,13.0,312.0,24,469.695,0.92,Moderate,FMS_MARITIME,2026-04-06
2023-01-04,65,VLSFO,42.03,8.6,206.4,24,634.1154,0.82,Moderate,FMS_MARITIME,2026-04-06
2023-01-05,65,HFO,83.95,16.7,400.8,24,652.2463,0.61,Moderate,FMS_MARITIME,2026-04-06
2023-01-06,65,LNG,56.5,11.2,268.8,24,654.5424,0.71,Moderate,FMS_MARITIME,2026-04-06
2023-01-07,65,LSMGO,74.68,16.7,400.8,24,580.2234,0.83,Moderate,FMS_MARITIME,2026-04-06
2023-01-08,65,MGO,63.58,17.4,417.6,24,474.1095,0.95,Rough,FMS_MARITIME,2026-04-06
2023-01-09,65,LNG,50.55,11.2,268.8,24,585.6127,0.53,Calm,FMS_MARITIME,2026-04-06
2023-01-10,65,LSMGO,68.92,11.1,266.4,24,805.6189,0.78,Rough,FMS_MARITIME,2026-04-06
2023-01-11,65,MGO,23.6,10.5,252.0,24,291.6286,0.86,Calm,FMS_MARITIME,2026-04-06
2023-01-12,65,MGO,22.74,17.1,410.4,24,172.5447,0.59,Calm,FMS_MARITIME,2026-04-06
2023-01-13,65,LSMGO,79.15,10.0,240.0,24,1026.9713,0.94,Moderate,FMS_MARITIME,2026-04-06
2023-01-14,65,LNG,55.09,14.5,348.0,24,492.9605,0.51,Moderate,FMS_MARITIME,2026-04-06
2023-01-15,65,MGO,59.04,16.7,400.8,24,458.709,0.59,Moderate,FMS_MARITIME,2026-04-06
2023-01-16,65,MGO,51.92,15.7,376.8,24,429.0841,0.57,Rough,FMS_MARITIME,2026-04-06
2023-01-17,65,HFO,68.97,8.3,199.2,24,1078.1756,0.52,Rough,FMS_MARITIME,2026-04-06
2023-01-18,65,LNG,21.67,17.0,408.0,24,165.3931,0.52,Calm,FMS_MARITIME,2026-04-06
2023-01-19,65,LSMGO,73.97,13.9,333.6,24,690.4754,0.85,Moderate,FMS_MARITIME,2026-04-06
2023-01-20,65,VLSFO,64.84,10.7,256.8,24,786.2607,0.43,Calm,FMS_MARITIME,2026-04-06
2023-01-21,65,HFO,54.04,15.2,364.8,24,461.2954,0.7,Calm,FMS_MARITIME,2026-04-06
2023-01-22,65,VLSFO,36.01,12.9,309.6,24,362.1936,0.79,Moderate,FMS_MARITIME,2026-04-06
2023-01-23,65,VLSFO,71.83,8.1,194.4,24,1150.6102,0.96,Rough,FMS_MARITIME,2026-04-06
2023-01-24,65,HFO,39.28,11.1,266.4,24,459.1514,0.97,Calm,FMS_MARITIME,2026-04-06
2023-01-25,65,LSMGO,81.76,14.8,355.2,24,716.7811,0.81,Calm,FMS_MARITIME,2026-04-06
2023-01-26,65,VLSFO,75.71,11.5,276.0,24,854.2063,0.84,Moderate,FMS_MARITIME,2026-04-06
2023-01-27,65,HFO,36.52,16.1,386.4,24,294.3149,0.73,Rough,FMS_MARITIME,2026-04-06
2023-01-28,65,VLSFO,55.03,8.2,196.8,24,870.7491,0.49,Calm,FMS_MARITIME,2026-04-06
2023-01-28,65,VLSFO,69.8,11.0,264.0,24,823.3227,0.77,Rough,FMS_MARITIME,2026-04-06
2023-01-28,65,MGO,38.14,10.5,252.0,24,471.3014,1.0,Rough,FMS_MARITIME,2026-04-06
2023-01-01,66,LNG,71.1,13.3,319.2,24,693.6259,0.91,Calm,FMS_MARITIME,2026-04-06
2023-01-02,66,HFO,42.74,16.1,386.4,24,344.4419,0.49,Calm,FMS_MARITIME,2026-04-06
2023-01-03,66,LNG,62.92,11.1,266.4,24,735.4838,0.82,Calm,FMS_MARITIME,2026-04-06
2023-01-04,66,VLSFO,21.69,16.7,400.8,24,168.5196,0.66,Moderate,FMS_MARITIME,2026-04-06
2023-01-05,66,LNG,40.39,13.0,312.0,24,403.1233,0.49,Moderate,FMS_MARITIME,2026-04-06
2023-01-06,66,MGO,57.29,8.8,211.2,24,844.702,0.79,Calm,FMS_MARITIME,2026-04-06
2023-01-07,66,VLSFO,18.44,15.8,379.2,24,151.4297,0.63,Rough,FMS_MARITIME,2026-04-06
2023-01-08,66,LNG,35.57,8.5,204.0,24,542.9656,0.52,Rough,FMS_MARITIME,2026-04-06
2023-01-09,66,HFO,68.56,8.5,204.0,24,1046.5482,0.85,Calm,FMS_MARITIME,2026-04-06
2023-01-10,66,HFO,79.77,11.1,266.4,24,932.4466,0.92,Moderate,FMS_MARITIME,2026-04-06
2023-01-11,66,MGO,25.78,10.7,256.8,24,312.6126,0.77,Moderate,FMS_MARITIME,2026-04-06
2023-01-12,66,MGO,66.63,8.1,194.4,24,1067.3139,0.96,Rough,FMS_MARITIME,2026-04-06
2023-01-13,66,HFO,68.67,8.9,213.6,24,1001.116,0.41,Rough,FMS_MARITIME,2026-04-06
2023-01-14,66,MGO,43.48,8.8,211.2,24,641.083,0.43,Calm,FMS_MARITIME,2026-04-06
2023-01-15,66,VLSFO,41.48,10.1,242.4,24,532.8743,0.76,Rough,FMS_MARITIME,2026-04-06
2023-01-16,66,LNG,64.25,10.8,259.2,24,771.8924,0.5,Moderate,FMS_MARITIME,2026-04-06
2023-01-17,66,LSMGO,48.28,12.9,309.6,24,485.607,0.67,Moderate,FMS_MARITIME,2026-04-06
2023-01-18,66,MGO,24.73,13.9,333.6,24,230.843,0.52,Calm,FMS_MARITIME,2026-04-06
2023-01-19,66,VLSFO,83.29,9.5,228.0,24,1137.5661,0.87,Rough,FMS_MARITIME,2026-04-06
2023-01-20,66,LSMGO,27.0,13.6,326.4,24,257.5919,0.87,Moderate,FMS_MARITIME,2026-04-06
2023-01-21,66,HFO,60.06,9.7,232.8,24,803.3799,0.85,Moderate,FMS_MARITIME,2026-04-06
2023-01-22,66,HFO,31.1,13.1,314.4,24,308.0324,0.6,Moderate,FMS_MARITIME,2026-04-06
2023-01-23,66,VLSFO,44.38,17.4,417.6,24,330.9371,0.85,Calm,FMS_MARITIME,2026-04-06
2023-01-24,66,LNG,17.87,11.7,280.8,24,198.1737,0.52,Calm,FMS_MARITIME,2026-04-06
2023-01-25,66,MGO,59.69,13.5,324.0,24,573.6872,0.9,Moderate,FMS_MARITIME,2026-04-06
2023-01-26,66,MGO,64.65,10.3,247.2,24,814.4017,0.6,Rough,FMS_MARITIME,2026-04-06
2023-01-27,66,LSMGO,38.75,8.1,194.4,24,620.7176,0.86,Moderate,FMS_MARITIME,2026-04-06
2023-01-28,66,HFO,81.69,14.4,345.6,24,736.0609,0.88,Calm,FMS_MARITIME,2026-04-06
2023-01-28,66,LSMGO,78.02,12.3,295.2,24,823.0159,0.67,Moderate,FMS_MARITIME,2026-04-06
2023-01-28,66,HFO,64.88,12.8,307.2,24,657.6703,0.64,Rough,FMS_MARITIME,2026-04-06
2023-01-01,67,MGO,20.05,10.5,252.0,24,247.7607,0.63,Calm,FMS_MARITIME,2026-04-06
2023-01-02,67,VLSFO,29.1,12.1,290.4,24,312.0434,0.65,Rough,FMS_MARITIME,2026-04-06
2023-01-03,67,LNG,34.51,16.7,400.8,24,268.1241,0.89,Rough,FMS_MARITIME,2026-04-06
2023-01-04,67,VLSFO,75.41,14.6,350.4,24,670.1676,0.46,Calm,FMS_MARITIME,2026-04-06
2023-01-05,67,HFO,57.72,13.0,312.0,24,576.09,0.8,Calm,FMS_MARITIME,2026-04-06
2023-01-06,67,MGO,18.11,11.1,266.4,24,211.6912,0.43,Calm,FMS_MARITIME,2026-04-06
2023-01-07,67,LSMGO,38.04,10.4,249.6,24,474.5856,0.75,Calm,FMS_MARITIME,2026-04-06
2023-01-08,67,VLSFO,35.39,17.4,417.6,24,263.8996,0.93,Calm,FMS_MARITIME,2026-04-06
2023-01-09,67,LNG,70.71,15.0,360.0,24,611.6415,0.43,Rough,FMS_MARITIME,2026-04-06
2023-01-10,67,LSMGO,38.7,15.4,369.6,24,326.0601,0.76,Moderate,FMS_MARITIME,2026-04-06
2023-01-11,67,LSMGO,66.83,8.4,201.6,24,1032.2848,0.59,Moderate,FMS_MARITIME,2026-04-06
2023-01-12,67,LSMGO,31.24,16.6,398.4,24,244.1801,0.79,Moderate,FMS_MARITIME,2026-04-06
2023-01-13,67,MGO,64.23,16.4,393.6,24,508.1611,0.54,Moderate,FMS_MARITIME,2026-04-06
2023-01-14,67,HFO,25.16,8.8,211.2,24,370.967,0.76,Rough,FMS_MARITIME,2026-04-06
2023-01-15,67,VLSFO,24.13,14.4,345.6,24,217.4214,0.92,Moderate,FMS_MARITIME,2026-04-06
2023-01-16,67,LNG,30.19,11.8,283.2,24,331.9621,0.53,Calm,FMS_MARITIME,2026-04-06
2023-01-17,67,MGO,42.87,17.5,420.0,24,317.8504,0.67,Moderate,FMS_MARITIME,2026-04-06
2023-01-18,67,VLSFO,18.74,17.2,412.8,24,141.3672,0.69,Calm,FMS_MARITIME,2026-04-06
2023-01-19,67,VLSFO,38.93,17.6,422.4,24,286.9982,0.99,Moderate,FMS_MARITIME,2026-04-06
2023-01-20,67,MGO,69.15,11.3,271.2,24,794.0011,0.6,Calm,FMS_MARITIME,2026-04-06
2023-01-21,67,LNG,66.53,10.9,261.6,24,791.9511,0.56,Moderate,FMS_MARITIME,2026-04-06
2023-01-22,67,VLSFO,19.88,13.6,326.4,24,189.664,0.92,Moderate,FMS_MARITIME,2026-04-06
2023-01-23,67,MGO,27.66,10.8,259.2,24,332.3042,0.81,Moderate,FMS_MARITIME,2026-04-06
2023-01-24,67,HFO,64.42,15.6,374.4,24,535.801,0.82,Moderate,FMS_MARITIME,2026-04-06
2023-01-25,67,HFO,43.01,16.9,405.6,24,330.2099,0.48,Rough,FMS_MARITIME,2026-04-06
2023-01-26,67,MGO,29.39,14.2,340.8,24,268.546,0.78,Moderate,FMS_MARITIME,2026-04-06
2023-01-27,67,LNG,25.19,13.2,316.8,24,247.6062,0.81,Rough,FMS_MARITIME,2026-04-06
2023-01-28,67,HFO,25.97,13.9,333.6,24,242.4178,0.43,Rough,FMS_MARITIME,2026-04-06
2023-01-28,67,VLSFO,29.43,13.0,312.0,24,293.734,0.94,Calm,FMS_MARITIME,2026-04-06
2023-01-28,67,MGO,44.76,15.6,374.4,24,372.2827,0.51,Rough,FMS_MARITIME,2026-04-06
2023-01-01,68,MGO,57.33,15.8,379.2,24,470.7954,0.69,Calm,FMS_MARITIME,2026-04-06
2023-01-02,68,LNG,77.86,16.0,384.0,24,631.3959,0.64,Moderate,FMS_MARITIME,2026-04-06
2023-01-03,68,MGO,32.74,13.2,316.8,24,321.8193,0.96,Moderate,FMS_MARITIME,2026-04-06
2023-01-04,68,HFO,84.73,14.3,343.2,24,768.7914,0.98,Rough,FMS_MARITIME,2026-04-06
2023-01-05,68,HFO,19.29,16.0,384.0,24,156.4298,0.78,Moderate,FMS_MARITIME,2026-04-06
2023-01-06,68,LSMGO,52.37,9.4,225.6,24,722.8731,0.46,Rough,FMS_MARITIME,2026-04-06
2023-01-07,68,LNG,72.68,16.3,391.2,24,578.5417,0.58,Moderate,FMS_MARITIME,2026-04-06
2023-01-08,68,MGO,34.74,11.5,276.0,24,391.9578,0.42,Moderate,FMS_MARITIME,2026-04-06
2023-01-09,68,VLSFO,73.92,10.7,256.8,24,896.3664,0.48,Moderate,FMS_MARITIME,2026-04-06
2023-01-10,68,VLSFO,45.73,8.0,192.0,24,741.6834,0.52,Calm,FMS_MARITIME,2026-04-06
2023-01-11,68,HFO,42.39,17.1,410.4,24,321.6434,0.68,Rough,FMS_MARITIME,2026-04-06
2023-01-12,68,VLSFO,29.34,15.0,360.0,24,253.791,0.9,Calm,FMS_MARITIME,2026-04-06
2023-01-13,68,MGO,77.98,12.9,309.6,24,784.3337,0.93,Rough,FMS_MARITIME,2026-04-06
2023-01-14,68,LNG,81.37,15.2,364.8,24,694.5893,0.81,Calm,FMS_MARITIME,2026-04-06
2023-01-15,68,VLSFO,33.81,12.4,297.6,24,353.778,0.42,Moderate,FMS_MARITIME,2026-04-06
2023-01-16,68,LSMGO,82.35,16.3,391.2,24,655.5161,0.77,Calm,FMS_MARITIME,2026-04-06
2023-01-17,68,MGO,84.01,16.0,384.0,24,681.2686,0.95,Rough,FMS_MARITIME,2026-04-06
2023-01-18,68,MGO,48.61,15.1,362.4,24,417.6919,0.55,Calm,FMS_MARITIME,2026-04-06
2023-01-19,68,VLSFO,65.92,14.1,338.4,24,606.6043,0.9,Rough,FMS_MARITIME,2026-04-06
2023-01-20,68,LNG,45.25,13.3,319.2,24,441.4427,0.53,Calm,FMS_MARITIME,2026-04-06
2023-01-21,68,HFO,75.05,13.1,314.4,24,743.3387,0.74,Calm,FMS_MARITIME,2026-04-06
2023-01-22,68,MGO,38.57,14.7,352.8,24,340.4393,0.87,Calm,FMS_MARITIME,2026-04-06
2023-01-23,68,MGO,53.16,17.8,427.2,24,387.5006,0.93,Rough,FMS_MARITIME,2026-04-06
2023-01-24,68,HFO,30.39,11.2,268.8,24,352.0627,0.53,Rough,FMS_MARITIME,2026-04-06
2023-01-25,68,MGO,72.7,12.6,302.4,24,748.6369,0.76,Calm,FMS_MARITIME,2026-04-06
2023-01-26,68,LNG,39.38,16.7,400.8,24,305.9614,0.86,Moderate,FMS_MARITIME,2026-04-06
2023-01-27,68,HFO,21.4,14.4,345.6,24,192.8229,0.66,Rough,FMS_MARITIME,2026-04-06
2023-01-28,68,VLSFO,65.38,16.3,391.2,24,520.4328,0.4,Calm,FMS_MARITIME,2026-04-06
2023-01-28,68,LNG,29.46,13.4,321.6,24,285.2563,0.67,Rough,FMS_MARITIME,2026-04-06
2023-01-28,68,HFO,56.92,9.9,237.6,24,745.997,0.87,Moderate,FMS_MARITIME,2026-04-06
2023-01-01,69,MGO,32.35,13.4,321.6,24,313.2397,0.9,Rough,FMS_MARITIME,2026-04-06
2023-01-02,69,LSMGO,65.81,14.0,336.0,24,609.9177,0.87,Rough,FMS_MARITIME,2026-04-06
2023-01-03,69,VLSFO,68.34,15.7,376.8,24,564.7844,0.44,Rough,FMS_MARITIME,2026-04-06
2023-01-04,69,MGO,49.36,10.5,252.0,24,609.9486,0.88,Moderate,FMS_MARITIME,2026-04-06
2023-01-05,69,HFO,36.8,14.6,350.4,24,327.0411,0.94,Moderate,FMS_MARITIME,2026-04-06
2023-01-06,69,MGO,74.71,13.9,333.6,24,697.3829,0.69,Rough,FMS_MARITIME,2026-04-06
2023-01-07,69,HFO,46.72,13.2,316.8,24,459.2364,0.87,Calm,FMS_MARITIME,2026-04-06
2023-01-08,69,MGO,35.28,9.0,216.0,24,508.62,0.95,Calm,FMS_MARITIME,2026-04-06
2023-01-09,69,LNG,59.83,13.4,321.6,24,579.3241,0.96,Moderate,FMS_MARITIME,2026-04-06
2023-01-10,69,LNG,41.15,10.2,244.8,24,523.4522,0.5,Moderate,FMS_MARITIME,2026-04-06
2023-01-11,69,HFO,77.31,8.3,199.2,24,1208.5509,0.7,Calm,FMS_MARITIME,2026-04-06
2023-01-12,69,LNG,64.76,17.2,412.8,24,488.5238,0.44,Rough,FMS_MARITIME,2026-04-06
2023-01-13,69,HFO,80.57,10.5,252.0,24,995.615,0.99,Moderate,FMS_MARITIME,2026-04-06
2023-01-14,69,LNG,82.53,15.7,376.8,24,682.0553,0.67,Rough,FMS_MARITIME,2026-04-06
2023-01-15,69,HFO,29.8,15.0,360.0,24,257.77,0.98,Calm,FMS_MARITIME,2026-04-06
2023-01-16,69,LSMGO,41.12,9.7,232.8,24,550.033,0.6,Rough,FMS_MARITIME,2026-04-06
2023-01-17,69,MGO,61.3,16.8,403.2,24,473.433,0.47,Rough,FMS_MARITIME,2026-04-06
2023-01-18,69,LNG,84.2,8.9,213.6,24,1227.5225,0.49,Calm,FMS_MARITIME,2026-04-06
2023-01-19,69,MGO,38.53,12.2,292.8,24,409.776,1.0,Rough,FMS_MARITIME,2026-04-06
2023-01-20,69,VLSFO,35.93,15.3,367.2,24,304.7005,0.78,Moderate,FMS_MARITIME,2026-04-06
2023-01-21,69,LNG,20.07,9.4,225.6,24,277.0301,0.55,Calm,FMS_MARITIME,2026-04-06
2023-01-22,69,VLSFO,80.48,10.8,259.2,24,966.8778,0.62,Rough,FMS_MARITIME,2026-04-06
2023-01-23,69,VLSFO,44.07,15.8,379.2,24,361.904,0.8,Rough,FMS_MARITIME,2026-04-06
2023-01-24,69,VLSFO,22.33,16.3,391.2,24,177.7495,0.65,Moderate,FMS_MARITIME,2026-04-06
2023-01-25,69,LSMGO,59.76,14.0,336.0,24,553.8471,0.63,Calm,FMS_MARITIME,2026-04-06
2023-01-26,69,HFO,49.09,14.0,336.0,24,454.9591,0.42,Calm,FMS_MARITIME,2026-04-06
2023-01-27,69,VLSFO,66.53,9.8,235.2,24,880.8436,0.72,Moderate,FMS_MARITIME,2026-04-06
2023-01-28,69,HFO,66.6,15.3,367.2,24,564.7941,0.72,Moderate,FMS_MARITIME,2026-04-06
2023-01-28,69,LSMGO,35.18,15.6,374.4,24,292.6029,0.57,Calm,FMS_MARITIME,2026-04-06
2023-01-28,69,VLSFO,16.22,15.9,381.6,24,132.3613,0.63,Calm,FMS_MARITIME,2026-04-06
2023-01-01,70,VLSFO,23.5,15.3,367.2,24,199.2892,0.75,Moderate,FMS_MARITIME,2026-04-06
2023-01-02,70,HFO,68.85,13.8,331.2,24,647.3397,0.43,Moderate,FMS_MARITIME,2026-04-06
2023-01-03,70,VLSFO,49.04,16.3,391.2,24,390.3644,0.4,Rough,FMS_MARITIME,2026-04-06
2023-01-04,70,MGO,20.03,8.1,194.4,24,320.8509,0.76,Moderate,FMS_MARITIME,2026-04-06
2023-01-05,70,MGO,80.7,12.4,297.6,24,844.4214,0.99,Calm,FMS_MARITIME,2026-04-06
2023-01-06,70,VLSFO,79.56,15.9,381.6,24,649.2396,0.43,Rough,FMS_MARITIME,2026-04-06
2023-01-07,70,VLSFO,20.08,8.7,208.8,24,299.469,0.43,Moderate,FMS_MARITIME,2026-04-06
2023-01-08,70,HFO,45.33,11.1,266.4,24,529.8709,0.86,Rough,FMS_MARITIME,2026-04-06
2023-01-09,70,LSMGO,23.49,17.8,427.2,24,171.2263,0.87,Moderate,FMS_MARITIME,2026-04-06
2023-01-10,70,MGO,20.16,15.7,376.8,24,166.6089,0.62,Moderate,FMS_MARITIME,2026-04-06
2023-01-11,70,LNG,22.1,12.4,297.6,24,231.248,0.41,Calm,FMS_MARITIME,2026-04-06
2023-01-12,70,HFO,52.99,11.7,280.8,24,587.6455,0.54,Calm,FMS_MARITIME,2026-04-06
2023-01-13,70,HFO,53.91,15.2,364.8,24,460.1857,0.82,Rough,FMS_MARITIME,2026-04-06
2023-01-14,70,LNG,26.99,14.9,357.6,24,235.0304,0.62,Rough,FMS_MARITIME,2026-04-06
2023-01-15,70,LNG,81.26,15.0,360.0,24,702.899,0.49,Rough,FMS_MARITIME,2026-04-06
2023-01-16,70,LSMGO,40.6,16.4,393.6,24,321.2104,0.45,Calm,FMS_MARITIME,2026-04-06
2023-01-17,70,HFO,80.09,9.5,228.0,24,1093.8608,0.51,Moderate,FMS_MARITIME,2026-04-06
2023-01-18,70,LNG,25.92,8.6,206.4,24,391.0605,0.43,Calm,FMS_MARITIME,2026-04-06
2023-01-19,70,LSMGO,56.72,13.3,319.2,24,553.3398,0.93,Rough,FMS_MARITIME,2026-04-06
2023-01-20,70,LSMGO,64.57,15.6,374.4,24,537.0486,0.9,Moderate,FMS_MARITIME,2026-04-06
2023-01-21,70,LNG,40.63,15.1,362.4,24,349.122,0.99,Moderate,FMS_MARITIME,2026-04-06
2023-01-22,70,HFO,52.17,15.3,367.2,24,442.4221,0.46,Rough,FMS_MARITIME,2026-04-06
2023-01-23,70,MGO,38.57,16.6,398.4,24,301.4733,0.69,Rough,FMS_MARITIME,2026-04-06
2023-01-24,70,LSMGO,48.99,12.8,307.2,24,496.5979,0.54,Moderate,FMS_MARITIME,2026-04-06
2023-01-25,70,LNG,71.4,8.8,211.2,24,1052.7443,0.87,Calm,FMS_MARITIME,2026-04-06
2023-01-26,70,VLSFO,56.75,17.2,412.8,24,428.0996,0.68,Moderate,FMS_MARITIME,2026-04-06
2023-01-27,70,VLSFO,61.22,17.7,424.8,24,448.7737,0.42,Calm,FMS_MARITIME,2026-04-06
2023-01-28,70,VLSFO,76.62,17.4,417.6,24,571.3474,0.96,Calm,FMS_MARITIME,2026-04-06
2023-01-28,70,MGO,57.18,13.4,321.6,24,553.6646,0.86,Moderate,FMS_MARITIME,2026-04-06
2023-01-28,70,LSMGO,48.11,12.0,288.0,24,520.1894,0.6,Moderate,FMS_MARITIME,2026-04-06
2023-01-01,71,HFO,26.96,9.6,230.4,24,364.3812,0.83,Rough,FMS_MARITIME,2026-04-06
2023-01-02,71,HFO,27.6,14.0,336.0,24,255.7929,0.66,Rough,FMS_MARITIME,2026-04-06
2023-01-03,71,LSMGO,60.63,11.6,278.4,24,678.1675,0.97,Moderate,FMS_MARITIME,2026-04-06
2023-01-04,71,HFO,80.28,11.7,280.8,24,890.2846,0.72,Moderate,FMS_MARITIME,2026-04-06
2023-01-05,71,HFO,48.77,16.3,391.2,24,388.2152,0.6,Calm,FMS_MARITIME,2026-04-06
2023-01-06,71,VLSFO,55.67,16.3,391.2,24,443.14,0.97,Moderate,FMS_MARITIME,2026-04-06
2023-01-07,71,LNG,21.35,11.8,283.2,24,234.7595,0.45,Rough,FMS_MARITIME,2026-04-06
2023-01-08,71,LSMGO,15.29,17.6,422.4,24,112.7203,0.84,Moderate,FMS_MARITIME,2026-04-06
2023-01-09,71,MGO,55.68,10.4,249.6,24,694.6615,0.81,Rough,FMS_MARITIME,2026-04-06
2023-01-10,71,LNG,19.33,14.9,357.6,24,168.3267,0.62,Calm,FMS_MARITIME,2026-04-06
2023-01-11,71,LSMGO,48.46,12.8,307.2,24,491.2254,0.64,Moderate,FMS_MARITIME,2026-04-06
2023-01-12,71,LNG,64.04,11.1,266.4,24,748.5757,0.96,Rough,FMS_MARITIME,2026-04-06
2023-01-13,71,LSMGO,25.49,17.5,420.0,24,188.9901,0.8,Moderate,FMS_MARITIME,2026-04-06
2023-01-14,71,VLSFO,82.56,16.7,400.8,24,641.4467,0.71,Calm,FMS_MARITIME,2026-04-06
2023-01-15,71,LSMGO,81.74,15.2,364.8,24,697.7477,0.89,Calm,FMS_MARITIME,2026-04-06
2023-01-16,71,HFO,35.31,14.8,355.2,24,309.559,0.66,Moderate,FMS_MARITIME,2026-04-06
2023-01-17,71,LSMGO,45.63,14.5,348.0,24,408.3098,0.62,Moderate,FMS_MARITIME,2026-04-06
2023-01-18,71,LNG,18.56,8.8,211.2,24,273.6545,0.57,Moderate,FMS_MARITIME,2026-04-06
2023-01-19,71,MGO,51.04,15.5,372.0,24,427.2542,0.76,Rough,FMS_MARITIME,2026-04-06
2023-01-20,71,VLSFO,44.82,11.3,271.2,24,514.6367,1.0,Moderate,FMS_MARITIME,2026-04-06
2023-01-21,71,LNG,54.16,16.0,384.0,24,439.2037,0.62,Calm,FMS_MARITIME,2026-04-06
2023-01-22,71,HFO,34.5,11.0,264.0,24,406.9432,0.42,Moderate,FMS_MARITIME,2026-04-06
2023-01-23,71,VLSFO,42.59,13.1,314.4,24,421.8361,0.47,Calm,FMS_MARITIME,2026-04-06
2023-01-24,71,MGO,59.22,15.6,374.4,24,492.551,0.71,Calm,FMS_MARITIME,2026-04-06
2023-01-25,71,LSMGO,49.34,14.4,345.6,24,444.574,0.77,Rough,FMS_MARITIME,2026-04-06
2023-01-26,71,MGO,36.92,11.3,271.2,24,423.9265,0.87,Rough,FMS_MARITIME,2026-04-06
2023-01-27,71,LNG,80.0,15.9,381.6,24,652.8302,0.44,Calm,FMS_MARITIME,2026-04-06
2023-01-28,71,LNG,49.07,9.2,220.8,24,692.047,0.79,Moderate,FMS_MARITIME,2026-04-06
2023-01-28,71,MGO,18.07,9.1,218.4,24,257.6464,0.97,Moderate,FMS_MARITIME,2026-04-06
2023-01-28,71,VLSFO,51.98,16.8,403.2,24,401.4527,0.52,Moderate,FMS_MARITIME,2026-04-06
2023-01-01,72,LSMGO,54.97,8.8,211.2,24,810.4952,0.74,Rough,FMS_MARITIME,2026-04-06
2023-01-02,72,LNG,77.29,10.7,256.8,24,937.2315,0.89,Calm,FMS_MARITIME,2026-04-06
2023-01-03,72,VLSFO,29.05,8.1,194.4,24,465.338,0.97,Moderate,FMS_MARITIME,2026-04-06
2023-01-04,72,VLSFO,66.63,11.0,264.0,24,785.9311,0.71,Rough,FMS_MARITIME,2026-04-06
2023-01-05,72,MGO,77.87,16.7,400.8,24,605.0079,0.7,Calm,FMS_MARITIME,2026-04-06
2023-01-06,72,LSMGO,51.33,12.1,290.4,24,550.4188,0.42,Rough,FMS_MARITIME,2026-04-06
2023-01-07,72,LSMGO,83.2,12.9,309.6,24,836.8372,0.97,Moderate,FMS_MARITIME,2026-04-06
2023-01-08,72,VLSFO,55.05,13.7,328.8,24,521.3677,0.41,Calm,FMS_MARITIME,2026-04-06
2023-01-09,72,HFO,19.55,10.3,247.2,24,246.2731,0.87,Moderate,FMS_MARITIME,2026-04-06
2023-01-10,72,VLSFO,17.96,10.4,249.6,24,224.0683,0.86,Calm,FMS_MARITIME,2026-04-06
2023-01-11,72,LNG,15.91,16.0,384.0,24,129.0202,0.52,Rough,FMS_MARITIME,2026-04-06
2023-01-12,72,LNG,52.81,12.7,304.8,24,539.5352,0.91,Calm,FMS_MARITIME,2026-04-06
2023-01-13,72,MGO,78.76,12.6,302.4,24,811.0405,0.64,Rough,FMS_MARITIME,2026-04-06
2023-01-14,72,LSMGO,60.28,16.7,400.8,24,468.3431,0.72,Moderate,FMS_MARITIME,2026-04-06
2023-01-15,72,HFO,73.63,8.2,196.8,24,1165.0601,0.69,Calm,FMS_MARITIME,2026-04-06
2023-01-16,72,MGO,29.03,10.3,247.2,24,365.6934,0.6,Moderate,FMS_MARITIME,2026-04-06
2023-01-17,72,VLSFO,48.51,16.1,386.4,24,390.9424,0.85,Moderate,FMS_MARITIME,2026-04-06
2023-01-18,72,LNG,40.39,9.5,228.0,24,551.6424,0.58,Calm,FMS_MARITIME,2026-04-06
2023-01-19,72,HFO,55.54,9.0,216.0,24,800.7017,0.64,Rough,FMS_MARITIME,2026-04-06
2023-01-20,72,VLSFO,80.95,12.5,300.0,24,840.261,0.79,Rough,FMS_MARITIME,2026-04-06
2023-01-21,72,HFO,82.96,15.3,367.2,24,703.5333,0.88,Rough,FMS_MARITIME,2026-04-06
2023-01-22,72,HFO,75.66,16.0,384.0,24,613.5553,0.58,Rough,FMS_MARITIME,2026-04-06
2023-01-23,72,LSMGO,62.13,8.6,206.4,24,937.3683,0.92,Rough,FMS_MARITIME,2026-04-06
2023-01-24,72,LNG,80.73,8.3,199.2,24,1262.0142,0.95,Rough,FMS_MARITIME,2026-04-06
2023-01-25,72,LNG,78.66,11.8,283.2,24,864.9267,0.58,Calm,FMS_MARITIME,2026-04-06
2023-01-26,72,HFO,23.9,9.9,237.6,24,313.2348,0.8,Calm,FMS_MARITIME,2026-04-06
2023-01-27,72,VLSFO,34.77,14.6,350.4,24,309.0005,0.62,Calm,FMS_MARITIME,2026-04-06
2023-01-28,72,VLSFO,67.5,16.4,393.6,24,534.032,0.98,Rough,FMS_MARITIME,2026-04-06
2023-01-28,72,LSMGO,76.11,10.3,247.2,24,958.7643,0.47,Calm,FMS_MARITIME,2026-04-06
2023-01-28,72,VLSFO,41.52,10.2,244.8,24,528.1588,0.58,Rough,FMS_MARITIME,2026-04-06
2023-01-01,73,VLSFO,74.47,16.1,386.4,24,600.1542,0.47,Calm,FMS_MARITIME,2026-04-06
2023-01-02,73,LSMGO,28.03,8.9,213.6,24,408.6396,0.72,Calm,FMS_MARITIME,2026-04-06
2023-01-03,73,LSMGO,31.69,11.6,278.4,24,354.4636,0.49,Rough,FMS_MARITIME,2026-04-06
2023-01-04,73,HFO,71.25,17.8,427.2,24,519.3645,0.54,Rough,FMS_MARITIME,2026-04-06
2023-01-05,73,HFO,33.71,10.7,256.8,24,408.7731,0.79,Moderate,FMS_MARITIME,2026-04-06
2023-01-06,73,HFO,56.2,8.2,196.8,24,889.2622,0.72,Calm,FMS_MARITIME,2026-04-06
2023-01-07,73,VLSFO,24.42,9.3,223.2,24,340.6984,0.64,Calm,FMS_MARITIME,2026-04-06
2023-01-08,73,HFO,41.05,11.9,285.6,24,447.583,0.72,Moderate,FMS_MARITIME,2026-04-06
2023-01-09,73,VLSFO,77.37,14.6,350.4,24,687.5861,0.66,Moderate,FMS_MARITIME,2026-04-06
2023-01-10,73,LSMGO,51.39,13.5,324.0,24,493.915,0.49,Rough,FMS_MARITIME,2026-04-06
2023-01-11,73,LNG,69.86,16.3,391.2,24,556.0942,0.53,Rough,FMS_MARITIME,2026-04-06
2023-01-12,73,MGO,16.94,17.2,412.8,24,127.7887,0.63,Rough,FMS_MARITIME,2026-04-06
2023-01-13,73,VLSFO,21.77,10.0,240.0,24,282.4658,0.7,Calm,FMS_MARITIME,2026-04-06
2023-01-14,73,LNG,19.98,13.8,331.2,24,187.8554,0.73,Calm,FMS_MARITIME,2026-04-06
2023-01-15,73,LNG,16.94,17.5,420.0,24,125.598,0.63,Rough,FMS_MARITIME,2026-04-06
2023-01-16,73,MGO,29.37,16.2,388.8,24,235.2319,0.57,Rough,FMS_MARITIME,2026-04-06
2023-01-17,73,LNG,77.24,15.1,362.4,24,663.7013,0.73,Calm,FMS_MARITIME,2026-04-06
2023-01-18,73,LSMGO,65.43,9.8,235.2,24,866.2798,0.59,Calm,FMS_MARITIME,2026-04-06
2023-01-19,73,HFO,40.84,15.2,364.8,24,348.6178,0.91,Moderate,FMS_MARITIME,2026-04-06
2023-01-20,73,LSMGO,24.44,12.2,292.8,24,259.9254,0.86,Moderate,FMS_MARITIME,2026-04-06
2023-01-21,73,LNG,69.2,14.6,350.4,24,614.9795,0.57,Rough,FMS_MARITIME,2026-04-06
2023-01-22,73,LNG,55.36,8.8,211.2,24,816.2455,0.58,Rough,FMS_MARITIME,2026-04-06
2023-01-23,73,MGO,58.93,11.1,266.4,24,688.8439,0.6,Moderate,FMS_MARITIME,2026-04-06
2023-01-24,73,LSMGO,22.5,13.5,324.0,24,216.25,0.45,Moderate,FMS_MARITIME,2026-04-06
2023-01-25,73,VLSFO,53.81,9.5,228.0,24,734.9313,0.93,Moderate,FMS_MARITIME,2026-04-06
2023-01-26,73,VLSFO,75.45,13.8,331.2,24,709.394,0.52,Rough,FMS_MARITIME,2026-04-06
2023-01-27,73,MGO,54.64,12.9,309.6,24,549.5767,0.5,Moderate,FMS_MARITIME,2026-04-06
2023-01-28,73,LSMGO,48.14,16.9,405.6,24,369.5956,0.9,Moderate,FMS_MARITIME,2026-04-06
2023-01-28,73,VLSFO,35.55,8.1,194.4,24,569.4583,0.6,Calm,FMS_MARITIME,2026-04-06
2023-01-28,73,LSMGO,72.02,10.8,259.2,24,865.2403,0.78,Rough,FMS_MARITIME,2026-04-06
2023-01-01,74,HFO,41.35,8.1,194.4,24,662.3657,0.56,Calm,FMS_MARITIME,2026-04-06
2023-01-02,74,LNG,72.16,9.0,216.0,24,1040.3067,0.67,Rough,FMS_MARITIME,2026-04-06
2023-01-03,74,MGO,27.6,15.5,372.0,24,231.0387,0.73,Calm,FMS_MARITIME,2026-04-06
2023-01-04,74,HFO,22.54,13.9,333.6,24,210.4004,0.6,Moderate,FMS_MARITIME,2026-04-06
2023-01-05,74,LNG,70.15,8.3,199.2,24,1096.622,0.85,Calm,FMS_MARITIME,2026-04-06
2023-01-06,74,MGO,70.18,16.2,388.8,24,562.0898,0.63,Calm,FMS_MARITIME,2026-04-06
2023-01-07,74,VLSFO,78.27,9.9,237.6,24,1025.8114,0.49,Moderate,FMS_MARITIME,2026-04-06
2023-01-08,74,LSMGO,74.8,8.8,211.2,24,1102.875,0.96,Rough,FMS_MARITIME,2026-04-06
2023-01-09,74,VLSFO,59.24,14.7,352.8,24,522.8837,0.51,Calm,FMS_MARITIME,2026-04-06
2023-01-10,74,HFO,31.92,16.7,400.8,24,248.0012,0.58,Moderate,FMS_MARITIME,2026-04-06
2023-01-11,74,LNG,49.01,17.3,415.2,24,367.575,0.85,Moderate,FMS_MARITIME,2026-04-06
2023-01-12,74,VLSFO,65.45,13.8,331.2,24,615.3723,0.66,Calm,FMS_MARITIME,2026-04-06
2023-01-13,74,VLSFO,62.97,16.9,405.6,24,483.4531,0.73,Calm,FMS_MARITIME,2026-04-06
2023-01-14,74,LNG,15.07,10.5,252.0,24,186.2221,0.4,Rough,FMS_MARITIME,2026-04-06
2023-01-15,74,HFO,23.04,12.1,290.4,24,247.0612,0.72,Rough,FMS_MARITIME,2026-04-06
2023-01-16,74,LSMGO,65.28,9.8,235.2,24,864.2939,0.78,Moderate,FMS_MARITIME,2026-04-06
2023-01-17,74,LNG,53.49,9.3,223.2,24,746.2718,0.45,Calm,FMS_MARITIME,2026-04-06
2023-01-18,74,MGO,17.91,14.8,355.2,24,157.015,0.54,Moderate,FMS_MARITIME,2026-04-06
2023-01-19,74,LSMGO,42.12,11.3,271.2,24,483.6345,0.69,Calm,FMS_MARITIME,2026-04-06
2023-01-20,74,LNG,78.81,8.3,199.2,24,1231.9997,0.52,Moderate,FMS_MARITIME,2026-04-06
2023-01-21,74,LNG,69.53,11.9,285.6,24,758.1107,0.99,Calm,FMS_MARITIME,2026-04-06
2023-01-22,74,LSMGO,84.96,12.5,300.0,24,881.8848,0.81,Rough,FMS_MARITIME,2026-04-06
2023-01-23,74,HFO,75.57,14.5,348.0,24,676.2212,0.65,Rough,FMS_MARITIME,2026-04-06
2023-01-24,74,HFO,51.77,8.2,196.8,24,819.1655,0.44,Rough,FMS_MARITIME,2026-04-06
2023-01-25,74,LSMGO,74.74,13.0,312.0,24,745.9627,0.64,Calm,FMS_MARITIME,2026-04-06
2023-01-26,74,LNG,39.69,10.8,259.2,24,476.8313,0.87,Calm,FMS_MARITIME,2026-04-06
2023-01-27,74,LNG,18.04,13.2,316.8,24,177.325,0.46,Rough,FMS_MARITIME,2026-04-06
2023-01-28,74,HFO,74.19,14.5,348.0,24,663.8726,0.56,Rough,FMS_MARITIME,2026-04-06
2023-01-28,74,VLSFO,61.87,14.2,340.8,24,565.3262,0.74,Moderate,FMS_MARITIME,2026-04-06
2023-01-28,74,MGO,19.53,14.2,340.8,24,178.4519,0.65,Rough,FMS_MARITIME,2026-04-06
2023-01-01,75,MGO,81.99,16.4,393.6,24,648.6709,0.91,Calm,FMS_MARITIME,2026-04-06
2023-01-02,75,LSMGO,26.88,10.0,240.0,24,348.768,0.85,Calm,FMS_MARITIME,2026-04-06
2023-01-03,75,LSMGO,19.13,14.6,350.4,24,170.008,0.98,Moderate,FMS_MARITIME,2026-04-06
2023-01-04,75,HFO,80.75,15.2,364.8,24,689.2969,0.45,Calm,FMS_MARITIME,2026-04-06
2023-01-05,75,HFO,38.06,8.6,206.4,24,574.2192,0.9,Calm,FMS_MARITIME,2026-04-06
2023-01-06,75,VLSFO,22.32,11.6,278.4,24,249.6569,0.61,Rough,FMS_MARITIME,2026-04-06
2023-01-07,75,MGO,22.94,14.0,336.0,24,212.6046,0.81,Moderate,FMS_MARITIME,2026-04-06
2023-01-08,75,HFO,16.77,10.8,259.2,24,201.4729,0.48,Moderate,FMS_MARITIME,2026-04-06
2023-01-09,75,LNG,15.59,10.3,247.2,24,196.3886,0.71,Moderate,FMS_MARITIME,2026-04-06
2023-01-10,75,HFO,83.19,8.2,196.8,24,1316.3296,0.74,Rough,FMS_MARITIME,2026-04-06
2023-01-11,75,MGO,52.76,14.5,348.0,24,472.111,0.44,Moderate,FMS_MARITIME,2026-04-06
2023-01-12,75,MGO,34.43,13.5,324.0,24,330.9106,0.73,Calm,FMS_MARITIME,2026-04-06
2023-01-13,75,HFO,30.7,9.3,223.2,24,428.3145,0.43,Calm,FMS_MARITIME,2026-04-06
2023-01-14,75,HFO,67.46,17.2,412.8,24,508.8916,0.66,Calm,FMS_MARITIME,2026-04-06
2023-01-15,75,HFO,63.42,15.9,381.6,24,517.5311,0.98,Moderate,FMS_MARITIME,2026-04-06
2023-01-16,75,LSMGO,42.53,17.0,408.0,24,324.604,0.54,Moderate,FMS_MARITIME,2026-04-06
2023-01-17,75,LNG,16.49,17.8,427.2,24,120.201,0.79,Rough,FMS_MARITIME,2026-04-06
2023-01-18,75,LNG,78.28,17.2,412.8,24,590.5134,0.83,Moderate,FMS_MARITIME,2026-04-06
2023-01-19,75,MGO,80.46,11.5,276.0,24,907.7987,0.63,Moderate,FMS_MARITIME,2026-04-06
2023-01-20,75,VLSFO,74.84,9.2,220.8,24,1055.488,0.64,Rough,FMS_MARITIME,2026-04-06
2023-01-21,75,VLSFO,53.16,16.2,388.8,24,425.7722,0.55,Calm,FMS_MARITIME,2026-04-06
2023-01-22,75,VLSFO,44.01,12.6,302.4,24,453.1982,0.54,Calm,FMS_MARITIME,2026-04-06
2023-01-23,75,LNG,75.83,16.0,384.0,24,614.9339,0.62,Moderate,FMS_MARITIME,2026-04-06
2023-01-24,75,VLSFO,18.91,8.2,196.8,24,299.2162,0.58,Moderate,FMS_MARITIME,2026-04-06
2023-01-25,75,LSMGO,30.86,10.2,244.8,24,392.5574,0.84,Calm,FMS_MARITIME,2026-04-06
2023-01-26,75,LSMGO,39.54,13.2,316.8,24,388.6602,0.96,Moderate,FMS_MARITIME,2026-04-06
2023-01-27,75,LNG,30.0,8.9,213.6,24,437.3596,0.58,Calm,FMS_MARITIME,2026-04-06
2023-01-28,75,MGO,40.57,15.4,369.6,24,341.8154,0.8,Moderate,FMS_MARITIME,2026-04-06
2023-01-28,75,LNG,48.18,17.9,429.6,24,349.2377,0.56,Calm,FMS_MARITIME,2026-04-06
2023-01-28,75,LNG,34.41,15.4,369.6,24,289.9154,0.88,Calm,FMS_MARITIME,2026-04-06
2023-01-01,76,LSMGO,40.6,15.5,372.0,24,339.8613,0.61,Moderate,FMS_MARITIME,2026-04-06
2023-01-02,76,LSMGO,23.32,16.7,400.8,24,181.1838,0.81,Rough,FMS_MARITIME,2026-04-06
2023-01-03,76,MGO,30.42,15.4,369.6,24,256.2984,0.63,Moderate,FMS_MARITIME,2026-04-06
2023-01-04,76,VLSFO,58.5,10.0,240.0,24,759.0375,0.48,Calm,FMS_MARITIME,2026-04-06
2023-01-05,76,VLSFO,44.47,12.3,295.2,24,469.1043,0.56,Calm,FMS_MARITIME,2026-04-06
2023-01-06,76,LNG,20.79,16.9,405.6,24,159.6155,0.43,Rough,FMS_MARITIME,2026-04-06
2023-01-07,76,VLSFO,64.98,11.1,266.4,24,759.5635,0.91,Calm,FMS_MARITIME,2026-04-06
2023-01-08,76,MGO,52.79,13.5,324.0,24,507.3706,0.61,Rough,FMS_MARITIME,2026-04-06
2023-01-09,76,HFO,80.03,10.4,249.6,24,998.4512,0.8,Calm,FMS_MARITIME,2026-04-06
2023-01-10,76,HFO,54.21,15.0,360.0,24,468.9165,0.77,Rough,FMS_MARITIME,2026-04-06
2023-01-11,76,MGO,36.14,9.0,216.0,24,521.0183,0.87,Moderate,FMS_MARITIME,2026-04-06
2023-01-12,76,VLSFO,80.79,8.2,196.8,24,1278.354,0.58,Moderate,FMS_MARITIME,2026-04-06
2023-01-13,76,HFO,73.34,8.2,196.8,24,1160.4713,0.48,Moderate,FMS_MARITIME,2026-04-06
2023-01-14,76,LNG,66.48,12.7,304.8,24,679.1953,0.49,Calm,FMS_MARITIME,2026-04-06
2023-01-15,76,VLSFO,74.53,16.1,386.4,24,600.6377,0.68,Calm,FMS_MARITIME,2026-04-06
2023-01-16,76,MGO,79.86,15.4,369.6,24,672.8464,0.85,Rough,FMS_MARITIME,2026-04-06
2023-01-17,76,MGO,81.5,16.0,384.0,24,660.9141,0.96,Rough,FMS_MARITIME,2026-04-06
2023-01-18,76,LSMGO,17.97,16.3,391.2,24,143.0434,0.49,Calm,FMS_MARITIME,2026-04-06
2023-01-19,76,LNG,77.37,15.8,379.2,24,635.3644,0.8,Rough,FMS_MARITIME,2026-04-06
2023-01-20,76,HFO,54.21,15.6,374.4,24,450.8812,0.93,Rough,FMS_MARITIME,2026-04-06
2023-01-21,76,HFO,75.65,8.9,213.6,24,1102.875,0.47,Rough,FMS_MARITIME,2026-04-06
2023-01-22,76,HFO,29.5,14.0,336.0,24,273.4018,0.48,Rough,FMS_MARITIME,2026-04-06
2023-01-23,76,HFO,46.27,15.3,367.2,24,392.3877,0.61,Moderate,FMS_MARITIME,2026-04-06
2023-01-24,76,MGO,27.74,13.0,312.0,24,276.8665,0.56,Rough,FMS_MARITIME,2026-04-06
2023-01-25,76,LSMGO,53.62,13.8,331.2,24,504.1446,0.61,Rough,FMS_MARITIME,2026-04-06
2023-01-26,76,LNG,32.24,8.1,194.4,24,516.437,0.74,Rough,FMS_MARITIME,2026-04-06
2023-01-27,76,LNG,19.68,12.3,295.2,24,207.6,0.72,Calm,FMS_MARITIME,2026-04-06
2023-01-28,76,MGO,26.01,10.3,247.2,24,327.6502,0.79,Calm,FMS_MARITIME,2026-04-06
2023-01-28,76,LNG,41.46,10.9,261.6,24,493.5261,0.48,Calm,FMS_MARITIME,2026-04-06
2023-01-28,76,LNG,67.35,11.0,264.0,24,794.4239,0.43,Rough,FMS_MARITIME,2026-04-06
2023-01-01,77,VLSFO,27.04,15.3,367.2,24,229.3098,0.78,Rough,FMS_MARITIME,2026-04-06
2023-01-02,77,LSMGO,65.84,14.8,355.2,24,577.2122,0.85,Moderate,FMS_MARITIME,2026-04-06
2023-01-03,77,MGO,65.39,9.3,223.2,24,912.296,0.72,Rough,FMS_MARITIME,2026-04-06
2023-01-04,77,LNG,39.51,15.9,381.6,24,322.4165,0.92,Moderate,FMS_MARITIME,2026-04-06
2023-01-05,77,LNG,21.92,13.7,328.8,24,207.6,0.66,Rough,FMS_MARITIME,2026-04-06
2023-01-06,77,MGO,50.94,16.9,405.6,24,391.0926,0.94,Rough,FMS_MARITIME,2026-04-06
2023-01-07,77,HFO,53.65,14.4,345.6,24,483.4089,0.84,Calm,FMS_MARITIME,2026-04-06
2023-01-08,77,LNG,54.23,13.3,319.2,24,529.0483,0.85,Moderate,FMS_MARITIME,2026-04-06
2023-01-09,77,VLSFO,18.86,14.4,345.6,24,169.9365,0.85,Moderate,FMS_MARITIME,2026-04-06
2023-01-10,77,LSMGO,15.84,14.0,336.0,24,146.8029,0.81,Calm,FMS_MARITIME,2026-04-06
2023-01-11,77,HFO,75.7,15.2,364.8,24,646.1891,0.69,Moderate,FMS_MARITIME,2026-04-06
2023-01-12,77,LSMGO,25.13,16.6,398.4,24,196.4227,0.93,Calm,FMS_MARITIME,2026-04-06
2023-01-13,77,LSMGO,54.6,10.5,252.0,24,674.7,0.92,Calm,FMS_MARITIME,2026-04-06
2023-01-14,77,LNG,59.81,10.7,256.8,24,725.2661,0.48,Moderate,FMS_MARITIME,2026-04-06
2023-01-15,77,MGO,56.16,11.0,264.0,24,662.4327,0.96,Rough,FMS_MARITIME,2026-04-06
2023-01-16,77,VLSFO,34.38,16.9,405.6,24,263.953,0.87,Rough,FMS_MARITIME,2026-04-06
2023-01-17,77,MGO,26.97,17.8,427.2,24,196.5931,0.52,Moderate,FMS_MARITIME,2026-04-06
2023-01-18,77,VLSFO,34.16,15.0,360.0,24,295.484,0.66,Rough,FMS_MARITIME,2026-04-06
2023-01-19,77,HFO,78.18,8.8,211.2,24,1152.7108,0.59,Rough,FMS_MARITIME,2026-04-06
2023-01-20,77,HFO,70.26,15.0,360.0,24,607.749,0.84,Rough,FMS_MARITIME,2026-04-06
2023-01-21,77,MGO,48.0,11.2,268.8,24,556.0714,0.74,Moderate,FMS_MARITIME,2026-04-06
2023-01-22,77,MGO,49.38,12.0,288.0,24,533.9212,0.89,Rough,FMS_MARITIME,2026-04-06
2023-01-23,77,LSMGO,57.55,14.5,348.0,24,514.9733,0.42,Calm,FMS_MARITIME,2026-04-06
2023-01-24,77,LSMGO,29.74,8.8,211.2,24,438.496,0.56,Moderate,FMS_MARITIME,2026-04-06
2023-01-25,77,HFO,54.05,12.0,288.0,24,584.4156,0.81,Calm,FMS_MARITIME,2026-04-06
2023-01-26,77,HFO,17.52,10.9,261.6,24,208.5523,0.96,Moderate,FMS_MARITIME,2026-04-06
2023-01-27,77,LNG,77.36,13.1,314.4,24,766.2183,0.45,Rough,FMS_MARITIME,2026-04-06
2023-01-28,77,LSMGO,39.34,10.0,240.0,24,510.4365,0.45,Rough,FMS_MARITIME,2026-04-06
2023-01-28,77,LNG,49.01,13.4,321.6,24,474.5558,0.95,Moderate,FMS_MARITIME,2026-04-06
2023-01-28,77,MGO,28.27,10.5,252.0,24,349.3364,0.72,Moderate,FMS_MARITIME,2026-04-06
2023-01-01,78,MGO,80.05,11.0,264.0,24,944.2261,0.49,Rough,FMS_MARITIME,2026-04-06
2023-01-02,78,HFO,67.65,8.4,201.6,24,1044.9509,0.75,Moderate,FMS_MARITIME,2026-04-06
2023-01-03,78,LNG,68.69,11.4,273.6,24,781.8007,0.56,Rough,FMS_MARITIME,2026-04-06
2023-01-04,78,MGO,21.44,8.3,199.2,24,335.1614,0.79,Calm,FMS_MARITIME,2026-04-06
2023-01-05,78,VLSFO,21.01,15.0,360.0,24,181.7365,0.63,Moderate,FMS_MARITIME,2026-04-06
2023-01-06,78,HFO,47.44,10.8,259.2,24,569.9389,0.77,Rough,FMS_MARITIME,2026-04-06
2023-01-07,78,VLSFO,32.42,8.4,201.6,24,500.7732,0.74,Moderate,FMS_MARITIME,2026-04-06
2023-01-08,78,HFO,58.36,9.4,225.6,24,805.5543,0.45,Rough,FMS_MARITIME,2026-04-06
2023-01-09,78,LNG,71.61,9.9,237.6,24,938.525,0.92,Calm,FMS_MARITIME,2026-04-06
2023-01-10,78,VLSFO,46.94,13.6,326.4,24,447.8283,0.85,Calm,FMS_MARITIME,2026-04-06
2023-01-11,78,HFO,20.91,14.5,348.0,24,187.1084,0.88,Calm,FMS_MARITIME,2026-04-06
2023-01-12,78,VLSFO,17.88,9.6,230.4,24,241.6594,0.71,Calm,FMS_MARITIME,2026-04-06
2023-01-13,78,HFO,69.05,14.1,338.4,24,635.4069,0.65,Rough,FMS_MARITIME,2026-04-06
2023-01-14,78,LSMGO,62.15,14.8,355.2,24,544.8623,0.54,Moderate,FMS_MARITIME,2026-04-06
2023-01-15,78,LSMGO,25.11,9.5,228.0,24,342.9497,0.77,Calm,FMS_MARITIME,2026-04-06
2023-01-16,78,LNG,70.99,9.1,218.4,24,1012.1926,0.64,Moderate,FMS_MARITIME,2026-04-06
2023-01-17,78,HFO,22.32,10.7,256.8,24,270.6561,0.45,Moderate,FMS_MARITIME,2026-04-06
2023-01-18,78,LSMGO,70.28,8.9,213.6,24,1024.5876,0.75,Moderate,FMS_MARITIME,2026-04-06
2023-01-19,78,HFO,34.49,16.0,384.0,24,279.6923,0.75,Calm,FMS_MARITIME,2026-04-06
2023-01-20,78,MGO,77.48,15.9,381.6,24,632.266,0.58,Moderate,FMS_MARITIME,2026-04-06
2023-01-21,78,MGO,77.89,17.7,424.8,24,570.9733,0.96,Moderate,FMS_MARITIME,2026-04-06
2023-01-22,78,LNG,48.6,11.4,273.6,24,553.1447,0.97,Rough,FMS_MARITIME,2026-04-06
2023-01-23,78,MGO,38.06,8.2,196.8,24,602.2299,0.82,Rough,FMS_MARITIME,2026-04-06
2023-01-24,78,LNG,40.0,14.8,355.2,24,350.6757,0.93,Calm,FMS_MARITIME,2026-04-06
2023-01-25,78,LSMGO,69.59,17.8,427.2,24,507.2642,0.49,Calm,FMS_MARITIME,2026-04-06
2023-01-26,78,LSMGO,16.05,14.7,352.8,24,141.6658,0.71,Rough,FMS_MARITIME,2026-04-06
2023-01-27,78,HFO,48.21,15.9,381.6,24,393.4118,0.63,Moderate,FMS_MARITIME,2026-04-06
2023-01-28,78,LSMGO,57.17,8.2,196.8,24,904.6107,0.45,Rough,FMS_MARITIME,2026-04-06
2023-01-28,78,HFO,15.47,16.9,405.6,24,118.7712,0.82,Calm,FMS_MARITIME,2026-04-06
2023-01-28,78,VLSFO,70.32,10.2,244.8,24,894.5118,0.51,Moderate,FMS_MARITIME,2026-04-06
2023-01-01,79,HFO,82.58,9.2,220.8,24,1164.6473,0.44,Calm,FMS_MARITIME,2026-04-06
2023-01-02,79,MGO,46.23,13.3,319.2,24,451.0032,0.47,Calm,FMS_MARITIME,2026-04-06
2023-01-03,79,LSMGO,62.48,15.8,379.2,24,513.0873,0.9,Rough,FMS_MARITIME,2026-04-06
2023-01-04,79,LSMGO,20.09,8.7,208.8,24,299.6181,0.46,Rough,FMS_MARITIME,2026-04-06
2023-01-05,79,LNG,41.35,14.2,340.8,24,377.8283,0.51,Calm,FMS_MARITIME,2026-04-06
2023-01-06,79,LSMGO,73.89,13.8,331.2,24,694.7266,0.7,Rough,FMS_MARITIME,2026-04-06
2023-01-07,79,LNG,82.97,15.2,364.8,24,708.2472,0.99,Moderate,FMS_MARITIME,2026-04-06
2023-01-08,79,LSMGO,23.74,13.6,326.4,24,226.4901,0.57,Calm,FMS_MARITIME,2026-04-06
2023-01-09,79,MGO,41.27,14.1,338.4,24,379.7718,0.7,Rough,FMS_MARITIME,2026-04-06
2023-01-10,79,LSMGO,33.06,16.8,403.2,24,255.3295,0.53,Calm,FMS_MARITIME,2026-04-06
2023-01-11,79,MGO,30.67,8.8,211.2,24,452.2082,0.46,Moderate,FMS_MARITIME,2026-04-06
2023-01-12,79,VLSFO,82.57,12.4,297.6,24,863.9885,0.87,Moderate,FMS_MARITIME,2026-04-06
2023-01-13,79,MGO,77.78,9.6,230.4,24,1051.2453,0.48,Rough,FMS_MARITIME,2026-04-06
2023-01-14,79,LNG,65.11,13.6,326.4,24,621.1781,0.75,Calm,FMS_MARITIME,2026-04-06
2023-01-15,79,HFO,75.2,8.2,196.8,24,1189.9024,0.44,Rough,FMS_MARITIME,2026-04-06
2023-01-16,79,HFO,81.92,17.5,420.0,24,607.3783,0.81,Moderate,FMS_MARITIME,2026-04-06
2023-01-17,79,VLSFO,50.42,9.6,230.4,24,681.4578,0.7,Moderate,FMS_MARITIME,2026-04-06
2023-01-18,79,VLSFO,15.76,9.5,228.0,24,215.2484,0.5,Rough,FMS_MARITIME,2026-04-06
2023-01-19,79,LSMGO,45.4,15.4,369.6,24,382.5097,0.5,Calm,FMS_MARITIME,2026-04-06
2023-01-20,79,LNG,61.67,13.2,316.8,24,606.1881,0.93,Moderate,FMS_MARITIME,2026-04-06
2023-01-21,79,VLSFO,73.14,15.4,369.6,24,616.2282,0.71,Rough,FMS_MARITIME,2026-04-06
2023-01-22,79,LSMGO,54.11,16.5,396.0,24,425.5014,0.52,Moderate,FMS_MARITIME,2026-04-06
2023-01-23,79,HFO,32.73,15.3,367.2,24,277.5632,0.61,Moderate,FMS_MARITIME,2026-04-06
2023-01-24,79,HFO,15.01,14.2,340.8,24,137.1512,0.49,Rough,FMS_MARITIME,2026-04-06
2023-01-25,79,LNG,33.94,8.4,201.6,24,524.2518,0.57,Calm,FMS_MARITIME,2026-04-06
2023-01-26,79,MGO,63.85,13.3,319.2,24,622.8976,0.53,Moderate,FMS_MARITIME,2026-04-06
2023-01-27,79,MGO,73.72,13.6,326.4,24,703.3213,0.67,Calm,FMS_MARITIME,2026-04-06
2023-01-28,79,LNG,60.81,10.4,249.6,24,758.6632,0.56,Moderate,FMS_MARITIME,2026-04-06
2023-01-28,79,VLSFO,41.17,13.9,333.6,24,384.3027,0.54,Calm,FMS_MARITIME,2026-04-06
2023-01-28,79,MGO,51.75,10.0,240.0,24,671.4562,0.84,Moderate,FMS_MARITIME,2026-04-06
2023-01-01,80,LSMGO,39.32,12.9,309.6,24,395.486,0.56,Calm,FMS_MARITIME,2026-04-06
2023-01-02,80,MGO,30.07,15.6,374.4,24,250.1014,0.72,Rough,FMS_MARITIME,2026-04-06
2023-01-03,80,LNG,20.42,12.3,295.2,24,215.4061,0.45,Moderate,FMS_MARITIME,2026-04-06
2023-01-04,80,MGO,35.34,12.5,300.0,24,366.8292,0.98,Moderate,FMS_MARITIME,2026-04-06
2023-01-05,80,MGO,56.95,13.3,319.2,24,555.5836,0.64,Moderate,FMS_MARITIME,2026-04-06
2023-01-06,80,LSMGO,34.03,10.7,256.8,24,412.6535,0.71,Moderate,FMS_MARITIME,2026-04-06
2023-01-07,80,LSMGO,57.46,11.9,285.6,24,626.5071,0.48,Moderate,FMS_MARITIME,2026-04-06
2023-01-08,80,LNG,69.38,12.9,309.6,24,697.8337,0.57,Moderate,FMS_MARITIME,2026-04-06
2023-01-09,80,LNG,54.9,14.3,343.2,24,498.1311,0.88,Rough,FMS_MARITIME,2026-04-06
2023-01-10,80,HFO,57.49,10.0,240.0,24,745.9328,0.99,Moderate,FMS_MARITIME,2026-04-06
2023-01-11,80,LNG,79.46,11.8,283.2,24,873.7233,0.59,Rough,FMS_MARITIME,2026-04-06
2023-01-12,80,LSMGO,53.98,10.4,249.6,24,673.4524,0.68,Moderate,FMS_MARITIME,2026-04-06
2023-01-13,80,VLSFO,43.44,9.3,223.2,24,606.0581,0.55,Rough,FMS_MARITIME,2026-04-06
2023-01-14,80,LSMGO,52.9,16.3,391.2,24,421.0905,0.75,Moderate,FMS_MARITIME,2026-04-06
2023-01-15,80,HFO,46.92,13.5,324.0,24,450.9533,0.76,Moderate,FMS_MARITIME,2026-04-06
2023-01-16,80,HFO,17.22,17.1,410.4,24,130.6605,0.47,Moderate,FMS_MARITIME,2026-04-06
2023-01-17,80,LSMGO,47.11,17.9,429.6,24,341.4817,0.97,Calm,FMS_MARITIME,2026-04-06
2023-01-18,80,VLSFO,62.95,13.5,324.0,24,605.0194,0.67,Calm,FMS_MARITIME,2026-04-06
2023-01-19,80,VLSFO,61.9,9.1,218.4,24,882.5852,0.6,Calm,FMS_MARITIME,2026-04-06
2023-01-20,80,LNG,65.78,10.6,254.4,24,805.1844,0.53,Calm,FMS_MARITIME,2026-04-06
2023-01-21,80,VLSFO,81.42,10.2,244.8,24,1035.7103,0.44,Moderate,FMS_MARITIME,2026-04-06
2023-01-22,80,VLSFO,69.22,11.7,280.8,24,767.6321,0.52,Rough,FMS_MARITIME,2026-04-06
2023-01-23,80,MGO,43.66,17.9,429.6,24,316.474,0.62,Rough,FMS_MARITIME,2026-04-06
2023-01-24,80,LSMGO,50.11,9.6,230.4,24,677.268,0.71,Calm,FMS_MARITIME,2026-04-06
2023-01-25,80,LSMGO,78.8,16.4,393.6,24,623.4329,0.49,Rough,FMS_MARITIME,2026-04-06
2023-01-26,80,LSMGO,30.69,16.8,403.2,24,237.0254,0.51,Rough,FMS_MARITIME,2026-04-06
2023-01-27,80,VLSFO,47.71,15.0,360.0,24,412.6915,0.86,Calm,FMS_MARITIME,2026-04-06
2023-01-28,80,MGO,64.04,9.1,218.4,24,913.0978,0.98,Moderate,FMS_MARITIME,2026-04-06
2023-01-28,80,LSMGO,35.23,17.7,424.8,24,258.2538,0.99,Rough,FMS_MARITIME,2026-04-06
2023-01-28,80,LSMGO,79.74,17.1,410.4,24,605.0447,0.73,Rough,FMS_MARITIME,2026-04-06
2023-01-01,81,VLSFO,47.6,11.9,285.6,24,519.0,0.93,Calm,FMS_MARITIME,2026-04-06
2023-01-02,81,LSMGO,48.04,13.3,319.2,24,468.6609,0.63,Calm,FMS_MARITIME,2026-04-06
2023-01-03,81,HFO,36.87,13.9,333.6,24,344.1642,0.63,Calm,FMS_MARITIME,2026-04-06
2023-01-04,81,MGO,29.37,16.1,386.4,24,236.693,0.44,Rough,FMS_MARITIME,2026-04-06
2023-01-05,81,HFO,22.11,9.0,216.0,24,318.7525,0.94,Moderate,FMS_MARITIME,2026-04-06
2023-01-06,81,LSMGO,44.01,11.4,273.6,24,500.9033,0.62,Moderate,FMS_MARITIME,2026-04-06
2023-01-07,81,MGO,72.26,9.2,220.8,24,1019.1016,0.83,Moderate,FMS_MARITIME,2026-04-06
2023-01-08,81,LNG,47.52,11.4,273.6,24,540.8526,0.57,Moderate,FMS_MARITIME,2026-04-06
2023-01-09,81,VLSFO,35.3,9.9,237.6,24,462.6439,0.59,Calm,FMS_MARITIME,2026-04-06
2023-01-10,81,MGO,57.24,16.8,403.2,24,442.0768,0.62,Calm,FMS_MARITIME,2026-04-06
2023-01-11,81,VLSFO,64.04,8.6,206.4,24,966.1849,0.52,Rough,FMS_MARITIME,2026-04-06
2023-01-12,81,LNG,44.41,8.9,213.6,24,647.4379,0.88,Rough,FMS_MARITIME,2026-04-06
2023-01-13,81,HFO,82.5,9.2,220.8,24,1163.519,0.88,Calm,FMS_MARITIME,2026-04-06
2023-01-14,81,MGO,77.33,14.2,340.8,24,706.5893,0.98,Calm,FMS_MARITIME,2026-04-06
2023-01-15,81,HFO,55.67,10.3,247.2,24,701.2799,0.79,Rough,FMS_MARITIME,2026-04-06
2023-01-16,81,LNG,75.37,14.4,345.6,24,679.1151,0.89,Moderate,FMS_MARITIME,2026-04-06
2023-01-17,81,MGO,20.58,16.4,393.6,24,162.8204,0.76,Rough,FMS_MARITIME,2026-04-06
2023-01-18,81,VLSFO,73.46,15.0,360.0,24,635.429,1.0,Calm,FMS_MARITIME,2026-04-06
2023-01-19,81,VLSFO,55.42,15.0,360.0,24,479.383,0.87,Rough,FMS_MARITIME,2026-04-06
2023-01-20,81,LNG,79.89,10.0,240.0,24,1036.5728,0.67,Rough,FMS_MARITIME,2026-04-06
2023-01-21,81,HFO,31.09,10.8,259.2,24,373.5118,0.58,Rough,FMS_MARITIME,2026-04-06
2023-01-22,81,HFO,26.9,12.5,300.0,24,279.222,0.88,Rough,FMS_MARITIME,2026-04-06
2023-01-23,81,LSMGO,20.92,10.4,249.6,24,260.9971,0.69,Moderate,FMS_MARITIME,2026-04-06
2023-01-24,81,LNG,48.75,8.1,194.4,24,780.9028,0.77,Moderate,FMS_MARITIME,2026-04-06
2023-01-25,81,VLSFO,29.08,17.5,420.0,24,215.6074,0.52,Rough,FMS_MARITIME,2026-04-06
2023-01-26,81,LNG,53.94,13.7,328.8,24,510.8551,0.46,Rough,FMS_MARITIME,2026-04-06
2023-01-27,81,HFO,34.66,9.8,235.2,24,458.8913,0.79,Calm,FMS_MARITIME,2026-04-06
2023-01-28,81,MGO,51.29,15.3,367.2,24,434.9593,0.97,Calm,FMS_MARITIME,2026-04-06
2023-01-28,81,VLSFO,83.98,16.0,384.0,24,681.0253,0.7,Moderate,FMS_MARITIME,2026-04-06
2023-01-28,81,LSMGO,23.76,14.8,355.2,24,208.3014,0.92,Rough,FMS_MARITIME,2026-04-06
2023-01-01,82,LSMGO,64.57,16.2,388.8,24,517.1579,0.55,Moderate,FMS_MARITIME,2026-04-06
2023-01-02,82,LNG,78.41,8.7,208.8,24,1169.3905,0.82,Moderate,FMS_MARITIME,2026-04-06
2023-01-03,82,VLSFO,62.37,10.9,261.6,24,742.4319,0.82,Calm,FMS_MARITIME,2026-04-06
2023-01-04,82,LNG,70.81,16.0,384.0,24,574.2248,0.98,Calm,FMS_MARITIME,2026-04-06
2023-01-05,82,LNG,70.72,14.1,338.4,24,650.7745,0.64,Rough,FMS_MARITIME,2026-04-06
2023-01-06,82,LSMGO,27.31,10.8,259.2,24,328.0993,0.55,Rough,FMS_MARITIME,2026-04-06
2023-01-07,82,HFO,38.99,17.2,412.8,24,294.1251,0.51,Moderate,FMS_MARITIME,2026-04-06
2023-01-08,82,LSMGO,48.69,9.5,228.0,24,665.0029,0.84,Calm,FMS_MARITIME,2026-04-06
2023-01-09,82,VLSFO,35.56,10.3,247.2,24,447.9524,0.95,Calm,FMS_MARITIME,2026-04-06
2023-01-10,82,LNG,74.07,17.8,427.2,24,539.9204,0.76,Moderate,FMS_MARITIME,2026-04-06
2023-01-11,82,LNG,18.06,9.7,232.8,24,241.5758,0.52,Moderate,FMS_MARITIME,2026-04-06
2023-01-12,82,LSMGO,83.39,11.7,280.8,24,924.7737,0.78,Calm,FMS_MARITIME,2026-04-06
2023-01-13,82,LNG,59.75,14.4,345.6,24,538.3724,0.93,Moderate,FMS_MARITIME,2026-04-06
2023-01-14,82,HFO,34.91,11.5,276.0,24,393.8759,0.99,Moderate,FMS_MARITIME,2026-04-06
2023-01-15,82,LNG,50.94,17.1,410.4,24,386.5184,0.76,Calm,FMS_MARITIME,2026-04-06
2023-01-16,82,HFO,27.14,9.6,230.4,24,366.8141,0.55,Rough,FMS_MARITIME,2026-04-06
2023-01-17,82,HFO,63.53,11.6,278.4,24,710.605,0.46,Rough,FMS_MARITIME,2026-04-06
2023-01-18,82,LNG,76.55,15.5,372.0,24,640.7976,0.43,Moderate,FMS_MARITIME,2026-04-06
2023-01-19,82,LNG,39.23,8.8,211.2,24,578.4196,0.44,Calm,FMS_MARITIME,2026-04-06
2023-01-20,82,VLSFO,50.42,16.1,386.4,24,406.3351,0.48,Calm,FMS_MARITIME,2026-04-06
2023-01-21,82,LNG,34.86,15.8,379.2,24,286.2712,0.82,Rough,FMS_MARITIME,2026-04-06
2023-01-22,82,HFO,30.89,9.8,235.2,24,408.9773,0.55,Rough,FMS_MARITIME,2026-04-06
2023-01-23,82,VLSFO,33.4,14.5,348.0,24,298.8724,0.43,Moderate,FMS_MARITIME,2026-04-06
2023-01-24,82,LSMGO,84.75,15.2,364.8,24,723.4416,0.58,Rough,FMS_MARITIME,2026-04-06
2023-01-25,82,HFO,50.85,17.4,417.6,24,379.1832,0.94,Moderate,FMS_MARITIME,2026-04-06
2023-01-26,82,LNG,34.83,13.5,324.0,24,334.755,0.51,Calm,FMS_MARITIME,2026-04-06
2023-01-27,82,HFO,20.23,12.2,292.8,24,215.151,0.85,Rough,FMS_MARITIME,2026-04-06
2023-01-28,82,LSMGO,32.04,16.5,396.0,24,251.9509,0.75,Moderate,FMS_MARITIME,2026-04-06
2023-01-28,82,VLSFO,24.45,15.3,367.2,24,207.3456,0.5,Moderate,FMS_MARITIME,2026-04-06
2023-01-28,82,HFO,83.88,16.8,403.2,24,647.8232,0.41,Calm,FMS_MARITIME,2026-04-06
2023-01-01,83,VLSFO,39.53,11.3,271.2,24,453.8954,0.91,Rough,FMS_MARITIME,2026-04-06
2023-01-02,83,LSMGO,75.97,17.6,422.4,24,560.0629,0.45,Calm,FMS_MARITIME,2026-04-06
2023-01-03,83,LSMGO,46.58,10.7,256.8,24,564.8369,0.9,Moderate,FMS_MARITIME,2026-04-06
2023-01-04,83,LSMGO,58.38,12.9,309.6,24,587.1942,0.84,Calm,FMS_MARITIME,2026-04-06
2023-01-05,83,MGO,75.78,15.9,381.6,24,618.3934,0.47,Rough,FMS_MARITIME,2026-04-06
2023-01-06,83,HFO,44.16,9.8,235.2,24,584.6694,0.45,Calm,FMS_MARITIME,2026-04-06
2023-01-07,83,VLSFO,24.45,9.8,235.2,24,323.713,0.54,Moderate,FMS_MARITIME,2026-04-06
2023-01-08,83,LSMGO,43.95,8.0,192.0,24,712.8141,0.75,Rough,FMS_MARITIME,2026-04-06
2023-01-09,83,HFO,47.55,17.4,417.6,24,354.5754,0.82,Calm,FMS_MARITIME,2026-04-06
2023-01-10,83,MGO,61.91,17.1,410.4,24,469.7557,0.87,Rough,FMS_MARITIME,2026-04-06
2023-01-11,83,VLSFO,66.54,17.4,417.6,24,496.1819,0.45,Calm,FMS_MARITIME,2026-04-06
2023-01-12,83,LNG,73.8,12.0,288.0,24,797.9625,0.73,Moderate,FMS_MARITIME,2026-04-06
2023-01-13,83,VLSFO,27.97,9.5,228.0,24,382.0113,0.46,Moderate,FMS_MARITIME,2026-04-06
2023-01-14,83,LNG,26.8,14.3,343.2,24,243.1678,0.42,Rough,FMS_MARITIME,2026-04-06
2023-01-15,83,VLSFO,27.22,16.5,396.0,24,214.0482,0.51,Calm,FMS_MARITIME,2026-04-06
2023-01-16,83,LNG,16.47,11.4,273.6,24,187.4546,0.98,Moderate,FMS_MARITIME,2026-04-06
2023-01-17,83,LSMGO,23.56,10.3,247.2,24,296.7874,0.68,Calm,FMS_MARITIME,2026-04-06
2023-01-18,83,HFO,77.99,11.7,280.8,24,864.8891,0.88,Moderate,FMS_MARITIME,2026-04-06
2023-01-19,83,MGO,77.22,13.2,316.8,24,759.0375,0.49,Calm,FMS_MARITIME,2026-04-06
2023-01-20,83,LNG,81.75,12.4,297.6,24,855.4083,0.43,Moderate,FMS_MARITIME,2026-04-06
2023-01-21,83,VLSFO,42.73,14.8,355.2,24,374.6093,0.47,Rough,FMS_MARITIME,2026-04-06
2023-01-22,83,LNG,79.56,11.2,268.8,24,921.6884,0.73,Rough,FMS_MARITIME,2026-04-06
2023-01-23,83,LNG,71.98,14.6,350.4,24,639.6853,0.99,Calm,FMS_MARITIME,2026-04-06
2023-01-24,83,MGO,75.64,16.1,386.4,24,609.5832,0.41,Moderate,FMS_MARITIME,2026-04-06
2023-01-25,83,VLSFO,83.31,15.0,360.0,24,720.6315,0.98,Rough,FMS_MARITIME,2026-04-06
2023-01-26,83,MGO,60.19,12.8,307.2,24,610.1291,0.72,Moderate,FMS_MARITIME,2026-04-06
2023-01-27,83,HFO,40.13,14.9,357.6,24,349.4542,0.52,Moderate,FMS_MARITIME,2026-04-06
2023-01-28,83,LSMGO,36.44,8.8,211.2,24,537.283,0.73,Calm,FMS_MARITIME,2026-04-06
2023-01-28,83,LNG,77.55,8.5,204.0,24,1183.7779,1.0,Moderate,FMS_MARITIME,2026-04-06
2023-01-28,83,MGO,68.64,17.3,415.2,24,514.8,0.81,Rough,FMS_MARITIME,2026-04-06
2023-01-01,84,MGO,44.08,8.7,208.8,24,657.4,0.65,Calm,FMS_MARITIME,2026-04-06
2023-01-02,84,MGO,20.15,12.1,290.4,24,216.0713,0.53,Rough,FMS_MARITIME,2026-04-06
2023-01-03,84,VLSFO,40.6,16.8,403.2,24,313.5625,0.72,Moderate,FMS_MARITIME,2026-04-06
2023-01-04,84,LSMGO,73.13,17.5,420.0,24,542.2067,0.78,Moderate,FMS_MARITIME,2026-04-06
2023-01-05,84,LSMGO,37.85,13.6,326.4,24,361.1057,0.71,Rough,FMS_MARITIME,2026-04-06
2023-01-06,84,LSMGO,73.84,13.5,324.0,24,709.6844,0.99,Moderate,FMS_MARITIME,2026-04-06
2023-01-07,84,MGO,73.84,16.9,405.6,24,566.9077,0.48,Moderate,FMS_MARITIME,2026-04-06
2023-01-08,84,LNG,19.97,17.8,427.2,24,145.5678,0.77,Moderate,FMS_MARITIME,2026-04-06
2023-01-09,84,VLSFO,40.42,16.8,403.2,24,312.1723,0.49,Calm,FMS_MARITIME,2026-04-06
2023-01-10,84,VLSFO,78.54,16.8,403.2,24,606.5813,0.84,Moderate,FMS_MARITIME,2026-04-06
2023-01-11,84,LSMGO,22.3,14.8,355.2,24,195.5017,0.73,Moderate,FMS_MARITIME,2026-04-06
2023-01-12,84,LSMGO,25.98,16.0,384.0,24,210.6816,0.98,Moderate,FMS_MARITIME,2026-04-06
2023-01-13,84,HFO,64.85,11.5,276.0,24,731.6772,0.85,Moderate,FMS_MARITIME,2026-04-06
2023-01-14,84,HFO,21.34,14.6,350.4,24,189.6483,0.77,Moderate,FMS_MARITIME,2026-04-06
2023-01-15,84,LSMGO,62.21,11.7,280.8,24,689.8929,0.53,Rough,FMS_MARITIME,2026-04-06
2023-01-16,84,HFO,77.6,16.6,398.4,24,606.5422,0.48,Rough,FMS_MARITIME,2026-04-06
2023-01-17,84,VLSFO,29.41,10.9,261.6,24,350.0869,0.72,Moderate,FMS_MARITIME,2026-04-06
2023-01-18,84,MGO,83.21,8.5,204.0,24,1270.1762,0.84,Moderate,FMS_MARITIME,2026-04-06
2023-01-19,84,LNG,28.64,17.3,415.2,24,214.8,0.52,Calm,FMS_MARITIME,2026-04-06
2023-01-20,84,LSMGO,22.01,9.5,228.0,24,300.6103,0.43,Calm,FMS_MARITIME,2026-04-06
2023-01-21,84,VLSFO,39.23,9.0,216.0,24,565.5658,0.45,Calm,FMS_MARITIME,2026-04-06
2023-01-22,84,LSMGO,66.73,14.2,340.8,24,609.7336,0.56,Calm,FMS_MARITIME,2026-04-06
2023-01-23,84,LSMGO,15.43,12.2,292.8,24,164.1018,0.93,Rough,FMS_MARITIME,2026-04-06
2023-01-24,84,MGO,70.01,15.8,379.2,24,574.9239,0.83,Moderate,FMS_MARITIME,2026-04-06
2023-01-25,84,HFO,81.95,17.2,412.8,24,618.1984,0.96,Calm,FMS_MARITIME,2026-04-06
2023-01-26,84,LNG,82.84,16.5,396.0,24,651.4236,0.83,Rough,FMS_MARITIME,2026-04-06
2023-01-27,84,MGO,35.76,10.9,261.6,24,425.6752,0.77,Moderate,FMS_MARITIME,2026-04-06
2023-01-28,84,HFO,70.74,14.9,357.6,24,616.0077,0.44,Calm,FMS_MARITIME,2026-04-06
2023-01-28,84,VLSFO,82.42,17.8,427.2,24,600.7862,0.55,Calm,FMS_MARITIME,2026-04-06
2023-01-28,84,VLSFO,58.26,15.7,376.8,24,481.4799,0.79,Moderate,FMS_MARITIME,2026-04-06
2023-01-01,85,VLSFO,41.37,8.1,194.4,24,662.6861,0.76,Rough,FMS_MARITIME,2026-04-06
2023-01-02,85,MGO,78.61,14.1,338.4,24,723.3793,0.51,Moderate,FMS_MARITIME,2026-04-06
2023-01-03,85,LSMGO,30.75,17.3,415.2,24,230.625,0.83,Calm,FMS_MARITIME,2026-04-06
2023-01-04,85,HFO,61.01,8.5,204.0,24,931.2997,0.74,Calm,FMS_MARITIME,2026-04-06
2023-01-05,85,HFO,25.8,12.9,309.6,24,259.5,0.46,Moderate,FMS_MARITIME,2026-04-06
2023-01-06,85,LNG,26.56,17.9,429.6,24,192.5229,0.59,Rough,FMS_MARITIME,2026-04-06
2023-01-07,85,MGO,82.76,15.8,379.2,24,679.6272,0.43,Calm,FMS_MARITIME,2026-04-06
2023-01-08,85,HFO,59.08,16.8,403.2,24,456.2875,0.45,Moderate,FMS_MARITIME,2026-04-06
2023-01-09,85,VLSFO,17.03,15.9,381.6,24,138.9712,0.69,Calm,FMS_MARITIME,2026-04-06
2023-01-10,85,HFO,70.22,13.8,331.2,24,660.2207,0.6,Moderate,FMS_MARITIME,2026-04-06
2023-01-11,85,HFO,58.88,11.4,273.6,24,670.1474,0.42,Rough,FMS_MARITIME,2026-04-06
2023-01-12,85,VLSFO,40.65,8.5,204.0,24,620.5103,0.47,Moderate,FMS_MARITIME,2026-04-06
2023-01-13,85,HFO,20.51,17.8,427.2,24,149.5041,0.49,Calm,FMS_MARITIME,2026-04-06
2023-01-14,85,VLSFO,59.25,9.6,230.4,24,800.8008,0.53,Rough,FMS_MARITIME,2026-04-06
2023-01-15,85,LSMGO,15.81,12.3,295.2,24,166.7762,0.57,Moderate,FMS_MARITIME,2026-04-06
2023-01-16,85,LNG,82.99,15.6,374.4,24,690.2534,0.56,Calm,FMS_MARITIME,2026-04-06
2023-01-17,85,LSMGO,66.69,13.0,312.0,24,665.6175,0.65,Calm,FMS_MARITIME,2026-04-06
2023-01-18,85,VLSFO,76.07,8.6,206.4,24,1147.684,0.83,Moderate,FMS_MARITIME,2026-04-06
2023-01-19,85,LNG,45.92,9.9,237.6,24,601.8303,0.72,Rough,FMS_MARITIME,2026-04-06
2023-01-20,85,VLSFO,28.36,11.6,278.4,24,317.2164,0.87,Moderate,FMS_MARITIME,2026-04-06
2023-01-21,85,MGO,67.21,17.9,429.6,24,487.1786,0.53,Calm,FMS_MARITIME,2026-04-06
2023-01-22,85,VLSFO,15.06,8.9,213.6,24,219.5545,0.49,Moderate,FMS_MARITIME,2026-04-06
2023-01-23,85,LNG,31.96,9.2,220.8,24,450.7402,0.42,Rough,FMS_MARITIME,2026-04-06
2023-01-24,85,LSMGO,19.48,13.1,314.4,24,192.9412,0.95,Moderate,FMS_MARITIME,2026-04-06
2023-01-25,85,VLSFO,59.04,11.7,280.8,24,654.7385,0.55,Rough,FMS_MARITIME,2026-04-06
2023-01-26,85,LSMGO,44.32,14.2,340.8,24,404.9662,0.47,Moderate,FMS_MARITIME,2026-04-06
2023-01-27,85,VLSFO,59.47,11.8,283.2,24,653.918,0.6,Moderate,FMS_MARITIME,2026-04-06
2023-01-28,85,LNG,32.75,8.6,206.4,24,494.1061,0.89,Rough,FMS_MARITIME,2026-04-06
2023-01-28,85,VLSFO,45.26,10.7,256.8,24,548.8304,0.96,Calm,FMS_MARITIME,2026-04-06
2023-01-28,85,LNG,84.79,10.3,247.2,24,1068.107,0.41,Moderate,FMS_MARITIME,2026-04-06
2023-01-01,86,MGO,19.44,11.6,278.4,24,217.4431,0.54,Moderate,FMS_MARITIME,2026-04-06
2023-01-02,86,MGO,71.41,8.7,208.8,24,1064.994,0.99,Rough,FMS_MARITIME,2026-04-06
2023-01-03,86,HFO,29.43,17.4,417.6,24,219.4565,0.68,Moderate,FMS_MARITIME,2026-04-06
2023-01-04,86,HFO,18.85,12.9,309.6,24,189.5959,0.84,Rough,FMS_MARITIME,2026-04-06
2023-01-05,86,MGO,38.35,10.4,249.6,24,478.4531,0.74,Rough,FMS_MARITIME,2026-04-06
2023-01-06,86,HFO,52.6,8.2,196.8,24,832.2988,0.96,Calm,FMS_MARITIME,2026-04-06
2023-01-07,86,HFO,16.92,16.9,405.6,24,129.9036,0.97,Moderate,FMS_MARITIME,2026-04-06
2023-01-08,86,MGO,68.31,11.5,276.0,24,770.715,0.87,Moderate,FMS_MARITIME,2026-04-06
2023-01-09,86,HFO,34.23,14.5,348.0,24,306.2995,0.86,Calm,FMS_MARITIME,2026-04-06
2023-01-10,86,LNG,51.56,13.2,316.8,24,506.8114,0.5,Rough,FMS_MARITIME,2026-04-06
2023-01-11,86,HFO,61.38,11.2,268.8,24,711.0763,0.6,Calm,FMS_MARITIME,2026-04-06
2023-01-12,86,MGO,53.51,14.3,343.2,24,485.5191,0.55,Calm,FMS_MARITIME,2026-04-06
2023-01-13,86,HFO,65.4,16.7,400.8,24,508.1228,0.63,Calm,FMS_MARITIME,2026-04-06
2023-01-14,86,LSMGO,30.56,10.6,254.4,24,374.0717,0.91,Calm,FMS_MARITIME,2026-04-06
2023-01-15,86,LSMGO,77.14,16.4,393.6,24,610.2997,0.88,Calm,FMS_MARITIME,2026-04-06
2023-01-16,86,VLSFO,58.15,8.5,204.0,24,887.6426,0.84,Moderate,FMS_MARITIME,2026-04-06
2023-01-17,86,LSMGO,21.12,12.4,297.6,24,220.9935,0.65,Rough,FMS_MARITIME,2026-04-06
2023-01-18,86,HFO,35.01,8.6,206.4,24,528.2032,0.48,Calm,FMS_MARITIME,2026-04-06
2023-01-19,86,HFO,16.26,14.7,352.8,24,143.5194,0.85,Calm,FMS_MARITIME,2026-04-06
2023-01-20,86,MGO,45.72,14.8,355.2,24,400.8223,1.0,Moderate,FMS_MARITIME,2026-04-06
2023-01-21,86,VLSFO,55.86,16.1,386.4,24,450.1761,0.75,Calm,FMS_MARITIME,2026-04-06
2023-01-22,86,HFO,69.78,13.7,328.8,24,660.8726,0.75,Calm,FMS_MARITIME,2026-04-06
2023-01-23,86,LNG,69.85,10.7,256.8,24,847.0129,0.54,Calm,FMS_MARITIME,2026-04-06
2023-01-24,86,VLSFO,61.07,11.1,266.4,24,713.8588,0.86,Calm,FMS_MARITIME,2026-04-06
2023-01-25,86,LSMGO,74.1,10.9,261.6,24,882.0619,0.83,Rough,FMS_MARITIME,2026-04-06
2023-01-26,86,MGO,61.55,14.1,338.4,24,566.391,0.55,Rough,FMS_MARITIME,2026-04-06
2023-01-27,86,VLSFO,47.96,11.9,285.6,24,522.9252,0.75,Moderate,FMS_MARITIME,2026-04-06
2023-01-28,86,VLSFO,32.51,13.7,328.8,24,307.8958,0.63,Moderate,FMS_MARITIME,2026-04-06
2023-01-28,86,VLSFO,32.54,17.3,415.2,24,244.05,0.92,Rough,FMS_MARITIME,2026-04-06
2023-01-28,86,LNG,52.72,9.6,230.4,24,712.5437,0.84,Moderate,FMS_MARITIME,2026-04-06
2023-01-01,87,LSMGO,35.57,15.1,362.4,24,305.6429,0.42,Rough,FMS_MARITIME,2026-04-06
2023-01-02,87,HFO,40.86,17.0,408.0,24,311.8579,0.74,Calm,FMS_MARITIME,2026-04-06
2023-01-03,87,MGO,79.68,11.2,268.8,24,923.0786,0.86,Rough,FMS_MARITIME,2026-04-06
2023-01-04,87,VLSFO,61.77,10.4,249.6,24,770.6401,0.52,Rough,FMS_MARITIME,2026-04-06
2023-01-05,87,VLSFO,71.97,17.4,417.6,24,536.6728,0.48,Moderate,FMS_MARITIME,2026-04-06
2023-01-06,87,MGO,43.85,13.3,319.2,24,427.7848,0.9,Moderate,FMS_MARITIME,2026-04-06
2023-01-07,87,VLSFO,29.61,13.2,316.8,24,291.0528,0.86,Calm,FMS_MARITIME,2026-04-06
2023-01-08,87,LNG,49.12,12.4,297.6,24,513.9774,0.9,Rough,FMS_MARITIME,2026-04-06
2023-01-09,87,LSMGO,55.57,12.2,292.8,24,591.0006,0.68,Calm,FMS_MARITIME,2026-04-06
2023-01-10,87,LNG,82.0,14.1,338.4,24,754.5745,0.75,Rough,FMS_MARITIME,2026-04-06
2023-01-11,87,VLSFO,16.16,16.2,388.8,24,129.4296,0.78,Rough,FMS_MARITIME,2026-04-06
2023-01-12,87,HFO,40.15,10.9,261.6,24,477.9323,0.93,Moderate,FMS_MARITIME,2026-04-06
2023-01-13,87,VLSFO,81.22,10.2,244.8,24,1033.1662,0.62,Calm,FMS_MARITIME,2026-04-06
2023-01-14,87,HFO,30.11,14.9,357.6,24,262.1995,0.74,Calm,FMS_MARITIME,2026-04-06
2023-01-15,87,VLSFO,27.06,14.0,336.0,24,250.7882,0.46,Moderate,FMS_MARITIME,2026-04-06
2023-01-16,87,HFO,16.44,17.2,412.8,24,124.0169,0.55,Rough,FMS_MARITIME,2026-04-06
2023-01-17,87,LNG,18.0,10.5,252.0,24,222.4286,0.86,Moderate,FMS_MARITIME,2026-04-06
2023-01-18,87,LSMGO,51.75,9.1,218.4,24,737.864,0.48,Rough,FMS_MARITIME,2026-04-06
2023-01-19,87,LNG,60.37,12.8,307.2,24,611.9537,0.94,Moderate,FMS_MARITIME,2026-04-06
2023-01-20,87,MGO,18.73,17.4,417.6,24,139.6677,0.86,Rough,FMS_MARITIME,2026-04-06
2023-01-21,87,LSMGO,35.84,17.9,429.6,24,259.7899,0.84,Calm,FMS_MARITIME,2026-04-06
2023-01-22,87,HFO,63.35,11.3,271.2,24,727.4038,0.71,Moderate,FMS_MARITIME,2026-04-06
2023-01-23,87,HFO,78.72,9.1,218.4,24,1122.4088,0.88,Moderate,FMS_MARITIME,2026-04-06
2023-01-24,87,MGO,16.57,9.2,220.8,24,233.691,0.93,Calm,FMS_MARITIME,2026-04-06
2023-01-25,87,LNG,73.41,16.5,396.0,24,577.2695,0.79,Calm,FMS_MARITIME,2026-04-06
2023-01-26,87,LNG,61.49,11.5,276.0,24,693.7676,0.54,Moderate,FMS_MARITIME,2026-04-06
2023-01-27,87,LNG,39.63,9.7,232.8,24,530.1023,0.99,Calm,FMS_MARITIME,2026-04-06
2023-01-28,87,LNG,41.99,8.2,196.8,24,664.4149,0.83,Rough,FMS_MARITIME,2026-04-06
2023-01-28,87,LNG,58.41,15.8,379.2,24,479.6644,0.62,Moderate,FMS_MARITIME,2026-04-06
2023-01-28,87,MGO,34.08,9.2,220.8,24,480.6391,0.55,Calm,FMS_MARITIME,2026-04-06
2023-01-01,88,LNG,36.34,13.6,326.4,24,346.6996,0.55,Rough,FMS_MARITIME,2026-04-06
2023-01-02,88,HFO,24.87,10.7,256.8,24,301.5778,0.66,Moderate,FMS_MARITIME,2026-04-06
2023-01-03,88,VLSFO,56.03,14.3,343.2,24,508.3841,0.43,Calm,FMS_MARITIME,2026-04-06
2023-01-04,88,VLSFO,69.69,15.2,364.8,24,594.8867,0.74,Moderate,FMS_MARITIME,2026-04-06
2023-01-05,88,VLSFO,82.54,17.0,408.0,24,629.9744,0.73,Moderate,FMS_MARITIME,2026-04-06
2023-01-06,88,VLSFO,61.49,17.3,415.2,24,461.175,0.91,Moderate,FMS_MARITIME,2026-04-06
2023-01-07,88,VLSFO,81.01,12.4,297.6,24,847.6651,0.75,Rough,FMS_MARITIME,2026-04-06
2023-01-08,88,MGO,25.75,15.8,379.2,24,211.4597,0.79,Calm,FMS_MARITIME,2026-04-06
2023-01-09,88,MGO,77.86,8.2,196.8,24,1231.9921,0.78,Moderate,FMS_MARITIME,2026-04-06
2023-01-10,88,VLSFO,63.94,9.4,225.6,24,882.5761,0.45,Calm,FMS_MARITIME,2026-04-06
2023-01-11,88,MGO,16.29,14.0,336.0,24,150.9734,0.78,Rough,FMS_MARITIME,2026-04-06
2023-01-12,88,LNG,74.22,11.8,283.2,24,816.1055,0.7,Rough,FMS_MARITIME,2026-04-06
2023-01-13,88,VLSFO,43.49,14.1,338.4,24,400.2005,0.56,Moderate,FMS_MARITIME,2026-04-06
2023-01-14,88,VLSFO,61.54,12.8,307.2,24,623.8137,0.52,Rough,FMS_MARITIME,2026-04-06
2023-01-15,88,MGO,72.11,10.7,256.8,24,874.418,0.74,Rough,FMS_MARITIME,2026-04-06
2023-01-16,88,HFO,71.86,18.0,432.0,24,517.9908,0.86,Rough,FMS_MARITIME,2026-04-06
2023-01-17,88,LNG,60.5,16.0,384.0,24,490.6172,0.79,Calm,FMS_MARITIME,2026-04-06
2023-01-18,88,MGO,52.61,14.4,345.6,24,474.038,0.72,Rough,FMS_MARITIME,2026-04-06
2023-01-19,88,VLSFO,27.36,13.0,312.0,24,273.0738,0.79,Rough,FMS_MARITIME,2026-04-06
2023-01-20,88,HFO,79.5,16.3,391.2,24,632.8298,0.61,Rough,FMS_MARITIME,2026-04-06
2023-01-21,88,LSMGO,40.9,12.7,304.8,24,417.8563,0.65,Moderate,FMS_MARITIME,2026-04-06
2023-01-22,88,MGO,69.06,11.1,266.4,24,807.2554,0.46,Rough,FMS_MARITIME,2026-04-06
2023-01-23,88,VLSFO,40.69,15.4,369.6,24,342.8265,0.84,Calm,FMS_MARITIME,2026-04-06
2023-01-24,88,LSMGO,59.02,13.5,324.0,24,567.2478,0.44,Calm,FMS_MARITIME,2026-04-06
2023-01-25,88,HFO,35.66,12.4,297.6,24,373.1359,0.45,Calm,FMS_MARITIME,2026-04-06
2023-01-26,88,MGO,80.27,13.5,324.0,24,771.4839,0.53,Rough,FMS_MARITIME,2026-04-06
2023-01-27,88,VLSFO,69.08,15.5,372.0,24,578.2665,0.6,Calm,FMS_MARITIME,2026-04-06
2023-01-28,88,VLSFO,38.44,12.4,297.6,24,402.225,0.99,Rough,FMS_MARITIME,2026-04-06
2023-01-28,88,VLSFO,18.31,14.4,345.6,24,164.9807,0.79,Calm,FMS_MARITIME,2026-04-06
2023-01-28,88,VLSFO,82.81,15.3,367.2,24,702.2613,0.58,Rough,FMS_MARITIME,2026-04-06
2023-01-01,89,LSMGO,41.78,11.4,273.6,24,475.5224,0.43,Rough,FMS_MARITIME,2026-04-06
2023-01-02,89,MGO,15.71,14.2,340.8,24,143.5474,0.72,Rough,FMS_MARITIME,2026-04-06
2023-01-03,89,HFO,48.36,12.8,307.2,24,490.2117,0.74,Rough,FMS_MARITIME,2026-04-06
2023-01-04,89,LSMGO,76.54,10.0,240.0,24,993.1065,0.83,Calm,FMS_MARITIME,2026-04-06
2023-01-05,89,VLSFO,46.16,11.8,283.2,24,507.5644,0.5,Rough,FMS_MARITIME,2026-04-06
2023-01-06,89,VLSFO,37.29,10.7,256.8,24,452.1848,0.98,Moderate,FMS_MARITIME,2026-04-06
2023-01-07,89,LNG,59.76,16.1,386.4,24,481.6062,0.61,Calm,FMS_MARITIME,2026-04-06
2023-01-08,89,LSMGO,42.71,17.8,427.2,24,311.3271,0.66,Calm,FMS_MARITIME,2026-04-06
2023-01-09,89,MGO,68.83,16.3,391.2,24,547.8952,0.54,Calm,FMS_MARITIME,2026-04-06
2023-01-10,89,MGO,74.86,13.6,326.4,24,714.1974,0.59,Moderate,FMS_MARITIME,2026-04-06
2023-01-11,89,LSMGO,34.88,11.1,266.4,24,407.7189,0.84,Calm,FMS_MARITIME,2026-04-06
2023-01-12,89,VLSFO,58.91,11.7,280.8,24,653.2968,0.85,Moderate,FMS_MARITIME,2026-04-06
2023-01-13,89,LNG,54.7,11.4,273.6,24,622.5724,0.42,Calm,FMS_MARITIME,2026-04-06
2023-01-14,89,LNG,74.5,10.0,240.0,24,966.6375,0.81,Rough,FMS_MARITIME,2026-04-06
2023-01-15,89,LNG,36.45,9.5,228.0,24,497.8303,0.8,Moderate,FMS_MARITIME,2026-04-06
2023-01-16,89,HFO,25.16,10.6,254.4,24,307.9726,0.58,Calm,FMS_MARITIME,2026-04-06
2023-01-17,89,VLSFO,29.07,8.0,192.0,24,471.4791,0.65,Rough,FMS_MARITIME,2026-04-06
2023-01-18,89,LSMGO,64.59,8.3,199.2,24,1009.7051,0.54,Calm,FMS_MARITIME,2026-04-06
2023-01-19,89,VLSFO,47.02,14.8,355.2,24,412.2193,0.47,Calm,FMS_MARITIME,2026-04-06
2023-01-20,89,HFO,42.58,14.8,355.2,24,373.2943,0.84,Calm,FMS_MARITIME,2026-04-06
2023-01-21,89,LSMGO,46.98,11.8,283.2,24,516.5809,0.47,Calm,FMS_MARITIME,2026-04-06
2023-01-22,89,LSMGO,46.07,13.7,328.8,24,436.3199,0.66,Moderate,FMS_MARITIME,2026-04-06
2023-01-23,89,LNG,32.85,11.7,280.8,24,364.2981,0.77,Calm,FMS_MARITIME,2026-04-06
2023-01-24,89,MGO,33.16,15.9,381.6,24,270.5981,0.67,Calm,FMS_MARITIME,2026-04-06
2023-01-25,89,HFO,80.95,11.5,276.0,24,913.3272,0.97,Rough,FMS_MARITIME,2026-04-06
2023-01-26,89,VLSFO,54.27,8.7,208.8,24,809.3716,0.54,Rough,FMS_MARITIME,2026-04-06
2023-01-27,89,LSMGO,25.08,10.2,244.8,24,319.0324,0.74,Moderate,FMS_MARITIME,2026-04-06
2023-01-28,89,VLSFO,50.83,11.9,285.6,24,554.2179,0.47,Calm,FMS_MARITIME,2026-04-06
2023-01-28,89,MGO,54.29,14.2,340.8,24,496.0653,0.73,Rough,FMS_MARITIME,2026-04-06
2023-01-28,89,LNG,75.8,14.2,340.8,24,692.6092,0.88,Calm,FMS_MARITIME,2026-04-06
2023-01-01,90,HFO,28.84,9.1,218.4,24,411.2077,0.43,Moderate,FMS_MARITIME,2026-04-06
2023-01-02,90,VLSFO,64.99,12.3,295.2,24,685.5652,0.71,Moderate,FMS_MARITIME,2026-04-06
2023-01-03,90,LNG,38.0,13.8,331.2,24,357.2826,0.57,Calm,FMS_MARITIME,2026-04-06
2023-01-04,90,MGO,62.46,13.1,314.4,24,618.6401,0.88,Rough,FMS_MARITIME,2026-04-06
2023-01-05,90,MGO,34.55,15.4,369.6,24,291.095,0.94,Rough,FMS_MARITIME,2026-04-06
2023-01-06,90,VLSFO,69.01,9.8,235.2,24,913.6783,0.54,Moderate,FMS_MARITIME,2026-04-06
2023-01-07,90,HFO,71.48,11.2,268.8,24,828.083,0.88,Moderate,FMS_MARITIME,2026-04-06
2023-01-08,90,VLSFO,38.83,13.1,314.4,24,384.5948,0.7,Calm,FMS_MARITIME,2026-04-06
2023-01-09,90,VLSFO,51.01,9.3,223.2,24,711.6718,0.65,Moderate,FMS_MARITIME,2026-04-06
2023-01-10,90,LSMGO,25.09,8.2,196.8,24,397.0034,0.44,Moderate,FMS_MARITIME,2026-04-06
2023-01-11,90,MGO,57.98,9.8,235.2,24,767.6434,0.9,Calm,FMS_MARITIME,2026-04-06
2023-01-12,90,LSMGO,73.39,13.2,316.8,24,721.3903,0.49,Calm,FMS_MARITIME,2026-04-06
2023-01-13,90,LSMGO,49.32,9.7,232.8,24,659.7186,0.76,Calm,FMS_MARITIME,2026-04-06
2023-01-14,90,HFO,32.29,10.7,256.8,24,391.554,0.63,Calm,FMS_MARITIME,2026-04-06
2023-01-15,90,LSMGO,61.09,16.7,400.8,24,474.6364,0.76,Calm,FMS_MARITIME,2026-04-06
2023-01-16,90,VLSFO,16.16,10.6,254.4,24,197.8075,0.52,Calm,FMS_MARITIME,2026-04-06
2023-01-17,90,LNG,30.22,14.7,352.8,24,266.7378,0.99,Moderate,FMS_MARITIME,2026-04-06
2023-01-18,90,VLSFO,39.88,10.2,244.8,24,507.2971,0.44,Calm,FMS_MARITIME,2026-04-06
2023-01-19,90,HFO,73.45,16.7,400.8,24,570.6669,0.74,Rough,FMS_MARITIME,2026-04-06
2023-01-20,90,VLSFO,25.93,15.7,376.8,24,214.2941,0.86,Calm,FMS_MARITIME,2026-04-06
2023-01-21,90,LSMGO,84.88,12.0,288.0,24,917.765,0.63,Calm,FMS_MARITIME,2026-04-06
2023-01-22,90,VLSFO,31.29,17.8,427.2,24,228.083,0.42,Moderate,FMS_MARITIME,2026-04-06
2023-01-23,90,VLSFO,64.24,12.7,304.8,24,656.3102,0.82,Moderate,FMS_MARITIME,2026-04-06
2023-01-24,90,MGO,45.94,11.3,271.2,24,527.4969,0.6,Moderate,FMS_MARITIME,2026-04-06
2023-01-25,90,HFO,63.7,15.8,379.2,24,523.106,0.67,Moderate,FMS_MARITIME,2026-04-06
2023-01-26,90,VLSFO,41.46,12.7,304.8,24,423.5776,0.74,Moderate,FMS_MARITIME,2026-04-06
2023-01-27,90,LNG,69.32,13.3,319.2,24,676.2609,1.0,Calm,FMS_MARITIME,2026-04-06
2023-01-28,90,LSMGO,59.71,13.8,331.2,24,561.4038,0.82,Calm,FMS_MARITIME,2026-04-06
2023-01-28,90,MGO,54.31,15.6,374.4,24,451.713,0.41,Moderate,FMS_MARITIME,2026-04-06
2023-01-28,90,LNG,81.77,14.6,350.4,24,726.6889,0.73,Moderate,FMS_MARITIME,2026-04-06
2023-01-01,91,LSMGO,25.64,16.5,396.0,24,201.6236,0.49,Rough,FMS_MARITIME,2026-04-06
2023-01-02,91,MGO,20.67,12.9,309.6,24,207.9017,0.86,Moderate,FMS_MARITIME,2026-04-06
2023-01-03,91,HFO,25.08,11.2,268.8,24,290.5473,0.45,Calm,FMS_MARITIME,2026-04-06
2023-01-04,91,LNG,51.07,13.5,324.0,24,490.8394,0.95,Calm,FMS_MARITIME,2026-04-06
2023-01-05,91,VLSFO,52.9,16.9,405.6,24,406.1405,0.48,Rough,FMS_MARITIME,2026-04-06
2023-01-06,91,LSMGO,73.16,13.9,333.6,24,682.9144,0.63,Moderate,FMS_MARITIME,2026-04-06
2023-01-07,91,MGO,54.21,11.9,285.6,24,591.0712,0.84,Calm,FMS_MARITIME,2026-04-06
2023-01-08,91,LSMGO,62.59,15.9,381.6,24,510.758,0.51,Moderate,FMS_MARITIME,2026-04-06
2023-01-09,91,LSMGO,49.91,15.9,381.6,24,407.2844,0.45,Rough,FMS_MARITIME,2026-04-06
2023-01-10,91,HFO,44.2,11.9,285.6,24,481.9286,0.98,Rough,FMS_MARITIME,2026-04-06
2023-01-11,91,VLSFO,43.74,12.9,309.6,24,439.943,0.99,Calm,FMS_MARITIME,2026-04-06
2023-01-12,91,LSMGO,82.92,10.9,261.6,24,987.0523,0.84,Moderate,FMS_MARITIME,2026-04-06
2023-01-13,91,HFO,20.43,14.5,348.0,24,182.8133,0.98,Rough,FMS_MARITIME,2026-04-06
2023-01-14,91,VLSFO,82.15,17.9,429.6,24,595.4728,0.68,Moderate,FMS_MARITIME,2026-04-06
2023-01-15,91,MGO,57.86,14.5,348.0,24,517.7472,0.65,Moderate,FMS_MARITIME,2026-04-06
2023-01-16,91,MGO,51.37,15.8,379.2,24,421.8517,0.65,Moderate,FMS_MARITIME,2026-04-06
2023-01-17,91,LNG,76.72,12.7,304.8,24,783.8126,0.58,Rough,FMS_MARITIME,2026-04-06
2023-01-18,91,MGO,28.96,17.3,415.2,24,217.2,0.91,Calm,FMS_MARITIME,2026-04-06
2023-01-19,91,MGO,30.23,9.0,216.0,24,435.8158,0.67,Moderate,FMS_MARITIME,2026-04-06
2023-01-20,91,VLSFO,15.99,17.3,415.2,24,119.925,0.55,Rough,FMS_MARITIME,2026-04-06
2023-01-21,91,VLSFO,31.13,14.2,340.8,24,284.4449,0.57,Moderate,FMS_MARITIME,2026-04-06
2023-01-22,91,LNG,70.88,13.4,321.6,24,686.3194,0.56,Moderate,FMS_MARITIME,2026-04-06
2023-01-23,91,HFO,34.31,14.5,348.0,24,307.0153,0.48,Calm,FMS_MARITIME,2026-04-06
2023-01-24,91,VLSFO,83.64,8.8,211.2,24,1233.2148,0.78,Calm,FMS_MARITIME,2026-04-06
2023-01-25,91,MGO,26.29,15.4,369.6,24,221.5018,0.56,Moderate,FMS_MARITIME,2026-04-06
2023-01-26,91,LSMGO,34.72,14.5,348.0,24,310.6841,0.52,Moderate,FMS_MARITIME,2026-04-06
2023-01-27,91,MGO,15.28,12.2,292.8,24,162.5066,0.69,Rough,FMS_MARITIME,2026-04-06
2023-01-28,91,MGO,40.31,12.2,292.8,24,428.7068,0.66,Calm,FMS_MARITIME,2026-04-06
2023-01-28,91,MGO,39.19,11.8,283.2,24,430.9239,0.63,Calm,FMS_MARITIME,2026-04-06
2023-01-28,91,VLSFO,46.2,11.1,266.4,24,540.0405,0.58,Moderate,FMS_MARITIME,2026-04-06
2023-01-01,92,LSMGO,83.66,10.1,242.4,24,1074.7411,0.85,Calm,FMS_MARITIME,2026-04-06
2023-01-02,92,LNG,25.05,13.7,328.8,24,237.2436,0.67,Calm,FMS_MARITIME,2026-04-06
2023-01-03,92,VLSFO,21.49,8.2,196.8,24,340.0399,0.83,Calm,FMS_MARITIME,2026-04-06
2023-01-04,92,LSMGO,40.09,16.8,403.2,24,309.6237,0.6,Rough,FMS_MARITIME,2026-04-06
2023-01-05,92,HFO,22.13,11.0,264.0,24,261.0334,0.4,Calm,FMS_MARITIME,2026-04-06
2023-01-06,92,VLSFO,18.81,16.0,384.0,24,152.5373,0.73,Moderate,FMS_MARITIME,2026-04-06
2023-01-07,92,LNG,38.21,13.0,312.0,24,381.3652,0.85,Calm,FMS_MARITIME,2026-04-06
2023-01-08,92,LNG,69.15,9.7,232.8,24,924.9704,0.62,Rough,FMS_MARITIME,2026-04-06
2023-01-09,92,HFO,75.96,13.9,333.6,24,709.0511,0.8,Moderate,FMS_MARITIME,2026-04-06
2023-01-10,92,LNG,78.88,14.9,357.6,24,686.8913,0.74,Moderate,FMS_MARITIME,2026-04-06
2023-01-11,92,LSMGO,24.85,9.8,235.2,24,329.0089,0.74,Rough,FMS_MARITIME,2026-04-06
2023-01-12,92,LNG,42.25,16.7,400.8,24,328.2597,0.97,Calm,FMS_MARITIME,2026-04-06
2023-01-13,92,LSMGO,78.49,8.5,204.0,24,1198.1268,0.41,Rough,FMS_MARITIME,2026-04-06
2023-01-14,92,VLSFO,79.66,11.8,283.2,24,875.9225,0.49,Calm,FMS_MARITIME,2026-04-06
2023-01-15,92,HFO,38.06,14.6,350.4,24,338.2387,0.75,Moderate,FMS_MARITIME,2026-04-06
2023-01-16,92,MGO,64.68,8.5,204.0,24,987.3212,0.81,Calm,FMS_MARITIME,2026-04-06
2023-01-17,92,LSMGO,75.88,18.0,432.0,24,546.9683,0.53,Moderate,FMS_MARITIME,2026-04-06
2023-01-18,92,HFO,57.87,14.0,336.0,24,536.3309,0.72,Calm,FMS_MARITIME,2026-04-06
2023-01-19,92,VLSFO,51.71,8.4,201.6,24,798.7348,0.72,Rough,FMS_MARITIME,2026-04-06
2023-01-20,92,MGO,48.83,11.9,285.6,24,532.4111,0.55,Moderate,FMS_MARITIME,2026-04-06
2023-01-21,92,MGO,17.17,12.8,307.2,24,174.0475,0.55,Moderate,FMS_MARITIME,2026-04-06
2023-01-22,92,VLSFO,79.0,10.8,259.2,24,949.0972,0.51,Rough,FMS_MARITIME,2026-04-06
2023-01-23,92,VLSFO,39.91,14.4,345.6,24,359.6057,0.87,Calm,FMS_MARITIME,2026-04-06
2023-01-24,92,VLSFO,45.23,14.8,355.2,24,396.5265,0.74,Rough,FMS_MARITIME,2026-04-06
2023-01-25,92,HFO,77.81,8.2,196.8,24,1231.2009,0.72,Calm,FMS_MARITIME,2026-04-06
2023-01-26,92,HFO,47.09,16.1,386.4,24,379.4986,0.9,Calm,FMS_MARITIME,2026-04-06
2023-01-27,92,LNG,69.36,8.2,196.8,24,1097.4951,0.79,Rough,FMS_MARITIME,2026-04-06
2023-01-28,92,MGO,19.57,14.5,348.0,24,175.1178,0.8,Calm,FMS_MARITIME,2026-04-06
2023-01-28,92,VLSFO,75.64,13.1,314.4,24,749.1824,0.92,Rough,FMS_MARITIME,2026-04-06
2023-01-28,92,VLSFO,58.17,16.7,400.8,24,451.9496,0.97,Rough,FMS_MARITIME,2026-04-06
2023-01-01,93,HFO,56.9,9.4,225.6,24,785.4016,0.69,Rough,FMS_MARITIME,2026-04-06
2023-01-02,93,LNG,38.77,11.7,280.8,24,429.9494,0.61,Moderate,FMS_MARITIME,2026-04-06
2023-01-03,93,VLSFO,55.94,13.7,328.8,24,529.7967,0.82,Rough,FMS_MARITIME,2026-04-06
2023-01-04,93,HFO,25.11,9.9,237.6,24,329.0932,0.85,Calm,FMS_MARITIME,2026-04-06
2023-01-05,93,MGO,26.7,9.6,230.4,24,360.8672,0.45,Moderate,FMS_MARITIME,2026-04-06
2023-01-06,93,LSMGO,60.93,11.7,280.8,24,675.6981,0.57,Rough,FMS_MARITIME,2026-04-06
2023-01-07,93,HFO,56.13,9.2,220.8,24,791.616,0.42,Moderate,FMS_MARITIME,2026-04-06
2023-01-08,93,LSMGO,29.09,13.5,324.0,24,279.5872,0.86,Moderate,FMS_MARITIME,2026-04-06
2023-01-09,93,VLSFO,20.39,17.7,424.8,24,149.4691,0.71,Moderate,FMS_MARITIME,2026-04-06
2023-01-10,93,VLSFO,50.91,12.4,297.6,24,532.7075,0.92,Calm,FMS_MARITIME,2026-04-06
2023-01-11,93,LSMGO,72.27,8.5,204.0,24,1103.1803,0.85,Calm,FMS_MARITIME,2026-04-06
2023-01-12,93,LNG,35.78,11.3,271.2,24,410.8367,0.44,Calm,FMS_MARITIME,2026-04-06
2023-01-13,93,HFO,22.92,17.8,427.2,24,167.0713,1.0,Rough,FMS_MARITIME,2026-04-06
2023-01-14,93,LNG,59.47,12.8,307.2,24,602.8307,0.76,Calm,FMS_MARITIME,2026-04-06
2023-01-15,93,LNG,29.63,13.5,324.0,24,284.7772,0.91,Calm,FMS_MARITIME,2026-04-06
2023-01-16,93,LNG,31.78,18.0,432.0,24,229.0808,0.62,Calm,FMS_MARITIME,2026-04-06
2023-01-17,93,VLSFO,74.67,16.5,396.0,24,587.1777,0.46,Rough,FMS_MARITIME,2026-04-06
2023-01-18,93,LSMGO,67.91,17.5,420.0,24,503.5041,0.8,Calm,FMS_MARITIME,2026-04-06
2023-01-19,93,LSMGO,27.69,17.9,429.6,24,200.7138,0.5,Rough,FMS_MARITIME,2026-04-06
2023-01-20,93,LNG,65.2,13.3,319.2,24,636.0677,0.56,Calm,FMS_MARITIME,2026-04-06
2023-01-21,93,LSMGO,47.03,17.7,424.8,24,344.7538,0.87,Rough,FMS_MARITIME,2026-04-06
2023-01-22,93,LSMGO,31.84,16.3,391.2,24,253.4503,0.63,Rough,FMS_MARITIME,2026-04-06
2023-01-23,93,LNG,59.34,14.3,343.2,24,538.4171,0.54,Moderate,FMS_MARITIME,2026-04-06
2023-01-24,93,VLSFO,52.65,11.8,283.2,24,578.9269,0.93,Moderate,FMS_MARITIME,2026-04-06
2023-01-25,93,VLSFO,18.95,10.8,259.2,24,227.6632,0.76,Rough,FMS_MARITIME,2026-04-06
2023-01-26,93,LNG,53.41,10.9,261.6,24,635.775,0.63,Moderate,FMS_MARITIME,2026-04-06
2023-01-27,93,VLSFO,78.2,13.1,314.4,24,774.5382,0.72,Rough,FMS_MARITIME,2026-04-06
2023-01-28,93,MGO,68.9,15.0,360.0,24,595.985,0.87,Moderate,FMS_MARITIME,2026-04-06
2023-01-28,93,LNG,65.91,17.0,408.0,24,503.0484,0.6,Calm,FMS_MARITIME,2026-04-06
2023-01-28,93,MGO,35.57,16.1,386.4,24,286.6589,0.4,Moderate,FMS_MARITIME,2026-04-06
2023-01-01,94,HFO,79.46,9.7,232.8,24,1062.8799,0.7,Moderate,FMS_MARITIME,2026-04-06
2023-01-02,94,HFO,39.84,10.5,252.0,24,492.3086,0.57,Calm,FMS_MARITIME,2026-04-06
2023-01-03,94,HFO,84.33,15.3,367.2,24,715.1515,0.87,Calm,FMS_MARITIME,2026-04-06
2023-01-04,94,LSMGO,52.01,13.1,314.4,24,515.1372,0.65,Calm,FMS_MARITIME,2026-04-06
2023-01-05,94,LSMGO,76.2,10.9,261.6,24,907.0596,0.89,Rough,FMS_MARITIME,2026-04-06
2023-01-06,94,LNG,60.85,8.7,208.8,24,907.5043,0.85,Rough,FMS_MARITIME,2026-04-06
2023-01-07,94,HFO,80.13,9.9,237.6,24,1050.1886,0.99,Calm,FMS_MARITIME,2026-04-06
2023-01-08,94,VLSFO,70.64,13.2,316.8,24,694.3591,0.43,Moderate,FMS_MARITIME,2026-04-06
2023-01-09,94,LNG,54.91,15.6,374.4,24,456.7034,0.51,Calm,FMS_MARITIME,2026-04-06
2023-01-10,94,MGO,47.24,11.7,280.8,24,523.8795,0.63,Calm,FMS_MARITIME,2026-04-06
2023-01-11,94,LNG,79.26,12.2,292.8,24,842.9496,0.81,Calm,FMS_MARITIME,2026-04-06
2023-01-12,94,HFO,80.3,10.2,244.8,24,1021.4632,0.74,Moderate,FMS_MARITIME,2026-04-06
2023-01-13,94,LSMGO,69.29,9.5,228.0,24,946.3555,0.48,Moderate,FMS_MARITIME,2026-04-06
2023-01-14,94,LNG,38.83,15.4,369.6,24,327.1554,0.65,Moderate,FMS_MARITIME,2026-04-06
2023-01-15,94,LNG,55.09,16.2,388.8,24,441.2301,0.87,Moderate,FMS_MARITIME,2026-04-06
2023-01-16,94,HFO,26.13,16.6,398.4,24,204.239,0.98,Moderate,FMS_MARITIME,2026-04-06
2023-01-17,94,HFO,40.69,9.3,223.2,24,567.6911,0.9,Rough,FMS_MARITIME,2026-04-06
2023-01-18,94,VLSFO,33.76,9.7,232.8,24,451.5835,0.71,Calm,FMS_MARITIME,2026-04-06
2023-01-19,94,MGO,73.7,15.5,372.0,24,616.9403,0.67,Calm,FMS_MARITIME,2026-04-06
2023-01-20,94,VLSFO,57.53,11.7,280.8,24,637.9929,0.74,Rough,FMS_MARITIME,2026-04-06
2023-01-21,94,MGO,27.71,13.8,331.2,24,260.5342,0.41,Moderate,FMS_MARITIME,2026-04-06
2023-01-22,94,LNG,24.12,10.1,242.4,24,309.8584,0.88,Moderate,FMS_MARITIME,2026-04-06
2023-01-23,94,VLSFO,67.39,15.5,372.0,24,564.1195,0.72,Calm,FMS_MARITIME,2026-04-06
2023-01-24,94,MGO,51.21,12.2,292.8,24,544.6309,0.45,Calm,FMS_MARITIME,2026-04-06
2023-01-25,94,VLSFO,57.96,12.6,302.4,24,596.85,0.6,Rough,FMS_MARITIME,2026-04-06
2023-01-26,94,MGO,80.51,8.8,211.2,24,1187.0651,0.67,Rough,FMS_MARITIME,2026-04-06
2023-01-27,94,MGO,79.1,11.9,285.6,24,862.4559,0.56,Moderate,FMS_MARITIME,2026-04-06
2023-01-28,94,LNG,66.63,9.3,223.2,24,929.596,0.94,Moderate,FMS_MARITIME,2026-04-06
2023-01-28,94,LNG,66.92,14.8,355.2,24,586.6804,0.84,Rough,FMS_MARITIME,2026-04-06
2023-01-28,94,LSMGO,31.64,11.8,283.2,24,347.9059,0.55,Moderate,FMS_MARITIME,2026-04-06
2023-01-01,95,VLSFO,38.26,10.7,256.8,24,463.9472,0.7,Rough,FMS_MARITIME,2026-04-06
2023-01-02,95,LNG,61.39,13.5,324.0,24,590.0261,0.46,Rough,FMS_MARITIME,2026-04-06
2023-01-03,95,MGO,25.21,13.5,324.0,24,242.2961,0.5,Rough,FMS_MARITIME,2026-04-06
2023-01-04,95,LNG,18.03,9.2,220.8,24,254.2818,0.73,Moderate,FMS_MARITIME,2026-04-06
2023-01-05,95,VLSFO,16.36,17.7,424.8,24,119.9271,1.0,Rough,FMS_MARITIME,2026-04-06
2023-01-06,95,VLSFO,75.94,12.3,295.2,24,801.0744,0.7,Calm,FMS_MARITIME,2026-04-06
2023-01-07,95,VLSFO,34.08,11.7,280.8,24,377.9385,0.93,Moderate,FMS_MARITIME,2026-04-06
2023-01-08,95,LNG,40.88,13.1,314.4,24,404.8992,0.87,Moderate,FMS_MARITIME,2026-04-06
2023-01-09,95,LNG,81.3,13.3,319.2,24,793.1335,0.44,Calm,FMS_MARITIME,2026-04-06
2023-01-10,95,LNG,76.8,9.6,230.4,24,1038.0,0.76,Moderate,FMS_MARITIME,2026-04-06
2023-01-11,95,MGO,21.0,16.1,386.4,24,169.2391,0.93,Rough,FMS_MARITIME,2026-04-06
2023-01-12,95,LSMGO,35.39,17.3,415.2,24,265.425,0.43,Rough,FMS_MARITIME,2026-04-06
2023-01-13,95,MGO,39.05,9.1,218.4,24,556.7843,0.46,Calm,FMS_MARITIME,2026-04-06
2023-01-14,95,LSMGO,26.13,11.3,271.2,24,300.0325,0.8,Moderate,FMS_MARITIME,2026-04-06
2023-01-15,95,LNG,67.99,17.7,424.8,24,498.4013,0.49,Rough,FMS_MARITIME,2026-04-06
2023-01-16,95,LNG,49.66,11.5,276.0,24,560.2943,0.92,Calm,FMS_MARITIME,2026-04-06
2023-01-17,95,MGO,51.43,12.1,290.4,24,551.4911,0.95,Calm,FMS_MARITIME,2026-04-06
2023-01-18,95,VLSFO,76.88,9.3,223.2,24,1072.6,0.53,Calm,FMS_MARITIME,2026-04-06
2023-01-19,95,LSMGO,45.32,12.9,309.6,24,455.8349,0.75,Moderate,FMS_MARITIME,2026-04-06
2023-01-20,95,LNG,53.29,16.2,388.8,24,426.8134,0.73,Moderate,FMS_MARITIME,2026-04-06
2023-01-21,95,LSMGO,63.87,17.1,410.4,24,484.6276,0.96,Rough,FMS_MARITIME,2026-04-06
2023-01-22,95,LSMGO,76.19,13.7,328.8,24,721.5805,0.54,Calm,FMS_MARITIME,2026-04-06
2023-01-23,95,LSMGO,37.97,13.4,321.6,24,367.6573,0.96,Moderate,FMS_MARITIME,2026-04-06
2023-01-24,95,LSMGO,29.35,11.7,280.8,24,325.484,0.9,Rough,FMS_MARITIME,2026-04-06
2023-01-25,95,LSMGO,62.01,11.6,278.4,24,693.6032,0.97,Calm,FMS_MARITIME,2026-04-06
2023-01-26,95,MGO,68.63,15.1,362.4,24,589.718,0.81,Calm,FMS_MARITIME,2026-04-06
2023-01-27,95,LNG,25.73,12.9,309.6,24,258.7959,0.51,Rough,FMS_MARITIME,2026-04-06
2023-01-28,95,LNG,84.61,10.9,261.6,24,1007.1695,0.88,Rough,FMS_MARITIME,2026-04-06
2023-01-28,95,VLSFO,77.23,15.0,360.0,24,668.0395,0.85,Rough,FMS_MARITIME,2026-04-06
2023-01-28,95,VLSFO,83.08,14.0,336.0,24,769.9736,0.94,Calm,FMS_MARITIME,2026-04-06
2023-01-01,96,VLSFO,69.58,10.6,254.4,24,851.6986,0.69,Moderate,FMS_MARITIME,2026-04-06
2023-01-02,96,LNG,24.03,12.2,292.8,24,255.565,0.98,Moderate,FMS_MARITIME,2026-04-06
2023-01-03,96,MGO,49.7,12.9,309.6,24,499.8895,0.97,Moderate,FMS_MARITIME,2026-04-06
2023-01-04,96,LSMGO,41.11,10.0,240.0,24,533.4022,0.57,Moderate,FMS_MARITIME,2026-04-06
2023-01-05,96,LNG,20.62,12.8,307.2,24,209.0191,0.96,Rough,FMS_MARITIME,2026-04-06
2023-01-06,96,LSMGO,19.16,15.9,381.6,24,156.3528,0.74,Moderate,FMS_MARITIME,2026-04-06
2023-01-07,96,LSMGO,70.56,12.1,290.4,24,756.6248,0.62,Calm,FMS_MARITIME,2026-04-06
2023-01-08,96,HFO,47.3,14.6,350.4,24,420.3545,0.67,Calm,FMS_MARITIME,2026-04-06
2023-01-09,96,LNG,18.3,17.4,417.6,24,136.4612,0.6,Rough,FMS_MARITIME,2026-04-06
2023-01-10,96,HFO,60.86,14.7,352.8,24,537.1827,0.57,Rough,FMS_MARITIME,2026-04-06
2023-01-11,96,LSMGO,69.03,15.2,364.8,24,589.2528,0.93,Moderate,FMS_MARITIME,2026-04-06
2023-01-12,96,HFO,34.61,12.5,300.0,24,359.2518,1.0,Calm,FMS_MARITIME,2026-04-06
2023-01-13,96,LSMGO,69.6,9.4,225.6,24,960.7021,0.79,Moderate,FMS_MARITIME,2026-04-06
2023-01-14,96,LSMGO,49.29,12.9,309.6,24,495.7657,0.9,Calm,FMS_MARITIME,2026-04-06
2023-01-15,96,HFO,66.41,8.9,213.6,24,968.1683,0.95,Moderate,FMS_MARITIME,2026-04-06
2023-01-16,96,VLSFO,57.76,10.5,252.0,24,713.7486,0.54,Rough,FMS_MARITIME,2026-04-06
2023-01-17,96,VLSFO,46.6,17.0,408.0,24,355.6676,0.82,Moderate,FMS_MARITIME,2026-04-06
2023-01-18,96,HFO,41.55,14.0,336.0,24,385.0795,0.61,Rough,FMS_MARITIME,2026-04-06
2023-01-19,96,VLSFO,59.79,9.2,220.8,24,843.234,0.42,Rough,FMS_MARITIME,2026-04-06
2023-01-20,96,VLSFO,48.46,14.9,357.6,24,421.9923,0.91,Rough,FMS_MARITIME,2026-04-06
2023-01-21,96,MGO,40.09,10.0,240.0,24,520.1678,0.42,Moderate,FMS_MARITIME,2026-04-06
2023-01-22,96,LNG,65.29,15.0,360.0,24,564.7585,0.55,Calm,FMS_MARITIME,2026-04-06
2023-01-23,96,HFO,50.91,12.8,307.2,24,516.0604,0.59,Moderate,FMS_MARITIME,2026-04-06
2023-01-24,96,HFO,76.95,17.3,415.2,24,577.125,0.58,Rough,FMS_MARITIME,2026-04-06
2023-01-25,96,LNG,65.31,17.3,415.2,24,489.825,0.71,Moderate,FMS_MARITIME,2026-04-06
2023-01-26,96,LNG,24.65,13.7,328.8,24,233.4553,0.73,Moderate,FMS_MARITIME,2026-04-06
2023-01-27,96,HFO,67.04,16.0,384.0,24,543.6525,0.6,Calm,FMS_MARITIME,2026-04-06
2023-01-28,96,HFO,41.61,17.3,415.2,24,312.075,0.83,Moderate,FMS_MARITIME,2026-04-06
2023-01-28,96,LSMGO,67.27,15.0,360.0,24,581.8855,0.95,Rough,FMS_MARITIME,2026-04-06
2023-01-28,96,HFO,78.04,16.2,388.8,24,625.0426,0.75,Moderate,FMS_MARITIME,2026-04-06
2023-01-01,97,HFO,27.96,17.9,429.6,24,202.6709,0.87,Rough,FMS_MARITIME,2026-04-06
2023-01-02,97,LNG,39.59,10.6,254.4,24,484.604,0.79,Calm,FMS_MARITIME,2026-04-06
2023-01-03,97,LNG,63.5,16.9,405.6,24,487.5222,0.9,Moderate,FMS_MARITIME,2026-04-06
2023-01-04,97,HFO,16.25,8.9,213.6,24,236.9031,0.79,Calm,FMS_MARITIME,2026-04-06
2023-01-05,97,VLSFO,41.55,9.9,237.6,24,544.5568,0.56,Moderate,FMS_MARITIME,2026-04-06
2023-01-06,97,MGO,36.6,17.4,417.6,24,272.9224,0.41,Calm,FMS_MARITIME,2026-04-06
2023-01-07,97,HFO,45.8,14.7,352.8,24,404.2551,0.94,Rough,FMS_MARITIME,2026-04-06
2023-01-08,97,LSMGO,41.24,16.5,396.0,24,324.2964,0.92,Moderate,FMS_MARITIME,2026-04-06
2023-01-09,97,HFO,21.63,11.9,285.6,24,235.8397,0.92,Calm,FMS_MARITIME,2026-04-06
2023-01-10,97,MGO,30.5,14.2,340.8,24,278.6884,0.88,Rough,FMS_MARITIME,2026-04-06
2023-01-11,97,MGO,19.14,15.7,376.8,24,158.1793,0.8,Rough,FMS_MARITIME,2026-04-06
2023-01-12,97,VLSFO,65.36,12.6,302.4,24,673.0524,0.5,Calm,FMS_MARITIME,2026-04-06
2023-01-13,97,LSMGO,66.63,17.8,427.2,24,485.6878,0.58,Rough,FMS_MARITIME,2026-04-06
2023-01-14,97,MGO,56.14,14.6,350.4,24,498.9154,0.62,Calm,FMS_MARITIME,2026-04-06
2023-01-15,97,LSMGO,62.89,9.7,232.8,24,841.2348,0.66,Moderate,FMS_MARITIME,2026-04-06
2023-01-16,97,HFO,64.14,12.1,290.4,24,687.7822,0.47,Calm,FMS_MARITIME,2026-04-06
2023-01-17,97,LNG,79.36,11.0,264.0,24,936.0873,0.81,Moderate,FMS_MARITIME,2026-04-06
2023-01-18,97,HFO,79.44,15.6,374.4,24,660.7269,0.82,Moderate,FMS_MARITIME,2026-04-06
2023-01-19,97,MGO,67.38,16.3,391.2,24,536.3531,0.57,Moderate,FMS_MARITIME,2026-04-06
2023-01-20,97,VLSFO,76.88,13.5,324.0,24,738.9022,0.66,Rough,FMS_MARITIME,2026-04-06
2023-01-21,97,LSMGO,22.97,12.5,300.0,24,238.4286,0.65,Moderate,FMS_MARITIME,2026-04-06
2023-01-22,97,VLSFO,56.7,14.4,345.6,24,510.8906,0.52,Calm,FMS_MARITIME,2026-04-06
2023-01-23,97,LSMGO,60.04,13.4,321.6,24,581.3575,0.99,Moderate,FMS_MARITIME,2026-04-06
2023-01-24,97,LNG,84.59,17.9,429.6,24,613.1594,0.83,Rough,FMS_MARITIME,2026-04-06
2023-01-25,97,LSMGO,40.22,12.8,307.2,24,407.6988,0.66,Rough,FMS_MARITIME,2026-04-06
2023-01-26,97,HFO,53.39,12.6,302.4,24,549.7899,0.8,Rough,FMS_MARITIME,2026-04-06
2023-01-27,97,MGO,66.71,9.4,225.6,24,920.8109,0.72,Moderate,FMS_MARITIME,2026-04-06
2023-01-28,97,LSMGO,24.72,15.5,372.0,24,206.9303,0.63,Moderate,FMS_MARITIME,2026-04-06
2023-01-28,97,LSMGO,55.5,11.3,271.2,24,637.2677,0.47,Moderate,FMS_MARITIME,2026-04-06
2023-01-28,97,HFO,57.09,16.8,403.2,24,440.9183,0.46,Rough,FMS_MARITIME,2026-04-06
2023-01-01,98,HFO,36.04,15.2,364.8,24,307.6441,0.71,Moderate,FMS_MARITIME,2026-04-06
2023-01-02,98,LNG,68.25,15.0,360.0,24,590.3625,0.84,Moderate,FMS_MARITIME,2026-04-06
2023-01-03,98,LNG,48.53,17.5,420.0,24,359.8153,0.8,Calm,FMS_MARITIME,2026-04-06
2023-01-04,98,MGO,26.69,11.1,266.4,24,311.9845,0.5,Rough,FMS_MARITIME,2026-04-06
2023-01-05,98,VLSFO,66.41,15.3,367.2,24,563.1828,0.78,Calm,FMS_MARITIME,2026-04-06
2023-01-06,98,LNG,83.08,14.2,340.8,24,759.1289,0.84,Calm,FMS_MARITIME,2026-04-06
2023-01-07,98,LSMGO,16.46,17.3,415.2,24,123.45,0.71,Moderate,FMS_MARITIME,2026-04-06
2023-01-08,98,LSMGO,45.36,12.7,304.8,24,463.422,0.94,Calm,FMS_MARITIME,2026-04-06
2023-01-09,98,LSMGO,74.32,14.2,340.8,24,679.0859,0.94,Moderate,FMS_MARITIME,2026-04-06
2023-01-10,98,LSMGO,46.47,9.7,232.8,24,621.5961,0.74,Calm,FMS_MARITIME,2026-04-06
2023-01-11,98,LNG,19.77,12.0,288.0,24,213.7631,0.61,Calm,FMS_MARITIME,2026-04-06
2023-01-12,98,LNG,29.29,12.3,295.2,24,308.9738,0.55,Rough,FMS_MARITIME,2026-04-06
2023-01-13,98,HFO,40.96,8.3,199.2,24,640.3084,0.68,Rough,FMS_MARITIME,2026-04-06
2023-01-14,98,LSMGO,17.41,9.2,220.8,24,245.5378,0.6,Rough,FMS_MARITIME,2026-04-06
2023-01-15,98,MGO,63.47,11.9,285.6,24,692.0363,0.53,Moderate,FMS_MARITIME,2026-04-06
2023-01-16,98,HFO,82.3,13.9,333.6,24,768.232,0.43,Rough,FMS_MARITIME,2026-04-06
2023-01-17,98,HFO,22.81,14.8,355.2,24,199.9728,0.78,Calm,FMS_MARITIME,2026-04-06
2023-01-18,98,LSMGO,80.42,17.6,422.4,24,592.869,0.78,Calm,FMS_MARITIME,2026-04-06
2023-01-19,98,VLSFO,35.58,10.7,256.8,24,431.4491,0.84,Calm,FMS_MARITIME,2026-04-06
2023-01-20,98,MGO,28.97,15.8,379.2,24,237.9024,0.49,Calm,FMS_MARITIME,2026-04-06
2023-01-21,98,LSMGO,49.5,13.8,331.2,24,465.4076,0.51,Moderate,FMS_MARITIME,2026-04-06
2023-01-22,98,HFO,77.85,17.5,420.0,24,577.2021,0.62,Rough,FMS_MARITIME,2026-04-06
2023-01-23,98,HFO,75.59,12.5,300.0,24,784.6242,0.41,Rough,FMS_MARITIME,2026-04-06
2023-01-24,98,HFO,84.57,17.1,410.4,24,641.6934,0.49,Moderate,FMS_MARITIME,2026-04-06
2023-01-25,98,LSMGO,39.91,12.4,297.6,24,417.6067,0.77,Rough,FMS_MARITIME,2026-04-06
2023-01-26,98,HFO,28.49,14.2,340.8,24,260.3224,0.96,Moderate,FMS_MARITIME,2026-04-06
2023-01-27,98,LSMGO,37.08,11.8,283.2,24,407.7229,0.92,Rough,FMS_MARITIME,2026-04-06
2023-01-28,98,HFO,26.97,11.3,271.2,24,309.6777,0.88,Rough,FMS_MARITIME,2026-04-06
2023-01-28,98,LNG,58.57,16.7,400.8,24,455.0573,0.87,Rough,FMS_MARITIME,2026-04-06
2023-01-28,98,LSMGO,84.8,15.7,376.8,24,700.8153,0.51,Calm,FMS_MARITIME,2026-04-06
2023-01-01,99,HFO,20.11,14.1,338.4,24,185.0548,0.93,Moderate,FMS_MARITIME,2026-04-06
2023-01-02,99,LSMGO,72.05,12.8,307.2,24,730.3506,0.9,Calm,FMS_MARITIME,2026-04-06
2023-01-03,99,LSMGO,37.78,17.9,429.6,24,273.8522,0.73,Rough,FMS_MARITIME,2026-04-06
2023-01-04,99,VLSFO,20.05,9.9,237.6,24,262.7765,0.4,Rough,FMS_MARITIME,2026-04-06
2023-01-05,99,LNG,57.43,10.1,242.4,24,737.7765,0.66,Moderate,FMS_MARITIME,2026-04-06
2023-01-06,99,VLSFO,56.41,17.6,422.4,24,415.8635,0.67,Moderate,FMS_MARITIME,2026-04-06
2023-01-07,99,LNG,65.34,13.5,324.0,24,627.99,0.86,Calm,FMS_MARITIME,2026-04-06
2023-01-08,99,VLSFO,60.91,17.4,417.6,24,454.1996,0.9,Rough,FMS_MARITIME,2026-04-06
2023-01-09,99,VLSFO,46.43,10.8,259.2,24,557.8049,0.78,Calm,FMS_MARITIME,2026-04-06
2023-01-10,99,HFO,81.74,12.3,295.2,24,862.2573,0.63,Rough,FMS_MARITIME,2026-04-06
2023-01-11,99,HFO,21.03,17.6,422.4,24,155.0365,0.75,Moderate,FMS_MARITIME,2026-04-06
2023-01-12,99,MGO,57.09,12.1,290.4,24,612.1841,0.78,Rough,FMS_MARITIME,2026-04-06
2023-01-13,99,LNG,44.73,8.3,199.2,24,699.2431,0.59,Moderate,FMS_MARITIME,2026-04-06
2023-01-14,99,MGO,15.45,10.3,247.2,24,194.625,0.79,Moderate,FMS_MARITIME,2026-04-06
2023-01-15,99,LSMGO,31.69,8.3,199.2,24,495.3949,0.9,Calm,FMS_MARITIME,2026-04-06
2023-01-16,99,VLSFO,49.32,11.5,276.0,24,556.4583,1.0,Moderate,FMS_MARITIME,2026-04-06
2023-01-17,99,HFO,22.2,9.3,223.2,24,309.7258,0.52,Moderate,FMS_MARITIME,2026-04-06
2023-01-18,99,LNG,28.07,13.9,333.6,24,262.0203,0.99,Rough,FMS_MARITIME,2026-04-06
2023-01-19,99,LSMGO,43.94,16.8,403.2,24,339.358,0.95,Calm,FMS_MARITIME,2026-04-06
2023-01-20,99,LNG,71.51,13.1,314.4,24,708.2765,0.76,Calm,FMS_MARITIME,2026-04-06
2023-01-21,99,MGO,50.66,15.0,360.0,24,438.209,0.89,Rough,FMS_MARITIME,2026-04-06
2023-01-22,99,LSMGO,36.88,11.4,273.6,24,419.7526,0.94,Calm,FMS_MARITIME,2026-04-06
2023-01-23,99,VLSFO,46.58,9.8,235.2,24,616.7097,0.76,Calm,FMS_MARITIME,2026-04-06
2023-01-24,99,MGO,22.81,13.9,333.6,24,212.9207,0.78,Moderate,FMS_MARITIME,2026-04-06
2023-01-25,99,LSMGO,25.6,8.2,196.8,24,405.0732,0.79,Calm,FMS_MARITIME,2026-04-06
2023-01-26,99,LSMGO,35.3,16.9,405.6,24,271.0163,0.95,Moderate,FMS_MARITIME,2026-04-06
2023-01-27,99,LNG,39.98,10.4,249.6,24,498.7889,1.0,Moderate,FMS_MARITIME,2026-04-06
2023-01-28,99,LSMGO,51.66,11.5,276.0,24,582.8596,0.68,Calm,FMS_MARITIME,2026-04-06
2023-01-28,99,VLSFO,58.85,10.9,261.6,24,700.531,0.52,Calm,FMS_MARITIME,2026-04-06
2023-01-28,99,HFO,27.24,15.0,360.0,24,235.626,0.96,Calm,FMS_MARITIME,2026-04-06
2023-01-01,100,HFO,84.77,13.3,319.2,24,826.9855,0.72,Moderate,FMS_MARITIME,2026-04-06
2023-01-02,100,MGO,45.68,14.7,352.8,24,403.1959,0.65,Moderate,FMS_MARITIME,2026-04-06
2023-01-03,100,LNG,82.63,10.7,256.8,24,1001.9853,0.54,Moderate,FMS_MARITIME,2026-04-06
2023-01-04,100,MGO,27.86,15.0,360.0,24,240.989,0.73,Moderate,FMS_MARITIME,2026-04-06
2023-01-05,100,LSMGO,28.64,9.2,220.8,24,403.9174,0.53,Calm,FMS_MARITIME,2026-04-06
2023-01-06,100,VLSFO,29.18,11.1,266.4,24,341.0905,0.57,Calm,FMS_MARITIME,2026-04-06
2023-01-07,100,HFO,26.68,16.0,384.0,24,216.3581,0.45,Calm,FMS_MARITIME,2026-04-06
2023-01-08,100,LSMGO,33.86,11.1,266.4,24,395.7959,0.67,Calm,FMS_MARITIME,2026-04-06
2023-01-09,100,MGO,42.82,14.5,348.0,24,383.1652,0.91,Rough,FMS_MARITIME,2026-04-06
2023-01-10,100,LSMGO,19.25,17.0,408.0,24,146.9228,0.92,Rough,FMS_MARITIME,2026-04-06
2023-01-11,100,LNG,43.23,8.9,213.6,24,630.2351,0.64,Rough,FMS_MARITIME,2026-04-06
2023-01-12,100,LNG,22.63,11.7,280.8,24,250.9609,0.41,Moderate,FMS_MARITIME,2026-04-06
2023-01-13,100,VLSFO,72.44,11.8,283.2,24,796.5331,0.67,Calm,FMS_MARITIME,2026-04-06
2023-01-14,100,LSMGO,64.81,15.7,376.8,24,535.6113,0.7,Moderate,FMS_MARITIME,2026-04-06
2023-01-15,100,VLSFO,46.75,15.7,376.8,24,386.3575,0.54,Rough,FMS_MARITIME,2026-04-06
2023-01-16,100,LSMGO,82.55,11.7,280.8,24,915.4583,0.45,Moderate,FMS_MARITIME,2026-04-06
2023-01-17,100,LSMGO,78.09,16.3,391.2,24,621.606,0.63,Calm,FMS_MARITIME,2026-04-06
2023-01-18,100,LNG,48.65,15.3,367.2,24,412.5711,0.58,Calm,FMS_MARITIME,2026-04-06
2023-01-19,100,LSMGO,72.62,12.5,300.0,24,753.7956,0.61,Moderate,FMS_MARITIME,2026-04-06
2023-01-20,100,MGO,52.88,14.4,345.6,24,476.4708,0.5,Calm,FMS_MARITIME,2026-04-06
2023-01-21,100,VLSFO,55.62,16.8,403.2,24,429.5652,0.65,Rough,FMS_MARITIME,2026-04-06
2023-01-22,100,HFO,69.87,12.6,302.4,24,719.4946,0.98,Moderate,FMS_MARITIME,2026-04-06
2023-01-23,100,LNG,51.74,14.9,357.6,24,450.5547,0.72,Calm,FMS_MARITIME,2026-04-06
2023-01-24,100,LSMGO,16.02,12.4,297.6,24,167.6286,0.45,Calm,FMS_MARITIME,2026-04-06
2023-01-25,100,VLSFO,46.62,12.7,304.8,24,476.2949,0.87,Rough,FMS_MARITIME,2026-04-06
2023-01-26,100,LSMGO,32.23,8.2,196.8,24,509.9808,0.95,Rough,FMS_MARITIME,2026-04-06
2023-01-27,100,VLSFO,41.91,8.5,204.0,24,639.7438,0.86,Calm,FMS_MARITIME,2026-04-06
2023-01-28,100,MGO,79.4,12.1,290.4,24,851.4174,0.78,Rough,FMS_MARITIME,2026-04-06
2023-01-28,100,MGO,31.73,10.0,240.0,24,411.6968,0.43,Moderate,FMS_MARITIME,2026-04-06
2023-01-28,100,VLSFO,19.56,9.8,235.2,24,258.9704,0.71,Rough,FMS_MARITIME,2026-04-06
2023-01-01,101,VLSFO,84.77,11.0,264.0,24,999.9007,0.71,Calm,FMS_MARITIME,2026-04-06
2023-01-02,101,LSMGO,64.6,18.0,432.0,24,465.6583,0.92,Moderate,FMS_MARITIME,2026-04-06
2023-01-03,101,MGO,38.48,13.3,319.2,24,375.397,0.92,Moderate,FMS_MARITIME,2026-04-06
2023-01-04,101,VLSFO,77.18,15.0,360.0,24,667.607,0.62,Rough,FMS_MARITIME,2026-04-06
2023-01-05,101,HFO,71.54,15.6,374.4,24,595.0202,0.55,Calm,FMS_MARITIME,2026-04-06
2023-01-06,101,LSMGO,83.36,9.0,216.0,24,1201.7733,0.8,Calm,FMS_MARITIME,2026-04-06
2023-01-07,101,LSMGO,62.41,12.5,300.0,24,647.8158,0.58,Rough,FMS_MARITIME,2026-04-06
2023-01-08,101,LNG,54.1,13.2,316.8,24,531.7784,0.52,Moderate,FMS_MARITIME,2026-04-06
2023-01-09,101,LSMGO,84.37,17.0,408.0,24,643.9416,0.79,Moderate,FMS_MARITIME,2026-04-06
2023-01-10,101,LNG,45.59,11.2,268.8,24,528.152,0.68,Moderate,FMS_MARITIME,2026-04-06
2023-01-11,101,HFO,32.78,14.4,345.6,24,295.3615,0.62,Rough,FMS_MARITIME,2026-04-06
2023-01-12,101,LSMGO,76.23,16.7,400.8,24,592.266,0.62,Calm,FMS_MARITIME,2026-04-06
2023-01-13,101,LNG,57.85,15.7,376.8,24,478.0916,0.66,Moderate,FMS_MARITIME,2026-04-06
2023-01-14,101,MGO,45.54,18.0,432.0,24,328.2675,0.5,Rough,FMS_MARITIME,2026-04-06
2023-01-15,101,LSMGO,69.71,14.6,350.4,24,619.5118,0.81,Calm,FMS_MARITIME,2026-04-06
2023-01-16,101,VLSFO,33.15,13.7,328.8,24,313.9571,0.59,Moderate,FMS_MARITIME,2026-04-06
2023-01-17,101,HFO,58.17,12.1,290.4,24,623.7651,0.62,Moderate,FMS_MARITIME,2026-04-06
2023-01-18,101,VLSFO,42.22,11.7,280.8,24,468.209,0.57,Calm,FMS_MARITIME,2026-04-06
2023-01-19,101,VLSFO,16.78,17.2,412.8,24,126.5817,0.79,Moderate,FMS_MARITIME,2026-04-06
2023-01-20,101,HFO,36.68,15.9,381.6,24,299.3226,0.79,Calm,FMS_MARITIME,2026-04-06
2023-01-21,101,LNG,31.81,13.4,321.6,24,308.011,0.74,Calm,FMS_MARITIME,2026-04-06
2023-01-22,101,MGO,69.82,15.2,364.8,24,595.9964,0.53,Moderate,FMS_MARITIME,2026-04-06
2023-01-23,101,HFO,30.32,16.2,388.8,24,242.8407,0.99,Calm,FMS_MARITIME,2026-04-06
2023-01-24,101,LSMGO,79.88,8.8,211.2,24,1177.7761,0.44,Calm,FMS_MARITIME,2026-04-06
2023-01-25,101,LNG,15.67,15.7,376.8,24,129.5021,0.87,Calm,FMS_MARITIME,2026-04-06
2023-01-26,101,LNG,15.73,11.9,285.6,24,171.5099,0.86,Moderate,FMS_MARITIME,2026-04-06
2023-01-27,101,MGO,61.06,8.6,206.4,24,921.225,0.67,Rough,FMS_MARITIME,2026-04-06
2023-01-28,101,LNG,54.83,16.7,400.8,24,425.9996,0.57,Calm,FMS_MARITIME,2026-04-06
2023-01-28,101,HFO,47.68,14.0,336.0,24,441.8914,0.83,Calm,FMS_MARITIME,2026-04-06
2023-01-28,101,MGO,26.65,13.5,324.0,24,256.1361,0.98,Moderate,FMS_MARITIME,2026-04-06
2023-01-01,102,LSMGO,19.76,17.7,424.8,24,144.8508,0.7,Calm,FMS_MARITIME,2026-04-06
2023-01-02,102,LSMGO,67.12,8.4,201.6,24,1036.7643,0.78,Calm,FMS_MARITIME,2026-04-06
2023-01-03,102,LSMGO,32.51,8.6,206.4,24,490.4852,0.95,Rough,FMS_MARITIME,2026-04-06
2023-01-04,102,MGO,48.54,14.0,336.0,24,449.8618,0.58,Calm,FMS_MARITIME,2026-04-06
2023-01-05,102,LSMGO,21.6,16.1,386.4,24,174.0745,0.74,Rough,FMS_MARITIME,2026-04-06
2023-01-06,102,MGO,84.82,10.7,256.8,24,1028.5416,0.7,Moderate,FMS_MARITIME,2026-04-06
2023-01-07,102,VLSFO,43.39,13.1,314.4,24,429.7597,0.45,Calm,FMS_MARITIME,2026-04-06
2023-01-08,102,VLSFO,79.24,11.5,276.0,24,894.0339,0.69,Moderate,FMS_MARITIME,2026-04-06
2023-01-09,102,LNG,75.9,11.6,278.4,24,848.9677,0.55,Moderate,FMS_MARITIME,2026-04-06
2023-01-10,102,LSMGO,59.94,15.3,367.2,24,508.3147,0.43,Moderate,FMS_MARITIME,2026-04-06
2023-01-11,102,HFO,78.49,10.2,244.8,24,998.439,0.55,Moderate,FMS_MARITIME,2026-04-06
2023-01-12,102,MGO,54.7,8.6,206.4,24,825.2703,0.93,Moderate,FMS_MARITIME,2026-04-06
2023-01-13,102,HFO,71.59,12.6,302.4,24,737.2065,0.68,Rough,FMS_MARITIME,2026-04-06
2023-01-14,102,MGO,82.28,13.5,324.0,24,790.8022,0.97,Rough,FMS_MARITIME,2026-04-06
2023-01-15,102,MGO,83.53,8.4,201.6,24,1290.2402,0.73,Moderate,FMS_MARITIME,2026-04-06
2023-01-16,102,MGO,20.37,12.8,307.2,24,206.485,0.84,Moderate,FMS_MARITIME,2026-04-06
2023-01-17,102,LSMGO,17.92,9.6,230.4,24,242.2,0.79,Rough,FMS_MARITIME,2026-04-06
2023-01-18,102,LNG,61.68,13.0,312.0,24,615.6138,0.87,Moderate,FMS_MARITIME,2026-04-06
2023-01-19,102,VLSFO,35.21,13.7,328.8,24,333.467,0.51,Rough,FMS_MARITIME,2026-04-06
2023-01-20,102,LNG,79.68,11.5,276.0,24,898.9983,0.75,Moderate,FMS_MARITIME,2026-04-06
2023-01-21,102,HFO,35.87,12.5,300.0,24,372.3306,0.82,Rough,FMS_MARITIME,2026-04-06
2023-01-22,102,LSMGO,30.38,16.9,405.6,24,233.2429,0.49,Moderate,FMS_MARITIME,2026-04-06
2023-01-23,102,LNG,82.13,17.3,415.2,24,615.975,0.82,Moderate,FMS_MARITIME,2026-04-06
2023-01-24,102,LSMGO,34.7,16.1,386.4,24,279.6475,0.98,Calm,FMS_MARITIME,2026-04-06
2023-01-25,102,MGO,71.24,16.3,391.2,24,567.0791,0.46,Rough,FMS_MARITIME,2026-04-06
2023-01-26,102,VLSFO,23.55,17.9,429.6,24,170.7046,0.42,Rough,FMS_MARITIME,2026-04-06
2023-01-27,102,VLSFO,77.79,14.9,357.6,24,677.3995,0.8,Rough,FMS_MARITIME,2026-04-06
2023-01-28,102,HFO,37.12,17.0,408.0,24,283.3129,0.95,Calm,FMS_MARITIME,2026-04-06
2023-01-28,102,VLSFO,16.43,13.7,328.8,24,155.6053,0.73,Moderate,FMS_MARITIME,2026-04-06
2023-01-28,102,HFO,83.18,15.3,367.2,24,705.399,0.6,Rough,FMS_MARITIME,2026-04-06
2023-01-01,103,HFO,21.91,10.1,242.4,24,281.4676,0.98,Calm,FMS_MARITIME,2026-04-06
2023-01-02,103,LSMGO,29.74,17.5,420.0,24,220.5009,0.57,Moderate,FMS_MARITIME,2026-04-06
2023-01-03,103,HFO,53.8,11.7,280.8,24,596.6282,0.93,Moderate,FMS_MARITIME,2026-04-06
2023-01-04,103,VLSFO,49.11,11.7,280.8,24,544.6173,0.5,Calm,FMS_MARITIME,2026-04-06
2023-01-05,103,HFO,77.02,13.1,314.4,24,762.8508,0.54,Rough,FMS_MARITIME,2026-04-06
2023-01-06,103,HFO,48.39,8.7,208.8,24,721.6784,0.64,Rough,FMS_MARITIME,2026-04-06
2023-01-07,103,VLSFO,32.45,17.5,420.0,24,240.5936,0.8,Moderate,FMS_MARITIME,2026-04-06
2023-01-08,103,HFO,26.92,12.6,302.4,24,277.2119,0.78,Moderate,FMS_MARITIME,2026-04-06
2023-01-09,103,LNG,29.31,9.3,223.2,24,408.9218,0.86,Rough,FMS_MARITIME,2026-04-06
2023-01-10,103,LNG,64.6,12.4,297.6,24,675.9556,1.0,Calm,FMS_MARITIME,2026-04-06
2023-01-11,103,HFO,19.51,9.5,228.0,24,266.4655,0.98,Moderate,FMS_MARITIME,2026-04-06
2023-01-12,103,VLSFO,44.09,13.7,328.8,24,417.5677,0.62,Moderate,FMS_MARITIME,2026-04-06
2023-01-13,103,VLSFO,71.53,14.8,355.2,24,627.0958,0.87,Rough,FMS_MARITIME,2026-04-06
2023-01-14,103,LNG,35.63,9.7,232.8,24,476.5972,0.59,Moderate,FMS_MARITIME,2026-04-06
2023-01-15,103,LSMGO,72.96,9.4,225.6,24,1007.0809,0.85,Moderate,FMS_MARITIME,2026-04-06
2023-01-16,103,VLSFO,63.99,13.9,333.6,24,597.3167,0.81,Rough,FMS_MARITIME,2026-04-06
2023-01-17,103,LNG,71.58,16.7,400.8,24,556.138,0.67,Rough,FMS_MARITIME,2026-04-06
2023-01-18,103,LNG,83.19,12.5,300.0,24,863.5122,0.68,Rough,FMS_MARITIME,2026-04-06
2023-01-19,103,LNG,70.02,14.5,348.0,24,626.5583,0.98,Calm,FMS_MARITIME,2026-04-06
2023-01-20,103,HFO,72.61,8.3,199.2,24,1135.078,0.88,Calm,FMS_MARITIME,2026-04-06
2023-01-21,103,LSMGO,51.9,12.3,295.2,24,547.4817,0.88,Rough,FMS_MARITIME,2026-04-06
2023-01-22,103,HFO,26.82,16.7,400.8,24,208.3769,0.87,Calm,FMS_MARITIME,2026-04-06
2023-01-23,103,LNG,82.91,13.7,328.8,24,785.2243,0.4,Moderate,FMS_MARITIME,2026-04-06
2023-01-24,103,LNG,47.74,16.6,398.4,24,373.1485,0.41,Moderate,FMS_MARITIME,2026-04-06
2023-01-25,103,VLSFO,34.93,12.6,302.4,24,359.6958,0.55,Calm,FMS_MARITIME,2026-04-06
2023-01-26,103,LNG,81.3,11.1,266.4,24,950.3311,0.47,Rough,FMS_MARITIME,2026-04-06
2023-01-27,103,MGO,22.97,13.5,324.0,24,220.7672,0.41,Calm,FMS_MARITIME,2026-04-06
2023-01-28,103,LNG,15.19,17.1,410.4,24,115.2575,0.58,Rough,FMS_MARITIME,2026-04-06
2023-01-28,103,HFO,73.46,16.2,388.8,24,588.3602,0.8,Moderate,FMS_MARITIME,2026-04-06
2023-01-28,103,MGO,74.37,8.7,208.8,24,1109.1388,0.92,Moderate,FMS_MARITIME,2026-04-06
2023-01-01,104,VLSFO,81.37,15.8,379.2,24,668.2125,0.56,Rough,FMS_MARITIME,2026-04-06
2023-01-02,104,VLSFO,48.91,16.4,393.6,24,386.9556,0.81,Rough,FMS_MARITIME,2026-04-06
2023-01-03,104,LNG,77.29,16.7,400.8,24,600.5016,0.59,Moderate,FMS_MARITIME,2026-04-06
2023-01-04,104,LSMGO,15.73,10.6,254.4,24,192.5441,0.99,Moderate,FMS_MARITIME,2026-04-06
2023-01-05,104,VLSFO,29.71,14.5,348.0,24,265.8533,0.7,Calm,FMS_MARITIME,2026-04-06
2023-01-06,104,LSMGO,48.99,10.7,256.8,24,594.061,0.63,Calm,FMS_MARITIME,2026-04-06
2023-01-07,104,HFO,61.99,17.4,417.6,24,462.253,0.43,Calm,FMS_MARITIME,2026-04-06
2023-01-08,104,HFO,58.63,13.3,319.2,24,571.9731,0.69,Calm,FMS_MARITIME,2026-04-06
2023-01-09,104,LSMGO,63.79,8.7,208.8,24,951.3509,0.94,Moderate,FMS_MARITIME,2026-04-06
2023-01-10,104,HFO,34.24,17.8,427.2,24,249.5865,0.45,Rough,FMS_MARITIME,2026-04-06
2023-01-11,104,LNG,25.54,12.7,304.8,24,260.9303,0.8,Calm,FMS_MARITIME,2026-04-06
2023-01-12,104,VLSFO,66.82,9.4,225.6,24,922.3293,0.84,Rough,FMS_MARITIME,2026-04-06
2023-01-13,104,LSMGO,18.62,16.3,391.2,24,148.2175,0.82,Rough,FMS_MARITIME,2026-04-06
2023-01-14,104,HFO,52.34,10.1,242.4,24,672.3876,0.7,Rough,FMS_MARITIME,2026-04-06
2023-01-15,104,MGO,65.77,17.8,427.2,24,479.419,0.82,Moderate,FMS_MARITIME,2026-04-06
2023-01-16,104,HFO,81.61,11.3,271.2,24,937.0706,0.63,Rough,FMS_MARITIME,2026-04-06
2023-01-17,104,LSMGO,65.77,12.7,304.8,24,671.9415,0.45,Rough,FMS_MARITIME,2026-04-06
2023-01-18,104,VLSFO,64.26,11.2,268.8,24,744.4406,0.82,Moderate,FMS_MARITIME,2026-04-06
2023-01-19,104,VLSFO,20.06,14.2,340.8,24,183.2947,0.77,Calm,FMS_MARITIME,2026-04-06
2023-01-20,104,LNG,52.31,11.2,268.8,24,606.002,0.49,Rough,FMS_MARITIME,2026-04-06
2023-01-21,104,VLSFO,79.5,11.3,271.2,24,912.8429,0.85,Calm,FMS_MARITIME,2026-04-06
2023-01-22,104,HFO,21.51,15.9,381.6,24,175.5297,0.71,Moderate,FMS_MARITIME,2026-04-06
2023-01-23,104,LNG,70.01,8.3,199.2,24,1094.4334,0.69,Calm,FMS_MARITIME,2026-04-06
2023-01-24,104,LNG,55.53,8.8,211.2,24,818.752,0.93,Rough,FMS_MARITIME,2026-04-06
2023-01-25,104,VLSFO,39.56,12.1,290.4,24,424.2074,0.86,Rough,FMS_MARITIME,2026-04-06
2023-01-26,104,MGO,74.28,9.6,230.4,24,1003.9406,0.6,Rough,FMS_MARITIME,2026-04-06
2023-01-27,104,HFO,75.05,13.7,328.8,24,710.7838,0.67,Calm,FMS_MARITIME,2026-04-06
2023-01-28,104,HFO,41.44,10.3,247.2,24,522.0233,0.41,Moderate,FMS_MARITIME,2026-04-06
2023-01-28,104,HFO,64.84,9.4,225.6,24,894.9989,0.97,Moderate,FMS_MARITIME,2026-04-06
2023-01-28,104,VLSFO,76.05,10.7,256.8,24,922.1951,0.71,Rough,FMS_MARITIME,2026-04-06
2023-01-01,105,HFO,67.77,15.2,364.8,24,578.4972,0.69,Rough,FMS_MARITIME,2026-04-06
2023-01-02,105,MGO,44.57,9.3,223.2,24,621.8234,0.77,Rough,FMS_MARITIME,2026-04-06
2023-01-03,105,LNG,68.68,9.4,225.6,24,948.0032,0.85,Moderate,FMS_MARITIME,2026-04-06
2023-01-04,105,LNG,53.69,14.9,357.6,24,467.5354,0.94,Moderate,FMS_MARITIME,2026-04-06
2023-01-05,105,HFO,27.91,16.0,384.0,24,226.3327,0.84,Calm,FMS_MARITIME,2026-04-06
2023-01-06,105,LNG,46.84,13.0,312.0,24,467.4992,0.6,Rough,FMS_MARITIME,2026-04-06
2023-01-07,105,HFO,79.68,12.7,304.8,24,814.0535,0.92,Calm,FMS_MARITIME,2026-04-06
2023-01-08,105,HFO,74.53,8.1,194.4,24,1193.8602,0.98,Calm,FMS_MARITIME,2026-04-06
2023-01-09,105,LNG,27.62,10.2,244.8,24,351.3426,0.52,Moderate,FMS_MARITIME,2026-04-06
2023-01-10,105,HFO,23.44,10.6,254.4,24,286.9189,0.53,Rough,FMS_MARITIME,2026-04-06
2023-01-11,105,HFO,23.41,17.0,408.0,24,178.6734,0.95,Moderate,FMS_MARITIME,2026-04-06
2023-01-12,105,HFO,77.1,10.6,254.4,24,943.7476,0.51,Moderate,FMS_MARITIME,2026-04-06
2023-01-13,105,MGO,80.62,13.1,314.4,24,798.5073,0.75,Calm,FMS_MARITIME,2026-04-06
2023-01-14,105,MGO,29.11,10.9,261.6,24,346.5158,0.61,Moderate,FMS_MARITIME,2026-04-06
2023-01-15,105,LNG,73.03,14.8,355.2,24,640.2461,0.8,Moderate,FMS_MARITIME,2026-04-06
2023-01-16,105,HFO,46.92,16.9,405.6,24,360.229,0.61,Rough,FMS_MARITIME,2026-04-06
2023-01-17,105,LSMGO,55.62,16.4,393.6,24,440.0424,0.64,Moderate,FMS_MARITIME,2026-04-06
2023-01-18,105,HFO,43.61,9.4,225.6,24,601.9572,0.81,Calm,FMS_MARITIME,2026-04-06
2023-01-19,105,LSMGO,84.62,13.2,316.8,24,831.7761,0.45,Moderate,FMS_MARITIME,2026-04-06
2023-01-20,105,VLSFO,40.52,15.2,364.8,24,345.8862,0.9,Rough,FMS_MARITIME,2026-04-06
2023-01-21,105,LSMGO,80.66,9.5,228.0,24,1101.6458,0.8,Rough,FMS_MARITIME,2026-04-06
2023-01-22,105,HFO,65.21,11.8,283.2,24,717.0337,0.75,Calm,FMS_MARITIME,2026-04-06
2023-01-23,105,VLSFO,41.8,13.8,331.2,24,393.0109,0.76,Calm,FMS_MARITIME,2026-04-06
2023-01-24,105,MGO,65.09,11.0,264.0,24,767.7661,0.64,Calm,FMS_MARITIME,2026-04-06
2023-01-25,105,LNG,17.04,16.9,405.6,24,130.8249,0.52,Calm,FMS_MARITIME,2026-04-06
2023-01-26,105,MGO,25.96,17.4,417.6,24,193.581,0.65,Rough,FMS_MARITIME,2026-04-06
2023-01-27,105,LSMGO,45.8,12.1,290.4,24,491.1198,0.86,Calm,FMS_MARITIME,2026-04-06
2023-01-28,105,VLSFO,19.46,8.5,204.0,24,297.0512,0.45,Calm,FMS_MARITIME,2026-04-06
2023-01-28,105,HFO,20.63,17.8,427.2,24,150.3788,0.57,Rough,FMS_MARITIME,2026-04-06
2023-01-28,105,HFO,57.23,18.0,432.0,24,412.5329,0.57,Rough,FMS_MARITIME,2026-04-06
2023-01-01,106,LSMGO,78.49,11.7,280.8,24,870.434,0.46,Moderate,FMS_MARITIME,2026-04-06
2023-01-02,106,MGO,32.74,9.2,220.8,24,461.7408,0.91,Moderate,FMS_MARITIME,2026-04-06
2023-01-03,106,LNG,80.18,9.8,235.2,24,1061.5668,0.75,Rough,FMS_MARITIME,2026-04-06
2023-01-04,106,LSMGO,21.83,10.8,259.2,24,262.2632,0.71,Calm,FMS_MARITIME,2026-04-06
2023-01-05,106,LSMGO,52.33,12.4,297.6,24,547.5659,0.74,Rough,FMS_MARITIME,2026-04-06
2023-01-06,106,LNG,54.04,11.9,285.6,24,589.2176,0.49,Moderate,FMS_MARITIME,2026-04-06
2023-01-07,106,VLSFO,67.22,11.4,273.6,24,765.0697,0.43,Calm,FMS_MARITIME,2026-04-06
2023-01-08,106,MGO,84.71,14.8,355.2,24,742.6434,0.96,Rough,FMS_MARITIME,2026-04-06
2023-01-09,106,LSMGO,61.5,8.6,206.4,24,927.8634,0.68,Rough,FMS_MARITIME,2026-04-06
2023-01-10,106,LSMGO,64.68,10.3,247.2,24,814.7796,0.84,Rough,FMS_MARITIME,2026-04-06
2023-01-11,106,LSMGO,26.43,10.2,244.8,24,336.2051,0.95,Rough,FMS_MARITIME,2026-04-06
2023-01-12,106,HFO,84.27,8.6,206.4,24,1271.3991,0.6,Calm,FMS_MARITIME,2026-04-06
2023-01-13,106,VLSFO,42.93,16.2,388.8,24,343.8375,0.81,Calm,FMS_MARITIME,2026-04-06
2023-01-14,106,LNG,68.48,10.4,249.6,24,854.3538,0.54,Rough,FMS_MARITIME,2026-04-06
2023-01-15,106,VLSFO,26.86,13.8,331.2,24,252.5424,0.7,Calm,FMS_MARITIME,2026-04-06
2023-01-16,106,HFO,72.26,10.6,254.4,24,884.5033,0.96,Calm,FMS_MARITIME,2026-04-06
2023-01-17,106,LNG,78.53,8.8,211.2,24,1157.8713,0.94,Rough,FMS_MARITIME,2026-04-06
2023-01-18,106,LNG,28.11,8.8,211.2,24,414.4628,0.94,Rough,FMS_MARITIME,2026-04-06
2023-01-19,106,MGO,23.11,10.9,261.6,24,275.0938,0.46,Calm,FMS_MARITIME,2026-04-06
2023-01-20,106,HFO,38.73,16.3,391.2,24,308.2956,0.99,Calm,FMS_MARITIME,2026-04-06
2023-01-21,106,HFO,52.48,15.0,360.0,24,453.952,0.87,Calm,FMS_MARITIME,2026-04-06
2023-01-22,106,LSMGO,63.04,11.6,278.4,24,705.1241,0.91,Calm,FMS_MARITIME,2026-04-06
2023-01-23,106,LNG,74.37,11.5,276.0,24,839.0876,0.68,Rough,FMS_MARITIME,2026-04-06
2023-01-24,106,VLSFO,71.63,11.4,273.6,24,815.2625,0.69,Rough,FMS_MARITIME,2026-04-06
2023-01-25,106,LNG,49.15,14.9,357.6,24,428.0008,0.64,Moderate,FMS_MARITIME,2026-04-06
2023-01-26,106,LSMGO,83.98,8.4,201.6,24,1297.1911,0.74,Rough,FMS_MARITIME,2026-04-06
2023-01-27,106,LSMGO,60.96,9.8,235.2,24,807.098,0.64,Calm,FMS_MARITIME,2026-04-06
2023-01-28,106,LSMGO,56.11,15.6,374.4,24,466.6841,0.83,Moderate,FMS_MARITIME,2026-04-06
2023-01-28,106,LNG,22.19,12.6,302.4,24,228.5042,0.41,Moderate,FMS_MARITIME,2026-04-06
2023-01-28,106,LNG,33.63,17.7,424.8,24,246.525,0.49,Moderate,FMS_MARITIME,2026-04-06
2023-01-01,107,LNG,27.81,15.6,374.4,24,231.3043,0.77,Rough,FMS_MARITIME,2026-04-06
2023-01-02,107,MGO,80.68,9.4,225.6,24,1113.6415,0.7,Moderate,FMS_MARITIME,2026-04-06
2023-01-03,107,VLSFO,56.93,11.0,264.0,24,671.5152,0.42,Calm,FMS_MARITIME,2026-04-06
2023-01-04,107,LNG,63.2,8.9,213.6,24,921.3708,0.95,Moderate,FMS_MARITIME,2026-04-06
2023-01-05,107,LNG,73.35,11.2,268.8,24,849.7467,0.55,Rough,FMS_MARITIME,2026-04-06
2023-01-06,107,LSMGO,52.06,14.6,350.4,24,462.6565,0.97,Moderate,FMS_MARITIME,2026-04-06
2023-01-07,107,VLSFO,20.95,17.9,429.6,24,151.8582,0.55,Rough,FMS_MARITIME,2026-04-06
2023-01-08,107,VLSFO,46.25,9.0,216.0,24,666.7708,0.66,Rough,FMS_MARITIME,2026-04-06
2023-01-09,107,LSMGO,66.63,13.4,321.6,24,645.1674,0.49,Rough,FMS_MARITIME,2026-04-06
2023-01-10,107,HFO,67.17,13.6,326.4,24,640.8314,0.5,Moderate,FMS_MARITIME,2026-04-06
2023-01-11,107,MGO,55.45,9.2,220.8,24,782.0258,0.79,Rough,FMS_MARITIME,2026-04-06
2023-01-12,107,LNG,67.37,12.6,302.4,24,693.7506,0.48,Calm,FMS_MARITIME,2026-04-06
2023-01-13,107,MGO,37.28,12.5,300.0,24,386.9664,0.44,Calm,FMS_MARITIME,2026-04-06
2023-01-14,107,LSMGO,45.82,15.1,362.4,24,393.7182,0.87,Moderate,FMS_MARITIME,2026-04-06
2023-01-15,107,LNG,76.51,14.1,338.4,24,704.0548,0.66,Rough,FMS_MARITIME,2026-04-06
2023-01-16,107,HFO,32.9,9.9,237.6,24,431.1894,0.76,Calm,FMS_MARITIME,2026-04-06
2023-01-17,107,HFO,82.89,11.4,273.6,24,943.4191,0.43,Rough,FMS_MARITIME,2026-04-06
2023-01-18,107,LNG,59.65,14.6,350.4,24,530.1087,0.59,Rough,FMS_MARITIME,2026-04-06
2023-01-19,107,MGO,58.12,15.8,379.2,24,477.2829,0.91,Rough,FMS_MARITIME,2026-04-06
2023-01-20,107,VLSFO,64.1,9.9,237.6,24,840.0985,0.9,Moderate,FMS_MARITIME,2026-04-06
2023-01-21,107,LNG,77.88,10.1,242.4,24,1000.4881,0.9,Moderate,FMS_MARITIME,2026-04-06
2023-01-22,107,VLSFO,36.52,13.8,331.2,24,343.3674,0.53,Moderate,FMS_MARITIME,2026-04-06
2023-01-23,107,LSMGO,81.8,14.9,357.6,24,712.3188,0.43,Calm,FMS_MARITIME,2026-04-06
2023-01-24,107,LSMGO,50.61,9.2,220.8,24,713.766,0.49,Rough,FMS_MARITIME,2026-04-06
2023-01-25,107,LSMGO,79.2,14.8,355.2,24,694.3378,0.61,Moderate,FMS_MARITIME,2026-04-06
2023-01-26,107,VLSFO,65.43,9.2,220.8,24,922.7764,0.94,Rough,FMS_MARITIME,2026-04-06
2023-01-27,107,MGO,29.52,16.4,393.6,24,233.55,0.58,Moderate,FMS_MARITIME,2026-04-06
2023-01-28,107,MGO,52.91,18.0,432.0,24,381.3929,0.69,Calm,FMS_MARITIME,2026-04-06
2023-01-28,107,MGO,62.23,13.7,328.8,24,589.3681,0.41,Calm,FMS_MARITIME,2026-04-06
2023-01-28,107,VLSFO,60.7,14.6,350.4,24,539.4401,0.87,Rough,FMS_MARITIME,2026-04-06
2023-01-01,108,VLSFO,75.12,10.0,240.0,24,974.682,0.53,Rough,FMS_MARITIME,2026-04-06
2023-01-02,108,LNG,64.44,17.9,429.6,24,467.1,0.41,Calm,FMS_MARITIME,2026-04-06
2023-01-03,108,VLSFO,48.95,11.6,278.4,24,547.5226,0.72,Calm,FMS_MARITIME,2026-04-06
2023-01-04,108,MGO,56.67,11.2,268.8,24,656.5118,0.73,Rough,FMS_MARITIME,2026-04-06
2023-01-05,108,VLSFO,69.07,10.5,252.0,24,853.5079,0.58,Calm,FMS_MARITIME,2026-04-06
2023-01-06,108,MGO,22.15,15.9,381.6,24,180.7524,0.63,Moderate,FMS_MARITIME,2026-04-06
2023-01-07,108,LNG,36.57,16.6,398.4,24,285.8408,0.72,Rough,FMS_MARITIME,2026-04-06
2023-01-08,108,HFO,21.12,15.8,379.2,24,173.438,0.64,Calm,FMS_MARITIME,2026-04-06
2023-01-09,108,MGO,45.87,17.8,427.2,24,334.3614,0.75,Moderate,FMS_MARITIME,2026-04-06
2023-01-10,108,LNG,44.96,12.1,290.4,24,482.1124,0.65,Calm,FMS_MARITIME,2026-04-06
2023-01-11,108,LSMGO,27.72,13.9,333.6,24,258.7532,0.84,Calm,FMS_MARITIME,2026-04-06
2023-01-12,108,MGO,46.49,11.9,285.6,24,506.8973,0.82,Rough,FMS_MARITIME,2026-04-06
2023-01-13,108,VLSFO,77.59,8.6,206.4,24,1170.6166,0.96,Moderate,FMS_MARITIME,2026-04-06
2023-01-14,108,LNG,15.04,10.0,240.0,24,195.144,0.86,Moderate,FMS_MARITIME,2026-04-06
2023-01-15,108,LSMGO,58.18,10.5,252.0,24,718.9386,0.67,Moderate,FMS_MARITIME,2026-04-06
2023-01-16,108,LSMGO,41.71,17.5,420.0,24,309.2499,0.57,Rough,FMS_MARITIME,2026-04-06
2023-01-17,108,VLSFO,50.04,14.9,357.6,24,435.751,0.54,Calm,FMS_MARITIME,2026-04-06
2023-01-18,108,VLSFO,80.13,11.0,264.0,24,945.1698,0.99,Moderate,FMS_MARITIME,2026-04-06
2023-01-19,108,HFO,62.45,9.7,232.8,24,835.3492,0.97,Calm,FMS_MARITIME,2026-04-06
2023-01-20,108,HFO,75.72,17.3,415.2,24,567.9,0.6,Moderate,FMS_MARITIME,2026-04-06
2023-01-21,108,VLSFO,34.28,14.0,336.0,24,317.7021,0.73,Moderate,FMS_MARITIME,2026-04-06
2023-01-22,108,VLSFO,41.13,16.7,400.8,24,319.5579,0.65,Moderate,FMS_MARITIME,2026-04-06
2023-01-23,108,HFO,57.06,15.1,362.4,24,490.3003,0.43,Moderate,FMS_MARITIME,2026-04-06
2023-01-24,108,VLSFO,25.29,14.8,355.2,24,221.7147,0.89,Rough,FMS_MARITIME,2026-04-06
2023-01-25,108,LSMGO,82.07,9.8,235.2,24,1086.5901,0.91,Calm,FMS_MARITIME,2026-04-06
2023-01-26,108,LNG,35.98,17.6,422.4,24,265.2503,0.42,Moderate,FMS_MARITIME,2026-04-06
2023-01-27,108,LSMGO,61.53,17.6,422.4,24,453.6089,0.92,Calm,FMS_MARITIME,2026-04-06
2023-01-28,108,LSMGO,25.34,9.6,230.4,24,342.4859,0.47,Moderate,FMS_MARITIME,2026-04-06
2023-01-28,108,VLSFO,26.63,12.0,288.0,24,287.9369,0.5,Rough,FMS_MARITIME,2026-04-06
2023-01-28,108,MGO,32.46,10.0,240.0,24,421.1685,0.72,Moderate,FMS_MARITIME,2026-04-06
2023-01-01,109,LNG,70.95,12.0,288.0,24,767.1469,0.51,Calm,FMS_MARITIME,2026-04-06
2023-01-02,109,LSMGO,24.27,11.8,283.2,24,266.8672,0.54,Moderate,FMS_MARITIME,2026-04-06
2023-01-03,109,LSMGO,19.62,16.9,405.6,24,150.6328,0.59,Calm,FMS_MARITIME,2026-04-06
2023-01-04,109,LNG,44.83,15.1,362.4,24,385.2114,0.94,Calm,FMS_MARITIME,2026-04-06
2023-01-05,109,VLSFO,71.46,13.4,321.6,24,691.9354,0.76,Rough,FMS_MARITIME,2026-04-06
2023-01-06,109,VLSFO,45.76,9.1,218.4,24,652.4571,0.98,Moderate,FMS_MARITIME,2026-04-06
2023-01-07,109,LNG,79.38,16.4,393.6,24,628.0216,0.64,Calm,FMS_MARITIME,2026-04-06
2023-01-08,109,VLSFO,26.2,14.8,355.2,24,229.6926,0.68,Rough,FMS_MARITIME,2026-04-06
2023-01-09,109,MGO,82.23,8.1,194.4,24,1317.2028,0.91,Calm,FMS_MARITIME,2026-04-06
2023-01-10,109,VLSFO,15.89,9.8,235.2,24,210.3804,0.46,Calm,FMS_MARITIME,2026-04-06
2023-01-11,109,LSMGO,41.2,11.3,271.2,24,473.0708,0.86,Calm,FMS_MARITIME,2026-04-06
2023-01-12,109,HFO,35.39,13.7,328.8,24,335.1717,0.42,Rough,FMS_MARITIME,2026-04-06
2023-01-13,109,LSMGO,81.52,15.7,376.8,24,673.7083,0.64,Rough,FMS_MARITIME,2026-04-06
2023-01-14,109,LSMGO,58.9,17.1,410.4,24,446.9167,0.52,Moderate,FMS_MARITIME,2026-04-06
2023-01-15,109,LNG,33.44,16.8,403.2,24,258.2643,0.42,Rough,FMS_MARITIME,2026-04-06
2023-01-16,109,LSMGO,53.4,14.0,336.0,24,494.9036,0.47,Rough,FMS_MARITIME,2026-04-06
2023-01-17,109,VLSFO,57.9,14.8,355.2,24,507.603,0.96,Moderate,FMS_MARITIME,2026-04-06
2023-01-18,109,LSMGO,54.3,8.5,204.0,24,828.8735,0.98,Moderate,FMS_MARITIME,2026-04-06
2023-01-19,109,LNG,15.46,13.5,324.0,24,148.5878,0.75,Calm,FMS_MARITIME,2026-04-06
2023-01-20,109,VLSFO,21.23,14.9,357.6,24,184.872,0.99,Rough,FMS_MARITIME,2026-04-06
2023-01-21,109,LSMGO,42.03,9.4,225.6,24,580.1481,0.84,Calm,FMS_MARITIME,2026-04-06
2023-01-22,109,VLSFO,43.04,16.0,384.0,24,349.0275,0.55,Moderate,FMS_MARITIME,2026-04-06
2023-01-23,109,VLSFO,20.14,16.8,403.2,24,155.5455,0.59,Calm,FMS_MARITIME,2026-04-06
2023-01-24,109,HFO,35.35,12.5,300.0,24,366.933,0.79,Calm,FMS_MARITIME,2026-04-06
2023-01-25,109,VLSFO,24.89,16.3,391.2,24,198.1275,0.71,Rough,FMS_MARITIME,2026-04-06
2023-01-26,109,MGO,38.06,9.5,228.0,24,519.8195,0.9,Moderate,FMS_MARITIME,2026-04-06
2023-01-27,109,LSMGO,70.71,9.0,216.0,24,1019.4025,0.7,Calm,FMS_MARITIME,2026-04-06
2023-01-28,109,VLSFO,54.91,12.5,300.0,24,569.9658,0.48,Rough,FMS_MARITIME,2026-04-06
2023-01-28,109,MGO,83.77,11.9,285.6,24,913.3746,0.87,Rough,FMS_MARITIME,2026-04-06
2023-01-28,109,VLSFO,31.49,13.4,321.6,24,304.9125,0.92,Calm,FMS_MARITIME,2026-04-06
2023-01-01,110,HFO,44.82,8.1,194.4,24,717.95,0.55,Rough,FMS_MARITIME,2026-04-06
2023-01-02,110,HFO,47.06,14.2,340.8,24,430.0025,0.88,Rough,FMS_MARITIME,2026-04-06
2023-01-03,110,LSMGO,30.29,15.1,362.4,24,260.2733,0.89,Moderate,FMS_MARITIME,2026-04-06
2023-01-04,110,HFO,48.1,14.3,343.2,24,436.4318,0.64,Rough,FMS_MARITIME,2026-04-06
2023-01-05,110,LSMGO,84.09,11.0,264.0,24,991.8798,0.52,Calm,FMS_MARITIME,2026-04-06
2023-01-06,110,LNG,78.74,11.8,283.2,24,865.8064,0.73,Rough,FMS_MARITIME,2026-04-06
2023-01-07,110,LSMGO,36.6,8.7,208.8,24,545.8448,0.82,Calm,FMS_MARITIME,2026-04-06
2023-01-08,110,MGO,25.48,8.2,196.8,24,403.1744,0.65,Calm,FMS_MARITIME,2026-04-06
2023-01-09,110,VLSFO,63.23,12.7,304.8,24,645.9915,0.92,Calm,FMS_MARITIME,2026-04-06
2023-01-10,110,LNG,50.61,9.2,220.8,24,713.766,0.8,Rough,FMS_MARITIME,2026-04-06
2023-01-11,110,HFO,42.1,13.3,319.2,24,410.7124,0.69,Calm,FMS_MARITIME,2026-04-06
2023-01-12,110,VLSFO,30.64,9.9,237.6,24,401.5697,0.47,Moderate,FMS_MARITIME,2026-04-06
2023-01-13,110,HFO,53.17,8.8,211.2,24,783.9554,0.64,Moderate,FMS_MARITIME,2026-04-06
2023-01-14,110,LSMGO,63.59,17.1,410.4,24,482.5031,0.71,Rough,FMS_MARITIME,2026-04-06
2023-01-15,110,LNG,35.95,16.4,393.6,24,284.4215,0.57,Rough,FMS_MARITIME,2026-04-06
2023-01-16,110,VLSFO,60.03,13.7,328.8,24,568.5323,0.99,Calm,FMS_MARITIME,2026-04-06
2023-01-17,110,HFO,26.38,15.6,374.4,24,219.4106,0.71,Moderate,FMS_MARITIME,2026-04-06
2023-01-18,110,LSMGO,42.72,11.0,264.0,24,503.9018,0.73,Moderate,FMS_MARITIME,2026-04-06
2023-01-19,110,HFO,74.61,16.5,396.0,24,586.7059,0.45,Moderate,FMS_MARITIME,2026-04-06
2023-01-20,110,LNG,46.55,9.8,235.2,24,616.3125,0.92,Moderate,FMS_MARITIME,2026-04-06
2023-01-21,110,VLSFO,15.33,16.9,405.6,24,117.6963,0.79,Moderate,FMS_MARITIME,2026-04-06
2023-01-22,110,LNG,48.95,16.0,384.0,24,396.9539,0.61,Calm,FMS_MARITIME,2026-04-06
2023-01-23,110,LNG,41.2,9.6,230.4,24,556.8437,0.53,Rough,FMS_MARITIME,2026-04-06
2023-01-24,110,HFO,60.21,17.6,422.4,24,443.8777,0.94,Moderate,FMS_MARITIME,2026-04-06
2023-01-25,110,HFO,60.39,14.0,336.0,24,559.6859,1.0,Rough,FMS_MARITIME,2026-04-06
2023-01-26,110,HFO,74.23,16.7,400.8,24,576.7271,0.83,Calm,FMS_MARITIME,2026-04-06
2023-01-27,110,LNG,63.31,15.0,360.0,24,547.6315,0.96,Rough,FMS_MARITIME,2026-04-06
2023-01-28,110,LNG,20.98,10.5,252.0,24,259.2529,0.98,Rough,FMS_MARITIME,2026-04-06
2023-01-28,110,HFO,15.77,11.3,271.2,24,181.0759,0.86,Calm,FMS_MARITIME,2026-04-06
2023-01-28,110,LNG,75.57,12.9,309.6,24,760.0936,0.85,Calm,FMS_MARITIME,2026-04-06
2023-01-01,111,LNG,48.47,10.8,259.2,24,582.3132,0.53,Calm,FMS_MARITIME,2026-04-06
2023-01-02,111,LSMGO,34.83,14.5,348.0,24,311.6684,0.49,Rough,FMS_MARITIME,2026-04-06
2023-01-03,111,LSMGO,21.49,8.6,206.4,24,324.2241,0.97,Rough,FMS_MARITIME,2026-04-06
2023-01-04,111,LSMGO,36.6,11.2,268.8,24,424.0045,0.78,Rough,FMS_MARITIME,2026-04-06
2023-01-05,111,LNG,70.04,13.5,324.0,24,673.1622,0.55,Moderate,FMS_MARITIME,2026-04-06
2023-01-06,111,LNG,15.45,13.2,316.8,24,151.8665,0.69,Calm,FMS_MARITIME,2026-04-06
2023-01-07,111,MGO,83.81,10.0,240.0,24,1087.4347,0.99,Calm,FMS_MARITIME,2026-04-06
2023-01-08,111,HFO,83.42,8.0,192.0,24,1352.9681,0.89,Moderate,FMS_MARITIME,2026-04-06
2023-01-09,111,HFO,74.27,12.4,297.6,24,777.1397,0.75,Calm,FMS_MARITIME,2026-04-06
2023-01-10,111,MGO,57.91,11.7,280.8,24,642.2071,0.92,Moderate,FMS_MARITIME,2026-04-06
2023-01-11,111,VLSFO,57.06,14.6,350.4,24,507.0914,0.43,Rough,FMS_MARITIME,2026-04-06
2023-01-12,111,MGO,67.88,14.9,357.6,24,591.1027,0.48,Rough,FMS_MARITIME,2026-04-06
2023-01-13,111,HFO,26.77,17.4,417.6,24,199.6211,0.85,Moderate,FMS_MARITIME,2026-04-06
2023-01-14,111,LNG,32.61,15.5,372.0,24,272.9773,0.9,Moderate,FMS_MARITIME,2026-04-06
2023-01-15,111,MGO,22.79,16.1,386.4,24,183.6648,0.45,Rough,FMS_MARITIME,2026-04-06
2023-01-16,111,VLSFO,83.98,14.4,345.6,24,756.6948,0.98,Moderate,FMS_MARITIME,2026-04-06
2023-01-17,111,HFO,65.04,9.6,230.4,24,879.0562,0.88,Calm,FMS_MARITIME,2026-04-06
2023-01-18,111,HFO,25.3,15.8,379.2,24,207.7642,0.95,Calm,FMS_MARITIME,2026-04-06
2023-01-19,111,LNG,70.88,14.6,350.4,24,629.9096,0.76,Moderate,FMS_MARITIME,2026-04-06
2023-01-20,111,VLSFO,74.93,15.6,374.4,24,623.2159,0.49,Calm,FMS_MARITIME,2026-04-06
2023-01-21,111,LNG,73.74,13.5,324.0,24,708.7233,0.65,Rough,FMS_MARITIME,2026-04-06
2023-01-22,111,LSMGO,78.08,16.1,386.4,24,629.2472,0.66,Rough,FMS_MARITIME,2026-04-06
2023-01-23,111,LNG,75.77,10.1,242.4,24,973.3819,0.89,Calm,FMS_MARITIME,2026-04-06
2023-01-24,111,LSMGO,15.61,10.3,247.2,24,196.6405,0.41,Calm,FMS_MARITIME,2026-04-06
2023-01-25,111,LSMGO,22.81,11.0,264.0,24,269.0543,0.88,Calm,FMS_MARITIME,2026-04-06
2023-01-26,111,VLSFO,42.79,12.6,302.4,24,440.6351,0.92,Rough,FMS_MARITIME,2026-04-06
2023-01-27,111,LNG,77.78,16.3,391.2,24,619.1383,0.51,Rough,FMS_MARITIME,2026-04-06
2023-01-28,111,VLSFO,47.55,16.8,403.2,24,367.2388,0.49,Moderate,FMS_MARITIME,2026-04-06
2023-01-28,111,MGO,52.54,11.3,271.2,24,603.2801,0.48,Rough,FMS_MARITIME,2026-04-06
2023-01-28,111,HFO,72.23,9.0,216.0,24,1041.3158,0.56,Calm,FMS_MARITIME,2026-04-06
2023-01-01,112,HFO,36.84,9.9,237.6,24,482.8273,0.8,Moderate,FMS_MARITIME,2026-04-06
2023-01-02,112,VLSFO,77.07,9.7,232.8,24,1030.9106,0.71,Rough,FMS_MARITIME,2026-04-06
2023-01-03,112,LNG,83.93,17.7,424.8,24,615.2496,0.74,Moderate,FMS_MARITIME,2026-04-06
2023-01-04,112,VLSFO,61.19,8.4,201.6,24,945.167,0.49,Calm,FMS_MARITIME,2026-04-06
2023-01-05,112,HFO,78.68,10.6,254.4,24,963.0877,0.64,Calm,FMS_MARITIME,2026-04-06
2023-01-06,112,LNG,19.95,17.8,427.2,24,145.4221,0.57,Calm,FMS_MARITIME,2026-04-06
2023-01-07,112,MGO,43.12,17.7,424.8,24,316.0915,0.63,Calm,FMS_MARITIME,2026-04-06
2023-01-08,112,LNG,62.49,10.8,259.2,24,750.7479,0.55,Calm,FMS_MARITIME,2026-04-06
2023-01-09,112,LNG,77.54,15.3,367.2,24,657.5696,0.56,Calm,FMS_MARITIME,2026-04-06
2023-01-10,112,LSMGO,71.42,8.5,204.0,24,1090.2053,0.73,Moderate,FMS_MARITIME,2026-04-06
2023-01-11,112,LNG,18.21,16.8,403.2,24,140.6397,0.53,Calm,FMS_MARITIME,2026-04-06
2023-01-12,112,HFO,25.31,17.3,415.2,24,189.825,0.59,Rough,FMS_MARITIME,2026-04-06
2023-01-13,112,LSMGO,81.66,16.5,396.0,24,642.1445,0.77,Rough,FMS_MARITIME,2026-04-06
2023-01-14,112,HFO,20.47,16.0,384.0,24,165.9989,0.74,Calm,FMS_MARITIME,2026-04-06
2023-01-15,112,HFO,64.02,10.3,247.2,24,806.4655,0.87,Rough,FMS_MARITIME,2026-04-06
2023-01-16,112,VLSFO,77.92,11.9,285.6,24,849.5899,0.59,Calm,FMS_MARITIME,2026-04-06
2023-01-17,112,MGO,74.59,15.5,372.0,24,624.3905,0.82,Rough,FMS_MARITIME,2026-04-06
2023-01-18,112,VLSFO,33.42,16.5,396.0,24,262.8027,0.92,Moderate,FMS_MARITIME,2026-04-06
2023-01-19,112,VLSFO,66.49,8.5,204.0,24,1014.9503,0.92,Moderate,FMS_MARITIME,2026-04-06
2023-01-20,112,MGO,21.86,17.8,427.2,24,159.3447,0.65,Rough,FMS_MARITIME,2026-04-06
2023-01-21,112,VLSFO,83.54,13.9,333.6,24,779.8068,0.92,Rough,FMS_MARITIME,2026-04-06
2023-01-22,112,LSMGO,73.85,8.4,201.6,24,1140.7187,0.52,Rough,FMS_MARITIME,2026-04-06
2023-01-23,112,HFO,80.44,8.3,199.2,24,1257.4807,0.94,Calm,FMS_MARITIME,2026-04-06
2023-01-24,112,LSMGO,74.91,15.1,362.4,24,643.6803,0.84,Moderate,FMS_MARITIME,2026-04-06
2023-01-25,112,LSMGO,22.01,12.8,307.2,24,223.1092,0.99,Moderate,FMS_MARITIME,2026-04-06
2023-01-26,112,LNG,69.02,9.9,237.6,24,904.5803,0.75,Calm,FMS_MARITIME,2026-04-06
2023-01-27,112,LSMGO,78.79,11.5,276.0,24,888.9567,0.95,Rough,FMS_MARITIME,2026-04-06
2023-01-28,112,LSMGO,33.11,14.2,340.8,24,302.5368,0.72,Calm,FMS_MARITIME,2026-04-06
2023-01-28,112,LSMGO,33.25,12.7,304.8,24,339.6998,0.69,Rough,FMS_MARITIME,2026-04-06
2023-01-28,112,MGO,62.58,17.3,415.2,24,469.35,0.97,Calm,FMS_MARITIME,2026-04-06
2023-01-01,113,LNG,30.96,16.9,405.6,24,237.6959,0.78,Calm,FMS_MARITIME,2026-04-06
2023-01-02,113,HFO,41.79,9.7,232.8,24,558.9951,0.85,Moderate,FMS_MARITIME,2026-04-06
2023-01-03,113,LNG,80.86,10.8,259.2,24,971.4431,0.63,Moderate,FMS_MARITIME,2026-04-06
2023-01-04,113,LSMGO,81.86,11.5,276.0,24,923.5943,0.83,Rough,FMS_MARITIME,2026-04-06
2023-01-05,113,LNG,81.1,9.8,235.2,24,1073.7474,0.63,Moderate,FMS_MARITIME,2026-04-06
2023-01-06,113,MGO,26.51,13.7,328.8,24,251.071,0.72,Rough,FMS_MARITIME,2026-04-06
2023-01-07,113,VLSFO,48.88,11.1,266.4,24,571.3676,0.58,Rough,FMS_MARITIME,2026-04-06
2023-01-08,113,LNG,81.74,11.3,271.2,24,938.5633,0.66,Rough,FMS_MARITIME,2026-04-06
2023-01-09,113,VLSFO,41.79,17.4,417.6,24,311.6237,0.79,Moderate,FMS_MARITIME,2026-04-06
2023-01-10,113,HFO,45.75,15.6,374.4,24,380.5168,0.79,Rough,FMS_MARITIME,2026-04-06
2023-01-11,113,MGO,19.77,11.3,271.2,24,227.0051,0.87,Rough,FMS_MARITIME,2026-04-06
2023-01-12,113,MGO,68.85,11.8,283.2,24,757.0583,0.7,Calm,FMS_MARITIME,2026-04-06
2023-01-13,113,LSMGO,22.92,8.5,204.0,24,349.8671,0.75,Moderate,FMS_MARITIME,2026-04-06
2023-01-14,113,HFO,75.67,17.8,427.2,24,551.5833,0.8,Moderate,FMS_MARITIME,2026-04-06
2023-01-15,113,VLSFO,58.79,10.2,244.8,24,747.8434,0.61,Rough,FMS_MARITIME,2026-04-06
2023-01-16,113,LSMGO,45.29,14.1,338.4,24,416.7644,0.97,Rough,FMS_MARITIME,2026-04-06
2023-01-17,113,LNG,15.86,8.6,206.4,24,239.2831,0.55,Moderate,FMS_MARITIME,2026-04-06
2023-01-18,113,LNG,84.64,10.7,256.8,24,1026.3589,0.61,Rough,FMS_MARITIME,2026-04-06
2023-01-19,113,LSMGO,45.18,8.7,208.8,24,673.8052,0.71,Rough,FMS_MARITIME,2026-04-06
2023-01-20,113,HFO,59.76,14.1,338.4,24,549.9191,0.84,Rough,FMS_MARITIME,2026-04-06
2023-01-21,113,HFO,24.67,15.6,374.4,24,205.188,0.95,Moderate,FMS_MARITIME,2026-04-06
2023-01-22,113,HFO,78.77,13.2,316.8,24,774.2733,0.56,Moderate,FMS_MARITIME,2026-04-06
2023-01-23,113,LSMGO,66.04,17.2,412.8,24,498.1797,0.85,Calm,FMS_MARITIME,2026-04-06
2023-01-24,113,LNG,83.43,12.0,288.0,24,902.0869,0.43,Calm,FMS_MARITIME,2026-04-06
2023-01-25,113,LNG,43.45,13.3,319.2,24,423.8825,0.67,Moderate,FMS_MARITIME,2026-04-06
2023-01-26,113,MGO,59.1,11.9,285.6,24,644.3887,0.7,Calm,FMS_MARITIME,2026-04-06
2023-01-27,113,MGO,71.46,9.0,216.0,24,1030.215,0.9,Calm,FMS_MARITIME,2026-04-06
2023-01-28,113,VLSFO,39.0,8.2,196.8,24,617.1037,0.7,Rough,FMS_MARITIME,2026-04-06
2023-01-28,113,LNG,78.77,13.3,319.2,24,768.4517,0.74,Rough,FMS_MARITIME,2026-04-06
2023-01-28,113,HFO,65.14,11.9,285.6,24,710.245,0.51,Moderate,FMS_MARITIME,2026-04-06
2023-01-01,114,VLSFO,66.83,15.9,381.6,24,545.358,0.87,Calm,FMS_MARITIME,2026-04-06
2023-01-02,114,LSMGO,56.38,17.4,417.6,24,420.4198,0.57,Rough,FMS_MARITIME,2026-04-06
2023-01-03,114,VLSFO,49.42,17.9,429.6,24,358.226,0.94,Moderate,FMS_MARITIME,2026-04-06
2023-01-04,114,LNG,42.32,15.3,367.2,24,358.8902,0.42,Rough,FMS_MARITIME,2026-04-06
2023-01-05,114,LNG,65.41,14.6,350.4,24,581.2978,0.8,Rough,FMS_MARITIME,2026-04-06
2023-01-06,114,HFO,15.59,15.1,362.4,24,133.9604,0.41,Moderate,FMS_MARITIME,2026-04-06
2023-01-07,114,VLSFO,69.56,15.2,364.8,24,593.777,0.7,Moderate,FMS_MARITIME,2026-04-06
2023-01-08,114,LNG,54.21,16.5,396.0,24,426.2877,0.54,Moderate,FMS_MARITIME,2026-04-06
2023-01-09,114,HFO,79.59,16.5,396.0,24,625.8668,0.69,Calm,FMS_MARITIME,2026-04-06
2023-01-10,114,MGO,18.04,16.1,386.4,24,145.3845,0.93,Moderate,FMS_MARITIME,2026-04-06
2023-01-11,114,HFO,40.04,9.8,235.2,24,530.1214,0.87,Moderate,FMS_MARITIME,2026-04-06
2023-01-12,114,VLSFO,37.37,10.8,259.2,24,448.959,0.74,Calm,FMS_MARITIME,2026-04-06
2023-01-13,114,VLSFO,40.5,16.1,386.4,24,326.3898,0.43,Calm,FMS_MARITIME,2026-04-06
2023-01-14,114,VLSFO,16.43,15.1,362.4,24,141.1783,0.88,Rough,FMS_MARITIME,2026-04-06
2023-01-15,114,HFO,52.71,14.2,340.8,24,481.6283,0.7,Moderate,FMS_MARITIME,2026-04-06
2023-01-16,114,MGO,77.76,14.8,355.2,24,681.7135,0.98,Calm,FMS_MARITIME,2026-04-06
2023-01-17,114,LNG,51.53,13.0,312.0,24,514.309,0.91,Moderate,FMS_MARITIME,2026-04-06
2023-01-18,114,HFO,73.85,9.1,218.4,24,1052.9712,0.66,Calm,FMS_MARITIME,2026-04-06
2023-01-19,114,LNG,34.6,15.4,369.6,24,291.5162,0.61,Rough,FMS_MARITIME,2026-04-06
2023-01-20,114,MGO,26.02,16.8,403.2,24,200.958,0.6,Calm,FMS_MARITIME,2026-04-06
2023-01-21,114,LSMGO,21.91,15.8,379.2,24,179.9255,0.9,Calm,FMS_MARITIME,2026-04-06
2023-01-22,114,MGO,60.82,16.6,398.4,24,475.3852,0.52,Calm,FMS_MARITIME,2026-04-06
2023-01-23,114,LSMGO,68.64,16.3,391.2,24,546.3828,0.48,Moderate,FMS_MARITIME,2026-04-06
2023-01-24,114,LSMGO,17.0,8.1,194.4,24,272.3148,0.69,Rough,FMS_MARITIME,2026-04-06
2023-01-25,114,VLSFO,76.06,12.2,292.8,24,808.9168,0.75,Moderate,FMS_MARITIME,2026-04-06
2023-01-26,114,LNG,84.26,13.4,321.6,24,815.8757,0.93,Rough,FMS_MARITIME,2026-04-06
2023-01-27,114,HFO,40.39,9.3,223.2,24,563.5056,0.57,Calm,FMS_MARITIME,2026-04-06
2023-01-28,114,HFO,47.05,9.4,225.6,24,649.4402,0.68,Calm,FMS_MARITIME,2026-04-06
2023-01-28,114,MGO,20.16,15.5,372.0,24,168.7587,0.83,Calm,FMS_MARITIME,2026-04-06
2023-01-28,114,MGO,29.09,14.6,350.4,24,258.5224,0.5,Rough,FMS_MARITIME,2026-04-06
2023-01-01,115,LNG,56.65,9.9,237.6,24,742.4583,0.98,Calm,FMS_MARITIME,2026-04-06
2023-01-02,115,HFO,42.21,17.6,422.4,24,311.1788,0.45,Calm,FMS_MARITIME,2026-04-06
2023-01-03,115,VLSFO,73.5,9.9,237.6,24,963.2955,0.92,Rough,FMS_MARITIME,2026-04-06
2023-01-04,115,VLSFO,72.81,17.1,410.4,24,552.4618,0.51,Calm,FMS_MARITIME,2026-04-06
2023-01-05,115,MGO,33.0,13.3,319.2,24,321.9361,0.94,Moderate,FMS_MARITIME,2026-04-06
2023-01-06,115,LSMGO,73.31,12.6,302.4,24,754.9185,0.77,Moderate,FMS_MARITIME,2026-04-06
2023-01-07,115,LSMGO,66.78,10.5,252.0,24,825.21,0.94,Calm,FMS_MARITIME,2026-04-06
2023-01-08,115,LNG,78.64,12.2,292.8,24,836.3557,0.74,Moderate,FMS_MARITIME,2026-04-06
2023-01-09,115,LNG,84.59,16.4,393.6,24,669.241,0.88,Moderate,FMS_MARITIME,2026-04-06
2023-01-10,115,LSMGO,68.53,11.4,273.6,24,779.9796,0.97,Calm,FMS_MARITIME,2026-04-06
2023-01-11,115,LSMGO,29.61,10.2,244.8,24,376.6566,0.52,Moderate,FMS_MARITIME,2026-04-06
2023-01-12,115,VLSFO,64.57,13.9,333.6,24,602.7308,0.85,Calm,FMS_MARITIME,2026-04-06
2023-01-13,115,LNG,16.18,12.9,309.6,24,162.7407,0.49,Calm,FMS_MARITIME,2026-04-06
2023-01-14,115,MGO,20.24,14.4,345.6,24,182.3708,0.68,Calm,FMS_MARITIME,2026-04-06
2023-01-15,115,LSMGO,17.83,8.8,211.2,24,262.8912,0.55,Calm,FMS_MARITIME,2026-04-06
2023-01-16,115,LNG,27.65,17.3,415.2,24,207.375,0.48,Calm,FMS_MARITIME,2026-04-06
2023-01-17,115,LNG,71.76,12.1,290.4,24,769.4926,0.95,Rough,FMS_MARITIME,2026-04-06
2023-01-18,115,LNG,17.78,16.7,400.8,24,138.141,0.84,Calm,FMS_MARITIME,2026-04-06
2023-01-19,115,LSMGO,25.64,17.7,424.8,24,187.9542,0.65,Calm,FMS_MARITIME,2026-04-06
2023-01-20,115,LSMGO,29.08,10.7,256.8,24,352.629,0.73,Calm,FMS_MARITIME,2026-04-06
2023-01-21,115,LSMGO,29.43,15.0,360.0,24,254.5695,0.93,Calm,FMS_MARITIME,2026-04-06
2023-01-22,115,MGO,23.21,12.9,309.6,24,233.4494,0.48,Moderate,FMS_MARITIME,2026-04-06
2023-01-23,115,MGO,59.35,9.0,216.0,24,855.6292,0.96,Calm,FMS_MARITIME,2026-04-06
2023-01-24,115,VLSFO,67.94,15.3,367.2,24,576.1578,0.58,Moderate,FMS_MARITIME,2026-04-06
2023-01-25,115,VLSFO,83.45,11.8,283.2,24,917.5964,0.48,Calm,FMS_MARITIME,2026-04-06
2023-01-26,115,LSMGO,41.42,11.3,271.2,24,475.5969,0.79,Moderate,FMS_MARITIME,2026-04-06
2023-01-27,115,LSMGO,67.05,10.9,261.6,24,798.1411,0.56,Calm,FMS_MARITIME,2026-04-06
2023-01-28,115,LSMGO,37.84,9.7,232.8,24,506.1588,0.96,Rough,FMS_MARITIME,2026-04-06
2023-01-28,115,LNG,25.82,9.9,237.6,24,338.3985,0.61,Rough,FMS_MARITIME,2026-04-06
2023-01-28,115,LNG,57.75,15.7,376.8,24,477.2651,0.72,Calm,FMS_MARITIME,2026-04-06
2023-01-01,116,VLSFO,56.24,12.2,292.8,24,598.1262,0.96,Rough,FMS_MARITIME,2026-04-06
2023-01-02,116,LSMGO,30.0,16.3,391.2,24,238.8037,0.93,Rough,FMS_MARITIME,2026-04-06
2023-01-03,116,HFO,81.14,14.6,350.4,24,721.0901,0.42,Moderate,FMS_MARITIME,2026-04-06
2023-01-04,116,HFO,24.42,11.8,283.2,24,268.5165,0.84,Rough,FMS_MARITIME,2026-04-06
2023-01-05,116,LNG,57.46,8.1,194.4,24,920.4241,0.7,Moderate,FMS_MARITIME,2026-04-06
2023-01-06,116,LNG,74.05,16.9,405.6,24,568.52,0.93,Calm,FMS_MARITIME,2026-04-06
2023-01-07,116,LNG,19.51,15.6,374.4,24,162.2707,0.65,Rough,FMS_MARITIME,2026-04-06
2023-01-08,116,LNG,30.91,10.9,261.6,24,367.9424,0.72,Moderate,FMS_MARITIME,2026-04-06
2023-01-09,116,LNG,25.42,12.0,288.0,24,274.8537,0.65,Calm,FMS_MARITIME,2026-04-06
2023-01-10,116,LSMGO,74.99,15.8,379.2,24,615.8198,0.96,Calm,FMS_MARITIME,2026-04-06
2023-01-11,116,MGO,32.3,9.2,220.8,24,455.5353,1.0,Moderate,FMS_MARITIME,2026-04-06
2023-01-12,116,VLSFO,49.8,9.8,235.2,24,659.3418,0.74,Calm,FMS_MARITIME,2026-04-06
2023-01-13,116,LSMGO,59.05,12.9,309.6,24,593.9331,0.48,Moderate,FMS_MARITIME,2026-04-06
2023-01-14,116,HFO,69.8,12.6,302.4,24,718.7738,0.68,Rough,FMS_MARITIME,2026-04-06
2023-01-15,116,MGO,36.57,13.9,333.6,24,341.3638,0.59,Moderate,FMS_MARITIME,2026-04-06
2023-01-16,116,VLSFO,59.5,11.0,264.0,24,701.8295,0.8,Rough,FMS_MARITIME,2026-04-06
2023-01-17,116,MGO,62.34,15.0,360.0,24,539.241,0.99,Rough,FMS_MARITIME,2026-04-06
2023-01-18,116,HFO,35.41,10.4,249.6,24,441.7738,0.89,Moderate,FMS_MARITIME,2026-04-06
2023-01-19,116,MGO,70.94,11.1,266.4,24,829.2311,0.78,Moderate,FMS_MARITIME,2026-04-06
2023-01-20,116,MGO,62.61,8.9,213.6,24,912.7694,0.73,Moderate,FMS_MARITIME,2026-04-06
2023-01-21,116,VLSFO,53.84,13.7,328.8,24,509.908,0.7,Moderate,FMS_MARITIME,2026-04-06
2023-01-22,116,LSMGO,31.75,16.9,405.6,24,243.7611,0.91,Moderate,FMS_MARITIME,2026-04-06
2023-01-23,116,MGO,18.49,11.4,273.6,24,210.4454,0.97,Rough,FMS_MARITIME,2026-04-06
2023-01-24,116,MGO,60.94,16.3,391.2,24,485.0899,0.87,Rough,FMS_MARITIME,2026-04-06
2023-01-25,116,HFO,56.41,12.5,300.0,24,585.5358,0.6,Moderate,FMS_MARITIME,2026-04-06
2023-01-26,116,VLSFO,41.28,13.8,331.2,24,388.1217,0.43,Calm,FMS_MARITIME,2026-04-06
2023-01-27,116,MGO,41.7,16.1,386.4,24,336.0606,0.63,Moderate,FMS_MARITIME,2026-04-06
2023-01-28,116,VLSFO,60.34,12.9,309.6,24,606.9081,0.85,Calm,FMS_MARITIME,2026-04-06
2023-01-28,116,LSMGO,61.6,9.5,228.0,24,841.3263,0.58,Rough,FMS_MARITIME,2026-04-06
2023-01-28,116,MGO,64.39,14.5,348.0,24,576.1795,0.72,Calm,FMS_MARITIME,2026-04-06
2023-01-01,117,LSMGO,67.14,15.5,372.0,24,562.0268,0.62,Calm,FMS_MARITIME,2026-04-06
2023-01-02,117,LNG,60.61,16.9,405.6,24,465.3342,0.51,Calm,FMS_MARITIME,2026-04-06
2023-01-03,117,HFO,31.7,11.8,283.2,24,348.5657,0.46,Moderate,FMS_MARITIME,2026-04-06
2023-01-04,117,HFO,63.21,16.8,403.2,24,488.1844,0.43,Rough,FMS_MARITIME,2026-04-06
2023-01-05,117,VLSFO,59.74,14.4,345.6,24,538.2823,0.85,Calm,FMS_MARITIME,2026-04-06
2023-01-06,117,MGO,50.06,11.5,276.0,24,564.8074,0.67,Moderate,FMS_MARITIME,2026-04-06
2023-01-07,117,LNG,23.83,10.1,242.4,24,306.1329,0.85,Calm,FMS_MARITIME,2026-04-06
2023-01-08,117,VLSFO,83.68,9.8,235.2,24,1107.9061,0.44,Calm,FMS_MARITIME,2026-04-06
2023-01-09,117,LNG,49.63,16.8,403.2,24,383.3031,0.68,Moderate,FMS_MARITIME,2026-04-06
2023-01-10,117,LNG,84.47,12.1,290.4,24,905.7837,0.6,Rough,FMS_MARITIME,2026-04-06
2023-01-11,117,VLSFO,47.31,16.7,400.8,24,367.5732,0.84,Moderate,FMS_MARITIME,2026-04-06
2023-01-12,117,MGO,51.43,10.3,247.2,24,647.8682,0.89,Moderate,FMS_MARITIME,2026-04-06
2023-01-13,117,LNG,34.59,11.5,276.0,24,390.2654,0.77,Rough,FMS_MARITIME,2026-04-06
2023-01-14,117,VLSFO,51.69,15.0,360.0,24,447.1185,0.81,Moderate,FMS_MARITIME,2026-04-06
2023-01-15,117,LNG,67.11,10.0,240.0,24,870.7523,0.5,Calm,FMS_MARITIME,2026-04-06
2023-01-16,117,LSMGO,27.93,13.1,314.4,24,276.6349,0.49,Moderate,FMS_MARITIME,2026-04-06
2023-01-17,117,HFO,54.78,9.4,225.6,24,756.1388,0.58,Rough,FMS_MARITIME,2026-04-06
2023-01-18,117,HFO,82.01,11.5,276.0,24,925.2867,0.91,Rough,FMS_MARITIME,2026-04-06
2023-01-19,117,HFO,59.86,17.7,424.8,24,438.8042,0.8,Rough,FMS_MARITIME,2026-04-06
2023-01-20,117,VLSFO,20.79,8.1,194.4,24,333.025,0.9,Rough,FMS_MARITIME,2026-04-06
2023-01-21,117,LNG,78.14,9.4,225.6,24,1078.5814,0.98,Calm,FMS_MARITIME,2026-04-06
2023-01-22,117,VLSFO,69.52,17.8,427.2,24,506.7539,0.78,Calm,FMS_MARITIME,2026-04-06
2023-01-23,117,HFO,77.9,9.4,225.6,24,1075.2686,0.54,Rough,FMS_MARITIME,2026-04-06
2023-01-24,117,LNG,65.3,13.7,328.8,24,618.4434,0.95,Moderate,FMS_MARITIME,2026-04-06
2023-01-25,117,LSMGO,42.2,15.4,369.6,24,355.5487,0.82,Rough,FMS_MARITIME,2026-04-06
2023-01-26,117,HFO,42.3,9.4,225.6,24,583.875,0.62,Calm,FMS_MARITIME,2026-04-06
2023-01-27,117,LNG,19.92,15.9,381.6,24,162.5547,0.81,Rough,FMS_MARITIME,2026-04-06
2023-01-28,117,LNG,70.46,16.1,386.4,24,567.8376,0.91,Rough,FMS_MARITIME,2026-04-06
2023-01-28,117,HFO,15.67,12.4,297.6,24,163.9663,0.91,Rough,FMS_MARITIME,2026-04-06
2023-01-28,117,LNG,80.26,13.0,312.0,24,801.0565,0.6,Calm,FMS_MARITIME,2026-04-06
2023-01-01,118,LSMGO,23.63,12.8,307.2,24,239.5307,0.92,Rough,FMS_MARITIME,2026-04-06
2023-01-02,118,LSMGO,26.55,9.5,228.0,24,362.6171,0.53,Rough,FMS_MARITIME,2026-04-06
2023-01-03,118,MGO,78.56,13.0,312.0,24,784.0892,0.54,Calm,FMS_MARITIME,2026-04-06
2023-01-04,118,HFO,46.04,9.8,235.2,24,609.5602,0.95,Rough,FMS_MARITIME,2026-04-06
2023-01-05,118,HFO,29.49,14.5,348.0,24,263.8847,0.5,Moderate,FMS_MARITIME,2026-04-06
2023-01-06,118,VLSFO,82.7,13.1,314.4,24,819.1088,0.91,Calm,FMS_MARITIME,2026-04-06
2023-01-07,118,MGO,59.64,17.6,422.4,24,439.6756,0.75,Calm,FMS_MARITIME,2026-04-06
2023-01-08,118,LNG,50.54,13.2,316.8,24,496.7852,0.71,Rough,FMS_MARITIME,2026-04-06
2023-01-09,118,HFO,61.82,12.7,304.8,24,631.5862,0.43,Moderate,FMS_MARITIME,2026-04-06
2023-01-10,118,MGO,67.42,17.1,410.4,24,511.564,0.82,Moderate,FMS_MARITIME,2026-04-06
2023-01-11,118,HFO,84.08,13.4,321.6,24,814.1328,0.86,Rough,FMS_MARITIME,2026-04-06
2023-01-12,118,LNG,79.8,8.6,206.4,24,1203.9593,0.83,Calm,FMS_MARITIME,2026-04-06
2023-01-13,118,HFO,54.19,14.8,355.2,24,475.0779,0.57,Moderate,FMS_MARITIME,2026-04-06
2023-01-14,118,LSMGO,77.76,12.7,304.8,24,794.4378,0.62,Calm,FMS_MARITIME,2026-04-06
2023-01-15,118,LSMGO,16.0,17.6,422.4,24,117.9545,0.86,Calm,FMS_MARITIME,2026-04-06
2023-01-16,118,LNG,15.24,17.7,424.8,24,111.7169,0.79,Calm,FMS_MARITIME,2026-04-06
2023-01-17,118,HFO,75.18,9.7,232.8,24,1005.6294,0.46,Moderate,FMS_MARITIME,2026-04-06
2023-01-18,118,HFO,61.24,10.8,259.2,24,735.7306,0.46,Moderate,FMS_MARITIME,2026-04-06
2023-01-19,118,LSMGO,73.35,12.3,295.2,24,773.753,0.78,Moderate,FMS_MARITIME,2026-04-06
2023-01-20,118,HFO,15.24,14.7,352.8,24,134.5163,0.49,Rough,FMS_MARITIME,2026-04-06
2023-01-21,118,LNG,79.48,14.8,355.2,24,696.7926,0.95,Moderate,FMS_MARITIME,2026-04-06
2023-01-22,118,LSMGO,44.85,15.0,360.0,24,387.9525,0.97,Rough,FMS_MARITIME,2026-04-06
2023-01-23,118,HFO,65.85,16.9,405.6,24,505.5643,0.41,Moderate,FMS_MARITIME,2026-04-06
2023-01-24,118,HFO,29.58,14.5,348.0,24,264.69,0.73,Calm,FMS_MARITIME,2026-04-06
2023-01-25,118,MGO,22.42,8.4,201.6,24,346.3089,0.86,Moderate,FMS_MARITIME,2026-04-06
2023-01-26,118,LNG,68.11,8.4,201.6,24,1052.0562,0.52,Rough,FMS_MARITIME,2026-04-06
2023-01-27,118,VLSFO,33.36,11.1,266.4,24,389.9514,0.65,Rough,FMS_MARITIME,2026-04-06
2023-01-28,118,LSMGO,62.7,12.6,302.4,24,645.6607,0.61,Moderate,FMS_MARITIME,2026-04-06
2023-01-28,118,HFO,84.22,11.5,276.0,24,950.2213,0.5,Calm,FMS_MARITIME,2026-04-06
2023-01-28,118,VLSFO,67.62,13.3,319.2,24,659.6763,0.47,Calm,FMS_MARITIME,2026-04-06
2023-01-01,119,HFO,49.03,12.4,297.6,24,513.0357,0.53,Moderate,FMS_MARITIME,2026-04-06
2023-01-02,119,LNG,41.19,15.1,362.4,24,353.9339,0.96,Moderate,FMS_MARITIME,2026-04-06
2023-01-03,119,MGO,28.58,12.2,292.8,24,303.9553,0.6,Calm,FMS_MARITIME,2026-04-06
2023-01-04,119,LSMGO,53.17,17.2,412.8,24,401.0935,0.9,Calm,FMS_MARITIME,2026-04-06
2023-01-05,119,LSMGO,70.43,9.0,216.0,24,1015.3658,0.49,Calm,FMS_MARITIME,2026-04-06
2023-01-06,119,LNG,60.58,16.6,398.4,24,473.5093,0.56,Calm,FMS_MARITIME,2026-04-06
2023-01-07,119,MGO,74.81,8.5,204.0,24,1141.9526,0.81,Rough,FMS_MARITIME,2026-04-06
2023-01-08,119,LSMGO,29.43,15.3,367.2,24,249.5779,0.87,Calm,FMS_MARITIME,2026-04-06
2023-01-09,119,LSMGO,78.22,15.6,374.4,24,650.5798,0.91,Rough,FMS_MARITIME,2026-04-06
2023-01-10,119,HFO,29.18,15.6,374.4,24,242.699,0.93,Rough,FMS_MARITIME,2026-04-06
2023-01-11,119,HFO,24.39,14.4,345.6,24,219.7641,0.62,Rough,FMS_MARITIME,2026-04-06
2023-01-12,119,HFO,33.77,13.8,331.2,24,317.5114,0.63,Moderate,FMS_MARITIME,2026-04-06
2023-01-13,119,HFO,67.29,10.8,259.2,24,808.4146,0.42,Rough,FMS_MARITIME,2026-04-06
2023-01-14,119,HFO,83.32,14.7,352.8,24,735.4265,1.0,Calm,FMS_MARITIME,2026-04-06
2023-01-15,119,LNG,74.8,9.2,220.8,24,1054.9239,0.97,Moderate,FMS_MARITIME,2026-04-06
2023-01-16,119,LSMGO,65.9,16.0,384.0,24,534.4078,0.4,Rough,FMS_MARITIME,2026-04-06
2023-01-17,119,VLSFO,56.68,12.1,290.4,24,607.7876,0.86,Rough,FMS_MARITIME,2026-04-06
2023-01-18,119,VLSFO,24.3,12.7,304.8,24,248.2618,0.71,Moderate,FMS_MARITIME,2026-04-06
2023-01-19,119,HFO,52.55,14.3,343.2,24,476.8086,0.79,Moderate,FMS_MARITIME,2026-04-06
2023-01-20,119,LSMGO,70.41,8.6,206.4,24,1062.2904,0.86,Calm,FMS_MARITIME,2026-04-06
2023-01-21,119,LNG,44.79,15.4,369.6,24,377.3703,0.92,Rough,FMS_MARITIME,2026-04-06
2023-01-22,119,HFO,78.23,10.0,240.0,24,1015.0343,0.98,Calm,FMS_MARITIME,2026-04-06
2023-01-23,119,LSMGO,81.09,16.9,405.6,24,622.5697,0.71,Calm,FMS_MARITIME,2026-04-06
2023-01-24,119,VLSFO,15.6,13.2,316.8,24,153.3409,0.77,Calm,FMS_MARITIME,2026-04-06
2023-01-25,119,MGO,82.39,15.5,372.0,24,689.684,0.59,Moderate,FMS_MARITIME,2026-04-06
2023-01-26,119,MGO,40.13,13.8,331.2,24,377.3092,0.5,Calm,FMS_MARITIME,2026-04-06
2023-01-27,119,HFO,63.36,13.3,319.2,24,618.1173,0.87,Moderate,FMS_MARITIME,2026-04-06
2023-01-28,119,LSMGO,36.31,17.0,408.0,24,277.1307,0.9,Moderate,FMS_MARITIME,2026-04-06
2023-01-28,119,LSMGO,75.37,12.9,309.6,24,758.082,0.91,Moderate,FMS_MARITIME,2026-04-06
2023-01-28,119,MGO,23.27,12.4,297.6,24,243.4905,0.61,Rough,FMS_MARITIME,2026-04-06
2023-01-01,120,LSMGO,16.91,12.0,288.0,24,182.8394,0.76,Calm,FMS_MARITIME,2026-04-06
2023-01-02,120,VLSFO,33.57,15.5,372.0,24,281.0134,0.5,Calm,FMS_MARITIME,2026-04-06
2023-01-03,120,MGO,28.11,15.3,367.2,24,238.3838,0.57,Calm,FMS_MARITIME,2026-04-06
2023-01-04,120,HFO,34.71,10.6,254.4,24,424.87,0.92,Calm,FMS_MARITIME,2026-04-06
2023-01-05,120,MGO,56.49,12.5,300.0,24,586.3662,0.6,Calm,FMS_MARITIME,2026-04-06
2023-01-06,120,VLSFO,51.16,12.9,309.6,24,514.5744,0.57,Moderate,FMS_MARITIME,2026-04-06
2023-01-07,120,MGO,70.82,9.2,220.8,24,998.7929,0.78,Moderate,FMS_MARITIME,2026-04-06
2023-01-08,120,LNG,72.12,10.1,242.4,24,926.4921,0.65,Rough,FMS_MARITIME,2026-04-06
2023-01-09,120,VLSFO,74.78,10.6,254.4,24,915.3495,0.68,Calm,FMS_MARITIME,2026-04-06
2023-01-10,120,MGO,40.21,16.1,386.4,24,324.0526,0.87,Calm,FMS_MARITIME,2026-04-06
2023-01-11,120,LNG,76.11,13.3,319.2,24,742.5017,0.81,Calm,FMS_MARITIME,2026-04-06
2023-01-12,120,MGO,21.6,17.5,420.0,24,160.1486,0.53,Rough,FMS_MARITIME,2026-04-06
2023-01-13,120,HFO,57.32,8.3,199.2,24,896.0566,0.81,Rough,FMS_MARITIME,2026-04-06
2023-01-14,120,MGO,61.48,12.4,297.6,24,643.3089,0.88,Calm,FMS_MARITIME,2026-04-06
2023-01-15,120,MGO,36.58,8.0,192.0,24,593.2819,0.63,Moderate,FMS_MARITIME,2026-04-06
2023-01-16,120,LSMGO,62.54,11.0,264.0,24,737.6877,0.58,Calm,FMS_MARITIME,2026-04-06
2023-01-17,120,LSMGO,52.23,14.7,352.8,24,461.0097,0.94,Rough,FMS_MARITIME,2026-04-06
2023-01-18,120,HFO,36.74,9.0,216.0,24,529.6683,0.69,Rough,FMS_MARITIME,2026-04-06
2023-01-19,120,MGO,42.39,10.9,261.6,24,504.5966,0.62,Rough,FMS_MARITIME,2026-04-06
2023-01-20,120,LSMGO,32.84,14.2,340.8,24,300.0697,0.83,Rough,FMS_MARITIME,2026-04-06
2023-01-21,120,MGO,84.63,10.8,259.2,24,1016.7354,0.97,Calm,FMS_MARITIME,2026-04-06
2023-01-22,120,HFO,25.82,11.0,264.0,24,304.5586,0.6,Rough,FMS_MARITIME,2026-04-06
2023-01-23,120,LNG,74.07,9.7,232.8,24,990.7817,0.65,Rough,FMS_MARITIME,2026-04-06
2023-01-24,120,VLSFO,18.87,16.3,391.2,24,150.2075,0.7,Rough,FMS_MARITIME,2026-04-06
2023-01-25,120,VLSFO,50.34,16.2,388.8,24,403.1861,0.47,Rough,FMS_MARITIME,2026-04-06
2023-01-26,120,MGO,51.87,10.5,252.0,24,640.965,0.98,Moderate,FMS_MARITIME,2026-04-06
2023-01-27,120,LSMGO,15.34,11.6,278.4,24,171.5832,0.42,Moderate,FMS_MARITIME,2026-04-06
2023-01-28,120,VLSFO,57.82,12.6,302.4,24,595.4083,0.56,Moderate,FMS_MARITIME,2026-04-06
2023-01-28,120,LSMGO,65.34,17.8,427.2,24,476.2846,0.54,Moderate,FMS_MARITIME,2026-04-06
2023-01-28,120,HFO,60.53,16.2,388.8,24,484.8005,0.41,Moderate,FMS_MARITIME,2026-04-06
2023-01-01,121,VLSFO,16.91,9.7,232.8,24,226.193,0.91,Calm,FMS_MARITIME,2026-04-06
2023-01-02,121,MGO,54.7,12.4,297.6,24,572.3649,0.46,Calm,FMS_MARITIME,2026-04-06
2023-01-03,121,MGO,43.42,13.6,326.4,24,414.246,0.4,Calm,FMS_MARITIME,2026-04-06
2023-01-04,121,LNG,17.58,11.5,276.0,24,198.3483,0.72,Calm,FMS_MARITIME,2026-04-06
2023-01-05,121,HFO,72.09,12.9,309.6,24,725.0913,0.54,Moderate,FMS_MARITIME,2026-04-06
2023-01-06,121,LNG,33.84,14.6,350.4,24,300.7356,0.91,Calm,FMS_MARITIME,2026-04-06
2023-01-07,121,LNG,61.48,10.5,252.0,24,759.7171,0.44,Calm,FMS_MARITIME,2026-04-06
2023-01-08,121,LNG,41.18,14.8,355.2,24,361.0206,0.76,Moderate,FMS_MARITIME,2026-04-06
2023-01-09,121,LSMGO,16.81,11.4,273.6,24,191.3243,0.64,Calm,FMS_MARITIME,2026-04-06
2023-01-10,121,VLSFO,74.45,10.7,256.8,24,902.7932,0.64,Calm,FMS_MARITIME,2026-04-06
2023-01-11,121,VLSFO,56.83,10.5,252.0,24,702.2564,0.73,Calm,FMS_MARITIME,2026-04-06
2023-01-12,121,VLSFO,27.05,15.1,362.4,24,232.4329,0.41,Moderate,FMS_MARITIME,2026-04-06
2023-01-13,121,MGO,70.1,12.0,288.0,24,757.9562,0.49,Moderate,FMS_MARITIME,2026-04-06
2023-01-14,121,LSMGO,43.86,13.8,331.2,24,412.3793,0.66,Rough,FMS_MARITIME,2026-04-06
2023-01-15,121,HFO,61.75,12.3,295.2,24,651.3872,0.96,Calm,FMS_MARITIME,2026-04-06
2023-01-16,121,LNG,77.23,9.1,218.4,24,1101.164,0.48,Moderate,FMS_MARITIME,2026-04-06
2023-01-17,121,LSMGO,70.3,8.9,213.6,24,1024.8792,0.83,Rough,FMS_MARITIME,2026-04-06
2023-01-18,121,LNG,35.98,12.5,300.0,24,373.4724,0.82,Calm,FMS_MARITIME,2026-04-06
2023-01-19,121,HFO,48.32,13.0,312.0,24,482.2708,0.79,Moderate,FMS_MARITIME,2026-04-06
2023-01-20,121,LNG,81.17,12.8,307.2,24,822.7975,0.92,Moderate,FMS_MARITIME,2026-04-06
2023-01-21,121,MGO,28.02,10.5,252.0,24,346.2471,0.84,Rough,FMS_MARITIME,2026-04-06
2023-01-22,121,HFO,50.04,9.8,235.2,24,662.5194,0.68,Calm,FMS_MARITIME,2026-04-06
2023-01-23,121,VLSFO,71.24,15.1,362.4,24,612.145,0.67,Rough,FMS_MARITIME,2026-04-06
2023-01-24,121,HFO,57.13,12.6,302.4,24,588.303,0.58,Rough,FMS_MARITIME,2026-04-06
2023-01-25,121,LNG,84.43,13.7,328.8,24,799.6199,0.57,Rough,FMS_MARITIME,2026-04-06
2023-01-26,121,MGO,17.0,12.2,292.8,24,180.7992,0.49,Calm,FMS_MARITIME,2026-04-06
2023-01-27,121,LSMGO,31.44,8.7,208.8,24,468.8897,0.77,Rough,FMS_MARITIME,2026-04-06
2023-01-28,121,VLSFO,48.26,17.6,422.4,24,355.7804,0.96,Rough,FMS_MARITIME,2026-04-06
2023-01-28,121,MGO,71.1,10.8,259.2,24,854.1875,0.84,Moderate,FMS_MARITIME,2026-04-06
2023-01-28,121,MGO,79.87,15.6,374.4,24,664.3034,0.67,Rough,FMS_MARITIME,2026-04-06
2023-01-01,122,VLSFO,16.25,8.9,213.6,24,236.9031,0.5,Rough,FMS_MARITIME,2026-04-06
2023-01-02,122,LNG,38.82,9.6,230.4,24,524.6766,0.88,Calm,FMS_MARITIME,2026-04-06
2023-01-03,122,MGO,21.19,14.4,345.6,24,190.9307,0.72,Rough,FMS_MARITIME,2026-04-06
2023-01-04,122,MGO,64.91,13.8,331.2,24,610.2951,0.71,Moderate,FMS_MARITIME,2026-04-06
2023-01-05,122,LNG,24.8,15.4,369.6,24,208.9481,0.56,Calm,FMS_MARITIME,2026-04-06
2023-01-06,122,VLSFO,50.04,17.7,424.8,24,366.8186,0.85,Calm,FMS_MARITIME,2026-04-06
2023-01-07,122,LSMGO,17.72,16.4,393.6,24,140.1933,0.4,Moderate,FMS_MARITIME,2026-04-06
2023-01-08,122,HFO,17.25,13.8,331.2,24,162.1875,0.43,Rough,FMS_MARITIME,2026-04-06
2023-01-09,122,LSMGO,69.18,12.9,309.6,24,695.8221,0.69,Moderate,FMS_MARITIME,2026-04-06
2023-01-10,122,HFO,74.7,13.8,331.2,24,702.3424,0.56,Moderate,FMS_MARITIME,2026-04-06
2023-01-11,122,HFO,38.2,11.3,271.2,24,438.6239,0.42,Rough,FMS_MARITIME,2026-04-06
2023-01-12,122,HFO,23.45,8.7,208.8,24,349.7284,0.51,Rough,FMS_MARITIME,2026-04-06
2023-01-13,122,LNG,62.27,12.4,297.6,24,651.5752,0.95,Moderate,FMS_MARITIME,2026-04-06
2023-01-14,122,VLSFO,24.49,17.2,412.8,24,184.7429,0.82,Moderate,FMS_MARITIME,2026-04-06
2023-01-15,122,VLSFO,36.27,9.4,225.6,24,500.6418,0.63,Calm,FMS_MARITIME,2026-04-06
2023-01-16,122,VLSFO,54.03,11.4,273.6,24,614.9467,0.47,Moderate,FMS_MARITIME,2026-04-06
2023-01-17,122,LSMGO,51.91,8.9,213.6,24,756.7778,0.77,Calm,FMS_MARITIME,2026-04-06
2023-01-18,122,LSMGO,60.85,17.7,424.8,24,446.0614,0.86,Moderate,FMS_MARITIME,2026-04-06
2023-01-19,122,VLSFO,44.77,18.0,432.0,24,322.7171,0.92,Moderate,FMS_MARITIME,2026-04-06
2023-01-20,122,HFO,23.36,18.0,432.0,24,168.3867,1.0,Moderate,FMS_MARITIME,2026-04-06
2023-01-21,122,LSMGO,45.27,14.4,345.6,24,407.9016,0.67,Calm,FMS_MARITIME,2026-04-06
2023-01-22,122,VLSFO,21.46,11.3,271.2,24,246.4102,0.45,Calm,FMS_MARITIME,2026-04-06
2023-01-23,122,LNG,32.6,10.4,249.6,24,406.7163,0.46,Moderate,FMS_MARITIME,2026-04-06
2023-01-24,122,MGO,67.16,15.0,360.0,24,580.934,0.6,Calm,FMS_MARITIME,2026-04-06
2023-01-25,122,HFO,16.43,11.5,276.0,24,185.3733,0.62,Moderate,FMS_MARITIME,2026-04-06
2023-01-26,122,MGO,16.11,13.8,331.2,24,151.469,0.75,Moderate,FMS_MARITIME,2026-04-06
2023-01-27,122,VLSFO,26.09,14.3,343.2,24,236.7257,0.93,Calm,FMS_MARITIME,2026-04-06
2023-01-28,122,HFO,23.36,11.3,271.2,24,268.2265,0.47,Calm,FMS_MARITIME,2026-04-06
2023-01-28,122,HFO,56.95,11.8,283.2,24,626.2087,0.77,Calm,FMS_MARITIME,2026-04-06
2023-01-28,122,VLSFO,61.64,14.5,348.0,24,551.5717,0.52,Rough,FMS_MARITIME,2026-04-06
2023-01-01,123,LSMGO,68.48,9.0,216.0,24,987.2533,0.44,Rough,FMS_MARITIME,2026-04-06
2023-01-02,123,MGO,78.96,11.6,278.4,24,883.1948,0.84,Rough,FMS_MARITIME,2026-04-06
2023-01-03,123,LNG,68.29,13.9,333.6,24,637.4552,0.61,Calm,FMS_MARITIME,2026-04-06
2023-01-04,123,LSMGO,47.26,12.1,290.4,24,506.7756,0.4,Calm,FMS_MARITIME,2026-04-06
2023-01-05,123,HFO,81.62,16.0,384.0,24,661.8872,0.74,Moderate,FMS_MARITIME,2026-04-06
2023-01-06,123,MGO,44.31,9.0,216.0,24,638.8025,0.51,Rough,FMS_MARITIME,2026-04-06
2023-01-07,123,MGO,83.17,16.8,403.2,24,642.3397,0.59,Moderate,FMS_MARITIME,2026-04-06
2023-01-08,123,LSMGO,27.69,17.3,415.2,24,207.675,0.48,Moderate,FMS_MARITIME,2026-04-06
2023-01-09,123,MGO,81.18,9.7,232.8,24,1085.8871,0.98,Rough,FMS_MARITIME,2026-04-06
2023-01-10,123,HFO,38.44,14.3,343.2,24,348.7825,0.89,Rough,FMS_MARITIME,2026-04-06
2023-01-11,123,LNG,69.12,11.5,276.0,24,779.8539,0.9,Rough,FMS_MARITIME,2026-04-06
2023-01-12,123,LNG,43.37,14.8,355.2,24,380.2201,0.64,Rough,FMS_MARITIME,2026-04-06
2023-01-13,123,HFO,52.88,17.8,427.2,24,385.4596,0.77,Calm,FMS_MARITIME,2026-04-06
2023-01-14,123,MGO,48.68,10.6,254.4,24,595.8708,0.66,Moderate,FMS_MARITIME,2026-04-06
2023-01-15,123,MGO,42.02,16.2,388.8,24,336.5491,0.58,Moderate,FMS_MARITIME,2026-04-06
2023-01-16,123,MGO,66.22,17.5,420.0,24,490.974,0.78,Rough,FMS_MARITIME,2026-04-06
2023-01-17,123,HFO,51.46,17.3,415.2,24,385.95,0.99,Rough,FMS_MARITIME,2026-04-06
2023-01-18,123,LNG,55.79,12.6,302.4,24,574.5042,0.63,Rough,FMS_MARITIME,2026-04-06
2023-01-19,123,VLSFO,45.23,14.6,350.4,24,401.9584,0.61,Calm,FMS_MARITIME,2026-04-06
2023-01-20,123,LNG,33.45,11.7,280.8,24,370.9519,0.53,Rough,FMS_MARITIME,2026-04-06
2023-01-21,123,VLSFO,20.41,10.3,247.2,24,257.1066,0.88,Calm,FMS_MARITIME,2026-04-06
2023-01-22,123,HFO,68.5,15.4,369.6,24,577.1347,0.66,Calm,FMS_MARITIME,2026-04-06
2023-01-23,123,MGO,44.84,15.5,372.0,24,375.3542,0.54,Moderate,FMS_MARITIME,2026-04-06
2023-01-24,123,LSMGO,36.76,13.8,331.2,24,345.6239,0.92,Calm,FMS_MARITIME,2026-04-06
2023-01-25,123,LSMGO,27.75,15.4,369.6,24,233.8028,0.87,Rough,FMS_MARITIME,2026-04-06
2023-01-26,123,HFO,76.9,14.1,338.4,24,707.6436,0.71,Rough,FMS_MARITIME,2026-04-06
2023-01-27,123,VLSFO,52.74,13.4,321.6,24,510.6728,0.46,Rough,FMS_MARITIME,2026-04-06
2023-01-28,123,LNG,38.68,9.0,216.0,24,557.6367,0.66,Rough,FMS_MARITIME,2026-04-06
2023-01-28,123,HFO,63.18,14.6,350.4,24,561.4798,0.83,Calm,FMS_MARITIME,2026-04-06
2023-01-28,123,LNG,83.71,15.6,374.4,24,696.2418,0.73,Moderate,FMS_MARITIME,2026-04-06
2023-01-01,124,LNG,44.87,11.1,266.4,24,524.4939,0.55,Calm,FMS_MARITIME,2026-04-06
2023-01-02,124,HFO,44.55,8.6,206.4,24,672.1352,0.94,Calm,FMS_MARITIME,2026-04-06
2023-01-03,124,MGO,67.35,12.8,307.2,24,682.708,0.53,Rough,FMS_MARITIME,2026-04-06
2023-01-04,124,HFO,45.09,11.5,276.0,24,508.7328,0.5,Rough,FMS_MARITIME,2026-04-06
2023-01-05,124,HFO,63.85,14.7,352.8,24,563.574,0.57,Rough,FMS_MARITIME,2026-04-06
2023-01-06,124,MGO,17.96,15.7,376.8,24,148.4274,0.5,Rough,FMS_MARITIME,2026-04-06
2023-01-07,124,VLSFO,22.98,14.7,352.8,24,202.8337,0.5,Calm,FMS_MARITIME,2026-04-06
2023-01-08,124,VLSFO,25.14,10.4,249.6,24,313.6457,0.53,Moderate,FMS_MARITIME,2026-04-06
2023-01-09,124,HFO,80.66,10.0,240.0,24,1046.5635,0.8,Rough,FMS_MARITIME,2026-04-06
2023-01-10,124,VLSFO,25.93,12.8,307.2,24,262.8451,0.78,Moderate,FMS_MARITIME,2026-04-06
2023-01-11,124,HFO,79.59,13.3,319.2,24,776.4513,0.94,Moderate,FMS_MARITIME,2026-04-06
2023-01-12,124,HFO,51.4,15.3,367.2,24,435.8922,0.53,Moderate,FMS_MARITIME,2026-04-06
2023-01-13,124,VLSFO,83.15,15.0,360.0,24,719.2475,0.54,Rough,FMS_MARITIME,2026-04-06
2023-01-14,124,HFO,36.22,16.9,405.6,24,278.0796,0.43,Moderate,FMS_MARITIME,2026-04-06
2023-01-15,124,LSMGO,62.7,10.5,252.0,24,774.7929,0.77,Moderate,FMS_MARITIME,2026-04-06
2023-01-16,124,LSMGO,16.21,16.4,393.6,24,128.2468,0.58,Moderate,FMS_MARITIME,2026-04-06
2023-01-17,124,MGO,66.79,11.1,266.4,24,780.7209,0.99,Calm,FMS_MARITIME,2026-04-06
2023-01-18,124,HFO,24.25,12.4,297.6,24,253.745,0.55,Moderate,FMS_MARITIME,2026-04-06
2023-01-19,124,LNG,73.53,13.1,314.4,24,728.2838,0.49,Rough,FMS_MARITIME,2026-04-06
2023-01-20,124,VLSFO,71.51,14.6,350.4,24,635.5084,0.89,Moderate,FMS_MARITIME,2026-04-06
2023-01-21,124,LNG,52.1,10.3,247.2,24,656.3083,0.88,Moderate,FMS_MARITIME,2026-04-06
2023-01-22,124,LNG,66.69,11.9,285.6,24,727.1452,0.96,Moderate,FMS_MARITIME,2026-04-06
2023-01-23,124,MGO,21.79,13.4,321.6,24,210.989,0.54,Rough,FMS_MARITIME,2026-04-06
2023-01-24,124,HFO,70.34,9.8,235.2,24,931.2872,0.76,Moderate,FMS_MARITIME,2026-04-06
2023-01-25,124,LSMGO,49.02,17.6,422.4,24,361.3832,0.61,Rough,FMS_MARITIME,2026-04-06
2023-01-26,124,VLSFO,62.27,11.5,276.0,24,702.568,0.93,Calm,FMS_MARITIME,2026-04-06
2023-01-27,124,LNG,50.36,9.7,232.8,24,673.6299,0.65,Calm,FMS_MARITIME,2026-04-06
2023-01-28,124,LSMGO,20.59,14.6,350.4,24,182.983,0.78,Calm,FMS_MARITIME,2026-04-06
2023-01-28,124,LSMGO,59.12,8.1,194.4,24,947.0148,0.81,Moderate,FMS_MARITIME,2026-04-06
2023-01-28,124,HFO,37.41,11.0,264.0,24,441.268,0.95,Moderate,FMS_MARITIME,2026-04-06
2023-01-01,125,HFO,25.93,12.0,288.0,24,280.3681,0.66,Calm,FMS_MARITIME,2026-04-06
2023-01-02,125,LSMGO,66.81,9.9,237.6,24,875.6159,0.74,Rough,FMS_MARITIME,2026-04-06
2023-01-03,125,HFO,83.63,9.1,218.4,24,1192.4168,0.95,Rough,FMS_MARITIME,2026-04-06
2023-01-04,125,LSMGO,65.15,15.0,360.0,24,563.5475,0.99,Calm,FMS_MARITIME,2026-04-06
2023-01-05,125,HFO,54.44,8.7,208.8,24,811.9069,0.52,Rough,FMS_MARITIME,2026-04-06
2023-01-06,125,VLSFO,56.62,15.1,362.4,24,486.5195,0.93,Moderate,FMS_MARITIME,2026-04-06
2023-01-07,125,LNG,71.51,17.9,429.6,24,518.3476,0.45,Calm,FMS_MARITIME,2026-04-06
2023-01-08,125,LNG,43.03,10.3,247.2,24,542.0527,0.62,Calm,FMS_MARITIME,2026-04-06
2023-01-09,125,LSMGO,25.87,16.5,396.0,24,203.4323,0.63,Moderate,FMS_MARITIME,2026-04-06
2023-01-10,125,VLSFO,60.28,12.0,288.0,24,651.7775,0.93,Calm,FMS_MARITIME,2026-04-06
2023-01-11,125,VLSFO,22.37,8.5,204.0,24,341.4715,0.57,Rough,FMS_MARITIME,2026-04-06
2023-01-12,125,VLSFO,83.22,17.3,415.2,24,624.15,0.44,Calm,FMS_MARITIME,2026-04-06
2023-01-13,125,LNG,33.62,8.7,208.8,24,501.4017,0.43,Calm,FMS_MARITIME,2026-04-06
2023-01-14,125,LSMGO,64.21,10.0,240.0,24,833.1247,0.93,Rough,FMS_MARITIME,2026-04-06
2023-01-15,125,LSMGO,49.47,15.7,376.8,24,408.8365,0.71,Rough,FMS_MARITIME,2026-04-06
2023-01-16,125,HFO,15.23,9.0,216.0,24,219.5658,0.42,Moderate,FMS_MARITIME,2026-04-06
2023-01-17,125,LNG,17.0,13.0,312.0,24,169.6731,0.93,Rough,FMS_MARITIME,2026-04-06
2023-01-18,125,VLSFO,53.33,17.4,417.6,24,397.6763,0.96,Calm,FMS_MARITIME,2026-04-06
2023-01-19,125,LSMGO,20.63,12.6,302.4,24,212.4399,0.58,Calm,FMS_MARITIME,2026-04-06
2023-01-20,125,LNG,45.0,17.9,429.6,24,326.1872,0.53,Moderate,FMS_MARITIME,2026-04-06
2023-01-21,125,HFO,28.79,9.8,235.2,24,381.1737,0.55,Moderate,FMS_MARITIME,2026-04-06
2023-01-22,125,MGO,21.11,10.1,242.4,24,271.1903,0.41,Rough,FMS_MARITIME,2026-04-06
2023-01-23,125,MGO,44.67,9.2,220.8,24,629.9927,0.99,Calm,FMS_MARITIME,2026-04-06
2023-01-24,125,LSMGO,31.39,11.1,266.4,24,366.9236,0.92,Moderate,FMS_MARITIME,2026-04-06
2023-01-25,125,LSMGO,30.32,11.5,276.0,24,342.0887,0.83,Rough,FMS_MARITIME,2026-04-06
2023-01-26,125,VLSFO,57.16,10.0,240.0,24,741.651,0.78,Calm,FMS_MARITIME,2026-04-06
2023-01-27,125,LSMGO,43.49,12.0,288.0,24,470.2356,1.0,Moderate,FMS_MARITIME,2026-04-06
2023-01-28,125,LNG,61.08,15.1,362.4,24,524.843,0.42,Moderate,FMS_MARITIME,2026-04-06
2023-01-28,125,MGO,67.37,14.0,336.0,24,624.3755,0.75,Moderate,FMS_MARITIME,2026-04-06
2023-01-28,125,LNG,79.34,10.2,244.8,24,1009.2515,0.51,Moderate,FMS_MARITIME,2026-04-06
2023-01-01,126,HFO,28.43,12.4,297.6,24,297.4833,0.98,Calm,FMS_MARITIME,2026-04-06
2023-01-02,126,HFO,70.01,13.0,312.0,24,698.7537,0.71,Moderate,FMS_MARITIME,2026-04-06
2023-01-03,126,LNG,30.33,17.2,412.8,24,228.7975,0.67,Calm,FMS_MARITIME,2026-04-06
2023-01-04,126,LNG,57.77,8.3,199.2,24,903.0913,0.53,Calm,FMS_MARITIME,2026-04-06
2023-01-05,126,HFO,38.84,15.7,376.8,24,320.9866,0.54,Calm,FMS_MARITIME,2026-04-06
2023-01-06,126,VLSFO,67.04,13.5,324.0,24,644.3289,0.4,Calm,FMS_MARITIME,2026-04-06
2023-01-07,126,LNG,65.09,10.1,242.4,24,836.1809,0.77,Rough,FMS_MARITIME,2026-04-06
2023-01-08,126,VLSFO,25.59,9.3,223.2,24,357.0218,0.69,Moderate,FMS_MARITIME,2026-04-06
2023-01-09,126,HFO,66.06,11.2,268.8,24,765.2933,0.94,Moderate,FMS_MARITIME,2026-04-06
2023-01-10,126,VLSFO,62.81,15.5,372.0,24,525.7805,0.89,Calm,FMS_MARITIME,2026-04-06
2023-01-11,126,HFO,16.47,13.7,328.8,24,155.9841,0.55,Moderate,FMS_MARITIME,2026-04-06
2023-01-12,126,MGO,55.79,15.0,360.0,24,482.5835,0.76,Moderate,FMS_MARITIME,2026-04-06
2023-01-13,126,VLSFO,68.23,9.5,228.0,24,931.8782,0.42,Rough,FMS_MARITIME,2026-04-06
2023-01-14,126,VLSFO,46.55,15.0,360.0,24,402.6575,0.66,Calm,FMS_MARITIME,2026-04-06
2023-01-15,126,MGO,50.13,16.5,396.0,24,394.2041,0.58,Rough,FMS_MARITIME,2026-04-06
2023-01-16,126,LNG,24.68,8.1,194.4,24,395.337,0.95,Rough,FMS_MARITIME,2026-04-06
2023-01-17,126,LNG,46.65,9.9,237.6,24,611.3977,0.73,Calm,FMS_MARITIME,2026-04-06
2023-01-18,126,MGO,37.34,17.0,408.0,24,284.9921,0.45,Rough,FMS_MARITIME,2026-04-06
2023-01-19,126,VLSFO,69.42,12.4,297.6,24,726.3907,0.47,Moderate,FMS_MARITIME,2026-04-06
2023-01-20,126,LNG,29.5,8.0,192.0,24,478.4531,0.74,Rough,FMS_MARITIME,2026-04-06
2023-01-21,126,LSMGO,83.87,15.0,360.0,24,725.4755,0.95,Calm,FMS_MARITIME,2026-04-06
2023-01-22,126,MGO,44.74,12.4,297.6,24,468.1464,0.73,Moderate,FMS_MARITIME,2026-04-06
2023-01-23,126,LNG,42.07,15.2,364.8,24,359.1173,0.49,Rough,FMS_MARITIME,2026-04-06
2023-01-24,126,MGO,64.86,11.4,273.6,24,738.2092,0.92,Calm,FMS_MARITIME,2026-04-06
2023-01-25,126,LSMGO,44.21,13.1,314.4,24,437.8815,0.69,Rough,FMS_MARITIME,2026-04-06
2023-01-26,126,VLSFO,41.95,17.7,424.8,24,307.5148,0.58,Calm,FMS_MARITIME,2026-04-06
2023-01-27,126,LSMGO,39.06,8.3,199.2,24,610.6066,0.59,Rough,FMS_MARITIME,2026-04-06
2023-01-28,126,MGO,24.22,10.7,256.8,24,293.6958,0.74,Calm,FMS_MARITIME,2026-04-06
2023-01-28,126,VLSFO,75.52,10.8,259.2,24,907.2889,0.81,Moderate,FMS_MARITIME,2026-04-06
2023-01-28,126,LNG,16.17,12.4,297.6,24,169.1982,0.72,Moderate,FMS_MARITIME,2026-04-06
2023-01-01,127,VLSFO,26.72,16.0,384.0,24,216.6825,0.89,Calm,FMS_MARITIME,2026-04-06
2023-01-02,127,LSMGO,31.06,16.3,391.2,24,247.2414,0.61,Moderate,FMS_MARITIME,2026-04-06
2023-01-03,127,MGO,82.81,15.0,360.0,24,716.3065,0.8,Calm,FMS_MARITIME,2026-04-06
2023-01-04,127,VLSFO,84.65,14.1,338.4,24,778.9601,0.76,Moderate,FMS_MARITIME,2026-04-06
2023-01-05,127,VLSFO,66.64,9.0,216.0,24,960.7267,0.98,Moderate,FMS_MARITIME,2026-04-06
2023-01-06,127,VLSFO,48.8,16.0,384.0,24,395.7375,0.66,Moderate,FMS_MARITIME,2026-04-06
2023-01-07,127,HFO,48.01,13.3,319.2,24,468.3682,0.68,Calm,FMS_MARITIME,2026-04-06
2023-01-08,127,VLSFO,61.33,14.7,352.8,24,541.3311,0.94,Rough,FMS_MARITIME,2026-04-06
2023-01-09,127,MGO,24.08,13.1,314.4,24,238.5023,0.71,Rough,FMS_MARITIME,2026-04-06
2023-01-10,127,HFO,84.56,9.5,228.0,24,1154.9116,0.9,Calm,FMS_MARITIME,2026-04-06
2023-01-11,127,VLSFO,20.75,10.6,254.4,24,253.9917,0.89,Calm,FMS_MARITIME,2026-04-06
2023-01-12,127,LSMGO,44.15,9.0,216.0,24,636.4958,0.43,Rough,FMS_MARITIME,2026-04-06
2023-01-13,127,LNG,31.32,17.3,415.2,24,234.9,0.61,Rough,FMS_MARITIME,2026-04-06
2023-01-14,127,HFO,63.86,8.5,204.0,24,974.8041,0.97,Moderate,FMS_MARITIME,2026-04-06
2023-01-15,127,LSMGO,16.96,15.5,372.0,24,141.9716,0.64,Calm,FMS_MARITIME,2026-04-06
2023-01-16,127,LSMGO,76.17,16.3,391.2,24,606.3225,0.78,Calm,FMS_MARITIME,2026-04-06
2023-01-17,127,LSMGO,48.09,12.9,309.6,24,483.6959,0.88,Rough,FMS_MARITIME,2026-04-06
2023-01-18,127,LNG,76.51,15.0,360.0,24,661.8115,0.59,Rough,FMS_MARITIME,2026-04-06
2023-01-19,127,VLSFO,31.76,11.9,285.6,24,346.2908,0.97,Rough,FMS_MARITIME,2026-04-06
2023-01-20,127,MGO,65.68,16.5,396.0,24,516.4836,0.87,Rough,FMS_MARITIME,2026-04-06
2023-01-21,127,VLSFO,63.2,15.3,367.2,24,535.9608,0.53,Moderate,FMS_MARITIME,2026-04-06
2023-01-22,127,LSMGO,61.68,18.0,432.0,24,444.61,0.77,Calm,FMS_MARITIME,2026-04-06
2023-01-23,127,HFO,44.42,13.6,326.4,24,423.7864,0.46,Calm,FMS_MARITIME,2026-04-06
2023-01-24,127,VLSFO,29.14,9.5,228.0,24,397.9911,0.43,Calm,FMS_MARITIME,2026-04-06
2023-01-25,127,HFO,57.21,14.0,336.0,24,530.2141,0.56,Moderate,FMS_MARITIME,2026-04-06
2023-01-26,127,LSMGO,58.26,14.2,340.8,24,532.3405,0.79,Rough,FMS_MARITIME,2026-04-06
2023-01-27,127,LNG,81.1,12.2,292.8,24,862.5184,0.83,Rough,FMS_MARITIME,2026-04-06
2023-01-28,127,MGO,54.35,8.0,192.0,24,881.4891,0.73,Calm,FMS_MARITIME,2026-04-06
2023-01-28,127,HFO,82.88,10.3,247.2,24,1044.0466,0.56,Moderate,FMS_MARITIME,2026-04-06
2023-01-28,127,LSMGO,33.62,10.6,254.4,24,411.5278,0.92,Calm,FMS_MARITIME,2026-04-06
2023-01-01,128,HFO,84.84,13.8,331.2,24,797.6804,0.49,Moderate,FMS_MARITIME,2026-04-06
2023-01-02,128,MGO,46.76,17.2,412.8,24,352.739,0.7,Rough,FMS_MARITIME,2026-04-06
2023-01-03,128,LNG,22.49,8.6,206.4,24,339.3113,0.76,Rough,FMS_MARITIME,2026-04-06
2023-01-04,128,MGO,67.93,12.2,292.8,24,722.4523,0.5,Rough,FMS_MARITIME,2026-04-06
2023-01-05,128,HFO,55.76,8.5,204.0,24,851.16,0.93,Calm,FMS_MARITIME,2026-04-06
2023-01-06,128,VLSFO,28.27,9.4,225.6,24,390.2162,0.68,Moderate,FMS_MARITIME,2026-04-06
2023-01-07,128,MGO,22.32,15.7,376.8,24,184.4599,0.64,Moderate,FMS_MARITIME,2026-04-06
2023-01-08,128,HFO,30.36,12.4,297.6,24,317.6782,0.85,Calm,FMS_MARITIME,2026-04-06
2023-01-09,128,LNG,25.81,14.0,336.0,24,239.2034,0.85,Calm,FMS_MARITIME,2026-04-06
2023-01-10,128,LNG,69.92,9.7,232.8,24,935.2701,0.63,Rough,FMS_MARITIME,2026-04-06
2023-01-11,128,LNG,79.35,8.6,206.4,24,1197.1701,0.42,Moderate,FMS_MARITIME,2026-04-06
2023-01-12,128,HFO,65.1,15.5,372.0,24,544.95,0.73,Calm,FMS_MARITIME,2026-04-06
2023-01-13,128,MGO,51.55,11.8,283.2,24,566.8316,0.77,Moderate,FMS_MARITIME,2026-04-06
2023-01-14,128,HFO,84.41,12.3,295.2,24,890.4226,0.91,Rough,FMS_MARITIME,2026-04-06
2023-01-15,128,HFO,66.27,10.4,249.6,24,826.782,0.71,Moderate,FMS_MARITIME,2026-04-06
2023-01-16,128,HFO,84.1,9.8,235.2,24,1113.4668,0.97,Moderate,FMS_MARITIME,2026-04-06
2023-01-17,128,HFO,59.16,10.6,254.4,24,724.1519,0.63,Calm,FMS_MARITIME,2026-04-06
2023-01-18,128,MGO,46.87,14.5,348.0,24,419.4057,0.62,Moderate,FMS_MARITIME,2026-04-06
2023-01-19,128,LSMGO,62.03,9.9,237.6,24,812.9689,0.57,Moderate,FMS_MARITIME,2026-04-06
2023-01-20,128,LSMGO,35.77,15.9,381.6,24,291.8967,0.54,Calm,FMS_MARITIME,2026-04-06
2023-01-21,128,HFO,41.32,11.7,280.8,24,458.2282,0.53,Calm,FMS_MARITIME,2026-04-06
2023-01-22,128,VLSFO,79.44,10.4,249.6,24,991.0904,0.93,Calm,FMS_MARITIME,2026-04-06
2023-01-23,128,VLSFO,77.02,9.5,228.0,24,1051.9311,0.65,Rough,FMS_MARITIME,2026-04-06
2023-01-24,128,LNG,37.92,11.3,271.2,24,435.4088,0.96,Rough,FMS_MARITIME,2026-04-06
2023-01-25,128,MGO,17.92,17.4,417.6,24,133.6276,0.9,Calm,FMS_MARITIME,2026-04-06
2023-01-26,128,LNG,72.84,11.0,264.0,24,859.1809,0.98,Calm,FMS_MARITIME,2026-04-06
2023-01-27,128,HFO,68.64,10.5,252.0,24,848.1943,0.82,Moderate,FMS_MARITIME,2026-04-06
2023-01-28,128,LNG,32.25,11.1,266.4,24,376.9764,0.86,Calm,FMS_MARITIME,2026-04-06
2023-01-28,128,LNG,16.63,17.3,415.2,24,124.725,0.71,Calm,FMS_MARITIME,2026-04-06
2023-01-28,128,VLSFO,55.6,12.9,309.6,24,559.2326,0.45,Moderate,FMS_MARITIME,2026-04-06
2023-01-01,129,VLSFO,16.55,13.5,324.0,24,159.0639,0.67,Moderate,FMS_MARITIME,2026-04-06
2023-01-02,129,LNG,21.35,13.4,321.6,24,206.7285,0.53,Moderate,FMS_MARITIME,2026-04-06
2023-01-03,129,LSMGO,25.9,12.5,300.0,24,268.842,0.5,Moderate,FMS_MARITIME,2026-04-06
2023-01-04,129,MGO,36.87,11.8,283.2,24,405.4138,0.49,Moderate,FMS_MARITIME,2026-04-06
2023-01-05,129,MGO,59.61,15.5,372.0,24,498.9934,0.52,Moderate,FMS_MARITIME,2026-04-06
2023-01-06,129,LNG,68.73,17.4,417.6,24,512.5125,0.81,Rough,FMS_MARITIME,2026-04-06
2023-01-07,129,MGO,28.18,14.7,352.8,24,248.7316,0.83,Moderate,FMS_MARITIME,2026-04-06
2023-01-08,129,LSMGO,22.42,15.7,376.8,24,185.2863,0.93,Moderate,FMS_MARITIME,2026-04-06
2023-01-09,129,VLSFO,21.11,14.6,350.4,24,187.6043,0.63,Calm,FMS_MARITIME,2026-04-06
2023-01-10,129,HFO,49.08,8.9,213.6,24,715.5202,0.67,Calm,FMS_MARITIME,2026-04-06
2023-01-11,129,LSMGO,74.49,11.0,264.0,24,878.6434,0.63,Rough,FMS_MARITIME,2026-04-06
2023-01-12,129,LSMGO,81.35,17.4,417.6,24,606.6185,0.63,Rough,FMS_MARITIME,2026-04-06
2023-01-13,129,HFO,77.87,15.1,362.4,24,669.1147,0.44,Moderate,FMS_MARITIME,2026-04-06
2023-01-14,129,LNG,45.3,8.8,211.2,24,667.9176,0.74,Moderate,FMS_MARITIME,2026-04-06
2023-01-15,129,HFO,56.44,16.3,391.2,24,449.2693,0.89,Moderate,FMS_MARITIME,2026-04-06
2023-01-16,129,MGO,81.63,17.6,422.4,24,601.7893,0.48,Rough,FMS_MARITIME,2026-04-06
2023-01-17,129,LNG,83.29,10.3,247.2,24,1049.2114,0.69,Moderate,FMS_MARITIME,2026-04-06
2023-01-18,129,HFO,19.05,11.1,266.4,24,222.6791,0.65,Rough,FMS_MARITIME,2026-04-06
2023-01-19,129,VLSFO,66.91,10.0,240.0,24,868.1572,0.83,Rough,FMS_MARITIME,2026-04-06
2023-01-20,129,MGO,68.8,10.6,254.4,24,842.1509,0.73,Rough,FMS_MARITIME,2026-04-06
2023-01-21,129,HFO,79.74,15.2,364.8,24,680.6753,0.61,Moderate,FMS_MARITIME,2026-04-06
2023-01-22,129,MGO,67.75,11.9,285.6,24,738.7027,0.59,Calm,FMS_MARITIME,2026-04-06
2023-01-23,129,LSMGO,71.28,8.2,196.8,24,1127.8756,0.56,Rough,FMS_MARITIME,2026-04-06
2023-01-24,129,HFO,84.39,13.1,314.4,24,835.8475,0.56,Calm,FMS_MARITIME,2026-04-06
2023-01-25,129,LNG,50.5,14.6,350.4,24,448.7928,0.6,Calm,FMS_MARITIME,2026-04-06
2023-01-26,129,VLSFO,66.48,13.4,321.6,24,643.7149,0.81,Moderate,FMS_MARITIME,2026-04-06
2023-01-27,129,VLSFO,52.5,16.0,384.0,24,425.7422,0.95,Moderate,FMS_MARITIME,2026-04-06
2023-01-28,129,LNG,18.51,8.7,208.8,24,276.0543,0.6,Moderate,FMS_MARITIME,2026-04-06
2023-01-28,129,HFO,35.77,15.7,376.8,24,295.6151,0.41,Moderate,FMS_MARITIME,2026-04-06
2023-01-28,129,VLSFO,24.53,8.3,199.2,24,383.466,0.91,Calm,FMS_MARITIME,2026-04-06
2023-01-01,130,HFO,36.93,15.0,360.0,24,319.4445,0.42,Rough,FMS_MARITIME,2026-04-06
2023-01-02,130,HFO,83.49,15.2,364.8,24,712.686,0.63,Calm,FMS_MARITIME,2026-04-06
2023-01-03,130,MGO,21.7,15.5,372.0,24,181.65,0.56,Rough,FMS_MARITIME,2026-04-06
2023-01-04,130,HFO,17.92,11.6,278.4,24,200.4414,0.78,Rough,FMS_MARITIME,2026-04-06
2023-01-05,130,VLSFO,74.19,12.9,309.6,24,746.2134,0.8,Rough,FMS_MARITIME,2026-04-06
2023-01-06,130,HFO,44.31,8.6,206.4,24,668.5142,0.62,Rough,FMS_MARITIME,2026-04-06
2023-01-07,130,LSMGO,82.25,9.7,232.8,24,1100.1997,0.53,Calm,FMS_MARITIME,2026-04-06
2023-01-08,130,LNG,69.06,11.1,266.4,24,807.2554,0.7,Calm,FMS_MARITIME,2026-04-06
2023-01-09,130,VLSFO,16.71,12.0,288.0,24,180.6769,0.91,Calm,FMS_MARITIME,2026-04-06
2023-01-10,130,HFO,57.52,11.1,266.4,24,672.3622,0.88,Moderate,FMS_MARITIME,2026-04-06
2023-01-11,130,MGO,71.54,16.9,405.6,24,549.2494,0.87,Rough,FMS_MARITIME,2026-04-06
2023-01-12,130,MGO,58.13,13.8,331.2,24,546.5484,0.9,Calm,FMS_MARITIME,2026-04-06
2023-01-13,130,VLSFO,53.1,17.3,415.2,24,398.25,0.8,Calm,FMS_MARITIME,2026-04-06
2023-01-14,130,HFO,20.27,15.6,374.4,24,168.5918,0.82,Moderate,FMS_MARITIME,2026-04-06
2023-01-15,130,LSMGO,52.23,12.4,297.6,24,546.5196,0.54,Rough,FMS_MARITIME,2026-04-06
2023-01-16,130,LSMGO,42.72,10.7,256.8,24,518.0299,0.68,Calm,FMS_MARITIME,2026-04-06
2023-01-17,130,LNG,57.94,12.7,304.8,24,591.9461,0.41,Calm,FMS_MARITIME,2026-04-06
2023-01-18,130,LNG,33.75,17.4,417.6,24,251.6703,0.45,Rough,FMS_MARITIME,2026-04-06
2023-01-19,130,HFO,64.67,15.7,376.8,24,534.4543,0.73,Calm,FMS_MARITIME,2026-04-06
2023-01-20,130,HFO,36.72,11.4,273.6,24,417.9316,0.71,Moderate,FMS_MARITIME,2026-04-06
2023-01-21,130,LSMGO,69.86,10.0,240.0,24,906.4335,0.68,Moderate,FMS_MARITIME,2026-04-06
2023-01-22,130,HFO,34.99,10.1,242.4,24,449.5002,0.78,Calm,FMS_MARITIME,2026-04-06
2023-01-23,130,LSMGO,77.63,8.4,201.6,24,1199.1062,0.76,Calm,FMS_MARITIME,2026-04-06
2023-01-24,130,HFO,71.49,10.1,242.4,24,918.3988,0.69,Calm,FMS_MARITIME,2026-04-06
2023-01-25,130,LSMGO,73.42,15.3,367.2,24,622.6304,0.98,Calm,FMS_MARITIME,2026-04-06
2023-01-26,130,VLSFO,80.15,16.5,396.0,24,630.2705,0.56,Rough,FMS_MARITIME,2026-04-06
2023-01-27,130,VLSFO,71.24,15.1,362.4,24,612.145,0.4,Calm,FMS_MARITIME,2026-04-06
2023-01-28,130,HFO,53.12,9.7,232.8,24,710.5485,0.5,Rough,FMS_MARITIME,2026-04-06
2023-01-28,130,LNG,45.72,17.6,422.4,24,337.0551,0.82,Calm,FMS_MARITIME,2026-04-06
2023-01-28,130,LSMGO,17.83,16.7,400.8,24,138.5295,0.97,Moderate,FMS_MARITIME,2026-04-06
2023-01-01,131,MGO,63.33,11.0,264.0,24,747.0061,0.94,Moderate,FMS_MARITIME,2026-04-06
2023-01-02,131,HFO,69.79,13.1,314.4,24,691.2406,0.64,Moderate,FMS_MARITIME,2026-04-06
2023-01-03,131,MGO,66.18,11.0,264.0,24,780.6232,0.54,Calm,FMS_MARITIME,2026-04-06
2023-01-04,131,VLSFO,73.24,11.3,271.2,24,840.9637,0.83,Calm,FMS_MARITIME,2026-04-06
2023-01-05,131,LSMGO,79.22,11.2,268.8,24,917.7496,0.52,Moderate,FMS_MARITIME,2026-04-06
2023-01-06,131,LNG,66.73,12.7,304.8,24,681.7494,0.68,Rough,FMS_MARITIME,2026-04-06
2023-01-07,131,MGO,39.86,13.9,333.6,24,372.0745,0.65,Calm,FMS_MARITIME,2026-04-06
2023-01-08,131,HFO,56.38,8.2,196.8,24,892.1104,0.99,Moderate,FMS_MARITIME,2026-04-06
2023-01-09,131,LSMGO,84.77,11.2,268.8,24,982.0453,0.82,Rough,FMS_MARITIME,2026-04-06
2023-01-10,131,LSMGO,36.67,12.4,297.6,24,383.7042,0.78,Calm,FMS_MARITIME,2026-04-06
2023-01-11,131,HFO,48.78,14.7,352.8,24,430.5582,0.78,Moderate,FMS_MARITIME,2026-04-06
2023-01-12,131,MGO,82.79,12.9,309.6,24,832.7134,0.91,Rough,FMS_MARITIME,2026-04-06
2023-01-13,131,VLSFO,76.41,13.4,321.6,24,739.8655,0.92,Calm,FMS_MARITIME,2026-04-06
2023-01-14,131,LSMGO,27.15,14.0,336.0,24,251.6223,0.89,Calm,FMS_MARITIME,2026-04-06
2023-01-15,131,LSMGO,17.48,8.9,213.6,24,254.8348,0.84,Calm,FMS_MARITIME,2026-04-06
2023-01-16,131,VLSFO,61.12,10.5,252.0,24,755.2686,0.5,Rough,FMS_MARITIME,2026-04-06
2023-01-17,131,MGO,22.94,16.3,391.2,24,182.6052,0.88,Moderate,FMS_MARITIME,2026-04-06
2023-01-18,131,LNG,27.0,14.3,343.2,24,244.9825,0.84,Calm,FMS_MARITIME,2026-04-06
2023-01-19,131,LNG,82.9,11.7,280.8,24,919.3397,0.92,Calm,FMS_MARITIME,2026-04-06
2023-01-20,131,LSMGO,81.25,11.8,283.2,24,893.4057,0.66,Calm,FMS_MARITIME,2026-04-06
2023-01-21,131,HFO,38.28,8.3,199.2,24,598.4133,0.83,Moderate,FMS_MARITIME,2026-04-06
2023-01-22,131,LSMGO,48.44,14.8,355.2,24,424.6682,0.92,Rough,FMS_MARITIME,2026-04-06
2023-01-23,131,HFO,52.59,10.6,254.4,24,643.7314,0.64,Moderate,FMS_MARITIME,2026-04-06
2023-01-24,131,LNG,62.24,15.8,379.2,24,511.1165,0.57,Calm,FMS_MARITIME,2026-04-06
2023-01-25,131,VLSFO,53.51,16.0,384.0,24,433.9327,0.86,Moderate,FMS_MARITIME,2026-04-06
2023-01-26,131,VLSFO,22.53,17.2,412.8,24,169.9574,0.69,Calm,FMS_MARITIME,2026-04-06
2023-01-27,131,LNG,75.46,16.1,386.4,24,608.1326,0.93,Calm,FMS_MARITIME,2026-04-06
2023-01-28,131,HFO,80.48,10.5,252.0,24,994.5029,0.71,Moderate,FMS_MARITIME,2026-04-06
2023-01-28,131,MGO,58.25,14.1,338.4,24,536.0239,0.42,Rough,FMS_MARITIME,2026-04-06
2023-01-28,131,LNG,52.61,12.4,297.6,24,550.4958,0.63,Calm,FMS_MARITIME,2026-04-06
2023-01-01,132,LNG,19.93,13.4,321.6,24,192.9789,0.42,Moderate,FMS_MARITIME,2026-04-06
2023-01-02,132,HFO,25.63,15.7,376.8,24,211.8148,0.83,Rough,FMS_MARITIME,2026-04-06
2023-01-03,132,LSMGO,49.22,15.7,376.8,24,406.7704,0.77,Rough,FMS_MARITIME,2026-04-06
2023-01-04,132,MGO,59.98,15.1,362.4,24,515.3911,0.9,Calm,FMS_MARITIME,2026-04-06
2023-01-05,132,HFO,81.09,15.3,367.2,24,687.675,0.78,Calm,FMS_MARITIME,2026-04-06
2023-01-06,132,LNG,59.37,13.2,316.8,24,583.5801,0.78,Calm,FMS_MARITIME,2026-04-06
2023-01-07,132,LNG,22.24,14.3,343.2,24,201.793,0.62,Calm,FMS_MARITIME,2026-04-06
2023-01-08,132,LSMGO,23.64,8.5,204.0,24,360.8576,0.91,Calm,FMS_MARITIME,2026-04-06
2023-01-09,132,MGO,18.44,12.3,295.2,24,194.5195,0.88,Moderate,FMS_MARITIME,2026-04-06
2023-01-10,132,HFO,26.97,16.3,391.2,24,214.6845,0.72,Calm,FMS_MARITIME,2026-04-06
2023-01-11,132,LSMGO,67.81,10.5,252.0,24,837.9379,0.42,Rough,FMS_MARITIME,2026-04-06
2023-01-12,132,LSMGO,45.96,17.4,417.6,24,342.719,0.82,Moderate,FMS_MARITIME,2026-04-06
2023-01-13,132,LSMGO,40.77,10.6,254.4,24,499.0479,0.77,Rough,FMS_MARITIME,2026-04-06
2023-01-14,132,HFO,48.24,14.9,357.6,24,420.0765,0.6,Calm,FMS_MARITIME,2026-04-06
2023-01-15,132,MGO,27.99,15.2,364.8,24,238.9278,0.64,Moderate,FMS_MARITIME,2026-04-06
2023-01-16,132,VLSFO,62.06,16.7,400.8,24,482.1728,0.6,Moderate,FMS_MARITIME,2026-04-06
2023-01-17,132,HFO,41.62,10.9,261.6,24,495.4307,0.66,Calm,FMS_MARITIME,2026-04-06
2023-01-18,132,LNG,58.96,11.9,285.6,24,642.8622,0.58,Moderate,FMS_MARITIME,2026-04-06
2023-01-19,132,LSMGO,21.48,14.5,348.0,24,192.209,0.65,Rough,FMS_MARITIME,2026-04-06
2023-01-20,132,HFO,55.18,16.3,391.2,24,439.2396,0.55,Rough,FMS_MARITIME,2026-04-06
2023-01-21,132,LSMGO,45.2,11.2,268.8,24,523.6339,0.7,Rough,FMS_MARITIME,2026-04-06
2023-01-22,132,MGO,83.0,13.4,321.6,24,803.6754,0.66,Moderate,FMS_MARITIME,2026-04-06
2023-01-23,132,LSMGO,29.63,8.2,196.8,24,468.8405,0.89,Rough,FMS_MARITIME,2026-04-06
2023-01-24,132,LSMGO,70.42,13.7,328.8,24,666.9339,0.65,Calm,FMS_MARITIME,2026-04-06
2023-01-25,132,HFO,30.72,8.5,204.0,24,468.9318,0.43,Rough,FMS_MARITIME,2026-04-06
2023-01-26,132,HFO,40.12,10.9,261.6,24,477.5752,0.81,Calm,FMS_MARITIME,2026-04-06
2023-01-27,132,LSMGO,60.54,15.5,372.0,24,506.7784,0.59,Calm,FMS_MARITIME,2026-04-06
2023-01-28,132,HFO,71.12,17.6,422.4,24,524.308,0.41,Rough,FMS_MARITIME,2026-04-06
2023-01-28,132,HFO,16.33,8.5,204.0,24,249.2726,0.78,Moderate,FMS_MARITIME,2026-04-06
2023-01-28,132,LNG,58.56,12.5,300.0,24,607.8528,0.97,Calm,FMS_MARITIME,2026-04-06
2023-01-01,133,LNG,46.43,14.2,340.8,24,424.246,0.58,Calm,FMS_MARITIME,2026-04-06
2023-01-02,133,HFO,48.56,12.3,295.2,24,512.2488,0.58,Calm,FMS_MARITIME,2026-04-06
2023-01-03,133,HFO,76.31,12.6,302.4,24,785.8113,0.5,Calm,FMS_MARITIME,2026-04-06
2023-01-04,133,LNG,79.88,12.9,309.6,24,803.4442,0.52,Moderate,FMS_MARITIME,2026-04-06
2023-01-05,133,MGO,29.99,8.8,211.2,24,442.1821,0.84,Rough,FMS_MARITIME,2026-04-06
2023-01-06,133,HFO,54.4,9.8,235.2,24,720.2449,0.45,Moderate,FMS_MARITIME,2026-04-06
2023-01-07,133,LNG,59.65,17.9,429.6,24,432.3792,0.64,Moderate,FMS_MARITIME,2026-04-06
2023-01-08,133,HFO,71.75,13.0,312.0,24,716.1202,0.65,Moderate,FMS_MARITIME,2026-04-06
2023-01-09,133,LSMGO,65.69,12.1,290.4,24,704.4031,0.83,Rough,FMS_MARITIME,2026-04-06
2023-01-10,133,LSMGO,17.96,17.7,424.8,24,131.6559,0.56,Calm,FMS_MARITIME,2026-04-06
2023-01-11,133,MGO,73.82,16.5,396.0,24,580.4936,0.96,Calm,FMS_MARITIME,2026-04-06
2023-01-12,133,LNG,26.33,15.1,362.4,24,226.2462,0.59,Calm,FMS_MARITIME,2026-04-06
2023-01-13,133,VLSFO,57.02,13.7,328.8,24,540.0252,0.76,Moderate,FMS_MARITIME,2026-04-06
2023-01-14,133,VLSFO,29.28,13.9,333.6,24,273.3151,0.89,Calm,FMS_MARITIME,2026-04-06
2023-01-15,133,HFO,46.6,11.5,276.0,24,525.7696,0.99,Rough,FMS_MARITIME,2026-04-06
2023-01-16,133,LNG,39.78,9.0,216.0,24,573.495,0.95,Calm,FMS_MARITIME,2026-04-06
2023-01-17,133,LSMGO,83.17,17.1,410.4,24,631.0706,0.51,Moderate,FMS_MARITIME,2026-04-06
2023-01-18,133,VLSFO,40.36,8.9,213.6,24,588.3944,0.69,Rough,FMS_MARITIME,2026-04-06
2023-01-19,133,MGO,60.66,14.8,355.2,24,531.7997,0.99,Rough,FMS_MARITIME,2026-04-06
2023-01-20,133,MGO,46.73,10.6,254.4,24,572.0017,0.58,Rough,FMS_MARITIME,2026-04-06
2023-01-21,133,MGO,74.08,17.5,420.0,24,549.2503,0.61,Rough,FMS_MARITIME,2026-04-06
2023-01-22,133,LSMGO,73.38,11.6,278.4,24,820.7806,0.68,Rough,FMS_MARITIME,2026-04-06
2023-01-23,133,VLSFO,17.91,9.8,235.2,24,237.1247,0.82,Rough,FMS_MARITIME,2026-04-06
2023-01-24,133,VLSFO,79.22,17.8,427.2,24,577.4604,0.45,Rough,FMS_MARITIME,2026-04-06
2023-01-25,133,LNG,49.1,14.0,336.0,24,455.0518,0.73,Rough,FMS_MARITIME,2026-04-06
2023-01-26,133,LSMGO,30.78,11.5,276.0,24,347.2787,0.99,Rough,FMS_MARITIME,2026-04-06
2023-01-27,133,HFO,68.24,15.5,372.0,24,571.2348,0.47,Moderate,FMS_MARITIME,2026-04-06
2023-01-28,133,LNG,66.1,8.6,206.4,24,997.2645,0.68,Moderate,FMS_MARITIME,2026-04-06
2023-01-28,133,LNG,84.47,10.7,256.8,24,1024.2974,0.4,Calm,FMS_MARITIME,2026-04-06
2023-01-28,133,LNG,37.58,13.7,328.8,24,355.9128,0.6,Rough,FMS_MARITIME,2026-04-06
2023-01-01,134,VLSFO,57.06,18.0,432.0,24,411.3075,0.44,Rough,FMS_MARITIME,2026-04-06
2023-01-02,134,VLSFO,51.05,17.8,427.2,24,372.1201,0.45,Moderate,FMS_MARITIME,2026-04-06
2023-01-03,134,LNG,44.28,12.6,302.4,24,455.9786,0.48,Moderate,FMS_MARITIME,2026-04-06
2023-01-04,134,HFO,29.61,10.3,247.2,24,372.9998,0.79,Moderate,FMS_MARITIME,2026-04-06
2023-01-05,134,LNG,68.64,17.5,420.0,24,508.9166,0.66,Rough,FMS_MARITIME,2026-04-06
2023-01-06,134,LNG,26.21,11.4,273.6,24,298.3112,0.41,Calm,FMS_MARITIME,2026-04-06
2023-01-07,134,LSMGO,52.38,12.1,290.4,24,561.6781,0.78,Moderate,FMS_MARITIME,2026-04-06
2023-01-08,134,MGO,48.14,15.0,360.0,24,416.411,0.43,Calm,FMS_MARITIME,2026-04-06
2023-01-09,134,MGO,42.08,16.5,396.0,24,330.9018,0.83,Rough,FMS_MARITIME,2026-04-06
2023-01-10,134,MGO,36.71,13.8,331.2,24,345.1538,0.54,Moderate,FMS_MARITIME,2026-04-06
2023-01-11,134,LNG,34.4,9.4,225.6,24,474.8298,0.58,Moderate,FMS_MARITIME,2026-04-06
2023-01-12,134,VLSFO,37.78,17.7,424.8,24,276.9466,0.71,Calm,FMS_MARITIME,2026-04-06
2023-01-13,134,VLSFO,33.78,14.7,352.8,24,298.1602,0.84,Rough,FMS_MARITIME,2026-04-06
2023-01-14,134,MGO,40.74,13.2,316.8,24,400.4557,0.61,Calm,FMS_MARITIME,2026-04-06
2023-01-15,134,HFO,22.06,10.1,242.4,24,283.3946,0.89,Rough,FMS_MARITIME,2026-04-06
2023-01-16,134,LNG,38.76,12.3,295.2,24,408.8707,0.98,Calm,FMS_MARITIME,2026-04-06
2023-01-17,134,MGO,35.71,12.0,288.0,24,386.1144,0.51,Rough,FMS_MARITIME,2026-04-06
2023-01-18,134,LNG,75.5,10.6,254.4,24,924.1627,0.44,Rough,FMS_MARITIME,2026-04-06
2023-01-19,134,MGO,64.23,11.8,283.2,24,706.2578,0.7,Rough,FMS_MARITIME,2026-04-06
2023-01-20,134,VLSFO,49.7,9.7,232.8,24,664.8015,0.87,Moderate,FMS_MARITIME,2026-04-06
2023-01-21,134,HFO,49.68,14.9,357.6,24,432.6161,0.61,Rough,FMS_MARITIME,2026-04-06
2023-01-22,134,VLSFO,63.94,13.7,328.8,24,605.5631,0.73,Rough,FMS_MARITIME,2026-04-06
2023-01-23,134,LSMGO,24.69,16.3,391.2,24,196.5354,0.94,Rough,FMS_MARITIME,2026-04-06
2023-01-24,134,VLSFO,51.92,10.7,256.8,24,629.5907,0.78,Moderate,FMS_MARITIME,2026-04-06
2023-01-25,134,LNG,76.54,15.0,360.0,24,662.071,0.66,Rough,FMS_MARITIME,2026-04-06
2023-01-26,134,MGO,68.84,15.4,369.6,24,579.9994,0.96,Calm,FMS_MARITIME,2026-04-06
2023-01-27,134,LNG,42.11,10.8,259.2,24,505.9049,0.73,Moderate,FMS_MARITIME,2026-04-06
2023-01-28,134,HFO,74.98,10.6,254.4,24,917.7976,0.87,Moderate,FMS_MARITIME,2026-04-06
2023-01-28,134,LSMGO,75.21,14.4,345.6,24,677.6734,0.47,Moderate,FMS_MARITIME,2026-04-06
2023-01-28,134,LSMGO,80.74,12.8,307.2,24,818.4387,0.6,Rough,FMS_MARITIME,2026-04-06
2023-01-01,135,HFO,82.38,15.6,374.4,24,685.1798,0.87,Rough,FMS_MARITIME,2026-04-06
2023-01-02,135,VLSFO,37.66,14.3,343.2,24,341.7052,0.87,Rough,FMS_MARITIME,2026-04-06
2023-01-03,135,MGO,73.27,12.0,288.0,24,792.2319,0.62,Calm,FMS_MARITIME,2026-04-06
2023-01-04,135,LNG,48.23,11.9,285.6,24,525.8691,0.73,Moderate,FMS_MARITIME,2026-04-06
2023-01-05,135,MGO,81.16,13.9,333.6,24,757.5906,0.67,Calm,FMS_MARITIME,2026-04-06
2023-01-06,135,VLSFO,21.57,15.8,379.2,24,177.1334,0.92,Calm,FMS_MARITIME,2026-04-06
2023-01-07,135,HFO,16.18,14.2,340.8,24,147.8419,0.99,Rough,FMS_MARITIME,2026-04-06
2023-01-08,135,HFO,55.96,8.1,194.4,24,896.3963,0.92,Calm,FMS_MARITIME,2026-04-06
2023-01-09,135,LSMGO,43.68,17.6,422.4,24,322.0159,0.87,Calm,FMS_MARITIME,2026-04-06
2023-01-10,135,LSMGO,73.2,11.2,268.8,24,848.0089,0.77,Calm,FMS_MARITIME,2026-04-06
2023-01-11,135,VLSFO,81.98,10.5,252.0,24,1013.0386,0.87,Moderate,FMS_MARITIME,2026-04-06
2023-01-12,135,VLSFO,62.66,9.3,223.2,24,874.2081,0.51,Moderate,FMS_MARITIME,2026-04-06
2023-01-13,135,MGO,17.47,8.7,208.8,24,260.544,0.44,Calm,FMS_MARITIME,2026-04-06
2023-01-14,135,HFO,35.22,15.1,362.4,24,302.6354,0.66,Moderate,FMS_MARITIME,2026-04-06
2023-01-15,135,MGO,36.52,16.6,398.4,24,285.45,0.6,Calm,FMS_MARITIME,2026-04-06
2023-01-16,135,LSMGO,59.81,11.2,268.8,24,692.8882,0.9,Calm,FMS_MARITIME,2026-04-06
2023-01-17,135,LSMGO,19.77,13.2,316.8,24,194.3301,0.73,Moderate,FMS_MARITIME,2026-04-06
2023-01-18,135,LSMGO,32.59,17.1,410.4,24,247.2838,0.57,Moderate,FMS_MARITIME,2026-04-06
2023-01-19,135,LSMGO,79.45,11.4,273.6,24,904.2664,0.78,Rough,FMS_MARITIME,2026-04-06
2023-01-20,135,HFO,63.48,10.0,240.0,24,823.653,0.66,Calm,FMS_MARITIME,2026-04-06
2023-01-21,135,LSMGO,73.19,16.5,396.0,24,575.5395,0.41,Calm,FMS_MARITIME,2026-04-06
2023-01-22,135,HFO,43.14,11.5,276.0,24,486.7317,0.54,Moderate,FMS_MARITIME,2026-04-06
2023-01-23,135,MGO,34.48,12.6,302.4,24,355.0619,0.71,Calm,FMS_MARITIME,2026-04-06
2023-01-24,135,LSMGO,67.62,17.5,420.0,24,501.354,0.82,Calm,FMS_MARITIME,2026-04-06
2023-01-25,135,HFO,44.92,17.7,424.8,24,329.2864,0.43,Rough,FMS_MARITIME,2026-04-06
2023-01-26,135,VLSFO,46.53,14.3,343.2,24,422.1865,0.87,Calm,FMS_MARITIME,2026-04-06
2023-01-27,135,MGO,16.04,15.7,376.8,24,132.5599,0.99,Rough,FMS_MARITIME,2026-04-06
2023-01-28,135,MGO,32.06,14.5,348.0,24,286.8817,0.43,Calm,FMS_MARITIME,2026-04-06
2023-01-28,135,MGO,71.67,11.5,276.0,24,808.6246,0.62,Calm,FMS_MARITIME,2026-04-06
2023-01-28,135,HFO,48.27,11.7,280.8,24,535.3019,0.94,Rough,FMS_MARITIME,2026-04-06
2023-01-01,136,LNG,77.06,8.3,199.2,24,1204.6428,0.95,Moderate,FMS_MARITIME,2026-04-06
2023-01-02,136,LSMGO,22.22,10.1,242.4,24,285.45,0.77,Rough,FMS_MARITIME,2026-04-06
2023-01-03,136,HFO,23.56,13.9,333.6,24,219.9216,0.48,Calm,FMS_MARITIME,2026-04-06
2023-01-04,136,VLSFO,81.75,8.2,196.8,24,1293.5442,0.93,Calm,FMS_MARITIME,2026-04-06
2023-01-05,136,LNG,50.79,16.6,398.4,24,396.9881,0.54,Rough,FMS_MARITIME,2026-04-06
2023-01-06,136,VLSFO,68.9,16.6,398.4,24,538.5407,0.7,Rough,FMS_MARITIME,2026-04-06
2023-01-07,136,MGO,82.46,12.1,290.4,24,884.2302,0.94,Moderate,FMS_MARITIME,2026-04-06
2023-01-08,136,LSMGO,21.55,17.2,412.8,24,162.5647,0.62,Rough,FMS_MARITIME,2026-04-06
2023-01-09,136,HFO,29.08,8.3,199.2,24,454.594,0.53,Calm,FMS_MARITIME,2026-04-06
2023-01-10,136,HFO,66.4,11.5,276.0,24,749.1652,0.75,Moderate,FMS_MARITIME,2026-04-06
2023-01-11,136,HFO,50.03,18.0,432.0,24,360.6329,1.0,Rough,FMS_MARITIME,2026-04-06
2023-01-12,136,LNG,75.56,13.3,319.2,24,737.1361,0.81,Rough,FMS_MARITIME,2026-04-06
2023-01-13,136,LNG,75.51,15.0,360.0,24,653.1615,0.47,Calm,FMS_MARITIME,2026-04-06
2023-01-14,136,LSMGO,54.5,14.3,343.2,24,494.5017,0.56,Moderate,FMS_MARITIME,2026-04-06
2023-01-15,136,MGO,37.83,8.0,192.0,24,613.5553,0.82,Calm,FMS_MARITIME,2026-04-06
2023-01-16,136,LNG,17.9,14.5,348.0,24,160.1741,0.94,Calm,FMS_MARITIME,2026-04-06
2023-01-17,136,VLSFO,39.89,17.5,420.0,24,295.7559,0.61,Moderate,FMS_MARITIME,2026-04-06
2023-01-18,136,VLSFO,37.54,12.9,309.6,24,377.5826,0.49,Rough,FMS_MARITIME,2026-04-06
2023-01-19,136,HFO,40.24,13.4,321.6,24,389.6373,0.73,Rough,FMS_MARITIME,2026-04-06
2023-01-20,136,LNG,47.32,14.8,355.2,24,414.8493,0.8,Rough,FMS_MARITIME,2026-04-06
2023-01-21,136,LSMGO,66.91,8.9,213.6,24,975.4576,0.8,Moderate,FMS_MARITIME,2026-04-06
2023-01-22,136,VLSFO,32.54,14.2,340.8,24,297.3285,0.43,Rough,FMS_MARITIME,2026-04-06
2023-01-23,136,LSMGO,24.9,15.9,381.6,24,203.1934,0.55,Calm,FMS_MARITIME,2026-04-06
2023-01-24,136,LSMGO,80.46,16.2,388.8,24,644.425,0.77,Calm,FMS_MARITIME,2026-04-06
2023-01-25,136,LSMGO,63.79,17.4,417.6,24,475.6754,0.78,Calm,FMS_MARITIME,2026-04-06
2023-01-26,136,HFO,34.8,17.6,422.4,24,256.5511,0.89,Moderate,FMS_MARITIME,2026-04-06
2023-01-27,136,LSMGO,29.02,9.0,216.0,24,418.3717,0.72,Moderate,FMS_MARITIME,2026-04-06
2023-01-28,136,MGO,25.44,9.6,230.4,24,343.8375,0.55,Moderate,FMS_MARITIME,2026-04-06
2023-01-28,136,MGO,71.2,16.3,391.2,24,566.7607,0.75,Rough,FMS_MARITIME,2026-04-06
2023-01-28,136,HFO,62.77,8.7,208.8,24,936.1388,0.75,Calm,FMS_MARITIME,2026-04-06
2023-01-01,137,LSMGO,17.38,13.8,331.2,24,163.4098,0.42,Rough,FMS_MARITIME,2026-04-06
2023-01-02,137,HFO,37.03,11.9,285.6,24,403.7515,0.59,Moderate,FMS_MARITIME,2026-04-06
2023-01-03,137,LSMGO,19.9,17.8,427.2,24,145.0576,0.84,Rough,FMS_MARITIME,2026-04-06
2023-01-04,137,HFO,55.28,9.4,225.6,24,763.0404,0.79,Calm,FMS_MARITIME,2026-04-06
2023-01-05,137,HFO,54.63,17.6,422.4,24,402.7411,0.7,Rough,FMS_MARITIME,2026-04-06
2023-01-06,137,HFO,82.74,14.5,348.0,24,740.3803,0.43,Moderate,FMS_MARITIME,2026-04-06
2023-01-07,137,HFO,32.5,11.6,278.4,24,363.5237,0.97,Moderate,FMS_MARITIME,2026-04-06
2023-01-08,137,LNG,38.92,15.4,369.6,24,327.9136,0.77,Rough,FMS_MARITIME,2026-04-06
2023-01-09,137,HFO,81.36,16.7,400.8,24,632.1234,0.93,Calm,FMS_MARITIME,2026-04-06
2023-01-10,137,HFO,61.82,12.6,302.4,24,636.5988,0.43,Moderate,FMS_MARITIME,2026-04-06
2023-01-11,137,LSMGO,74.35,15.5,372.0,24,622.3815,0.52,Moderate,FMS_MARITIME,2026-04-06
2023-01-12,137,HFO,80.54,8.6,206.4,24,1215.1238,0.61,Moderate,FMS_MARITIME,2026-04-06
2023-01-13,137,LSMGO,73.8,12.1,290.4,24,791.3678,0.49,Rough,FMS_MARITIME,2026-04-06
2023-01-14,137,LNG,45.83,8.8,211.2,24,675.7321,0.43,Moderate,FMS_MARITIME,2026-04-06
2023-01-15,137,MGO,49.0,13.6,326.4,24,467.4816,0.55,Rough,FMS_MARITIME,2026-04-06
2023-01-16,137,LNG,55.06,14.2,340.8,24,503.1011,0.78,Moderate,FMS_MARITIME,2026-04-06
2023-01-17,137,LSMGO,43.46,16.3,391.2,24,345.9469,0.83,Moderate,FMS_MARITIME,2026-04-06
2023-01-18,137,MGO,30.35,14.5,348.0,24,271.5802,0.78,Calm,FMS_MARITIME,2026-04-06
2023-01-19,137,VLSFO,47.25,15.0,360.0,24,408.7125,0.65,Moderate,FMS_MARITIME,2026-04-06
2023-01-20,137,VLSFO,59.81,9.3,223.2,24,834.446,0.7,Rough,FMS_MARITIME,2026-04-06
2023-01-21,137,HFO,31.33,15.7,376.8,24,258.9215,0.94,Moderate,FMS_MARITIME,2026-04-06
2023-01-22,137,LNG,71.06,12.1,290.4,24,761.9864,0.99,Rough,FMS_MARITIME,2026-04-06
2023-01-23,137,LNG,81.97,10.5,252.0,24,1012.915,0.67,Calm,FMS_MARITIME,2026-04-06
2023-01-24,137,LSMGO,32.05,16.8,403.2,24,247.529,0.77,Calm,FMS_MARITIME,2026-04-06
2023-01-25,137,LSMGO,40.26,11.9,285.6,24,438.9693,0.65,Rough,FMS_MARITIME,2026-04-06
2023-01-26,137,MGO,30.33,10.8,259.2,24,364.3812,0.48,Moderate,FMS_MARITIME,2026-04-06
2023-01-27,137,MGO,30.8,13.4,321.6,24,298.2313,0.71,Moderate,FMS_MARITIME,2026-04-06
2023-01-28,137,VLSFO,16.65,9.6,230.4,24,225.0352,0.64,Moderate,FMS_MARITIME,2026-04-06
2023-01-28,137,VLSFO,84.32,17.8,427.2,24,614.636,0.57,Moderate,FMS_MARITIME,2026-04-06
2023-01-28,137,LNG,26.58,11.3,271.2,24,305.1996,0.45,Rough,FMS_MARITIME,2026-04-06
2023-01-01,138,LSMGO,55.27,8.4,201.6,24,853.7241,0.58,Calm,FMS_MARITIME,2026-04-06
2023-01-02,138,LSMGO,36.48,15.7,376.8,24,301.4828,0.71,Calm,FMS_MARITIME,2026-04-06
2023-01-03,138,HFO,24.84,15.4,369.6,24,209.2851,0.73,Calm,FMS_MARITIME,2026-04-06
2023-01-04,138,LNG,27.59,10.7,256.8,24,334.561,0.43,Calm,FMS_MARITIME,2026-04-06
2023-01-05,138,LNG,73.6,12.6,302.4,24,757.9048,0.51,Moderate,FMS_MARITIME,2026-04-06
2023-01-06,138,VLSFO,41.38,9.4,225.6,24,571.1761,0.82,Moderate,FMS_MARITIME,2026-04-06
2023-01-07,138,LSMGO,67.21,17.4,417.6,24,501.178,0.83,Rough,FMS_MARITIME,2026-04-06
2023-01-08,138,LNG,36.0,15.5,372.0,24,301.3548,0.94,Calm,FMS_MARITIME,2026-04-06
2023-01-09,138,HFO,51.93,12.8,307.2,24,526.3998,0.47,Calm,FMS_MARITIME,2026-04-06
2023-01-10,138,LNG,21.64,8.7,208.8,24,322.7345,0.63,Calm,FMS_MARITIME,2026-04-06
2023-01-11,138,MGO,68.78,9.1,218.4,24,980.6819,0.57,Rough,FMS_MARITIME,2026-04-06
2023-01-12,138,VLSFO,56.9,15.9,381.6,24,464.3255,0.64,Calm,FMS_MARITIME,2026-04-06
2023-01-13,138,LSMGO,42.17,16.1,386.4,24,339.8483,0.88,Rough,FMS_MARITIME,2026-04-06
2023-01-14,138,LNG,51.08,10.9,261.6,24,608.0394,0.79,Moderate,FMS_MARITIME,2026-04-06
2023-01-15,138,LNG,27.13,14.1,338.4,24,249.6537,0.48,Rough,FMS_MARITIME,2026-04-06
2023-01-16,138,LNG,76.29,10.3,247.2,24,961.0318,0.52,Rough,FMS_MARITIME,2026-04-06
2023-01-17,138,LSMGO,61.43,12.1,290.4,24,658.7225,0.99,Moderate,FMS_MARITIME,2026-04-06
2023-01-18,138,MGO,78.68,14.8,355.2,24,689.7791,0.76,Moderate,FMS_MARITIME,2026-04-06
2023-01-19,138,HFO,30.08,13.3,319.2,24,293.4496,0.56,Rough,FMS_MARITIME,2026-04-06
2023-01-20,138,VLSFO,22.95,16.0,384.0,24,186.1102,0.88,Rough,FMS_MARITIME,2026-04-06
2023-01-21,138,LNG,64.81,9.0,216.0,24,934.3442,0.56,Moderate,FMS_MARITIME,2026-04-06
2023-01-22,138,LNG,42.8,8.5,204.0,24,653.3294,0.92,Moderate,FMS_MARITIME,2026-04-06
2023-01-23,138,LNG,23.42,13.7,328.8,24,221.8062,0.75,Calm,FMS_MARITIME,2026-04-06
2023-01-24,138,LNG,29.49,9.5,228.0,24,402.7713,0.59,Calm,FMS_MARITIME,2026-04-06
2023-01-25,138,MGO,37.46,17.9,429.6,24,271.5327,0.52,Moderate,FMS_MARITIME,2026-04-06
2023-01-26,138,LSMGO,61.42,17.6,422.4,24,452.798,0.91,Rough,FMS_MARITIME,2026-04-06
2023-01-27,138,VLSFO,78.84,16.4,393.6,24,623.7494,0.44,Moderate,FMS_MARITIME,2026-04-06
2023-01-28,138,VLSFO,65.06,12.3,295.2,24,686.3037,0.86,Moderate,FMS_MARITIME,2026-04-06
2023-01-28,138,LNG,59.45,13.7,328.8,24,563.0392,0.84,Calm,FMS_MARITIME,2026-04-06
2023-01-28,138,LNG,45.74,12.8,307.2,24,463.6535,0.45,Rough,FMS_MARITIME,2026-04-06
2023-01-01,139,HFO,20.49,10.8,259.2,24,246.1646,0.6,Moderate,FMS_MARITIME,2026-04-06
2023-01-02,139,HFO,30.5,17.9,429.6,24,221.0824,0.8,Calm,FMS_MARITIME,2026-04-06
2023-01-03,139,HFO,48.09,8.2,196.8,24,760.9363,0.81,Rough,FMS_MARITIME,2026-04-06
2023-01-04,139,VLSFO,61.49,10.1,242.4,24,789.9334,0.88,Calm,FMS_MARITIME,2026-04-06
2023-01-05,139,HFO,84.94,13.5,324.0,24,816.3678,0.78,Rough,FMS_MARITIME,2026-04-06
2023-01-06,139,LSMGO,18.39,9.0,216.0,24,265.1225,0.46,Moderate,FMS_MARITIME,2026-04-06
2023-01-07,139,HFO,22.24,14.1,338.4,24,204.6553,0.91,Calm,FMS_MARITIME,2026-04-06
2023-01-08,139,MGO,17.1,15.6,374.4,24,142.226,0.59,Rough,FMS_MARITIME,2026-04-06
2023-01-09,139,HFO,33.8,16.1,386.4,24,272.3944,0.9,Calm,FMS_MARITIME,2026-04-06
2023-01-10,139,LSMGO,83.26,12.9,309.6,24,837.4407,0.87,Moderate,FMS_MARITIME,2026-04-06
2023-01-11,139,LSMGO,46.83,14.6,350.4,24,416.1776,0.41,Rough,FMS_MARITIME,2026-04-06
2023-01-12,139,VLSFO,42.0,16.9,405.6,24,322.4556,0.61,Moderate,FMS_MARITIME,2026-04-06
2023-01-13,139,LSMGO,51.76,15.0,360.0,24,447.724,0.91,Rough,FMS_MARITIME,2026-04-06
2023-01-14,139,LSMGO,78.17,17.4,417.6,24,582.9056,0.43,Calm,FMS_MARITIME,2026-04-06
2023-01-15,139,VLSFO,71.96,13.6,326.4,24,686.5301,0.68,Calm,FMS_MARITIME,2026-04-06
2023-01-16,139,LNG,57.77,14.9,357.6,24,503.0643,0.43,Calm,FMS_MARITIME,2026-04-06
2023-01-17,139,MGO,44.79,9.9,237.6,24,587.0205,0.92,Rough,FMS_MARITIME,2026-04-06
2023-01-18,139,LSMGO,27.23,15.7,376.8,24,225.0377,0.7,Moderate,FMS_MARITIME,2026-04-06
2023-01-19,139,MGO,42.86,13.9,333.6,24,400.0781,0.78,Rough,FMS_MARITIME,2026-04-06
2023-01-20,139,LSMGO,61.24,14.8,355.2,24,536.8845,0.74,Rough,FMS_MARITIME,2026-04-06
2023-01-21,139,VLSFO,58.18,17.8,427.2,24,424.093,0.97,Calm,FMS_MARITIME,2026-04-06
2023-01-22,139,MGO,67.39,8.3,199.2,24,1053.4762,0.78,Rough,FMS_MARITIME,2026-04-06
2023-01-23,139,VLSFO,48.92,8.1,194.4,24,783.6259,0.73,Moderate,FMS_MARITIME,2026-04-06
2023-01-24,139,LNG,72.6,10.3,247.2,24,914.5485,0.97,Calm,FMS_MARITIME,2026-04-06
2023-01-25,139,LSMGO,69.28,9.5,228.0,24,946.2189,0.89,Moderate,FMS_MARITIME,2026-04-06
2023-01-26,139,LNG,55.11,8.6,206.4,24,831.4561,0.58,Moderate,FMS_MARITIME,2026-04-06
2023-01-27,139,MGO,36.13,8.1,194.4,24,578.7491,0.5,Rough,FMS_MARITIME,2026-04-06
2023-01-28,139,MGO,49.19,14.9,357.6,24,428.3492,0.45,Rough,FMS_MARITIME,2026-04-06
2023-01-28,139,LNG,76.06,16.4,393.6,24,601.7552,0.77,Calm,FMS_MARITIME,2026-04-06
2023-01-28,139,HFO,61.16,9.3,223.2,24,853.2806,0.81,Calm,FMS_MARITIME,2026-04-06
2023-01-01,140,LNG,27.15,15.5,372.0,24,227.2718,0.55,Rough,FMS_MARITIME,2026-04-06
2023-01-02,140,VLSFO,67.64,9.4,225.6,24,933.6479,0.72,Rough,FMS_MARITIME,2026-04-06
2023-01-03,140,MGO,31.51,15.3,367.2,24,267.2172,0.84,Rough,FMS_MARITIME,2026-04-06
2023-01-04,140,VLSFO,50.51,12.3,295.2,24,532.8189,0.68,Calm,FMS_MARITIME,2026-04-06
2023-01-05,140,VLSFO,68.19,9.5,228.0,24,931.3318,0.91,Rough,FMS_MARITIME,2026-04-06
2023-01-06,140,LSMGO,51.85,17.1,410.4,24,393.4232,0.98,Calm,FMS_MARITIME,2026-04-06
2023-01-07,140,VLSFO,37.27,8.3,199.2,24,582.6244,0.61,Moderate,FMS_MARITIME,2026-04-06
2023-01-08,140,VLSFO,28.29,13.7,328.8,24,267.929,0.82,Rough,FMS_MARITIME,2026-04-06
2023-01-09,140,LNG,24.36,15.3,367.2,24,206.5824,0.8,Rough,FMS_MARITIME,2026-04-06
2023-01-10,140,LNG,15.29,17.6,422.4,24,112.7203,0.49,Calm,FMS_MARITIME,2026-04-06
2023-01-11,140,LNG,52.93,14.7,352.8,24,467.1883,0.89,Moderate,FMS_MARITIME,2026-04-06
2023-01-12,140,VLSFO,68.49,8.5,204.0,24,1045.4797,0.56,Rough,FMS_MARITIME,2026-04-06
2023-01-13,140,LSMGO,84.83,14.6,350.4,24,753.883,0.87,Moderate,FMS_MARITIME,2026-04-06
2023-01-14,140,MGO,21.41,8.8,211.2,24,315.6759,0.77,Rough,FMS_MARITIME,2026-04-06
2023-01-15,140,MGO,65.87,17.7,424.8,24,482.8606,0.62,Moderate,FMS_MARITIME,2026-04-06
2023-01-16,140,HFO,82.71,13.8,331.2,24,777.6538,0.68,Calm,FMS_MARITIME,2026-04-06
2023-01-17,140,HFO,16.22,10.6,254.4,24,198.542,0.73,Moderate,FMS_MARITIME,2026-04-06
2023-01-18,140,LNG,35.42,10.8,259.2,24,425.5319,0.97,Rough,FMS_MARITIME,2026-04-06
2023-01-19,140,LNG,46.51,9.7,232.8,24,622.1312,0.69,Calm,FMS_MARITIME,2026-04-06
2023-01-20,140,VLSFO,48.13,8.2,196.8,24,761.5692,0.83,Moderate,FMS_MARITIME,2026-04-06
2023-01-21,140,VLSFO,61.45,15.1,362.4,24,528.0224,0.73,Calm,FMS_MARITIME,2026-04-06
2023-01-22,140,VLSFO,50.71,8.5,204.0,24,774.0732,0.58,Rough,FMS_MARITIME,2026-04-06
2023-01-23,140,HFO,41.64,15.0,360.0,24,360.186,0.64,Moderate,FMS_MARITIME,2026-04-06
2023-01-24,140,MGO,38.07,14.9,357.6,24,331.5156,0.47,Calm,FMS_MARITIME,2026-04-06
2023-01-25,140,LNG,37.71,12.0,288.0,24,407.7394,0.89,Rough,FMS_MARITIME,2026-04-06
2023-01-26,140,LSMGO,68.9,11.7,280.8,24,764.0833,0.99,Moderate,FMS_MARITIME,2026-04-06
2023-01-27,140,LSMGO,35.03,15.4,369.6,24,295.1391,0.59,Moderate,FMS_MARITIME,2026-04-06
2023-01-28,140,LNG,60.82,11.4,273.6,24,692.2276,0.53,Moderate,FMS_MARITIME,2026-04-06
2023-01-28,140,LSMGO,51.24,14.4,345.6,24,461.6938,0.73,Rough,FMS_MARITIME,2026-04-06
2023-01-28,140,LSMGO,16.06,15.5,372.0,24,134.4377,0.61,Moderate,FMS_MARITIME,2026-04-06
2023-01-01,141,VLSFO,37.68,12.8,307.2,24,381.9516,0.83,Moderate,FMS_MARITIME,2026-04-06
2023-01-02,141,LSMGO,64.82,11.9,285.6,24,706.7559,0.96,Rough,FMS_MARITIME,2026-04-06
2023-01-03,141,VLSFO,68.18,10.3,247.2,24,858.8694,0.91,Calm,FMS_MARITIME,2026-04-06
2023-01-04,141,HFO,34.83,17.7,424.8,24,255.3216,0.69,Moderate,FMS_MARITIME,2026-04-06
2023-01-05,141,LNG,33.29,13.5,324.0,24,319.9539,0.75,Moderate,FMS_MARITIME,2026-04-06
2023-01-06,141,MGO,76.23,10.9,261.6,24,907.4167,0.74,Rough,FMS_MARITIME,2026-04-06
2023-01-07,141,HFO,24.0,17.4,417.6,24,178.9655,0.55,Rough,FMS_MARITIME,2026-04-06
2023-01-08,141,VLSFO,79.2,16.9,405.6,24,608.0592,0.5,Calm,FMS_MARITIME,2026-04-06
2023-01-09,141,LSMGO,34.69,11.9,285.6,24,378.2376,0.85,Calm,FMS_MARITIME,2026-04-06
2023-01-10,141,MGO,21.19,16.6,398.4,24,165.6267,0.6,Calm,FMS_MARITIME,2026-04-06
2023-01-11,141,MGO,29.19,16.7,400.8,24,226.7906,0.48,Calm,FMS_MARITIME,2026-04-06
2023-01-12,141,LSMGO,45.62,8.1,194.4,24,730.7648,0.93,Rough,FMS_MARITIME,2026-04-06
2023-01-13,141,LSMGO,50.53,12.6,302.4,24,520.3387,0.8,Calm,FMS_MARITIME,2026-04-06
2023-01-14,141,VLSFO,72.96,15.4,369.6,24,614.7117,0.8,Rough,FMS_MARITIME,2026-04-06
2023-01-15,141,LNG,53.21,11.3,271.2,24,610.9732,0.43,Calm,FMS_MARITIME,2026-04-06
2023-01-16,141,VLSFO,24.15,10.1,242.4,24,310.2438,0.44,Moderate,FMS_MARITIME,2026-04-06
2023-01-17,141,VLSFO,32.08,10.2,244.8,24,408.0765,0.83,Moderate,FMS_MARITIME,2026-04-06
2023-01-18,141,VLSFO,68.31,14.5,348.0,24,611.2567,0.96,Calm,FMS_MARITIME,2026-04-06
2023-01-19,141,LNG,83.73,17.8,427.2,24,610.3353,0.55,Calm,FMS_MARITIME,2026-04-06
2023-01-20,141,HFO,61.04,11.6,278.4,24,682.7534,0.88,Moderate,FMS_MARITIME,2026-04-06
2023-01-21,141,LNG,78.97,14.2,340.8,24,721.5745,0.72,Moderate,FMS_MARITIME,2026-04-06
2023-01-22,141,LSMGO,83.62,17.8,427.2,24,609.5334,0.65,Moderate,FMS_MARITIME,2026-04-06
2023-01-23,141,VLSFO,21.68,17.1,410.4,24,164.5018,0.46,Moderate,FMS_MARITIME,2026-04-06
2023-01-24,141,VLSFO,75.39,15.6,374.4,24,627.0418,0.98,Moderate,FMS_MARITIME,2026-04-06
2023-01-25,141,LNG,70.92,17.9,429.6,24,514.0709,0.63,Moderate,FMS_MARITIME,2026-04-06
2023-01-26,141,HFO,32.18,15.7,376.8,24,265.9462,0.95,Rough,FMS_MARITIME,2026-04-06
2023-01-27,141,VLSFO,51.38,10.8,259.2,24,617.2736,0.66,Calm,FMS_MARITIME,2026-04-06
2023-01-28,141,HFO,43.99,10.4,249.6,24,548.8175,0.93,Moderate,FMS_MARITIME,2026-04-06
2023-01-28,141,VLSFO,18.44,9.4,225.6,24,254.5309,0.44,Rough,FMS_MARITIME,2026-04-06
2023-01-28,141,HFO,48.82,16.3,391.2,24,388.6132,0.98,Rough,FMS_MARITIME,2026-04-06
2023-01-01,142,LSMGO,24.79,11.9,285.6,24,270.2943,0.49,Rough,FMS_MARITIME,2026-04-06
2023-01-02,142,LSMGO,52.18,13.7,328.8,24,494.1865,0.43,Moderate,FMS_MARITIME,2026-04-06
2023-01-03,142,MGO,74.35,11.0,264.0,24,876.992,0.93,Rough,FMS_MARITIME,2026-04-06
2023-01-04,142,LNG,51.47,9.9,237.6,24,674.5689,0.41,Calm,FMS_MARITIME,2026-04-06
2023-01-05,142,VLSFO,47.74,13.6,326.4,24,455.4607,0.6,Moderate,FMS_MARITIME,2026-04-06
2023-01-06,142,HFO,27.83,9.3,223.2,24,388.2734,0.9,Rough,FMS_MARITIME,2026-04-06
2023-01-07,142,MGO,71.14,10.5,252.0,24,879.0871,0.45,Rough,FMS_MARITIME,2026-04-06
2023-01-08,142,LSMGO,22.51,10.5,252.0,24,278.1593,0.69,Moderate,FMS_MARITIME,2026-04-06
2023-01-09,142,LSMGO,38.69,17.0,408.0,24,295.2957,0.66,Moderate,FMS_MARITIME,2026-04-06
2023-01-10,142,VLSFO,67.77,17.5,420.0,24,502.4661,0.96,Rough,FMS_MARITIME,2026-04-06
2023-01-11,142,HFO,28.02,11.9,285.6,24,305.5122,0.56,Moderate,FMS_MARITIME,2026-04-06
2023-01-12,142,LSMGO,71.33,15.4,369.6,24,600.9784,0.87,Rough,FMS_MARITIME,2026-04-06
2023-01-13,142,VLSFO,26.64,15.1,362.4,24,228.9099,0.47,Calm,FMS_MARITIME,2026-04-06
2023-01-14,142,LSMGO,73.1,17.7,424.8,24,535.8602,0.72,Moderate,FMS_MARITIME,2026-04-06
2023-01-15,142,LSMGO,82.06,14.4,345.6,24,739.3948,0.93,Rough,FMS_MARITIME,2026-04-06
2023-01-16,142,VLSFO,77.05,15.9,381.6,24,628.7571,0.44,Rough,FMS_MARITIME,2026-04-06
2023-01-17,142,VLSFO,39.1,10.1,242.4,24,502.2995,0.89,Rough,FMS_MARITIME,2026-04-06
2023-01-18,142,HFO,51.29,12.2,292.8,24,545.4818,0.99,Moderate,FMS_MARITIME,2026-04-06
2023-01-19,142,LNG,61.18,15.9,381.6,24,499.2519,0.58,Calm,FMS_MARITIME,2026-04-06
2023-01-20,142,VLSFO,42.19,12.3,295.2,24,445.053,0.53,Rough,FMS_MARITIME,2026-04-06
2023-01-21,142,LSMGO,69.72,16.5,396.0,24,548.2527,0.53,Moderate,FMS_MARITIME,2026-04-06
2023-01-22,142,LSMGO,67.01,8.4,201.6,24,1035.0652,0.57,Moderate,FMS_MARITIME,2026-04-06
2023-01-23,142,LSMGO,62.68,15.9,381.6,24,511.4925,0.65,Rough,FMS_MARITIME,2026-04-06
2023-01-24,142,HFO,15.84,16.2,388.8,24,126.8667,0.69,Moderate,FMS_MARITIME,2026-04-06
2023-01-25,142,VLSFO,17.19,9.2,220.8,24,242.4351,0.57,Calm,FMS_MARITIME,2026-04-06
2023-01-26,142,LNG,80.87,14.5,348.0,24,723.6471,0.86,Rough,FMS_MARITIME,2026-04-06
2023-01-27,142,LSMGO,62.11,17.5,420.0,24,460.5013,0.61,Calm,FMS_MARITIME,2026-04-06
2023-01-28,142,VLSFO,34.96,10.6,254.4,24,427.9302,0.4,Moderate,FMS_MARITIME,2026-04-06
2023-01-28,142,LSMGO,49.54,15.2,364.8,24,422.8826,0.88,Rough,FMS_MARITIME,2026-04-06
2023-01-28,142,VLSFO,71.12,15.7,376.8,24,587.7592,0.75,Rough,FMS_MARITIME,2026-04-06
2023-01-01,143,LNG,51.61,8.3,199.2,24,806.7949,0.76,Moderate,FMS_MARITIME,2026-04-06
2023-01-02,143,MGO,21.72,16.0,384.0,24,176.1356,0.79,Calm,FMS_MARITIME,2026-04-06
2023-01-03,143,VLSFO,24.34,14.6,350.4,24,216.3092,0.86,Rough,FMS_MARITIME,2026-04-06
2023-01-04,143,MGO,75.79,9.8,235.2,24,1003.4441,0.9,Calm,FMS_MARITIME,2026-04-06
2023-01-05,143,VLSFO,71.16,9.9,237.6,24,932.6273,0.59,Rough,FMS_MARITIME,2026-04-06
2023-01-06,143,HFO,58.37,12.1,290.4,24,625.9097,0.72,Moderate,FMS_MARITIME,2026-04-06
2023-01-07,143,MGO,45.74,12.8,307.2,24,463.6535,0.73,Calm,FMS_MARITIME,2026-04-06
2023-01-08,143,HFO,29.66,17.8,427.2,24,216.2014,0.73,Rough,FMS_MARITIME,2026-04-06
2023-01-09,143,LSMGO,34.91,13.7,328.8,24,330.6257,0.91,Moderate,FMS_MARITIME,2026-04-06
2023-01-10,143,LSMGO,16.21,12.0,288.0,24,175.2706,0.61,Moderate,FMS_MARITIME,2026-04-06
2023-01-11,143,HFO,33.2,11.3,271.2,24,381.2124,0.58,Rough,FMS_MARITIME,2026-04-06
2023-01-12,143,HFO,19.6,11.1,266.4,24,229.1081,0.68,Moderate,FMS_MARITIME,2026-04-06
2023-01-13,143,LNG,30.54,15.8,379.2,24,250.7953,0.6,Moderate,FMS_MARITIME,2026-04-06
2023-01-14,143,VLSFO,18.28,14.7,352.8,24,161.349,0.66,Rough,FMS_MARITIME,2026-04-06
2023-01-15,143,VLSFO,39.97,17.9,429.6,24,289.7267,0.51,Calm,FMS_MARITIME,2026-04-06
2023-01-16,143,LNG,49.39,11.2,268.8,24,572.1743,0.88,Rough,FMS_MARITIME,2026-04-06
2023-01-17,143,HFO,48.45,15.5,372.0,24,405.5734,0.57,Calm,FMS_MARITIME,2026-04-06
2023-01-18,143,MGO,74.58,17.8,427.2,24,543.6379,0.62,Moderate,FMS_MARITIME,2026-04-06
2023-01-19,143,VLSFO,49.65,11.2,268.8,24,575.1864,0.62,Moderate,FMS_MARITIME,2026-04-06
2023-01-20,143,HFO,53.28,10.9,261.6,24,634.2275,0.57,Moderate,FMS_MARITIME,2026-04-06
2023-01-21,143,HFO,17.08,10.7,256.8,24,207.115,0.6,Moderate,FMS_MARITIME,2026-04-06
2023-01-22,143,MGO,54.33,14.4,345.6,24,489.5359,0.83,Rough,FMS_MARITIME,2026-04-06
2023-01-23,143,LNG,64.9,10.5,252.0,24,801.9786,0.9,Calm,FMS_MARITIME,2026-04-06
2023-01-24,143,MGO,56.34,12.9,309.6,24,566.6756,0.56,Calm,FMS_MARITIME,2026-04-06
2023-01-25,143,MGO,43.65,12.0,288.0,24,471.9656,0.57,Calm,FMS_MARITIME,2026-04-06
2023-01-26,143,VLSFO,81.42,9.6,230.4,24,1100.4422,0.96,Moderate,FMS_MARITIME,2026-04-06
2023-01-27,143,LSMGO,30.9,13.2,316.8,24,303.733,0.55,Calm,FMS_MARITIME,2026-04-06
2023-01-28,143,LNG,74.81,8.8,211.2,24,1103.0224,0.52,Rough,FMS_MARITIME,2026-04-06
2023-01-28,143,LNG,35.63,11.6,278.4,24,398.5338,0.74,Calm,FMS_MARITIME,2026-04-06
2023-01-28,143,HFO,37.05,10.9,261.6,24,441.031,0.41,Calm,FMS_MARITIME,2026-04-06
2023-01-01,144,LSMGO,73.61,10.8,259.2,24,884.3424,0.7,Calm,FMS_MARITIME,2026-04-06
2023-01-02,144,VLSFO,75.35,8.9,213.6,24,1098.5014,0.72,Moderate,FMS_MARITIME,2026-04-06
2023-01-03,144,LSMGO,25.87,17.0,408.0,24,197.449,0.81,Moderate,FMS_MARITIME,2026-04-06
2023-01-04,144,LSMGO,56.27,9.0,216.0,24,811.2258,0.99,Rough,FMS_MARITIME,2026-04-06
2023-01-05,144,VLSFO,58.98,8.8,211.2,24,869.6199,0.5,Rough,FMS_MARITIME,2026-04-06
2023-01-06,144,HFO,36.03,17.5,420.0,24,267.1367,0.61,Calm,FMS_MARITIME,2026-04-06
2023-01-07,144,MGO,80.37,17.0,408.0,24,613.4122,0.98,Rough,FMS_MARITIME,2026-04-06
2023-01-08,144,VLSFO,29.16,14.6,350.4,24,259.1445,0.99,Moderate,FMS_MARITIME,2026-04-06
2023-01-09,144,LNG,22.97,10.9,261.6,24,273.4273,0.44,Calm,FMS_MARITIME,2026-04-06
2023-01-10,144,LSMGO,24.11,13.6,326.4,24,230.02,0.66,Calm,FMS_MARITIME,2026-04-06
2023-01-11,144,LSMGO,20.01,14.9,357.6,24,174.2482,0.99,Moderate,FMS_MARITIME,2026-04-06
2023-01-12,144,LSMGO,20.97,16.7,400.8,24,162.9256,0.73,Calm,FMS_MARITIME,2026-04-06
2023-01-13,144,MGO,20.15,17.9,429.6,24,146.0594,0.96,Moderate,FMS_MARITIME,2026-04-06
2023-01-14,144,MGO,84.86,12.7,304.8,24,866.9752,0.49,Calm,FMS_MARITIME,2026-04-06
2023-01-15,144,HFO,52.69,10.7,256.8,24,638.9278,0.43,Rough,FMS_MARITIME,2026-04-06
2023-01-16,144,VLSFO,68.3,12.3,295.2,24,720.4817,0.75,Moderate,FMS_MARITIME,2026-04-06
2023-01-17,144,HFO,56.52,13.3,319.2,24,551.3887,0.93,Rough,FMS_MARITIME,2026-04-06
2023-01-18,144,LNG,41.48,14.9,357.6,24,361.2101,0.93,Rough,FMS_MARITIME,2026-04-06
2023-01-19,144,LNG,34.13,17.3,415.2,24,255.975,0.71,Calm,FMS_MARITIME,2026-04-06
2023-01-20,144,MGO,39.37,17.2,412.8,24,296.9917,0.55,Moderate,FMS_MARITIME,2026-04-06
2023-01-21,144,HFO,15.61,14.8,355.2,24,136.8512,0.83,Calm,FMS_MARITIME,2026-04-06
2023-01-22,144,MGO,31.21,8.1,194.4,24,499.938,0.94,Rough,FMS_MARITIME,2026-04-06
2023-01-23,144,MGO,53.91,16.4,393.6,24,426.5136,0.41,Calm,FMS_MARITIME,2026-04-06
2023-01-24,144,LNG,55.04,16.3,391.2,24,438.1252,0.42,Calm,FMS_MARITIME,2026-04-06
2023-01-25,144,MGO,68.94,9.6,230.4,24,931.7672,0.52,Rough,FMS_MARITIME,2026-04-06
2023-01-26,144,LSMGO,38.39,17.8,427.2,24,279.8372,0.66,Moderate,FMS_MARITIME,2026-04-06
2023-01-27,144,LNG,48.84,16.6,398.4,24,381.7464,0.52,Calm,FMS_MARITIME,2026-04-06
2023-01-28,144,MGO,55.08,13.2,316.8,24,541.4114,0.59,Rough,FMS_MARITIME,2026-04-06
2023-01-28,144,VLSFO,58.61,8.3,199.2,24,916.2226,0.79,Calm,FMS_MARITIME,2026-04-06
2023-01-28,144,LSMGO,39.87,14.4,345.6,24,359.2453,0.46,Moderate,FMS_MARITIME,2026-04-06
2023-01-01,145,HFO,52.04,14.4,345.6,24,468.9021,0.95,Moderate,FMS_MARITIME,2026-04-06
2023-01-02,145,VLSFO,21.99,13.0,312.0,24,219.4771,0.99,Moderate,FMS_MARITIME,2026-04-06
2023-01-03,145,HFO,69.88,13.4,321.6,24,676.6366,0.86,Rough,FMS_MARITIME,2026-04-06
2023-01-04,145,LNG,66.25,13.3,319.2,24,646.3111,0.42,Moderate,FMS_MARITIME,2026-04-06
2023-01-05,145,HFO,71.39,8.6,206.4,24,1077.0759,0.57,Moderate,FMS_MARITIME,2026-04-06
2023-01-06,145,LSMGO,39.3,13.8,331.2,24,369.5054,0.72,Rough,FMS_MARITIME,2026-04-06
2023-01-07,145,LSMGO,80.0,8.8,211.2,24,1179.5455,0.66,Rough,FMS_MARITIME,2026-04-06
2023-01-08,145,VLSFO,69.82,10.1,242.4,24,896.945,0.42,Calm,FMS_MARITIME,2026-04-06
2023-01-09,145,VLSFO,51.19,14.2,340.8,24,467.7396,0.67,Moderate,FMS_MARITIME,2026-04-06
2023-01-10,145,HFO,18.63,10.2,244.8,24,236.9846,0.42,Rough,FMS_MARITIME,2026-04-06
2023-01-11,145,LSMGO,16.3,15.1,362.4,24,140.0613,0.98,Rough,FMS_MARITIME,2026-04-06
2023-01-12,145,LSMGO,59.33,10.6,254.4,24,726.2328,0.56,Rough,FMS_MARITIME,2026-04-06
2023-01-13,145,LSMGO,64.43,12.7,304.8,24,658.2514,0.63,Calm,FMS_MARITIME,2026-04-06
2023-01-14,145,VLSFO,57.26,8.9,213.6,24,834.7736,0.59,Calm,FMS_MARITIME,2026-04-06
2023-01-15,145,LNG,34.89,11.0,264.0,24,411.5434,0.96,Calm,FMS_MARITIME,2026-04-06
2023-01-16,145,VLSFO,84.95,12.5,300.0,24,881.781,0.85,Moderate,FMS_MARITIME,2026-04-06
2023-01-17,145,MGO,31.8,9.8,235.2,24,421.0255,0.87,Moderate,FMS_MARITIME,2026-04-06
2023-01-18,145,LSMGO,67.07,13.5,324.0,24,644.6172,0.45,Rough,FMS_MARITIME,2026-04-06
2023-01-19,145,VLSFO,72.31,17.8,427.2,24,527.0912,0.91,Moderate,FMS_MARITIME,2026-04-06
2023-01-20,145,VLSFO,19.33,8.4,201.6,24,298.5795,0.56,Moderate,FMS_MARITIME,2026-04-06
2023-01-21,145,LSMGO,78.28,11.6,278.4,24,875.5888,0.59,Rough,FMS_MARITIME,2026-04-06
2023-01-22,145,VLSFO,39.04,12.3,295.2,24,411.8244,0.71,Calm,FMS_MARITIME,2026-04-06
2023-01-23,145,LNG,68.53,8.6,206.4,24,1033.9265,0.41,Rough,FMS_MARITIME,2026-04-06
2023-01-24,145,LNG,47.69,15.6,374.4,24,396.6524,0.81,Moderate,FMS_MARITIME,2026-04-06
2023-01-25,145,MGO,55.56,9.0,216.0,24,800.99,0.75,Moderate,FMS_MARITIME,2026-04-06
2023-01-26,145,LSMGO,30.14,11.4,273.6,24,343.0408,0.9,Moderate,FMS_MARITIME,2026-04-06
2023-01-27,145,LSMGO,33.63,17.0,408.0,24,256.676,0.99,Moderate,FMS_MARITIME,2026-04-06
2023-01-28,145,LSMGO,32.71,17.1,410.4,24,248.1943,0.96,Rough,FMS_MARITIME,2026-04-06
2023-01-28,145,MGO,35.11,17.4,417.6,24,261.8116,0.97,Moderate,FMS_MARITIME,2026-04-06
2023-01-28,145,LSMGO,21.56,15.2,364.8,24,184.0401,0.8,Moderate,FMS_MARITIME,2026-04-06
2023-01-01,146,LSMGO,16.34,15.5,372.0,24,136.7816,0.66,Calm,FMS_MARITIME,2026-04-06
2023-01-02,146,LSMGO,67.71,15.9,381.6,24,552.5392,0.51,Calm,FMS_MARITIME,2026-04-06
2023-01-03,146,LNG,58.31,9.9,237.6,24,764.2144,0.96,Calm,FMS_MARITIME,2026-04-06
2023-01-04,146,VLSFO,33.84,15.4,369.6,24,285.113,0.99,Calm,FMS_MARITIME,2026-04-06
2023-01-05,146,LNG,37.35,17.7,424.8,24,273.7945,0.94,Calm,FMS_MARITIME,2026-04-06
2023-01-06,146,MGO,61.47,12.4,297.6,24,643.2042,0.54,Calm,FMS_MARITIME,2026-04-06
2023-01-07,146,HFO,50.77,13.9,333.6,24,473.9142,0.48,Moderate,FMS_MARITIME,2026-04-06
2023-01-08,146,LSMGO,51.52,10.7,256.8,24,624.7402,0.68,Calm,FMS_MARITIME,2026-04-06
2023-01-09,146,HFO,58.69,9.6,230.4,24,793.232,0.99,Moderate,FMS_MARITIME,2026-04-06
2023-01-10,146,VLSFO,81.73,17.2,412.8,24,616.5388,0.7,Calm,FMS_MARITIME,2026-04-06
2023-01-11,146,MGO,58.86,8.7,208.8,24,877.8259,0.87,Moderate,FMS_MARITIME,2026-04-06
2023-01-12,146,HFO,39.57,8.1,194.4,24,633.8528,0.72,Rough,FMS_MARITIME,2026-04-06
2023-01-13,146,LNG,48.02,9.4,225.6,24,662.8293,0.58,Calm,FMS_MARITIME,2026-04-06
2023-01-14,146,LNG,24.11,8.1,194.4,24,386.2065,0.73,Moderate,FMS_MARITIME,2026-04-06
2023-01-15,146,VLSFO,72.63,10.4,249.6,24,906.1291,0.73,Calm,FMS_MARITIME,2026-04-06
2023-01-16,146,HFO,65.62,16.1,386.4,24,528.832,0.67,Rough,FMS_MARITIME,2026-04-06
2023-01-17,146,LSMGO,66.77,16.5,396.0,24,525.055,0.56,Calm,FMS_MARITIME,2026-04-06
2023-01-18,146,VLSFO,21.66,11.7,280.8,24,240.2038,1.0,Moderate,FMS_MARITIME,2026-04-06
2023-01-19,146,LNG,60.59,10.1,242.4,24,778.3715,0.65,Moderate,FMS_MARITIME,2026-04-06
2023-01-20,146,LNG,57.57,16.9,405.6,24,441.9945,0.71,Rough,FMS_MARITIME,2026-04-06
2023-01-21,146,LSMGO,60.21,14.7,352.8,24,531.4454,0.94,Calm,FMS_MARITIME,2026-04-06
2023-01-22,146,LNG,61.79,13.0,312.0,24,616.7117,0.84,Rough,FMS_MARITIME,2026-04-06
2023-01-23,146,VLSFO,15.52,10.0,240.0,24,201.372,0.56,Moderate,FMS_MARITIME,2026-04-06
2023-01-24,146,LSMGO,79.47,9.7,232.8,24,1063.0137,0.88,Calm,FMS_MARITIME,2026-04-06
2023-01-25,146,VLSFO,25.19,16.0,384.0,24,204.2752,0.5,Rough,FMS_MARITIME,2026-04-06
2023-01-26,146,HFO,80.07,13.0,312.0,24,799.1602,0.9,Rough,FMS_MARITIME,2026-04-06
2023-01-27,146,HFO,47.07,12.9,309.6,24,473.4366,0.65,Calm,FMS_MARITIME,2026-04-06
2023-01-28,146,HFO,68.46,13.0,312.0,24,683.2835,0.5,Calm,FMS_MARITIME,2026-04-06
2023-01-28,146,VLSFO,31.38,12.9,309.6,24,315.6244,0.46,Moderate,FMS_MARITIME,2026-04-06
2023-01-28,146,LNG,48.57,9.3,223.2,24,677.6298,0.88,Rough,FMS_MARITIME,2026-04-06
2023-01-01,147,MGO,30.13,12.6,302.4,24,310.2673,0.57,Calm,FMS_MARITIME,2026-04-06
2023-01-02,147,LNG,51.71,12.6,302.4,24,532.4899,0.43,Moderate,FMS_MARITIME,2026-04-06
2023-01-03,147,HFO,54.88,16.4,393.6,24,434.1878,0.51,Calm,FMS_MARITIME,2026-04-06
2023-01-04,147,VLSFO,61.36,11.6,278.4,24,686.3328,0.43,Calm,FMS_MARITIME,2026-04-06
2023-01-05,147,LNG,56.23,16.1,386.4,24,453.1579,0.49,Calm,FMS_MARITIME,2026-04-06
2023-01-06,147,VLSFO,52.39,13.2,316.8,24,514.9699,0.63,Moderate,FMS_MARITIME,2026-04-06
2023-01-07,147,LSMGO,24.17,15.1,362.4,24,207.6859,0.91,Calm,FMS_MARITIME,2026-04-06
2023-01-08,147,MGO,44.56,8.3,199.2,24,696.5855,0.49,Moderate,FMS_MARITIME,2026-04-06
2023-01-09,147,LNG,35.4,13.9,333.6,24,330.4424,0.82,Moderate,FMS_MARITIME,2026-04-06
2023-01-10,147,LSMGO,70.1,15.5,372.0,24,586.8048,0.87,Calm,FMS_MARITIME,2026-04-06
2023-01-11,147,MGO,29.97,14.8,355.2,24,262.7437,0.84,Moderate,FMS_MARITIME,2026-04-06
2023-01-12,147,VLSFO,40.65,8.9,213.6,24,592.6222,0.78,Moderate,FMS_MARITIME,2026-04-06
2023-01-13,147,MGO,44.69,14.1,338.4,24,411.2431,0.85,Moderate,FMS_MARITIME,2026-04-06
2023-01-14,147,LNG,46.88,8.9,213.6,24,683.4472,0.56,Rough,FMS_MARITIME,2026-04-06
2023-01-15,147,HFO,20.87,13.0,312.0,24,208.2987,0.75,Rough,FMS_MARITIME,2026-04-06
2023-01-16,147,MGO,45.45,16.9,405.6,24,348.943,0.73,Moderate,FMS_MARITIME,2026-04-06
2023-01-17,147,HFO,38.35,8.6,206.4,24,578.5945,0.43,Rough,FMS_MARITIME,2026-04-06
2023-01-18,147,MGO,20.26,8.1,194.4,24,324.5352,0.52,Calm,FMS_MARITIME,2026-04-06
2023-01-19,147,VLSFO,55.8,14.3,343.2,24,506.2972,0.89,Rough,FMS_MARITIME,2026-04-06
2023-01-20,147,VLSFO,62.73,8.8,211.2,24,924.9111,0.47,Calm,FMS_MARITIME,2026-04-06
2023-01-21,147,MGO,47.35,13.4,321.6,24,458.4823,0.69,Rough,FMS_MARITIME,2026-04-06
2023-01-22,147,LSMGO,51.47,17.1,410.4,24,390.5399,0.5,Rough,FMS_MARITIME,2026-04-06
2023-01-23,147,LNG,23.33,8.4,201.6,24,360.3652,0.79,Moderate,FMS_MARITIME,2026-04-06
2023-01-24,147,HFO,50.39,15.3,367.2,24,427.327,0.48,Rough,FMS_MARITIME,2026-04-06
2023-01-25,147,MGO,46.17,11.2,268.8,24,534.8712,0.78,Rough,FMS_MARITIME,2026-04-06
2023-01-26,147,VLSFO,61.92,12.6,302.4,24,637.6286,0.54,Moderate,FMS_MARITIME,2026-04-06
2023-01-27,147,LSMGO,24.04,9.3,223.2,24,335.3968,0.88,Rough,FMS_MARITIME,2026-04-06
2023-01-28,147,LSMGO,69.54,11.1,266.4,24,812.8662,0.8,Rough,FMS_MARITIME,2026-04-06
2023-01-28,147,MGO,37.47,17.4,417.6,24,279.4099,0.83,Rough,FMS_MARITIME,2026-04-06
2023-01-28,147,LNG,20.91,8.7,208.8,24,311.8474,0.42,Calm,FMS_MARITIME,2026-04-06
2023-01-01,148,LNG,67.05,10.6,254.4,24,820.73,0.44,Rough,FMS_MARITIME,2026-04-06
2023-01-02,148,LNG,75.81,15.0,360.0,24,655.7565,0.97,Calm,FMS_MARITIME,2026-04-06
2023-01-03,148,VLSFO,59.62,15.1,362.4,24,512.2977,0.89,Calm,FMS_MARITIME,2026-04-06
2023-01-04,148,HFO,52.69,13.6,326.4,24,502.6858,0.45,Moderate,FMS_MARITIME,2026-04-06
2023-01-05,148,LNG,35.55,17.7,424.8,24,260.5996,0.92,Calm,FMS_MARITIME,2026-04-06
2023-01-06,148,VLSFO,18.51,9.6,230.4,24,250.1742,0.51,Calm,FMS_MARITIME,2026-04-06
2023-01-07,148,LSMGO,18.01,14.2,340.8,24,164.5632,0.49,Moderate,FMS_MARITIME,2026-04-06
2023-01-08,148,LSMGO,15.22,9.9,237.6,24,199.4742,0.48,Calm,FMS_MARITIME,2026-04-06
2023-01-09,148,HFO,25.12,9.5,228.0,24,343.0863,0.6,Calm,FMS_MARITIME,2026-04-06
2023-01-10,148,LSMGO,67.73,11.5,276.0,24,764.1711,0.52,Rough,FMS_MARITIME,2026-04-06
2023-01-11,148,HFO,80.1,14.4,345.6,24,721.7344,0.53,Calm,FMS_MARITIME,2026-04-06
2023-01-12,148,MGO,58.66,13.5,324.0,24,563.7878,0.71,Calm,FMS_MARITIME,2026-04-06
2023-01-13,148,VLSFO,40.01,16.8,403.2,24,309.0058,0.82,Moderate,FMS_MARITIME,2026-04-06
2023-01-14,148,MGO,63.44,16.1,386.4,24,511.2634,0.53,Rough,FMS_MARITIME,2026-04-06
2023-01-15,148,LSMGO,81.61,12.5,300.0,24,847.1118,0.58,Rough,FMS_MARITIME,2026-04-06
2023-01-16,148,LNG,70.03,11.1,266.4,24,818.5939,0.97,Moderate,FMS_MARITIME,2026-04-06
2023-01-17,148,MGO,35.81,13.6,326.4,24,341.6432,0.85,Calm,FMS_MARITIME,2026-04-06
2023-01-18,148,HFO,37.9,14.7,352.8,24,334.5255,0.86,Rough,FMS_MARITIME,2026-04-06
2023-01-19,148,LSMGO,20.2,17.3,415.2,24,151.5,0.9,Rough,FMS_MARITIME,2026-04-06
2023-01-20,148,MGO,84.26,17.9,429.6,24,610.7673,0.54,Rough,FMS_MARITIME,2026-04-06
2023-01-21,148,VLSFO,58.73,15.2,364.8,24,501.3301,0.56,Moderate,FMS_MARITIME,2026-04-06
2023-01-22,148,HFO,74.24,12.2,292.8,24,789.5607,0.67,Moderate,FMS_MARITIME,2026-04-06
2023-01-23,148,HFO,24.69,8.5,204.0,24,376.8856,0.67,Rough,FMS_MARITIME,2026-04-06
2023-01-24,148,VLSFO,17.23,15.9,381.6,24,140.6033,0.72,Rough,FMS_MARITIME,2026-04-06
2023-01-25,148,VLSFO,31.03,8.2,196.8,24,490.993,0.89,Calm,FMS_MARITIME,2026-04-06
2023-01-26,148,HFO,53.03,16.8,403.2,24,409.5621,0.89,Calm,FMS_MARITIME,2026-04-06
2023-01-27,148,VLSFO,64.67,11.7,280.8,24,717.1737,0.55,Calm,FMS_MARITIME,2026-04-06
2023-01-28,148,VLSFO,31.13,16.4,393.6,24,246.2877,0.85,Calm,FMS_MARITIME,2026-04-06
2023-01-28,148,LSMGO,72.35,13.4,321.6,24,700.5532,0.88,Rough,FMS_MARITIME,2026-04-06
2023-01-28,148,MGO,34.54,10.3,247.2,24,435.1034,1.0,Rough,FMS_MARITIME,2026-04-06
2023-01-01,149,HFO,53.34,13.7,328.8,24,505.1726,0.96,Calm,FMS_MARITIME,2026-04-06
2023-01-02,149,MGO,19.77,17.1,410.4,24,150.0092,0.94,Rough,FMS_MARITIME,2026-04-06
2023-01-03,149,HFO,77.14,14.8,355.2,24,676.278,0.44,Calm,FMS_MARITIME,2026-04-06
2023-01-04,149,LNG,41.82,9.8,235.2,24,553.6883,0.76,Rough,FMS_MARITIME,2026-04-06
2023-01-05,149,VLSFO,58.31,9.1,218.4,24,831.3981,0.81,Calm,FMS_MARITIME,2026-04-06
2023-01-06,149,HFO,38.35,14.4,345.6,24,345.5495,0.64,Rough,FMS_MARITIME,2026-04-06
2023-01-07,149,VLSFO,29.29,12.6,302.4,24,301.6173,0.5,Calm,FMS_MARITIME,2026-04-06
2023-01-08,149,LSMGO,82.18,10.9,261.6,24,978.2436,0.45,Calm,FMS_MARITIME,2026-04-06
2023-01-09,149,LNG,43.06,9.9,237.6,24,564.347,0.64,Rough,FMS_MARITIME,2026-04-06
2023-01-10,149,VLSFO,81.93,14.5,348.0,24,733.1322,0.85,Calm,FMS_MARITIME,2026-04-06
2023-01-11,149,LSMGO,74.54,9.5,228.0,24,1018.0595,0.76,Rough,FMS_MARITIME,2026-04-06
2023-01-12,149,MGO,51.16,14.6,350.4,24,454.6582,0.96,Calm,FMS_MARITIME,2026-04-06
2023-01-13,149,VLSFO,64.17,14.9,357.6,24,558.7958,0.82,Calm,FMS_MARITIME,2026-04-06
2023-01-14,149,MGO,18.89,13.0,312.0,24,188.5367,0.71,Moderate,FMS_MARITIME,2026-04-06
2023-01-15,149,MGO,29.27,10.1,242.4,24,376.0181,0.67,Rough,FMS_MARITIME,2026-04-06
2023-01-16,149,HFO,59.72,17.3,415.2,24,447.9,0.96,Calm,FMS_MARITIME,2026-04-06
2023-01-17,149,VLSFO,39.49,14.3,343.2,24,358.3096,0.58,Moderate,FMS_MARITIME,2026-04-06
2023-01-18,149,MGO,84.59,10.4,249.6,24,1055.3416,0.92,Moderate,FMS_MARITIME,2026-04-06
2023-01-19,149,HFO,65.39,8.1,194.4,24,1047.4509,0.48,Moderate,FMS_MARITIME,2026-04-06
2023-01-20,149,LNG,70.05,8.3,199.2,24,1095.0587,0.64,Calm,FMS_MARITIME,2026-04-06
2023-01-21,149,HFO,78.73,12.5,300.0,24,817.2174,0.44,Calm,FMS_MARITIME,2026-04-06
2023-01-22,149,LSMGO,47.26,9.0,216.0,24,681.3317,0.53,Calm,FMS_MARITIME,2026-04-06
2023-01-23,149,LNG,23.52,12.9,309.6,24,236.5674,0.66,Moderate,FMS_MARITIME,2026-04-06
2023-01-24,149,VLSFO,27.68,12.4,297.6,24,289.6355,0.85,Calm,FMS_MARITIME,2026-04-06
2023-01-25,149,LNG,16.52,11.8,283.2,24,181.65,0.45,Rough,FMS_MARITIME,2026-04-06
2023-01-26,149,LSMGO,82.61,9.1,218.4,24,1177.8734,0.48,Rough,FMS_MARITIME,2026-04-06
2023-01-27,149,LNG,49.59,13.3,319.2,24,483.7821,0.44,Calm,FMS_MARITIME,2026-04-06
2023-01-28,149,MGO,39.68,14.8,355.2,24,347.8703,0.94,Moderate,FMS_MARITIME,2026-04-06
2023-01-28,149,MGO,59.01,8.7,208.8,24,880.0629,0.68,Moderate,FMS_MARITIME,2026-04-06
2023-01-28,149,LNG,73.57,9.8,235.2,24,974.0518,0.86,Calm,FMS_MARITIME,2026-04-06
2023-01-01,150,LNG,31.24,16.9,405.6,24,239.8456,0.81,Rough,FMS_MARITIME,2026-04-06
2023-01-02,150,LNG,63.89,16.1,386.4,24,514.8899,0.92,Rough,FMS_MARITIME,2026-04-06
2023-01-03,150,LSMGO,38.06,16.8,403.2,24,293.9455,0.89,Rough,FMS_MARITIME,2026-04-06
2023-01-04,150,LNG,65.62,10.7,256.8,24,795.7192,0.8,Moderate,FMS_MARITIME,2026-04-06
2023-01-05,150,LNG,29.12,9.7,232.8,24,389.5175,0.5,Calm,FMS_MARITIME,2026-04-06
2023-01-06,150,LNG,80.07,12.4,297.6,24,837.8292,0.52,Rough,FMS_MARITIME,2026-04-06
2023-01-07,150,MGO,39.66,11.8,283.2,24,436.0919,0.78,Calm,FMS_MARITIME,2026-04-06
2023-01-08,150,LNG,71.37,9.9,237.6,24,935.3795,0.47,Calm,FMS_MARITIME,2026-04-06
2023-01-09,150,HFO,37.24,12.5,300.0,24,386.5512,0.57,Calm,FMS_MARITIME,2026-04-06
2023-01-10,150,HFO,50.23,11.2,268.8,24,581.9056,0.44,Moderate,FMS_MARITIME,2026-04-06
2023-01-11,150,LNG,76.57,14.0,336.0,24,709.6398,0.51,Rough,FMS_MARITIME,2026-04-06
2023-01-12,150,HFO,41.63,9.5,228.0,24,568.5782,0.74,Moderate,FMS_MARITIME,2026-04-06
2023-01-13,150,VLSFO,52.07,18.0,432.0,24,375.3379,0.71,Moderate,FMS_MARITIME,2026-04-06
2023-01-14,150,HFO,20.03,13.1,314.4,24,198.3887,0.65,Rough,FMS_MARITIME,2026-04-06
2023-01-15,150,LSMGO,79.02,15.7,376.8,24,653.0475,0.96,Calm,FMS_MARITIME,2026-04-06
2023-01-16,150,LSMGO,34.61,10.7,256.8,24,419.6867,0.79,Calm,FMS_MARITIME,2026-04-06
2023-01-17,150,VLSFO,63.71,15.5,372.0,24,533.3144,0.62,Rough,FMS_MARITIME,2026-04-06
2023-01-18,150,MGO,16.81,16.8,403.2,24,129.8272,0.71,Rough,FMS_MARITIME,2026-04-06
2023-01-19,150,MGO,38.44,8.0,192.0,24,623.4487,0.44,Calm,FMS_MARITIME,2026-04-06
2023-01-20,150,MGO,22.47,13.8,331.2,24,211.2668,0.43,Rough,FMS_MARITIME,2026-04-06
2023-01-21,150,VLSFO,80.45,11.7,280.8,24,892.1699,0.93,Calm,FMS_MARITIME,2026-04-06
2023-01-22,150,VLSFO,82.52,10.8,259.2,24,991.3861,0.91,Moderate,FMS_MARITIME,2026-04-06
2023-01-23,150,VLSFO,52.61,10.9,261.6,24,626.2521,0.87,Rough,FMS_MARITIME,2026-04-06
2023-01-24,150,HFO,26.66,17.7,424.8,24,195.4314,0.77,Calm,FMS_MARITIME,2026-04-06
2023-01-25,150,MGO,24.3,13.0,312.0,24,242.5327,0.87,Rough,FMS_MARITIME,2026-04-06
2023-01-26,150,LNG,62.46,10.1,242.4,24,802.3946,0.45,Moderate,FMS_MARITIME,2026-04-06
2023-01-27,150,LSMGO,73.43,8.7,208.8,24,1095.1198,0.64,Rough,FMS_MARITIME,2026-04-06
2023-01-28,150,MGO,34.64,12.3,295.2,24,365.4098,0.65,Moderate,FMS_MARITIME,2026-04-06
2023-01-28,150,LSMGO,69.31,17.2,412.8,24,522.8472,0.51,Calm,FMS_MARITIME,2026-04-06
2023-01-28,150,LNG,31.83,9.8,235.2,24,421.4227,0.54,Moderate,FMS_MARITIME,2026-04-06
