log_date,vessel_id,fuel_grade,consumption_mt,speed_knots,distance_nm,running_hours,eeoi,load_factor,sea_condition,source_system,ingestion_date
2022-06-01,1,LNG,18.03,15.3,367.2,24,152.9015,0.59,Calm,FMS_MARITIME,2026-04-06
2022-06-02,1,HFO,66.03,18.0,432.0,24,475.9662,0.89,Calm,FMS_MARITIME,2026-04-06
2022-06-03,1,LSMGO,57.22,11.2,268.8,24,662.8835,0.86,Rough,FMS_MARITIME,2026-04-06
2022-06-04,1,VLSFO,16.04,11.0,264.0,24,189.1991,0.53,Moderate,FMS_MARITIME,2026-04-06
2022-06-05,1,LSMGO,66.11,16.7,400.8,24,513.6391,0.44,Calm,FMS_MARITIME,2026-04-06
2022-06-06,1,VLSFO,38.05,14.4,345.6,24,342.8464,0.94,Rough,FMS_MARITIME,2026-04-06
2022-06-07,1,VLSFO,23.34,15.2,364.8,24,199.2345,0.58,Calm,FMS_MARITIME,2026-04-06
2022-06-08,1,VLSFO,56.03,14.5,348.0,24,501.3719,0.55,Rough,FMS_MARITIME,2026-04-06
2022-06-09,1,MGO,55.17,14.0,336.0,24,511.3077,0.86,Calm,FMS_MARITIME,2026-04-06
2022-06-10,1,MGO,51.18,16.6,398.4,24,400.0364,0.55,Calm,FMS_MARITIME,2026-04-06
2022-06-11,1,VLSFO,62.4,9.5,228.0,24,852.2526,0.55,Calm,FMS_MARITIME,2026-04-06
2022-06-12,1,MGO,58.84,10.2,244.8,24,748.4794,0.69,Rough,FMS_MARITIME,2026-04-06
2022-06-13,1,VLSFO,19.35,11.1,266.4,24,226.1858,0.87,Calm,FMS_MARITIME,2026-04-06
2022-06-14,1,HFO,30.86,11.9,285.6,24,336.4777,0.91,Calm,FMS_MARITIME,2026-04-06
2022-06-15,1,LNG,58.0,9.2,220.8,24,817.9891,0.51,Calm,FMS_MARITIME,2026-04-06
2022-06-16,1,MGO,21.33,15.2,364.8,24,182.0768,0.51,Rough,FMS_MARITIME,2026-04-06
2022-06-17,1,LSMGO,74.98,11.8,283.2,24,824.4623,0.44,Rough,FMS_MARITIME,2026-04-06
2022-06-18,1,LSMGO,65.18,16.0,384.0,24,528.5691,0.94,Calm,FMS_MARITIME,2026-04-06
2022-06-19,1,VLSFO,15.07,10.3,247.2,24,189.8381,0.8,Calm,FMS_MARITIME,2026-04-06
2022-06-20,1,MGO,22.89,13.1,314.4,24,226.7158,0.96,Calm,FMS_MARITIME,2026-04-06
2022-06-21,1,MGO,41.47,11.3,271.2,24,476.171,0.58,Rough,FMS_MARITIME,2026-04-06
2022-06-22,1,LNG,66.03,10.7,256.8,24,800.6909,0.85,Moderate,FMS_MARITIME,2026-04-06
2022-06-23,1,LSMGO,18.01,9.0,216.0,24,259.6442,0.72,Calm,FMS_MARITIME,2026-04-06
2022-06-24,1,LNG,37.33,10.8,259.2,24,448.4785,0.63,Moderate,FMS_MARITIME,2026-04-06
2022-06-25,1,HFO,76.28,12.6,302.4,24,785.5024,0.53,Calm,FMS_MARITIME,2026-04-06
2022-06-26,1,MGO,17.97,11.0,264.0,24,211.9643,0.67,Moderate,FMS_MARITIME,2026-04-06
2022-06-27,1,VLSFO,24.6,16.7,400.8,24,191.1287,0.65,Rough,FMS_MARITIME,2026-04-06
2022-06-28,1,LSMGO,53.48,11.3,271.2,24,614.0735,0.7,Moderate,FMS_MARITIME,2026-04-06
2022-06-28,1,MGO,29.2,10.5,252.0,24,360.8286,0.75,Calm,FMS_MARITIME,2026-04-06
2022-06-28,1,HFO,41.74,11.3,271.2,24,479.2712,0.74,Moderate,FMS_MARITIME,2026-04-06
2022-06-01,2,VLSFO,40.75,8.9,213.6,24,594.0801,0.92,Rough,FMS_MARITIME,2026-04-06
2022-06-02,2,LNG,58.2,9.5,228.0,24,794.8895,0.75,Moderate,FMS_MARITIME,2026-04-06
2022-06-03,2,LNG,18.75,14.0,336.0,24,173.7723,0.61,Moderate,FMS_MARITIME,2026-04-06
2022-06-04,2,LNG,38.86,10.1,242.4,24,499.2163,0.49,Calm,FMS_MARITIME,2026-04-06
2022-06-05,2,MGO,33.79,9.8,235.2,24,447.3727,0.76,Calm,FMS_MARITIME,2026-04-06
2022-06-06,2,VLSFO,79.7,9.8,235.2,24,1055.2117,0.48,Calm,FMS_MARITIME,2026-04-06
2022-06-07,2,VLSFO,80.94,11.1,266.4,24,946.123,0.92,Calm,FMS_MARITIME,2026-04-06
2022-06-08,2,LSMGO,43.91,15.9,381.6,24,358.3222,0.98,Calm,FMS_MARITIME,2026-04-06
2022-06-09,2,MGO,33.53,12.4,297.6,24,350.8482,0.46,Rough,FMS_MARITIME,2026-04-06
2022-06-10,2,LSMGO,75.78,15.3,367.2,24,642.6441,0.87,Moderate,FMS_MARITIME,2026-04-06
2022-06-11,2,LNG,52.12,8.8,211.2,24,768.4739,0.42,Moderate,FMS_MARITIME,2026-04-06
2022-06-12,2,HFO,44.3,14.4,345.6,24,399.1615,0.88,Rough,FMS_MARITIME,2026-04-06
2022-06-13,2,MGO,74.42,16.1,386.4,24,599.7512,0.52,Rough,FMS_MARITIME,2026-04-06
2022-06-14,2,VLSFO,17.96,17.1,410.4,24,136.2754,0.61,Moderate,FMS_MARITIME,2026-04-06
2022-06-15,2,VLSFO,25.95,12.5,300.0,24,269.361,0.96,Rough,FMS_MARITIME,2026-04-06
2022-06-16,2,LSMGO,63.48,8.2,196.8,24,1004.4549,0.92,Moderate,FMS_MARITIME,2026-04-06
2022-06-17,2,LNG,72.31,12.8,307.2,24,732.9861,0.71,Calm,FMS_MARITIME,2026-04-06
2022-06-18,2,VLSFO,15.66,12.3,295.2,24,165.1939,0.99,Rough,FMS_MARITIME,2026-04-06
2022-06-19,2,VLSFO,79.88,15.6,374.4,24,664.3865,0.87,Moderate,FMS_MARITIME,2026-04-06
2022-06-20,2,LSMGO,46.96,8.4,201.6,24,725.3643,0.63,Moderate,FMS_MARITIME,2026-04-06
2022-06-21,2,VLSFO,45.48,10.1,242.4,24,584.2604,0.79,Moderate,FMS_MARITIME,2026-04-06
2022-06-22,2,MGO,17.59,14.6,350.4,24,156.3221,0.76,Calm,FMS_MARITIME,2026-04-06
2022-06-23,2,VLSFO,74.92,17.9,429.6,24,543.0654,0.97,Rough,FMS_MARITIME,2026-04-06
2022-06-24,2,LSMGO,55.8,17.2,412.8,24,420.9331,0.73,Moderate,FMS_MARITIME,2026-04-06
2022-06-25,2,HFO,59.85,16.6,398.4,24,467.8035,0.77,Rough,FMS_MARITIME,2026-04-06
2022-06-26,2,HFO,22.33,9.0,216.0,24,321.9242,0.66,Moderate,FMS_MARITIME,2026-04-06
2022-06-27,2,LSMGO,16.79,16.0,384.0,24,136.1564,0.58,Rough,FMS_MARITIME,2026-04-06
2022-06-28,2,LNG,41.83,14.7,352.8,24,369.2138,0.78,Moderate,FMS_MARITIME,2026-04-06
2022-06-28,2,VLSFO,60.99,13.3,319.2,24,594.9964,0.51,Calm,FMS_MARITIME,2026-04-06
2022-06-28,2,HFO,62.36,14.2,340.8,24,569.8035,0.72,Calm,FMS_MARITIME,2026-04-06
2022-06-01,3,HFO,19.94,14.9,357.6,24,173.6386,0.92,Calm,FMS_MARITIME,2026-04-06
2022-06-02,3,MGO,51.72,8.7,208.8,24,771.3414,0.52,Rough,FMS_MARITIME,2026-04-06
2022-06-03,3,VLSFO,49.65,16.3,391.2,24,395.2201,0.88,Rough,FMS_MARITIME,2026-04-06
2022-06-04,3,HFO,70.27,16.6,398.4,24,549.2489,0.59,Rough,FMS_MARITIME,2026-04-06
2022-06-05,3,VLSFO,60.9,9.4,225.6,24,840.6144,0.77,Moderate,FMS_MARITIME,2026-04-06
2022-06-06,3,MGO,44.94,8.2,196.8,24,711.0933,0.67,Moderate,FMS_MARITIME,2026-04-06
2022-06-07,3,LNG,78.72,8.4,201.6,24,1215.9429,0.53,Moderate,FMS_MARITIME,2026-04-06
2022-06-08,3,LSMGO,58.64,15.5,372.0,24,490.8735,0.75,Rough,FMS_MARITIME,2026-04-06
2022-06-09,3,LNG,40.72,8.2,196.8,24,644.3195,0.79,Calm,FMS_MARITIME,2026-04-06
2022-06-10,3,HFO,71.07,17.6,422.4,24,523.9393,0.64,Moderate,FMS_MARITIME,2026-04-06
2022-06-11,3,VLSFO,53.54,11.6,278.4,24,598.8634,0.8,Calm,FMS_MARITIME,2026-04-06
2022-06-12,3,LSMGO,75.29,13.7,328.8,24,713.0568,0.61,Rough,FMS_MARITIME,2026-04-06
2022-06-13,3,HFO,26.06,16.7,400.8,24,202.4722,0.91,Moderate,FMS_MARITIME,2026-04-06
2022-06-14,3,LNG,47.05,14.9,357.6,24,409.7139,0.94,Moderate,FMS_MARITIME,2026-04-06
2022-06-15,3,VLSFO,22.02,11.8,283.2,24,242.1267,0.64,Calm,FMS_MARITIME,2026-04-06
2022-06-16,3,LNG,55.44,12.2,292.8,24,589.618,0.87,Moderate,FMS_MARITIME,2026-04-06
2022-06-17,3,LNG,34.33,14.2,340.8,24,313.6843,0.78,Calm,FMS_MARITIME,2026-04-06
2022-06-18,3,LSMGO,29.15,8.9,213.6,24,424.9677,0.9,Rough,FMS_MARITIME,2026-04-06
2022-06-19,3,LSMGO,52.28,10.1,242.4,24,671.6168,0.9,Rough,FMS_MARITIME,2026-04-06
2022-06-20,3,HFO,72.03,9.0,216.0,24,1038.4325,0.86,Calm,FMS_MARITIME,2026-04-06
2022-06-21,3,MGO,74.41,13.7,328.8,24,704.7224,0.99,Calm,FMS_MARITIME,2026-04-06
2022-06-22,3,HFO,23.03,13.6,326.4,24,219.7164,0.44,Moderate,FMS_MARITIME,2026-04-06
2022-06-23,3,LNG,71.08,11.7,280.8,24,788.259,0.67,Moderate,FMS_MARITIME,2026-04-06
2022-06-24,3,HFO,16.5,11.0,264.0,24,194.625,1.0,Calm,FMS_MARITIME,2026-04-06
2022-06-25,3,VLSFO,72.27,16.8,403.2,24,558.1567,0.68,Calm,FMS_MARITIME,2026-04-06
2022-06-26,3,LNG,38.3,11.8,283.2,24,421.1377,0.78,Rough,FMS_MARITIME,2026-04-06
2022-06-27,3,LNG,20.67,12.3,295.2,24,218.0433,0.62,Rough,FMS_MARITIME,2026-04-06
2022-06-28,3,HFO,68.72,15.5,372.0,24,575.2529,0.51,Calm,FMS_MARITIME,2026-04-06
2022-06-28,3,MGO,45.41,13.7,328.8,24,430.0692,0.44,Calm,FMS_MARITIME,2026-04-06
2022-06-28,3,VLSFO,55.9,13.1,314.4,24,553.666,0.74,Calm,FMS_MARITIME,2026-04-06
2022-06-01,4,VLSFO,66.1,15.8,379.2,24,542.8149,0.94,Rough,FMS_MARITIME,2026-04-06
2022-06-02,4,HFO,61.0,11.7,280.8,24,676.4744,0.71,Calm,FMS_MARITIME,2026-04-06
2022-06-03,4,VLSFO,25.06,9.4,225.6,24,345.908,0.86,Rough,FMS_MARITIME,2026-04-06
2022-06-04,4,MGO,48.63,14.2,340.8,24,444.3481,0.61,Moderate,FMS_MARITIME,2026-04-06
2022-06-05,4,LSMGO,67.73,10.6,254.4,24,829.0535,0.84,Moderate,FMS_MARITIME,2026-04-06
2022-06-06,4,MGO,69.4,14.9,357.6,24,604.3389,0.8,Moderate,FMS_MARITIME,2026-04-06
2022-06-07,4,MGO,21.86,17.6,422.4,24,161.1554,0.89,Rough,FMS_MARITIME,2026-04-06
2022-06-08,4,HFO,60.75,11.3,271.2,24,697.5498,0.71,Rough,FMS_MARITIME,2026-04-06
2022-06-09,4,VLSFO,42.44,13.7,328.8,24,401.9409,0.67,Rough,FMS_MARITIME,2026-04-06
2022-06-10,4,LNG,84.25,8.9,213.6,24,1228.2514,0.53,Rough,FMS_MARITIME,2026-04-06
2022-06-11,4,MGO,82.1,10.4,249.6,24,1024.2764,0.71,Moderate,FMS_MARITIME,2026-04-06
2022-06-12,4,LSMGO,84.26,10.1,242.4,24,1082.449,0.86,Rough,FMS_MARITIME,2026-04-06
2022-06-13,4,VLSFO,40.25,13.8,331.2,24,378.4375,0.75,Rough,FMS_MARITIME,2026-04-06
2022-06-14,4,VLSFO,19.96,13.2,316.8,24,196.1977,0.83,Calm,FMS_MARITIME,2026-04-06
2022-06-15,4,LSMGO,16.0,16.6,398.4,24,125.0602,0.93,Calm,FMS_MARITIME,2026-04-06
2022-06-16,4,MGO,62.31,13.5,324.0,24,598.8683,0.48,Moderate,FMS_MARITIME,2026-04-06
2022-06-17,4,HFO,39.12,13.5,324.0,24,375.9867,0.52,Calm,FMS_MARITIME,2026-04-06
2022-06-18,4,LNG,64.96,11.1,266.4,24,759.3297,0.45,Calm,FMS_MARITIME,2026-04-06
2022-06-19,4,HFO,44.94,17.8,427.2,24,327.5823,0.58,Moderate,FMS_MARITIME,2026-04-06
2022-06-20,4,LNG,84.76,9.7,232.8,24,1133.7742,0.61,Moderate,FMS_MARITIME,2026-04-06
2022-06-21,4,LSMGO,52.03,11.6,278.4,24,581.9735,0.8,Rough,FMS_MARITIME,2026-04-06
2022-06-22,4,MGO,76.85,12.8,307.2,24,779.0068,0.75,Calm,FMS_MARITIME,2026-04-06
2022-06-23,4,VLSFO,67.61,11.9,285.6,24,737.1763,0.61,Calm,FMS_MARITIME,2026-04-06
2022-06-24,4,LNG,74.19,11.9,285.6,24,808.9204,0.6,Calm,FMS_MARITIME,2026-04-06
2022-06-25,4,LNG,69.78,9.6,230.4,24,943.1203,0.99,Moderate,FMS_MARITIME,2026-04-06
2022-06-26,4,LNG,73.74,13.5,324.0,24,708.7233,0.67,Moderate,FMS_MARITIME,2026-04-06
2022-06-27,4,VLSFO,67.98,8.8,211.2,24,1002.3188,0.45,Moderate,FMS_MARITIME,2026-04-06
2022-06-28,4,MGO,81.42,15.1,362.4,24,699.6189,0.72,Moderate,FMS_MARITIME,2026-04-06
2022-06-28,4,LSMGO,78.21,9.5,228.0,24,1068.1839,1.0,Calm,FMS_MARITIME,2026-04-06
2022-06-28,4,LNG,26.18,14.4,345.6,24,235.8927,0.64,Moderate,FMS_MARITIME,2026-04-06
2022-06-01,5,LNG,65.6,11.2,268.8,24,759.9643,1.0,Calm,FMS_MARITIME,2026-04-06
2022-06-02,5,LSMGO,66.3,13.8,331.2,24,623.3641,0.71,Calm,FMS_MARITIME,2026-04-06
2022-06-03,5,LSMGO,43.57,10.2,244.8,24,554.236,0.45,Calm,FMS_MARITIME,2026-04-06
2022-06-04,5,VLSFO,44.57,8.9,213.6,24,649.7705,0.89,Calm,FMS_MARITIME,2026-04-06
2022-06-05,5,VLSFO,58.98,13.1,314.4,24,584.1721,0.79,Moderate,FMS_MARITIME,2026-04-06
2022-06-06,5,MGO,54.0,17.7,424.8,24,395.8475,0.97,Moderate,FMS_MARITIME,2026-04-06
2022-06-07,5,VLSFO,24.38,13.5,324.0,24,234.3189,0.89,Rough,FMS_MARITIME,2026-04-06
2022-06-08,5,LSMGO,17.83,15.4,369.6,24,150.2235,0.83,Rough,FMS_MARITIME,2026-04-06
2022-06-09,5,MGO,34.72,17.8,427.2,24,253.0854,0.86,Calm,FMS_MARITIME,2026-04-06
2022-06-10,5,LNG,61.24,10.4,249.6,24,764.0279,0.63,Moderate,FMS_MARITIME,2026-04-06
2022-06-11,5,HFO,53.83,9.6,230.4,24,727.5461,0.64,Rough,FMS_MARITIME,2026-04-06
2022-06-12,5,HFO,71.47,11.6,278.4,24,799.4166,0.86,Calm,FMS_MARITIME,2026-04-06
2022-06-13,5,LNG,56.02,11.0,264.0,24,660.7814,0.69,Moderate,FMS_MARITIME,2026-04-06
2022-06-14,5,LNG,37.65,15.6,374.4,24,313.1466,0.82,Rough,FMS_MARITIME,2026-04-06
2022-06-15,5,MGO,79.22,11.5,276.0,24,893.8083,0.82,Rough,FMS_MARITIME,2026-04-06
2022-06-16,5,LSMGO,15.85,8.7,208.8,24,236.3836,0.43,Calm,FMS_MARITIME,2026-04-06
2022-06-17,5,LSMGO,35.16,9.9,237.6,24,460.8091,0.55,Moderate,FMS_MARITIME,2026-04-06
2022-06-18,5,MGO,82.88,10.3,247.2,24,1044.0466,0.44,Moderate,FMS_MARITIME,2026-04-06
2022-06-19,5,HFO,57.85,14.3,343.2,24,524.8977,0.68,Calm,FMS_MARITIME,2026-04-06
2022-06-20,5,MGO,69.85,10.3,247.2,24,879.9066,0.86,Moderate,FMS_MARITIME,2026-04-06
2022-06-21,5,LSMGO,30.99,12.8,307.2,24,314.1369,0.68,Calm,FMS_MARITIME,2026-04-06
2022-06-22,5,VLSFO,21.99,17.3,415.2,24,164.925,0.44,Moderate,FMS_MARITIME,2026-04-06
2022-06-23,5,HFO,28.7,13.4,321.6,24,277.8974,0.83,Moderate,FMS_MARITIME,2026-04-06
2022-06-24,5,HFO,34.89,9.4,225.6,24,481.5934,0.79,Calm,FMS_MARITIME,2026-04-06
2022-06-25,5,LNG,75.97,8.0,192.0,24,1232.1384,0.95,Rough,FMS_MARITIME,2026-04-06
2022-06-26,5,HFO,19.23,9.1,218.4,24,274.186,0.92,Calm,FMS_MARITIME,2026-04-06
2022-06-27,5,HFO,82.82,17.3,415.2,24,621.15,0.65,Moderate,FMS_MARITIME,2026-04-06
2022-06-28,5,LSMGO,44.6,14.4,345.6,24,401.8646,0.56,Moderate,FMS_MARITIME,2026-04-06
2022-06-28,5,VLSFO,19.52,8.1,194.4,24,312.6815,0.55,Rough,FMS_MARITIME,2026-04-06
2022-06-28,5,LNG,72.2,15.8,379.2,24,592.9082,0.82,Calm,FMS_MARITIME,2026-04-06
2022-06-01,6,LNG,43.92,17.2,412.8,24,331.3151,0.62,Moderate,FMS_MARITIME,2026-04-06
2022-06-02,6,LNG,36.32,15.1,362.4,24,312.0874,0.49,Rough,FMS_MARITIME,2026-04-06
2022-06-03,6,HFO,70.41,14.0,336.0,24,652.5498,0.96,Calm,FMS_MARITIME,2026-04-06
2022-06-04,6,LNG,18.0,10.0,240.0,24,233.55,0.53,Rough,FMS_MARITIME,2026-04-06
2022-06-05,6,HFO,56.61,11.6,278.4,24,633.2024,0.72,Calm,FMS_MARITIME,2026-04-06
2022-06-06,6,VLSFO,79.48,12.0,288.0,24,859.3775,0.56,Rough,FMS_MARITIME,2026-04-06
2022-06-07,6,VLSFO,83.61,12.5,300.0,24,867.8718,0.93,Calm,FMS_MARITIME,2026-04-06
2022-06-08,6,LSMGO,84.7,9.3,223.2,24,1181.7016,0.66,Calm,FMS_MARITIME,2026-04-06
2022-06-09,6,MGO,19.91,15.4,369.6,24,167.7482,0.9,Rough,FMS_MARITIME,2026-04-06
2022-06-10,6,LNG,28.18,15.5,372.0,24,235.8939,0.99,Moderate,FMS_MARITIME,2026-04-06
2022-06-11,6,HFO,36.82,15.7,376.8,24,304.2927,0.54,Moderate,FMS_MARITIME,2026-04-06
2022-06-12,6,MGO,25.75,14.9,357.6,24,224.2324,0.61,Rough,FMS_MARITIME,2026-04-06
2022-06-13,6,HFO,77.12,11.2,268.8,24,893.4214,0.8,Calm,FMS_MARITIME,2026-04-06
2022-06-14,6,VLSFO,44.01,18.0,432.0,24,317.2387,0.62,Rough,FMS_MARITIME,2026-04-06
2022-06-15,6,MGO,15.19,9.0,216.0,24,218.9892,0.79,Moderate,FMS_MARITIME,2026-04-06
2022-06-16,6,LSMGO,30.08,10.8,259.2,24,361.3778,0.6,Moderate,FMS_MARITIME,2026-04-06
2022-06-17,6,MGO,73.84,8.2,196.8,24,1168.3829,0.43,Rough,FMS_MARITIME,2026-04-06
2022-06-18,6,LSMGO,27.61,15.0,360.0,24,238.8265,0.93,Moderate,FMS_MARITIME,2026-04-06
2022-06-19,6,MGO,28.7,17.6,422.4,24,211.581,0.78,Calm,FMS_MARITIME,2026-04-06
2022-06-20,6,LSMGO,49.61,16.4,393.6,24,392.4937,0.76,Rough,FMS_MARITIME,2026-04-06
2022-06-21,6,LSMGO,26.4,15.9,381.6,24,215.434,0.53,Calm,FMS_MARITIME,2026-04-06
2022-06-22,6,LNG,80.33,13.5,324.0,24,772.0606,0.84,Calm,FMS_MARITIME,2026-04-06
2022-06-23,6,VLSFO,84.72,9.6,230.4,24,1145.0438,0.69,Calm,FMS_MARITIME,2026-04-06
2022-06-24,6,LNG,19.84,8.5,204.0,24,302.8518,0.87,Moderate,FMS_MARITIME,2026-04-06
2022-06-25,6,LSMGO,67.15,10.1,242.4,24,862.6448,0.77,Moderate,FMS_MARITIME,2026-04-06
2022-06-26,6,LSMGO,28.17,10.0,240.0,24,365.5057,0.65,Calm,FMS_MARITIME,2026-04-06
2022-06-27,6,HFO,78.43,15.1,362.4,24,673.9267,0.59,Rough,FMS_MARITIME,2026-04-06
2022-06-28,6,HFO,56.7,15.0,360.0,24,490.455,0.81,Moderate,FMS_MARITIME,2026-04-06
2022-06-28,6,MGO,18.96,11.8,283.2,24,208.4797,0.92,Calm,FMS_MARITIME,2026-04-06
2022-06-28,6,LNG,68.17,8.2,196.8,24,1078.6655,0.75,Calm,FMS_MARITIME,2026-04-06
2022-06-01,7,MGO,60.44,13.6,326.4,24,576.6243,0.46,Rough,FMS_MARITIME,2026-04-06
2022-06-02,7,LNG,61.36,16.0,384.0,24,497.5913,0.41,Calm,FMS_MARITIME,2026-04-06
2022-06-03,7,HFO,76.65,8.5,204.0,24,1170.0397,0.55,Moderate,FMS_MARITIME,2026-04-06
2022-06-04,7,HFO,22.78,13.8,331.2,24,214.1815,0.66,Rough,FMS_MARITIME,2026-04-06
2022-06-05,7,LNG,65.26,13.8,331.2,24,613.5859,0.92,Calm,FMS_MARITIME,2026-04-06
2022-06-06,7,LSMGO,34.11,14.1,338.4,24,313.8846,0.87,Calm,FMS_MARITIME,2026-04-06
2022-06-07,7,VLSFO,20.1,14.8,355.2,24,176.2145,0.76,Rough,FMS_MARITIME,2026-04-06
2022-06-08,7,LSMGO,30.96,17.9,429.6,24,224.4168,0.56,Calm,FMS_MARITIME,2026-04-06
2022-06-09,7,MGO,44.52,10.1,242.4,24,571.9277,0.43,Moderate,FMS_MARITIME,2026-04-06
2022-06-10,7,LSMGO,18.3,13.4,321.6,24,177.1959,0.46,Rough,FMS_MARITIME,2026-04-06
2022-06-11,7,VLSFO,63.02,14.5,348.0,24,563.9203,0.86,Calm,FMS_MARITIME,2026-04-06
2022-06-12,7,LNG,33.54,13.3,319.2,24,327.2041,0.52,Moderate,FMS_MARITIME,2026-04-06
2022-06-13,7,MGO,39.87,16.5,396.0,24,313.5232,0.63,Moderate,FMS_MARITIME,2026-04-06
2022-06-14,7,HFO,46.41,17.5,420.0,24,344.097,0.72,Moderate,FMS_MARITIME,2026-04-06
2022-06-15,7,HFO,16.36,10.4,249.6,24,204.1067,0.43,Rough,FMS_MARITIME,2026-04-06
2022-06-16,7,VLSFO,79.63,9.1,218.4,24,1135.3838,0.73,Calm,FMS_MARITIME,2026-04-06
2022-06-17,7,VLSFO,48.92,10.2,244.8,24,622.2912,0.69,Moderate,FMS_MARITIME,2026-04-06
2022-06-18,7,LNG,16.53,15.3,367.2,24,140.1809,0.69,Calm,FMS_MARITIME,2026-04-06
2022-06-19,7,LNG,74.44,11.2,268.8,24,862.3741,0.77,Rough,FMS_MARITIME,2026-04-06
2022-06-20,7,VLSFO,30.1,8.7,208.8,24,448.9052,0.88,Calm,FMS_MARITIME,2026-04-06
2022-06-21,7,HFO,84.53,10.7,256.8,24,1025.025,0.57,Moderate,FMS_MARITIME,2026-04-06
2022-06-22,7,LNG,45.34,15.6,374.4,24,377.1067,0.97,Calm,FMS_MARITIME,2026-04-06
2022-06-23,7,MGO,66.25,8.1,194.4,24,1061.2269,0.96,Calm,FMS_MARITIME,2026-04-06
2022-06-24,7,VLSFO,75.81,12.0,288.0,24,819.6956,0.63,Calm,FMS_MARITIME,2026-04-06
2022-06-25,7,LSMGO,67.73,16.7,400.8,24,526.2256,0.71,Moderate,FMS_MARITIME,2026-04-06
2022-06-26,7,MGO,27.19,9.2,220.8,24,383.4677,0.71,Calm,FMS_MARITIME,2026-04-06
2022-06-27,7,LNG,84.95,11.5,276.0,24,958.4576,0.86,Moderate,FMS_MARITIME,2026-04-06
2022-06-28,7,LNG,39.69,9.5,228.0,24,542.0818,0.49,Rough,FMS_MARITIME,2026-04-06
2022-06-28,7,MGO,47.17,17.8,427.2,24,343.8375,0.92,Moderate,FMS_MARITIME,2026-04-06
2022-06-28,7,LSMGO,80.02,11.0,264.0,24,943.8723,0.98,Moderate,FMS_MARITIME,2026-04-06
2022-06-01,8,HFO,48.83,16.0,384.0,24,395.9808,0.57,Moderate,FMS_MARITIME,2026-04-06
2022-06-02,8,MGO,38.31,12.7,304.8,24,391.3955,0.71,Moderate,FMS_MARITIME,2026-04-06
2022-06-03,8,LSMGO,29.66,11.5,276.0,24,334.6422,0.98,Moderate,FMS_MARITIME,2026-04-06
2022-06-04,8,LSMGO,84.21,13.3,319.2,24,821.5224,0.65,Rough,FMS_MARITIME,2026-04-06
2022-06-05,8,HFO,39.79,8.5,204.0,24,607.3826,0.92,Rough,FMS_MARITIME,2026-04-06
2022-06-06,8,HFO,24.35,12.4,297.6,24,254.7913,0.54,Moderate,FMS_MARITIME,2026-04-06
2022-06-07,8,HFO,17.09,13.4,321.6,24,165.4797,0.65,Rough,FMS_MARITIME,2026-04-06
2022-06-08,8,VLSFO,17.54,14.2,340.8,24,160.2687,0.87,Moderate,FMS_MARITIME,2026-04-06
2022-06-09,8,HFO,53.4,14.9,357.6,24,465.0101,0.94,Calm,FMS_MARITIME,2026-04-06
2022-06-10,8,LNG,25.04,17.3,415.2,24,187.8,0.97,Calm,FMS_MARITIME,2026-04-06
2022-06-11,8,HFO,32.37,12.3,295.2,24,341.464,0.54,Moderate,FMS_MARITIME,2026-04-06
2022-06-12,8,HFO,54.33,11.8,283.2,24,597.3998,0.51,Moderate,FMS_MARITIME,2026-04-06
2022-06-13,8,LSMGO,26.56,11.8,283.2,24,292.0475,0.42,Calm,FMS_MARITIME,2026-04-06
2022-06-14,8,LSMGO,55.73,9.0,216.0,24,803.4408,0.65,Rough,FMS_MARITIME,2026-04-06
2022-06-15,8,VLSFO,59.04,13.8,331.2,24,555.1043,0.5,Calm,FMS_MARITIME,2026-04-06
2022-06-16,8,VLSFO,28.76,9.3,223.2,24,401.2484,0.62,Rough,FMS_MARITIME,2026-04-06
2022-06-17,8,VLSFO,59.26,12.2,292.8,24,630.2447,0.47,Moderate,FMS_MARITIME,2026-04-06
2022-06-18,8,MGO,53.24,15.6,374.4,24,442.8135,0.89,Calm,FMS_MARITIME,2026-04-06
2022-06-19,8,HFO,72.73,15.8,379.2,24,597.2606,0.78,Rough,FMS_MARITIME,2026-04-06
2022-06-20,8,HFO,18.85,11.4,273.6,24,214.5428,0.97,Moderate,FMS_MARITIME,2026-04-06
2022-06-21,8,LSMGO,43.5,13.6,326.4,24,415.0092,0.63,Rough,FMS_MARITIME,2026-04-06
2022-06-22,8,LNG,26.53,9.8,235.2,24,351.2518,0.6,Rough,FMS_MARITIME,2026-04-06
2022-06-23,8,MGO,44.97,16.9,405.6,24,345.2578,0.51,Moderate,FMS_MARITIME,2026-04-06
2022-06-24,8,LSMGO,22.33,11.5,276.0,24,251.9407,0.53,Calm,FMS_MARITIME,2026-04-06
2022-06-25,8,MGO,39.19,9.2,220.8,24,552.7068,0.88,Rough,FMS_MARITIME,2026-04-06
2022-06-26,8,LNG,37.89,12.8,307.2,24,384.0803,0.7,Rough,FMS_MARITIME,2026-04-06
2022-06-27,8,HFO,32.17,9.8,235.2,24,425.9242,0.5,Calm,FMS_MARITIME,2026-04-06
2022-06-28,8,LSMGO,69.23,14.5,348.0,24,619.4891,0.56,Rough,FMS_MARITIME,2026-04-06
2022-06-28,8,MGO,63.39,15.8,379.2,24,520.5603,0.86,Calm,FMS_MARITIME,2026-04-06
2022-06-28,8,MGO,31.69,12.8,307.2,24,321.2326,0.99,Rough,FMS_MARITIME,2026-04-06
2022-06-01,9,MGO,25.03,17.2,412.8,24,188.8164,0.54,Calm,FMS_MARITIME,2026-04-06
2022-06-02,9,LNG,32.9,13.1,314.4,24,325.8607,0.54,Rough,FMS_MARITIME,2026-04-06
2022-06-03,9,LNG,58.93,8.7,208.8,24,878.8698,0.77,Calm,FMS_MARITIME,2026-04-06
2022-06-04,9,VLSFO,41.8,17.8,427.2,24,304.6938,0.68,Rough,FMS_MARITIME,2026-04-06
2022-06-05,9,MGO,47.15,15.1,362.4,24,405.1465,0.73,Rough,FMS_MARITIME,2026-04-06
2022-06-06,9,HFO,79.36,12.7,304.8,24,810.7843,0.46,Calm,FMS_MARITIME,2026-04-06
2022-06-07,9,VLSFO,21.99,10.5,252.0,24,271.7336,0.91,Rough,FMS_MARITIME,2026-04-06
2022-06-08,9,MGO,45.48,15.1,362.4,24,390.7967,0.75,Calm,FMS_MARITIME,2026-04-06
2022-06-09,9,MGO,21.04,17.6,422.4,24,155.1102,0.95,Calm,FMS_MARITIME,2026-04-06
2022-06-10,9,MGO,27.12,16.8,403.2,24,209.4536,0.47,Moderate,FMS_MARITIME,2026-04-06
2022-06-11,9,VLSFO,83.51,11.1,266.4,24,976.1642,0.76,Calm,FMS_MARITIME,2026-04-06
2022-06-12,9,VLSFO,54.65,9.1,218.4,24,779.2129,0.83,Calm,FMS_MARITIME,2026-04-06
2022-06-13,9,MGO,61.72,16.7,400.8,24,479.5311,0.81,Rough,FMS_MARITIME,2026-04-06
2022-06-14,9,LNG,77.81,12.9,309.6,24,782.6238,0.67,Calm,FMS_MARITIME,2026-04-06
2022-06-15,9,MGO,81.61,16.4,393.6,24,645.6645,0.5,Moderate,FMS_MARITIME,2026-04-06
2022-06-16,9,HFO,84.76,16.0,384.0,24,687.3506,0.98,Calm,FMS_MARITIME,2026-04-06
2022-06-17,9,LSMGO,21.37,8.6,206.4,24,322.4137,0.85,Calm,FMS_MARITIME,2026-04-06
2022-06-18,9,LNG,20.37,11.8,283.2,24,223.9837,0.42,Rough,FMS_MARITIME,2026-04-06
2022-06-19,9,HFO,31.55,15.7,376.8,24,260.7396,0.53,Rough,FMS_MARITIME,2026-04-06
2022-06-20,9,LNG,80.5,8.4,201.6,24,1243.4375,0.93,Moderate,FMS_MARITIME,2026-04-06
2022-06-21,9,VLSFO,31.58,9.6,230.4,24,426.8234,0.96,Rough,FMS_MARITIME,2026-04-06
2022-06-22,9,LSMGO,78.08,17.0,408.0,24,595.9341,0.51,Moderate,FMS_MARITIME,2026-04-06
2022-06-23,9,LSMGO,73.65,11.4,273.6,24,838.2533,0.57,Rough,FMS_MARITIME,2026-04-06
2022-06-24,9,VLSFO,26.47,15.6,374.4,24,220.1591,0.47,Rough,FMS_MARITIME,2026-04-06
2022-06-25,9,HFO,27.74,10.3,247.2,24,349.4432,0.92,Rough,FMS_MARITIME,2026-04-06
2022-06-26,9,HFO,57.16,11.5,276.0,24,644.9139,1.0,Moderate,FMS_MARITIME,2026-04-06
2022-06-27,9,MGO,67.17,11.6,278.4,24,751.3196,0.52,Rough,FMS_MARITIME,2026-04-06
2022-06-28,9,MGO,75.21,9.1,218.4,24,1072.3624,0.96,Moderate,FMS_MARITIME,2026-04-06
2022-06-28,9,VLSFO,80.51,8.4,201.6,24,1243.592,0.84,Rough,FMS_MARITIME,2026-04-06
2022-06-28,9,LNG,39.48,17.4,417.6,24,294.3983,0.65,Rough,FMS_MARITIME,2026-04-06
2022-06-01,10,LSMGO,80.91,16.1,386.4,24,652.0542,0.44,Calm,FMS_MARITIME,2026-04-06
2022-06-02,10,VLSFO,49.86,13.8,331.2,24,468.7924,0.62,Rough,FMS_MARITIME,2026-04-06
2022-06-03,10,LNG,65.81,14.6,350.4,24,584.8526,0.7,Rough,FMS_MARITIME,2026-04-06
2022-06-04,10,MGO,80.54,11.9,285.6,24,878.1567,0.51,Rough,FMS_MARITIME,2026-04-06
2022-06-05,10,VLSFO,76.62,15.1,362.4,24,658.3738,0.64,Moderate,FMS_MARITIME,2026-04-06
2022-06-06,10,LNG,71.29,10.4,249.6,24,889.4113,0.9,Calm,FMS_MARITIME,2026-04-06
2022-06-07,10,LSMGO,54.75,17.3,415.2,24,410.625,0.89,Moderate,FMS_MARITIME,2026-04-06
2022-06-08,10,HFO,74.14,10.8,259.2,24,890.7097,0.96,Calm,FMS_MARITIME,2026-04-06
2022-06-09,10,MGO,83.18,13.8,331.2,24,782.0728,0.61,Calm,FMS_MARITIME,2026-04-06
2022-06-10,10,VLSFO,23.8,16.8,403.2,24,183.8125,0.42,Calm,FMS_MARITIME,2026-04-06
2022-06-11,10,HFO,55.79,12.5,300.0,24,579.1002,0.9,Moderate,FMS_MARITIME,2026-04-06
2022-06-12,10,HFO,81.85,11.9,285.6,24,892.4401,0.79,Calm,FMS_MARITIME,2026-04-06
2022-06-13,10,MGO,73.9,8.8,211.2,24,1089.6051,0.63,Moderate,FMS_MARITIME,2026-04-06
2022-06-14,10,HFO,19.57,12.2,292.8,24,208.1318,0.65,Moderate,FMS_MARITIME,2026-04-06
2022-06-15,10,MGO,19.27,14.9,357.6,24,167.8042,0.5,Moderate,FMS_MARITIME,2026-04-06
2022-06-16,10,MGO,24.0,16.1,386.4,24,193.4161,0.58,Calm,FMS_MARITIME,2026-04-06
2022-06-17,10,VLSFO,33.07,9.2,220.8,24,466.3948,0.92,Moderate,FMS_MARITIME,2026-04-06
2022-06-18,10,LSMGO,52.83,12.7,304.8,24,539.7396,0.45,Moderate,FMS_MARITIME,2026-04-06
2022-06-19,10,LNG,22.4,8.9,213.6,24,326.5618,0.59,Moderate,FMS_MARITIME,2026-04-06
2022-06-20,10,MGO,42.94,12.9,309.6,24,431.8965,0.58,Rough,FMS_MARITIME,2026-04-06
2022-06-21,10,LNG,58.38,10.9,261.6,24,694.9362,0.78,Moderate,FMS_MARITIME,2026-04-06
2022-06-22,10,MGO,60.74,12.9,309.6,24,610.9314,0.81,Moderate,FMS_MARITIME,2026-04-06
2022-06-23,10,HFO,26.04,9.8,235.2,24,344.7643,0.99,Rough,FMS_MARITIME,2026-04-06
2022-06-24,10,HFO,15.54,15.0,360.0,24,134.421,0.71,Rough,FMS_MARITIME,2026-04-06
2022-06-25,10,MGO,76.86,11.7,280.8,24,852.3577,0.5,Rough,FMS_MARITIME,2026-04-06
2022-06-26,10,LNG,77.74,16.3,391.2,24,618.8199,0.89,Moderate,FMS_MARITIME,2026-04-06
2022-06-27,10,MGO,36.71,9.3,223.2,24,512.1637,0.59,Rough,FMS_MARITIME,2026-04-06
2022-06-28,10,HFO,60.07,16.3,391.2,24,478.1646,1.0,Calm,FMS_MARITIME,2026-04-06
2022-06-28,10,LNG,78.69,9.6,230.4,24,1063.5445,0.58,Calm,FMS_MARITIME,2026-04-06
2022-06-28,10,VLSFO,80.48,13.4,321.6,24,779.2746,0.47,Moderate,FMS_MARITIME,2026-04-06
2022-06-01,11,LNG,66.28,11.7,280.8,24,735.0282,0.9,Calm,FMS_MARITIME,2026-04-06
2022-06-02,11,LSMGO,45.56,9.5,228.0,24,622.2537,0.81,Rough,FMS_MARITIME,2026-04-06
2022-06-03,11,LSMGO,39.09,12.4,297.6,24,409.0264,0.82,Moderate,FMS_MARITIME,2026-04-06
2022-06-04,11,LSMGO,55.57,10.2,244.8,24,706.8831,0.66,Calm,FMS_MARITIME,2026-04-06
2022-06-05,11,LNG,34.35,10.9,261.6,24,408.8911,0.89,Moderate,FMS_MARITIME,2026-04-06
2022-06-06,11,VLSFO,38.62,16.1,386.4,24,311.2388,0.96,Rough,FMS_MARITIME,2026-04-06
2022-06-07,11,VLSFO,62.65,10.3,247.2,24,789.2075,0.91,Moderate,FMS_MARITIME,2026-04-06
2022-06-08,11,HFO,24.24,16.8,403.2,24,187.2107,0.67,Moderate,FMS_MARITIME,2026-04-06
2022-06-09,11,LSMGO,73.07,15.4,369.6,24,615.6385,0.89,Calm,FMS_MARITIME,2026-04-06
2022-06-10,11,LNG,32.16,11.7,280.8,24,356.6462,0.86,Calm,FMS_MARITIME,2026-04-06
2022-06-11,11,MGO,46.89,8.3,199.2,24,733.0093,0.49,Rough,FMS_MARITIME,2026-04-06
2022-06-12,11,MGO,21.01,14.9,357.6,24,182.9562,0.61,Calm,FMS_MARITIME,2026-04-06
2022-06-13,11,VLSFO,54.31,8.6,206.4,24,819.3863,0.78,Rough,FMS_MARITIME,2026-04-06
2022-06-14,11,VLSFO,17.04,11.2,268.8,24,197.4054,0.68,Rough,FMS_MARITIME,2026-04-06
2022-06-15,11,HFO,28.01,11.4,273.6,24,318.798,0.41,Rough,FMS_MARITIME,2026-04-06
2022-06-16,11,VLSFO,83.78,16.7,400.8,24,650.9254,0.43,Moderate,FMS_MARITIME,2026-04-06
2022-06-17,11,LSMGO,67.91,16.0,384.0,24,550.7077,0.62,Rough,FMS_MARITIME,2026-04-06
2022-06-18,11,HFO,64.12,16.4,393.6,24,507.2909,0.6,Calm,FMS_MARITIME,2026-04-06
2022-06-19,11,LSMGO,16.52,10.4,249.6,24,206.1029,0.91,Calm,FMS_MARITIME,2026-04-06
2022-06-20,11,MGO,83.14,8.8,211.2,24,1225.8426,0.9,Moderate,FMS_MARITIME,2026-04-06
2022-06-21,11,VLSFO,50.64,9.7,232.8,24,677.3753,0.52,Moderate,FMS_MARITIME,2026-04-06
2022-06-22,11,MGO,20.7,9.9,237.6,24,271.2955,0.55,Rough,FMS_MARITIME,2026-04-06
2022-06-23,11,HFO,42.84,8.8,211.2,24,631.6466,0.51,Moderate,FMS_MARITIME,2026-04-06
2022-06-24,11,MGO,44.61,9.2,220.8,24,629.1465,0.51,Rough,FMS_MARITIME,2026-04-06
2022-06-25,11,MGO,26.39,8.2,196.8,24,417.5735,0.83,Rough,FMS_MARITIME,2026-04-06
2022-06-26,11,MGO,49.16,12.1,290.4,24,527.1496,0.69,Rough,FMS_MARITIME,2026-04-06
2022-06-27,11,MGO,82.25,14.1,338.4,24,756.875,0.94,Rough,FMS_MARITIME,2026-04-06
2022-06-28,11,VLSFO,26.57,12.0,288.0,24,287.2881,0.98,Rough,FMS_MARITIME,2026-04-06
2022-06-28,11,MGO,48.1,14.3,343.2,24,436.4318,0.47,Rough,FMS_MARITIME,2026-04-06
2022-06-28,11,LSMGO,64.05,10.6,254.4,24,784.0083,0.62,Moderate,FMS_MARITIME,2026-04-06
2022-06-01,12,VLSFO,19.8,8.2,196.8,24,313.2988,0.45,Moderate,FMS_MARITIME,2026-04-06
2022-06-02,12,LSMGO,65.34,10.3,247.2,24,823.0937,0.85,Rough,FMS_MARITIME,2026-04-06
2022-06-03,12,VLSFO,20.64,15.4,369.6,24,173.8987,0.84,Calm,FMS_MARITIME,2026-04-06
2022-06-04,12,LNG,25.87,15.0,360.0,24,223.7755,0.84,Rough,FMS_MARITIME,2026-04-06
2022-06-05,12,VLSFO,46.51,15.7,376.8,24,384.374,0.69,Rough,FMS_MARITIME,2026-04-06
2022-06-06,12,HFO,21.1,10.4,249.6,24,263.2428,0.52,Rough,FMS_MARITIME,2026-04-06
2022-06-07,12,LSMGO,77.89,13.5,324.0,24,748.6094,0.46,Calm,FMS_MARITIME,2026-04-06
2022-06-08,12,VLSFO,45.48,11.2,268.8,24,526.8777,0.73,Rough,FMS_MARITIME,2026-04-06
2022-06-09,12,LNG,42.27,13.8,331.2,24,397.4299,0.65,Moderate,FMS_MARITIME,2026-04-06
2022-06-10,12,LSMGO,31.82,12.5,300.0,24,330.2916,0.84,Moderate,FMS_MARITIME,2026-04-06
2022-06-11,12,LSMGO,28.19,9.3,223.2,24,393.296,0.81,Moderate,FMS_MARITIME,2026-04-06
2022-06-12,12,VLSFO,41.76,11.1,266.4,24,488.1405,0.67,Rough,FMS_MARITIME,2026-04-06
2022-06-13,12,LSMGO,83.34,14.6,350.4,24,740.6414,0.98,Moderate,FMS_MARITIME,2026-04-06
2022-06-14,12,VLSFO,37.8,8.5,204.0,24,577.0059,0.85,Rough,FMS_MARITIME,2026-04-06
2022-06-15,12,VLSFO,26.99,13.9,333.6,24,251.939,0.83,Calm,FMS_MARITIME,2026-04-06
2022-06-16,12,LSMGO,50.36,14.6,350.4,24,447.5486,0.96,Rough,FMS_MARITIME,2026-04-06
2022-06-17,12,LSMGO,75.6,12.4,297.6,24,791.0565,0.42,Calm,FMS_MARITIME,2026-04-06
2022-06-18,12,LSMGO,34.78,8.1,194.4,24,557.1241,0.99,Moderate,FMS_MARITIME,2026-04-06
2022-06-19,12,LNG,76.86,17.1,410.4,24,583.1921,0.67,Calm,FMS_MARITIME,2026-04-06
2022-06-20,12,VLSFO,47.44,17.6,422.4,24,349.7352,0.98,Moderate,FMS_MARITIME,2026-04-06
2022-06-21,12,VLSFO,82.44,14.9,357.6,24,717.8919,0.82,Rough,FMS_MARITIME,2026-04-06
2022-06-22,12,HFO,77.39,15.1,362.4,24,664.9902,0.94,Calm,FMS_MARITIME,2026-04-06
2022-06-23,12,LNG,21.14,11.1,266.4,24,247.1095,0.92,Calm,FMS_MARITIME,2026-04-06
2022-06-24,12,HFO,39.34,17.7,424.8,24,288.3822,0.87,Calm,FMS_MARITIME,2026-04-06
2022-06-25,12,VLSFO,30.32,13.8,331.2,24,285.0739,0.7,Calm,FMS_MARITIME,2026-04-06
2022-06-26,12,HFO,58.22,16.4,393.6,24,460.6125,0.71,Moderate,FMS_MARITIME,2026-04-06
2022-06-27,12,MGO,55.47,9.6,230.4,24,749.7117,0.43,Rough,FMS_MARITIME,2026-04-06
2022-06-28,12,MGO,33.78,8.5,204.0,24,515.6418,0.56,Moderate,FMS_MARITIME,2026-04-06
2022-06-28,12,VLSFO,47.13,15.4,369.6,24,397.0856,0.81,Moderate,FMS_MARITIME,2026-04-06
2022-06-28,12,VLSFO,19.05,13.4,321.6,24,184.458,0.44,Moderate,FMS_MARITIME,2026-04-06
2022-06-01,13,MGO,76.57,8.0,192.0,24,1241.8697,0.99,Rough,FMS_MARITIME,2026-04-06
2022-06-02,13,MGO,57.54,15.4,369.6,24,484.7932,0.82,Moderate,FMS_MARITIME,2026-04-06
2022-06-03,13,MGO,83.88,17.6,422.4,24,618.3767,0.96,Moderate,FMS_MARITIME,2026-04-06
2022-06-04,13,MGO,36.82,15.2,364.8,24,314.3023,0.63,Calm,FMS_MARITIME,2026-04-06
2022-06-05,13,LSMGO,78.73,10.1,242.4,24,1011.4077,0.66,Calm,FMS_MARITIME,2026-04-06
2022-06-06,13,VLSFO,84.78,11.7,280.8,24,940.1885,0.84,Moderate,FMS_MARITIME,2026-04-06
2022-06-07,13,MGO,63.21,16.4,393.6,24,500.0913,0.6,Calm,FMS_MARITIME,2026-04-06
2022-06-08,13,HFO,84.11,17.1,410.4,24,638.2031,0.63,Rough,FMS_MARITIME,2026-04-06
2022-06-09,13,VLSFO,64.76,14.1,338.4,24,595.9298,0.45,Rough,FMS_MARITIME,2026-04-06
2022-06-10,13,LNG,69.81,15.0,360.0,24,603.8565,0.66,Rough,FMS_MARITIME,2026-04-06
2022-06-11,13,MGO,56.74,11.4,273.6,24,645.7908,0.95,Calm,FMS_MARITIME,2026-04-06
2022-06-12,13,HFO,43.91,15.8,379.2,24,360.59,0.41,Rough,FMS_MARITIME,2026-04-06
2022-06-13,13,HFO,19.73,10.9,261.6,24,234.8594,0.77,Rough,FMS_MARITIME,2026-04-06
2022-06-14,13,HFO,54.19,14.0,336.0,24,502.2252,0.62,Calm,FMS_MARITIME,2026-04-06
2022-06-15,13,MGO,69.65,15.2,364.8,24,594.5452,0.78,Calm,FMS_MARITIME,2026-04-06
2022-06-16,13,HFO,17.08,17.1,410.4,24,129.5982,0.74,Moderate,FMS_MARITIME,2026-04-06
2022-06-17,13,MGO,58.1,15.0,360.0,24,502.565,0.46,Rough,FMS_MARITIME,2026-04-06
2022-06-18,13,HFO,19.89,8.6,206.4,24,300.0846,0.64,Calm,FMS_MARITIME,2026-04-06
2022-06-19,13,LNG,32.17,15.3,367.2,24,272.8142,0.94,Calm,FMS_MARITIME,2026-04-06
2022-06-20,13,VLSFO,17.17,17.7,424.8,24,125.8648,0.9,Moderate,FMS_MARITIME,2026-04-06
2022-06-21,13,HFO,26.16,11.6,278.4,24,292.6086,0.97,Moderate,FMS_MARITIME,2026-04-06
2022-06-22,13,LSMGO,47.08,15.6,374.4,24,391.5788,0.72,Moderate,FMS_MARITIME,2026-04-06
2022-06-23,13,MGO,63.04,8.4,201.6,24,973.7429,0.45,Moderate,FMS_MARITIME,2026-04-06
2022-06-24,13,HFO,15.77,12.0,288.0,24,170.5131,0.43,Rough,FMS_MARITIME,2026-04-06
2022-06-25,13,VLSFO,36.12,16.6,398.4,24,282.3235,0.72,Calm,FMS_MARITIME,2026-04-06
2022-06-26,13,LSMGO,56.53,14.3,343.2,24,512.9208,0.83,Calm,FMS_MARITIME,2026-04-06
2022-06-27,13,LNG,66.73,14.6,350.4,24,593.0286,0.74,Moderate,FMS_MARITIME,2026-04-06
2022-06-28,13,MGO,50.16,12.2,292.8,24,533.4639,0.42,Calm,FMS_MARITIME,2026-04-06
2022-06-28,13,LSMGO,15.89,8.8,211.2,24,234.2872,0.47,Moderate,FMS_MARITIME,2026-04-06
2022-06-28,13,MGO,72.79,9.6,230.4,24,983.8023,0.45,Calm,FMS_MARITIME,2026-04-06
2022-06-01,14,LSMGO,54.01,13.0,312.0,24,539.0613,0.89,Moderate,FMS_MARITIME,2026-04-06
2022-06-02,14,HFO,83.19,17.6,422.4,24,613.2899,0.96,Rough,FMS_MARITIME,2026-04-06
2022-06-03,14,LSMGO,68.66,14.5,348.0,24,614.3886,0.62,Calm,FMS_MARITIME,2026-04-06
2022-06-04,14,MGO,41.39,11.6,278.4,24,462.9614,0.94,Moderate,FMS_MARITIME,2026-04-06
2022-06-05,14,HFO,28.96,14.7,352.8,24,255.6163,0.48,Moderate,FMS_MARITIME,2026-04-06
2022-06-06,14,LSMGO,73.82,14.3,343.2,24,669.8003,0.58,Calm,FMS_MARITIME,2026-04-06
2022-06-07,14,VLSFO,21.62,16.2,388.8,24,173.1602,0.85,Calm,FMS_MARITIME,2026-04-06
2022-06-08,14,MGO,69.31,15.3,367.2,24,587.776,0.89,Moderate,FMS_MARITIME,2026-04-06
2022-06-09,14,HFO,59.71,13.5,324.0,24,573.8794,0.52,Moderate,FMS_MARITIME,2026-04-06
2022-06-10,14,MGO,23.81,13.7,328.8,24,225.4998,0.67,Rough,FMS_MARITIME,2026-04-06
2022-06-11,14,HFO,30.33,15.9,381.6,24,247.5042,0.61,Calm,FMS_MARITIME,2026-04-06
2022-06-12,14,VLSFO,17.31,17.4,417.6,24,129.0789,0.59,Calm,FMS_MARITIME,2026-04-06
2022-06-13,14,LNG,32.24,9.8,235.2,24,426.851,0.78,Moderate,FMS_MARITIME,2026-04-06
2022-06-14,14,VLSFO,36.54,9.6,230.4,24,493.8609,0.77,Calm,FMS_MARITIME,2026-04-06
2022-06-15,14,LNG,79.88,14.0,336.0,24,740.3164,0.67,Rough,FMS_MARITIME,2026-04-06
2022-06-16,14,MGO,26.64,11.0,264.0,24,314.2309,0.85,Calm,FMS_MARITIME,2026-04-06
2022-06-17,14,HFO,67.81,13.0,312.0,24,676.796,0.51,Rough,FMS_MARITIME,2026-04-06
2022-06-18,14,HFO,31.78,13.6,326.4,24,303.1952,0.68,Moderate,FMS_MARITIME,2026-04-06
2022-06-19,14,LSMGO,20.13,13.1,314.4,24,199.3792,0.82,Moderate,FMS_MARITIME,2026-04-06
2022-06-20,14,LSMGO,23.01,11.3,271.2,24,264.2077,0.89,Rough,FMS_MARITIME,2026-04-06
2022-06-21,14,LNG,20.67,12.6,302.4,24,212.8518,0.7,Rough,FMS_MARITIME,2026-04-06
2022-06-22,14,VLSFO,58.43,14.2,340.8,24,533.8938,0.81,Rough,FMS_MARITIME,2026-04-06
2022-06-23,14,LNG,19.52,9.0,216.0,24,281.4133,0.65,Moderate,FMS_MARITIME,2026-04-06
2022-06-24,14,MGO,52.36,11.4,273.6,24,595.9395,0.74,Calm,FMS_MARITIME,2026-04-06
2022-06-25,14,LSMGO,16.64,11.6,278.4,24,186.1241,0.48,Moderate,FMS_MARITIME,2026-04-06
2022-06-26,14,LSMGO,79.56,17.3,415.2,24,596.7,0.88,Rough,FMS_MARITIME,2026-04-06
2022-06-27,14,LNG,60.15,11.1,266.4,24,703.1047,0.59,Rough,FMS_MARITIME,2026-04-06
2022-06-28,14,HFO,76.09,14.8,355.2,24,667.0728,0.51,Calm,FMS_MARITIME,2026-04-06
2022-06-28,14,HFO,31.2,10.3,247.2,24,393.0291,0.66,Rough,FMS_MARITIME,2026-04-06
2022-06-28,14,LNG,21.98,16.1,386.4,24,177.137,0.93,Moderate,FMS_MARITIME,2026-04-06
2022-06-01,15,HFO,16.62,9.3,223.2,24,231.8758,0.73,Rough,FMS_MARITIME,2026-04-06
2022-06-02,15,LNG,74.94,15.5,372.0,24,627.3203,0.46,Calm,FMS_MARITIME,2026-04-06
2022-06-03,15,MGO,31.66,8.6,206.4,24,477.661,0.51,Moderate,FMS_MARITIME,2026-04-06
2022-06-04,15,LSMGO,34.57,17.2,412.8,24,260.7824,0.47,Moderate,FMS_MARITIME,2026-04-06
2022-06-05,15,LNG,39.91,14.7,352.8,24,352.2668,0.58,Rough,FMS_MARITIME,2026-04-06
2022-06-06,15,LNG,52.27,8.8,211.2,24,770.6855,0.5,Rough,FMS_MARITIME,2026-04-06
2022-06-07,15,MGO,43.44,16.6,398.4,24,339.5386,0.69,Moderate,FMS_MARITIME,2026-04-06
2022-06-08,15,MGO,77.75,12.8,307.2,24,788.1299,0.62,Calm,FMS_MARITIME,2026-04-06
2022-06-09,15,HFO,59.48,10.1,242.4,24,764.1119,0.59,Rough,FMS_MARITIME,2026-04-06
2022-06-10,15,LNG,35.86,8.6,206.4,24,541.0273,0.93,Moderate,FMS_MARITIME,2026-04-06
2022-06-11,15,LSMGO,25.56,17.7,424.8,24,187.3678,0.4,Moderate,FMS_MARITIME,2026-04-06
2022-06-12,15,LSMGO,58.12,15.6,374.4,24,483.4019,0.61,Moderate,FMS_MARITIME,2026-04-06
2022-06-13,15,MGO,20.37,14.0,336.0,24,188.7862,0.97,Moderate,FMS_MARITIME,2026-04-06
2022-06-14,15,VLSFO,69.69,14.6,350.4,24,619.3341,0.83,Moderate,FMS_MARITIME,2026-04-06
2022-06-15,15,HFO,59.3,9.1,218.4,24,845.5137,0.94,Calm,FMS_MARITIME,2026-04-06
2022-06-16,15,LSMGO,46.97,15.4,369.6,24,395.7375,0.44,Rough,FMS_MARITIME,2026-04-06
2022-06-17,15,LSMGO,54.18,10.7,256.8,24,656.9958,0.88,Moderate,FMS_MARITIME,2026-04-06
2022-06-18,15,LSMGO,83.38,11.1,266.4,24,974.6446,0.9,Rough,FMS_MARITIME,2026-04-06
2022-06-19,15,MGO,46.13,16.9,405.6,24,354.1638,0.94,Calm,FMS_MARITIME,2026-04-06
2022-06-20,15,LSMGO,55.52,12.0,288.0,24,600.31,0.77,Calm,FMS_MARITIME,2026-04-06
2022-06-21,15,VLSFO,78.25,13.7,328.8,24,741.0903,0.71,Rough,FMS_MARITIME,2026-04-06
2022-06-22,15,LNG,81.69,15.1,362.4,24,701.9389,0.95,Moderate,FMS_MARITIME,2026-04-06
2022-06-23,15,VLSFO,53.47,17.0,408.0,24,408.1019,0.66,Moderate,FMS_MARITIME,2026-04-06
2022-06-24,15,VLSFO,16.02,16.4,393.6,24,126.7436,0.75,Rough,FMS_MARITIME,2026-04-06
2022-06-25,15,HFO,22.93,8.0,192.0,24,371.8959,0.55,Calm,FMS_MARITIME,2026-04-06
2022-06-26,15,MGO,70.59,10.8,259.2,24,848.0604,0.59,Moderate,FMS_MARITIME,2026-04-06
2022-06-27,15,LNG,57.4,14.7,352.8,24,506.6429,0.9,Calm,FMS_MARITIME,2026-04-06
2022-06-28,15,HFO,57.22,10.8,259.2,24,687.4347,0.86,Rough,FMS_MARITIME,2026-04-06
2022-06-28,15,LSMGO,73.84,8.6,206.4,24,1114.0395,0.75,Moderate,FMS_MARITIME,2026-04-06
2022-06-28,15,LNG,24.43,11.1,266.4,24,285.5669,0.75,Moderate,FMS_MARITIME,2026-04-06
2022-06-01,16,LSMGO,60.61,16.5,396.0,24,476.615,0.69,Rough,FMS_MARITIME,2026-04-06
2022-06-02,16,LSMGO,34.69,10.9,261.6,24,412.9383,0.96,Rough,FMS_MARITIME,2026-04-06
2022-06-03,16,LNG,15.57,15.8,379.2,24,127.8612,0.61,Rough,FMS_MARITIME,2026-04-06
2022-06-04,16,LSMGO,52.68,10.2,244.8,24,670.1206,0.95,Moderate,FMS_MARITIME,2026-04-06
2022-06-05,16,LNG,36.86,10.1,242.4,24,473.5233,0.52,Moderate,FMS_MARITIME,2026-04-06
2022-06-06,16,VLSFO,30.44,17.9,429.6,24,220.6475,0.81,Calm,FMS_MARITIME,2026-04-06
2022-06-07,16,LSMGO,82.84,14.3,343.2,24,751.6427,0.71,Calm,FMS_MARITIME,2026-04-06
2022-06-08,16,LNG,16.09,13.1,314.4,24,159.3647,0.55,Rough,FMS_MARITIME,2026-04-06
2022-06-09,16,LSMGO,17.59,14.6,350.4,24,156.3221,0.83,Moderate,FMS_MARITIME,2026-04-06
2022-06-10,16,MGO,81.55,13.2,316.8,24,801.5994,0.92,Moderate,FMS_MARITIME,2026-04-06
2022-06-11,16,MGO,79.29,15.6,374.4,24,659.4793,0.95,Calm,FMS_MARITIME,2026-04-06
2022-06-12,16,LNG,31.0,13.2,316.8,24,304.7159,0.71,Moderate,FMS_MARITIME,2026-04-06
2022-06-13,16,LSMGO,60.89,14.7,352.8,24,537.4474,0.91,Rough,FMS_MARITIME,2026-04-06
2022-06-14,16,VLSFO,50.83,13.3,319.2,24,495.8791,0.93,Calm,FMS_MARITIME,2026-04-06
2022-06-15,16,LSMGO,56.17,13.8,331.2,24,528.1201,0.6,Rough,FMS_MARITIME,2026-04-06
2022-06-16,16,LSMGO,82.08,10.6,254.4,24,1004.7057,0.94,Calm,FMS_MARITIME,2026-04-06
2022-06-17,16,LSMGO,16.75,15.4,369.6,24,141.1242,0.73,Rough,FMS_MARITIME,2026-04-06
2022-06-18,16,MGO,19.31,10.9,261.6,24,229.8599,0.95,Moderate,FMS_MARITIME,2026-04-06
2022-06-19,16,MGO,36.79,14.8,355.2,24,322.534,0.83,Calm,FMS_MARITIME,2026-04-06
2022-06-20,16,MGO,26.89,13.5,324.0,24,258.4428,0.52,Calm,FMS_MARITIME,2026-04-06
2022-06-21,16,LNG,65.41,11.2,268.8,24,757.7632,0.53,Rough,FMS_MARITIME,2026-04-06
2022-06-22,16,LNG,57.57,15.8,379.2,24,472.7663,0.71,Calm,FMS_MARITIME,2026-04-06
2022-06-23,16,LSMGO,17.99,14.9,357.6,24,156.6579,0.68,Rough,FMS_MARITIME,2026-04-06
2022-06-24,16,MGO,62.19,13.0,312.0,24,620.704,0.92,Moderate,FMS_MARITIME,2026-04-06
2022-06-25,16,VLSFO,25.73,9.0,216.0,24,370.9408,0.63,Moderate,FMS_MARITIME,2026-04-06
2022-06-26,16,VLSFO,69.1,9.3,223.2,24,964.0565,0.46,Calm,FMS_MARITIME,2026-04-06
2022-06-27,16,LSMGO,26.53,17.5,420.0,24,196.701,0.54,Moderate,FMS_MARITIME,2026-04-06
2022-06-28,16,LSMGO,15.52,15.2,364.8,24,132.4816,0.48,Rough,FMS_MARITIME,2026-04-06
2022-06-28,16,LSMGO,62.19,9.9,237.6,24,815.0659,0.74,Calm,FMS_MARITIME,2026-04-06
2022-06-28,16,LSMGO,84.29,14.9,357.6,24,734.0018,0.86,Moderate,FMS_MARITIME,2026-04-06
2022-06-01,17,VLSFO,35.72,14.6,350.4,24,317.4432,0.91,Rough,FMS_MARITIME,2026-04-06
2022-06-02,17,LSMGO,21.12,17.7,424.8,24,154.8203,0.78,Calm,FMS_MARITIME,2026-04-06
2022-06-03,17,LNG,25.18,16.3,391.2,24,200.4359,0.98,Calm,FMS_MARITIME,2026-04-06
2022-06-04,17,LNG,33.86,14.0,336.0,24,313.8096,0.48,Moderate,FMS_MARITIME,2026-04-06
2022-06-05,17,MGO,45.55,8.9,213.6,24,664.0576,0.94,Calm,FMS_MARITIME,2026-04-06
2022-06-06,17,HFO,44.56,9.4,225.6,24,615.0702,0.66,Calm,FMS_MARITIME,2026-04-06
2022-06-07,17,HFO,53.25,16.7,400.8,24,413.7238,0.75,Moderate,FMS_MARITIME,2026-04-06
2022-06-08,17,LSMGO,36.32,17.7,424.8,24,266.2441,0.72,Moderate,FMS_MARITIME,2026-04-06
2022-06-09,17,HFO,15.73,17.0,408.0,24,120.0569,0.78,Rough,FMS_MARITIME,2026-04-06
2022-06-10,17,LSMGO,16.43,17.2,412.8,24,123.9414,0.92,Rough,FMS_MARITIME,2026-04-06
2022-06-11,17,MGO,80.07,13.2,316.8,24,787.0517,0.42,Calm,FMS_MARITIME,2026-04-06
2022-06-12,17,VLSFO,37.58,14.6,350.4,24,333.9729,0.41,Moderate,FMS_MARITIME,2026-04-06
2022-06-13,17,LNG,42.65,16.1,386.4,24,343.7166,0.53,Calm,FMS_MARITIME,2026-04-06
2022-06-14,17,VLSFO,32.41,14.8,355.2,24,284.135,0.9,Moderate,FMS_MARITIME,2026-04-06
2022-06-15,17,LSMGO,72.03,13.1,314.4,24,713.4269,0.47,Calm,FMS_MARITIME,2026-04-06
2022-06-16,17,VLSFO,84.8,11.6,278.4,24,948.5172,0.75,Rough,FMS_MARITIME,2026-04-06
2022-06-17,17,VLSFO,68.94,14.3,343.2,24,625.522,0.71,Moderate,FMS_MARITIME,2026-04-06
2022-06-18,17,HFO,32.37,13.4,321.6,24,313.4334,0.91,Moderate,FMS_MARITIME,2026-04-06
2022-06-19,17,VLSFO,27.13,17.5,420.0,24,201.1496,0.87,Moderate,FMS_MARITIME,2026-04-06
2022-06-20,17,LNG,74.31,11.9,285.6,24,810.2288,0.89,Moderate,FMS_MARITIME,2026-04-06
2022-06-21,17,MGO,42.73,8.4,201.6,24,660.0259,0.73,Moderate,FMS_MARITIME,2026-04-06
2022-06-22,17,LNG,30.74,17.3,415.2,24,230.55,0.86,Calm,FMS_MARITIME,2026-04-06
2022-06-23,17,VLSFO,49.74,9.0,216.0,24,717.085,0.65,Rough,FMS_MARITIME,2026-04-06
2022-06-24,17,LNG,30.31,12.4,297.6,24,317.155,0.74,Calm,FMS_MARITIME,2026-04-06
2022-06-25,17,MGO,19.02,8.7,208.8,24,283.6603,0.45,Calm,FMS_MARITIME,2026-04-06
2022-06-26,17,HFO,28.0,10.2,244.8,24,356.1765,0.55,Rough,FMS_MARITIME,2026-04-06
2022-06-27,17,VLSFO,42.21,9.0,216.0,24,608.5275,0.9,Calm,FMS_MARITIME,2026-04-06
2022-06-28,17,HFO,44.01,13.2,316.8,24,432.5983,0.69,Calm,FMS_MARITIME,2026-04-06
2022-06-28,17,VLSFO,23.3,11.0,264.0,24,274.8341,0.46,Rough,FMS_MARITIME,2026-04-06
2022-06-28,17,LNG,47.87,13.4,321.6,24,463.5174,0.79,Calm,FMS_MARITIME,2026-04-06
2022-06-01,18,LSMGO,73.84,14.8,355.2,24,647.3473,0.46,Rough,FMS_MARITIME,2026-04-06
2022-06-02,18,LSMGO,73.4,17.3,415.2,24,550.5,0.79,Rough,FMS_MARITIME,2026-04-06
2022-06-03,18,HFO,55.03,12.0,288.0,24,595.0119,0.87,Rough,FMS_MARITIME,2026-04-06
2022-06-04,18,MGO,77.39,9.7,232.8,24,1035.191,0.92,Moderate,FMS_MARITIME,2026-04-06
2022-06-05,18,LSMGO,59.32,13.7,328.8,24,561.808,0.46,Calm,FMS_MARITIME,2026-04-06
2022-06-06,18,VLSFO,78.5,17.6,422.4,24,578.7145,0.54,Calm,FMS_MARITIME,2026-04-06
2022-06-07,18,HFO,69.66,11.3,271.2,24,799.8571,0.41,Moderate,FMS_MARITIME,2026-04-06
2022-06-08,18,HFO,23.08,15.6,374.4,24,191.9635,0.46,Moderate,FMS_MARITIME,2026-04-06
2022-06-09,18,HFO,51.39,13.0,312.0,24,512.9117,0.61,Moderate,FMS_MARITIME,2026-04-06
2022-06-10,18,MGO,30.41,12.2,292.8,24,323.4178,0.76,Moderate,FMS_MARITIME,2026-04-06
2022-06-11,18,LSMGO,38.16,13.2,316.8,24,375.0955,0.78,Moderate,FMS_MARITIME,2026-04-06
2022-06-12,18,LSMGO,20.27,14.2,340.8,24,185.2136,0.87,Moderate,FMS_MARITIME,2026-04-06
2022-06-13,18,LSMGO,61.51,11.9,285.6,24,670.6658,0.71,Calm,FMS_MARITIME,2026-04-06
2022-06-14,18,LNG,73.98,13.8,331.2,24,695.5728,0.82,Rough,FMS_MARITIME,2026-04-06
2022-06-15,18,LNG,22.28,14.6,350.4,24,198.0021,0.66,Calm,FMS_MARITIME,2026-04-06
2022-06-16,18,MGO,78.99,9.6,230.4,24,1067.5992,0.7,Moderate,FMS_MARITIME,2026-04-06
2022-06-17,18,MGO,66.56,8.0,192.0,24,1079.52,0.62,Rough,FMS_MARITIME,2026-04-06
2022-06-18,18,MGO,50.51,12.4,297.6,24,528.522,0.62,Rough,FMS_MARITIME,2026-04-06
2022-06-19,18,VLSFO,77.27,16.3,391.2,24,615.0787,0.79,Rough,FMS_MARITIME,2026-04-06
2022-06-20,18,MGO,53.62,10.3,247.2,24,675.4558,0.59,Moderate,FMS_MARITIME,2026-04-06
2022-06-21,18,VLSFO,24.97,11.3,271.2,24,286.7131,0.8,Calm,FMS_MARITIME,2026-04-06
2022-06-22,18,VLSFO,64.44,8.7,208.8,24,961.0448,0.73,Moderate,FMS_MARITIME,2026-04-06
2022-06-23,18,LNG,79.11,16.6,398.4,24,618.3447,0.66,Calm,FMS_MARITIME,2026-04-06
2022-06-24,18,MGO,83.62,17.0,408.0,24,638.2174,0.76,Calm,FMS_MARITIME,2026-04-06
2022-06-25,18,HFO,22.33,9.2,220.8,24,314.9258,0.55,Calm,FMS_MARITIME,2026-04-06
2022-06-26,18,HFO,76.76,9.6,230.4,24,1037.4594,0.76,Rough,FMS_MARITIME,2026-04-06
2022-06-27,18,HFO,30.65,16.6,398.4,24,239.5685,0.56,Rough,FMS_MARITIME,2026-04-06
2022-06-28,18,VLSFO,40.8,9.6,230.4,24,551.4375,0.45,Calm,FMS_MARITIME,2026-04-06
2022-06-28,18,VLSFO,31.29,9.9,237.6,24,410.0886,0.99,Moderate,FMS_MARITIME,2026-04-06
2022-06-28,18,HFO,15.22,10.5,252.0,24,188.0757,0.46,Calm,FMS_MARITIME,2026-04-06
2022-06-01,19,MGO,25.33,15.5,372.0,24,212.0366,0.54,Rough,FMS_MARITIME,2026-04-06
2022-06-02,19,LSMGO,63.53,13.7,328.8,24,601.6801,0.92,Rough,FMS_MARITIME,2026-04-06
2022-06-03,19,MGO,40.68,10.7,256.8,24,493.2925,0.55,Rough,FMS_MARITIME,2026-04-06
2022-06-04,19,VLSFO,65.93,8.6,206.4,24,994.6997,0.99,Calm,FMS_MARITIME,2026-04-06
2022-06-05,19,LSMGO,61.3,15.0,360.0,24,530.245,0.73,Moderate,FMS_MARITIME,2026-04-06
2022-06-06,19,MGO,81.45,15.8,379.2,24,668.8695,0.51,Rough,FMS_MARITIME,2026-04-06
2022-06-07,19,MGO,40.29,11.2,268.8,24,466.7525,0.48,Rough,FMS_MARITIME,2026-04-06
2022-06-08,19,LNG,75.68,15.1,362.4,24,650.2967,0.77,Rough,FMS_MARITIME,2026-04-06
2022-06-09,19,MGO,84.29,10.2,244.8,24,1072.2184,0.92,Moderate,FMS_MARITIME,2026-04-06
2022-06-10,19,LNG,34.96,8.9,213.6,24,509.6697,0.54,Moderate,FMS_MARITIME,2026-04-06
2022-06-11,19,LNG,55.8,10.0,240.0,24,724.005,0.82,Calm,FMS_MARITIME,2026-04-06
2022-06-12,19,HFO,38.76,12.8,307.2,24,392.8992,0.87,Rough,FMS_MARITIME,2026-04-06
2022-06-13,19,HFO,52.79,10.6,254.4,24,646.1795,0.6,Calm,FMS_MARITIME,2026-04-06
2022-06-14,19,LNG,62.09,12.6,302.4,24,639.3792,0.83,Rough,FMS_MARITIME,2026-04-06
2022-06-15,19,LSMGO,75.22,10.7,256.8,24,912.1304,0.65,Rough,FMS_MARITIME,2026-04-06
2022-06-16,19,MGO,20.65,8.7,208.8,24,307.9698,0.47,Rough,FMS_MARITIME,2026-04-06
2022-06-17,19,VLSFO,64.0,14.8,355.2,24,561.0811,0.61,Moderate,FMS_MARITIME,2026-04-06
2022-06-18,19,LNG,37.57,9.8,235.2,24,497.4191,0.55,Rough,FMS_MARITIME,2026-04-06
2022-06-19,19,HFO,69.66,8.4,201.6,24,1075.9982,0.74,Rough,FMS_MARITIME,2026-04-06
2022-06-20,19,VLSFO,43.45,12.8,307.2,24,440.4404,0.47,Rough,FMS_MARITIME,2026-04-06
2022-06-21,19,LNG,60.75,10.2,244.8,24,772.7757,0.81,Moderate,FMS_MARITIME,2026-04-06
2022-06-22,19,LNG,74.03,11.4,273.6,24,842.5783,0.46,Rough,FMS_MARITIME,2026-04-06
2022-06-23,19,LSMGO,20.04,12.0,288.0,24,216.6825,0.83,Moderate,FMS_MARITIME,2026-04-06
2022-06-24,19,VLSFO,64.43,15.3,367.2,24,546.3917,0.43,Moderate,FMS_MARITIME,2026-04-06
2022-06-25,19,LSMGO,38.99,11.2,268.8,24,451.6922,0.99,Rough,FMS_MARITIME,2026-04-06
2022-06-26,19,MGO,81.52,12.0,288.0,24,881.435,0.6,Rough,FMS_MARITIME,2026-04-06
2022-06-27,19,VLSFO,73.44,11.9,285.6,24,800.7429,0.98,Calm,FMS_MARITIME,2026-04-06
2022-06-28,19,VLSFO,67.07,8.4,201.6,24,1035.992,0.57,Rough,FMS_MARITIME,2026-04-06
2022-06-28,19,HFO,57.38,17.1,410.4,24,435.3833,0.62,Rough,FMS_MARITIME,2026-04-06
2022-06-28,19,HFO,71.63,8.5,204.0,24,1093.4109,0.85,Calm,FMS_MARITIME,2026-04-06
2022-06-01,20,HFO,41.07,17.8,427.2,24,299.3726,0.85,Rough,FMS_MARITIME,2026-04-06
2022-06-02,20,LNG,50.01,17.9,429.6,24,362.5027,0.76,Rough,FMS_MARITIME,2026-04-06
2022-06-03,20,MGO,78.58,17.6,422.4,24,579.3043,0.72,Calm,FMS_MARITIME,2026-04-06
2022-06-04,20,VLSFO,19.38,14.1,338.4,24,178.3372,0.95,Rough,FMS_MARITIME,2026-04-06
2022-06-05,20,LNG,61.95,8.9,213.6,24,903.1475,0.45,Rough,FMS_MARITIME,2026-04-06
2022-06-06,20,LNG,27.27,8.4,201.6,24,421.2241,0.44,Calm,FMS_MARITIME,2026-04-06
2022-06-07,20,VLSFO,37.71,17.5,420.0,24,279.5927,0.83,Moderate,FMS_MARITIME,2026-04-06
2022-06-08,20,VLSFO,61.02,12.6,302.4,24,628.3607,0.74,Moderate,FMS_MARITIME,2026-04-06
2022-06-09,20,MGO,84.1,16.5,396.0,24,661.3318,0.9,Moderate,FMS_MARITIME,2026-04-06
2022-06-10,20,VLSFO,62.65,12.3,295.2,24,660.8811,0.47,Calm,FMS_MARITIME,2026-04-06
2022-06-11,20,VLSFO,58.49,16.5,396.0,24,459.9441,0.84,Moderate,FMS_MARITIME,2026-04-06
2022-06-12,20,MGO,37.49,15.8,379.2,24,307.8688,0.57,Calm,FMS_MARITIME,2026-04-06
2022-06-13,20,LSMGO,51.64,16.5,396.0,24,406.0782,0.77,Moderate,FMS_MARITIME,2026-04-06
2022-06-14,20,LNG,70.81,14.5,348.0,24,633.6274,0.98,Moderate,FMS_MARITIME,2026-04-06
2022-06-15,20,LNG,84.19,11.1,266.4,24,984.1128,0.49,Moderate,FMS_MARITIME,2026-04-06
2022-06-16,20,VLSFO,46.22,8.3,199.2,24,722.5355,0.49,Rough,FMS_MARITIME,2026-04-06
2022-06-17,20,MGO,24.78,13.7,328.8,24,234.6865,0.95,Rough,FMS_MARITIME,2026-04-06
2022-06-18,20,LNG,47.03,18.0,432.0,24,339.0079,0.61,Moderate,FMS_MARITIME,2026-04-06
2022-06-19,20,LNG,27.31,9.2,220.8,24,385.1601,0.9,Calm,FMS_MARITIME,2026-04-06
2022-06-20,20,HFO,19.64,9.5,228.0,24,268.2411,0.51,Calm,FMS_MARITIME,2026-04-06
2022-06-21,20,LSMGO,20.3,8.7,208.8,24,302.75,0.64,Calm,FMS_MARITIME,2026-04-06
2022-06-22,20,VLSFO,68.41,15.9,381.6,24,558.2514,0.77,Rough,FMS_MARITIME,2026-04-06
2022-06-23,20,LNG,75.07,16.5,396.0,24,590.3232,0.7,Rough,FMS_MARITIME,2026-04-06
2022-06-24,20,LNG,24.08,12.9,309.6,24,242.2,0.96,Calm,FMS_MARITIME,2026-04-06
2022-06-25,20,LSMGO,33.86,17.6,422.4,24,249.6213,0.5,Moderate,FMS_MARITIME,2026-04-06
2022-06-26,20,HFO,15.29,8.1,194.4,24,244.9231,0.53,Rough,FMS_MARITIME,2026-04-06
2022-06-27,20,HFO,67.91,13.5,324.0,24,652.6906,0.71,Moderate,FMS_MARITIME,2026-04-06
2022-06-28,20,HFO,47.05,9.7,232.8,24,629.3544,0.67,Calm,FMS_MARITIME,2026-04-06
2022-06-28,20,LSMGO,23.08,15.1,362.4,24,198.3199,0.45,Calm,FMS_MARITIME,2026-04-06
2022-06-28,20,VLSFO,61.87,15.3,367.2,24,524.6819,0.62,Rough,FMS_MARITIME,2026-04-06
2022-06-01,21,LSMGO,56.5,12.9,309.6,24,568.2849,0.97,Moderate,FMS_MARITIME,2026-04-06
2022-06-02,21,LSMGO,45.2,13.4,321.6,24,437.6642,0.55,Moderate,FMS_MARITIME,2026-04-06
2022-06-03,21,MGO,31.62,15.8,379.2,24,259.6642,0.54,Rough,FMS_MARITIME,2026-04-06
2022-06-04,21,HFO,50.38,16.9,405.6,24,386.7932,0.87,Calm,FMS_MARITIME,2026-04-06
2022-06-05,21,HFO,45.78,13.2,316.8,24,449.9966,0.49,Calm,FMS_MARITIME,2026-04-06
2022-06-06,21,HFO,37.54,15.2,364.8,24,320.4484,0.82,Calm,FMS_MARITIME,2026-04-06
2022-06-07,21,LNG,36.96,16.5,396.0,24,290.64,0.58,Calm,FMS_MARITIME,2026-04-06
2022-06-08,21,LSMGO,38.52,17.8,427.2,24,280.7848,0.66,Calm,FMS_MARITIME,2026-04-06
2022-06-09,21,HFO,55.72,13.9,333.6,24,520.1201,0.76,Moderate,FMS_MARITIME,2026-04-06
2022-06-10,21,VLSFO,24.17,10.1,242.4,24,310.5007,0.78,Rough,FMS_MARITIME,2026-04-06
2022-06-11,21,MGO,43.13,8.6,206.4,24,650.7113,0.88,Calm,FMS_MARITIME,2026-04-06
2022-06-12,21,MGO,26.45,14.4,345.6,24,238.3255,0.65,Rough,FMS_MARITIME,2026-04-06
2022-06-13,21,LSMGO,48.49,8.8,211.2,24,714.952,0.41,Rough,FMS_MARITIME,2026-04-06
2022-06-14,21,HFO,29.46,14.8,355.2,24,258.2726,0.77,Rough,FMS_MARITIME,2026-04-06
2022-06-15,21,MGO,64.82,12.8,307.2,24,657.0621,0.8,Calm,FMS_MARITIME,2026-04-06
2022-06-16,21,MGO,57.84,17.3,415.2,24,433.8,0.91,Rough,FMS_MARITIME,2026-04-06
2022-06-17,21,LSMGO,70.81,9.2,220.8,24,998.6519,0.85,Moderate,FMS_MARITIME,2026-04-06
2022-06-18,21,LNG,77.14,11.6,278.4,24,862.8375,0.43,Rough,FMS_MARITIME,2026-04-06
2022-06-19,21,MGO,81.36,13.5,324.0,24,781.96,0.9,Rough,FMS_MARITIME,2026-04-06
2022-06-20,21,LNG,16.31,12.3,295.2,24,172.0506,0.78,Rough,FMS_MARITIME,2026-04-06
2022-06-21,21,LSMGO,55.69,14.9,357.6,24,484.9515,0.54,Moderate,FMS_MARITIME,2026-04-06
2022-06-22,21,MGO,32.78,14.5,348.0,24,293.3245,0.78,Moderate,FMS_MARITIME,2026-04-06
2022-06-23,21,MGO,35.99,15.9,381.6,24,293.692,0.96,Rough,FMS_MARITIME,2026-04-06
2022-06-24,21,MGO,24.72,12.1,290.4,24,265.076,0.89,Rough,FMS_MARITIME,2026-04-06
2022-06-25,21,LNG,69.55,16.6,398.4,24,543.6212,0.83,Moderate,FMS_MARITIME,2026-04-06
2022-06-26,21,LNG,69.83,11.3,271.2,24,801.8091,0.43,Moderate,FMS_MARITIME,2026-04-06
2022-06-27,21,MGO,28.59,13.9,333.6,24,266.8743,0.76,Moderate,FMS_MARITIME,2026-04-06
2022-06-28,21,VLSFO,39.66,11.5,276.0,24,447.4683,0.58,Calm,FMS_MARITIME,2026-04-06
2022-06-28,21,MGO,73.19,8.7,208.8,24,1091.5405,0.81,Rough,FMS_MARITIME,2026-04-06
2022-06-28,21,HFO,20.01,17.0,408.0,24,152.7234,0.61,Calm,FMS_MARITIME,2026-04-06
2022-06-01,22,MGO,31.8,10.5,252.0,24,392.9571,0.48,Calm,FMS_MARITIME,2026-04-06
2022-06-02,22,LNG,56.65,13.7,328.8,24,536.521,0.95,Moderate,FMS_MARITIME,2026-04-06
2022-06-03,22,HFO,17.8,14.0,336.0,24,164.9679,0.91,Moderate,FMS_MARITIME,2026-04-06
2022-06-04,22,LSMGO,53.87,10.6,254.4,24,659.3993,0.51,Rough,FMS_MARITIME,2026-04-06
2022-06-05,22,LSMGO,56.69,10.2,244.8,24,721.1301,0.48,Calm,FMS_MARITIME,2026-04-06
2022-06-06,22,LNG,81.62,9.0,216.0,24,1176.6883,0.72,Calm,FMS_MARITIME,2026-04-06
2022-06-07,22,MGO,44.88,16.1,386.4,24,361.6882,0.45,Calm,FMS_MARITIME,2026-04-06
2022-06-08,22,MGO,80.41,15.7,376.8,24,664.5349,0.48,Rough,FMS_MARITIME,2026-04-06
2022-06-09,22,LSMGO,80.9,12.1,290.4,24,867.5021,0.89,Rough,FMS_MARITIME,2026-04-06
2022-06-10,22,MGO,53.16,13.1,314.4,24,526.5275,0.64,Rough,FMS_MARITIME,2026-04-06
2022-06-11,22,LNG,25.82,9.9,237.6,24,338.3985,0.92,Rough,FMS_MARITIME,2026-04-06
2022-06-12,22,VLSFO,82.41,15.1,362.4,24,708.1257,0.51,Calm,FMS_MARITIME,2026-04-06
2022-06-13,22,LSMGO,18.44,15.5,372.0,24,154.3606,0.7,Moderate,FMS_MARITIME,2026-04-06
2022-06-14,22,MGO,37.12,12.6,302.4,24,382.2476,0.77,Calm,FMS_MARITIME,2026-04-06
2022-06-15,22,MGO,41.16,12.7,304.8,24,420.5126,0.52,Calm,FMS_MARITIME,2026-04-06
2022-06-16,22,LNG,72.47,9.1,218.4,24,1033.2948,0.84,Rough,FMS_MARITIME,2026-04-06
2022-06-17,22,LSMGO,31.55,11.5,276.0,24,355.9663,0.99,Moderate,FMS_MARITIME,2026-04-06
2022-06-18,22,LSMGO,58.62,14.2,340.8,24,535.6299,0.74,Moderate,FMS_MARITIME,2026-04-06
2022-06-19,22,LSMGO,21.58,11.2,268.8,24,250.0004,0.48,Moderate,FMS_MARITIME,2026-04-06
2022-06-20,22,LSMGO,19.48,16.1,386.4,24,156.9894,0.79,Rough,FMS_MARITIME,2026-04-06
2022-06-21,22,LNG,33.21,16.0,384.0,24,269.3123,0.83,Moderate,FMS_MARITIME,2026-04-06
2022-06-22,22,MGO,74.02,15.4,369.6,24,623.6425,0.95,Rough,FMS_MARITIME,2026-04-06
2022-06-23,22,LSMGO,40.56,10.5,252.0,24,501.2057,0.85,Calm,FMS_MARITIME,2026-04-06
2022-06-24,22,MGO,73.22,10.3,247.2,24,922.3587,0.79,Moderate,FMS_MARITIME,2026-04-06
2022-06-25,22,LSMGO,17.03,13.5,324.0,24,163.6772,0.44,Calm,FMS_MARITIME,2026-04-06
2022-06-26,22,HFO,37.26,13.6,326.4,24,355.4768,0.46,Calm,FMS_MARITIME,2026-04-06
2022-06-27,22,HFO,69.79,8.0,192.0,24,1131.9066,0.57,Moderate,FMS_MARITIME,2026-04-06
2022-06-28,22,MGO,48.58,12.9,309.6,24,488.6244,0.49,Calm,FMS_MARITIME,2026-04-06
2022-06-28,22,HFO,21.26,14.5,348.0,24,190.2403,0.64,Rough,FMS_MARITIME,2026-04-06
2022-06-28,22,VLSFO,22.33,10.0,240.0,24,289.7317,0.9,Calm,FMS_MARITIME,2026-04-06
2022-06-01,23,LSMGO,52.13,8.7,208.8,24,777.456,0.64,Moderate,FMS_MARITIME,2026-04-06
2022-06-02,23,MGO,37.57,14.3,343.2,24,340.8886,0.45,Moderate,FMS_MARITIME,2026-04-06
2022-06-03,23,VLSFO,72.2,9.1,218.4,24,1029.4451,0.84,Moderate,FMS_MARITIME,2026-04-06
2022-06-04,23,LNG,80.03,14.3,343.2,24,726.1463,0.86,Moderate,FMS_MARITIME,2026-04-06
2022-06-05,23,LSMGO,70.74,17.5,420.0,24,524.4866,0.87,Moderate,FMS_MARITIME,2026-04-06
2022-06-06,23,HFO,51.07,10.1,242.4,24,656.0725,0.83,Calm,FMS_MARITIME,2026-04-06
2022-06-07,23,MGO,50.73,9.9,237.6,24,664.8705,0.55,Moderate,FMS_MARITIME,2026-04-06
2022-06-08,23,LSMGO,49.12,12.7,304.8,24,501.8362,0.85,Rough,FMS_MARITIME,2026-04-06
2022-06-09,23,LSMGO,25.79,10.5,252.0,24,318.6907,0.74,Moderate,FMS_MARITIME,2026-04-06
2022-06-10,23,MGO,33.83,15.6,374.4,24,281.3745,0.99,Calm,FMS_MARITIME,2026-04-06
2022-06-11,23,LNG,71.7,14.4,345.6,24,646.0469,0.52,Rough,FMS_MARITIME,2026-04-06
2022-06-12,23,LSMGO,82.13,9.4,225.6,24,1133.6561,0.86,Moderate,FMS_MARITIME,2026-04-06
2022-06-13,23,MGO,18.51,12.3,295.2,24,195.2579,0.91,Rough,FMS_MARITIME,2026-04-06
2022-06-14,23,HFO,29.46,12.3,295.2,24,310.7671,0.72,Rough,FMS_MARITIME,2026-04-06
2022-06-15,23,VLSFO,46.25,13.8,331.2,24,434.8505,0.45,Rough,FMS_MARITIME,2026-04-06
2022-06-16,23,LSMGO,73.78,14.6,350.4,24,655.6818,0.9,Moderate,FMS_MARITIME,2026-04-06
2022-06-17,23,HFO,60.28,8.6,206.4,24,909.457,0.92,Moderate,FMS_MARITIME,2026-04-06
2022-06-18,23,LNG,34.96,14.6,350.4,24,310.689,0.86,Moderate,FMS_MARITIME,2026-04-06
2022-06-19,23,LNG,76.24,12.6,302.4,24,785.0905,0.49,Rough,FMS_MARITIME,2026-04-06
2022-06-20,23,VLSFO,18.29,11.2,268.8,24,211.8864,0.45,Rough,FMS_MARITIME,2026-04-06
2022-06-21,23,MGO,32.33,9.4,225.6,24,446.2572,0.44,Moderate,FMS_MARITIME,2026-04-06
2022-06-22,23,LSMGO,33.31,9.0,216.0,24,480.2192,0.7,Moderate,FMS_MARITIME,2026-04-06
2022-06-23,23,VLSFO,39.32,15.6,374.4,24,327.0365,0.4,Moderate,FMS_MARITIME,2026-04-06
2022-06-24,23,LNG,49.12,8.3,199.2,24,767.8699,0.72,Rough,FMS_MARITIME,2026-04-06
2022-06-25,23,MGO,51.79,14.1,338.4,24,476.5782,0.79,Moderate,FMS_MARITIME,2026-04-06
2022-06-26,23,MGO,39.2,13.3,319.2,24,382.4211,0.8,Calm,FMS_MARITIME,2026-04-06
2022-06-27,23,MGO,52.19,12.7,304.8,24,533.201,0.62,Calm,FMS_MARITIME,2026-04-06
2022-06-28,23,VLSFO,33.28,10.6,254.4,24,407.366,0.98,Moderate,FMS_MARITIME,2026-04-06
2022-06-28,23,LSMGO,49.34,12.3,295.2,24,520.4768,0.54,Calm,FMS_MARITIME,2026-04-06
2022-06-28,23,LNG,42.82,11.1,266.4,24,500.5311,0.84,Rough,FMS_MARITIME,2026-04-06
2022-06-01,24,MGO,17.11,10.9,261.6,24,203.6718,0.62,Moderate,FMS_MARITIME,2026-04-06
2022-06-02,24,MGO,29.04,16.2,388.8,24,232.5889,0.8,Rough,FMS_MARITIME,2026-04-06
2022-06-03,24,MGO,34.79,8.7,208.8,24,518.8509,0.64,Moderate,FMS_MARITIME,2026-04-06
2022-06-04,24,MGO,63.5,14.5,348.0,24,568.2155,0.8,Moderate,FMS_MARITIME,2026-04-06
2022-06-05,24,MGO,37.05,12.2,292.8,24,394.0359,0.74,Moderate,FMS_MARITIME,2026-04-06
2022-06-06,24,LNG,29.11,8.2,196.8,24,460.6125,0.72,Rough,FMS_MARITIME,2026-04-06
2022-06-07,24,HFO,32.46,10.3,247.2,24,408.9015,0.86,Calm,FMS_MARITIME,2026-04-06
2022-06-08,24,MGO,51.09,12.6,302.4,24,526.1054,0.45,Rough,FMS_MARITIME,2026-04-06
2022-06-09,24,VLSFO,18.71,17.9,429.6,24,135.6214,0.86,Moderate,FMS_MARITIME,2026-04-06
2022-06-10,24,HFO,52.78,8.0,192.0,24,856.0256,0.85,Moderate,FMS_MARITIME,2026-04-06
2022-06-11,24,LNG,78.52,16.4,393.6,24,621.2177,0.54,Calm,FMS_MARITIME,2026-04-06
2022-06-12,24,LSMGO,36.34,12.2,292.8,24,386.4848,0.42,Calm,FMS_MARITIME,2026-04-06
2022-06-13,24,LSMGO,42.52,9.7,232.8,24,568.7598,0.8,Rough,FMS_MARITIME,2026-04-06
2022-06-14,24,HFO,81.76,10.3,247.2,24,1029.9379,0.45,Rough,FMS_MARITIME,2026-04-06
2022-06-15,24,LNG,34.06,17.1,410.4,24,258.4377,0.55,Calm,FMS_MARITIME,2026-04-06
2022-06-16,24,LSMGO,30.38,11.2,268.8,24,351.9469,0.67,Moderate,FMS_MARITIME,2026-04-06
2022-06-17,24,MGO,23.69,16.0,384.0,24,192.1111,0.55,Calm,FMS_MARITIME,2026-04-06
2022-06-18,24,LSMGO,61.19,8.7,208.8,24,912.575,0.43,Calm,FMS_MARITIME,2026-04-06
2022-06-19,24,LSMGO,48.99,14.4,345.6,24,441.4203,0.57,Calm,FMS_MARITIME,2026-04-06
2022-06-20,24,LSMGO,80.43,16.4,393.6,24,636.3288,0.52,Moderate,FMS_MARITIME,2026-04-06
2022-06-21,24,LNG,62.77,12.4,297.6,24,656.8071,0.85,Calm,FMS_MARITIME,2026-04-06
2022-06-22,24,LNG,26.28,12.6,302.4,24,270.6214,0.62,Calm,FMS_MARITIME,2026-04-06
2022-06-23,24,VLSFO,82.31,17.5,420.0,24,610.2699,0.46,Rough,FMS_MARITIME,2026-04-06
2022-06-24,24,LNG,24.26,9.9,237.6,24,317.953,0.93,Rough,FMS_MARITIME,2026-04-06
2022-06-25,24,LSMGO,59.61,8.7,208.8,24,889.0112,0.88,Rough,FMS_MARITIME,2026-04-06
2022-06-26,24,HFO,60.35,13.4,321.6,24,584.3591,0.56,Moderate,FMS_MARITIME,2026-04-06
2022-06-27,24,MGO,75.61,10.2,244.8,24,961.8037,0.74,Moderate,FMS_MARITIME,2026-04-06
2022-06-28,24,VLSFO,40.66,17.2,412.8,24,306.723,0.53,Rough,FMS_MARITIME,2026-04-06
2022-06-28,24,MGO,84.33,13.6,326.4,24,804.5454,0.54,Rough,FMS_MARITIME,2026-04-06
2022-06-28,24,VLSFO,29.41,11.4,273.6,24,334.7322,0.98,Moderate,FMS_MARITIME,2026-04-06
2022-06-01,25,VLSFO,59.3,17.7,424.8,24,434.6992,0.87,Moderate,FMS_MARITIME,2026-04-06
2022-06-02,25,VLSFO,81.65,15.2,364.8,24,696.9794,0.57,Calm,FMS_MARITIME,2026-04-06
2022-06-03,25,LSMGO,54.62,12.9,309.6,24,549.3756,0.93,Moderate,FMS_MARITIME,2026-04-06
2022-06-04,25,VLSFO,82.64,17.8,427.2,24,602.3899,0.83,Rough,FMS_MARITIME,2026-04-06
2022-06-05,25,VLSFO,53.73,16.4,393.6,24,425.0895,0.88,Calm,FMS_MARITIME,2026-04-06
2022-06-06,25,LNG,62.55,11.4,273.6,24,711.9178,0.55,Rough,FMS_MARITIME,2026-04-06
2022-06-07,25,LNG,51.16,15.9,381.6,24,417.4849,0.62,Rough,FMS_MARITIME,2026-04-06
2022-06-08,25,VLSFO,77.9,18.0,432.0,24,561.5292,0.71,Calm,FMS_MARITIME,2026-04-06
2022-06-09,25,HFO,58.82,11.1,266.4,24,687.5581,0.9,Rough,FMS_MARITIME,2026-04-06
2022-06-10,25,HFO,22.69,11.4,273.6,24,258.248,0.48,Rough,FMS_MARITIME,2026-04-06
2022-06-11,25,MGO,36.17,13.6,326.4,24,345.0778,0.78,Moderate,FMS_MARITIME,2026-04-06
2022-06-12,25,HFO,66.08,17.9,429.6,24,478.9877,0.52,Moderate,FMS_MARITIME,2026-04-06
2022-06-13,25,HFO,30.85,8.8,211.2,24,454.8622,0.71,Moderate,FMS_MARITIME,2026-04-06
2022-06-14,25,HFO,31.93,8.2,196.8,24,505.2338,0.64,Calm,FMS_MARITIME,2026-04-06
2022-06-15,25,LNG,58.65,15.6,374.4,24,487.8101,0.79,Moderate,FMS_MARITIME,2026-04-06
2022-06-16,25,LSMGO,35.15,15.9,381.6,24,286.8373,0.75,Rough,FMS_MARITIME,2026-04-06
2022-06-17,25,HFO,75.1,12.9,309.6,24,755.3663,0.92,Moderate,FMS_MARITIME,2026-04-06
2022-06-18,25,LSMGO,58.73,17.8,427.2,24,428.1021,0.46,Calm,FMS_MARITIME,2026-04-06
2022-06-19,25,LSMGO,36.84,13.0,312.0,24,367.6915,0.51,Moderate,FMS_MARITIME,2026-04-06
2022-06-20,25,LNG,63.68,13.0,312.0,24,635.5754,0.8,Moderate,FMS_MARITIME,2026-04-06
2022-06-21,25,LNG,74.05,13.9,333.6,24,691.2221,0.59,Rough,FMS_MARITIME,2026-04-06
2022-06-22,25,LSMGO,23.63,9.2,220.8,24,333.2601,0.52,Calm,FMS_MARITIME,2026-04-06
2022-06-23,25,VLSFO,19.72,17.0,408.0,24,150.51,0.74,Rough,FMS_MARITIME,2026-04-06
2022-06-24,25,MGO,27.31,11.2,268.8,24,316.3815,0.51,Moderate,FMS_MARITIME,2026-04-06
2022-06-25,25,LSMGO,27.11,15.3,367.2,24,229.9034,0.46,Moderate,FMS_MARITIME,2026-04-06
2022-06-26,25,HFO,74.96,12.5,300.0,24,778.0848,0.59,Calm,FMS_MARITIME,2026-04-06
2022-06-27,25,HFO,23.66,12.8,307.2,24,239.8348,0.65,Rough,FMS_MARITIME,2026-04-06
2022-06-28,25,VLSFO,24.4,8.1,194.4,24,390.8519,0.94,Rough,FMS_MARITIME,2026-04-06
2022-06-28,25,LSMGO,24.74,16.2,388.8,24,198.1491,0.77,Rough,FMS_MARITIME,2026-04-06
2022-06-28,25,LNG,27.8,10.2,244.8,24,353.6324,0.84,Moderate,FMS_MARITIME,2026-04-06
2022-06-01,26,VLSFO,16.38,13.0,312.0,24,163.485,0.66,Moderate,FMS_MARITIME,2026-04-06
2022-06-02,26,HFO,80.11,8.1,194.4,24,1283.2435,0.93,Calm,FMS_MARITIME,2026-04-06
2022-06-03,26,LSMGO,75.97,13.4,321.6,24,735.605,0.81,Moderate,FMS_MARITIME,2026-04-06
2022-06-04,26,HFO,62.84,8.3,199.2,24,982.3482,0.58,Moderate,FMS_MARITIME,2026-04-06
2022-06-05,26,HFO,65.31,13.3,319.2,24,637.1408,0.62,Calm,FMS_MARITIME,2026-04-06
2022-06-06,26,MGO,51.62,10.9,261.6,24,614.4674,0.77,Moderate,FMS_MARITIME,2026-04-06
2022-06-07,26,LSMGO,24.36,15.1,362.4,24,209.3185,0.41,Calm,FMS_MARITIME,2026-04-06
2022-06-08,26,HFO,52.93,15.8,379.2,24,434.6625,0.96,Calm,FMS_MARITIME,2026-04-06
2022-06-09,26,LNG,64.59,16.4,393.6,24,511.0093,0.85,Moderate,FMS_MARITIME,2026-04-06
2022-06-10,26,LSMGO,81.94,11.3,271.2,24,940.8597,0.7,Moderate,FMS_MARITIME,2026-04-06
2022-06-11,26,LNG,41.48,13.4,321.6,24,401.644,0.96,Rough,FMS_MARITIME,2026-04-06
2022-06-12,26,VLSFO,36.57,12.5,300.0,24,379.5966,0.82,Rough,FMS_MARITIME,2026-04-06
2022-06-13,26,LNG,42.25,11.4,273.6,24,480.8717,0.57,Rough,FMS_MARITIME,2026-04-06
2022-06-14,26,MGO,46.99,17.9,429.6,24,340.6119,0.62,Moderate,FMS_MARITIME,2026-04-06
2022-06-15,26,VLSFO,44.71,16.8,403.2,24,345.3049,0.5,Calm,FMS_MARITIME,2026-04-06
2022-06-16,26,LSMGO,18.28,10.5,252.0,24,225.8886,0.72,Rough,FMS_MARITIME,2026-04-06
2022-06-17,26,LSMGO,31.65,16.3,391.2,24,251.9379,0.64,Moderate,FMS_MARITIME,2026-04-06
2022-06-18,26,HFO,83.96,14.1,338.4,24,772.6106,0.84,Moderate,FMS_MARITIME,2026-04-06
2022-06-19,26,VLSFO,75.01,15.6,374.4,24,623.8813,0.56,Calm,FMS_MARITIME,2026-04-06
2022-06-20,26,MGO,54.94,12.8,307.2,24,556.9113,1.0,Moderate,FMS_MARITIME,2026-04-06
2022-06-21,26,LNG,72.81,10.8,259.2,24,874.7313,0.56,Calm,FMS_MARITIME,2026-04-06
2022-06-22,26,HFO,28.87,13.7,328.8,24,273.4221,0.82,Moderate,FMS_MARITIME,2026-04-06
2022-06-23,26,LSMGO,77.66,14.0,336.0,24,719.7418,0.51,Rough,FMS_MARITIME,2026-04-06
2022-06-24,26,LSMGO,18.01,11.4,273.6,24,204.9822,0.98,Moderate,FMS_MARITIME,2026-04-06
2022-06-25,26,LNG,83.18,10.2,244.8,24,1058.0985,0.75,Rough,FMS_MARITIME,2026-04-06
2022-06-26,26,MGO,22.55,15.6,374.4,24,187.5553,0.82,Calm,FMS_MARITIME,2026-04-06
2022-06-27,26,VLSFO,33.7,15.4,369.6,24,283.9334,0.69,Rough,FMS_MARITIME,2026-04-06
2022-06-28,26,MGO,61.55,15.7,376.8,24,508.6696,0.75,Moderate,FMS_MARITIME,2026-04-06
2022-06-28,26,HFO,54.26,14.0,336.0,24,502.8739,0.64,Rough,FMS_MARITIME,2026-04-06
2022-06-28,26,LSMGO,32.96,13.0,312.0,24,328.9662,0.84,Moderate,FMS_MARITIME,2026-04-06
2022-06-01,27,MGO,67.11,10.8,259.2,24,806.2521,0.53,Rough,FMS_MARITIME,2026-04-06
2022-06-02,27,HFO,46.11,13.2,316.8,24,453.2403,0.69,Calm,FMS_MARITIME,2026-04-06
2022-06-03,27,MGO,43.46,9.4,225.6,24,599.8867,0.57,Rough,FMS_MARITIME,2026-04-06
2022-06-04,27,HFO,17.0,16.1,386.4,24,137.0031,1.0,Rough,FMS_MARITIME,2026-04-06
2022-06-05,27,HFO,76.45,8.2,196.8,24,1209.6814,0.59,Moderate,FMS_MARITIME,2026-04-06
2022-06-06,27,LSMGO,81.95,13.4,321.6,24,793.5084,0.5,Calm,FMS_MARITIME,2026-04-06
2022-06-07,27,LNG,20.61,17.3,415.2,24,154.575,0.86,Rough,FMS_MARITIME,2026-04-06
2022-06-08,27,HFO,37.54,14.7,352.8,24,331.348,0.47,Calm,FMS_MARITIME,2026-04-06
2022-06-09,27,MGO,41.34,11.7,280.8,24,458.45,0.59,Rough,FMS_MARITIME,2026-04-06
2022-06-10,27,MGO,61.5,10.6,254.4,24,752.7948,0.6,Rough,FMS_MARITIME,2026-04-06
2022-06-11,27,LSMGO,69.54,14.5,348.0,24,622.2631,0.72,Moderate,FMS_MARITIME,2026-04-06
2022-06-12,27,VLSFO,48.61,14.0,336.0,24,450.5105,0.43,Moderate,FMS_MARITIME,2026-04-06
2022-06-13,27,MGO,49.25,12.9,309.6,24,495.3634,0.55,Calm,FMS_MARITIME,2026-04-06
2022-06-14,27,LSMGO,34.32,13.0,312.0,24,342.54,0.95,Rough,FMS_MARITIME,2026-04-06
2022-06-15,27,MGO,48.74,8.6,206.4,24,735.3506,0.96,Rough,FMS_MARITIME,2026-04-06
2022-06-16,27,LSMGO,33.84,17.7,424.8,24,248.0644,0.64,Moderate,FMS_MARITIME,2026-04-06
2022-06-17,27,VLSFO,49.75,11.3,271.2,24,571.2445,0.82,Rough,FMS_MARITIME,2026-04-06
2022-06-18,27,LNG,79.2,10.0,240.0,24,1027.62,0.94,Calm,FMS_MARITIME,2026-04-06
2022-06-19,27,LNG,20.32,8.1,194.4,24,325.4963,0.72,Moderate,FMS_MARITIME,2026-04-06
2022-06-20,27,MGO,84.79,18.0,432.0,24,611.1946,0.85,Rough,FMS_MARITIME,2026-04-06
2022-06-21,27,VLSFO,60.84,12.5,300.0,24,631.5192,0.58,Calm,FMS_MARITIME,2026-04-06
2022-06-22,27,MGO,34.69,11.1,266.4,24,405.498,0.59,Moderate,FMS_MARITIME,2026-04-06
2022-06-23,27,MGO,42.76,13.3,319.2,24,417.1511,0.5,Moderate,FMS_MARITIME,2026-04-06
2022-06-24,27,VLSFO,69.01,12.8,307.2,24,699.535,0.61,Calm,FMS_MARITIME,2026-04-06
2022-06-25,27,LNG,28.66,17.6,422.4,24,211.2861,0.53,Calm,FMS_MARITIME,2026-04-06
2022-06-26,27,LSMGO,21.8,11.2,268.8,24,252.5491,0.94,Moderate,FMS_MARITIME,2026-04-06
2022-06-27,27,HFO,28.03,16.8,403.2,24,216.4817,0.98,Moderate,FMS_MARITIME,2026-04-06
2022-06-28,27,VLSFO,24.18,8.0,192.0,24,392.1694,0.54,Moderate,FMS_MARITIME,2026-04-06
2022-06-28,27,HFO,80.06,15.7,376.8,24,661.6424,0.62,Moderate,FMS_MARITIME,2026-04-06
2022-06-28,27,MGO,69.69,12.5,300.0,24,723.3822,0.61,Calm,FMS_MARITIME,2026-04-06
2022-06-01,28,VLSFO,21.37,15.3,367.2,24,181.226,0.44,Calm,FMS_MARITIME,2026-04-06
2022-06-02,28,LSMGO,61.39,17.2,412.8,24,463.1019,0.73,Moderate,FMS_MARITIME,2026-04-06
2022-06-03,28,LNG,20.01,11.4,273.6,24,227.7454,0.91,Moderate,FMS_MARITIME,2026-04-06
2022-06-04,28,LNG,75.47,9.0,216.0,24,1088.0258,0.81,Moderate,FMS_MARITIME,2026-04-06
2022-06-05,28,HFO,47.2,12.6,302.4,24,486.0476,0.47,Calm,FMS_MARITIME,2026-04-06
2022-06-06,28,MGO,67.18,14.1,338.4,24,618.1989,0.72,Rough,FMS_MARITIME,2026-04-06
2022-06-07,28,LSMGO,67.6,17.0,408.0,24,515.9471,0.8,Moderate,FMS_MARITIME,2026-04-06
2022-06-08,28,LNG,80.28,11.9,285.6,24,875.3218,0.91,Rough,FMS_MARITIME,2026-04-06
2022-06-09,28,HFO,84.07,10.5,252.0,24,1038.865,0.44,Rough,FMS_MARITIME,2026-04-06
2022-06-10,28,LNG,50.06,15.1,362.4,24,430.1513,0.76,Moderate,FMS_MARITIME,2026-04-06
2022-06-11,28,LNG,74.59,14.6,350.4,24,662.8803,0.61,Rough,FMS_MARITIME,2026-04-06
2022-06-12,28,HFO,34.37,16.2,388.8,24,275.2782,0.5,Calm,FMS_MARITIME,2026-04-06
2022-06-13,28,VLSFO,73.47,10.8,259.2,24,882.6604,0.71,Calm,FMS_MARITIME,2026-04-06
2022-06-14,28,LNG,57.66,15.3,367.2,24,488.9794,0.75,Moderate,FMS_MARITIME,2026-04-06
2022-06-15,28,LSMGO,58.8,14.7,352.8,24,519.0,0.8,Rough,FMS_MARITIME,2026-04-06
2022-06-16,28,LSMGO,30.84,11.3,271.2,24,354.1142,0.91,Moderate,FMS_MARITIME,2026-04-06
2022-06-17,28,HFO,21.13,12.8,307.2,24,214.1889,0.71,Calm,FMS_MARITIME,2026-04-06
2022-06-18,28,LNG,47.52,8.3,199.2,24,742.8578,0.6,Moderate,FMS_MARITIME,2026-04-06
2022-06-19,28,VLSFO,18.4,16.9,405.6,24,141.2663,0.49,Calm,FMS_MARITIME,2026-04-06
2022-06-20,28,VLSFO,70.54,12.3,295.2,24,744.111,0.86,Rough,FMS_MARITIME,2026-04-06
2022-06-21,28,LNG,39.33,11.9,285.6,24,428.8292,0.45,Moderate,FMS_MARITIME,2026-04-06
2022-06-22,28,VLSFO,23.67,9.0,216.0,24,341.2425,0.62,Calm,FMS_MARITIME,2026-04-06
2022-06-23,28,LSMGO,35.22,15.5,372.0,24,294.8255,0.83,Calm,FMS_MARITIME,2026-04-06
2022-06-24,28,LNG,70.61,13.3,319.2,24,688.8457,0.49,Calm,FMS_MARITIME,2026-04-06
2022-06-25,28,LSMGO,75.02,10.0,240.0,24,973.3845,0.51,Moderate,FMS_MARITIME,2026-04-06
2022-06-26,28,VLSFO,21.88,9.3,223.2,24,305.2613,0.55,Moderate,FMS_MARITIME,2026-04-06
2022-06-27,28,HFO,72.28,8.8,211.2,24,1065.7193,0.79,Rough,FMS_MARITIME,2026-04-06
2022-06-28,28,VLSFO,84.58,17.1,410.4,24,641.7693,0.49,Rough,FMS_MARITIME,2026-04-06
2022-06-28,28,HFO,35.0,11.4,273.6,24,398.3553,0.79,Calm,FMS_MARITIME,2026-04-06
2022-06-28,28,LNG,57.7,12.1,290.4,24,618.7252,0.96,Rough,FMS_MARITIME,2026-04-06
2022-06-01,29,VLSFO,75.71,15.5,372.0,24,633.766,0.53,Rough,FMS_MARITIME,2026-04-06
2022-06-02,29,VLSFO,28.86,10.0,240.0,24,374.4585,0.8,Rough,FMS_MARITIME,2026-04-06
2022-06-03,29,VLSFO,59.49,9.8,235.2,24,787.6355,0.86,Moderate,FMS_MARITIME,2026-04-06
2022-06-04,29,VLSFO,75.67,12.1,290.4,24,811.42,0.86,Calm,FMS_MARITIME,2026-04-06
2022-06-05,29,LNG,70.99,14.6,350.4,24,630.8872,0.51,Calm,FMS_MARITIME,2026-04-06
2022-06-06,29,LNG,62.29,12.5,300.0,24,646.5702,0.56,Calm,FMS_MARITIME,2026-04-06
2022-06-07,29,VLSFO,23.86,12.5,300.0,24,247.6668,0.87,Calm,FMS_MARITIME,2026-04-06
2022-06-08,29,MGO,21.29,14.8,355.2,24,186.6471,0.63,Moderate,FMS_MARITIME,2026-04-06
2022-06-09,29,LNG,54.5,16.3,391.2,24,433.8267,0.46,Moderate,FMS_MARITIME,2026-04-06
2022-06-10,29,VLSFO,41.43,11.2,268.8,24,479.9592,0.88,Moderate,FMS_MARITIME,2026-04-06
2022-06-11,29,MGO,28.65,13.5,324.0,24,275.3583,0.85,Calm,FMS_MARITIME,2026-04-06
2022-06-12,29,LSMGO,20.01,9.7,232.8,24,267.6595,0.74,Calm,FMS_MARITIME,2026-04-06
2022-06-13,29,VLSFO,54.95,17.1,410.4,24,416.9452,0.75,Moderate,FMS_MARITIME,2026-04-06
2022-06-14,29,LSMGO,83.67,13.8,331.2,24,786.6799,0.58,Moderate,FMS_MARITIME,2026-04-06
2022-06-15,29,HFO,75.23,12.8,307.2,24,762.5854,0.76,Moderate,FMS_MARITIME,2026-04-06
2022-06-16,29,VLSFO,68.44,12.6,302.4,24,704.769,0.73,Moderate,FMS_MARITIME,2026-04-06
2022-06-17,29,LNG,23.95,15.8,379.2,24,196.678,0.73,Calm,FMS_MARITIME,2026-04-06
2022-06-18,29,LNG,27.71,16.6,398.4,24,216.5887,0.76,Rough,FMS_MARITIME,2026-04-06
2022-06-19,29,HFO,45.67,17.7,424.8,24,334.7843,0.7,Rough,FMS_MARITIME,2026-04-06
2022-06-20,29,LNG,81.0,12.1,290.4,24,868.5744,0.47,Calm,FMS_MARITIME,2026-04-06
2022-06-21,29,LSMGO,15.2,12.0,288.0,24,164.35,0.52,Calm,FMS_MARITIME,2026-04-06
2022-06-22,29,VLSFO,62.49,14.5,348.0,24,559.1778,0.75,Rough,FMS_MARITIME,2026-04-06
2022-06-23,29,MGO,55.72,11.6,278.4,24,623.2474,0.6,Rough,FMS_MARITIME,2026-04-06
2022-06-24,29,VLSFO,84.58,9.9,237.6,24,1108.5106,0.99,Calm,FMS_MARITIME,2026-04-06
2022-06-25,29,HFO,68.38,14.3,343.2,24,620.4409,0.75,Rough,FMS_MARITIME,2026-04-06
2022-06-26,29,LSMGO,42.52,11.8,283.2,24,467.5398,0.48,Rough,FMS_MARITIME,2026-04-06
2022-06-27,29,LSMGO,69.9,16.8,403.2,24,539.8527,0.62,Calm,FMS_MARITIME,2026-04-06
2022-06-28,29,HFO,21.13,16.1,386.4,24,170.2868,0.68,Rough,FMS_MARITIME,2026-04-06
2022-06-28,29,MGO,25.39,15.3,367.2,24,215.3172,0.48,Rough,FMS_MARITIME,2026-04-06
2022-06-28,29,VLSFO,16.87,8.4,201.6,24,260.5813,0.73,Rough,FMS_MARITIME,2026-04-06
2022-06-01,30,HFO,18.08,8.8,211.2,24,266.5773,0.79,Calm,FMS_MARITIME,2026-04-06
2022-06-02,30,MGO,83.94,15.1,362.4,24,721.2725,0.66,Rough,FMS_MARITIME,2026-04-06
2022-06-03,30,LNG,42.42,17.1,410.4,24,321.8711,0.68,Rough,FMS_MARITIME,2026-04-06
2022-06-04,30,MGO,23.07,10.2,244.8,24,293.464,0.44,Calm,FMS_MARITIME,2026-04-06
2022-06-05,30,LNG,36.13,11.7,280.8,24,400.6724,0.5,Moderate,FMS_MARITIME,2026-04-06
2022-06-06,30,VLSFO,75.64,17.1,410.4,24,573.9351,0.85,Rough,FMS_MARITIME,2026-04-06
2022-06-07,30,HFO,69.72,15.1,362.4,24,599.0841,0.43,Calm,FMS_MARITIME,2026-04-06
2022-06-08,30,VLSFO,39.87,9.1,218.4,24,568.4761,0.56,Moderate,FMS_MARITIME,2026-04-06
2022-06-09,30,LNG,32.02,17.2,412.8,24,241.5462,0.9,Rough,FMS_MARITIME,2026-04-06
2022-06-10,30,MGO,66.07,17.0,408.0,24,504.2696,0.46,Calm,FMS_MARITIME,2026-04-06
2022-06-11,30,LNG,58.69,10.1,242.4,24,753.9631,0.8,Rough,FMS_MARITIME,2026-04-06
2022-06-12,30,LSMGO,15.31,9.1,218.4,24,218.2937,0.42,Calm,FMS_MARITIME,2026-04-06
2022-06-13,30,HFO,64.24,12.5,300.0,24,666.8112,0.54,Moderate,FMS_MARITIME,2026-04-06
2022-06-14,30,LNG,48.29,16.1,386.4,24,389.1694,0.91,Calm,FMS_MARITIME,2026-04-06
2022-06-15,30,MGO,71.6,8.6,206.4,24,1080.2442,0.56,Rough,FMS_MARITIME,2026-04-06
2022-06-16,30,VLSFO,20.2,15.0,360.0,24,174.73,0.56,Rough,FMS_MARITIME,2026-04-06
2022-06-17,30,LNG,56.71,15.6,374.4,24,471.6745,0.72,Calm,FMS_MARITIME,2026-04-06
2022-06-18,30,LNG,22.57,14.3,343.2,24,204.7872,0.76,Moderate,FMS_MARITIME,2026-04-06
2022-06-19,30,LNG,59.59,11.4,273.6,24,678.2283,0.55,Calm,FMS_MARITIME,2026-04-06
2022-06-20,30,LNG,24.41,12.9,309.6,24,245.5192,0.89,Rough,FMS_MARITIME,2026-04-06
2022-06-21,30,HFO,68.85,14.5,348.0,24,616.0888,0.83,Calm,FMS_MARITIME,2026-04-06
2022-06-22,30,MGO,52.25,17.4,417.6,24,389.6228,0.76,Calm,FMS_MARITIME,2026-04-06
2022-06-23,30,MGO,37.93,17.6,422.4,24,279.626,0.85,Moderate,FMS_MARITIME,2026-04-06
2022-06-24,30,MGO,49.33,12.6,302.4,24,507.9815,0.77,Calm,FMS_MARITIME,2026-04-06
2022-06-25,30,LSMGO,67.29,13.3,319.2,24,656.457,0.91,Rough,FMS_MARITIME,2026-04-06
2022-06-26,30,LNG,79.07,13.9,333.6,24,738.0815,0.98,Moderate,FMS_MARITIME,2026-04-06
2022-06-27,30,HFO,52.48,15.2,364.8,24,447.9789,0.84,Rough,FMS_MARITIME,2026-04-06
2022-06-28,30,MGO,17.13,13.8,331.2,24,161.0592,0.81,Calm,FMS_MARITIME,2026-04-06
2022-06-28,30,LNG,38.45,10.5,252.0,24,475.1321,0.44,Calm,FMS_MARITIME,2026-04-06
2022-06-28,30,LSMGO,16.33,11.4,273.6,24,185.8612,0.82,Rough,FMS_MARITIME,2026-04-06
2022-06-01,31,LNG,62.49,9.8,235.2,24,827.3548,0.89,Moderate,FMS_MARITIME,2026-04-06
2022-06-02,31,HFO,24.86,15.7,376.8,24,205.4513,0.69,Moderate,FMS_MARITIME,2026-04-06
2022-06-03,31,HFO,76.61,12.8,307.2,24,776.574,0.78,Moderate,FMS_MARITIME,2026-04-06
2022-06-04,31,MGO,81.15,17.4,417.6,24,605.1272,0.68,Rough,FMS_MARITIME,2026-04-06
2022-06-05,31,MGO,56.88,13.3,319.2,24,554.9008,0.59,Rough,FMS_MARITIME,2026-04-06
2022-06-06,31,LSMGO,60.23,16.8,403.2,24,465.1692,0.8,Calm,FMS_MARITIME,2026-04-06
2022-06-07,31,MGO,63.21,16.9,405.6,24,485.2957,0.88,Calm,FMS_MARITIME,2026-04-06
2022-06-08,31,MGO,74.04,13.8,331.2,24,696.137,0.66,Rough,FMS_MARITIME,2026-04-06
2022-06-09,31,VLSFO,61.64,8.4,201.6,24,952.1179,0.68,Moderate,FMS_MARITIME,2026-04-06
2022-06-10,31,MGO,22.19,13.9,333.6,24,207.1333,0.96,Calm,FMS_MARITIME,2026-04-06
2022-06-11,31,VLSFO,79.06,12.2,292.8,24,840.8225,0.72,Rough,FMS_MARITIME,2026-04-06
2022-06-12,31,VLSFO,45.13,15.0,360.0,24,390.3745,0.47,Calm,FMS_MARITIME,2026-04-06
2022-06-13,31,VLSFO,71.14,17.5,420.0,24,527.4523,1.0,Calm,FMS_MARITIME,2026-04-06
2022-06-14,31,VLSFO,44.67,14.7,352.8,24,394.2811,0.93,Moderate,FMS_MARITIME,2026-04-06
2022-06-15,31,LNG,21.75,9.1,218.4,24,310.1168,0.45,Moderate,FMS_MARITIME,2026-04-06
2022-06-16,31,MGO,66.54,14.5,348.0,24,595.4183,0.47,Moderate,FMS_MARITIME,2026-04-06
2022-06-17,31,HFO,53.12,14.0,336.0,24,492.3086,0.63,Rough,FMS_MARITIME,2026-04-06
2022-06-18,31,HFO,63.43,8.3,199.2,24,991.5714,0.88,Rough,FMS_MARITIME,2026-04-06
2022-06-19,31,LNG,46.42,8.4,201.6,24,717.0232,0.51,Calm,FMS_MARITIME,2026-04-06
2022-06-20,31,MGO,27.41,17.8,427.2,24,199.8004,0.98,Moderate,FMS_MARITIME,2026-04-06
2022-06-21,31,VLSFO,23.75,14.0,336.0,24,220.1116,0.86,Moderate,FMS_MARITIME,2026-04-06
2022-06-22,31,MGO,33.07,9.4,225.6,24,456.4715,0.83,Moderate,FMS_MARITIME,2026-04-06
2022-06-23,31,LSMGO,42.0,8.6,206.4,24,633.6628,0.74,Moderate,FMS_MARITIME,2026-04-06
2022-06-24,31,MGO,81.28,12.4,297.6,24,850.4903,0.82,Rough,FMS_MARITIME,2026-04-06
2022-06-25,31,LNG,72.75,11.1,266.4,24,850.3885,0.88,Rough,FMS_MARITIME,2026-04-06
2022-06-26,31,LSMGO,83.53,18.0,432.0,24,602.1121,0.97,Moderate,FMS_MARITIME,2026-04-06
2022-06-27,31,VLSFO,58.94,15.2,364.8,24,503.1227,0.75,Rough,FMS_MARITIME,2026-04-06
2022-06-28,31,HFO,61.79,10.9,261.6,24,735.5278,0.98,Moderate,FMS_MARITIME,2026-04-06
2022-06-28,31,VLSFO,44.72,14.9,357.6,24,389.4242,0.63,Moderate,FMS_MARITIME,2026-04-06
2022-06-28,31,LSMGO,80.78,14.4,345.6,24,727.8615,0.85,Moderate,FMS_MARITIME,2026-04-06
2022-06-01,32,LSMGO,68.61,17.2,412.8,24,517.5667,0.65,Calm,FMS_MARITIME,2026-04-06
2022-06-02,32,LSMGO,74.14,9.6,230.4,24,1002.0484,1.0,Moderate,FMS_MARITIME,2026-04-06
2022-06-03,32,HFO,34.45,16.6,398.4,24,269.2703,0.92,Moderate,FMS_MARITIME,2026-04-06
2022-06-04,32,VLSFO,32.73,9.7,232.8,24,437.8059,0.7,Calm,FMS_MARITIME,2026-04-06
2022-06-05,32,VLSFO,44.25,10.8,259.2,24,531.6146,0.84,Moderate,FMS_MARITIME,2026-04-06
2022-06-06,32,HFO,60.77,17.7,424.8,24,445.475,0.44,Calm,FMS_MARITIME,2026-04-06
2022-06-07,32,HFO,30.18,15.9,381.6,24,246.2802,0.86,Calm,FMS_MARITIME,2026-04-06
2022-06-08,32,LSMGO,33.08,14.2,340.8,24,302.2627,0.89,Rough,FMS_MARITIME,2026-04-06
2022-06-09,32,LSMGO,52.72,9.1,218.4,24,751.6945,0.71,Rough,FMS_MARITIME,2026-04-06
2022-06-10,32,MGO,57.51,11.9,285.6,24,627.0523,0.53,Rough,FMS_MARITIME,2026-04-06
2022-06-11,32,MGO,38.0,16.7,400.8,24,295.2395,0.78,Moderate,FMS_MARITIME,2026-04-06
2022-06-12,32,HFO,42.71,10.5,252.0,24,527.7736,0.75,Rough,FMS_MARITIME,2026-04-06
2022-06-13,32,LSMGO,66.58,9.8,235.2,24,881.5056,0.61,Rough,FMS_MARITIME,2026-04-06
2022-06-14,32,LSMGO,62.52,16.2,388.8,24,500.7389,0.86,Calm,FMS_MARITIME,2026-04-06
2022-06-15,32,HFO,73.33,13.3,319.2,24,715.381,0.58,Calm,FMS_MARITIME,2026-04-06
2022-06-16,32,LSMGO,27.59,8.2,196.8,24,436.5613,0.5,Moderate,FMS_MARITIME,2026-04-06
2022-06-17,32,LNG,49.7,14.0,336.0,24,460.6125,0.62,Calm,FMS_MARITIME,2026-04-06
2022-06-18,32,MGO,71.07,11.1,266.4,24,830.7507,0.87,Rough,FMS_MARITIME,2026-04-06
2022-06-19,32,HFO,79.38,9.1,218.4,24,1131.8192,0.85,Calm,FMS_MARITIME,2026-04-06
2022-06-20,32,LNG,25.65,17.5,420.0,24,190.1764,0.95,Calm,FMS_MARITIME,2026-04-06
2022-06-21,32,HFO,84.8,8.6,206.4,24,1279.3953,0.74,Rough,FMS_MARITIME,2026-04-06
2022-06-22,32,HFO,70.34,17.0,408.0,24,536.8597,0.83,Moderate,FMS_MARITIME,2026-04-06
2022-06-23,32,LSMGO,72.56,11.3,271.2,24,833.1558,0.78,Moderate,FMS_MARITIME,2026-04-06
2022-06-24,32,LSMGO,51.49,13.6,326.4,24,491.2373,0.68,Moderate,FMS_MARITIME,2026-04-06
2022-06-25,32,LSMGO,64.54,15.1,362.4,24,554.5738,0.54,Moderate,FMS_MARITIME,2026-04-06
2022-06-26,32,LSMGO,20.49,14.8,355.2,24,179.6336,0.62,Rough,FMS_MARITIME,2026-04-06
2022-06-27,32,HFO,36.85,14.7,352.8,24,325.2577,0.63,Rough,FMS_MARITIME,2026-04-06
2022-06-28,32,VLSFO,35.24,14.6,350.4,24,313.1774,0.84,Calm,FMS_MARITIME,2026-04-06
2022-06-28,32,LNG,55.2,8.8,211.2,24,813.8864,0.56,Rough,FMS_MARITIME,2026-04-06
2022-06-28,32,MGO,36.09,17.6,422.4,24,266.0612,0.54,Moderate,FMS_MARITIME,2026-04-06
2022-06-01,33,LNG,41.1,9.8,235.2,24,544.1556,0.58,Moderate,FMS_MARITIME,2026-04-06
2022-06-02,33,LNG,28.22,8.4,201.6,24,435.8982,0.58,Calm,FMS_MARITIME,2026-04-06
2022-06-03,33,MGO,29.09,14.7,352.8,24,256.7638,0.74,Moderate,FMS_MARITIME,2026-04-06
2022-06-04,33,MGO,24.73,16.1,386.4,24,199.2992,0.94,Moderate,FMS_MARITIME,2026-04-06
2022-06-05,33,VLSFO,60.98,17.4,417.6,24,454.7216,0.55,Moderate,FMS_MARITIME,2026-04-06
2022-06-06,33,VLSFO,54.76,15.1,362.4,24,470.5371,0.49,Moderate,FMS_MARITIME,2026-04-06
2022-06-07,33,VLSFO,63.96,16.2,388.8,24,512.2722,0.68,Rough,FMS_MARITIME,2026-04-06
2022-06-08,33,LSMGO,44.59,16.0,384.0,24,361.597,0.62,Moderate,FMS_MARITIME,2026-04-06
2022-06-09,33,HFO,60.12,12.6,302.4,24,619.0929,0.63,Calm,FMS_MARITIME,2026-04-06
2022-06-10,33,LSMGO,61.49,15.6,374.4,24,511.4312,0.79,Moderate,FMS_MARITIME,2026-04-06
2022-06-11,33,LNG,59.75,15.5,372.0,24,500.1653,0.74,Calm,FMS_MARITIME,2026-04-06
2022-06-12,33,LNG,18.06,8.8,211.2,24,266.2824,0.48,Moderate,FMS_MARITIME,2026-04-06
2022-06-13,33,LNG,55.39,17.7,424.8,24,406.0369,0.77,Moderate,FMS_MARITIME,2026-04-06
2022-06-14,33,HFO,43.35,14.6,350.4,24,385.2509,0.61,Rough,FMS_MARITIME,2026-04-06
2022-06-15,33,LSMGO,75.69,11.3,271.2,24,869.0954,0.64,Calm,FMS_MARITIME,2026-04-06
2022-06-16,33,VLSFO,25.78,11.3,271.2,24,296.0137,0.76,Calm,FMS_MARITIME,2026-04-06
2022-06-17,33,LSMGO,15.3,13.9,333.6,24,142.8183,0.89,Rough,FMS_MARITIME,2026-04-06
2022-06-18,33,MGO,25.74,17.2,412.8,24,194.1724,0.58,Calm,FMS_MARITIME,2026-04-06
2022-06-19,33,MGO,76.2,16.6,398.4,24,595.5994,0.61,Calm,FMS_MARITIME,2026-04-06
2022-06-20,33,MGO,51.28,17.4,417.6,24,382.3897,0.47,Calm,FMS_MARITIME,2026-04-06
2022-06-21,33,LSMGO,29.26,10.0,240.0,24,379.6485,0.52,Rough,FMS_MARITIME,2026-04-06
2022-06-22,33,VLSFO,80.33,16.2,388.8,24,643.3838,0.52,Rough,FMS_MARITIME,2026-04-06
2022-06-23,33,LSMGO,25.07,9.9,237.6,24,328.5689,0.59,Rough,FMS_MARITIME,2026-04-06
2022-06-24,33,LSMGO,32.13,13.2,316.8,24,315.8233,0.49,Rough,FMS_MARITIME,2026-04-06
2022-06-25,33,LSMGO,66.86,12.5,300.0,24,694.0068,0.46,Moderate,FMS_MARITIME,2026-04-06
2022-06-26,33,LSMGO,64.51,15.9,381.6,24,526.4259,0.45,Moderate,FMS_MARITIME,2026-04-06
2022-06-27,33,LNG,73.52,8.5,204.0,24,1122.2612,0.8,Calm,FMS_MARITIME,2026-04-06
2022-06-28,33,VLSFO,81.45,17.0,408.0,24,621.6551,0.96,Moderate,FMS_MARITIME,2026-04-06
2022-06-28,33,LSMGO,32.99,16.4,393.6,24,261.0032,1.0,Rough,FMS_MARITIME,2026-04-06
2022-06-28,33,LNG,18.9,10.1,242.4,24,242.7995,0.62,Moderate,FMS_MARITIME,2026-04-06
2022-06-01,34,VLSFO,74.92,13.9,333.6,24,699.3432,0.74,Calm,FMS_MARITIME,2026-04-06
2022-06-02,34,MGO,50.45,16.1,386.4,24,406.5769,0.79,Rough,FMS_MARITIME,2026-04-06
2022-06-03,34,LSMGO,21.57,12.3,295.2,24,227.5372,0.72,Calm,FMS_MARITIME,2026-04-06
2022-06-04,34,LNG,53.96,12.4,297.6,24,564.6218,0.86,Rough,FMS_MARITIME,2026-04-06
2022-06-05,34,VLSFO,51.6,15.0,360.0,24,446.34,0.83,Calm,FMS_MARITIME,2026-04-06
2022-06-06,34,MGO,69.58,8.9,213.6,24,1014.3826,0.93,Moderate,FMS_MARITIME,2026-04-06
2022-06-07,34,LSMGO,57.61,8.0,192.0,24,934.3622,0.4,Rough,FMS_MARITIME,2026-04-06
2022-06-08,34,MGO,67.83,10.4,249.6,24,846.2445,0.96,Moderate,FMS_MARITIME,2026-04-06
2022-06-09,34,HFO,41.92,17.4,417.6,24,312.5931,0.98,Rough,FMS_MARITIME,2026-04-06
2022-06-10,34,LSMGO,65.58,14.5,348.0,24,586.8279,0.53,Moderate,FMS_MARITIME,2026-04-06
2022-06-11,34,LNG,78.81,16.1,386.4,24,635.1303,0.46,Rough,FMS_MARITIME,2026-04-06
2022-06-12,34,LNG,29.95,14.1,338.4,24,275.6037,0.96,Rough,FMS_MARITIME,2026-04-06
2022-06-13,34,VLSFO,30.86,10.2,244.8,24,392.5574,0.83,Moderate,FMS_MARITIME,2026-04-06
2022-06-14,34,LNG,83.98,15.7,376.8,24,694.0385,0.8,Moderate,FMS_MARITIME,2026-04-06
2022-06-15,34,VLSFO,48.65,8.7,208.8,24,725.556,0.78,Moderate,FMS_MARITIME,2026-04-06
2022-06-16,34,HFO,82.4,11.6,278.4,24,921.6724,0.85,Rough,FMS_MARITIME,2026-04-06
2022-06-17,34,MGO,79.95,9.9,237.6,24,1047.8295,0.67,Calm,FMS_MARITIME,2026-04-06
2022-06-18,34,MGO,67.41,15.9,381.6,24,550.091,0.45,Rough,FMS_MARITIME,2026-04-06
2022-06-19,34,LSMGO,83.02,16.1,386.4,24,669.0587,0.62,Calm,FMS_MARITIME,2026-04-06
2022-06-20,34,HFO,62.14,14.4,345.6,24,559.9073,0.67,Calm,FMS_MARITIME,2026-04-06
2022-06-21,34,LNG,67.51,13.1,314.4,24,668.6582,0.81,Calm,FMS_MARITIME,2026-04-06
2022-06-22,34,HFO,36.21,8.9,213.6,24,527.893,0.42,Rough,FMS_MARITIME,2026-04-06
2022-06-23,34,LSMGO,44.36,12.7,304.8,24,453.2055,0.81,Moderate,FMS_MARITIME,2026-04-06
2022-06-24,34,LSMGO,43.32,11.7,280.8,24,480.4077,0.86,Rough,FMS_MARITIME,2026-04-06
2022-06-25,34,VLSFO,74.33,17.1,410.4,24,563.9952,0.95,Calm,FMS_MARITIME,2026-04-06
2022-06-26,34,LSMGO,24.75,17.2,412.8,24,186.7042,0.88,Rough,FMS_MARITIME,2026-04-06
2022-06-27,34,HFO,59.42,16.4,393.6,24,470.1064,0.68,Moderate,FMS_MARITIME,2026-04-06
2022-06-28,34,MGO,20.06,12.4,297.6,24,209.902,0.45,Moderate,FMS_MARITIME,2026-04-06
2022-06-28,34,HFO,58.54,16.1,386.4,24,471.7742,0.54,Calm,FMS_MARITIME,2026-04-06
2022-06-28,34,VLSFO,42.44,14.2,340.8,24,387.788,1.0,Moderate,FMS_MARITIME,2026-04-06
2022-06-01,35,VLSFO,39.22,9.8,235.2,24,519.2648,0.85,Calm,FMS_MARITIME,2026-04-06
2022-06-02,35,VLSFO,63.29,8.6,206.4,24,954.8695,0.99,Rough,FMS_MARITIME,2026-04-06
2022-06-03,35,VLSFO,52.08,10.3,247.2,24,656.0563,0.81,Rough,FMS_MARITIME,2026-04-06
2022-06-04,35,MGO,72.41,10.6,254.4,24,886.3394,0.53,Calm,FMS_MARITIME,2026-04-06
2022-06-05,35,MGO,21.74,11.0,264.0,24,256.4332,0.7,Rough,FMS_MARITIME,2026-04-06
2022-06-06,35,MGO,78.59,10.6,254.4,24,961.9861,0.89,Rough,FMS_MARITIME,2026-04-06
2022-06-07,35,MGO,25.8,12.6,302.4,24,265.6786,0.41,Moderate,FMS_MARITIME,2026-04-06
2022-06-08,35,LSMGO,49.82,14.1,338.4,24,458.45,0.7,Rough,FMS_MARITIME,2026-04-06
2022-06-09,35,HFO,29.8,15.5,372.0,24,249.4548,0.82,Calm,FMS_MARITIME,2026-04-06
2022-06-10,35,MGO,33.46,14.8,355.2,24,293.3402,0.8,Calm,FMS_MARITIME,2026-04-06
2022-06-11,35,HFO,36.49,16.6,398.4,24,285.2155,0.5,Moderate,FMS_MARITIME,2026-04-06
2022-06-12,35,MGO,27.58,8.6,206.4,24,416.1052,0.72,Rough,FMS_MARITIME,2026-04-06
2022-06-13,35,VLSFO,39.64,8.9,213.6,24,577.8978,0.79,Calm,FMS_MARITIME,2026-04-06
2022-06-14,35,LNG,53.44,14.1,338.4,24,491.7617,0.98,Rough,FMS_MARITIME,2026-04-06
2022-06-15,35,MGO,72.22,14.2,340.8,24,659.8975,0.5,Calm,FMS_MARITIME,2026-04-06
2022-06-16,35,MGO,80.34,16.9,405.6,24,616.8115,0.81,Rough,FMS_MARITIME,2026-04-06
2022-06-17,35,LNG,67.08,12.1,290.4,24,719.3083,0.67,Moderate,FMS_MARITIME,2026-04-06
2022-06-18,35,HFO,83.14,13.0,312.0,24,829.8012,0.67,Rough,FMS_MARITIME,2026-04-06
2022-06-19,35,LNG,19.88,10.7,256.8,24,241.0682,0.65,Moderate,FMS_MARITIME,2026-04-06
2022-06-20,35,HFO,25.78,17.4,417.6,24,192.2388,0.66,Rough,FMS_MARITIME,2026-04-06
2022-06-21,35,HFO,68.98,17.9,429.6,24,500.0087,0.58,Moderate,FMS_MARITIME,2026-04-06
2022-06-22,35,LSMGO,58.42,13.2,316.8,24,574.242,0.88,Calm,FMS_MARITIME,2026-04-06
2022-06-23,35,HFO,37.97,10.1,242.4,24,487.7829,0.58,Calm,FMS_MARITIME,2026-04-06
2022-06-24,35,LSMGO,64.83,14.9,357.6,24,564.5431,0.4,Moderate,FMS_MARITIME,2026-04-06
2022-06-25,35,LSMGO,29.75,12.4,297.6,24,311.2954,0.8,Moderate,FMS_MARITIME,2026-04-06
2022-06-26,35,HFO,59.62,11.4,273.6,24,678.5697,0.79,Calm,FMS_MARITIME,2026-04-06
2022-06-27,35,VLSFO,80.07,12.5,300.0,24,831.1266,0.61,Calm,FMS_MARITIME,2026-04-06
2022-06-28,35,VLSFO,55.3,12.3,295.2,24,583.3476,0.67,Rough,FMS_MARITIME,2026-04-06
2022-06-28,35,HFO,53.98,14.3,343.2,24,489.7836,0.41,Calm,FMS_MARITIME,2026-04-06
2022-06-28,35,VLSFO,23.22,14.9,357.6,24,202.201,0.77,Calm,FMS_MARITIME,2026-04-06
2022-06-01,36,LNG,21.19,11.3,271.2,24,243.31,0.84,Calm,FMS_MARITIME,2026-04-06
2022-06-02,36,VLSFO,50.7,9.8,235.2,24,671.2577,0.94,Calm,FMS_MARITIME,2026-04-06
2022-06-03,36,MGO,59.08,16.4,393.6,24,467.4165,0.73,Rough,FMS_MARITIME,2026-04-06
2022-06-04,36,LSMGO,57.7,10.4,249.6,24,719.863,0.76,Calm,FMS_MARITIME,2026-04-06
2022-06-05,36,LNG,43.07,12.8,307.2,24,436.5885,0.82,Calm,FMS_MARITIME,2026-04-06
2022-06-06,36,MGO,70.5,17.0,408.0,24,538.0809,0.48,Calm,FMS_MARITIME,2026-04-06
2022-06-07,36,LNG,23.12,16.7,400.8,24,179.6299,0.77,Calm,FMS_MARITIME,2026-04-06
2022-06-08,36,MGO,61.31,15.6,374.4,24,509.9341,0.47,Moderate,FMS_MARITIME,2026-04-06
2022-06-09,36,LNG,45.88,12.2,292.8,24,487.9451,0.85,Calm,FMS_MARITIME,2026-04-06
2022-06-10,36,VLSFO,70.88,9.2,220.8,24,999.6391,0.66,Rough,FMS_MARITIME,2026-04-06
2022-06-11,36,HFO,23.57,17.2,412.8,24,177.8028,0.46,Rough,FMS_MARITIME,2026-04-06
2022-06-12,36,LNG,37.11,15.3,367.2,24,314.7074,0.62,Calm,FMS_MARITIME,2026-04-06
2022-06-13,36,VLSFO,82.08,10.5,252.0,24,1014.2743,0.68,Calm,FMS_MARITIME,2026-04-06
2022-06-14,36,VLSFO,65.46,13.5,324.0,24,629.1433,0.9,Rough,FMS_MARITIME,2026-04-06
2022-06-15,36,MGO,39.41,15.6,374.4,24,327.7851,0.98,Moderate,FMS_MARITIME,2026-04-06
2022-06-16,36,LNG,75.58,11.6,278.4,24,845.3884,0.89,Calm,FMS_MARITIME,2026-04-06
2022-06-17,36,LSMGO,41.1,11.1,266.4,24,480.4257,0.85,Rough,FMS_MARITIME,2026-04-06
2022-06-18,36,HFO,18.21,9.6,230.4,24,246.1195,0.55,Moderate,FMS_MARITIME,2026-04-06
2022-06-19,36,HFO,82.31,8.1,194.4,24,1318.4843,0.52,Calm,FMS_MARITIME,2026-04-06
2022-06-20,36,MGO,70.71,14.3,343.2,24,641.582,0.74,Rough,FMS_MARITIME,2026-04-06
2022-06-21,36,LSMGO,74.74,13.3,319.2,24,729.1365,0.81,Moderate,FMS_MARITIME,2026-04-06
2022-06-22,36,LSMGO,83.0,12.8,307.2,24,841.3477,0.49,Rough,FMS_MARITIME,2026-04-06
2022-06-23,36,LSMGO,53.64,12.9,309.6,24,539.5186,0.68,Rough,FMS_MARITIME,2026-04-06
2022-06-24,36,VLSFO,77.67,16.0,384.0,24,629.8552,0.6,Moderate,FMS_MARITIME,2026-04-06
2022-06-25,36,VLSFO,41.4,15.6,374.4,24,344.3365,0.62,Moderate,FMS_MARITIME,2026-04-06
2022-06-26,36,HFO,69.76,15.2,364.8,24,595.4842,0.69,Calm,FMS_MARITIME,2026-04-06
2022-06-27,36,LSMGO,21.51,16.9,405.6,24,165.1433,0.77,Calm,FMS_MARITIME,2026-04-06
2022-06-28,36,LSMGO,61.66,16.2,388.8,24,493.8509,0.91,Moderate,FMS_MARITIME,2026-04-06
2022-06-28,36,VLSFO,72.16,15.1,362.4,24,620.0503,0.94,Calm,FMS_MARITIME,2026-04-06
2022-06-28,36,MGO,45.29,15.3,367.2,24,384.077,0.43,Calm,FMS_MARITIME,2026-04-06
2022-06-01,37,VLSFO,32.77,14.1,338.4,24,301.5537,0.47,Rough,FMS_MARITIME,2026-04-06
2022-06-02,37,HFO,28.39,10.5,252.0,24,350.8193,0.52,Calm,FMS_MARITIME,2026-04-06
2022-06-03,37,MGO,80.04,9.7,232.8,24,1070.6381,0.61,Rough,FMS_MARITIME,2026-04-06
2022-06-04,37,MGO,26.63,17.1,410.4,24,202.061,0.47,Calm,FMS_MARITIME,2026-04-06
2022-06-05,37,LSMGO,84.68,15.6,374.4,24,704.3096,0.44,Rough,FMS_MARITIME,2026-04-06
2022-06-06,37,MGO,28.4,12.3,295.2,24,299.5854,0.42,Calm,FMS_MARITIME,2026-04-06
2022-06-07,37,LSMGO,22.64,12.1,290.4,24,242.7719,0.87,Calm,FMS_MARITIME,2026-04-06
2022-06-08,37,HFO,73.57,9.7,232.8,24,984.0936,0.54,Rough,FMS_MARITIME,2026-04-06
2022-06-09,37,HFO,27.75,14.4,345.6,24,250.0391,0.87,Moderate,FMS_MARITIME,2026-04-06
2022-06-10,37,VLSFO,16.74,10.4,249.6,24,208.8476,0.42,Moderate,FMS_MARITIME,2026-04-06
2022-06-11,37,LSMGO,31.74,8.6,206.4,24,478.868,0.88,Calm,FMS_MARITIME,2026-04-06
2022-06-12,37,LSMGO,39.81,11.2,268.8,24,461.1917,0.78,Rough,FMS_MARITIME,2026-04-06
2022-06-13,37,LNG,76.31,10.5,252.0,24,942.9736,0.78,Calm,FMS_MARITIME,2026-04-06
2022-06-14,37,LNG,16.06,11.0,264.0,24,189.435,0.52,Rough,FMS_MARITIME,2026-04-06
2022-06-15,37,LSMGO,29.5,16.1,386.4,24,237.7407,0.49,Moderate,FMS_MARITIME,2026-04-06
2022-06-16,37,VLSFO,20.42,16.5,396.0,24,160.5755,0.72,Rough,FMS_MARITIME,2026-04-06
2022-06-17,37,HFO,19.17,17.0,408.0,24,146.3122,0.85,Rough,FMS_MARITIME,2026-04-06
2022-06-18,37,MGO,70.78,8.4,201.6,24,1093.2982,0.9,Calm,FMS_MARITIME,2026-04-06
2022-06-19,37,HFO,71.09,14.4,345.6,24,640.5505,0.85,Rough,FMS_MARITIME,2026-04-06
2022-06-20,37,LNG,37.77,13.9,333.6,24,352.5653,0.48,Rough,FMS_MARITIME,2026-04-06
2022-06-21,37,LSMGO,23.67,10.0,240.0,24,307.1183,0.68,Moderate,FMS_MARITIME,2026-04-06
2022-06-22,37,VLSFO,43.1,15.3,367.2,24,365.5049,0.75,Rough,FMS_MARITIME,2026-04-06
2022-06-23,37,VLSFO,31.4,9.0,216.0,24,452.6833,0.87,Rough,FMS_MARITIME,2026-04-06
2022-06-24,37,LNG,71.53,10.0,240.0,24,928.1018,0.9,Rough,FMS_MARITIME,2026-04-06
2022-06-25,37,VLSFO,70.85,17.4,417.6,24,528.3211,0.71,Calm,FMS_MARITIME,2026-04-06
2022-06-26,37,LNG,68.73,10.1,242.4,24,882.9423,0.93,Rough,FMS_MARITIME,2026-04-06
2022-06-27,37,VLSFO,61.77,17.6,422.4,24,455.3783,0.52,Moderate,FMS_MARITIME,2026-04-06
2022-06-28,37,VLSFO,25.22,17.0,408.0,24,192.4879,0.62,Calm,FMS_MARITIME,2026-04-06
2022-06-28,37,MGO,70.66,10.5,252.0,24,873.1557,0.43,Calm,FMS_MARITIME,2026-04-06
2022-06-28,37,VLSFO,83.38,15.6,374.4,24,693.4971,0.66,Calm,FMS_MARITIME,2026-04-06
2022-06-01,38,HFO,51.87,9.2,220.8,24,731.5361,0.6,Calm,FMS_MARITIME,2026-04-06
2022-06-02,38,LSMGO,52.72,14.8,355.2,24,462.1905,0.58,Rough,FMS_MARITIME,2026-04-06
2022-06-03,38,LNG,44.51,10.7,256.8,24,539.7357,0.45,Moderate,FMS_MARITIME,2026-04-06
2022-06-04,38,LNG,75.1,16.9,405.6,24,576.5814,0.45,Moderate,FMS_MARITIME,2026-04-06
2022-06-05,38,VLSFO,32.59,16.1,386.4,24,262.643,0.51,Calm,FMS_MARITIME,2026-04-06
2022-06-06,38,HFO,48.2,8.9,213.6,24,702.691,0.5,Moderate,FMS_MARITIME,2026-04-06
2022-06-07,38,MGO,47.5,13.9,333.6,24,443.3903,0.44,Rough,FMS_MARITIME,2026-04-06
2022-06-08,38,VLSFO,57.94,15.2,364.8,24,494.5865,0.88,Rough,FMS_MARITIME,2026-04-06
2022-06-09,38,LSMGO,84.83,9.5,228.0,24,1158.5992,0.98,Rough,FMS_MARITIME,2026-04-06
2022-06-10,38,VLSFO,34.53,12.5,300.0,24,358.4214,0.94,Rough,FMS_MARITIME,2026-04-06
2022-06-11,38,MGO,52.84,12.2,292.8,24,561.9664,0.67,Rough,FMS_MARITIME,2026-04-06
2022-06-12,38,VLSFO,69.09,15.3,367.2,24,585.9103,0.58,Moderate,FMS_MARITIME,2026-04-06
2022-06-13,38,VLSFO,35.97,17.3,415.2,24,269.775,0.71,Calm,FMS_MARITIME,2026-04-06
2022-06-14,38,VLSFO,62.38,11.2,268.8,24,722.6612,0.74,Moderate,FMS_MARITIME,2026-04-06
2022-06-15,38,MGO,78.53,14.6,350.4,24,697.895,0.71,Rough,FMS_MARITIME,2026-04-06
2022-06-16,38,VLSFO,51.94,17.7,424.8,24,380.7466,0.75,Rough,FMS_MARITIME,2026-04-06
2022-06-17,38,LSMGO,78.37,10.6,254.4,24,959.2932,0.95,Moderate,FMS_MARITIME,2026-04-06
2022-06-18,38,MGO,32.52,9.4,225.6,24,448.8798,0.6,Calm,FMS_MARITIME,2026-04-06
2022-06-19,38,VLSFO,45.0,10.9,261.6,24,535.6651,0.77,Calm,FMS_MARITIME,2026-04-06
2022-06-20,38,LNG,59.0,14.5,348.0,24,527.9483,0.53,Calm,FMS_MARITIME,2026-04-06
2022-06-21,38,LSMGO,61.01,12.6,302.4,24,628.2577,0.88,Moderate,FMS_MARITIME,2026-04-06
2022-06-22,38,LSMGO,37.2,9.1,218.4,24,530.4066,0.41,Moderate,FMS_MARITIME,2026-04-06
2022-06-23,38,VLSFO,18.49,12.6,302.4,24,190.403,0.85,Calm,FMS_MARITIME,2026-04-06
2022-06-24,38,MGO,47.43,12.4,297.6,24,496.2937,0.78,Moderate,FMS_MARITIME,2026-04-06
2022-06-25,38,VLSFO,21.33,9.2,220.8,24,300.8226,0.56,Moderate,FMS_MARITIME,2026-04-06
2022-06-26,38,LNG,73.37,12.8,307.2,24,743.7311,0.8,Calm,FMS_MARITIME,2026-04-06
2022-06-27,38,LSMGO,24.56,10.9,261.6,24,292.3541,0.49,Rough,FMS_MARITIME,2026-04-06
2022-06-28,38,HFO,81.2,13.4,321.6,24,786.2463,0.91,Calm,FMS_MARITIME,2026-04-06
2022-06-28,38,MGO,80.87,12.4,297.6,24,846.2002,0.43,Calm,FMS_MARITIME,2026-04-06
2022-06-28,38,LSMGO,37.51,13.3,319.2,24,365.934,0.63,Moderate,FMS_MARITIME,2026-04-06
2022-06-01,39,LNG,17.47,13.6,326.4,24,166.6715,0.78,Moderate,FMS_MARITIME,2026-04-06
2022-06-02,39,HFO,58.72,10.1,242.4,24,754.3485,0.75,Moderate,FMS_MARITIME,2026-04-06
2022-06-03,39,LNG,54.32,10.8,259.2,24,652.5944,0.46,Calm,FMS_MARITIME,2026-04-06
2022-06-04,39,LSMGO,30.91,8.4,201.6,24,477.4491,0.83,Rough,FMS_MARITIME,2026-04-06
2022-06-05,39,VLSFO,41.41,16.6,398.4,24,323.6715,0.86,Moderate,FMS_MARITIME,2026-04-06
2022-06-06,39,LNG,83.26,13.4,321.6,24,806.1929,0.98,Moderate,FMS_MARITIME,2026-04-06
2022-06-07,39,MGO,69.62,15.7,376.8,24,575.3627,0.5,Moderate,FMS_MARITIME,2026-04-06
2022-06-08,39,VLSFO,51.83,15.0,360.0,24,448.3295,0.58,Rough,FMS_MARITIME,2026-04-06
2022-06-09,39,LSMGO,20.66,11.3,271.2,24,237.2243,0.51,Rough,FMS_MARITIME,2026-04-06
2022-06-10,39,LNG,78.33,10.2,244.8,24,996.4037,0.58,Moderate,FMS_MARITIME,2026-04-06
2022-06-11,39,HFO,70.25,11.8,283.2,24,772.4523,0.71,Moderate,FMS_MARITIME,2026-04-06
2022-06-12,39,LNG,68.72,15.9,381.6,24,560.7811,0.79,Rough,FMS_MARITIME,2026-04-06
2022-06-13,39,HFO,41.44,13.8,331.2,24,389.6261,0.71,Rough,FMS_MARITIME,2026-04-06
2022-06-14,39,HFO,81.32,10.6,254.4,24,995.4028,0.53,Moderate,FMS_MARITIME,2026-04-06
2022-06-15,39,LSMGO,70.34,15.4,369.6,24,592.6373,0.52,Moderate,FMS_MARITIME,2026-04-06
2022-06-16,39,VLSFO,76.71,9.2,220.8,24,1081.8611,0.74,Moderate,FMS_MARITIME,2026-04-06
2022-06-17,39,HFO,20.22,17.9,429.6,24,146.5668,0.42,Moderate,FMS_MARITIME,2026-04-06
2022-06-18,39,HFO,55.89,10.5,252.0,24,690.6407,0.9,Calm,FMS_MARITIME,2026-04-06
2022-06-19,39,LSMGO,27.56,12.9,309.6,24,277.2023,0.47,Rough,FMS_MARITIME,2026-04-06
2022-06-20,39,LSMGO,23.13,9.3,223.2,24,322.7008,0.54,Moderate,FMS_MARITIME,2026-04-06
2022-06-21,39,VLSFO,50.94,17.6,422.4,24,375.5378,0.98,Moderate,FMS_MARITIME,2026-04-06
2022-06-22,39,HFO,55.05,15.7,376.8,24,454.9514,0.48,Rough,FMS_MARITIME,2026-04-06
2022-06-23,39,LNG,23.8,15.8,379.2,24,195.4462,0.81,Rough,FMS_MARITIME,2026-04-06
2022-06-24,39,MGO,32.1,15.4,369.6,24,270.4529,0.53,Rough,FMS_MARITIME,2026-04-06
2022-06-25,39,VLSFO,43.1,14.7,352.8,24,380.4235,0.78,Moderate,FMS_MARITIME,2026-04-06
2022-06-26,39,VLSFO,17.61,8.1,194.4,24,282.0861,0.77,Rough,FMS_MARITIME,2026-04-06
2022-06-27,39,VLSFO,49.5,16.7,400.8,24,384.5883,0.71,Calm,FMS_MARITIME,2026-04-06
2022-06-28,39,LSMGO,49.0,10.4,249.6,24,611.3221,0.78,Moderate,FMS_MARITIME,2026-04-06
2022-06-28,39,LSMGO,38.04,12.2,292.8,24,404.5648,0.71,Calm,FMS_MARITIME,2026-04-06
2022-06-28,39,VLSFO,72.8,12.2,292.8,24,774.2459,0.97,Rough,FMS_MARITIME,2026-04-06
2022-06-01,40,VLSFO,71.9,10.6,254.4,24,880.0967,0.62,Rough,FMS_MARITIME,2026-04-06
2022-06-02,40,HFO,63.91,11.3,271.2,24,733.8338,0.66,Calm,FMS_MARITIME,2026-04-06
2022-06-03,40,LSMGO,18.26,13.3,319.2,24,178.138,0.78,Moderate,FMS_MARITIME,2026-04-06
2022-06-04,40,MGO,79.36,8.2,196.8,24,1255.7268,0.98,Rough,FMS_MARITIME,2026-04-06
2022-06-05,40,LNG,76.63,15.7,376.8,24,633.2957,0.61,Rough,FMS_MARITIME,2026-04-06
2022-06-06,40,LSMGO,32.23,16.2,388.8,24,258.1384,0.54,Calm,FMS_MARITIME,2026-04-06
2022-06-07,40,MGO,24.81,12.5,300.0,24,257.5278,0.58,Moderate,FMS_MARITIME,2026-04-06
2022-06-08,40,LSMGO,61.5,8.0,192.0,24,997.4531,0.72,Calm,FMS_MARITIME,2026-04-06
2022-06-09,40,LNG,77.06,12.5,300.0,24,799.8828,0.52,Calm,FMS_MARITIME,2026-04-06
2022-06-10,40,LNG,56.57,16.6,398.4,24,442.1661,0.45,Moderate,FMS_MARITIME,2026-04-06
2022-06-11,40,LNG,24.01,8.8,211.2,24,354.0111,0.63,Rough,FMS_MARITIME,2026-04-06
2022-06-12,40,MGO,16.97,11.0,264.0,24,200.1689,0.86,Rough,FMS_MARITIME,2026-04-06
2022-06-13,40,VLSFO,19.12,11.0,264.0,24,225.5291,0.88,Rough,FMS_MARITIME,2026-04-06
2022-06-14,40,HFO,27.52,9.8,235.2,24,364.3592,0.93,Rough,FMS_MARITIME,2026-04-06
2022-06-15,40,VLSFO,43.58,16.0,384.0,24,353.4066,0.68,Calm,FMS_MARITIME,2026-04-06
2022-06-16,40,LSMGO,57.06,10.9,261.6,24,679.2234,0.51,Rough,FMS_MARITIME,2026-04-06
2022-06-17,40,VLSFO,28.7,14.3,343.2,24,260.4073,0.65,Rough,FMS_MARITIME,2026-04-06
2022-06-18,40,VLSFO,78.73,13.1,314.4,24,779.7876,0.89,Moderate,FMS_MARITIME,2026-04-06
2022-06-19,40,LSMGO,84.68,11.0,264.0,24,998.8391,0.63,Moderate,FMS_MARITIME,2026-04-06
2022-06-20,40,LSMGO,17.65,12.6,302.4,24,181.753,0.45,Rough,FMS_MARITIME,2026-04-06
2022-06-21,40,MGO,30.66,15.9,381.6,24,250.1972,0.6,Moderate,FMS_MARITIME,2026-04-06
2022-06-22,40,VLSFO,38.77,15.0,360.0,24,335.3605,0.91,Rough,FMS_MARITIME,2026-04-06
2022-06-23,40,LSMGO,76.09,8.9,213.6,24,1109.2896,0.57,Rough,FMS_MARITIME,2026-04-06
2022-06-24,40,VLSFO,56.87,14.4,345.6,24,512.4224,0.83,Moderate,FMS_MARITIME,2026-04-06
2022-06-25,40,HFO,82.2,17.1,410.4,24,623.7105,0.43,Rough,FMS_MARITIME,2026-04-06
2022-06-26,40,HFO,29.59,8.8,211.2,24,436.2844,0.93,Moderate,FMS_MARITIME,2026-04-06
2022-06-27,40,HFO,46.23,14.2,340.8,24,422.4185,0.73,Calm,FMS_MARITIME,2026-04-06
2022-06-28,40,LNG,42.71,15.0,360.0,24,369.4415,0.86,Calm,FMS_MARITIME,2026-04-06
2022-06-28,40,VLSFO,82.69,10.5,252.0,24,1021.8121,0.52,Calm,FMS_MARITIME,2026-04-06
2022-06-28,40,HFO,66.32,9.5,228.0,24,905.7916,0.88,Rough,FMS_MARITIME,2026-04-06
2022-06-01,41,LSMGO,65.79,13.6,326.4,24,627.6656,0.6,Moderate,FMS_MARITIME,2026-04-06
2022-06-02,41,HFO,20.36,10.3,247.2,24,256.4767,0.56,Moderate,FMS_MARITIME,2026-04-06
2022-06-03,41,LSMGO,50.01,8.1,194.4,24,801.0861,0.82,Calm,FMS_MARITIME,2026-04-06
2022-06-04,41,LNG,73.65,8.5,204.0,24,1124.2456,0.9,Rough,FMS_MARITIME,2026-04-06
2022-06-05,41,MGO,60.95,9.3,223.2,24,850.3508,0.94,Calm,FMS_MARITIME,2026-04-06
2022-06-06,41,LSMGO,44.26,12.5,300.0,24,459.4188,0.9,Moderate,FMS_MARITIME,2026-04-06
2022-06-07,41,LSMGO,71.45,17.1,410.4,24,542.1425,0.89,Calm,FMS_MARITIME,2026-04-06
2022-06-08,41,VLSFO,40.84,17.9,429.6,24,296.033,0.78,Calm,FMS_MARITIME,2026-04-06
2022-06-09,41,MGO,29.9,17.7,424.8,24,219.1822,0.89,Calm,FMS_MARITIME,2026-04-06
2022-06-10,41,HFO,64.02,12.0,288.0,24,692.2162,0.88,Moderate,FMS_MARITIME,2026-04-06
2022-06-11,41,LNG,46.31,8.2,196.8,24,732.771,0.88,Calm,FMS_MARITIME,2026-04-06
2022-06-12,41,HFO,82.84,10.7,256.8,24,1004.5318,0.7,Rough,FMS_MARITIME,2026-04-06
2022-06-13,41,HFO,84.53,12.6,302.4,24,870.4577,0.84,Calm,FMS_MARITIME,2026-04-06
2022-06-14,41,HFO,55.35,13.4,321.6,24,535.945,0.53,Calm,FMS_MARITIME,2026-04-06
2022-06-15,41,HFO,40.12,9.7,232.8,24,536.6567,0.85,Calm,FMS_MARITIME,2026-04-06
2022-06-16,41,LSMGO,63.86,14.7,352.8,24,563.6622,0.57,Rough,FMS_MARITIME,2026-04-06
2022-06-17,41,MGO,53.78,14.2,340.8,24,491.4053,0.49,Rough,FMS_MARITIME,2026-04-06
2022-06-18,41,HFO,77.78,17.1,410.4,24,590.1728,0.83,Calm,FMS_MARITIME,2026-04-06
2022-06-19,41,HFO,41.49,16.4,393.6,24,328.2517,0.42,Moderate,FMS_MARITIME,2026-04-06
2022-06-20,41,LSMGO,81.03,17.9,429.6,24,587.3543,0.49,Calm,FMS_MARITIME,2026-04-06
2022-06-21,41,LSMGO,47.74,14.2,340.8,24,436.2158,0.98,Moderate,FMS_MARITIME,2026-04-06
2022-06-22,41,VLSFO,52.02,14.6,350.4,24,462.301,0.99,Moderate,FMS_MARITIME,2026-04-06
2022-06-23,41,MGO,63.56,12.7,304.8,24,649.363,0.81,Moderate,FMS_MARITIME,2026-04-06
2022-06-24,41,VLSFO,36.11,8.5,204.0,24,551.2085,0.4,Rough,FMS_MARITIME,2026-04-06
2022-06-25,41,HFO,80.8,13.8,331.2,24,759.6957,0.83,Rough,FMS_MARITIME,2026-04-06
2022-06-26,41,LSMGO,67.73,9.0,216.0,24,976.4408,0.74,Rough,FMS_MARITIME,2026-04-06
2022-06-27,41,LSMGO,71.18,17.1,410.4,24,540.0939,0.91,Moderate,FMS_MARITIME,2026-04-06
2022-06-28,41,LNG,79.84,11.4,273.6,24,908.7053,0.65,Calm,FMS_MARITIME,2026-04-06
2022-06-28,41,MGO,52.66,17.3,415.2,24,394.95,0.73,Calm,FMS_MARITIME,2026-04-06
2022-06-28,41,MGO,23.93,8.2,196.8,24,378.6485,0.41,Calm,FMS_MARITIME,2026-04-06
2022-06-01,42,LNG,61.92,17.2,412.8,24,467.1,0.9,Rough,FMS_MARITIME,2026-04-06
2022-06-02,42,HFO,62.16,12.4,297.6,24,650.4242,0.53,Rough,FMS_MARITIME,2026-04-06
2022-06-03,42,LNG,17.33,11.1,266.4,24,202.5736,0.77,Rough,FMS_MARITIME,2026-04-06
2022-06-04,42,LSMGO,20.19,17.2,412.8,24,152.3054,0.5,Moderate,FMS_MARITIME,2026-04-06
2022-06-05,42,VLSFO,38.3,17.1,410.4,24,290.6096,0.93,Rough,FMS_MARITIME,2026-04-06
2022-06-06,42,VLSFO,74.98,11.5,276.0,24,845.97,0.46,Moderate,FMS_MARITIME,2026-04-06
2022-06-07,42,MGO,63.09,11.0,264.0,24,744.1752,0.45,Calm,FMS_MARITIME,2026-04-06
2022-06-08,42,MGO,35.31,17.3,415.2,24,264.825,0.89,Rough,FMS_MARITIME,2026-04-06
2022-06-09,42,LSMGO,46.1,14.4,345.6,24,415.3802,0.51,Moderate,FMS_MARITIME,2026-04-06
2022-06-10,42,LSMGO,66.49,16.1,386.4,24,535.8433,0.41,Moderate,FMS_MARITIME,2026-04-06
2022-06-11,42,VLSFO,52.65,16.9,405.6,24,404.2212,0.97,Calm,FMS_MARITIME,2026-04-06
2022-06-12,42,MGO,83.76,8.5,204.0,24,1278.5718,0.63,Rough,FMS_MARITIME,2026-04-06
2022-06-13,42,HFO,41.16,9.4,225.6,24,568.1394,0.73,Calm,FMS_MARITIME,2026-04-06
2022-06-14,42,HFO,42.16,14.7,352.8,24,372.1265,0.53,Calm,FMS_MARITIME,2026-04-06
2022-06-15,42,LSMGO,26.9,15.6,374.4,24,223.7356,0.75,Rough,FMS_MARITIME,2026-04-06
2022-06-16,42,LNG,15.91,17.8,427.2,24,115.9732,0.51,Rough,FMS_MARITIME,2026-04-06
2022-06-17,42,LSMGO,58.11,16.7,400.8,24,451.4834,0.75,Rough,FMS_MARITIME,2026-04-06
2022-06-18,42,MGO,52.15,15.2,364.8,24,445.162,0.88,Moderate,FMS_MARITIME,2026-04-06
2022-06-19,42,LNG,30.86,15.2,364.8,24,263.4266,0.74,Rough,FMS_MARITIME,2026-04-06
2022-06-20,42,VLSFO,69.59,17.8,427.2,24,507.2642,0.78,Rough,FMS_MARITIME,2026-04-06
2022-06-21,42,VLSFO,25.57,13.1,314.4,24,253.2601,0.98,Rough,FMS_MARITIME,2026-04-06
2022-06-22,42,HFO,70.36,16.3,391.2,24,560.0742,0.42,Moderate,FMS_MARITIME,2026-04-06
2022-06-23,42,HFO,22.96,17.4,417.6,24,171.2103,0.92,Moderate,FMS_MARITIME,2026-04-06
2022-06-24,42,VLSFO,56.1,12.2,292.8,24,596.6373,0.65,Moderate,FMS_MARITIME,2026-04-06
2022-06-25,42,MGO,44.05,14.9,357.6,24,383.5898,0.56,Rough,FMS_MARITIME,2026-04-06
2022-06-26,42,LNG,66.04,8.4,201.6,24,1020.0821,0.57,Rough,FMS_MARITIME,2026-04-06
2022-06-27,42,MGO,83.9,16.1,386.4,24,676.1506,0.89,Moderate,FMS_MARITIME,2026-04-06
2022-06-28,42,VLSFO,54.5,11.7,280.8,24,604.391,0.85,Calm,FMS_MARITIME,2026-04-06
2022-06-28,42,LNG,76.52,12.2,292.8,24,813.809,0.45,Rough,FMS_MARITIME,2026-04-06
2022-06-28,42,LSMGO,30.35,17.3,415.2,24,227.625,0.48,Calm,FMS_MARITIME,2026-04-06
2022-06-01,43,LSMGO,30.47,13.2,316.8,24,299.5062,0.97,Rough,FMS_MARITIME,2026-04-06
2022-06-02,43,LSMGO,79.25,8.3,199.2,24,1238.878,0.54,Moderate,FMS_MARITIME,2026-04-06
2022-06-03,43,MGO,55.1,16.7,400.8,24,428.0973,0.45,Calm,FMS_MARITIME,2026-04-06
2022-06-04,43,LNG,31.45,15.4,369.6,24,264.9765,0.94,Calm,FMS_MARITIME,2026-04-06
2022-06-05,43,LNG,50.26,14.8,355.2,24,440.624,0.61,Calm,FMS_MARITIME,2026-04-06
2022-06-06,43,LNG,81.19,11.2,268.8,24,940.5717,0.92,Rough,FMS_MARITIME,2026-04-06
2022-06-07,43,MGO,36.96,13.6,326.4,24,352.6147,0.8,Rough,FMS_MARITIME,2026-04-06
2022-06-08,43,LSMGO,80.09,8.4,201.6,24,1237.1045,0.52,Calm,FMS_MARITIME,2026-04-06
2022-06-09,43,HFO,53.04,9.4,225.6,24,732.1213,1.0,Moderate,FMS_MARITIME,2026-04-06
2022-06-10,43,MGO,20.97,16.9,405.6,24,160.9975,0.82,Calm,FMS_MARITIME,2026-04-06
2022-06-11,43,LNG,44.0,16.5,396.0,24,346.0,0.98,Moderate,FMS_MARITIME,2026-04-06
2022-06-12,43,HFO,78.61,10.2,244.8,24,999.9654,0.56,Rough,FMS_MARITIME,2026-04-06
2022-06-13,43,LNG,75.09,10.6,254.4,24,919.1441,0.61,Calm,FMS_MARITIME,2026-04-06
2022-06-14,43,LNG,22.7,17.3,415.2,24,170.25,0.42,Moderate,FMS_MARITIME,2026-04-06
2022-06-15,43,VLSFO,20.54,16.6,398.4,24,160.5461,0.51,Rough,FMS_MARITIME,2026-04-06
2022-06-16,43,HFO,15.83,14.3,343.2,24,143.6323,0.63,Moderate,FMS_MARITIME,2026-04-06
2022-06-17,43,VLSFO,72.76,12.8,307.2,24,737.5477,0.93,Calm,FMS_MARITIME,2026-04-06
2022-06-18,43,HFO,64.15,11.8,283.2,24,705.3782,0.43,Moderate,FMS_MARITIME,2026-04-06
2022-06-19,43,HFO,62.96,17.6,422.4,24,464.1511,0.79,Rough,FMS_MARITIME,2026-04-06
2022-06-20,43,VLSFO,26.56,14.4,345.6,24,239.3167,0.88,Calm,FMS_MARITIME,2026-04-06
2022-06-21,43,LSMGO,79.22,10.0,240.0,24,1027.8795,0.44,Rough,FMS_MARITIME,2026-04-06
2022-06-22,43,HFO,40.99,15.5,372.0,24,343.126,0.53,Moderate,FMS_MARITIME,2026-04-06
2022-06-23,43,LSMGO,18.09,11.7,280.8,24,200.6135,0.79,Rough,FMS_MARITIME,2026-04-06
2022-06-24,43,LNG,25.82,15.7,376.8,24,213.385,0.42,Moderate,FMS_MARITIME,2026-04-06
2022-06-25,43,LNG,43.61,12.5,300.0,24,452.6718,0.93,Moderate,FMS_MARITIME,2026-04-06
2022-06-26,43,LNG,34.41,8.5,204.0,24,525.2585,0.74,Moderate,FMS_MARITIME,2026-04-06
2022-06-27,43,VLSFO,74.64,16.2,388.8,24,597.8111,0.41,Calm,FMS_MARITIME,2026-04-06
2022-06-28,43,VLSFO,61.04,16.1,386.4,24,491.9217,0.63,Rough,FMS_MARITIME,2026-04-06
2022-06-28,43,HFO,67.84,14.0,336.0,24,628.7314,0.8,Rough,FMS_MARITIME,2026-04-06
2022-06-28,43,VLSFO,55.67,10.6,254.4,24,681.4323,0.49,Moderate,FMS_MARITIME,2026-04-06
2022-06-01,44,LSMGO,58.49,13.3,319.2,24,570.6073,0.51,Calm,FMS_MARITIME,2026-04-06
2022-06-02,44,MGO,81.99,18.0,432.0,24,591.0112,0.53,Rough,FMS_MARITIME,2026-04-06
2022-06-03,44,LNG,51.1,12.1,290.4,24,547.9525,0.87,Calm,FMS_MARITIME,2026-04-06
2022-06-04,44,LSMGO,54.72,17.3,415.2,24,410.4,0.63,Calm,FMS_MARITIME,2026-04-06
2022-06-05,44,VLSFO,55.49,10.9,261.6,24,660.5346,0.97,Rough,FMS_MARITIME,2026-04-06
2022-06-06,44,VLSFO,58.41,17.1,410.4,24,443.1987,0.65,Rough,FMS_MARITIME,2026-04-06
2022-06-07,44,VLSFO,41.63,9.4,225.6,24,574.6269,0.87,Moderate,FMS_MARITIME,2026-04-06
2022-06-08,44,MGO,59.36,15.4,369.6,24,500.1273,0.7,Rough,FMS_MARITIME,2026-04-06
2022-06-09,44,LNG,37.31,12.6,302.4,24,384.2042,0.5,Calm,FMS_MARITIME,2026-04-06
2022-06-10,44,VLSFO,44.82,10.9,261.6,24,533.5225,0.7,Moderate,FMS_MARITIME,2026-04-06
2022-06-11,44,HFO,21.23,8.7,208.8,24,316.6198,0.89,Rough,FMS_MARITIME,2026-04-06
2022-06-12,44,HFO,16.26,13.4,321.6,24,157.4429,0.93,Calm,FMS_MARITIME,2026-04-06
2022-06-13,44,LSMGO,51.26,13.6,326.4,24,489.043,0.77,Rough,FMS_MARITIME,2026-04-06
2022-06-14,44,LNG,79.31,11.3,271.2,24,910.6613,0.47,Calm,FMS_MARITIME,2026-04-06
2022-06-15,44,LSMGO,78.82,16.1,386.4,24,635.2109,0.66,Calm,FMS_MARITIME,2026-04-06
2022-06-16,44,LSMGO,19.57,15.8,379.2,24,160.7093,0.76,Moderate,FMS_MARITIME,2026-04-06
2022-06-17,44,LNG,69.77,13.7,328.8,24,660.7779,0.72,Rough,FMS_MARITIME,2026-04-06
2022-06-18,44,HFO,27.89,14.9,357.6,24,242.8676,0.61,Rough,FMS_MARITIME,2026-04-06
2022-06-19,44,LNG,82.12,16.8,403.2,24,634.2304,0.9,Moderate,FMS_MARITIME,2026-04-06
2022-06-20,44,LSMGO,66.18,16.3,391.2,24,526.8009,0.74,Moderate,FMS_MARITIME,2026-04-06
2022-06-21,44,LSMGO,35.45,10.4,249.6,24,442.2728,0.81,Moderate,FMS_MARITIME,2026-04-06
2022-06-22,44,LSMGO,66.31,16.0,384.0,24,537.7327,0.94,Calm,FMS_MARITIME,2026-04-06
2022-06-23,44,MGO,68.63,8.5,204.0,24,1047.6168,0.6,Moderate,FMS_MARITIME,2026-04-06
2022-06-24,44,HFO,51.06,17.6,422.4,24,376.4224,0.54,Rough,FMS_MARITIME,2026-04-06
2022-06-25,44,LSMGO,59.26,17.6,422.4,24,436.8741,0.59,Calm,FMS_MARITIME,2026-04-06
2022-06-26,44,LSMGO,77.47,14.8,355.2,24,679.1711,0.58,Rough,FMS_MARITIME,2026-04-06
2022-06-27,44,VLSFO,71.14,12.9,309.6,24,715.536,0.59,Calm,FMS_MARITIME,2026-04-06
2022-06-28,44,LNG,29.34,14.0,336.0,24,271.9189,0.42,Rough,FMS_MARITIME,2026-04-06
2022-06-28,44,VLSFO,32.63,17.4,417.6,24,243.3185,0.47,Calm,FMS_MARITIME,2026-04-06
2022-06-28,44,VLSFO,64.32,11.6,278.4,24,719.4414,0.49,Calm,FMS_MARITIME,2026-04-06
2022-06-01,45,MGO,61.89,12.3,295.2,24,652.864,0.5,Rough,FMS_MARITIME,2026-04-06
2022-06-02,45,LSMGO,51.58,10.1,242.4,24,662.6243,0.48,Calm,FMS_MARITIME,2026-04-06
2022-06-03,45,LSMGO,60.62,17.9,429.6,24,439.4103,0.87,Rough,FMS_MARITIME,2026-04-06
2022-06-04,45,HFO,57.9,15.3,367.2,24,491.0147,0.69,Moderate,FMS_MARITIME,2026-04-06
2022-06-05,45,LNG,78.21,8.8,211.2,24,1153.1531,0.46,Rough,FMS_MARITIME,2026-04-06
2022-06-06,45,LNG,26.52,13.2,316.8,24,260.6795,0.44,Calm,FMS_MARITIME,2026-04-06
2022-06-07,45,VLSFO,33.01,15.8,379.2,24,271.079,0.58,Calm,FMS_MARITIME,2026-04-06
2022-06-08,45,MGO,50.56,14.4,345.6,24,455.5667,0.65,Rough,FMS_MARITIME,2026-04-06
2022-06-09,45,LSMGO,16.3,9.2,220.8,24,229.8832,0.92,Moderate,FMS_MARITIME,2026-04-06
2022-06-10,45,LSMGO,41.42,14.4,345.6,24,373.2115,0.76,Rough,FMS_MARITIME,2026-04-06
2022-06-11,45,LSMGO,61.74,14.1,338.4,24,568.1394,0.98,Calm,FMS_MARITIME,2026-04-06
2022-06-12,45,HFO,26.53,16.4,393.6,24,209.8944,0.7,Calm,FMS_MARITIME,2026-04-06
2022-06-13,45,MGO,50.23,9.9,237.6,24,658.3174,0.41,Rough,FMS_MARITIME,2026-04-06
2022-06-14,45,LSMGO,58.42,11.9,285.6,24,636.9744,0.79,Calm,FMS_MARITIME,2026-04-06
2022-06-15,45,LSMGO,79.28,8.4,201.6,24,1224.5929,0.9,Rough,FMS_MARITIME,2026-04-06
2022-06-16,45,VLSFO,34.82,12.4,297.6,24,364.3464,0.6,Calm,FMS_MARITIME,2026-04-06
2022-06-17,45,HFO,80.46,10.0,240.0,24,1043.9685,0.64,Calm,FMS_MARITIME,2026-04-06
2022-06-18,45,VLSFO,78.52,11.8,283.2,24,863.3873,0.97,Calm,FMS_MARITIME,2026-04-06
2022-06-19,45,LNG,67.41,11.2,268.8,24,780.9328,0.59,Calm,FMS_MARITIME,2026-04-06
2022-06-20,45,LSMGO,80.05,15.7,376.8,24,661.5597,0.96,Moderate,FMS_MARITIME,2026-04-06
2022-06-21,45,LNG,31.53,14.4,345.6,24,284.0984,0.98,Moderate,FMS_MARITIME,2026-04-06
2022-06-22,45,HFO,19.53,10.1,242.4,24,250.8928,0.45,Moderate,FMS_MARITIME,2026-04-06
2022-06-23,45,LSMGO,34.49,11.9,285.6,24,376.0569,0.96,Calm,FMS_MARITIME,2026-04-06
2022-06-24,45,LSMGO,17.85,15.4,369.6,24,150.392,0.82,Calm,FMS_MARITIME,2026-04-06
2022-06-25,45,MGO,69.07,16.4,393.6,24,546.4532,0.78,Moderate,FMS_MARITIME,2026-04-06
2022-06-26,45,LNG,84.87,17.8,427.2,24,618.6451,0.53,Calm,FMS_MARITIME,2026-04-06
2022-06-27,45,LSMGO,32.03,13.9,333.6,24,298.9851,0.45,Calm,FMS_MARITIME,2026-04-06
2022-06-28,45,VLSFO,66.1,16.0,384.0,24,536.0297,0.8,Moderate,FMS_MARITIME,2026-04-06
2022-06-28,45,HFO,61.41,10.0,240.0,24,796.7947,0.77,Moderate,FMS_MARITIME,2026-04-06
2022-06-28,45,VLSFO,77.01,15.6,374.4,24,640.5159,0.63,Moderate,FMS_MARITIME,2026-04-06
2022-06-01,46,LSMGO,53.67,9.4,225.6,24,740.8173,0.81,Moderate,FMS_MARITIME,2026-04-06
2022-06-02,46,MGO,56.49,16.4,393.6,24,446.9255,0.85,Calm,FMS_MARITIME,2026-04-06
2022-06-03,46,VLSFO,70.61,11.3,271.2,24,810.7653,0.45,Calm,FMS_MARITIME,2026-04-06
2022-06-04,46,MGO,29.87,8.8,211.2,24,440.4128,0.64,Rough,FMS_MARITIME,2026-04-06
2022-06-05,46,LSMGO,54.33,9.9,237.6,24,712.0523,0.67,Moderate,FMS_MARITIME,2026-04-06
2022-06-06,46,HFO,64.86,16.4,393.6,24,513.1454,0.49,Moderate,FMS_MARITIME,2026-04-06
2022-06-07,46,HFO,19.77,11.7,280.8,24,219.2442,0.54,Rough,FMS_MARITIME,2026-04-06
2022-06-08,46,MGO,54.84,13.4,321.6,24,531.0067,0.82,Moderate,FMS_MARITIME,2026-04-06
2022-06-09,46,LSMGO,49.0,10.4,249.6,24,611.3221,0.53,Moderate,FMS_MARITIME,2026-04-06
2022-06-10,46,LNG,39.33,13.5,324.0,24,378.005,0.53,Calm,FMS_MARITIME,2026-04-06
2022-06-11,46,HFO,45.58,17.5,420.0,24,337.9431,0.94,Rough,FMS_MARITIME,2026-04-06
2022-06-12,46,HFO,75.93,8.9,213.6,24,1106.957,0.88,Moderate,FMS_MARITIME,2026-04-06
2022-06-13,46,LNG,55.19,17.7,424.8,24,404.5708,0.64,Rough,FMS_MARITIME,2026-04-06
2022-06-14,46,LSMGO,78.58,17.8,427.2,24,572.7952,0.83,Calm,FMS_MARITIME,2026-04-06
2022-06-15,46,MGO,70.63,16.4,393.6,24,558.7953,0.51,Calm,FMS_MARITIME,2026-04-06
2022-06-16,46,LNG,27.92,13.3,319.2,24,272.3774,0.97,Moderate,FMS_MARITIME,2026-04-06
2022-06-17,46,VLSFO,55.73,12.2,292.8,24,592.7023,0.49,Rough,FMS_MARITIME,2026-04-06
2022-06-18,46,LNG,55.67,11.8,283.2,24,612.1341,0.69,Calm,FMS_MARITIME,2026-04-06
2022-06-19,46,MGO,81.73,11.8,283.2,24,898.6837,0.61,Moderate,FMS_MARITIME,2026-04-06
2022-06-20,46,MGO,23.92,12.1,290.4,24,256.4975,0.91,Calm,FMS_MARITIME,2026-04-06
2022-06-21,46,LNG,30.29,12.4,297.6,24,316.9458,0.81,Rough,FMS_MARITIME,2026-04-06
2022-06-22,46,HFO,71.57,13.2,316.8,24,703.5006,0.83,Moderate,FMS_MARITIME,2026-04-06
2022-06-23,46,VLSFO,16.13,10.8,259.2,24,193.784,0.94,Rough,FMS_MARITIME,2026-04-06
2022-06-24,46,MGO,70.55,11.1,266.4,24,824.6723,0.82,Rough,FMS_MARITIME,2026-04-06
2022-06-25,46,HFO,62.18,16.8,403.2,24,480.2295,0.55,Rough,FMS_MARITIME,2026-04-06
2022-06-26,46,MGO,82.75,15.7,376.8,24,683.8734,0.97,Moderate,FMS_MARITIME,2026-04-06
2022-06-27,46,VLSFO,17.19,13.9,333.6,24,160.4606,0.97,Rough,FMS_MARITIME,2026-04-06
2022-06-28,46,LSMGO,48.09,13.6,326.4,24,458.7998,0.69,Moderate,FMS_MARITIME,2026-04-06
2022-06-28,46,MGO,62.98,14.6,350.4,24,559.7024,0.56,Calm,FMS_MARITIME,2026-04-06
2022-06-28,46,VLSFO,68.0,16.2,388.8,24,544.6296,0.71,Calm,FMS_MARITIME,2026-04-06
2022-06-01,47,LSMGO,80.2,9.1,218.4,24,1143.511,0.95,Moderate,FMS_MARITIME,2026-04-06
2022-06-02,47,LNG,66.69,14.9,357.6,24,580.7401,0.65,Rough,FMS_MARITIME,2026-04-06
2022-06-03,47,LNG,38.87,14.4,345.6,24,350.2349,0.4,Rough,FMS_MARITIME,2026-04-06
2022-06-04,47,LNG,79.56,17.6,422.4,24,586.529,0.88,Rough,FMS_MARITIME,2026-04-06
2022-06-05,47,LNG,36.73,16.7,400.8,24,285.3723,0.56,Moderate,FMS_MARITIME,2026-04-06
2022-06-06,47,HFO,84.49,16.6,398.4,24,660.3962,0.8,Moderate,FMS_MARITIME,2026-04-06
2022-06-07,47,HFO,15.09,9.9,237.6,24,197.7705,0.45,Moderate,FMS_MARITIME,2026-04-06
2022-06-08,47,HFO,73.6,15.3,367.2,24,624.1569,0.86,Moderate,FMS_MARITIME,2026-04-06
2022-06-09,47,MGO,29.86,11.9,285.6,24,325.5744,0.77,Rough,FMS_MARITIME,2026-04-06
2022-06-10,47,LSMGO,16.2,9.7,232.8,24,216.6959,0.97,Rough,FMS_MARITIME,2026-04-06
2022-06-11,47,LSMGO,27.31,8.7,208.8,24,407.2957,0.55,Calm,FMS_MARITIME,2026-04-06
2022-06-12,47,HFO,51.65,13.1,314.4,24,511.5716,0.75,Rough,FMS_MARITIME,2026-04-06
2022-06-13,47,HFO,27.72,10.9,261.6,24,329.9697,0.9,Moderate,FMS_MARITIME,2026-04-06
2022-06-14,47,MGO,74.16,14.7,352.8,24,654.5755,1.0,Rough,FMS_MARITIME,2026-04-06
2022-06-15,47,LNG,72.3,17.6,422.4,24,533.0071,0.66,Calm,FMS_MARITIME,2026-04-06
2022-06-16,47,HFO,75.05,14.5,348.0,24,671.5681,0.45,Calm,FMS_MARITIME,2026-04-06
2022-06-17,47,MGO,33.77,17.3,415.2,24,253.275,0.98,Rough,FMS_MARITIME,2026-04-06
2022-06-18,47,MGO,48.17,11.4,273.6,24,548.2507,0.53,Rough,FMS_MARITIME,2026-04-06
2022-06-19,47,MGO,46.34,9.7,232.8,24,619.8572,0.83,Moderate,FMS_MARITIME,2026-04-06
2022-06-20,47,MGO,81.43,13.9,333.6,24,760.111,0.92,Rough,FMS_MARITIME,2026-04-06
2022-06-21,47,HFO,53.98,16.6,398.4,24,421.922,0.73,Calm,FMS_MARITIME,2026-04-06
2022-06-22,47,VLSFO,61.14,12.6,302.4,24,629.5964,0.84,Calm,FMS_MARITIME,2026-04-06
2022-06-23,47,VLSFO,39.6,13.5,324.0,24,380.6,0.58,Moderate,FMS_MARITIME,2026-04-06
2022-06-24,47,VLSFO,19.94,14.2,340.8,24,182.1982,0.84,Calm,FMS_MARITIME,2026-04-06
2022-06-25,47,MGO,31.88,13.1,314.4,24,315.758,0.97,Moderate,FMS_MARITIME,2026-04-06
2022-06-26,47,HFO,74.53,11.7,280.8,24,826.5186,0.84,Moderate,FMS_MARITIME,2026-04-06
2022-06-27,47,LNG,66.25,14.6,350.4,24,588.7628,0.43,Calm,FMS_MARITIME,2026-04-06
2022-06-28,47,LSMGO,48.98,14.8,355.2,24,429.4024,0.53,Calm,FMS_MARITIME,2026-04-06
2022-06-28,47,VLSFO,30.43,11.1,266.4,24,355.702,0.7,Rough,FMS_MARITIME,2026-04-06
2022-06-28,47,LSMGO,63.23,12.3,295.2,24,666.9994,0.71,Rough,FMS_MARITIME,2026-04-06
2022-06-01,48,MGO,44.55,12.9,309.6,24,448.0901,0.89,Moderate,FMS_MARITIME,2026-04-06
2022-06-02,48,MGO,63.31,17.6,422.4,24,466.7314,0.54,Calm,FMS_MARITIME,2026-04-06
2022-06-03,48,MGO,42.69,15.3,367.2,24,362.0279,0.43,Calm,FMS_MARITIME,2026-04-06
2022-06-04,48,LNG,79.42,16.6,398.4,24,620.7678,0.63,Calm,FMS_MARITIME,2026-04-06
2022-06-05,48,VLSFO,65.73,11.3,271.2,24,754.7316,0.99,Calm,FMS_MARITIME,2026-04-06
2022-06-06,48,LSMGO,79.87,9.0,216.0,24,1151.4592,0.88,Rough,FMS_MARITIME,2026-04-06
2022-06-07,48,LSMGO,54.52,9.8,235.2,24,721.8337,0.62,Calm,FMS_MARITIME,2026-04-06
2022-06-08,48,LSMGO,25.35,14.5,348.0,24,226.8388,0.68,Rough,FMS_MARITIME,2026-04-06
2022-06-09,48,LSMGO,43.25,15.3,367.2,24,366.777,0.52,Moderate,FMS_MARITIME,2026-04-06
2022-06-10,48,LSMGO,20.13,17.2,412.8,24,151.8528,0.99,Rough,FMS_MARITIME,2026-04-06
2022-06-11,48,VLSFO,19.74,13.6,326.4,24,188.3283,0.51,Moderate,FMS_MARITIME,2026-04-06
2022-06-12,48,VLSFO,33.74,12.8,307.2,24,342.0129,0.94,Moderate,FMS_MARITIME,2026-04-06
2022-06-13,48,LSMGO,56.35,12.8,307.2,24,571.2041,0.93,Rough,FMS_MARITIME,2026-04-06
2022-06-14,48,VLSFO,35.7,13.0,312.0,24,356.3135,0.51,Rough,FMS_MARITIME,2026-04-06
2022-06-15,48,VLSFO,43.24,8.8,211.2,24,637.5443,0.71,Calm,FMS_MARITIME,2026-04-06
2022-06-16,48,LNG,39.75,8.7,208.8,24,592.8233,0.99,Calm,FMS_MARITIME,2026-04-06
2022-06-17,48,LSMGO,40.62,9.9,237.6,24,532.3682,0.74,Moderate,FMS_MARITIME,2026-04-06
2022-06-18,48,MGO,31.91,17.0,408.0,24,243.5484,0.99,Moderate,FMS_MARITIME,2026-04-06
2022-06-19,48,VLSFO,61.99,14.4,345.6,24,558.5557,0.52,Moderate,FMS_MARITIME,2026-04-06
2022-06-20,48,VLSFO,81.3,15.9,381.6,24,663.4387,0.44,Moderate,FMS_MARITIME,2026-04-06
2022-06-21,48,LSMGO,75.19,8.8,211.2,24,1108.6253,0.89,Rough,FMS_MARITIME,2026-04-06
2022-06-22,48,LNG,79.29,16.7,400.8,24,616.0406,0.85,Moderate,FMS_MARITIME,2026-04-06
2022-06-23,48,LSMGO,62.8,16.6,398.4,24,490.8614,0.46,Calm,FMS_MARITIME,2026-04-06
2022-06-24,48,VLSFO,33.98,17.2,412.8,24,256.3317,0.8,Rough,FMS_MARITIME,2026-04-06
2022-06-25,48,HFO,16.13,17.5,420.0,24,119.5924,0.54,Calm,FMS_MARITIME,2026-04-06
2022-06-26,48,MGO,50.81,11.0,264.0,24,599.327,0.41,Rough,FMS_MARITIME,2026-04-06
2022-06-27,48,HFO,84.7,15.9,381.6,24,691.184,0.96,Moderate,FMS_MARITIME,2026-04-06
2022-06-28,48,VLSFO,44.0,13.7,328.8,24,416.7153,0.53,Calm,FMS_MARITIME,2026-04-06
2022-06-28,48,LNG,75.01,17.9,429.6,24,543.7177,0.88,Rough,FMS_MARITIME,2026-04-06
2022-06-28,48,VLSFO,73.88,16.5,396.0,24,580.9655,0.74,Rough,FMS_MARITIME,2026-04-06
2022-06-01,49,HFO,36.23,8.3,199.2,24,566.3666,0.6,Moderate,FMS_MARITIME,2026-04-06
2022-06-02,49,VLSFO,32.19,14.7,352.8,24,284.126,0.99,Moderate,FMS_MARITIME,2026-04-06
2022-06-03,49,LSMGO,54.51,12.1,290.4,24,584.5184,0.8,Rough,FMS_MARITIME,2026-04-06
2022-06-04,49,LNG,75.66,9.3,223.2,24,1055.579,0.93,Rough,FMS_MARITIME,2026-04-06
2022-06-05,49,LNG,74.7,13.3,319.2,24,728.7462,0.94,Rough,FMS_MARITIME,2026-04-06
2022-06-06,49,LNG,53.64,10.0,240.0,24,695.979,0.47,Moderate,FMS_MARITIME,2026-04-06
2022-06-07,49,LSMGO,74.3,13.3,319.2,24,724.844,0.65,Moderate,FMS_MARITIME,2026-04-06
2022-06-08,49,LSMGO,22.87,13.6,326.4,24,218.1899,0.67,Calm,FMS_MARITIME,2026-04-06
2022-06-09,49,HFO,18.13,12.9,309.6,24,182.3541,0.69,Rough,FMS_MARITIME,2026-04-06
2022-06-10,49,LSMGO,20.06,15.6,374.4,24,166.8452,0.54,Rough,FMS_MARITIME,2026-04-06
2022-06-11,49,VLSFO,52.58,8.6,206.4,24,793.2855,0.61,Rough,FMS_MARITIME,2026-04-06
2022-06-12,49,LNG,24.92,10.4,249.6,24,310.901,0.96,Rough,FMS_MARITIME,2026-04-06
2022-06-13,49,HFO,31.86,11.5,276.0,24,359.4639,0.99,Calm,FMS_MARITIME,2026-04-06
2022-06-14,49,MGO,71.35,17.7,424.8,24,523.0318,0.44,Calm,FMS_MARITIME,2026-04-06
2022-06-15,49,VLSFO,73.29,16.7,400.8,24,569.4238,0.42,Calm,FMS_MARITIME,2026-04-06
2022-06-16,49,MGO,84.24,8.6,206.4,24,1270.9465,0.87,Moderate,FMS_MARITIME,2026-04-06
2022-06-17,49,HFO,39.66,11.9,285.6,24,432.4273,0.65,Rough,FMS_MARITIME,2026-04-06
2022-06-18,49,HFO,74.24,11.8,283.2,24,816.3254,0.4,Calm,FMS_MARITIME,2026-04-06
2022-06-19,49,HFO,34.61,12.1,290.4,24,371.1279,0.75,Calm,FMS_MARITIME,2026-04-06
2022-06-20,49,MGO,83.42,9.9,237.6,24,1093.3076,0.62,Rough,FMS_MARITIME,2026-04-06
2022-06-21,49,VLSFO,61.02,14.9,357.6,24,531.3654,0.82,Rough,FMS_MARITIME,2026-04-06
2022-06-22,49,LNG,75.0,9.2,220.8,24,1057.7446,0.84,Moderate,FMS_MARITIME,2026-04-06
2022-06-23,49,HFO,61.04,17.2,412.8,24,460.4616,0.76,Rough,FMS_MARITIME,2026-04-06
2022-06-24,49,LSMGO,31.92,8.9,213.6,24,465.3506,0.89,Calm,FMS_MARITIME,2026-04-06
2022-06-25,49,HFO,58.94,11.9,285.6,24,642.6441,0.63,Rough,FMS_MARITIME,2026-04-06
2022-06-26,49,MGO,70.9,15.2,364.8,24,605.2155,0.95,Moderate,FMS_MARITIME,2026-04-06
2022-06-27,49,HFO,70.47,10.4,249.6,24,879.181,0.52,Calm,FMS_MARITIME,2026-04-06
2022-06-28,49,LSMGO,19.45,10.4,249.6,24,242.6575,0.89,Rough,FMS_MARITIME,2026-04-06
2022-06-28,49,MGO,43.38,11.3,271.2,24,498.1022,0.95,Calm,FMS_MARITIME,2026-04-06
2022-06-28,49,VLSFO,18.52,11.1,266.4,24,216.4838,0.86,Rough,FMS_MARITIME,2026-04-06
2022-06-01,50,HFO,37.25,9.3,223.2,24,519.6976,0.5,Moderate,FMS_MARITIME,2026-04-06
2022-06-02,50,MGO,57.96,15.2,364.8,24,494.7572,0.91,Rough,FMS_MARITIME,2026-04-06
2022-06-03,50,LNG,41.81,16.3,391.2,24,332.8127,0.74,Rough,FMS_MARITIME,2026-04-06
2022-06-04,50,LSMGO,78.69,9.1,218.4,24,1121.981,0.59,Moderate,FMS_MARITIME,2026-04-06
2022-06-05,50,LNG,48.13,12.2,292.8,24,511.8744,0.44,Rough,FMS_MARITIME,2026-04-06
2022-06-06,50,HFO,46.22,8.6,206.4,24,697.3308,0.86,Rough,FMS_MARITIME,2026-04-06
2022-06-07,50,HFO,31.23,16.7,400.8,24,242.6403,0.8,Moderate,FMS_MARITIME,2026-04-06
2022-06-08,50,VLSFO,30.34,16.5,396.0,24,238.5827,0.5,Rough,FMS_MARITIME,2026-04-06
2022-06-09,50,LSMGO,79.88,12.9,309.6,24,803.4442,0.77,Moderate,FMS_MARITIME,2026-04-06
2022-06-10,50,LSMGO,58.37,11.3,271.2,24,670.2219,0.79,Calm,FMS_MARITIME,2026-04-06
2022-06-11,50,VLSFO,55.15,13.4,321.6,24,534.0084,0.88,Rough,FMS_MARITIME,2026-04-06
2022-06-12,50,LNG,38.78,14.2,340.8,24,354.3454,0.46,Calm,FMS_MARITIME,2026-04-06
2022-06-13,50,MGO,32.56,15.1,362.4,24,279.7788,0.98,Rough,FMS_MARITIME,2026-04-06
2022-06-14,50,VLSFO,48.58,10.8,259.2,24,583.6347,0.71,Rough,FMS_MARITIME,2026-04-06
2022-06-15,50,LNG,18.46,13.0,312.0,24,184.245,0.65,Calm,FMS_MARITIME,2026-04-06
2022-06-16,50,LNG,37.1,13.0,312.0,24,370.2865,0.94,Moderate,FMS_MARITIME,2026-04-06
2022-06-17,50,VLSFO,65.57,12.1,290.4,24,703.1163,0.49,Calm,FMS_MARITIME,2026-04-06
2022-06-18,50,LNG,21.71,12.6,302.4,24,223.5613,0.41,Moderate,FMS_MARITIME,2026-04-06
2022-06-19,50,MGO,73.22,14.0,336.0,24,678.5925,0.87,Calm,FMS_MARITIME,2026-04-06
2022-06-20,50,VLSFO,76.01,11.0,264.0,24,896.5725,0.81,Calm,FMS_MARITIME,2026-04-06
2022-06-21,50,MGO,26.03,11.9,285.6,24,283.8145,0.59,Rough,FMS_MARITIME,2026-04-06
2022-06-22,50,LNG,80.11,15.9,381.6,24,653.7278,0.65,Calm,FMS_MARITIME,2026-04-06
2022-06-23,50,MGO,34.45,10.1,242.4,24,442.5631,0.54,Rough,FMS_MARITIME,2026-04-06
2022-06-24,50,LNG,21.41,13.8,331.2,24,201.3005,0.69,Calm,FMS_MARITIME,2026-04-06
2022-06-25,50,LSMGO,81.57,12.6,302.4,24,839.9768,0.55,Calm,FMS_MARITIME,2026-04-06
2022-06-26,50,LNG,39.9,17.6,422.4,24,294.1491,0.58,Rough,FMS_MARITIME,2026-04-06
2022-06-27,50,VLSFO,42.3,13.7,328.8,24,400.615,0.49,Moderate,FMS_MARITIME,2026-04-06
2022-06-28,50,LSMGO,20.38,11.3,271.2,24,234.0093,0.69,Rough,FMS_MARITIME,2026-04-06
2022-06-28,50,MGO,74.52,16.7,400.8,24,578.9802,0.46,Calm,FMS_MARITIME,2026-04-06
2022-06-28,50,HFO,44.6,14.8,355.2,24,391.0034,0.92,Calm,FMS_MARITIME,2026-04-06
2022-06-01,51,LSMGO,78.7,12.4,297.6,24,823.494,0.98,Rough,FMS_MARITIME,2026-04-06
2022-06-02,51,MGO,70.85,12.9,309.6,24,712.6192,0.78,Rough,FMS_MARITIME,2026-04-06
2022-06-03,51,LSMGO,16.53,9.2,220.8,24,233.1269,0.81,Rough,FMS_MARITIME,2026-04-06
2022-06-04,51,VLSFO,15.12,13.9,333.6,24,141.1381,0.43,Calm,FMS_MARITIME,2026-04-06
2022-06-05,51,VLSFO,56.42,8.4,201.6,24,871.4875,0.67,Rough,FMS_MARITIME,2026-04-06
2022-06-06,51,VLSFO,38.17,14.6,350.4,24,339.2163,0.84,Calm,FMS_MARITIME,2026-04-06
2022-06-07,51,HFO,50.19,15.0,360.0,24,434.1435,0.99,Calm,FMS_MARITIME,2026-04-06
2022-06-08,51,MGO,18.6,12.5,300.0,24,193.068,0.91,Moderate,FMS_MARITIME,2026-04-06
2022-06-09,51,HFO,29.4,17.1,410.4,24,223.0789,0.76,Rough,FMS_MARITIME,2026-04-06
2022-06-10,51,VLSFO,25.66,8.9,213.6,24,374.0882,0.92,Moderate,FMS_MARITIME,2026-04-06
2022-06-11,51,HFO,51.03,11.3,271.2,24,585.9418,0.54,Rough,FMS_MARITIME,2026-04-06
2022-06-12,51,VLSFO,47.31,14.6,350.4,24,420.4433,0.89,Moderate,FMS_MARITIME,2026-04-06
2022-06-13,51,HFO,64.14,11.6,278.4,24,717.428,0.64,Moderate,FMS_MARITIME,2026-04-06
2022-06-14,51,LNG,52.48,16.7,400.8,24,407.7413,0.57,Calm,FMS_MARITIME,2026-04-06
2022-06-15,51,HFO,19.77,16.1,386.4,24,159.3266,0.88,Moderate,FMS_MARITIME,2026-04-06
2022-06-16,51,HFO,48.49,13.8,331.2,24,455.9114,0.41,Calm,FMS_MARITIME,2026-04-06
2022-06-17,51,VLSFO,61.26,10.5,252.0,24,756.9986,0.71,Moderate,FMS_MARITIME,2026-04-06
2022-06-18,51,VLSFO,66.99,17.8,427.2,24,488.3119,0.87,Rough,FMS_MARITIME,2026-04-06
2022-06-19,51,LNG,25.95,10.6,254.4,24,317.6427,0.74,Rough,FMS_MARITIME,2026-04-06
2022-06-20,51,HFO,49.76,14.4,345.6,24,448.3583,0.71,Rough,FMS_MARITIME,2026-04-06
2022-06-21,51,MGO,56.26,15.1,362.4,24,483.4262,0.85,Rough,FMS_MARITIME,2026-04-06
2022-06-22,51,MGO,67.37,17.4,417.6,24,502.3711,0.6,Moderate,FMS_MARITIME,2026-04-06
2022-06-23,51,LSMGO,17.66,10.2,244.8,24,224.6456,0.63,Calm,FMS_MARITIME,2026-04-06
2022-06-24,51,MGO,55.75,9.2,220.8,24,786.2568,0.93,Moderate,FMS_MARITIME,2026-04-06
2022-06-25,51,VLSFO,43.06,14.9,357.6,24,374.9688,0.98,Rough,FMS_MARITIME,2026-04-06
2022-06-26,51,HFO,23.5,17.9,429.6,24,170.3422,0.65,Rough,FMS_MARITIME,2026-04-06
2022-06-27,51,VLSFO,46.56,14.3,343.2,24,422.4587,0.74,Moderate,FMS_MARITIME,2026-04-06
2022-06-28,51,VLSFO,80.71,11.1,266.4,24,943.4345,0.65,Calm,FMS_MARITIME,2026-04-06
2022-06-28,51,VLSFO,84.85,13.1,314.4,24,840.4036,0.52,Moderate,FMS_MARITIME,2026-04-06
2022-06-28,51,HFO,67.53,13.1,314.4,24,668.8563,0.71,Rough,FMS_MARITIME,2026-04-06
2022-06-01,52,VLSFO,70.14,11.8,283.2,24,771.2428,0.71,Rough,FMS_MARITIME,2026-04-06
2022-06-02,52,LSMGO,36.15,11.2,268.8,24,418.7913,0.41,Calm,FMS_MARITIME,2026-04-06
2022-06-03,52,MGO,77.66,13.0,312.0,24,775.1065,0.75,Rough,FMS_MARITIME,2026-04-06
2022-06-04,52,LNG,69.98,13.1,314.4,24,693.1225,0.51,Calm,FMS_MARITIME,2026-04-06
2022-06-05,52,MGO,30.97,14.3,343.2,24,281.004,0.55,Moderate,FMS_MARITIME,2026-04-06
2022-06-06,52,HFO,37.89,13.3,319.2,24,369.6412,0.99,Calm,FMS_MARITIME,2026-04-06
2022-06-07,52,MGO,32.49,17.8,427.2,24,236.8302,0.54,Calm,FMS_MARITIME,2026-04-06
2022-06-08,52,HFO,40.55,13.1,314.4,24,401.6307,0.77,Rough,FMS_MARITIME,2026-04-06
2022-06-09,52,MGO,46.08,14.7,352.8,24,406.7265,0.44,Moderate,FMS_MARITIME,2026-04-06
2022-06-10,52,HFO,44.54,15.4,369.6,24,375.264,0.97,Moderate,FMS_MARITIME,2026-04-06
2022-06-11,52,MGO,71.93,10.1,242.4,24,924.0512,0.68,Moderate,FMS_MARITIME,2026-04-06
2022-06-12,52,VLSFO,30.52,10.8,259.2,24,366.6639,0.54,Rough,FMS_MARITIME,2026-04-06
2022-06-13,52,MGO,65.77,8.2,196.8,24,1040.6899,0.68,Rough,FMS_MARITIME,2026-04-06
2022-06-14,52,VLSFO,19.3,8.9,213.6,24,281.368,0.72,Moderate,FMS_MARITIME,2026-04-06
2022-06-15,52,MGO,44.58,16.7,400.8,24,346.3626,0.64,Moderate,FMS_MARITIME,2026-04-06
2022-06-16,52,LSMGO,23.76,17.7,424.8,24,174.1729,0.95,Moderate,FMS_MARITIME,2026-04-06
2022-06-17,52,LSMGO,67.36,14.5,348.0,24,602.7559,0.83,Calm,FMS_MARITIME,2026-04-06
2022-06-18,52,LSMGO,21.54,16.5,396.0,24,169.3827,0.5,Rough,FMS_MARITIME,2026-04-06
2022-06-19,52,LSMGO,46.03,9.8,235.2,24,609.4278,0.6,Moderate,FMS_MARITIME,2026-04-06
2022-06-20,52,LSMGO,44.65,11.0,264.0,24,526.667,0.75,Rough,FMS_MARITIME,2026-04-06
2022-06-21,52,LNG,66.17,17.5,420.0,24,490.6033,0.57,Calm,FMS_MARITIME,2026-04-06
2022-06-22,52,MGO,28.29,12.2,292.8,24,300.8711,0.47,Calm,FMS_MARITIME,2026-04-06
2022-06-23,52,LNG,38.89,9.8,235.2,24,514.8957,0.68,Calm,FMS_MARITIME,2026-04-06
2022-06-24,52,HFO,47.19,10.8,259.2,24,566.9354,0.64,Moderate,FMS_MARITIME,2026-04-06
2022-06-25,52,HFO,82.85,8.5,204.0,24,1264.6809,0.69,Moderate,FMS_MARITIME,2026-04-06
2022-06-26,52,VLSFO,84.75,15.3,367.2,24,718.7132,0.81,Rough,FMS_MARITIME,2026-04-06
2022-06-27,52,LNG,66.67,17.7,424.8,24,488.725,0.66,Moderate,FMS_MARITIME,2026-04-06
2022-06-28,52,LSMGO,74.58,15.2,364.8,24,636.6286,0.54,Moderate,FMS_MARITIME,2026-04-06
2022-06-28,52,LSMGO,66.11,11.6,278.4,24,739.4631,0.97,Calm,FMS_MARITIME,2026-04-06
2022-06-28,52,LNG,77.06,17.1,410.4,24,584.7096,0.98,Moderate,FMS_MARITIME,2026-04-06
2022-06-01,53,MGO,27.7,14.7,352.8,24,244.4949,0.43,Moderate,FMS_MARITIME,2026-04-06
2022-06-02,53,MGO,35.7,8.5,204.0,24,544.95,0.52,Moderate,FMS_MARITIME,2026-04-06
2022-06-03,53,LSMGO,45.77,15.5,372.0,24,383.1392,0.67,Moderate,FMS_MARITIME,2026-04-06
2022-06-04,53,LNG,61.01,13.8,331.2,24,573.6266,0.96,Calm,FMS_MARITIME,2026-04-06
2022-06-05,53,MGO,37.56,14.0,336.0,24,348.1007,0.93,Moderate,FMS_MARITIME,2026-04-06
2022-06-06,53,LSMGO,29.31,9.3,223.2,24,408.9218,0.69,Moderate,FMS_MARITIME,2026-04-06
2022-06-07,53,LSMGO,39.23,17.4,417.6,24,292.5341,0.54,Moderate,FMS_MARITIME,2026-04-06
2022-06-08,53,LSMGO,18.1,16.1,386.4,24,145.868,0.85,Moderate,FMS_MARITIME,2026-04-06
2022-06-09,53,HFO,45.64,17.9,429.6,24,330.8263,0.46,Moderate,FMS_MARITIME,2026-04-06
2022-06-10,53,LSMGO,80.16,13.7,328.8,24,759.1796,0.57,Moderate,FMS_MARITIME,2026-04-06
2022-06-11,53,LNG,73.63,13.6,326.4,24,702.4627,0.9,Rough,FMS_MARITIME,2026-04-06
2022-06-12,53,LNG,40.92,17.8,427.2,24,298.2792,0.67,Rough,FMS_MARITIME,2026-04-06
2022-06-13,53,VLSFO,49.06,15.5,372.0,24,410.6797,0.58,Rough,FMS_MARITIME,2026-04-06
2022-06-14,53,VLSFO,81.17,9.0,216.0,24,1170.2008,0.79,Moderate,FMS_MARITIME,2026-04-06
2022-06-15,53,LSMGO,71.1,12.4,297.6,24,743.9698,0.91,Moderate,FMS_MARITIME,2026-04-06
2022-06-16,53,LNG,75.57,17.2,412.8,24,570.0702,0.77,Moderate,FMS_MARITIME,2026-04-06
2022-06-17,53,MGO,50.57,13.4,321.6,24,489.661,0.72,Rough,FMS_MARITIME,2026-04-06
2022-06-18,53,LNG,56.07,13.9,333.6,24,523.3872,0.82,Moderate,FMS_MARITIME,2026-04-06
2022-06-19,53,HFO,62.8,16.3,391.2,24,499.8957,0.91,Moderate,FMS_MARITIME,2026-04-06
2022-06-20,53,LSMGO,18.02,11.7,280.8,24,199.8372,0.56,Rough,FMS_MARITIME,2026-04-06
2022-06-21,53,VLSFO,68.24,15.2,364.8,24,582.5092,0.55,Rough,FMS_MARITIME,2026-04-06
2022-06-22,53,VLSFO,62.92,9.2,220.8,24,887.3772,0.45,Rough,FMS_MARITIME,2026-04-06
2022-06-23,53,LNG,76.67,10.7,256.8,24,929.7133,0.43,Rough,FMS_MARITIME,2026-04-06
2022-06-24,53,HFO,64.71,15.2,364.8,24,552.3765,0.46,Rough,FMS_MARITIME,2026-04-06
2022-06-25,53,LNG,45.31,10.9,261.6,24,539.3553,0.47,Moderate,FMS_MARITIME,2026-04-06
2022-06-26,53,MGO,43.32,17.9,429.6,24,314.0095,0.7,Calm,FMS_MARITIME,2026-04-06
2022-06-27,53,HFO,17.71,14.3,343.2,24,160.6904,0.52,Rough,FMS_MARITIME,2026-04-06
2022-06-28,53,LNG,57.88,17.2,412.8,24,436.6238,0.89,Rough,FMS_MARITIME,2026-04-06
2022-06-28,53,MGO,15.17,13.7,328.8,24,143.6721,0.94,Moderate,FMS_MARITIME,2026-04-06
2022-06-28,53,MGO,83.66,17.2,412.8,24,631.098,0.79,Calm,FMS_MARITIME,2026-04-06
2022-06-01,54,HFO,36.38,13.1,314.4,24,360.3286,0.55,Moderate,FMS_MARITIME,2026-04-06
2022-06-02,54,LNG,82.97,13.8,331.2,24,780.0984,0.47,Calm,FMS_MARITIME,2026-04-06
2022-06-03,54,MGO,17.32,17.9,429.6,24,125.5458,0.75,Rough,FMS_MARITIME,2026-04-06
2022-06-04,54,HFO,49.84,13.5,324.0,24,479.0178,0.87,Rough,FMS_MARITIME,2026-04-06
2022-06-05,54,LSMGO,27.09,16.4,393.6,24,214.3248,0.48,Moderate,FMS_MARITIME,2026-04-06
2022-06-06,54,VLSFO,29.75,14.8,355.2,24,260.815,0.86,Rough,FMS_MARITIME,2026-04-06
2022-06-07,54,LSMGO,65.58,8.7,208.8,24,978.0466,0.45,Moderate,FMS_MARITIME,2026-04-06
2022-06-08,54,LNG,50.08,14.5,348.0,24,448.1297,0.59,Calm,FMS_MARITIME,2026-04-06
2022-06-09,54,LSMGO,25.54,10.5,252.0,24,315.6014,0.54,Calm,FMS_MARITIME,2026-04-06
2022-06-10,54,MGO,84.25,12.5,300.0,24,874.515,0.47,Moderate,FMS_MARITIME,2026-04-06
2022-06-11,54,HFO,23.69,9.5,228.0,24,323.5555,0.8,Moderate,FMS_MARITIME,2026-04-06
2022-06-12,54,LSMGO,31.04,16.1,386.4,24,250.1516,0.76,Rough,FMS_MARITIME,2026-04-06
2022-06-13,54,LSMGO,34.09,9.9,237.6,24,446.7856,0.57,Calm,FMS_MARITIME,2026-04-06
2022-06-14,54,LNG,78.33,12.3,295.2,24,826.286,0.93,Moderate,FMS_MARITIME,2026-04-06
2022-06-15,54,LSMGO,81.09,14.1,338.4,24,746.2005,0.97,Rough,FMS_MARITIME,2026-04-06
2022-06-16,54,LSMGO,15.66,12.9,309.6,24,157.5105,0.57,Rough,FMS_MARITIME,2026-04-06
2022-06-17,54,MGO,48.94,18.0,432.0,24,352.7758,0.42,Moderate,FMS_MARITIME,2026-04-06
2022-06-18,54,LNG,30.25,15.2,364.8,24,258.2196,0.57,Moderate,FMS_MARITIME,2026-04-06
2022-06-19,54,HFO,81.35,13.7,328.8,24,770.4498,0.84,Rough,FMS_MARITIME,2026-04-06
2022-06-20,54,VLSFO,80.31,10.7,256.8,24,973.8526,0.79,Moderate,FMS_MARITIME,2026-04-06
2022-06-21,54,VLSFO,81.53,8.2,196.8,24,1290.0631,0.89,Rough,FMS_MARITIME,2026-04-06
2022-06-22,54,LNG,27.51,13.3,319.2,24,268.3776,0.73,Moderate,FMS_MARITIME,2026-04-06
2022-06-23,54,LSMGO,25.33,11.3,271.2,24,290.8467,0.95,Rough,FMS_MARITIME,2026-04-06
2022-06-24,54,LNG,15.25,17.8,427.2,24,111.1622,0.42,Calm,FMS_MARITIME,2026-04-06
2022-06-25,54,LNG,66.14,9.5,228.0,24,903.3332,0.64,Moderate,FMS_MARITIME,2026-04-06
2022-06-26,54,VLSFO,29.74,15.8,379.2,24,244.2256,0.67,Rough,FMS_MARITIME,2026-04-06
2022-06-27,54,LNG,38.48,14.0,336.0,24,356.6271,0.66,Calm,FMS_MARITIME,2026-04-06
2022-06-28,54,LNG,71.29,17.4,417.6,24,531.6022,0.74,Calm,FMS_MARITIME,2026-04-06
2022-06-28,54,LSMGO,69.3,11.0,264.0,24,817.425,0.53,Calm,FMS_MARITIME,2026-04-06
2022-06-28,54,VLSFO,37.96,8.9,213.6,24,553.4056,0.95,Calm,FMS_MARITIME,2026-04-06
2022-06-01,55,MGO,72.54,13.2,316.8,24,713.0352,0.89,Calm,FMS_MARITIME,2026-04-06
2022-06-02,55,LSMGO,68.2,11.3,271.2,24,783.0929,0.79,Rough,FMS_MARITIME,2026-04-06
2022-06-03,55,LSMGO,27.71,14.6,350.4,24,246.2584,0.88,Calm,FMS_MARITIME,2026-04-06
2022-06-04,55,LSMGO,68.29,13.5,324.0,24,656.3428,0.8,Calm,FMS_MARITIME,2026-04-06
2022-06-05,55,VLSFO,72.21,13.3,319.2,24,704.4547,0.61,Calm,FMS_MARITIME,2026-04-06
2022-06-06,55,LSMGO,74.01,17.7,424.8,24,542.5309,0.59,Rough,FMS_MARITIME,2026-04-06
2022-06-07,55,HFO,68.41,9.7,232.8,24,915.0719,0.95,Calm,FMS_MARITIME,2026-04-06
2022-06-08,55,LSMGO,63.25,8.7,208.8,24,943.2974,0.6,Calm,FMS_MARITIME,2026-04-06
2022-06-09,55,VLSFO,71.92,10.1,242.4,24,923.9228,0.65,Moderate,FMS_MARITIME,2026-04-06
2022-06-10,55,LSMGO,69.1,13.2,316.8,24,679.2216,0.58,Moderate,FMS_MARITIME,2026-04-06
2022-06-11,55,HFO,44.24,13.0,312.0,24,441.5492,0.66,Rough,FMS_MARITIME,2026-04-06
2022-06-12,55,HFO,24.81,9.9,237.6,24,325.1614,0.8,Rough,FMS_MARITIME,2026-04-06
2022-06-13,55,LSMGO,76.62,13.7,328.8,24,725.6529,0.49,Calm,FMS_MARITIME,2026-04-06
2022-06-14,55,LNG,59.31,17.9,429.6,24,429.9147,0.86,Calm,FMS_MARITIME,2026-04-06
2022-06-15,55,HFO,73.41,16.6,398.4,24,573.792,0.79,Moderate,FMS_MARITIME,2026-04-06
2022-06-16,55,LSMGO,41.3,11.7,280.8,24,458.0064,0.84,Rough,FMS_MARITIME,2026-04-06
2022-06-17,55,VLSFO,38.19,8.1,194.4,24,611.7472,0.95,Rough,FMS_MARITIME,2026-04-06
2022-06-18,55,VLSFO,16.0,13.2,316.8,24,157.2727,0.51,Rough,FMS_MARITIME,2026-04-06
2022-06-19,55,HFO,54.64,16.7,400.8,24,424.5234,0.89,Rough,FMS_MARITIME,2026-04-06
2022-06-20,55,MGO,76.33,16.2,388.8,24,611.3468,0.88,Moderate,FMS_MARITIME,2026-04-06
2022-06-21,55,HFO,63.84,16.0,384.0,24,517.7025,0.72,Moderate,FMS_MARITIME,2026-04-06
2022-06-22,55,LSMGO,83.75,9.5,228.0,24,1143.8487,0.99,Rough,FMS_MARITIME,2026-04-06
2022-06-23,55,LNG,58.61,17.3,415.2,24,439.575,0.88,Rough,FMS_MARITIME,2026-04-06
2022-06-24,55,LSMGO,56.98,9.9,237.6,24,746.7833,0.89,Rough,FMS_MARITIME,2026-04-06
2022-06-25,55,VLSFO,52.69,10.7,256.8,24,638.9278,0.98,Rough,FMS_MARITIME,2026-04-06
2022-06-26,55,LSMGO,78.88,11.1,266.4,24,922.0432,0.87,Calm,FMS_MARITIME,2026-04-06
2022-06-27,55,VLSFO,83.29,9.4,225.6,24,1149.6678,0.43,Rough,FMS_MARITIME,2026-04-06
2022-06-28,55,VLSFO,39.9,16.7,400.8,24,310.0015,0.85,Moderate,FMS_MARITIME,2026-04-06
2022-06-28,55,HFO,73.69,10.3,247.2,24,928.2794,0.69,Calm,FMS_MARITIME,2026-04-06
2022-06-28,55,LSMGO,16.52,16.4,393.6,24,130.6994,0.92,Rough,FMS_MARITIME,2026-04-06
2022-06-01,56,VLSFO,70.82,9.5,228.0,24,967.2521,0.57,Rough,FMS_MARITIME,2026-04-06
2022-06-02,56,VLSFO,42.39,9.8,235.2,24,561.2349,0.43,Rough,FMS_MARITIME,2026-04-06
2022-06-03,56,MGO,69.53,15.5,372.0,24,582.0334,0.75,Rough,FMS_MARITIME,2026-04-06
2022-06-04,56,MGO,48.93,15.2,364.8,24,417.6755,0.69,Calm,FMS_MARITIME,2026-04-06
2022-06-05,56,LNG,55.83,14.9,357.6,24,486.1706,0.98,Moderate,FMS_MARITIME,2026-04-06
2022-06-06,56,HFO,22.26,9.6,230.4,24,300.8578,0.62,Moderate,FMS_MARITIME,2026-04-06
2022-06-07,56,LNG,45.58,15.6,374.4,24,379.1029,0.42,Rough,FMS_MARITIME,2026-04-06
2022-06-08,56,MGO,68.92,15.9,381.6,24,562.4132,0.63,Calm,FMS_MARITIME,2026-04-06
2022-06-09,56,LSMGO,75.73,17.5,420.0,24,561.4839,0.72,Calm,FMS_MARITIME,2026-04-06
2022-06-10,56,HFO,24.84,15.3,367.2,24,210.6529,0.84,Rough,FMS_MARITIME,2026-04-06
2022-06-11,56,LSMGO,43.31,17.2,412.8,24,326.7135,0.66,Calm,FMS_MARITIME,2026-04-06
2022-06-12,56,LSMGO,48.49,14.8,355.2,24,425.1066,0.64,Moderate,FMS_MARITIME,2026-04-06
2022-06-13,56,MGO,41.0,8.5,204.0,24,625.8529,0.43,Calm,FMS_MARITIME,2026-04-06
2022-06-14,56,VLSFO,68.34,8.2,196.8,24,1081.3555,0.43,Calm,FMS_MARITIME,2026-04-06
2022-06-15,56,VLSFO,69.91,13.3,319.2,24,682.0167,0.65,Moderate,FMS_MARITIME,2026-04-06
2022-06-16,56,LSMGO,42.42,16.1,386.4,24,341.863,0.94,Calm,FMS_MARITIME,2026-04-06
2022-06-17,56,VLSFO,84.14,14.7,352.8,24,742.6643,0.41,Rough,FMS_MARITIME,2026-04-06
2022-06-18,56,LNG,60.35,10.4,249.6,24,752.9243,0.69,Moderate,FMS_MARITIME,2026-04-06
2022-06-19,56,LSMGO,16.19,12.9,309.6,24,162.8413,0.67,Rough,FMS_MARITIME,2026-04-06
2022-06-20,56,VLSFO,75.92,14.8,355.2,24,665.5824,0.41,Moderate,FMS_MARITIME,2026-04-06
2022-06-21,56,MGO,52.57,12.7,304.8,24,537.0833,0.75,Rough,FMS_MARITIME,2026-04-06
2022-06-22,56,VLSFO,25.14,17.1,410.4,24,190.7553,0.6,Calm,FMS_MARITIME,2026-04-06
2022-06-23,56,VLSFO,81.46,12.9,309.6,24,819.336,0.92,Calm,FMS_MARITIME,2026-04-06
2022-06-24,56,LSMGO,66.68,14.8,355.2,24,584.5764,0.96,Moderate,FMS_MARITIME,2026-04-06
2022-06-25,56,HFO,22.32,12.9,309.6,24,224.4977,0.7,Rough,FMS_MARITIME,2026-04-06
2022-06-26,56,MGO,17.65,17.2,412.8,24,133.1446,0.96,Calm,FMS_MARITIME,2026-04-06
2022-06-27,56,LSMGO,48.61,12.4,297.6,24,508.6409,0.7,Rough,FMS_MARITIME,2026-04-06
2022-06-28,56,LSMGO,67.47,9.6,230.4,24,911.8992,0.84,Moderate,FMS_MARITIME,2026-04-06
2022-06-28,56,MGO,31.51,13.6,326.4,24,300.6193,0.61,Moderate,FMS_MARITIME,2026-04-06
2022-06-28,56,LSMGO,37.46,10.9,261.6,24,445.9115,0.73,Moderate,FMS_MARITIME,2026-04-06
2022-06-01,57,VLSFO,73.18,8.1,194.4,24,1172.2352,0.83,Moderate,FMS_MARITIME,2026-04-06
2022-06-02,57,VLSFO,47.12,15.7,376.8,24,389.4153,0.46,Moderate,FMS_MARITIME,2026-04-06
2022-06-03,57,HFO,60.36,12.1,290.4,24,647.2488,0.82,Rough,FMS_MARITIME,2026-04-06
2022-06-04,57,VLSFO,39.82,16.3,391.2,24,316.9721,0.45,Calm,FMS_MARITIME,2026-04-06
2022-06-05,57,LSMGO,78.11,9.7,232.8,24,1044.8219,0.58,Calm,FMS_MARITIME,2026-04-06
2022-06-06,57,LSMGO,59.27,8.7,208.8,24,883.9405,0.82,Calm,FMS_MARITIME,2026-04-06
2022-06-07,57,LSMGO,43.17,10.6,254.4,24,528.4252,0.6,Moderate,FMS_MARITIME,2026-04-06
2022-06-08,57,MGO,78.6,11.6,278.4,24,879.1681,0.75,Calm,FMS_MARITIME,2026-04-06
2022-06-09,57,LNG,49.2,15.6,374.4,24,409.2115,0.5,Calm,FMS_MARITIME,2026-04-06
2022-06-10,57,HFO,84.48,10.7,256.8,24,1024.4187,0.7,Calm,FMS_MARITIME,2026-04-06
2022-06-11,57,HFO,62.29,15.7,376.8,24,514.7852,0.57,Calm,FMS_MARITIME,2026-04-06
2022-06-12,57,VLSFO,55.46,15.8,379.2,24,455.4389,0.63,Calm,FMS_MARITIME,2026-04-06
2022-06-13,57,LSMGO,70.1,13.5,324.0,24,673.7389,0.47,Calm,FMS_MARITIME,2026-04-06
2022-06-14,57,LSMGO,27.94,15.1,362.4,24,240.0805,0.71,Calm,FMS_MARITIME,2026-04-06
2022-06-15,57,LSMGO,68.83,17.7,424.8,24,504.5589,0.72,Rough,FMS_MARITIME,2026-04-06
2022-06-16,57,LSMGO,48.6,14.4,345.6,24,437.9062,0.54,Calm,FMS_MARITIME,2026-04-06
2022-06-17,57,VLSFO,70.42,17.3,415.2,24,528.15,0.57,Moderate,FMS_MARITIME,2026-04-06
2022-06-18,57,VLSFO,59.61,12.3,295.2,24,628.8128,0.46,Calm,FMS_MARITIME,2026-04-06
2022-06-19,57,LNG,71.58,12.0,288.0,24,773.9587,0.43,Calm,FMS_MARITIME,2026-04-06
2022-06-20,57,LSMGO,60.45,12.9,309.6,24,608.0145,0.6,Calm,FMS_MARITIME,2026-04-06
2022-06-21,57,LNG,81.19,17.2,412.8,24,612.4653,0.6,Moderate,FMS_MARITIME,2026-04-06
2022-06-22,57,VLSFO,22.58,16.4,393.6,24,178.6436,0.98,Rough,FMS_MARITIME,2026-04-06
2022-06-23,57,HFO,84.3,13.4,321.6,24,816.2631,0.59,Moderate,FMS_MARITIME,2026-04-06
2022-06-24,57,MGO,66.9,8.6,206.4,24,1009.3343,0.87,Calm,FMS_MARITIME,2026-04-06
2022-06-25,57,MGO,47.71,15.3,367.2,24,404.5995,0.41,Moderate,FMS_MARITIME,2026-04-06
2022-06-26,57,VLSFO,55.46,14.7,352.8,24,489.5194,0.6,Moderate,FMS_MARITIME,2026-04-06
2022-06-27,57,LNG,60.14,11.9,285.6,24,655.7282,0.74,Calm,FMS_MARITIME,2026-04-06
2022-06-28,57,MGO,16.85,12.2,292.8,24,179.2039,0.42,Calm,FMS_MARITIME,2026-04-06
2022-06-28,57,HFO,59.02,9.4,225.6,24,814.6644,0.62,Rough,FMS_MARITIME,2026-04-06
2022-06-28,57,HFO,24.07,17.2,412.8,24,181.5746,0.79,Calm,FMS_MARITIME,2026-04-06
2022-06-01,58,MGO,21.88,8.8,211.2,24,322.6057,0.41,Calm,FMS_MARITIME,2026-04-06
2022-06-02,58,MGO,81.25,10.2,244.8,24,1033.5478,0.46,Moderate,FMS_MARITIME,2026-04-06
2022-06-03,58,HFO,38.92,14.7,352.8,24,343.5286,0.99,Rough,FMS_MARITIME,2026-04-06
2022-06-04,58,HFO,74.34,12.7,304.8,24,759.4972,0.75,Moderate,FMS_MARITIME,2026-04-06
2022-06-05,58,HFO,29.32,15.3,367.2,24,248.6451,0.58,Calm,FMS_MARITIME,2026-04-06
2022-06-06,58,LNG,39.23,8.5,204.0,24,598.8344,0.9,Calm,FMS_MARITIME,2026-04-06
2022-06-07,58,HFO,45.71,11.2,268.8,24,529.5422,0.44,Rough,FMS_MARITIME,2026-04-06
2022-06-08,58,LSMGO,38.54,13.6,326.4,24,367.6886,0.47,Moderate,FMS_MARITIME,2026-04-06
2022-06-09,58,LSMGO,50.04,8.7,208.8,24,746.2862,0.64,Calm,FMS_MARITIME,2026-04-06
2022-06-10,58,LSMGO,16.53,12.5,300.0,24,171.5814,0.86,Rough,FMS_MARITIME,2026-04-06
2022-06-11,58,MGO,83.98,11.8,283.2,24,923.4242,0.79,Calm,FMS_MARITIME,2026-04-06
2022-06-12,58,VLSFO,62.33,9.4,225.6,24,860.3529,0.65,Calm,FMS_MARITIME,2026-04-06
2022-06-13,58,HFO,81.99,9.8,235.2,24,1085.5309,0.93,Calm,FMS_MARITIME,2026-04-06
2022-06-14,58,HFO,28.71,10.8,259.2,24,344.9188,0.47,Rough,FMS_MARITIME,2026-04-06
2022-06-15,58,HFO,27.25,11.1,266.4,24,318.5304,0.96,Calm,FMS_MARITIME,2026-04-06
2022-06-16,58,MGO,54.32,11.3,271.2,24,623.7186,0.86,Rough,FMS_MARITIME,2026-04-06
2022-06-17,58,MGO,64.13,14.3,343.2,24,581.8788,0.42,Rough,FMS_MARITIME,2026-04-06
2022-06-18,58,HFO,47.36,17.4,417.6,24,353.1586,0.7,Calm,FMS_MARITIME,2026-04-06
2022-06-19,58,HFO,22.19,10.0,240.0,24,287.9153,0.66,Calm,FMS_MARITIME,2026-04-06
2022-06-20,58,LNG,79.18,10.5,252.0,24,978.4386,0.61,Calm,FMS_MARITIME,2026-04-06
2022-06-21,58,LNG,80.51,12.4,297.6,24,842.4333,0.91,Moderate,FMS_MARITIME,2026-04-06
2022-06-22,58,LSMGO,42.37,17.7,424.8,24,310.5936,0.48,Moderate,FMS_MARITIME,2026-04-06
2022-06-23,58,VLSFO,50.33,16.8,403.2,24,388.7094,0.82,Rough,FMS_MARITIME,2026-04-06
2022-06-24,58,LNG,51.94,17.7,424.8,24,380.7466,0.7,Rough,FMS_MARITIME,2026-04-06
2022-06-25,58,LSMGO,69.61,11.1,266.4,24,813.6845,0.87,Moderate,FMS_MARITIME,2026-04-06
2022-06-26,58,LSMGO,30.31,9.9,237.6,24,397.2447,0.78,Rough,FMS_MARITIME,2026-04-06
2022-06-27,58,VLSFO,72.21,11.4,273.6,24,821.8638,0.67,Rough,FMS_MARITIME,2026-04-06
2022-06-28,58,LNG,46.86,15.1,362.4,24,402.6546,0.75,Moderate,FMS_MARITIME,2026-04-06
2022-06-28,58,LSMGO,61.55,14.3,343.2,24,558.4694,0.96,Calm,FMS_MARITIME,2026-04-06
2022-06-28,58,LSMGO,64.27,9.9,237.6,24,842.3265,0.64,Calm,FMS_MARITIME,2026-04-06
2022-06-01,59,LNG,80.25,10.7,256.8,24,973.125,0.55,Calm,FMS_MARITIME,2026-04-06
2022-06-02,59,HFO,30.45,16.2,388.8,24,243.8819,0.45,Moderate,FMS_MARITIME,2026-04-06
2022-06-03,59,MGO,73.67,8.2,196.8,24,1165.693,0.84,Rough,FMS_MARITIME,2026-04-06
2022-06-04,59,LSMGO,21.9,17.1,410.4,24,166.1711,0.45,Moderate,FMS_MARITIME,2026-04-06
2022-06-05,59,VLSFO,82.17,8.9,213.6,24,1197.9278,0.58,Moderate,FMS_MARITIME,2026-04-06
2022-06-06,59,MGO,53.37,16.7,400.8,24,414.6561,0.82,Rough,FMS_MARITIME,2026-04-06
2022-06-07,59,VLSFO,27.75,11.3,271.2,24,318.6338,0.49,Calm,FMS_MARITIME,2026-04-06
2022-06-08,59,LNG,27.97,10.2,244.8,24,355.7949,0.89,Moderate,FMS_MARITIME,2026-04-06
2022-06-09,59,HFO,83.23,12.1,290.4,24,892.487,0.76,Moderate,FMS_MARITIME,2026-04-06
2022-06-10,59,HFO,75.63,14.8,355.2,24,663.04,0.91,Moderate,FMS_MARITIME,2026-04-06
2022-06-11,59,HFO,70.61,17.9,429.6,24,511.8239,0.69,Rough,FMS_MARITIME,2026-04-06
2022-06-12,59,LNG,33.1,15.4,369.6,24,278.8782,0.5,Rough,FMS_MARITIME,2026-04-06
2022-06-13,59,LSMGO,75.09,17.1,410.4,24,569.7618,0.81,Moderate,FMS_MARITIME,2026-04-06
2022-06-14,59,LNG,70.67,16.9,405.6,24,542.57,0.98,Moderate,FMS_MARITIME,2026-04-06
2022-06-15,59,LNG,47.82,17.3,415.2,24,358.65,0.51,Rough,FMS_MARITIME,2026-04-06
2022-06-16,59,VLSFO,83.44,17.3,415.2,24,625.8,0.46,Rough,FMS_MARITIME,2026-04-06
2022-06-17,59,LSMGO,30.15,17.3,415.2,24,226.125,0.41,Rough,FMS_MARITIME,2026-04-06
2022-06-18,59,MGO,36.98,14.1,338.4,24,340.2947,0.87,Rough,FMS_MARITIME,2026-04-06
2022-06-19,59,LNG,41.36,9.6,230.4,24,559.0062,0.85,Rough,FMS_MARITIME,2026-04-06
2022-06-20,59,MGO,70.89,13.0,312.0,24,707.5367,0.99,Calm,FMS_MARITIME,2026-04-06
2022-06-21,59,HFO,29.07,14.6,350.4,24,258.3447,0.55,Calm,FMS_MARITIME,2026-04-06
2022-06-22,59,MGO,20.47,12.9,309.6,24,205.8901,0.51,Moderate,FMS_MARITIME,2026-04-06
2022-06-23,59,LSMGO,33.13,16.9,405.6,24,254.3561,0.4,Rough,FMS_MARITIME,2026-04-06
2022-06-24,59,LNG,64.45,10.9,261.6,24,767.1915,0.76,Moderate,FMS_MARITIME,2026-04-06
2022-06-25,59,LNG,42.67,16.8,403.2,24,329.5496,0.73,Moderate,FMS_MARITIME,2026-04-06
2022-06-26,59,HFO,58.82,17.8,427.2,24,428.7581,0.4,Calm,FMS_MARITIME,2026-04-06
2022-06-27,59,HFO,46.89,8.0,192.0,24,760.4972,0.92,Calm,FMS_MARITIME,2026-04-06
2022-06-28,59,LNG,29.88,8.7,208.8,24,445.6241,0.6,Calm,FMS_MARITIME,2026-04-06
2022-06-28,59,MGO,50.44,14.6,350.4,24,448.2596,0.52,Rough,FMS_MARITIME,2026-04-06
2022-06-28,59,VLSFO,32.79,13.2,316.8,24,322.3108,0.92,Rough,FMS_MARITIME,2026-04-06
2022-06-01,60,VLSFO,77.53,11.2,268.8,24,898.1712,0.88,Moderate,FMS_MARITIME,2026-04-06
2022-06-02,60,VLSFO,76.26,10.8,259.2,24,916.1792,0.98,Calm,FMS_MARITIME,2026-04-06
2022-06-03,60,LNG,72.12,17.6,422.4,24,531.6801,0.82,Moderate,FMS_MARITIME,2026-04-06
2022-06-04,60,MGO,64.1,10.9,261.6,24,763.0252,0.6,Moderate,FMS_MARITIME,2026-04-06
2022-06-05,60,LNG,66.96,9.8,235.2,24,886.5367,0.53,Rough,FMS_MARITIME,2026-04-06
2022-06-06,60,MGO,42.44,16.8,403.2,24,327.7732,0.98,Moderate,FMS_MARITIME,2026-04-06
2022-06-07,60,LSMGO,64.66,10.7,256.8,24,784.078,0.51,Calm,FMS_MARITIME,2026-04-06
2022-06-08,60,VLSFO,45.85,15.0,360.0,24,396.6025,0.99,Rough,FMS_MARITIME,2026-04-06
2022-06-09,60,LSMGO,64.12,15.8,379.2,24,526.5551,0.94,Moderate,FMS_MARITIME,2026-04-06
2022-06-10,60,HFO,49.08,13.7,328.8,24,464.827,0.93,Rough,FMS_MARITIME,2026-04-06
2022-06-11,60,MGO,36.67,12.7,304.8,24,374.6404,0.47,Rough,FMS_MARITIME,2026-04-06
2022-06-12,60,LNG,68.79,16.2,388.8,24,550.9569,0.73,Moderate,FMS_MARITIME,2026-04-06
2022-06-13,60,MGO,43.98,14.9,357.6,24,382.9802,0.42,Rough,FMS_MARITIME,2026-04-06
2022-06-14,60,LNG,49.84,10.7,256.8,24,604.3682,0.79,Calm,FMS_MARITIME,2026-04-06
2022-06-15,60,LNG,39.56,14.5,348.0,24,353.9938,0.88,Rough,FMS_MARITIME,2026-04-06
2022-06-16,60,VLSFO,58.42,17.4,417.6,24,435.6319,1.0,Moderate,FMS_MARITIME,2026-04-06
2022-06-17,60,LNG,65.39,8.6,206.4,24,986.5526,0.59,Moderate,FMS_MARITIME,2026-04-06
2022-06-18,60,MGO,18.09,8.6,206.4,24,272.9276,0.67,Rough,FMS_MARITIME,2026-04-06
2022-06-19,60,LSMGO,49.69,10.4,249.6,24,619.9305,0.53,Calm,FMS_MARITIME,2026-04-06
2022-06-20,60,MGO,48.2,9.4,225.6,24,665.3138,0.74,Calm,FMS_MARITIME,2026-04-06
2022-06-21,60,VLSFO,82.23,9.3,223.2,24,1147.2411,0.44,Rough,FMS_MARITIME,2026-04-06
2022-06-22,60,LSMGO,17.79,11.1,266.4,24,207.9507,0.63,Moderate,FMS_MARITIME,2026-04-06
2022-06-23,60,VLSFO,55.63,13.1,314.4,24,550.9918,0.68,Rough,FMS_MARITIME,2026-04-06
2022-06-24,60,VLSFO,75.61,12.2,292.8,24,804.1309,0.51,Rough,FMS_MARITIME,2026-04-06
2022-06-25,60,LSMGO,69.2,16.7,400.8,24,537.6467,0.43,Moderate,FMS_MARITIME,2026-04-06
2022-06-26,60,HFO,41.69,15.0,360.0,24,360.6185,0.88,Rough,FMS_MARITIME,2026-04-06
2022-06-27,60,VLSFO,63.02,16.3,391.2,24,501.6469,1.0,Calm,FMS_MARITIME,2026-04-06
2022-06-28,60,LSMGO,55.72,13.0,312.0,24,556.1285,0.84,Rough,FMS_MARITIME,2026-04-06
2022-06-28,60,HFO,45.36,10.4,249.6,24,565.9096,0.97,Calm,FMS_MARITIME,2026-04-06
2022-06-28,60,LNG,22.82,15.6,374.4,24,189.801,0.53,Calm,FMS_MARITIME,2026-04-06
2022-06-01,61,VLSFO,67.01,13.9,333.6,24,625.507,0.94,Calm,FMS_MARITIME,2026-04-06
2022-06-02,61,MGO,25.78,15.4,369.6,24,217.2049,0.99,Moderate,FMS_MARITIME,2026-04-06
2022-06-03,61,VLSFO,37.64,8.9,213.6,24,548.7404,0.43,Moderate,FMS_MARITIME,2026-04-06
2022-06-04,61,HFO,43.56,17.3,415.2,24,326.7,0.53,Rough,FMS_MARITIME,2026-04-06
2022-06-05,61,MGO,41.97,9.1,218.4,24,598.4184,0.73,Rough,FMS_MARITIME,2026-04-06
2022-06-06,61,HFO,83.55,15.4,369.6,24,703.9359,0.55,Calm,FMS_MARITIME,2026-04-06
2022-06-07,61,HFO,75.22,9.3,223.2,24,1049.4403,0.7,Moderate,FMS_MARITIME,2026-04-06
2022-06-08,61,HFO,18.48,13.2,316.8,24,181.65,0.51,Rough,FMS_MARITIME,2026-04-06
2022-06-09,61,LSMGO,58.64,8.7,208.8,24,874.5448,0.86,Rough,FMS_MARITIME,2026-04-06
2022-06-10,61,LNG,71.67,8.8,211.2,24,1056.7253,0.98,Rough,FMS_MARITIME,2026-04-06
2022-06-11,61,HFO,16.65,12.8,307.2,24,168.7764,0.95,Calm,FMS_MARITIME,2026-04-06
2022-06-12,61,MGO,38.44,9.7,232.8,24,514.1845,0.79,Calm,FMS_MARITIME,2026-04-06
2022-06-13,61,MGO,84.94,10.5,252.0,24,1049.6157,0.48,Calm,FMS_MARITIME,2026-04-06
2022-06-14,61,LNG,32.98,14.2,340.8,24,301.3489,0.4,Calm,FMS_MARITIME,2026-04-06
2022-06-15,61,LSMGO,78.34,15.6,374.4,24,651.5779,0.64,Rough,FMS_MARITIME,2026-04-06
2022-06-16,61,LSMGO,59.55,11.6,278.4,24,666.0873,0.81,Moderate,FMS_MARITIME,2026-04-06
2022-06-17,61,LSMGO,21.78,9.9,237.6,24,285.45,0.42,Calm,FMS_MARITIME,2026-04-06
2022-06-18,61,LSMGO,46.85,11.8,283.2,24,515.1515,0.47,Calm,FMS_MARITIME,2026-04-06
2022-06-19,61,LSMGO,47.58,17.6,422.4,24,350.7673,0.9,Moderate,FMS_MARITIME,2026-04-06
2022-06-20,61,VLSFO,35.37,17.4,417.6,24,263.7504,0.51,Moderate,FMS_MARITIME,2026-04-06
2022-06-21,61,LSMGO,73.8,14.4,345.6,24,664.9688,0.51,Rough,FMS_MARITIME,2026-04-06
2022-06-22,61,LSMGO,30.12,15.9,381.6,24,245.7906,0.84,Moderate,FMS_MARITIME,2026-04-06
2022-06-23,61,HFO,69.12,8.3,199.2,24,1080.5205,0.73,Calm,FMS_MARITIME,2026-04-06
2022-06-24,61,VLSFO,25.82,12.5,300.0,24,268.0116,0.56,Rough,FMS_MARITIME,2026-04-06
2022-06-25,61,LNG,67.47,9.5,228.0,24,921.4982,0.61,Rough,FMS_MARITIME,2026-04-06
2022-06-26,61,LSMGO,55.64,16.6,398.4,24,434.897,0.6,Calm,FMS_MARITIME,2026-04-06
2022-06-27,61,HFO,48.52,13.2,316.8,24,476.9295,0.71,Rough,FMS_MARITIME,2026-04-06
2022-06-28,61,LNG,16.75,9.0,216.0,24,241.4792,0.62,Rough,FMS_MARITIME,2026-04-06
2022-06-28,61,MGO,52.99,13.1,314.4,24,524.8437,0.76,Calm,FMS_MARITIME,2026-04-06
2022-06-28,61,HFO,55.57,13.3,319.2,24,542.1209,0.76,Calm,FMS_MARITIME,2026-04-06
2022-06-01,62,HFO,53.71,9.4,225.6,24,741.3694,0.58,Calm,FMS_MARITIME,2026-04-06
2022-06-02,62,LSMGO,27.04,16.7,400.8,24,210.0862,0.42,Calm,FMS_MARITIME,2026-04-06
2022-06-03,62,LSMGO,54.69,15.1,362.4,24,469.9356,0.55,Moderate,FMS_MARITIME,2026-04-06
2022-06-04,62,LSMGO,65.92,9.7,232.8,24,881.7649,0.49,Moderate,FMS_MARITIME,2026-04-06
2022-06-05,62,VLSFO,20.03,12.3,295.2,24,211.2921,0.47,Calm,FMS_MARITIME,2026-04-06
2022-06-06,62,VLSFO,75.44,17.8,427.2,24,549.9067,0.5,Rough,FMS_MARITIME,2026-04-06
2022-06-07,62,MGO,70.27,15.2,364.8,24,599.8377,0.52,Calm,FMS_MARITIME,2026-04-06
2022-06-08,62,LSMGO,51.54,14.7,352.8,24,454.9194,0.74,Rough,FMS_MARITIME,2026-04-06
2022-06-09,62,VLSFO,64.91,17.1,410.4,24,492.5189,0.57,Moderate,FMS_MARITIME,2026-04-06
2022-06-10,62,LSMGO,47.33,10.7,256.8,24,573.9315,0.58,Rough,FMS_MARITIME,2026-04-06
2022-06-11,62,VLSFO,22.03,15.8,379.2,24,180.9109,0.95,Calm,FMS_MARITIME,2026-04-06
2022-06-12,62,LNG,69.63,15.5,372.0,24,582.8705,1.0,Calm,FMS_MARITIME,2026-04-06
2022-06-13,62,LSMGO,53.48,11.7,280.8,24,593.0795,0.6,Calm,FMS_MARITIME,2026-04-06
2022-06-14,62,MGO,21.18,10.4,249.6,24,264.2409,0.87,Moderate,FMS_MARITIME,2026-04-06
2022-06-15,62,VLSFO,78.06,17.0,408.0,24,595.7815,0.72,Rough,FMS_MARITIME,2026-04-06
2022-06-16,62,HFO,61.37,15.8,379.2,24,503.972,0.97,Moderate,FMS_MARITIME,2026-04-06
2022-06-17,62,MGO,29.31,12.7,304.8,24,299.4467,0.73,Rough,FMS_MARITIME,2026-04-06
2022-06-18,62,LNG,66.78,17.4,417.6,24,497.9716,0.6,Rough,FMS_MARITIME,2026-04-06
2022-06-19,62,LSMGO,40.5,15.1,362.4,24,348.005,0.5,Moderate,FMS_MARITIME,2026-04-06
2022-06-20,62,LNG,35.75,15.0,360.0,24,309.2375,0.43,Rough,FMS_MARITIME,2026-04-06
2022-06-21,62,VLSFO,25.98,8.1,194.4,24,416.1611,0.96,Rough,FMS_MARITIME,2026-04-06
2022-06-22,62,LNG,40.48,10.9,261.6,24,481.8606,0.46,Moderate,FMS_MARITIME,2026-04-06
2022-06-23,62,HFO,61.44,12.3,295.2,24,648.1171,0.74,Moderate,FMS_MARITIME,2026-04-06
2022-06-24,62,VLSFO,46.38,17.9,429.6,24,336.1902,0.81,Calm,FMS_MARITIME,2026-04-06
2022-06-25,62,LSMGO,63.55,12.4,297.6,24,664.9687,0.83,Calm,FMS_MARITIME,2026-04-06
2022-06-26,62,MGO,49.24,14.2,340.8,24,449.9218,0.79,Calm,FMS_MARITIME,2026-04-06
2022-06-27,62,VLSFO,71.08,9.2,220.8,24,1002.4598,0.84,Rough,FMS_MARITIME,2026-04-06
2022-06-28,62,LNG,44.26,14.9,357.6,24,385.4185,0.84,Calm,FMS_MARITIME,2026-04-06
2022-06-28,62,LNG,63.22,17.7,424.8,24,463.4347,0.94,Moderate,FMS_MARITIME,2026-04-06
2022-06-28,62,HFO,21.14,12.8,307.2,24,214.2902,0.45,Moderate,FMS_MARITIME,2026-04-06
2022-06-01,63,VLSFO,71.19,11.9,285.6,24,776.2103,0.88,Moderate,FMS_MARITIME,2026-04-06
2022-06-02,63,VLSFO,46.38,13.9,333.6,24,432.9356,0.44,Rough,FMS_MARITIME,2026-04-06
2022-06-03,63,MGO,83.46,11.9,285.6,24,909.9945,0.52,Moderate,FMS_MARITIME,2026-04-06
2022-06-04,63,LSMGO,17.04,12.4,297.6,24,178.3016,0.7,Calm,FMS_MARITIME,2026-04-06
2022-06-05,63,LSMGO,53.33,8.4,201.6,24,823.758,0.41,Moderate,FMS_MARITIME,2026-04-06
2022-06-06,63,VLSFO,27.53,12.0,288.0,24,297.6681,0.69,Rough,FMS_MARITIME,2026-04-06
2022-06-07,63,HFO,43.22,9.6,230.4,24,584.1453,0.48,Calm,FMS_MARITIME,2026-04-06
2022-06-08,63,VLSFO,57.64,13.8,331.2,24,541.9413,0.7,Rough,FMS_MARITIME,2026-04-06
2022-06-09,63,LSMGO,15.95,10.5,252.0,24,197.0964,0.65,Calm,FMS_MARITIME,2026-04-06
2022-06-10,63,LNG,28.16,10.2,244.8,24,358.2118,0.94,Calm,FMS_MARITIME,2026-04-06
2022-06-11,63,VLSFO,50.64,12.6,302.4,24,521.4714,0.46,Moderate,FMS_MARITIME,2026-04-06
2022-06-12,63,VLSFO,20.87,17.3,415.2,24,156.525,0.65,Moderate,FMS_MARITIME,2026-04-06
2022-06-13,63,HFO,84.76,12.9,309.6,24,852.5279,0.8,Rough,FMS_MARITIME,2026-04-06
2022-06-14,63,LSMGO,29.3,9.8,235.2,24,387.926,0.56,Moderate,FMS_MARITIME,2026-04-06
2022-06-15,63,VLSFO,22.74,10.9,261.6,24,270.6894,0.42,Moderate,FMS_MARITIME,2026-04-06
2022-06-16,63,LNG,35.3,12.7,304.8,24,360.6437,0.9,Moderate,FMS_MARITIME,2026-04-06
2022-06-17,63,LNG,59.2,13.7,328.8,24,560.6715,0.79,Calm,FMS_MARITIME,2026-04-06
2022-06-18,63,LNG,40.25,16.7,400.8,24,312.7208,0.6,Rough,FMS_MARITIME,2026-04-06
2022-06-19,63,LNG,39.35,9.3,223.2,24,548.996,0.89,Moderate,FMS_MARITIME,2026-04-06
2022-06-20,63,HFO,43.7,11.4,273.6,24,497.375,0.91,Calm,FMS_MARITIME,2026-04-06
2022-06-21,63,VLSFO,77.28,15.3,367.2,24,655.3647,0.45,Calm,FMS_MARITIME,2026-04-06
2022-06-22,63,VLSFO,47.79,10.4,249.6,24,596.2262,0.78,Rough,FMS_MARITIME,2026-04-06
2022-06-23,63,MGO,17.76,10.8,259.2,24,213.3667,0.79,Rough,FMS_MARITIME,2026-04-06
2022-06-24,63,VLSFO,83.26,13.5,324.0,24,800.2211,0.75,Rough,FMS_MARITIME,2026-04-06
2022-06-25,63,LNG,70.31,14.5,348.0,24,629.1533,0.76,Moderate,FMS_MARITIME,2026-04-06
2022-06-26,63,HFO,59.09,11.2,268.8,24,684.5471,0.5,Calm,FMS_MARITIME,2026-04-06
2022-06-27,63,HFO,56.5,17.5,420.0,24,418.9071,0.51,Moderate,FMS_MARITIME,2026-04-06
2022-06-28,63,LSMGO,38.46,14.8,355.2,24,337.1747,0.51,Moderate,FMS_MARITIME,2026-04-06
2022-06-28,63,LNG,83.8,17.8,427.2,24,610.8455,0.94,Rough,FMS_MARITIME,2026-04-06
2022-06-28,63,VLSFO,21.84,14.1,338.4,24,200.9745,0.72,Calm,FMS_MARITIME,2026-04-06
2022-06-01,64,MGO,38.66,12.5,300.0,24,401.2908,0.77,Rough,FMS_MARITIME,2026-04-06
2022-06-02,64,VLSFO,75.54,10.8,259.2,24,907.5292,0.84,Moderate,FMS_MARITIME,2026-04-06
2022-06-03,64,LNG,38.71,17.8,427.2,24,282.1698,0.45,Rough,FMS_MARITIME,2026-04-06
2022-06-04,64,MGO,36.51,13.0,312.0,24,364.3979,0.74,Calm,FMS_MARITIME,2026-04-06
2022-06-05,64,LNG,59.76,12.6,302.4,24,615.3857,0.6,Calm,FMS_MARITIME,2026-04-06
2022-06-06,64,MGO,78.41,12.6,302.4,24,807.4363,0.57,Moderate,FMS_MARITIME,2026-04-06
2022-06-07,64,LSMGO,82.65,11.4,273.6,24,940.6875,0.4,Calm,FMS_MARITIME,2026-04-06
2022-06-08,64,MGO,82.74,15.0,360.0,24,715.701,0.58,Moderate,FMS_MARITIME,2026-04-06
2022-06-09,64,MGO,83.44,13.1,314.4,24,826.4382,0.43,Calm,FMS_MARITIME,2026-04-06
2022-06-10,64,LSMGO,84.07,15.3,367.2,24,712.9466,0.84,Moderate,FMS_MARITIME,2026-04-06
2022-06-11,64,MGO,22.46,17.8,427.2,24,163.7183,0.73,Rough,FMS_MARITIME,2026-04-06
2022-06-12,64,HFO,20.68,11.7,280.8,24,229.3359,0.77,Calm,FMS_MARITIME,2026-04-06
2022-06-13,64,LNG,82.12,8.6,206.4,24,1238.9616,0.72,Calm,FMS_MARITIME,2026-04-06
2022-06-14,64,MGO,55.12,13.5,324.0,24,529.7644,0.5,Moderate,FMS_MARITIME,2026-04-06
2022-06-15,64,HFO,57.68,14.3,343.2,24,523.3552,0.54,Rough,FMS_MARITIME,2026-04-06
2022-06-16,64,MGO,15.98,10.8,259.2,24,191.9819,0.69,Rough,FMS_MARITIME,2026-04-06
2022-06-17,64,LSMGO,32.87,13.5,324.0,24,315.9172,0.59,Rough,FMS_MARITIME,2026-04-06
2022-06-18,64,LSMGO,15.61,10.1,242.4,24,200.5344,0.93,Moderate,FMS_MARITIME,2026-04-06
2022-06-19,64,HFO,80.2,16.9,405.6,24,615.7367,0.91,Moderate,FMS_MARITIME,2026-04-06
2022-06-20,64,MGO,57.39,12.8,307.2,24,581.7463,0.57,Rough,FMS_MARITIME,2026-04-06
2022-06-21,64,LSMGO,63.57,9.5,228.0,24,868.2324,0.9,Moderate,FMS_MARITIME,2026-04-06
2022-06-22,64,LNG,60.9,10.9,261.6,24,724.9335,0.86,Rough,FMS_MARITIME,2026-04-06
2022-06-23,64,MGO,83.7,14.9,357.6,24,728.8641,0.71,Calm,FMS_MARITIME,2026-04-06
2022-06-24,64,MGO,62.72,10.9,261.6,24,746.5982,0.46,Calm,FMS_MARITIME,2026-04-06
2022-06-25,64,LSMGO,73.38,12.0,288.0,24,793.4212,0.83,Rough,FMS_MARITIME,2026-04-06
2022-06-26,64,MGO,27.08,12.6,302.4,24,278.8595,0.91,Calm,FMS_MARITIME,2026-04-06
2022-06-27,64,MGO,23.86,8.1,194.4,24,382.2019,0.47,Rough,FMS_MARITIME,2026-04-06
2022-06-28,64,LNG,74.45,14.3,343.2,24,675.5166,0.77,Moderate,FMS_MARITIME,2026-04-06
2022-06-28,64,MGO,33.0,11.8,283.2,24,362.8602,0.96,Calm,FMS_MARITIME,2026-04-06
2022-06-28,64,LSMGO,60.25,8.2,196.8,24,953.346,0.97,Rough,FMS_MARITIME,2026-04-06
2022-06-01,65,LSMGO,23.95,8.5,204.0,24,365.5897,0.61,Calm,FMS_MARITIME,2026-04-06
2022-06-02,65,LSMGO,38.57,11.4,273.6,24,438.9875,0.74,Rough,FMS_MARITIME,2026-04-06
2022-06-03,65,LNG,78.33,8.5,204.0,24,1195.6844,0.98,Calm,FMS_MARITIME,2026-04-06
2022-06-04,65,MGO,83.74,8.3,199.2,24,1309.0681,0.85,Moderate,FMS_MARITIME,2026-04-06
2022-06-05,65,MGO,84.93,13.6,326.4,24,810.2697,0.62,Rough,FMS_MARITIME,2026-04-06
2022-06-06,65,LSMGO,25.98,10.5,252.0,24,321.0386,0.47,Rough,FMS_MARITIME,2026-04-06
2022-06-07,65,HFO,81.5,10.7,256.8,24,988.2827,0.59,Moderate,FMS_MARITIME,2026-04-06
2022-06-08,65,LNG,47.56,13.9,333.6,24,443.9504,0.57,Rough,FMS_MARITIME,2026-04-06
2022-06-09,65,HFO,18.98,18.0,432.0,24,136.8142,0.48,Moderate,FMS_MARITIME,2026-04-06
2022-06-10,65,HFO,75.41,10.8,259.2,24,905.9674,0.53,Rough,FMS_MARITIME,2026-04-06
2022-06-11,65,VLSFO,32.67,11.4,273.6,24,371.8362,0.57,Calm,FMS_MARITIME,2026-04-06
2022-06-12,65,VLSFO,39.75,17.8,427.2,24,289.7507,0.41,Rough,FMS_MARITIME,2026-04-06
2022-06-13,65,VLSFO,58.15,17.9,429.6,24,421.5063,0.76,Rough,FMS_MARITIME,2026-04-06
2022-06-14,65,LSMGO,39.51,14.2,340.8,24,361.0157,0.76,Calm,FMS_MARITIME,2026-04-06
2022-06-15,65,VLSFO,28.23,10.1,242.4,24,362.6577,0.46,Calm,FMS_MARITIME,2026-04-06
2022-06-16,65,HFO,57.84,13.4,321.6,24,560.0552,0.53,Calm,FMS_MARITIME,2026-04-06
2022-06-17,65,VLSFO,52.28,14.9,357.6,24,455.257,0.92,Rough,FMS_MARITIME,2026-04-06
2022-06-18,65,LSMGO,35.53,13.9,333.6,24,331.6559,0.53,Calm,FMS_MARITIME,2026-04-06
2022-06-19,65,VLSFO,55.26,8.4,201.6,24,853.5696,0.88,Calm,FMS_MARITIME,2026-04-06
2022-06-20,65,MGO,46.9,17.9,429.6,24,339.9595,0.99,Moderate,FMS_MARITIME,2026-04-06
2022-06-21,65,MGO,30.91,8.5,204.0,24,471.8321,0.74,Moderate,FMS_MARITIME,2026-04-06
2022-06-22,65,MGO,71.21,17.9,429.6,24,516.173,0.49,Calm,FMS_MARITIME,2026-04-06
2022-06-23,65,HFO,54.37,9.3,223.2,24,758.5492,0.63,Calm,FMS_MARITIME,2026-04-06
2022-06-24,65,MGO,45.78,17.3,415.2,24,343.35,0.53,Calm,FMS_MARITIME,2026-04-06
2022-06-25,65,VLSFO,77.52,16.3,391.2,24,617.0687,0.65,Moderate,FMS_MARITIME,2026-04-06
2022-06-26,65,LNG,53.29,11.8,283.2,24,585.9642,0.48,Calm,FMS_MARITIME,2026-04-06
2022-06-27,65,MGO,62.38,16.5,396.0,24,490.5336,0.64,Rough,FMS_MARITIME,2026-04-06
2022-06-28,65,MGO,81.46,9.1,218.4,24,1161.4764,0.5,Moderate,FMS_MARITIME,2026-04-06
2022-06-28,65,VLSFO,51.2,14.0,336.0,24,474.5143,0.71,Rough,FMS_MARITIME,2026-04-06
2022-06-28,65,HFO,81.61,13.1,314.4,24,808.3128,0.76,Moderate,FMS_MARITIME,2026-04-06
2022-06-01,66,HFO,76.97,11.8,283.2,24,846.3439,0.47,Moderate,FMS_MARITIME,2026-04-06
2022-06-02,66,LSMGO,81.12,10.5,252.0,24,1002.4114,0.59,Calm,FMS_MARITIME,2026-04-06
2022-06-03,66,MGO,22.68,16.3,391.2,24,180.5356,0.47,Calm,FMS_MARITIME,2026-04-06
2022-06-04,66,HFO,61.05,12.2,292.8,24,649.2818,0.77,Calm,FMS_MARITIME,2026-04-06
2022-06-05,66,LSMGO,71.31,10.6,254.4,24,872.8748,1.0,Moderate,FMS_MARITIME,2026-04-06
2022-06-06,66,MGO,82.7,13.8,331.2,24,777.5598,0.91,Rough,FMS_MARITIME,2026-04-06
2022-06-07,66,VLSFO,76.66,14.8,355.2,24,672.0699,0.53,Rough,FMS_MARITIME,2026-04-06
2022-06-08,66,LNG,67.19,17.3,415.2,24,503.925,0.75,Moderate,FMS_MARITIME,2026-04-06
2022-06-09,66,LSMGO,49.12,12.1,290.4,24,526.7207,0.78,Calm,FMS_MARITIME,2026-04-06
2022-06-10,66,MGO,16.66,17.3,415.2,24,124.95,0.6,Calm,FMS_MARITIME,2026-04-06
2022-06-11,66,HFO,41.87,12.9,309.6,24,421.1343,0.76,Moderate,FMS_MARITIME,2026-04-06
2022-06-12,66,HFO,43.7,17.0,408.0,24,333.5338,0.45,Calm,FMS_MARITIME,2026-04-06
2022-06-13,66,LNG,27.68,13.6,326.4,24,264.0794,0.45,Rough,FMS_MARITIME,2026-04-06
2022-06-14,66,LSMGO,50.86,16.5,396.0,24,399.9445,0.8,Rough,FMS_MARITIME,2026-04-06
2022-06-15,66,LNG,51.36,11.8,283.2,24,564.7424,0.79,Calm,FMS_MARITIME,2026-04-06
2022-06-16,66,LNG,68.24,9.6,230.4,24,922.3062,0.81,Moderate,FMS_MARITIME,2026-04-06
2022-06-17,66,HFO,27.3,11.5,276.0,24,308.0152,0.92,Moderate,FMS_MARITIME,2026-04-06
2022-06-18,66,HFO,56.49,17.1,410.4,24,428.6303,0.51,Moderate,FMS_MARITIME,2026-04-06
2022-06-19,66,VLSFO,48.63,9.1,218.4,24,693.3783,0.78,Moderate,FMS_MARITIME,2026-04-06
2022-06-20,66,LNG,72.96,14.8,355.2,24,639.6324,0.68,Calm,FMS_MARITIME,2026-04-06
2022-06-21,66,MGO,26.42,13.0,312.0,24,263.6919,0.45,Rough,FMS_MARITIME,2026-04-06
2022-06-22,66,LNG,41.36,12.2,292.8,24,439.8738,0.64,Moderate,FMS_MARITIME,2026-04-06
2022-06-23,66,MGO,43.18,13.6,326.4,24,411.9563,0.58,Moderate,FMS_MARITIME,2026-04-06
2022-06-24,66,LNG,37.89,12.7,304.8,24,387.1045,0.46,Calm,FMS_MARITIME,2026-04-06
2022-06-25,66,MGO,80.49,11.0,264.0,24,949.4161,0.44,Moderate,FMS_MARITIME,2026-04-06
2022-06-26,66,LSMGO,53.38,10.9,261.6,24,635.4179,0.46,Moderate,FMS_MARITIME,2026-04-06
2022-06-27,66,LNG,62.47,12.1,290.4,24,669.8746,0.83,Moderate,FMS_MARITIME,2026-04-06
2022-06-28,66,LSMGO,79.77,9.7,232.8,24,1067.0265,0.99,Rough,FMS_MARITIME,2026-04-06
2022-06-28,66,HFO,22.64,12.5,300.0,24,235.0032,0.7,Moderate,FMS_MARITIME,2026-04-06
2022-06-28,66,LSMGO,41.75,8.9,213.6,24,608.6587,0.73,Moderate,FMS_MARITIME,2026-04-06
2022-06-01,67,LSMGO,59.46,12.9,309.6,24,598.057,0.69,Moderate,FMS_MARITIME,2026-04-06
2022-06-02,67,HFO,53.05,8.9,213.6,24,773.3975,0.49,Rough,FMS_MARITIME,2026-04-06
2022-06-03,67,VLSFO,65.3,11.9,285.6,24,711.9895,0.59,Moderate,FMS_MARITIME,2026-04-06
2022-06-04,67,VLSFO,68.27,14.4,345.6,24,615.1411,0.87,Rough,FMS_MARITIME,2026-04-06
2022-06-05,67,MGO,82.02,14.1,338.4,24,754.7585,0.42,Moderate,FMS_MARITIME,2026-04-06
2022-06-06,67,LNG,44.83,10.6,254.4,24,548.7446,0.63,Moderate,FMS_MARITIME,2026-04-06
2022-06-07,67,HFO,67.56,18.0,432.0,24,486.995,0.45,Moderate,FMS_MARITIME,2026-04-06
2022-06-08,67,LSMGO,82.05,10.8,259.2,24,985.7396,0.94,Rough,FMS_MARITIME,2026-04-06
2022-06-09,67,MGO,62.79,8.4,201.6,24,969.8812,0.77,Calm,FMS_MARITIME,2026-04-06
2022-06-10,67,LSMGO,20.13,8.5,204.0,24,307.2785,0.47,Calm,FMS_MARITIME,2026-04-06
2022-06-11,67,MGO,18.15,14.6,350.4,24,161.2988,0.63,Moderate,FMS_MARITIME,2026-04-06
2022-06-12,67,LSMGO,38.91,15.8,379.2,24,319.5299,0.47,Moderate,FMS_MARITIME,2026-04-06
2022-06-13,67,HFO,42.54,8.8,211.2,24,627.2233,0.91,Rough,FMS_MARITIME,2026-04-06
2022-06-14,67,LSMGO,32.99,13.2,316.8,24,324.2767,0.66,Rough,FMS_MARITIME,2026-04-06
2022-06-15,67,HFO,34.23,12.7,304.8,24,349.712,0.67,Rough,FMS_MARITIME,2026-04-06
2022-06-16,67,VLSFO,38.07,12.4,297.6,24,398.3534,0.65,Calm,FMS_MARITIME,2026-04-06
2022-06-17,67,MGO,20.34,13.1,314.4,24,201.4592,0.88,Moderate,FMS_MARITIME,2026-04-06
2022-06-18,67,LSMGO,23.14,9.0,216.0,24,333.6017,0.48,Rough,FMS_MARITIME,2026-04-06
2022-06-19,67,HFO,55.6,10.0,240.0,24,721.41,0.63,Calm,FMS_MARITIME,2026-04-06
2022-06-20,67,LNG,25.31,11.3,271.2,24,290.617,0.7,Moderate,FMS_MARITIME,2026-04-06
2022-06-21,67,VLSFO,77.37,10.6,254.4,24,947.0526,0.7,Calm,FMS_MARITIME,2026-04-06
2022-06-22,67,HFO,37.77,12.3,295.2,24,398.4274,0.45,Calm,FMS_MARITIME,2026-04-06
2022-06-23,67,MGO,62.23,8.9,213.6,24,907.2295,0.93,Moderate,FMS_MARITIME,2026-04-06
2022-06-24,67,VLSFO,51.89,10.0,240.0,24,673.2727,0.95,Rough,FMS_MARITIME,2026-04-06
2022-06-25,67,HFO,52.46,13.8,331.2,24,493.238,0.95,Rough,FMS_MARITIME,2026-04-06
2022-06-26,67,VLSFO,79.19,14.7,352.8,24,698.973,0.97,Rough,FMS_MARITIME,2026-04-06
2022-06-27,67,LNG,39.58,8.8,211.2,24,583.5801,0.58,Moderate,FMS_MARITIME,2026-04-06
2022-06-28,67,LNG,61.82,13.3,319.2,24,603.0936,0.5,Rough,FMS_MARITIME,2026-04-06
2022-06-28,67,HFO,70.71,16.2,388.8,24,566.3347,0.94,Calm,FMS_MARITIME,2026-04-06
2022-06-28,67,MGO,49.16,17.8,427.2,24,358.3433,0.52,Rough,FMS_MARITIME,2026-04-06
2022-06-01,68,LSMGO,55.57,14.6,350.4,24,493.8498,0.6,Rough,FMS_MARITIME,2026-04-06
2022-06-02,68,HFO,66.6,16.6,398.4,24,520.5633,0.41,Calm,FMS_MARITIME,2026-04-06
2022-06-03,68,VLSFO,58.69,11.3,271.2,24,673.8962,0.88,Moderate,FMS_MARITIME,2026-04-06
2022-06-04,68,MGO,60.23,13.4,321.6,24,583.1972,0.53,Calm,FMS_MARITIME,2026-04-06
2022-06-05,68,LNG,15.75,15.8,379.2,24,129.3394,0.67,Calm,FMS_MARITIME,2026-04-06
2022-06-06,68,LSMGO,15.75,17.0,408.0,24,120.2096,0.97,Calm,FMS_MARITIME,2026-04-06
2022-06-07,68,MGO,48.78,15.6,374.4,24,405.7183,0.46,Moderate,FMS_MARITIME,2026-04-06
2022-06-08,68,LNG,33.22,12.2,292.8,24,353.3029,0.63,Moderate,FMS_MARITIME,2026-04-06
2022-06-09,68,LNG,58.22,11.3,271.2,24,668.4996,0.56,Rough,FMS_MARITIME,2026-04-06
2022-06-10,68,LSMGO,63.34,13.9,333.6,24,591.2493,0.93,Rough,FMS_MARITIME,2026-04-06
2022-06-11,68,LNG,56.11,16.3,391.2,24,446.6425,0.99,Rough,FMS_MARITIME,2026-04-06
2022-06-12,68,HFO,52.87,17.4,417.6,24,394.2461,0.55,Moderate,FMS_MARITIME,2026-04-06
2022-06-13,68,LSMGO,73.27,13.6,326.4,24,699.0281,0.75,Moderate,FMS_MARITIME,2026-04-06
2022-06-14,68,VLSFO,57.61,15.0,360.0,24,498.3265,0.78,Calm,FMS_MARITIME,2026-04-06
2022-06-15,68,HFO,59.7,12.4,297.6,24,624.6835,0.91,Calm,FMS_MARITIME,2026-04-06
2022-06-16,68,LSMGO,57.66,17.2,412.8,24,434.9642,0.77,Rough,FMS_MARITIME,2026-04-06
2022-06-17,68,LNG,35.31,13.0,312.0,24,352.421,0.59,Calm,FMS_MARITIME,2026-04-06
2022-06-18,68,LSMGO,60.94,10.5,252.0,24,753.0443,0.98,Rough,FMS_MARITIME,2026-04-06
2022-06-19,68,VLSFO,63.84,13.8,331.2,24,600.2348,0.46,Calm,FMS_MARITIME,2026-04-06
2022-06-20,68,HFO,81.82,12.5,300.0,24,849.2916,0.7,Moderate,FMS_MARITIME,2026-04-06
2022-06-21,68,HFO,54.75,9.0,216.0,24,789.3125,0.71,Calm,FMS_MARITIME,2026-04-06
2022-06-22,68,MGO,79.03,8.7,208.8,24,1178.6371,0.66,Rough,FMS_MARITIME,2026-04-06
2022-06-23,68,LSMGO,29.75,12.8,307.2,24,301.5674,0.46,Rough,FMS_MARITIME,2026-04-06
2022-06-24,68,LNG,33.74,17.4,417.6,24,251.5957,0.46,Calm,FMS_MARITIME,2026-04-06
2022-06-25,68,VLSFO,60.18,15.9,381.6,24,491.0915,0.77,Moderate,FMS_MARITIME,2026-04-06
2022-06-26,68,VLSFO,55.06,14.8,355.2,24,482.7051,0.42,Rough,FMS_MARITIME,2026-04-06
2022-06-27,68,VLSFO,47.13,16.6,398.4,24,368.3806,0.97,Moderate,FMS_MARITIME,2026-04-06
2022-06-28,68,MGO,20.88,16.0,384.0,24,169.3237,0.86,Calm,FMS_MARITIME,2026-04-06
2022-06-28,68,LSMGO,28.17,9.9,237.6,24,369.1977,0.75,Moderate,FMS_MARITIME,2026-04-06
2022-06-28,68,MGO,47.14,16.9,405.6,24,361.918,0.64,Moderate,FMS_MARITIME,2026-04-06
2022-06-01,69,VLSFO,21.53,16.7,400.8,24,167.2765,0.95,Rough,FMS_MARITIME,2026-04-06
2022-06-02,69,MGO,56.0,13.0,312.0,24,558.9231,0.54,Rough,FMS_MARITIME,2026-04-06
2022-06-03,69,HFO,24.72,12.2,292.8,24,262.9033,0.76,Rough,FMS_MARITIME,2026-04-06
2022-06-04,69,LSMGO,39.71,17.4,417.6,24,296.1134,0.46,Moderate,FMS_MARITIME,2026-04-06
2022-06-05,69,VLSFO,30.88,15.9,381.6,24,251.9925,0.48,Rough,FMS_MARITIME,2026-04-06
2022-06-06,69,MGO,34.56,10.6,254.4,24,423.034,0.61,Rough,FMS_MARITIME,2026-04-06
2022-06-07,69,MGO,59.62,10.0,240.0,24,773.5695,0.7,Calm,FMS_MARITIME,2026-04-06
2022-06-08,69,HFO,79.5,13.4,321.6,24,769.7854,0.96,Rough,FMS_MARITIME,2026-04-06
2022-06-09,69,LSMGO,69.03,11.8,283.2,24,759.0375,0.7,Calm,FMS_MARITIME,2026-04-06
2022-06-10,69,MGO,54.78,16.8,403.2,24,423.0777,0.64,Calm,FMS_MARITIME,2026-04-06
2022-06-11,69,LNG,31.97,9.3,223.2,24,446.0331,0.91,Calm,FMS_MARITIME,2026-04-06
2022-06-12,69,MGO,54.64,13.4,321.6,24,529.0701,0.76,Moderate,FMS_MARITIME,2026-04-06
2022-06-13,69,VLSFO,61.54,13.1,314.4,24,609.5279,0.59,Rough,FMS_MARITIME,2026-04-06
2022-06-14,69,HFO,64.43,8.3,199.2,24,1007.2039,0.67,Moderate,FMS_MARITIME,2026-04-06
2022-06-15,69,MGO,40.74,17.2,412.8,24,307.3265,0.52,Rough,FMS_MARITIME,2026-04-06
2022-06-16,69,VLSFO,38.44,15.1,362.4,24,330.304,0.42,Rough,FMS_MARITIME,2026-04-06
2022-06-17,69,LSMGO,54.9,14.6,350.4,24,487.8955,0.86,Calm,FMS_MARITIME,2026-04-06
2022-06-18,69,HFO,46.45,11.6,278.4,24,519.5593,0.83,Rough,FMS_MARITIME,2026-04-06
2022-06-19,69,VLSFO,69.37,17.9,429.6,24,502.8356,0.72,Calm,FMS_MARITIME,2026-04-06
2022-06-20,69,VLSFO,21.41,12.0,288.0,24,231.4956,0.86,Moderate,FMS_MARITIME,2026-04-06
2022-06-21,69,LNG,72.27,14.4,345.6,24,651.1828,0.99,Moderate,FMS_MARITIME,2026-04-06
2022-06-22,69,LNG,25.12,9.9,237.6,24,329.2242,0.82,Rough,FMS_MARITIME,2026-04-06
2022-06-23,69,LNG,37.91,17.0,408.0,24,289.3425,0.81,Moderate,FMS_MARITIME,2026-04-06
2022-06-24,69,VLSFO,39.17,16.8,403.2,24,302.5183,0.78,Calm,FMS_MARITIME,2026-04-06
2022-06-25,69,HFO,23.2,15.6,374.4,24,192.9615,0.59,Rough,FMS_MARITIME,2026-04-06
2022-06-26,69,MGO,28.69,10.3,247.2,24,361.4104,0.94,Moderate,FMS_MARITIME,2026-04-06
2022-06-27,69,HFO,53.01,16.0,384.0,24,429.878,0.89,Moderate,FMS_MARITIME,2026-04-06
2022-06-28,69,MGO,84.33,10.4,249.6,24,1052.0978,0.62,Moderate,FMS_MARITIME,2026-04-06
2022-06-28,69,HFO,76.06,12.0,288.0,24,822.3987,0.82,Rough,FMS_MARITIME,2026-04-06
2022-06-28,69,LNG,50.95,12.7,304.8,24,520.5325,0.92,Rough,FMS_MARITIME,2026-04-06
2022-06-01,70,MGO,82.06,13.7,328.8,24,777.1741,0.72,Calm,FMS_MARITIME,2026-04-06
2022-06-02,70,MGO,36.64,9.7,232.8,24,490.1072,0.86,Calm,FMS_MARITIME,2026-04-06
2022-06-03,70,MGO,37.46,12.9,309.6,24,376.7779,0.95,Rough,FMS_MARITIME,2026-04-06
2022-06-04,70,VLSFO,80.1,11.4,273.6,24,911.6645,0.99,Rough,FMS_MARITIME,2026-04-06
2022-06-05,70,MGO,62.6,12.0,288.0,24,676.8625,0.99,Moderate,FMS_MARITIME,2026-04-06
2022-06-06,70,LNG,60.52,16.4,393.6,24,478.8091,0.69,Calm,FMS_MARITIME,2026-04-06
2022-06-07,70,VLSFO,25.0,15.2,364.8,24,213.4046,0.78,Calm,FMS_MARITIME,2026-04-06
2022-06-08,70,MGO,59.24,10.2,244.8,24,753.5676,0.6,Rough,FMS_MARITIME,2026-04-06
2022-06-09,70,LNG,25.89,8.5,204.0,24,395.2032,0.95,Moderate,FMS_MARITIME,2026-04-06
2022-06-10,70,LNG,80.53,10.0,240.0,24,1044.8768,0.9,Rough,FMS_MARITIME,2026-04-06
2022-06-11,70,MGO,48.38,15.1,362.4,24,415.7156,0.69,Rough,FMS_MARITIME,2026-04-06
2022-06-12,70,LNG,74.09,9.1,218.4,24,1056.3931,0.75,Calm,FMS_MARITIME,2026-04-06
2022-06-13,70,LSMGO,63.43,8.3,199.2,24,991.5714,0.55,Calm,FMS_MARITIME,2026-04-06
2022-06-14,70,LNG,40.02,14.1,338.4,24,368.2691,0.82,Calm,FMS_MARITIME,2026-04-06
2022-06-15,70,HFO,23.5,15.2,364.8,24,200.6003,0.95,Moderate,FMS_MARITIME,2026-04-06
2022-06-16,70,MGO,44.37,8.8,211.2,24,654.2054,0.98,Rough,FMS_MARITIME,2026-04-06
2022-06-17,70,VLSFO,44.3,14.3,343.2,24,401.9528,0.98,Rough,FMS_MARITIME,2026-04-06
2022-06-18,70,HFO,37.59,9.5,228.0,24,513.4003,0.73,Calm,FMS_MARITIME,2026-04-06
2022-06-19,70,MGO,83.05,10.0,240.0,24,1077.5737,0.51,Moderate,FMS_MARITIME,2026-04-06
2022-06-20,70,LSMGO,33.04,16.6,398.4,24,258.2494,0.85,Moderate,FMS_MARITIME,2026-04-06
2022-06-21,70,MGO,62.48,14.5,348.0,24,559.0883,0.42,Calm,FMS_MARITIME,2026-04-06
2022-06-22,70,MGO,70.69,12.6,302.4,24,727.9387,0.55,Calm,FMS_MARITIME,2026-04-06
2022-06-23,70,VLSFO,24.99,11.9,285.6,24,272.475,0.67,Calm,FMS_MARITIME,2026-04-06
2022-06-24,70,LSMGO,50.84,10.1,242.4,24,653.1178,0.55,Moderate,FMS_MARITIME,2026-04-06
2022-06-25,70,MGO,63.15,17.9,429.6,24,457.7493,0.88,Moderate,FMS_MARITIME,2026-04-06
2022-06-26,70,LNG,42.11,15.7,376.8,24,348.011,0.45,Rough,FMS_MARITIME,2026-04-06
2022-06-27,70,HFO,67.54,14.8,355.2,24,592.1159,0.89,Calm,FMS_MARITIME,2026-04-06
2022-06-28,70,LNG,79.86,16.3,391.2,24,635.6954,0.85,Moderate,FMS_MARITIME,2026-04-06
2022-06-28,70,LNG,32.3,13.9,333.6,24,301.5054,0.92,Moderate,FMS_MARITIME,2026-04-06
2022-06-28,70,VLSFO,66.34,17.3,415.2,24,497.55,0.79,Moderate,FMS_MARITIME,2026-04-06
2022-06-01,71,HFO,68.96,14.2,340.8,24,630.1099,0.76,Rough,FMS_MARITIME,2026-04-06
2022-06-02,71,HFO,55.87,14.8,355.2,24,489.8062,0.63,Rough,FMS_MARITIME,2026-04-06
2022-06-03,71,LNG,51.69,8.9,213.6,24,753.5705,0.83,Calm,FMS_MARITIME,2026-04-06
2022-06-04,71,VLSFO,81.8,13.5,324.0,24,786.1889,0.85,Moderate,FMS_MARITIME,2026-04-06
2022-06-05,71,LNG,52.91,15.8,379.2,24,434.4983,0.67,Rough,FMS_MARITIME,2026-04-06
2022-06-06,71,LSMGO,20.73,16.5,396.0,24,163.0132,0.96,Moderate,FMS_MARITIME,2026-04-06
2022-06-07,71,LSMGO,20.23,16.0,384.0,24,164.0527,0.79,Moderate,FMS_MARITIME,2026-04-06
2022-06-08,71,MGO,73.27,14.9,357.6,24,638.0391,0.7,Calm,FMS_MARITIME,2026-04-06
2022-06-09,71,LNG,42.43,9.7,232.8,24,567.5559,0.72,Moderate,FMS_MARITIME,2026-04-06
2022-06-10,71,HFO,63.98,10.1,242.4,24,821.9213,0.8,Moderate,FMS_MARITIME,2026-04-06
2022-06-11,71,HFO,27.68,16.1,386.4,24,223.0733,0.82,Calm,FMS_MARITIME,2026-04-06
2022-06-12,71,MGO,82.49,12.2,292.8,24,877.3014,0.64,Moderate,FMS_MARITIME,2026-04-06
2022-06-13,71,MGO,20.72,16.4,393.6,24,163.928,0.54,Rough,FMS_MARITIME,2026-04-06
2022-06-14,71,LNG,57.49,10.6,254.4,24,703.7101,0.95,Calm,FMS_MARITIME,2026-04-06
2022-06-15,71,VLSFO,77.44,13.8,331.2,24,728.1043,0.55,Moderate,FMS_MARITIME,2026-04-06
2022-06-16,71,LNG,70.94,8.3,199.2,24,1108.9717,0.41,Rough,FMS_MARITIME,2026-04-06
2022-06-17,71,LNG,73.88,8.7,208.8,24,1101.831,0.41,Calm,FMS_MARITIME,2026-04-06
2022-06-18,71,LSMGO,35.38,13.7,328.8,24,335.077,0.76,Calm,FMS_MARITIME,2026-04-06
2022-06-19,71,VLSFO,41.75,13.2,316.8,24,410.3835,0.59,Moderate,FMS_MARITIME,2026-04-06
2022-06-20,71,LNG,46.3,12.4,297.6,24,484.4698,0.88,Rough,FMS_MARITIME,2026-04-06
2022-06-21,71,LNG,20.01,10.0,240.0,24,259.6298,0.82,Calm,FMS_MARITIME,2026-04-06
2022-06-22,71,LSMGO,79.48,13.0,312.0,24,793.2715,0.68,Moderate,FMS_MARITIME,2026-04-06
2022-06-23,71,HFO,69.22,13.7,328.8,24,655.569,0.7,Rough,FMS_MARITIME,2026-04-06
2022-06-24,71,LSMGO,27.89,9.8,235.2,24,369.2579,0.91,Calm,FMS_MARITIME,2026-04-06
2022-06-25,71,LNG,62.34,11.1,266.4,24,728.7041,0.72,Calm,FMS_MARITIME,2026-04-06
2022-06-26,71,VLSFO,78.8,8.1,194.4,24,1262.2593,0.81,Rough,FMS_MARITIME,2026-04-06
2022-06-27,71,LNG,81.42,9.5,228.0,24,1112.0258,0.57,Calm,FMS_MARITIME,2026-04-06
2022-06-28,71,VLSFO,42.19,17.7,424.8,24,309.2742,0.95,Moderate,FMS_MARITIME,2026-04-06
2022-06-28,71,HFO,39.26,13.9,333.6,24,366.4737,0.69,Calm,FMS_MARITIME,2026-04-06
2022-06-28,71,HFO,49.06,10.3,247.2,24,618.0131,0.78,Rough,FMS_MARITIME,2026-04-06
2022-06-01,72,VLSFO,47.53,17.5,420.0,24,352.401,0.79,Rough,FMS_MARITIME,2026-04-06
2022-06-02,72,LNG,31.67,13.4,321.6,24,306.6554,0.75,Rough,FMS_MARITIME,2026-04-06
2022-06-03,72,LSMGO,19.96,9.7,232.8,24,266.9907,0.81,Calm,FMS_MARITIME,2026-04-06
2022-06-04,72,HFO,29.03,9.8,235.2,24,384.3513,0.42,Rough,FMS_MARITIME,2026-04-06
2022-06-05,72,LNG,36.86,13.0,312.0,24,367.8912,0.47,Calm,FMS_MARITIME,2026-04-06
2022-06-06,72,LSMGO,53.82,16.9,405.6,24,413.2038,0.68,Rough,FMS_MARITIME,2026-04-06
2022-06-07,72,VLSFO,55.88,14.2,340.8,24,510.5937,0.94,Calm,FMS_MARITIME,2026-04-06
2022-06-08,72,LNG,71.68,13.0,312.0,24,715.4215,0.68,Rough,FMS_MARITIME,2026-04-06
2022-06-09,72,HFO,60.94,11.1,266.4,24,712.3392,1.0,Rough,FMS_MARITIME,2026-04-06
2022-06-10,72,VLSFO,37.74,13.9,333.6,24,352.2853,0.99,Calm,FMS_MARITIME,2026-04-06
2022-06-11,72,VLSFO,44.2,9.3,223.2,24,616.6613,0.58,Calm,FMS_MARITIME,2026-04-06
2022-06-12,72,HFO,82.53,17.0,408.0,24,629.8981,0.64,Moderate,FMS_MARITIME,2026-04-06
2022-06-13,72,LNG,41.94,10.1,242.4,24,538.7837,0.63,Rough,FMS_MARITIME,2026-04-06
2022-06-14,72,VLSFO,28.16,17.0,408.0,24,214.9271,0.52,Moderate,FMS_MARITIME,2026-04-06
2022-06-15,72,LSMGO,84.35,13.2,316.8,24,829.1222,0.72,Moderate,FMS_MARITIME,2026-04-06
2022-06-16,72,LNG,37.9,8.9,213.6,24,552.5309,0.44,Rough,FMS_MARITIME,2026-04-06
2022-06-17,72,HFO,69.64,13.9,333.6,24,650.0568,0.53,Moderate,FMS_MARITIME,2026-04-06
2022-06-18,72,LNG,61.58,11.7,280.8,24,682.9064,0.69,Calm,FMS_MARITIME,2026-04-06
2022-06-19,72,VLSFO,19.69,14.2,340.8,24,179.9139,0.44,Rough,FMS_MARITIME,2026-04-06
2022-06-20,72,LSMGO,56.81,15.3,367.2,24,481.7711,0.98,Rough,FMS_MARITIME,2026-04-06
2022-06-21,72,LSMGO,22.49,17.3,415.2,24,168.675,0.81,Moderate,FMS_MARITIME,2026-04-06
2022-06-22,72,MGO,16.33,16.9,405.6,24,125.3738,0.76,Rough,FMS_MARITIME,2026-04-06
2022-06-23,72,HFO,16.07,11.2,268.8,24,186.1681,0.57,Calm,FMS_MARITIME,2026-04-06
2022-06-24,72,HFO,84.36,8.3,199.2,24,1318.7602,0.65,Rough,FMS_MARITIME,2026-04-06
2022-06-25,72,MGO,27.06,12.2,292.8,24,287.7898,0.66,Moderate,FMS_MARITIME,2026-04-06
2022-06-26,72,LNG,53.1,18.0,432.0,24,382.7625,0.86,Calm,FMS_MARITIME,2026-04-06
2022-06-27,72,LNG,80.44,11.8,283.2,24,884.4992,0.59,Moderate,FMS_MARITIME,2026-04-06
2022-06-28,72,MGO,16.67,11.5,276.0,24,188.0811,0.42,Rough,FMS_MARITIME,2026-04-06
2022-06-28,72,LSMGO,19.79,15.5,372.0,24,165.6615,0.49,Calm,FMS_MARITIME,2026-04-06
2022-06-28,72,HFO,15.55,18.0,432.0,24,112.0896,0.62,Calm,FMS_MARITIME,2026-04-06
2022-06-01,73,LNG,72.22,15.0,360.0,24,624.703,0.78,Calm,FMS_MARITIME,2026-04-06
2022-06-02,73,MGO,43.65,8.8,211.2,24,643.5895,0.67,Rough,FMS_MARITIME,2026-04-06
2022-06-03,73,HFO,35.07,8.8,211.2,24,517.0832,0.43,Calm,FMS_MARITIME,2026-04-06
2022-06-04,73,LNG,29.7,15.7,376.8,24,245.4506,0.64,Rough,FMS_MARITIME,2026-04-06
2022-06-05,73,MGO,80.06,17.3,415.2,24,600.45,0.51,Moderate,FMS_MARITIME,2026-04-06
2022-06-06,73,VLSFO,58.77,9.0,216.0,24,847.2675,0.58,Calm,FMS_MARITIME,2026-04-06
2022-06-07,73,MGO,39.6,10.2,244.8,24,503.7353,0.64,Moderate,FMS_MARITIME,2026-04-06
2022-06-08,73,LSMGO,59.32,14.8,355.2,24,520.052,0.93,Rough,FMS_MARITIME,2026-04-06
2022-06-09,73,MGO,55.0,13.7,328.8,24,520.8942,0.61,Moderate,FMS_MARITIME,2026-04-06
2022-06-10,73,LSMGO,78.64,9.0,216.0,24,1133.7267,0.77,Rough,FMS_MARITIME,2026-04-06
2022-06-11,73,VLSFO,55.31,17.3,415.2,24,414.825,0.6,Rough,FMS_MARITIME,2026-04-06
2022-06-12,73,LSMGO,64.32,16.2,388.8,24,515.1556,0.76,Rough,FMS_MARITIME,2026-04-06
2022-06-13,73,MGO,22.93,16.0,384.0,24,185.948,0.44,Rough,FMS_MARITIME,2026-04-06
2022-06-14,73,HFO,26.69,15.6,374.4,24,221.9889,0.48,Calm,FMS_MARITIME,2026-04-06
2022-06-15,73,LSMGO,46.27,11.5,276.0,24,522.0463,0.48,Moderate,FMS_MARITIME,2026-04-06
2022-06-16,73,HFO,67.46,10.8,259.2,24,810.4569,0.43,Moderate,FMS_MARITIME,2026-04-06
2022-06-17,73,MGO,72.64,10.1,242.4,24,933.1723,0.54,Rough,FMS_MARITIME,2026-04-06
2022-06-18,73,LSMGO,53.2,11.1,266.4,24,621.8649,0.54,Moderate,FMS_MARITIME,2026-04-06
2022-06-19,73,VLSFO,65.39,12.4,297.6,24,684.222,0.44,Rough,FMS_MARITIME,2026-04-06
2022-06-20,73,LSMGO,21.03,16.0,384.0,24,170.5402,0.64,Rough,FMS_MARITIME,2026-04-06
2022-06-21,73,LNG,27.39,17.0,408.0,24,209.0501,0.56,Calm,FMS_MARITIME,2026-04-06
2022-06-22,73,VLSFO,64.65,15.6,374.4,24,537.7139,0.6,Moderate,FMS_MARITIME,2026-04-06
2022-06-23,73,MGO,16.45,9.1,218.4,24,234.5481,0.84,Moderate,FMS_MARITIME,2026-04-06
2022-06-24,73,VLSFO,32.4,13.1,314.4,24,320.9084,0.56,Calm,FMS_MARITIME,2026-04-06
2022-06-25,73,MGO,29.03,13.7,328.8,24,274.9374,0.87,Moderate,FMS_MARITIME,2026-04-06
2022-06-26,73,MGO,19.72,10.0,240.0,24,255.867,0.56,Calm,FMS_MARITIME,2026-04-06
2022-06-27,73,HFO,17.27,11.3,271.2,24,198.2993,0.7,Calm,FMS_MARITIME,2026-04-06
2022-06-28,73,MGO,32.99,14.4,345.6,24,297.2536,0.83,Rough,FMS_MARITIME,2026-04-06
2022-06-28,73,LNG,54.15,16.9,405.6,24,415.7374,0.44,Rough,FMS_MARITIME,2026-04-06
2022-06-28,73,MGO,46.93,8.4,201.6,24,724.9009,0.82,Calm,FMS_MARITIME,2026-04-06
2022-06-01,74,VLSFO,72.62,10.2,244.8,24,923.7691,0.82,Rough,FMS_MARITIME,2026-04-06
2022-06-02,74,MGO,50.15,9.5,228.0,24,684.9434,0.77,Calm,FMS_MARITIME,2026-04-06
2022-06-03,74,HFO,46.44,17.5,420.0,24,344.3194,0.85,Calm,FMS_MARITIME,2026-04-06
2022-06-04,74,VLSFO,44.33,8.0,192.0,24,718.9772,0.47,Moderate,FMS_MARITIME,2026-04-06
2022-06-05,74,MGO,59.6,16.0,384.0,24,483.3188,0.86,Rough,FMS_MARITIME,2026-04-06
2022-06-06,74,LNG,57.71,14.3,343.2,24,523.6274,0.79,Moderate,FMS_MARITIME,2026-04-06
2022-06-07,74,HFO,35.79,12.2,292.8,24,380.6355,0.59,Moderate,FMS_MARITIME,2026-04-06
2022-06-08,74,LNG,44.3,14.4,345.6,24,399.1615,0.52,Rough,FMS_MARITIME,2026-04-06
2022-06-09,74,MGO,25.01,15.3,367.2,24,212.0946,0.89,Calm,FMS_MARITIME,2026-04-06
2022-06-10,74,VLSFO,33.56,12.0,288.0,24,362.8675,0.45,Moderate,FMS_MARITIME,2026-04-06
2022-06-11,74,MGO,65.43,8.5,204.0,24,998.7697,0.91,Moderate,FMS_MARITIME,2026-04-06
2022-06-12,74,MGO,59.02,17.2,412.8,24,445.2235,0.79,Calm,FMS_MARITIME,2026-04-06
2022-06-13,74,MGO,30.49,14.4,345.6,24,274.7276,0.85,Rough,FMS_MARITIME,2026-04-06
2022-06-14,74,MGO,40.12,8.0,192.0,24,650.6962,0.57,Calm,FMS_MARITIME,2026-04-06
2022-06-15,74,HFO,75.73,8.3,199.2,24,1183.8515,0.54,Calm,FMS_MARITIME,2026-04-06
2022-06-16,74,MGO,55.91,16.9,405.6,24,429.2499,0.95,Rough,FMS_MARITIME,2026-04-06
2022-06-17,74,LSMGO,53.7,13.4,321.6,24,519.9683,0.48,Calm,FMS_MARITIME,2026-04-06
2022-06-18,74,VLSFO,62.09,9.3,223.2,24,866.2556,0.58,Rough,FMS_MARITIME,2026-04-06
2022-06-19,74,LNG,69.62,11.1,266.4,24,813.8014,0.94,Moderate,FMS_MARITIME,2026-04-06
2022-06-20,74,MGO,30.21,11.0,264.0,24,356.3407,0.88,Calm,FMS_MARITIME,2026-04-06
2022-06-21,74,LNG,67.36,10.0,240.0,24,873.996,0.88,Rough,FMS_MARITIME,2026-04-06
2022-06-22,74,VLSFO,32.35,9.0,216.0,24,466.3792,0.99,Moderate,FMS_MARITIME,2026-04-06
2022-06-23,74,MGO,65.12,16.1,386.4,24,524.8025,0.49,Moderate,FMS_MARITIME,2026-04-06
2022-06-24,74,MGO,62.69,14.6,350.4,24,557.1252,0.42,Calm,FMS_MARITIME,2026-04-06
2022-06-25,74,MGO,57.31,12.9,309.6,24,576.432,0.92,Rough,FMS_MARITIME,2026-04-06
2022-06-26,74,LSMGO,76.9,11.8,283.2,24,845.5742,0.5,Calm,FMS_MARITIME,2026-04-06
2022-06-27,74,MGO,67.56,17.4,417.6,24,503.7879,0.43,Calm,FMS_MARITIME,2026-04-06
2022-06-28,74,MGO,65.11,14.7,352.8,24,574.6954,0.87,Moderate,FMS_MARITIME,2026-04-06
2022-06-28,74,VLSFO,29.94,15.8,379.2,24,245.868,0.91,Rough,FMS_MARITIME,2026-04-06
2022-06-28,74,MGO,71.07,17.7,424.8,24,520.9792,0.64,Rough,FMS_MARITIME,2026-04-06
2022-06-01,75,LNG,77.83,17.5,420.0,24,577.0539,0.62,Rough,FMS_MARITIME,2026-04-06
2022-06-02,75,LSMGO,16.09,8.7,208.8,24,239.9629,0.67,Rough,FMS_MARITIME,2026-04-06
2022-06-03,75,VLSFO,44.8,14.9,357.6,24,390.1208,0.51,Rough,FMS_MARITIME,2026-04-06
2022-06-04,75,LNG,34.35,11.4,273.6,24,390.9572,0.81,Moderate,FMS_MARITIME,2026-04-06
2022-06-05,75,LSMGO,23.14,12.5,300.0,24,240.1932,0.86,Calm,FMS_MARITIME,2026-04-06
2022-06-06,75,LNG,55.87,17.7,424.8,24,409.5555,0.46,Rough,FMS_MARITIME,2026-04-06
2022-06-07,75,VLSFO,68.1,9.5,228.0,24,930.1026,0.88,Moderate,FMS_MARITIME,2026-04-06
2022-06-08,75,MGO,43.29,14.8,355.2,24,379.5187,0.94,Moderate,FMS_MARITIME,2026-04-06
2022-06-09,75,HFO,16.04,16.7,400.8,24,124.6222,0.73,Calm,FMS_MARITIME,2026-04-06
2022-06-10,75,MGO,45.05,16.5,396.0,24,354.2568,0.75,Calm,FMS_MARITIME,2026-04-06
2022-06-11,75,LSMGO,19.86,12.6,302.4,24,204.5107,0.58,Moderate,FMS_MARITIME,2026-04-06
2022-06-12,75,VLSFO,35.34,8.8,211.2,24,521.0642,0.75,Rough,FMS_MARITIME,2026-04-06
2022-06-13,75,VLSFO,64.34,16.5,396.0,24,505.9464,0.76,Moderate,FMS_MARITIME,2026-04-06
2022-06-14,75,LSMGO,23.72,15.6,374.4,24,197.2865,0.71,Rough,FMS_MARITIME,2026-04-06
2022-06-15,75,VLSFO,47.57,17.0,408.0,24,363.071,0.54,Calm,FMS_MARITIME,2026-04-06
2022-06-16,75,LNG,20.57,16.2,388.8,24,164.7505,0.42,Rough,FMS_MARITIME,2026-04-06
2022-06-17,75,LNG,82.92,13.5,324.0,24,796.9533,0.67,Calm,FMS_MARITIME,2026-04-06
2022-06-18,75,HFO,50.17,13.1,314.4,24,496.9128,0.84,Moderate,FMS_MARITIME,2026-04-06
2022-06-19,75,HFO,28.06,17.4,417.6,24,209.2405,0.64,Rough,FMS_MARITIME,2026-04-06
2022-06-20,75,MGO,82.41,15.5,372.0,24,689.8515,0.54,Moderate,FMS_MARITIME,2026-04-06
2022-06-21,75,LSMGO,22.24,10.3,247.2,24,280.1592,0.66,Moderate,FMS_MARITIME,2026-04-06
2022-06-22,75,MGO,78.27,15.8,379.2,24,642.7552,0.54,Calm,FMS_MARITIME,2026-04-06
2022-06-23,75,VLSFO,46.14,10.2,244.8,24,586.9279,0.83,Rough,FMS_MARITIME,2026-04-06
2022-06-24,75,LSMGO,52.21,16.5,396.0,24,410.5605,0.92,Moderate,FMS_MARITIME,2026-04-06
2022-06-25,75,MGO,49.42,11.0,264.0,24,582.9314,0.64,Moderate,FMS_MARITIME,2026-04-06
2022-06-26,75,MGO,30.03,9.5,228.0,24,410.1466,0.61,Moderate,FMS_MARITIME,2026-04-06
2022-06-27,75,LNG,80.24,16.9,405.6,24,616.0438,0.91,Rough,FMS_MARITIME,2026-04-06
2022-06-28,75,MGO,71.41,14.2,340.8,24,652.4963,0.85,Calm,FMS_MARITIME,2026-04-06
2022-06-28,75,MGO,67.39,16.8,403.2,24,520.4674,0.47,Calm,FMS_MARITIME,2026-04-06
2022-06-28,75,LSMGO,64.34,9.1,218.4,24,917.3753,0.86,Moderate,FMS_MARITIME,2026-04-06
2022-06-01,76,VLSFO,66.41,12.8,307.2,24,673.1795,0.93,Moderate,FMS_MARITIME,2026-04-06
2022-06-02,76,VLSFO,59.47,9.6,230.4,24,803.7742,0.76,Moderate,FMS_MARITIME,2026-04-06
2022-06-03,76,HFO,56.38,8.7,208.8,24,840.8397,0.79,Moderate,FMS_MARITIME,2026-04-06
2022-06-04,76,MGO,33.4,13.2,316.8,24,328.3068,0.41,Rough,FMS_MARITIME,2026-04-06
2022-06-05,76,HFO,24.65,14.6,350.4,24,219.0642,0.74,Moderate,FMS_MARITIME,2026-04-06
2022-06-06,76,VLSFO,16.12,13.9,333.6,24,150.4727,0.69,Rough,FMS_MARITIME,2026-04-06
2022-06-07,76,LNG,32.41,17.1,410.4,24,245.918,0.52,Rough,FMS_MARITIME,2026-04-06
2022-06-08,76,HFO,17.79,11.2,268.8,24,206.094,0.51,Calm,FMS_MARITIME,2026-04-06
2022-06-09,76,MGO,18.35,10.2,244.8,24,233.4228,0.5,Moderate,FMS_MARITIME,2026-04-06
2022-06-10,76,MGO,50.29,15.2,364.8,24,429.2847,0.93,Moderate,FMS_MARITIME,2026-04-06
2022-06-11,76,LSMGO,45.28,14.8,355.2,24,396.9649,0.72,Calm,FMS_MARITIME,2026-04-06
2022-06-12,76,MGO,42.86,13.7,328.8,24,405.9186,0.6,Calm,FMS_MARITIME,2026-04-06
2022-06-13,76,MGO,74.36,9.7,232.8,24,994.6608,0.79,Rough,FMS_MARITIME,2026-04-06
2022-06-14,76,MGO,78.93,8.4,201.6,24,1219.1866,0.85,Calm,FMS_MARITIME,2026-04-06
2022-06-15,76,LSMGO,28.38,15.5,372.0,24,237.5681,0.75,Calm,FMS_MARITIME,2026-04-06
2022-06-16,76,HFO,48.12,11.5,276.0,24,542.9191,0.43,Calm,FMS_MARITIME,2026-04-06
2022-06-17,76,LNG,83.73,17.8,427.2,24,610.3353,0.93,Moderate,FMS_MARITIME,2026-04-06
2022-06-18,76,HFO,19.8,17.7,424.8,24,145.1441,0.8,Rough,FMS_MARITIME,2026-04-06
2022-06-19,76,VLSFO,64.49,8.6,206.4,24,972.9741,0.61,Rough,FMS_MARITIME,2026-04-06
2022-06-20,76,MGO,19.05,9.5,228.0,24,260.1829,0.94,Rough,FMS_MARITIME,2026-04-06
2022-06-21,76,LSMGO,44.1,16.1,386.4,24,355.4022,0.84,Moderate,FMS_MARITIME,2026-04-06
2022-06-22,76,HFO,77.42,14.2,340.8,24,707.4116,0.44,Moderate,FMS_MARITIME,2026-04-06
2022-06-23,76,VLSFO,53.75,12.1,290.4,24,576.3688,0.74,Moderate,FMS_MARITIME,2026-04-06
2022-06-24,76,HFO,61.89,11.0,264.0,24,730.0207,0.75,Moderate,FMS_MARITIME,2026-04-06
2022-06-25,76,VLSFO,47.03,10.5,252.0,24,581.1564,0.43,Calm,FMS_MARITIME,2026-04-06
2022-06-26,76,LSMGO,65.22,15.8,379.2,24,535.5883,0.42,Rough,FMS_MARITIME,2026-04-06
2022-06-27,76,VLSFO,51.25,8.0,192.0,24,831.2109,0.95,Moderate,FMS_MARITIME,2026-04-06
2022-06-28,76,HFO,17.81,12.3,295.2,24,187.8738,0.83,Calm,FMS_MARITIME,2026-04-06
2022-06-28,76,HFO,46.94,11.2,268.8,24,543.7915,0.96,Moderate,FMS_MARITIME,2026-04-06
2022-06-28,76,LNG,32.54,17.5,420.0,24,241.2609,0.99,Rough,FMS_MARITIME,2026-04-06
2022-06-01,77,MGO,32.59,15.3,367.2,24,276.376,0.79,Rough,FMS_MARITIME,2026-04-06
2022-06-02,77,VLSFO,72.62,8.9,213.6,24,1058.7017,0.88,Calm,FMS_MARITIME,2026-04-06
2022-06-03,77,HFO,50.8,16.8,403.2,24,392.3393,0.79,Calm,FMS_MARITIME,2026-04-06
2022-06-04,77,LNG,69.44,10.8,259.2,24,834.2444,0.9,Rough,FMS_MARITIME,2026-04-06
2022-06-05,77,VLSFO,15.44,10.9,261.6,24,183.7927,0.82,Moderate,FMS_MARITIME,2026-04-06
2022-06-06,77,MGO,68.29,13.5,324.0,24,656.3428,0.9,Rough,FMS_MARITIME,2026-04-06
2022-06-07,77,VLSFO,65.91,17.5,420.0,24,488.6756,0.63,Calm,FMS_MARITIME,2026-04-06
2022-06-08,77,LNG,58.26,8.1,194.4,24,933.2389,0.99,Moderate,FMS_MARITIME,2026-04-06
2022-06-09,77,MGO,16.01,11.3,271.2,24,183.8316,0.71,Rough,FMS_MARITIME,2026-04-06
2022-06-10,77,MGO,53.54,8.4,201.6,24,827.0018,0.74,Moderate,FMS_MARITIME,2026-04-06
2022-06-11,77,VLSFO,69.87,11.4,273.6,24,795.2309,0.86,Rough,FMS_MARITIME,2026-04-06
2022-06-12,77,VLSFO,70.3,17.9,429.6,24,509.5768,0.73,Rough,FMS_MARITIME,2026-04-06
2022-06-13,77,HFO,28.86,11.8,283.2,24,317.3377,0.51,Calm,FMS_MARITIME,2026-04-06
2022-06-14,77,VLSFO,70.47,17.4,417.6,24,525.4875,0.55,Calm,FMS_MARITIME,2026-04-06
2022-06-15,77,HFO,43.9,14.9,357.6,24,382.2836,0.82,Moderate,FMS_MARITIME,2026-04-06
2022-06-16,77,LSMGO,62.77,14.6,350.4,24,557.8361,0.47,Rough,FMS_MARITIME,2026-04-06
2022-06-17,77,VLSFO,50.53,10.3,247.2,24,636.5308,0.79,Calm,FMS_MARITIME,2026-04-06
2022-06-18,77,MGO,21.1,9.8,235.2,24,279.3597,0.85,Moderate,FMS_MARITIME,2026-04-06
2022-06-19,77,MGO,70.6,10.1,242.4,24,906.9653,0.45,Rough,FMS_MARITIME,2026-04-06
2022-06-20,77,LNG,32.33,11.8,283.2,24,355.493,0.85,Calm,FMS_MARITIME,2026-04-06
2022-06-21,77,LSMGO,68.31,17.2,412.8,24,515.3036,0.65,Rough,FMS_MARITIME,2026-04-06
2022-06-22,77,LNG,55.72,11.8,283.2,24,612.6839,0.42,Calm,FMS_MARITIME,2026-04-06
2022-06-23,77,HFO,69.22,17.5,420.0,24,513.2169,0.64,Moderate,FMS_MARITIME,2026-04-06
2022-06-24,77,MGO,44.78,15.5,372.0,24,374.8519,0.81,Moderate,FMS_MARITIME,2026-04-06
2022-06-25,77,MGO,51.2,11.5,276.0,24,577.6696,0.44,Moderate,FMS_MARITIME,2026-04-06
2022-06-26,77,LSMGO,79.84,8.9,213.6,24,1163.9596,0.58,Rough,FMS_MARITIME,2026-04-06
2022-06-27,77,MGO,43.08,10.7,256.8,24,522.3953,0.7,Rough,FMS_MARITIME,2026-04-06
2022-06-28,77,HFO,40.46,11.9,285.6,24,441.15,0.52,Rough,FMS_MARITIME,2026-04-06
2022-06-28,77,LNG,59.89,13.9,333.6,24,559.0451,0.59,Moderate,FMS_MARITIME,2026-04-06
2022-06-28,77,LNG,33.89,9.4,225.6,24,467.7902,0.62,Calm,FMS_MARITIME,2026-04-06
2022-06-01,78,LNG,18.41,15.3,367.2,24,156.124,0.46,Calm,FMS_MARITIME,2026-04-06
2022-06-02,78,HFO,17.1,12.4,297.6,24,178.9294,0.97,Rough,FMS_MARITIME,2026-04-06
2022-06-03,78,MGO,24.07,9.8,235.2,24,318.6819,0.73,Calm,FMS_MARITIME,2026-04-06
2022-06-04,78,LSMGO,73.13,9.9,237.6,24,958.4462,0.73,Moderate,FMS_MARITIME,2026-04-06
2022-06-05,78,HFO,77.37,8.1,194.4,24,1239.3528,0.51,Calm,FMS_MARITIME,2026-04-06
2022-06-06,78,LNG,33.43,16.4,393.6,24,264.4843,0.92,Moderate,FMS_MARITIME,2026-04-06
2022-06-07,78,HFO,67.18,14.5,348.0,24,601.1452,0.96,Calm,FMS_MARITIME,2026-04-06
2022-06-08,78,VLSFO,57.95,14.5,348.0,24,518.5526,0.65,Rough,FMS_MARITIME,2026-04-06
2022-06-09,78,LSMGO,61.7,10.6,254.4,24,755.2429,0.66,Calm,FMS_MARITIME,2026-04-06
2022-06-10,78,LNG,18.56,15.2,364.8,24,158.4316,0.98,Moderate,FMS_MARITIME,2026-04-06
2022-06-11,78,LSMGO,37.56,11.0,264.0,24,443.0373,0.48,Moderate,FMS_MARITIME,2026-04-06
2022-06-12,78,HFO,64.91,14.2,340.8,24,593.1037,0.64,Moderate,FMS_MARITIME,2026-04-06
2022-06-13,78,LNG,65.7,8.2,196.8,24,1039.5823,0.99,Rough,FMS_MARITIME,2026-04-06
2022-06-14,78,LSMGO,67.48,15.7,376.8,24,557.6771,0.56,Calm,FMS_MARITIME,2026-04-06
2022-06-15,78,HFO,72.87,10.1,242.4,24,936.127,0.9,Rough,FMS_MARITIME,2026-04-06
2022-06-16,78,HFO,51.09,8.8,211.2,24,753.2872,0.63,Rough,FMS_MARITIME,2026-04-06
2022-06-17,78,LNG,83.15,15.0,360.0,24,719.2475,0.96,Rough,FMS_MARITIME,2026-04-06
2022-06-18,78,VLSFO,47.78,10.2,244.8,24,607.7897,0.64,Rough,FMS_MARITIME,2026-04-06
2022-06-19,78,VLSFO,29.77,10.3,247.2,24,375.0153,0.93,Rough,FMS_MARITIME,2026-04-06
2022-06-20,78,VLSFO,25.17,10.8,259.2,24,302.3896,0.6,Moderate,FMS_MARITIME,2026-04-06
2022-06-21,78,LNG,79.29,16.6,398.4,24,619.7517,0.83,Rough,FMS_MARITIME,2026-04-06
2022-06-22,78,LSMGO,78.63,14.1,338.4,24,723.5633,0.53,Moderate,FMS_MARITIME,2026-04-06
2022-06-23,78,LSMGO,55.33,8.8,211.2,24,815.8031,0.89,Rough,FMS_MARITIME,2026-04-06
2022-06-24,78,MGO,15.35,9.2,220.8,24,216.4851,0.74,Rough,FMS_MARITIME,2026-04-06
2022-06-25,78,VLSFO,67.64,13.8,331.2,24,635.963,0.63,Rough,FMS_MARITIME,2026-04-06
2022-06-26,78,LSMGO,34.99,11.7,280.8,24,388.0301,0.91,Moderate,FMS_MARITIME,2026-04-06
2022-06-27,78,LSMGO,64.55,8.0,192.0,24,1046.9203,0.78,Rough,FMS_MARITIME,2026-04-06
2022-06-28,78,VLSFO,74.4,8.2,196.8,24,1177.2439,0.53,Rough,FMS_MARITIME,2026-04-06
2022-06-28,78,MGO,70.16,13.6,326.4,24,669.3574,0.94,Moderate,FMS_MARITIME,2026-04-06
2022-06-28,78,VLSFO,67.78,10.5,252.0,24,837.5671,0.71,Calm,FMS_MARITIME,2026-04-06
2022-06-01,79,MGO,36.58,9.9,237.6,24,479.4197,0.54,Calm,FMS_MARITIME,2026-04-06
2022-06-02,79,LNG,45.55,14.3,343.2,24,413.2946,0.7,Calm,FMS_MARITIME,2026-04-06
2022-06-03,79,MGO,46.98,15.9,381.6,24,383.3745,0.65,Calm,FMS_MARITIME,2026-04-06
2022-06-04,79,VLSFO,60.07,12.5,300.0,24,623.5266,0.76,Rough,FMS_MARITIME,2026-04-06
2022-06-05,79,HFO,71.08,12.3,295.2,24,749.8073,0.56,Moderate,FMS_MARITIME,2026-04-06
2022-06-06,79,LNG,40.23,15.6,374.4,24,334.6053,0.99,Rough,FMS_MARITIME,2026-04-06
2022-06-07,79,LNG,84.88,13.9,333.6,24,792.3151,0.75,Moderate,FMS_MARITIME,2026-04-06
2022-06-08,79,HFO,22.65,12.0,288.0,24,244.9031,0.87,Rough,FMS_MARITIME,2026-04-06
2022-06-09,79,LNG,59.82,14.2,340.8,24,546.5947,0.55,Calm,FMS_MARITIME,2026-04-06
2022-06-10,79,LNG,31.11,14.0,336.0,24,288.323,0.81,Moderate,FMS_MARITIME,2026-04-06
2022-06-11,79,HFO,82.43,17.9,429.6,24,597.5024,0.88,Calm,FMS_MARITIME,2026-04-06
2022-06-12,79,LNG,62.6,16.9,405.6,24,480.6124,0.55,Calm,FMS_MARITIME,2026-04-06
2022-06-13,79,VLSFO,18.25,16.9,405.6,24,140.1146,0.89,Moderate,FMS_MARITIME,2026-04-06
2022-06-14,79,LSMGO,39.88,15.5,372.0,24,333.8342,0.77,Calm,FMS_MARITIME,2026-04-06
2022-06-15,79,LSMGO,77.73,15.2,364.8,24,663.5176,0.55,Moderate,FMS_MARITIME,2026-04-06
2022-06-16,79,LNG,65.17,8.5,204.0,24,994.8009,0.41,Calm,FMS_MARITIME,2026-04-06
2022-06-17,79,VLSFO,84.3,16.0,384.0,24,683.6203,0.52,Rough,FMS_MARITIME,2026-04-06
2022-06-18,79,MGO,23.35,16.5,396.0,24,183.6159,0.87,Moderate,FMS_MARITIME,2026-04-06
2022-06-19,79,MGO,50.36,12.2,292.8,24,535.591,0.74,Moderate,FMS_MARITIME,2026-04-06
2022-06-20,79,VLSFO,42.08,15.2,364.8,24,359.2026,0.44,Moderate,FMS_MARITIME,2026-04-06
2022-06-21,79,MGO,29.26,10.4,249.6,24,365.0466,0.56,Rough,FMS_MARITIME,2026-04-06
2022-06-22,79,LNG,82.02,10.5,252.0,24,1013.5329,0.46,Moderate,FMS_MARITIME,2026-04-06
2022-06-23,79,LNG,21.49,17.4,417.6,24,160.2487,0.83,Moderate,FMS_MARITIME,2026-04-06
2022-06-24,79,MGO,19.8,14.8,355.2,24,173.5845,0.74,Moderate,FMS_MARITIME,2026-04-06
2022-06-25,79,LNG,64.84,15.1,362.4,24,557.1517,0.73,Rough,FMS_MARITIME,2026-04-06
2022-06-26,79,LSMGO,44.59,17.1,410.4,24,338.3364,0.56,Moderate,FMS_MARITIME,2026-04-06
2022-06-27,79,HFO,69.43,17.1,410.4,24,526.8154,0.99,Rough,FMS_MARITIME,2026-04-06
2022-06-28,79,VLSFO,37.58,14.6,350.4,24,333.9729,0.55,Calm,FMS_MARITIME,2026-04-06
2022-06-28,79,VLSFO,63.98,14.0,336.0,24,592.9575,0.87,Moderate,FMS_MARITIME,2026-04-06
2022-06-28,79,VLSFO,40.01,13.8,331.2,24,376.181,0.79,Rough,FMS_MARITIME,2026-04-06
2022-06-01,80,MGO,44.33,11.1,266.4,24,518.1818,0.56,Moderate,FMS_MARITIME,2026-04-06
2022-06-02,80,VLSFO,27.22,12.6,302.4,24,280.3012,0.6,Calm,FMS_MARITIME,2026-04-06
2022-06-03,80,VLSFO,68.56,12.4,297.6,24,717.3919,0.76,Moderate,FMS_MARITIME,2026-04-06
2022-06-04,80,LSMGO,25.45,10.6,254.4,24,311.5224,0.73,Rough,FMS_MARITIME,2026-04-06
2022-06-05,80,LNG,62.77,15.0,360.0,24,542.9605,0.43,Rough,FMS_MARITIME,2026-04-06
2022-06-06,80,HFO,45.27,10.1,242.4,24,581.5626,0.75,Calm,FMS_MARITIME,2026-04-06
2022-06-07,80,LSMGO,50.45,17.2,412.8,24,380.5749,0.44,Moderate,FMS_MARITIME,2026-04-06
2022-06-08,80,LNG,27.94,16.0,384.0,24,226.5759,0.96,Rough,FMS_MARITIME,2026-04-06
2022-06-09,80,HFO,75.87,17.6,422.4,24,559.3257,0.63,Rough,FMS_MARITIME,2026-04-06
2022-06-10,80,MGO,46.38,10.7,256.8,24,562.4117,0.41,Rough,FMS_MARITIME,2026-04-06
2022-06-11,80,LNG,44.37,18.0,432.0,24,319.8337,0.46,Moderate,FMS_MARITIME,2026-04-06
2022-06-12,80,HFO,15.75,13.1,314.4,24,155.9971,0.74,Calm,FMS_MARITIME,2026-04-06
2022-06-13,80,MGO,76.67,15.3,367.2,24,650.1917,0.71,Rough,FMS_MARITIME,2026-04-06
2022-06-14,80,VLSFO,48.58,10.3,247.2,24,611.9665,0.41,Moderate,FMS_MARITIME,2026-04-06
2022-06-15,80,HFO,63.04,13.8,331.2,24,592.713,0.94,Rough,FMS_MARITIME,2026-04-06
2022-06-16,80,HFO,60.64,16.6,398.4,24,473.9783,0.66,Moderate,FMS_MARITIME,2026-04-06
2022-06-17,80,HFO,68.54,14.7,352.8,24,604.9704,0.94,Rough,FMS_MARITIME,2026-04-06
2022-06-18,80,VLSFO,84.94,17.2,412.8,24,640.7538,0.55,Rough,FMS_MARITIME,2026-04-06
2022-06-19,80,HFO,28.14,9.1,218.4,24,401.2269,0.88,Calm,FMS_MARITIME,2026-04-06
2022-06-20,80,LNG,60.2,16.4,393.6,24,476.2774,0.78,Rough,FMS_MARITIME,2026-04-06
2022-06-21,80,MGO,18.46,15.4,369.6,24,155.5315,0.9,Moderate,FMS_MARITIME,2026-04-06
2022-06-22,80,LSMGO,68.15,12.6,302.4,24,701.7827,0.59,Calm,FMS_MARITIME,2026-04-06
2022-06-23,80,LNG,45.72,8.5,204.0,24,697.9024,0.8,Calm,FMS_MARITIME,2026-04-06
2022-06-24,80,HFO,55.5,16.3,391.2,24,441.7868,0.71,Moderate,FMS_MARITIME,2026-04-06
2022-06-25,80,VLSFO,72.4,16.9,405.6,24,555.8521,0.47,Moderate,FMS_MARITIME,2026-04-06
2022-06-26,80,LNG,60.2,11.7,280.8,24,667.6026,0.95,Rough,FMS_MARITIME,2026-04-06
2022-06-27,80,LSMGO,59.65,13.3,319.2,24,581.9239,1.0,Moderate,FMS_MARITIME,2026-04-06
2022-06-28,80,MGO,26.5,12.1,290.4,24,284.1632,0.6,Rough,FMS_MARITIME,2026-04-06
2022-06-28,80,MGO,65.46,10.2,244.8,24,832.6897,0.93,Calm,FMS_MARITIME,2026-04-06
2022-06-28,80,MGO,19.43,11.8,283.2,24,213.6477,0.53,Moderate,FMS_MARITIME,2026-04-06
2022-06-01,81,HFO,36.74,8.8,211.2,24,541.7063,0.76,Calm,FMS_MARITIME,2026-04-06
2022-06-02,81,LNG,81.05,11.7,280.8,24,898.8237,0.95,Moderate,FMS_MARITIME,2026-04-06
2022-06-03,81,LNG,77.25,16.1,386.4,24,622.5582,0.86,Calm,FMS_MARITIME,2026-04-06
2022-06-04,81,LNG,50.47,8.9,213.6,24,735.7846,0.93,Rough,FMS_MARITIME,2026-04-06
2022-06-05,81,HFO,58.94,8.0,192.0,24,955.9331,0.66,Rough,FMS_MARITIME,2026-04-06
2022-06-06,81,LNG,29.57,8.1,194.4,24,473.6676,0.53,Rough,FMS_MARITIME,2026-04-06
2022-06-07,81,HFO,16.19,10.8,259.2,24,194.5049,0.66,Rough,FMS_MARITIME,2026-04-06
2022-06-08,81,MGO,54.21,11.8,283.2,24,596.0803,0.49,Moderate,FMS_MARITIME,2026-04-06
2022-06-09,81,MGO,38.96,16.2,388.8,24,312.0407,0.99,Rough,FMS_MARITIME,2026-04-06
2022-06-10,81,LSMGO,32.75,12.0,288.0,24,354.1094,0.58,Calm,FMS_MARITIME,2026-04-06
2022-06-11,81,LSMGO,80.18,9.5,228.0,24,1095.09,0.65,Calm,FMS_MARITIME,2026-04-06
2022-06-12,81,HFO,63.54,17.9,429.6,24,460.5763,0.98,Rough,FMS_MARITIME,2026-04-06
2022-06-13,81,LSMGO,34.28,16.4,393.6,24,271.2091,0.72,Calm,FMS_MARITIME,2026-04-06
2022-06-14,81,LSMGO,73.1,14.2,340.8,24,667.9384,0.57,Rough,FMS_MARITIME,2026-04-06
2022-06-15,81,HFO,29.74,16.6,398.4,24,232.4557,0.61,Rough,FMS_MARITIME,2026-04-06
2022-06-16,81,MGO,30.66,10.3,247.2,24,386.2267,0.49,Calm,FMS_MARITIME,2026-04-06
2022-06-17,81,MGO,42.46,10.4,249.6,24,529.7293,0.61,Moderate,FMS_MARITIME,2026-04-06
2022-06-18,81,LSMGO,28.66,15.8,379.2,24,235.3566,0.6,Moderate,FMS_MARITIME,2026-04-06
2022-06-19,81,HFO,77.29,16.1,386.4,24,622.8806,0.88,Rough,FMS_MARITIME,2026-04-06
2022-06-20,81,LNG,77.82,16.5,396.0,24,611.9482,0.86,Calm,FMS_MARITIME,2026-04-06
2022-06-21,81,LSMGO,53.73,12.2,292.8,24,571.4318,0.51,Moderate,FMS_MARITIME,2026-04-06
2022-06-22,81,LNG,62.68,11.6,278.4,24,701.0974,0.8,Calm,FMS_MARITIME,2026-04-06
2022-06-23,81,MGO,24.82,13.9,333.6,24,231.6831,0.62,Moderate,FMS_MARITIME,2026-04-06
2022-06-24,81,HFO,58.62,8.0,192.0,24,950.7431,0.6,Moderate,FMS_MARITIME,2026-04-06
2022-06-25,81,VLSFO,72.77,11.7,280.8,24,807.0006,0.98,Rough,FMS_MARITIME,2026-04-06
2022-06-26,81,VLSFO,80.69,13.7,328.8,24,764.1991,0.81,Moderate,FMS_MARITIME,2026-04-06
2022-06-27,81,HFO,51.86,17.6,422.4,24,382.3202,0.6,Rough,FMS_MARITIME,2026-04-06
2022-06-28,81,VLSFO,40.85,9.7,232.8,24,546.4214,0.72,Calm,FMS_MARITIME,2026-04-06
2022-06-28,81,VLSFO,81.59,17.3,415.2,24,611.925,0.5,Calm,FMS_MARITIME,2026-04-06
2022-06-28,81,LSMGO,69.11,17.4,417.6,24,515.3461,0.82,Moderate,FMS_MARITIME,2026-04-06
2022-06-01,82,VLSFO,36.18,16.3,391.2,24,287.9972,0.89,Rough,FMS_MARITIME,2026-04-06
2022-06-02,82,HFO,47.59,9.3,223.2,24,663.9573,0.42,Calm,FMS_MARITIME,2026-04-06
2022-06-03,82,LSMGO,29.23,9.1,218.4,24,416.7684,0.89,Moderate,FMS_MARITIME,2026-04-06
2022-06-04,82,LNG,41.88,8.1,194.4,24,670.8556,0.53,Rough,FMS_MARITIME,2026-04-06
2022-06-05,82,LNG,37.48,17.4,417.6,24,279.4845,0.51,Moderate,FMS_MARITIME,2026-04-06
2022-06-06,82,LSMGO,63.57,9.8,235.2,24,841.6538,0.8,Moderate,FMS_MARITIME,2026-04-06
2022-06-07,82,LSMGO,31.55,12.7,304.8,24,322.3317,0.93,Moderate,FMS_MARITIME,2026-04-06
2022-06-08,82,MGO,35.6,12.2,292.8,24,378.6148,0.98,Moderate,FMS_MARITIME,2026-04-06
2022-06-09,82,LSMGO,53.25,10.8,259.2,24,639.7396,0.83,Moderate,FMS_MARITIME,2026-04-06
2022-06-10,82,HFO,20.63,9.6,230.4,24,278.8273,0.73,Calm,FMS_MARITIME,2026-04-06
2022-06-11,82,HFO,53.78,17.3,415.2,24,403.35,0.55,Rough,FMS_MARITIME,2026-04-06
2022-06-12,82,LSMGO,49.36,13.1,314.4,24,488.8901,0.61,Moderate,FMS_MARITIME,2026-04-06
2022-06-13,82,LNG,21.31,14.7,352.8,24,188.0934,0.44,Moderate,FMS_MARITIME,2026-04-06
2022-06-14,82,LSMGO,38.45,14.4,345.6,24,346.4505,0.51,Moderate,FMS_MARITIME,2026-04-06
2022-06-15,82,MGO,77.69,13.3,319.2,24,757.9156,0.82,Moderate,FMS_MARITIME,2026-04-06
2022-06-16,82,LNG,18.0,12.7,304.8,24,183.8976,0.65,Rough,FMS_MARITIME,2026-04-06
2022-06-17,82,VLSFO,40.27,17.1,410.4,24,305.5575,0.85,Calm,FMS_MARITIME,2026-04-06
2022-06-18,82,LSMGO,58.64,9.7,232.8,24,784.3856,0.58,Calm,FMS_MARITIME,2026-04-06
2022-06-19,82,MGO,69.88,16.8,403.2,24,539.6982,0.56,Moderate,FMS_MARITIME,2026-04-06
2022-06-20,82,VLSFO,62.85,11.8,283.2,24,691.0837,0.45,Moderate,FMS_MARITIME,2026-04-06
2022-06-21,82,HFO,75.46,9.9,237.6,24,988.9833,0.42,Moderate,FMS_MARITIME,2026-04-06
2022-06-22,82,MGO,17.19,10.8,259.2,24,206.5188,0.96,Calm,FMS_MARITIME,2026-04-06
2022-06-23,82,MGO,50.34,14.0,336.0,24,466.5439,0.43,Calm,FMS_MARITIME,2026-04-06
2022-06-24,82,MGO,32.38,11.2,268.8,24,375.1165,0.9,Moderate,FMS_MARITIME,2026-04-06
2022-06-25,82,HFO,81.45,15.8,379.2,24,668.8695,0.86,Moderate,FMS_MARITIME,2026-04-06
2022-06-26,82,VLSFO,21.63,11.3,271.2,24,248.3622,0.8,Moderate,FMS_MARITIME,2026-04-06
2022-06-27,82,HFO,34.8,8.6,206.4,24,525.0349,0.78,Moderate,FMS_MARITIME,2026-04-06
2022-06-28,82,HFO,34.04,11.4,273.6,24,387.4289,0.65,Rough,FMS_MARITIME,2026-04-06
2022-06-28,82,LSMGO,29.51,16.3,391.2,24,234.9032,0.52,Calm,FMS_MARITIME,2026-04-06
2022-06-28,82,LSMGO,47.48,17.7,424.8,24,348.0525,0.48,Rough,FMS_MARITIME,2026-04-06
2022-06-01,83,LNG,22.82,16.8,403.2,24,176.2438,0.75,Moderate,FMS_MARITIME,2026-04-06
2022-06-02,83,MGO,50.41,9.1,218.4,24,718.758,0.71,Rough,FMS_MARITIME,2026-04-06
2022-06-03,83,LSMGO,29.4,17.7,424.8,24,215.5169,0.55,Moderate,FMS_MARITIME,2026-04-06
2022-06-04,83,LNG,32.74,11.7,280.8,24,363.0782,0.73,Rough,FMS_MARITIME,2026-04-06
2022-06-05,83,VLSFO,40.58,8.3,199.2,24,634.3681,0.52,Rough,FMS_MARITIME,2026-04-06
2022-06-06,83,HFO,62.63,10.6,254.4,24,766.6267,0.9,Calm,FMS_MARITIME,2026-04-06
2022-06-07,83,MGO,23.1,17.7,424.8,24,169.3347,0.64,Rough,FMS_MARITIME,2026-04-06
2022-06-08,83,VLSFO,21.25,12.4,297.6,24,222.3538,0.85,Rough,FMS_MARITIME,2026-04-06
2022-06-09,83,VLSFO,42.83,8.2,196.8,24,677.7064,0.82,Moderate,FMS_MARITIME,2026-04-06
2022-06-10,83,HFO,49.05,9.5,228.0,24,669.9197,0.44,Moderate,FMS_MARITIME,2026-04-06
2022-06-11,83,MGO,69.74,11.5,276.0,24,786.8491,0.53,Rough,FMS_MARITIME,2026-04-06
2022-06-12,83,MGO,57.67,11.4,273.6,24,656.3757,0.69,Moderate,FMS_MARITIME,2026-04-06
2022-06-13,83,LSMGO,83.96,13.5,324.0,24,806.9489,0.8,Calm,FMS_MARITIME,2026-04-06
2022-06-14,83,MGO,78.9,16.1,386.4,24,635.8556,0.81,Calm,FMS_MARITIME,2026-04-06
2022-06-15,83,LNG,20.73,15.7,376.8,24,171.3196,0.86,Calm,FMS_MARITIME,2026-04-06
2022-06-16,83,LNG,48.2,8.3,199.2,24,753.488,0.55,Rough,FMS_MARITIME,2026-04-06
2022-06-17,83,LNG,50.91,13.0,312.0,24,508.121,0.68,Moderate,FMS_MARITIME,2026-04-06
2022-06-18,83,MGO,61.18,8.5,204.0,24,933.8947,0.41,Rough,FMS_MARITIME,2026-04-06
2022-06-19,83,VLSFO,36.78,13.0,312.0,24,367.0927,0.46,Calm,FMS_MARITIME,2026-04-06
2022-06-20,83,LNG,76.74,9.1,218.4,24,1094.1775,0.69,Moderate,FMS_MARITIME,2026-04-06
2022-06-21,83,LSMGO,25.59,11.2,268.8,24,296.4556,0.74,Calm,FMS_MARITIME,2026-04-06
2022-06-22,83,HFO,84.19,17.6,422.4,24,620.6621,0.68,Moderate,FMS_MARITIME,2026-04-06
2022-06-23,83,LSMGO,84.73,13.8,331.2,24,796.6462,0.78,Moderate,FMS_MARITIME,2026-04-06
2022-06-24,83,LSMGO,17.09,16.0,384.0,24,138.5892,0.59,Rough,FMS_MARITIME,2026-04-06
2022-06-25,83,MGO,24.97,10.3,247.2,24,314.5493,0.88,Moderate,FMS_MARITIME,2026-04-06
2022-06-26,83,LSMGO,45.34,14.3,343.2,24,411.3892,0.91,Rough,FMS_MARITIME,2026-04-06
2022-06-27,83,MGO,56.03,15.3,367.2,24,475.1564,0.57,Rough,FMS_MARITIME,2026-04-06
2022-06-28,83,MGO,54.13,15.9,381.6,24,441.7212,0.6,Rough,FMS_MARITIME,2026-04-06
2022-06-28,83,LNG,57.54,12.1,290.4,24,617.0095,0.93,Rough,FMS_MARITIME,2026-04-06
2022-06-28,83,MGO,48.97,12.4,297.6,24,512.4079,0.65,Rough,FMS_MARITIME,2026-04-06
2022-06-01,84,VLSFO,84.58,14.4,345.6,24,762.101,0.66,Rough,FMS_MARITIME,2026-04-06
2022-06-02,84,VLSFO,27.93,8.3,199.2,24,436.6166,0.84,Moderate,FMS_MARITIME,2026-04-06
2022-06-03,84,HFO,25.42,16.6,398.4,24,198.6895,0.43,Moderate,FMS_MARITIME,2026-04-06
2022-06-04,84,LSMGO,38.09,16.8,403.2,24,294.1772,0.78,Calm,FMS_MARITIME,2026-04-06
2022-06-05,84,HFO,53.64,15.2,364.8,24,457.8809,0.73,Moderate,FMS_MARITIME,2026-04-06
2022-06-06,84,HFO,70.39,12.9,309.6,24,707.9924,0.75,Rough,FMS_MARITIME,2026-04-06
2022-06-07,84,HFO,82.01,9.2,220.8,24,1156.6084,0.64,Rough,FMS_MARITIME,2026-04-06
2022-06-08,84,LNG,60.9,11.0,264.0,24,718.3432,0.74,Moderate,FMS_MARITIME,2026-04-06
2022-06-09,84,MGO,71.8,13.7,328.8,24,680.0036,0.66,Calm,FMS_MARITIME,2026-04-06
2022-06-10,84,HFO,30.35,8.9,213.6,24,442.4621,0.58,Rough,FMS_MARITIME,2026-04-06
2022-06-11,84,VLSFO,41.68,11.2,268.8,24,482.8554,0.76,Rough,FMS_MARITIME,2026-04-06
2022-06-12,84,LNG,68.86,16.0,384.0,24,558.4116,0.47,Rough,FMS_MARITIME,2026-04-06
2022-06-13,84,MGO,53.54,16.5,396.0,24,421.0191,0.46,Moderate,FMS_MARITIME,2026-04-06
2022-06-14,84,HFO,69.01,12.6,302.4,24,710.6387,0.95,Calm,FMS_MARITIME,2026-04-06
2022-06-15,84,MGO,26.33,13.2,316.8,24,258.8119,0.62,Rough,FMS_MARITIME,2026-04-06
2022-06-16,84,LNG,19.49,17.0,408.0,24,148.7546,0.45,Calm,FMS_MARITIME,2026-04-06
2022-06-17,84,HFO,79.16,14.0,336.0,24,733.6436,0.5,Rough,FMS_MARITIME,2026-04-06
2022-06-18,84,VLSFO,67.8,12.5,300.0,24,703.764,0.46,Rough,FMS_MARITIME,2026-04-06
2022-06-19,84,LSMGO,32.77,9.8,235.2,24,433.8681,0.8,Moderate,FMS_MARITIME,2026-04-06
2022-06-20,84,VLSFO,26.88,14.7,352.8,24,237.2571,0.9,Calm,FMS_MARITIME,2026-04-06
2022-06-21,84,MGO,17.38,13.1,314.4,24,172.1416,0.88,Rough,FMS_MARITIME,2026-04-06
2022-06-22,84,LSMGO,32.59,14.6,350.4,24,289.6269,0.9,Rough,FMS_MARITIME,2026-04-06
2022-06-23,84,LNG,27.31,8.9,213.6,24,398.143,0.97,Rough,FMS_MARITIME,2026-04-06
2022-06-24,84,HFO,48.77,11.4,273.6,24,555.0796,0.82,Moderate,FMS_MARITIME,2026-04-06
2022-06-25,84,LSMGO,30.02,16.5,396.0,24,236.0664,0.68,Rough,FMS_MARITIME,2026-04-06
2022-06-26,84,LNG,39.58,14.3,343.2,24,359.1262,0.75,Rough,FMS_MARITIME,2026-04-06
2022-06-27,84,LSMGO,36.68,16.6,398.4,24,286.7006,0.62,Rough,FMS_MARITIME,2026-04-06
2022-06-28,84,HFO,39.5,17.7,424.8,24,289.5551,0.92,Calm,FMS_MARITIME,2026-04-06
2022-06-28,84,VLSFO,44.24,15.7,376.8,24,365.614,0.77,Calm,FMS_MARITIME,2026-04-06
2022-06-28,84,LNG,59.56,14.6,350.4,24,529.3089,0.63,Rough,FMS_MARITIME,2026-04-06
2022-06-01,85,VLSFO,36.17,8.7,208.8,24,539.4319,0.73,Rough,FMS_MARITIME,2026-04-06
2022-06-02,85,MGO,44.54,12.4,297.6,24,466.0536,0.81,Rough,FMS_MARITIME,2026-04-06
2022-06-03,85,VLSFO,82.89,17.7,424.8,24,607.6258,0.71,Calm,FMS_MARITIME,2026-04-06
2022-06-04,85,LNG,42.89,15.7,376.8,24,354.4572,0.94,Calm,FMS_MARITIME,2026-04-06
2022-06-05,85,VLSFO,36.95,9.9,237.6,24,484.2689,1.0,Calm,FMS_MARITIME,2026-04-06
2022-06-06,85,VLSFO,58.15,16.8,403.2,24,449.1049,0.96,Calm,FMS_MARITIME,2026-04-06
2022-06-07,85,LNG,15.41,10.4,249.6,24,192.2546,0.78,Moderate,FMS_MARITIME,2026-04-06
2022-06-08,85,HFO,69.33,13.4,321.6,24,671.311,0.83,Rough,FMS_MARITIME,2026-04-06
2022-06-09,85,LSMGO,28.38,12.9,309.6,24,285.45,0.41,Rough,FMS_MARITIME,2026-04-06
2022-06-10,85,HFO,42.93,11.8,283.2,24,472.0481,0.84,Calm,FMS_MARITIME,2026-04-06
2022-06-11,85,LSMGO,69.54,17.7,424.8,24,509.7636,0.8,Moderate,FMS_MARITIME,2026-04-06
2022-06-12,85,LSMGO,49.1,8.3,199.2,24,767.5572,0.62,Moderate,FMS_MARITIME,2026-04-06
2022-06-13,85,MGO,51.36,11.9,285.6,24,559.9966,0.41,Calm,FMS_MARITIME,2026-04-06
2022-06-14,85,LSMGO,67.93,15.6,374.4,24,564.9947,0.59,Moderate,FMS_MARITIME,2026-04-06
2022-06-15,85,HFO,17.4,14.6,350.4,24,154.6336,0.78,Calm,FMS_MARITIME,2026-04-06
2022-06-16,85,LNG,81.97,9.4,225.6,24,1131.4476,0.84,Calm,FMS_MARITIME,2026-04-06
2022-06-17,85,MGO,15.05,15.7,376.8,24,124.3782,0.69,Moderate,FMS_MARITIME,2026-04-06
2022-06-18,85,LSMGO,16.47,14.9,357.6,24,143.4216,0.58,Calm,FMS_MARITIME,2026-04-06
2022-06-19,85,VLSFO,24.17,10.1,242.4,24,310.5007,0.91,Moderate,FMS_MARITIME,2026-04-06
2022-06-20,85,VLSFO,38.66,13.4,321.6,24,374.3384,0.81,Moderate,FMS_MARITIME,2026-04-06
2022-06-21,85,MGO,58.07,12.7,304.8,24,593.2742,0.87,Calm,FMS_MARITIME,2026-04-06
2022-06-22,85,VLSFO,30.14,15.3,367.2,24,255.599,0.52,Moderate,FMS_MARITIME,2026-04-06
2022-06-23,85,MGO,29.27,16.0,384.0,24,237.3614,0.53,Moderate,FMS_MARITIME,2026-04-06
2022-06-24,85,HFO,44.51,17.6,422.4,24,328.1348,0.85,Moderate,FMS_MARITIME,2026-04-06
2022-06-25,85,LSMGO,77.8,13.3,319.2,24,758.9887,0.61,Calm,FMS_MARITIME,2026-04-06
2022-06-26,85,LNG,66.48,11.3,271.2,24,763.3434,0.45,Calm,FMS_MARITIME,2026-04-06
2022-06-27,85,LNG,44.44,16.3,391.2,24,353.7479,0.61,Moderate,FMS_MARITIME,2026-04-06
2022-06-28,85,MGO,61.92,15.1,362.4,24,532.0609,0.86,Moderate,FMS_MARITIME,2026-04-06
2022-06-28,85,LNG,49.48,8.8,211.2,24,729.5489,0.67,Moderate,FMS_MARITIME,2026-04-06
2022-06-28,85,VLSFO,78.79,10.4,249.6,24,982.981,0.71,Calm,FMS_MARITIME,2026-04-06
2022-06-01,86,LNG,21.95,16.2,388.8,24,175.8032,0.49,Rough,FMS_MARITIME,2026-04-06
2022-06-02,86,MGO,24.07,14.8,355.2,24,211.0191,0.7,Calm,FMS_MARITIME,2026-04-06
2022-06-03,86,LNG,30.0,9.4,225.6,24,414.0957,0.61,Calm,FMS_MARITIME,2026-04-06
2022-06-04,86,VLSFO,62.42,12.8,307.2,24,632.734,0.83,Rough,FMS_MARITIME,2026-04-06
2022-06-05,86,HFO,33.21,15.3,367.2,24,281.6338,0.54,Moderate,FMS_MARITIME,2026-04-06
2022-06-06,86,LNG,36.02,11.4,273.6,24,409.9645,0.93,Rough,FMS_MARITIME,2026-04-06
2022-06-07,86,MGO,29.07,15.4,369.6,24,244.9242,0.81,Moderate,FMS_MARITIME,2026-04-06
2022-06-08,86,VLSFO,19.18,10.7,256.8,24,232.5799,0.96,Moderate,FMS_MARITIME,2026-04-06
2022-06-09,86,LNG,34.96,11.0,264.0,24,412.3691,0.52,Calm,FMS_MARITIME,2026-04-06
2022-06-10,86,MGO,41.56,14.8,355.2,24,364.352,0.91,Rough,FMS_MARITIME,2026-04-06
2022-06-11,86,LSMGO,34.32,11.2,268.8,24,397.5911,0.59,Calm,FMS_MARITIME,2026-04-06
2022-06-12,86,LSMGO,21.53,8.8,211.2,24,317.4452,0.79,Calm,FMS_MARITIME,2026-04-06
2022-06-13,86,HFO,15.6,13.5,324.0,24,149.9333,0.48,Calm,FMS_MARITIME,2026-04-06
2022-06-14,86,LSMGO,71.3,9.7,232.8,24,953.7294,0.46,Rough,FMS_MARITIME,2026-04-06
2022-06-15,86,MGO,41.43,11.8,283.2,24,455.5544,0.93,Moderate,FMS_MARITIME,2026-04-06
2022-06-16,86,HFO,34.98,9.0,216.0,24,504.295,0.6,Rough,FMS_MARITIME,2026-04-06
2022-06-17,86,LSMGO,82.84,15.5,372.0,24,693.451,0.91,Calm,FMS_MARITIME,2026-04-06
2022-06-18,86,MGO,20.65,14.0,336.0,24,191.3812,0.42,Moderate,FMS_MARITIME,2026-04-06
2022-06-19,86,VLSFO,47.38,16.7,400.8,24,368.1171,0.53,Moderate,FMS_MARITIME,2026-04-06
2022-06-20,86,MGO,48.82,14.2,340.8,24,446.0842,0.76,Moderate,FMS_MARITIME,2026-04-06
2022-06-21,86,MGO,26.94,17.8,427.2,24,196.3744,0.55,Rough,FMS_MARITIME,2026-04-06
2022-06-22,86,LSMGO,68.51,10.3,247.2,24,863.0265,0.85,Rough,FMS_MARITIME,2026-04-06
2022-06-23,86,HFO,50.19,14.0,336.0,24,465.1537,0.41,Rough,FMS_MARITIME,2026-04-06
2022-06-24,86,HFO,81.43,14.5,348.0,24,728.6581,0.72,Rough,FMS_MARITIME,2026-04-06
2022-06-25,86,VLSFO,33.81,16.7,400.8,24,262.6855,0.69,Rough,FMS_MARITIME,2026-04-06
2022-06-26,86,MGO,32.25,17.2,412.8,24,243.2812,0.48,Rough,FMS_MARITIME,2026-04-06
2022-06-27,86,VLSFO,80.63,11.2,268.8,24,934.0842,0.43,Rough,FMS_MARITIME,2026-04-06
2022-06-28,86,LNG,63.98,13.1,314.4,24,633.695,0.92,Moderate,FMS_MARITIME,2026-04-06
2022-06-28,86,MGO,55.47,8.4,201.6,24,856.8134,0.67,Moderate,FMS_MARITIME,2026-04-06
2022-06-28,86,HFO,58.25,10.7,256.8,24,706.3493,0.79,Calm,FMS_MARITIME,2026-04-06
2022-06-01,87,LNG,81.99,15.1,362.4,24,704.5167,0.97,Rough,FMS_MARITIME,2026-04-06
2022-06-02,87,HFO,77.6,17.4,417.6,24,578.6552,0.49,Calm,FMS_MARITIME,2026-04-06
2022-06-03,87,MGO,25.6,17.0,408.0,24,195.3882,0.99,Calm,FMS_MARITIME,2026-04-06
2022-06-04,87,VLSFO,38.35,17.9,429.6,24,277.9839,0.42,Moderate,FMS_MARITIME,2026-04-06
2022-06-05,87,MGO,24.17,10.4,249.6,24,301.544,0.86,Calm,FMS_MARITIME,2026-04-06
2022-06-06,87,LSMGO,25.28,14.5,348.0,24,226.2124,0.82,Moderate,FMS_MARITIME,2026-04-06
2022-06-07,87,LNG,72.0,10.2,244.8,24,915.8824,0.93,Moderate,FMS_MARITIME,2026-04-06
2022-06-08,87,LSMGO,84.33,12.6,302.4,24,868.3982,0.93,Calm,FMS_MARITIME,2026-04-06
2022-06-09,87,LNG,32.14,9.2,220.8,24,453.2788,0.65,Rough,FMS_MARITIME,2026-04-06
2022-06-10,87,VLSFO,46.05,8.8,211.2,24,678.9759,0.74,Calm,FMS_MARITIME,2026-04-06
2022-06-11,87,HFO,72.13,16.6,398.4,24,563.7872,0.42,Calm,FMS_MARITIME,2026-04-06
2022-06-12,87,MGO,35.41,8.7,208.8,24,528.0974,0.65,Moderate,FMS_MARITIME,2026-04-06
2022-06-13,87,LNG,23.63,15.6,374.4,24,196.538,0.47,Calm,FMS_MARITIME,2026-04-06
2022-06-14,87,MGO,17.26,14.1,338.4,24,158.8287,0.97,Calm,FMS_MARITIME,2026-04-06
2022-06-15,87,LSMGO,59.6,15.5,372.0,24,498.9097,0.84,Rough,FMS_MARITIME,2026-04-06
2022-06-16,87,LNG,44.55,8.2,196.8,24,704.9223,0.66,Moderate,FMS_MARITIME,2026-04-06
2022-06-17,87,LSMGO,43.56,11.0,264.0,24,513.81,0.5,Moderate,FMS_MARITIME,2026-04-06
2022-06-18,87,MGO,36.06,16.2,388.8,24,288.8139,0.51,Rough,FMS_MARITIME,2026-04-06
2022-06-19,87,HFO,63.32,10.8,259.2,24,760.7194,0.57,Calm,FMS_MARITIME,2026-04-06
2022-06-20,87,VLSFO,34.15,10.6,254.4,24,418.0153,0.99,Calm,FMS_MARITIME,2026-04-06
2022-06-21,87,VLSFO,81.52,15.6,374.4,24,678.0269,0.5,Rough,FMS_MARITIME,2026-04-06
2022-06-22,87,HFO,73.9,11.3,271.2,24,848.542,0.81,Calm,FMS_MARITIME,2026-04-06
2022-06-23,87,LSMGO,58.4,11.3,271.2,24,670.5664,0.62,Calm,FMS_MARITIME,2026-04-06
2022-06-24,87,LSMGO,81.4,10.0,240.0,24,1056.165,0.48,Moderate,FMS_MARITIME,2026-04-06
2022-06-25,87,VLSFO,57.14,17.8,427.2,24,416.5121,0.42,Moderate,FMS_MARITIME,2026-04-06
2022-06-26,87,VLSFO,40.73,12.5,300.0,24,422.7774,0.57,Rough,FMS_MARITIME,2026-04-06
2022-06-27,87,MGO,62.04,11.8,283.2,24,682.1771,0.88,Moderate,FMS_MARITIME,2026-04-06
2022-06-28,87,LSMGO,57.94,10.9,261.6,24,689.6986,0.62,Moderate,FMS_MARITIME,2026-04-06
2022-06-28,87,VLSFO,78.23,10.7,256.8,24,948.6301,0.56,Moderate,FMS_MARITIME,2026-04-06
2022-06-28,87,LNG,63.59,17.3,415.2,24,476.925,0.94,Rough,FMS_MARITIME,2026-04-06
2022-06-01,88,LNG,68.97,17.5,420.0,24,511.3633,0.47,Rough,FMS_MARITIME,2026-04-06
2022-06-02,88,VLSFO,34.39,17.0,408.0,24,262.4766,0.5,Calm,FMS_MARITIME,2026-04-06
2022-06-03,88,HFO,68.78,14.3,343.2,24,624.0703,0.66,Moderate,FMS_MARITIME,2026-04-06
2022-06-04,88,VLSFO,79.27,9.5,228.0,24,1082.6613,0.59,Moderate,FMS_MARITIME,2026-04-06
2022-06-05,88,HFO,21.85,8.9,213.6,24,318.5435,0.67,Calm,FMS_MARITIME,2026-04-06
2022-06-06,88,VLSFO,35.81,12.0,288.0,24,387.1956,0.77,Moderate,FMS_MARITIME,2026-04-06
2022-06-07,88,MGO,15.34,10.4,249.6,24,191.3813,0.72,Calm,FMS_MARITIME,2026-04-06
2022-06-08,88,HFO,29.85,9.1,218.4,24,425.6085,0.54,Moderate,FMS_MARITIME,2026-04-06
2022-06-09,88,VLSFO,24.24,17.1,410.4,24,183.9263,0.6,Calm,FMS_MARITIME,2026-04-06
2022-06-10,88,HFO,17.83,11.8,283.2,24,196.0544,0.86,Rough,FMS_MARITIME,2026-04-06
2022-06-11,88,HFO,44.76,9.4,225.6,24,617.8309,0.58,Moderate,FMS_MARITIME,2026-04-06
2022-06-12,88,HFO,45.97,16.9,405.6,24,352.9354,0.92,Rough,FMS_MARITIME,2026-04-06
2022-06-13,88,LNG,24.17,10.9,261.6,24,287.7117,0.68,Rough,FMS_MARITIME,2026-04-06
2022-06-14,88,VLSFO,41.4,16.4,393.6,24,327.5396,0.49,Rough,FMS_MARITIME,2026-04-06
2022-06-15,88,LNG,25.2,10.2,244.8,24,320.5588,0.66,Rough,FMS_MARITIME,2026-04-06
2022-06-16,88,MGO,31.67,14.5,348.0,24,283.3919,0.83,Moderate,FMS_MARITIME,2026-04-06
2022-06-17,88,VLSFO,80.6,15.3,367.2,24,683.5196,0.9,Calm,FMS_MARITIME,2026-04-06
2022-06-18,88,HFO,78.56,8.2,196.8,24,1243.0683,0.53,Calm,FMS_MARITIME,2026-04-06
2022-06-19,88,LSMGO,39.98,9.7,232.8,24,534.784,0.47,Calm,FMS_MARITIME,2026-04-06
2022-06-20,88,LSMGO,33.57,14.1,338.4,24,308.9154,0.65,Moderate,FMS_MARITIME,2026-04-06
2022-06-21,88,MGO,15.35,12.2,292.8,24,163.251,0.97,Calm,FMS_MARITIME,2026-04-06
2022-06-22,88,LSMGO,63.13,16.6,398.4,24,493.4408,0.89,Rough,FMS_MARITIME,2026-04-06
2022-06-23,88,MGO,49.01,8.2,196.8,24,775.4936,0.82,Rough,FMS_MARITIME,2026-04-06
2022-06-24,88,MGO,51.16,10.7,256.8,24,620.3748,0.52,Rough,FMS_MARITIME,2026-04-06
2022-06-25,88,MGO,56.22,14.2,340.8,24,513.7004,0.79,Calm,FMS_MARITIME,2026-04-06
2022-06-26,88,LNG,28.3,14.3,343.2,24,256.778,0.61,Rough,FMS_MARITIME,2026-04-06
2022-06-27,88,HFO,15.78,8.0,192.0,24,255.9319,0.72,Moderate,FMS_MARITIME,2026-04-06
2022-06-28,88,HFO,76.79,15.1,362.4,24,659.8346,0.79,Calm,FMS_MARITIME,2026-04-06
2022-06-28,88,VLSFO,20.6,8.6,206.4,24,310.7965,0.7,Calm,FMS_MARITIME,2026-04-06
2022-06-28,88,HFO,63.94,14.8,355.2,24,560.5551,0.65,Calm,FMS_MARITIME,2026-04-06
2022-06-01,89,MGO,54.97,13.8,331.2,24,516.8375,0.72,Calm,FMS_MARITIME,2026-04-06
2022-06-02,89,VLSFO,71.13,11.4,273.6,24,809.5717,0.78,Calm,FMS_MARITIME,2026-04-06
2022-06-03,89,LNG,16.94,14.2,340.8,24,154.7863,0.95,Rough,FMS_MARITIME,2026-04-06
2022-06-04,89,VLSFO,21.14,16.1,386.4,24,170.3674,0.59,Moderate,FMS_MARITIME,2026-04-06
2022-06-05,89,LNG,53.05,9.1,218.4,24,756.3997,0.54,Moderate,FMS_MARITIME,2026-04-06
2022-06-06,89,LSMGO,35.7,16.1,386.4,24,287.7065,0.9,Rough,FMS_MARITIME,2026-04-06
2022-06-07,89,LSMGO,65.98,12.5,300.0,24,684.8724,0.71,Rough,FMS_MARITIME,2026-04-06
2022-06-08,89,LNG,65.45,13.8,331.2,24,615.3723,0.52,Moderate,FMS_MARITIME,2026-04-06
2022-06-09,89,VLSFO,56.64,15.3,367.2,24,480.3294,0.62,Moderate,FMS_MARITIME,2026-04-06
2022-06-10,89,LNG,32.33,13.0,312.0,24,322.6783,0.88,Moderate,FMS_MARITIME,2026-04-06
2022-06-11,89,HFO,18.44,10.9,261.6,24,219.5037,1.0,Moderate,FMS_MARITIME,2026-04-06
2022-06-12,89,VLSFO,68.22,15.7,376.8,24,563.7927,0.42,Rough,FMS_MARITIME,2026-04-06
2022-06-13,89,VLSFO,20.5,15.5,372.0,24,171.6048,0.8,Calm,FMS_MARITIME,2026-04-06
2022-06-14,89,LNG,64.25,14.5,348.0,24,574.9267,0.73,Rough,FMS_MARITIME,2026-04-06
2022-06-15,89,MGO,54.07,12.3,295.2,24,570.3726,0.41,Rough,FMS_MARITIME,2026-04-06
2022-06-16,89,MGO,30.03,13.9,333.6,24,280.316,0.79,Calm,FMS_MARITIME,2026-04-06
2022-06-17,89,HFO,47.39,11.6,278.4,24,530.0735,0.49,Moderate,FMS_MARITIME,2026-04-06
2022-06-18,89,HFO,33.99,12.9,309.6,24,341.8762,0.55,Calm,FMS_MARITIME,2026-04-06
2022-06-19,89,LNG,62.8,10.3,247.2,24,791.0971,0.99,Rough,FMS_MARITIME,2026-04-06
2022-06-20,89,LNG,77.92,13.7,328.8,24,737.965,0.52,Calm,FMS_MARITIME,2026-04-06
2022-06-21,89,LNG,21.19,11.5,276.0,24,239.0785,0.91,Rough,FMS_MARITIME,2026-04-06
2022-06-22,89,LNG,34.32,9.4,225.6,24,473.7255,0.85,Rough,FMS_MARITIME,2026-04-06
2022-06-23,89,LNG,47.81,12.7,304.8,24,488.4526,0.88,Rough,FMS_MARITIME,2026-04-06
2022-06-24,89,LSMGO,20.02,14.6,350.4,24,177.9175,0.45,Rough,FMS_MARITIME,2026-04-06
2022-06-25,89,VLSFO,52.06,13.7,328.8,24,493.05,0.95,Calm,FMS_MARITIME,2026-04-06
2022-06-26,89,HFO,71.93,13.6,326.4,24,686.2439,0.76,Calm,FMS_MARITIME,2026-04-06
2022-06-27,89,LNG,41.66,13.6,326.4,24,397.4548,0.64,Calm,FMS_MARITIME,2026-04-06
2022-06-28,89,MGO,76.52,10.7,256.8,24,927.8944,0.66,Rough,FMS_MARITIME,2026-04-06
2022-06-28,89,HFO,53.05,17.1,410.4,24,402.5285,0.89,Moderate,FMS_MARITIME,2026-04-06
2022-06-28,89,HFO,73.4,12.3,295.2,24,774.2805,0.86,Calm,FMS_MARITIME,2026-04-06
2022-06-01,90,LSMGO,48.99,12.8,307.2,24,496.5979,0.8,Rough,FMS_MARITIME,2026-04-06
2022-06-02,90,MGO,82.17,14.3,343.2,24,745.5635,0.76,Moderate,FMS_MARITIME,2026-04-06
2022-06-03,90,LSMGO,45.08,11.2,268.8,24,522.2437,0.43,Rough,FMS_MARITIME,2026-04-06
2022-06-04,90,HFO,76.43,11.0,264.0,24,901.5266,0.75,Rough,FMS_MARITIME,2026-04-06
2022-06-05,90,MGO,19.19,14.2,340.8,24,175.3452,0.57,Calm,FMS_MARITIME,2026-04-06
2022-06-06,90,LSMGO,24.79,8.3,199.2,24,387.5304,0.51,Moderate,FMS_MARITIME,2026-04-06
2022-06-07,90,MGO,51.63,15.6,374.4,24,429.4226,0.87,Rough,FMS_MARITIME,2026-04-06
2022-06-08,90,LSMGO,34.72,11.6,278.4,24,388.3552,0.77,Rough,FMS_MARITIME,2026-04-06
2022-06-09,90,VLSFO,60.01,8.3,199.2,24,938.1081,0.98,Rough,FMS_MARITIME,2026-04-06
2022-06-10,90,LSMGO,54.62,10.0,240.0,24,708.6945,0.6,Rough,FMS_MARITIME,2026-04-06
2022-06-11,90,MGO,74.73,13.9,333.6,24,697.5696,0.62,Rough,FMS_MARITIME,2026-04-06
2022-06-12,90,MGO,18.0,16.7,400.8,24,139.8503,0.55,Moderate,FMS_MARITIME,2026-04-06
2022-06-13,90,LNG,19.3,13.5,324.0,24,185.4944,0.61,Calm,FMS_MARITIME,2026-04-06
2022-06-14,90,LSMGO,84.61,14.2,340.8,24,773.109,0.71,Rough,FMS_MARITIME,2026-04-06
2022-06-15,90,LNG,28.08,15.9,381.6,24,229.1434,0.68,Calm,FMS_MARITIME,2026-04-06
2022-06-16,90,LSMGO,30.44,12.5,300.0,24,315.9672,0.48,Calm,FMS_MARITIME,2026-04-06
2022-06-17,90,HFO,38.27,16.0,384.0,24,310.3458,0.94,Calm,FMS_MARITIME,2026-04-06
2022-06-18,90,LSMGO,54.24,16.1,386.4,24,437.1205,0.6,Calm,FMS_MARITIME,2026-04-06
2022-06-19,90,MGO,18.34,15.2,364.8,24,156.5536,0.57,Calm,FMS_MARITIME,2026-04-06
2022-06-20,90,MGO,70.72,13.6,326.4,24,674.7,0.63,Rough,FMS_MARITIME,2026-04-06
2022-06-21,90,LNG,36.78,11.1,266.4,24,429.9284,0.57,Moderate,FMS_MARITIME,2026-04-06
2022-06-22,90,HFO,22.57,10.9,261.6,24,268.6658,0.45,Moderate,FMS_MARITIME,2026-04-06
2022-06-23,90,LSMGO,81.77,12.5,300.0,24,848.7726,0.45,Rough,FMS_MARITIME,2026-04-06
2022-06-24,90,MGO,62.64,11.3,271.2,24,719.2513,0.74,Moderate,FMS_MARITIME,2026-04-06
2022-06-25,90,VLSFO,64.56,10.7,256.8,24,782.8654,0.99,Moderate,FMS_MARITIME,2026-04-06
2022-06-26,90,LNG,72.25,12.5,300.0,24,749.955,0.96,Calm,FMS_MARITIME,2026-04-06
2022-06-27,90,VLSFO,15.62,14.5,348.0,24,139.7721,0.85,Moderate,FMS_MARITIME,2026-04-06
2022-06-28,90,HFO,71.41,9.2,220.8,24,1007.1139,0.58,Calm,FMS_MARITIME,2026-04-06
2022-06-28,90,HFO,76.73,12.9,309.6,24,771.761,0.46,Rough,FMS_MARITIME,2026-04-06
2022-06-28,90,LNG,31.8,12.6,302.4,24,327.4643,0.7,Calm,FMS_MARITIME,2026-04-06
2022-06-01,91,LSMGO,54.39,8.3,199.2,24,850.2533,0.95,Rough,FMS_MARITIME,2026-04-06
2022-06-02,91,VLSFO,34.26,9.6,230.4,24,463.0453,0.81,Moderate,FMS_MARITIME,2026-04-06
2022-06-03,91,LSMGO,45.59,16.3,391.2,24,362.902,1.0,Moderate,FMS_MARITIME,2026-04-06
2022-06-04,91,LNG,65.02,14.0,336.0,24,602.5961,0.58,Calm,FMS_MARITIME,2026-04-06
2022-06-05,91,MGO,22.98,8.6,206.4,24,346.7041,0.65,Moderate,FMS_MARITIME,2026-04-06
2022-06-06,91,LSMGO,66.91,11.0,264.0,24,789.2339,0.46,Moderate,FMS_MARITIME,2026-04-06
2022-06-07,91,LNG,73.91,9.0,216.0,24,1065.5358,0.42,Rough,FMS_MARITIME,2026-04-06
2022-06-08,91,LNG,73.18,17.8,427.2,24,533.4329,0.52,Rough,FMS_MARITIME,2026-04-06
2022-06-09,91,MGO,15.46,11.2,268.8,24,179.1013,0.45,Rough,FMS_MARITIME,2026-04-06
2022-06-10,91,VLSFO,20.93,17.4,417.6,24,156.0728,0.69,Rough,FMS_MARITIME,2026-04-06
2022-06-11,91,LSMGO,35.57,13.4,321.6,24,344.4185,0.71,Calm,FMS_MARITIME,2026-04-06
2022-06-12,91,MGO,49.56,17.4,417.6,24,369.5638,0.75,Calm,FMS_MARITIME,2026-04-06
2022-06-13,91,HFO,45.12,10.6,254.4,24,552.2943,0.58,Rough,FMS_MARITIME,2026-04-06
2022-06-14,91,HFO,16.64,9.9,237.6,24,218.0848,0.48,Moderate,FMS_MARITIME,2026-04-06
2022-06-15,91,LNG,69.04,14.5,348.0,24,617.789,0.81,Moderate,FMS_MARITIME,2026-04-06
2022-06-16,91,VLSFO,74.1,15.4,369.6,24,624.3166,0.87,Moderate,FMS_MARITIME,2026-04-06
2022-06-17,91,MGO,47.7,10.1,242.4,24,612.7797,0.6,Calm,FMS_MARITIME,2026-04-06
2022-06-18,91,VLSFO,37.39,11.4,273.6,24,425.5572,0.73,Calm,FMS_MARITIME,2026-04-06
2022-06-19,91,VLSFO,59.82,14.7,352.8,24,528.0031,0.68,Calm,FMS_MARITIME,2026-04-06
2022-06-20,91,LNG,55.53,12.2,292.8,24,590.5752,0.74,Rough,FMS_MARITIME,2026-04-06
2022-06-21,91,LSMGO,68.42,14.5,348.0,24,612.241,0.4,Calm,FMS_MARITIME,2026-04-06
2022-06-22,91,LSMGO,44.38,8.8,211.2,24,654.3528,0.82,Moderate,FMS_MARITIME,2026-04-06
2022-06-23,91,MGO,38.49,16.5,396.0,24,302.6714,0.79,Rough,FMS_MARITIME,2026-04-06
2022-06-24,91,HFO,83.68,8.2,196.8,24,1324.0829,0.98,Moderate,FMS_MARITIME,2026-04-06
2022-06-25,91,MGO,84.67,8.7,208.8,24,1262.7509,0.63,Calm,FMS_MARITIME,2026-04-06
2022-06-26,91,MGO,78.19,9.4,225.6,24,1079.2715,0.48,Calm,FMS_MARITIME,2026-04-06
2022-06-27,91,MGO,48.06,10.4,249.6,24,599.5947,0.67,Calm,FMS_MARITIME,2026-04-06
2022-06-28,91,VLSFO,75.05,15.5,372.0,24,628.2411,0.63,Moderate,FMS_MARITIME,2026-04-06
2022-06-28,91,LNG,26.54,12.5,300.0,24,275.4852,1.0,Moderate,FMS_MARITIME,2026-04-06
2022-06-28,91,VLSFO,70.64,17.3,415.2,24,529.8,0.77,Calm,FMS_MARITIME,2026-04-06
2022-06-01,92,LNG,84.95,14.0,336.0,24,787.3045,0.46,Rough,FMS_MARITIME,2026-04-06
2022-06-02,92,MGO,39.2,14.8,355.2,24,343.6622,0.97,Rough,FMS_MARITIME,2026-04-06
2022-06-03,92,LSMGO,33.57,12.2,292.8,24,357.0252,0.88,Rough,FMS_MARITIME,2026-04-06
2022-06-04,92,LSMGO,36.85,9.6,230.4,24,498.0508,0.49,Calm,FMS_MARITIME,2026-04-06
2022-06-05,92,VLSFO,68.82,9.8,235.2,24,911.1628,0.61,Rough,FMS_MARITIME,2026-04-06
2022-06-06,92,HFO,22.56,12.1,290.4,24,241.914,0.99,Rough,FMS_MARITIME,2026-04-06
2022-06-07,92,VLSFO,65.15,9.4,225.6,24,899.2779,0.45,Rough,FMS_MARITIME,2026-04-06
2022-06-08,92,LNG,66.15,15.9,381.6,24,539.809,0.66,Calm,FMS_MARITIME,2026-04-06
2022-06-09,92,LNG,15.74,14.1,338.4,24,144.8415,0.82,Rough,FMS_MARITIME,2026-04-06
2022-06-10,92,MGO,79.86,9.0,216.0,24,1151.315,0.45,Moderate,FMS_MARITIME,2026-04-06
2022-06-11,92,VLSFO,24.0,8.9,213.6,24,349.8876,0.87,Rough,FMS_MARITIME,2026-04-06
2022-06-12,92,VLSFO,16.17,15.1,362.4,24,138.9442,0.42,Rough,FMS_MARITIME,2026-04-06
2022-06-13,92,LNG,55.15,12.5,300.0,24,572.457,0.57,Calm,FMS_MARITIME,2026-04-06
2022-06-14,92,HFO,57.55,11.0,264.0,24,678.8284,0.98,Moderate,FMS_MARITIME,2026-04-06
2022-06-15,92,LNG,52.56,14.7,352.8,24,463.9224,0.53,Moderate,FMS_MARITIME,2026-04-06
2022-06-16,92,MGO,70.64,8.8,211.2,24,1041.5386,0.67,Rough,FMS_MARITIME,2026-04-06
2022-06-17,92,LNG,43.75,8.1,194.4,24,700.8102,0.4,Moderate,FMS_MARITIME,2026-04-06
2022-06-18,92,MGO,60.8,8.6,206.4,24,917.3023,0.96,Moderate,FMS_MARITIME,2026-04-06
2022-06-19,92,VLSFO,74.63,13.7,328.8,24,706.806,0.88,Calm,FMS_MARITIME,2026-04-06
2022-06-20,92,HFO,41.42,8.9,213.6,24,603.8478,0.57,Moderate,FMS_MARITIME,2026-04-06
2022-06-21,92,LSMGO,82.54,9.4,225.6,24,1139.3154,0.89,Moderate,FMS_MARITIME,2026-04-06
2022-06-22,92,MGO,76.28,12.2,292.8,24,811.2566,0.46,Moderate,FMS_MARITIME,2026-04-06
2022-06-23,92,LNG,27.02,12.8,307.2,24,273.8941,0.65,Moderate,FMS_MARITIME,2026-04-06
2022-06-24,92,MGO,54.94,10.4,249.6,24,685.4293,0.61,Rough,FMS_MARITIME,2026-04-06
2022-06-25,92,HFO,60.38,8.7,208.8,24,900.4948,0.56,Calm,FMS_MARITIME,2026-04-06
2022-06-26,92,VLSFO,37.09,10.6,254.4,24,454.0026,0.51,Calm,FMS_MARITIME,2026-04-06
2022-06-27,92,HFO,21.29,8.9,213.6,24,310.3795,0.89,Rough,FMS_MARITIME,2026-04-06
2022-06-28,92,MGO,45.44,13.7,328.8,24,430.3533,0.76,Calm,FMS_MARITIME,2026-04-06
2022-06-28,92,HFO,76.87,16.4,393.6,24,608.1636,0.76,Moderate,FMS_MARITIME,2026-04-06
2022-06-28,92,LSMGO,42.82,9.3,223.2,24,597.4081,0.99,Calm,FMS_MARITIME,2026-04-06
2022-06-01,93,LNG,58.48,8.8,211.2,24,862.2477,0.44,Rough,FMS_MARITIME,2026-04-06
2022-06-02,93,LNG,29.81,10.7,256.8,24,361.4811,0.74,Rough,FMS_MARITIME,2026-04-06
2022-06-03,93,HFO,66.33,10.3,247.2,24,835.5648,0.79,Rough,FMS_MARITIME,2026-04-06
2022-06-04,93,VLSFO,27.85,17.0,408.0,24,212.561,0.67,Rough,FMS_MARITIME,2026-04-06
2022-06-05,93,LSMGO,79.53,12.4,297.6,24,832.1788,0.59,Moderate,FMS_MARITIME,2026-04-06
2022-06-06,93,MGO,33.03,10.5,252.0,24,408.1564,0.72,Moderate,FMS_MARITIME,2026-04-06
2022-06-07,93,LSMGO,36.61,16.5,396.0,24,287.8877,0.81,Calm,FMS_MARITIME,2026-04-06
2022-06-08,93,LNG,17.85,14.3,343.2,24,161.9607,0.85,Calm,FMS_MARITIME,2026-04-06
2022-06-09,93,HFO,54.26,10.3,247.2,24,683.518,0.78,Moderate,FMS_MARITIME,2026-04-06
2022-06-10,93,HFO,30.51,14.7,352.8,24,269.2974,0.62,Calm,FMS_MARITIME,2026-04-06
2022-06-11,93,LNG,48.36,9.1,218.4,24,689.5286,0.72,Rough,FMS_MARITIME,2026-04-06
2022-06-12,93,LSMGO,68.44,13.7,328.8,24,648.1818,0.5,Moderate,FMS_MARITIME,2026-04-06
2022-06-13,93,VLSFO,44.38,15.3,367.2,24,376.3598,0.88,Rough,FMS_MARITIME,2026-04-06
2022-06-14,93,HFO,70.36,11.8,283.2,24,773.6619,0.85,Rough,FMS_MARITIME,2026-04-06
2022-06-15,93,MGO,58.89,9.9,237.6,24,771.8159,0.77,Rough,FMS_MARITIME,2026-04-06
2022-06-16,93,VLSFO,77.69,14.3,343.2,24,704.9145,0.92,Moderate,FMS_MARITIME,2026-04-06
2022-06-17,93,VLSFO,37.95,14.4,345.6,24,341.9453,0.54,Moderate,FMS_MARITIME,2026-04-06
2022-06-18,93,VLSFO,72.76,9.9,237.6,24,953.597,0.95,Rough,FMS_MARITIME,2026-04-06
2022-06-19,93,VLSFO,64.49,17.7,424.8,24,472.7445,0.95,Rough,FMS_MARITIME,2026-04-06
2022-06-20,93,VLSFO,32.2,17.4,417.6,24,240.1121,0.47,Calm,FMS_MARITIME,2026-04-06
2022-06-21,93,LSMGO,36.33,8.9,213.6,24,529.6424,0.69,Calm,FMS_MARITIME,2026-04-06
2022-06-22,93,VLSFO,69.48,11.9,285.6,24,757.5655,0.72,Calm,FMS_MARITIME,2026-04-06
2022-06-23,93,MGO,73.79,15.0,360.0,24,638.2835,0.81,Calm,FMS_MARITIME,2026-04-06
2022-06-24,93,HFO,15.76,10.5,252.0,24,194.7486,0.67,Rough,FMS_MARITIME,2026-04-06
2022-06-25,93,LSMGO,39.46,17.0,408.0,24,301.1726,0.85,Rough,FMS_MARITIME,2026-04-06
2022-06-26,93,LSMGO,28.01,8.1,194.4,24,448.6787,0.79,Calm,FMS_MARITIME,2026-04-06
2022-06-27,93,VLSFO,83.71,13.4,321.6,24,810.5502,0.68,Rough,FMS_MARITIME,2026-04-06
2022-06-28,93,MGO,19.13,13.8,331.2,24,179.8636,0.98,Moderate,FMS_MARITIME,2026-04-06
2022-06-28,93,VLSFO,34.78,16.4,393.6,24,275.1649,0.9,Moderate,FMS_MARITIME,2026-04-06
2022-06-28,93,LNG,25.92,13.3,319.2,24,252.8662,0.88,Moderate,FMS_MARITIME,2026-04-06
2022-06-01,94,HFO,33.11,15.7,376.8,24,273.632,0.61,Rough,FMS_MARITIME,2026-04-06
2022-06-02,94,LSMGO,15.05,15.3,367.2,24,127.6299,0.91,Rough,FMS_MARITIME,2026-04-06
2022-06-03,94,HFO,40.41,17.3,415.2,24,303.075,0.86,Moderate,FMS_MARITIME,2026-04-06
2022-06-04,94,MGO,48.07,9.1,218.4,24,685.3937,0.78,Calm,FMS_MARITIME,2026-04-06
2022-06-05,94,LSMGO,68.7,16.8,403.2,24,530.5848,0.82,Calm,FMS_MARITIME,2026-04-06
2022-06-06,94,HFO,28.44,17.1,410.4,24,215.7947,0.48,Calm,FMS_MARITIME,2026-04-06
2022-06-07,94,LNG,60.96,12.6,302.4,24,627.7429,0.73,Rough,FMS_MARITIME,2026-04-06
2022-06-08,94,HFO,84.1,11.7,280.8,24,932.6474,0.59,Rough,FMS_MARITIME,2026-04-06
2022-06-09,94,VLSFO,45.28,14.4,345.6,24,407.9917,0.86,Moderate,FMS_MARITIME,2026-04-06
2022-06-10,94,HFO,82.52,8.6,206.4,24,1244.9965,0.56,Calm,FMS_MARITIME,2026-04-06
2022-06-11,94,VLSFO,65.24,10.8,259.2,24,783.7861,0.5,Moderate,FMS_MARITIME,2026-04-06
2022-06-12,94,VLSFO,36.77,12.1,290.4,24,394.2899,0.69,Moderate,FMS_MARITIME,2026-04-06
2022-06-13,94,HFO,22.01,14.0,336.0,24,203.9855,0.49,Calm,FMS_MARITIME,2026-04-06
2022-06-14,94,LSMGO,66.04,14.7,352.8,24,582.9041,0.65,Rough,FMS_MARITIME,2026-04-06
2022-06-15,94,VLSFO,49.3,13.7,328.8,24,466.9106,0.54,Calm,FMS_MARITIME,2026-04-06
2022-06-16,94,HFO,59.37,14.0,336.0,24,550.2327,0.82,Calm,FMS_MARITIME,2026-04-06
2022-06-17,94,HFO,73.9,8.9,213.6,24,1077.3624,0.71,Rough,FMS_MARITIME,2026-04-06
2022-06-18,94,VLSFO,81.45,15.0,360.0,24,704.5425,0.75,Moderate,FMS_MARITIME,2026-04-06
2022-06-19,94,LNG,17.96,10.4,249.6,24,224.0683,0.62,Rough,FMS_MARITIME,2026-04-06
2022-06-20,94,MGO,17.81,8.4,201.6,24,275.1009,0.46,Rough,FMS_MARITIME,2026-04-06
2022-06-21,94,VLSFO,19.52,12.0,288.0,24,211.06,0.76,Calm,FMS_MARITIME,2026-04-06
2022-06-22,94,VLSFO,64.47,16.9,405.6,24,494.9694,0.88,Moderate,FMS_MARITIME,2026-04-06
2022-06-23,94,VLSFO,64.97,16.5,396.0,24,510.9005,0.58,Calm,FMS_MARITIME,2026-04-06
2022-06-24,94,HFO,72.77,11.3,271.2,24,835.567,0.79,Moderate,FMS_MARITIME,2026-04-06
2022-06-25,94,LSMGO,70.81,11.4,273.6,24,805.9296,0.98,Moderate,FMS_MARITIME,2026-04-06
2022-06-26,94,MGO,23.38,16.8,403.2,24,180.5687,0.67,Rough,FMS_MARITIME,2026-04-06
2022-06-27,94,LNG,46.29,15.5,372.0,24,387.4921,0.85,Calm,FMS_MARITIME,2026-04-06
2022-06-28,94,HFO,84.57,17.1,410.4,24,641.6934,0.47,Rough,FMS_MARITIME,2026-04-06
2022-06-28,94,MGO,25.71,9.2,220.8,24,362.5948,0.85,Calm,FMS_MARITIME,2026-04-06
2022-06-28,94,MGO,17.18,10.4,249.6,24,214.337,0.42,Moderate,FMS_MARITIME,2026-04-06
2022-06-01,95,LNG,65.09,13.0,312.0,24,649.6483,0.77,Moderate,FMS_MARITIME,2026-04-06
2022-06-02,95,HFO,54.6,11.1,266.4,24,638.2297,0.74,Moderate,FMS_MARITIME,2026-04-06
2022-06-03,95,HFO,21.18,16.0,384.0,24,171.7566,0.58,Calm,FMS_MARITIME,2026-04-06
2022-06-04,95,LNG,74.15,13.9,333.6,24,692.1556,0.62,Calm,FMS_MARITIME,2026-04-06
2022-06-05,95,VLSFO,25.65,14.9,357.6,24,223.3616,0.43,Moderate,FMS_MARITIME,2026-04-06
2022-06-06,95,LNG,16.76,16.6,398.4,24,131.0006,0.89,Rough,FMS_MARITIME,2026-04-06
2022-06-07,95,MGO,24.1,12.9,309.6,24,242.4012,0.91,Calm,FMS_MARITIME,2026-04-06
2022-06-08,95,LNG,53.4,16.0,384.0,24,433.0406,0.97,Calm,FMS_MARITIME,2026-04-06
2022-06-09,95,MGO,45.41,11.0,264.0,24,535.6316,0.42,Calm,FMS_MARITIME,2026-04-06
2022-06-10,95,MGO,26.84,16.3,391.2,24,213.6497,0.68,Rough,FMS_MARITIME,2026-04-06
2022-06-11,95,MGO,39.17,15.2,364.8,24,334.3623,0.73,Rough,FMS_MARITIME,2026-04-06
2022-06-12,95,HFO,52.0,17.4,417.6,24,387.7586,0.99,Rough,FMS_MARITIME,2026-04-06
2022-06-13,95,VLSFO,23.25,8.6,206.4,24,350.7776,0.82,Moderate,FMS_MARITIME,2026-04-06
2022-06-14,95,HFO,39.89,9.8,235.2,24,528.1355,0.58,Calm,FMS_MARITIME,2026-04-06
2022-06-15,95,MGO,20.78,14.8,355.2,24,182.176,0.82,Calm,FMS_MARITIME,2026-04-06
2022-06-16,95,LNG,80.73,14.3,343.2,24,732.4977,0.83,Moderate,FMS_MARITIME,2026-04-06
2022-06-17,95,MGO,34.53,16.5,396.0,24,271.5314,0.83,Calm,FMS_MARITIME,2026-04-06
2022-06-18,95,LNG,39.09,13.7,328.8,24,370.2137,0.45,Rough,FMS_MARITIME,2026-04-06
2022-06-19,95,HFO,64.92,13.8,331.2,24,610.3891,0.53,Calm,FMS_MARITIME,2026-04-06
2022-06-20,95,VLSFO,52.87,11.8,283.2,24,581.346,0.95,Calm,FMS_MARITIME,2026-04-06
2022-06-21,95,MGO,79.46,16.8,403.2,24,613.6866,0.43,Moderate,FMS_MARITIME,2026-04-06
2022-06-22,95,LSMGO,80.88,9.9,237.6,24,1060.0182,0.59,Calm,FMS_MARITIME,2026-04-06
2022-06-23,95,LNG,55.42,11.5,276.0,24,625.2822,0.86,Moderate,FMS_MARITIME,2026-04-06
2022-06-24,95,VLSFO,39.34,17.4,417.6,24,293.3543,0.73,Moderate,FMS_MARITIME,2026-04-06
2022-06-25,95,HFO,71.98,17.7,424.8,24,527.65,0.66,Moderate,FMS_MARITIME,2026-04-06
2022-06-26,95,MGO,80.53,15.4,369.6,24,678.4914,0.78,Moderate,FMS_MARITIME,2026-04-06
2022-06-27,95,LSMGO,22.33,11.2,268.8,24,258.6891,0.41,Moderate,FMS_MARITIME,2026-04-06
2022-06-28,95,LSMGO,46.94,10.9,261.6,24,558.7583,0.97,Rough,FMS_MARITIME,2026-04-06
2022-06-28,95,HFO,64.53,14.2,340.8,24,589.6315,0.57,Calm,FMS_MARITIME,2026-04-06
2022-06-28,95,MGO,59.69,17.6,422.4,24,440.0442,0.96,Moderate,FMS_MARITIME,2026-04-06
2022-06-01,96,LSMGO,66.22,8.2,196.8,24,1047.8104,0.99,Calm,FMS_MARITIME,2026-04-06
2022-06-02,96,LNG,47.0,8.1,194.4,24,752.8704,0.49,Moderate,FMS_MARITIME,2026-04-06
2022-06-03,96,LNG,66.53,15.3,367.2,24,564.2005,0.55,Moderate,FMS_MARITIME,2026-04-06
2022-06-04,96,HFO,46.14,14.8,355.2,24,404.5044,0.77,Moderate,FMS_MARITIME,2026-04-06
2022-06-05,96,VLSFO,37.06,10.8,259.2,24,445.2347,0.8,Rough,FMS_MARITIME,2026-04-06
2022-06-06,96,MGO,77.1,9.6,230.4,24,1042.0547,0.52,Moderate,FMS_MARITIME,2026-04-06
2022-06-07,96,HFO,19.82,17.6,422.4,24,146.1162,0.41,Moderate,FMS_MARITIME,2026-04-06
2022-06-08,96,LSMGO,63.4,15.1,362.4,24,544.7781,0.86,Moderate,FMS_MARITIME,2026-04-06
2022-06-09,96,LNG,37.27,12.8,307.2,24,377.7955,0.81,Rough,FMS_MARITIME,2026-04-06
2022-06-10,96,LSMGO,74.85,13.6,326.4,24,714.102,0.6,Moderate,FMS_MARITIME,2026-04-06
2022-06-11,96,HFO,46.59,9.8,235.2,24,616.8421,0.41,Calm,FMS_MARITIME,2026-04-06
2022-06-12,96,HFO,54.62,9.2,220.8,24,770.3201,0.89,Moderate,FMS_MARITIME,2026-04-06
2022-06-13,96,LSMGO,65.87,12.4,297.6,24,689.2446,0.85,Calm,FMS_MARITIME,2026-04-06
2022-06-14,96,LSMGO,37.66,11.4,273.6,24,428.6303,0.61,Calm,FMS_MARITIME,2026-04-06
2022-06-15,96,LNG,39.63,15.9,381.6,24,323.3958,0.89,Calm,FMS_MARITIME,2026-04-06
2022-06-16,96,VLSFO,39.06,13.2,316.8,24,383.942,0.8,Calm,FMS_MARITIME,2026-04-06
2022-06-17,96,LNG,53.01,10.8,259.2,24,636.8563,0.92,Rough,FMS_MARITIME,2026-04-06
2022-06-18,96,VLSFO,25.68,12.6,302.4,24,264.4429,0.64,Rough,FMS_MARITIME,2026-04-06
2022-06-19,96,LSMGO,61.83,9.4,225.6,24,853.4513,0.85,Calm,FMS_MARITIME,2026-04-06
2022-06-20,96,VLSFO,55.36,11.0,264.0,24,652.9964,0.4,Rough,FMS_MARITIME,2026-04-06
2022-06-21,96,MGO,73.28,13.7,328.8,24,694.0204,0.64,Rough,FMS_MARITIME,2026-04-06
2022-06-22,96,MGO,54.26,17.0,408.0,24,414.1315,0.45,Rough,FMS_MARITIME,2026-04-06
2022-06-23,96,HFO,16.82,16.3,391.2,24,133.8893,0.61,Calm,FMS_MARITIME,2026-04-06
2022-06-24,96,HFO,52.76,17.5,420.0,24,391.1777,0.62,Rough,FMS_MARITIME,2026-04-06
2022-06-25,96,MGO,72.23,16.2,388.8,24,578.5088,0.59,Moderate,FMS_MARITIME,2026-04-06
2022-06-26,96,LNG,70.34,12.4,297.6,24,736.0173,0.96,Rough,FMS_MARITIME,2026-04-06
2022-06-27,96,LNG,80.6,15.8,379.2,24,661.8892,0.8,Rough,FMS_MARITIME,2026-04-06
2022-06-28,96,HFO,79.37,10.4,249.6,24,990.2171,0.49,Calm,FMS_MARITIME,2026-04-06
2022-06-28,96,VLSFO,31.72,13.7,328.8,24,300.4139,0.81,Rough,FMS_MARITIME,2026-04-06
2022-06-28,96,LNG,32.69,12.0,288.0,24,353.4606,0.68,Rough,FMS_MARITIME,2026-04-06
2022-06-01,97,LNG,29.6,15.4,369.6,24,249.3896,0.53,Calm,FMS_MARITIME,2026-04-06
2022-06-02,97,MGO,62.8,17.8,427.2,24,457.7697,0.58,Moderate,FMS_MARITIME,2026-04-06
2022-06-03,97,LNG,30.57,11.4,273.6,24,347.9349,0.92,Moderate,FMS_MARITIME,2026-04-06
2022-06-04,97,MGO,41.07,15.7,376.8,24,339.4161,0.97,Moderate,FMS_MARITIME,2026-04-06
2022-06-05,97,LSMGO,68.63,15.0,360.0,24,593.6495,0.95,Rough,FMS_MARITIME,2026-04-06
2022-06-06,97,MGO,78.87,10.3,247.2,24,993.5323,0.87,Rough,FMS_MARITIME,2026-04-06
2022-06-07,97,LNG,71.09,15.7,376.8,24,587.5113,0.83,Moderate,FMS_MARITIME,2026-04-06
2022-06-08,97,HFO,39.66,16.5,396.0,24,311.8718,0.96,Moderate,FMS_MARITIME,2026-04-06
2022-06-09,97,LNG,66.59,11.4,273.6,24,757.8993,0.82,Calm,FMS_MARITIME,2026-04-06
2022-06-10,97,LNG,21.14,11.6,278.4,24,236.4582,0.47,Calm,FMS_MARITIME,2026-04-06
2022-06-11,97,VLSFO,54.68,10.9,261.6,24,650.8927,0.73,Moderate,FMS_MARITIME,2026-04-06
2022-06-12,97,LSMGO,50.42,14.9,357.6,24,439.0601,0.82,Calm,FMS_MARITIME,2026-04-06
2022-06-13,97,LSMGO,44.51,16.7,400.8,24,345.8187,0.98,Moderate,FMS_MARITIME,2026-04-06
2022-06-14,97,MGO,82.52,8.1,194.4,24,1321.8481,0.92,Calm,FMS_MARITIME,2026-04-06
2022-06-15,97,LNG,27.71,16.2,388.8,24,221.9366,0.78,Moderate,FMS_MARITIME,2026-04-06
2022-06-16,97,MGO,83.19,11.0,264.0,24,981.2639,0.69,Calm,FMS_MARITIME,2026-04-06
2022-06-17,97,VLSFO,68.74,9.9,237.6,24,900.9106,0.71,Moderate,FMS_MARITIME,2026-04-06
2022-06-18,97,LNG,63.68,15.4,369.6,24,536.5247,0.44,Calm,FMS_MARITIME,2026-04-06
2022-06-19,97,LNG,24.47,11.2,268.8,24,283.4806,0.57,Rough,FMS_MARITIME,2026-04-06
2022-06-20,97,VLSFO,25.08,13.6,326.4,24,239.2743,0.71,Calm,FMS_MARITIME,2026-04-06
2022-06-21,97,MGO,47.65,14.2,340.8,24,435.3935,0.69,Calm,FMS_MARITIME,2026-04-06
2022-06-22,97,VLSFO,35.05,16.1,386.4,24,282.4682,0.56,Moderate,FMS_MARITIME,2026-04-06
2022-06-23,97,LNG,39.95,9.1,218.4,24,569.6168,0.98,Moderate,FMS_MARITIME,2026-04-06
2022-06-24,97,HFO,24.3,12.9,309.6,24,244.4128,0.87,Rough,FMS_MARITIME,2026-04-06
2022-06-25,97,MGO,25.49,15.7,376.8,24,210.6578,0.81,Rough,FMS_MARITIME,2026-04-06
2022-06-26,97,MGO,84.42,14.9,357.6,24,735.1339,0.8,Moderate,FMS_MARITIME,2026-04-06
2022-06-27,97,MGO,23.24,10.5,252.0,24,287.18,0.9,Calm,FMS_MARITIME,2026-04-06
2022-06-28,97,LNG,53.9,17.7,424.8,24,395.1144,0.97,Moderate,FMS_MARITIME,2026-04-06
2022-06-28,97,MGO,49.38,16.4,393.6,24,390.6741,0.43,Calm,FMS_MARITIME,2026-04-06
2022-06-28,97,MGO,23.9,15.9,381.6,24,195.033,0.98,Moderate,FMS_MARITIME,2026-04-06
2022-06-01,98,MGO,72.52,14.9,357.6,24,631.5081,0.67,Rough,FMS_MARITIME,2026-04-06
2022-06-02,98,LNG,72.45,17.6,422.4,24,534.1129,0.42,Moderate,FMS_MARITIME,2026-04-06
2022-06-03,98,LNG,55.27,16.1,386.4,24,445.4213,0.58,Rough,FMS_MARITIME,2026-04-06
2022-06-04,98,LSMGO,70.37,14.4,345.6,24,634.063,0.68,Moderate,FMS_MARITIME,2026-04-06
2022-06-05,98,VLSFO,15.82,9.5,228.0,24,216.0679,0.6,Moderate,FMS_MARITIME,2026-04-06
2022-06-06,98,VLSFO,81.76,17.7,424.8,24,599.3424,0.77,Moderate,FMS_MARITIME,2026-04-06
2022-06-07,98,VLSFO,77.54,11.1,266.4,24,906.3797,0.45,Moderate,FMS_MARITIME,2026-04-06
2022-06-08,98,LNG,64.71,12.7,304.8,24,661.112,0.6,Calm,FMS_MARITIME,2026-04-06
2022-06-09,98,LSMGO,53.9,8.0,192.0,24,874.1906,0.69,Rough,FMS_MARITIME,2026-04-06
2022-06-10,98,LSMGO,16.93,16.6,398.4,24,132.3294,0.68,Calm,FMS_MARITIME,2026-04-06
2022-06-11,98,HFO,22.69,8.3,199.2,24,354.7021,0.69,Calm,FMS_MARITIME,2026-04-06
2022-06-12,98,LNG,43.37,17.1,410.4,24,329.0794,0.63,Calm,FMS_MARITIME,2026-04-06
2022-06-13,98,MGO,56.91,9.0,216.0,24,820.4525,0.61,Rough,FMS_MARITIME,2026-04-06
2022-06-14,98,LNG,39.4,13.7,328.8,24,373.1496,0.49,Moderate,FMS_MARITIME,2026-04-06
2022-06-15,98,HFO,52.94,8.4,201.6,24,817.7339,0.84,Calm,FMS_MARITIME,2026-04-06
2022-06-16,98,MGO,48.35,16.4,393.6,24,382.5252,0.95,Moderate,FMS_MARITIME,2026-04-06
2022-06-17,98,LSMGO,84.7,17.2,412.8,24,638.9433,0.83,Rough,FMS_MARITIME,2026-04-06
2022-06-18,98,MGO,32.76,17.3,415.2,24,245.7,0.77,Rough,FMS_MARITIME,2026-04-06
2022-06-19,98,LNG,41.59,12.1,290.4,24,445.9754,0.59,Rough,FMS_MARITIME,2026-04-06
2022-06-20,98,VLSFO,64.99,11.9,285.6,24,708.6095,0.76,Moderate,FMS_MARITIME,2026-04-06
2022-06-21,98,HFO,77.69,8.8,211.2,24,1145.4861,0.76,Calm,FMS_MARITIME,2026-04-06
2022-06-22,98,LSMGO,17.78,9.8,235.2,24,235.4036,0.78,Calm,FMS_MARITIME,2026-04-06
2022-06-23,98,VLSFO,38.09,11.0,264.0,24,449.2889,0.79,Moderate,FMS_MARITIME,2026-04-06
2022-06-24,98,MGO,51.25,15.0,360.0,24,443.3125,0.9,Calm,FMS_MARITIME,2026-04-06
2022-06-25,98,LSMGO,37.09,15.5,372.0,24,310.4792,0.62,Moderate,FMS_MARITIME,2026-04-06
2022-06-26,98,LSMGO,18.16,11.3,271.2,24,208.5186,0.6,Calm,FMS_MARITIME,2026-04-06
2022-06-27,98,MGO,45.72,13.4,321.6,24,442.6993,0.42,Calm,FMS_MARITIME,2026-04-06
2022-06-28,98,HFO,36.84,14.2,340.8,24,336.619,0.91,Calm,FMS_MARITIME,2026-04-06
2022-06-28,98,LNG,75.64,13.7,328.8,24,716.3715,0.47,Calm,FMS_MARITIME,2026-04-06
2022-06-28,98,HFO,45.07,10.6,254.4,24,551.6823,0.53,Rough,FMS_MARITIME,2026-04-06
2022-06-01,99,LNG,84.86,14.5,348.0,24,759.3507,0.88,Moderate,FMS_MARITIME,2026-04-06
2022-06-02,99,MGO,17.8,14.9,357.6,24,155.0034,0.65,Moderate,FMS_MARITIME,2026-04-06
2022-06-03,99,HFO,82.86,16.3,391.2,24,659.5758,0.59,Rough,FMS_MARITIME,2026-04-06
2022-06-04,99,HFO,48.44,15.1,362.4,24,416.2311,0.58,Rough,FMS_MARITIME,2026-04-06
2022-06-05,99,LSMGO,17.42,10.5,252.0,24,215.2614,0.4,Moderate,FMS_MARITIME,2026-04-06
2022-06-06,99,VLSFO,68.99,16.6,398.4,24,539.2441,0.79,Moderate,FMS_MARITIME,2026-04-06
2022-06-07,99,VLSFO,84.05,8.9,213.6,24,1225.3357,0.96,Moderate,FMS_MARITIME,2026-04-06
2022-06-08,99,MGO,53.54,12.6,302.4,24,551.3345,0.45,Moderate,FMS_MARITIME,2026-04-06
2022-06-09,99,LNG,79.95,9.0,216.0,24,1152.6125,0.46,Calm,FMS_MARITIME,2026-04-06
2022-06-10,99,VLSFO,80.88,8.0,192.0,24,1311.7725,0.93,Calm,FMS_MARITIME,2026-04-06
2022-06-11,99,LNG,55.79,16.2,388.8,24,446.8366,0.41,Rough,FMS_MARITIME,2026-04-06
2022-06-12,99,LSMGO,29.44,16.4,393.6,24,232.9171,0.71,Calm,FMS_MARITIME,2026-04-06
2022-06-13,99,LSMGO,64.62,17.3,415.2,24,484.65,0.61,Rough,FMS_MARITIME,2026-04-06
2022-06-14,99,VLSFO,75.27,10.1,242.4,24,966.9587,0.5,Rough,FMS_MARITIME,2026-04-06
2022-06-15,99,MGO,76.7,17.5,420.0,24,568.6757,0.97,Calm,FMS_MARITIME,2026-04-06
2022-06-16,99,MGO,37.27,15.9,381.6,24,304.1373,0.4,Moderate,FMS_MARITIME,2026-04-06
2022-06-17,99,VLSFO,55.12,8.6,206.4,24,831.607,0.78,Calm,FMS_MARITIME,2026-04-06
2022-06-18,99,VLSFO,38.44,17.1,410.4,24,291.6719,0.78,Rough,FMS_MARITIME,2026-04-06
2022-06-19,99,VLSFO,23.15,14.1,338.4,24,213.0293,0.6,Rough,FMS_MARITIME,2026-04-06
2022-06-20,99,HFO,57.6,14.2,340.8,24,526.3099,0.66,Rough,FMS_MARITIME,2026-04-06
2022-06-21,99,VLSFO,23.16,10.0,240.0,24,300.501,0.59,Rough,FMS_MARITIME,2026-04-06
2022-06-22,99,HFO,36.77,17.1,410.4,24,279.0004,0.57,Rough,FMS_MARITIME,2026-04-06
2022-06-23,99,MGO,24.23,17.7,424.8,24,177.6182,0.96,Calm,FMS_MARITIME,2026-04-06
2022-06-24,99,LSMGO,72.87,13.7,328.8,24,690.1374,1.0,Calm,FMS_MARITIME,2026-04-06
2022-06-25,99,LNG,43.48,15.8,379.2,24,357.0589,0.43,Calm,FMS_MARITIME,2026-04-06
2022-06-26,99,LSMGO,27.73,15.9,381.6,24,226.2873,0.7,Calm,FMS_MARITIME,2026-04-06
2022-06-27,99,MGO,71.45,11.7,280.8,24,792.3622,0.79,Calm,FMS_MARITIME,2026-04-06
2022-06-28,99,LNG,61.42,11.0,264.0,24,724.4768,0.68,Moderate,FMS_MARITIME,2026-04-06
2022-06-28,99,HFO,27.33,16.3,391.2,24,217.5502,0.89,Rough,FMS_MARITIME,2026-04-06
2022-06-28,99,VLSFO,43.14,16.2,388.8,24,345.5194,0.43,Calm,FMS_MARITIME,2026-04-06
2022-06-01,100,MGO,57.4,10.6,254.4,24,702.6085,0.45,Calm,FMS_MARITIME,2026-04-06
2022-06-02,100,LSMGO,77.7,10.2,244.8,24,988.3897,0.87,Rough,FMS_MARITIME,2026-04-06
2022-06-03,100,MGO,38.18,13.3,319.2,24,372.4703,0.43,Calm,FMS_MARITIME,2026-04-06
2022-06-04,100,VLSFO,59.26,14.0,336.0,24,549.2132,0.77,Rough,FMS_MARITIME,2026-04-06
2022-06-05,100,LNG,66.41,11.6,278.4,24,742.8188,0.78,Calm,FMS_MARITIME,2026-04-06
2022-06-06,100,LSMGO,84.51,12.9,309.6,24,850.0134,0.59,Moderate,FMS_MARITIME,2026-04-06
2022-06-07,100,MGO,35.26,12.7,304.8,24,360.235,0.41,Moderate,FMS_MARITIME,2026-04-06
2022-06-08,100,HFO,16.65,13.4,321.6,24,161.2192,0.72,Rough,FMS_MARITIME,2026-04-06
2022-06-09,100,LNG,25.39,16.4,393.6,24,200.8752,0.4,Moderate,FMS_MARITIME,2026-04-06
2022-06-10,100,MGO,82.57,16.3,391.2,24,657.2673,0.57,Rough,FMS_MARITIME,2026-04-06
2022-06-11,100,HFO,54.07,13.7,328.8,24,512.0863,0.78,Calm,FMS_MARITIME,2026-04-06
2022-06-12,100,VLSFO,61.71,9.2,220.8,24,870.3122,0.52,Moderate,FMS_MARITIME,2026-04-06
2022-06-13,100,LNG,57.79,9.7,232.8,24,773.0157,0.97,Moderate,FMS_MARITIME,2026-04-06
2022-06-14,100,MGO,22.18,16.4,393.6,24,175.479,0.94,Moderate,FMS_MARITIME,2026-04-06
2022-06-15,100,HFO,19.81,14.1,338.4,24,182.2941,0.88,Moderate,FMS_MARITIME,2026-04-06
2022-06-16,100,LNG,25.55,9.0,216.0,24,368.3458,0.93,Moderate,FMS_MARITIME,2026-04-06
2022-06-17,100,MGO,36.91,14.2,340.8,24,337.2586,0.95,Calm,FMS_MARITIME,2026-04-06
2022-06-18,100,VLSFO,17.32,11.8,283.2,24,190.4466,0.44,Calm,FMS_MARITIME,2026-04-06
2022-06-19,100,LNG,54.95,8.1,194.4,24,880.2176,0.69,Calm,FMS_MARITIME,2026-04-06
2022-06-20,100,MGO,54.1,13.9,333.6,24,504.9982,0.44,Moderate,FMS_MARITIME,2026-04-06
2022-06-21,100,HFO,82.44,18.0,432.0,24,594.255,0.65,Rough,FMS_MARITIME,2026-04-06
2022-06-22,100,LSMGO,69.25,16.2,388.8,24,554.6412,0.97,Calm,FMS_MARITIME,2026-04-06
2022-06-23,100,VLSFO,36.99,11.1,266.4,24,432.3831,0.76,Calm,FMS_MARITIME,2026-04-06
2022-06-24,100,LNG,34.75,15.4,369.6,24,292.78,0.51,Calm,FMS_MARITIME,2026-04-06
2022-06-25,100,HFO,83.85,11.4,273.6,24,954.3454,0.74,Rough,FMS_MARITIME,2026-04-06
2022-06-26,100,MGO,20.97,8.5,204.0,24,320.1009,0.77,Rough,FMS_MARITIME,2026-04-06
2022-06-27,100,HFO,53.46,14.2,340.8,24,488.4813,0.5,Rough,FMS_MARITIME,2026-04-06
2022-06-28,100,VLSFO,51.38,8.1,194.4,24,823.0315,0.98,Moderate,FMS_MARITIME,2026-04-06
2022-06-28,100,VLSFO,53.45,9.3,223.2,24,745.7137,0.65,Calm,FMS_MARITIME,2026-04-06
2022-06-28,100,LNG,17.07,11.4,273.6,24,194.2836,0.74,Calm,FMS_MARITIME,2026-04-06
2022-06-01,101,LNG,65.93,14.7,352.8,24,581.9332,0.45,Moderate,FMS_MARITIME,2026-04-06
2022-06-02,101,VLSFO,79.02,12.4,297.6,24,826.8423,0.63,Moderate,FMS_MARITIME,2026-04-06
2022-06-03,101,HFO,63.38,12.8,307.2,24,642.4652,0.46,Moderate,FMS_MARITIME,2026-04-06
2022-06-04,101,HFO,21.64,14.4,345.6,24,194.9854,0.63,Calm,FMS_MARITIME,2026-04-06
2022-06-05,101,LSMGO,19.64,15.1,362.4,24,168.7609,0.94,Rough,FMS_MARITIME,2026-04-06
2022-06-06,101,MGO,38.99,13.3,319.2,24,380.3724,0.6,Calm,FMS_MARITIME,2026-04-06
2022-06-07,101,VLSFO,52.47,8.3,199.2,24,820.2389,0.44,Rough,FMS_MARITIME,2026-04-06
2022-06-08,101,LSMGO,80.01,11.2,268.8,24,926.9016,0.65,Rough,FMS_MARITIME,2026-04-06
2022-06-09,101,HFO,36.6,12.1,290.4,24,392.4669,0.93,Rough,FMS_MARITIME,2026-04-06
2022-06-10,101,VLSFO,71.62,11.4,273.6,24,815.1487,0.49,Calm,FMS_MARITIME,2026-04-06
2022-06-11,101,HFO,56.85,11.8,283.2,24,625.1091,0.97,Calm,FMS_MARITIME,2026-04-06
2022-06-12,101,LNG,72.52,15.2,364.8,24,619.0441,0.51,Moderate,FMS_MARITIME,2026-04-06
2022-06-13,101,HFO,42.22,12.7,304.8,24,431.3421,0.8,Calm,FMS_MARITIME,2026-04-06
2022-06-14,101,HFO,30.84,15.2,364.8,24,263.2559,0.79,Calm,FMS_MARITIME,2026-04-06
2022-06-15,101,LNG,83.91,10.5,252.0,24,1036.8879,0.99,Calm,FMS_MARITIME,2026-04-06
2022-06-16,101,MGO,81.87,11.3,271.2,24,940.056,0.61,Rough,FMS_MARITIME,2026-04-06
2022-06-17,101,MGO,73.58,9.3,223.2,24,1026.5597,0.83,Calm,FMS_MARITIME,2026-04-06
2022-06-18,101,MGO,32.74,12.5,300.0,24,339.8412,0.98,Calm,FMS_MARITIME,2026-04-06
2022-06-19,101,LSMGO,75.57,17.6,422.4,24,557.1141,0.96,Calm,FMS_MARITIME,2026-04-06
2022-06-20,101,VLSFO,72.24,15.4,369.6,24,608.6455,0.98,Calm,FMS_MARITIME,2026-04-06
2022-06-21,101,LSMGO,69.62,10.0,240.0,24,903.3195,0.41,Rough,FMS_MARITIME,2026-04-06
2022-06-22,101,MGO,70.31,14.4,345.6,24,633.5224,0.68,Moderate,FMS_MARITIME,2026-04-06
2022-06-23,101,LNG,63.16,17.9,429.6,24,457.8218,0.45,Moderate,FMS_MARITIME,2026-04-06
2022-06-24,101,LSMGO,72.47,11.2,268.8,24,839.552,0.74,Calm,FMS_MARITIME,2026-04-06
2022-06-25,101,MGO,22.35,14.5,348.0,24,199.994,0.83,Calm,FMS_MARITIME,2026-04-06
2022-06-26,101,LNG,29.1,15.0,360.0,24,251.715,0.43,Rough,FMS_MARITIME,2026-04-06
2022-06-27,101,LNG,21.4,16.8,403.2,24,165.2768,0.8,Moderate,FMS_MARITIME,2026-04-06
2022-06-28,101,VLSFO,22.14,14.3,343.2,24,200.8857,0.59,Rough,FMS_MARITIME,2026-04-06
2022-06-28,101,VLSFO,19.38,15.7,376.8,24,160.1627,0.64,Moderate,FMS_MARITIME,2026-04-06
2022-06-28,101,HFO,37.29,11.2,268.8,24,431.998,0.82,Rough,FMS_MARITIME,2026-04-06
2022-06-01,102,LNG,69.78,14.1,338.4,24,642.1245,0.42,Rough,FMS_MARITIME,2026-04-06
2022-06-02,102,HFO,55.61,13.6,326.4,24,530.5439,0.77,Rough,FMS_MARITIME,2026-04-06
2022-06-03,102,HFO,75.46,15.2,364.8,24,644.1405,0.59,Rough,FMS_MARITIME,2026-04-06
2022-06-04,102,LSMGO,49.92,17.7,424.8,24,365.939,0.59,Rough,FMS_MARITIME,2026-04-06
2022-06-05,102,MGO,76.83,17.2,412.8,24,579.5751,0.44,Calm,FMS_MARITIME,2026-04-06
2022-06-06,102,LSMGO,48.49,12.6,302.4,24,499.3315,0.5,Calm,FMS_MARITIME,2026-04-06
2022-06-07,102,VLSFO,54.56,17.3,415.2,24,409.2,0.6,Rough,FMS_MARITIME,2026-04-06
2022-06-08,102,LNG,42.24,10.1,242.4,24,542.6376,0.7,Rough,FMS_MARITIME,2026-04-06
2022-06-09,102,VLSFO,49.57,10.0,240.0,24,643.1707,0.9,Moderate,FMS_MARITIME,2026-04-06
2022-06-10,102,HFO,53.01,15.3,367.2,24,449.5456,0.41,Moderate,FMS_MARITIME,2026-04-06
2022-06-11,102,MGO,31.82,11.4,273.6,24,362.1618,0.69,Moderate,FMS_MARITIME,2026-04-06
2022-06-12,102,LNG,68.57,10.4,249.6,24,855.4767,0.6,Moderate,FMS_MARITIME,2026-04-06
2022-06-13,102,MGO,20.64,9.0,216.0,24,297.56,0.54,Calm,FMS_MARITIME,2026-04-06
2022-06-14,102,LNG,50.68,8.1,194.4,24,811.8185,0.81,Rough,FMS_MARITIME,2026-04-06
2022-06-15,102,MGO,69.61,11.1,266.4,24,813.6845,0.42,Moderate,FMS_MARITIME,2026-04-06
2022-06-16,102,LSMGO,70.42,17.8,427.2,24,513.3143,0.46,Calm,FMS_MARITIME,2026-04-06
2022-06-17,102,HFO,84.95,17.0,408.0,24,648.3684,0.47,Rough,FMS_MARITIME,2026-04-06
2022-06-18,102,VLSFO,41.94,10.1,242.4,24,538.7837,0.8,Moderate,FMS_MARITIME,2026-04-06
2022-06-19,102,MGO,62.05,16.1,386.4,24,500.0613,0.63,Moderate,FMS_MARITIME,2026-04-06
2022-06-20,102,LSMGO,26.35,17.4,417.6,24,196.4892,0.9,Moderate,FMS_MARITIME,2026-04-06
2022-06-21,102,MGO,54.92,13.2,316.8,24,539.8386,0.81,Moderate,FMS_MARITIME,2026-04-06
2022-06-22,102,MGO,20.14,12.0,288.0,24,217.7637,0.51,Moderate,FMS_MARITIME,2026-04-06
2022-06-23,102,HFO,43.77,17.9,429.6,24,317.2714,0.54,Rough,FMS_MARITIME,2026-04-06
2022-06-24,102,LNG,29.49,12.3,295.2,24,311.0835,0.88,Rough,FMS_MARITIME,2026-04-06
2022-06-25,102,HFO,67.91,15.7,376.8,24,561.2307,0.9,Calm,FMS_MARITIME,2026-04-06
2022-06-26,102,VLSFO,43.36,16.0,384.0,24,351.6225,0.98,Rough,FMS_MARITIME,2026-04-06
2022-06-27,102,MGO,32.69,13.9,333.6,24,305.1459,0.42,Calm,FMS_MARITIME,2026-04-06
2022-06-28,102,VLSFO,82.25,11.4,273.6,24,936.1349,0.41,Rough,FMS_MARITIME,2026-04-06
2022-06-28,102,VLSFO,15.32,14.5,348.0,24,137.0876,0.79,Moderate,FMS_MARITIME,2026-04-06
2022-06-28,102,LSMGO,48.76,17.8,427.2,24,355.4275,0.6,Rough,FMS_MARITIME,2026-04-06
2022-06-01,103,MGO,17.38,15.2,364.8,24,148.3589,0.56,Calm,FMS_MARITIME,2026-04-06
2022-06-02,103,VLSFO,82.27,10.8,259.2,24,988.3826,0.55,Rough,FMS_MARITIME,2026-04-06
2022-06-03,103,VLSFO,34.17,16.8,403.2,24,263.9022,0.81,Rough,FMS_MARITIME,2026-04-06
2022-06-04,103,MGO,37.63,16.5,396.0,24,295.9086,0.8,Rough,FMS_MARITIME,2026-04-06
2022-06-05,103,LSMGO,32.8,12.8,307.2,24,332.4844,0.55,Rough,FMS_MARITIME,2026-04-06
2022-06-06,103,MGO,34.18,17.6,422.4,24,251.9804,0.79,Rough,FMS_MARITIME,2026-04-06
2022-06-07,103,MGO,58.29,12.6,302.4,24,600.2482,0.92,Moderate,FMS_MARITIME,2026-04-06
2022-06-08,103,LNG,30.12,9.6,230.4,24,407.0906,0.46,Rough,FMS_MARITIME,2026-04-06
2022-06-09,103,VLSFO,62.44,9.6,230.4,24,843.9156,0.93,Moderate,FMS_MARITIME,2026-04-06
2022-06-10,103,MGO,27.49,12.7,304.8,24,280.8526,0.67,Rough,FMS_MARITIME,2026-04-06
2022-06-11,103,MGO,43.35,13.9,333.6,24,404.652,0.64,Moderate,FMS_MARITIME,2026-04-06
2022-06-12,103,LNG,31.4,12.6,302.4,24,323.3452,0.53,Calm,FMS_MARITIME,2026-04-06
2022-06-13,103,LNG,52.29,13.4,321.6,24,506.3155,0.67,Calm,FMS_MARITIME,2026-04-06
2022-06-14,103,MGO,64.62,9.7,232.8,24,864.3758,0.8,Rough,FMS_MARITIME,2026-04-06
2022-06-15,103,LSMGO,45.86,17.6,422.4,24,338.0872,0.75,Rough,FMS_MARITIME,2026-04-06
2022-06-16,103,VLSFO,76.96,9.5,228.0,24,1051.1116,0.72,Moderate,FMS_MARITIME,2026-04-06
2022-06-17,103,VLSFO,38.7,14.9,357.6,24,337.0017,0.9,Calm,FMS_MARITIME,2026-04-06
2022-06-18,103,LNG,69.7,13.6,326.4,24,664.9688,0.99,Calm,FMS_MARITIME,2026-04-06
2022-06-19,103,LNG,23.56,12.5,300.0,24,244.5528,0.9,Rough,FMS_MARITIME,2026-04-06
2022-06-20,103,LSMGO,65.09,14.6,350.4,24,578.4539,0.66,Moderate,FMS_MARITIME,2026-04-06
2022-06-21,103,MGO,23.12,11.6,278.4,24,258.6052,0.46,Rough,FMS_MARITIME,2026-04-06
2022-06-22,103,MGO,64.18,9.2,220.8,24,905.1473,0.58,Calm,FMS_MARITIME,2026-04-06
2022-06-23,103,HFO,81.84,15.3,367.2,24,694.0353,0.43,Calm,FMS_MARITIME,2026-04-06
2022-06-24,103,LNG,33.76,9.4,225.6,24,465.9957,0.89,Calm,FMS_MARITIME,2026-04-06
2022-06-25,103,HFO,16.06,10.8,259.2,24,192.9431,0.71,Calm,FMS_MARITIME,2026-04-06
2022-06-26,103,MGO,77.66,15.3,367.2,24,658.5873,0.75,Calm,FMS_MARITIME,2026-04-06
2022-06-27,103,VLSFO,78.65,9.6,230.4,24,1063.0039,0.91,Calm,FMS_MARITIME,2026-04-06
2022-06-28,103,MGO,81.68,14.8,355.2,24,716.0797,0.56,Moderate,FMS_MARITIME,2026-04-06
2022-06-28,103,LSMGO,49.0,11.1,266.4,24,572.7703,0.95,Rough,FMS_MARITIME,2026-04-06
2022-06-28,103,HFO,77.68,17.2,412.8,24,585.9872,0.61,Moderate,FMS_MARITIME,2026-04-06
2022-06-01,104,HFO,37.92,11.8,283.2,24,416.9593,0.93,Calm,FMS_MARITIME,2026-04-06
2022-06-02,104,LSMGO,82.44,16.0,384.0,24,668.5369,0.91,Calm,FMS_MARITIME,2026-04-06
2022-06-03,104,VLSFO,53.56,10.9,261.6,24,637.5606,0.8,Calm,FMS_MARITIME,2026-04-06
2022-06-04,104,LSMGO,64.93,8.6,206.4,24,979.6125,0.91,Rough,FMS_MARITIME,2026-04-06
2022-06-05,104,LNG,28.51,16.4,393.6,24,225.5593,0.78,Calm,FMS_MARITIME,2026-04-06
2022-06-06,104,LSMGO,17.49,14.4,345.6,24,157.5922,0.8,Calm,FMS_MARITIME,2026-04-06
2022-06-07,104,LSMGO,22.47,15.7,376.8,24,185.6995,0.54,Calm,FMS_MARITIME,2026-04-06
2022-06-08,104,LNG,43.43,10.1,242.4,24,557.925,0.93,Rough,FMS_MARITIME,2026-04-06
2022-06-09,104,LNG,17.04,13.3,319.2,24,166.2361,0.66,Rough,FMS_MARITIME,2026-04-06
2022-06-10,104,MGO,75.64,10.8,259.2,24,908.7306,0.4,Rough,FMS_MARITIME,2026-04-06
2022-06-11,104,MGO,32.67,16.0,384.0,24,264.9333,0.52,Rough,FMS_MARITIME,2026-04-06
2022-06-12,104,MGO,19.7,8.3,199.2,24,307.9608,0.62,Moderate,FMS_MARITIME,2026-04-06
2022-06-13,104,HFO,40.4,16.6,398.4,24,315.7771,0.48,Moderate,FMS_MARITIME,2026-04-06
2022-06-14,104,LNG,80.12,14.8,355.2,24,702.4034,0.97,Calm,FMS_MARITIME,2026-04-06
2022-06-15,104,MGO,37.74,18.0,432.0,24,272.0425,0.62,Moderate,FMS_MARITIME,2026-04-06
2022-06-16,104,VLSFO,32.13,9.9,237.6,24,421.0977,0.97,Calm,FMS_MARITIME,2026-04-06
2022-06-17,104,HFO,76.36,11.8,283.2,24,839.6364,0.54,Moderate,FMS_MARITIME,2026-04-06
2022-06-18,104,VLSFO,55.51,14.7,352.8,24,489.9607,0.68,Rough,FMS_MARITIME,2026-04-06
2022-06-19,104,LNG,34.93,8.3,199.2,24,546.0443,0.52,Moderate,FMS_MARITIME,2026-04-06
2022-06-20,104,HFO,56.49,10.8,259.2,24,678.6646,0.89,Calm,FMS_MARITIME,2026-04-06
2022-06-21,104,LSMGO,78.08,16.2,388.8,24,625.363,0.46,Rough,FMS_MARITIME,2026-04-06
2022-06-22,104,LSMGO,48.97,8.0,192.0,24,794.2322,0.91,Moderate,FMS_MARITIME,2026-04-06
2022-06-23,104,HFO,68.61,14.1,338.4,24,631.358,0.8,Calm,FMS_MARITIME,2026-04-06
2022-06-24,104,MGO,30.75,8.8,211.2,24,453.3878,0.94,Moderate,FMS_MARITIME,2026-04-06
2022-06-25,104,MGO,29.11,14.3,343.2,24,264.1274,0.89,Calm,FMS_MARITIME,2026-04-06
2022-06-26,104,MGO,20.31,14.2,340.8,24,185.579,0.65,Rough,FMS_MARITIME,2026-04-06
2022-06-27,104,VLSFO,19.3,15.9,381.6,24,157.4953,0.94,Rough,FMS_MARITIME,2026-04-06
2022-06-28,104,MGO,69.78,15.1,362.4,24,599.5997,0.61,Moderate,FMS_MARITIME,2026-04-06
2022-06-28,104,LSMGO,58.55,15.1,362.4,24,503.1035,0.72,Moderate,FMS_MARITIME,2026-04-06
2022-06-28,104,LNG,78.47,13.8,331.2,24,737.7886,0.69,Calm,FMS_MARITIME,2026-04-06
2022-06-01,105,HFO,42.74,10.3,247.2,24,538.3995,0.48,Calm,FMS_MARITIME,2026-04-06
2022-06-02,105,LSMGO,58.38,8.6,206.4,24,880.7913,0.61,Rough,FMS_MARITIME,2026-04-06
2022-06-03,105,HFO,67.08,9.1,218.4,24,956.4429,0.48,Rough,FMS_MARITIME,2026-04-06
2022-06-04,105,VLSFO,52.57,16.2,388.8,24,421.0468,0.74,Moderate,FMS_MARITIME,2026-04-06
2022-06-05,105,VLSFO,17.09,10.7,256.8,24,207.2362,1.0,Moderate,FMS_MARITIME,2026-04-06
2022-06-06,105,HFO,33.18,14.9,357.6,24,288.9332,0.73,Moderate,FMS_MARITIME,2026-04-06
2022-06-07,105,HFO,79.75,8.1,194.4,24,1277.4769,0.4,Rough,FMS_MARITIME,2026-04-06
2022-06-08,105,HFO,24.2,13.5,324.0,24,232.5889,0.47,Moderate,FMS_MARITIME,2026-04-06
2022-06-09,105,VLSFO,79.17,15.7,376.8,24,654.2871,0.45,Calm,FMS_MARITIME,2026-04-06
2022-06-10,105,HFO,66.31,18.0,432.0,24,477.9846,0.54,Moderate,FMS_MARITIME,2026-04-06
2022-06-11,105,VLSFO,77.75,14.0,336.0,24,720.5759,0.43,Calm,FMS_MARITIME,2026-04-06
2022-06-12,105,MGO,53.27,14.9,357.6,24,463.878,0.42,Calm,FMS_MARITIME,2026-04-06
2022-06-13,105,VLSFO,39.3,13.0,312.0,24,392.2442,0.61,Moderate,FMS_MARITIME,2026-04-06
2022-06-14,105,VLSFO,68.66,10.9,261.6,24,817.306,0.62,Moderate,FMS_MARITIME,2026-04-06
2022-06-15,105,LSMGO,19.82,15.8,379.2,24,162.7623,0.41,Moderate,FMS_MARITIME,2026-04-06
2022-06-16,105,VLSFO,18.45,12.5,300.0,24,191.511,0.72,Rough,FMS_MARITIME,2026-04-06
2022-06-17,105,LSMGO,34.09,16.3,391.2,24,271.3606,0.9,Moderate,FMS_MARITIME,2026-04-06
2022-06-18,105,HFO,77.23,17.8,427.2,24,562.9546,0.66,Rough,FMS_MARITIME,2026-04-06
2022-06-19,105,LSMGO,59.13,11.5,276.0,24,667.1407,0.64,Rough,FMS_MARITIME,2026-04-06
2022-06-20,105,MGO,79.61,12.2,292.8,24,846.6719,0.98,Moderate,FMS_MARITIME,2026-04-06
2022-06-21,105,MGO,63.15,13.0,312.0,24,630.2856,0.54,Moderate,FMS_MARITIME,2026-04-06
2022-06-22,105,HFO,57.09,11.2,268.8,24,661.3775,0.92,Moderate,FMS_MARITIME,2026-04-06
2022-06-23,105,MGO,45.61,15.7,376.8,24,376.9361,0.93,Moderate,FMS_MARITIME,2026-04-06
2022-06-24,105,VLSFO,70.3,10.0,240.0,24,912.1425,0.56,Calm,FMS_MARITIME,2026-04-06
2022-06-25,105,VLSFO,41.64,10.6,254.4,24,509.6972,0.74,Calm,FMS_MARITIME,2026-04-06
2022-06-26,105,LNG,67.11,12.7,304.8,24,685.6317,0.87,Calm,FMS_MARITIME,2026-04-06
2022-06-27,105,MGO,30.12,11.7,280.8,24,334.0231,0.81,Moderate,FMS_MARITIME,2026-04-06
2022-06-28,105,MGO,45.21,15.6,374.4,24,376.0255,0.46,Moderate,FMS_MARITIME,2026-04-06
2022-06-28,105,VLSFO,62.78,10.6,254.4,24,768.4627,0.55,Rough,FMS_MARITIME,2026-04-06
2022-06-28,105,LNG,66.82,9.6,230.4,24,903.1141,0.78,Calm,FMS_MARITIME,2026-04-06
2022-06-01,106,LNG,49.3,12.7,304.8,24,503.6752,0.7,Moderate,FMS_MARITIME,2026-04-06
2022-06-02,106,MGO,39.59,13.5,324.0,24,380.5039,0.67,Calm,FMS_MARITIME,2026-04-06
2022-06-03,106,LSMGO,69.14,15.1,362.4,24,594.1003,0.61,Calm,FMS_MARITIME,2026-04-06
2022-06-04,106,LSMGO,84.25,11.9,285.6,24,918.6082,0.42,Moderate,FMS_MARITIME,2026-04-06
2022-06-05,106,LNG,37.09,11.1,266.4,24,433.552,0.45,Moderate,FMS_MARITIME,2026-04-06
2022-06-06,106,LNG,66.5,11.6,278.4,24,743.8254,0.89,Rough,FMS_MARITIME,2026-04-06
2022-06-07,106,MGO,70.41,8.2,196.8,24,1114.1095,0.58,Moderate,FMS_MARITIME,2026-04-06
2022-06-08,106,MGO,74.87,15.3,367.2,24,634.927,0.63,Moderate,FMS_MARITIME,2026-04-06
2022-06-09,106,HFO,78.46,10.7,256.8,24,951.4192,0.95,Rough,FMS_MARITIME,2026-04-06
2022-06-10,106,MGO,74.67,9.3,223.2,24,1041.7669,0.47,Rough,FMS_MARITIME,2026-04-06
2022-06-11,106,LSMGO,57.77,10.9,261.6,24,687.675,0.99,Calm,FMS_MARITIME,2026-04-06
2022-06-12,106,HFO,51.64,13.7,328.8,24,489.0723,0.93,Calm,FMS_MARITIME,2026-04-06
2022-06-13,106,LSMGO,77.31,9.6,230.4,24,1044.893,0.49,Rough,FMS_MARITIME,2026-04-06
2022-06-14,106,MGO,48.46,8.5,204.0,24,739.7276,0.49,Moderate,FMS_MARITIME,2026-04-06
2022-06-15,106,HFO,15.34,15.2,364.8,24,130.9451,0.58,Moderate,FMS_MARITIME,2026-04-06
2022-06-16,106,MGO,50.76,11.6,278.4,24,567.7681,0.97,Rough,FMS_MARITIME,2026-04-06
2022-06-17,106,LSMGO,69.08,12.7,304.8,24,705.7583,0.51,Calm,FMS_MARITIME,2026-04-06
2022-06-18,106,LNG,75.25,10.0,240.0,24,976.3687,0.56,Rough,FMS_MARITIME,2026-04-06
2022-06-19,106,LSMGO,49.81,13.7,328.8,24,471.7407,0.71,Rough,FMS_MARITIME,2026-04-06
2022-06-20,106,LSMGO,70.76,12.5,300.0,24,734.4888,0.75,Calm,FMS_MARITIME,2026-04-06
2022-06-21,106,LSMGO,23.95,17.1,410.4,24,181.7259,0.57,Rough,FMS_MARITIME,2026-04-06
2022-06-22,106,HFO,52.5,8.8,211.2,24,774.0767,0.73,Rough,FMS_MARITIME,2026-04-06
2022-06-23,106,LNG,24.74,14.1,338.4,24,227.6606,0.68,Calm,FMS_MARITIME,2026-04-06
2022-06-24,106,HFO,23.17,11.2,268.8,24,268.4203,0.81,Moderate,FMS_MARITIME,2026-04-06
2022-06-25,106,MGO,76.25,12.2,292.8,24,810.9375,0.87,Rough,FMS_MARITIME,2026-04-06
2022-06-26,106,MGO,78.72,16.0,384.0,24,638.37,0.4,Rough,FMS_MARITIME,2026-04-06
2022-06-27,106,LNG,23.73,13.8,331.2,24,223.1136,0.77,Rough,FMS_MARITIME,2026-04-06
2022-06-28,106,VLSFO,70.62,15.2,364.8,24,602.8253,0.56,Calm,FMS_MARITIME,2026-04-06
2022-06-28,106,VLSFO,46.18,8.3,199.2,24,721.9102,0.58,Calm,FMS_MARITIME,2026-04-06
2022-06-28,106,HFO,71.98,12.7,304.8,24,735.3862,0.7,Moderate,FMS_MARITIME,2026-04-06
2022-06-01,107,LSMGO,48.1,8.8,211.2,24,709.2017,0.4,Moderate,FMS_MARITIME,2026-04-06
2022-06-02,107,HFO,73.81,17.9,429.6,24,535.0194,0.95,Moderate,FMS_MARITIME,2026-04-06
2022-06-03,107,MGO,59.97,16.1,386.4,24,483.2986,0.64,Moderate,FMS_MARITIME,2026-04-06
2022-06-04,107,VLSFO,59.15,18.0,432.0,24,426.3729,0.7,Rough,FMS_MARITIME,2026-04-06
2022-06-05,107,HFO,70.49,16.4,393.6,24,557.6877,0.56,Calm,FMS_MARITIME,2026-04-06
2022-06-06,107,LNG,50.45,9.2,220.8,24,711.5095,0.63,Rough,FMS_MARITIME,2026-04-06
2022-06-07,107,VLSFO,45.65,17.2,412.8,24,344.3656,0.76,Rough,FMS_MARITIME,2026-04-06
2022-06-08,107,LSMGO,68.58,11.1,266.4,24,801.6446,0.54,Moderate,FMS_MARITIME,2026-04-06
2022-06-09,107,LSMGO,47.13,9.5,228.0,24,643.6966,0.82,Calm,FMS_MARITIME,2026-04-06
2022-06-10,107,LSMGO,60.43,13.4,321.6,24,585.1338,0.48,Rough,FMS_MARITIME,2026-04-06
2022-06-11,107,HFO,24.84,9.4,225.6,24,342.8713,0.98,Rough,FMS_MARITIME,2026-04-06
2022-06-12,107,HFO,29.57,11.5,276.0,24,333.6267,0.44,Calm,FMS_MARITIME,2026-04-06
2022-06-13,107,MGO,55.96,11.0,264.0,24,660.0736,0.93,Rough,FMS_MARITIME,2026-04-06
2022-06-14,107,MGO,69.45,11.2,268.8,24,804.5658,0.7,Calm,FMS_MARITIME,2026-04-06
2022-06-15,107,MGO,60.36,17.5,420.0,24,447.5263,0.68,Moderate,FMS_MARITIME,2026-04-06
2022-06-16,107,LSMGO,23.51,13.5,324.0,24,225.9572,0.4,Calm,FMS_MARITIME,2026-04-06
2022-06-17,107,HFO,36.66,11.1,266.4,24,428.5257,0.46,Rough,FMS_MARITIME,2026-04-06
2022-06-18,107,LSMGO,44.87,17.1,410.4,24,340.461,0.41,Moderate,FMS_MARITIME,2026-04-06
2022-06-19,107,MGO,50.37,9.7,232.8,24,673.7637,0.44,Rough,FMS_MARITIME,2026-04-06
2022-06-20,107,HFO,51.42,14.9,357.6,24,447.7681,0.61,Moderate,FMS_MARITIME,2026-04-06
2022-06-21,107,HFO,20.7,16.2,388.8,24,165.7917,0.91,Rough,FMS_MARITIME,2026-04-06
2022-06-22,107,MGO,40.05,13.2,316.8,24,393.6733,0.56,Moderate,FMS_MARITIME,2026-04-06
2022-06-23,107,HFO,44.06,14.1,338.4,24,405.4457,0.52,Moderate,FMS_MARITIME,2026-04-06
2022-06-24,107,HFO,65.64,8.8,211.2,24,967.817,0.85,Rough,FMS_MARITIME,2026-04-06
2022-06-25,107,LNG,64.03,8.5,204.0,24,977.3991,0.4,Moderate,FMS_MARITIME,2026-04-06
2022-06-26,107,MGO,30.08,10.8,259.2,24,361.3778,0.97,Rough,FMS_MARITIME,2026-04-06
2022-06-27,107,HFO,22.65,8.9,213.6,24,330.2065,0.57,Moderate,FMS_MARITIME,2026-04-06
2022-06-28,107,LSMGO,45.17,10.7,256.8,24,547.739,0.69,Rough,FMS_MARITIME,2026-04-06
2022-06-28,107,VLSFO,38.95,9.4,225.6,24,537.6343,0.87,Moderate,FMS_MARITIME,2026-04-06
2022-06-28,107,HFO,61.45,9.4,225.6,24,848.2061,0.78,Rough,FMS_MARITIME,2026-04-06
2022-06-01,108,MGO,15.74,14.2,340.8,24,143.8215,0.87,Moderate,FMS_MARITIME,2026-04-06
2022-06-02,108,VLSFO,58.47,11.4,273.6,24,665.4809,0.91,Moderate,FMS_MARITIME,2026-04-06
2022-06-03,108,MGO,35.57,14.0,336.0,24,329.6577,0.94,Moderate,FMS_MARITIME,2026-04-06
2022-06-04,108,LNG,26.93,13.0,312.0,24,268.7821,0.76,Rough,FMS_MARITIME,2026-04-06
2022-06-05,108,VLSFO,32.68,10.7,256.8,24,396.2832,0.87,Moderate,FMS_MARITIME,2026-04-06
2022-06-06,108,LSMGO,38.05,9.3,223.2,24,530.8589,0.74,Calm,FMS_MARITIME,2026-04-06
2022-06-07,108,LSMGO,37.91,14.2,340.8,24,346.396,0.44,Rough,FMS_MARITIME,2026-04-06
2022-06-08,108,HFO,54.75,9.4,225.6,24,755.7247,0.54,Rough,FMS_MARITIME,2026-04-06
2022-06-09,108,MGO,20.32,10.6,254.4,24,248.7283,0.54,Calm,FMS_MARITIME,2026-04-06
2022-06-10,108,LSMGO,18.25,10.3,247.2,24,229.8968,0.74,Calm,FMS_MARITIME,2026-04-06
2022-06-11,108,LSMGO,83.36,11.6,278.4,24,932.4103,0.57,Rough,FMS_MARITIME,2026-04-06
2022-06-12,108,HFO,29.67,11.9,285.6,24,323.5027,0.57,Calm,FMS_MARITIME,2026-04-06
2022-06-13,108,HFO,75.93,14.2,340.8,24,693.797,0.94,Rough,FMS_MARITIME,2026-04-06
2022-06-14,108,MGO,57.18,9.3,223.2,24,797.7532,0.51,Moderate,FMS_MARITIME,2026-04-06
2022-06-15,108,LSMGO,55.6,8.9,213.6,24,810.573,0.85,Rough,FMS_MARITIME,2026-04-06
2022-06-16,108,LNG,53.85,14.0,336.0,24,499.0741,0.89,Rough,FMS_MARITIME,2026-04-06
2022-06-17,108,MGO,64.49,16.1,386.4,24,519.7253,0.7,Rough,FMS_MARITIME,2026-04-06
2022-06-18,108,VLSFO,83.15,10.1,242.4,24,1068.1894,0.79,Rough,FMS_MARITIME,2026-04-06
2022-06-19,108,LNG,42.91,14.8,355.2,24,376.1873,0.96,Calm,FMS_MARITIME,2026-04-06
2022-06-20,108,VLSFO,59.63,11.6,278.4,24,666.9821,0.93,Calm,FMS_MARITIME,2026-04-06
2022-06-21,108,MGO,27.57,17.3,415.2,24,206.775,0.83,Calm,FMS_MARITIME,2026-04-06
2022-06-22,108,VLSFO,76.6,15.3,367.2,24,649.598,0.67,Rough,FMS_MARITIME,2026-04-06
2022-06-23,108,VLSFO,54.86,12.5,300.0,24,569.4468,0.63,Calm,FMS_MARITIME,2026-04-06
2022-06-24,108,VLSFO,43.15,10.9,261.6,24,513.6433,0.87,Moderate,FMS_MARITIME,2026-04-06
2022-06-25,108,VLSFO,63.92,14.9,357.6,24,556.6188,0.97,Moderate,FMS_MARITIME,2026-04-06
2022-06-26,108,VLSFO,37.59,13.0,312.0,24,375.1771,0.44,Rough,FMS_MARITIME,2026-04-06
2022-06-27,108,VLSFO,46.07,13.5,324.0,24,442.7839,0.84,Moderate,FMS_MARITIME,2026-04-06
2022-06-28,108,VLSFO,22.43,13.6,326.4,24,213.9921,0.56,Calm,FMS_MARITIME,2026-04-06
2022-06-28,108,VLSFO,19.8,17.7,424.8,24,145.1441,0.99,Calm,FMS_MARITIME,2026-04-06
2022-06-28,108,LNG,68.79,17.4,417.6,24,512.9599,0.79,Moderate,FMS_MARITIME,2026-04-06
2022-06-01,109,VLSFO,63.67,8.4,201.6,24,983.4741,0.93,Rough,FMS_MARITIME,2026-04-06
2022-06-02,109,VLSFO,75.57,9.0,216.0,24,1089.4675,0.48,Rough,FMS_MARITIME,2026-04-06
2022-06-03,109,LNG,70.81,17.5,420.0,24,525.0056,0.7,Rough,FMS_MARITIME,2026-04-06
2022-06-04,109,LNG,68.66,9.8,235.2,24,909.0444,0.53,Rough,FMS_MARITIME,2026-04-06
2022-06-05,109,MGO,57.32,12.3,295.2,24,604.6561,0.66,Calm,FMS_MARITIME,2026-04-06
2022-06-06,109,MGO,39.94,12.8,307.2,24,404.8605,0.53,Calm,FMS_MARITIME,2026-04-06
2022-06-07,109,HFO,44.36,12.8,307.2,24,449.6648,0.83,Rough,FMS_MARITIME,2026-04-06
2022-06-08,109,VLSFO,36.43,11.6,278.4,24,407.4821,0.51,Rough,FMS_MARITIME,2026-04-06
2022-06-09,109,MGO,30.88,10.4,249.6,24,385.2577,1.0,Calm,FMS_MARITIME,2026-04-06
2022-06-10,109,LNG,22.31,16.8,403.2,24,172.3049,0.45,Calm,FMS_MARITIME,2026-04-06
2022-06-11,109,MGO,43.51,9.8,235.2,24,576.0635,0.68,Rough,FMS_MARITIME,2026-04-06
2022-06-12,109,LNG,48.92,17.3,415.2,24,366.9,0.46,Rough,FMS_MARITIME,2026-04-06
2022-06-13,109,MGO,65.72,9.1,218.4,24,937.0516,0.65,Calm,FMS_MARITIME,2026-04-06
2022-06-14,109,HFO,59.56,12.8,307.2,24,603.743,0.96,Rough,FMS_MARITIME,2026-04-06
2022-06-15,109,HFO,84.23,16.6,398.4,24,658.364,0.54,Rough,FMS_MARITIME,2026-04-06
2022-06-16,109,VLSFO,61.23,14.9,357.6,24,533.1941,0.87,Calm,FMS_MARITIME,2026-04-06
2022-06-17,109,VLSFO,74.31,18.0,432.0,24,535.6513,0.78,Rough,FMS_MARITIME,2026-04-06
2022-06-18,109,HFO,28.36,11.9,285.6,24,309.2193,0.65,Rough,FMS_MARITIME,2026-04-06
2022-06-19,109,HFO,31.73,12.8,307.2,24,321.6381,0.84,Calm,FMS_MARITIME,2026-04-06
2022-06-20,109,HFO,41.07,16.2,388.8,24,328.9403,0.7,Moderate,FMS_MARITIME,2026-04-06
2022-06-21,109,HFO,34.38,11.0,264.0,24,405.5277,0.77,Calm,FMS_MARITIME,2026-04-06
2022-06-22,109,VLSFO,22.53,16.4,393.6,24,178.248,0.73,Calm,FMS_MARITIME,2026-04-06
2022-06-23,109,MGO,40.31,11.2,268.8,24,466.9842,0.59,Rough,FMS_MARITIME,2026-04-06
2022-06-24,109,HFO,83.34,15.5,372.0,24,697.6365,0.91,Moderate,FMS_MARITIME,2026-04-06
2022-06-25,109,LSMGO,27.28,11.0,264.0,24,321.78,0.58,Moderate,FMS_MARITIME,2026-04-06
2022-06-26,109,MGO,20.71,8.3,199.2,24,323.7497,0.77,Rough,FMS_MARITIME,2026-04-06
2022-06-27,109,LSMGO,72.81,8.7,208.8,24,1085.8733,0.9,Calm,FMS_MARITIME,2026-04-06
2022-06-28,109,MGO,35.89,13.2,316.8,24,352.7824,0.8,Calm,FMS_MARITIME,2026-04-06
2022-06-28,109,LSMGO,32.55,12.8,307.2,24,329.9502,0.63,Rough,FMS_MARITIME,2026-04-06
2022-06-28,109,LNG,83.54,9.3,223.2,24,1165.5177,0.45,Rough,FMS_MARITIME,2026-04-06
2022-06-01,110,LNG,30.12,13.8,331.2,24,283.1935,0.69,Rough,FMS_MARITIME,2026-04-06
2022-06-02,110,VLSFO,31.85,13.0,312.0,24,317.8875,0.57,Moderate,FMS_MARITIME,2026-04-06
2022-06-03,110,LSMGO,15.89,17.6,422.4,24,117.1436,0.41,Moderate,FMS_MARITIME,2026-04-06
2022-06-04,110,MGO,31.28,17.7,424.8,24,229.2983,0.49,Rough,FMS_MARITIME,2026-04-06
2022-06-05,110,LNG,55.85,8.8,211.2,24,823.4702,0.55,Moderate,FMS_MARITIME,2026-04-06
2022-06-06,110,HFO,43.49,17.7,424.8,24,318.8038,0.6,Calm,FMS_MARITIME,2026-04-06
2022-06-07,110,LNG,84.45,15.4,369.6,24,711.5187,0.96,Calm,FMS_MARITIME,2026-04-06
2022-06-08,110,VLSFO,40.78,14.3,343.2,24,370.0143,0.83,Rough,FMS_MARITIME,2026-04-06
2022-06-09,110,LSMGO,73.1,11.9,285.6,24,797.0357,0.67,Rough,FMS_MARITIME,2026-04-06
2022-06-10,110,HFO,72.18,14.8,355.2,24,632.7943,0.92,Calm,FMS_MARITIME,2026-04-06
2022-06-11,110,MGO,80.11,9.8,235.2,24,1060.6401,0.71,Moderate,FMS_MARITIME,2026-04-06
2022-06-12,110,VLSFO,42.33,17.6,422.4,24,312.0635,0.81,Rough,FMS_MARITIME,2026-04-06
2022-06-13,110,VLSFO,45.57,9.0,216.0,24,656.9675,0.79,Rough,FMS_MARITIME,2026-04-06
2022-06-14,110,LNG,37.06,13.7,328.8,24,350.988,0.6,Rough,FMS_MARITIME,2026-04-06
2022-06-15,110,HFO,48.67,13.3,319.2,24,474.807,0.65,Moderate,FMS_MARITIME,2026-04-06
2022-06-16,110,LNG,32.68,12.1,290.4,24,350.4322,0.85,Moderate,FMS_MARITIME,2026-04-06
2022-06-17,110,LNG,39.88,13.1,314.4,24,394.9947,0.74,Rough,FMS_MARITIME,2026-04-06
2022-06-18,110,VLSFO,33.37,11.1,266.4,24,390.0682,0.74,Calm,FMS_MARITIME,2026-04-06
2022-06-19,110,HFO,69.79,15.5,372.0,24,584.2098,0.64,Calm,FMS_MARITIME,2026-04-06
2022-06-20,110,MGO,69.31,16.0,384.0,24,562.0608,0.66,Moderate,FMS_MARITIME,2026-04-06
2022-06-21,110,LSMGO,48.19,12.4,297.6,24,504.2462,0.64,Calm,FMS_MARITIME,2026-04-06
2022-06-22,110,MGO,27.14,11.7,280.8,24,300.9756,0.88,Rough,FMS_MARITIME,2026-04-06
2022-06-23,110,LNG,45.81,17.7,424.8,24,335.8106,0.88,Rough,FMS_MARITIME,2026-04-06
2022-06-24,110,MGO,40.58,16.1,386.4,24,327.0345,0.96,Calm,FMS_MARITIME,2026-04-06
2022-06-25,110,LNG,32.31,8.1,194.4,24,517.5583,0.85,Rough,FMS_MARITIME,2026-04-06
2022-06-26,110,MGO,40.04,9.6,230.4,24,541.1656,0.76,Calm,FMS_MARITIME,2026-04-06
2022-06-27,110,HFO,51.17,16.1,386.4,24,412.3793,0.6,Rough,FMS_MARITIME,2026-04-06
2022-06-28,110,MGO,64.07,11.1,266.4,24,748.9264,0.42,Calm,FMS_MARITIME,2026-04-06
2022-06-28,110,MGO,67.92,14.5,348.0,24,607.7669,0.99,Moderate,FMS_MARITIME,2026-04-06
2022-06-28,110,HFO,22.06,8.0,192.0,24,357.7856,0.85,Calm,FMS_MARITIME,2026-04-06
2022-06-01,111,HFO,67.35,11.5,276.0,24,759.8837,0.85,Rough,FMS_MARITIME,2026-04-06
2022-06-02,111,VLSFO,41.35,9.0,216.0,24,596.1292,0.7,Moderate,FMS_MARITIME,2026-04-06
2022-06-03,111,LSMGO,22.21,16.8,403.2,24,171.5326,0.99,Rough,FMS_MARITIME,2026-04-06
2022-06-04,111,LNG,52.01,15.8,379.2,24,427.1074,0.64,Moderate,FMS_MARITIME,2026-04-06
2022-06-05,111,LNG,33.98,14.6,350.4,24,301.9798,0.81,Moderate,FMS_MARITIME,2026-04-06
2022-06-06,111,MGO,48.86,12.1,290.4,24,523.9326,0.71,Calm,FMS_MARITIME,2026-04-06
2022-06-07,111,HFO,47.83,8.5,204.0,24,730.1109,0.48,Calm,FMS_MARITIME,2026-04-06
2022-06-08,111,LNG,53.12,15.4,369.6,24,447.5532,0.7,Moderate,FMS_MARITIME,2026-04-06
2022-06-09,111,LSMGO,29.72,13.2,316.8,24,292.1341,0.42,Moderate,FMS_MARITIME,2026-04-06
2022-06-10,111,HFO,36.6,15.1,362.4,24,314.4934,0.86,Rough,FMS_MARITIME,2026-04-06
2022-06-11,111,LSMGO,29.23,10.8,259.2,24,351.166,0.78,Moderate,FMS_MARITIME,2026-04-06
2022-06-12,111,MGO,75.94,9.5,228.0,24,1037.1805,1.0,Moderate,FMS_MARITIME,2026-04-06
2022-06-13,111,VLSFO,23.7,12.3,295.2,24,250.0061,0.49,Moderate,FMS_MARITIME,2026-04-06
2022-06-14,111,VLSFO,41.5,14.4,345.6,24,373.9323,0.54,Moderate,FMS_MARITIME,2026-04-06
2022-06-15,111,LNG,77.11,16.8,403.2,24,595.5371,0.5,Rough,FMS_MARITIME,2026-04-06
2022-06-16,111,HFO,46.09,8.2,196.8,24,729.2899,0.61,Calm,FMS_MARITIME,2026-04-06
2022-06-17,111,MGO,39.87,9.4,225.6,24,550.3332,0.71,Moderate,FMS_MARITIME,2026-04-06
2022-06-18,111,MGO,55.67,15.6,374.4,24,463.0245,0.45,Moderate,FMS_MARITIME,2026-04-06
2022-06-19,111,MGO,83.88,12.0,288.0,24,906.9525,0.91,Rough,FMS_MARITIME,2026-04-06
2022-06-20,111,VLSFO,28.52,8.6,206.4,24,430.2872,0.83,Moderate,FMS_MARITIME,2026-04-06
2022-06-21,111,MGO,21.33,14.7,352.8,24,188.2699,0.83,Rough,FMS_MARITIME,2026-04-06
2022-06-22,111,LSMGO,54.63,13.3,319.2,24,532.9506,0.52,Calm,FMS_MARITIME,2026-04-06
2022-06-23,111,MGO,39.04,14.1,338.4,24,359.2511,0.92,Moderate,FMS_MARITIME,2026-04-06
2022-06-24,111,MGO,20.42,13.5,324.0,24,196.2589,0.85,Calm,FMS_MARITIME,2026-04-06
2022-06-25,111,LSMGO,33.94,15.9,381.6,24,276.9632,0.43,Moderate,FMS_MARITIME,2026-04-06
2022-06-26,111,MGO,23.23,11.1,266.4,24,271.5399,0.45,Calm,FMS_MARITIME,2026-04-06
2022-06-27,111,LNG,77.42,8.7,208.8,24,1154.6259,0.72,Rough,FMS_MARITIME,2026-04-06
2022-06-28,111,MGO,57.58,13.4,321.6,24,557.5377,0.83,Calm,FMS_MARITIME,2026-04-06
2022-06-28,111,LNG,64.69,11.2,268.8,24,749.4221,0.76,Moderate,FMS_MARITIME,2026-04-06
2022-06-28,111,MGO,84.67,8.5,204.0,24,1292.4626,0.49,Calm,FMS_MARITIME,2026-04-06
2022-06-01,112,MGO,63.35,16.9,405.6,24,486.3706,0.96,Rough,FMS_MARITIME,2026-04-06
2022-06-02,112,HFO,45.9,11.0,264.0,24,541.4114,0.75,Moderate,FMS_MARITIME,2026-04-06
2022-06-03,112,LSMGO,73.09,12.4,297.6,24,764.7925,0.98,Moderate,FMS_MARITIME,2026-04-06
2022-06-04,112,VLSFO,16.46,13.2,316.8,24,161.7943,0.9,Moderate,FMS_MARITIME,2026-04-06
2022-06-05,112,MGO,34.2,13.9,333.6,24,319.241,0.5,Moderate,FMS_MARITIME,2026-04-06
2022-06-06,112,LNG,68.22,13.2,316.8,24,670.5716,0.81,Moderate,FMS_MARITIME,2026-04-06
2022-06-07,112,LNG,68.63,11.0,264.0,24,809.522,0.54,Calm,FMS_MARITIME,2026-04-06
2022-06-08,112,VLSFO,52.05,17.8,427.2,24,379.4094,0.85,Calm,FMS_MARITIME,2026-04-06
2022-06-09,112,MGO,54.58,13.1,314.4,24,540.592,0.9,Rough,FMS_MARITIME,2026-04-06
2022-06-10,112,LNG,47.97,8.6,206.4,24,723.7334,0.94,Calm,FMS_MARITIME,2026-04-06
2022-06-11,112,LSMGO,79.04,15.1,362.4,24,679.1682,0.9,Calm,FMS_MARITIME,2026-04-06
2022-06-12,112,LNG,24.35,9.4,225.6,24,336.1077,0.54,Calm,FMS_MARITIME,2026-04-06
2022-06-13,112,HFO,77.63,11.7,280.8,24,860.8968,0.56,Moderate,FMS_MARITIME,2026-04-06
2022-06-14,112,HFO,20.18,12.3,295.2,24,212.8744,0.52,Rough,FMS_MARITIME,2026-04-06
2022-06-15,112,LNG,43.83,12.3,295.2,24,462.353,0.48,Calm,FMS_MARITIME,2026-04-06
2022-06-16,112,MGO,68.3,8.6,206.4,24,1030.4564,0.64,Moderate,FMS_MARITIME,2026-04-06
2022-06-17,112,VLSFO,56.08,10.5,252.0,24,692.9886,0.84,Moderate,FMS_MARITIME,2026-04-06
2022-06-18,112,HFO,46.61,17.4,417.6,24,347.5659,0.8,Calm,FMS_MARITIME,2026-04-06
2022-06-19,112,LNG,47.85,12.1,290.4,24,513.1023,0.53,Rough,FMS_MARITIME,2026-04-06
2022-06-20,112,MGO,27.84,14.1,338.4,24,256.1872,0.62,Moderate,FMS_MARITIME,2026-04-06
2022-06-21,112,HFO,39.32,16.1,386.4,24,316.8801,0.91,Rough,FMS_MARITIME,2026-04-06
2022-06-22,112,LNG,69.49,13.7,328.8,24,658.1261,0.85,Moderate,FMS_MARITIME,2026-04-06
2022-06-23,112,HFO,69.12,13.4,321.6,24,669.2776,0.66,Rough,FMS_MARITIME,2026-04-06
2022-06-24,112,LSMGO,82.43,12.6,302.4,24,848.8327,0.89,Rough,FMS_MARITIME,2026-04-06
2022-06-25,112,LNG,57.92,11.8,283.2,24,636.8746,0.48,Moderate,FMS_MARITIME,2026-04-06
2022-06-26,112,MGO,61.11,16.0,384.0,24,495.5639,0.43,Moderate,FMS_MARITIME,2026-04-06
2022-06-27,112,HFO,51.28,14.1,338.4,24,471.8851,0.49,Calm,FMS_MARITIME,2026-04-06
2022-06-28,112,MGO,64.21,12.0,288.0,24,694.2706,0.48,Rough,FMS_MARITIME,2026-04-06
2022-06-28,112,MGO,81.27,13.7,328.8,24,769.6922,0.93,Moderate,FMS_MARITIME,2026-04-06
2022-06-28,112,VLSFO,40.69,15.5,372.0,24,340.6147,0.79,Rough,FMS_MARITIME,2026-04-06
2022-06-01,113,VLSFO,58.93,11.0,264.0,24,695.1061,0.61,Calm,FMS_MARITIME,2026-04-06
2022-06-02,113,LSMGO,80.34,17.8,427.2,24,585.6244,0.45,Moderate,FMS_MARITIME,2026-04-06
2022-06-03,113,VLSFO,65.06,14.2,340.8,24,594.4743,0.52,Moderate,FMS_MARITIME,2026-04-06
2022-06-04,113,LSMGO,55.23,15.7,376.8,24,456.439,0.85,Calm,FMS_MARITIME,2026-04-06
2022-06-05,113,LNG,38.96,16.1,386.4,24,313.9789,0.72,Calm,FMS_MARITIME,2026-04-06
2022-06-06,113,LSMGO,34.9,13.6,326.4,24,332.9614,0.46,Calm,FMS_MARITIME,2026-04-06
2022-06-07,113,LNG,52.57,16.0,384.0,24,426.3098,0.79,Moderate,FMS_MARITIME,2026-04-06
2022-06-08,113,LSMGO,22.85,12.9,309.6,24,229.8285,0.59,Rough,FMS_MARITIME,2026-04-06
2022-06-09,113,HFO,48.41,12.9,309.6,24,486.9145,0.64,Moderate,FMS_MARITIME,2026-04-06
2022-06-10,113,VLSFO,41.56,8.7,208.8,24,619.8172,0.88,Rough,FMS_MARITIME,2026-04-06
2022-06-11,113,HFO,61.75,17.6,422.4,24,455.2308,0.94,Moderate,FMS_MARITIME,2026-04-06
2022-06-12,113,LNG,78.39,11.3,271.2,24,900.0976,0.78,Rough,FMS_MARITIME,2026-04-06
2022-06-13,113,VLSFO,62.94,11.6,278.4,24,704.0056,0.88,Moderate,FMS_MARITIME,2026-04-06
2022-06-14,113,LSMGO,61.9,13.2,316.8,24,608.4489,0.59,Calm,FMS_MARITIME,2026-04-06
2022-06-15,113,VLSFO,33.67,14.5,348.0,24,301.2884,0.62,Calm,FMS_MARITIME,2026-04-06
2022-06-16,113,HFO,74.93,12.5,300.0,24,777.7734,0.73,Moderate,FMS_MARITIME,2026-04-06
2022-06-17,113,VLSFO,34.15,9.7,232.8,24,456.8003,0.59,Calm,FMS_MARITIME,2026-04-06
2022-06-18,113,VLSFO,42.29,13.2,316.8,24,415.6915,0.77,Moderate,FMS_MARITIME,2026-04-06
2022-06-19,113,HFO,28.59,14.8,355.2,24,250.6454,0.45,Rough,FMS_MARITIME,2026-04-06
2022-06-20,113,LSMGO,57.89,8.9,213.6,24,843.9581,0.43,Calm,FMS_MARITIME,2026-04-06
2022-06-21,113,LSMGO,63.89,14.3,343.2,24,579.7012,0.46,Moderate,FMS_MARITIME,2026-04-06
2022-06-22,113,LSMGO,17.83,15.4,369.6,24,150.2235,0.42,Rough,FMS_MARITIME,2026-04-06
2022-06-23,113,HFO,32.97,16.6,398.4,24,257.7023,0.74,Calm,FMS_MARITIME,2026-04-06
2022-06-24,113,HFO,38.67,17.2,412.8,24,291.7112,0.96,Moderate,FMS_MARITIME,2026-04-06
2022-06-25,113,VLSFO,25.07,14.4,345.6,24,225.8911,0.59,Rough,FMS_MARITIME,2026-04-06
2022-06-26,113,MGO,80.47,9.7,232.8,24,1076.3899,0.71,Rough,FMS_MARITIME,2026-04-06
2022-06-27,113,VLSFO,79.59,12.1,290.4,24,853.4548,0.64,Moderate,FMS_MARITIME,2026-04-06
2022-06-28,113,LNG,36.69,11.5,276.0,24,413.9589,0.93,Rough,FMS_MARITIME,2026-04-06
2022-06-28,113,HFO,75.06,10.6,254.4,24,918.7769,0.78,Calm,FMS_MARITIME,2026-04-06
2022-06-28,113,VLSFO,79.41,14.1,338.4,24,730.741,0.54,Calm,FMS_MARITIME,2026-04-06
2022-06-01,114,VLSFO,63.32,17.6,422.4,24,466.8051,0.61,Moderate,FMS_MARITIME,2026-04-06
2022-06-02,114,LNG,20.16,11.0,264.0,24,237.7964,0.74,Moderate,FMS_MARITIME,2026-04-06
2022-06-03,114,HFO,34.8,8.0,192.0,24,564.4125,0.58,Rough,FMS_MARITIME,2026-04-06
2022-06-04,114,LNG,22.2,16.4,393.6,24,175.6372,0.96,Calm,FMS_MARITIME,2026-04-06
2022-06-05,114,LSMGO,24.15,15.2,364.8,24,206.1488,0.94,Calm,FMS_MARITIME,2026-04-06
2022-06-06,114,MGO,78.26,16.1,386.4,24,630.6978,0.44,Moderate,FMS_MARITIME,2026-04-06
2022-06-07,114,MGO,76.59,12.9,309.6,24,770.3529,0.76,Moderate,FMS_MARITIME,2026-04-06
2022-06-08,114,LNG,15.66,10.8,259.2,24,188.1375,0.67,Calm,FMS_MARITIME,2026-04-06
2022-06-09,114,MGO,71.96,10.9,261.6,24,856.5881,0.61,Rough,FMS_MARITIME,2026-04-06
2022-06-10,114,LSMGO,49.36,12.4,297.6,24,516.4887,0.97,Rough,FMS_MARITIME,2026-04-06
2022-06-11,114,LSMGO,33.78,12.5,300.0,24,350.6364,0.67,Moderate,FMS_MARITIME,2026-04-06
2022-06-12,114,VLSFO,16.57,10.0,240.0,24,214.9957,0.62,Moderate,FMS_MARITIME,2026-04-06
2022-06-13,114,MGO,71.46,16.7,400.8,24,555.2057,0.74,Calm,FMS_MARITIME,2026-04-06
2022-06-14,114,LSMGO,62.37,15.3,367.2,24,528.9221,0.76,Moderate,FMS_MARITIME,2026-04-06
2022-06-15,114,LSMGO,77.79,13.8,331.2,24,731.3951,0.75,Calm,FMS_MARITIME,2026-04-06
2022-06-16,114,HFO,33.33,13.8,331.2,24,313.3745,0.63,Rough,FMS_MARITIME,2026-04-06
2022-06-17,114,VLSFO,72.66,15.3,367.2,24,616.1853,0.84,Calm,FMS_MARITIME,2026-04-06
2022-06-18,114,MGO,62.23,11.6,278.4,24,696.064,0.68,Moderate,FMS_MARITIME,2026-04-06
2022-06-19,114,LNG,66.69,17.7,424.8,24,488.8716,0.43,Calm,FMS_MARITIME,2026-04-06
2022-06-20,114,MGO,65.21,13.9,333.6,24,608.7049,0.68,Moderate,FMS_MARITIME,2026-04-06
2022-06-21,114,MGO,34.72,10.0,240.0,24,450.492,0.59,Calm,FMS_MARITIME,2026-04-06
2022-06-22,114,MGO,47.3,12.7,304.8,24,483.2421,0.92,Calm,FMS_MARITIME,2026-04-06
2022-06-23,114,LNG,44.94,8.5,204.0,24,685.9959,0.65,Rough,FMS_MARITIME,2026-04-06
2022-06-24,114,VLSFO,50.84,14.6,350.4,24,451.8144,0.44,Moderate,FMS_MARITIME,2026-04-06
2022-06-25,114,LNG,63.2,12.4,297.6,24,661.3065,0.51,Moderate,FMS_MARITIME,2026-04-06
2022-06-26,114,VLSFO,26.83,16.2,388.8,24,214.8884,0.65,Calm,FMS_MARITIME,2026-04-06
2022-06-27,114,LSMGO,61.27,14.6,350.4,24,544.5057,0.91,Moderate,FMS_MARITIME,2026-04-06
2022-06-28,114,VLSFO,66.9,14.0,336.0,24,620.0196,0.84,Rough,FMS_MARITIME,2026-04-06
2022-06-28,114,LNG,26.68,17.4,417.6,24,198.95,0.53,Moderate,FMS_MARITIME,2026-04-06
2022-06-28,114,MGO,46.18,10.1,242.4,24,593.253,0.85,Rough,FMS_MARITIME,2026-04-06
2022-06-01,115,VLSFO,75.19,11.1,266.4,24,878.9101,1.0,Calm,FMS_MARITIME,2026-04-06
2022-06-02,115,VLSFO,29.75,10.9,261.6,24,354.1342,0.98,Rough,FMS_MARITIME,2026-04-06
2022-06-03,115,MGO,19.38,11.8,283.2,24,213.0979,0.4,Rough,FMS_MARITIME,2026-04-06
2022-06-04,115,VLSFO,29.42,9.0,216.0,24,424.1383,0.9,Rough,FMS_MARITIME,2026-04-06
2022-06-05,115,LSMGO,19.25,10.6,254.4,24,235.6309,0.93,Rough,FMS_MARITIME,2026-04-06
2022-06-06,115,LNG,41.52,8.7,208.8,24,619.2207,0.87,Rough,FMS_MARITIME,2026-04-06
2022-06-07,115,VLSFO,27.04,15.8,379.2,24,222.0532,0.92,Rough,FMS_MARITIME,2026-04-06
2022-06-08,115,MGO,53.26,15.8,379.2,24,437.3725,0.41,Moderate,FMS_MARITIME,2026-04-06
2022-06-09,115,MGO,82.71,12.4,297.6,24,865.4534,0.59,Moderate,FMS_MARITIME,2026-04-06
2022-06-10,115,LSMGO,55.58,9.3,223.2,24,775.4306,0.65,Rough,FMS_MARITIME,2026-04-06
2022-06-11,115,VLSFO,28.45,14.2,340.8,24,259.9569,0.48,Rough,FMS_MARITIME,2026-04-06
2022-06-12,115,MGO,77.91,13.3,319.2,24,760.0618,0.95,Rough,FMS_MARITIME,2026-04-06
2022-06-13,115,LSMGO,21.35,18.0,432.0,24,153.8979,0.66,Calm,FMS_MARITIME,2026-04-06
2022-06-14,115,LNG,70.22,8.2,196.8,24,1111.103,0.4,Moderate,FMS_MARITIME,2026-04-06
2022-06-15,115,HFO,73.01,10.6,254.4,24,893.6837,0.51,Moderate,FMS_MARITIME,2026-04-06
2022-06-16,115,MGO,34.23,16.3,391.2,24,272.475,0.61,Rough,FMS_MARITIME,2026-04-06
2022-06-17,115,LNG,81.75,8.3,199.2,24,1277.9593,0.6,Moderate,FMS_MARITIME,2026-04-06
2022-06-18,115,LSMGO,70.53,17.4,417.6,24,525.9349,0.67,Rough,FMS_MARITIME,2026-04-06
2022-06-19,115,LSMGO,32.17,16.1,386.4,24,259.2582,0.82,Rough,FMS_MARITIME,2026-04-06
2022-06-20,115,LSMGO,71.17,14.3,343.2,24,645.7558,0.42,Moderate,FMS_MARITIME,2026-04-06
2022-06-21,115,HFO,50.45,11.1,266.4,24,589.7196,0.68,Calm,FMS_MARITIME,2026-04-06
2022-06-22,115,MGO,82.05,15.5,372.0,24,686.8379,0.72,Calm,FMS_MARITIME,2026-04-06
2022-06-23,115,LSMGO,26.92,11.6,278.4,24,301.1095,0.87,Calm,FMS_MARITIME,2026-04-06
2022-06-24,115,LNG,62.4,16.2,388.8,24,499.7778,0.51,Calm,FMS_MARITIME,2026-04-06
2022-06-25,115,HFO,53.18,10.6,254.4,24,650.9533,0.57,Calm,FMS_MARITIME,2026-04-06
2022-06-26,115,MGO,67.39,10.1,242.4,24,865.728,0.88,Moderate,FMS_MARITIME,2026-04-06
2022-06-27,115,MGO,30.27,9.4,225.6,24,417.8226,0.92,Moderate,FMS_MARITIME,2026-04-06
2022-06-28,115,MGO,41.9,16.0,384.0,24,339.7828,0.88,Moderate,FMS_MARITIME,2026-04-06
2022-06-28,115,MGO,74.11,15.2,364.8,24,632.6166,0.6,Rough,FMS_MARITIME,2026-04-06
2022-06-28,115,VLSFO,78.35,15.1,362.4,24,673.2392,0.92,Calm,FMS_MARITIME,2026-04-06
2022-06-01,116,MGO,39.63,10.8,259.2,24,476.1104,0.64,Calm,FMS_MARITIME,2026-04-06
2022-06-02,116,MGO,53.75,12.3,295.2,24,566.997,0.65,Moderate,FMS_MARITIME,2026-04-06
2022-06-03,116,MGO,45.06,8.9,213.6,24,656.914,0.93,Calm,FMS_MARITIME,2026-04-06
2022-06-04,116,LSMGO,55.06,11.0,264.0,24,649.4577,0.59,Rough,FMS_MARITIME,2026-04-06
2022-06-05,116,LNG,56.92,17.2,412.8,24,429.382,0.93,Calm,FMS_MARITIME,2026-04-06
2022-06-06,116,MGO,27.05,8.7,208.8,24,403.4181,0.95,Rough,FMS_MARITIME,2026-04-06
2022-06-07,116,VLSFO,56.24,16.2,388.8,24,450.4407,0.88,Calm,FMS_MARITIME,2026-04-06
2022-06-08,116,LNG,48.87,10.2,244.8,24,621.6551,0.46,Rough,FMS_MARITIME,2026-04-06
2022-06-09,116,LSMGO,55.94,15.5,372.0,24,468.2719,0.57,Rough,FMS_MARITIME,2026-04-06
2022-06-10,116,LSMGO,83.74,11.3,271.2,24,961.5279,0.48,Calm,FMS_MARITIME,2026-04-06
2022-06-11,116,LSMGO,54.91,10.3,247.2,24,691.7061,0.96,Rough,FMS_MARITIME,2026-04-06
2022-06-12,116,MGO,56.26,14.8,355.2,24,493.2253,0.57,Moderate,FMS_MARITIME,2026-04-06
2022-06-13,116,LNG,66.5,15.2,364.8,24,567.6562,0.95,Rough,FMS_MARITIME,2026-04-06
2022-06-14,116,MGO,63.87,13.6,326.4,24,609.348,0.84,Moderate,FMS_MARITIME,2026-04-06
2022-06-15,116,LNG,33.97,9.2,220.8,24,479.0878,0.88,Moderate,FMS_MARITIME,2026-04-06
2022-06-16,116,MGO,34.69,17.6,422.4,24,255.7402,0.81,Moderate,FMS_MARITIME,2026-04-06
2022-06-17,116,LNG,32.22,16.2,388.8,24,258.0583,0.66,Calm,FMS_MARITIME,2026-04-06
2022-06-18,116,MGO,51.03,10.7,256.8,24,618.7984,0.56,Calm,FMS_MARITIME,2026-04-06
2022-06-19,116,LSMGO,26.31,16.3,391.2,24,209.4308,0.8,Calm,FMS_MARITIME,2026-04-06
2022-06-20,116,HFO,74.53,16.8,403.2,24,575.6112,0.96,Rough,FMS_MARITIME,2026-04-06
2022-06-21,116,VLSFO,81.3,10.4,249.6,24,1014.2957,0.49,Moderate,FMS_MARITIME,2026-04-06
2022-06-22,116,HFO,75.66,11.7,280.8,24,839.05,0.76,Calm,FMS_MARITIME,2026-04-06
2022-06-23,116,HFO,59.63,12.8,307.2,24,604.4525,0.98,Moderate,FMS_MARITIME,2026-04-06
2022-06-24,116,LNG,59.11,10.9,261.6,24,703.6259,0.7,Calm,FMS_MARITIME,2026-04-06
2022-06-25,116,MGO,57.01,16.5,396.0,24,448.3059,0.57,Moderate,FMS_MARITIME,2026-04-06
2022-06-26,116,LNG,75.94,16.5,396.0,24,597.1645,0.54,Rough,FMS_MARITIME,2026-04-06
2022-06-27,116,HFO,34.91,14.7,352.8,24,308.1342,0.73,Rough,FMS_MARITIME,2026-04-06
2022-06-28,116,HFO,63.15,16.3,391.2,24,502.6817,0.87,Moderate,FMS_MARITIME,2026-04-06
2022-06-28,116,VLSFO,62.29,14.5,348.0,24,557.3881,0.8,Rough,FMS_MARITIME,2026-04-06
2022-06-28,116,HFO,81.7,14.4,345.6,24,736.151,0.53,Moderate,FMS_MARITIME,2026-04-06
2022-06-01,117,VLSFO,36.6,12.5,300.0,24,379.908,0.51,Rough,FMS_MARITIME,2026-04-06
2022-06-02,117,HFO,39.84,12.7,304.8,24,407.0268,0.97,Calm,FMS_MARITIME,2026-04-06
2022-06-03,117,LSMGO,66.51,15.2,364.8,24,567.7416,0.98,Rough,FMS_MARITIME,2026-04-06
2022-06-04,117,LSMGO,18.66,16.9,405.6,24,143.2624,0.68,Rough,FMS_MARITIME,2026-04-06
2022-06-05,117,LSMGO,82.97,11.9,285.6,24,904.6519,0.7,Moderate,FMS_MARITIME,2026-04-06
2022-06-06,117,LNG,16.29,17.7,424.8,24,119.414,0.58,Moderate,FMS_MARITIME,2026-04-06
2022-06-07,117,MGO,56.08,17.0,408.0,24,428.0224,0.87,Rough,FMS_MARITIME,2026-04-06
2022-06-08,117,HFO,65.49,11.2,268.8,24,758.69,0.72,Calm,FMS_MARITIME,2026-04-06
2022-06-09,117,LSMGO,60.78,9.6,230.4,24,821.4797,1.0,Rough,FMS_MARITIME,2026-04-06
2022-06-10,117,MGO,80.76,15.4,369.6,24,680.4292,0.9,Rough,FMS_MARITIME,2026-04-06
2022-06-11,117,LSMGO,46.5,17.0,408.0,24,354.9044,0.75,Rough,FMS_MARITIME,2026-04-06
2022-06-12,117,LSMGO,75.49,10.7,256.8,24,915.4044,0.71,Moderate,FMS_MARITIME,2026-04-06
2022-06-13,117,LSMGO,72.63,14.5,348.0,24,649.9133,0.96,Moderate,FMS_MARITIME,2026-04-06
2022-06-14,117,MGO,51.67,9.1,218.4,24,736.7234,0.74,Moderate,FMS_MARITIME,2026-04-06
2022-06-15,117,MGO,69.83,9.7,232.8,24,934.0662,0.48,Moderate,FMS_MARITIME,2026-04-06
2022-06-16,117,LSMGO,27.9,8.2,196.8,24,441.4665,0.76,Rough,FMS_MARITIME,2026-04-06
2022-06-17,117,MGO,70.16,17.3,415.2,24,526.2,0.54,Moderate,FMS_MARITIME,2026-04-06
2022-06-18,117,LSMGO,29.82,14.6,350.4,24,265.0099,0.79,Calm,FMS_MARITIME,2026-04-06
2022-06-19,117,HFO,20.88,15.0,360.0,24,180.612,0.81,Rough,FMS_MARITIME,2026-04-06
2022-06-20,117,HFO,67.63,10.3,247.2,24,851.941,0.53,Calm,FMS_MARITIME,2026-04-06
2022-06-21,117,LNG,48.7,10.5,252.0,24,601.7929,0.64,Rough,FMS_MARITIME,2026-04-06
2022-06-22,117,LNG,27.87,11.0,264.0,24,328.7393,0.7,Calm,FMS_MARITIME,2026-04-06
2022-06-23,117,HFO,57.86,12.3,295.2,24,610.3524,0.96,Rough,FMS_MARITIME,2026-04-06
2022-06-24,117,MGO,25.21,16.5,396.0,24,198.2423,0.44,Rough,FMS_MARITIME,2026-04-06
2022-06-25,117,HFO,84.09,12.8,307.2,24,852.3967,0.95,Moderate,FMS_MARITIME,2026-04-06
2022-06-26,117,VLSFO,23.29,11.3,271.2,24,267.4228,0.96,Calm,FMS_MARITIME,2026-04-06
2022-06-27,117,VLSFO,46.99,14.5,348.0,24,420.4795,0.94,Rough,FMS_MARITIME,2026-04-06
2022-06-28,117,VLSFO,73.96,11.3,271.2,24,849.231,0.99,Calm,FMS_MARITIME,2026-04-06
2022-06-28,117,LNG,40.63,11.4,273.6,24,462.4336,0.98,Moderate,FMS_MARITIME,2026-04-06
2022-06-28,117,LSMGO,18.48,15.5,372.0,24,154.6955,0.75,Moderate,FMS_MARITIME,2026-04-06
2022-06-01,118,HFO,41.39,11.6,278.4,24,462.9614,0.55,Calm,FMS_MARITIME,2026-04-06
2022-06-02,118,MGO,59.0,9.3,223.2,24,823.1452,0.62,Moderate,FMS_MARITIME,2026-04-06
2022-06-03,118,MGO,47.46,10.1,242.4,24,609.6965,0.46,Moderate,FMS_MARITIME,2026-04-06
2022-06-04,118,MGO,25.43,14.8,355.2,24,222.9421,0.81,Moderate,FMS_MARITIME,2026-04-06
2022-06-05,118,LNG,81.37,12.0,288.0,24,879.8131,0.7,Rough,FMS_MARITIME,2026-04-06
2022-06-06,118,HFO,73.91,15.9,381.6,24,603.1335,0.51,Calm,FMS_MARITIME,2026-04-06
2022-06-07,118,VLSFO,24.64,13.5,324.0,24,236.8178,0.59,Moderate,FMS_MARITIME,2026-04-06
2022-06-08,118,MGO,83.0,14.9,357.6,24,722.7685,0.42,Moderate,FMS_MARITIME,2026-04-06
2022-06-09,118,HFO,83.9,12.2,292.8,24,892.2971,0.73,Rough,FMS_MARITIME,2026-04-06
2022-06-10,118,LNG,72.61,10.6,254.4,24,888.7875,0.47,Calm,FMS_MARITIME,2026-04-06
2022-06-11,118,LSMGO,29.55,15.4,369.6,24,248.9683,0.62,Moderate,FMS_MARITIME,2026-04-06
2022-06-12,118,LNG,24.71,10.1,242.4,24,317.4379,0.85,Moderate,FMS_MARITIME,2026-04-06
2022-06-13,118,HFO,26.91,13.9,333.6,24,251.1923,0.63,Rough,FMS_MARITIME,2026-04-06
2022-06-14,118,VLSFO,15.58,16.6,398.4,24,121.7774,0.97,Calm,FMS_MARITIME,2026-04-06
2022-06-15,118,VLSFO,52.91,11.4,273.6,24,602.1993,0.76,Moderate,FMS_MARITIME,2026-04-06
2022-06-16,118,LSMGO,49.64,11.8,283.2,24,545.8297,0.92,Rough,FMS_MARITIME,2026-04-06
2022-06-17,118,HFO,41.12,16.3,391.2,24,327.3202,0.57,Calm,FMS_MARITIME,2026-04-06
2022-06-18,118,LSMGO,48.94,15.0,360.0,24,423.331,0.59,Moderate,FMS_MARITIME,2026-04-06
2022-06-19,118,VLSFO,24.3,16.9,405.6,24,186.5636,0.84,Moderate,FMS_MARITIME,2026-04-06
2022-06-20,118,HFO,57.29,14.8,355.2,24,502.2552,0.93,Calm,FMS_MARITIME,2026-04-06
2022-06-21,118,LNG,50.29,16.5,396.0,24,395.4623,0.65,Moderate,FMS_MARITIME,2026-04-06
2022-06-22,118,HFO,28.83,16.7,400.8,24,223.9936,0.45,Rough,FMS_MARITIME,2026-04-06
2022-06-23,118,HFO,61.99,13.3,319.2,24,604.7521,0.91,Calm,FMS_MARITIME,2026-04-06
2022-06-24,118,LNG,53.52,16.5,396.0,24,420.8618,0.61,Moderate,FMS_MARITIME,2026-04-06
2022-06-25,118,VLSFO,72.69,8.8,211.2,24,1071.7645,0.62,Rough,FMS_MARITIME,2026-04-06
2022-06-26,118,MGO,47.62,15.5,372.0,24,398.6255,0.73,Moderate,FMS_MARITIME,2026-04-06
2022-06-27,118,MGO,54.48,15.6,374.4,24,453.1269,0.73,Rough,FMS_MARITIME,2026-04-06
2022-06-28,118,MGO,35.59,14.2,340.8,24,325.1974,0.6,Calm,FMS_MARITIME,2026-04-06
2022-06-28,118,VLSFO,71.8,14.4,345.6,24,646.9479,0.82,Moderate,FMS_MARITIME,2026-04-06
2022-06-28,118,LSMGO,59.69,11.5,276.0,24,673.4589,0.73,Moderate,FMS_MARITIME,2026-04-06
2022-06-01,119,LNG,26.67,12.7,304.8,24,272.475,0.96,Rough,FMS_MARITIME,2026-04-06
2022-06-02,119,LSMGO,48.14,14.0,336.0,24,446.1546,0.72,Calm,FMS_MARITIME,2026-04-06
2022-06-03,119,HFO,68.78,15.6,374.4,24,572.0644,0.67,Moderate,FMS_MARITIME,2026-04-06
2022-06-04,119,LNG,28.56,11.7,280.8,24,316.7231,0.61,Moderate,FMS_MARITIME,2026-04-06
2022-06-05,119,LSMGO,84.53,17.5,420.0,24,626.7296,0.44,Rough,FMS_MARITIME,2026-04-06
2022-06-06,119,LSMGO,62.75,16.4,393.6,24,496.452,0.8,Rough,FMS_MARITIME,2026-04-06
2022-06-07,119,MGO,75.47,12.8,307.2,24,765.0182,0.47,Moderate,FMS_MARITIME,2026-04-06
2022-06-08,119,VLSFO,81.88,8.6,206.4,24,1235.3407,0.6,Calm,FMS_MARITIME,2026-04-06
2022-06-09,119,VLSFO,60.11,16.7,400.8,24,467.0223,0.63,Moderate,FMS_MARITIME,2026-04-06
2022-06-10,119,LSMGO,80.1,17.2,412.8,24,604.2427,0.52,Rough,FMS_MARITIME,2026-04-06
2022-06-11,119,LNG,54.75,16.0,384.0,24,443.9883,0.68,Calm,FMS_MARITIME,2026-04-06
2022-06-12,119,HFO,68.91,8.1,194.4,24,1103.8361,0.96,Calm,FMS_MARITIME,2026-04-06
2022-06-13,119,VLSFO,84.1,17.9,429.6,24,609.6075,1.0,Calm,FMS_MARITIME,2026-04-06
2022-06-14,119,MGO,55.42,15.6,374.4,24,460.9452,0.72,Calm,FMS_MARITIME,2026-04-06
2022-06-15,119,VLSFO,64.46,15.7,376.8,24,532.7188,0.78,Moderate,FMS_MARITIME,2026-04-06
2022-06-16,119,MGO,45.61,16.9,405.6,24,350.1714,0.99,Rough,FMS_MARITIME,2026-04-06
2022-06-17,119,MGO,59.44,15.4,369.6,24,500.8013,0.47,Rough,FMS_MARITIME,2026-04-06
2022-06-18,119,LNG,77.13,14.3,343.2,24,699.8334,0.77,Rough,FMS_MARITIME,2026-04-06
2022-06-19,119,MGO,67.11,14.8,355.2,24,588.3461,0.97,Rough,FMS_MARITIME,2026-04-06
2022-06-20,119,HFO,53.81,8.5,204.0,24,821.3938,0.87,Moderate,FMS_MARITIME,2026-04-06
2022-06-21,119,LNG,59.2,15.8,379.2,24,486.1519,0.73,Rough,FMS_MARITIME,2026-04-06
2022-06-22,119,MGO,76.54,12.8,307.2,24,775.8645,0.73,Calm,FMS_MARITIME,2026-04-06
2022-06-23,119,LNG,54.77,8.5,204.0,24,836.0479,0.79,Rough,FMS_MARITIME,2026-04-06
2022-06-24,119,HFO,17.4,8.4,201.6,24,268.7679,0.65,Rough,FMS_MARITIME,2026-04-06
2022-06-25,119,LSMGO,79.06,10.2,244.8,24,1005.6897,0.41,Rough,FMS_MARITIME,2026-04-06
2022-06-26,119,LSMGO,15.56,9.1,218.4,24,221.8582,0.52,Moderate,FMS_MARITIME,2026-04-06
2022-06-27,119,VLSFO,24.56,16.6,398.4,24,191.9675,1.0,Moderate,FMS_MARITIME,2026-04-06
2022-06-28,119,VLSFO,53.68,17.1,410.4,24,407.3088,0.75,Calm,FMS_MARITIME,2026-04-06
2022-06-28,119,VLSFO,23.36,12.3,295.2,24,246.4195,0.62,Rough,FMS_MARITIME,2026-04-06
2022-06-28,119,VLSFO,22.81,8.5,204.0,24,348.1879,0.49,Moderate,FMS_MARITIME,2026-04-06
2022-06-01,120,HFO,51.71,14.4,345.6,24,465.9286,0.44,Calm,FMS_MARITIME,2026-04-06
2022-06-02,120,MGO,33.25,13.0,312.0,24,331.8606,0.78,Calm,FMS_MARITIME,2026-04-06
2022-06-03,120,HFO,53.6,10.4,249.6,24,668.7115,0.74,Rough,FMS_MARITIME,2026-04-06
2022-06-04,120,VLSFO,84.26,12.5,300.0,24,874.6188,0.41,Rough,FMS_MARITIME,2026-04-06
2022-06-05,120,MGO,26.18,12.9,309.6,24,263.3221,0.49,Rough,FMS_MARITIME,2026-04-06
2022-06-06,120,LNG,17.79,14.1,338.4,24,163.7059,1.0,Rough,FMS_MARITIME,2026-04-06
2022-06-07,120,MGO,44.07,13.5,324.0,24,423.5617,0.92,Moderate,FMS_MARITIME,2026-04-06
2022-06-08,120,HFO,60.29,11.3,271.2,24,692.2679,0.92,Calm,FMS_MARITIME,2026-04-06
2022-06-09,120,MGO,42.37,14.9,357.6,24,368.9602,0.54,Calm,FMS_MARITIME,2026-04-06
2022-06-10,120,MGO,72.02,9.3,223.2,24,1004.7952,0.46,Moderate,FMS_MARITIME,2026-04-06
2022-06-11,120,VLSFO,43.54,12.6,302.4,24,448.3583,0.89,Rough,FMS_MARITIME,2026-04-06
2022-06-12,120,VLSFO,36.65,11.2,268.8,24,424.5837,0.6,Rough,FMS_MARITIME,2026-04-06
2022-06-13,120,MGO,29.35,17.3,415.2,24,220.125,0.53,Rough,FMS_MARITIME,2026-04-06
2022-06-14,120,LNG,35.79,13.3,319.2,24,349.1543,0.69,Rough,FMS_MARITIME,2026-04-06
2022-06-15,120,MGO,75.34,14.9,357.6,24,656.0648,0.66,Moderate,FMS_MARITIME,2026-04-06
2022-06-16,120,LSMGO,75.73,15.1,362.4,24,650.7263,0.83,Rough,FMS_MARITIME,2026-04-06
2022-06-17,120,VLSFO,18.93,10.2,244.8,24,240.8007,0.7,Calm,FMS_MARITIME,2026-04-06
2022-06-18,120,VLSFO,59.3,9.4,225.6,24,818.5293,0.58,Rough,FMS_MARITIME,2026-04-06
2022-06-19,120,MGO,75.42,17.4,417.6,24,562.3991,0.54,Moderate,FMS_MARITIME,2026-04-06
2022-06-20,120,VLSFO,18.16,13.6,326.4,24,173.2544,0.79,Calm,FMS_MARITIME,2026-04-06
2022-06-21,120,LNG,38.97,9.3,223.2,24,543.6944,0.76,Rough,FMS_MARITIME,2026-04-06
2022-06-22,120,LNG,19.71,10.6,254.4,24,241.2616,0.74,Rough,FMS_MARITIME,2026-04-06
2022-06-23,120,LNG,51.68,15.9,381.6,24,421.7283,0.57,Moderate,FMS_MARITIME,2026-04-06
2022-06-24,120,LSMGO,60.52,17.0,408.0,24,461.91,0.86,Calm,FMS_MARITIME,2026-04-06
2022-06-25,120,LSMGO,38.23,8.3,199.2,24,597.6316,0.99,Calm,FMS_MARITIME,2026-04-06
2022-06-26,120,LSMGO,32.22,14.1,338.4,24,296.4926,0.84,Rough,FMS_MARITIME,2026-04-06
2022-06-27,120,MGO,48.79,12.0,288.0,24,527.5419,0.88,Moderate,FMS_MARITIME,2026-04-06
2022-06-28,120,LSMGO,42.25,10.8,259.2,24,507.5868,0.87,Calm,FMS_MARITIME,2026-04-06
2022-06-28,120,LNG,73.17,11.0,264.0,24,863.0734,0.64,Calm,FMS_MARITIME,2026-04-06
2022-06-28,120,HFO,30.52,15.8,379.2,24,250.631,0.81,Rough,FMS_MARITIME,2026-04-06
2022-06-01,121,MGO,77.7,13.5,324.0,24,746.7833,0.99,Calm,FMS_MARITIME,2026-04-06
2022-06-02,121,VLSFO,75.29,8.9,213.6,24,1097.6267,0.55,Rough,FMS_MARITIME,2026-04-06
2022-06-03,121,LNG,53.85,18.0,432.0,24,388.1687,0.57,Calm,FMS_MARITIME,2026-04-06
2022-06-04,121,MGO,63.24,11.5,276.0,24,713.5122,0.91,Calm,FMS_MARITIME,2026-04-06
2022-06-05,121,VLSFO,56.25,13.2,316.8,24,552.9119,0.89,Rough,FMS_MARITIME,2026-04-06
2022-06-06,121,VLSFO,82.61,10.5,252.0,24,1020.8236,0.83,Moderate,FMS_MARITIME,2026-04-06
2022-06-07,121,LSMGO,22.12,9.3,223.2,24,308.6097,0.5,Calm,FMS_MARITIME,2026-04-06
2022-06-08,121,VLSFO,67.79,8.1,194.4,24,1085.8954,0.71,Calm,FMS_MARITIME,2026-04-06
2022-06-09,121,VLSFO,30.18,8.5,204.0,24,460.6888,0.49,Rough,FMS_MARITIME,2026-04-06
2022-06-10,121,LNG,71.93,17.8,427.2,24,524.3212,0.93,Moderate,FMS_MARITIME,2026-04-06
2022-06-11,121,LNG,25.57,14.6,350.4,24,227.2402,0.42,Calm,FMS_MARITIME,2026-04-06
2022-06-12,121,LSMGO,65.56,12.8,307.2,24,664.5633,0.66,Rough,FMS_MARITIME,2026-04-06
2022-06-13,121,VLSFO,37.46,11.2,268.8,24,433.9674,0.76,Calm,FMS_MARITIME,2026-04-06
2022-06-14,121,VLSFO,59.9,17.2,412.8,24,451.8619,0.75,Calm,FMS_MARITIME,2026-04-06
2022-06-15,121,LSMGO,52.53,17.1,410.4,24,398.5829,0.71,Moderate,FMS_MARITIME,2026-04-06
2022-06-16,121,VLSFO,56.29,13.1,314.4,24,557.5288,0.61,Rough,FMS_MARITIME,2026-04-06
2022-06-17,121,HFO,65.41,10.4,249.6,24,816.0526,0.51,Moderate,FMS_MARITIME,2026-04-06
2022-06-18,121,HFO,50.95,9.9,237.6,24,667.7538,0.9,Rough,FMS_MARITIME,2026-04-06
2022-06-19,121,LNG,59.22,8.7,208.8,24,883.1948,0.92,Moderate,FMS_MARITIME,2026-04-06
2022-06-20,121,HFO,63.31,11.6,278.4,24,708.1442,0.4,Moderate,FMS_MARITIME,2026-04-06
2022-06-21,121,MGO,60.08,14.1,338.4,24,552.8638,0.43,Moderate,FMS_MARITIME,2026-04-06
2022-06-22,121,MGO,28.63,16.0,384.0,24,232.1714,0.68,Moderate,FMS_MARITIME,2026-04-06
2022-06-23,121,VLSFO,50.16,17.5,420.0,24,371.9006,0.84,Moderate,FMS_MARITIME,2026-04-06
2022-06-24,121,LSMGO,82.39,16.4,393.6,24,651.8355,0.59,Moderate,FMS_MARITIME,2026-04-06
2022-06-25,121,MGO,34.23,15.8,379.2,24,281.0976,0.42,Calm,FMS_MARITIME,2026-04-06
2022-06-26,121,HFO,30.03,13.0,312.0,24,299.7225,0.89,Calm,FMS_MARITIME,2026-04-06
2022-06-27,121,LSMGO,59.65,14.3,343.2,24,541.2299,0.87,Calm,FMS_MARITIME,2026-04-06
2022-06-28,121,MGO,69.64,12.4,297.6,24,728.6927,0.66,Moderate,FMS_MARITIME,2026-04-06
2022-06-28,121,MGO,83.01,14.8,355.2,24,727.7397,0.86,Calm,FMS_MARITIME,2026-04-06
2022-06-28,121,HFO,36.1,15.0,360.0,24,312.265,0.44,Rough,FMS_MARITIME,2026-04-06
2022-06-01,122,VLSFO,50.22,17.6,422.4,24,370.2298,0.87,Rough,FMS_MARITIME,2026-04-06
2022-06-02,122,LSMGO,71.91,17.2,412.8,24,542.4606,0.5,Moderate,FMS_MARITIME,2026-04-06
2022-06-03,122,HFO,61.07,14.5,348.0,24,546.4712,0.54,Calm,FMS_MARITIME,2026-04-06
2022-06-04,122,LSMGO,54.4,18.0,432.0,24,392.1333,0.47,Moderate,FMS_MARITIME,2026-04-06
2022-06-05,122,HFO,57.7,15.6,374.4,24,479.9087,0.72,Rough,FMS_MARITIME,2026-04-06
2022-06-06,122,LSMGO,41.39,15.0,360.0,24,358.0235,0.45,Moderate,FMS_MARITIME,2026-04-06
2022-06-07,122,VLSFO,23.32,17.1,410.4,24,176.9456,0.74,Rough,FMS_MARITIME,2026-04-06
2022-06-08,122,VLSFO,68.59,15.2,364.8,24,585.4969,0.95,Rough,FMS_MARITIME,2026-04-06
2022-06-09,122,LNG,17.77,11.9,285.6,24,193.7527,0.76,Calm,FMS_MARITIME,2026-04-06
2022-06-10,122,MGO,31.11,16.8,403.2,24,240.2692,0.58,Rough,FMS_MARITIME,2026-04-06
2022-06-11,122,LSMGO,25.97,11.6,278.4,24,290.4834,0.72,Calm,FMS_MARITIME,2026-04-06
2022-06-12,122,LSMGO,43.84,15.2,364.8,24,374.2263,0.86,Calm,FMS_MARITIME,2026-04-06
2022-06-13,122,MGO,64.75,10.3,247.2,24,815.6614,0.59,Calm,FMS_MARITIME,2026-04-06
2022-06-14,122,LNG,29.25,16.1,386.4,24,235.7259,0.93,Calm,FMS_MARITIME,2026-04-06
2022-06-15,122,LNG,81.36,10.8,259.2,24,977.45,0.92,Moderate,FMS_MARITIME,2026-04-06
2022-06-16,122,LSMGO,47.82,17.0,408.0,24,364.9791,0.68,Calm,FMS_MARITIME,2026-04-06
2022-06-17,122,MGO,28.19,8.3,199.2,24,440.681,0.58,Moderate,FMS_MARITIME,2026-04-06
2022-06-18,122,VLSFO,81.74,13.2,316.8,24,803.467,0.65,Rough,FMS_MARITIME,2026-04-06
2022-06-19,122,HFO,40.46,11.3,271.2,24,464.5739,0.59,Calm,FMS_MARITIME,2026-04-06
2022-06-20,122,LSMGO,39.89,17.0,408.0,24,304.4546,0.63,Rough,FMS_MARITIME,2026-04-06
2022-06-21,122,MGO,81.52,11.8,283.2,24,896.3746,0.48,Calm,FMS_MARITIME,2026-04-06
2022-06-22,122,MGO,57.82,9.0,216.0,24,833.5717,0.75,Moderate,FMS_MARITIME,2026-04-06
2022-06-23,122,HFO,29.55,15.9,381.6,24,241.1392,0.64,Moderate,FMS_MARITIME,2026-04-06
2022-06-24,122,VLSFO,55.12,13.3,319.2,24,537.7308,0.81,Rough,FMS_MARITIME,2026-04-06
2022-06-25,122,HFO,22.66,15.5,372.0,24,189.6861,0.53,Calm,FMS_MARITIME,2026-04-06
2022-06-26,122,HFO,27.81,16.0,384.0,24,225.5217,0.59,Calm,FMS_MARITIME,2026-04-06
2022-06-27,122,MGO,20.48,11.7,280.8,24,227.1179,0.53,Calm,FMS_MARITIME,2026-04-06
2022-06-28,122,VLSFO,25.97,11.5,276.0,24,293.0093,0.9,Calm,FMS_MARITIME,2026-04-06
2022-06-28,122,LNG,66.47,14.2,340.8,24,607.3579,0.4,Moderate,FMS_MARITIME,2026-04-06
2022-06-28,122,MGO,27.79,12.7,304.8,24,283.9175,0.98,Moderate,FMS_MARITIME,2026-04-06
2022-06-01,123,LNG,68.3,14.4,345.6,24,615.4115,0.67,Moderate,FMS_MARITIME,2026-04-06
2022-06-02,123,HFO,55.4,10.6,254.4,24,678.1274,0.41,Moderate,FMS_MARITIME,2026-04-06
2022-06-03,123,HFO,40.94,14.0,336.0,24,379.4261,0.93,Calm,FMS_MARITIME,2026-04-06
2022-06-04,123,LNG,63.28,16.0,384.0,24,513.1612,0.87,Moderate,FMS_MARITIME,2026-04-06
2022-06-05,123,MGO,42.99,12.2,292.8,24,457.2092,0.81,Rough,FMS_MARITIME,2026-04-06
2022-06-06,123,LNG,73.76,10.0,240.0,24,957.036,0.59,Rough,FMS_MARITIME,2026-04-06
2022-06-07,123,LNG,17.08,8.7,208.8,24,254.7276,0.58,Moderate,FMS_MARITIME,2026-04-06
2022-06-08,123,LNG,27.44,8.7,208.8,24,409.2345,0.45,Calm,FMS_MARITIME,2026-04-06
2022-06-09,123,HFO,45.17,8.6,206.4,24,681.4892,0.81,Calm,FMS_MARITIME,2026-04-06
2022-06-10,123,MGO,65.37,13.8,331.2,24,614.6201,0.43,Calm,FMS_MARITIME,2026-04-06
2022-06-11,123,HFO,61.15,15.1,362.4,24,525.4445,0.54,Rough,FMS_MARITIME,2026-04-06
2022-06-12,123,VLSFO,76.07,14.4,345.6,24,685.4224,0.81,Calm,FMS_MARITIME,2026-04-06
2022-06-13,123,MGO,37.79,17.8,427.2,24,275.4636,0.5,Moderate,FMS_MARITIME,2026-04-06
2022-06-14,123,HFO,30.33,13.1,314.4,24,300.4059,0.89,Calm,FMS_MARITIME,2026-04-06
2022-06-15,123,HFO,62.41,8.9,213.6,24,909.8537,1.0,Rough,FMS_MARITIME,2026-04-06
2022-06-16,123,VLSFO,31.26,16.2,388.8,24,250.3694,0.96,Moderate,FMS_MARITIME,2026-04-06
2022-06-17,123,LNG,84.46,10.3,247.2,24,1063.95,0.95,Rough,FMS_MARITIME,2026-04-06
2022-06-18,123,VLSFO,60.98,17.9,429.6,24,442.0198,0.96,Moderate,FMS_MARITIME,2026-04-06
2022-06-19,123,HFO,26.71,11.3,271.2,24,306.6923,0.71,Moderate,FMS_MARITIME,2026-04-06
2022-06-20,123,LSMGO,79.91,15.7,376.8,24,660.4027,0.57,Calm,FMS_MARITIME,2026-04-06
2022-06-21,123,HFO,39.14,9.8,235.2,24,518.2056,0.62,Moderate,FMS_MARITIME,2026-04-06
2022-06-22,123,MGO,53.87,16.7,400.8,24,418.5409,0.62,Calm,FMS_MARITIME,2026-04-06
2022-06-23,123,LNG,55.9,14.7,352.8,24,493.4031,0.4,Calm,FMS_MARITIME,2026-04-06
2022-06-24,123,LSMGO,76.54,16.3,391.2,24,609.2678,0.6,Moderate,FMS_MARITIME,2026-04-06
2022-06-25,123,HFO,37.91,15.7,376.8,24,313.3008,0.45,Moderate,FMS_MARITIME,2026-04-06
2022-06-26,123,LNG,62.42,14.5,348.0,24,558.5514,0.54,Moderate,FMS_MARITIME,2026-04-06
2022-06-27,123,MGO,34.12,8.3,199.2,24,533.3819,0.51,Moderate,FMS_MARITIME,2026-04-06
2022-06-28,123,VLSFO,38.33,13.3,319.2,24,373.9336,0.94,Rough,FMS_MARITIME,2026-04-06
2022-06-28,123,HFO,39.84,12.6,302.4,24,410.2571,0.84,Rough,FMS_MARITIME,2026-04-06
2022-06-28,123,HFO,54.95,8.3,199.2,24,859.0075,0.82,Rough,FMS_MARITIME,2026-04-06
2022-06-01,124,MGO,54.35,13.0,312.0,24,542.4548,0.59,Moderate,FMS_MARITIME,2026-04-06
2022-06-02,124,HFO,53.81,13.1,314.4,24,532.9655,0.99,Calm,FMS_MARITIME,2026-04-06
2022-06-03,124,LSMGO,39.67,14.9,357.6,24,345.4485,0.66,Moderate,FMS_MARITIME,2026-04-06
2022-06-04,124,MGO,20.45,16.9,405.6,24,157.0052,0.83,Calm,FMS_MARITIME,2026-04-06
2022-06-05,124,LSMGO,74.77,8.9,213.6,24,1090.0458,0.63,Moderate,FMS_MARITIME,2026-04-06
2022-06-06,124,MGO,47.28,17.7,424.8,24,346.5864,0.7,Moderate,FMS_MARITIME,2026-04-06
2022-06-07,124,LSMGO,40.08,16.2,388.8,24,321.0111,0.63,Calm,FMS_MARITIME,2026-04-06
2022-06-08,124,MGO,82.11,14.5,348.0,24,734.7429,0.71,Rough,FMS_MARITIME,2026-04-06
2022-06-09,124,HFO,63.5,10.6,254.4,24,777.2759,0.97,Moderate,FMS_MARITIME,2026-04-06
2022-06-10,124,MGO,76.39,10.2,244.8,24,971.7257,0.62,Moderate,FMS_MARITIME,2026-04-06
2022-06-11,124,LSMGO,25.06,17.2,412.8,24,189.0427,0.48,Moderate,FMS_MARITIME,2026-04-06
2022-06-12,124,VLSFO,69.35,11.6,278.4,24,775.7037,0.89,Rough,FMS_MARITIME,2026-04-06
2022-06-13,124,LSMGO,16.22,10.8,259.2,24,194.8653,0.6,Calm,FMS_MARITIME,2026-04-06
2022-06-14,124,HFO,77.22,10.6,254.4,24,945.2165,0.76,Rough,FMS_MARITIME,2026-04-06
2022-06-15,124,LNG,61.37,14.0,336.0,24,568.7684,0.97,Rough,FMS_MARITIME,2026-04-06
2022-06-16,124,HFO,39.04,16.7,400.8,24,303.3198,0.6,Moderate,FMS_MARITIME,2026-04-06
2022-06-17,124,LNG,17.86,13.6,326.4,24,170.3923,0.46,Calm,FMS_MARITIME,2026-04-06
2022-06-18,124,MGO,26.68,17.4,417.6,24,198.95,0.43,Moderate,FMS_MARITIME,2026-04-06
2022-06-19,124,HFO,67.64,14.2,340.8,24,618.0486,0.84,Rough,FMS_MARITIME,2026-04-06
2022-06-20,124,HFO,16.52,10.8,259.2,24,198.4694,0.92,Calm,FMS_MARITIME,2026-04-06
2022-06-21,124,LSMGO,42.34,10.3,247.2,24,533.3607,0.89,Rough,FMS_MARITIME,2026-04-06
2022-06-22,124,VLSFO,59.05,15.5,372.0,24,494.3056,0.7,Moderate,FMS_MARITIME,2026-04-06
2022-06-23,124,VLSFO,21.43,11.1,266.4,24,250.4993,0.59,Calm,FMS_MARITIME,2026-04-06
2022-06-24,124,LNG,72.45,14.4,345.6,24,652.8047,0.72,Calm,FMS_MARITIME,2026-04-06
2022-06-25,124,VLSFO,68.13,16.6,398.4,24,532.5221,0.54,Calm,FMS_MARITIME,2026-04-06
2022-06-26,124,LNG,67.21,13.6,326.4,24,641.2131,0.54,Moderate,FMS_MARITIME,2026-04-06
2022-06-27,124,HFO,52.02,16.6,398.4,24,406.6021,0.9,Rough,FMS_MARITIME,2026-04-06
2022-06-28,124,MGO,61.51,12.1,290.4,24,659.5804,0.85,Calm,FMS_MARITIME,2026-04-06
2022-06-28,124,LNG,84.32,14.6,350.4,24,749.3507,0.65,Moderate,FMS_MARITIME,2026-04-06
2022-06-28,124,HFO,32.62,17.6,422.4,24,240.4798,0.86,Rough,FMS_MARITIME,2026-04-06
2022-06-01,125,VLSFO,15.73,14.7,352.8,24,138.8413,0.84,Calm,FMS_MARITIME,2026-04-06
2022-06-02,125,VLSFO,43.67,11.4,273.6,24,497.0336,0.77,Moderate,FMS_MARITIME,2026-04-06
2022-06-03,125,MGO,61.89,17.6,422.4,24,456.2629,0.7,Rough,FMS_MARITIME,2026-04-06
2022-06-04,125,HFO,77.24,15.1,362.4,24,663.7013,0.47,Moderate,FMS_MARITIME,2026-04-06
2022-06-05,125,HFO,56.03,15.1,362.4,24,481.4498,0.82,Calm,FMS_MARITIME,2026-04-06
2022-06-06,125,HFO,28.66,10.7,256.8,24,347.536,0.7,Rough,FMS_MARITIME,2026-04-06
2022-06-07,125,LSMGO,21.73,16.7,400.8,24,168.8304,0.74,Rough,FMS_MARITIME,2026-04-06
2022-06-08,125,VLSFO,21.86,13.2,316.8,24,214.8739,0.88,Calm,FMS_MARITIME,2026-04-06
2022-06-09,125,VLSFO,22.22,14.6,350.4,24,197.4688,0.53,Calm,FMS_MARITIME,2026-04-06
2022-06-10,125,MGO,58.81,15.1,362.4,24,505.3376,0.51,Calm,FMS_MARITIME,2026-04-06
2022-06-11,125,MGO,15.09,12.3,295.2,24,159.1811,0.95,Calm,FMS_MARITIME,2026-04-06
2022-06-12,125,LSMGO,51.66,9.3,223.2,24,720.7403,0.88,Rough,FMS_MARITIME,2026-04-06
2022-06-13,125,LNG,17.33,8.2,196.8,24,274.2155,0.42,Moderate,FMS_MARITIME,2026-04-06
2022-06-14,125,HFO,84.62,8.7,208.8,24,1262.0052,0.96,Rough,FMS_MARITIME,2026-04-06
2022-06-15,125,LNG,79.3,11.3,271.2,24,910.5465,0.43,Moderate,FMS_MARITIME,2026-04-06
2022-06-16,125,MGO,36.99,10.7,256.8,24,448.547,0.56,Calm,FMS_MARITIME,2026-04-06
2022-06-17,125,HFO,64.98,11.0,264.0,24,766.4686,0.68,Moderate,FMS_MARITIME,2026-04-06
2022-06-18,125,MGO,59.27,12.5,300.0,24,615.2226,0.95,Moderate,FMS_MARITIME,2026-04-06
2022-06-19,125,MGO,17.3,13.3,319.2,24,168.7726,0.84,Moderate,FMS_MARITIME,2026-04-06
2022-06-20,125,LSMGO,80.29,9.0,216.0,24,1157.5142,0.98,Rough,FMS_MARITIME,2026-04-06
2022-06-21,125,HFO,18.32,15.5,372.0,24,153.3561,0.56,Rough,FMS_MARITIME,2026-04-06
2022-06-22,125,LSMGO,39.33,17.5,420.0,24,291.6039,0.57,Rough,FMS_MARITIME,2026-04-06
2022-06-23,125,HFO,42.45,12.3,295.2,24,447.7957,0.97,Rough,FMS_MARITIME,2026-04-06
2022-06-24,125,LNG,43.07,16.9,405.6,24,330.6706,0.54,Moderate,FMS_MARITIME,2026-04-06
2022-06-25,125,MGO,33.67,16.2,388.8,24,269.6718,0.91,Moderate,FMS_MARITIME,2026-04-06
2022-06-26,125,LSMGO,18.11,12.3,295.2,24,191.0384,0.84,Moderate,FMS_MARITIME,2026-04-06
2022-06-27,125,MGO,32.01,10.6,254.4,24,391.8205,0.4,Moderate,FMS_MARITIME,2026-04-06
2022-06-28,125,HFO,48.16,8.6,206.4,24,726.6,0.56,Calm,FMS_MARITIME,2026-04-06
2022-06-28,125,LNG,24.49,12.2,292.8,24,260.4572,0.46,Calm,FMS_MARITIME,2026-04-06
2022-06-28,125,LNG,48.22,14.3,343.2,24,437.5206,0.4,Moderate,FMS_MARITIME,2026-04-06
2022-06-01,126,VLSFO,78.64,16.4,393.6,24,622.1671,0.54,Rough,FMS_MARITIME,2026-04-06
2022-06-02,126,LSMGO,18.03,11.2,268.8,24,208.8743,0.98,Calm,FMS_MARITIME,2026-04-06
2022-06-03,126,LSMGO,74.13,14.6,350.4,24,658.7923,0.76,Moderate,FMS_MARITIME,2026-04-06
2022-06-04,126,HFO,41.83,12.5,300.0,24,434.1954,0.76,Calm,FMS_MARITIME,2026-04-06
2022-06-05,126,LSMGO,72.57,16.8,403.2,24,560.4737,0.81,Moderate,FMS_MARITIME,2026-04-06
2022-06-06,126,LSMGO,64.23,13.2,316.8,24,631.3517,0.46,Rough,FMS_MARITIME,2026-04-06
2022-06-07,126,LSMGO,74.0,11.5,276.0,24,834.913,0.52,Moderate,FMS_MARITIME,2026-04-06
2022-06-08,126,HFO,30.51,14.3,343.2,24,276.8302,0.84,Rough,FMS_MARITIME,2026-04-06
2022-06-09,126,HFO,68.77,12.0,288.0,24,743.5756,0.6,Rough,FMS_MARITIME,2026-04-06
2022-06-10,126,MGO,67.31,16.9,405.6,24,516.7735,0.96,Moderate,FMS_MARITIME,2026-04-06
2022-06-11,126,HFO,43.51,17.3,415.2,24,326.325,0.46,Moderate,FMS_MARITIME,2026-04-06
2022-06-12,126,HFO,79.61,14.1,338.4,24,732.5814,0.51,Calm,FMS_MARITIME,2026-04-06
2022-06-13,126,LSMGO,49.11,17.9,429.6,24,355.9789,0.41,Moderate,FMS_MARITIME,2026-04-06
2022-06-14,126,LNG,23.21,12.5,300.0,24,240.9198,0.41,Moderate,FMS_MARITIME,2026-04-06
2022-06-15,126,HFO,56.44,11.9,285.6,24,615.3857,0.7,Rough,FMS_MARITIME,2026-04-06
2022-06-16,126,HFO,81.06,12.9,309.6,24,815.3128,0.59,Moderate,FMS_MARITIME,2026-04-06
2022-06-17,126,HFO,32.38,17.4,417.6,24,241.4543,0.72,Calm,FMS_MARITIME,2026-04-06
2022-06-18,126,LSMGO,26.16,14.3,343.2,24,237.3608,0.47,Moderate,FMS_MARITIME,2026-04-06
2022-06-19,126,LNG,30.6,17.5,420.0,24,226.8771,0.6,Rough,FMS_MARITIME,2026-04-06
2022-06-20,126,LNG,43.7,9.6,230.4,24,590.6328,0.41,Calm,FMS_MARITIME,2026-04-06
2022-06-21,126,LSMGO,62.99,13.8,331.2,24,592.2429,0.68,Moderate,FMS_MARITIME,2026-04-06
2022-06-22,126,VLSFO,81.84,16.9,405.6,24,628.3278,0.62,Moderate,FMS_MARITIME,2026-04-06
2022-06-23,126,VLSFO,59.99,16.0,384.0,24,486.4814,0.84,Calm,FMS_MARITIME,2026-04-06
2022-06-24,126,LSMGO,19.58,15.8,379.2,24,160.7915,0.86,Calm,FMS_MARITIME,2026-04-06
2022-06-25,126,VLSFO,71.32,9.3,223.2,24,995.029,0.99,Rough,FMS_MARITIME,2026-04-06
2022-06-26,126,LSMGO,48.7,9.5,228.0,24,665.1395,0.41,Calm,FMS_MARITIME,2026-04-06
2022-06-27,126,LNG,40.09,13.3,319.2,24,391.1036,0.65,Calm,FMS_MARITIME,2026-04-06
2022-06-28,126,VLSFO,50.52,16.2,388.8,24,404.6278,0.66,Calm,FMS_MARITIME,2026-04-06
2022-06-28,126,VLSFO,26.72,15.0,360.0,24,231.128,0.66,Moderate,FMS_MARITIME,2026-04-06
2022-06-28,126,VLSFO,78.27,9.2,220.8,24,1103.8622,1.0,Moderate,FMS_MARITIME,2026-04-06
2022-06-01,127,VLSFO,78.19,15.6,374.4,24,650.3303,0.98,Calm,FMS_MARITIME,2026-04-06
2022-06-02,127,HFO,67.58,17.3,415.2,24,506.85,0.62,Moderate,FMS_MARITIME,2026-04-06
2022-06-03,127,HFO,63.78,10.8,259.2,24,766.2458,0.51,Moderate,FMS_MARITIME,2026-04-06
2022-06-04,127,MGO,61.62,8.2,196.8,24,975.0238,0.75,Moderate,FMS_MARITIME,2026-04-06
2022-06-05,127,VLSFO,32.37,11.3,271.2,24,371.6821,0.72,Calm,FMS_MARITIME,2026-04-06
2022-06-06,127,VLSFO,56.41,12.2,292.8,24,599.9342,0.9,Rough,FMS_MARITIME,2026-04-06
2022-06-07,127,VLSFO,66.36,8.9,213.6,24,967.4393,0.42,Moderate,FMS_MARITIME,2026-04-06
2022-06-08,127,MGO,80.45,13.8,331.2,24,756.4049,0.45,Rough,FMS_MARITIME,2026-04-06
2022-06-09,127,MGO,40.78,13.7,328.8,24,386.2193,0.57,Rough,FMS_MARITIME,2026-04-06
2022-06-10,127,VLSFO,54.96,8.8,211.2,24,810.3477,0.98,Rough,FMS_MARITIME,2026-04-06
2022-06-11,127,LSMGO,72.0,9.5,228.0,24,983.3684,0.8,Moderate,FMS_MARITIME,2026-04-06
2022-06-12,127,LSMGO,15.67,9.7,232.8,24,209.6064,0.69,Rough,FMS_MARITIME,2026-04-06
2022-06-13,127,LNG,35.96,16.0,384.0,24,291.6131,0.66,Rough,FMS_MARITIME,2026-04-06
2022-06-14,127,MGO,53.21,13.3,319.2,24,519.0976,0.65,Moderate,FMS_MARITIME,2026-04-06
2022-06-15,127,LSMGO,35.58,13.0,312.0,24,355.1158,0.8,Calm,FMS_MARITIME,2026-04-06
2022-06-16,127,LNG,46.39,13.6,326.4,24,442.5811,0.7,Calm,FMS_MARITIME,2026-04-06
2022-06-17,127,LSMGO,59.69,8.7,208.8,24,890.2043,0.68,Moderate,FMS_MARITIME,2026-04-06
2022-06-18,127,LSMGO,20.22,17.2,412.8,24,152.5317,0.85,Rough,FMS_MARITIME,2026-04-06
2022-06-19,127,LNG,25.63,12.6,302.4,24,263.928,0.51,Rough,FMS_MARITIME,2026-04-06
2022-06-20,127,HFO,73.78,10.0,240.0,24,957.2955,0.86,Calm,FMS_MARITIME,2026-04-06
2022-06-21,127,LNG,15.25,9.1,218.4,24,217.4382,0.62,Moderate,FMS_MARITIME,2026-04-06
2022-06-22,127,LSMGO,68.84,17.3,415.2,24,516.3,0.88,Rough,FMS_MARITIME,2026-04-06
2022-06-23,127,MGO,25.59,15.1,362.4,24,219.8876,0.61,Rough,FMS_MARITIME,2026-04-06
2022-06-24,127,VLSFO,21.51,12.0,288.0,24,232.5769,0.6,Calm,FMS_MARITIME,2026-04-06
2022-06-25,127,LSMGO,52.45,12.6,302.4,24,540.1101,0.99,Rough,FMS_MARITIME,2026-04-06
2022-06-26,127,LSMGO,16.86,11.5,276.0,24,190.2248,0.95,Calm,FMS_MARITIME,2026-04-06
2022-06-27,127,MGO,29.78,17.3,415.2,24,223.35,1.0,Calm,FMS_MARITIME,2026-04-06
2022-06-28,127,MGO,77.02,9.4,225.6,24,1063.1218,0.54,Calm,FMS_MARITIME,2026-04-06
2022-06-28,127,LNG,46.15,16.6,398.4,24,360.7206,1.0,Calm,FMS_MARITIME,2026-04-06
2022-06-28,127,LSMGO,48.31,14.2,340.8,24,441.4241,0.44,Calm,FMS_MARITIME,2026-04-06
2022-06-01,128,LSMGO,50.17,16.4,393.6,24,396.9242,0.65,Moderate,FMS_MARITIME,2026-04-06
2022-06-02,128,VLSFO,24.15,9.0,216.0,24,348.1625,0.53,Calm,FMS_MARITIME,2026-04-06
2022-06-03,128,VLSFO,21.59,11.6,278.4,24,241.4916,1.0,Calm,FMS_MARITIME,2026-04-06
2022-06-04,128,HFO,51.66,14.2,340.8,24,472.0342,0.44,Moderate,FMS_MARITIME,2026-04-06
2022-06-05,128,LNG,22.13,14.6,350.4,24,196.669,0.62,Moderate,FMS_MARITIME,2026-04-06
2022-06-06,128,HFO,75.2,11.0,264.0,24,887.0182,0.65,Rough,FMS_MARITIME,2026-04-06
2022-06-07,128,LNG,30.83,15.9,381.6,24,251.5844,0.44,Moderate,FMS_MARITIME,2026-04-06
2022-06-08,128,HFO,30.72,17.9,429.6,24,222.6771,0.8,Rough,FMS_MARITIME,2026-04-06
2022-06-09,128,LSMGO,35.78,13.6,326.4,24,341.357,0.54,Calm,FMS_MARITIME,2026-04-06
2022-06-10,128,VLSFO,44.14,11.4,273.6,24,502.3829,0.7,Rough,FMS_MARITIME,2026-04-06
2022-06-11,128,VLSFO,41.56,9.8,235.2,24,550.2459,0.79,Calm,FMS_MARITIME,2026-04-06
2022-06-12,128,VLSFO,58.28,10.2,244.8,24,741.3559,0.58,Moderate,FMS_MARITIME,2026-04-06
2022-06-13,128,LSMGO,54.27,11.5,276.0,24,612.3072,0.6,Calm,FMS_MARITIME,2026-04-06
2022-06-14,128,MGO,79.8,11.9,285.6,24,870.0882,0.41,Moderate,FMS_MARITIME,2026-04-06
2022-06-15,128,LSMGO,33.61,15.1,362.4,24,288.8012,0.78,Calm,FMS_MARITIME,2026-04-06
2022-06-16,128,VLSFO,17.69,10.3,247.2,24,222.8425,0.76,Moderate,FMS_MARITIME,2026-04-06
2022-06-17,128,MGO,54.89,12.4,297.6,24,574.353,0.85,Calm,FMS_MARITIME,2026-04-06
2022-06-18,128,VLSFO,28.02,13.1,314.4,24,277.5263,0.6,Rough,FMS_MARITIME,2026-04-06
2022-06-19,128,LSMGO,18.08,9.3,223.2,24,252.2452,0.81,Moderate,FMS_MARITIME,2026-04-06
2022-06-20,128,LNG,63.16,14.5,348.0,24,565.1731,0.41,Rough,FMS_MARITIME,2026-04-06
2022-06-21,128,HFO,52.24,10.7,256.8,24,633.471,0.97,Moderate,FMS_MARITIME,2026-04-06
2022-06-22,128,LSMGO,58.96,14.0,336.0,24,546.4329,0.64,Rough,FMS_MARITIME,2026-04-06
2022-06-23,128,VLSFO,18.16,12.2,292.8,24,193.1361,0.74,Rough,FMS_MARITIME,2026-04-06
2022-06-24,128,VLSFO,69.92,17.6,422.4,24,515.4614,0.9,Rough,FMS_MARITIME,2026-04-06
2022-06-25,128,VLSFO,48.55,12.5,300.0,24,503.949,0.97,Calm,FMS_MARITIME,2026-04-06
2022-06-26,128,HFO,75.13,8.5,204.0,24,1146.8374,0.9,Rough,FMS_MARITIME,2026-04-06
2022-06-27,128,MGO,16.46,17.0,408.0,24,125.6285,0.96,Calm,FMS_MARITIME,2026-04-06
2022-06-28,128,VLSFO,33.78,17.6,422.4,24,249.0315,0.6,Rough,FMS_MARITIME,2026-04-06
2022-06-28,128,LSMGO,25.01,17.5,420.0,24,185.4313,0.63,Calm,FMS_MARITIME,2026-04-06
2022-06-28,128,LSMGO,54.32,14.8,355.2,24,476.2176,0.83,Moderate,FMS_MARITIME,2026-04-06
2022-06-01,129,LNG,55.85,16.0,384.0,24,452.9086,0.4,Calm,FMS_MARITIME,2026-04-06
2022-06-02,129,MGO,55.73,17.6,422.4,24,410.8504,0.57,Moderate,FMS_MARITIME,2026-04-06
2022-06-03,129,HFO,42.58,12.4,297.6,24,445.5448,0.69,Moderate,FMS_MARITIME,2026-04-06
2022-06-04,129,MGO,32.47,15.0,360.0,24,280.8655,0.46,Calm,FMS_MARITIME,2026-04-06
2022-06-05,129,LSMGO,38.07,8.3,199.2,24,595.1304,0.87,Calm,FMS_MARITIME,2026-04-06
2022-06-06,129,LSMGO,52.3,13.6,326.4,24,498.9651,0.66,Moderate,FMS_MARITIME,2026-04-06
2022-06-07,129,LSMGO,72.1,9.2,220.8,24,1016.8451,0.91,Rough,FMS_MARITIME,2026-04-06
2022-06-08,129,MGO,20.91,17.4,417.6,24,155.9237,0.82,Moderate,FMS_MARITIME,2026-04-06
2022-06-09,129,HFO,18.11,17.8,427.2,24,132.0097,0.47,Calm,FMS_MARITIME,2026-04-06
2022-06-10,129,VLSFO,73.2,11.0,264.0,24,863.4273,0.69,Rough,FMS_MARITIME,2026-04-06
2022-06-11,129,MGO,71.21,16.7,400.8,24,553.2633,0.84,Moderate,FMS_MARITIME,2026-04-06
2022-06-12,129,LNG,54.17,10.0,240.0,24,702.8558,0.64,Rough,FMS_MARITIME,2026-04-06
2022-06-13,129,LNG,55.88,9.0,216.0,24,805.6033,0.66,Rough,FMS_MARITIME,2026-04-06
2022-06-14,129,LSMGO,67.83,14.8,355.2,24,594.6583,0.47,Moderate,FMS_MARITIME,2026-04-06
2022-06-15,129,LNG,34.33,10.4,249.6,24,428.2998,0.96,Calm,FMS_MARITIME,2026-04-06
2022-06-16,129,HFO,46.09,16.8,403.2,24,355.9629,0.86,Calm,FMS_MARITIME,2026-04-06
2022-06-17,129,LNG,15.14,16.4,393.6,24,119.7814,0.71,Calm,FMS_MARITIME,2026-04-06
2022-06-18,129,MGO,54.97,13.7,328.8,24,520.61,0.86,Rough,FMS_MARITIME,2026-04-06
2022-06-19,129,LNG,27.47,16.3,391.2,24,218.6646,0.97,Rough,FMS_MARITIME,2026-04-06
2022-06-20,129,VLSFO,84.18,9.7,232.8,24,1126.016,0.98,Moderate,FMS_MARITIME,2026-04-06
2022-06-21,129,MGO,15.79,11.6,278.4,24,176.6166,0.71,Rough,FMS_MARITIME,2026-04-06
2022-06-22,129,MGO,81.55,9.8,235.2,24,1079.7054,0.47,Calm,FMS_MARITIME,2026-04-06
2022-06-23,129,HFO,25.55,10.6,254.4,24,312.7465,0.92,Calm,FMS_MARITIME,2026-04-06
2022-06-24,129,VLSFO,38.06,8.5,204.0,24,580.9747,0.58,Moderate,FMS_MARITIME,2026-04-06
2022-06-25,129,LNG,76.06,14.4,345.6,24,685.3323,0.81,Moderate,FMS_MARITIME,2026-04-06
2022-06-26,129,LSMGO,65.39,16.4,393.6,24,517.3386,0.85,Rough,FMS_MARITIME,2026-04-06
2022-06-27,129,LSMGO,51.02,15.9,381.6,24,416.3425,0.68,Rough,FMS_MARITIME,2026-04-06
2022-06-28,129,MGO,28.69,10.3,247.2,24,361.4104,0.86,Moderate,FMS_MARITIME,2026-04-06
2022-06-28,129,MGO,68.94,16.7,400.8,24,535.6266,0.43,Calm,FMS_MARITIME,2026-04-06
2022-06-28,129,LSMGO,59.57,16.2,388.8,24,477.1116,0.86,Moderate,FMS_MARITIME,2026-04-06
2022-06-01,130,VLSFO,77.62,11.9,285.6,24,846.3189,0.53,Moderate,FMS_MARITIME,2026-04-06
2022-06-02,130,MGO,77.33,12.2,292.8,24,822.4236,0.57,Moderate,FMS_MARITIME,2026-04-06
2022-06-03,130,MGO,69.41,17.9,429.6,24,503.1256,0.57,Calm,FMS_MARITIME,2026-04-06
2022-06-04,130,VLSFO,29.0,8.4,201.6,24,447.9464,0.64,Moderate,FMS_MARITIME,2026-04-06
2022-06-05,130,HFO,47.24,14.4,345.6,24,425.6521,0.5,Calm,FMS_MARITIME,2026-04-06
2022-06-06,130,LSMGO,74.18,15.8,379.2,24,609.168,0.69,Rough,FMS_MARITIME,2026-04-06
2022-06-07,130,LSMGO,65.22,13.8,331.2,24,613.2098,0.97,Rough,FMS_MARITIME,2026-04-06
2022-06-08,130,HFO,32.17,11.5,276.0,24,362.9615,0.74,Moderate,FMS_MARITIME,2026-04-06
2022-06-09,130,MGO,69.42,16.4,393.6,24,549.2223,0.6,Rough,FMS_MARITIME,2026-04-06
2022-06-10,130,MGO,67.82,11.4,273.6,24,771.8987,0.49,Rough,FMS_MARITIME,2026-04-06
2022-06-11,130,LSMGO,59.71,15.5,372.0,24,499.8305,0.54,Calm,FMS_MARITIME,2026-04-06
2022-06-12,130,MGO,49.26,15.6,374.4,24,409.7106,0.84,Rough,FMS_MARITIME,2026-04-06
2022-06-13,130,HFO,19.71,15.7,376.8,24,162.89,0.65,Rough,FMS_MARITIME,2026-04-06
2022-06-14,130,MGO,37.37,9.5,228.0,24,510.3955,0.95,Rough,FMS_MARITIME,2026-04-06
2022-06-15,130,LSMGO,78.8,17.3,415.2,24,591.0,0.55,Rough,FMS_MARITIME,2026-04-06
2022-06-16,130,VLSFO,15.15,12.8,307.2,24,153.5713,0.43,Rough,FMS_MARITIME,2026-04-06
2022-06-17,130,MGO,18.11,17.3,415.2,24,135.825,0.55,Rough,FMS_MARITIME,2026-04-06
2022-06-18,130,HFO,42.97,10.4,249.6,24,536.0921,0.86,Calm,FMS_MARITIME,2026-04-06
2022-06-19,130,MGO,54.25,15.8,379.2,24,445.5024,0.91,Moderate,FMS_MARITIME,2026-04-06
2022-06-20,130,LSMGO,29.59,13.8,331.2,24,278.2103,0.99,Rough,FMS_MARITIME,2026-04-06
2022-06-21,130,VLSFO,62.06,10.6,254.4,24,759.6495,0.55,Rough,FMS_MARITIME,2026-04-06
2022-06-22,130,LNG,31.55,16.1,386.4,24,254.2616,0.57,Moderate,FMS_MARITIME,2026-04-06
2022-06-23,130,VLSFO,59.68,15.0,360.0,24,516.232,0.82,Moderate,FMS_MARITIME,2026-04-06
2022-06-24,130,LNG,34.98,10.1,242.4,24,449.3718,0.5,Rough,FMS_MARITIME,2026-04-06
2022-06-25,130,VLSFO,29.62,12.1,290.4,24,317.6194,0.78,Moderate,FMS_MARITIME,2026-04-06
2022-06-26,130,MGO,18.0,8.8,211.2,24,265.3977,0.69,Calm,FMS_MARITIME,2026-04-06
2022-06-27,130,MGO,47.58,9.6,230.4,24,643.0734,0.51,Moderate,FMS_MARITIME,2026-04-06
2022-06-28,130,HFO,32.05,9.0,216.0,24,462.0542,0.72,Calm,FMS_MARITIME,2026-04-06
2022-06-28,130,LNG,17.89,8.0,192.0,24,290.1534,0.97,Moderate,FMS_MARITIME,2026-04-06
2022-06-28,130,HFO,58.87,13.0,312.0,24,587.5679,0.52,Rough,FMS_MARITIME,2026-04-06
2022-06-01,131,VLSFO,73.96,14.6,350.4,24,657.2815,0.5,Rough,FMS_MARITIME,2026-04-06
2022-06-02,131,LSMGO,72.45,9.1,218.4,24,1033.0096,0.5,Rough,FMS_MARITIME,2026-04-06
2022-06-03,131,LSMGO,21.42,17.3,415.2,24,160.65,0.8,Calm,FMS_MARITIME,2026-04-06
2022-06-04,131,MGO,50.05,14.6,350.4,24,444.7937,0.95,Rough,FMS_MARITIME,2026-04-06
2022-06-05,131,MGO,40.02,11.5,276.0,24,451.53,0.63,Calm,FMS_MARITIME,2026-04-06
2022-06-06,131,LSMGO,64.64,8.4,201.6,24,998.4571,0.78,Moderate,FMS_MARITIME,2026-04-06
2022-06-07,131,MGO,32.35,16.1,386.4,24,260.7089,0.67,Moderate,FMS_MARITIME,2026-04-06
2022-06-08,131,LNG,71.32,14.7,352.8,24,629.5082,0.65,Rough,FMS_MARITIME,2026-04-06
2022-06-09,131,VLSFO,83.72,12.8,307.2,24,848.6461,0.93,Moderate,FMS_MARITIME,2026-04-06
2022-06-10,131,HFO,56.68,17.7,424.8,24,415.4932,0.78,Moderate,FMS_MARITIME,2026-04-06
2022-06-11,131,LNG,55.62,17.0,408.0,24,424.5115,0.98,Calm,FMS_MARITIME,2026-04-06
2022-06-12,131,VLSFO,65.97,16.3,391.2,24,525.1293,0.87,Moderate,FMS_MARITIME,2026-04-06
2022-06-13,131,HFO,65.98,11.3,271.2,24,757.6022,0.97,Moderate,FMS_MARITIME,2026-04-06
2022-06-14,131,VLSFO,57.0,10.2,244.8,24,725.0735,0.4,Calm,FMS_MARITIME,2026-04-06
2022-06-15,131,LNG,51.91,17.0,408.0,24,396.1954,0.51,Moderate,FMS_MARITIME,2026-04-06
2022-06-16,131,LSMGO,81.14,12.5,300.0,24,842.2332,0.56,Moderate,FMS_MARITIME,2026-04-06
2022-06-17,131,LSMGO,68.73,11.7,280.8,24,762.1981,0.44,Calm,FMS_MARITIME,2026-04-06
2022-06-18,131,LSMGO,75.52,8.8,211.2,24,1113.4909,0.81,Rough,FMS_MARITIME,2026-04-06
2022-06-19,131,VLSFO,74.17,11.6,278.4,24,829.617,0.76,Moderate,FMS_MARITIME,2026-04-06
2022-06-20,131,HFO,52.09,11.9,285.6,24,567.9561,0.94,Rough,FMS_MARITIME,2026-04-06
2022-06-21,131,HFO,55.43,14.4,345.6,24,499.4474,0.79,Calm,FMS_MARITIME,2026-04-06
2022-06-22,131,MGO,84.18,11.3,271.2,24,966.5801,0.65,Calm,FMS_MARITIME,2026-04-06
2022-06-23,131,LSMGO,72.1,8.4,201.6,24,1113.6875,0.89,Rough,FMS_MARITIME,2026-04-06
2022-06-24,131,VLSFO,81.85,16.9,405.6,24,628.4046,0.93,Moderate,FMS_MARITIME,2026-04-06
2022-06-25,131,LNG,69.71,9.6,230.4,24,942.1742,0.65,Rough,FMS_MARITIME,2026-04-06
2022-06-26,131,LNG,79.04,13.6,326.4,24,754.0765,0.97,Rough,FMS_MARITIME,2026-04-06
2022-06-27,131,VLSFO,35.73,10.6,254.4,24,437.3554,0.53,Rough,FMS_MARITIME,2026-04-06
2022-06-28,131,LSMGO,22.68,12.4,297.6,24,237.3169,0.66,Moderate,FMS_MARITIME,2026-04-06
2022-06-28,131,LNG,60.37,9.1,218.4,24,860.7701,0.98,Moderate,FMS_MARITIME,2026-04-06
2022-06-28,131,VLSFO,76.7,15.8,379.2,24,629.8623,0.58,Moderate,FMS_MARITIME,2026-04-06
2022-06-01,132,LNG,80.59,11.9,285.6,24,878.7019,1.0,Calm,FMS_MARITIME,2026-04-06
2022-06-02,132,MGO,57.11,9.9,237.6,24,748.4871,0.45,Moderate,FMS_MARITIME,2026-04-06
2022-06-03,132,HFO,61.46,10.8,259.2,24,738.3736,0.78,Rough,FMS_MARITIME,2026-04-06
2022-06-04,132,VLSFO,55.61,13.5,324.0,24,534.4739,0.41,Rough,FMS_MARITIME,2026-04-06
2022-06-05,132,LSMGO,40.37,11.8,283.2,24,443.8989,0.98,Calm,FMS_MARITIME,2026-04-06
2022-06-06,132,MGO,29.68,15.2,364.8,24,253.3539,0.58,Moderate,FMS_MARITIME,2026-04-06
2022-06-07,132,MGO,72.42,12.2,292.8,24,770.2045,0.47,Moderate,FMS_MARITIME,2026-04-06
2022-06-08,132,HFO,57.59,16.8,403.2,24,444.7799,0.43,Rough,FMS_MARITIME,2026-04-06
2022-06-09,132,LSMGO,60.46,10.5,252.0,24,747.1129,0.67,Calm,FMS_MARITIME,2026-04-06
2022-06-10,132,MGO,78.5,12.9,309.6,24,789.564,0.46,Calm,FMS_MARITIME,2026-04-06
2022-06-11,132,MGO,83.16,12.0,288.0,24,899.1675,0.85,Moderate,FMS_MARITIME,2026-04-06
2022-06-12,132,LSMGO,82.86,16.2,388.8,24,663.6472,0.54,Rough,FMS_MARITIME,2026-04-06
2022-06-13,132,HFO,65.11,15.3,367.2,24,552.1583,0.53,Calm,FMS_MARITIME,2026-04-06
2022-06-14,132,LNG,26.53,9.9,237.6,24,347.7038,0.65,Moderate,FMS_MARITIME,2026-04-06
2022-06-15,132,LNG,70.74,14.1,338.4,24,650.9585,0.66,Moderate,FMS_MARITIME,2026-04-06
2022-06-16,132,LSMGO,27.57,10.1,242.4,24,354.179,0.58,Moderate,FMS_MARITIME,2026-04-06
2022-06-17,132,MGO,18.65,14.9,357.6,24,162.4052,0.62,Rough,FMS_MARITIME,2026-04-06
2022-06-18,132,LNG,71.01,17.3,415.2,24,532.575,0.95,Moderate,FMS_MARITIME,2026-04-06
2022-06-19,132,VLSFO,54.1,9.6,230.4,24,731.1953,0.87,Calm,FMS_MARITIME,2026-04-06
2022-06-20,132,HFO,68.77,11.0,264.0,24,811.1734,0.59,Rough,FMS_MARITIME,2026-04-06
2022-06-21,132,VLSFO,34.68,8.8,211.2,24,511.333,0.61,Moderate,FMS_MARITIME,2026-04-06
2022-06-22,132,LNG,38.82,15.2,364.8,24,331.3747,0.97,Calm,FMS_MARITIME,2026-04-06
2022-06-23,132,HFO,29.5,16.8,403.2,24,227.8348,1.0,Moderate,FMS_MARITIME,2026-04-06
2022-06-24,132,LNG,80.98,8.2,196.8,24,1281.3604,0.76,Moderate,FMS_MARITIME,2026-04-06
2022-06-25,132,HFO,31.14,12.5,300.0,24,323.2332,0.9,Rough,FMS_MARITIME,2026-04-06
2022-06-26,132,MGO,81.06,11.5,276.0,24,914.5683,0.98,Calm,FMS_MARITIME,2026-04-06
2022-06-27,132,LNG,24.89,9.9,237.6,24,326.2098,0.82,Moderate,FMS_MARITIME,2026-04-06
2022-06-28,132,MGO,82.97,17.6,422.4,24,611.668,0.75,Moderate,FMS_MARITIME,2026-04-06
2022-06-28,132,VLSFO,52.27,11.3,271.2,24,600.1799,0.78,Moderate,FMS_MARITIME,2026-04-06
2022-06-28,132,LNG,50.28,16.1,386.4,24,405.2068,0.58,Calm,FMS_MARITIME,2026-04-06
2022-06-01,133,VLSFO,35.73,12.8,307.2,24,362.185,0.62,Calm,FMS_MARITIME,2026-04-06
2022-06-02,133,LSMGO,19.37,8.2,196.8,24,306.4948,0.87,Rough,FMS_MARITIME,2026-04-06
2022-06-03,133,VLSFO,42.86,11.3,271.2,24,492.1314,0.52,Moderate,FMS_MARITIME,2026-04-06
2022-06-04,133,MGO,81.47,13.6,326.4,24,777.2597,0.44,Rough,FMS_MARITIME,2026-04-06
2022-06-05,133,VLSFO,59.44,10.7,256.8,24,720.7794,0.73,Rough,FMS_MARITIME,2026-04-06
2022-06-06,133,LNG,72.32,11.7,280.8,24,802.0103,0.81,Moderate,FMS_MARITIME,2026-04-06
2022-06-07,133,VLSFO,68.92,8.5,204.0,24,1052.0435,0.48,Calm,FMS_MARITIME,2026-04-06
2022-06-08,133,LNG,16.95,15.6,374.4,24,140.9784,0.66,Rough,FMS_MARITIME,2026-04-06
2022-06-09,133,HFO,48.15,12.0,288.0,24,520.6219,0.51,Rough,FMS_MARITIME,2026-04-06
2022-06-10,133,HFO,16.58,12.4,297.6,24,173.4883,0.64,Calm,FMS_MARITIME,2026-04-06
2022-06-11,133,HFO,30.98,9.7,232.8,24,414.3974,0.77,Calm,FMS_MARITIME,2026-04-06
2022-06-12,133,MGO,58.73,17.9,429.6,24,425.7105,0.6,Moderate,FMS_MARITIME,2026-04-06
2022-06-13,133,LNG,20.46,17.3,415.2,24,153.45,0.44,Moderate,FMS_MARITIME,2026-04-06
2022-06-14,133,MGO,77.6,15.6,374.4,24,645.4231,0.83,Rough,FMS_MARITIME,2026-04-06
2022-06-15,133,LSMGO,38.83,14.2,340.8,24,354.8023,0.89,Moderate,FMS_MARITIME,2026-04-06
2022-06-16,133,LNG,48.61,12.9,309.6,24,488.9262,0.86,Rough,FMS_MARITIME,2026-04-06
2022-06-17,133,LNG,42.25,12.9,309.6,24,424.9564,0.95,Calm,FMS_MARITIME,2026-04-06
2022-06-18,133,MGO,54.72,9.1,218.4,24,780.211,0.82,Rough,FMS_MARITIME,2026-04-06
2022-06-19,133,VLSFO,84.65,8.5,204.0,24,1292.1574,0.54,Moderate,FMS_MARITIME,2026-04-06
2022-06-20,133,MGO,68.81,14.7,352.8,24,607.3536,0.81,Moderate,FMS_MARITIME,2026-04-06
2022-06-21,133,MGO,82.02,9.6,230.4,24,1108.5516,0.78,Calm,FMS_MARITIME,2026-04-06
2022-06-22,133,MGO,27.89,13.0,312.0,24,278.3637,0.81,Moderate,FMS_MARITIME,2026-04-06
2022-06-23,133,HFO,68.45,9.6,230.4,24,925.1445,0.69,Calm,FMS_MARITIME,2026-04-06
2022-06-24,133,LNG,63.61,11.8,283.2,24,699.4405,0.5,Rough,FMS_MARITIME,2026-04-06
2022-06-25,133,HFO,34.49,10.2,244.8,24,438.7331,0.62,Calm,FMS_MARITIME,2026-04-06
2022-06-26,133,MGO,53.82,15.6,374.4,24,447.6375,0.57,Calm,FMS_MARITIME,2026-04-06
2022-06-27,133,LSMGO,19.69,8.1,194.4,24,315.4046,0.46,Moderate,FMS_MARITIME,2026-04-06
2022-06-28,133,LNG,71.46,13.1,314.4,24,707.7813,0.56,Calm,FMS_MARITIME,2026-04-06
2022-06-28,133,MGO,20.69,15.6,374.4,24,172.0851,0.41,Rough,FMS_MARITIME,2026-04-06
2022-06-28,133,VLSFO,38.26,11.0,264.0,24,451.2941,0.64,Calm,FMS_MARITIME,2026-04-06
2022-06-01,134,HFO,33.5,8.8,211.2,24,493.9347,0.5,Rough,FMS_MARITIME,2026-04-06
2022-06-02,134,HFO,58.99,10.9,261.6,24,702.1975,0.81,Calm,FMS_MARITIME,2026-04-06
2022-06-03,134,VLSFO,26.91,16.1,386.4,24,216.8679,0.51,Calm,FMS_MARITIME,2026-04-06
2022-06-04,134,MGO,79.98,13.4,321.6,24,774.4332,0.4,Moderate,FMS_MARITIME,2026-04-06
2022-06-05,134,LNG,82.62,11.9,285.6,24,900.8357,0.58,Moderate,FMS_MARITIME,2026-04-06
2022-06-06,134,LSMGO,50.01,17.6,422.4,24,368.6817,0.81,Calm,FMS_MARITIME,2026-04-06
2022-06-07,134,VLSFO,46.7,8.2,196.8,24,738.9421,0.56,Rough,FMS_MARITIME,2026-04-06
2022-06-08,134,MGO,73.69,14.8,355.2,24,646.0323,0.48,Rough,FMS_MARITIME,2026-04-06
2022-06-09,134,HFO,56.29,14.1,338.4,24,517.9878,0.52,Calm,FMS_MARITIME,2026-04-06
2022-06-10,134,HFO,24.17,15.7,376.8,24,199.7489,0.61,Moderate,FMS_MARITIME,2026-04-06
2022-06-11,134,LSMGO,75.86,8.1,194.4,24,1215.1648,0.85,Moderate,FMS_MARITIME,2026-04-06
2022-06-12,134,MGO,81.14,13.9,333.6,24,757.404,0.79,Calm,FMS_MARITIME,2026-04-06
2022-06-13,134,LNG,70.0,8.1,194.4,24,1121.2963,0.5,Calm,FMS_MARITIME,2026-04-06
2022-06-14,134,LNG,46.18,14.2,340.8,24,421.9616,0.92,Rough,FMS_MARITIME,2026-04-06
2022-06-15,134,LSMGO,17.05,13.8,331.2,24,160.3071,0.41,Moderate,FMS_MARITIME,2026-04-06
2022-06-16,134,VLSFO,82.17,16.7,400.8,24,638.4166,0.88,Calm,FMS_MARITIME,2026-04-06
2022-06-17,134,LSMGO,81.66,13.0,312.0,24,815.0296,0.98,Rough,FMS_MARITIME,2026-04-06
2022-06-18,134,VLSFO,20.46,15.1,362.4,24,175.807,0.93,Moderate,FMS_MARITIME,2026-04-06
2022-06-19,134,LSMGO,17.49,14.6,350.4,24,155.4334,0.59,Moderate,FMS_MARITIME,2026-04-06
2022-06-20,134,MGO,29.37,8.3,199.2,24,459.1274,0.77,Rough,FMS_MARITIME,2026-04-06
2022-06-21,134,VLSFO,73.84,10.9,261.6,24,878.967,0.74,Calm,FMS_MARITIME,2026-04-06
2022-06-22,134,LNG,63.52,13.8,331.2,24,597.2261,0.7,Calm,FMS_MARITIME,2026-04-06
2022-06-23,134,LSMGO,19.72,17.8,427.2,24,143.7455,0.6,Rough,FMS_MARITIME,2026-04-06
2022-06-24,134,HFO,31.93,11.0,264.0,24,376.6289,0.52,Rough,FMS_MARITIME,2026-04-06
2022-06-25,134,HFO,28.39,10.8,259.2,24,341.0743,0.86,Calm,FMS_MARITIME,2026-04-06
2022-06-26,134,MGO,19.48,17.3,415.2,24,146.1,0.85,Rough,FMS_MARITIME,2026-04-06
2022-06-27,134,VLSFO,56.7,13.9,333.6,24,529.268,0.96,Moderate,FMS_MARITIME,2026-04-06
2022-06-28,134,HFO,37.57,17.9,429.6,24,272.33,0.83,Rough,FMS_MARITIME,2026-04-06
2022-06-28,134,LNG,33.37,11.9,285.6,24,363.8452,0.48,Moderate,FMS_MARITIME,2026-04-06
2022-06-28,134,VLSFO,40.93,11.3,271.2,24,469.9706,0.57,Moderate,FMS_MARITIME,2026-04-06
2022-06-01,135,MGO,54.42,16.6,398.4,24,425.3611,0.64,Moderate,FMS_MARITIME,2026-04-06
2022-06-02,135,LSMGO,84.67,17.6,422.4,24,624.2007,0.72,Calm,FMS_MARITIME,2026-04-06
2022-06-03,135,LNG,59.21,11.5,276.0,24,668.0433,0.41,Calm,FMS_MARITIME,2026-04-06
2022-06-04,135,HFO,45.96,17.8,427.2,24,335.0174,0.41,Calm,FMS_MARITIME,2026-04-06
2022-06-05,135,LNG,49.1,17.4,417.6,24,366.1336,0.6,Moderate,FMS_MARITIME,2026-04-06
2022-06-06,135,LNG,75.76,14.9,357.6,24,659.7221,0.63,Calm,FMS_MARITIME,2026-04-06
2022-06-07,135,VLSFO,41.68,8.5,204.0,24,636.2329,0.59,Rough,FMS_MARITIME,2026-04-06
2022-06-08,135,HFO,33.18,15.8,379.2,24,272.475,0.67,Rough,FMS_MARITIME,2026-04-06
2022-06-09,135,HFO,35.08,13.4,321.6,24,339.6739,0.96,Rough,FMS_MARITIME,2026-04-06
2022-06-10,135,HFO,80.91,11.2,268.8,24,937.3279,0.85,Moderate,FMS_MARITIME,2026-04-06
2022-06-11,135,LNG,33.38,10.9,261.6,24,397.3445,0.67,Moderate,FMS_MARITIME,2026-04-06
2022-06-12,135,MGO,21.58,8.0,192.0,24,350.0006,0.57,Moderate,FMS_MARITIME,2026-04-06
2022-06-13,135,LSMGO,49.12,12.9,309.6,24,494.0558,0.74,Rough,FMS_MARITIME,2026-04-06
2022-06-14,135,HFO,26.69,14.3,343.2,24,242.1698,0.71,Moderate,FMS_MARITIME,2026-04-06
2022-06-15,135,MGO,54.02,17.3,415.2,24,405.15,0.58,Calm,FMS_MARITIME,2026-04-06
2022-06-16,135,MGO,44.69,9.1,218.4,24,637.2008,0.65,Rough,FMS_MARITIME,2026-04-06
2022-06-17,135,MGO,33.59,10.7,256.8,24,407.318,0.74,Rough,FMS_MARITIME,2026-04-06
2022-06-18,135,MGO,50.01,17.2,412.8,24,377.2557,0.82,Moderate,FMS_MARITIME,2026-04-06
2022-06-19,135,HFO,65.61,15.9,381.6,24,535.4024,0.92,Rough,FMS_MARITIME,2026-04-06
2022-06-20,135,VLSFO,15.33,12.4,297.6,24,160.4087,0.77,Calm,FMS_MARITIME,2026-04-06
2022-06-21,135,VLSFO,78.71,8.8,211.2,24,1160.5253,0.9,Moderate,FMS_MARITIME,2026-04-06
2022-06-22,135,VLSFO,60.74,10.1,242.4,24,780.2985,0.66,Rough,FMS_MARITIME,2026-04-06
2022-06-23,135,VLSFO,29.38,16.2,388.8,24,235.312,0.66,Calm,FMS_MARITIME,2026-04-06
2022-06-24,135,LSMGO,41.92,10.8,259.2,24,503.6222,0.7,Calm,FMS_MARITIME,2026-04-06
2022-06-25,135,LNG,57.01,15.2,364.8,24,486.6479,0.92,Rough,FMS_MARITIME,2026-04-06
2022-06-26,135,HFO,25.46,16.7,400.8,24,197.8105,0.64,Calm,FMS_MARITIME,2026-04-06
2022-06-27,135,LNG,29.78,16.5,396.0,24,234.1791,0.77,Rough,FMS_MARITIME,2026-04-06
2022-06-28,135,VLSFO,29.08,13.9,333.6,24,271.4482,0.49,Rough,FMS_MARITIME,2026-04-06
2022-06-28,135,LSMGO,19.75,9.1,218.4,24,281.6003,0.88,Rough,FMS_MARITIME,2026-04-06
2022-06-28,135,HFO,35.4,14.3,343.2,24,321.1993,0.82,Rough,FMS_MARITIME,2026-04-06
2022-06-01,136,LNG,79.09,16.3,391.2,24,629.5661,0.81,Calm,FMS_MARITIME,2026-04-06
2022-06-02,136,HFO,16.04,9.2,220.8,24,226.2163,0.66,Moderate,FMS_MARITIME,2026-04-06
2022-06-03,136,HFO,59.32,14.8,355.2,24,520.052,0.91,Calm,FMS_MARITIME,2026-04-06
2022-06-04,136,HFO,64.49,18.0,432.0,24,464.8654,0.48,Moderate,FMS_MARITIME,2026-04-06
2022-06-05,136,HFO,15.75,17.3,415.2,24,118.125,0.41,Rough,FMS_MARITIME,2026-04-06
2022-06-06,136,MGO,66.72,9.8,235.2,24,883.3592,0.6,Rough,FMS_MARITIME,2026-04-06
2022-06-07,136,VLSFO,56.65,8.8,211.2,24,835.2656,0.63,Moderate,FMS_MARITIME,2026-04-06
2022-06-08,136,LNG,36.25,14.8,355.2,24,317.7998,0.49,Moderate,FMS_MARITIME,2026-04-06
2022-06-09,136,LNG,75.05,12.8,307.2,24,760.7607,0.88,Moderate,FMS_MARITIME,2026-04-06
2022-06-10,136,VLSFO,32.69,15.6,374.4,24,271.8928,0.61,Rough,FMS_MARITIME,2026-04-06
2022-06-11,136,VLSFO,58.87,8.2,196.8,24,931.5101,0.41,Rough,FMS_MARITIME,2026-04-06
2022-06-12,136,MGO,80.42,18.0,432.0,24,579.6942,0.73,Moderate,FMS_MARITIME,2026-04-06
2022-06-13,136,LSMGO,59.06,11.0,264.0,24,696.6395,0.4,Rough,FMS_MARITIME,2026-04-06
2022-06-14,136,VLSFO,41.36,15.4,369.6,24,348.4714,0.7,Calm,FMS_MARITIME,2026-04-06
2022-06-15,136,VLSFO,29.44,17.9,429.6,24,213.3989,0.75,Calm,FMS_MARITIME,2026-04-06
2022-06-16,136,LNG,30.32,15.1,362.4,24,260.5311,0.8,Moderate,FMS_MARITIME,2026-04-06
2022-06-17,136,LSMGO,77.44,13.4,321.6,24,749.8388,0.75,Moderate,FMS_MARITIME,2026-04-06
2022-06-18,136,HFO,67.36,11.7,280.8,24,747.0051,0.57,Calm,FMS_MARITIME,2026-04-06
2022-06-19,136,LNG,21.02,11.5,276.0,24,237.1604,0.48,Moderate,FMS_MARITIME,2026-04-06
2022-06-20,136,LNG,28.65,16.6,398.4,24,223.936,0.54,Rough,FMS_MARITIME,2026-04-06
2022-06-21,136,LSMGO,79.83,14.3,343.2,24,724.3316,0.63,Rough,FMS_MARITIME,2026-04-06
2022-06-22,136,HFO,60.1,12.7,304.8,24,614.0138,0.78,Moderate,FMS_MARITIME,2026-04-06
2022-06-23,136,HFO,26.56,10.8,259.2,24,319.0889,0.69,Rough,FMS_MARITIME,2026-04-06
2022-06-24,136,HFO,63.42,14.2,340.8,24,579.4891,0.93,Rough,FMS_MARITIME,2026-04-06
2022-06-25,136,LSMGO,61.82,17.2,412.8,24,466.3456,0.65,Calm,FMS_MARITIME,2026-04-06
2022-06-26,136,HFO,31.99,8.3,199.2,24,500.0846,0.94,Calm,FMS_MARITIME,2026-04-06
2022-06-27,136,HFO,42.79,13.5,324.0,24,411.2594,0.6,Moderate,FMS_MARITIME,2026-04-06
2022-06-28,136,LSMGO,17.69,13.7,328.8,24,167.5385,0.97,Calm,FMS_MARITIME,2026-04-06
2022-06-28,136,MGO,48.14,13.7,328.8,24,455.9245,0.59,Rough,FMS_MARITIME,2026-04-06
2022-06-28,136,MGO,28.03,14.8,355.2,24,245.736,0.8,Calm,FMS_MARITIME,2026-04-06
2022-06-01,137,MGO,69.4,16.2,388.8,24,555.8426,0.98,Calm,FMS_MARITIME,2026-04-06
2022-06-02,137,LNG,58.03,16.1,386.4,24,467.6641,0.45,Rough,FMS_MARITIME,2026-04-06
2022-06-03,137,MGO,58.55,8.9,213.6,24,853.5801,0.78,Rough,FMS_MARITIME,2026-04-06
2022-06-04,137,HFO,63.66,17.8,427.2,24,464.0385,0.52,Calm,FMS_MARITIME,2026-04-06
2022-06-05,137,VLSFO,20.91,8.9,213.6,24,304.8396,0.55,Rough,FMS_MARITIME,2026-04-06
2022-06-06,137,VLSFO,34.49,12.8,307.2,24,349.6154,0.6,Calm,FMS_MARITIME,2026-04-06
2022-06-07,137,VLSFO,41.83,12.5,300.0,24,434.1954,0.78,Rough,FMS_MARITIME,2026-04-06
2022-06-08,137,LSMGO,22.95,11.9,285.6,24,250.2321,0.92,Calm,FMS_MARITIME,2026-04-06
2022-06-09,137,LSMGO,40.66,15.5,372.0,24,340.3635,0.57,Rough,FMS_MARITIME,2026-04-06
2022-06-10,137,MGO,21.8,15.5,372.0,24,182.4871,0.44,Calm,FMS_MARITIME,2026-04-06
2022-06-11,137,VLSFO,45.81,9.2,220.8,24,646.0704,0.55,Moderate,FMS_MARITIME,2026-04-06
2022-06-12,137,LSMGO,31.53,14.3,343.2,24,286.0851,0.48,Calm,FMS_MARITIME,2026-04-06
2022-06-13,137,MGO,45.8,11.0,264.0,24,540.2318,0.73,Rough,FMS_MARITIME,2026-04-06
2022-06-14,137,LSMGO,29.17,9.6,230.4,24,394.2508,0.98,Calm,FMS_MARITIME,2026-04-06
2022-06-15,137,LNG,74.21,13.8,331.2,24,697.7353,0.6,Rough,FMS_MARITIME,2026-04-06
2022-06-16,137,VLSFO,72.22,10.7,256.8,24,875.7519,0.85,Moderate,FMS_MARITIME,2026-04-06
2022-06-17,137,LNG,59.9,10.8,259.2,24,719.6319,0.5,Calm,FMS_MARITIME,2026-04-06
2022-06-18,137,LSMGO,17.96,16.4,393.6,24,142.0921,0.96,Rough,FMS_MARITIME,2026-04-06
2022-06-19,137,HFO,30.16,15.5,372.0,24,252.4684,0.5,Rough,FMS_MARITIME,2026-04-06
2022-06-20,137,HFO,73.8,16.1,386.4,24,594.7547,0.84,Moderate,FMS_MARITIME,2026-04-06
2022-06-21,137,HFO,24.1,9.6,230.4,24,325.7266,0.57,Moderate,FMS_MARITIME,2026-04-06
2022-06-22,137,MGO,15.3,15.6,374.4,24,127.2548,0.84,Rough,FMS_MARITIME,2026-04-06
2022-06-23,137,LNG,45.92,12.6,302.4,24,472.8667,0.49,Moderate,FMS_MARITIME,2026-04-06
2022-06-24,137,HFO,63.08,8.7,208.8,24,940.7621,0.75,Moderate,FMS_MARITIME,2026-04-06
2022-06-25,137,VLSFO,16.51,12.5,300.0,24,171.3738,1.0,Rough,FMS_MARITIME,2026-04-06
2022-06-26,137,HFO,62.95,10.1,242.4,24,808.6894,0.57,Rough,FMS_MARITIME,2026-04-06
2022-06-27,137,LSMGO,61.29,13.3,319.2,24,597.9231,0.69,Moderate,FMS_MARITIME,2026-04-06
2022-06-28,137,MGO,50.21,11.3,271.2,24,576.5263,0.49,Calm,FMS_MARITIME,2026-04-06
2022-06-28,137,MGO,39.28,14.2,340.8,24,358.9141,0.78,Calm,FMS_MARITIME,2026-04-06
2022-06-28,137,VLSFO,27.36,10.6,254.4,24,334.9019,0.42,Rough,FMS_MARITIME,2026-04-06
2022-06-01,138,LSMGO,18.74,18.0,432.0,24,135.0842,0.46,Moderate,FMS_MARITIME,2026-04-06
2022-06-02,138,LNG,77.15,16.0,384.0,24,625.6383,0.43,Rough,FMS_MARITIME,2026-04-06
2022-06-03,138,LNG,65.83,12.8,307.2,24,667.3002,0.97,Rough,FMS_MARITIME,2026-04-06
2022-06-04,138,HFO,72.39,16.0,384.0,24,587.0377,0.83,Moderate,FMS_MARITIME,2026-04-06
2022-06-05,138,VLSFO,16.45,17.9,429.6,24,119.2395,0.59,Rough,FMS_MARITIME,2026-04-06
2022-06-06,138,VLSFO,20.01,14.5,348.0,24,179.055,0.6,Calm,FMS_MARITIME,2026-04-06
2022-06-07,138,LSMGO,59.61,9.8,235.2,24,789.2242,0.48,Calm,FMS_MARITIME,2026-04-06
2022-06-08,138,VLSFO,63.82,12.7,304.8,24,652.0193,0.8,Moderate,FMS_MARITIME,2026-04-06
2022-06-09,138,VLSFO,84.79,9.4,225.6,24,1170.3726,0.53,Rough,FMS_MARITIME,2026-04-06
2022-06-10,138,LSMGO,30.43,17.3,415.2,24,228.225,0.93,Calm,FMS_MARITIME,2026-04-06
2022-06-11,138,HFO,20.24,9.1,218.4,24,288.5868,0.76,Calm,FMS_MARITIME,2026-04-06
2022-06-12,138,LNG,71.46,15.8,379.2,24,586.8313,0.67,Rough,FMS_MARITIME,2026-04-06
2022-06-13,138,HFO,33.21,11.4,273.6,24,377.9822,0.68,Calm,FMS_MARITIME,2026-04-06
2022-06-14,138,HFO,60.22,17.5,420.0,24,446.4883,0.96,Calm,FMS_MARITIME,2026-04-06
2022-06-15,138,HFO,63.22,14.9,357.6,24,550.5232,0.92,Calm,FMS_MARITIME,2026-04-06
2022-06-16,138,MGO,19.51,10.7,256.8,24,236.5815,0.5,Calm,FMS_MARITIME,2026-04-06
2022-06-17,138,VLSFO,69.06,14.9,357.6,24,601.3782,0.67,Rough,FMS_MARITIME,2026-04-06
2022-06-18,138,LNG,46.92,8.3,199.2,24,733.4783,0.67,Calm,FMS_MARITIME,2026-04-06
2022-06-19,138,HFO,23.29,14.4,345.6,24,209.8526,0.46,Calm,FMS_MARITIME,2026-04-06
2022-06-20,138,HFO,27.26,13.5,324.0,24,261.9989,0.92,Moderate,FMS_MARITIME,2026-04-06
2022-06-21,138,MGO,64.05,13.7,328.8,24,606.6049,0.55,Moderate,FMS_MARITIME,2026-04-06
2022-06-22,138,VLSFO,78.29,15.6,374.4,24,651.162,0.5,Calm,FMS_MARITIME,2026-04-06
2022-06-23,138,LNG,60.48,9.1,218.4,24,862.3385,0.45,Calm,FMS_MARITIME,2026-04-06
2022-06-24,138,LSMGO,20.51,14.6,350.4,24,182.2721,0.94,Calm,FMS_MARITIME,2026-04-06
2022-06-25,138,LNG,23.66,15.9,381.6,24,193.0745,1.0,Moderate,FMS_MARITIME,2026-04-06
2022-06-26,138,VLSFO,68.01,16.4,393.6,24,538.0669,0.76,Calm,FMS_MARITIME,2026-04-06
2022-06-27,138,VLSFO,78.0,15.0,360.0,24,674.7,0.66,Calm,FMS_MARITIME,2026-04-06
2022-06-28,138,VLSFO,56.87,17.7,424.8,24,416.886,0.87,Calm,FMS_MARITIME,2026-04-06
2022-06-28,138,LSMGO,18.32,16.6,398.4,24,143.194,0.75,Rough,FMS_MARITIME,2026-04-06
2022-06-28,138,MGO,20.63,9.5,228.0,24,281.7624,0.75,Rough,FMS_MARITIME,2026-04-06
2022-06-01,139,MGO,59.35,11.3,271.2,24,681.4746,0.51,Calm,FMS_MARITIME,2026-04-06
2022-06-02,139,VLSFO,77.82,16.2,388.8,24,623.2806,1.0,Calm,FMS_MARITIME,2026-04-06
2022-06-03,139,LNG,37.09,13.2,316.8,24,364.5778,0.74,Calm,FMS_MARITIME,2026-04-06
2022-06-04,139,VLSFO,56.35,11.3,271.2,24,647.0277,0.85,Calm,FMS_MARITIME,2026-04-06
2022-06-05,139,HFO,16.67,13.7,328.8,24,157.8783,0.48,Moderate,FMS_MARITIME,2026-04-06
2022-06-06,139,LSMGO,76.64,14.3,343.2,24,695.3874,0.47,Calm,FMS_MARITIME,2026-04-06
2022-06-07,139,HFO,78.32,10.7,256.8,24,949.7215,0.96,Calm,FMS_MARITIME,2026-04-06
2022-06-08,139,LNG,74.32,8.8,211.2,24,1095.7977,0.73,Calm,FMS_MARITIME,2026-04-06
2022-06-09,139,LSMGO,61.77,9.9,237.6,24,809.5614,0.91,Moderate,FMS_MARITIME,2026-04-06
2022-06-10,139,LSMGO,24.44,16.2,388.8,24,195.7463,0.53,Moderate,FMS_MARITIME,2026-04-06
2022-06-11,139,VLSFO,23.35,9.8,235.2,24,309.1492,0.98,Moderate,FMS_MARITIME,2026-04-06
2022-06-12,139,MGO,83.44,14.1,338.4,24,767.8255,0.93,Calm,FMS_MARITIME,2026-04-06
2022-06-13,139,HFO,80.1,12.7,304.8,24,818.3445,0.64,Calm,FMS_MARITIME,2026-04-06
2022-06-14,139,LSMGO,80.73,15.7,376.8,24,667.1795,0.53,Rough,FMS_MARITIME,2026-04-06
2022-06-15,139,LNG,55.81,13.6,326.4,24,532.452,0.54,Rough,FMS_MARITIME,2026-04-06
2022-06-16,139,LSMGO,15.41,9.4,225.6,24,212.7072,0.43,Rough,FMS_MARITIME,2026-04-06
2022-06-17,139,MGO,68.25,12.3,295.2,24,719.9543,0.87,Rough,FMS_MARITIME,2026-04-06
2022-06-18,139,LNG,77.55,8.6,206.4,24,1170.0131,0.79,Calm,FMS_MARITIME,2026-04-06
2022-06-19,139,LNG,47.63,17.6,422.4,24,351.1359,0.45,Moderate,FMS_MARITIME,2026-04-06
2022-06-20,139,VLSFO,63.34,13.5,324.0,24,608.7678,0.75,Calm,FMS_MARITIME,2026-04-06
2022-06-21,139,MGO,20.26,10.0,240.0,24,262.8735,0.57,Calm,FMS_MARITIME,2026-04-06
2022-06-22,139,VLSFO,43.42,10.0,240.0,24,563.3745,0.79,Moderate,FMS_MARITIME,2026-04-06
2022-06-23,139,HFO,21.15,11.2,268.8,24,245.019,0.68,Rough,FMS_MARITIME,2026-04-06
2022-06-24,139,MGO,46.99,15.7,376.8,24,388.3409,0.49,Calm,FMS_MARITIME,2026-04-06
2022-06-25,139,MGO,77.54,8.4,201.6,24,1197.7161,0.72,Calm,FMS_MARITIME,2026-04-06
2022-06-26,139,HFO,47.37,14.7,352.8,24,418.1128,0.91,Rough,FMS_MARITIME,2026-04-06
2022-06-27,139,MGO,22.85,9.8,235.2,24,302.5293,0.71,Calm,FMS_MARITIME,2026-04-06
2022-06-28,139,VLSFO,34.92,8.5,204.0,24,533.0435,0.91,Calm,FMS_MARITIME,2026-04-06
2022-06-28,139,HFO,71.67,14.5,348.0,24,641.3229,0.94,Rough,FMS_MARITIME,2026-04-06
2022-06-28,139,VLSFO,22.51,17.2,412.8,24,169.8065,0.94,Rough,FMS_MARITIME,2026-04-06
2022-06-01,140,LSMGO,64.12,15.9,381.6,24,523.2434,0.81,Calm,FMS_MARITIME,2026-04-06
2022-06-02,140,LNG,31.82,13.0,312.0,24,317.5881,0.84,Calm,FMS_MARITIME,2026-04-06
2022-06-03,140,HFO,42.74,15.8,379.2,24,350.982,0.9,Moderate,FMS_MARITIME,2026-04-06
2022-06-04,140,LNG,31.67,10.6,254.4,24,387.6587,0.91,Moderate,FMS_MARITIME,2026-04-06
2022-06-05,140,LNG,15.07,16.3,391.2,24,119.959,0.95,Rough,FMS_MARITIME,2026-04-06
2022-06-06,140,LNG,53.66,14.7,352.8,24,473.6316,0.47,Rough,FMS_MARITIME,2026-04-06
2022-06-07,140,MGO,64.04,9.4,225.6,24,883.9564,0.62,Moderate,FMS_MARITIME,2026-04-06
2022-06-08,140,VLSFO,19.84,12.6,302.4,24,204.3048,0.94,Moderate,FMS_MARITIME,2026-04-06
2022-06-09,140,MGO,58.65,17.2,412.8,24,442.4324,0.46,Calm,FMS_MARITIME,2026-04-06
2022-06-10,140,LNG,44.08,10.2,244.8,24,560.7235,0.94,Moderate,FMS_MARITIME,2026-04-06
2022-06-11,140,LNG,15.86,15.3,367.2,24,134.499,1.0,Rough,FMS_MARITIME,2026-04-06
2022-06-12,140,LSMGO,26.76,17.5,420.0,24,198.4063,0.69,Calm,FMS_MARITIME,2026-04-06
2022-06-13,140,VLSFO,39.31,15.7,376.8,24,324.8709,0.67,Rough,FMS_MARITIME,2026-04-06
2022-06-14,140,LSMGO,62.06,17.5,420.0,24,460.1306,0.45,Rough,FMS_MARITIME,2026-04-06
2022-06-15,140,HFO,46.93,15.5,372.0,24,392.8495,0.69,Moderate,FMS_MARITIME,2026-04-06
2022-06-16,140,MGO,18.57,8.4,201.6,24,286.8402,0.8,Rough,FMS_MARITIME,2026-04-06
2022-06-17,140,LSMGO,24.47,9.0,216.0,24,352.7758,0.7,Rough,FMS_MARITIME,2026-04-06
2022-06-18,140,LSMGO,80.15,17.9,429.6,24,580.9756,0.86,Rough,FMS_MARITIME,2026-04-06
2022-06-19,140,MGO,20.09,16.6,398.4,24,157.0288,0.66,Calm,FMS_MARITIME,2026-04-06
2022-06-20,140,HFO,67.46,8.4,201.6,24,1042.0161,0.61,Calm,FMS_MARITIME,2026-04-06
2022-06-21,140,HFO,72.99,8.0,192.0,24,1183.8066,0.75,Moderate,FMS_MARITIME,2026-04-06
2022-06-22,140,HFO,43.06,17.5,420.0,24,319.2591,0.52,Moderate,FMS_MARITIME,2026-04-06
2022-06-23,140,LSMGO,46.87,17.2,412.8,24,353.5687,0.86,Moderate,FMS_MARITIME,2026-04-06
2022-06-24,140,VLSFO,81.09,11.7,280.8,24,899.2673,0.61,Rough,FMS_MARITIME,2026-04-06
2022-06-25,140,LNG,45.3,8.6,206.4,24,683.4506,0.97,Moderate,FMS_MARITIME,2026-04-06
2022-06-26,140,VLSFO,29.63,8.4,201.6,24,457.6777,0.73,Moderate,FMS_MARITIME,2026-04-06
2022-06-27,140,LSMGO,17.62,10.4,249.6,24,219.8264,0.68,Calm,FMS_MARITIME,2026-04-06
2022-06-28,140,HFO,73.79,16.3,391.2,24,587.3775,0.65,Calm,FMS_MARITIME,2026-04-06
2022-06-28,140,LNG,51.33,9.1,218.4,24,731.8755,0.82,Moderate,FMS_MARITIME,2026-04-06
2022-06-28,140,LNG,79.57,14.0,336.0,24,737.4434,0.47,Moderate,FMS_MARITIME,2026-04-06
2022-06-01,141,LSMGO,18.6,14.7,352.8,24,164.1735,0.89,Moderate,FMS_MARITIME,2026-04-06
2022-06-02,141,LSMGO,18.18,16.7,400.8,24,141.2488,0.93,Rough,FMS_MARITIME,2026-04-06
2022-06-03,141,HFO,71.28,11.3,271.2,24,818.4584,0.94,Rough,FMS_MARITIME,2026-04-06
2022-06-04,141,VLSFO,73.57,9.2,220.8,24,1037.5769,0.83,Rough,FMS_MARITIME,2026-04-06
2022-06-05,141,HFO,65.7,14.3,343.2,24,596.1241,0.93,Moderate,FMS_MARITIME,2026-04-06
2022-06-06,141,LSMGO,52.89,8.4,201.6,24,816.9616,0.87,Moderate,FMS_MARITIME,2026-04-06
2022-06-07,141,LNG,46.26,17.0,408.0,24,353.0726,0.78,Calm,FMS_MARITIME,2026-04-06
2022-06-08,141,VLSFO,79.53,14.0,336.0,24,737.0727,0.82,Calm,FMS_MARITIME,2026-04-06
2022-06-09,141,LSMGO,38.2,17.2,412.8,24,288.1657,0.62,Moderate,FMS_MARITIME,2026-04-06
2022-06-10,141,MGO,25.41,10.3,247.2,24,320.092,0.6,Rough,FMS_MARITIME,2026-04-06
2022-06-11,141,MGO,59.29,8.6,206.4,24,894.5206,0.53,Rough,FMS_MARITIME,2026-04-06
2022-06-12,141,MGO,54.97,10.0,240.0,24,713.2358,0.42,Moderate,FMS_MARITIME,2026-04-06
2022-06-13,141,HFO,52.01,9.2,220.8,24,733.5106,0.92,Rough,FMS_MARITIME,2026-04-06
2022-06-14,141,MGO,21.85,15.6,374.4,24,181.7332,0.43,Rough,FMS_MARITIME,2026-04-06
2022-06-15,141,LSMGO,23.77,18.0,432.0,24,171.3421,0.58,Moderate,FMS_MARITIME,2026-04-06
2022-06-16,141,HFO,39.88,14.7,352.8,24,352.002,0.95,Rough,FMS_MARITIME,2026-04-06
2022-06-17,141,MGO,53.09,17.8,427.2,24,386.9903,0.72,Calm,FMS_MARITIME,2026-04-06
2022-06-18,141,LSMGO,65.53,8.9,213.6,24,955.339,0.69,Moderate,FMS_MARITIME,2026-04-06
2022-06-19,141,HFO,19.32,8.9,213.6,24,281.6596,0.83,Calm,FMS_MARITIME,2026-04-06
2022-06-20,141,HFO,20.89,16.8,403.2,24,161.3379,0.69,Rough,FMS_MARITIME,2026-04-06
2022-06-21,141,VLSFO,29.09,16.1,386.4,24,234.4365,1.0,Moderate,FMS_MARITIME,2026-04-06
2022-06-22,141,VLSFO,82.01,12.0,288.0,24,886.7331,0.68,Moderate,FMS_MARITIME,2026-04-06
2022-06-23,141,HFO,35.6,9.2,220.8,24,502.0761,0.75,Rough,FMS_MARITIME,2026-04-06
2022-06-24,141,MGO,57.83,15.1,362.4,24,496.9167,0.63,Calm,FMS_MARITIME,2026-04-06
2022-06-25,141,LNG,54.48,8.8,211.2,24,803.2705,0.71,Moderate,FMS_MARITIME,2026-04-06
2022-06-26,141,LSMGO,70.25,15.3,367.2,24,595.7475,0.71,Calm,FMS_MARITIME,2026-04-06
2022-06-27,141,VLSFO,78.21,10.8,259.2,24,939.6062,0.67,Rough,FMS_MARITIME,2026-04-06
2022-06-28,141,HFO,74.26,14.8,355.2,24,651.0294,0.97,Moderate,FMS_MARITIME,2026-04-06
2022-06-28,141,LNG,46.57,16.7,400.8,24,361.8238,0.41,Rough,FMS_MARITIME,2026-04-06
2022-06-28,141,HFO,38.21,12.9,309.6,24,384.3215,0.63,Moderate,FMS_MARITIME,2026-04-06
2022-06-01,142,LSMGO,67.17,9.4,225.6,24,927.1604,0.64,Moderate,FMS_MARITIME,2026-04-06
2022-06-02,142,MGO,45.57,15.8,379.2,24,374.222,0.73,Calm,FMS_MARITIME,2026-04-06
2022-06-03,142,LNG,39.28,11.0,264.0,24,463.3255,0.98,Rough,FMS_MARITIME,2026-04-06
2022-06-04,142,LSMGO,28.43,17.4,417.6,24,211.9996,0.53,Moderate,FMS_MARITIME,2026-04-06
2022-06-05,142,MGO,84.57,17.8,427.2,24,616.4583,0.59,Rough,FMS_MARITIME,2026-04-06
2022-06-06,142,VLSFO,19.0,10.2,244.8,24,241.6912,0.84,Rough,FMS_MARITIME,2026-04-06
2022-06-07,142,LNG,29.12,17.3,415.2,24,218.4,0.64,Calm,FMS_MARITIME,2026-04-06
2022-06-08,142,MGO,15.81,11.4,273.6,24,179.9428,0.58,Moderate,FMS_MARITIME,2026-04-06
2022-06-09,142,LNG,45.07,9.6,230.4,24,609.1492,0.56,Rough,FMS_MARITIME,2026-04-06
2022-06-10,142,VLSFO,43.92,8.2,196.8,24,694.9537,0.44,Calm,FMS_MARITIME,2026-04-06
2022-06-11,142,LNG,74.44,13.7,328.8,24,705.0066,0.49,Rough,FMS_MARITIME,2026-04-06
2022-06-12,142,VLSFO,54.58,11.6,278.4,24,610.4961,0.58,Rough,FMS_MARITIME,2026-04-06
2022-06-13,142,MGO,69.45,9.8,235.2,24,919.5038,0.51,Rough,FMS_MARITIME,2026-04-06
2022-06-14,142,VLSFO,36.85,14.2,340.8,24,336.7104,0.68,Moderate,FMS_MARITIME,2026-04-06
2022-06-15,142,HFO,18.83,15.1,362.4,24,161.8008,0.92,Calm,FMS_MARITIME,2026-04-06
2022-06-16,142,MGO,43.05,8.9,213.6,24,627.611,0.79,Calm,FMS_MARITIME,2026-04-06
2022-06-17,142,HFO,49.71,14.0,336.0,24,460.7052,0.77,Moderate,FMS_MARITIME,2026-04-06
2022-06-18,142,HFO,83.77,11.6,278.4,24,936.9963,0.57,Moderate,FMS_MARITIME,2026-04-06
2022-06-19,142,MGO,27.93,10.8,259.2,24,335.5479,0.77,Calm,FMS_MARITIME,2026-04-06
2022-06-20,142,HFO,53.03,15.1,362.4,24,455.6717,0.52,Rough,FMS_MARITIME,2026-04-06
2022-06-21,142,MGO,75.85,13.0,312.0,24,757.0413,0.64,Moderate,FMS_MARITIME,2026-04-06
2022-06-22,142,HFO,19.97,15.7,376.8,24,165.0387,0.97,Rough,FMS_MARITIME,2026-04-06
2022-06-23,142,MGO,76.24,15.4,369.6,24,642.3468,0.54,Moderate,FMS_MARITIME,2026-04-06
2022-06-24,142,HFO,22.23,15.6,374.4,24,184.8938,0.85,Moderate,FMS_MARITIME,2026-04-06
2022-06-25,142,VLSFO,80.87,15.2,364.8,24,690.3212,0.57,Calm,FMS_MARITIME,2026-04-06
2022-06-26,142,LNG,53.28,17.1,410.4,24,404.2737,0.65,Calm,FMS_MARITIME,2026-04-06
2022-06-27,142,VLSFO,57.3,9.7,232.8,24,766.4613,0.71,Rough,FMS_MARITIME,2026-04-06
2022-06-28,142,LNG,37.54,10.6,254.4,24,459.5108,0.58,Rough,FMS_MARITIME,2026-04-06
2022-06-28,142,LSMGO,19.9,10.4,249.6,24,248.2716,0.87,Calm,FMS_MARITIME,2026-04-06
2022-06-28,142,LSMGO,42.27,17.1,410.4,24,320.7329,0.5,Rough,FMS_MARITIME,2026-04-06
2022-06-01,143,VLSFO,80.66,12.2,292.8,24,857.8389,0.62,Calm,FMS_MARITIME,2026-04-06
2022-06-02,143,VLSFO,65.3,17.8,427.2,24,475.993,0.73,Moderate,FMS_MARITIME,2026-04-06
2022-06-03,143,VLSFO,74.78,8.3,199.2,24,1169.0006,0.72,Rough,FMS_MARITIME,2026-04-06
2022-06-04,143,HFO,65.49,17.7,424.8,24,480.075,0.57,Moderate,FMS_MARITIME,2026-04-06
2022-06-05,143,VLSFO,61.51,17.0,408.0,24,469.466,0.51,Calm,FMS_MARITIME,2026-04-06
2022-06-06,143,VLSFO,67.79,9.8,235.2,24,897.5258,0.75,Rough,FMS_MARITIME,2026-04-06
2022-06-07,143,VLSFO,75.41,12.5,300.0,24,782.7558,0.94,Calm,FMS_MARITIME,2026-04-06
2022-06-08,143,VLSFO,30.55,16.6,398.4,24,238.7869,0.99,Moderate,FMS_MARITIME,2026-04-06
2022-06-09,143,VLSFO,41.41,10.0,240.0,24,537.2948,0.73,Calm,FMS_MARITIME,2026-04-06
2022-06-10,143,LSMGO,60.82,17.3,415.2,24,456.15,0.59,Calm,FMS_MARITIME,2026-04-06
2022-06-11,143,MGO,17.73,8.3,199.2,24,277.1648,0.86,Calm,FMS_MARITIME,2026-04-06
2022-06-12,143,LNG,34.7,17.7,424.8,24,254.3686,0.59,Moderate,FMS_MARITIME,2026-04-06
2022-06-13,143,VLSFO,32.79,10.7,256.8,24,397.6171,0.66,Rough,FMS_MARITIME,2026-04-06
2022-06-14,143,LNG,67.42,14.7,352.8,24,595.0847,1.0,Rough,FMS_MARITIME,2026-04-06
2022-06-15,143,VLSFO,53.87,10.2,244.8,24,685.2581,0.63,Rough,FMS_MARITIME,2026-04-06
2022-06-16,143,HFO,57.36,12.8,307.2,24,581.4422,0.68,Calm,FMS_MARITIME,2026-04-06
2022-06-17,143,LNG,56.53,15.9,381.6,24,461.3061,0.6,Rough,FMS_MARITIME,2026-04-06
2022-06-18,143,LSMGO,38.0,14.3,343.2,24,344.7902,0.87,Moderate,FMS_MARITIME,2026-04-06
2022-06-19,143,HFO,65.71,17.3,415.2,24,492.825,0.9,Moderate,FMS_MARITIME,2026-04-06
2022-06-20,143,MGO,25.61,8.7,208.8,24,381.9422,0.41,Calm,FMS_MARITIME,2026-04-06
2022-06-21,143,MGO,57.21,17.7,424.8,24,419.3784,0.72,Calm,FMS_MARITIME,2026-04-06
2022-06-22,143,LNG,61.09,12.0,288.0,24,660.5356,0.87,Calm,FMS_MARITIME,2026-04-06
2022-06-23,143,MGO,19.11,14.7,352.8,24,168.675,0.41,Calm,FMS_MARITIME,2026-04-06
2022-06-24,143,HFO,38.1,11.8,283.2,24,418.9386,0.96,Rough,FMS_MARITIME,2026-04-06
2022-06-25,143,HFO,75.99,12.6,302.4,24,782.5161,0.71,Moderate,FMS_MARITIME,2026-04-06
2022-06-26,143,LSMGO,84.83,10.3,247.2,24,1068.6109,0.86,Rough,FMS_MARITIME,2026-04-06
2022-06-27,143,VLSFO,62.54,14.5,348.0,24,559.6252,0.83,Rough,FMS_MARITIME,2026-04-06
2022-06-28,143,LSMGO,68.81,13.5,324.0,24,661.3406,0.94,Calm,FMS_MARITIME,2026-04-06
2022-06-28,143,HFO,44.36,17.0,408.0,24,338.5712,0.64,Moderate,FMS_MARITIME,2026-04-06
2022-06-28,143,MGO,25.36,15.6,374.4,24,210.9269,0.68,Moderate,FMS_MARITIME,2026-04-06
2022-06-01,144,MGO,25.84,11.1,266.4,24,302.0486,0.52,Calm,FMS_MARITIME,2026-04-06
2022-06-02,144,HFO,39.17,15.1,362.4,24,336.5767,0.45,Moderate,FMS_MARITIME,2026-04-06
2022-06-03,144,LSMGO,25.26,16.9,405.6,24,193.934,0.97,Calm,FMS_MARITIME,2026-04-06
2022-06-04,144,LSMGO,29.19,10.2,244.8,24,371.314,0.73,Calm,FMS_MARITIME,2026-04-06
2022-06-05,144,VLSFO,62.34,9.6,230.4,24,842.5641,0.5,Moderate,FMS_MARITIME,2026-04-06
2022-06-06,144,VLSFO,35.92,12.8,307.2,24,364.1109,0.76,Rough,FMS_MARITIME,2026-04-06
2022-06-07,144,VLSFO,57.6,12.2,292.8,24,612.5902,0.7,Rough,FMS_MARITIME,2026-04-06
2022-06-08,144,MGO,69.86,13.9,333.6,24,652.1104,0.68,Rough,FMS_MARITIME,2026-04-06
2022-06-09,144,MGO,21.37,8.4,201.6,24,330.0902,0.74,Calm,FMS_MARITIME,2026-04-06
2022-06-10,144,LNG,43.01,13.0,312.0,24,429.2729,0.63,Moderate,FMS_MARITIME,2026-04-06
2022-06-11,144,HFO,62.82,11.7,280.8,24,696.6577,0.56,Calm,FMS_MARITIME,2026-04-06
2022-06-12,144,VLSFO,46.62,17.6,422.4,24,343.6901,0.54,Rough,FMS_MARITIME,2026-04-06
2022-06-13,144,VLSFO,70.63,16.2,388.8,24,565.694,0.92,Calm,FMS_MARITIME,2026-04-06
2022-06-14,144,LSMGO,29.03,17.2,412.8,24,218.9908,0.46,Moderate,FMS_MARITIME,2026-04-06
2022-06-15,144,LNG,68.62,10.3,247.2,24,864.4121,0.9,Moderate,FMS_MARITIME,2026-04-06
2022-06-16,144,VLSFO,32.9,9.0,216.0,24,474.3083,0.76,Calm,FMS_MARITIME,2026-04-06
2022-06-17,144,LNG,64.61,16.6,398.4,24,505.0089,0.42,Calm,FMS_MARITIME,2026-04-06
2022-06-18,144,VLSFO,79.67,13.2,316.8,24,783.1199,0.82,Moderate,FMS_MARITIME,2026-04-06
2022-06-19,144,VLSFO,51.33,13.3,319.2,24,500.757,0.49,Calm,FMS_MARITIME,2026-04-06
2022-06-20,144,HFO,50.63,11.4,273.6,24,576.2493,0.84,Calm,FMS_MARITIME,2026-04-06
2022-06-21,144,MGO,52.89,15.3,367.2,24,448.5279,0.82,Rough,FMS_MARITIME,2026-04-06
2022-06-22,144,LNG,68.04,17.8,427.2,24,495.9657,1.0,Calm,FMS_MARITIME,2026-04-06
2022-06-23,144,LNG,51.03,14.1,338.4,24,469.5846,0.61,Calm,FMS_MARITIME,2026-04-06
2022-06-24,144,MGO,17.25,10.3,247.2,24,217.2998,0.89,Moderate,FMS_MARITIME,2026-04-06
2022-06-25,144,LNG,15.69,14.7,352.8,24,138.4883,0.82,Moderate,FMS_MARITIME,2026-04-06
2022-06-26,144,MGO,63.82,16.9,405.6,24,489.979,0.6,Calm,FMS_MARITIME,2026-04-06
2022-06-27,144,VLSFO,21.48,8.2,196.8,24,339.8817,0.54,Rough,FMS_MARITIME,2026-04-06
2022-06-28,144,HFO,79.22,14.8,355.2,24,694.5132,0.82,Calm,FMS_MARITIME,2026-04-06
2022-06-28,144,HFO,32.42,14.5,348.0,24,290.1031,0.59,Moderate,FMS_MARITIME,2026-04-06
2022-06-28,144,HFO,50.04,12.4,297.6,24,523.604,0.93,Moderate,FMS_MARITIME,2026-04-06
2022-06-01,145,MGO,25.81,16.6,398.4,24,201.7378,0.89,Rough,FMS_MARITIME,2026-04-06
2022-06-02,145,HFO,34.14,17.9,429.6,24,247.4673,0.47,Rough,FMS_MARITIME,2026-04-06
2022-06-03,145,LSMGO,46.21,13.8,331.2,24,434.4745,0.54,Moderate,FMS_MARITIME,2026-04-06
2022-06-04,145,HFO,31.39,10.2,244.8,24,399.2993,0.52,Moderate,FMS_MARITIME,2026-04-06
2022-06-05,145,LSMGO,74.14,12.6,302.4,24,763.4655,0.6,Rough,FMS_MARITIME,2026-04-06
2022-06-06,145,HFO,56.73,18.0,432.0,24,408.9287,0.83,Calm,FMS_MARITIME,2026-04-06
2022-06-07,145,LSMGO,36.23,11.3,271.2,24,416.0038,0.44,Rough,FMS_MARITIME,2026-04-06
2022-06-08,145,HFO,53.75,17.7,424.8,24,394.0148,0.8,Rough,FMS_MARITIME,2026-04-06
2022-06-09,145,MGO,60.57,13.0,312.0,24,604.5352,0.6,Moderate,FMS_MARITIME,2026-04-06
2022-06-10,145,VLSFO,69.1,12.5,300.0,24,717.258,0.53,Rough,FMS_MARITIME,2026-04-06
2022-06-11,145,LSMGO,62.45,9.7,232.8,24,835.3492,0.95,Rough,FMS_MARITIME,2026-04-06
2022-06-12,145,MGO,48.62,14.3,343.2,24,441.15,0.62,Rough,FMS_MARITIME,2026-04-06
2022-06-13,145,MGO,39.58,14.9,357.6,24,344.6648,0.95,Calm,FMS_MARITIME,2026-04-06
2022-06-14,145,LSMGO,22.51,11.6,278.4,24,251.7821,0.79,Rough,FMS_MARITIME,2026-04-06
2022-06-15,145,LSMGO,61.36,12.2,292.8,24,652.5787,0.74,Moderate,FMS_MARITIME,2026-04-06
2022-06-16,145,HFO,29.4,9.0,216.0,24,423.85,0.86,Moderate,FMS_MARITIME,2026-04-06
2022-06-17,145,VLSFO,34.74,11.2,268.8,24,402.4567,0.78,Moderate,FMS_MARITIME,2026-04-06
2022-06-18,145,MGO,68.38,11.0,264.0,24,806.5732,0.67,Rough,FMS_MARITIME,2026-04-06
2022-06-19,145,HFO,69.99,10.0,240.0,24,908.1202,0.74,Rough,FMS_MARITIME,2026-04-06
2022-06-20,145,LSMGO,79.32,14.0,336.0,24,735.1264,0.42,Moderate,FMS_MARITIME,2026-04-06
2022-06-21,145,VLSFO,50.25,14.5,348.0,24,449.6509,0.45,Calm,FMS_MARITIME,2026-04-06
2022-06-22,145,LSMGO,61.69,11.9,285.6,24,672.6284,0.89,Calm,FMS_MARITIME,2026-04-06
2022-06-23,145,HFO,73.46,17.0,408.0,24,560.6726,1.0,Moderate,FMS_MARITIME,2026-04-06
2022-06-24,145,MGO,69.61,15.2,364.8,24,594.2038,0.62,Rough,FMS_MARITIME,2026-04-06
2022-06-25,145,LNG,30.47,16.6,398.4,24,238.1616,0.72,Rough,FMS_MARITIME,2026-04-06
2022-06-26,145,LSMGO,27.24,15.7,376.8,24,225.1204,0.94,Moderate,FMS_MARITIME,2026-04-06
2022-06-27,145,MGO,15.2,9.8,235.2,24,201.2449,0.53,Moderate,FMS_MARITIME,2026-04-06
2022-06-28,145,LNG,22.84,9.0,216.0,24,329.2767,0.63,Moderate,FMS_MARITIME,2026-04-06
2022-06-28,145,LSMGO,52.64,12.6,302.4,24,542.0667,0.75,Calm,FMS_MARITIME,2026-04-06
2022-06-28,145,LNG,84.47,10.8,259.2,24,1014.8132,0.46,Moderate,FMS_MARITIME,2026-04-06
2022-06-01,146,VLSFO,47.43,13.6,326.4,24,452.5031,0.44,Calm,FMS_MARITIME,2026-04-06
2022-06-02,146,LSMGO,55.74,8.3,199.2,24,871.3572,0.64,Rough,FMS_MARITIME,2026-04-06
2022-06-03,146,MGO,65.93,8.9,213.6,24,961.1705,0.61,Moderate,FMS_MARITIME,2026-04-06
2022-06-04,146,MGO,44.48,16.1,386.4,24,358.4646,0.65,Calm,FMS_MARITIME,2026-04-06
2022-06-05,146,MGO,68.28,15.5,372.0,24,571.5697,0.75,Rough,FMS_MARITIME,2026-04-06
2022-06-06,146,VLSFO,58.32,13.9,333.6,24,544.3899,0.69,Calm,FMS_MARITIME,2026-04-06
2022-06-07,146,LSMGO,27.78,11.1,266.4,24,324.7257,0.81,Calm,FMS_MARITIME,2026-04-06
2022-06-08,146,VLSFO,42.87,17.9,429.6,24,310.7476,0.95,Moderate,FMS_MARITIME,2026-04-06
2022-06-09,146,MGO,30.45,11.4,273.6,24,346.5691,0.56,Rough,FMS_MARITIME,2026-04-06
2022-06-10,146,LSMGO,62.71,14.7,352.8,24,553.5117,0.68,Calm,FMS_MARITIME,2026-04-06
2022-06-11,146,LNG,20.3,13.5,324.0,24,195.1056,0.65,Calm,FMS_MARITIME,2026-04-06
2022-06-12,146,MGO,15.62,14.0,336.0,24,144.7639,0.97,Rough,FMS_MARITIME,2026-04-06
2022-06-13,146,LNG,47.96,10.5,252.0,24,592.6486,0.98,Rough,FMS_MARITIME,2026-04-06
2022-06-14,146,LSMGO,32.63,14.7,352.8,24,288.0097,0.89,Rough,FMS_MARITIME,2026-04-06
2022-06-15,146,MGO,30.1,17.1,410.4,24,228.3904,0.46,Rough,FMS_MARITIME,2026-04-06
2022-06-16,146,MGO,17.43,8.9,213.6,24,254.1059,0.8,Moderate,FMS_MARITIME,2026-04-06
2022-06-17,146,LSMGO,64.56,14.3,343.2,24,585.7804,0.94,Calm,FMS_MARITIME,2026-04-06
2022-06-18,146,LSMGO,21.33,17.3,415.2,24,159.975,0.81,Moderate,FMS_MARITIME,2026-04-06
2022-06-19,146,HFO,40.38,12.6,302.4,24,415.8179,0.81,Moderate,FMS_MARITIME,2026-04-06
2022-06-20,146,VLSFO,16.72,12.7,304.8,24,170.8205,0.76,Moderate,FMS_MARITIME,2026-04-06
2022-06-21,146,LSMGO,81.17,12.5,300.0,24,842.5446,0.95,Calm,FMS_MARITIME,2026-04-06
2022-06-22,146,LSMGO,64.22,17.6,422.4,24,473.4401,0.77,Calm,FMS_MARITIME,2026-04-06
2022-06-23,146,MGO,58.29,11.1,266.4,24,681.3628,0.98,Calm,FMS_MARITIME,2026-04-06
2022-06-24,146,MGO,66.09,15.7,376.8,24,546.1896,0.45,Moderate,FMS_MARITIME,2026-04-06
2022-06-25,146,MGO,81.41,12.5,300.0,24,845.0358,0.89,Rough,FMS_MARITIME,2026-04-06
2022-06-26,146,HFO,37.61,13.3,319.2,24,366.9096,0.43,Calm,FMS_MARITIME,2026-04-06
2022-06-27,146,HFO,66.92,8.4,201.6,24,1033.675,0.57,Moderate,FMS_MARITIME,2026-04-06
2022-06-28,146,VLSFO,17.38,13.9,333.6,24,162.2342,0.55,Rough,FMS_MARITIME,2026-04-06
2022-06-28,146,LSMGO,44.57,12.0,288.0,24,481.9131,0.63,Moderate,FMS_MARITIME,2026-04-06
2022-06-28,146,MGO,52.41,8.6,206.4,24,790.7206,0.47,Moderate,FMS_MARITIME,2026-04-06
2022-06-01,147,LNG,78.0,16.3,391.2,24,620.8896,0.95,Rough,FMS_MARITIME,2026-04-06
2022-06-02,147,MGO,73.8,12.4,297.6,24,772.2218,0.7,Rough,FMS_MARITIME,2026-04-06
2022-06-03,147,LSMGO,41.73,17.5,420.0,24,309.3981,0.49,Moderate,FMS_MARITIME,2026-04-06
2022-06-04,147,VLSFO,24.39,15.5,372.0,24,204.1679,0.59,Calm,FMS_MARITIME,2026-04-06
2022-06-05,147,VLSFO,79.0,14.0,336.0,24,732.1607,0.92,Moderate,FMS_MARITIME,2026-04-06
2022-06-06,147,VLSFO,77.15,9.9,237.6,24,1011.1326,0.74,Moderate,FMS_MARITIME,2026-04-06
2022-06-07,147,HFO,19.76,14.4,345.6,24,178.0458,0.65,Calm,FMS_MARITIME,2026-04-06
2022-06-08,147,LNG,43.45,15.4,369.6,24,366.0804,0.6,Moderate,FMS_MARITIME,2026-04-06
2022-06-09,147,MGO,67.24,13.8,331.2,24,632.2022,0.95,Rough,FMS_MARITIME,2026-04-06
2022-06-10,147,MGO,61.41,10.1,242.4,24,788.9057,0.79,Calm,FMS_MARITIME,2026-04-06
2022-06-11,147,LSMGO,48.06,12.7,304.8,24,491.0067,0.96,Moderate,FMS_MARITIME,2026-04-06
2022-06-12,147,LNG,24.38,12.0,288.0,24,263.6087,0.89,Moderate,FMS_MARITIME,2026-04-06
2022-06-13,147,LNG,57.92,9.3,223.2,24,808.0774,0.47,Rough,FMS_MARITIME,2026-04-06
2022-06-14,147,HFO,34.88,8.7,208.8,24,520.1931,0.65,Calm,FMS_MARITIME,2026-04-06
2022-06-15,147,LNG,23.2,15.7,376.8,24,191.7325,0.53,Moderate,FMS_MARITIME,2026-04-06
2022-06-16,147,MGO,65.71,12.2,292.8,24,698.842,0.61,Calm,FMS_MARITIME,2026-04-06
2022-06-17,147,LNG,60.65,12.8,307.2,24,614.792,0.73,Moderate,FMS_MARITIME,2026-04-06
2022-06-18,147,MGO,78.99,13.4,321.6,24,764.8472,0.95,Moderate,FMS_MARITIME,2026-04-06
2022-06-19,147,HFO,77.42,12.4,297.6,24,810.1004,0.67,Moderate,FMS_MARITIME,2026-04-06
2022-06-20,147,VLSFO,80.7,17.1,410.4,24,612.3289,0.6,Moderate,FMS_MARITIME,2026-04-06
2022-06-21,147,MGO,63.2,14.2,340.8,24,577.4789,0.94,Calm,FMS_MARITIME,2026-04-06
2022-06-22,147,VLSFO,40.64,15.9,381.6,24,331.6377,0.45,Calm,FMS_MARITIME,2026-04-06
2022-06-23,147,MGO,69.71,14.1,338.4,24,641.4803,0.93,Rough,FMS_MARITIME,2026-04-06
2022-06-24,147,MGO,48.9,17.9,429.6,24,354.4567,0.45,Rough,FMS_MARITIME,2026-04-06
2022-06-25,147,HFO,82.24,15.3,367.2,24,697.4275,0.43,Moderate,FMS_MARITIME,2026-04-06
2022-06-26,147,MGO,68.71,17.1,410.4,24,521.3522,0.62,Moderate,FMS_MARITIME,2026-04-06
2022-06-27,147,LSMGO,36.81,14.1,338.4,24,338.7303,0.56,Rough,FMS_MARITIME,2026-04-06
2022-06-28,147,MGO,53.0,17.7,424.8,24,388.5169,0.6,Calm,FMS_MARITIME,2026-04-06
2022-06-28,147,LSMGO,61.61,10.8,259.2,24,740.1757,1.0,Moderate,FMS_MARITIME,2026-04-06
2022-06-28,147,LSMGO,82.3,17.0,408.0,24,628.1426,0.73,Moderate,FMS_MARITIME,2026-04-06
2022-06-01,148,HFO,79.7,12.2,292.8,24,847.6291,0.85,Calm,FMS_MARITIME,2026-04-06
2022-06-02,148,LNG,55.11,8.6,206.4,24,831.4561,0.46,Moderate,FMS_MARITIME,2026-04-06
2022-06-03,148,LNG,82.38,13.6,326.4,24,785.9415,0.49,Rough,FMS_MARITIME,2026-04-06
2022-06-04,148,LNG,68.1,14.0,336.0,24,631.1411,0.83,Calm,FMS_MARITIME,2026-04-06
2022-06-05,148,LSMGO,28.63,9.2,220.8,24,403.7764,0.89,Calm,FMS_MARITIME,2026-04-06
2022-06-06,148,MGO,79.98,17.1,410.4,24,606.8658,0.53,Calm,FMS_MARITIME,2026-04-06
2022-06-07,148,MGO,68.59,10.1,242.4,24,881.1438,0.55,Calm,FMS_MARITIME,2026-04-06
2022-06-08,148,LSMGO,68.34,13.8,331.2,24,642.5446,0.98,Calm,FMS_MARITIME,2026-04-06
2022-06-09,148,LNG,31.45,12.8,307.2,24,318.7998,0.85,Rough,FMS_MARITIME,2026-04-06
2022-06-10,148,HFO,54.45,10.2,244.8,24,692.636,0.84,Rough,FMS_MARITIME,2026-04-06
2022-06-11,148,VLSFO,22.38,17.6,422.4,24,164.9889,0.84,Moderate,FMS_MARITIME,2026-04-06
2022-06-12,148,VLSFO,56.48,11.9,285.6,24,615.8218,0.61,Calm,FMS_MARITIME,2026-04-06
2022-06-13,148,LNG,71.22,10.7,256.8,24,863.6257,0.97,Calm,FMS_MARITIME,2026-04-06
2022-06-14,148,LSMGO,31.06,15.4,369.6,24,261.6906,0.7,Calm,FMS_MARITIME,2026-04-06
2022-06-15,148,HFO,40.81,12.8,307.2,24,413.6795,0.97,Calm,FMS_MARITIME,2026-04-06
2022-06-16,148,LNG,67.84,13.6,326.4,24,647.2235,0.9,Rough,FMS_MARITIME,2026-04-06
2022-06-17,148,HFO,82.52,15.0,360.0,24,713.798,0.65,Moderate,FMS_MARITIME,2026-04-06
2022-06-18,148,MGO,60.19,9.2,220.8,24,848.8753,0.52,Calm,FMS_MARITIME,2026-04-06
2022-06-19,148,LNG,38.42,14.7,352.8,24,339.1153,0.75,Calm,FMS_MARITIME,2026-04-06
2022-06-20,148,MGO,18.27,16.1,386.4,24,147.238,0.67,Moderate,FMS_MARITIME,2026-04-06
2022-06-21,148,VLSFO,45.9,8.1,194.4,24,735.25,0.83,Moderate,FMS_MARITIME,2026-04-06
2022-06-22,148,HFO,76.09,15.8,379.2,24,624.853,0.74,Calm,FMS_MARITIME,2026-04-06
2022-06-23,148,VLSFO,46.8,17.8,427.2,24,341.1404,0.66,Rough,FMS_MARITIME,2026-04-06
2022-06-24,148,MGO,46.36,15.0,360.0,24,401.014,0.76,Moderate,FMS_MARITIME,2026-04-06
2022-06-25,148,MGO,30.5,11.6,278.4,24,341.153,0.92,Rough,FMS_MARITIME,2026-04-06
2022-06-26,148,LNG,76.2,9.9,237.6,24,998.6818,0.4,Rough,FMS_MARITIME,2026-04-06
2022-06-27,148,LNG,50.88,11.0,264.0,24,600.1527,0.75,Moderate,FMS_MARITIME,2026-04-06
2022-06-28,148,LNG,22.14,12.7,304.8,24,226.1941,0.57,Calm,FMS_MARITIME,2026-04-06
2022-06-28,148,LNG,47.76,10.3,247.2,24,601.6369,0.6,Calm,FMS_MARITIME,2026-04-06
2022-06-28,148,LSMGO,61.93,16.5,396.0,24,486.995,0.56,Rough,FMS_MARITIME,2026-04-06
2022-06-01,149,LNG,38.34,8.4,201.6,24,592.2161,0.68,Rough,FMS_MARITIME,2026-04-06
2022-06-02,149,VLSFO,61.05,9.3,223.2,24,851.746,0.88,Rough,FMS_MARITIME,2026-04-06
2022-06-03,149,LSMGO,71.33,17.7,424.8,24,522.8852,0.75,Calm,FMS_MARITIME,2026-04-06
2022-06-04,149,LSMGO,21.79,13.5,324.0,24,209.4261,0.8,Moderate,FMS_MARITIME,2026-04-06
2022-06-05,149,LNG,23.17,12.5,300.0,24,240.5046,0.46,Calm,FMS_MARITIME,2026-04-06
2022-06-06,149,HFO,59.78,11.0,264.0,24,705.1323,0.84,Rough,FMS_MARITIME,2026-04-06
2022-06-07,149,HFO,52.66,12.2,292.8,24,560.052,0.65,Rough,FMS_MARITIME,2026-04-06
2022-06-08,149,LSMGO,79.25,17.4,417.6,24,590.9591,0.46,Rough,FMS_MARITIME,2026-04-06
2022-06-09,149,VLSFO,35.24,10.1,242.4,24,452.7119,0.64,Rough,FMS_MARITIME,2026-04-06
2022-06-10,149,HFO,33.43,17.0,408.0,24,255.1496,0.48,Moderate,FMS_MARITIME,2026-04-06
2022-06-11,149,LNG,48.97,11.1,266.4,24,572.4196,0.7,Moderate,FMS_MARITIME,2026-04-06
2022-06-12,149,VLSFO,37.34,14.5,348.0,24,334.1286,0.67,Calm,FMS_MARITIME,2026-04-06
2022-06-13,149,LNG,42.58,10.0,240.0,24,552.4755,0.51,Moderate,FMS_MARITIME,2026-04-06
2022-06-14,149,LSMGO,51.07,9.4,225.6,24,704.929,0.57,Moderate,FMS_MARITIME,2026-04-06
2022-06-15,149,MGO,22.14,12.8,307.2,24,224.427,0.85,Rough,FMS_MARITIME,2026-04-06
2022-06-16,149,LSMGO,68.46,11.3,271.2,24,786.0783,0.57,Calm,FMS_MARITIME,2026-04-06
2022-06-17,149,LNG,40.27,8.1,194.4,24,645.0657,0.6,Calm,FMS_MARITIME,2026-04-06
2022-06-18,149,LSMGO,24.36,9.9,237.6,24,319.2636,0.63,Rough,FMS_MARITIME,2026-04-06
2022-06-19,149,VLSFO,49.16,13.7,328.8,24,465.5847,0.55,Rough,FMS_MARITIME,2026-04-06
2022-06-20,149,HFO,37.38,13.2,316.8,24,367.4284,0.43,Moderate,FMS_MARITIME,2026-04-06
2022-06-21,149,HFO,51.82,10.3,247.2,24,652.7811,0.42,Rough,FMS_MARITIME,2026-04-06
2022-06-22,149,LSMGO,62.65,9.4,225.6,24,864.7699,0.99,Calm,FMS_MARITIME,2026-04-06
2022-06-23,149,VLSFO,62.13,11.0,264.0,24,732.8516,0.65,Moderate,FMS_MARITIME,2026-04-06
2022-06-24,149,HFO,69.18,15.3,367.2,24,586.6735,0.84,Calm,FMS_MARITIME,2026-04-06
2022-06-25,149,LNG,67.94,12.0,288.0,24,734.6012,0.93,Moderate,FMS_MARITIME,2026-04-06
2022-06-26,149,LSMGO,77.68,8.8,211.2,24,1145.3386,0.75,Moderate,FMS_MARITIME,2026-04-06
2022-06-27,149,LSMGO,73.7,11.0,264.0,24,869.325,0.67,Moderate,FMS_MARITIME,2026-04-06
2022-06-28,149,VLSFO,78.42,10.4,249.6,24,978.3649,0.75,Rough,FMS_MARITIME,2026-04-06
2022-06-28,149,LNG,24.11,15.9,381.6,24,196.7467,0.84,Rough,FMS_MARITIME,2026-04-06
2022-06-28,149,VLSFO,84.95,13.0,312.0,24,847.8663,0.54,Rough,FMS_MARITIME,2026-04-06
2022-06-01,150,HFO,52.29,12.0,288.0,24,565.3856,0.57,Rough,FMS_MARITIME,2026-04-06
2022-06-02,150,LSMGO,47.17,12.6,302.4,24,485.7387,0.73,Moderate,FMS_MARITIME,2026-04-06
2022-06-03,150,LNG,26.54,8.9,213.6,24,386.9174,0.53,Calm,FMS_MARITIME,2026-04-06
2022-06-04,150,LNG,24.64,17.0,408.0,24,188.0612,0.64,Moderate,FMS_MARITIME,2026-04-06
2022-06-05,150,MGO,73.23,8.1,194.4,24,1173.0361,0.59,Calm,FMS_MARITIME,2026-04-06
2022-06-06,150,HFO,29.06,11.9,285.6,24,316.8517,0.91,Calm,FMS_MARITIME,2026-04-06
2022-06-07,150,MGO,37.33,8.3,199.2,24,583.5623,0.85,Calm,FMS_MARITIME,2026-04-06
2022-06-08,150,MGO,54.96,17.6,422.4,24,405.1739,0.77,Calm,FMS_MARITIME,2026-04-06
2022-06-09,150,HFO,67.4,11.5,276.0,24,760.4478,0.63,Moderate,FMS_MARITIME,2026-04-06
2022-06-10,150,LNG,33.86,10.6,254.4,24,414.4656,0.84,Calm,FMS_MARITIME,2026-04-06
2022-06-11,150,LSMGO,58.68,8.3,199.2,24,917.3169,0.44,Rough,FMS_MARITIME,2026-04-06
2022-06-12,150,HFO,72.41,11.1,266.4,24,846.4142,0.82,Moderate,FMS_MARITIME,2026-04-06
2022-06-13,150,LNG,28.45,15.8,379.2,24,233.6321,0.78,Moderate,FMS_MARITIME,2026-04-06
2022-06-14,150,VLSFO,65.99,14.4,345.6,24,594.5974,0.97,Rough,FMS_MARITIME,2026-04-06
2022-06-15,150,LNG,37.03,15.1,362.4,24,318.1882,0.44,Calm,FMS_MARITIME,2026-04-06
2022-06-16,150,LSMGO,38.59,16.3,391.2,24,307.1811,0.98,Moderate,FMS_MARITIME,2026-04-06
2022-06-17,150,LNG,22.21,12.5,300.0,24,230.5398,0.66,Moderate,FMS_MARITIME,2026-04-06
2022-06-18,150,LNG,81.09,16.5,396.0,24,637.6623,0.54,Moderate,FMS_MARITIME,2026-04-06
2022-06-19,150,LSMGO,58.53,13.3,319.2,24,570.9976,0.48,Calm,FMS_MARITIME,2026-04-06
2022-06-20,150,LNG,57.11,9.0,216.0,24,823.3358,0.69,Rough,FMS_MARITIME,2026-04-06
2022-06-21,150,MGO,36.93,10.9,261.6,24,439.6025,0.78,Calm,FMS_MARITIME,2026-04-06
2022-06-22,150,VLSFO,69.37,10.8,259.2,24,833.4035,0.43,Calm,FMS_MARITIME,2026-04-06
2022-06-23,150,LNG,39.72,9.8,235.2,24,525.8847,0.78,Moderate,FMS_MARITIME,2026-04-06
2022-06-24,150,MGO,80.33,14.1,338.4,24,739.2069,0.79,Calm,FMS_MARITIME,2026-04-06
2022-06-25,150,LNG,70.36,9.0,216.0,24,1014.3567,0.89,Calm,FMS_MARITIME,2026-04-06
2022-06-26,150,LSMGO,55.19,16.2,388.8,24,442.031,0.87,Rough,FMS_MARITIME,2026-04-06
2022-06-27,150,VLSFO,65.37,8.1,194.4,24,1047.1306,0.83,Rough,FMS_MARITIME,2026-04-06
2022-06-28,150,LSMGO,43.72,15.9,381.6,24,356.7717,0.62,Calm,FMS_MARITIME,2026-04-06
2022-06-28,150,MGO,57.82,12.0,288.0,24,625.1787,0.42,Calm,FMS_MARITIME,2026-04-06
2022-06-28,150,HFO,36.85,12.1,290.4,24,395.1477,0.7,Rough,FMS_MARITIME,2026-04-06
