log_date,vessel_id,fuel_grade,consumption_mt,speed_knots,distance_nm,running_hours,eeoi,load_factor,sea_condition,source_system,ingestion_date
2023-11-01,1,LNG,75.98,14.4,345.6,24,684.6115,0.45,Rough,FMS_MARITIME,2026-04-06
2023-11-02,1,LNG,77.05,12.3,295.2,24,812.7835,0.58,Rough,FMS_MARITIME,2026-04-06
2023-11-03,1,MGO,52.45,14.0,336.0,24,486.0991,0.8,Rough,FMS_MARITIME,2026-04-06
2023-11-04,1,MGO,51.87,14.0,336.0,24,480.7237,0.6,Moderate,FMS_MARITIME,2026-04-06
2023-11-05,1,LSMGO,31.2,9.2,220.8,24,440.0217,0.85,Rough,FMS_MARITIME,2026-04-06
2023-11-06,1,VLSFO,65.06,13.9,333.6,24,607.3047,0.9,Calm,FMS_MARITIME,2026-04-06
2023-11-07,1,MGO,36.27,17.6,422.4,24,267.3882,0.43,Calm,FMS_MARITIME,2026-04-06
2023-11-08,1,LSMGO,55.9,10.7,256.8,24,677.8528,0.94,Moderate,FMS_MARITIME,2026-04-06
2023-11-09,1,LNG,46.93,8.4,201.6,24,724.9009,0.47,Moderate,FMS_MARITIME,2026-04-06
2023-11-10,1,LNG,53.2,17.4,417.6,24,396.7069,0.99,Rough,FMS_MARITIME,2026-04-06
2023-11-11,1,MGO,15.47,16.0,384.0,24,125.452,0.69,Moderate,FMS_MARITIME,2026-04-06
2023-11-12,1,HFO,62.02,17.5,420.0,24,459.834,0.99,Calm,FMS_MARITIME,2026-04-06
2023-11-13,1,HFO,59.8,13.2,316.8,24,587.8068,0.91,Moderate,FMS_MARITIME,2026-04-06
2023-11-14,1,VLSFO,20.93,16.4,393.6,24,165.5895,0.4,Moderate,FMS_MARITIME,2026-04-06
2023-11-15,1,MGO,30.2,12.5,300.0,24,313.476,0.87,Moderate,FMS_MARITIME,2026-04-06
2023-11-16,1,LSMGO,38.99,9.7,232.8,24,521.5415,0.84,Rough,FMS_MARITIME,2026-04-06
2023-11-17,1,LSMGO,35.94,15.0,360.0,24,310.881,0.49,Calm,FMS_MARITIME,2026-04-06
2023-11-18,1,VLSFO,23.95,9.9,237.6,24,313.8902,0.72,Calm,FMS_MARITIME,2026-04-06
2023-11-19,1,LSMGO,72.38,9.2,220.8,24,1020.794,0.5,Moderate,FMS_MARITIME,2026-04-06
2023-11-20,1,LNG,25.82,17.3,415.2,24,193.65,0.42,Rough,FMS_MARITIME,2026-04-06
2023-11-21,1,LSMGO,63.29,12.1,290.4,24,678.6676,0.84,Calm,FMS_MARITIME,2026-04-06
2023-11-22,1,HFO,43.33,9.8,235.2,24,573.6804,0.94,Rough,FMS_MARITIME,2026-04-06
2023-11-23,1,MGO,45.89,12.5,300.0,24,476.3382,0.73,Moderate,FMS_MARITIME,2026-04-06
2023-11-24,1,HFO,21.63,10.0,240.0,24,280.6492,0.94,Rough,FMS_MARITIME,2026-04-06
2023-11-25,1,LSMGO,44.18,16.9,405.6,24,339.1926,0.93,Rough,FMS_MARITIME,2026-04-06
2023-11-26,1,MGO,71.52,13.0,312.0,24,713.8246,0.87,Calm,FMS_MARITIME,2026-04-06
2023-11-27,1,LNG,68.65,9.2,220.8,24,968.1889,0.88,Rough,FMS_MARITIME,2026-04-06
2023-11-28,1,VLSFO,46.18,15.7,376.8,24,381.6468,0.85,Moderate,FMS_MARITIME,2026-04-06
2023-11-28,1,LNG,50.55,8.1,194.4,24,809.7361,0.87,Rough,FMS_MARITIME,2026-04-06
2023-11-28,1,LNG,48.54,12.6,302.4,24,499.8464,0.68,Moderate,FMS_MARITIME,2026-04-06
2023-11-01,2,HFO,83.01,11.2,268.8,24,961.656,0.45,Calm,FMS_MARITIME,2026-04-06
2023-11-02,2,HFO,21.72,15.9,381.6,24,177.2434,0.88,Moderate,FMS_MARITIME,2026-04-06
2023-11-03,2,VLSFO,54.47,12.5,300.0,24,565.3986,0.74,Calm,FMS_MARITIME,2026-04-06
2023-11-04,2,LNG,77.58,12.8,307.2,24,786.4066,1.0,Calm,FMS_MARITIME,2026-04-06
2023-11-05,2,LNG,34.49,15.4,369.6,24,290.5894,0.48,Moderate,FMS_MARITIME,2026-04-06
2023-11-06,2,MGO,61.23,13.6,326.4,24,584.1612,0.42,Calm,FMS_MARITIME,2026-04-06
2023-11-07,2,LNG,17.3,10.4,249.6,24,215.8341,0.43,Moderate,FMS_MARITIME,2026-04-06
2023-11-08,2,LNG,77.18,13.9,333.6,24,720.4392,0.83,Calm,FMS_MARITIME,2026-04-06
2023-11-09,2,MGO,81.72,9.2,220.8,24,1152.5185,0.52,Moderate,FMS_MARITIME,2026-04-06
2023-11-10,2,LSMGO,46.13,15.9,381.6,24,376.4382,0.87,Moderate,FMS_MARITIME,2026-04-06
2023-11-11,2,LSMGO,50.06,11.7,280.8,24,555.1526,0.7,Moderate,FMS_MARITIME,2026-04-06
2023-11-12,2,LNG,76.76,17.7,424.8,24,562.6898,0.4,Moderate,FMS_MARITIME,2026-04-06
2023-11-13,2,LNG,68.79,12.0,288.0,24,743.7919,0.53,Rough,FMS_MARITIME,2026-04-06
2023-11-14,2,MGO,15.11,10.0,240.0,24,196.0522,0.54,Calm,FMS_MARITIME,2026-04-06
2023-11-15,2,HFO,69.79,13.5,324.0,24,670.7594,0.74,Moderate,FMS_MARITIME,2026-04-06
2023-11-16,2,LNG,71.49,12.0,288.0,24,772.9856,0.62,Moderate,FMS_MARITIME,2026-04-06
2023-11-17,2,LNG,50.18,12.5,300.0,24,520.8684,0.86,Rough,FMS_MARITIME,2026-04-06
2023-11-18,2,LSMGO,76.03,9.4,225.6,24,1049.4566,0.5,Rough,FMS_MARITIME,2026-04-06
2023-11-19,2,MGO,41.53,12.9,309.6,24,417.7145,0.42,Moderate,FMS_MARITIME,2026-04-06
2023-11-20,2,HFO,63.58,17.0,408.0,24,485.265,0.7,Rough,FMS_MARITIME,2026-04-06
2023-11-21,2,HFO,26.51,16.6,398.4,24,207.2092,0.94,Rough,FMS_MARITIME,2026-04-06
2023-11-22,2,MGO,55.2,16.9,405.6,24,423.7988,0.85,Calm,FMS_MARITIME,2026-04-06
2023-11-23,2,LNG,41.49,11.1,266.4,24,484.9845,0.82,Calm,FMS_MARITIME,2026-04-06
2023-11-24,2,VLSFO,80.25,17.7,424.8,24,588.2733,0.49,Calm,FMS_MARITIME,2026-04-06
2023-11-25,2,VLSFO,45.86,14.0,336.0,24,425.0239,0.7,Rough,FMS_MARITIME,2026-04-06
2023-11-26,2,HFO,48.86,13.3,319.2,24,476.6605,0.95,Moderate,FMS_MARITIME,2026-04-06
2023-11-27,2,LNG,67.65,12.4,297.6,24,707.87,0.51,Calm,FMS_MARITIME,2026-04-06
2023-11-28,2,HFO,78.07,16.9,405.6,24,599.3836,0.92,Calm,FMS_MARITIME,2026-04-06
2023-11-28,2,LSMGO,83.99,12.1,290.4,24,900.6366,0.68,Rough,FMS_MARITIME,2026-04-06
2023-11-28,2,LSMGO,61.47,12.6,302.4,24,632.9946,0.47,Calm,FMS_MARITIME,2026-04-06
2023-11-01,3,VLSFO,43.46,15.4,369.6,24,366.1646,0.44,Moderate,FMS_MARITIME,2026-04-06
2023-11-02,3,HFO,49.05,13.6,326.4,24,467.9586,0.96,Moderate,FMS_MARITIME,2026-04-06
2023-11-03,3,LNG,70.31,9.8,235.2,24,930.8901,0.95,Rough,FMS_MARITIME,2026-04-06
2023-11-04,3,LNG,17.76,12.6,302.4,24,182.8857,0.69,Calm,FMS_MARITIME,2026-04-06
2023-11-05,3,HFO,80.62,17.8,427.2,24,587.6654,0.61,Calm,FMS_MARITIME,2026-04-06
2023-11-06,3,LSMGO,72.71,10.1,242.4,24,934.0715,0.93,Rough,FMS_MARITIME,2026-04-06
2023-11-07,3,HFO,34.68,15.2,364.8,24,296.0349,0.82,Moderate,FMS_MARITIME,2026-04-06
2023-11-08,3,HFO,56.89,9.7,232.8,24,760.9771,0.63,Calm,FMS_MARITIME,2026-04-06
2023-11-09,3,HFO,30.18,8.4,201.6,24,466.1732,0.87,Moderate,FMS_MARITIME,2026-04-06
2023-11-10,3,LSMGO,20.26,12.2,292.8,24,215.4701,0.62,Rough,FMS_MARITIME,2026-04-06
2023-11-11,3,LNG,77.52,15.2,364.8,24,661.725,0.78,Calm,FMS_MARITIME,2026-04-06
2023-11-12,3,MGO,83.53,8.6,206.4,24,1260.2346,1.0,Calm,FMS_MARITIME,2026-04-06
2023-11-13,3,HFO,26.66,13.2,316.8,24,262.0557,0.76,Moderate,FMS_MARITIME,2026-04-06
2023-11-14,3,LSMGO,16.12,11.1,266.4,24,188.4297,0.88,Moderate,FMS_MARITIME,2026-04-06
2023-11-15,3,LNG,53.98,15.5,372.0,24,451.8648,0.84,Calm,FMS_MARITIME,2026-04-06
2023-11-16,3,MGO,66.7,10.9,261.6,24,793.9748,0.47,Calm,FMS_MARITIME,2026-04-06
2023-11-17,3,LSMGO,17.72,16.4,393.6,24,140.1933,0.93,Moderate,FMS_MARITIME,2026-04-06
2023-11-18,3,HFO,41.96,17.3,415.2,24,314.7,0.96,Calm,FMS_MARITIME,2026-04-06
2023-11-19,3,MGO,70.55,17.6,422.4,24,520.1058,0.58,Moderate,FMS_MARITIME,2026-04-06
2023-11-20,3,LSMGO,34.21,17.5,420.0,24,253.6427,0.79,Rough,FMS_MARITIME,2026-04-06
2023-11-21,3,HFO,36.38,10.8,259.2,24,437.0653,0.76,Moderate,FMS_MARITIME,2026-04-06
2023-11-22,3,HFO,25.52,13.5,324.0,24,245.2756,0.98,Moderate,FMS_MARITIME,2026-04-06
2023-11-23,3,LNG,69.05,12.9,309.6,24,694.5145,0.88,Calm,FMS_MARITIME,2026-04-06
2023-11-24,3,HFO,72.02,9.2,220.8,24,1015.7168,0.5,Rough,FMS_MARITIME,2026-04-06
2023-11-25,3,LSMGO,40.68,15.6,374.4,24,338.3481,0.61,Moderate,FMS_MARITIME,2026-04-06
2023-11-26,3,MGO,38.69,10.9,261.6,24,460.553,0.53,Rough,FMS_MARITIME,2026-04-06
2023-11-27,3,LNG,43.31,8.0,192.0,24,702.4341,0.43,Rough,FMS_MARITIME,2026-04-06
2023-11-28,3,VLSFO,79.76,8.8,211.2,24,1176.0068,0.55,Moderate,FMS_MARITIME,2026-04-06
2023-11-28,3,VLSFO,70.43,8.5,204.0,24,1075.0932,0.94,Calm,FMS_MARITIME,2026-04-06
2023-11-28,3,HFO,15.16,14.2,340.8,24,138.5218,0.44,Moderate,FMS_MARITIME,2026-04-06
2023-11-01,4,VLSFO,64.91,11.8,283.2,24,713.735,0.68,Rough,FMS_MARITIME,2026-04-06
2023-11-02,4,LSMGO,53.57,12.3,295.2,24,565.0982,0.42,Moderate,FMS_MARITIME,2026-04-06
2023-11-03,4,LSMGO,25.48,15.9,381.6,24,207.9264,0.81,Calm,FMS_MARITIME,2026-04-06
2023-11-04,4,MGO,32.46,14.5,348.0,24,290.461,0.5,Rough,FMS_MARITIME,2026-04-06
2023-11-05,4,LSMGO,36.53,12.9,309.6,24,367.4238,0.69,Calm,FMS_MARITIME,2026-04-06
2023-11-06,4,HFO,67.34,13.9,333.6,24,628.5874,0.96,Moderate,FMS_MARITIME,2026-04-06
2023-11-07,4,HFO,46.11,11.0,264.0,24,543.8884,0.54,Rough,FMS_MARITIME,2026-04-06
2023-11-08,4,LNG,47.07,12.5,300.0,24,488.5866,0.97,Moderate,FMS_MARITIME,2026-04-06
2023-11-09,4,LNG,32.44,16.0,384.0,24,263.0681,0.69,Calm,FMS_MARITIME,2026-04-06
2023-11-10,4,MGO,83.2,9.3,223.2,24,1160.7742,0.71,Moderate,FMS_MARITIME,2026-04-06
2023-11-11,4,VLSFO,84.58,13.7,328.8,24,801.0405,0.95,Rough,FMS_MARITIME,2026-04-06
2023-11-12,4,LNG,35.99,17.6,422.4,24,265.324,0.5,Calm,FMS_MARITIME,2026-04-06
2023-11-13,4,VLSFO,62.3,9.0,216.0,24,898.1583,0.85,Moderate,FMS_MARITIME,2026-04-06
2023-11-14,4,LSMGO,36.97,12.9,309.6,24,371.8494,0.81,Rough,FMS_MARITIME,2026-04-06
2023-11-15,4,VLSFO,23.35,14.3,343.2,24,211.8645,0.99,Calm,FMS_MARITIME,2026-04-06
2023-11-16,4,LSMGO,29.02,13.7,328.8,24,274.8427,0.45,Moderate,FMS_MARITIME,2026-04-06
2023-11-17,4,HFO,17.61,9.6,230.4,24,238.0102,0.59,Moderate,FMS_MARITIME,2026-04-06
2023-11-18,4,VLSFO,34.84,10.2,244.8,24,443.1853,0.95,Rough,FMS_MARITIME,2026-04-06
2023-11-19,4,LSMGO,32.81,9.0,216.0,24,473.0108,0.56,Moderate,FMS_MARITIME,2026-04-06
2023-11-20,4,LSMGO,58.04,9.5,228.0,24,792.7042,0.99,Moderate,FMS_MARITIME,2026-04-06
2023-11-21,4,HFO,19.5,10.8,259.2,24,234.2708,0.54,Calm,FMS_MARITIME,2026-04-06
2023-11-22,4,HFO,60.02,16.4,393.6,24,474.8534,0.92,Calm,FMS_MARITIME,2026-04-06
2023-11-23,4,VLSFO,20.0,16.2,388.8,24,160.1852,0.69,Moderate,FMS_MARITIME,2026-04-06
2023-11-24,4,VLSFO,20.54,14.1,338.4,24,189.0117,0.81,Calm,FMS_MARITIME,2026-04-06
2023-11-25,4,VLSFO,75.54,16.4,393.6,24,597.6412,1.0,Moderate,FMS_MARITIME,2026-04-06
2023-11-26,4,HFO,40.25,17.9,429.6,24,291.7563,0.54,Rough,FMS_MARITIME,2026-04-06
2023-11-27,4,MGO,41.22,17.6,422.4,24,303.8804,0.67,Moderate,FMS_MARITIME,2026-04-06
2023-11-28,4,MGO,32.37,15.7,376.8,24,267.5164,0.96,Moderate,FMS_MARITIME,2026-04-06
2023-11-28,4,MGO,83.71,11.7,280.8,24,928.3224,0.67,Rough,FMS_MARITIME,2026-04-06
2023-11-28,4,MGO,19.62,8.7,208.8,24,292.6086,0.59,Rough,FMS_MARITIME,2026-04-06
2023-11-01,5,HFO,80.79,12.9,309.6,24,812.5971,0.52,Calm,FMS_MARITIME,2026-04-06
2023-11-02,5,MGO,60.31,12.5,300.0,24,626.0178,0.41,Rough,FMS_MARITIME,2026-04-06
2023-11-03,5,HFO,48.72,11.8,283.2,24,535.7136,0.5,Rough,FMS_MARITIME,2026-04-06
2023-11-04,5,MGO,49.01,14.9,357.6,24,426.7817,0.56,Calm,FMS_MARITIME,2026-04-06
2023-11-05,5,VLSFO,55.15,12.4,297.6,24,577.0736,0.67,Rough,FMS_MARITIME,2026-04-06
2023-11-06,5,LSMGO,60.78,16.0,384.0,24,492.8878,0.68,Rough,FMS_MARITIME,2026-04-06
2023-11-07,5,MGO,75.05,16.7,400.8,24,583.0981,0.64,Calm,FMS_MARITIME,2026-04-06
2023-11-08,5,VLSFO,15.2,12.0,288.0,24,164.35,0.74,Rough,FMS_MARITIME,2026-04-06
2023-11-09,5,HFO,37.63,11.8,283.2,24,413.7706,0.44,Rough,FMS_MARITIME,2026-04-06
2023-11-10,5,HFO,52.95,17.5,420.0,24,392.5864,0.91,Calm,FMS_MARITIME,2026-04-06
2023-11-11,5,LNG,83.88,8.4,201.6,24,1295.6464,0.57,Calm,FMS_MARITIME,2026-04-06
2023-11-12,5,VLSFO,57.29,12.2,292.8,24,609.2932,0.74,Rough,FMS_MARITIME,2026-04-06
2023-11-13,5,LSMGO,22.66,13.8,331.2,24,213.0533,0.86,Rough,FMS_MARITIME,2026-04-06
2023-11-14,5,MGO,34.44,12.7,304.8,24,351.8575,0.79,Moderate,FMS_MARITIME,2026-04-06
2023-11-15,5,VLSFO,17.84,15.2,364.8,24,152.2855,0.81,Calm,FMS_MARITIME,2026-04-06
2023-11-16,5,MGO,33.75,12.5,300.0,24,350.325,0.68,Moderate,FMS_MARITIME,2026-04-06
2023-11-17,5,MGO,64.13,16.6,398.4,24,501.2571,0.47,Moderate,FMS_MARITIME,2026-04-06
2023-11-18,5,LNG,61.61,17.7,424.8,24,451.6326,0.71,Calm,FMS_MARITIME,2026-04-06
2023-11-19,5,VLSFO,75.59,8.7,208.8,24,1127.3336,0.66,Calm,FMS_MARITIME,2026-04-06
2023-11-20,5,MGO,26.08,17.5,420.0,24,193.3646,0.67,Moderate,FMS_MARITIME,2026-04-06
2023-11-21,5,LSMGO,71.76,16.7,400.8,24,557.5365,0.67,Calm,FMS_MARITIME,2026-04-06
2023-11-22,5,HFO,27.82,13.5,324.0,24,267.3811,1.0,Calm,FMS_MARITIME,2026-04-06
2023-11-23,5,LNG,82.62,9.9,237.6,24,1082.8227,0.82,Rough,FMS_MARITIME,2026-04-06
2023-11-24,5,LNG,63.35,15.1,362.4,24,544.3485,0.77,Rough,FMS_MARITIME,2026-04-06
2023-11-25,5,MGO,23.7,16.4,393.6,24,187.5046,0.9,Calm,FMS_MARITIME,2026-04-06
2023-11-26,5,LNG,23.83,13.9,333.6,24,222.4419,0.5,Calm,FMS_MARITIME,2026-04-06
2023-11-27,5,VLSFO,60.6,15.9,381.6,24,494.5189,0.62,Moderate,FMS_MARITIME,2026-04-06
2023-11-28,5,HFO,22.03,13.4,321.6,24,213.3129,0.89,Rough,FMS_MARITIME,2026-04-06
2023-11-28,5,HFO,47.6,13.9,333.6,24,444.3237,0.98,Moderate,FMS_MARITIME,2026-04-06
2023-11-28,5,VLSFO,15.79,13.4,321.6,24,152.892,0.46,Calm,FMS_MARITIME,2026-04-06
2023-11-01,6,HFO,15.59,9.8,235.2,24,206.4084,0.6,Rough,FMS_MARITIME,2026-04-06
2023-11-02,6,LNG,21.7,10.8,259.2,24,260.7014,0.51,Moderate,FMS_MARITIME,2026-04-06
2023-11-03,6,VLSFO,82.5,14.8,355.2,24,723.2686,0.59,Calm,FMS_MARITIME,2026-04-06
2023-11-04,6,MGO,58.2,12.6,302.4,24,599.3214,0.91,Calm,FMS_MARITIME,2026-04-06
2023-11-05,6,MGO,75.32,16.3,391.2,24,599.5564,0.97,Rough,FMS_MARITIME,2026-04-06
2023-11-06,6,VLSFO,57.0,11.3,271.2,24,654.4912,0.4,Moderate,FMS_MARITIME,2026-04-06
2023-11-07,6,LNG,62.75,10.4,249.6,24,782.8666,0.73,Calm,FMS_MARITIME,2026-04-06
2023-11-08,6,MGO,74.06,16.1,386.4,24,596.85,0.62,Rough,FMS_MARITIME,2026-04-06
2023-11-09,6,LSMGO,83.25,16.3,391.2,24,662.6802,0.71,Calm,FMS_MARITIME,2026-04-06
2023-11-10,6,VLSFO,25.51,8.5,204.0,24,389.4026,0.99,Rough,FMS_MARITIME,2026-04-06
2023-11-11,6,VLSFO,30.59,9.4,225.6,24,422.2396,0.68,Moderate,FMS_MARITIME,2026-04-06
2023-11-12,6,LSMGO,24.02,8.7,208.8,24,358.2293,0.64,Moderate,FMS_MARITIME,2026-04-06
2023-11-13,6,VLSFO,18.81,13.9,333.6,24,175.5826,0.61,Calm,FMS_MARITIME,2026-04-06
2023-11-14,6,VLSFO,61.18,8.2,196.8,24,968.0616,0.71,Moderate,FMS_MARITIME,2026-04-06
2023-11-15,6,HFO,54.83,10.0,240.0,24,711.4192,0.99,Calm,FMS_MARITIME,2026-04-06
2023-11-16,6,VLSFO,48.66,10.4,249.6,24,607.0803,0.8,Moderate,FMS_MARITIME,2026-04-06
2023-11-17,6,LNG,54.61,12.4,297.6,24,571.4232,0.61,Moderate,FMS_MARITIME,2026-04-06
2023-11-18,6,LSMGO,41.06,14.5,348.0,24,367.4162,0.83,Rough,FMS_MARITIME,2026-04-06
2023-11-19,6,MGO,42.17,13.7,328.8,24,399.3838,0.76,Moderate,FMS_MARITIME,2026-04-06
2023-11-20,6,LSMGO,73.46,16.9,405.6,24,563.9902,0.72,Rough,FMS_MARITIME,2026-04-06
2023-11-21,6,LNG,63.41,12.7,304.8,24,647.8305,0.47,Calm,FMS_MARITIME,2026-04-06
2023-11-22,6,MGO,16.11,10.0,240.0,24,209.0273,0.92,Moderate,FMS_MARITIME,2026-04-06
2023-11-23,6,MGO,80.25,13.7,328.8,24,760.0319,0.89,Calm,FMS_MARITIME,2026-04-06
2023-11-24,6,MGO,35.61,16.3,391.2,24,283.46,0.59,Rough,FMS_MARITIME,2026-04-06
2023-11-25,6,LSMGO,52.26,15.6,374.4,24,434.6625,0.93,Calm,FMS_MARITIME,2026-04-06
2023-11-26,6,LSMGO,41.47,10.4,249.6,24,517.3781,0.75,Moderate,FMS_MARITIME,2026-04-06
2023-11-27,6,LNG,33.89,11.1,266.4,24,396.1466,0.85,Calm,FMS_MARITIME,2026-04-06
2023-11-28,6,MGO,36.04,10.3,247.2,24,453.999,0.46,Calm,FMS_MARITIME,2026-04-06
2023-11-28,6,VLSFO,66.11,10.1,242.4,24,849.2844,0.56,Rough,FMS_MARITIME,2026-04-06
2023-11-28,6,LNG,51.7,14.2,340.8,24,472.3996,0.97,Moderate,FMS_MARITIME,2026-04-06
2023-11-01,7,LSMGO,55.62,12.7,304.8,24,568.2437,0.73,Moderate,FMS_MARITIME,2026-04-06
2023-11-02,7,LSMGO,45.62,12.9,309.6,24,458.8523,0.43,Moderate,FMS_MARITIME,2026-04-06
2023-11-03,7,MGO,74.02,13.2,316.8,24,727.583,0.91,Moderate,FMS_MARITIME,2026-04-06
2023-11-04,7,MGO,58.17,14.8,355.2,24,509.9701,0.45,Rough,FMS_MARITIME,2026-04-06
2023-11-05,7,VLSFO,55.77,14.8,355.2,24,488.9296,0.65,Moderate,FMS_MARITIME,2026-04-06
2023-11-06,7,HFO,84.33,9.1,218.4,24,1202.3975,0.43,Rough,FMS_MARITIME,2026-04-06
2023-11-07,7,VLSFO,17.39,12.0,288.0,24,188.0294,0.93,Rough,FMS_MARITIME,2026-04-06
2023-11-08,7,HFO,33.15,16.7,400.8,24,257.5576,0.87,Moderate,FMS_MARITIME,2026-04-06
2023-11-09,7,MGO,77.71,10.0,240.0,24,1008.2872,0.84,Moderate,FMS_MARITIME,2026-04-06
2023-11-10,7,LNG,51.54,8.5,204.0,24,786.7429,0.82,Rough,FMS_MARITIME,2026-04-06
2023-11-11,7,MGO,54.96,8.5,204.0,24,838.9482,0.54,Moderate,FMS_MARITIME,2026-04-06
2023-11-12,7,MGO,35.04,14.6,350.4,24,311.4,0.63,Calm,FMS_MARITIME,2026-04-06
2023-11-13,7,LSMGO,63.39,11.5,276.0,24,715.2046,0.7,Calm,FMS_MARITIME,2026-04-06
2023-11-14,7,LNG,71.07,13.1,314.4,24,703.9185,0.98,Rough,FMS_MARITIME,2026-04-06
2023-11-15,7,LSMGO,80.12,9.2,220.8,24,1129.9533,0.47,Moderate,FMS_MARITIME,2026-04-06
2023-11-16,7,LNG,25.46,13.9,333.6,24,237.6572,0.43,Rough,FMS_MARITIME,2026-04-06
2023-11-17,7,LNG,48.27,8.5,204.0,24,736.8274,0.82,Moderate,FMS_MARITIME,2026-04-06
2023-11-18,7,VLSFO,75.15,9.0,216.0,24,1083.4125,0.79,Rough,FMS_MARITIME,2026-04-06
2023-11-19,7,LSMGO,40.18,16.7,400.8,24,312.1769,0.78,Calm,FMS_MARITIME,2026-04-06
2023-11-20,7,VLSFO,52.35,16.9,405.6,24,401.9179,0.72,Moderate,FMS_MARITIME,2026-04-06
2023-11-21,7,MGO,47.85,16.9,405.6,24,367.3691,0.78,Moderate,FMS_MARITIME,2026-04-06
2023-11-22,7,LNG,81.46,14.3,343.2,24,739.1213,0.72,Calm,FMS_MARITIME,2026-04-06
2023-11-23,7,VLSFO,64.69,12.9,309.6,24,650.661,0.52,Moderate,FMS_MARITIME,2026-04-06
2023-11-24,7,LSMGO,76.75,12.0,288.0,24,829.8594,0.44,Rough,FMS_MARITIME,2026-04-06
2023-11-25,7,MGO,69.68,14.4,345.6,24,627.8458,0.55,Rough,FMS_MARITIME,2026-04-06
2023-11-26,7,MGO,73.21,15.6,374.4,24,608.9101,0.68,Moderate,FMS_MARITIME,2026-04-06
2023-11-27,7,HFO,50.81,16.0,384.0,24,412.0373,0.58,Rough,FMS_MARITIME,2026-04-06
2023-11-28,7,MGO,56.28,11.7,280.8,24,624.1308,0.97,Calm,FMS_MARITIME,2026-04-06
2023-11-28,7,LNG,55.85,9.0,216.0,24,805.1708,0.72,Moderate,FMS_MARITIME,2026-04-06
2023-11-28,7,LSMGO,20.32,14.4,345.6,24,183.0917,0.56,Calm,FMS_MARITIME,2026-04-06
2023-11-01,8,VLSFO,52.89,14.4,345.6,24,476.5609,0.63,Calm,FMS_MARITIME,2026-04-06
2023-11-02,8,VLSFO,25.17,13.8,331.2,24,236.6527,0.84,Calm,FMS_MARITIME,2026-04-06
2023-11-03,8,LSMGO,23.07,15.6,374.4,24,191.8803,0.62,Calm,FMS_MARITIME,2026-04-06
2023-11-04,8,MGO,84.56,17.9,429.6,24,612.9419,0.75,Moderate,FMS_MARITIME,2026-04-06
2023-11-05,8,LNG,62.25,12.3,295.2,24,656.6616,0.51,Rough,FMS_MARITIME,2026-04-06
2023-11-06,8,LNG,84.12,8.4,201.6,24,1299.3536,0.5,Moderate,FMS_MARITIME,2026-04-06
2023-11-07,8,LNG,28.38,15.2,364.8,24,242.2569,0.78,Rough,FMS_MARITIME,2026-04-06
2023-11-08,8,LSMGO,18.2,10.5,252.0,24,224.9,0.44,Calm,FMS_MARITIME,2026-04-06
2023-11-09,8,HFO,43.45,9.1,218.4,24,619.5206,0.62,Moderate,FMS_MARITIME,2026-04-06
2023-11-10,8,LNG,16.12,12.5,300.0,24,167.3256,0.6,Calm,FMS_MARITIME,2026-04-06
2023-11-11,8,MGO,56.69,15.5,372.0,24,474.5502,0.91,Calm,FMS_MARITIME,2026-04-06
2023-11-12,8,MGO,56.18,13.7,328.8,24,532.0697,0.96,Moderate,FMS_MARITIME,2026-04-06
2023-11-13,8,HFO,53.49,16.8,403.2,24,413.1147,0.43,Rough,FMS_MARITIME,2026-04-06
2023-11-14,8,HFO,56.24,9.0,216.0,24,810.7933,0.96,Moderate,FMS_MARITIME,2026-04-06
2023-11-15,8,HFO,63.73,8.1,194.4,24,1020.8602,0.77,Calm,FMS_MARITIME,2026-04-06
2023-11-16,8,MGO,18.68,8.8,211.2,24,275.4239,0.97,Calm,FMS_MARITIME,2026-04-06
2023-11-17,8,LSMGO,41.77,11.4,273.6,24,475.4086,0.69,Calm,FMS_MARITIME,2026-04-06
2023-11-18,8,VLSFO,17.17,16.9,405.6,24,131.8229,0.8,Calm,FMS_MARITIME,2026-04-06
2023-11-19,8,MGO,43.81,10.6,254.4,24,536.2592,0.6,Moderate,FMS_MARITIME,2026-04-06
2023-11-20,8,LNG,79.42,9.1,218.4,24,1132.3896,0.48,Calm,FMS_MARITIME,2026-04-06
2023-11-21,8,MGO,18.64,16.9,405.6,24,143.1089,0.72,Moderate,FMS_MARITIME,2026-04-06
2023-11-22,8,HFO,17.7,11.5,276.0,24,199.7022,0.66,Rough,FMS_MARITIME,2026-04-06
2023-11-23,8,VLSFO,15.89,15.9,381.6,24,129.6684,0.93,Rough,FMS_MARITIME,2026-04-06
2023-11-24,8,LNG,23.44,11.4,273.6,24,266.7842,0.53,Moderate,FMS_MARITIME,2026-04-06
2023-11-25,8,HFO,66.01,14.2,340.8,24,603.1548,0.78,Moderate,FMS_MARITIME,2026-04-06
2023-11-26,8,HFO,63.96,16.8,403.2,24,493.9768,0.71,Moderate,FMS_MARITIME,2026-04-06
2023-11-27,8,HFO,45.37,17.4,417.6,24,338.3194,0.68,Calm,FMS_MARITIME,2026-04-06
2023-11-28,8,VLSFO,16.02,17.5,420.0,24,118.7769,0.48,Calm,FMS_MARITIME,2026-04-06
2023-11-28,8,VLSFO,58.96,8.4,201.6,24,910.7214,0.67,Rough,FMS_MARITIME,2026-04-06
2023-11-28,8,HFO,33.82,14.3,343.2,24,306.8633,0.43,Rough,FMS_MARITIME,2026-04-06
2023-11-01,9,VLSFO,76.48,13.5,324.0,24,735.0578,0.89,Rough,FMS_MARITIME,2026-04-06
2023-11-02,9,LNG,39.34,16.6,398.4,24,307.4919,0.54,Rough,FMS_MARITIME,2026-04-06
2023-11-03,9,HFO,49.67,15.6,374.4,24,413.1207,0.6,Rough,FMS_MARITIME,2026-04-06
2023-11-04,9,MGO,27.26,9.9,237.6,24,357.2712,0.54,Rough,FMS_MARITIME,2026-04-06
2023-11-05,9,VLSFO,34.54,9.0,216.0,24,497.9517,0.59,Calm,FMS_MARITIME,2026-04-06
2023-11-06,9,HFO,34.83,11.4,273.6,24,396.4204,0.72,Rough,FMS_MARITIME,2026-04-06
2023-11-07,9,HFO,56.8,9.1,218.4,24,809.8681,0.76,Calm,FMS_MARITIME,2026-04-06
2023-11-08,9,LNG,76.23,12.6,302.4,24,784.9875,0.67,Calm,FMS_MARITIME,2026-04-06
2023-11-09,9,VLSFO,81.57,11.8,283.2,24,896.9244,0.66,Moderate,FMS_MARITIME,2026-04-06
2023-11-10,9,VLSFO,38.9,12.9,309.6,24,391.2616,0.71,Rough,FMS_MARITIME,2026-04-06
2023-11-11,9,LSMGO,69.92,15.0,360.0,24,604.808,0.92,Moderate,FMS_MARITIME,2026-04-06
2023-11-12,9,LSMGO,84.53,8.7,208.8,24,1260.6629,1.0,Calm,FMS_MARITIME,2026-04-06
2023-11-13,9,LSMGO,64.29,11.2,268.8,24,744.7882,0.76,Moderate,FMS_MARITIME,2026-04-06
2023-11-14,9,LNG,59.6,15.0,360.0,24,515.54,0.63,Moderate,FMS_MARITIME,2026-04-06
2023-11-15,9,MGO,77.09,18.0,432.0,24,555.6904,0.64,Moderate,FMS_MARITIME,2026-04-06
2023-11-16,9,LNG,35.05,11.7,280.8,24,388.6955,0.59,Rough,FMS_MARITIME,2026-04-06
2023-11-17,9,LNG,43.24,15.4,369.6,24,364.311,0.9,Rough,FMS_MARITIME,2026-04-06
2023-11-18,9,MGO,42.19,16.8,403.2,24,325.8424,0.42,Calm,FMS_MARITIME,2026-04-06
2023-11-19,9,LSMGO,46.52,17.1,410.4,24,352.9807,0.79,Moderate,FMS_MARITIME,2026-04-06
2023-11-20,9,VLSFO,80.24,14.9,357.6,24,698.7342,0.75,Moderate,FMS_MARITIME,2026-04-06
2023-11-21,9,LNG,78.83,14.9,357.6,24,686.4559,0.97,Moderate,FMS_MARITIME,2026-04-06
2023-11-22,9,VLSFO,46.99,9.3,223.2,24,655.5863,0.9,Rough,FMS_MARITIME,2026-04-06
2023-11-23,9,HFO,84.7,9.7,232.8,24,1132.9716,0.48,Rough,FMS_MARITIME,2026-04-06
2023-11-24,9,LNG,61.12,13.0,312.0,24,610.0246,0.79,Calm,FMS_MARITIME,2026-04-06
2023-11-25,9,VLSFO,42.38,12.6,302.4,24,436.4131,0.81,Moderate,FMS_MARITIME,2026-04-06
2023-11-26,9,VLSFO,46.68,11.1,266.4,24,545.6514,0.96,Rough,FMS_MARITIME,2026-04-06
2023-11-27,9,HFO,59.65,10.2,244.8,24,758.7831,0.42,Calm,FMS_MARITIME,2026-04-06
2023-11-28,9,LSMGO,46.81,14.3,343.2,24,424.7271,0.52,Calm,FMS_MARITIME,2026-04-06
2023-11-28,9,HFO,71.56,13.6,326.4,24,682.714,0.51,Moderate,FMS_MARITIME,2026-04-06
2023-11-28,9,LSMGO,42.08,15.0,360.0,24,363.992,0.49,Moderate,FMS_MARITIME,2026-04-06
2023-11-01,10,LSMGO,27.77,13.8,331.2,24,261.0984,0.71,Moderate,FMS_MARITIME,2026-04-06
2023-11-02,10,LNG,48.32,11.2,268.8,24,559.7786,0.64,Calm,FMS_MARITIME,2026-04-06
2023-11-03,10,MGO,27.04,8.2,196.8,24,427.8585,0.77,Rough,FMS_MARITIME,2026-04-06
2023-11-04,10,VLSFO,67.77,17.9,429.6,24,491.2378,0.72,Calm,FMS_MARITIME,2026-04-06
2023-11-05,10,LSMGO,30.11,12.2,292.8,24,320.2273,0.69,Rough,FMS_MARITIME,2026-04-06
2023-11-06,10,HFO,16.7,13.1,314.4,24,165.4065,0.66,Moderate,FMS_MARITIME,2026-04-06
2023-11-07,10,MGO,46.13,15.1,362.4,24,396.382,0.92,Moderate,FMS_MARITIME,2026-04-06
2023-11-08,10,LSMGO,84.67,13.2,316.8,24,832.2676,0.59,Calm,FMS_MARITIME,2026-04-06
2023-11-09,10,LSMGO,44.95,17.9,429.6,24,325.8247,0.48,Rough,FMS_MARITIME,2026-04-06
2023-11-10,10,HFO,37.08,9.8,235.2,24,490.9316,0.82,Rough,FMS_MARITIME,2026-04-06
2023-11-11,10,MGO,31.25,11.2,268.8,24,362.0257,0.45,Rough,FMS_MARITIME,2026-04-06
2023-11-12,10,VLSFO,55.27,13.5,324.0,24,531.2061,0.51,Rough,FMS_MARITIME,2026-04-06
2023-11-13,10,LSMGO,66.94,9.9,237.6,24,877.3197,0.5,Moderate,FMS_MARITIME,2026-04-06
2023-11-14,10,HFO,29.01,16.3,391.2,24,230.9232,0.5,Moderate,FMS_MARITIME,2026-04-06
2023-11-15,10,MGO,29.61,9.9,237.6,24,388.0705,0.93,Moderate,FMS_MARITIME,2026-04-06
2023-11-16,10,MGO,18.55,15.1,362.4,24,159.3949,0.56,Moderate,FMS_MARITIME,2026-04-06
2023-11-17,10,LNG,70.08,12.5,300.0,24,727.4304,0.61,Calm,FMS_MARITIME,2026-04-06
2023-11-18,10,LNG,66.91,9.8,235.2,24,885.8747,0.82,Calm,FMS_MARITIME,2026-04-06
2023-11-19,10,MGO,45.51,10.3,247.2,24,573.2934,0.65,Moderate,FMS_MARITIME,2026-04-06
2023-11-20,10,HFO,27.77,12.7,304.8,24,283.7132,0.44,Moderate,FMS_MARITIME,2026-04-06
2023-11-21,10,VLSFO,61.07,15.1,362.4,24,524.7571,1.0,Moderate,FMS_MARITIME,2026-04-06
2023-11-22,10,MGO,77.68,11.4,273.6,24,884.1211,0.93,Calm,FMS_MARITIME,2026-04-06
2023-11-23,10,LNG,51.48,14.7,352.8,24,454.3898,0.98,Moderate,FMS_MARITIME,2026-04-06
2023-11-24,10,HFO,23.94,11.7,280.8,24,265.4885,0.75,Calm,FMS_MARITIME,2026-04-06
2023-11-25,10,LNG,46.29,11.9,285.6,24,504.7166,0.71,Rough,FMS_MARITIME,2026-04-06
2023-11-26,10,HFO,23.79,14.9,357.6,24,207.1646,0.95,Moderate,FMS_MARITIME,2026-04-06
2023-11-27,10,MGO,70.31,18.0,432.0,24,506.8179,0.67,Rough,FMS_MARITIME,2026-04-06
2023-11-28,10,LNG,48.59,12.6,302.4,24,500.3613,0.64,Moderate,FMS_MARITIME,2026-04-06
2023-11-28,10,HFO,36.56,15.0,360.0,24,316.244,0.79,Calm,FMS_MARITIME,2026-04-06
2023-11-28,10,LNG,20.11,10.9,261.6,24,239.3828,0.62,Rough,FMS_MARITIME,2026-04-06
2023-11-01,11,LSMGO,62.42,12.1,290.4,24,669.3384,0.98,Calm,FMS_MARITIME,2026-04-06
2023-11-02,11,MGO,58.66,16.1,386.4,24,472.7413,0.48,Calm,FMS_MARITIME,2026-04-06
2023-11-03,11,HFO,39.74,10.5,252.0,24,491.0729,0.46,Rough,FMS_MARITIME,2026-04-06
2023-11-04,11,MGO,36.03,13.6,326.4,24,343.7421,0.89,Moderate,FMS_MARITIME,2026-04-06
2023-11-05,11,VLSFO,82.96,15.4,369.6,24,698.9649,0.49,Calm,FMS_MARITIME,2026-04-06
2023-11-06,11,LNG,57.51,16.7,400.8,24,446.8217,0.94,Rough,FMS_MARITIME,2026-04-06
2023-11-07,11,MGO,59.31,8.2,196.8,24,938.4723,0.43,Calm,FMS_MARITIME,2026-04-06
2023-11-08,11,HFO,19.84,11.2,268.8,24,229.8429,0.58,Rough,FMS_MARITIME,2026-04-06
2023-11-09,11,LNG,53.15,16.6,398.4,24,415.4345,0.93,Moderate,FMS_MARITIME,2026-04-06
2023-11-10,11,VLSFO,81.54,9.6,230.4,24,1102.0641,0.94,Rough,FMS_MARITIME,2026-04-06
2023-11-11,11,LNG,40.56,13.6,326.4,24,386.9603,0.63,Moderate,FMS_MARITIME,2026-04-06
2023-11-12,11,VLSFO,40.21,16.4,393.6,24,318.1248,0.48,Moderate,FMS_MARITIME,2026-04-06
2023-11-13,11,LSMGO,82.09,12.4,297.6,24,858.9659,0.66,Moderate,FMS_MARITIME,2026-04-06
2023-11-14,11,LSMGO,71.26,13.9,333.6,24,665.1788,0.82,Calm,FMS_MARITIME,2026-04-06
2023-11-15,11,MGO,78.94,13.2,316.8,24,775.9443,0.76,Rough,FMS_MARITIME,2026-04-06
2023-11-16,11,MGO,16.6,14.7,352.8,24,146.5204,0.56,Moderate,FMS_MARITIME,2026-04-06
2023-11-17,11,LNG,58.62,17.9,429.6,24,424.9131,0.58,Rough,FMS_MARITIME,2026-04-06
2023-11-18,11,LNG,34.7,12.9,309.6,24,349.0174,0.66,Rough,FMS_MARITIME,2026-04-06
2023-11-19,11,MGO,83.13,14.5,348.0,24,743.8702,0.93,Moderate,FMS_MARITIME,2026-04-06
2023-11-20,11,LNG,24.89,12.1,290.4,24,266.899,0.69,Rough,FMS_MARITIME,2026-04-06
2023-11-21,11,MGO,44.79,12.2,292.8,24,476.3527,0.89,Calm,FMS_MARITIME,2026-04-06
2023-11-22,11,VLSFO,49.63,15.7,376.8,24,410.1588,0.62,Rough,FMS_MARITIME,2026-04-06
2023-11-23,11,LNG,57.53,16.1,386.4,24,463.6346,0.65,Rough,FMS_MARITIME,2026-04-06
2023-11-24,11,VLSFO,20.8,16.6,398.4,24,162.5783,0.67,Calm,FMS_MARITIME,2026-04-06
2023-11-25,11,LSMGO,49.03,11.4,273.6,24,558.0388,0.79,Calm,FMS_MARITIME,2026-04-06
2023-11-26,11,LSMGO,17.55,17.1,410.4,24,133.1645,0.49,Calm,FMS_MARITIME,2026-04-06
2023-11-27,11,VLSFO,65.08,14.2,340.8,24,594.657,0.74,Moderate,FMS_MARITIME,2026-04-06
2023-11-28,11,LNG,20.9,8.2,196.8,24,330.7043,0.61,Calm,FMS_MARITIME,2026-04-06
2023-11-28,11,HFO,56.83,13.7,328.8,24,538.2257,0.77,Moderate,FMS_MARITIME,2026-04-06
2023-11-28,11,LNG,60.79,14.0,336.0,24,563.393,0.42,Rough,FMS_MARITIME,2026-04-06
2023-11-01,12,HFO,63.1,14.7,352.8,24,556.9541,0.8,Calm,FMS_MARITIME,2026-04-06
2023-11-02,12,HFO,29.98,12.9,309.6,24,301.543,0.73,Calm,FMS_MARITIME,2026-04-06
2023-11-03,12,LSMGO,22.48,8.9,213.6,24,327.7281,0.9,Rough,FMS_MARITIME,2026-04-06
2023-11-04,12,LNG,25.54,9.9,237.6,24,334.7288,0.47,Calm,FMS_MARITIME,2026-04-06
2023-11-05,12,VLSFO,18.45,15.3,367.2,24,156.4632,0.98,Rough,FMS_MARITIME,2026-04-06
2023-11-06,12,VLSFO,31.39,14.1,338.4,24,288.8548,0.88,Calm,FMS_MARITIME,2026-04-06
2023-11-07,12,HFO,32.8,18.0,432.0,24,236.4333,0.98,Moderate,FMS_MARITIME,2026-04-06
2023-11-08,12,HFO,25.19,10.7,256.8,24,305.4582,0.54,Rough,FMS_MARITIME,2026-04-06
2023-11-09,12,VLSFO,39.18,14.7,352.8,24,345.8235,0.76,Rough,FMS_MARITIME,2026-04-06
2023-11-10,12,HFO,21.31,8.0,192.0,24,345.6216,0.81,Moderate,FMS_MARITIME,2026-04-06
2023-11-11,12,MGO,61.0,15.0,360.0,24,527.65,0.45,Calm,FMS_MARITIME,2026-04-06
2023-11-12,12,LSMGO,71.19,9.9,237.6,24,933.0205,0.81,Calm,FMS_MARITIME,2026-04-06
2023-11-13,12,LSMGO,81.32,10.2,244.8,24,1034.4382,0.74,Moderate,FMS_MARITIME,2026-04-06
2023-11-14,12,HFO,23.4,10.2,244.8,24,297.6618,0.87,Calm,FMS_MARITIME,2026-04-06
2023-11-15,12,VLSFO,27.52,15.5,372.0,24,230.369,0.49,Rough,FMS_MARITIME,2026-04-06
2023-11-16,12,LSMGO,50.6,8.2,196.8,24,800.6524,0.65,Rough,FMS_MARITIME,2026-04-06
2023-11-17,12,LSMGO,77.6,11.9,285.6,24,846.1008,0.92,Rough,FMS_MARITIME,2026-04-06
2023-11-18,12,MGO,59.59,14.6,350.4,24,529.5755,0.94,Moderate,FMS_MARITIME,2026-04-06
2023-11-19,12,MGO,76.08,14.4,345.6,24,685.5125,0.85,Moderate,FMS_MARITIME,2026-04-06
2023-11-20,12,LSMGO,67.08,15.0,360.0,24,580.242,0.57,Calm,FMS_MARITIME,2026-04-06
2023-11-21,12,LSMGO,64.57,8.3,199.2,24,1009.3925,0.96,Rough,FMS_MARITIME,2026-04-06
2023-11-22,12,MGO,44.95,16.1,386.4,24,362.2523,0.6,Rough,FMS_MARITIME,2026-04-06
2023-11-23,12,HFO,18.58,12.1,290.4,24,199.236,0.73,Rough,FMS_MARITIME,2026-04-06
2023-11-24,12,LSMGO,17.18,14.6,350.4,24,152.6784,0.67,Rough,FMS_MARITIME,2026-04-06
2023-11-25,12,VLSFO,76.8,13.0,312.0,24,766.5231,0.56,Moderate,FMS_MARITIME,2026-04-06
2023-11-26,12,LSMGO,80.78,17.0,408.0,24,616.5415,0.75,Rough,FMS_MARITIME,2026-04-06
2023-11-27,12,LSMGO,28.5,11.2,268.8,24,330.1674,0.5,Moderate,FMS_MARITIME,2026-04-06
2023-11-28,12,VLSFO,82.79,9.5,228.0,24,1130.7371,0.9,Moderate,FMS_MARITIME,2026-04-06
2023-11-28,12,MGO,16.99,11.0,264.0,24,200.4048,0.59,Calm,FMS_MARITIME,2026-04-06
2023-11-28,12,VLSFO,37.58,11.4,273.6,24,427.7197,0.42,Calm,FMS_MARITIME,2026-04-06
2023-11-01,13,MGO,76.68,16.6,398.4,24,599.3512,0.8,Moderate,FMS_MARITIME,2026-04-06
2023-11-02,13,LSMGO,30.67,8.5,204.0,24,468.1685,0.43,Rough,FMS_MARITIME,2026-04-06
2023-11-03,13,LSMGO,44.2,9.3,223.2,24,616.6613,0.48,Moderate,FMS_MARITIME,2026-04-06
2023-11-04,13,MGO,15.77,9.2,220.8,24,222.4084,0.8,Calm,FMS_MARITIME,2026-04-06
2023-11-05,13,HFO,64.0,17.5,420.0,24,474.5143,0.58,Rough,FMS_MARITIME,2026-04-06
2023-11-06,13,HFO,73.89,9.9,237.6,24,968.4068,0.73,Rough,FMS_MARITIME,2026-04-06
2023-11-07,13,LSMGO,20.84,14.6,350.4,24,185.2048,0.72,Calm,FMS_MARITIME,2026-04-06
2023-11-08,13,LNG,28.99,15.5,372.0,24,242.6744,0.77,Calm,FMS_MARITIME,2026-04-06
2023-11-09,13,MGO,30.49,8.8,211.2,24,449.5543,0.67,Moderate,FMS_MARITIME,2026-04-06
2023-11-10,13,MGO,35.14,10.0,240.0,24,455.9415,0.54,Moderate,FMS_MARITIME,2026-04-06
2023-11-11,13,LSMGO,33.84,8.3,199.2,24,529.0048,0.58,Moderate,FMS_MARITIME,2026-04-06
2023-11-12,13,MGO,30.92,14.1,338.4,24,284.5298,0.44,Calm,FMS_MARITIME,2026-04-06
2023-11-13,13,VLSFO,60.45,17.0,408.0,24,461.3757,0.98,Calm,FMS_MARITIME,2026-04-06
2023-11-14,13,LSMGO,52.98,14.7,352.8,24,467.6296,0.6,Calm,FMS_MARITIME,2026-04-06
2023-11-15,13,VLSFO,74.94,17.8,427.2,24,546.2621,0.76,Calm,FMS_MARITIME,2026-04-06
2023-11-16,13,LNG,47.05,9.9,237.6,24,616.6402,0.57,Calm,FMS_MARITIME,2026-04-06
2023-11-17,13,LSMGO,62.52,16.1,386.4,24,503.8491,0.95,Rough,FMS_MARITIME,2026-04-06
2023-11-18,13,LNG,51.49,12.2,292.8,24,547.6088,0.82,Moderate,FMS_MARITIME,2026-04-06
2023-11-19,13,VLSFO,53.64,17.1,410.4,24,407.0053,0.74,Rough,FMS_MARITIME,2026-04-06
2023-11-20,13,MGO,36.62,14.7,352.8,24,323.2276,0.56,Moderate,FMS_MARITIME,2026-04-06
2023-11-21,13,LSMGO,23.92,17.2,412.8,24,180.443,0.69,Rough,FMS_MARITIME,2026-04-06
2023-11-22,13,VLSFO,32.29,10.1,242.4,24,414.8146,0.85,Moderate,FMS_MARITIME,2026-04-06
2023-11-23,13,LNG,55.65,9.8,235.2,24,736.7946,0.46,Rough,FMS_MARITIME,2026-04-06
2023-11-24,13,MGO,65.06,13.7,328.8,24,616.1704,0.46,Moderate,FMS_MARITIME,2026-04-06
2023-11-25,13,MGO,73.85,11.7,280.8,24,818.9776,0.9,Calm,FMS_MARITIME,2026-04-06
2023-11-26,13,LSMGO,41.64,14.1,338.4,24,383.1766,0.81,Rough,FMS_MARITIME,2026-04-06
2023-11-27,13,LNG,70.45,11.5,276.0,24,794.8598,0.94,Rough,FMS_MARITIME,2026-04-06
2023-11-28,13,HFO,19.7,8.1,194.4,24,315.5648,0.89,Calm,FMS_MARITIME,2026-04-06
2023-11-28,13,VLSFO,82.58,16.9,405.6,24,634.0092,0.92,Rough,FMS_MARITIME,2026-04-06
2023-11-28,13,VLSFO,49.68,14.8,355.2,24,435.5392,0.68,Calm,FMS_MARITIME,2026-04-06
2023-11-01,14,LSMGO,69.57,9.3,223.2,24,970.6137,0.44,Rough,FMS_MARITIME,2026-04-06
2023-11-02,14,MGO,52.56,13.5,324.0,24,505.16,0.66,Calm,FMS_MARITIME,2026-04-06
2023-11-03,14,MGO,31.11,12.5,300.0,24,322.9218,0.43,Calm,FMS_MARITIME,2026-04-06
2023-11-04,14,LNG,27.04,10.5,252.0,24,334.1371,0.59,Calm,FMS_MARITIME,2026-04-06
2023-11-05,14,VLSFO,15.55,15.5,372.0,24,130.1685,0.94,Rough,FMS_MARITIME,2026-04-06
2023-11-06,14,LNG,20.74,11.1,266.4,24,242.4338,0.52,Rough,FMS_MARITIME,2026-04-06
2023-11-07,14,HFO,57.46,16.8,403.2,24,443.7759,0.66,Moderate,FMS_MARITIME,2026-04-06
2023-11-08,14,LSMGO,45.92,15.8,379.2,24,377.0962,0.48,Moderate,FMS_MARITIME,2026-04-06
2023-11-09,14,LSMGO,19.44,17.8,427.2,24,141.7045,0.56,Calm,FMS_MARITIME,2026-04-06
2023-11-10,14,HFO,71.68,9.1,218.4,24,1022.0308,0.54,Moderate,FMS_MARITIME,2026-04-06
2023-11-11,14,LNG,23.89,15.8,379.2,24,196.1853,0.61,Rough,FMS_MARITIME,2026-04-06
2023-11-12,14,LSMGO,54.09,15.1,362.4,24,464.78,0.74,Rough,FMS_MARITIME,2026-04-06
2023-11-13,14,LNG,36.36,13.2,316.8,24,357.4023,0.79,Calm,FMS_MARITIME,2026-04-06
2023-11-14,14,MGO,31.27,12.1,290.4,24,335.3126,0.49,Moderate,FMS_MARITIME,2026-04-06
2023-11-15,14,VLSFO,23.22,11.4,273.6,24,264.2803,0.63,Moderate,FMS_MARITIME,2026-04-06
2023-11-16,14,MGO,16.7,14.5,348.0,24,149.4362,0.88,Calm,FMS_MARITIME,2026-04-06
2023-11-17,14,VLSFO,21.87,16.3,391.2,24,174.0879,0.57,Moderate,FMS_MARITIME,2026-04-06
2023-11-18,14,VLSFO,74.21,15.7,376.8,24,613.296,0.91,Rough,FMS_MARITIME,2026-04-06
2023-11-19,14,LNG,16.67,17.4,417.6,24,124.3065,0.48,Rough,FMS_MARITIME,2026-04-06
2023-11-20,14,HFO,76.45,11.1,266.4,24,893.6385,0.63,Moderate,FMS_MARITIME,2026-04-06
2023-11-21,14,VLSFO,77.04,16.1,386.4,24,620.8658,0.71,Rough,FMS_MARITIME,2026-04-06
2023-11-22,14,HFO,30.83,14.2,340.8,24,281.7037,0.7,Rough,FMS_MARITIME,2026-04-06
2023-11-23,14,LNG,73.53,12.5,300.0,24,763.2414,0.71,Rough,FMS_MARITIME,2026-04-06
2023-11-24,14,VLSFO,67.36,17.9,429.6,24,488.2659,0.61,Moderate,FMS_MARITIME,2026-04-06
2023-11-25,14,HFO,57.81,17.2,412.8,24,436.0958,0.77,Moderate,FMS_MARITIME,2026-04-06
2023-11-26,14,VLSFO,16.65,11.3,271.2,24,191.1803,0.63,Calm,FMS_MARITIME,2026-04-06
2023-11-27,14,HFO,51.39,14.4,345.6,24,463.0453,0.53,Calm,FMS_MARITIME,2026-04-06
2023-11-28,14,MGO,57.35,9.9,237.6,24,751.6326,0.55,Calm,FMS_MARITIME,2026-04-06
2023-11-28,14,LSMGO,23.69,14.7,352.8,24,209.1005,0.78,Rough,FMS_MARITIME,2026-04-06
2023-11-28,14,HFO,56.57,9.1,218.4,24,806.5887,0.63,Calm,FMS_MARITIME,2026-04-06
2023-11-01,15,HFO,33.39,15.6,374.4,24,277.7149,0.64,Moderate,FMS_MARITIME,2026-04-06
2023-11-02,15,VLSFO,30.39,16.1,386.4,24,244.9132,0.69,Moderate,FMS_MARITIME,2026-04-06
2023-11-03,15,LSMGO,54.39,10.5,252.0,24,672.105,0.92,Moderate,FMS_MARITIME,2026-04-06
2023-11-04,15,VLSFO,64.1,13.9,333.6,24,598.3435,0.64,Calm,FMS_MARITIME,2026-04-06
2023-11-05,15,MGO,56.46,10.1,242.4,24,725.3153,0.84,Calm,FMS_MARITIME,2026-04-06
2023-11-06,15,LNG,84.99,9.7,232.8,24,1136.8508,0.69,Moderate,FMS_MARITIME,2026-04-06
2023-11-07,15,HFO,59.71,16.9,405.6,24,458.4244,0.82,Rough,FMS_MARITIME,2026-04-06
2023-11-08,15,VLSFO,27.43,15.6,374.4,24,228.1437,0.59,Rough,FMS_MARITIME,2026-04-06
2023-11-09,15,HFO,27.3,8.6,206.4,24,411.8808,0.66,Calm,FMS_MARITIME,2026-04-06
2023-11-10,15,LSMGO,69.79,10.1,242.4,24,896.5597,0.45,Moderate,FMS_MARITIME,2026-04-06
2023-11-11,15,MGO,77.04,10.6,254.4,24,943.0132,0.59,Moderate,FMS_MARITIME,2026-04-06
2023-11-12,15,LSMGO,81.63,16.8,403.2,24,630.446,0.66,Rough,FMS_MARITIME,2026-04-06
2023-11-13,15,MGO,56.42,11.2,268.8,24,653.6156,0.95,Rough,FMS_MARITIME,2026-04-06
2023-11-14,15,LNG,66.47,15.6,374.4,24,552.8514,0.48,Moderate,FMS_MARITIME,2026-04-06
2023-11-15,15,LSMGO,67.95,8.9,213.6,24,990.6194,0.92,Rough,FMS_MARITIME,2026-04-06
2023-11-16,15,LSMGO,23.93,17.5,420.0,24,177.4239,0.76,Calm,FMS_MARITIME,2026-04-06
2023-11-17,15,LNG,39.89,8.4,201.6,24,616.158,0.76,Moderate,FMS_MARITIME,2026-04-06
2023-11-18,15,MGO,58.48,17.0,408.0,24,446.34,0.94,Moderate,FMS_MARITIME,2026-04-06
2023-11-19,15,HFO,34.69,9.1,218.4,24,494.6184,0.56,Moderate,FMS_MARITIME,2026-04-06
2023-11-20,15,VLSFO,25.92,12.1,290.4,24,277.9438,0.52,Moderate,FMS_MARITIME,2026-04-06
2023-11-21,15,LNG,53.9,17.0,408.0,24,411.3838,0.82,Moderate,FMS_MARITIME,2026-04-06
2023-11-22,15,HFO,66.24,14.2,340.8,24,605.2563,0.95,Calm,FMS_MARITIME,2026-04-06
2023-11-23,15,VLSFO,43.24,15.5,372.0,24,361.9606,0.77,Moderate,FMS_MARITIME,2026-04-06
2023-11-24,15,LNG,57.51,12.1,290.4,24,616.6878,0.71,Rough,FMS_MARITIME,2026-04-06
2023-11-25,15,MGO,45.88,15.5,372.0,24,384.06,0.41,Calm,FMS_MARITIME,2026-04-06
2023-11-26,15,LSMGO,72.35,14.4,345.6,24,651.9036,1.0,Calm,FMS_MARITIME,2026-04-06
2023-11-27,15,HFO,21.38,13.8,331.2,24,201.0185,0.5,Rough,FMS_MARITIME,2026-04-06
2023-11-28,15,VLSFO,55.76,15.8,379.2,24,457.9025,0.5,Calm,FMS_MARITIME,2026-04-06
2023-11-28,15,VLSFO,66.6,17.1,410.4,24,505.3421,0.6,Rough,FMS_MARITIME,2026-04-06
2023-11-28,15,VLSFO,48.25,9.5,228.0,24,658.9934,0.5,Calm,FMS_MARITIME,2026-04-06
2023-11-01,16,LNG,18.95,9.0,216.0,24,273.1958,0.58,Moderate,FMS_MARITIME,2026-04-06
2023-11-02,16,LNG,23.66,13.1,314.4,24,234.3424,0.97,Moderate,FMS_MARITIME,2026-04-06
2023-11-03,16,LSMGO,65.66,17.4,417.6,24,489.6198,0.55,Moderate,FMS_MARITIME,2026-04-06
2023-11-04,16,LNG,16.88,17.6,422.4,24,124.442,0.66,Calm,FMS_MARITIME,2026-04-06
2023-11-05,16,VLSFO,72.34,16.6,398.4,24,565.4286,0.86,Calm,FMS_MARITIME,2026-04-06
2023-11-06,16,MGO,78.61,11.3,271.2,24,902.6237,0.66,Calm,FMS_MARITIME,2026-04-06
2023-11-07,16,LSMGO,59.85,12.0,288.0,24,647.1281,0.76,Rough,FMS_MARITIME,2026-04-06
2023-11-08,16,MGO,30.45,14.4,345.6,24,274.3672,0.83,Moderate,FMS_MARITIME,2026-04-06
2023-11-09,16,LNG,60.82,15.2,364.8,24,519.1707,0.94,Rough,FMS_MARITIME,2026-04-06
2023-11-10,16,VLSFO,66.64,12.0,288.0,24,720.545,0.84,Calm,FMS_MARITIME,2026-04-06
2023-11-11,16,VLSFO,20.35,15.8,379.2,24,167.1147,0.6,Moderate,FMS_MARITIME,2026-04-06
2023-11-12,16,MGO,75.15,8.8,211.2,24,1108.0355,0.84,Calm,FMS_MARITIME,2026-04-06
2023-11-13,16,LSMGO,36.05,12.4,297.6,24,377.2167,0.79,Rough,FMS_MARITIME,2026-04-06
2023-11-14,16,LSMGO,62.06,16.0,384.0,24,503.2678,0.89,Calm,FMS_MARITIME,2026-04-06
2023-11-15,16,HFO,46.94,14.4,345.6,24,422.949,0.99,Moderate,FMS_MARITIME,2026-04-06
2023-11-16,16,MGO,49.52,8.1,194.4,24,793.237,0.64,Rough,FMS_MARITIME,2026-04-06
2023-11-17,16,VLSFO,50.29,14.2,340.8,24,459.516,0.84,Moderate,FMS_MARITIME,2026-04-06
2023-11-18,16,HFO,35.75,17.5,420.0,24,265.0607,0.93,Rough,FMS_MARITIME,2026-04-06
2023-11-19,16,HFO,25.69,14.5,348.0,24,229.8812,0.65,Calm,FMS_MARITIME,2026-04-06
2023-11-20,16,LNG,71.19,11.6,278.4,24,796.2847,0.57,Rough,FMS_MARITIME,2026-04-06
2023-11-21,16,VLSFO,25.32,11.2,268.8,24,293.3277,0.73,Rough,FMS_MARITIME,2026-04-06
2023-11-22,16,LNG,36.24,17.9,429.6,24,262.6894,0.95,Calm,FMS_MARITIME,2026-04-06
2023-11-23,16,VLSFO,84.96,10.9,261.6,24,1011.3358,0.71,Calm,FMS_MARITIME,2026-04-06
2023-11-24,16,HFO,39.0,17.7,424.8,24,285.8898,0.4,Calm,FMS_MARITIME,2026-04-06
2023-11-25,16,LNG,53.97,14.4,345.6,24,486.2922,0.84,Rough,FMS_MARITIME,2026-04-06
2023-11-26,16,LNG,39.83,17.0,408.0,24,303.9966,0.68,Moderate,FMS_MARITIME,2026-04-06
2023-11-27,16,MGO,65.73,8.1,194.4,24,1052.8972,0.73,Rough,FMS_MARITIME,2026-04-06
2023-11-28,16,HFO,29.36,13.3,319.2,24,286.4256,0.7,Moderate,FMS_MARITIME,2026-04-06
2023-11-28,16,VLSFO,64.52,15.8,379.2,24,529.8399,0.61,Moderate,FMS_MARITIME,2026-04-06
2023-11-28,16,MGO,34.35,14.0,336.0,24,318.3509,0.55,Calm,FMS_MARITIME,2026-04-06
2023-11-01,17,VLSFO,41.65,15.6,374.4,24,346.4159,0.71,Calm,FMS_MARITIME,2026-04-06
2023-11-02,17,LNG,54.41,11.9,285.6,24,593.2519,0.59,Rough,FMS_MARITIME,2026-04-06
2023-11-03,17,VLSFO,42.91,10.4,249.6,24,535.3435,0.75,Moderate,FMS_MARITIME,2026-04-06
2023-11-04,17,MGO,73.95,16.3,391.2,24,588.6511,0.73,Calm,FMS_MARITIME,2026-04-06
2023-11-05,17,HFO,57.72,17.9,429.6,24,418.3894,0.82,Rough,FMS_MARITIME,2026-04-06
2023-11-06,17,HFO,63.83,10.1,242.4,24,819.9943,0.67,Moderate,FMS_MARITIME,2026-04-06
2023-11-07,17,VLSFO,66.79,11.8,283.2,24,734.407,0.95,Rough,FMS_MARITIME,2026-04-06
2023-11-08,17,MGO,19.83,14.8,355.2,24,173.8475,0.87,Rough,FMS_MARITIME,2026-04-06
2023-11-09,17,HFO,38.63,8.3,199.2,24,603.8846,0.68,Rough,FMS_MARITIME,2026-04-06
2023-11-10,17,LSMGO,52.51,10.2,244.8,24,667.9581,0.88,Rough,FMS_MARITIME,2026-04-06
2023-11-11,17,LSMGO,50.62,12.1,290.4,24,542.8054,0.78,Rough,FMS_MARITIME,2026-04-06
2023-11-12,17,VLSFO,34.46,12.7,304.8,24,352.0618,0.81,Calm,FMS_MARITIME,2026-04-06
2023-11-13,17,HFO,16.68,11.0,264.0,24,196.7482,0.99,Calm,FMS_MARITIME,2026-04-06
2023-11-14,17,LSMGO,67.34,16.4,393.6,24,532.7662,0.45,Moderate,FMS_MARITIME,2026-04-06
2023-11-15,17,HFO,46.61,12.5,300.0,24,483.8118,0.63,Rough,FMS_MARITIME,2026-04-06
2023-11-16,17,MGO,50.52,16.2,388.8,24,404.6278,0.91,Moderate,FMS_MARITIME,2026-04-06
2023-11-17,17,HFO,16.78,10.8,259.2,24,201.5931,0.73,Calm,FMS_MARITIME,2026-04-06
2023-11-18,17,MGO,79.05,15.2,364.8,24,674.7854,0.45,Rough,FMS_MARITIME,2026-04-06
2023-11-19,17,LNG,81.12,12.9,309.6,24,815.9163,0.46,Moderate,FMS_MARITIME,2026-04-06
2023-11-20,17,VLSFO,44.32,16.0,384.0,24,359.4075,0.57,Moderate,FMS_MARITIME,2026-04-06
2023-11-21,17,HFO,52.95,17.9,429.6,24,383.8135,0.8,Rough,FMS_MARITIME,2026-04-06
2023-11-22,17,MGO,79.71,16.0,384.0,24,646.3983,0.76,Calm,FMS_MARITIME,2026-04-06
2023-11-23,17,HFO,35.89,14.9,357.6,24,312.532,0.79,Moderate,FMS_MARITIME,2026-04-06
2023-11-24,17,VLSFO,82.81,17.9,429.6,24,600.2568,0.96,Rough,FMS_MARITIME,2026-04-06
2023-11-25,17,VLSFO,80.28,8.8,211.2,24,1183.6739,0.61,Calm,FMS_MARITIME,2026-04-06
2023-11-26,17,LNG,57.3,11.9,285.6,24,624.7626,0.42,Calm,FMS_MARITIME,2026-04-06
2023-11-27,17,MGO,77.6,11.0,264.0,24,915.3273,0.67,Calm,FMS_MARITIME,2026-04-06
2023-11-28,17,LNG,59.91,13.7,328.8,24,567.3958,0.85,Moderate,FMS_MARITIME,2026-04-06
2023-11-28,17,HFO,35.56,8.7,208.8,24,530.3345,0.86,Calm,FMS_MARITIME,2026-04-06
2023-11-28,17,LSMGO,62.87,15.4,369.6,24,529.7002,0.85,Moderate,FMS_MARITIME,2026-04-06
2023-11-01,18,MGO,84.0,13.0,312.0,24,838.3846,0.74,Rough,FMS_MARITIME,2026-04-06
2023-11-02,18,VLSFO,51.04,17.6,422.4,24,376.275,0.49,Calm,FMS_MARITIME,2026-04-06
2023-11-03,18,LNG,30.05,11.8,283.2,24,330.4227,0.76,Moderate,FMS_MARITIME,2026-04-06
2023-11-04,18,LNG,76.71,16.1,386.4,24,618.2064,0.92,Calm,FMS_MARITIME,2026-04-06
2023-11-05,18,VLSFO,34.95,14.4,345.6,24,314.9141,0.85,Moderate,FMS_MARITIME,2026-04-06
2023-11-06,18,VLSFO,63.84,11.1,266.4,24,746.2378,0.77,Rough,FMS_MARITIME,2026-04-06
2023-11-07,18,LNG,72.67,10.2,244.8,24,924.4051,0.75,Rough,FMS_MARITIME,2026-04-06
2023-11-08,18,VLSFO,80.35,16.3,391.2,24,639.5959,0.7,Calm,FMS_MARITIME,2026-04-06
2023-11-09,18,LNG,51.08,15.5,372.0,24,427.589,0.89,Moderate,FMS_MARITIME,2026-04-06
2023-11-10,18,LSMGO,32.39,13.0,312.0,24,323.2771,0.54,Rough,FMS_MARITIME,2026-04-06
2023-11-11,18,HFO,84.45,14.1,338.4,24,777.1197,0.63,Moderate,FMS_MARITIME,2026-04-06
2023-11-12,18,LNG,44.39,10.8,259.2,24,533.2965,0.7,Calm,FMS_MARITIME,2026-04-06
2023-11-13,18,MGO,67.36,11.0,264.0,24,794.5418,0.55,Moderate,FMS_MARITIME,2026-04-06
2023-11-14,18,LSMGO,74.83,11.8,283.2,24,822.8129,0.77,Calm,FMS_MARITIME,2026-04-06
2023-11-15,18,LNG,68.3,16.5,396.0,24,537.0864,0.65,Calm,FMS_MARITIME,2026-04-06
2023-11-16,18,MGO,18.41,8.3,199.2,24,287.7949,0.74,Rough,FMS_MARITIME,2026-04-06
2023-11-17,18,LSMGO,33.95,13.0,312.0,24,338.8471,0.84,Moderate,FMS_MARITIME,2026-04-06
2023-11-18,18,LNG,72.03,11.5,276.0,24,812.6863,0.8,Moderate,FMS_MARITIME,2026-04-06
2023-11-19,18,MGO,64.14,9.0,216.0,24,924.685,0.91,Moderate,FMS_MARITIME,2026-04-06
2023-11-20,18,LNG,76.75,11.6,278.4,24,858.4752,0.54,Moderate,FMS_MARITIME,2026-04-06
2023-11-21,18,HFO,82.55,9.6,230.4,24,1115.7148,0.74,Moderate,FMS_MARITIME,2026-04-06
2023-11-22,18,LSMGO,63.88,16.3,391.2,24,508.4926,0.43,Moderate,FMS_MARITIME,2026-04-06
2023-11-23,18,LNG,28.58,11.0,264.0,24,337.1141,0.44,Calm,FMS_MARITIME,2026-04-06
2023-11-24,18,VLSFO,34.93,11.1,266.4,24,408.3034,0.85,Rough,FMS_MARITIME,2026-04-06
2023-11-25,18,VLSFO,73.59,16.4,393.6,24,582.2136,0.82,Moderate,FMS_MARITIME,2026-04-06
2023-11-26,18,HFO,69.23,13.2,316.8,24,680.4994,0.67,Rough,FMS_MARITIME,2026-04-06
2023-11-27,18,LSMGO,56.32,12.6,302.4,24,579.9619,0.8,Moderate,FMS_MARITIME,2026-04-06
2023-11-28,18,VLSFO,46.59,12.8,307.2,24,472.2697,0.49,Moderate,FMS_MARITIME,2026-04-06
2023-11-28,18,LSMGO,62.71,8.8,211.2,24,924.6162,0.66,Rough,FMS_MARITIME,2026-04-06
2023-11-28,18,LNG,46.97,14.4,345.6,24,423.2193,0.46,Moderate,FMS_MARITIME,2026-04-06
2023-11-01,19,LNG,72.51,11.1,266.4,24,847.5831,0.47,Moderate,FMS_MARITIME,2026-04-06
2023-11-02,19,MGO,29.95,13.2,316.8,24,294.3949,0.54,Calm,FMS_MARITIME,2026-04-06
2023-11-03,19,MGO,76.21,9.8,235.2,24,1009.0048,0.91,Calm,FMS_MARITIME,2026-04-06
2023-11-04,19,HFO,62.92,17.7,424.8,24,461.2356,0.75,Calm,FMS_MARITIME,2026-04-06
2023-11-05,19,LSMGO,54.95,15.9,381.6,24,448.4127,0.84,Moderate,FMS_MARITIME,2026-04-06
2023-11-06,19,LNG,76.87,13.0,312.0,24,767.2217,0.51,Moderate,FMS_MARITIME,2026-04-06
2023-11-07,19,LNG,82.87,10.7,256.8,24,1004.8956,0.42,Calm,FMS_MARITIME,2026-04-06
2023-11-08,19,LNG,57.17,16.3,391.2,24,455.0802,0.62,Calm,FMS_MARITIME,2026-04-06
2023-11-09,19,MGO,82.56,11.6,278.4,24,923.4621,0.72,Calm,FMS_MARITIME,2026-04-06
2023-11-10,19,HFO,34.27,13.0,312.0,24,342.041,0.41,Calm,FMS_MARITIME,2026-04-06
2023-11-11,19,LSMGO,50.71,10.3,247.2,24,638.7983,0.41,Rough,FMS_MARITIME,2026-04-06
2023-11-12,19,MGO,81.18,8.6,206.4,24,1224.7797,0.96,Calm,FMS_MARITIME,2026-04-06
2023-11-13,19,MGO,53.29,9.2,220.8,24,751.5628,0.63,Rough,FMS_MARITIME,2026-04-06
2023-11-14,19,LNG,45.03,11.4,273.6,24,512.5125,0.96,Calm,FMS_MARITIME,2026-04-06
2023-11-15,19,VLSFO,67.45,12.6,302.4,24,694.5744,0.98,Calm,FMS_MARITIME,2026-04-06
2023-11-16,19,HFO,38.27,12.8,307.2,24,387.9322,0.91,Calm,FMS_MARITIME,2026-04-06
2023-11-17,19,MGO,72.07,16.9,405.6,24,553.3185,0.98,Calm,FMS_MARITIME,2026-04-06
2023-11-18,19,LSMGO,74.71,13.0,312.0,24,745.6633,0.51,Calm,FMS_MARITIME,2026-04-06
2023-11-19,19,LSMGO,75.57,16.3,391.2,24,601.5465,0.44,Rough,FMS_MARITIME,2026-04-06
2023-11-20,19,LNG,73.45,13.3,319.2,24,716.5517,0.82,Moderate,FMS_MARITIME,2026-04-06
2023-11-21,19,LSMGO,70.61,8.8,211.2,24,1041.0963,0.44,Calm,FMS_MARITIME,2026-04-06
2023-11-22,19,LSMGO,20.88,14.3,343.2,24,189.4531,0.57,Rough,FMS_MARITIME,2026-04-06
2023-11-23,19,HFO,23.19,8.8,211.2,24,341.9207,0.85,Moderate,FMS_MARITIME,2026-04-06
2023-11-24,19,MGO,36.59,14.3,343.2,24,331.9967,0.98,Calm,FMS_MARITIME,2026-04-06
2023-11-25,19,LSMGO,37.52,18.0,432.0,24,270.4567,0.91,Calm,FMS_MARITIME,2026-04-06
2023-11-26,19,HFO,79.41,17.1,410.4,24,602.5408,0.57,Rough,FMS_MARITIME,2026-04-06
2023-11-27,19,HFO,66.49,16.9,405.6,24,510.478,0.59,Moderate,FMS_MARITIME,2026-04-06
2023-11-28,19,LNG,16.53,11.1,266.4,24,193.2223,0.95,Moderate,FMS_MARITIME,2026-04-06
2023-11-28,19,LSMGO,43.54,9.2,220.8,24,614.056,0.61,Moderate,FMS_MARITIME,2026-04-06
2023-11-28,19,MGO,82.01,11.6,278.4,24,917.3101,0.58,Rough,FMS_MARITIME,2026-04-06
2023-11-01,20,LNG,83.35,8.4,201.6,24,1287.4598,0.89,Calm,FMS_MARITIME,2026-04-06
2023-11-02,20,LNG,62.83,17.7,424.8,24,460.5758,0.69,Calm,FMS_MARITIME,2026-04-06
2023-11-03,20,MGO,84.8,8.1,194.4,24,1358.3704,0.54,Moderate,FMS_MARITIME,2026-04-06
2023-11-04,20,LNG,55.18,12.0,288.0,24,596.6337,0.93,Calm,FMS_MARITIME,2026-04-06
2023-11-05,20,HFO,20.13,17.5,420.0,24,149.2496,0.98,Calm,FMS_MARITIME,2026-04-06
2023-11-06,20,LSMGO,26.8,15.2,364.8,24,228.7697,0.9,Rough,FMS_MARITIME,2026-04-06
2023-11-07,20,HFO,34.02,15.5,372.0,24,284.7803,0.65,Calm,FMS_MARITIME,2026-04-06
2023-11-08,20,LSMGO,53.67,17.8,427.2,24,391.2181,0.54,Moderate,FMS_MARITIME,2026-04-06
2023-11-09,20,VLSFO,82.41,14.3,343.2,24,747.7411,0.78,Rough,FMS_MARITIME,2026-04-06
2023-11-10,20,LNG,58.25,13.7,328.8,24,551.6743,0.47,Moderate,FMS_MARITIME,2026-04-06
2023-11-11,20,HFO,73.48,12.4,297.6,24,768.8734,0.77,Moderate,FMS_MARITIME,2026-04-06
2023-11-12,20,LNG,48.45,16.6,398.4,24,378.698,0.72,Rough,FMS_MARITIME,2026-04-06
2023-11-13,20,LSMGO,27.97,9.8,235.2,24,370.3171,0.75,Calm,FMS_MARITIME,2026-04-06
2023-11-14,20,VLSFO,48.38,12.8,307.2,24,490.4145,0.52,Moderate,FMS_MARITIME,2026-04-06
2023-11-15,20,LNG,68.88,16.7,400.8,24,535.1605,0.59,Moderate,FMS_MARITIME,2026-04-06
2023-11-16,20,VLSFO,60.21,13.8,331.2,24,566.1049,0.52,Rough,FMS_MARITIME,2026-04-06
2023-11-17,20,HFO,37.04,11.4,273.6,24,421.5737,0.66,Rough,FMS_MARITIME,2026-04-06
2023-11-18,20,LNG,63.87,15.5,372.0,24,534.6537,0.43,Moderate,FMS_MARITIME,2026-04-06
2023-11-19,20,MGO,15.94,17.3,415.2,24,119.55,0.4,Moderate,FMS_MARITIME,2026-04-06
2023-11-20,20,LNG,19.14,9.4,225.6,24,264.1931,0.59,Rough,FMS_MARITIME,2026-04-06
2023-11-21,20,VLSFO,73.36,10.5,252.0,24,906.52,0.61,Calm,FMS_MARITIME,2026-04-06
2023-11-22,20,LSMGO,63.93,10.8,259.2,24,768.0479,0.88,Rough,FMS_MARITIME,2026-04-06
2023-11-23,20,LNG,69.9,9.8,235.2,24,925.4617,0.9,Rough,FMS_MARITIME,2026-04-06
2023-11-24,20,VLSFO,69.02,17.9,429.6,24,500.2986,0.79,Moderate,FMS_MARITIME,2026-04-06
2023-11-25,20,LNG,44.66,12.2,292.8,24,474.9701,0.64,Moderate,FMS_MARITIME,2026-04-06
2023-11-26,20,HFO,68.86,10.6,254.4,24,842.8854,0.83,Rough,FMS_MARITIME,2026-04-06
2023-11-27,20,HFO,65.69,14.1,338.4,24,604.4878,0.99,Moderate,FMS_MARITIME,2026-04-06
2023-11-28,20,VLSFO,41.29,10.4,249.6,24,515.1325,0.52,Calm,FMS_MARITIME,2026-04-06
2023-11-28,20,HFO,84.64,9.3,223.2,24,1180.8645,0.65,Moderate,FMS_MARITIME,2026-04-06
2023-11-28,20,VLSFO,82.17,16.4,393.6,24,650.095,0.55,Calm,FMS_MARITIME,2026-04-06
2023-11-01,21,HFO,30.98,14.5,348.0,24,277.2176,0.71,Calm,FMS_MARITIME,2026-04-06
2023-11-02,21,MGO,53.04,15.8,379.2,24,435.5658,0.5,Calm,FMS_MARITIME,2026-04-06
2023-11-03,21,MGO,61.4,16.6,398.4,24,479.9187,0.71,Moderate,FMS_MARITIME,2026-04-06
2023-11-04,21,HFO,43.42,8.4,201.6,24,670.6839,0.86,Rough,FMS_MARITIME,2026-04-06
2023-11-05,21,LNG,18.59,12.7,304.8,24,189.9254,0.53,Calm,FMS_MARITIME,2026-04-06
2023-11-06,21,MGO,18.13,9.7,232.8,24,242.5121,0.41,Rough,FMS_MARITIME,2026-04-06
2023-11-07,21,LNG,54.08,8.7,208.8,24,806.5379,0.82,Moderate,FMS_MARITIME,2026-04-06
2023-11-08,21,LSMGO,73.11,15.9,381.6,24,596.6052,0.86,Moderate,FMS_MARITIME,2026-04-06
2023-11-09,21,VLSFO,59.19,13.6,326.4,24,564.6987,0.56,Moderate,FMS_MARITIME,2026-04-06
2023-11-10,21,LNG,24.22,16.9,405.6,24,185.9494,0.43,Moderate,FMS_MARITIME,2026-04-06
2023-11-11,21,MGO,41.71,11.4,273.6,24,474.7257,0.61,Rough,FMS_MARITIME,2026-04-06
2023-11-12,21,VLSFO,69.38,8.3,199.2,24,1084.5849,0.59,Calm,FMS_MARITIME,2026-04-06
2023-11-13,21,LNG,46.72,10.8,259.2,24,561.2889,0.86,Rough,FMS_MARITIME,2026-04-06
2023-11-14,21,MGO,57.12,14.2,340.8,24,521.9239,0.93,Moderate,FMS_MARITIME,2026-04-06
2023-11-15,21,LNG,16.32,17.5,420.0,24,121.0011,0.74,Rough,FMS_MARITIME,2026-04-06
2023-11-16,21,VLSFO,36.82,13.9,333.6,24,343.6975,0.65,Rough,FMS_MARITIME,2026-04-06
2023-11-17,21,HFO,78.46,13.3,319.2,24,765.4274,0.86,Calm,FMS_MARITIME,2026-04-06
2023-11-18,21,HFO,73.18,15.2,364.8,24,624.678,0.87,Moderate,FMS_MARITIME,2026-04-06
2023-11-19,21,HFO,49.48,14.4,345.6,24,445.8354,0.95,Calm,FMS_MARITIME,2026-04-06
2023-11-20,21,MGO,38.77,11.2,268.8,24,449.1435,0.73,Moderate,FMS_MARITIME,2026-04-06
2023-11-21,21,MGO,59.92,11.6,278.4,24,670.2259,0.97,Rough,FMS_MARITIME,2026-04-06
2023-11-22,21,LSMGO,37.8,17.3,415.2,24,283.5,0.65,Moderate,FMS_MARITIME,2026-04-06
2023-11-23,21,MGO,54.75,8.1,194.4,24,877.0139,0.69,Calm,FMS_MARITIME,2026-04-06
2023-11-24,21,LSMGO,51.54,14.7,352.8,24,454.9194,0.92,Moderate,FMS_MARITIME,2026-04-06
2023-11-25,21,MGO,39.75,15.7,376.8,24,328.5072,0.86,Rough,FMS_MARITIME,2026-04-06
2023-11-26,21,MGO,43.19,12.9,309.6,24,434.411,0.65,Calm,FMS_MARITIME,2026-04-06
2023-11-27,21,LSMGO,75.32,12.7,304.8,24,769.5094,0.83,Calm,FMS_MARITIME,2026-04-06
2023-11-28,21,LSMGO,51.16,17.4,417.6,24,381.4948,0.57,Moderate,FMS_MARITIME,2026-04-06
2023-11-28,21,HFO,49.58,17.7,424.8,24,363.4466,0.98,Rough,FMS_MARITIME,2026-04-06
2023-11-28,21,LSMGO,26.12,12.3,295.2,24,275.5341,0.41,Rough,FMS_MARITIME,2026-04-06
2023-11-01,22,MGO,82.54,14.8,355.2,24,723.6193,0.62,Rough,FMS_MARITIME,2026-04-06
2023-11-02,22,HFO,19.79,15.8,379.2,24,162.516,0.72,Rough,FMS_MARITIME,2026-04-06
2023-11-03,22,MGO,61.95,17.2,412.8,24,467.3263,0.91,Calm,FMS_MARITIME,2026-04-06
2023-11-04,22,MGO,61.89,8.1,194.4,24,991.3861,0.66,Rough,FMS_MARITIME,2026-04-06
2023-11-05,22,LSMGO,45.09,12.6,302.4,24,464.3196,0.81,Rough,FMS_MARITIME,2026-04-06
2023-11-06,22,LSMGO,57.98,10.0,240.0,24,752.2905,0.52,Moderate,FMS_MARITIME,2026-04-06
2023-11-07,22,HFO,27.11,13.0,312.0,24,270.5787,0.68,Rough,FMS_MARITIME,2026-04-06
2023-11-08,22,MGO,34.53,17.9,429.6,24,250.2943,0.78,Calm,FMS_MARITIME,2026-04-06
2023-11-09,22,MGO,36.71,10.2,244.8,24,466.9728,0.76,Moderate,FMS_MARITIME,2026-04-06
2023-11-10,22,MGO,19.24,13.6,326.4,24,183.5581,0.63,Rough,FMS_MARITIME,2026-04-06
2023-11-11,22,VLSFO,51.51,11.8,283.2,24,566.3917,0.81,Rough,FMS_MARITIME,2026-04-06
2023-11-12,22,VLSFO,50.26,11.2,268.8,24,582.2531,0.53,Calm,FMS_MARITIME,2026-04-06
2023-11-13,22,LNG,42.39,9.1,218.4,24,604.4069,0.89,Moderate,FMS_MARITIME,2026-04-06
2023-11-14,22,LSMGO,55.49,17.7,424.8,24,406.7699,0.85,Moderate,FMS_MARITIME,2026-04-06
2023-11-15,22,LSMGO,76.41,11.5,276.0,24,862.1041,0.71,Calm,FMS_MARITIME,2026-04-06
2023-11-16,22,HFO,52.78,17.4,417.6,24,393.575,0.41,Moderate,FMS_MARITIME,2026-04-06
2023-11-17,22,VLSFO,65.17,11.2,268.8,24,754.9828,0.47,Calm,FMS_MARITIME,2026-04-06
2023-11-18,22,LNG,62.66,16.5,396.0,24,492.7355,0.75,Rough,FMS_MARITIME,2026-04-06
2023-11-19,22,MGO,65.49,14.9,357.6,24,570.2904,0.62,Moderate,FMS_MARITIME,2026-04-06
2023-11-20,22,HFO,19.29,15.4,369.6,24,162.5245,0.85,Calm,FMS_MARITIME,2026-04-06
2023-11-21,22,LNG,20.74,17.4,417.6,24,154.656,0.57,Moderate,FMS_MARITIME,2026-04-06
2023-11-22,22,LNG,74.83,13.6,326.4,24,713.9112,0.99,Rough,FMS_MARITIME,2026-04-06
2023-11-23,22,LNG,51.75,11.7,280.8,24,573.8942,0.81,Moderate,FMS_MARITIME,2026-04-06
2023-11-24,22,MGO,67.51,13.2,316.8,24,663.5926,0.63,Calm,FMS_MARITIME,2026-04-06
2023-11-25,22,MGO,73.94,9.7,232.8,24,989.0428,0.5,Rough,FMS_MARITIME,2026-04-06
2023-11-26,22,LNG,19.78,12.0,288.0,24,213.8712,0.66,Calm,FMS_MARITIME,2026-04-06
2023-11-27,22,HFO,82.04,16.1,386.4,24,661.1609,0.42,Calm,FMS_MARITIME,2026-04-06
2023-11-28,22,HFO,47.12,16.4,393.6,24,372.7939,0.56,Rough,FMS_MARITIME,2026-04-06
2023-11-28,22,MGO,17.37,14.9,357.6,24,151.2589,0.53,Moderate,FMS_MARITIME,2026-04-06
2023-11-28,22,LSMGO,38.37,13.8,331.2,24,360.7614,0.63,Rough,FMS_MARITIME,2026-04-06
2023-11-01,23,MGO,45.36,12.2,292.8,24,482.4148,0.73,Rough,FMS_MARITIME,2026-04-06
2023-11-02,23,VLSFO,82.98,9.6,230.4,24,1121.5266,0.78,Moderate,FMS_MARITIME,2026-04-06
2023-11-03,23,LSMGO,43.71,15.1,362.4,24,375.5876,0.45,Rough,FMS_MARITIME,2026-04-06
2023-11-04,23,VLSFO,41.06,17.3,415.2,24,307.95,0.41,Moderate,FMS_MARITIME,2026-04-06
2023-11-05,23,LSMGO,22.4,12.6,302.4,24,230.6667,0.56,Calm,FMS_MARITIME,2026-04-06
2023-11-06,23,VLSFO,45.93,14.5,348.0,24,410.9943,0.41,Calm,FMS_MARITIME,2026-04-06
2023-11-07,23,LSMGO,37.93,15.9,381.6,24,309.5231,0.57,Calm,FMS_MARITIME,2026-04-06
2023-11-08,23,HFO,80.01,16.3,391.2,24,636.8894,0.76,Moderate,FMS_MARITIME,2026-04-06
2023-11-09,23,LNG,73.95,14.2,340.8,24,675.7051,0.49,Rough,FMS_MARITIME,2026-04-06
2023-11-10,23,HFO,53.84,8.6,206.4,24,812.2953,0.73,Rough,FMS_MARITIME,2026-04-06
2023-11-11,23,MGO,40.67,11.1,266.4,24,475.3993,0.62,Rough,FMS_MARITIME,2026-04-06
2023-11-12,23,HFO,47.39,8.7,208.8,24,706.7647,0.69,Calm,FMS_MARITIME,2026-04-06
2023-11-13,23,LSMGO,77.08,12.8,307.2,24,781.3383,0.91,Calm,FMS_MARITIME,2026-04-06
2023-11-14,23,HFO,79.71,12.5,300.0,24,827.3898,0.56,Moderate,FMS_MARITIME,2026-04-06
2023-11-15,23,LNG,74.26,12.9,309.6,24,746.9174,0.7,Calm,FMS_MARITIME,2026-04-06
2023-11-16,23,LNG,65.04,16.3,391.2,24,517.7264,0.77,Moderate,FMS_MARITIME,2026-04-06
2023-11-17,23,MGO,51.98,15.1,362.4,24,446.6493,0.55,Calm,FMS_MARITIME,2026-04-06
2023-11-18,23,MGO,75.34,14.6,350.4,24,669.5455,0.95,Moderate,FMS_MARITIME,2026-04-06
2023-11-19,23,LSMGO,31.08,8.5,204.0,24,474.4271,0.95,Moderate,FMS_MARITIME,2026-04-06
2023-11-20,23,HFO,26.51,8.2,196.8,24,419.4723,0.57,Rough,FMS_MARITIME,2026-04-06
2023-11-21,23,LSMGO,81.09,12.2,292.8,24,862.4121,0.7,Moderate,FMS_MARITIME,2026-04-06
2023-11-22,23,LNG,35.54,13.1,314.4,24,352.0088,0.6,Moderate,FMS_MARITIME,2026-04-06
2023-11-23,23,HFO,65.46,9.6,230.4,24,884.7328,0.87,Rough,FMS_MARITIME,2026-04-06
2023-11-24,23,LSMGO,45.83,11.6,278.4,24,512.6244,0.68,Rough,FMS_MARITIME,2026-04-06
2023-11-25,23,HFO,72.26,16.8,403.2,24,558.0795,0.44,Calm,FMS_MARITIME,2026-04-06
2023-11-26,23,MGO,65.24,14.2,340.8,24,596.119,0.65,Rough,FMS_MARITIME,2026-04-06
2023-11-27,23,VLSFO,24.67,11.2,268.8,24,285.7975,0.98,Calm,FMS_MARITIME,2026-04-06
2023-11-28,23,HFO,70.23,14.7,352.8,24,619.8872,0.9,Moderate,FMS_MARITIME,2026-04-06
2023-11-28,23,LSMGO,65.95,9.2,220.8,24,930.1101,0.74,Calm,FMS_MARITIME,2026-04-06
2023-11-28,23,HFO,60.23,9.1,218.4,24,858.7739,0.85,Calm,FMS_MARITIME,2026-04-06
2023-11-01,24,LNG,45.86,12.1,290.4,24,491.7632,0.78,Calm,FMS_MARITIME,2026-04-06
2023-11-02,24,LSMGO,56.37,13.0,312.0,24,562.616,0.44,Calm,FMS_MARITIME,2026-04-06
2023-11-03,24,MGO,69.23,15.1,362.4,24,594.8737,0.76,Calm,FMS_MARITIME,2026-04-06
2023-11-04,24,VLSFO,19.64,10.5,252.0,24,242.6943,0.42,Calm,FMS_MARITIME,2026-04-06
2023-11-05,24,LNG,35.16,14.5,348.0,24,314.6214,0.41,Rough,FMS_MARITIME,2026-04-06
2023-11-06,24,MGO,30.05,15.7,376.8,24,248.3432,0.82,Moderate,FMS_MARITIME,2026-04-06
2023-11-07,24,LNG,52.54,17.4,417.6,24,391.7853,0.71,Moderate,FMS_MARITIME,2026-04-06
2023-11-08,24,VLSFO,81.34,16.9,405.6,24,624.4891,0.43,Calm,FMS_MARITIME,2026-04-06
2023-11-09,24,VLSFO,38.5,12.4,297.6,24,402.8528,0.96,Moderate,FMS_MARITIME,2026-04-06
2023-11-10,24,HFO,70.66,14.7,352.8,24,623.6827,0.55,Calm,FMS_MARITIME,2026-04-06
2023-11-11,24,HFO,61.61,9.9,237.6,24,807.4644,0.92,Rough,FMS_MARITIME,2026-04-06
2023-11-12,24,LSMGO,19.77,10.1,242.4,24,253.976,0.67,Rough,FMS_MARITIME,2026-04-06
2023-11-13,24,VLSFO,82.57,13.4,321.6,24,799.5118,0.78,Rough,FMS_MARITIME,2026-04-06
2023-11-14,24,HFO,74.39,15.5,372.0,24,622.7163,0.88,Moderate,FMS_MARITIME,2026-04-06
2023-11-15,24,HFO,62.83,11.9,285.6,24,685.0582,0.48,Moderate,FMS_MARITIME,2026-04-06
2023-11-16,24,LNG,73.51,8.5,204.0,24,1122.1085,0.96,Calm,FMS_MARITIME,2026-04-06
2023-11-17,24,LSMGO,38.02,12.7,304.8,24,388.4327,0.54,Moderate,FMS_MARITIME,2026-04-06
2023-11-18,24,LSMGO,59.33,9.6,230.4,24,801.882,0.84,Rough,FMS_MARITIME,2026-04-06
2023-11-19,24,VLSFO,40.51,14.9,357.6,24,352.7633,0.71,Calm,FMS_MARITIME,2026-04-06
2023-11-20,24,LSMGO,62.35,8.1,194.4,24,998.7546,0.4,Moderate,FMS_MARITIME,2026-04-06
2023-11-21,24,VLSFO,59.93,12.8,307.2,24,607.4936,0.99,Moderate,FMS_MARITIME,2026-04-06
2023-11-22,24,HFO,25.07,15.3,367.2,24,212.6034,0.52,Rough,FMS_MARITIME,2026-04-06
2023-11-23,24,LNG,78.35,13.0,312.0,24,781.9933,0.73,Calm,FMS_MARITIME,2026-04-06
2023-11-24,24,MGO,83.46,15.3,367.2,24,707.7735,0.97,Calm,FMS_MARITIME,2026-04-06
2023-11-25,24,MGO,35.88,9.2,220.8,24,506.025,0.83,Rough,FMS_MARITIME,2026-04-06
2023-11-26,24,VLSFO,26.77,17.2,412.8,24,201.9423,0.62,Moderate,FMS_MARITIME,2026-04-06
2023-11-27,24,LSMGO,53.21,9.1,218.4,24,758.681,0.98,Moderate,FMS_MARITIME,2026-04-06
2023-11-28,24,LSMGO,60.85,16.9,405.6,24,467.1768,0.79,Rough,FMS_MARITIME,2026-04-06
2023-11-28,24,LSMGO,70.69,15.0,360.0,24,611.4685,0.48,Moderate,FMS_MARITIME,2026-04-06
2023-11-28,24,LSMGO,77.48,9.8,235.2,24,1025.8194,0.8,Rough,FMS_MARITIME,2026-04-06
2023-11-01,25,LNG,45.94,8.1,194.4,24,735.8907,0.76,Moderate,FMS_MARITIME,2026-04-06
2023-11-02,25,LSMGO,49.96,13.2,316.8,24,491.0841,0.62,Calm,FMS_MARITIME,2026-04-06
2023-11-03,25,VLSFO,75.22,14.1,338.4,24,692.184,0.92,Moderate,FMS_MARITIME,2026-04-06
2023-11-04,25,MGO,18.49,15.4,369.6,24,155.7843,0.91,Calm,FMS_MARITIME,2026-04-06
2023-11-05,25,VLSFO,37.63,16.0,384.0,24,305.1558,0.64,Calm,FMS_MARITIME,2026-04-06
2023-11-06,25,LSMGO,37.87,16.3,391.2,24,301.4498,0.5,Moderate,FMS_MARITIME,2026-04-06
2023-11-07,25,VLSFO,34.29,12.2,292.8,24,364.6826,0.56,Moderate,FMS_MARITIME,2026-04-06
2023-11-08,25,LNG,60.79,17.9,429.6,24,440.6426,0.71,Rough,FMS_MARITIME,2026-04-06
2023-11-09,25,LNG,49.76,9.5,228.0,24,679.6168,0.53,Moderate,FMS_MARITIME,2026-04-06
2023-11-10,25,VLSFO,34.9,12.7,304.8,24,356.5571,0.65,Moderate,FMS_MARITIME,2026-04-06
2023-11-11,25,VLSFO,24.55,13.2,316.8,24,241.3153,0.64,Moderate,FMS_MARITIME,2026-04-06
2023-11-12,25,LSMGO,42.01,8.1,194.4,24,672.938,0.52,Rough,FMS_MARITIME,2026-04-06
2023-11-13,25,MGO,82.81,14.7,352.8,24,730.925,0.78,Calm,FMS_MARITIME,2026-04-06
2023-11-14,25,LNG,40.7,11.9,285.6,24,443.7668,0.53,Moderate,FMS_MARITIME,2026-04-06
2023-11-15,25,MGO,29.96,17.7,424.8,24,219.622,0.44,Rough,FMS_MARITIME,2026-04-06
2023-11-16,25,LSMGO,75.92,12.2,292.8,24,807.4279,0.91,Rough,FMS_MARITIME,2026-04-06
2023-11-17,25,MGO,26.3,8.5,204.0,24,401.4618,0.51,Rough,FMS_MARITIME,2026-04-06
2023-11-18,25,LSMGO,61.84,12.3,295.2,24,652.3366,0.47,Moderate,FMS_MARITIME,2026-04-06
2023-11-19,25,VLSFO,59.79,13.2,316.8,24,587.7085,0.84,Calm,FMS_MARITIME,2026-04-06
2023-11-20,25,MGO,79.51,9.2,220.8,24,1121.3503,0.62,Moderate,FMS_MARITIME,2026-04-06
2023-11-21,25,LSMGO,44.1,10.9,261.6,24,524.9518,0.66,Rough,FMS_MARITIME,2026-04-06
2023-11-22,25,VLSFO,80.95,15.1,362.4,24,695.5803,0.43,Moderate,FMS_MARITIME,2026-04-06
2023-11-23,25,HFO,25.07,11.0,264.0,24,295.712,0.58,Calm,FMS_MARITIME,2026-04-06
2023-11-24,25,LNG,73.3,9.1,218.4,24,1045.1291,0.99,Rough,FMS_MARITIME,2026-04-06
2023-11-25,25,VLSFO,59.32,14.1,338.4,24,545.8702,0.76,Rough,FMS_MARITIME,2026-04-06
2023-11-26,25,VLSFO,46.95,17.1,410.4,24,356.2434,0.78,Calm,FMS_MARITIME,2026-04-06
2023-11-27,25,HFO,36.18,8.3,199.2,24,565.5849,0.68,Calm,FMS_MARITIME,2026-04-06
2023-11-28,25,MGO,31.07,8.8,211.2,24,458.106,0.95,Moderate,FMS_MARITIME,2026-04-06
2023-11-28,25,MGO,47.58,13.6,326.4,24,453.9342,0.71,Moderate,FMS_MARITIME,2026-04-06
2023-11-28,25,LNG,37.38,16.8,403.2,24,288.6937,0.68,Calm,FMS_MARITIME,2026-04-06
2023-11-01,26,LSMGO,66.2,15.6,374.4,24,550.6058,0.46,Calm,FMS_MARITIME,2026-04-06
2023-11-02,26,LNG,20.19,13.0,312.0,24,201.5117,0.66,Rough,FMS_MARITIME,2026-04-06
2023-11-03,26,VLSFO,36.85,17.6,422.4,24,271.6641,0.91,Calm,FMS_MARITIME,2026-04-06
2023-11-04,26,MGO,15.03,9.6,230.4,24,203.1398,0.74,Rough,FMS_MARITIME,2026-04-06
2023-11-05,26,HFO,52.67,10.3,247.2,24,663.4886,0.7,Calm,FMS_MARITIME,2026-04-06
2023-11-06,26,MGO,58.48,15.6,374.4,24,486.3962,0.85,Moderate,FMS_MARITIME,2026-04-06
2023-11-07,26,LSMGO,36.75,12.8,307.2,24,372.5244,0.66,Rough,FMS_MARITIME,2026-04-06
2023-11-08,26,VLSFO,53.76,13.3,319.2,24,524.4632,0.44,Moderate,FMS_MARITIME,2026-04-06
2023-11-09,26,VLSFO,37.6,11.7,280.8,24,416.9744,0.51,Moderate,FMS_MARITIME,2026-04-06
2023-11-10,26,LSMGO,79.75,10.2,244.8,24,1014.4669,0.4,Rough,FMS_MARITIME,2026-04-06
2023-11-11,26,HFO,35.27,15.8,379.2,24,289.6381,0.86,Calm,FMS_MARITIME,2026-04-06
2023-11-12,26,LSMGO,73.1,9.4,225.6,24,1009.0133,0.98,Rough,FMS_MARITIME,2026-04-06
2023-11-13,26,HFO,74.27,8.7,208.8,24,1107.6474,0.59,Calm,FMS_MARITIME,2026-04-06
2023-11-14,26,LSMGO,50.09,16.6,398.4,24,391.5167,0.98,Rough,FMS_MARITIME,2026-04-06
2023-11-15,26,MGO,75.56,16.2,388.8,24,605.1796,0.41,Rough,FMS_MARITIME,2026-04-06
2023-11-16,26,LNG,35.15,17.2,412.8,24,265.1577,0.45,Rough,FMS_MARITIME,2026-04-06
2023-11-17,26,LSMGO,36.77,9.0,216.0,24,530.1008,0.91,Calm,FMS_MARITIME,2026-04-06
2023-11-18,26,LSMGO,30.28,17.8,427.2,24,220.7208,0.94,Rough,FMS_MARITIME,2026-04-06
2023-11-19,26,HFO,51.69,12.9,309.6,24,519.9052,0.52,Rough,FMS_MARITIME,2026-04-06
2023-11-20,26,HFO,80.19,17.1,410.4,24,608.4592,0.5,Rough,FMS_MARITIME,2026-04-06
2023-11-21,26,LNG,52.53,11.5,276.0,24,592.6754,0.98,Calm,FMS_MARITIME,2026-04-06
2023-11-22,26,VLSFO,60.89,9.0,216.0,24,877.8308,0.56,Calm,FMS_MARITIME,2026-04-06
2023-11-23,26,VLSFO,61.19,16.6,398.4,24,478.2773,0.84,Calm,FMS_MARITIME,2026-04-06
2023-11-24,26,VLSFO,84.27,9.1,218.4,24,1201.542,0.44,Rough,FMS_MARITIME,2026-04-06
2023-11-25,26,LSMGO,50.36,16.7,400.8,24,391.2701,0.84,Calm,FMS_MARITIME,2026-04-06
2023-11-26,26,HFO,70.47,12.5,300.0,24,731.4786,0.64,Moderate,FMS_MARITIME,2026-04-06
2023-11-27,26,LSMGO,61.06,11.6,278.4,24,682.9772,0.81,Calm,FMS_MARITIME,2026-04-06
2023-11-28,26,LNG,77.17,17.7,424.8,24,565.6953,0.88,Moderate,FMS_MARITIME,2026-04-06
2023-11-28,26,VLSFO,22.91,8.4,201.6,24,353.8777,0.59,Rough,FMS_MARITIME,2026-04-06
2023-11-28,26,MGO,83.89,14.8,355.2,24,735.4546,0.89,Rough,FMS_MARITIME,2026-04-06
2023-11-01,27,LNG,44.02,13.7,328.8,24,416.9047,0.59,Moderate,FMS_MARITIME,2026-04-06
2023-11-02,27,LNG,23.54,14.2,340.8,24,215.0926,0.99,Calm,FMS_MARITIME,2026-04-06
2023-11-03,27,LSMGO,61.78,9.0,216.0,24,890.6617,0.45,Rough,FMS_MARITIME,2026-04-06
2023-11-04,27,LNG,37.57,11.7,280.8,24,416.6417,0.8,Calm,FMS_MARITIME,2026-04-06
2023-11-05,27,HFO,26.33,8.2,196.8,24,416.6241,0.92,Rough,FMS_MARITIME,2026-04-06
2023-11-06,27,MGO,82.45,15.5,372.0,24,690.1863,0.65,Calm,FMS_MARITIME,2026-04-06
2023-11-07,27,LSMGO,67.85,17.7,424.8,24,497.375,0.73,Moderate,FMS_MARITIME,2026-04-06
2023-11-08,27,LNG,55.6,13.3,319.2,24,542.4135,0.76,Rough,FMS_MARITIME,2026-04-06
2023-11-09,27,LNG,79.69,12.9,309.6,24,801.5331,0.78,Rough,FMS_MARITIME,2026-04-06
2023-11-10,27,MGO,81.18,17.0,408.0,24,619.5944,0.43,Moderate,FMS_MARITIME,2026-04-06
2023-11-11,27,VLSFO,47.58,17.1,410.4,24,361.0237,0.96,Moderate,FMS_MARITIME,2026-04-06
2023-11-12,27,VLSFO,53.75,17.4,417.6,24,400.8082,0.46,Moderate,FMS_MARITIME,2026-04-06
2023-11-13,27,HFO,36.87,13.1,314.4,24,365.1819,0.63,Moderate,FMS_MARITIME,2026-04-06
2023-11-14,27,LNG,69.45,16.9,405.6,24,533.2034,0.48,Rough,FMS_MARITIME,2026-04-06
2023-11-15,27,VLSFO,23.3,11.2,268.8,24,269.9263,0.43,Calm,FMS_MARITIME,2026-04-06
2023-11-16,27,LSMGO,78.02,14.0,336.0,24,723.0782,0.56,Moderate,FMS_MARITIME,2026-04-06
2023-11-17,27,HFO,38.86,13.9,333.6,24,362.7399,0.42,Calm,FMS_MARITIME,2026-04-06
2023-11-18,27,LNG,68.97,16.6,398.4,24,539.0878,0.96,Rough,FMS_MARITIME,2026-04-06
2023-11-19,27,LSMGO,55.42,16.5,396.0,24,435.8027,0.91,Moderate,FMS_MARITIME,2026-04-06
2023-11-20,27,LSMGO,46.31,13.5,324.0,24,445.0906,0.43,Moderate,FMS_MARITIME,2026-04-06
2023-11-21,27,MGO,65.28,14.4,345.6,24,588.2,0.58,Calm,FMS_MARITIME,2026-04-06
2023-11-22,27,LNG,42.91,9.0,216.0,24,618.6192,0.85,Moderate,FMS_MARITIME,2026-04-06
2023-11-23,27,MGO,48.47,8.8,211.2,24,714.6571,0.46,Calm,FMS_MARITIME,2026-04-06
2023-11-24,27,LNG,22.52,8.5,204.0,24,343.7612,0.8,Calm,FMS_MARITIME,2026-04-06
2023-11-25,27,MGO,47.1,15.4,369.6,24,396.8328,0.91,Moderate,FMS_MARITIME,2026-04-06
2023-11-26,27,HFO,20.03,17.6,422.4,24,147.6643,0.72,Moderate,FMS_MARITIME,2026-04-06
2023-11-27,27,VLSFO,30.09,11.6,278.4,24,336.567,0.72,Rough,FMS_MARITIME,2026-04-06
2023-11-28,27,LSMGO,36.39,9.9,237.6,24,476.9295,0.44,Rough,FMS_MARITIME,2026-04-06
2023-11-28,27,HFO,23.67,15.4,369.6,24,199.4274,0.52,Rough,FMS_MARITIME,2026-04-06
2023-11-28,27,LSMGO,56.85,16.9,405.6,24,436.4667,0.89,Moderate,FMS_MARITIME,2026-04-06
2023-11-01,28,MGO,73.84,13.8,331.2,24,694.2565,0.8,Calm,FMS_MARITIME,2026-04-06
2023-11-02,28,LNG,23.83,16.9,405.6,24,182.9552,0.89,Calm,FMS_MARITIME,2026-04-06
2023-11-03,28,HFO,49.81,14.5,348.0,24,445.7136,0.81,Moderate,FMS_MARITIME,2026-04-06
2023-11-04,28,MGO,33.41,10.5,252.0,24,412.8521,0.86,Rough,FMS_MARITIME,2026-04-06
2023-11-05,28,VLSFO,48.89,15.0,360.0,24,422.8985,0.52,Calm,FMS_MARITIME,2026-04-06
2023-11-06,28,MGO,34.79,16.3,391.2,24,276.9327,0.57,Rough,FMS_MARITIME,2026-04-06
2023-11-07,28,LNG,21.77,8.1,194.4,24,348.7231,0.5,Moderate,FMS_MARITIME,2026-04-06
2023-11-08,28,LNG,33.77,9.9,237.6,24,442.5917,0.74,Rough,FMS_MARITIME,2026-04-06
2023-11-09,28,HFO,31.38,16.5,396.0,24,246.7609,0.72,Rough,FMS_MARITIME,2026-04-06
2023-11-10,28,VLSFO,24.32,9.0,216.0,24,350.6133,0.59,Rough,FMS_MARITIME,2026-04-06
2023-11-11,28,LNG,55.13,11.6,278.4,24,616.6481,0.48,Calm,FMS_MARITIME,2026-04-06
2023-11-12,28,LNG,48.4,16.3,391.2,24,385.2699,0.98,Calm,FMS_MARITIME,2026-04-06
2023-11-13,28,LSMGO,73.94,11.3,271.2,24,849.0013,0.95,Rough,FMS_MARITIME,2026-04-06
2023-11-14,28,HFO,41.76,15.3,367.2,24,354.1412,0.99,Rough,FMS_MARITIME,2026-04-06
2023-11-15,28,VLSFO,84.71,11.9,285.6,24,923.6237,0.66,Calm,FMS_MARITIME,2026-04-06
2023-11-16,28,VLSFO,63.87,15.4,369.6,24,538.1255,0.99,Rough,FMS_MARITIME,2026-04-06
2023-11-17,28,MGO,45.1,9.0,216.0,24,650.1917,0.6,Moderate,FMS_MARITIME,2026-04-06
2023-11-18,28,LSMGO,68.58,16.7,400.8,24,532.8296,0.88,Rough,FMS_MARITIME,2026-04-06
2023-11-19,28,MGO,61.38,8.8,211.2,24,905.0062,0.77,Moderate,FMS_MARITIME,2026-04-06
2023-11-20,28,MGO,64.73,14.0,336.0,24,599.9084,0.45,Moderate,FMS_MARITIME,2026-04-06
2023-11-21,28,VLSFO,67.07,10.1,242.4,24,861.6171,0.79,Rough,FMS_MARITIME,2026-04-06
2023-11-22,28,VLSFO,20.93,14.8,355.2,24,183.491,0.77,Moderate,FMS_MARITIME,2026-04-06
2023-11-23,28,LSMGO,62.43,8.4,201.6,24,964.3205,0.77,Moderate,FMS_MARITIME,2026-04-06
2023-11-24,28,VLSFO,54.88,14.3,343.2,24,497.9497,0.92,Calm,FMS_MARITIME,2026-04-06
2023-11-25,28,LSMGO,81.3,8.4,201.6,24,1255.7946,0.73,Rough,FMS_MARITIME,2026-04-06
2023-11-26,28,LSMGO,62.18,14.2,340.8,24,568.1588,0.69,Moderate,FMS_MARITIME,2026-04-06
2023-11-27,28,MGO,52.65,9.4,225.6,24,726.738,0.67,Moderate,FMS_MARITIME,2026-04-06
2023-11-28,28,LSMGO,41.27,16.2,388.8,24,330.5421,0.87,Rough,FMS_MARITIME,2026-04-06
2023-11-28,28,VLSFO,63.48,9.5,228.0,24,867.0032,0.59,Calm,FMS_MARITIME,2026-04-06
2023-11-28,28,VLSFO,69.96,10.6,254.4,24,856.35,0.67,Rough,FMS_MARITIME,2026-04-06
2023-11-01,29,LNG,40.02,15.5,372.0,24,335.0061,0.82,Rough,FMS_MARITIME,2026-04-06
2023-11-02,29,LNG,79.51,12.7,304.8,24,812.3167,0.54,Moderate,FMS_MARITIME,2026-04-06
2023-11-03,29,HFO,74.28,12.6,302.4,24,764.9071,0.57,Calm,FMS_MARITIME,2026-04-06
2023-11-04,29,LNG,72.55,12.4,297.6,24,759.1421,0.63,Calm,FMS_MARITIME,2026-04-06
2023-11-05,29,HFO,41.8,15.1,362.4,24,359.1755,0.99,Rough,FMS_MARITIME,2026-04-06
2023-11-06,29,MGO,23.17,14.0,336.0,24,214.7362,0.85,Rough,FMS_MARITIME,2026-04-06
2023-11-07,29,LSMGO,62.69,14.6,350.4,24,557.1252,0.41,Calm,FMS_MARITIME,2026-04-06
2023-11-08,29,HFO,15.26,15.6,374.4,24,126.9221,0.47,Calm,FMS_MARITIME,2026-04-06
2023-11-09,29,HFO,83.61,10.2,244.8,24,1063.5684,0.43,Rough,FMS_MARITIME,2026-04-06
2023-11-10,29,LNG,83.51,14.0,336.0,24,773.9587,0.89,Rough,FMS_MARITIME,2026-04-06
2023-11-11,29,VLSFO,30.86,14.5,348.0,24,276.1438,0.76,Rough,FMS_MARITIME,2026-04-06
2023-11-12,29,MGO,66.96,12.9,309.6,24,673.493,0.51,Moderate,FMS_MARITIME,2026-04-06
2023-11-13,29,LSMGO,58.13,16.2,388.8,24,465.5782,0.51,Moderate,FMS_MARITIME,2026-04-06
2023-11-14,29,LNG,70.31,9.2,220.8,24,991.6003,0.63,Calm,FMS_MARITIME,2026-04-06
2023-11-15,29,HFO,49.59,8.7,208.8,24,739.575,0.59,Calm,FMS_MARITIME,2026-04-06
2023-11-16,29,LNG,20.36,8.4,201.6,24,314.4893,0.42,Calm,FMS_MARITIME,2026-04-06
2023-11-17,29,VLSFO,32.04,11.0,264.0,24,377.9264,0.94,Calm,FMS_MARITIME,2026-04-06
2023-11-18,29,LSMGO,73.45,15.2,364.8,24,626.9827,0.48,Calm,FMS_MARITIME,2026-04-06
2023-11-19,29,LNG,75.43,11.4,273.6,24,858.5125,0.46,Rough,FMS_MARITIME,2026-04-06
2023-11-20,29,VLSFO,50.43,11.4,273.6,24,573.973,0.79,Moderate,FMS_MARITIME,2026-04-06
2023-11-21,29,LSMGO,25.38,15.6,374.4,24,211.0933,0.83,Moderate,FMS_MARITIME,2026-04-06
2023-11-22,29,MGO,26.89,16.4,393.6,24,212.7425,0.67,Rough,FMS_MARITIME,2026-04-06
2023-11-23,29,MGO,40.65,15.3,367.2,24,344.7279,0.7,Rough,FMS_MARITIME,2026-04-06
2023-11-24,29,VLSFO,44.24,11.3,271.2,24,507.977,0.91,Calm,FMS_MARITIME,2026-04-06
2023-11-25,29,MGO,76.45,15.4,369.6,24,644.1161,0.98,Calm,FMS_MARITIME,2026-04-06
2023-11-26,29,MGO,62.95,8.6,206.4,24,949.7398,0.99,Rough,FMS_MARITIME,2026-04-06
2023-11-27,29,LNG,37.81,17.9,429.6,24,274.0697,0.69,Calm,FMS_MARITIME,2026-04-06
2023-11-28,29,MGO,76.93,15.7,376.8,24,635.775,0.7,Calm,FMS_MARITIME,2026-04-06
2023-11-28,29,LNG,22.93,8.0,192.0,24,371.8959,0.91,Moderate,FMS_MARITIME,2026-04-06
2023-11-28,29,MGO,53.61,13.5,324.0,24,515.2517,0.43,Rough,FMS_MARITIME,2026-04-06
2023-11-01,30,LSMGO,59.54,17.2,412.8,24,449.1462,0.56,Moderate,FMS_MARITIME,2026-04-06
2023-11-02,30,LNG,32.0,10.4,249.6,24,399.2308,0.52,Rough,FMS_MARITIME,2026-04-06
2023-11-03,30,MGO,20.18,10.0,240.0,24,261.8355,0.83,Moderate,FMS_MARITIME,2026-04-06
2023-11-04,30,LSMGO,18.68,16.8,403.2,24,144.2696,0.57,Rough,FMS_MARITIME,2026-04-06
2023-11-05,30,LNG,25.16,12.5,300.0,24,261.1608,0.59,Moderate,FMS_MARITIME,2026-04-06
2023-11-06,30,VLSFO,17.24,10.8,259.2,24,207.1194,0.98,Moderate,FMS_MARITIME,2026-04-06
2023-11-07,30,MGO,25.5,8.5,204.0,24,389.25,0.83,Moderate,FMS_MARITIME,2026-04-06
2023-11-08,30,VLSFO,37.6,15.1,362.4,24,323.0861,0.42,Moderate,FMS_MARITIME,2026-04-06
2023-11-09,30,LNG,16.22,9.0,216.0,24,233.8383,0.54,Calm,FMS_MARITIME,2026-04-06
2023-11-10,30,MGO,70.04,16.6,398.4,24,547.4512,0.84,Calm,FMS_MARITIME,2026-04-06
2023-11-11,30,MGO,40.28,17.8,427.2,24,293.614,0.93,Moderate,FMS_MARITIME,2026-04-06
2023-11-12,30,LSMGO,42.37,9.3,223.2,24,591.1298,0.66,Moderate,FMS_MARITIME,2026-04-06
2023-11-13,30,HFO,71.09,11.8,283.2,24,781.6888,0.85,Moderate,FMS_MARITIME,2026-04-06
2023-11-14,30,VLSFO,62.36,12.9,309.6,24,627.2256,0.74,Moderate,FMS_MARITIME,2026-04-06
2023-11-15,30,LSMGO,45.58,8.4,201.6,24,704.0482,0.42,Rough,FMS_MARITIME,2026-04-06
2023-11-16,30,HFO,59.89,12.9,309.6,24,602.382,0.77,Calm,FMS_MARITIME,2026-04-06
2023-11-17,30,HFO,80.18,14.4,345.6,24,722.4552,0.75,Moderate,FMS_MARITIME,2026-04-06
2023-11-18,30,VLSFO,62.22,16.3,391.2,24,495.2788,0.46,Moderate,FMS_MARITIME,2026-04-06
2023-11-19,30,VLSFO,50.26,16.6,398.4,24,392.8455,0.91,Calm,FMS_MARITIME,2026-04-06
2023-11-20,30,MGO,47.47,8.6,206.4,24,716.1898,0.76,Moderate,FMS_MARITIME,2026-04-06
2023-11-21,30,HFO,57.4,12.4,297.6,24,600.6169,0.43,Rough,FMS_MARITIME,2026-04-06
2023-11-22,30,HFO,25.65,14.4,345.6,24,231.1172,0.6,Moderate,FMS_MARITIME,2026-04-06
2023-11-23,30,MGO,30.7,17.3,415.2,24,230.25,0.57,Calm,FMS_MARITIME,2026-04-06
2023-11-24,30,VLSFO,37.35,13.0,312.0,24,372.7817,0.92,Moderate,FMS_MARITIME,2026-04-06
2023-11-25,30,HFO,30.13,12.6,302.4,24,310.2673,0.63,Calm,FMS_MARITIME,2026-04-06
2023-11-26,30,HFO,43.29,8.9,213.6,24,631.1098,0.81,Rough,FMS_MARITIME,2026-04-06
2023-11-27,30,MGO,61.9,14.5,348.0,24,553.8983,0.75,Rough,FMS_MARITIME,2026-04-06
2023-11-28,30,MGO,75.98,13.0,312.0,24,758.3388,0.97,Rough,FMS_MARITIME,2026-04-06
2023-11-28,30,HFO,54.74,10.5,252.0,24,676.43,0.53,Rough,FMS_MARITIME,2026-04-06
2023-11-28,30,LSMGO,19.92,13.1,314.4,24,197.2992,0.59,Moderate,FMS_MARITIME,2026-04-06
2023-11-01,31,LSMGO,42.65,13.7,328.8,24,403.9297,0.65,Calm,FMS_MARITIME,2026-04-06
2023-11-02,31,LNG,70.57,10.9,261.6,24,840.042,0.94,Calm,FMS_MARITIME,2026-04-06
2023-11-03,31,HFO,76.12,11.2,268.8,24,881.8366,0.42,Calm,FMS_MARITIME,2026-04-06
2023-11-04,31,LSMGO,28.67,14.9,357.6,24,249.6599,0.85,Calm,FMS_MARITIME,2026-04-06
2023-11-05,31,VLSFO,57.89,13.8,331.2,24,544.2918,0.82,Rough,FMS_MARITIME,2026-04-06
2023-11-06,31,LSMGO,34.53,14.3,343.2,24,313.3054,0.85,Calm,FMS_MARITIME,2026-04-06
2023-11-07,31,HFO,63.5,14.5,348.0,24,568.2155,0.89,Rough,FMS_MARITIME,2026-04-06
2023-11-08,31,MGO,60.77,14.1,338.4,24,559.2133,0.6,Calm,FMS_MARITIME,2026-04-06
2023-11-09,31,LNG,52.15,9.0,216.0,24,751.8292,0.81,Rough,FMS_MARITIME,2026-04-06
2023-11-10,31,LSMGO,60.42,12.8,307.2,24,612.4605,0.47,Moderate,FMS_MARITIME,2026-04-06
2023-11-11,31,LNG,59.9,13.2,316.8,24,588.7898,0.85,Calm,FMS_MARITIME,2026-04-06
2023-11-12,31,MGO,44.77,16.4,393.6,24,354.2017,0.45,Calm,FMS_MARITIME,2026-04-06
2023-11-13,31,VLSFO,59.31,14.1,338.4,24,545.7782,0.66,Calm,FMS_MARITIME,2026-04-06
2023-11-14,31,VLSFO,61.43,17.6,422.4,24,452.8717,0.79,Moderate,FMS_MARITIME,2026-04-06
2023-11-15,31,VLSFO,74.13,16.6,398.4,24,579.4197,0.93,Moderate,FMS_MARITIME,2026-04-06
2023-11-16,31,MGO,34.62,10.1,242.4,24,444.747,0.74,Calm,FMS_MARITIME,2026-04-06
2023-11-17,31,LNG,52.72,15.0,360.0,24,456.028,0.57,Rough,FMS_MARITIME,2026-04-06
2023-11-18,31,VLSFO,52.97,11.8,283.2,24,582.4456,0.94,Calm,FMS_MARITIME,2026-04-06
2023-11-19,31,LSMGO,49.97,11.1,266.4,24,584.1088,0.66,Moderate,FMS_MARITIME,2026-04-06
2023-11-20,31,VLSFO,69.18,15.2,364.8,24,590.5332,0.5,Moderate,FMS_MARITIME,2026-04-06
2023-11-21,31,MGO,72.8,13.4,321.6,24,704.9104,0.85,Moderate,FMS_MARITIME,2026-04-06
2023-11-22,31,HFO,80.73,11.4,273.6,24,918.8349,0.7,Rough,FMS_MARITIME,2026-04-06
2023-11-23,31,HFO,59.67,17.0,408.0,24,455.4225,0.74,Calm,FMS_MARITIME,2026-04-06
2023-11-24,31,LNG,21.16,8.9,213.6,24,308.4843,0.75,Moderate,FMS_MARITIME,2026-04-06
2023-11-25,31,MGO,33.62,12.4,297.6,24,351.7899,0.64,Calm,FMS_MARITIME,2026-04-06
2023-11-26,31,LNG,32.96,10.9,261.6,24,392.345,0.75,Calm,FMS_MARITIME,2026-04-06
2023-11-27,31,MGO,84.58,10.7,256.8,24,1025.6313,0.84,Moderate,FMS_MARITIME,2026-04-06
2023-11-28,31,LSMGO,79.64,15.4,369.6,24,670.9929,0.77,Moderate,FMS_MARITIME,2026-04-06
2023-11-28,31,LNG,58.47,15.1,362.4,24,502.4161,0.73,Moderate,FMS_MARITIME,2026-04-06
2023-11-28,31,LNG,84.11,12.7,304.8,24,859.3128,0.7,Calm,FMS_MARITIME,2026-04-06
2023-11-01,32,MGO,25.08,11.7,280.8,24,278.1308,0.75,Rough,FMS_MARITIME,2026-04-06
2023-11-02,32,VLSFO,24.0,10.7,256.8,24,291.028,0.52,Rough,FMS_MARITIME,2026-04-06
2023-11-03,32,VLSFO,56.76,14.3,343.2,24,515.0077,0.7,Moderate,FMS_MARITIME,2026-04-06
2023-11-04,32,VLSFO,30.21,11.1,266.4,24,353.1304,0.92,Calm,FMS_MARITIME,2026-04-06
2023-11-05,32,VLSFO,51.28,14.3,343.2,24,465.2853,0.55,Moderate,FMS_MARITIME,2026-04-06
2023-11-06,32,MGO,69.09,15.1,362.4,24,593.6707,0.69,Moderate,FMS_MARITIME,2026-04-06
2023-11-07,32,HFO,80.57,13.9,333.6,24,752.0833,0.56,Moderate,FMS_MARITIME,2026-04-06
2023-11-08,32,VLSFO,36.57,11.6,278.4,24,409.0481,0.92,Rough,FMS_MARITIME,2026-04-06
2023-11-09,32,VLSFO,15.73,13.9,333.6,24,146.8322,0.54,Calm,FMS_MARITIME,2026-04-06
2023-11-10,32,MGO,30.62,12.6,302.4,24,315.3131,1.0,Rough,FMS_MARITIME,2026-04-06
2023-11-11,32,HFO,18.45,11.8,283.2,24,202.8718,0.57,Calm,FMS_MARITIME,2026-04-06
2023-11-12,32,LSMGO,37.0,11.9,285.6,24,403.4244,0.74,Calm,FMS_MARITIME,2026-04-06
2023-11-13,32,HFO,34.16,11.3,271.2,24,392.2354,0.96,Rough,FMS_MARITIME,2026-04-06
2023-11-14,32,LNG,33.8,17.7,424.8,24,247.7712,0.48,Moderate,FMS_MARITIME,2026-04-06
2023-11-15,32,MGO,76.01,17.9,429.6,24,550.9663,0.82,Calm,FMS_MARITIME,2026-04-06
2023-11-16,32,HFO,36.09,11.2,268.8,24,418.0962,0.8,Moderate,FMS_MARITIME,2026-04-06
2023-11-17,32,MGO,66.12,17.2,412.8,24,498.7831,0.65,Rough,FMS_MARITIME,2026-04-06
2023-11-18,32,VLSFO,36.24,11.9,285.6,24,395.1378,0.48,Rough,FMS_MARITIME,2026-04-06
2023-11-19,32,LNG,74.76,11.3,271.2,24,858.4168,0.92,Calm,FMS_MARITIME,2026-04-06
2023-11-20,32,LSMGO,37.48,9.2,220.8,24,528.5902,0.98,Moderate,FMS_MARITIME,2026-04-06
2023-11-21,32,MGO,56.88,16.2,388.8,24,455.5667,0.96,Moderate,FMS_MARITIME,2026-04-06
2023-11-22,32,MGO,46.63,12.9,309.6,24,469.011,0.65,Moderate,FMS_MARITIME,2026-04-06
2023-11-23,32,LNG,72.87,15.0,360.0,24,630.3255,0.91,Moderate,FMS_MARITIME,2026-04-06
2023-11-24,32,VLSFO,79.08,14.7,352.8,24,698.002,0.75,Rough,FMS_MARITIME,2026-04-06
2023-11-25,32,LSMGO,73.55,16.9,405.6,24,564.6812,0.95,Moderate,FMS_MARITIME,2026-04-06
2023-11-26,32,MGO,75.71,10.4,249.6,24,944.555,0.84,Calm,FMS_MARITIME,2026-04-06
2023-11-27,32,VLSFO,69.63,10.1,242.4,24,894.5042,0.99,Rough,FMS_MARITIME,2026-04-06
2023-11-28,32,VLSFO,41.48,17.4,417.6,24,309.3121,0.65,Moderate,FMS_MARITIME,2026-04-06
2023-11-28,32,MGO,75.25,9.4,225.6,24,1038.6902,0.86,Moderate,FMS_MARITIME,2026-04-06
2023-11-28,32,HFO,51.54,13.5,324.0,24,495.3567,0.72,Moderate,FMS_MARITIME,2026-04-06
2023-11-01,33,LNG,66.96,16.6,398.4,24,523.3771,0.89,Calm,FMS_MARITIME,2026-04-06
2023-11-02,33,MGO,76.91,17.2,412.8,24,580.1786,0.79,Rough,FMS_MARITIME,2026-04-06
2023-11-03,33,LNG,19.58,15.2,364.8,24,167.1385,0.41,Rough,FMS_MARITIME,2026-04-06
2023-11-04,33,LSMGO,22.76,11.1,266.4,24,266.0459,0.78,Moderate,FMS_MARITIME,2026-04-06
2023-11-05,33,HFO,20.31,11.2,268.8,24,235.2877,0.55,Rough,FMS_MARITIME,2026-04-06
2023-11-06,33,MGO,57.02,14.9,357.6,24,496.5332,0.91,Rough,FMS_MARITIME,2026-04-06
2023-11-07,33,LSMGO,57.83,11.5,276.0,24,652.4733,0.49,Rough,FMS_MARITIME,2026-04-06
2023-11-08,33,VLSFO,82.78,16.5,396.0,24,650.9518,0.45,Moderate,FMS_MARITIME,2026-04-06
2023-11-09,33,VLSFO,33.97,14.6,350.4,24,301.8909,0.71,Rough,FMS_MARITIME,2026-04-06
2023-11-10,33,LSMGO,20.31,15.1,362.4,24,174.518,0.71,Moderate,FMS_MARITIME,2026-04-06
2023-11-11,33,HFO,74.92,10.6,254.4,24,917.0632,0.95,Calm,FMS_MARITIME,2026-04-06
2023-11-12,33,MGO,72.76,12.2,292.8,24,773.8205,0.99,Rough,FMS_MARITIME,2026-04-06
2023-11-13,33,VLSFO,41.41,8.9,213.6,24,603.702,0.94,Calm,FMS_MARITIME,2026-04-06
2023-11-14,33,MGO,63.04,15.9,381.6,24,514.4302,0.8,Rough,FMS_MARITIME,2026-04-06
2023-11-15,33,HFO,35.85,17.3,415.2,24,268.875,0.98,Calm,FMS_MARITIME,2026-04-06
2023-11-16,33,LNG,36.21,10.7,256.8,24,439.0886,0.48,Moderate,FMS_MARITIME,2026-04-06
2023-11-17,33,MGO,44.9,10.2,244.8,24,571.1544,0.41,Rough,FMS_MARITIME,2026-04-06
2023-11-18,33,HFO,80.58,15.8,379.2,24,661.725,0.7,Calm,FMS_MARITIME,2026-04-06
2023-11-19,33,MGO,47.3,16.9,405.6,24,363.1464,0.6,Moderate,FMS_MARITIME,2026-04-06
2023-11-20,33,HFO,61.99,13.6,326.4,24,591.4119,0.41,Rough,FMS_MARITIME,2026-04-06
2023-11-21,33,LNG,84.32,16.7,400.8,24,655.121,0.61,Moderate,FMS_MARITIME,2026-04-06
2023-11-22,33,LSMGO,45.27,13.0,312.0,24,451.8294,0.68,Calm,FMS_MARITIME,2026-04-06
2023-11-23,33,HFO,59.35,14.7,352.8,24,523.8546,0.65,Rough,FMS_MARITIME,2026-04-06
2023-11-24,33,VLSFO,50.47,13.2,316.8,24,496.0972,0.41,Rough,FMS_MARITIME,2026-04-06
2023-11-25,33,LSMGO,66.77,17.5,420.0,24,495.0519,0.78,Rough,FMS_MARITIME,2026-04-06
2023-11-26,33,LNG,48.1,13.2,316.8,24,472.8011,0.53,Rough,FMS_MARITIME,2026-04-06
2023-11-27,33,HFO,59.49,13.3,319.2,24,580.363,0.55,Moderate,FMS_MARITIME,2026-04-06
2023-11-28,33,LNG,38.39,12.6,302.4,24,395.3256,0.66,Moderate,FMS_MARITIME,2026-04-06
2023-11-28,33,HFO,71.85,13.5,324.0,24,690.5583,0.79,Rough,FMS_MARITIME,2026-04-06
2023-11-28,33,HFO,56.66,16.2,388.8,24,453.8046,0.78,Moderate,FMS_MARITIME,2026-04-06
2023-11-01,34,LNG,58.34,12.8,307.2,24,591.3762,0.43,Rough,FMS_MARITIME,2026-04-06
2023-11-02,34,MGO,68.81,8.0,192.0,24,1116.0122,0.49,Moderate,FMS_MARITIME,2026-04-06
2023-11-03,34,MGO,42.02,10.9,261.6,24,500.1922,0.59,Rough,FMS_MARITIME,2026-04-06
2023-11-04,34,VLSFO,56.72,12.1,290.4,24,608.2165,0.49,Calm,FMS_MARITIME,2026-04-06
2023-11-05,34,LSMGO,19.05,10.1,242.4,24,244.7265,0.75,Rough,FMS_MARITIME,2026-04-06
2023-11-06,34,VLSFO,47.09,9.6,230.4,24,636.4508,0.46,Rough,FMS_MARITIME,2026-04-06
2023-11-07,34,LSMGO,82.84,13.0,312.0,24,826.8069,0.96,Moderate,FMS_MARITIME,2026-04-06
2023-11-08,34,MGO,32.21,15.1,362.4,24,276.7714,0.62,Calm,FMS_MARITIME,2026-04-06
2023-11-09,34,MGO,47.8,15.0,360.0,24,413.47,0.76,Calm,FMS_MARITIME,2026-04-06
2023-11-10,34,VLSFO,59.89,8.7,208.8,24,893.1871,0.81,Calm,FMS_MARITIME,2026-04-06
2023-11-11,34,LSMGO,67.26,16.4,393.6,24,532.1332,0.73,Calm,FMS_MARITIME,2026-04-06
2023-11-12,34,HFO,43.53,14.3,343.2,24,394.9663,0.52,Calm,FMS_MARITIME,2026-04-06
2023-11-13,34,MGO,41.62,9.1,218.4,24,593.428,0.67,Rough,FMS_MARITIME,2026-04-06
2023-11-14,34,VLSFO,40.46,11.7,280.8,24,448.691,0.81,Rough,FMS_MARITIME,2026-04-06
2023-11-15,34,LSMGO,53.94,14.3,343.2,24,489.4206,0.88,Calm,FMS_MARITIME,2026-04-06
2023-11-16,34,HFO,27.97,8.8,211.2,24,412.3986,0.92,Rough,FMS_MARITIME,2026-04-06
2023-11-17,34,LSMGO,26.19,9.5,228.0,24,357.7003,0.43,Rough,FMS_MARITIME,2026-04-06
2023-11-18,34,HFO,80.76,12.6,302.4,24,831.6357,0.75,Calm,FMS_MARITIME,2026-04-06
2023-11-19,34,HFO,81.06,14.5,348.0,24,725.3472,0.44,Calm,FMS_MARITIME,2026-04-06
2023-11-20,34,LNG,37.33,17.8,427.2,24,272.1105,0.57,Moderate,FMS_MARITIME,2026-04-06
2023-11-21,34,LSMGO,79.66,13.1,314.4,24,788.9989,0.68,Moderate,FMS_MARITIME,2026-04-06
2023-11-22,34,MGO,41.89,9.8,235.2,24,554.6151,0.65,Calm,FMS_MARITIME,2026-04-06
2023-11-23,34,LSMGO,30.36,14.1,338.4,24,279.3766,0.73,Rough,FMS_MARITIME,2026-04-06
2023-11-24,34,MGO,19.7,8.9,213.6,24,287.1994,0.52,Rough,FMS_MARITIME,2026-04-06
2023-11-25,34,LNG,72.73,12.5,300.0,24,754.9374,0.98,Rough,FMS_MARITIME,2026-04-06
2023-11-26,34,VLSFO,41.05,14.4,345.6,24,369.8776,0.78,Calm,FMS_MARITIME,2026-04-06
2023-11-27,34,MGO,37.94,8.9,213.6,24,553.114,0.61,Moderate,FMS_MARITIME,2026-04-06
2023-11-28,34,VLSFO,55.69,10.9,261.6,24,662.9154,0.62,Rough,FMS_MARITIME,2026-04-06
2023-11-28,34,LSMGO,30.2,17.0,408.0,24,230.4971,0.71,Rough,FMS_MARITIME,2026-04-06
2023-11-28,34,LNG,73.17,8.6,206.4,24,1103.9311,0.61,Rough,FMS_MARITIME,2026-04-06
2023-11-01,35,HFO,38.79,11.3,271.2,24,445.3985,0.68,Calm,FMS_MARITIME,2026-04-06
2023-11-02,35,HFO,31.12,13.8,331.2,24,292.5957,0.91,Rough,FMS_MARITIME,2026-04-06
2023-11-03,35,VLSFO,46.7,11.5,276.0,24,526.8978,0.84,Moderate,FMS_MARITIME,2026-04-06
2023-11-04,35,VLSFO,56.0,17.5,420.0,24,415.2,0.52,Rough,FMS_MARITIME,2026-04-06
2023-11-05,35,VLSFO,21.05,15.5,372.0,24,176.2089,0.75,Rough,FMS_MARITIME,2026-04-06
2023-11-06,35,MGO,75.05,15.2,364.8,24,640.6406,0.5,Calm,FMS_MARITIME,2026-04-06
2023-11-07,35,HFO,69.39,11.7,280.8,24,769.5173,0.94,Moderate,FMS_MARITIME,2026-04-06
2023-11-08,35,LSMGO,67.21,17.0,408.0,24,512.9704,0.53,Moderate,FMS_MARITIME,2026-04-06
2023-11-09,35,MGO,24.96,11.6,278.4,24,279.1862,0.45,Rough,FMS_MARITIME,2026-04-06
2023-11-10,35,LSMGO,56.55,13.0,312.0,24,564.4125,0.63,Rough,FMS_MARITIME,2026-04-06
2023-11-11,35,LNG,46.71,16.3,391.2,24,371.8173,0.44,Calm,FMS_MARITIME,2026-04-06
2023-11-12,35,MGO,43.89,15.1,362.4,24,377.1343,0.7,Rough,FMS_MARITIME,2026-04-06
2023-11-13,35,MGO,27.64,14.8,355.2,24,242.3169,0.94,Calm,FMS_MARITIME,2026-04-06
2023-11-14,35,HFO,77.27,13.6,326.4,24,737.1899,0.99,Moderate,FMS_MARITIME,2026-04-06
2023-11-15,35,LSMGO,39.05,11.0,264.0,24,460.6125,0.49,Rough,FMS_MARITIME,2026-04-06
2023-11-16,35,LSMGO,31.9,10.6,254.4,24,390.4741,0.52,Moderate,FMS_MARITIME,2026-04-06
2023-11-17,35,VLSFO,27.72,14.2,340.8,24,253.2866,0.66,Moderate,FMS_MARITIME,2026-04-06
2023-11-18,35,LNG,76.15,12.1,290.4,24,816.5671,0.54,Calm,FMS_MARITIME,2026-04-06
2023-11-19,35,MGO,74.28,8.5,204.0,24,1133.8624,0.82,Calm,FMS_MARITIME,2026-04-06
2023-11-20,35,LNG,68.1,16.5,396.0,24,535.5136,0.83,Calm,FMS_MARITIME,2026-04-06
2023-11-21,35,HFO,73.23,13.7,328.8,24,693.5469,0.7,Rough,FMS_MARITIME,2026-04-06
2023-11-22,35,LSMGO,59.36,14.0,336.0,24,550.14,0.84,Rough,FMS_MARITIME,2026-04-06
2023-11-23,35,LNG,43.11,9.9,237.6,24,565.0023,0.66,Moderate,FMS_MARITIME,2026-04-06
2023-11-24,35,HFO,39.0,10.0,240.0,24,506.025,0.82,Calm,FMS_MARITIME,2026-04-06
2023-11-25,35,LSMGO,78.77,10.7,256.8,24,955.1783,0.91,Calm,FMS_MARITIME,2026-04-06
2023-11-26,35,MGO,63.43,16.1,386.4,24,511.1828,0.94,Moderate,FMS_MARITIME,2026-04-06
2023-11-27,35,LSMGO,58.93,10.9,261.6,24,701.4833,0.86,Rough,FMS_MARITIME,2026-04-06
2023-11-28,35,LSMGO,19.94,10.1,242.4,24,256.1599,0.69,Calm,FMS_MARITIME,2026-04-06
2023-11-28,35,HFO,45.0,15.3,367.2,24,381.6176,0.91,Rough,FMS_MARITIME,2026-04-06
2023-11-28,35,LNG,42.41,14.3,343.2,24,384.804,0.52,Calm,FMS_MARITIME,2026-04-06
2023-11-01,36,LSMGO,27.24,16.2,388.8,24,218.1722,0.69,Moderate,FMS_MARITIME,2026-04-06
2023-11-02,36,LSMGO,42.49,13.9,333.6,24,396.6243,0.42,Calm,FMS_MARITIME,2026-04-06
2023-11-03,36,MGO,23.34,13.0,312.0,24,232.9512,1.0,Moderate,FMS_MARITIME,2026-04-06
2023-11-04,36,VLSFO,22.86,9.3,223.2,24,318.9339,0.52,Rough,FMS_MARITIME,2026-04-06
2023-11-05,36,LSMGO,71.31,14.0,336.0,24,660.8909,0.5,Calm,FMS_MARITIME,2026-04-06
2023-11-06,36,LSMGO,70.95,9.5,228.0,24,969.0276,0.82,Calm,FMS_MARITIME,2026-04-06
2023-11-07,36,LSMGO,25.93,17.2,412.8,24,195.6057,0.74,Moderate,FMS_MARITIME,2026-04-06
2023-11-08,36,HFO,16.98,8.5,204.0,24,259.1947,0.58,Calm,FMS_MARITIME,2026-04-06
2023-11-09,36,HFO,68.69,10.4,249.6,24,856.9738,0.64,Moderate,FMS_MARITIME,2026-04-06
2023-11-10,36,LNG,44.9,9.5,228.0,24,613.2395,0.88,Rough,FMS_MARITIME,2026-04-06
2023-11-11,36,LSMGO,37.5,10.4,249.6,24,467.8486,0.88,Calm,FMS_MARITIME,2026-04-06
2023-11-12,36,HFO,43.76,10.2,244.8,24,556.6529,0.93,Rough,FMS_MARITIME,2026-04-06
2023-11-13,36,MGO,82.48,9.3,223.2,24,1150.729,0.56,Moderate,FMS_MARITIME,2026-04-06
2023-11-14,36,LNG,61.74,12.0,288.0,24,667.5637,0.5,Rough,FMS_MARITIME,2026-04-06
2023-11-15,36,LSMGO,81.15,17.4,417.6,24,605.1272,0.94,Calm,FMS_MARITIME,2026-04-06
2023-11-16,36,HFO,63.04,10.7,256.8,24,764.4336,0.76,Moderate,FMS_MARITIME,2026-04-06
2023-11-17,36,MGO,41.73,8.1,194.4,24,668.4528,0.69,Calm,FMS_MARITIME,2026-04-06
2023-11-18,36,LNG,61.37,12.8,307.2,24,622.0904,0.72,Calm,FMS_MARITIME,2026-04-06
2023-11-19,36,VLSFO,35.2,8.9,213.6,24,513.1685,0.61,Calm,FMS_MARITIME,2026-04-06
2023-11-20,36,LNG,27.49,17.9,429.6,24,199.2641,0.43,Rough,FMS_MARITIME,2026-04-06
2023-11-21,36,VLSFO,47.07,11.6,278.4,24,526.4942,0.96,Rough,FMS_MARITIME,2026-04-06
2023-11-22,36,LSMGO,50.31,16.4,393.6,24,398.0319,0.41,Rough,FMS_MARITIME,2026-04-06
2023-11-23,36,HFO,65.32,11.4,273.6,24,743.4447,0.5,Moderate,FMS_MARITIME,2026-04-06
2023-11-24,36,HFO,65.73,15.9,381.6,24,536.3816,0.58,Rough,FMS_MARITIME,2026-04-06
2023-11-25,36,LNG,51.88,9.2,220.8,24,731.6772,0.5,Calm,FMS_MARITIME,2026-04-06
2023-11-26,36,VLSFO,63.0,13.0,312.0,24,628.7885,0.93,Calm,FMS_MARITIME,2026-04-06
2023-11-27,36,LNG,23.73,9.3,223.2,24,331.0718,0.76,Moderate,FMS_MARITIME,2026-04-06
2023-11-28,36,HFO,54.82,8.8,211.2,24,808.2835,0.56,Rough,FMS_MARITIME,2026-04-06
2023-11-28,36,HFO,70.66,15.8,379.2,24,580.2617,0.96,Moderate,FMS_MARITIME,2026-04-06
2023-11-28,36,MGO,43.05,12.8,307.2,24,436.3857,0.68,Moderate,FMS_MARITIME,2026-04-06
2023-11-01,37,VLSFO,73.96,11.3,271.2,24,849.231,0.74,Rough,FMS_MARITIME,2026-04-06
2023-11-02,37,MGO,20.97,10.2,244.8,24,266.7507,0.72,Moderate,FMS_MARITIME,2026-04-06
2023-11-03,37,VLSFO,26.06,13.7,328.8,24,246.8091,0.9,Moderate,FMS_MARITIME,2026-04-06
2023-11-04,37,MGO,65.22,16.8,403.2,24,503.708,0.87,Moderate,FMS_MARITIME,2026-04-06
2023-11-05,37,HFO,61.61,17.3,415.2,24,462.075,0.77,Moderate,FMS_MARITIME,2026-04-06
2023-11-06,37,LSMGO,20.1,8.1,194.4,24,321.9722,0.84,Calm,FMS_MARITIME,2026-04-06
2023-11-07,37,VLSFO,54.86,16.7,400.8,24,426.2326,0.5,Rough,FMS_MARITIME,2026-04-06
2023-11-08,37,VLSFO,15.64,11.7,280.8,24,173.4436,0.69,Calm,FMS_MARITIME,2026-04-06
2023-11-09,37,VLSFO,73.93,15.3,367.2,24,626.9554,0.99,Calm,FMS_MARITIME,2026-04-06
2023-11-10,37,VLSFO,76.23,12.8,307.2,24,772.7221,0.94,Rough,FMS_MARITIME,2026-04-06
2023-11-11,37,LSMGO,37.36,11.1,266.4,24,436.7081,0.7,Rough,FMS_MARITIME,2026-04-06
2023-11-12,37,MGO,52.83,14.7,352.8,24,466.3056,0.69,Moderate,FMS_MARITIME,2026-04-06
2023-11-13,37,LSMGO,61.27,13.1,314.4,24,606.8536,0.85,Rough,FMS_MARITIME,2026-04-06
2023-11-14,37,VLSFO,60.59,14.0,336.0,24,561.5395,0.46,Rough,FMS_MARITIME,2026-04-06
2023-11-15,37,MGO,73.13,8.5,204.0,24,1116.3079,0.54,Calm,FMS_MARITIME,2026-04-06
2023-11-16,37,LSMGO,31.42,15.2,364.8,24,268.2069,0.85,Calm,FMS_MARITIME,2026-04-06
2023-11-17,37,LNG,66.14,9.4,225.6,24,912.9431,0.85,Calm,FMS_MARITIME,2026-04-06
2023-11-18,37,MGO,54.92,16.7,400.8,24,426.6988,0.88,Rough,FMS_MARITIME,2026-04-06
2023-11-19,37,VLSFO,56.47,12.3,295.2,24,595.6896,0.5,Rough,FMS_MARITIME,2026-04-06
2023-11-20,37,VLSFO,48.91,17.1,410.4,24,371.1154,0.9,Moderate,FMS_MARITIME,2026-04-06
2023-11-21,37,MGO,54.08,12.8,307.2,24,548.1938,0.62,Moderate,FMS_MARITIME,2026-04-06
2023-11-22,37,LSMGO,28.14,10.7,256.8,24,341.2304,0.91,Rough,FMS_MARITIME,2026-04-06
2023-11-23,37,VLSFO,56.89,10.9,261.6,24,677.1998,0.66,Rough,FMS_MARITIME,2026-04-06
2023-11-24,37,MGO,65.65,12.4,297.6,24,686.9425,0.89,Moderate,FMS_MARITIME,2026-04-06
2023-11-25,37,MGO,20.14,14.2,340.8,24,184.0257,0.74,Rough,FMS_MARITIME,2026-04-06
2023-11-26,37,MGO,41.34,13.8,331.2,24,388.6859,0.79,Calm,FMS_MARITIME,2026-04-06
2023-11-27,37,HFO,56.86,9.8,235.2,24,752.8148,0.96,Rough,FMS_MARITIME,2026-04-06
2023-11-28,37,MGO,65.28,17.8,427.2,24,475.8472,0.78,Calm,FMS_MARITIME,2026-04-06
2023-11-28,37,LNG,34.22,10.3,247.2,24,431.0723,0.56,Moderate,FMS_MARITIME,2026-04-06
2023-11-28,37,LSMGO,73.88,15.0,360.0,24,639.062,0.51,Rough,FMS_MARITIME,2026-04-06
2023-11-01,38,VLSFO,77.01,9.8,235.2,24,1019.5967,0.8,Rough,FMS_MARITIME,2026-04-06
2023-11-02,38,VLSFO,33.88,10.1,242.4,24,435.2406,0.55,Rough,FMS_MARITIME,2026-04-06
2023-11-03,38,LSMGO,71.75,13.3,319.2,24,699.9671,0.88,Rough,FMS_MARITIME,2026-04-06
2023-11-04,38,LSMGO,73.44,16.9,405.6,24,563.8367,0.48,Moderate,FMS_MARITIME,2026-04-06
2023-11-05,38,VLSFO,80.43,11.5,276.0,24,907.4602,0.43,Moderate,FMS_MARITIME,2026-04-06
2023-11-06,38,LSMGO,33.36,16.3,391.2,24,265.5497,0.76,Calm,FMS_MARITIME,2026-04-06
2023-11-07,38,MGO,75.59,17.5,420.0,24,560.4459,0.4,Moderate,FMS_MARITIME,2026-04-06
2023-11-08,38,VLSFO,56.69,9.3,223.2,24,790.9169,0.73,Moderate,FMS_MARITIME,2026-04-06
2023-11-09,38,HFO,49.86,8.7,208.8,24,743.6017,0.94,Rough,FMS_MARITIME,2026-04-06
2023-11-10,38,VLSFO,70.58,9.6,230.4,24,953.9328,1.0,Calm,FMS_MARITIME,2026-04-06
2023-11-11,38,MGO,16.77,17.1,410.4,24,127.2461,0.98,Calm,FMS_MARITIME,2026-04-06
2023-11-12,38,HFO,28.6,11.3,271.2,24,328.3938,0.92,Moderate,FMS_MARITIME,2026-04-06
2023-11-13,38,VLSFO,42.81,17.8,427.2,24,312.056,0.4,Moderate,FMS_MARITIME,2026-04-06
2023-11-14,38,VLSFO,50.63,15.6,374.4,24,421.1053,0.76,Moderate,FMS_MARITIME,2026-04-06
2023-11-15,38,HFO,67.47,13.3,319.2,24,658.213,0.85,Calm,FMS_MARITIME,2026-04-06
2023-11-16,38,HFO,55.66,9.3,223.2,24,776.5468,0.76,Calm,FMS_MARITIME,2026-04-06
2023-11-17,38,MGO,47.18,8.2,196.8,24,746.5372,0.89,Rough,FMS_MARITIME,2026-04-06
2023-11-18,38,MGO,16.68,13.0,312.0,24,166.4792,0.99,Rough,FMS_MARITIME,2026-04-06
2023-11-19,38,MGO,48.37,11.1,266.4,24,565.4061,0.55,Moderate,FMS_MARITIME,2026-04-06
2023-11-20,38,HFO,50.17,13.7,328.8,24,475.1502,0.68,Rough,FMS_MARITIME,2026-04-06
2023-11-21,38,VLSFO,84.53,13.6,326.4,24,806.4535,0.55,Calm,FMS_MARITIME,2026-04-06
2023-11-22,38,HFO,49.55,11.1,266.4,24,579.1993,0.41,Moderate,FMS_MARITIME,2026-04-06
2023-11-23,38,HFO,33.35,17.9,429.6,24,241.7409,0.53,Moderate,FMS_MARITIME,2026-04-06
2023-11-24,38,LSMGO,77.5,10.7,256.8,24,939.778,0.63,Moderate,FMS_MARITIME,2026-04-06
2023-11-25,38,LNG,69.17,16.7,400.8,24,537.4136,0.57,Calm,FMS_MARITIME,2026-04-06
2023-11-26,38,VLSFO,61.24,17.1,410.4,24,464.6719,0.43,Calm,FMS_MARITIME,2026-04-06
2023-11-27,38,MGO,22.88,16.4,393.6,24,181.0171,0.56,Moderate,FMS_MARITIME,2026-04-06
2023-11-28,38,LNG,40.19,8.3,199.2,24,628.2714,0.88,Moderate,FMS_MARITIME,2026-04-06
2023-11-28,38,LNG,29.4,10.7,256.8,24,356.5093,0.55,Rough,FMS_MARITIME,2026-04-06
2023-11-28,38,HFO,67.19,16.9,405.6,24,515.8522,0.86,Rough,FMS_MARITIME,2026-04-06
2023-11-01,39,LNG,31.18,13.8,331.2,24,293.1598,0.64,Moderate,FMS_MARITIME,2026-04-06
2023-11-02,39,LNG,34.93,14.0,336.0,24,323.7262,0.78,Rough,FMS_MARITIME,2026-04-06
2023-11-03,39,LNG,18.18,9.0,216.0,24,262.095,0.82,Rough,FMS_MARITIME,2026-04-06
2023-11-04,39,HFO,45.16,11.9,285.6,24,492.3958,0.61,Rough,FMS_MARITIME,2026-04-06
2023-11-05,39,VLSFO,29.95,14.0,336.0,24,277.5723,0.77,Rough,FMS_MARITIME,2026-04-06
2023-11-06,39,HFO,18.12,8.5,204.0,24,276.5965,0.85,Moderate,FMS_MARITIME,2026-04-06
2023-11-07,39,LNG,45.08,17.0,408.0,24,344.0665,0.69,Rough,FMS_MARITIME,2026-04-06
2023-11-08,39,VLSFO,37.73,14.9,357.6,24,328.5549,0.95,Rough,FMS_MARITIME,2026-04-06
2023-11-09,39,LSMGO,64.57,15.3,367.2,24,547.5789,0.44,Calm,FMS_MARITIME,2026-04-06
2023-11-10,39,VLSFO,32.58,14.0,336.0,24,301.9468,0.72,Calm,FMS_MARITIME,2026-04-06
2023-11-11,39,LNG,72.53,9.0,216.0,24,1045.6408,0.59,Calm,FMS_MARITIME,2026-04-06
2023-11-12,39,HFO,51.05,9.3,223.2,24,712.2298,0.71,Moderate,FMS_MARITIME,2026-04-06
2023-11-13,39,LNG,45.2,8.1,194.4,24,724.037,0.4,Moderate,FMS_MARITIME,2026-04-06
2023-11-14,39,VLSFO,40.05,10.7,256.8,24,485.653,0.6,Calm,FMS_MARITIME,2026-04-06
2023-11-15,39,VLSFO,72.82,13.7,328.8,24,689.6639,0.43,Moderate,FMS_MARITIME,2026-04-06
2023-11-16,39,HFO,70.56,12.0,288.0,24,762.93,0.72,Calm,FMS_MARITIME,2026-04-06
2023-11-17,39,MGO,23.47,13.8,331.2,24,220.669,0.79,Moderate,FMS_MARITIME,2026-04-06
2023-11-18,39,VLSFO,40.61,12.5,300.0,24,421.5318,0.85,Moderate,FMS_MARITIME,2026-04-06
2023-11-19,39,LSMGO,20.04,12.2,292.8,24,213.1303,0.67,Calm,FMS_MARITIME,2026-04-06
2023-11-20,39,VLSFO,37.32,17.3,415.2,24,279.9,0.75,Moderate,FMS_MARITIME,2026-04-06
2023-11-21,39,LNG,30.73,17.0,408.0,24,234.5422,0.49,Moderate,FMS_MARITIME,2026-04-06
2023-11-22,39,HFO,19.66,13.0,312.0,24,196.2219,0.58,Calm,FMS_MARITIME,2026-04-06
2023-11-23,39,MGO,55.57,16.3,391.2,24,442.344,0.94,Rough,FMS_MARITIME,2026-04-06
2023-11-24,39,LNG,55.9,12.9,309.6,24,562.25,0.81,Calm,FMS_MARITIME,2026-04-06
2023-11-25,39,LNG,25.45,10.1,242.4,24,326.9443,0.65,Moderate,FMS_MARITIME,2026-04-06
2023-11-26,39,VLSFO,33.07,13.7,328.8,24,313.1995,0.79,Calm,FMS_MARITIME,2026-04-06
2023-11-27,39,LNG,31.91,17.8,427.2,24,232.6024,0.66,Moderate,FMS_MARITIME,2026-04-06
2023-11-28,39,VLSFO,36.56,10.6,254.4,24,447.5151,0.65,Moderate,FMS_MARITIME,2026-04-06
2023-11-28,39,MGO,72.63,11.5,276.0,24,819.4559,0.88,Rough,FMS_MARITIME,2026-04-06
2023-11-28,39,VLSFO,36.29,8.0,192.0,24,588.5784,0.72,Calm,FMS_MARITIME,2026-04-06
2023-11-01,40,VLSFO,24.1,14.4,345.6,24,217.151,0.7,Moderate,FMS_MARITIME,2026-04-06
2023-11-02,40,MGO,24.03,14.2,340.8,24,219.5699,0.85,Moderate,FMS_MARITIME,2026-04-06
2023-11-03,40,LSMGO,49.11,11.4,273.6,24,558.9493,0.86,Rough,FMS_MARITIME,2026-04-06
2023-11-04,40,LNG,35.27,9.8,235.2,24,466.9676,0.75,Moderate,FMS_MARITIME,2026-04-06
2023-11-05,40,LSMGO,51.02,12.4,297.6,24,533.8585,0.71,Moderate,FMS_MARITIME,2026-04-06
2023-11-06,40,VLSFO,43.83,16.5,396.0,24,344.6632,1.0,Rough,FMS_MARITIME,2026-04-06
2023-11-07,40,HFO,58.28,14.8,355.2,24,510.9345,0.98,Moderate,FMS_MARITIME,2026-04-06
2023-11-08,40,VLSFO,28.83,17.8,427.2,24,210.1513,0.49,Calm,FMS_MARITIME,2026-04-06
2023-11-09,40,MGO,68.17,11.0,264.0,24,804.0961,0.49,Rough,FMS_MARITIME,2026-04-06
2023-11-10,40,VLSFO,81.6,12.1,290.4,24,875.0083,0.75,Moderate,FMS_MARITIME,2026-04-06
2023-11-11,40,MGO,80.58,10.2,244.8,24,1025.025,0.84,Moderate,FMS_MARITIME,2026-04-06
2023-11-12,40,HFO,16.38,16.7,400.8,24,127.2638,0.7,Rough,FMS_MARITIME,2026-04-06
2023-11-13,40,HFO,47.26,12.6,302.4,24,486.6655,0.75,Moderate,FMS_MARITIME,2026-04-06
2023-11-14,40,VLSFO,83.22,9.2,220.8,24,1173.6734,0.72,Calm,FMS_MARITIME,2026-04-06
2023-11-15,40,LSMGO,37.91,12.3,295.2,24,399.9043,0.62,Rough,FMS_MARITIME,2026-04-06
2023-11-16,40,LSMGO,22.38,16.4,393.6,24,177.0613,0.78,Moderate,FMS_MARITIME,2026-04-06
2023-11-17,40,LNG,62.29,8.1,194.4,24,997.7935,0.98,Calm,FMS_MARITIME,2026-04-06
2023-11-18,40,LNG,66.6,9.7,232.8,24,890.8608,0.92,Rough,FMS_MARITIME,2026-04-06
2023-11-19,40,LSMGO,28.89,10.7,256.8,24,350.325,0.55,Calm,FMS_MARITIME,2026-04-06
2023-11-20,40,LNG,80.63,15.2,364.8,24,688.2725,0.76,Rough,FMS_MARITIME,2026-04-06
2023-11-21,40,VLSFO,76.91,14.3,343.2,24,697.8372,0.77,Moderate,FMS_MARITIME,2026-04-06
2023-11-22,40,HFO,72.47,8.5,204.0,24,1106.2332,0.79,Rough,FMS_MARITIME,2026-04-06
2023-11-23,40,VLSFO,52.91,16.9,405.6,24,406.2173,0.65,Rough,FMS_MARITIME,2026-04-06
2023-11-24,40,LSMGO,75.19,9.0,216.0,24,1083.9892,0.55,Moderate,FMS_MARITIME,2026-04-06
2023-11-25,40,MGO,83.15,14.6,350.4,24,738.9529,0.41,Rough,FMS_MARITIME,2026-04-06
2023-11-26,40,LNG,54.75,10.3,247.2,24,689.6905,0.47,Rough,FMS_MARITIME,2026-04-06
2023-11-27,40,MGO,42.06,13.2,316.8,24,413.4307,0.84,Moderate,FMS_MARITIME,2026-04-06
2023-11-28,40,VLSFO,31.35,16.3,391.2,24,249.5498,0.8,Moderate,FMS_MARITIME,2026-04-06
2023-11-28,40,HFO,75.22,9.9,237.6,24,985.8379,0.96,Moderate,FMS_MARITIME,2026-04-06
2023-11-28,40,MGO,18.78,12.4,297.6,24,196.5085,0.61,Rough,FMS_MARITIME,2026-04-06
2023-11-01,41,LSMGO,34.91,10.5,252.0,24,431.3879,0.87,Calm,FMS_MARITIME,2026-04-06
2023-11-02,41,LNG,72.47,16.4,393.6,24,573.3526,0.56,Calm,FMS_MARITIME,2026-04-06
2023-11-03,41,VLSFO,80.98,11.4,273.6,24,921.6803,0.48,Calm,FMS_MARITIME,2026-04-06
2023-11-04,41,MGO,61.52,8.9,213.6,24,896.8787,0.94,Calm,FMS_MARITIME,2026-04-06
2023-11-05,41,VLSFO,39.37,17.1,410.4,24,298.7285,0.84,Rough,FMS_MARITIME,2026-04-06
2023-11-06,41,VLSFO,81.42,15.0,360.0,24,704.283,0.57,Moderate,FMS_MARITIME,2026-04-06
2023-11-07,41,VLSFO,47.99,17.5,420.0,24,355.8116,0.92,Calm,FMS_MARITIME,2026-04-06
2023-11-08,41,MGO,64.95,8.3,199.2,24,1015.3328,0.7,Rough,FMS_MARITIME,2026-04-06
2023-11-09,41,HFO,73.79,17.7,424.8,24,540.9182,0.64,Moderate,FMS_MARITIME,2026-04-06
2023-11-10,41,VLSFO,17.7,13.9,333.6,24,165.2212,0.46,Moderate,FMS_MARITIME,2026-04-06
2023-11-11,41,LSMGO,64.92,10.7,256.8,24,787.2308,0.79,Rough,FMS_MARITIME,2026-04-06
2023-11-12,41,MGO,45.81,12.2,292.8,24,487.2006,0.47,Rough,FMS_MARITIME,2026-04-06
2023-11-13,41,LNG,58.78,15.6,374.4,24,488.8913,0.76,Moderate,FMS_MARITIME,2026-04-06
2023-11-14,41,VLSFO,74.49,15.6,374.4,24,619.5562,0.89,Calm,FMS_MARITIME,2026-04-06
2023-11-15,41,MGO,27.47,12.6,302.4,24,282.8756,0.77,Calm,FMS_MARITIME,2026-04-06
2023-11-16,41,MGO,62.86,16.7,400.8,24,488.3883,0.71,Moderate,FMS_MARITIME,2026-04-06
2023-11-17,41,LSMGO,15.67,10.9,261.6,24,186.5305,0.92,Calm,FMS_MARITIME,2026-04-06
2023-11-18,41,MGO,42.23,12.9,309.6,24,424.7552,0.56,Rough,FMS_MARITIME,2026-04-06
2023-11-19,41,MGO,38.52,8.3,199.2,24,602.1651,0.88,Rough,FMS_MARITIME,2026-04-06
2023-11-20,41,LSMGO,39.73,8.7,208.8,24,592.525,0.71,Calm,FMS_MARITIME,2026-04-06
2023-11-21,41,MGO,36.49,11.5,276.0,24,411.7024,0.59,Rough,FMS_MARITIME,2026-04-06
2023-11-22,41,MGO,26.31,9.4,225.6,24,363.162,0.81,Rough,FMS_MARITIME,2026-04-06
2023-11-23,41,LSMGO,27.44,18.0,432.0,24,197.7967,0.61,Calm,FMS_MARITIME,2026-04-06
2023-11-24,41,MGO,20.86,8.6,206.4,24,314.7192,0.75,Moderate,FMS_MARITIME,2026-04-06
2023-11-25,41,MGO,36.88,9.0,216.0,24,531.6867,0.45,Calm,FMS_MARITIME,2026-04-06
2023-11-26,41,LNG,32.85,9.2,220.8,24,463.2921,0.73,Calm,FMS_MARITIME,2026-04-06
2023-11-27,41,MGO,49.82,17.4,417.6,24,371.5026,0.79,Moderate,FMS_MARITIME,2026-04-06
2023-11-28,41,HFO,24.36,9.4,225.6,24,336.2457,0.58,Rough,FMS_MARITIME,2026-04-06
2023-11-28,41,LSMGO,59.29,13.9,333.6,24,553.4444,0.46,Moderate,FMS_MARITIME,2026-04-06
2023-11-28,41,MGO,55.85,14.3,343.2,24,506.7509,0.9,Calm,FMS_MARITIME,2026-04-06
2023-11-01,42,HFO,20.93,11.6,278.4,24,234.1093,0.73,Rough,FMS_MARITIME,2026-04-06
2023-11-02,42,LNG,39.92,13.9,333.6,24,372.6345,0.81,Calm,FMS_MARITIME,2026-04-06
2023-11-03,42,LNG,30.24,10.6,254.4,24,370.1547,0.59,Rough,FMS_MARITIME,2026-04-06
2023-11-04,42,LNG,34.15,12.9,309.6,24,343.4855,0.67,Moderate,FMS_MARITIME,2026-04-06
2023-11-05,42,LNG,81.96,11.4,273.6,24,932.8342,0.64,Moderate,FMS_MARITIME,2026-04-06
2023-11-06,42,LNG,35.08,16.4,393.6,24,277.5384,0.55,Calm,FMS_MARITIME,2026-04-06
2023-11-07,42,HFO,47.33,17.6,422.4,24,348.9243,0.74,Rough,FMS_MARITIME,2026-04-06
2023-11-08,42,MGO,50.84,13.5,324.0,24,488.6289,0.45,Moderate,FMS_MARITIME,2026-04-06
2023-11-09,42,HFO,43.61,8.5,204.0,24,665.6938,0.5,Rough,FMS_MARITIME,2026-04-06
2023-11-10,42,HFO,50.35,13.1,314.4,24,498.6956,0.82,Rough,FMS_MARITIME,2026-04-06
2023-11-11,42,MGO,67.06,14.1,338.4,24,617.0947,0.88,Rough,FMS_MARITIME,2026-04-06
2023-11-12,42,HFO,82.51,12.8,307.2,24,836.3807,0.63,Calm,FMS_MARITIME,2026-04-06
2023-11-13,42,LNG,77.35,12.7,304.8,24,790.249,0.6,Rough,FMS_MARITIME,2026-04-06
2023-11-14,42,LSMGO,54.14,8.6,206.4,24,816.8215,0.55,Rough,FMS_MARITIME,2026-04-06
2023-11-15,42,HFO,36.4,12.6,302.4,24,374.8333,0.62,Rough,FMS_MARITIME,2026-04-06
2023-11-16,42,VLSFO,21.94,12.1,290.4,24,235.2657,0.69,Calm,FMS_MARITIME,2026-04-06
2023-11-17,42,HFO,28.24,9.6,230.4,24,381.6812,0.71,Calm,FMS_MARITIME,2026-04-06
2023-11-18,42,VLSFO,73.45,8.8,211.2,24,1082.9702,0.66,Moderate,FMS_MARITIME,2026-04-06
2023-11-19,42,LNG,69.58,13.6,326.4,24,663.8239,0.6,Moderate,FMS_MARITIME,2026-04-06
2023-11-20,42,LNG,32.04,14.8,355.2,24,280.8912,0.75,Moderate,FMS_MARITIME,2026-04-06
2023-11-21,42,LSMGO,76.71,8.6,206.4,24,1157.3398,0.42,Rough,FMS_MARITIME,2026-04-06
2023-11-22,42,LSMGO,50.55,16.9,405.6,24,388.0984,0.93,Rough,FMS_MARITIME,2026-04-06
2023-11-23,42,LNG,61.88,12.7,304.8,24,632.1992,0.95,Moderate,FMS_MARITIME,2026-04-06
2023-11-24,42,HFO,18.67,15.1,362.4,24,160.426,0.67,Calm,FMS_MARITIME,2026-04-06
2023-11-25,42,LNG,35.03,10.6,254.4,24,428.787,0.95,Moderate,FMS_MARITIME,2026-04-06
2023-11-26,42,LSMGO,23.32,13.0,312.0,24,232.7515,0.7,Moderate,FMS_MARITIME,2026-04-06
2023-11-27,42,LNG,24.01,13.6,326.4,24,229.066,0.97,Rough,FMS_MARITIME,2026-04-06
2023-11-28,42,VLSFO,21.93,15.3,367.2,24,185.975,0.85,Rough,FMS_MARITIME,2026-04-06
2023-11-28,42,MGO,29.0,13.9,333.6,24,270.7014,0.92,Moderate,FMS_MARITIME,2026-04-06
2023-11-28,42,LNG,38.44,14.6,350.4,24,341.6158,0.49,Calm,FMS_MARITIME,2026-04-06
2023-11-01,43,LSMGO,59.77,14.7,352.8,24,527.5617,0.56,Moderate,FMS_MARITIME,2026-04-06
2023-11-02,43,LSMGO,76.18,8.1,194.4,24,1220.2907,0.71,Calm,FMS_MARITIME,2026-04-06
2023-11-03,43,HFO,20.46,9.4,225.6,24,282.4133,0.59,Calm,FMS_MARITIME,2026-04-06
2023-11-04,43,LNG,44.02,14.0,336.0,24,407.9711,0.65,Calm,FMS_MARITIME,2026-04-06
2023-11-05,43,VLSFO,31.96,14.4,345.6,24,287.9729,0.6,Rough,FMS_MARITIME,2026-04-06
2023-11-06,43,LNG,46.01,9.8,235.2,24,609.163,0.46,Rough,FMS_MARITIME,2026-04-06
2023-11-07,43,MGO,39.67,16.3,391.2,24,315.7781,0.81,Moderate,FMS_MARITIME,2026-04-06
2023-11-08,43,VLSFO,39.63,11.9,285.6,24,432.1002,0.94,Moderate,FMS_MARITIME,2026-04-06
2023-11-09,43,MGO,47.35,15.6,374.4,24,393.8245,0.79,Rough,FMS_MARITIME,2026-04-06
2023-11-10,43,MGO,82.83,10.5,252.0,24,1023.5421,0.79,Rough,FMS_MARITIME,2026-04-06
2023-11-11,43,LSMGO,53.81,13.7,328.8,24,509.6239,0.73,Moderate,FMS_MARITIME,2026-04-06
2023-11-12,43,VLSFO,46.86,17.8,427.2,24,341.5778,0.95,Rough,FMS_MARITIME,2026-04-06
2023-11-13,43,HFO,19.76,17.7,424.8,24,144.8508,0.45,Calm,FMS_MARITIME,2026-04-06
2023-11-14,43,VLSFO,65.11,17.7,424.8,24,477.2894,0.75,Moderate,FMS_MARITIME,2026-04-06
2023-11-15,43,MGO,54.57,11.1,266.4,24,637.8791,0.45,Rough,FMS_MARITIME,2026-04-06
2023-11-16,43,HFO,21.33,13.9,333.6,24,199.1056,0.79,Calm,FMS_MARITIME,2026-04-06
2023-11-17,43,MGO,18.85,8.4,201.6,24,291.1652,0.86,Rough,FMS_MARITIME,2026-04-06
2023-11-18,43,LSMGO,48.15,14.2,340.8,24,439.9621,0.83,Moderate,FMS_MARITIME,2026-04-06
2023-11-19,43,MGO,58.58,8.8,211.2,24,863.7222,0.96,Rough,FMS_MARITIME,2026-04-06
2023-11-20,43,MGO,24.5,12.5,300.0,24,254.31,0.63,Rough,FMS_MARITIME,2026-04-06
2023-11-21,43,VLSFO,28.77,17.4,417.6,24,214.5349,0.82,Rough,FMS_MARITIME,2026-04-06
2023-11-22,43,VLSFO,35.46,8.7,208.8,24,528.8431,0.72,Calm,FMS_MARITIME,2026-04-06
2023-11-23,43,MGO,28.82,9.3,223.2,24,402.0855,0.61,Calm,FMS_MARITIME,2026-04-06
2023-11-24,43,HFO,74.78,8.7,208.8,24,1115.2534,0.47,Calm,FMS_MARITIME,2026-04-06
2023-11-25,43,MGO,67.97,11.7,280.8,24,753.7699,0.54,Rough,FMS_MARITIME,2026-04-06
2023-11-26,43,MGO,45.04,9.5,228.0,24,615.1516,0.67,Moderate,FMS_MARITIME,2026-04-06
2023-11-27,43,VLSFO,29.28,10.7,256.8,24,355.0542,0.53,Moderate,FMS_MARITIME,2026-04-06
2023-11-28,43,LNG,42.63,14.0,336.0,24,395.0887,0.4,Moderate,FMS_MARITIME,2026-04-06
2023-11-28,43,LSMGO,33.87,11.1,266.4,24,395.9128,0.44,Calm,FMS_MARITIME,2026-04-06
2023-11-28,43,LSMGO,22.33,12.1,290.4,24,239.4477,0.68,Calm,FMS_MARITIME,2026-04-06
2023-11-01,44,LSMGO,70.38,17.8,427.2,24,513.0228,0.85,Calm,FMS_MARITIME,2026-04-06
2023-11-02,44,LSMGO,74.13,15.5,372.0,24,620.5398,0.99,Moderate,FMS_MARITIME,2026-04-06
2023-11-03,44,VLSFO,49.37,15.3,367.2,24,418.677,0.83,Rough,FMS_MARITIME,2026-04-06
2023-11-04,44,LSMGO,59.53,10.0,240.0,24,772.4017,0.44,Calm,FMS_MARITIME,2026-04-06
2023-11-05,44,LNG,59.36,16.7,400.8,24,461.1952,0.48,Rough,FMS_MARITIME,2026-04-06
2023-11-06,44,LSMGO,35.53,12.3,295.2,24,374.7982,0.75,Moderate,FMS_MARITIME,2026-04-06
2023-11-07,44,MGO,28.35,17.1,410.4,24,215.1118,0.77,Moderate,FMS_MARITIME,2026-04-06
2023-11-08,44,LNG,80.78,8.1,194.4,24,1293.9759,0.61,Rough,FMS_MARITIME,2026-04-06
2023-11-09,44,HFO,24.75,11.1,266.4,24,289.3074,0.67,Rough,FMS_MARITIME,2026-04-06
2023-11-10,44,MGO,50.1,10.5,252.0,24,619.0929,0.73,Moderate,FMS_MARITIME,2026-04-06
2023-11-11,44,MGO,50.88,8.7,208.8,24,758.8138,0.59,Calm,FMS_MARITIME,2026-04-06
2023-11-12,44,MGO,61.11,9.2,220.8,24,861.8503,0.95,Calm,FMS_MARITIME,2026-04-06
2023-11-13,44,VLSFO,75.2,13.1,314.4,24,744.8244,0.72,Rough,FMS_MARITIME,2026-04-06
2023-11-14,44,VLSFO,23.89,11.4,273.6,24,271.9059,0.86,Moderate,FMS_MARITIME,2026-04-06
2023-11-15,44,LNG,51.32,8.8,211.2,24,756.6784,0.78,Rough,FMS_MARITIME,2026-04-06
2023-11-16,44,MGO,21.64,9.2,220.8,24,305.1946,0.85,Rough,FMS_MARITIME,2026-04-06
2023-11-17,44,HFO,24.14,11.0,264.0,24,284.7423,0.86,Moderate,FMS_MARITIME,2026-04-06
2023-11-18,44,HFO,65.64,10.2,244.8,24,834.9794,0.6,Calm,FMS_MARITIME,2026-04-06
2023-11-19,44,MGO,28.27,10.2,244.8,24,359.611,0.92,Rough,FMS_MARITIME,2026-04-06
2023-11-20,44,MGO,72.94,14.4,345.6,24,657.2198,0.55,Rough,FMS_MARITIME,2026-04-06
2023-11-21,44,VLSFO,29.24,10.9,261.6,24,348.0633,0.78,Rough,FMS_MARITIME,2026-04-06
2023-11-22,44,HFO,53.35,12.7,304.8,24,545.0522,0.63,Calm,FMS_MARITIME,2026-04-06
2023-11-23,44,MGO,40.1,8.6,206.4,24,604.9971,0.79,Moderate,FMS_MARITIME,2026-04-06
2023-11-24,44,MGO,81.57,13.6,326.4,24,778.2138,0.58,Calm,FMS_MARITIME,2026-04-06
2023-11-25,44,LSMGO,43.61,9.1,218.4,24,621.8019,0.92,Calm,FMS_MARITIME,2026-04-06
2023-11-26,44,HFO,40.71,16.0,384.0,24,330.1327,0.78,Moderate,FMS_MARITIME,2026-04-06
2023-11-27,44,VLSFO,67.53,16.3,391.2,24,537.5471,0.75,Moderate,FMS_MARITIME,2026-04-06
2023-11-28,44,MGO,78.65,10.0,240.0,24,1020.4837,0.87,Rough,FMS_MARITIME,2026-04-06
2023-11-28,44,LSMGO,82.97,15.1,362.4,24,712.9376,0.91,Moderate,FMS_MARITIME,2026-04-06
2023-11-28,44,LSMGO,77.72,11.2,268.8,24,900.3723,0.67,Rough,FMS_MARITIME,2026-04-06
2023-11-01,45,HFO,37.44,17.2,412.8,24,282.4326,0.97,Rough,FMS_MARITIME,2026-04-06
2023-11-02,45,LNG,38.49,9.0,216.0,24,554.8975,0.63,Rough,FMS_MARITIME,2026-04-06
2023-11-03,45,HFO,20.97,17.8,427.2,24,152.8572,0.62,Rough,FMS_MARITIME,2026-04-06
2023-11-04,45,LNG,31.56,14.6,350.4,24,280.4733,0.99,Moderate,FMS_MARITIME,2026-04-06
2023-11-05,45,VLSFO,42.6,13.8,331.2,24,400.5326,0.99,Moderate,FMS_MARITIME,2026-04-06
2023-11-06,45,VLSFO,66.06,12.4,297.6,24,691.2327,0.83,Rough,FMS_MARITIME,2026-04-06
2023-11-07,45,HFO,66.61,16.9,405.6,24,511.3993,0.89,Rough,FMS_MARITIME,2026-04-06
2023-11-08,45,VLSFO,38.43,14.3,343.2,24,348.6918,0.66,Moderate,FMS_MARITIME,2026-04-06
2023-11-09,45,LSMGO,58.93,12.6,302.4,24,606.8387,0.95,Calm,FMS_MARITIME,2026-04-06
2023-11-10,45,MGO,81.88,13.0,312.0,24,817.2254,1.0,Moderate,FMS_MARITIME,2026-04-06
2023-11-11,45,HFO,84.62,13.2,316.8,24,831.7761,0.79,Calm,FMS_MARITIME,2026-04-06
2023-11-12,45,LNG,76.42,14.2,340.8,24,698.2743,0.57,Rough,FMS_MARITIME,2026-04-06
2023-11-13,45,MGO,48.71,9.0,216.0,24,702.2358,0.65,Calm,FMS_MARITIME,2026-04-06
2023-11-14,45,LSMGO,66.38,8.3,199.2,24,1037.6873,0.44,Calm,FMS_MARITIME,2026-04-06
2023-11-15,45,HFO,80.79,17.2,412.8,24,609.4478,0.49,Moderate,FMS_MARITIME,2026-04-06
2023-11-16,45,HFO,32.31,10.8,259.2,24,388.1688,0.58,Moderate,FMS_MARITIME,2026-04-06
2023-11-17,45,HFO,60.33,12.7,304.8,24,616.3636,0.98,Moderate,FMS_MARITIME,2026-04-06
2023-11-18,45,MGO,61.71,13.9,333.6,24,576.034,0.64,Moderate,FMS_MARITIME,2026-04-06
2023-11-19,45,HFO,77.5,9.9,237.6,24,1015.7197,0.97,Moderate,FMS_MARITIME,2026-04-06
2023-11-20,45,MGO,61.36,9.7,232.8,24,820.7691,0.83,Calm,FMS_MARITIME,2026-04-06
2023-11-21,45,HFO,49.02,12.8,307.2,24,496.902,0.8,Calm,FMS_MARITIME,2026-04-06
2023-11-22,45,LNG,62.24,10.6,254.4,24,761.8528,0.59,Rough,FMS_MARITIME,2026-04-06
2023-11-23,45,MGO,30.77,10.7,256.8,24,373.1222,0.84,Rough,FMS_MARITIME,2026-04-06
2023-11-24,45,LNG,57.29,12.5,300.0,24,594.6702,0.85,Calm,FMS_MARITIME,2026-04-06
2023-11-25,45,LSMGO,67.23,17.7,424.8,24,492.8301,0.8,Calm,FMS_MARITIME,2026-04-06
2023-11-26,45,HFO,29.92,10.8,259.2,24,359.4556,0.98,Moderate,FMS_MARITIME,2026-04-06
2023-11-27,45,MGO,18.63,16.0,384.0,24,151.0777,0.99,Moderate,FMS_MARITIME,2026-04-06
2023-11-28,45,LSMGO,41.18,9.5,228.0,24,562.4321,0.96,Calm,FMS_MARITIME,2026-04-06
2023-11-28,45,HFO,74.1,15.6,374.4,24,616.3125,0.64,Moderate,FMS_MARITIME,2026-04-06
2023-11-28,45,HFO,66.65,13.5,324.0,24,640.5806,0.86,Moderate,FMS_MARITIME,2026-04-06
2023-11-01,46,HFO,58.34,15.0,360.0,24,504.641,0.59,Rough,FMS_MARITIME,2026-04-06
2023-11-02,46,LSMGO,42.82,11.1,266.4,24,500.5311,0.95,Moderate,FMS_MARITIME,2026-04-06
2023-11-03,46,MGO,76.78,12.1,290.4,24,823.3227,0.46,Rough,FMS_MARITIME,2026-04-06
2023-11-04,46,LSMGO,81.71,9.5,228.0,24,1115.9866,0.71,Calm,FMS_MARITIME,2026-04-06
2023-11-05,46,HFO,37.78,10.8,259.2,24,453.8847,0.92,Calm,FMS_MARITIME,2026-04-06
2023-11-06,46,MGO,65.43,11.9,285.6,24,713.4069,0.66,Rough,FMS_MARITIME,2026-04-06
2023-11-07,46,LNG,66.99,16.8,403.2,24,517.3781,0.53,Moderate,FMS_MARITIME,2026-04-06
2023-11-08,46,LSMGO,79.28,13.2,316.8,24,779.2864,0.6,Calm,FMS_MARITIME,2026-04-06
2023-11-09,46,HFO,43.69,17.9,429.6,24,316.6915,0.63,Calm,FMS_MARITIME,2026-04-06
2023-11-10,46,VLSFO,36.98,9.7,232.8,24,494.6552,0.5,Rough,FMS_MARITIME,2026-04-06
2023-11-11,46,HFO,74.55,9.2,220.8,24,1051.3981,0.96,Rough,FMS_MARITIME,2026-04-06
2023-11-12,46,VLSFO,68.13,8.9,213.6,24,993.2435,0.88,Moderate,FMS_MARITIME,2026-04-06
2023-11-13,46,MGO,54.02,13.8,331.2,24,507.9054,0.7,Calm,FMS_MARITIME,2026-04-06
2023-11-14,46,VLSFO,43.54,10.1,242.4,24,559.3381,0.82,Rough,FMS_MARITIME,2026-04-06
2023-11-15,46,MGO,60.37,8.4,201.6,24,932.5009,0.65,Moderate,FMS_MARITIME,2026-04-06
2023-11-16,46,HFO,45.65,10.7,256.8,24,553.5596,0.74,Moderate,FMS_MARITIME,2026-04-06
2023-11-17,46,MGO,39.03,12.9,309.6,24,392.5692,0.52,Moderate,FMS_MARITIME,2026-04-06
2023-11-18,46,HFO,52.93,17.1,410.4,24,401.618,0.91,Moderate,FMS_MARITIME,2026-04-06
2023-11-19,46,VLSFO,82.68,11.1,266.4,24,966.4622,0.86,Moderate,FMS_MARITIME,2026-04-06
2023-11-20,46,LNG,53.48,15.7,376.8,24,441.9764,0.79,Moderate,FMS_MARITIME,2026-04-06
2023-11-21,46,LNG,73.4,17.4,417.6,24,547.3362,0.85,Moderate,FMS_MARITIME,2026-04-06
2023-11-22,46,LSMGO,75.56,11.9,285.6,24,823.858,0.58,Calm,FMS_MARITIME,2026-04-06
2023-11-23,46,LNG,30.33,16.4,393.6,24,239.9584,0.68,Moderate,FMS_MARITIME,2026-04-06
2023-11-24,46,VLSFO,25.31,8.0,192.0,24,410.4966,0.44,Rough,FMS_MARITIME,2026-04-06
2023-11-25,46,LSMGO,19.69,14.1,338.4,24,181.1899,0.6,Calm,FMS_MARITIME,2026-04-06
2023-11-26,46,MGO,67.2,17.2,412.8,24,506.9302,0.73,Rough,FMS_MARITIME,2026-04-06
2023-11-27,46,LSMGO,71.21,11.4,273.6,24,810.4822,0.82,Moderate,FMS_MARITIME,2026-04-06
2023-11-28,46,HFO,45.57,14.7,352.8,24,402.225,0.91,Calm,FMS_MARITIME,2026-04-06
2023-11-28,46,MGO,64.46,11.6,278.4,24,721.0073,0.87,Rough,FMS_MARITIME,2026-04-06
2023-11-28,46,HFO,45.09,17.1,410.4,24,342.1303,0.63,Rough,FMS_MARITIME,2026-04-06
2023-11-01,47,MGO,17.36,16.5,396.0,24,136.5127,0.42,Calm,FMS_MARITIME,2026-04-06
2023-11-02,47,VLSFO,56.86,9.3,223.2,24,793.2887,0.54,Moderate,FMS_MARITIME,2026-04-06
2023-11-03,47,HFO,52.9,16.0,384.0,24,428.9859,0.56,Rough,FMS_MARITIME,2026-04-06
2023-11-04,47,LNG,22.22,17.1,410.4,24,168.5991,0.89,Moderate,FMS_MARITIME,2026-04-06
2023-11-05,47,LSMGO,57.02,9.8,235.2,24,754.9332,0.64,Rough,FMS_MARITIME,2026-04-06
2023-11-06,47,LNG,82.98,12.6,302.4,24,854.4964,0.86,Calm,FMS_MARITIME,2026-04-06
2023-11-07,47,MGO,20.55,12.9,309.6,24,206.6948,0.82,Rough,FMS_MARITIME,2026-04-06
2023-11-08,47,MGO,20.87,12.7,304.8,24,213.2191,0.93,Rough,FMS_MARITIME,2026-04-06
2023-11-09,47,HFO,29.49,17.0,408.0,24,225.0781,0.71,Calm,FMS_MARITIME,2026-04-06
2023-11-10,47,LNG,70.74,17.0,408.0,24,539.9126,0.77,Moderate,FMS_MARITIME,2026-04-06
2023-11-11,47,MGO,25.32,12.9,309.6,24,254.6721,0.75,Moderate,FMS_MARITIME,2026-04-06
2023-11-12,47,LSMGO,30.42,16.7,400.8,24,236.347,0.72,Calm,FMS_MARITIME,2026-04-06
2023-11-13,47,HFO,76.57,10.2,244.8,24,974.0154,0.61,Moderate,FMS_MARITIME,2026-04-06
2023-11-14,47,LSMGO,77.53,11.6,278.4,24,867.1998,0.91,Rough,FMS_MARITIME,2026-04-06
2023-11-15,47,MGO,30.58,15.6,374.4,24,254.3433,0.5,Moderate,FMS_MARITIME,2026-04-06
2023-11-16,47,HFO,45.46,8.3,199.2,24,710.6548,0.61,Calm,FMS_MARITIME,2026-04-06
2023-11-17,47,MGO,46.79,8.4,201.6,24,722.7384,0.69,Moderate,FMS_MARITIME,2026-04-06
2023-11-18,47,HFO,21.91,12.4,297.6,24,229.2599,0.86,Rough,FMS_MARITIME,2026-04-06
2023-11-19,47,VLSFO,73.87,8.9,213.6,24,1076.925,0.48,Moderate,FMS_MARITIME,2026-04-06
2023-11-20,47,HFO,71.08,9.2,220.8,24,1002.4598,0.48,Calm,FMS_MARITIME,2026-04-06
2023-11-21,47,LNG,46.89,15.6,374.4,24,389.9986,0.68,Calm,FMS_MARITIME,2026-04-06
2023-11-22,47,MGO,81.47,16.8,403.2,24,629.2103,0.72,Rough,FMS_MARITIME,2026-04-06
2023-11-23,47,LNG,74.58,10.7,256.8,24,904.3696,0.44,Rough,FMS_MARITIME,2026-04-06
2023-11-24,47,HFO,39.06,14.0,336.0,24,362.0025,0.93,Calm,FMS_MARITIME,2026-04-06
2023-11-25,47,VLSFO,37.93,17.4,417.6,24,282.8401,0.71,Calm,FMS_MARITIME,2026-04-06
2023-11-26,47,HFO,38.02,12.8,307.2,24,385.398,0.92,Rough,FMS_MARITIME,2026-04-06
2023-11-27,47,MGO,41.62,10.6,254.4,24,509.4524,0.95,Calm,FMS_MARITIME,2026-04-06
2023-11-28,47,LNG,58.32,17.9,429.6,24,422.7385,0.59,Moderate,FMS_MARITIME,2026-04-06
2023-11-28,47,MGO,57.17,12.1,290.4,24,613.0419,0.54,Calm,FMS_MARITIME,2026-04-06
2023-11-28,47,LNG,64.21,14.6,350.4,24,570.6334,0.96,Rough,FMS_MARITIME,2026-04-06
2023-11-01,48,VLSFO,61.7,9.3,223.2,24,860.8145,0.53,Moderate,FMS_MARITIME,2026-04-06
2023-11-02,48,HFO,47.64,10.2,244.8,24,606.0088,0.59,Moderate,FMS_MARITIME,2026-04-06
2023-11-03,48,HFO,19.21,11.7,280.8,24,213.034,0.91,Calm,FMS_MARITIME,2026-04-06
2023-11-04,48,HFO,81.27,16.7,400.8,24,631.4241,0.57,Calm,FMS_MARITIME,2026-04-06
2023-11-05,48,VLSFO,21.81,14.8,355.2,24,191.2059,0.58,Rough,FMS_MARITIME,2026-04-06
2023-11-06,48,LSMGO,16.84,15.3,367.2,24,142.8098,0.46,Moderate,FMS_MARITIME,2026-04-06
2023-11-07,48,LNG,57.76,10.5,252.0,24,713.7486,0.63,Rough,FMS_MARITIME,2026-04-06
2023-11-08,48,LSMGO,47.53,8.6,206.4,24,717.0951,0.6,Calm,FMS_MARITIME,2026-04-06
2023-11-09,48,VLSFO,47.18,16.0,384.0,24,382.6003,0.5,Calm,FMS_MARITIME,2026-04-06
2023-11-10,48,MGO,41.52,11.8,283.2,24,456.5441,0.87,Calm,FMS_MARITIME,2026-04-06
2023-11-11,48,HFO,52.74,12.5,300.0,24,547.4412,0.85,Calm,FMS_MARITIME,2026-04-06
2023-11-12,48,LNG,62.32,12.9,309.6,24,626.8233,0.81,Calm,FMS_MARITIME,2026-04-06
2023-11-13,48,LSMGO,79.24,10.4,249.6,24,988.5952,0.8,Moderate,FMS_MARITIME,2026-04-06
2023-11-14,48,HFO,43.2,16.0,384.0,24,350.325,0.92,Rough,FMS_MARITIME,2026-04-06
2023-11-15,48,LSMGO,37.49,16.6,398.4,24,293.0318,0.88,Moderate,FMS_MARITIME,2026-04-06
2023-11-16,48,MGO,48.87,15.4,369.6,24,411.7456,0.69,Calm,FMS_MARITIME,2026-04-06
2023-11-17,48,LNG,82.93,11.4,273.6,24,943.8743,0.81,Calm,FMS_MARITIME,2026-04-06
2023-11-18,48,VLSFO,18.27,12.7,304.8,24,186.6561,0.6,Calm,FMS_MARITIME,2026-04-06
2023-11-19,48,HFO,58.44,15.3,367.2,24,495.5941,0.76,Calm,FMS_MARITIME,2026-04-06
2023-11-20,48,MGO,18.96,11.6,278.4,24,212.0741,0.46,Moderate,FMS_MARITIME,2026-04-06
2023-11-21,48,HFO,76.28,14.8,355.2,24,668.7385,0.45,Rough,FMS_MARITIME,2026-04-06
2023-11-22,48,MGO,82.74,14.2,340.8,24,756.0222,0.44,Calm,FMS_MARITIME,2026-04-06
2023-11-23,48,LSMGO,24.97,13.4,321.6,24,241.7804,0.67,Rough,FMS_MARITIME,2026-04-06
2023-11-24,48,LNG,59.96,16.1,386.4,24,483.218,0.48,Moderate,FMS_MARITIME,2026-04-06
2023-11-25,48,LNG,17.73,8.3,199.2,24,277.1648,0.79,Calm,FMS_MARITIME,2026-04-06
2023-11-26,48,HFO,59.04,8.5,204.0,24,901.2282,0.41,Rough,FMS_MARITIME,2026-04-06
2023-11-27,48,LNG,58.3,14.7,352.8,24,514.5867,0.67,Calm,FMS_MARITIME,2026-04-06
2023-11-28,48,HFO,41.46,13.4,321.6,24,401.4504,0.65,Calm,FMS_MARITIME,2026-04-06
2023-11-28,48,LNG,83.17,8.4,201.6,24,1284.6795,0.55,Rough,FMS_MARITIME,2026-04-06
2023-11-28,48,VLSFO,40.32,9.6,230.4,24,544.95,0.41,Rough,FMS_MARITIME,2026-04-06
2023-11-01,49,VLSFO,16.85,15.7,376.8,24,139.254,0.99,Rough,FMS_MARITIME,2026-04-06
2023-11-02,49,MGO,69.45,15.9,381.6,24,566.7382,0.82,Moderate,FMS_MARITIME,2026-04-06
2023-11-03,49,HFO,63.1,14.7,352.8,24,556.9541,0.43,Moderate,FMS_MARITIME,2026-04-06
2023-11-04,49,MGO,83.47,16.6,398.4,24,652.4236,0.76,Calm,FMS_MARITIME,2026-04-06
2023-11-05,49,LSMGO,28.53,11.8,283.2,24,313.7091,0.8,Moderate,FMS_MARITIME,2026-04-06
2023-11-06,49,VLSFO,43.09,14.5,348.0,24,385.5812,0.62,Calm,FMS_MARITIME,2026-04-06
2023-11-07,49,HFO,35.26,15.9,381.6,24,287.7349,0.49,Calm,FMS_MARITIME,2026-04-06
2023-11-08,49,LNG,45.05,8.6,206.4,24,679.6788,0.71,Rough,FMS_MARITIME,2026-04-06
2023-11-09,49,VLSFO,16.67,14.4,345.6,24,150.2036,0.42,Rough,FMS_MARITIME,2026-04-06
2023-11-10,49,HFO,77.44,8.0,192.0,24,1255.98,0.87,Moderate,FMS_MARITIME,2026-04-06
2023-11-11,49,VLSFO,39.13,11.6,278.4,24,437.6825,0.82,Calm,FMS_MARITIME,2026-04-06
2023-11-12,49,LNG,61.24,10.4,249.6,24,764.0279,0.88,Moderate,FMS_MARITIME,2026-04-06
2023-11-13,49,MGO,70.5,12.1,290.4,24,755.9814,0.5,Moderate,FMS_MARITIME,2026-04-06
2023-11-14,49,HFO,29.53,18.0,432.0,24,212.8621,0.8,Rough,FMS_MARITIME,2026-04-06
2023-11-15,49,VLSFO,56.61,9.5,228.0,24,773.1734,0.72,Moderate,FMS_MARITIME,2026-04-06
2023-11-16,49,LNG,71.14,17.4,417.6,24,530.4836,0.42,Rough,FMS_MARITIME,2026-04-06
2023-11-17,49,MGO,82.85,17.0,408.0,24,632.3404,1.0,Rough,FMS_MARITIME,2026-04-06
2023-11-18,49,MGO,57.96,14.6,350.4,24,515.0897,0.63,Moderate,FMS_MARITIME,2026-04-06
2023-11-19,49,HFO,19.09,15.8,379.2,24,156.7676,0.69,Calm,FMS_MARITIME,2026-04-06
2023-11-20,49,LSMGO,34.03,14.5,348.0,24,304.5098,0.68,Rough,FMS_MARITIME,2026-04-06
2023-11-21,49,MGO,45.05,11.2,268.8,24,521.8962,0.6,Rough,FMS_MARITIME,2026-04-06
2023-11-22,49,MGO,75.47,17.9,429.6,24,547.0521,0.54,Calm,FMS_MARITIME,2026-04-06
2023-11-23,49,MGO,19.99,14.2,340.8,24,182.6551,0.74,Moderate,FMS_MARITIME,2026-04-06
2023-11-24,49,HFO,73.79,15.0,360.0,24,638.2835,0.67,Rough,FMS_MARITIME,2026-04-06
2023-11-25,49,VLSFO,68.24,9.4,225.6,24,941.9298,0.59,Calm,FMS_MARITIME,2026-04-06
2023-11-26,49,MGO,23.01,9.2,220.8,24,324.516,0.42,Rough,FMS_MARITIME,2026-04-06
2023-11-27,49,HFO,29.85,10.6,254.4,24,365.3809,0.73,Calm,FMS_MARITIME,2026-04-06
2023-11-28,49,LSMGO,71.14,14.6,350.4,24,632.2202,0.41,Calm,FMS_MARITIME,2026-04-06
2023-11-28,49,MGO,15.23,13.8,331.2,24,143.1951,0.49,Rough,FMS_MARITIME,2026-04-06
2023-11-28,49,MGO,59.84,9.5,228.0,24,817.2884,0.65,Moderate,FMS_MARITIME,2026-04-06
2023-11-01,50,HFO,35.54,14.7,352.8,24,313.6949,1.0,Moderate,FMS_MARITIME,2026-04-06
2023-11-02,50,MGO,39.17,9.8,235.2,24,518.6028,0.64,Moderate,FMS_MARITIME,2026-04-06
2023-11-03,50,VLSFO,43.61,15.7,376.8,24,360.4075,0.77,Rough,FMS_MARITIME,2026-04-06
2023-11-04,50,LSMGO,43.22,10.7,256.8,24,524.093,0.77,Calm,FMS_MARITIME,2026-04-06
2023-11-05,50,LSMGO,38.54,14.7,352.8,24,340.1745,0.44,Rough,FMS_MARITIME,2026-04-06
2023-11-06,50,HFO,48.59,12.7,304.8,24,496.4215,0.73,Rough,FMS_MARITIME,2026-04-06
2023-11-07,50,LNG,75.35,9.2,220.8,24,1062.6807,0.46,Rough,FMS_MARITIME,2026-04-06
2023-11-08,50,MGO,75.58,8.1,194.4,24,1210.6796,0.58,Calm,FMS_MARITIME,2026-04-06
2023-11-09,50,LSMGO,20.46,9.3,223.2,24,285.45,0.42,Moderate,FMS_MARITIME,2026-04-06
2023-11-10,50,MGO,84.32,12.6,302.4,24,868.2952,0.72,Moderate,FMS_MARITIME,2026-04-06
2023-11-11,50,VLSFO,28.15,9.8,235.2,24,372.7003,0.77,Calm,FMS_MARITIME,2026-04-06
2023-11-12,50,LSMGO,21.25,13.7,328.8,24,201.2546,0.54,Rough,FMS_MARITIME,2026-04-06
2023-11-13,50,LNG,57.34,12.9,309.6,24,576.7337,0.89,Rough,FMS_MARITIME,2026-04-06
2023-11-14,50,VLSFO,68.39,16.9,405.6,24,525.0652,0.56,Calm,FMS_MARITIME,2026-04-06
2023-11-15,50,HFO,21.48,14.7,352.8,24,189.5939,0.98,Rough,FMS_MARITIME,2026-04-06
2023-11-16,50,LNG,18.66,9.6,230.4,24,252.2016,0.92,Rough,FMS_MARITIME,2026-04-06
2023-11-17,50,MGO,50.9,8.8,211.2,24,750.4858,0.9,Rough,FMS_MARITIME,2026-04-06
2023-11-18,50,VLSFO,51.79,9.6,230.4,24,699.9742,0.72,Rough,FMS_MARITIME,2026-04-06
2023-11-19,50,LNG,58.57,13.0,312.0,24,584.5737,0.62,Calm,FMS_MARITIME,2026-04-06
2023-11-20,50,LSMGO,29.43,15.8,379.2,24,241.6799,0.93,Calm,FMS_MARITIME,2026-04-06
2023-11-21,50,MGO,48.05,17.1,410.4,24,364.5899,0.8,Moderate,FMS_MARITIME,2026-04-06
2023-11-22,50,LNG,75.53,9.9,237.6,24,989.9008,0.45,Calm,FMS_MARITIME,2026-04-06
2023-11-23,50,LNG,34.91,9.5,228.0,24,476.7971,0.88,Moderate,FMS_MARITIME,2026-04-06
2023-11-24,50,LNG,66.81,10.4,249.6,24,833.519,0.96,Calm,FMS_MARITIME,2026-04-06
2023-11-25,50,HFO,35.9,16.7,400.8,24,278.9237,0.99,Moderate,FMS_MARITIME,2026-04-06
2023-11-26,50,LSMGO,17.1,12.7,304.8,24,174.7028,0.87,Rough,FMS_MARITIME,2026-04-06
2023-11-27,50,HFO,68.56,12.8,307.2,24,694.9734,0.78,Calm,FMS_MARITIME,2026-04-06
2023-11-28,50,LNG,39.11,16.2,388.8,24,313.2421,0.81,Rough,FMS_MARITIME,2026-04-06
2023-11-28,50,HFO,23.11,17.2,412.8,24,174.3327,0.64,Moderate,FMS_MARITIME,2026-04-06
2023-11-28,50,HFO,38.47,17.0,408.0,24,293.6166,0.74,Calm,FMS_MARITIME,2026-04-06
2023-11-01,51,LSMGO,27.93,16.5,396.0,24,219.6314,0.62,Calm,FMS_MARITIME,2026-04-06
2023-11-02,51,HFO,43.96,15.7,376.8,24,363.3,0.99,Rough,FMS_MARITIME,2026-04-06
2023-11-03,51,HFO,30.41,10.0,240.0,24,394.5697,0.74,Calm,FMS_MARITIME,2026-04-06
2023-11-04,51,HFO,19.01,15.3,367.2,24,161.2123,0.82,Calm,FMS_MARITIME,2026-04-06
2023-11-05,51,MGO,82.95,17.5,420.0,24,615.015,0.52,Rough,FMS_MARITIME,2026-04-06
2023-11-06,51,LSMGO,57.95,13.0,312.0,24,578.3856,0.5,Moderate,FMS_MARITIME,2026-04-06
2023-11-07,51,HFO,48.95,10.5,252.0,24,604.8821,0.7,Calm,FMS_MARITIME,2026-04-06
2023-11-08,51,MGO,45.05,12.8,307.2,24,456.6592,0.9,Rough,FMS_MARITIME,2026-04-06
2023-11-09,51,LNG,28.88,16.0,384.0,24,234.1987,0.45,Calm,FMS_MARITIME,2026-04-06
2023-11-10,51,LSMGO,68.31,9.2,220.8,24,963.3937,0.54,Rough,FMS_MARITIME,2026-04-06
2023-11-11,51,LSMGO,50.62,13.3,319.2,24,493.8305,0.41,Moderate,FMS_MARITIME,2026-04-06
2023-11-12,51,VLSFO,32.64,13.0,312.0,24,325.7723,0.42,Calm,FMS_MARITIME,2026-04-06
2023-11-13,51,MGO,38.46,15.5,372.0,24,321.9474,0.79,Rough,FMS_MARITIME,2026-04-06
2023-11-14,51,LSMGO,17.61,16.7,400.8,24,136.8202,0.93,Rough,FMS_MARITIME,2026-04-06
2023-11-15,51,LNG,59.39,8.3,199.2,24,928.416,0.62,Calm,FMS_MARITIME,2026-04-06
2023-11-16,51,LNG,24.61,8.9,213.6,24,358.7806,0.56,Calm,FMS_MARITIME,2026-04-06
2023-11-17,51,HFO,21.94,8.7,208.8,24,327.2086,0.47,Moderate,FMS_MARITIME,2026-04-06
2023-11-18,51,VLSFO,54.86,10.2,244.8,24,697.8515,0.91,Moderate,FMS_MARITIME,2026-04-06
2023-11-19,51,LSMGO,20.84,13.5,324.0,24,200.2956,0.56,Calm,FMS_MARITIME,2026-04-06
2023-11-20,51,HFO,15.57,11.0,264.0,24,183.6552,0.55,Rough,FMS_MARITIME,2026-04-06
2023-11-21,51,HFO,49.16,10.4,249.6,24,613.3183,0.59,Calm,FMS_MARITIME,2026-04-06
2023-11-22,51,MGO,74.2,17.2,412.8,24,559.7355,0.57,Moderate,FMS_MARITIME,2026-04-06
2023-11-23,51,HFO,62.19,15.0,360.0,24,537.9435,0.83,Calm,FMS_MARITIME,2026-04-06
2023-11-24,51,VLSFO,37.35,12.4,297.6,24,390.8196,0.58,Moderate,FMS_MARITIME,2026-04-06
2023-11-25,51,MGO,55.27,13.8,331.2,24,519.6582,0.5,Calm,FMS_MARITIME,2026-04-06
2023-11-26,51,LSMGO,79.3,17.7,424.8,24,581.3093,0.79,Calm,FMS_MARITIME,2026-04-06
2023-11-27,51,LNG,46.52,14.7,352.8,24,410.6102,0.55,Calm,FMS_MARITIME,2026-04-06
2023-11-28,51,LNG,30.9,13.6,326.4,24,294.7996,0.91,Calm,FMS_MARITIME,2026-04-06
2023-11-28,51,LNG,32.61,16.5,396.0,24,256.4332,0.64,Rough,FMS_MARITIME,2026-04-06
2023-11-28,51,VLSFO,21.91,11.3,271.2,24,251.5772,0.82,Rough,FMS_MARITIME,2026-04-06
2023-11-01,52,LSMGO,22.02,17.1,410.4,24,167.0816,0.76,Rough,FMS_MARITIME,2026-04-06
2023-11-02,52,MGO,39.47,11.1,266.4,24,461.3723,0.79,Calm,FMS_MARITIME,2026-04-06
2023-11-03,52,LNG,16.2,16.1,386.4,24,130.5559,0.62,Calm,FMS_MARITIME,2026-04-06
2023-11-04,52,MGO,67.44,11.0,264.0,24,795.4855,0.45,Calm,FMS_MARITIME,2026-04-06
2023-11-05,52,VLSFO,20.59,16.5,396.0,24,161.9123,0.54,Moderate,FMS_MARITIME,2026-04-06
2023-11-06,52,LNG,36.15,14.4,345.6,24,325.7266,0.72,Calm,FMS_MARITIME,2026-04-06
2023-11-07,52,LNG,47.93,15.8,379.2,24,393.6024,0.83,Calm,FMS_MARITIME,2026-04-06
2023-11-08,52,LNG,56.51,16.7,400.8,24,439.0522,0.79,Rough,FMS_MARITIME,2026-04-06
2023-11-09,52,MGO,29.73,16.1,386.4,24,239.5943,0.69,Moderate,FMS_MARITIME,2026-04-06
2023-11-10,52,MGO,55.95,8.5,204.0,24,854.0603,0.81,Calm,FMS_MARITIME,2026-04-06
2023-11-11,52,HFO,31.95,17.9,429.6,24,231.5929,0.53,Rough,FMS_MARITIME,2026-04-06
2023-11-12,52,VLSFO,81.12,12.5,300.0,24,842.0256,0.89,Calm,FMS_MARITIME,2026-04-06
2023-11-13,52,VLSFO,26.89,14.0,336.0,24,249.2127,0.99,Rough,FMS_MARITIME,2026-04-06
2023-11-14,52,LNG,23.1,12.6,302.4,24,237.875,0.64,Rough,FMS_MARITIME,2026-04-06
2023-11-15,52,HFO,78.97,14.8,355.2,24,692.3215,0.77,Rough,FMS_MARITIME,2026-04-06
2023-11-16,52,LSMGO,64.13,12.9,309.6,24,645.0285,0.97,Rough,FMS_MARITIME,2026-04-06
2023-11-17,52,VLSFO,79.54,14.0,336.0,24,737.1654,0.88,Moderate,FMS_MARITIME,2026-04-06
2023-11-18,52,MGO,58.9,8.7,208.8,24,878.4224,0.79,Rough,FMS_MARITIME,2026-04-06
2023-11-19,52,MGO,28.73,11.4,273.6,24,326.9928,0.77,Rough,FMS_MARITIME,2026-04-06
2023-11-20,52,VLSFO,58.11,11.2,268.8,24,673.194,0.87,Moderate,FMS_MARITIME,2026-04-06
2023-11-21,52,LNG,58.27,14.1,338.4,24,536.208,0.66,Calm,FMS_MARITIME,2026-04-06
2023-11-22,52,MGO,66.2,10.2,244.8,24,842.1029,0.74,Rough,FMS_MARITIME,2026-04-06
2023-11-23,52,HFO,83.32,11.6,278.4,24,931.9629,0.61,Rough,FMS_MARITIME,2026-04-06
2023-11-24,52,LSMGO,51.72,10.8,259.2,24,621.3583,0.68,Rough,FMS_MARITIME,2026-04-06
2023-11-25,52,MGO,64.08,16.9,405.6,24,491.9751,0.64,Moderate,FMS_MARITIME,2026-04-06
2023-11-26,52,LSMGO,47.62,14.4,345.6,24,429.076,0.65,Rough,FMS_MARITIME,2026-04-06
2023-11-27,52,MGO,34.29,8.0,192.0,24,556.1409,0.59,Moderate,FMS_MARITIME,2026-04-06
2023-11-28,52,LNG,53.12,13.6,326.4,24,506.7882,0.84,Moderate,FMS_MARITIME,2026-04-06
2023-11-28,52,MGO,57.62,16.2,388.8,24,461.4935,0.82,Rough,FMS_MARITIME,2026-04-06
2023-11-28,52,MGO,73.15,14.9,357.6,24,636.9941,0.77,Moderate,FMS_MARITIME,2026-04-06
2023-11-01,53,VLSFO,68.77,10.0,240.0,24,892.2908,0.75,Moderate,FMS_MARITIME,2026-04-06
2023-11-02,53,LSMGO,81.56,11.3,271.2,24,936.4965,0.51,Calm,FMS_MARITIME,2026-04-06
2023-11-03,53,HFO,41.09,8.3,199.2,24,642.3407,0.68,Rough,FMS_MARITIME,2026-04-06
2023-11-04,53,VLSFO,80.08,14.6,350.4,24,711.6699,0.54,Calm,FMS_MARITIME,2026-04-06
2023-11-05,53,LNG,49.23,9.8,235.2,24,651.7952,0.77,Calm,FMS_MARITIME,2026-04-06
2023-11-06,53,LNG,69.87,12.0,288.0,24,755.4694,0.5,Moderate,FMS_MARITIME,2026-04-06
2023-11-07,53,LSMGO,15.38,8.5,204.0,24,234.7712,0.61,Rough,FMS_MARITIME,2026-04-06
2023-11-08,53,MGO,39.84,10.2,244.8,24,506.7882,0.89,Rough,FMS_MARITIME,2026-04-06
2023-11-09,53,MGO,73.25,10.5,252.0,24,905.1607,0.68,Calm,FMS_MARITIME,2026-04-06
2023-11-10,53,LSMGO,31.55,11.9,285.6,24,344.0011,0.56,Calm,FMS_MARITIME,2026-04-06
2023-11-11,53,VLSFO,22.6,9.3,223.2,24,315.3065,0.74,Moderate,FMS_MARITIME,2026-04-06
2023-11-12,53,MGO,76.72,11.0,264.0,24,904.9473,0.62,Rough,FMS_MARITIME,2026-04-06
2023-11-13,53,MGO,16.66,8.6,206.4,24,251.3529,0.8,Rough,FMS_MARITIME,2026-04-06
2023-11-14,53,LSMGO,38.63,15.3,367.2,24,327.5975,0.68,Moderate,FMS_MARITIME,2026-04-06
2023-11-15,53,HFO,32.81,16.5,396.0,24,258.0059,0.86,Moderate,FMS_MARITIME,2026-04-06
2023-11-16,53,VLSFO,17.35,13.3,319.2,24,169.2603,0.46,Calm,FMS_MARITIME,2026-04-06
2023-11-17,53,HFO,59.23,16.0,384.0,24,480.3183,0.95,Calm,FMS_MARITIME,2026-04-06
2023-11-18,53,MGO,48.1,9.7,232.8,24,643.3995,0.98,Calm,FMS_MARITIME,2026-04-06
2023-11-19,53,MGO,70.23,14.9,357.6,24,611.5666,0.49,Moderate,FMS_MARITIME,2026-04-06
2023-11-20,53,MGO,36.33,14.6,350.4,24,322.8642,0.93,Calm,FMS_MARITIME,2026-04-06
2023-11-21,53,LSMGO,30.32,16.3,391.2,24,241.3509,0.9,Moderate,FMS_MARITIME,2026-04-06
2023-11-22,53,LNG,16.68,10.5,252.0,24,206.1171,0.59,Moderate,FMS_MARITIME,2026-04-06
2023-11-23,53,VLSFO,61.76,13.5,324.0,24,593.5822,0.86,Calm,FMS_MARITIME,2026-04-06
2023-11-24,53,LSMGO,74.37,17.6,422.4,24,548.2675,0.68,Rough,FMS_MARITIME,2026-04-06
2023-11-25,53,HFO,51.13,8.1,194.4,24,819.0269,0.96,Calm,FMS_MARITIME,2026-04-06
2023-11-26,53,VLSFO,52.72,17.3,415.2,24,395.4,0.41,Calm,FMS_MARITIME,2026-04-06
2023-11-27,53,LNG,52.89,12.4,297.6,24,553.4256,0.89,Moderate,FMS_MARITIME,2026-04-06
2023-11-28,53,VLSFO,28.64,12.1,290.4,24,307.1107,0.42,Moderate,FMS_MARITIME,2026-04-06
2023-11-28,53,VLSFO,40.38,8.8,211.2,24,595.3756,0.77,Moderate,FMS_MARITIME,2026-04-06
2023-11-28,53,LNG,33.76,17.2,412.8,24,254.6721,0.44,Calm,FMS_MARITIME,2026-04-06
2023-11-01,54,HFO,31.1,17.0,408.0,24,237.3662,0.44,Rough,FMS_MARITIME,2026-04-06
2023-11-02,54,HFO,43.42,8.5,204.0,24,662.7935,0.93,Moderate,FMS_MARITIME,2026-04-06
2023-11-03,54,MGO,55.51,9.9,237.6,24,727.5174,0.4,Rough,FMS_MARITIME,2026-04-06
2023-11-04,54,LSMGO,31.75,14.4,345.6,24,286.0807,0.43,Calm,FMS_MARITIME,2026-04-06
2023-11-05,54,LSMGO,25.85,15.7,376.8,24,213.633,0.73,Calm,FMS_MARITIME,2026-04-06
2023-11-06,54,VLSFO,30.37,13.6,326.4,24,289.7432,0.86,Moderate,FMS_MARITIME,2026-04-06
2023-11-07,54,MGO,20.1,15.1,362.4,24,172.7136,0.85,Rough,FMS_MARITIME,2026-04-06
2023-11-08,54,MGO,80.44,14.8,355.2,24,705.2088,0.76,Calm,FMS_MARITIME,2026-04-06
2023-11-09,54,LSMGO,33.57,17.8,427.2,24,244.7027,0.75,Calm,FMS_MARITIME,2026-04-06
2023-11-10,54,LSMGO,48.11,10.1,242.4,24,618.0468,0.75,Moderate,FMS_MARITIME,2026-04-06
2023-11-11,54,LNG,56.73,8.1,194.4,24,908.7306,0.44,Rough,FMS_MARITIME,2026-04-06
2023-11-12,54,MGO,83.41,14.2,340.8,24,762.1442,0.54,Moderate,FMS_MARITIME,2026-04-06
2023-11-13,54,MGO,82.22,13.7,328.8,24,778.6894,0.98,Rough,FMS_MARITIME,2026-04-06
2023-11-14,54,MGO,40.95,13.1,314.4,24,405.5926,0.63,Rough,FMS_MARITIME,2026-04-06
2023-11-15,54,VLSFO,52.68,16.6,398.4,24,411.7608,0.94,Moderate,FMS_MARITIME,2026-04-06
2023-11-16,54,LNG,21.63,8.5,204.0,24,330.1756,0.59,Calm,FMS_MARITIME,2026-04-06
2023-11-17,54,HFO,79.63,14.7,352.8,24,702.8566,0.44,Moderate,FMS_MARITIME,2026-04-06
2023-11-18,54,VLSFO,30.59,10.6,254.4,24,374.4389,0.56,Calm,FMS_MARITIME,2026-04-06
2023-11-19,54,HFO,18.51,12.4,297.6,24,193.6833,0.83,Calm,FMS_MARITIME,2026-04-06
2023-11-20,54,LSMGO,31.64,15.7,376.8,24,261.4834,0.6,Moderate,FMS_MARITIME,2026-04-06
2023-11-21,54,VLSFO,81.87,9.3,223.2,24,1142.2185,0.8,Rough,FMS_MARITIME,2026-04-06
2023-11-22,54,MGO,71.31,13.0,312.0,24,711.7287,0.88,Rough,FMS_MARITIME,2026-04-06
2023-11-23,54,MGO,30.21,10.8,259.2,24,362.9396,0.84,Rough,FMS_MARITIME,2026-04-06
2023-11-24,54,VLSFO,47.04,14.8,355.2,24,412.3946,0.98,Rough,FMS_MARITIME,2026-04-06
2023-11-25,54,VLSFO,33.71,14.0,336.0,24,312.4195,0.97,Rough,FMS_MARITIME,2026-04-06
2023-11-26,54,LNG,78.67,13.3,319.2,24,767.4761,0.82,Moderate,FMS_MARITIME,2026-04-06
2023-11-27,54,MGO,33.57,14.5,348.0,24,300.3936,0.4,Moderate,FMS_MARITIME,2026-04-06
2023-11-28,54,HFO,72.42,14.6,350.4,24,643.5955,0.53,Calm,FMS_MARITIME,2026-04-06
2023-11-28,54,MGO,63.85,14.7,352.8,24,563.574,0.56,Moderate,FMS_MARITIME,2026-04-06
2023-11-28,54,LNG,16.53,17.1,410.4,24,125.425,0.93,Moderate,FMS_MARITIME,2026-04-06
2023-11-01,55,LNG,35.43,13.9,333.6,24,330.7225,0.76,Moderate,FMS_MARITIME,2026-04-06
2023-11-02,55,LSMGO,43.35,16.5,396.0,24,340.8886,0.92,Calm,FMS_MARITIME,2026-04-06
2023-11-03,55,LSMGO,26.29,17.5,420.0,24,194.9216,0.75,Calm,FMS_MARITIME,2026-04-06
2023-11-04,55,LNG,51.19,13.5,324.0,24,491.9928,0.46,Moderate,FMS_MARITIME,2026-04-06
2023-11-05,55,VLSFO,39.36,10.0,240.0,24,510.696,0.8,Moderate,FMS_MARITIME,2026-04-06
2023-11-06,55,MGO,57.03,14.2,340.8,24,521.1016,0.74,Moderate,FMS_MARITIME,2026-04-06
2023-11-07,55,HFO,19.91,11.3,271.2,24,228.6126,0.5,Calm,FMS_MARITIME,2026-04-06
2023-11-08,55,LSMGO,23.6,17.3,415.2,24,177.0,0.53,Moderate,FMS_MARITIME,2026-04-06
2023-11-09,55,VLSFO,60.51,11.0,264.0,24,713.743,0.93,Rough,FMS_MARITIME,2026-04-06
2023-11-10,55,MGO,66.05,14.5,348.0,24,591.0336,0.46,Moderate,FMS_MARITIME,2026-04-06
2023-11-11,55,VLSFO,33.78,10.0,240.0,24,438.2955,0.75,Calm,FMS_MARITIME,2026-04-06
2023-11-12,55,VLSFO,72.84,11.4,273.6,24,829.0342,0.67,Moderate,FMS_MARITIME,2026-04-06
2023-11-13,55,LNG,49.15,15.1,362.4,24,422.332,0.74,Moderate,FMS_MARITIME,2026-04-06
2023-11-14,55,LSMGO,59.66,16.8,403.2,24,460.767,0.53,Moderate,FMS_MARITIME,2026-04-06
2023-11-15,55,LSMGO,49.89,13.0,312.0,24,497.9406,0.63,Calm,FMS_MARITIME,2026-04-06
2023-11-16,55,LNG,81.8,9.0,216.0,24,1179.2833,0.42,Calm,FMS_MARITIME,2026-04-06
2023-11-17,55,VLSFO,38.85,13.2,316.8,24,381.8778,0.55,Calm,FMS_MARITIME,2026-04-06
2023-11-18,55,MGO,53.45,17.6,422.4,24,394.0419,0.78,Moderate,FMS_MARITIME,2026-04-06
2023-11-19,55,LSMGO,24.35,9.3,223.2,24,339.7218,0.41,Rough,FMS_MARITIME,2026-04-06
2023-11-20,55,LSMGO,57.43,17.8,427.2,24,418.626,0.9,Moderate,FMS_MARITIME,2026-04-06
2023-11-21,55,LSMGO,71.32,8.5,204.0,24,1088.6788,0.49,Rough,FMS_MARITIME,2026-04-06
2023-11-22,55,LSMGO,70.06,10.8,259.2,24,841.6931,0.68,Moderate,FMS_MARITIME,2026-04-06
2023-11-23,55,LNG,79.96,8.4,201.6,24,1235.0964,0.8,Calm,FMS_MARITIME,2026-04-06
2023-11-24,55,HFO,19.18,17.8,427.2,24,139.8093,0.99,Rough,FMS_MARITIME,2026-04-06
2023-11-25,55,MGO,72.5,16.7,400.8,24,563.2859,0.61,Rough,FMS_MARITIME,2026-04-06
2023-11-26,55,VLSFO,75.33,12.5,300.0,24,781.9254,0.61,Calm,FMS_MARITIME,2026-04-06
2023-11-27,55,HFO,36.11,9.4,225.6,24,498.4332,0.93,Rough,FMS_MARITIME,2026-04-06
2023-11-28,55,LNG,70.37,8.3,199.2,24,1100.0611,0.74,Moderate,FMS_MARITIME,2026-04-06
2023-11-28,55,LNG,65.98,13.2,316.8,24,648.5534,0.81,Moderate,FMS_MARITIME,2026-04-06
2023-11-28,55,VLSFO,69.96,17.9,429.6,24,507.1123,0.59,Rough,FMS_MARITIME,2026-04-06
2023-11-01,56,VLSFO,80.96,10.9,261.6,24,963.7211,0.42,Rough,FMS_MARITIME,2026-04-06
2023-11-02,56,MGO,63.62,11.8,283.2,24,699.5504,0.93,Calm,FMS_MARITIME,2026-04-06
2023-11-03,56,VLSFO,71.87,15.7,376.8,24,593.9575,0.74,Moderate,FMS_MARITIME,2026-04-06
2023-11-04,56,VLSFO,77.16,10.1,242.4,24,991.2386,0.91,Moderate,FMS_MARITIME,2026-04-06
2023-11-05,56,MGO,30.3,16.3,391.2,24,241.1917,0.95,Calm,FMS_MARITIME,2026-04-06
2023-11-06,56,LSMGO,50.87,14.2,340.8,24,464.8157,0.6,Calm,FMS_MARITIME,2026-04-06
2023-11-07,56,MGO,31.9,9.0,216.0,24,459.8917,0.89,Moderate,FMS_MARITIME,2026-04-06
2023-11-08,56,MGO,61.87,17.0,408.0,24,472.2137,0.61,Calm,FMS_MARITIME,2026-04-06
2023-11-09,56,MGO,62.51,9.1,218.4,24,891.2827,0.71,Rough,FMS_MARITIME,2026-04-06
2023-11-10,56,VLSFO,26.72,15.5,372.0,24,223.6723,0.99,Moderate,FMS_MARITIME,2026-04-06
2023-11-11,56,MGO,18.7,13.4,321.6,24,181.069,0.64,Rough,FMS_MARITIME,2026-04-06
2023-11-12,56,MGO,49.98,16.7,400.8,24,388.3177,0.48,Calm,FMS_MARITIME,2026-04-06
2023-11-13,56,VLSFO,34.79,8.5,204.0,24,531.0591,0.96,Rough,FMS_MARITIME,2026-04-06
2023-11-14,56,MGO,29.79,14.3,343.2,24,270.2974,0.97,Moderate,FMS_MARITIME,2026-04-06
2023-11-15,56,MGO,17.91,17.6,422.4,24,132.0354,0.79,Rough,FMS_MARITIME,2026-04-06
2023-11-16,56,HFO,53.44,14.1,338.4,24,491.7617,0.46,Calm,FMS_MARITIME,2026-04-06
2023-11-17,56,MGO,60.26,15.4,369.6,24,507.7101,0.82,Calm,FMS_MARITIME,2026-04-06
2023-11-18,56,MGO,51.92,8.2,196.8,24,821.539,0.43,Rough,FMS_MARITIME,2026-04-06
2023-11-19,56,MGO,17.4,15.5,372.0,24,145.6548,0.96,Moderate,FMS_MARITIME,2026-04-06
2023-11-20,56,LNG,60.85,11.8,283.2,24,669.0922,0.66,Rough,FMS_MARITIME,2026-04-06
2023-11-21,56,LNG,38.42,16.4,393.6,24,303.9631,0.41,Moderate,FMS_MARITIME,2026-04-06
2023-11-22,56,VLSFO,32.91,14.4,345.6,24,296.5328,0.49,Calm,FMS_MARITIME,2026-04-06
2023-11-23,56,LNG,15.06,15.4,369.6,24,126.8854,0.6,Calm,FMS_MARITIME,2026-04-06
2023-11-24,56,LNG,44.12,11.6,278.4,24,493.4974,0.66,Rough,FMS_MARITIME,2026-04-06
2023-11-25,56,LSMGO,66.49,17.7,424.8,24,487.4055,0.76,Rough,FMS_MARITIME,2026-04-06
2023-11-26,56,VLSFO,43.41,14.7,352.8,24,383.1597,0.69,Rough,FMS_MARITIME,2026-04-06
2023-11-27,56,HFO,32.19,15.3,367.2,24,272.9838,0.54,Rough,FMS_MARITIME,2026-04-06
2023-11-28,56,VLSFO,54.65,14.5,348.0,24,489.0233,0.88,Rough,FMS_MARITIME,2026-04-06
2023-11-28,56,MGO,32.3,17.1,410.4,24,245.0833,0.42,Moderate,FMS_MARITIME,2026-04-06
2023-11-28,56,LNG,69.25,8.1,194.4,24,1109.2824,0.9,Rough,FMS_MARITIME,2026-04-06
2023-11-01,57,MGO,72.09,11.6,278.4,24,806.3515,0.94,Calm,FMS_MARITIME,2026-04-06
2023-11-02,57,HFO,38.7,12.1,290.4,24,414.9855,0.6,Rough,FMS_MARITIME,2026-04-06
2023-11-03,57,MGO,20.61,10.7,256.8,24,249.9203,0.83,Moderate,FMS_MARITIME,2026-04-06
2023-11-04,57,HFO,63.61,17.4,417.6,24,474.3332,0.57,Rough,FMS_MARITIME,2026-04-06
2023-11-05,57,HFO,50.21,12.1,290.4,24,538.4089,0.7,Moderate,FMS_MARITIME,2026-04-06
2023-11-06,57,VLSFO,17.76,13.0,312.0,24,177.2585,0.9,Calm,FMS_MARITIME,2026-04-06
2023-11-07,57,HFO,41.51,9.7,232.8,24,555.2497,0.48,Calm,FMS_MARITIME,2026-04-06
2023-11-08,57,HFO,16.44,12.5,300.0,24,170.6472,0.75,Calm,FMS_MARITIME,2026-04-06
2023-11-09,57,VLSFO,59.7,14.9,357.6,24,519.8708,0.82,Rough,FMS_MARITIME,2026-04-06
2023-11-10,57,LSMGO,78.47,10.3,247.2,24,988.4934,0.75,Rough,FMS_MARITIME,2026-04-06
2023-11-11,57,HFO,54.09,14.2,340.8,24,494.2379,0.99,Calm,FMS_MARITIME,2026-04-06
2023-11-12,57,LNG,74.41,8.3,199.2,24,1163.2166,0.72,Moderate,FMS_MARITIME,2026-04-06
2023-11-13,57,HFO,37.19,17.5,420.0,24,275.7373,0.97,Rough,FMS_MARITIME,2026-04-06
2023-11-14,57,VLSFO,42.36,13.7,328.8,24,401.1832,0.92,Moderate,FMS_MARITIME,2026-04-06
2023-11-15,57,VLSFO,53.83,12.1,290.4,24,577.2267,0.53,Rough,FMS_MARITIME,2026-04-06
2023-11-16,57,HFO,55.37,10.2,244.8,24,704.339,0.52,Moderate,FMS_MARITIME,2026-04-06
2023-11-17,57,LNG,18.25,14.9,357.6,24,158.922,0.52,Rough,FMS_MARITIME,2026-04-06
2023-11-18,57,HFO,32.33,12.3,295.2,24,341.0421,0.93,Calm,FMS_MARITIME,2026-04-06
2023-11-19,57,LNG,35.18,17.1,410.4,24,266.936,0.43,Calm,FMS_MARITIME,2026-04-06
2023-11-20,57,VLSFO,59.94,17.8,427.2,24,436.9222,0.92,Calm,FMS_MARITIME,2026-04-06
2023-11-21,57,MGO,28.2,13.7,328.8,24,267.0766,0.83,Calm,FMS_MARITIME,2026-04-06
2023-11-22,57,HFO,28.02,16.5,396.0,24,220.3391,0.5,Calm,FMS_MARITIME,2026-04-06
2023-11-23,57,VLSFO,58.15,17.5,420.0,24,431.1407,0.75,Calm,FMS_MARITIME,2026-04-06
2023-11-24,57,MGO,41.61,17.9,429.6,24,301.6144,0.41,Rough,FMS_MARITIME,2026-04-06
2023-11-25,57,VLSFO,56.94,9.4,225.6,24,785.9537,0.85,Rough,FMS_MARITIME,2026-04-06
2023-11-26,57,MGO,41.98,8.4,201.6,24,648.4411,0.94,Moderate,FMS_MARITIME,2026-04-06
2023-11-27,57,LNG,43.09,11.2,268.8,24,499.19,0.84,Rough,FMS_MARITIME,2026-04-06
2023-11-28,57,LSMGO,54.67,12.4,297.6,24,572.051,0.43,Rough,FMS_MARITIME,2026-04-06
2023-11-28,57,MGO,28.49,14.2,340.8,24,260.3224,0.93,Moderate,FMS_MARITIME,2026-04-06
2023-11-28,57,LNG,62.58,15.9,381.6,24,510.6764,0.55,Calm,FMS_MARITIME,2026-04-06
2023-11-01,58,MGO,75.6,17.1,410.4,24,573.6316,0.58,Calm,FMS_MARITIME,2026-04-06
2023-11-02,58,MGO,65.86,8.6,206.4,24,993.6436,0.92,Moderate,FMS_MARITIME,2026-04-06
2023-11-03,58,LNG,52.55,16.7,400.8,24,408.2852,0.97,Rough,FMS_MARITIME,2026-04-06
2023-11-04,58,LNG,43.62,16.8,403.2,24,336.8866,0.45,Calm,FMS_MARITIME,2026-04-06
2023-11-05,58,LNG,51.6,8.9,213.6,24,752.2584,0.98,Calm,FMS_MARITIME,2026-04-06
2023-11-06,58,HFO,69.08,11.5,276.0,24,779.4026,0.99,Moderate,FMS_MARITIME,2026-04-06
2023-11-07,58,HFO,62.18,9.3,223.2,24,867.5113,0.68,Calm,FMS_MARITIME,2026-04-06
2023-11-08,58,LNG,33.65,11.4,273.6,24,382.9901,0.96,Moderate,FMS_MARITIME,2026-04-06
2023-11-09,58,LNG,69.36,15.2,364.8,24,592.0697,0.72,Rough,FMS_MARITIME,2026-04-06
2023-11-10,58,MGO,84.98,15.3,367.2,24,720.6637,0.65,Moderate,FMS_MARITIME,2026-04-06
2023-11-11,58,LNG,68.36,9.3,223.2,24,953.7323,0.64,Calm,FMS_MARITIME,2026-04-06
2023-11-12,58,HFO,27.09,9.5,228.0,24,369.9924,0.6,Rough,FMS_MARITIME,2026-04-06
2023-11-13,58,MGO,55.63,12.6,302.4,24,572.8565,0.51,Moderate,FMS_MARITIME,2026-04-06
2023-11-14,58,MGO,71.0,11.1,266.4,24,829.9324,0.78,Rough,FMS_MARITIME,2026-04-06
2023-11-15,58,HFO,80.87,10.2,244.8,24,1028.714,0.6,Rough,FMS_MARITIME,2026-04-06
2023-11-16,58,LNG,71.31,13.3,319.2,24,695.6746,0.43,Moderate,FMS_MARITIME,2026-04-06
2023-11-17,58,HFO,73.62,13.7,328.8,24,697.2405,0.5,Rough,FMS_MARITIME,2026-04-06
2023-11-18,58,MGO,65.7,8.2,196.8,24,1039.5823,0.7,Calm,FMS_MARITIME,2026-04-06
2023-11-19,58,LSMGO,44.58,17.7,424.8,24,326.7941,0.81,Moderate,FMS_MARITIME,2026-04-06
2023-11-20,58,VLSFO,42.06,9.9,237.6,24,551.2409,0.43,Calm,FMS_MARITIME,2026-04-06
2023-11-21,58,VLSFO,68.58,14.8,355.2,24,601.2334,0.5,Moderate,FMS_MARITIME,2026-04-06
2023-11-22,58,LSMGO,40.18,11.4,273.6,24,457.3118,0.79,Moderate,FMS_MARITIME,2026-04-06
2023-11-23,58,MGO,38.17,17.9,429.6,24,276.6792,0.53,Moderate,FMS_MARITIME,2026-04-06
2023-11-24,58,LNG,19.58,10.2,244.8,24,249.0691,0.6,Rough,FMS_MARITIME,2026-04-06
2023-11-25,58,LNG,41.28,9.7,232.8,24,552.1732,0.51,Rough,FMS_MARITIME,2026-04-06
2023-11-26,58,MGO,64.22,17.4,417.6,24,478.8819,0.9,Moderate,FMS_MARITIME,2026-04-06
2023-11-27,58,HFO,17.25,17.2,412.8,24,130.1272,0.51,Moderate,FMS_MARITIME,2026-04-06
2023-11-28,58,VLSFO,59.92,15.8,379.2,24,492.0646,0.44,Moderate,FMS_MARITIME,2026-04-06
2023-11-28,58,VLSFO,44.73,10.2,244.8,24,568.9919,0.57,Moderate,FMS_MARITIME,2026-04-06
2023-11-28,58,MGO,76.33,10.2,244.8,24,970.9625,0.94,Calm,FMS_MARITIME,2026-04-06
2023-11-01,59,LNG,44.09,14.0,336.0,24,408.6198,0.86,Calm,FMS_MARITIME,2026-04-06
2023-11-02,59,HFO,47.6,13.7,328.8,24,450.8102,0.51,Moderate,FMS_MARITIME,2026-04-06
2023-11-03,59,HFO,24.75,14.9,357.6,24,215.5243,0.6,Calm,FMS_MARITIME,2026-04-06
2023-11-04,59,HFO,41.21,12.7,304.8,24,421.0234,0.93,Calm,FMS_MARITIME,2026-04-06
2023-11-05,59,LSMGO,40.27,10.7,256.8,24,488.3208,0.89,Calm,FMS_MARITIME,2026-04-06
2023-11-06,59,LSMGO,54.27,12.3,295.2,24,572.4823,0.99,Rough,FMS_MARITIME,2026-04-06
2023-11-07,59,LNG,38.73,9.1,218.4,24,552.2217,0.75,Calm,FMS_MARITIME,2026-04-06
2023-11-08,59,MGO,24.63,14.1,338.4,24,226.6484,0.44,Calm,FMS_MARITIME,2026-04-06
2023-11-09,59,MGO,36.88,9.0,216.0,24,531.6867,0.44,Rough,FMS_MARITIME,2026-04-06
2023-11-10,59,HFO,25.86,14.9,357.6,24,225.1903,0.85,Calm,FMS_MARITIME,2026-04-06
2023-11-11,59,LSMGO,79.28,16.3,391.2,24,631.0785,0.62,Moderate,FMS_MARITIME,2026-04-06
2023-11-12,59,MGO,32.18,12.7,304.8,24,328.7681,0.43,Calm,FMS_MARITIME,2026-04-06
2023-11-13,59,LSMGO,39.77,15.7,376.8,24,328.6725,0.4,Moderate,FMS_MARITIME,2026-04-06
2023-11-14,59,HFO,75.4,8.3,199.2,24,1178.6928,0.74,Rough,FMS_MARITIME,2026-04-06
2023-11-15,59,HFO,27.58,9.2,220.8,24,388.9679,0.98,Rough,FMS_MARITIME,2026-04-06
2023-11-16,59,HFO,64.56,12.4,297.6,24,675.5371,0.83,Moderate,FMS_MARITIME,2026-04-06
2023-11-17,59,LNG,31.46,15.8,379.2,24,258.3503,0.94,Calm,FMS_MARITIME,2026-04-06
2023-11-18,59,LSMGO,20.93,13.0,312.0,24,208.8975,0.65,Calm,FMS_MARITIME,2026-04-06
2023-11-19,59,MGO,37.44,11.6,278.4,24,418.7793,0.86,Rough,FMS_MARITIME,2026-04-06
2023-11-20,59,LNG,17.4,11.3,271.2,24,199.792,0.79,Rough,FMS_MARITIME,2026-04-06
2023-11-21,59,VLSFO,37.39,16.4,393.6,24,295.8142,0.52,Rough,FMS_MARITIME,2026-04-06
2023-11-22,59,HFO,61.72,10.8,259.2,24,741.4972,0.94,Moderate,FMS_MARITIME,2026-04-06
2023-11-23,59,MGO,52.22,13.6,326.4,24,498.2018,0.53,Calm,FMS_MARITIME,2026-04-06
2023-11-24,59,LSMGO,32.52,15.5,372.0,24,272.2239,0.63,Rough,FMS_MARITIME,2026-04-06
2023-11-25,59,MGO,55.73,8.9,213.6,24,812.4683,0.8,Moderate,FMS_MARITIME,2026-04-06
2023-11-26,59,VLSFO,38.49,16.0,384.0,24,312.1298,0.95,Rough,FMS_MARITIME,2026-04-06
2023-11-27,59,LNG,36.05,16.1,386.4,24,290.5272,0.86,Calm,FMS_MARITIME,2026-04-06
2023-11-28,59,VLSFO,74.96,10.7,256.8,24,908.9776,0.87,Rough,FMS_MARITIME,2026-04-06
2023-11-28,59,MGO,31.75,14.4,345.6,24,286.0807,0.41,Moderate,FMS_MARITIME,2026-04-06
2023-11-28,59,LSMGO,54.23,16.9,405.6,24,416.3516,0.66,Calm,FMS_MARITIME,2026-04-06
2023-11-01,60,MGO,25.44,14.1,338.4,24,234.1021,0.77,Moderate,FMS_MARITIME,2026-04-06
2023-11-02,60,MGO,43.22,8.8,211.2,24,637.2494,0.92,Calm,FMS_MARITIME,2026-04-06
2023-11-03,60,LSMGO,65.08,8.1,194.4,24,1042.4852,0.96,Calm,FMS_MARITIME,2026-04-06
2023-11-04,60,MGO,60.43,15.0,360.0,24,522.7195,0.68,Rough,FMS_MARITIME,2026-04-06
2023-11-05,60,MGO,26.61,14.3,343.2,24,241.4439,0.92,Calm,FMS_MARITIME,2026-04-06
2023-11-06,60,LNG,53.97,10.0,240.0,24,700.2608,0.54,Calm,FMS_MARITIME,2026-04-06
2023-11-07,60,MGO,77.75,13.8,331.2,24,731.019,0.77,Moderate,FMS_MARITIME,2026-04-06
2023-11-08,60,VLSFO,48.92,16.5,396.0,24,384.6891,0.78,Calm,FMS_MARITIME,2026-04-06
2023-11-09,60,VLSFO,39.25,13.7,328.8,24,371.729,0.48,Rough,FMS_MARITIME,2026-04-06
2023-11-10,60,LNG,80.32,17.8,427.2,24,585.4787,0.42,Calm,FMS_MARITIME,2026-04-06
2023-11-11,60,MGO,66.23,12.3,295.2,24,698.6457,0.93,Calm,FMS_MARITIME,2026-04-06
2023-11-12,60,MGO,21.7,13.8,331.2,24,204.0272,0.93,Calm,FMS_MARITIME,2026-04-06
2023-11-13,60,VLSFO,61.16,14.8,355.2,24,536.1831,0.77,Moderate,FMS_MARITIME,2026-04-06
2023-11-14,60,VLSFO,81.88,9.8,235.2,24,1084.0745,0.73,Calm,FMS_MARITIME,2026-04-06
2023-11-15,60,LNG,81.55,10.9,261.6,24,970.7443,1.0,Rough,FMS_MARITIME,2026-04-06
2023-11-16,60,LSMGO,43.19,13.8,331.2,24,406.0799,0.86,Moderate,FMS_MARITIME,2026-04-06
2023-11-17,60,HFO,34.19,16.1,386.4,24,275.5374,0.96,Calm,FMS_MARITIME,2026-04-06
2023-11-18,60,MGO,55.01,8.5,204.0,24,839.7115,0.58,Rough,FMS_MARITIME,2026-04-06
2023-11-19,60,LNG,24.87,17.3,415.2,24,186.525,0.72,Moderate,FMS_MARITIME,2026-04-06
2023-11-20,60,MGO,40.44,15.9,381.6,24,330.0057,0.99,Moderate,FMS_MARITIME,2026-04-06
2023-11-21,60,LSMGO,18.6,12.8,307.2,24,188.543,0.72,Calm,FMS_MARITIME,2026-04-06
2023-11-22,60,VLSFO,30.62,16.0,384.0,24,248.3091,0.5,Rough,FMS_MARITIME,2026-04-06
2023-11-23,60,LSMGO,70.74,15.9,381.6,24,577.2651,1.0,Calm,FMS_MARITIME,2026-04-06
2023-11-24,60,HFO,38.65,10.1,242.4,24,496.5186,0.85,Moderate,FMS_MARITIME,2026-04-06
2023-11-25,60,LSMGO,55.64,11.0,264.0,24,656.2991,0.95,Rough,FMS_MARITIME,2026-04-06
2023-11-26,60,VLSFO,19.69,15.6,374.4,24,163.7678,0.94,Calm,FMS_MARITIME,2026-04-06
2023-11-27,60,HFO,81.5,17.8,427.2,24,594.0801,0.88,Rough,FMS_MARITIME,2026-04-06
2023-11-28,60,VLSFO,75.58,14.3,343.2,24,685.7696,0.86,Rough,FMS_MARITIME,2026-04-06
2023-11-28,60,LSMGO,81.62,15.9,381.6,24,666.05,0.56,Rough,FMS_MARITIME,2026-04-06
2023-11-28,60,MGO,71.34,17.5,420.0,24,528.9351,1.0,Calm,FMS_MARITIME,2026-04-06
2023-11-01,61,MGO,33.83,11.2,268.8,24,391.9145,0.81,Calm,FMS_MARITIME,2026-04-06
2023-11-02,61,LSMGO,83.9,9.7,232.8,24,1122.2706,0.74,Calm,FMS_MARITIME,2026-04-06
2023-11-03,61,VLSFO,34.37,10.7,256.8,24,416.7764,0.58,Moderate,FMS_MARITIME,2026-04-06
2023-11-04,61,HFO,52.74,17.2,412.8,24,397.8497,0.65,Moderate,FMS_MARITIME,2026-04-06
2023-11-05,61,MGO,70.28,11.9,285.6,24,766.2882,0.86,Moderate,FMS_MARITIME,2026-04-06
2023-11-06,61,HFO,19.43,10.9,261.6,24,231.2883,0.85,Rough,FMS_MARITIME,2026-04-06
2023-11-07,61,HFO,66.27,11.6,278.4,24,741.2528,0.89,Moderate,FMS_MARITIME,2026-04-06
2023-11-08,61,VLSFO,42.4,15.9,381.6,24,346.0,0.87,Calm,FMS_MARITIME,2026-04-06
2023-11-09,61,MGO,61.35,11.1,266.4,24,717.1318,0.68,Calm,FMS_MARITIME,2026-04-06
2023-11-10,61,LNG,83.81,11.5,276.0,24,945.5954,0.59,Calm,FMS_MARITIME,2026-04-06
2023-11-11,61,VLSFO,76.74,15.4,369.6,24,646.5594,0.57,Rough,FMS_MARITIME,2026-04-06
2023-11-12,61,LSMGO,62.89,15.5,372.0,24,526.4502,0.75,Rough,FMS_MARITIME,2026-04-06
2023-11-13,61,VLSFO,34.7,15.5,372.0,24,290.4726,0.75,Calm,FMS_MARITIME,2026-04-06
2023-11-14,61,LSMGO,44.81,15.3,367.2,24,380.0064,0.88,Calm,FMS_MARITIME,2026-04-06
2023-11-15,61,MGO,54.93,10.5,252.0,24,678.7779,0.56,Moderate,FMS_MARITIME,2026-04-06
2023-11-16,61,MGO,62.74,14.0,336.0,24,581.4654,0.89,Rough,FMS_MARITIME,2026-04-06
2023-11-17,61,HFO,24.29,14.4,345.6,24,218.863,0.9,Moderate,FMS_MARITIME,2026-04-06
2023-11-18,61,VLSFO,82.51,9.6,230.4,24,1115.1742,0.64,Moderate,FMS_MARITIME,2026-04-06
2023-11-19,61,HFO,34.52,17.0,408.0,24,263.4688,0.61,Rough,FMS_MARITIME,2026-04-06
2023-11-20,61,MGO,59.58,15.7,376.8,24,492.3889,0.81,Rough,FMS_MARITIME,2026-04-06
2023-11-21,61,LSMGO,33.46,11.4,273.6,24,380.8276,0.61,Rough,FMS_MARITIME,2026-04-06
2023-11-22,61,VLSFO,33.25,11.2,268.8,24,385.1953,0.87,Calm,FMS_MARITIME,2026-04-06
2023-11-23,61,LNG,67.99,10.3,247.2,24,856.476,0.52,Calm,FMS_MARITIME,2026-04-06
2023-11-24,61,MGO,21.45,15.8,379.2,24,176.1479,0.64,Calm,FMS_MARITIME,2026-04-06
2023-11-25,61,HFO,38.28,11.8,283.2,24,420.9178,0.97,Rough,FMS_MARITIME,2026-04-06
2023-11-26,61,HFO,23.43,10.9,261.6,24,278.903,0.8,Moderate,FMS_MARITIME,2026-04-06
2023-11-27,61,LNG,59.21,9.8,235.2,24,783.9283,0.57,Calm,FMS_MARITIME,2026-04-06
2023-11-28,61,LNG,24.84,16.3,391.2,24,197.7294,0.63,Calm,FMS_MARITIME,2026-04-06
2023-11-28,61,MGO,23.49,12.7,304.8,24,239.9864,0.92,Rough,FMS_MARITIME,2026-04-06
2023-11-28,61,VLSFO,27.85,15.0,360.0,24,240.9025,0.7,Moderate,FMS_MARITIME,2026-04-06
2023-11-01,62,VLSFO,49.04,8.3,199.2,24,766.6193,0.99,Rough,FMS_MARITIME,2026-04-06
2023-11-02,62,HFO,32.53,10.7,256.8,24,394.4643,0.72,Moderate,FMS_MARITIME,2026-04-06
2023-11-03,62,VLSFO,51.66,11.3,271.2,24,593.1757,0.84,Moderate,FMS_MARITIME,2026-04-06
2023-11-04,62,LNG,73.52,9.6,230.4,24,993.6687,0.46,Moderate,FMS_MARITIME,2026-04-06
2023-11-05,62,HFO,24.4,15.1,362.4,24,209.6623,0.72,Rough,FMS_MARITIME,2026-04-06
2023-11-06,62,LSMGO,17.51,11.6,278.4,24,195.8554,0.91,Calm,FMS_MARITIME,2026-04-06
2023-11-07,62,LSMGO,79.3,8.1,194.4,24,1270.2685,0.64,Moderate,FMS_MARITIME,2026-04-06
2023-11-08,62,LNG,70.79,8.9,213.6,24,1032.0228,0.94,Moderate,FMS_MARITIME,2026-04-06
2023-11-09,62,LSMGO,29.78,9.4,225.6,24,411.059,0.64,Moderate,FMS_MARITIME,2026-04-06
2023-11-10,62,LNG,62.81,12.7,304.8,24,641.7006,0.98,Rough,FMS_MARITIME,2026-04-06
2023-11-11,62,LSMGO,24.35,13.7,328.8,24,230.6141,0.72,Calm,FMS_MARITIME,2026-04-06
2023-11-12,62,VLSFO,62.44,15.4,369.6,24,526.0773,0.4,Calm,FMS_MARITIME,2026-04-06
2023-11-13,62,MGO,65.84,12.0,288.0,24,711.895,0.46,Moderate,FMS_MARITIME,2026-04-06
2023-11-14,62,HFO,40.38,13.4,321.6,24,390.9929,0.67,Moderate,FMS_MARITIME,2026-04-06
2023-11-15,62,HFO,80.09,12.4,297.6,24,838.0385,0.78,Rough,FMS_MARITIME,2026-04-06
2023-11-16,62,MGO,73.16,13.4,321.6,24,708.3963,0.47,Rough,FMS_MARITIME,2026-04-06
2023-11-17,62,LSMGO,55.29,17.4,417.6,24,412.2918,0.95,Calm,FMS_MARITIME,2026-04-06
2023-11-18,62,MGO,56.93,14.3,343.2,24,516.5502,0.96,Moderate,FMS_MARITIME,2026-04-06
2023-11-19,62,VLSFO,56.69,14.2,340.8,24,517.9949,0.54,Rough,FMS_MARITIME,2026-04-06
2023-11-20,62,HFO,32.03,16.5,396.0,24,251.8723,0.65,Calm,FMS_MARITIME,2026-04-06
2023-11-21,62,VLSFO,55.02,16.7,400.8,24,427.4757,0.88,Calm,FMS_MARITIME,2026-04-06
2023-11-22,62,MGO,69.89,8.8,211.2,24,1030.4804,0.68,Moderate,FMS_MARITIME,2026-04-06
2023-11-23,62,LNG,29.64,8.3,199.2,24,463.3482,0.81,Rough,FMS_MARITIME,2026-04-06
2023-11-24,62,LSMGO,47.85,17.8,427.2,24,348.7942,0.87,Rough,FMS_MARITIME,2026-04-06
2023-11-25,62,HFO,63.47,14.8,355.2,24,556.4346,0.53,Moderate,FMS_MARITIME,2026-04-06
2023-11-26,62,LNG,76.28,16.5,396.0,24,599.8382,0.85,Moderate,FMS_MARITIME,2026-04-06
2023-11-27,62,HFO,84.21,9.4,225.6,24,1162.3668,0.68,Moderate,FMS_MARITIME,2026-04-06
2023-11-28,62,VLSFO,82.53,14.2,340.8,24,754.1033,0.81,Moderate,FMS_MARITIME,2026-04-06
2023-11-28,62,MGO,67.36,10.4,249.6,24,840.3808,0.55,Rough,FMS_MARITIME,2026-04-06
2023-11-28,62,MGO,57.16,14.5,348.0,24,511.4834,0.82,Rough,FMS_MARITIME,2026-04-06
2023-11-01,63,LSMGO,36.39,10.5,252.0,24,449.6764,0.63,Moderate,FMS_MARITIME,2026-04-06
2023-11-02,63,MGO,57.14,8.9,213.6,24,833.0242,0.45,Calm,FMS_MARITIME,2026-04-06
2023-11-03,63,LNG,36.88,12.3,295.2,24,389.039,0.66,Moderate,FMS_MARITIME,2026-04-06
2023-11-04,63,LSMGO,45.99,10.8,259.2,24,552.5188,0.56,Moderate,FMS_MARITIME,2026-04-06
2023-11-05,63,MGO,16.82,14.9,357.6,24,146.4695,0.77,Rough,FMS_MARITIME,2026-04-06
2023-11-06,63,HFO,26.62,15.8,379.2,24,218.6041,0.92,Moderate,FMS_MARITIME,2026-04-06
2023-11-07,63,VLSFO,32.75,11.6,278.4,24,366.32,0.67,Rough,FMS_MARITIME,2026-04-06
2023-11-08,63,LSMGO,56.75,13.7,328.8,24,537.4681,0.67,Rough,FMS_MARITIME,2026-04-06
2023-11-09,63,HFO,21.44,8.5,204.0,24,327.2753,0.88,Calm,FMS_MARITIME,2026-04-06
2023-11-10,63,VLSFO,39.44,11.9,285.6,24,430.0286,0.47,Rough,FMS_MARITIME,2026-04-06
2023-11-11,63,LNG,43.38,16.1,386.4,24,349.5997,0.62,Rough,FMS_MARITIME,2026-04-06
2023-11-12,63,HFO,31.45,15.2,364.8,24,268.463,0.77,Rough,FMS_MARITIME,2026-04-06
2023-11-13,63,VLSFO,63.47,13.0,312.0,24,633.4794,0.66,Calm,FMS_MARITIME,2026-04-06
2023-11-14,63,MGO,30.72,11.5,276.0,24,346.6017,0.97,Rough,FMS_MARITIME,2026-04-06
2023-11-15,63,LNG,36.89,13.0,312.0,24,368.1906,0.56,Calm,FMS_MARITIME,2026-04-06
2023-11-16,63,MGO,27.75,13.0,312.0,24,276.9663,0.89,Rough,FMS_MARITIME,2026-04-06
2023-11-17,63,MGO,69.63,18.0,432.0,24,501.9162,0.82,Moderate,FMS_MARITIME,2026-04-06
2023-11-18,63,VLSFO,81.14,10.0,240.0,24,1052.7915,0.82,Moderate,FMS_MARITIME,2026-04-06
2023-11-19,63,LNG,64.94,11.1,266.4,24,759.0959,0.4,Rough,FMS_MARITIME,2026-04-06
2023-11-20,63,VLSFO,30.99,15.8,379.2,24,254.4907,0.56,Calm,FMS_MARITIME,2026-04-06
2023-11-21,63,VLSFO,54.88,15.5,372.0,24,459.3987,0.92,Rough,FMS_MARITIME,2026-04-06
2023-11-22,63,LNG,39.26,12.2,292.8,24,417.5398,0.46,Moderate,FMS_MARITIME,2026-04-06
2023-11-23,63,MGO,41.21,13.3,319.2,24,402.0299,0.75,Rough,FMS_MARITIME,2026-04-06
2023-11-24,63,VLSFO,31.66,16.2,388.8,24,253.5731,0.5,Calm,FMS_MARITIME,2026-04-06
2023-11-25,63,VLSFO,50.75,11.8,283.2,24,558.035,0.6,Rough,FMS_MARITIME,2026-04-06
2023-11-26,63,MGO,24.88,14.1,338.4,24,228.9489,0.53,Calm,FMS_MARITIME,2026-04-06
2023-11-27,63,LSMGO,64.21,15.2,364.8,24,548.1084,0.76,Rough,FMS_MARITIME,2026-04-06
2023-11-28,63,MGO,40.79,10.7,256.8,24,494.6264,0.97,Calm,FMS_MARITIME,2026-04-06
2023-11-28,63,LNG,45.85,13.3,319.2,24,447.2961,0.86,Calm,FMS_MARITIME,2026-04-06
2023-11-28,63,HFO,21.82,12.9,309.6,24,219.4686,0.4,Rough,FMS_MARITIME,2026-04-06
2023-11-01,64,HFO,75.98,14.9,357.6,24,661.6379,0.65,Rough,FMS_MARITIME,2026-04-06
2023-11-02,64,LNG,31.52,9.0,216.0,24,454.4133,0.78,Moderate,FMS_MARITIME,2026-04-06
2023-11-03,64,MGO,44.8,15.8,379.2,24,367.8987,0.96,Moderate,FMS_MARITIME,2026-04-06
2023-11-04,64,HFO,76.69,11.3,271.2,24,880.5777,0.45,Moderate,FMS_MARITIME,2026-04-06
2023-11-05,64,VLSFO,36.48,13.8,331.2,24,342.9913,0.62,Calm,FMS_MARITIME,2026-04-06
2023-11-06,64,LNG,58.89,17.7,424.8,24,431.6936,0.6,Moderate,FMS_MARITIME,2026-04-06
2023-11-07,64,HFO,17.33,8.6,206.4,24,261.4613,0.83,Moderate,FMS_MARITIME,2026-04-06
2023-11-08,64,LNG,69.64,14.0,336.0,24,645.4136,0.91,Calm,FMS_MARITIME,2026-04-06
2023-11-09,64,VLSFO,67.97,14.8,355.2,24,595.8856,0.86,Rough,FMS_MARITIME,2026-04-06
2023-11-10,64,VLSFO,55.11,11.5,276.0,24,621.7846,0.69,Calm,FMS_MARITIME,2026-04-06
2023-11-11,64,MGO,61.56,15.9,381.6,24,502.3528,0.87,Calm,FMS_MARITIME,2026-04-06
2023-11-12,64,LNG,62.96,11.7,280.8,24,698.2103,0.88,Calm,FMS_MARITIME,2026-04-06
2023-11-13,64,HFO,66.01,8.9,213.6,24,962.3368,0.95,Moderate,FMS_MARITIME,2026-04-06
2023-11-14,64,HFO,60.3,9.1,218.4,24,859.772,0.6,Moderate,FMS_MARITIME,2026-04-06
2023-11-15,64,VLSFO,39.21,8.4,201.6,24,605.6545,0.51,Rough,FMS_MARITIME,2026-04-06
2023-11-16,64,LSMGO,62.76,16.0,384.0,24,508.9444,0.55,Rough,FMS_MARITIME,2026-04-06
2023-11-17,64,LNG,62.07,14.7,352.8,24,547.8628,0.83,Moderate,FMS_MARITIME,2026-04-06
2023-11-18,64,VLSFO,57.43,13.6,326.4,24,547.9075,0.61,Rough,FMS_MARITIME,2026-04-06
2023-11-19,64,VLSFO,83.92,17.5,420.0,24,622.2069,0.97,Calm,FMS_MARITIME,2026-04-06
2023-11-20,64,MGO,32.8,16.1,386.4,24,264.3354,0.88,Calm,FMS_MARITIME,2026-04-06
2023-11-21,64,MGO,47.23,11.0,264.0,24,557.0993,0.63,Rough,FMS_MARITIME,2026-04-06
2023-11-22,64,LSMGO,44.97,11.5,276.0,24,507.3789,0.87,Rough,FMS_MARITIME,2026-04-06
2023-11-23,64,VLSFO,20.33,12.0,288.0,24,219.8181,0.54,Calm,FMS_MARITIME,2026-04-06
2023-11-24,64,LNG,22.94,11.7,280.8,24,254.3987,0.79,Moderate,FMS_MARITIME,2026-04-06
2023-11-25,64,VLSFO,56.94,11.3,271.2,24,653.8022,0.96,Calm,FMS_MARITIME,2026-04-06
2023-11-26,64,HFO,16.87,8.1,194.4,24,270.2324,0.78,Calm,FMS_MARITIME,2026-04-06
2023-11-27,64,VLSFO,25.56,16.9,405.6,24,196.2373,0.81,Rough,FMS_MARITIME,2026-04-06
2023-11-28,64,VLSFO,45.55,17.6,422.4,24,335.8018,0.76,Calm,FMS_MARITIME,2026-04-06
2023-11-28,64,MGO,27.16,14.9,357.6,24,236.5107,0.81,Rough,FMS_MARITIME,2026-04-06
2023-11-28,64,HFO,30.98,14.1,338.4,24,285.0819,0.71,Calm,FMS_MARITIME,2026-04-06
2023-11-01,65,LNG,77.06,16.3,391.2,24,613.4071,0.53,Rough,FMS_MARITIME,2026-04-06
2023-11-02,65,LNG,33.3,14.2,340.8,24,304.2729,0.41,Moderate,FMS_MARITIME,2026-04-06
2023-11-03,65,MGO,25.05,15.9,381.6,24,204.4175,0.88,Calm,FMS_MARITIME,2026-04-06
2023-11-04,65,HFO,32.99,11.8,283.2,24,362.7502,0.93,Rough,FMS_MARITIME,2026-04-06
2023-11-05,65,HFO,29.9,14.2,340.8,24,273.206,0.56,Rough,FMS_MARITIME,2026-04-06
2023-11-06,65,VLSFO,66.25,12.0,288.0,24,716.3281,0.42,Rough,FMS_MARITIME,2026-04-06
2023-11-07,65,VLSFO,66.32,10.2,244.8,24,843.6294,0.72,Calm,FMS_MARITIME,2026-04-06
2023-11-08,65,LNG,19.18,8.3,199.2,24,299.8319,0.63,Calm,FMS_MARITIME,2026-04-06
2023-11-09,65,MGO,67.96,15.5,372.0,24,568.891,0.63,Moderate,FMS_MARITIME,2026-04-06
2023-11-10,65,LNG,41.91,17.4,417.6,24,312.5185,0.81,Moderate,FMS_MARITIME,2026-04-06
2023-11-11,65,LNG,29.42,11.6,278.4,24,329.0728,0.44,Rough,FMS_MARITIME,2026-04-06
2023-11-12,65,MGO,64.89,16.1,386.4,24,522.9489,0.81,Moderate,FMS_MARITIME,2026-04-06
2023-11-13,65,MGO,37.9,13.4,321.6,24,366.9795,0.68,Rough,FMS_MARITIME,2026-04-06
2023-11-14,65,HFO,72.12,12.4,297.6,24,754.6427,0.47,Rough,FMS_MARITIME,2026-04-06
2023-11-15,65,VLSFO,66.39,9.8,235.2,24,878.9901,0.48,Moderate,FMS_MARITIME,2026-04-06
2023-11-16,65,HFO,41.08,10.6,254.4,24,502.8425,0.83,Calm,FMS_MARITIME,2026-04-06
2023-11-17,65,HFO,45.79,15.9,381.6,24,373.6637,0.59,Moderate,FMS_MARITIME,2026-04-06
2023-11-18,65,LSMGO,38.86,17.1,410.4,24,294.8588,0.63,Moderate,FMS_MARITIME,2026-04-06
2023-11-19,65,MGO,63.98,14.2,340.8,24,584.606,0.79,Rough,FMS_MARITIME,2026-04-06
2023-11-20,65,MGO,81.28,8.2,196.8,24,1286.1073,1.0,Moderate,FMS_MARITIME,2026-04-06
2023-11-21,65,LSMGO,45.79,10.4,249.6,24,571.2743,0.63,Moderate,FMS_MARITIME,2026-04-06
2023-11-22,65,HFO,47.84,9.7,232.8,24,639.9216,0.98,Rough,FMS_MARITIME,2026-04-06
2023-11-23,65,HFO,54.54,14.9,357.6,24,474.9372,0.61,Calm,FMS_MARITIME,2026-04-06
2023-11-24,65,LSMGO,25.84,8.3,199.2,24,403.9446,0.59,Moderate,FMS_MARITIME,2026-04-06
2023-11-25,65,LSMGO,58.23,14.2,340.8,24,532.0664,0.91,Calm,FMS_MARITIME,2026-04-06
2023-11-26,65,VLSFO,18.67,10.8,259.2,24,224.2993,0.58,Moderate,FMS_MARITIME,2026-04-06
2023-11-27,65,HFO,18.23,9.3,223.2,24,254.3379,0.94,Moderate,FMS_MARITIME,2026-04-06
2023-11-28,65,LNG,55.33,11.3,271.2,24,635.3157,0.83,Rough,FMS_MARITIME,2026-04-06
2023-11-28,65,VLSFO,22.04,14.3,343.2,24,199.9783,0.8,Moderate,FMS_MARITIME,2026-04-06
2023-11-28,65,VLSFO,22.43,17.7,424.8,24,164.4233,0.98,Moderate,FMS_MARITIME,2026-04-06
2023-11-01,66,HFO,18.8,14.1,338.4,24,173.0,0.88,Rough,FMS_MARITIME,2026-04-06
2023-11-02,66,MGO,57.48,12.5,300.0,24,596.6424,0.85,Rough,FMS_MARITIME,2026-04-06
2023-11-03,66,MGO,43.38,11.8,283.2,24,476.9962,0.96,Rough,FMS_MARITIME,2026-04-06
2023-11-04,66,LNG,16.72,15.5,372.0,24,139.9626,0.53,Calm,FMS_MARITIME,2026-04-06
2023-11-05,66,LSMGO,23.5,9.4,225.6,24,324.375,0.56,Moderate,FMS_MARITIME,2026-04-06
2023-11-06,66,LNG,49.22,15.6,374.4,24,409.3779,0.64,Calm,FMS_MARITIME,2026-04-06
2023-11-07,66,LNG,81.99,15.1,362.4,24,704.5167,0.8,Rough,FMS_MARITIME,2026-04-06
2023-11-08,66,LNG,68.26,12.7,304.8,24,697.3807,0.73,Rough,FMS_MARITIME,2026-04-06
2023-11-09,66,VLSFO,25.33,17.0,408.0,24,193.3275,0.88,Moderate,FMS_MARITIME,2026-04-06
2023-11-10,66,HFO,62.3,14.2,340.8,24,569.2553,0.69,Rough,FMS_MARITIME,2026-04-06
2023-11-11,66,HFO,34.95,14.6,350.4,24,310.6002,0.54,Moderate,FMS_MARITIME,2026-04-06
2023-11-12,66,VLSFO,60.13,8.2,196.8,24,951.4473,0.93,Moderate,FMS_MARITIME,2026-04-06
2023-11-13,66,MGO,46.33,10.2,244.8,24,589.3449,0.6,Calm,FMS_MARITIME,2026-04-06
2023-11-14,66,VLSFO,39.82,11.0,264.0,24,469.695,0.94,Rough,FMS_MARITIME,2026-04-06
2023-11-15,66,LSMGO,15.86,13.3,319.2,24,154.7244,1.0,Calm,FMS_MARITIME,2026-04-06
2023-11-16,66,LNG,67.4,16.0,384.0,24,546.5719,0.9,Rough,FMS_MARITIME,2026-04-06
2023-11-17,66,MGO,26.27,17.6,422.4,24,193.6666,0.95,Rough,FMS_MARITIME,2026-04-06
2023-11-18,66,HFO,55.54,11.5,276.0,24,626.6361,0.59,Rough,FMS_MARITIME,2026-04-06
2023-11-19,66,HFO,54.71,10.4,249.6,24,682.5599,0.89,Rough,FMS_MARITIME,2026-04-06
2023-11-20,66,LSMGO,50.39,10.6,254.4,24,616.8021,0.81,Moderate,FMS_MARITIME,2026-04-06
2023-11-21,66,MGO,32.54,15.7,376.8,24,268.9213,0.97,Moderate,FMS_MARITIME,2026-04-06
2023-11-22,66,HFO,53.39,14.6,350.4,24,474.4762,0.64,Calm,FMS_MARITIME,2026-04-06
2023-11-23,66,VLSFO,29.45,14.4,345.6,24,265.3568,0.44,Moderate,FMS_MARITIME,2026-04-06
2023-11-24,66,VLSFO,61.46,16.9,405.6,24,471.8601,0.96,Rough,FMS_MARITIME,2026-04-06
2023-11-25,66,LSMGO,64.81,14.7,352.8,24,572.0474,0.58,Moderate,FMS_MARITIME,2026-04-06
2023-11-26,66,VLSFO,20.76,11.5,276.0,24,234.227,0.96,Rough,FMS_MARITIME,2026-04-06
2023-11-27,66,LSMGO,25.71,11.3,271.2,24,295.21,0.51,Moderate,FMS_MARITIME,2026-04-06
2023-11-28,66,HFO,37.99,16.6,398.4,24,296.9399,0.62,Moderate,FMS_MARITIME,2026-04-06
2023-11-28,66,MGO,68.23,8.6,206.4,24,1029.4003,0.67,Rough,FMS_MARITIME,2026-04-06
2023-11-28,66,LNG,33.28,16.1,386.4,24,268.2037,0.95,Moderate,FMS_MARITIME,2026-04-06
2023-11-01,67,MGO,17.59,11.0,264.0,24,207.482,0.97,Calm,FMS_MARITIME,2026-04-06
2023-11-02,67,LSMGO,63.0,14.2,340.8,24,575.6514,0.82,Moderate,FMS_MARITIME,2026-04-06
2023-11-03,67,LNG,38.15,14.9,357.6,24,332.2122,0.49,Moderate,FMS_MARITIME,2026-04-06
2023-11-04,67,LNG,15.1,14.1,338.4,24,138.9521,0.44,Calm,FMS_MARITIME,2026-04-06
2023-11-05,67,LSMGO,68.4,9.2,220.8,24,964.663,0.78,Moderate,FMS_MARITIME,2026-04-06
2023-11-06,67,MGO,38.47,17.8,427.2,24,280.4204,0.73,Moderate,FMS_MARITIME,2026-04-06
2023-11-07,67,MGO,78.41,11.2,268.8,24,908.3658,0.87,Moderate,FMS_MARITIME,2026-04-06
2023-11-08,67,MGO,66.4,13.4,321.6,24,642.9403,0.41,Calm,FMS_MARITIME,2026-04-06
2023-11-09,67,MGO,52.28,8.7,208.8,24,779.6931,0.68,Calm,FMS_MARITIME,2026-04-06
2023-11-10,67,MGO,80.6,13.9,333.6,24,752.3633,0.5,Moderate,FMS_MARITIME,2026-04-06
2023-11-11,67,VLSFO,49.33,17.3,415.2,24,369.975,0.49,Moderate,FMS_MARITIME,2026-04-06
2023-11-12,67,LSMGO,56.88,12.8,307.2,24,576.5766,0.43,Calm,FMS_MARITIME,2026-04-06
2023-11-13,67,VLSFO,34.49,13.1,314.4,24,341.609,0.88,Rough,FMS_MARITIME,2026-04-06
2023-11-14,67,LSMGO,26.77,11.1,266.4,24,312.9196,0.85,Calm,FMS_MARITIME,2026-04-06
2023-11-15,67,HFO,61.71,17.5,420.0,24,457.5356,0.92,Moderate,FMS_MARITIME,2026-04-06
2023-11-16,67,HFO,23.24,9.2,220.8,24,327.7598,0.59,Moderate,FMS_MARITIME,2026-04-06
2023-11-17,67,MGO,79.98,14.8,355.2,24,701.176,0.7,Moderate,FMS_MARITIME,2026-04-06
2023-11-18,67,LNG,79.87,12.9,309.6,24,803.3436,0.99,Calm,FMS_MARITIME,2026-04-06
2023-11-19,67,LSMGO,57.79,11.4,273.6,24,657.7414,0.63,Calm,FMS_MARITIME,2026-04-06
2023-11-20,67,HFO,33.79,17.8,427.2,24,246.3063,0.81,Calm,FMS_MARITIME,2026-04-06
2023-11-21,67,LSMGO,27.78,10.9,261.6,24,330.6839,0.91,Calm,FMS_MARITIME,2026-04-06
2023-11-22,67,LNG,24.41,9.4,225.6,24,336.9359,0.76,Calm,FMS_MARITIME,2026-04-06
2023-11-23,67,MGO,34.57,8.8,211.2,24,509.7111,0.79,Rough,FMS_MARITIME,2026-04-06
2023-11-24,67,HFO,35.83,17.8,427.2,24,261.1765,0.8,Rough,FMS_MARITIME,2026-04-06
2023-11-25,67,LNG,83.7,9.9,237.6,24,1096.9773,0.74,Calm,FMS_MARITIME,2026-04-06
2023-11-26,67,LNG,52.19,11.3,271.2,24,599.2613,0.73,Rough,FMS_MARITIME,2026-04-06
2023-11-27,67,HFO,39.96,14.3,343.2,24,362.5741,0.75,Calm,FMS_MARITIME,2026-04-06
2023-11-28,67,VLSFO,16.98,8.5,204.0,24,259.1947,0.47,Calm,FMS_MARITIME,2026-04-06
2023-11-28,67,HFO,50.28,13.4,321.6,24,486.853,0.73,Calm,FMS_MARITIME,2026-04-06
2023-11-28,67,LSMGO,40.08,9.1,218.4,24,571.4703,0.83,Calm,FMS_MARITIME,2026-04-06
2023-11-01,68,LSMGO,62.51,16.3,391.2,24,497.5873,0.65,Rough,FMS_MARITIME,2026-04-06
2023-11-02,68,HFO,22.23,12.9,309.6,24,223.5924,0.95,Rough,FMS_MARITIME,2026-04-06
2023-11-03,68,MGO,20.32,15.5,372.0,24,170.0981,0.78,Rough,FMS_MARITIME,2026-04-06
2023-11-04,68,VLSFO,48.93,16.4,393.6,24,387.1139,0.72,Moderate,FMS_MARITIME,2026-04-06
2023-11-05,68,MGO,16.65,9.7,232.8,24,222.7152,0.55,Moderate,FMS_MARITIME,2026-04-06
2023-11-06,68,MGO,46.96,11.5,276.0,24,529.8313,0.75,Calm,FMS_MARITIME,2026-04-06
2023-11-07,68,LNG,28.61,15.3,367.2,24,242.624,0.68,Rough,FMS_MARITIME,2026-04-06
2023-11-08,68,HFO,47.48,17.3,415.2,24,356.1,0.96,Rough,FMS_MARITIME,2026-04-06
2023-11-09,68,MGO,41.19,8.2,196.8,24,651.7564,0.57,Calm,FMS_MARITIME,2026-04-06
2023-11-10,68,LSMGO,62.17,17.7,424.8,24,455.7377,0.6,Moderate,FMS_MARITIME,2026-04-06
2023-11-11,68,HFO,35.01,16.9,405.6,24,268.7898,0.86,Moderate,FMS_MARITIME,2026-04-06
2023-11-12,68,LSMGO,36.58,15.2,364.8,24,312.2536,0.65,Rough,FMS_MARITIME,2026-04-06
2023-11-13,68,LSMGO,69.61,12.1,290.4,24,746.4378,0.41,Rough,FMS_MARITIME,2026-04-06
2023-11-14,68,LSMGO,34.07,11.4,273.6,24,387.7704,0.87,Moderate,FMS_MARITIME,2026-04-06
2023-11-15,68,HFO,33.59,9.0,216.0,24,484.2558,0.63,Calm,FMS_MARITIME,2026-04-06
2023-11-16,68,LNG,18.05,16.9,405.6,24,138.5791,0.46,Calm,FMS_MARITIME,2026-04-06
2023-11-17,68,LSMGO,58.74,16.8,403.2,24,453.6616,0.73,Rough,FMS_MARITIME,2026-04-06
2023-11-18,68,MGO,28.5,9.9,237.6,24,373.5227,0.6,Calm,FMS_MARITIME,2026-04-06
2023-11-19,68,LNG,55.52,10.2,244.8,24,706.2471,0.58,Rough,FMS_MARITIME,2026-04-06
2023-11-20,68,LNG,48.49,10.0,240.0,24,629.1578,0.55,Rough,FMS_MARITIME,2026-04-06
2023-11-21,68,MGO,28.04,17.2,412.8,24,211.5227,0.48,Calm,FMS_MARITIME,2026-04-06
2023-11-22,68,MGO,63.71,15.4,369.6,24,536.7774,0.59,Moderate,FMS_MARITIME,2026-04-06
2023-11-23,68,VLSFO,77.26,8.6,206.4,24,1165.6378,0.71,Rough,FMS_MARITIME,2026-04-06
2023-11-24,68,VLSFO,70.18,10.4,249.6,24,875.563,0.9,Rough,FMS_MARITIME,2026-04-06
2023-11-25,68,HFO,19.53,16.7,400.8,24,151.7376,0.66,Rough,FMS_MARITIME,2026-04-06
2023-11-26,68,LSMGO,42.4,9.3,223.2,24,591.5484,0.8,Calm,FMS_MARITIME,2026-04-06
2023-11-27,68,VLSFO,23.01,10.7,256.8,24,279.0231,0.65,Moderate,FMS_MARITIME,2026-04-06
2023-11-28,68,LNG,25.91,15.0,360.0,24,224.1215,0.87,Moderate,FMS_MARITIME,2026-04-06
2023-11-28,68,LNG,34.44,9.5,228.0,24,470.3779,0.68,Moderate,FMS_MARITIME,2026-04-06
2023-11-28,68,MGO,16.59,12.5,300.0,24,172.2042,0.93,Moderate,FMS_MARITIME,2026-04-06
2023-11-01,69,LNG,54.86,9.0,216.0,24,790.8983,0.46,Moderate,FMS_MARITIME,2026-04-06
2023-11-02,69,VLSFO,54.26,11.6,278.4,24,606.9168,1.0,Rough,FMS_MARITIME,2026-04-06
2023-11-03,69,LNG,28.27,12.4,297.6,24,295.8091,0.93,Calm,FMS_MARITIME,2026-04-06
2023-11-04,69,LNG,67.36,8.4,201.6,24,1040.4714,0.42,Rough,FMS_MARITIME,2026-04-06
2023-11-05,69,LNG,20.76,14.8,355.2,24,182.0007,0.56,Moderate,FMS_MARITIME,2026-04-06
2023-11-06,69,HFO,48.47,13.5,324.0,24,465.8506,0.88,Moderate,FMS_MARITIME,2026-04-06
2023-11-07,69,VLSFO,55.95,16.1,386.4,24,450.9014,0.81,Moderate,FMS_MARITIME,2026-04-06
2023-11-08,69,VLSFO,26.49,14.7,352.8,24,233.8148,0.64,Moderate,FMS_MARITIME,2026-04-06
2023-11-09,69,VLSFO,73.16,11.8,283.2,24,804.45,0.86,Calm,FMS_MARITIME,2026-04-06
2023-11-10,69,HFO,80.12,13.7,328.8,24,758.8007,0.58,Moderate,FMS_MARITIME,2026-04-06
2023-11-11,69,LSMGO,64.66,10.9,261.6,24,769.6913,0.83,Moderate,FMS_MARITIME,2026-04-06
2023-11-12,69,HFO,26.93,11.6,278.4,24,301.2213,0.79,Rough,FMS_MARITIME,2026-04-06
2023-11-13,69,MGO,84.64,9.3,223.2,24,1180.8645,0.58,Calm,FMS_MARITIME,2026-04-06
2023-11-14,69,VLSFO,19.02,11.4,273.6,24,216.4776,0.72,Moderate,FMS_MARITIME,2026-04-06
2023-11-15,69,HFO,36.66,15.0,360.0,24,317.109,0.7,Moderate,FMS_MARITIME,2026-04-06
2023-11-16,69,VLSFO,35.5,15.5,372.0,24,297.1694,0.57,Rough,FMS_MARITIME,2026-04-06
2023-11-17,69,LSMGO,30.81,14.7,352.8,24,271.9454,0.96,Rough,FMS_MARITIME,2026-04-06
2023-11-18,69,LSMGO,35.07,11.4,273.6,24,399.152,0.58,Calm,FMS_MARITIME,2026-04-06
2023-11-19,69,HFO,73.11,8.3,199.2,24,1142.8943,1.0,Moderate,FMS_MARITIME,2026-04-06
2023-11-20,69,LSMGO,39.12,15.1,362.4,24,336.147,0.61,Rough,FMS_MARITIME,2026-04-06
2023-11-21,69,LNG,80.29,13.6,326.4,24,766.002,0.48,Moderate,FMS_MARITIME,2026-04-06
2023-11-22,69,LSMGO,55.91,10.6,254.4,24,684.37,0.68,Moderate,FMS_MARITIME,2026-04-06
2023-11-23,69,HFO,75.47,17.1,410.4,24,572.6452,0.79,Calm,FMS_MARITIME,2026-04-06
2023-11-24,69,MGO,30.21,8.8,211.2,24,445.4259,0.75,Calm,FMS_MARITIME,2026-04-06
2023-11-25,69,MGO,49.0,17.1,410.4,24,371.7982,0.63,Moderate,FMS_MARITIME,2026-04-06
2023-11-26,69,VLSFO,65.46,10.0,240.0,24,849.3435,0.64,Calm,FMS_MARITIME,2026-04-06
2023-11-27,69,MGO,34.04,14.9,357.6,24,296.4221,0.48,Moderate,FMS_MARITIME,2026-04-06
2023-11-28,69,HFO,43.42,10.3,247.2,24,546.9655,0.99,Moderate,FMS_MARITIME,2026-04-06
2023-11-28,69,MGO,29.48,16.7,400.8,24,229.0437,0.47,Calm,FMS_MARITIME,2026-04-06
2023-11-28,69,LNG,74.45,18.0,432.0,24,536.6604,0.65,Moderate,FMS_MARITIME,2026-04-06
2023-11-01,70,HFO,39.9,12.8,307.2,24,404.4551,1.0,Rough,FMS_MARITIME,2026-04-06
2023-11-02,70,VLSFO,57.48,14.4,345.6,24,517.9187,0.81,Rough,FMS_MARITIME,2026-04-06
2023-11-03,70,VLSFO,66.18,11.5,276.0,24,746.683,0.86,Calm,FMS_MARITIME,2026-04-06
2023-11-04,70,VLSFO,48.04,14.8,355.2,24,421.1615,0.62,Rough,FMS_MARITIME,2026-04-06
2023-11-05,70,LNG,77.87,14.6,350.4,24,692.0296,0.57,Rough,FMS_MARITIME,2026-04-06
2023-11-06,70,VLSFO,54.56,8.8,211.2,24,804.45,0.46,Calm,FMS_MARITIME,2026-04-06
2023-11-07,70,HFO,71.95,14.8,355.2,24,630.7779,0.47,Rough,FMS_MARITIME,2026-04-06
2023-11-08,70,LNG,35.14,16.9,405.6,24,269.7879,0.42,Rough,FMS_MARITIME,2026-04-06
2023-11-09,70,LSMGO,78.59,9.4,225.6,24,1084.7928,0.79,Calm,FMS_MARITIME,2026-04-06
2023-11-10,70,LSMGO,46.68,14.5,348.0,24,417.7055,0.98,Calm,FMS_MARITIME,2026-04-06
2023-11-11,70,VLSFO,15.63,16.0,384.0,24,126.7495,0.62,Calm,FMS_MARITIME,2026-04-06
2023-11-12,70,LNG,60.03,17.1,410.4,24,455.4908,0.72,Calm,FMS_MARITIME,2026-04-06
2023-11-13,70,LNG,35.55,10.5,252.0,24,439.2964,0.5,Rough,FMS_MARITIME,2026-04-06
2023-11-14,70,VLSFO,55.37,15.5,372.0,24,463.5005,0.72,Moderate,FMS_MARITIME,2026-04-06
2023-11-15,70,HFO,50.24,15.0,360.0,24,434.576,0.74,Calm,FMS_MARITIME,2026-04-06
2023-11-16,70,VLSFO,19.13,14.2,340.8,24,174.797,0.43,Moderate,FMS_MARITIME,2026-04-06
2023-11-17,70,LSMGO,23.83,8.6,206.4,24,359.5282,0.74,Calm,FMS_MARITIME,2026-04-06
2023-11-18,70,MGO,31.78,8.5,204.0,24,485.1124,0.42,Calm,FMS_MARITIME,2026-04-06
2023-11-19,70,LNG,42.48,15.0,360.0,24,367.452,0.9,Calm,FMS_MARITIME,2026-04-06
2023-11-20,70,LNG,49.9,16.9,405.6,24,383.108,0.65,Calm,FMS_MARITIME,2026-04-06
2023-11-21,70,LSMGO,29.53,11.6,278.4,24,330.3032,0.55,Moderate,FMS_MARITIME,2026-04-06
2023-11-22,70,MGO,41.03,8.2,196.8,24,649.2247,0.59,Moderate,FMS_MARITIME,2026-04-06
2023-11-23,70,HFO,68.4,16.2,388.8,24,547.8333,0.8,Rough,FMS_MARITIME,2026-04-06
2023-11-24,70,MGO,18.2,14.3,343.2,24,165.1364,0.92,Moderate,FMS_MARITIME,2026-04-06
2023-11-25,70,MGO,43.77,17.9,429.6,24,317.2714,0.66,Calm,FMS_MARITIME,2026-04-06
2023-11-26,70,MGO,73.79,14.8,355.2,24,646.909,0.67,Calm,FMS_MARITIME,2026-04-06
2023-11-27,70,VLSFO,82.82,13.5,324.0,24,795.9922,0.41,Rough,FMS_MARITIME,2026-04-06
2023-11-28,70,LSMGO,34.06,11.1,266.4,24,398.1338,0.6,Rough,FMS_MARITIME,2026-04-06
2023-11-28,70,LSMGO,63.25,11.1,266.4,24,739.3412,0.77,Rough,FMS_MARITIME,2026-04-06
2023-11-28,70,LSMGO,29.83,16.6,398.4,24,233.1592,0.44,Calm,FMS_MARITIME,2026-04-06
2023-11-01,71,LSMGO,79.63,11.4,273.6,24,906.3151,0.51,Rough,FMS_MARITIME,2026-04-06
2023-11-02,71,MGO,39.47,9.5,228.0,24,539.0771,0.82,Rough,FMS_MARITIME,2026-04-06
2023-11-03,71,HFO,83.29,10.2,244.8,24,1059.4978,0.97,Moderate,FMS_MARITIME,2026-04-06
2023-11-04,71,VLSFO,66.78,9.1,218.4,24,952.1654,0.54,Moderate,FMS_MARITIME,2026-04-06
2023-11-05,71,LNG,31.79,15.9,381.6,24,259.4184,0.65,Moderate,FMS_MARITIME,2026-04-06
2023-11-06,71,MGO,32.49,15.8,379.2,24,266.8087,0.47,Moderate,FMS_MARITIME,2026-04-06
2023-11-07,71,MGO,65.29,11.4,273.6,24,743.1033,0.62,Calm,FMS_MARITIME,2026-04-06
2023-11-08,71,LSMGO,40.66,13.3,319.2,24,396.6643,0.64,Calm,FMS_MARITIME,2026-04-06
2023-11-09,71,LNG,70.8,16.5,396.0,24,556.7455,0.58,Calm,FMS_MARITIME,2026-04-06
2023-11-10,71,MGO,41.55,13.5,324.0,24,399.3417,0.44,Calm,FMS_MARITIME,2026-04-06
2023-11-11,71,MGO,25.27,13.7,328.8,24,239.3272,0.69,Calm,FMS_MARITIME,2026-04-06
2023-11-12,71,MGO,73.17,17.3,415.2,24,548.775,0.44,Rough,FMS_MARITIME,2026-04-06
2023-11-13,71,MGO,46.24,15.5,372.0,24,387.0735,0.98,Calm,FMS_MARITIME,2026-04-06
2023-11-14,71,LNG,80.24,8.3,199.2,24,1254.3542,0.79,Calm,FMS_MARITIME,2026-04-06
2023-11-15,71,VLSFO,64.52,15.1,362.4,24,554.402,0.59,Calm,FMS_MARITIME,2026-04-06
2023-11-16,71,MGO,49.38,12.6,302.4,24,508.4964,0.62,Rough,FMS_MARITIME,2026-04-06
2023-11-17,71,LNG,60.31,13.9,333.6,24,562.9656,0.74,Calm,FMS_MARITIME,2026-04-06
2023-11-18,71,MGO,16.36,16.7,400.8,24,127.1084,0.84,Rough,FMS_MARITIME,2026-04-06
2023-11-19,71,LSMGO,29.25,14.6,350.4,24,259.9443,0.85,Rough,FMS_MARITIME,2026-04-06
2023-11-20,71,VLSFO,33.05,12.5,300.0,24,343.059,0.47,Calm,FMS_MARITIME,2026-04-06
2023-11-21,71,VLSFO,65.64,16.1,386.4,24,528.9932,0.52,Moderate,FMS_MARITIME,2026-04-06
2023-11-22,71,LSMGO,20.11,12.0,288.0,24,217.4394,0.47,Rough,FMS_MARITIME,2026-04-06
2023-11-23,71,MGO,47.97,17.0,408.0,24,366.124,1.0,Calm,FMS_MARITIME,2026-04-06
2023-11-24,71,LSMGO,84.1,9.7,232.8,24,1124.9459,0.92,Moderate,FMS_MARITIME,2026-04-06
2023-11-25,71,HFO,41.31,16.9,405.6,24,317.1581,0.58,Rough,FMS_MARITIME,2026-04-06
2023-11-26,71,VLSFO,83.85,12.9,309.6,24,843.375,0.64,Rough,FMS_MARITIME,2026-04-06
2023-11-27,71,HFO,29.24,14.2,340.8,24,267.1754,0.77,Calm,FMS_MARITIME,2026-04-06
2023-11-28,71,VLSFO,58.92,11.5,276.0,24,664.7713,0.84,Rough,FMS_MARITIME,2026-04-06
2023-11-28,71,MGO,81.69,14.6,350.4,24,725.9779,0.45,Rough,FMS_MARITIME,2026-04-06
2023-11-28,71,LNG,73.19,10.8,259.2,24,879.2965,0.47,Moderate,FMS_MARITIME,2026-04-06
2023-11-01,72,HFO,69.31,15.0,360.0,24,599.5315,0.45,Rough,FMS_MARITIME,2026-04-06
2023-11-02,72,MGO,65.39,13.8,331.2,24,614.8082,0.91,Calm,FMS_MARITIME,2026-04-06
2023-11-03,72,VLSFO,83.49,16.6,398.4,24,652.58,0.63,Rough,FMS_MARITIME,2026-04-06
2023-11-04,72,LSMGO,15.26,12.2,292.8,24,162.2939,0.45,Moderate,FMS_MARITIME,2026-04-06
2023-11-05,72,HFO,20.42,10.1,242.4,24,262.3262,0.41,Calm,FMS_MARITIME,2026-04-06
2023-11-06,72,HFO,47.86,12.4,297.6,24,500.7931,0.86,Moderate,FMS_MARITIME,2026-04-06
2023-11-07,72,LSMGO,16.65,12.2,292.8,24,177.0768,0.69,Moderate,FMS_MARITIME,2026-04-06
2023-11-08,72,HFO,17.26,17.0,408.0,24,131.7344,0.42,Rough,FMS_MARITIME,2026-04-06
2023-11-09,72,LSMGO,51.34,14.0,336.0,24,475.8118,0.46,Calm,FMS_MARITIME,2026-04-06
2023-11-10,72,MGO,20.35,11.7,280.8,24,225.6763,0.81,Moderate,FMS_MARITIME,2026-04-06
2023-11-11,72,LNG,18.93,14.8,355.2,24,165.9573,0.94,Rough,FMS_MARITIME,2026-04-06
2023-11-12,72,VLSFO,48.89,15.6,374.4,24,406.6332,0.67,Moderate,FMS_MARITIME,2026-04-06
2023-11-13,72,LNG,15.51,8.1,194.4,24,248.4472,0.57,Calm,FMS_MARITIME,2026-04-06
2023-11-14,72,MGO,73.14,9.7,232.8,24,978.3418,0.67,Rough,FMS_MARITIME,2026-04-06
2023-11-15,72,LSMGO,33.5,12.4,297.6,24,350.5343,0.52,Calm,FMS_MARITIME,2026-04-06
2023-11-16,72,LNG,49.14,12.8,307.2,24,498.1184,0.64,Rough,FMS_MARITIME,2026-04-06
2023-11-17,72,VLSFO,55.31,17.4,417.6,24,412.4409,0.97,Rough,FMS_MARITIME,2026-04-06
2023-11-18,72,VLSFO,37.65,14.2,340.8,24,344.0202,0.79,Rough,FMS_MARITIME,2026-04-06
2023-11-19,72,LNG,57.68,14.9,357.6,24,502.2805,0.78,Calm,FMS_MARITIME,2026-04-06
2023-11-20,72,LSMGO,49.68,12.1,290.4,24,532.7256,0.47,Calm,FMS_MARITIME,2026-04-06
2023-11-21,72,MGO,45.08,9.0,216.0,24,649.9033,0.51,Calm,FMS_MARITIME,2026-04-06
2023-11-22,72,VLSFO,40.38,17.8,427.2,24,294.343,0.51,Moderate,FMS_MARITIME,2026-04-06
2023-11-23,72,LNG,81.58,10.0,240.0,24,1058.5005,0.7,Calm,FMS_MARITIME,2026-04-06
2023-11-24,72,HFO,73.24,13.0,312.0,24,730.9915,0.42,Calm,FMS_MARITIME,2026-04-06
2023-11-25,72,LSMGO,53.19,12.5,300.0,24,552.1122,0.4,Rough,FMS_MARITIME,2026-04-06
2023-11-26,72,LNG,63.56,8.8,211.2,24,937.1489,0.9,Calm,FMS_MARITIME,2026-04-06
2023-11-27,72,MGO,47.56,16.3,391.2,24,378.5834,0.6,Rough,FMS_MARITIME,2026-04-06
2023-11-28,72,LNG,22.28,15.5,372.0,24,186.5052,0.75,Calm,FMS_MARITIME,2026-04-06
2023-11-28,72,LNG,33.54,13.6,326.4,24,319.9864,0.43,Rough,FMS_MARITIME,2026-04-06
2023-11-28,72,VLSFO,54.51,11.1,266.4,24,637.1777,0.8,Rough,FMS_MARITIME,2026-04-06
2023-11-01,73,VLSFO,23.93,16.8,403.2,24,184.8165,0.44,Rough,FMS_MARITIME,2026-04-06
2023-11-02,73,VLSFO,21.61,8.9,213.6,24,315.0447,0.61,Moderate,FMS_MARITIME,2026-04-06
2023-11-03,73,VLSFO,24.44,13.0,312.0,24,243.93,0.73,Rough,FMS_MARITIME,2026-04-06
2023-11-04,73,VLSFO,27.46,15.4,369.6,24,231.3594,0.61,Moderate,FMS_MARITIME,2026-04-06
2023-11-05,73,HFO,67.87,12.6,302.4,24,698.8994,0.59,Moderate,FMS_MARITIME,2026-04-06
2023-11-06,73,MGO,83.63,17.3,415.2,24,627.225,0.96,Rough,FMS_MARITIME,2026-04-06
2023-11-07,73,VLSFO,70.52,9.8,235.2,24,933.6704,0.41,Rough,FMS_MARITIME,2026-04-06
2023-11-08,73,VLSFO,82.03,14.1,338.4,24,754.8505,0.42,Moderate,FMS_MARITIME,2026-04-06
2023-11-09,73,LNG,22.51,13.2,316.8,24,221.2631,0.57,Rough,FMS_MARITIME,2026-04-06
2023-11-10,73,MGO,50.34,14.8,355.2,24,441.3253,0.8,Calm,FMS_MARITIME,2026-04-06
2023-11-11,73,LNG,51.68,13.7,328.8,24,489.4511,1.0,Moderate,FMS_MARITIME,2026-04-06
2023-11-12,73,MGO,50.63,14.6,350.4,24,449.9481,0.87,Calm,FMS_MARITIME,2026-04-06
2023-11-13,73,LSMGO,51.63,16.5,396.0,24,405.9995,0.6,Calm,FMS_MARITIME,2026-04-06
2023-11-14,73,MGO,65.5,16.0,384.0,24,531.1641,0.79,Moderate,FMS_MARITIME,2026-04-06
2023-11-15,73,MGO,28.64,9.4,225.6,24,395.3234,0.59,Rough,FMS_MARITIME,2026-04-06
2023-11-16,73,LSMGO,65.66,17.1,410.4,24,498.2096,0.79,Rough,FMS_MARITIME,2026-04-06
2023-11-17,73,LNG,46.17,9.9,237.6,24,605.1068,0.77,Moderate,FMS_MARITIME,2026-04-06
2023-11-18,73,LNG,74.33,16.1,386.4,24,599.0259,0.77,Moderate,FMS_MARITIME,2026-04-06
2023-11-19,73,LSMGO,79.75,10.8,259.2,24,958.1076,0.47,Calm,FMS_MARITIME,2026-04-06
2023-11-20,73,LSMGO,83.74,8.3,199.2,24,1309.0681,0.91,Rough,FMS_MARITIME,2026-04-06
2023-11-21,73,MGO,21.98,10.9,261.6,24,261.6427,0.93,Moderate,FMS_MARITIME,2026-04-06
2023-11-22,73,HFO,17.97,15.2,364.8,24,153.3952,0.65,Moderate,FMS_MARITIME,2026-04-06
2023-11-23,73,VLSFO,56.77,9.4,225.6,24,783.6072,0.7,Calm,FMS_MARITIME,2026-04-06
2023-11-24,73,LNG,27.51,13.7,328.8,24,260.5418,0.86,Calm,FMS_MARITIME,2026-04-06
2023-11-25,73,LSMGO,29.41,15.9,381.6,24,239.9967,0.7,Calm,FMS_MARITIME,2026-04-06
2023-11-26,73,HFO,15.25,11.5,276.0,24,172.0598,0.86,Rough,FMS_MARITIME,2026-04-06
2023-11-27,73,MGO,39.43,10.9,261.6,24,469.3617,0.6,Calm,FMS_MARITIME,2026-04-06
2023-11-28,73,LSMGO,38.68,8.3,199.2,24,604.6663,0.46,Calm,FMS_MARITIME,2026-04-06
2023-11-28,73,MGO,38.63,8.8,211.2,24,569.573,0.56,Rough,FMS_MARITIME,2026-04-06
2023-11-28,73,MGO,25.74,12.5,300.0,24,267.1812,0.52,Moderate,FMS_MARITIME,2026-04-06
2023-11-01,74,HFO,25.42,15.3,367.2,24,215.5716,0.46,Rough,FMS_MARITIME,2026-04-06
2023-11-02,74,VLSFO,30.02,11.4,273.6,24,341.675,0.47,Calm,FMS_MARITIME,2026-04-06
2023-11-03,74,MGO,24.4,13.7,328.8,24,231.0876,0.55,Calm,FMS_MARITIME,2026-04-06
2023-11-04,74,LSMGO,78.77,10.4,249.6,24,982.7315,0.96,Rough,FMS_MARITIME,2026-04-06
2023-11-05,74,LSMGO,42.63,10.8,259.2,24,512.1521,0.77,Rough,FMS_MARITIME,2026-04-06
2023-11-06,74,MGO,58.25,14.7,352.8,24,514.1454,0.79,Moderate,FMS_MARITIME,2026-04-06
2023-11-07,74,LSMGO,26.43,13.2,316.8,24,259.7949,0.72,Calm,FMS_MARITIME,2026-04-06
2023-11-08,74,MGO,54.39,10.5,252.0,24,672.105,0.84,Moderate,FMS_MARITIME,2026-04-06
2023-11-09,74,LSMGO,31.93,14.6,350.4,24,283.7615,0.93,Rough,FMS_MARITIME,2026-04-06
2023-11-10,74,HFO,64.59,18.0,432.0,24,465.5863,0.78,Calm,FMS_MARITIME,2026-04-06
2023-11-11,74,LNG,39.38,8.1,194.4,24,630.8093,0.41,Moderate,FMS_MARITIME,2026-04-06
2023-11-12,74,VLSFO,83.98,14.1,338.4,24,772.7947,0.93,Rough,FMS_MARITIME,2026-04-06
2023-11-13,74,LNG,67.08,14.3,343.2,24,608.6455,0.66,Calm,FMS_MARITIME,2026-04-06
2023-11-14,74,LNG,39.25,8.8,211.2,24,578.7145,0.65,Moderate,FMS_MARITIME,2026-04-06
2023-11-15,74,VLSFO,33.88,8.5,204.0,24,517.1682,0.8,Moderate,FMS_MARITIME,2026-04-06
2023-11-16,74,VLSFO,35.73,17.3,415.2,24,267.975,0.97,Moderate,FMS_MARITIME,2026-04-06
2023-11-17,74,LSMGO,49.84,17.1,410.4,24,378.1719,0.62,Rough,FMS_MARITIME,2026-04-06
2023-11-18,74,VLSFO,31.66,15.8,379.2,24,259.9927,0.94,Moderate,FMS_MARITIME,2026-04-06
2023-11-19,74,LNG,30.84,13.4,321.6,24,298.6187,0.88,Rough,FMS_MARITIME,2026-04-06
2023-11-20,74,LNG,19.78,16.6,398.4,24,154.6057,0.97,Calm,FMS_MARITIME,2026-04-06
2023-11-21,74,LSMGO,58.17,11.6,278.4,24,650.6515,0.71,Rough,FMS_MARITIME,2026-04-06
2023-11-22,74,LSMGO,26.31,15.0,360.0,24,227.5815,0.93,Calm,FMS_MARITIME,2026-04-06
2023-11-23,74,HFO,40.38,12.7,304.8,24,412.5437,0.66,Moderate,FMS_MARITIME,2026-04-06
2023-11-24,74,VLSFO,70.24,12.7,304.8,24,717.6094,0.7,Moderate,FMS_MARITIME,2026-04-06
2023-11-25,74,VLSFO,43.82,10.7,256.8,24,531.3687,0.53,Moderate,FMS_MARITIME,2026-04-06
2023-11-26,74,LNG,50.74,17.3,415.2,24,380.55,0.76,Calm,FMS_MARITIME,2026-04-06
2023-11-27,74,MGO,40.33,14.2,340.8,24,368.5083,0.42,Calm,FMS_MARITIME,2026-04-06
2023-11-28,74,LNG,58.23,13.5,324.0,24,559.655,0.73,Rough,FMS_MARITIME,2026-04-06
2023-11-28,74,LNG,48.31,8.3,199.2,24,755.2075,0.84,Moderate,FMS_MARITIME,2026-04-06
2023-11-28,74,LSMGO,59.87,8.3,199.2,24,935.9196,0.78,Calm,FMS_MARITIME,2026-04-06
2023-11-01,75,HFO,34.12,10.7,256.8,24,413.7449,0.76,Rough,FMS_MARITIME,2026-04-06
2023-11-02,75,HFO,74.34,17.5,420.0,24,551.178,0.94,Moderate,FMS_MARITIME,2026-04-06
2023-11-03,75,LNG,46.87,14.8,355.2,24,410.9042,0.52,Moderate,FMS_MARITIME,2026-04-06
2023-11-04,75,LNG,79.98,17.2,412.8,24,603.3375,0.94,Calm,FMS_MARITIME,2026-04-06
2023-11-05,75,MGO,27.58,16.5,396.0,24,216.8791,0.61,Rough,FMS_MARITIME,2026-04-06
2023-11-06,75,HFO,54.36,17.0,408.0,24,414.8947,0.9,Moderate,FMS_MARITIME,2026-04-06
2023-11-07,75,VLSFO,74.83,12.5,300.0,24,776.7354,0.89,Moderate,FMS_MARITIME,2026-04-06
2023-11-08,75,LSMGO,27.16,8.3,199.2,24,424.5795,0.48,Moderate,FMS_MARITIME,2026-04-06
2023-11-09,75,MGO,68.49,16.9,405.6,24,525.833,0.64,Rough,FMS_MARITIME,2026-04-06
2023-11-10,75,MGO,35.63,15.9,381.6,24,290.7542,0.81,Calm,FMS_MARITIME,2026-04-06
2023-11-11,75,LNG,17.76,13.4,321.6,24,171.9672,0.44,Rough,FMS_MARITIME,2026-04-06
2023-11-12,75,MGO,69.02,15.2,364.8,24,589.1674,0.67,Calm,FMS_MARITIME,2026-04-06
2023-11-13,75,HFO,18.8,10.7,256.8,24,227.972,0.98,Moderate,FMS_MARITIME,2026-04-06
2023-11-14,75,MGO,24.94,10.6,254.4,24,305.2797,0.99,Calm,FMS_MARITIME,2026-04-06
2023-11-15,75,LSMGO,47.27,10.6,254.4,24,578.6116,0.88,Rough,FMS_MARITIME,2026-04-06
2023-11-16,75,LSMGO,60.78,15.0,360.0,24,525.747,0.86,Rough,FMS_MARITIME,2026-04-06
2023-11-17,75,VLSFO,50.55,14.1,338.4,24,465.1676,0.64,Calm,FMS_MARITIME,2026-04-06
2023-11-18,75,VLSFO,61.44,11.8,283.2,24,675.5797,0.93,Calm,FMS_MARITIME,2026-04-06
2023-11-19,75,HFO,29.14,12.1,290.4,24,312.4723,0.56,Moderate,FMS_MARITIME,2026-04-06
2023-11-20,75,LNG,53.29,14.9,357.6,24,464.0522,0.53,Moderate,FMS_MARITIME,2026-04-06
2023-11-21,75,LNG,81.97,17.5,420.0,24,607.749,0.91,Rough,FMS_MARITIME,2026-04-06
2023-11-22,75,LSMGO,57.39,11.0,264.0,24,676.9411,0.93,Rough,FMS_MARITIME,2026-04-06
2023-11-23,75,VLSFO,23.95,17.2,412.8,24,180.6693,0.96,Rough,FMS_MARITIME,2026-04-06
2023-11-24,75,MGO,34.24,17.4,417.6,24,255.3241,0.82,Calm,FMS_MARITIME,2026-04-06
2023-11-25,75,HFO,67.4,11.6,278.4,24,753.8922,0.93,Rough,FMS_MARITIME,2026-04-06
2023-11-26,75,HFO,19.69,10.7,256.8,24,238.7643,0.61,Rough,FMS_MARITIME,2026-04-06
2023-11-27,75,LNG,80.54,13.6,326.4,24,768.3871,0.67,Moderate,FMS_MARITIME,2026-04-06
2023-11-28,75,LNG,33.88,11.3,271.2,24,389.0204,0.87,Moderate,FMS_MARITIME,2026-04-06
2023-11-28,75,LSMGO,79.34,15.8,379.2,24,651.5421,0.73,Calm,FMS_MARITIME,2026-04-06
2023-11-28,75,LNG,49.29,12.6,302.4,24,507.5696,0.83,Calm,FMS_MARITIME,2026-04-06
2023-11-01,76,MGO,17.54,16.1,386.4,24,141.355,0.47,Rough,FMS_MARITIME,2026-04-06
2023-11-02,76,MGO,49.04,17.5,420.0,24,363.5966,1.0,Calm,FMS_MARITIME,2026-04-06
2023-11-03,76,VLSFO,15.08,8.6,206.4,24,227.5151,0.96,Moderate,FMS_MARITIME,2026-04-06
2023-11-04,76,MGO,21.35,17.4,417.6,24,159.2047,0.73,Rough,FMS_MARITIME,2026-04-06
2023-11-05,76,MGO,58.64,14.1,338.4,24,539.6128,0.92,Moderate,FMS_MARITIME,2026-04-06
2023-11-06,76,LNG,40.44,11.6,278.4,24,452.3353,0.84,Moderate,FMS_MARITIME,2026-04-06
2023-11-07,76,LSMGO,24.22,16.0,384.0,24,196.4091,0.76,Moderate,FMS_MARITIME,2026-04-06
2023-11-08,76,VLSFO,30.34,15.7,376.8,24,250.7398,0.89,Calm,FMS_MARITIME,2026-04-06
2023-11-09,76,LNG,31.79,9.3,223.2,24,443.5218,0.75,Rough,FMS_MARITIME,2026-04-06
2023-11-10,76,VLSFO,53.47,12.8,307.2,24,542.0104,0.82,Moderate,FMS_MARITIME,2026-04-06
2023-11-11,76,MGO,70.72,10.2,244.8,24,899.6,0.62,Calm,FMS_MARITIME,2026-04-06
2023-11-12,76,LNG,33.34,9.6,230.4,24,450.6109,0.83,Moderate,FMS_MARITIME,2026-04-06
2023-11-13,76,LSMGO,74.95,16.6,398.4,24,585.8291,0.51,Rough,FMS_MARITIME,2026-04-06
2023-11-14,76,MGO,29.88,15.5,372.0,24,250.1245,0.86,Moderate,FMS_MARITIME,2026-04-06
2023-11-15,76,HFO,58.88,8.6,206.4,24,888.3349,0.68,Calm,FMS_MARITIME,2026-04-06
2023-11-16,76,LSMGO,46.79,16.9,405.6,24,359.2309,0.49,Moderate,FMS_MARITIME,2026-04-06
2023-11-17,76,LNG,45.72,8.2,196.8,24,723.4354,0.58,Moderate,FMS_MARITIME,2026-04-06
2023-11-18,76,LSMGO,40.62,15.9,381.6,24,331.4745,0.88,Moderate,FMS_MARITIME,2026-04-06
2023-11-19,76,HFO,62.31,14.9,357.6,24,542.5988,0.83,Calm,FMS_MARITIME,2026-04-06
2023-11-20,76,LSMGO,44.74,14.2,340.8,24,408.8039,0.6,Calm,FMS_MARITIME,2026-04-06
2023-11-21,76,LSMGO,59.97,17.9,429.6,24,434.6987,0.54,Moderate,FMS_MARITIME,2026-04-06
2023-11-22,76,LSMGO,36.4,9.9,237.6,24,477.0606,0.86,Calm,FMS_MARITIME,2026-04-06
2023-11-23,76,LNG,80.97,11.0,264.0,24,955.078,0.9,Moderate,FMS_MARITIME,2026-04-06
2023-11-24,76,HFO,28.02,11.0,264.0,24,330.5086,0.66,Rough,FMS_MARITIME,2026-04-06
2023-11-25,76,HFO,24.68,11.1,266.4,24,288.4892,0.65,Rough,FMS_MARITIME,2026-04-06
2023-11-26,76,LSMGO,47.46,9.2,220.8,24,669.3408,0.58,Calm,FMS_MARITIME,2026-04-06
2023-11-27,76,HFO,54.17,11.2,268.8,24,627.5498,0.94,Rough,FMS_MARITIME,2026-04-06
2023-11-28,76,VLSFO,23.45,13.6,326.4,24,223.7233,0.69,Moderate,FMS_MARITIME,2026-04-06
2023-11-28,76,LSMGO,50.51,13.4,321.6,24,489.08,0.44,Calm,FMS_MARITIME,2026-04-06
2023-11-28,76,LNG,22.1,12.8,307.2,24,224.0215,0.42,Calm,FMS_MARITIME,2026-04-06
2023-11-01,77,LSMGO,44.73,12.6,302.4,24,460.6125,0.86,Calm,FMS_MARITIME,2026-04-06
2023-11-02,77,LSMGO,26.2,9.3,223.2,24,365.5323,0.71,Rough,FMS_MARITIME,2026-04-06
2023-11-03,77,VLSFO,40.51,13.0,312.0,24,404.321,0.58,Calm,FMS_MARITIME,2026-04-06
2023-11-04,77,LNG,70.43,17.8,427.2,24,513.3872,0.85,Calm,FMS_MARITIME,2026-04-06
2023-11-05,77,HFO,84.07,8.1,194.4,24,1346.6769,0.94,Moderate,FMS_MARITIME,2026-04-06
2023-11-06,77,VLSFO,25.8,8.4,201.6,24,398.5179,0.72,Rough,FMS_MARITIME,2026-04-06
2023-11-07,77,MGO,51.75,14.2,340.8,24,472.8565,0.51,Calm,FMS_MARITIME,2026-04-06
2023-11-08,77,VLSFO,30.42,9.3,223.2,24,424.4081,0.73,Moderate,FMS_MARITIME,2026-04-06
2023-11-09,77,MGO,67.89,16.8,403.2,24,524.329,0.81,Rough,FMS_MARITIME,2026-04-06
2023-11-10,77,LSMGO,68.47,17.0,408.0,24,522.5872,0.44,Moderate,FMS_MARITIME,2026-04-06
2023-11-11,77,MGO,63.78,12.1,290.4,24,683.9219,0.47,Calm,FMS_MARITIME,2026-04-06
2023-11-12,77,HFO,75.88,12.0,288.0,24,820.4525,0.91,Moderate,FMS_MARITIME,2026-04-06
2023-11-13,77,VLSFO,29.14,9.0,216.0,24,420.1017,0.43,Moderate,FMS_MARITIME,2026-04-06
2023-11-14,77,LSMGO,44.26,13.5,324.0,24,425.3878,0.77,Moderate,FMS_MARITIME,2026-04-06
2023-11-15,77,LSMGO,25.76,14.0,336.0,24,238.74,0.47,Calm,FMS_MARITIME,2026-04-06
2023-11-16,77,VLSFO,73.86,9.8,235.2,24,977.8913,0.93,Rough,FMS_MARITIME,2026-04-06
2023-11-17,77,LSMGO,44.28,12.8,307.2,24,448.8539,0.92,Moderate,FMS_MARITIME,2026-04-06
2023-11-18,77,LSMGO,55.62,15.9,381.6,24,453.8802,0.85,Rough,FMS_MARITIME,2026-04-06
2023-11-19,77,HFO,54.89,17.6,422.4,24,404.6578,0.85,Moderate,FMS_MARITIME,2026-04-06
2023-11-20,77,LSMGO,34.06,8.7,208.8,24,507.9638,0.44,Calm,FMS_MARITIME,2026-04-06
2023-11-21,77,LSMGO,31.48,17.0,408.0,24,240.2665,0.79,Moderate,FMS_MARITIME,2026-04-06
2023-11-22,77,HFO,25.44,12.3,295.2,24,268.361,0.41,Rough,FMS_MARITIME,2026-04-06
2023-11-23,77,LSMGO,35.46,15.5,372.0,24,296.8345,0.77,Moderate,FMS_MARITIME,2026-04-06
2023-11-24,77,VLSFO,60.78,13.5,324.0,24,584.1633,0.66,Rough,FMS_MARITIME,2026-04-06
2023-11-25,77,LNG,25.2,11.9,285.6,24,274.7647,0.96,Calm,FMS_MARITIME,2026-04-06
2023-11-26,77,MGO,41.69,14.5,348.0,24,373.0536,0.6,Moderate,FMS_MARITIME,2026-04-06
2023-11-27,77,MGO,64.57,8.0,192.0,24,1047.2447,0.48,Rough,FMS_MARITIME,2026-04-06
2023-11-28,77,LNG,35.31,12.9,309.6,24,355.1529,0.47,Calm,FMS_MARITIME,2026-04-06
2023-11-28,77,HFO,82.47,9.8,235.2,24,1091.886,0.68,Calm,FMS_MARITIME,2026-04-06
2023-11-28,77,MGO,24.2,15.9,381.6,24,197.4811,0.57,Moderate,FMS_MARITIME,2026-04-06
2023-11-01,78,MGO,72.35,17.4,417.6,24,539.5065,0.77,Rough,FMS_MARITIME,2026-04-06
2023-11-02,78,LNG,56.98,10.2,244.8,24,724.8191,0.78,Calm,FMS_MARITIME,2026-04-06
2023-11-03,78,LNG,45.98,13.9,333.6,24,429.2018,0.43,Calm,FMS_MARITIME,2026-04-06
2023-11-04,78,LSMGO,26.4,8.4,201.6,24,407.7857,0.89,Rough,FMS_MARITIME,2026-04-06
2023-11-05,78,LSMGO,66.1,8.0,192.0,24,1072.0594,0.46,Rough,FMS_MARITIME,2026-04-06
2023-11-06,78,LSMGO,41.16,8.3,199.2,24,643.4349,0.9,Rough,FMS_MARITIME,2026-04-06
2023-11-07,78,HFO,74.79,12.1,290.4,24,801.9837,0.55,Moderate,FMS_MARITIME,2026-04-06
2023-11-08,78,MGO,50.96,16.8,403.2,24,393.575,0.87,Rough,FMS_MARITIME,2026-04-06
2023-11-09,78,VLSFO,53.48,16.9,405.6,24,410.5935,0.67,Rough,FMS_MARITIME,2026-04-06
2023-11-10,78,LNG,35.64,16.6,398.4,24,278.5717,0.7,Moderate,FMS_MARITIME,2026-04-06
2023-11-11,78,VLSFO,45.96,14.3,343.2,24,417.0147,0.77,Calm,FMS_MARITIME,2026-04-06
2023-11-12,78,VLSFO,32.72,12.8,307.2,24,331.6734,0.49,Calm,FMS_MARITIME,2026-04-06
2023-11-13,78,LNG,40.43,9.6,230.4,24,546.4367,0.44,Moderate,FMS_MARITIME,2026-04-06
2023-11-14,78,LNG,51.65,16.3,391.2,24,411.1403,0.7,Moderate,FMS_MARITIME,2026-04-06
2023-11-15,78,HFO,71.34,16.0,384.0,24,578.5228,0.45,Moderate,FMS_MARITIME,2026-04-06
2023-11-16,78,LSMGO,22.67,17.3,415.2,24,170.025,0.47,Moderate,FMS_MARITIME,2026-04-06
2023-11-17,78,VLSFO,63.3,17.6,422.4,24,466.6577,0.72,Calm,FMS_MARITIME,2026-04-06
2023-11-18,78,HFO,58.05,13.7,328.8,24,549.7801,0.46,Moderate,FMS_MARITIME,2026-04-06
2023-11-19,78,MGO,26.03,17.5,420.0,24,192.9939,0.6,Calm,FMS_MARITIME,2026-04-06
2023-11-20,78,MGO,79.7,16.5,396.0,24,626.7318,1.0,Calm,FMS_MARITIME,2026-04-06
2023-11-21,78,VLSFO,35.54,13.2,316.8,24,349.342,0.67,Rough,FMS_MARITIME,2026-04-06
2023-11-22,78,LSMGO,35.59,16.3,391.2,24,283.3008,0.71,Moderate,FMS_MARITIME,2026-04-06
2023-11-23,78,HFO,67.68,11.3,271.2,24,777.1221,0.76,Moderate,FMS_MARITIME,2026-04-06
2023-11-24,78,MGO,58.92,12.4,297.6,24,616.5218,1.0,Moderate,FMS_MARITIME,2026-04-06
2023-11-25,78,LSMGO,83.93,13.0,312.0,24,837.686,0.64,Moderate,FMS_MARITIME,2026-04-06
2023-11-26,78,HFO,77.31,8.1,194.4,24,1238.3917,0.47,Calm,FMS_MARITIME,2026-04-06
2023-11-27,78,LSMGO,25.89,10.0,240.0,24,335.9228,0.78,Moderate,FMS_MARITIME,2026-04-06
2023-11-28,78,MGO,18.28,17.7,424.8,24,134.0017,0.51,Moderate,FMS_MARITIME,2026-04-06
2023-11-28,78,LSMGO,58.56,12.3,295.2,24,617.7366,0.85,Rough,FMS_MARITIME,2026-04-06
2023-11-28,78,MGO,53.8,10.9,261.6,24,640.4174,0.53,Moderate,FMS_MARITIME,2026-04-06
2023-11-01,79,HFO,15.94,12.8,307.2,24,161.5793,0.54,Rough,FMS_MARITIME,2026-04-06
2023-11-02,79,LNG,32.47,9.8,235.2,24,429.8962,0.43,Rough,FMS_MARITIME,2026-04-06
2023-11-03,79,LNG,24.76,13.2,316.8,24,243.3795,0.48,Calm,FMS_MARITIME,2026-04-06
2023-11-04,79,MGO,31.83,15.4,369.6,24,268.1781,0.89,Rough,FMS_MARITIME,2026-04-06
2023-11-05,79,LNG,82.25,17.2,412.8,24,620.4615,0.99,Moderate,FMS_MARITIME,2026-04-06
2023-11-06,79,MGO,32.58,16.6,398.4,24,254.6539,0.89,Moderate,FMS_MARITIME,2026-04-06
2023-11-07,79,VLSFO,41.86,16.4,393.6,24,331.179,0.88,Calm,FMS_MARITIME,2026-04-06
2023-11-08,79,LSMGO,50.32,9.5,228.0,24,687.2653,0.98,Moderate,FMS_MARITIME,2026-04-06
2023-11-09,79,LSMGO,62.18,16.2,388.8,24,498.0157,0.88,Moderate,FMS_MARITIME,2026-04-06
2023-11-10,79,LNG,32.21,8.5,204.0,24,491.6762,0.62,Calm,FMS_MARITIME,2026-04-06
2023-11-11,79,LSMGO,37.29,10.7,256.8,24,452.1848,0.69,Calm,FMS_MARITIME,2026-04-06
2023-11-12,79,VLSFO,84.88,10.1,242.4,24,1090.4139,0.95,Rough,FMS_MARITIME,2026-04-06
2023-11-13,79,MGO,37.09,15.7,376.8,24,306.524,0.99,Moderate,FMS_MARITIME,2026-04-06
2023-11-14,79,VLSFO,50.55,17.6,422.4,24,372.6626,0.6,Calm,FMS_MARITIME,2026-04-06
2023-11-15,79,LSMGO,26.8,13.1,314.4,24,265.4427,0.75,Rough,FMS_MARITIME,2026-04-06
2023-11-16,79,LSMGO,28.14,12.1,290.4,24,301.7492,0.47,Moderate,FMS_MARITIME,2026-04-06
2023-11-17,79,LSMGO,52.2,13.5,324.0,24,501.7,0.83,Rough,FMS_MARITIME,2026-04-06
2023-11-18,79,LNG,15.71,13.3,319.2,24,153.2611,0.92,Moderate,FMS_MARITIME,2026-04-06
2023-11-19,79,MGO,59.57,14.9,357.6,24,518.7388,0.42,Calm,FMS_MARITIME,2026-04-06
2023-11-20,79,LSMGO,25.51,14.8,355.2,24,223.6434,0.61,Moderate,FMS_MARITIME,2026-04-06
2023-11-21,79,VLSFO,73.54,17.5,420.0,24,545.2466,0.63,Rough,FMS_MARITIME,2026-04-06
2023-11-22,79,MGO,67.2,16.5,396.0,24,528.4364,0.67,Rough,FMS_MARITIME,2026-04-06
2023-11-23,79,HFO,17.42,16.5,396.0,24,136.9845,0.71,Rough,FMS_MARITIME,2026-04-06
2023-11-24,79,HFO,83.18,12.1,290.4,24,891.9508,0.75,Calm,FMS_MARITIME,2026-04-06
2023-11-25,79,VLSFO,18.64,12.1,290.4,24,199.8793,0.44,Moderate,FMS_MARITIME,2026-04-06
2023-11-26,79,LNG,71.36,13.9,333.6,24,666.1122,0.49,Moderate,FMS_MARITIME,2026-04-06
2023-11-27,79,VLSFO,67.46,14.9,357.6,24,587.4453,0.59,Calm,FMS_MARITIME,2026-04-06
2023-11-28,79,LSMGO,15.83,16.4,393.6,24,125.2404,0.56,Rough,FMS_MARITIME,2026-04-06
2023-11-28,79,MGO,74.2,13.2,316.8,24,729.3523,0.91,Rough,FMS_MARITIME,2026-04-06
2023-11-28,79,VLSFO,34.73,12.5,300.0,24,360.4974,0.89,Calm,FMS_MARITIME,2026-04-06
2023-11-01,80,HFO,58.22,8.2,196.8,24,921.225,0.57,Moderate,FMS_MARITIME,2026-04-06
2023-11-02,80,VLSFO,33.14,17.2,412.8,24,249.9951,0.95,Rough,FMS_MARITIME,2026-04-06
2023-11-03,80,VLSFO,40.93,17.3,415.2,24,306.975,0.98,Calm,FMS_MARITIME,2026-04-06
2023-11-04,80,LSMGO,68.67,15.5,372.0,24,574.8344,0.42,Moderate,FMS_MARITIME,2026-04-06
2023-11-05,80,HFO,16.44,17.4,417.6,24,122.5914,0.81,Calm,FMS_MARITIME,2026-04-06
2023-11-06,80,LSMGO,44.7,17.1,410.4,24,339.1711,0.52,Moderate,FMS_MARITIME,2026-04-06
2023-11-07,80,LSMGO,53.72,14.6,350.4,24,477.4089,0.45,Calm,FMS_MARITIME,2026-04-06
2023-11-08,80,HFO,76.88,16.1,386.4,24,619.5764,0.51,Moderate,FMS_MARITIME,2026-04-06
2023-11-09,80,LSMGO,43.93,8.5,204.0,24,670.5785,0.82,Moderate,FMS_MARITIME,2026-04-06
2023-11-10,80,LNG,65.97,14.0,336.0,24,611.4005,0.57,Moderate,FMS_MARITIME,2026-04-06
2023-11-11,80,HFO,42.95,10.1,242.4,24,551.7587,0.64,Rough,FMS_MARITIME,2026-04-06
2023-11-12,80,MGO,52.74,12.4,297.6,24,551.856,0.81,Rough,FMS_MARITIME,2026-04-06
2023-11-13,80,HFO,17.94,16.3,391.2,24,142.8046,0.47,Moderate,FMS_MARITIME,2026-04-06
2023-11-14,80,MGO,22.51,11.8,283.2,24,247.5146,0.74,Calm,FMS_MARITIME,2026-04-06
2023-11-15,80,LNG,22.69,10.1,242.4,24,291.4879,0.95,Moderate,FMS_MARITIME,2026-04-06
2023-11-16,80,LSMGO,20.46,16.6,398.4,24,159.9208,0.6,Calm,FMS_MARITIME,2026-04-06
2023-11-17,80,VLSFO,41.13,16.3,391.2,24,327.3998,0.62,Moderate,FMS_MARITIME,2026-04-06
2023-11-18,80,LSMGO,80.0,8.7,208.8,24,1193.1034,1.0,Moderate,FMS_MARITIME,2026-04-06
2023-11-19,80,LNG,78.82,12.1,290.4,24,845.1979,0.92,Moderate,FMS_MARITIME,2026-04-06
2023-11-20,80,LNG,82.8,10.3,247.2,24,1043.0388,0.98,Rough,FMS_MARITIME,2026-04-06
2023-11-21,80,MGO,53.6,17.8,427.2,24,390.7079,0.5,Rough,FMS_MARITIME,2026-04-06
2023-11-22,80,HFO,23.49,11.2,268.8,24,272.1275,0.5,Calm,FMS_MARITIME,2026-04-06
2023-11-23,80,VLSFO,49.7,11.4,273.6,24,565.6645,0.72,Rough,FMS_MARITIME,2026-04-06
2023-11-24,80,LNG,59.52,14.2,340.8,24,543.8535,0.96,Moderate,FMS_MARITIME,2026-04-06
2023-11-25,80,LNG,28.31,17.3,415.2,24,212.325,0.5,Rough,FMS_MARITIME,2026-04-06
2023-11-26,80,LSMGO,50.64,9.7,232.8,24,677.3753,0.8,Moderate,FMS_MARITIME,2026-04-06
2023-11-27,80,LNG,49.81,11.0,264.0,24,587.5316,0.64,Moderate,FMS_MARITIME,2026-04-06
2023-11-28,80,HFO,44.69,13.2,316.8,24,439.2824,0.82,Rough,FMS_MARITIME,2026-04-06
2023-11-28,80,LNG,53.4,11.1,266.4,24,624.2027,0.47,Moderate,FMS_MARITIME,2026-04-06
2023-11-28,80,HFO,22.62,17.7,424.8,24,165.8161,0.94,Calm,FMS_MARITIME,2026-04-06
2023-11-01,81,LNG,36.06,16.6,398.4,24,281.8545,0.87,Rough,FMS_MARITIME,2026-04-06
2023-11-02,81,VLSFO,52.71,14.6,350.4,24,468.433,1.0,Calm,FMS_MARITIME,2026-04-06
2023-11-03,81,VLSFO,21.32,17.1,410.4,24,161.7702,0.92,Moderate,FMS_MARITIME,2026-04-06
2023-11-04,81,VLSFO,44.5,9.5,228.0,24,607.7763,0.73,Moderate,FMS_MARITIME,2026-04-06
2023-11-05,81,LSMGO,18.86,13.7,328.8,24,178.6193,0.71,Calm,FMS_MARITIME,2026-04-06
2023-11-06,81,LNG,55.14,10.2,244.8,24,701.4132,0.76,Calm,FMS_MARITIME,2026-04-06
2023-11-07,81,MGO,17.83,12.3,295.2,24,188.0848,1.0,Calm,FMS_MARITIME,2026-04-06
2023-11-08,81,LNG,15.35,14.2,340.8,24,140.2579,0.96,Calm,FMS_MARITIME,2026-04-06
2023-11-09,81,LNG,43.71,18.0,432.0,24,315.0763,0.62,Rough,FMS_MARITIME,2026-04-06
2023-11-10,81,MGO,33.84,11.6,278.4,24,378.5121,0.64,Calm,FMS_MARITIME,2026-04-06
2023-11-11,81,LNG,38.13,17.7,424.8,24,279.5123,0.67,Moderate,FMS_MARITIME,2026-04-06
2023-11-12,81,HFO,25.23,9.4,225.6,24,348.2545,0.66,Moderate,FMS_MARITIME,2026-04-06
2023-11-13,81,MGO,25.92,9.7,232.8,24,346.7134,0.68,Calm,FMS_MARITIME,2026-04-06
2023-11-14,81,HFO,28.65,17.0,408.0,24,218.6669,0.97,Moderate,FMS_MARITIME,2026-04-06
2023-11-15,81,LSMGO,31.8,12.7,304.8,24,324.8858,0.49,Rough,FMS_MARITIME,2026-04-06
2023-11-16,81,LNG,25.03,15.5,372.0,24,209.5253,0.96,Rough,FMS_MARITIME,2026-04-06
2023-11-17,81,LSMGO,17.09,10.3,247.2,24,215.2842,0.59,Rough,FMS_MARITIME,2026-04-06
2023-11-18,81,VLSFO,84.58,17.9,429.6,24,613.0869,0.85,Moderate,FMS_MARITIME,2026-04-06
2023-11-19,81,LSMGO,45.26,8.3,199.2,24,707.5283,0.53,Rough,FMS_MARITIME,2026-04-06
2023-11-20,81,MGO,28.99,12.3,295.2,24,305.8091,0.63,Rough,FMS_MARITIME,2026-04-06
2023-11-21,81,MGO,27.19,11.7,280.8,24,301.5301,0.79,Calm,FMS_MARITIME,2026-04-06
2023-11-22,81,VLSFO,64.07,12.6,302.4,24,659.7685,0.56,Rough,FMS_MARITIME,2026-04-06
2023-11-23,81,MGO,62.47,17.9,429.6,24,452.8203,0.64,Rough,FMS_MARITIME,2026-04-06
2023-11-24,81,MGO,21.35,11.6,278.4,24,238.8071,0.47,Calm,FMS_MARITIME,2026-04-06
2023-11-25,81,MGO,75.54,9.1,218.4,24,1077.0676,0.84,Calm,FMS_MARITIME,2026-04-06
2023-11-26,81,LSMGO,57.61,16.5,396.0,24,453.0241,0.42,Rough,FMS_MARITIME,2026-04-06
2023-11-27,81,HFO,64.63,13.3,319.2,24,630.507,0.7,Calm,FMS_MARITIME,2026-04-06
2023-11-28,81,HFO,76.25,14.1,338.4,24,701.6622,0.64,Rough,FMS_MARITIME,2026-04-06
2023-11-28,81,HFO,74.92,15.5,372.0,24,627.1529,0.64,Rough,FMS_MARITIME,2026-04-06
2023-11-28,81,HFO,16.01,11.8,283.2,24,176.0422,0.69,Calm,FMS_MARITIME,2026-04-06
2023-11-01,82,LNG,27.21,11.7,280.8,24,301.7519,0.79,Calm,FMS_MARITIME,2026-04-06
2023-11-02,82,LNG,73.5,17.5,420.0,24,544.95,0.87,Moderate,FMS_MARITIME,2026-04-06
2023-11-03,82,VLSFO,64.41,15.9,381.6,24,525.6099,0.86,Moderate,FMS_MARITIME,2026-04-06
2023-11-04,82,VLSFO,28.16,15.0,360.0,24,243.584,0.62,Calm,FMS_MARITIME,2026-04-06
2023-11-05,82,HFO,81.56,8.0,192.0,24,1322.8012,0.62,Calm,FMS_MARITIME,2026-04-06
2023-11-06,82,MGO,72.5,9.2,220.8,24,1022.4864,0.6,Moderate,FMS_MARITIME,2026-04-06
2023-11-07,82,MGO,68.88,16.3,391.2,24,548.2933,0.61,Rough,FMS_MARITIME,2026-04-06
2023-11-08,82,HFO,78.73,17.8,427.2,24,573.8886,0.46,Calm,FMS_MARITIME,2026-04-06
2023-11-09,82,MGO,27.6,10.4,249.6,24,344.3365,0.99,Moderate,FMS_MARITIME,2026-04-06
2023-11-10,82,MGO,25.65,16.8,403.2,24,198.1004,0.94,Rough,FMS_MARITIME,2026-04-06
2023-11-11,82,MGO,45.38,8.0,192.0,24,736.0069,0.81,Rough,FMS_MARITIME,2026-04-06
2023-11-12,82,VLSFO,58.01,8.8,211.2,24,855.3179,0.72,Calm,FMS_MARITIME,2026-04-06
2023-11-13,82,LNG,28.03,16.5,396.0,24,220.4177,0.82,Calm,FMS_MARITIME,2026-04-06
2023-11-14,82,HFO,32.53,10.4,249.6,24,405.843,0.83,Rough,FMS_MARITIME,2026-04-06
2023-11-15,82,VLSFO,68.18,10.3,247.2,24,858.8694,0.45,Moderate,FMS_MARITIME,2026-04-06
2023-11-16,82,VLSFO,71.7,13.9,333.6,24,669.286,0.74,Moderate,FMS_MARITIME,2026-04-06
2023-11-17,82,LSMGO,67.35,16.0,384.0,24,546.1664,0.72,Rough,FMS_MARITIME,2026-04-06
2023-11-18,82,LNG,30.11,10.2,244.8,24,383.0169,0.62,Moderate,FMS_MARITIME,2026-04-06
2023-11-19,82,HFO,50.9,14.5,348.0,24,455.4672,0.89,Rough,FMS_MARITIME,2026-04-06
2023-11-20,82,LSMGO,36.92,12.5,300.0,24,383.2296,0.73,Moderate,FMS_MARITIME,2026-04-06
2023-11-21,82,MGO,77.77,14.9,357.6,24,677.2253,0.74,Moderate,FMS_MARITIME,2026-04-06
2023-11-22,82,LNG,66.09,12.5,300.0,24,686.0142,0.78,Moderate,FMS_MARITIME,2026-04-06
2023-11-23,82,HFO,74.31,8.7,208.8,24,1108.244,0.92,Rough,FMS_MARITIME,2026-04-06
2023-11-24,82,MGO,17.7,13.9,333.6,24,165.2212,0.53,Calm,FMS_MARITIME,2026-04-06
2023-11-25,82,LNG,45.87,16.6,398.4,24,358.5321,0.79,Rough,FMS_MARITIME,2026-04-06
2023-11-26,82,LSMGO,66.46,11.2,268.8,24,769.9272,0.74,Calm,FMS_MARITIME,2026-04-06
2023-11-27,82,VLSFO,83.57,10.3,247.2,24,1052.7386,0.61,Moderate,FMS_MARITIME,2026-04-06
2023-11-28,82,MGO,24.36,9.0,216.0,24,351.19,0.99,Rough,FMS_MARITIME,2026-04-06
2023-11-28,82,LSMGO,39.56,13.3,319.2,24,385.9331,0.48,Rough,FMS_MARITIME,2026-04-06
2023-11-28,82,MGO,29.3,14.3,343.2,24,265.8514,0.64,Moderate,FMS_MARITIME,2026-04-06
2023-11-01,83,LNG,59.04,16.3,391.2,24,469.9656,0.75,Calm,FMS_MARITIME,2026-04-06
2023-11-02,83,LNG,47.44,14.8,355.2,24,415.9014,0.51,Moderate,FMS_MARITIME,2026-04-06
2023-11-03,83,MGO,79.7,15.2,364.8,24,680.3339,0.89,Moderate,FMS_MARITIME,2026-04-06
2023-11-04,83,LSMGO,46.2,10.0,240.0,24,599.445,0.78,Rough,FMS_MARITIME,2026-04-06
2023-11-05,83,LNG,30.2,12.0,288.0,24,326.5375,0.83,Rough,FMS_MARITIME,2026-04-06
2023-11-06,83,VLSFO,24.51,8.8,211.2,24,361.3832,0.6,Rough,FMS_MARITIME,2026-04-06
2023-11-07,83,VLSFO,67.05,8.3,199.2,24,1048.1611,0.99,Moderate,FMS_MARITIME,2026-04-06
2023-11-08,83,VLSFO,54.34,8.4,201.6,24,839.3589,0.73,Rough,FMS_MARITIME,2026-04-06
2023-11-09,83,VLSFO,23.77,13.0,312.0,24,237.2429,0.45,Rough,FMS_MARITIME,2026-04-06
2023-11-10,83,VLSFO,78.56,13.5,324.0,24,755.0489,0.5,Moderate,FMS_MARITIME,2026-04-06
2023-11-11,83,LSMGO,32.48,10.4,249.6,24,405.2192,0.9,Moderate,FMS_MARITIME,2026-04-06
2023-11-12,83,VLSFO,25.26,13.8,331.2,24,237.4989,0.95,Rough,FMS_MARITIME,2026-04-06
2023-11-13,83,LSMGO,47.54,9.0,216.0,24,685.3683,0.43,Moderate,FMS_MARITIME,2026-04-06
2023-11-14,83,VLSFO,34.17,15.4,369.6,24,287.8933,0.51,Moderate,FMS_MARITIME,2026-04-06
2023-11-15,83,LNG,60.26,17.8,427.2,24,439.2548,0.98,Rough,FMS_MARITIME,2026-04-06
2023-11-16,83,VLSFO,67.86,16.9,405.6,24,520.9962,0.63,Moderate,FMS_MARITIME,2026-04-06
2023-11-17,83,LNG,26.46,9.8,235.2,24,350.325,0.97,Rough,FMS_MARITIME,2026-04-06
2023-11-18,83,HFO,67.93,8.8,211.2,24,1001.5815,0.73,Moderate,FMS_MARITIME,2026-04-06
2023-11-19,83,LSMGO,36.48,8.7,208.8,24,544.0552,0.41,Rough,FMS_MARITIME,2026-04-06
2023-11-20,83,MGO,50.27,8.8,211.2,24,741.1969,0.84,Calm,FMS_MARITIME,2026-04-06
2023-11-21,83,HFO,47.06,10.2,244.8,24,598.6309,0.44,Rough,FMS_MARITIME,2026-04-06
2023-11-22,83,MGO,71.21,12.9,309.6,24,716.2401,0.83,Calm,FMS_MARITIME,2026-04-06
2023-11-23,83,MGO,51.84,12.9,309.6,24,521.414,0.52,Rough,FMS_MARITIME,2026-04-06
2023-11-24,83,HFO,22.54,14.3,343.2,24,204.515,0.94,Calm,FMS_MARITIME,2026-04-06
2023-11-25,83,VLSFO,55.74,13.0,312.0,24,556.3281,0.63,Moderate,FMS_MARITIME,2026-04-06
2023-11-26,83,MGO,56.57,14.3,343.2,24,513.2837,0.99,Moderate,FMS_MARITIME,2026-04-06
2023-11-27,83,LSMGO,80.52,17.0,408.0,24,614.5571,0.52,Calm,FMS_MARITIME,2026-04-06
2023-11-28,83,VLSFO,50.96,16.9,405.6,24,391.2462,0.41,Calm,FMS_MARITIME,2026-04-06
2023-11-28,83,LNG,49.71,16.3,391.2,24,395.6977,0.91,Moderate,FMS_MARITIME,2026-04-06
2023-11-28,83,LNG,43.68,12.8,307.2,24,442.7719,0.83,Moderate,FMS_MARITIME,2026-04-06
2023-11-01,84,MGO,60.63,13.8,331.2,24,570.0538,0.85,Calm,FMS_MARITIME,2026-04-06
2023-11-02,84,LSMGO,35.96,10.6,254.4,24,440.1708,0.98,Moderate,FMS_MARITIME,2026-04-06
2023-11-03,84,LNG,33.06,15.2,364.8,24,282.2063,1.0,Moderate,FMS_MARITIME,2026-04-06
2023-11-04,84,MGO,36.13,10.7,256.8,24,438.1185,0.9,Rough,FMS_MARITIME,2026-04-06
2023-11-05,84,LSMGO,66.34,13.3,319.2,24,647.1891,1.0,Moderate,FMS_MARITIME,2026-04-06
2023-11-06,84,VLSFO,31.23,11.6,278.4,24,349.3183,0.47,Calm,FMS_MARITIME,2026-04-06
2023-11-07,84,HFO,73.13,14.0,336.0,24,677.7584,0.54,Calm,FMS_MARITIME,2026-04-06
2023-11-08,84,LSMGO,79.59,10.3,247.2,24,1002.6022,0.97,Rough,FMS_MARITIME,2026-04-06
2023-11-09,84,MGO,53.78,10.1,242.4,24,690.8866,0.73,Moderate,FMS_MARITIME,2026-04-06
2023-11-10,84,LSMGO,34.17,17.1,410.4,24,259.2724,0.82,Calm,FMS_MARITIME,2026-04-06
2023-11-11,84,HFO,30.32,13.8,331.2,24,285.0739,0.5,Calm,FMS_MARITIME,2026-04-06
2023-11-12,84,LSMGO,25.81,15.7,376.8,24,213.3024,0.8,Calm,FMS_MARITIME,2026-04-06
2023-11-13,84,HFO,54.88,11.9,285.6,24,598.3765,0.7,Rough,FMS_MARITIME,2026-04-06
2023-11-14,84,MGO,68.75,17.8,427.2,24,501.1412,0.52,Calm,FMS_MARITIME,2026-04-06
2023-11-15,84,HFO,47.94,15.4,369.6,24,403.9101,0.45,Rough,FMS_MARITIME,2026-04-06
2023-11-16,84,LSMGO,83.94,9.3,223.2,24,1171.0984,0.81,Calm,FMS_MARITIME,2026-04-06
2023-11-17,84,MGO,81.88,8.3,199.2,24,1279.9916,0.91,Moderate,FMS_MARITIME,2026-04-06
2023-11-18,84,VLSFO,52.55,9.8,235.2,24,695.7513,0.47,Moderate,FMS_MARITIME,2026-04-06
2023-11-19,84,LNG,62.35,10.4,249.6,24,777.8762,0.64,Rough,FMS_MARITIME,2026-04-06
2023-11-20,84,LSMGO,59.35,11.0,264.0,24,700.0602,0.93,Moderate,FMS_MARITIME,2026-04-06
2023-11-21,84,LSMGO,18.42,16.3,391.2,24,146.6255,0.52,Moderate,FMS_MARITIME,2026-04-06
2023-11-22,84,MGO,59.81,11.5,276.0,24,674.8128,0.82,Rough,FMS_MARITIME,2026-04-06
2023-11-23,84,LNG,69.93,13.1,314.4,24,692.6273,0.53,Rough,FMS_MARITIME,2026-04-06
2023-11-24,84,VLSFO,27.83,14.2,340.8,24,254.2917,0.82,Calm,FMS_MARITIME,2026-04-06
2023-11-25,84,MGO,57.41,8.3,199.2,24,897.4636,0.5,Moderate,FMS_MARITIME,2026-04-06
2023-11-26,84,MGO,25.32,8.1,194.4,24,405.5889,0.51,Calm,FMS_MARITIME,2026-04-06
2023-11-27,84,LNG,58.1,8.9,213.6,24,847.0197,0.8,Rough,FMS_MARITIME,2026-04-06
2023-11-28,84,LSMGO,68.76,10.2,244.8,24,874.6676,0.78,Rough,FMS_MARITIME,2026-04-06
2023-11-28,84,LSMGO,15.43,15.9,381.6,24,125.9146,0.66,Rough,FMS_MARITIME,2026-04-06
2023-11-28,84,LNG,57.83,9.0,216.0,24,833.7158,0.84,Moderate,FMS_MARITIME,2026-04-06
2023-11-01,85,VLSFO,30.22,13.4,321.6,24,292.6153,0.81,Moderate,FMS_MARITIME,2026-04-06
2023-11-02,85,VLSFO,67.32,15.2,364.8,24,574.6559,0.89,Rough,FMS_MARITIME,2026-04-06
2023-11-03,85,LNG,58.63,9.5,228.0,24,800.7624,0.48,Calm,FMS_MARITIME,2026-04-06
2023-11-04,85,MGO,39.88,11.8,283.2,24,438.511,0.94,Calm,FMS_MARITIME,2026-04-06
2023-11-05,85,HFO,70.83,12.7,304.8,24,723.6372,0.95,Rough,FMS_MARITIME,2026-04-06
2023-11-06,85,LSMGO,78.39,12.7,304.8,24,800.8742,0.68,Rough,FMS_MARITIME,2026-04-06
2023-11-07,85,LNG,19.25,10.1,242.4,24,247.2958,0.87,Calm,FMS_MARITIME,2026-04-06
2023-11-08,85,LSMGO,44.99,15.0,360.0,24,389.1635,0.76,Rough,FMS_MARITIME,2026-04-06
2023-11-09,85,HFO,67.33,11.3,271.2,24,773.1033,0.7,Moderate,FMS_MARITIME,2026-04-06
2023-11-10,85,MGO,59.93,9.2,220.8,24,845.2084,0.59,Moderate,FMS_MARITIME,2026-04-06
2023-11-11,85,LNG,20.7,11.3,271.2,24,237.6836,0.82,Moderate,FMS_MARITIME,2026-04-06
2023-11-12,85,LSMGO,21.79,10.7,256.8,24,264.2292,0.85,Moderate,FMS_MARITIME,2026-04-06
2023-11-13,85,LSMGO,69.41,12.8,307.2,24,703.5896,0.46,Rough,FMS_MARITIME,2026-04-06
2023-11-14,85,LNG,41.65,17.5,420.0,24,308.805,0.52,Rough,FMS_MARITIME,2026-04-06
2023-11-15,85,HFO,69.39,11.3,271.2,24,796.7569,0.94,Rough,FMS_MARITIME,2026-04-06
2023-11-16,85,VLSFO,53.96,15.3,367.2,24,457.602,0.87,Rough,FMS_MARITIME,2026-04-06
2023-11-17,85,MGO,41.32,17.6,422.4,24,304.6176,0.54,Calm,FMS_MARITIME,2026-04-06
2023-11-18,85,HFO,62.61,13.6,326.4,24,597.327,0.81,Calm,FMS_MARITIME,2026-04-06
2023-11-19,85,HFO,71.8,11.2,268.8,24,831.7902,0.62,Calm,FMS_MARITIME,2026-04-06
2023-11-20,85,LSMGO,30.42,16.2,388.8,24,243.6417,0.7,Calm,FMS_MARITIME,2026-04-06
2023-11-21,85,MGO,25.68,15.2,364.8,24,219.2092,0.86,Moderate,FMS_MARITIME,2026-04-06
2023-11-22,85,HFO,53.14,11.1,266.4,24,621.1635,0.56,Calm,FMS_MARITIME,2026-04-06
2023-11-23,85,LSMGO,67.19,10.9,261.6,24,799.8076,0.47,Calm,FMS_MARITIME,2026-04-06
2023-11-24,85,HFO,27.59,9.6,230.4,24,372.8961,0.72,Calm,FMS_MARITIME,2026-04-06
2023-11-25,85,LNG,72.19,12.0,288.0,24,780.5544,0.47,Rough,FMS_MARITIME,2026-04-06
2023-11-26,85,MGO,76.14,17.9,429.6,24,551.9087,0.45,Moderate,FMS_MARITIME,2026-04-06
2023-11-27,85,LNG,43.67,14.9,357.6,24,380.2807,0.97,Calm,FMS_MARITIME,2026-04-06
2023-11-28,85,HFO,38.73,16.7,400.8,24,300.9112,0.6,Rough,FMS_MARITIME,2026-04-06
2023-11-28,85,LSMGO,79.31,17.7,424.8,24,581.3826,0.75,Rough,FMS_MARITIME,2026-04-06
2023-11-28,85,LNG,41.8,16.8,403.2,24,322.8304,0.58,Moderate,FMS_MARITIME,2026-04-06
2023-11-01,86,VLSFO,32.24,13.8,331.2,24,303.1261,0.73,Moderate,FMS_MARITIME,2026-04-06
2023-11-02,86,VLSFO,69.17,12.7,304.8,24,706.6778,0.68,Rough,FMS_MARITIME,2026-04-06
2023-11-03,86,MGO,24.51,12.1,290.4,24,262.8242,0.5,Moderate,FMS_MARITIME,2026-04-06
2023-11-04,86,HFO,44.38,13.7,328.8,24,420.3142,0.62,Calm,FMS_MARITIME,2026-04-06
2023-11-05,86,LNG,69.71,15.9,381.6,24,568.8599,0.56,Calm,FMS_MARITIME,2026-04-06
2023-11-06,86,LNG,21.22,9.8,235.2,24,280.9485,0.41,Moderate,FMS_MARITIME,2026-04-06
2023-11-07,86,LNG,79.59,13.0,312.0,24,794.3694,0.91,Rough,FMS_MARITIME,2026-04-06
2023-11-08,86,VLSFO,48.01,17.2,412.8,24,362.1685,0.78,Calm,FMS_MARITIME,2026-04-06
2023-11-09,86,LNG,52.97,10.5,252.0,24,654.5579,0.76,Rough,FMS_MARITIME,2026-04-06
2023-11-10,86,HFO,41.02,17.0,408.0,24,313.0791,0.88,Rough,FMS_MARITIME,2026-04-06
2023-11-11,86,LNG,30.56,10.3,247.2,24,384.967,0.87,Moderate,FMS_MARITIME,2026-04-06
2023-11-12,86,LNG,61.2,14.9,357.6,24,532.9329,0.51,Rough,FMS_MARITIME,2026-04-06
2023-11-13,86,LSMGO,80.59,17.1,410.4,24,611.4943,0.99,Rough,FMS_MARITIME,2026-04-06
2023-11-14,86,HFO,37.43,9.1,218.4,24,533.686,0.74,Calm,FMS_MARITIME,2026-04-06
2023-11-15,86,LNG,45.0,9.2,220.8,24,634.6467,0.66,Rough,FMS_MARITIME,2026-04-06
2023-11-16,86,MGO,52.75,8.2,196.8,24,834.6723,0.92,Moderate,FMS_MARITIME,2026-04-06
2023-11-17,86,VLSFO,63.61,14.9,357.6,24,553.9193,0.83,Moderate,FMS_MARITIME,2026-04-06
2023-11-18,86,HFO,82.11,12.7,304.8,24,838.8797,0.46,Calm,FMS_MARITIME,2026-04-06
2023-11-19,86,MGO,30.07,16.3,391.2,24,239.3609,0.91,Moderate,FMS_MARITIME,2026-04-06
2023-11-20,86,MGO,57.98,14.5,348.0,24,518.821,0.61,Calm,FMS_MARITIME,2026-04-06
2023-11-21,86,HFO,83.11,11.5,276.0,24,937.6976,0.79,Calm,FMS_MARITIME,2026-04-06
2023-11-22,86,HFO,34.0,15.6,374.4,24,282.7885,0.58,Rough,FMS_MARITIME,2026-04-06
2023-11-23,86,HFO,28.97,9.4,225.6,24,399.8785,0.96,Calm,FMS_MARITIME,2026-04-06
2023-11-24,86,VLSFO,43.6,12.3,295.2,24,459.9268,0.62,Moderate,FMS_MARITIME,2026-04-06
2023-11-25,86,VLSFO,45.59,14.1,338.4,24,419.525,0.91,Moderate,FMS_MARITIME,2026-04-06
2023-11-26,86,HFO,84.37,14.6,350.4,24,749.795,0.97,Calm,FMS_MARITIME,2026-04-06
2023-11-27,86,HFO,31.34,9.0,216.0,24,451.8183,0.63,Moderate,FMS_MARITIME,2026-04-06
2023-11-28,86,HFO,16.58,13.6,326.4,24,158.1805,0.82,Rough,FMS_MARITIME,2026-04-06
2023-11-28,86,MGO,53.94,12.8,307.2,24,546.7746,0.86,Moderate,FMS_MARITIME,2026-04-06
2023-11-28,86,VLSFO,84.03,11.4,273.6,24,956.3941,0.78,Rough,FMS_MARITIME,2026-04-06
2023-11-01,87,LSMGO,32.7,16.7,400.8,24,254.0614,0.43,Moderate,FMS_MARITIME,2026-04-06
2023-11-02,87,LNG,81.3,9.4,225.6,24,1122.1995,0.91,Moderate,FMS_MARITIME,2026-04-06
2023-11-03,87,HFO,74.09,12.5,300.0,24,769.0542,0.95,Calm,FMS_MARITIME,2026-04-06
2023-11-04,87,LNG,84.7,16.5,396.0,24,666.05,0.49,Rough,FMS_MARITIME,2026-04-06
2023-11-05,87,VLSFO,39.69,16.4,393.6,24,314.0108,0.5,Rough,FMS_MARITIME,2026-04-06
2023-11-06,87,LSMGO,28.18,16.1,386.4,24,227.1028,0.81,Rough,FMS_MARITIME,2026-04-06
2023-11-07,87,MGO,35.63,15.8,379.2,24,292.5945,0.95,Rough,FMS_MARITIME,2026-04-06
2023-11-08,87,VLSFO,42.49,12.1,290.4,24,455.6262,0.85,Calm,FMS_MARITIME,2026-04-06
2023-11-09,87,VLSFO,76.83,10.2,244.8,24,977.3228,0.67,Moderate,FMS_MARITIME,2026-04-06
2023-11-10,87,MGO,35.67,11.7,280.8,24,395.5712,0.69,Moderate,FMS_MARITIME,2026-04-06
2023-11-11,87,HFO,72.19,13.8,331.2,24,678.7429,0.89,Moderate,FMS_MARITIME,2026-04-06
2023-11-12,87,HFO,64.08,15.0,360.0,24,554.292,0.53,Moderate,FMS_MARITIME,2026-04-06
2023-11-13,87,HFO,23.32,10.0,240.0,24,302.577,0.99,Rough,FMS_MARITIME,2026-04-06
2023-11-14,87,HFO,72.84,9.5,228.0,24,994.8411,0.78,Calm,FMS_MARITIME,2026-04-06
2023-11-15,87,HFO,68.3,11.1,266.4,24,798.3716,0.52,Rough,FMS_MARITIME,2026-04-06
2023-11-16,87,LSMGO,32.44,14.9,357.6,24,282.4893,0.41,Moderate,FMS_MARITIME,2026-04-06
2023-11-17,87,LNG,50.27,9.9,237.6,24,658.8417,0.74,Moderate,FMS_MARITIME,2026-04-06
2023-11-18,87,VLSFO,61.85,10.2,244.8,24,786.7684,0.68,Rough,FMS_MARITIME,2026-04-06
2023-11-19,87,HFO,49.57,15.1,362.4,24,425.9409,0.83,Calm,FMS_MARITIME,2026-04-06
2023-11-20,87,LNG,43.62,17.3,415.2,24,327.15,0.59,Rough,FMS_MARITIME,2026-04-06
2023-11-21,87,VLSFO,45.95,12.8,307.2,24,465.7822,0.5,Rough,FMS_MARITIME,2026-04-06
2023-11-22,87,LNG,62.6,12.0,288.0,24,676.8625,0.66,Calm,FMS_MARITIME,2026-04-06
2023-11-23,87,MGO,84.57,10.5,252.0,24,1045.0436,0.52,Calm,FMS_MARITIME,2026-04-06
2023-11-24,87,VLSFO,45.18,16.8,403.2,24,348.9348,0.48,Moderate,FMS_MARITIME,2026-04-06
2023-11-25,87,VLSFO,16.68,9.6,230.4,24,225.4406,0.83,Calm,FMS_MARITIME,2026-04-06
2023-11-26,87,LNG,20.42,17.2,412.8,24,154.0404,0.5,Rough,FMS_MARITIME,2026-04-06
2023-11-27,87,LNG,49.03,12.1,290.4,24,525.7556,0.47,Calm,FMS_MARITIME,2026-04-06
2023-11-28,87,VLSFO,72.33,11.1,266.4,24,845.4791,0.56,Rough,FMS_MARITIME,2026-04-06
2023-11-28,87,HFO,42.2,14.6,350.4,24,375.0308,0.72,Moderate,FMS_MARITIME,2026-04-06
2023-11-28,87,LNG,36.67,9.7,232.8,24,490.5085,0.77,Rough,FMS_MARITIME,2026-04-06
2023-11-01,88,VLSFO,79.92,10.0,240.0,24,1036.962,0.89,Rough,FMS_MARITIME,2026-04-06
2023-11-02,88,VLSFO,63.57,14.5,348.0,24,568.8419,0.55,Calm,FMS_MARITIME,2026-04-06
2023-11-03,88,HFO,47.3,15.3,367.2,24,401.1225,0.66,Calm,FMS_MARITIME,2026-04-06
2023-11-04,88,LNG,83.13,13.1,314.4,24,823.3677,0.52,Calm,FMS_MARITIME,2026-04-06
2023-11-05,88,VLSFO,32.89,11.1,266.4,24,384.4574,0.49,Rough,FMS_MARITIME,2026-04-06
2023-11-06,88,LNG,17.3,11.6,278.4,24,193.5065,0.6,Calm,FMS_MARITIME,2026-04-06
2023-11-07,88,MGO,82.6,16.4,393.6,24,653.497,0.67,Calm,FMS_MARITIME,2026-04-06
2023-11-08,88,VLSFO,57.81,15.3,367.2,24,490.2515,0.65,Moderate,FMS_MARITIME,2026-04-06
2023-11-09,88,LSMGO,18.31,12.8,307.2,24,185.6033,0.41,Rough,FMS_MARITIME,2026-04-06
2023-11-10,88,VLSFO,24.13,14.0,336.0,24,223.6334,0.78,Calm,FMS_MARITIME,2026-04-06
2023-11-11,88,MGO,39.94,9.6,230.4,24,539.8141,0.65,Rough,FMS_MARITIME,2026-04-06
2023-11-12,88,MGO,82.07,11.6,278.4,24,917.9812,0.64,Moderate,FMS_MARITIME,2026-04-06
2023-11-13,88,LNG,20.23,9.4,225.6,24,279.2386,0.46,Rough,FMS_MARITIME,2026-04-06
2023-11-14,88,MGO,73.14,17.1,410.4,24,554.9658,0.56,Rough,FMS_MARITIME,2026-04-06
2023-11-15,88,HFO,15.87,15.7,376.8,24,131.1549,0.83,Calm,FMS_MARITIME,2026-04-06
2023-11-16,88,LSMGO,50.12,16.5,396.0,24,394.1255,0.57,Moderate,FMS_MARITIME,2026-04-06
2023-11-17,88,LSMGO,30.17,9.6,230.4,24,407.7664,0.47,Rough,FMS_MARITIME,2026-04-06
2023-11-18,88,HFO,36.53,12.0,288.0,24,394.9806,0.92,Calm,FMS_MARITIME,2026-04-06
2023-11-19,88,LSMGO,23.24,16.3,391.2,24,184.9933,0.8,Rough,FMS_MARITIME,2026-04-06
2023-11-20,88,VLSFO,24.05,12.2,292.8,24,255.7777,1.0,Calm,FMS_MARITIME,2026-04-06
2023-11-21,88,LNG,48.72,9.9,237.6,24,638.5273,0.96,Moderate,FMS_MARITIME,2026-04-06
2023-11-22,88,HFO,45.25,12.1,290.4,24,485.2221,0.73,Calm,FMS_MARITIME,2026-04-06
2023-11-23,88,LSMGO,64.68,10.6,254.4,24,791.7198,0.93,Calm,FMS_MARITIME,2026-04-06
2023-11-24,88,MGO,84.45,9.0,216.0,24,1217.4875,0.56,Moderate,FMS_MARITIME,2026-04-06
2023-11-25,88,VLSFO,37.27,12.2,292.8,24,396.3756,0.51,Rough,FMS_MARITIME,2026-04-06
2023-11-26,88,HFO,58.01,9.1,218.4,24,827.1206,0.54,Moderate,FMS_MARITIME,2026-04-06
2023-11-27,88,LSMGO,61.27,11.0,264.0,24,722.7075,0.68,Rough,FMS_MARITIME,2026-04-06
2023-11-28,88,LSMGO,59.95,13.7,328.8,24,567.7746,0.57,Moderate,FMS_MARITIME,2026-04-06
2023-11-28,88,MGO,39.46,9.7,232.8,24,527.8284,0.48,Calm,FMS_MARITIME,2026-04-06
2023-11-28,88,LSMGO,59.47,9.4,225.6,24,820.8758,0.44,Rough,FMS_MARITIME,2026-04-06
2023-11-01,89,LNG,72.34,15.1,362.4,24,621.597,0.62,Rough,FMS_MARITIME,2026-04-06
2023-11-02,89,VLSFO,75.08,14.8,355.2,24,658.2182,0.65,Moderate,FMS_MARITIME,2026-04-06
2023-11-03,89,MGO,41.32,17.7,424.8,24,302.8966,0.4,Rough,FMS_MARITIME,2026-04-06
2023-11-04,89,MGO,84.16,17.2,412.8,24,634.8698,0.45,Rough,FMS_MARITIME,2026-04-06
2023-11-05,89,LNG,69.89,15.0,360.0,24,604.5485,0.85,Calm,FMS_MARITIME,2026-04-06
2023-11-06,89,MGO,38.96,14.5,348.0,24,348.6248,0.88,Rough,FMS_MARITIME,2026-04-06
2023-11-07,89,MGO,53.18,15.4,369.6,24,448.0588,0.48,Calm,FMS_MARITIME,2026-04-06
2023-11-08,89,LNG,40.38,12.4,297.6,24,422.5246,0.41,Moderate,FMS_MARITIME,2026-04-06
2023-11-09,89,VLSFO,23.11,10.7,256.8,24,280.2357,0.86,Moderate,FMS_MARITIME,2026-04-06
2023-11-10,89,MGO,70.67,14.7,352.8,24,623.7709,0.62,Calm,FMS_MARITIME,2026-04-06
2023-11-11,89,MGO,67.21,11.0,264.0,24,792.7725,0.71,Calm,FMS_MARITIME,2026-04-06
2023-11-12,89,MGO,74.98,11.3,271.2,24,860.9429,0.63,Moderate,FMS_MARITIME,2026-04-06
2023-11-13,89,MGO,19.37,8.3,199.2,24,302.8021,0.63,Rough,FMS_MARITIME,2026-04-06
2023-11-14,89,VLSFO,29.86,13.5,324.0,24,286.9878,0.82,Rough,FMS_MARITIME,2026-04-06
2023-11-15,89,LSMGO,56.89,17.1,410.4,24,431.6654,0.73,Rough,FMS_MARITIME,2026-04-06
2023-11-16,89,LNG,61.15,15.3,367.2,24,518.576,0.54,Moderate,FMS_MARITIME,2026-04-06
2023-11-17,89,LSMGO,42.14,10.0,240.0,24,546.7665,0.66,Rough,FMS_MARITIME,2026-04-06
2023-11-18,89,VLSFO,18.93,12.9,309.6,24,190.4006,0.75,Rough,FMS_MARITIME,2026-04-06
2023-11-19,89,LSMGO,38.31,11.7,280.8,24,424.8481,0.75,Calm,FMS_MARITIME,2026-04-06
2023-11-20,89,LNG,69.44,10.4,249.6,24,866.3308,0.81,Calm,FMS_MARITIME,2026-04-06
2023-11-21,89,MGO,52.34,10.8,259.2,24,628.8069,0.42,Calm,FMS_MARITIME,2026-04-06
2023-11-22,89,LSMGO,77.06,14.7,352.8,24,680.1724,0.53,Calm,FMS_MARITIME,2026-04-06
2023-11-23,89,LSMGO,51.2,8.3,199.2,24,800.3855,0.47,Calm,FMS_MARITIME,2026-04-06
2023-11-24,89,VLSFO,54.57,14.8,355.2,24,478.4093,0.54,Rough,FMS_MARITIME,2026-04-06
2023-11-25,89,MGO,34.82,8.7,208.8,24,519.2983,0.88,Calm,FMS_MARITIME,2026-04-06
2023-11-26,89,VLSFO,20.34,13.9,333.6,24,189.8644,0.63,Calm,FMS_MARITIME,2026-04-06
2023-11-27,89,HFO,78.88,16.4,393.6,24,624.0659,0.86,Rough,FMS_MARITIME,2026-04-06
2023-11-28,89,LNG,18.04,15.8,379.2,24,148.1449,0.45,Moderate,FMS_MARITIME,2026-04-06
2023-11-28,89,LNG,27.59,15.8,379.2,24,226.5698,0.64,Calm,FMS_MARITIME,2026-04-06
2023-11-28,89,LSMGO,68.38,9.2,220.8,24,964.381,0.63,Rough,FMS_MARITIME,2026-04-06
2023-11-01,90,HFO,83.49,8.4,201.6,24,1289.6223,0.4,Rough,FMS_MARITIME,2026-04-06
2023-11-02,90,VLSFO,18.14,10.8,259.2,24,217.9319,0.64,Rough,FMS_MARITIME,2026-04-06
2023-11-03,90,LNG,49.74,11.3,271.2,24,571.1296,0.62,Calm,FMS_MARITIME,2026-04-06
2023-11-04,90,HFO,23.38,10.2,244.8,24,297.4074,0.98,Calm,FMS_MARITIME,2026-04-06
2023-11-05,90,LNG,78.41,8.6,206.4,24,1182.9881,0.74,Calm,FMS_MARITIME,2026-04-06
2023-11-06,90,LNG,16.29,9.4,225.6,24,224.854,0.69,Rough,FMS_MARITIME,2026-04-06
2023-11-07,90,HFO,27.31,13.2,316.8,24,268.4449,0.82,Rough,FMS_MARITIME,2026-04-06
2023-11-08,90,MGO,31.59,16.1,386.4,24,254.584,0.78,Moderate,FMS_MARITIME,2026-04-06
2023-11-09,90,LSMGO,20.62,9.1,218.4,24,294.0049,0.69,Moderate,FMS_MARITIME,2026-04-06
2023-11-10,90,MGO,73.14,14.5,348.0,24,654.4769,0.41,Rough,FMS_MARITIME,2026-04-06
2023-11-11,90,LSMGO,65.91,15.1,362.4,24,566.3459,0.69,Rough,FMS_MARITIME,2026-04-06
2023-11-12,90,VLSFO,25.61,11.7,280.8,24,284.0083,0.76,Rough,FMS_MARITIME,2026-04-06
2023-11-13,90,HFO,32.17,14.6,350.4,24,285.8943,0.78,Moderate,FMS_MARITIME,2026-04-06
2023-11-14,90,HFO,60.6,16.4,393.6,24,479.4421,0.79,Rough,FMS_MARITIME,2026-04-06
2023-11-15,90,LNG,22.06,8.3,199.2,24,344.8536,0.74,Moderate,FMS_MARITIME,2026-04-06
2023-11-16,90,VLSFO,73.07,11.8,283.2,24,803.4604,0.64,Moderate,FMS_MARITIME,2026-04-06
2023-11-17,90,LSMGO,54.67,8.9,213.6,24,797.0149,0.94,Calm,FMS_MARITIME,2026-04-06
2023-11-18,90,HFO,52.58,15.6,374.4,24,437.324,0.45,Rough,FMS_MARITIME,2026-04-06
2023-11-19,90,HFO,55.89,16.9,405.6,24,429.0963,0.81,Rough,FMS_MARITIME,2026-04-06
2023-11-20,90,HFO,60.19,15.8,379.2,24,494.2818,0.94,Calm,FMS_MARITIME,2026-04-06
2023-11-21,90,LNG,23.87,8.5,204.0,24,364.3685,0.65,Moderate,FMS_MARITIME,2026-04-06
2023-11-22,90,LSMGO,25.0,13.3,319.2,24,243.891,0.42,Rough,FMS_MARITIME,2026-04-06
2023-11-23,90,VLSFO,61.58,9.9,237.6,24,807.0712,0.96,Calm,FMS_MARITIME,2026-04-06
2023-11-24,90,VLSFO,64.54,8.2,196.8,24,1021.2274,0.97,Rough,FMS_MARITIME,2026-04-06
2023-11-25,90,LSMGO,24.57,11.6,278.4,24,274.8239,0.77,Rough,FMS_MARITIME,2026-04-06
2023-11-26,90,LSMGO,17.77,10.5,252.0,24,219.5864,0.96,Rough,FMS_MARITIME,2026-04-06
2023-11-27,90,MGO,42.86,9.0,216.0,24,617.8983,0.59,Moderate,FMS_MARITIME,2026-04-06
2023-11-28,90,LNG,26.25,9.2,220.8,24,370.2106,0.49,Moderate,FMS_MARITIME,2026-04-06
2023-11-28,90,VLSFO,75.9,16.8,403.2,24,586.192,0.5,Moderate,FMS_MARITIME,2026-04-06
2023-11-28,90,MGO,59.94,16.1,386.4,24,483.0568,0.7,Rough,FMS_MARITIME,2026-04-06
2023-11-01,91,LSMGO,57.45,8.3,199.2,24,898.0889,0.77,Rough,FMS_MARITIME,2026-04-06
2023-11-02,91,LNG,27.47,17.8,427.2,24,200.2378,0.42,Rough,FMS_MARITIME,2026-04-06
2023-11-03,91,HFO,63.17,15.5,372.0,24,528.794,0.65,Rough,FMS_MARITIME,2026-04-06
2023-11-04,91,LSMGO,48.17,14.6,350.4,24,428.0861,0.96,Moderate,FMS_MARITIME,2026-04-06
2023-11-05,91,LNG,82.77,13.7,328.8,24,783.8984,0.64,Moderate,FMS_MARITIME,2026-04-06
2023-11-06,91,VLSFO,40.48,17.6,422.4,24,298.425,0.7,Calm,FMS_MARITIME,2026-04-06
2023-11-07,91,HFO,62.47,12.1,290.4,24,669.8746,0.56,Rough,FMS_MARITIME,2026-04-06
2023-11-08,91,LNG,30.36,17.0,408.0,24,231.7182,1.0,Moderate,FMS_MARITIME,2026-04-06
2023-11-09,91,VLSFO,39.52,9.9,237.6,24,517.9515,0.49,Rough,FMS_MARITIME,2026-04-06
2023-11-10,91,VLSFO,24.9,9.3,223.2,24,347.3952,0.57,Moderate,FMS_MARITIME,2026-04-06
2023-11-11,91,MGO,71.21,11.5,276.0,24,803.4346,0.98,Calm,FMS_MARITIME,2026-04-06
2023-11-12,91,VLSFO,49.44,11.7,280.8,24,548.2769,0.43,Calm,FMS_MARITIME,2026-04-06
2023-11-13,91,MGO,28.72,15.7,376.8,24,237.3516,0.98,Rough,FMS_MARITIME,2026-04-06
2023-11-14,91,LSMGO,30.39,10.0,240.0,24,394.3103,0.75,Rough,FMS_MARITIME,2026-04-06
2023-11-15,91,LNG,34.31,16.9,405.6,24,263.4155,0.89,Calm,FMS_MARITIME,2026-04-06
2023-11-16,91,LNG,47.52,14.5,348.0,24,425.2221,0.97,Moderate,FMS_MARITIME,2026-04-06
2023-11-17,91,LSMGO,43.49,13.2,316.8,24,427.4869,0.98,Calm,FMS_MARITIME,2026-04-06
2023-11-18,91,LNG,42.19,17.9,429.6,24,305.8186,0.6,Calm,FMS_MARITIME,2026-04-06
2023-11-19,91,LSMGO,49.28,8.6,206.4,24,743.4977,0.63,Calm,FMS_MARITIME,2026-04-06
2023-11-20,91,LNG,50.78,9.5,228.0,24,693.5479,0.87,Moderate,FMS_MARITIME,2026-04-06
2023-11-21,91,LSMGO,70.32,9.9,237.6,24,921.6182,0.9,Moderate,FMS_MARITIME,2026-04-06
2023-11-22,91,LNG,19.28,12.2,292.8,24,205.0475,0.87,Rough,FMS_MARITIME,2026-04-06
2023-11-23,91,HFO,51.56,16.7,400.8,24,400.5934,0.62,Calm,FMS_MARITIME,2026-04-06
2023-11-24,91,VLSFO,55.01,17.4,417.6,24,410.2039,0.57,Calm,FMS_MARITIME,2026-04-06
2023-11-25,91,HFO,74.08,13.1,314.4,24,733.7313,0.42,Rough,FMS_MARITIME,2026-04-06
2023-11-26,91,LSMGO,68.84,14.7,352.8,24,607.6184,0.54,Calm,FMS_MARITIME,2026-04-06
2023-11-27,91,LSMGO,82.35,15.0,360.0,24,712.3275,0.45,Calm,FMS_MARITIME,2026-04-06
2023-11-28,91,HFO,70.66,14.7,352.8,24,623.6827,0.78,Moderate,FMS_MARITIME,2026-04-06
2023-11-28,91,LNG,50.4,15.9,381.6,24,411.283,0.85,Rough,FMS_MARITIME,2026-04-06
2023-11-28,91,MGO,44.55,15.3,367.2,24,377.8015,0.71,Moderate,FMS_MARITIME,2026-04-06
2023-11-01,92,MGO,69.25,15.9,381.6,24,565.1061,0.87,Moderate,FMS_MARITIME,2026-04-06
2023-11-02,92,MGO,29.98,13.9,333.6,24,279.8493,0.52,Calm,FMS_MARITIME,2026-04-06
2023-11-03,92,VLSFO,50.67,9.2,220.8,24,714.6122,0.89,Moderate,FMS_MARITIME,2026-04-06
2023-11-04,92,HFO,66.08,11.3,271.2,24,758.7504,0.54,Rough,FMS_MARITIME,2026-04-06
2023-11-05,92,MGO,66.97,17.6,422.4,24,493.7135,0.98,Calm,FMS_MARITIME,2026-04-06
2023-11-06,92,VLSFO,71.26,14.5,348.0,24,637.6541,0.75,Rough,FMS_MARITIME,2026-04-06
2023-11-07,92,VLSFO,22.49,16.2,388.8,24,180.1282,0.49,Moderate,FMS_MARITIME,2026-04-06
2023-11-08,92,MGO,77.13,17.7,424.8,24,565.4021,0.79,Moderate,FMS_MARITIME,2026-04-06
2023-11-09,92,LNG,51.98,9.3,223.2,24,725.2048,0.66,Rough,FMS_MARITIME,2026-04-06
2023-11-10,92,MGO,64.61,16.4,393.6,24,511.1675,0.63,Calm,FMS_MARITIME,2026-04-06
2023-11-11,92,VLSFO,37.25,9.6,230.4,24,503.457,0.78,Moderate,FMS_MARITIME,2026-04-06
2023-11-12,92,HFO,67.3,14.7,352.8,24,594.0255,0.63,Moderate,FMS_MARITIME,2026-04-06
2023-11-13,92,LNG,69.86,12.6,302.4,24,719.3917,0.5,Calm,FMS_MARITIME,2026-04-06
2023-11-14,92,VLSFO,64.67,15.7,376.8,24,534.4543,0.74,Rough,FMS_MARITIME,2026-04-06
2023-11-15,92,VLSFO,33.11,13.1,314.4,24,327.9406,0.96,Moderate,FMS_MARITIME,2026-04-06
2023-11-16,92,MGO,66.55,13.4,321.6,24,644.3927,0.83,Calm,FMS_MARITIME,2026-04-06
2023-11-17,92,LNG,39.55,16.2,388.8,24,316.7662,0.5,Moderate,FMS_MARITIME,2026-04-06
2023-11-18,92,VLSFO,54.73,15.2,364.8,24,467.1854,0.61,Moderate,FMS_MARITIME,2026-04-06
2023-11-19,92,MGO,69.42,15.4,369.6,24,584.886,0.78,Calm,FMS_MARITIME,2026-04-06
2023-11-20,92,LNG,46.07,9.6,230.4,24,622.6648,0.48,Moderate,FMS_MARITIME,2026-04-06
2023-11-21,92,VLSFO,34.34,13.8,331.2,24,322.8707,0.91,Calm,FMS_MARITIME,2026-04-06
2023-11-22,92,LSMGO,83.63,12.4,297.6,24,875.08,0.45,Moderate,FMS_MARITIME,2026-04-06
2023-11-23,92,LSMGO,43.26,9.6,230.4,24,584.6859,0.44,Rough,FMS_MARITIME,2026-04-06
2023-11-24,92,LNG,22.2,10.2,244.8,24,282.3971,0.98,Calm,FMS_MARITIME,2026-04-06
2023-11-25,92,LNG,43.72,13.5,324.0,24,420.1978,0.46,Rough,FMS_MARITIME,2026-04-06
2023-11-26,92,HFO,52.56,9.0,216.0,24,757.74,0.54,Moderate,FMS_MARITIME,2026-04-06
2023-11-27,92,LSMGO,72.28,13.1,314.4,24,715.9031,0.4,Moderate,FMS_MARITIME,2026-04-06
2023-11-28,92,LNG,51.46,9.1,218.4,24,733.7291,0.72,Moderate,FMS_MARITIME,2026-04-06
2023-11-28,92,LSMGO,38.63,12.4,297.6,24,404.2131,0.73,Calm,FMS_MARITIME,2026-04-06
2023-11-28,92,MGO,69.68,8.2,196.8,24,1102.5585,0.74,Rough,FMS_MARITIME,2026-04-06
2023-11-01,93,VLSFO,37.93,12.7,304.8,24,387.5132,0.82,Rough,FMS_MARITIME,2026-04-06
2023-11-02,93,HFO,76.32,15.5,372.0,24,638.8723,0.91,Calm,FMS_MARITIME,2026-04-06
2023-11-03,93,MGO,54.2,16.3,391.2,24,431.4387,0.99,Calm,FMS_MARITIME,2026-04-06
2023-11-04,93,LSMGO,76.77,16.1,386.4,24,618.6899,0.46,Moderate,FMS_MARITIME,2026-04-06
2023-11-05,93,LSMGO,66.62,13.4,321.6,24,645.0705,0.94,Rough,FMS_MARITIME,2026-04-06
2023-11-06,93,LSMGO,18.25,9.7,232.8,24,244.1173,0.7,Moderate,FMS_MARITIME,2026-04-06
2023-11-07,93,LSMGO,78.45,12.9,309.6,24,789.061,0.54,Calm,FMS_MARITIME,2026-04-06
2023-11-08,93,LSMGO,44.51,9.1,218.4,24,634.6343,0.64,Rough,FMS_MARITIME,2026-04-06
2023-11-09,93,LNG,47.97,8.5,204.0,24,732.2479,0.55,Rough,FMS_MARITIME,2026-04-06
2023-11-10,93,VLSFO,41.3,8.4,201.6,24,637.9375,0.5,Rough,FMS_MARITIME,2026-04-06
2023-11-11,93,VLSFO,62.78,17.5,420.0,24,465.4689,0.86,Rough,FMS_MARITIME,2026-04-06
2023-11-12,93,MGO,39.3,16.6,398.4,24,307.1792,0.48,Moderate,FMS_MARITIME,2026-04-06
2023-11-13,93,LNG,70.4,17.1,410.4,24,534.1754,0.41,Calm,FMS_MARITIME,2026-04-06
2023-11-14,93,MGO,52.46,15.1,362.4,24,450.7738,0.48,Moderate,FMS_MARITIME,2026-04-06
2023-11-15,93,LNG,71.73,11.5,276.0,24,809.3015,0.46,Calm,FMS_MARITIME,2026-04-06
2023-11-16,93,VLSFO,48.69,15.6,374.4,24,404.9697,0.57,Moderate,FMS_MARITIME,2026-04-06
2023-11-17,93,LSMGO,18.39,14.8,355.2,24,161.2231,0.43,Calm,FMS_MARITIME,2026-04-06
2023-11-18,93,VLSFO,60.48,11.9,285.6,24,659.4353,0.53,Rough,FMS_MARITIME,2026-04-06
2023-11-19,93,HFO,15.94,10.9,261.6,24,189.7445,0.71,Moderate,FMS_MARITIME,2026-04-06
2023-11-20,93,MGO,81.9,10.0,240.0,24,1062.6525,0.49,Moderate,FMS_MARITIME,2026-04-06
2023-11-21,93,MGO,25.37,14.2,340.8,24,231.8139,0.92,Rough,FMS_MARITIME,2026-04-06
2023-11-22,93,LNG,65.95,11.1,266.4,24,770.902,0.69,Calm,FMS_MARITIME,2026-04-06
2023-11-23,93,HFO,62.35,15.3,367.2,24,528.7525,0.45,Rough,FMS_MARITIME,2026-04-06
2023-11-24,93,HFO,45.72,8.5,204.0,24,697.9024,0.41,Moderate,FMS_MARITIME,2026-04-06
2023-11-25,93,HFO,22.92,15.9,381.6,24,187.0358,0.83,Rough,FMS_MARITIME,2026-04-06
2023-11-26,93,VLSFO,58.87,10.9,261.6,24,700.769,0.46,Calm,FMS_MARITIME,2026-04-06
2023-11-27,93,HFO,28.95,16.0,384.0,24,234.7664,0.98,Moderate,FMS_MARITIME,2026-04-06
2023-11-28,93,VLSFO,50.38,13.1,314.4,24,498.9927,0.81,Rough,FMS_MARITIME,2026-04-06
2023-11-28,93,LSMGO,30.82,9.4,225.6,24,425.4144,0.99,Calm,FMS_MARITIME,2026-04-06
2023-11-28,93,MGO,84.36,14.4,345.6,24,760.1187,0.48,Calm,FMS_MARITIME,2026-04-06
2023-11-01,94,LSMGO,47.59,15.2,364.8,24,406.237,0.76,Rough,FMS_MARITIME,2026-04-06
2023-11-02,94,VLSFO,16.69,10.3,247.2,24,210.2454,0.76,Rough,FMS_MARITIME,2026-04-06
2023-11-03,94,LSMGO,32.65,9.1,218.4,24,465.5316,0.94,Moderate,FMS_MARITIME,2026-04-06
2023-11-04,94,HFO,66.99,11.8,283.2,24,736.6061,0.92,Calm,FMS_MARITIME,2026-04-06
2023-11-05,94,HFO,79.91,16.7,400.8,24,620.8576,0.73,Moderate,FMS_MARITIME,2026-04-06
2023-11-06,94,MGO,72.58,12.4,297.6,24,759.456,0.47,Rough,FMS_MARITIME,2026-04-06
2023-11-07,94,LNG,34.77,15.8,379.2,24,285.5321,0.53,Calm,FMS_MARITIME,2026-04-06
2023-11-08,94,LNG,34.72,16.4,393.6,24,274.6902,0.94,Moderate,FMS_MARITIME,2026-04-06
2023-11-09,94,HFO,80.5,17.6,422.4,24,593.4588,0.62,Rough,FMS_MARITIME,2026-04-06
2023-11-10,94,LNG,53.75,9.5,228.0,24,734.1118,0.59,Moderate,FMS_MARITIME,2026-04-06
2023-11-11,94,MGO,38.55,15.6,374.4,24,320.6322,0.99,Moderate,FMS_MARITIME,2026-04-06
2023-11-12,94,MGO,66.67,10.7,256.8,24,808.4516,0.61,Calm,FMS_MARITIME,2026-04-06
2023-11-13,94,LNG,22.21,16.3,391.2,24,176.7943,0.73,Calm,FMS_MARITIME,2026-04-06
2023-11-14,94,LNG,18.25,15.4,369.6,24,153.7622,0.56,Moderate,FMS_MARITIME,2026-04-06
2023-11-15,94,VLSFO,31.02,11.9,285.6,24,338.2223,0.54,Rough,FMS_MARITIME,2026-04-06
2023-11-16,94,LSMGO,49.32,10.0,240.0,24,639.927,0.96,Calm,FMS_MARITIME,2026-04-06
2023-11-17,94,MGO,56.42,14.7,352.8,24,497.9929,0.46,Rough,FMS_MARITIME,2026-04-06
2023-11-18,94,LSMGO,38.21,13.4,321.6,24,369.9812,0.61,Rough,FMS_MARITIME,2026-04-06
2023-11-19,94,HFO,30.02,9.2,220.8,24,423.3799,0.63,Moderate,FMS_MARITIME,2026-04-06
2023-11-20,94,HFO,74.91,10.2,244.8,24,952.8993,0.75,Moderate,FMS_MARITIME,2026-04-06
2023-11-21,94,LSMGO,74.34,12.6,302.4,24,765.525,0.59,Moderate,FMS_MARITIME,2026-04-06
2023-11-22,94,VLSFO,44.8,11.4,273.6,24,509.8947,0.42,Rough,FMS_MARITIME,2026-04-06
2023-11-23,94,MGO,44.22,11.4,273.6,24,503.2934,0.96,Moderate,FMS_MARITIME,2026-04-06
2023-11-24,94,LNG,84.85,10.9,261.6,24,1010.0264,0.81,Calm,FMS_MARITIME,2026-04-06
2023-11-25,94,VLSFO,33.79,15.2,364.8,24,288.4377,0.57,Calm,FMS_MARITIME,2026-04-06
2023-11-26,94,LSMGO,44.59,10.0,240.0,24,578.5553,0.51,Calm,FMS_MARITIME,2026-04-06
2023-11-27,94,VLSFO,42.55,10.8,259.2,24,511.191,0.48,Calm,FMS_MARITIME,2026-04-06
2023-11-28,94,LSMGO,60.68,9.8,235.2,24,803.3908,0.64,Moderate,FMS_MARITIME,2026-04-06
2023-11-28,94,LSMGO,45.04,16.5,396.0,24,354.1782,0.94,Moderate,FMS_MARITIME,2026-04-06
2023-11-28,94,VLSFO,61.03,8.1,194.4,24,977.6102,0.74,Rough,FMS_MARITIME,2026-04-06
2023-11-01,95,VLSFO,52.81,13.4,321.6,24,511.3506,0.56,Rough,FMS_MARITIME,2026-04-06
2023-11-02,95,LNG,34.55,17.3,415.2,24,259.125,0.77,Moderate,FMS_MARITIME,2026-04-06
2023-11-03,95,VLSFO,42.02,16.3,391.2,24,334.4844,0.82,Rough,FMS_MARITIME,2026-04-06
2023-11-04,95,LNG,76.66,13.0,312.0,24,765.1258,0.97,Calm,FMS_MARITIME,2026-04-06
2023-11-05,95,LSMGO,55.99,9.9,237.6,24,733.8083,0.58,Moderate,FMS_MARITIME,2026-04-06
2023-11-06,95,HFO,51.94,16.5,396.0,24,408.4373,0.89,Rough,FMS_MARITIME,2026-04-06
2023-11-07,95,HFO,64.37,11.6,278.4,24,720.0006,0.69,Rough,FMS_MARITIME,2026-04-06
2023-11-08,95,LNG,68.44,10.3,247.2,24,862.1447,0.42,Moderate,FMS_MARITIME,2026-04-06
2023-11-09,95,HFO,30.36,11.2,268.8,24,351.7152,0.66,Moderate,FMS_MARITIME,2026-04-06
2023-11-10,95,VLSFO,17.47,10.3,247.2,24,220.0711,0.89,Moderate,FMS_MARITIME,2026-04-06
2023-11-11,95,HFO,82.62,14.6,350.4,24,734.2428,0.95,Rough,FMS_MARITIME,2026-04-06
2023-11-12,95,MGO,17.67,14.2,340.8,24,161.4565,0.64,Rough,FMS_MARITIME,2026-04-06
2023-11-13,95,LNG,82.13,12.4,297.6,24,859.3845,0.95,Rough,FMS_MARITIME,2026-04-06
2023-11-14,95,LNG,68.18,15.5,372.0,24,570.7326,0.86,Moderate,FMS_MARITIME,2026-04-06
2023-11-15,95,MGO,16.76,12.0,288.0,24,181.2175,0.97,Calm,FMS_MARITIME,2026-04-06
2023-11-16,95,MGO,17.41,17.0,408.0,24,132.8793,0.91,Calm,FMS_MARITIME,2026-04-06
2023-11-17,95,MGO,80.39,10.7,256.8,24,974.8227,0.92,Moderate,FMS_MARITIME,2026-04-06
2023-11-18,95,VLSFO,71.79,8.6,206.4,24,1083.1108,0.42,Calm,FMS_MARITIME,2026-04-06
2023-11-19,95,LNG,26.26,17.5,420.0,24,194.6991,0.76,Rough,FMS_MARITIME,2026-04-06
2023-11-20,95,LNG,81.83,14.2,340.8,24,747.7072,0.43,Rough,FMS_MARITIME,2026-04-06
2023-11-21,95,HFO,70.04,14.9,357.6,24,609.9121,0.5,Rough,FMS_MARITIME,2026-04-06
2023-11-22,95,MGO,36.38,14.3,343.2,24,330.0913,0.98,Moderate,FMS_MARITIME,2026-04-06
2023-11-23,95,LNG,28.56,16.7,400.8,24,221.8958,0.42,Rough,FMS_MARITIME,2026-04-06
2023-11-24,95,VLSFO,19.84,12.1,290.4,24,212.7471,0.43,Moderate,FMS_MARITIME,2026-04-06
2023-11-25,95,HFO,74.75,11.4,273.6,24,850.773,0.75,Rough,FMS_MARITIME,2026-04-06
2023-11-26,95,LSMGO,49.35,8.6,206.4,24,744.5538,0.45,Moderate,FMS_MARITIME,2026-04-06
2023-11-27,95,LSMGO,70.15,14.6,350.4,24,623.4221,0.92,Rough,FMS_MARITIME,2026-04-06
2023-11-28,95,HFO,82.66,16.1,386.4,24,666.1575,0.55,Rough,FMS_MARITIME,2026-04-06
2023-11-28,95,LSMGO,28.03,14.9,357.6,24,244.0867,0.5,Rough,FMS_MARITIME,2026-04-06
2023-11-28,95,LNG,76.57,14.8,355.2,24,671.2809,0.96,Calm,FMS_MARITIME,2026-04-06
2023-11-01,96,LNG,40.54,12.9,309.6,24,407.757,0.55,Rough,FMS_MARITIME,2026-04-06
2023-11-02,96,LSMGO,65.7,9.1,218.4,24,936.7665,0.49,Rough,FMS_MARITIME,2026-04-06
2023-11-03,96,HFO,82.61,15.1,362.4,24,709.8442,0.56,Rough,FMS_MARITIME,2026-04-06
2023-11-04,96,LNG,75.08,10.8,259.2,24,902.0028,0.41,Rough,FMS_MARITIME,2026-04-06
2023-11-05,96,HFO,51.12,15.7,376.8,24,422.4726,0.42,Rough,FMS_MARITIME,2026-04-06
2023-11-06,96,VLSFO,26.06,13.8,331.2,24,245.0207,0.56,Moderate,FMS_MARITIME,2026-04-06
2023-11-07,96,LNG,16.33,14.8,355.2,24,143.1633,0.98,Rough,FMS_MARITIME,2026-04-06
2023-11-08,96,VLSFO,17.5,17.3,415.2,24,131.25,0.61,Moderate,FMS_MARITIME,2026-04-06
2023-11-09,96,LSMGO,69.37,16.8,403.2,24,535.7594,0.83,Calm,FMS_MARITIME,2026-04-06
2023-11-10,96,MGO,21.81,16.1,386.4,24,175.7669,0.96,Rough,FMS_MARITIME,2026-04-06
2023-11-11,96,VLSFO,63.85,11.6,278.4,24,714.1843,0.44,Calm,FMS_MARITIME,2026-04-06
2023-11-12,96,VLSFO,53.2,8.4,201.6,24,821.75,0.96,Moderate,FMS_MARITIME,2026-04-06
2023-11-13,96,HFO,31.65,9.1,218.4,24,451.2734,0.48,Calm,FMS_MARITIME,2026-04-06
2023-11-14,96,LSMGO,47.39,13.6,326.4,24,452.1215,0.9,Moderate,FMS_MARITIME,2026-04-06
2023-11-15,96,LNG,29.34,15.4,369.6,24,247.199,0.91,Moderate,FMS_MARITIME,2026-04-06
2023-11-16,96,LNG,27.52,17.4,417.6,24,205.2138,0.8,Moderate,FMS_MARITIME,2026-04-06
2023-11-17,96,VLSFO,72.04,17.7,424.8,24,528.0898,0.71,Moderate,FMS_MARITIME,2026-04-06
2023-11-18,96,MGO,61.52,13.2,316.8,24,604.7136,0.95,Rough,FMS_MARITIME,2026-04-06
2023-11-19,96,LSMGO,32.16,12.7,304.8,24,328.5638,0.58,Moderate,FMS_MARITIME,2026-04-06
2023-11-20,96,VLSFO,28.39,9.2,220.8,24,400.3916,0.96,Rough,FMS_MARITIME,2026-04-06
2023-11-21,96,LSMGO,42.94,11.4,273.6,24,488.725,0.8,Rough,FMS_MARITIME,2026-04-06
2023-11-22,96,LSMGO,30.69,12.1,290.4,24,329.0932,0.43,Rough,FMS_MARITIME,2026-04-06
2023-11-23,96,VLSFO,42.23,12.6,302.4,24,434.8685,0.82,Rough,FMS_MARITIME,2026-04-06
2023-11-24,96,LSMGO,81.91,9.3,223.2,24,1142.7766,0.99,Calm,FMS_MARITIME,2026-04-06
2023-11-25,96,MGO,34.35,14.1,338.4,24,316.0931,0.41,Moderate,FMS_MARITIME,2026-04-06
2023-11-26,96,LNG,18.42,13.4,321.6,24,178.3578,0.72,Moderate,FMS_MARITIME,2026-04-06
2023-11-27,96,VLSFO,76.42,11.5,276.0,24,862.217,0.66,Moderate,FMS_MARITIME,2026-04-06
2023-11-28,96,MGO,65.7,8.3,199.2,24,1027.0572,0.87,Calm,FMS_MARITIME,2026-04-06
2023-11-28,96,VLSFO,74.22,13.0,312.0,24,740.7727,0.48,Moderate,FMS_MARITIME,2026-04-06
2023-11-28,96,LSMGO,84.02,9.1,218.4,24,1197.9775,0.75,Calm,FMS_MARITIME,2026-04-06
2023-11-01,97,VLSFO,83.57,8.6,206.4,24,1260.8381,0.81,Rough,FMS_MARITIME,2026-04-06
2023-11-02,97,LNG,22.54,14.3,343.2,24,204.515,0.72,Calm,FMS_MARITIME,2026-04-06
2023-11-03,97,MGO,19.91,12.4,297.6,24,208.3325,0.9,Rough,FMS_MARITIME,2026-04-06
2023-11-04,97,LNG,80.98,14.4,345.6,24,729.6635,0.8,Rough,FMS_MARITIME,2026-04-06
2023-11-05,97,LSMGO,63.76,17.4,417.6,24,475.4517,0.42,Moderate,FMS_MARITIME,2026-04-06
2023-11-06,97,VLSFO,52.22,10.1,242.4,24,670.846,0.54,Moderate,FMS_MARITIME,2026-04-06
2023-11-07,97,MGO,55.71,9.5,228.0,24,760.8813,0.62,Rough,FMS_MARITIME,2026-04-06
2023-11-08,97,VLSFO,49.46,11.9,285.6,24,539.2803,0.76,Moderate,FMS_MARITIME,2026-04-06
2023-11-09,97,MGO,30.49,16.6,398.4,24,238.3179,0.77,Rough,FMS_MARITIME,2026-04-06
2023-11-10,97,VLSFO,40.61,11.9,285.6,24,442.7855,1.0,Rough,FMS_MARITIME,2026-04-06
2023-11-11,97,VLSFO,61.41,12.0,288.0,24,663.9956,0.48,Moderate,FMS_MARITIME,2026-04-06
2023-11-12,97,VLSFO,79.41,15.2,364.8,24,677.8584,0.57,Calm,FMS_MARITIME,2026-04-06
2023-11-13,97,MGO,43.35,16.6,398.4,24,338.8351,0.99,Rough,FMS_MARITIME,2026-04-06
2023-11-14,97,LNG,80.34,15.3,367.2,24,681.3147,0.56,Moderate,FMS_MARITIME,2026-04-06
2023-11-15,97,VLSFO,22.95,17.5,420.0,24,170.1579,0.77,Moderate,FMS_MARITIME,2026-04-06
2023-11-16,97,LNG,54.19,13.6,326.4,24,516.9965,0.72,Rough,FMS_MARITIME,2026-04-06
2023-11-17,97,VLSFO,74.15,10.1,242.4,24,952.5705,0.47,Moderate,FMS_MARITIME,2026-04-06
2023-11-18,97,VLSFO,67.8,15.0,360.0,24,586.47,0.89,Rough,FMS_MARITIME,2026-04-06
2023-11-19,97,MGO,32.92,17.9,429.6,24,238.624,0.88,Calm,FMS_MARITIME,2026-04-06
2023-11-20,97,VLSFO,65.96,10.8,259.2,24,792.4361,0.55,Calm,FMS_MARITIME,2026-04-06
2023-11-21,97,LSMGO,68.94,15.4,369.6,24,580.8419,0.8,Rough,FMS_MARITIME,2026-04-06
2023-11-22,97,HFO,43.61,17.7,424.8,24,319.6835,0.42,Rough,FMS_MARITIME,2026-04-06
2023-11-23,97,HFO,81.32,15.8,379.2,24,667.8019,0.95,Rough,FMS_MARITIME,2026-04-06
2023-11-24,97,LNG,38.95,8.9,213.6,24,567.8385,0.81,Rough,FMS_MARITIME,2026-04-06
2023-11-25,97,HFO,20.86,17.6,422.4,24,153.7832,0.84,Moderate,FMS_MARITIME,2026-04-06
2023-11-26,97,LSMGO,54.87,8.6,206.4,24,827.8352,0.96,Rough,FMS_MARITIME,2026-04-06
2023-11-27,97,LSMGO,82.34,10.5,252.0,24,1017.4871,0.51,Rough,FMS_MARITIME,2026-04-06
2023-11-28,97,MGO,17.03,8.3,199.2,24,266.222,0.59,Calm,FMS_MARITIME,2026-04-06
2023-11-28,97,HFO,45.93,12.7,304.8,24,469.2455,0.74,Moderate,FMS_MARITIME,2026-04-06
2023-11-28,97,HFO,29.31,13.1,314.4,24,290.3032,0.46,Moderate,FMS_MARITIME,2026-04-06
2023-11-01,98,HFO,28.72,10.8,259.2,24,345.0389,0.57,Rough,FMS_MARITIME,2026-04-06
2023-11-02,98,VLSFO,55.58,13.5,324.0,24,534.1856,0.98,Rough,FMS_MARITIME,2026-04-06
2023-11-03,98,LSMGO,24.46,14.1,338.4,24,225.084,0.84,Calm,FMS_MARITIME,2026-04-06
2023-11-04,98,LSMGO,15.21,11.7,280.8,24,168.675,0.53,Rough,FMS_MARITIME,2026-04-06
2023-11-05,98,LSMGO,30.86,17.4,417.6,24,230.1198,0.92,Calm,FMS_MARITIME,2026-04-06
2023-11-06,98,HFO,31.06,9.1,218.4,24,442.861,0.99,Calm,FMS_MARITIME,2026-04-06
2023-11-07,98,LSMGO,79.56,12.3,295.2,24,839.261,0.97,Moderate,FMS_MARITIME,2026-04-06
2023-11-08,98,LSMGO,43.14,8.6,206.4,24,650.8622,0.94,Rough,FMS_MARITIME,2026-04-06
2023-11-09,98,LSMGO,48.14,17.5,420.0,24,356.9237,0.68,Calm,FMS_MARITIME,2026-04-06
2023-11-10,98,MGO,80.91,15.0,360.0,24,699.8715,0.62,Moderate,FMS_MARITIME,2026-04-06
2023-11-11,98,LNG,37.0,17.6,422.4,24,272.7699,0.65,Rough,FMS_MARITIME,2026-04-06
2023-11-12,98,LSMGO,19.25,17.7,424.8,24,141.1123,0.84,Calm,FMS_MARITIME,2026-04-06
2023-11-13,98,MGO,82.91,17.6,422.4,24,611.2257,0.73,Calm,FMS_MARITIME,2026-04-06
2023-11-14,98,LNG,43.45,9.5,228.0,24,593.4355,0.74,Moderate,FMS_MARITIME,2026-04-06
2023-11-15,98,LSMGO,19.99,12.7,304.8,24,204.2285,0.76,Calm,FMS_MARITIME,2026-04-06
2023-11-16,98,LSMGO,74.36,11.4,273.6,24,846.3342,0.7,Calm,FMS_MARITIME,2026-04-06
2023-11-17,98,LSMGO,40.19,16.6,398.4,24,314.1357,0.97,Calm,FMS_MARITIME,2026-04-06
2023-11-18,98,HFO,55.47,10.1,242.4,24,712.5973,0.6,Moderate,FMS_MARITIME,2026-04-06
2023-11-19,98,LSMGO,78.85,13.6,326.4,24,752.2638,0.65,Calm,FMS_MARITIME,2026-04-06
2023-11-20,98,LSMGO,78.3,9.4,225.6,24,1080.7899,0.6,Moderate,FMS_MARITIME,2026-04-06
2023-11-21,98,MGO,66.41,11.5,276.0,24,749.278,0.64,Rough,FMS_MARITIME,2026-04-06
2023-11-22,98,MGO,25.82,12.4,297.6,24,270.173,0.82,Calm,FMS_MARITIME,2026-04-06
2023-11-23,98,MGO,30.26,10.1,242.4,24,388.7361,0.68,Rough,FMS_MARITIME,2026-04-06
2023-11-24,98,VLSFO,65.38,14.0,336.0,24,605.9325,0.47,Calm,FMS_MARITIME,2026-04-06
2023-11-25,98,LSMGO,32.5,14.5,348.0,24,290.819,0.68,Rough,FMS_MARITIME,2026-04-06
2023-11-26,98,VLSFO,70.03,14.5,348.0,24,626.6478,0.49,Rough,FMS_MARITIME,2026-04-06
2023-11-27,98,VLSFO,40.98,8.4,201.6,24,632.9946,0.41,Calm,FMS_MARITIME,2026-04-06
2023-11-28,98,LSMGO,66.57,9.4,225.6,24,918.8785,0.89,Rough,FMS_MARITIME,2026-04-06
2023-11-28,98,LNG,19.38,8.2,196.8,24,306.653,0.56,Rough,FMS_MARITIME,2026-04-06
2023-11-28,98,VLSFO,44.45,14.7,352.8,24,392.3393,0.57,Rough,FMS_MARITIME,2026-04-06
2023-11-01,99,VLSFO,70.65,17.8,427.2,24,514.9909,0.69,Calm,FMS_MARITIME,2026-04-06
2023-11-02,99,LSMGO,22.88,13.9,333.6,24,213.5741,0.53,Moderate,FMS_MARITIME,2026-04-06
2023-11-03,99,HFO,33.57,9.4,225.6,24,463.3731,0.55,Moderate,FMS_MARITIME,2026-04-06
2023-11-04,99,LNG,63.39,9.8,235.2,24,839.2707,0.48,Rough,FMS_MARITIME,2026-04-06
2023-11-05,99,HFO,35.72,16.3,391.2,24,284.3356,0.96,Moderate,FMS_MARITIME,2026-04-06
2023-11-06,99,LSMGO,39.1,11.2,268.8,24,452.9665,0.72,Rough,FMS_MARITIME,2026-04-06
2023-11-07,99,LSMGO,69.42,13.7,328.8,24,657.4631,0.61,Rough,FMS_MARITIME,2026-04-06
2023-11-08,99,MGO,80.98,11.3,271.2,24,929.8367,0.75,Rough,FMS_MARITIME,2026-04-06
2023-11-09,99,HFO,78.74,17.7,424.8,24,577.2042,0.54,Moderate,FMS_MARITIME,2026-04-06
2023-11-10,99,MGO,37.33,16.4,393.6,24,295.3395,0.81,Rough,FMS_MARITIME,2026-04-06
2023-11-11,99,HFO,45.43,12.1,290.4,24,487.1523,0.62,Calm,FMS_MARITIME,2026-04-06
2023-11-12,99,LNG,81.48,15.7,376.8,24,673.3777,0.7,Calm,FMS_MARITIME,2026-04-06
2023-11-13,99,VLSFO,16.21,17.7,424.8,24,118.8275,0.49,Moderate,FMS_MARITIME,2026-04-06
2023-11-14,99,VLSFO,42.31,15.3,367.2,24,358.8054,0.9,Calm,FMS_MARITIME,2026-04-06
2023-11-15,99,LSMGO,50.73,13.9,333.6,24,473.5408,0.92,Calm,FMS_MARITIME,2026-04-06
2023-11-16,99,MGO,27.91,10.0,240.0,24,362.1322,0.92,Calm,FMS_MARITIME,2026-04-06
2023-11-17,99,VLSFO,20.38,15.9,381.6,24,166.3085,0.66,Rough,FMS_MARITIME,2026-04-06
2023-11-18,99,LNG,44.7,12.9,309.6,24,449.5988,0.96,Calm,FMS_MARITIME,2026-04-06
2023-11-19,99,LSMGO,32.48,15.8,379.2,24,266.7266,0.57,Rough,FMS_MARITIME,2026-04-06
2023-11-20,99,MGO,34.81,16.6,398.4,24,272.0842,0.79,Moderate,FMS_MARITIME,2026-04-06
2023-11-21,99,MGO,67.79,17.4,417.6,24,505.503,0.59,Rough,FMS_MARITIME,2026-04-06
2023-11-22,99,VLSFO,40.22,14.7,352.8,24,355.0031,0.58,Calm,FMS_MARITIME,2026-04-06
2023-11-23,99,LNG,38.71,13.9,333.6,24,361.3397,0.93,Moderate,FMS_MARITIME,2026-04-06
2023-11-24,99,HFO,40.36,13.2,316.8,24,396.7205,0.79,Rough,FMS_MARITIME,2026-04-06
2023-11-25,99,HFO,78.33,9.0,216.0,24,1129.2575,0.64,Rough,FMS_MARITIME,2026-04-06
2023-11-26,99,MGO,72.43,8.6,206.4,24,1092.7666,0.77,Moderate,FMS_MARITIME,2026-04-06
2023-11-27,99,VLSFO,33.41,9.6,230.4,24,451.557,0.92,Calm,FMS_MARITIME,2026-04-06
2023-11-28,99,LNG,82.36,17.3,415.2,24,617.7,0.51,Calm,FMS_MARITIME,2026-04-06
2023-11-28,99,LNG,56.15,16.7,400.8,24,436.2552,0.44,Moderate,FMS_MARITIME,2026-04-06
2023-11-28,99,VLSFO,30.67,17.2,412.8,24,231.3624,0.47,Rough,FMS_MARITIME,2026-04-06
2023-11-01,100,MGO,39.89,15.6,374.4,24,331.7774,0.82,Rough,FMS_MARITIME,2026-04-06
2023-11-02,100,HFO,45.0,8.6,206.4,24,678.9244,0.95,Moderate,FMS_MARITIME,2026-04-06
2023-11-03,100,HFO,62.51,8.9,213.6,24,911.3115,0.89,Calm,FMS_MARITIME,2026-04-06
2023-11-04,100,LNG,60.64,15.1,362.4,24,521.0623,0.46,Moderate,FMS_MARITIME,2026-04-06
2023-11-05,100,HFO,58.79,9.8,235.2,24,778.3676,0.86,Moderate,FMS_MARITIME,2026-04-06
2023-11-06,100,LSMGO,70.9,9.8,235.2,24,938.7015,0.55,Calm,FMS_MARITIME,2026-04-06
2023-11-07,100,LSMGO,16.01,16.7,400.8,24,124.3891,0.66,Rough,FMS_MARITIME,2026-04-06
2023-11-08,100,MGO,63.25,10.8,259.2,24,759.8785,0.9,Calm,FMS_MARITIME,2026-04-06
2023-11-09,100,HFO,71.03,17.0,408.0,24,542.126,0.67,Rough,FMS_MARITIME,2026-04-06
2023-11-10,100,LSMGO,55.65,9.0,216.0,24,802.2875,0.93,Calm,FMS_MARITIME,2026-04-06
2023-11-11,100,MGO,76.26,13.0,312.0,24,761.1335,0.7,Moderate,FMS_MARITIME,2026-04-06
2023-11-12,100,VLSFO,50.66,13.1,314.4,24,501.766,0.6,Rough,FMS_MARITIME,2026-04-06
2023-11-13,100,VLSFO,38.74,9.5,228.0,24,529.1068,0.65,Calm,FMS_MARITIME,2026-04-06
2023-11-14,100,LNG,75.23,17.5,420.0,24,557.7767,0.88,Moderate,FMS_MARITIME,2026-04-06
2023-11-15,100,VLSFO,76.08,14.0,336.0,24,705.0986,0.59,Calm,FMS_MARITIME,2026-04-06
2023-11-16,100,MGO,82.2,8.2,196.8,24,1300.6646,0.67,Calm,FMS_MARITIME,2026-04-06
2023-11-17,100,MGO,64.58,9.5,228.0,24,882.0268,0.79,Rough,FMS_MARITIME,2026-04-06
2023-11-18,100,MGO,15.71,14.2,340.8,24,143.5474,0.85,Moderate,FMS_MARITIME,2026-04-06
2023-11-19,100,VLSFO,36.69,10.6,254.4,24,449.1064,0.76,Moderate,FMS_MARITIME,2026-04-06
2023-11-20,100,LSMGO,81.34,11.2,268.8,24,942.3094,0.82,Moderate,FMS_MARITIME,2026-04-06
2023-11-21,100,VLSFO,22.61,13.1,314.4,24,223.9426,0.66,Calm,FMS_MARITIME,2026-04-06
2023-11-22,100,HFO,54.44,18.0,432.0,24,392.4217,0.92,Rough,FMS_MARITIME,2026-04-06
2023-11-23,100,MGO,50.59,13.6,326.4,24,482.6509,0.89,Calm,FMS_MARITIME,2026-04-06
2023-11-24,100,VLSFO,82.62,15.0,360.0,24,714.663,0.86,Calm,FMS_MARITIME,2026-04-06
2023-11-25,100,VLSFO,41.59,12.2,292.8,24,442.3199,0.59,Rough,FMS_MARITIME,2026-04-06
2023-11-26,100,HFO,34.36,11.6,278.4,24,384.3284,0.49,Calm,FMS_MARITIME,2026-04-06
2023-11-27,100,VLSFO,73.0,11.0,264.0,24,861.0682,1.0,Moderate,FMS_MARITIME,2026-04-06
2023-11-28,100,HFO,40.41,13.0,312.0,24,403.3229,0.81,Moderate,FMS_MARITIME,2026-04-06
2023-11-28,100,VLSFO,38.02,9.5,228.0,24,519.2732,0.87,Rough,FMS_MARITIME,2026-04-06
2023-11-28,100,LSMGO,32.33,14.8,355.2,24,283.4336,0.42,Rough,FMS_MARITIME,2026-04-06
2023-11-01,101,VLSFO,45.07,13.9,333.6,24,420.7074,0.65,Calm,FMS_MARITIME,2026-04-06
2023-11-02,101,MGO,33.61,12.5,300.0,24,348.8718,0.94,Rough,FMS_MARITIME,2026-04-06
2023-11-03,101,HFO,53.57,16.0,384.0,24,434.4192,0.51,Calm,FMS_MARITIME,2026-04-06
2023-11-04,101,MGO,84.47,12.2,292.8,24,898.3592,0.62,Calm,FMS_MARITIME,2026-04-06
2023-11-05,101,MGO,70.52,8.1,194.4,24,1129.6259,0.71,Moderate,FMS_MARITIME,2026-04-06
2023-11-06,101,LSMGO,45.64,12.2,292.8,24,485.3926,0.55,Moderate,FMS_MARITIME,2026-04-06
2023-11-07,101,VLSFO,27.17,13.0,312.0,24,271.1775,0.61,Calm,FMS_MARITIME,2026-04-06
2023-11-08,101,LSMGO,20.48,16.5,396.0,24,161.0473,0.53,Moderate,FMS_MARITIME,2026-04-06
2023-11-09,101,LSMGO,50.24,13.8,331.2,24,472.3652,0.49,Rough,FMS_MARITIME,2026-04-06
2023-11-10,101,HFO,77.99,17.7,424.8,24,571.7064,0.42,Calm,FMS_MARITIME,2026-04-06
2023-11-11,101,LNG,54.54,10.6,254.4,24,667.6005,0.53,Moderate,FMS_MARITIME,2026-04-06
2023-11-12,101,VLSFO,55.86,10.9,261.6,24,664.939,0.5,Rough,FMS_MARITIME,2026-04-06
2023-11-13,101,VLSFO,56.39,13.3,319.2,24,550.1205,0.57,Moderate,FMS_MARITIME,2026-04-06
2023-11-14,101,LNG,36.79,10.6,254.4,24,450.3304,0.54,Rough,FMS_MARITIME,2026-04-06
2023-11-15,101,LSMGO,80.4,17.4,417.6,24,599.5345,0.92,Rough,FMS_MARITIME,2026-04-06
2023-11-16,101,LSMGO,55.3,12.4,297.6,24,578.6431,0.55,Calm,FMS_MARITIME,2026-04-06
2023-11-17,101,LNG,38.23,12.6,302.4,24,393.678,0.8,Rough,FMS_MARITIME,2026-04-06
2023-11-18,101,MGO,56.71,8.0,192.0,24,919.7653,0.9,Calm,FMS_MARITIME,2026-04-06
2023-11-19,101,LNG,67.02,12.1,290.4,24,718.6649,0.55,Calm,FMS_MARITIME,2026-04-06
2023-11-20,101,LNG,46.86,15.6,374.4,24,389.749,0.45,Rough,FMS_MARITIME,2026-04-06
2023-11-21,101,LNG,65.82,16.3,391.2,24,523.9353,0.79,Calm,FMS_MARITIME,2026-04-06
2023-11-22,101,HFO,65.95,10.3,247.2,24,830.7779,0.43,Rough,FMS_MARITIME,2026-04-06
2023-11-23,101,LNG,29.66,10.5,252.0,24,366.5129,0.49,Rough,FMS_MARITIME,2026-04-06
2023-11-24,101,LNG,52.43,12.3,295.2,24,553.0726,0.63,Calm,FMS_MARITIME,2026-04-06
2023-11-25,101,MGO,51.98,8.4,201.6,24,802.9054,0.71,Calm,FMS_MARITIME,2026-04-06
2023-11-26,101,VLSFO,44.96,8.4,201.6,24,694.4714,0.85,Rough,FMS_MARITIME,2026-04-06
2023-11-27,101,HFO,65.82,12.7,304.8,24,672.4524,0.84,Rough,FMS_MARITIME,2026-04-06
2023-11-28,101,LSMGO,41.76,14.0,336.0,24,387.0257,0.43,Rough,FMS_MARITIME,2026-04-06
2023-11-28,101,LNG,63.18,10.7,256.8,24,766.1313,0.67,Moderate,FMS_MARITIME,2026-04-06
2023-11-28,101,LNG,41.35,14.5,348.0,24,370.0112,0.51,Calm,FMS_MARITIME,2026-04-06
2023-11-01,102,MGO,55.71,15.8,379.2,24,457.4919,0.75,Rough,FMS_MARITIME,2026-04-06
2023-11-02,102,HFO,46.98,9.4,225.6,24,648.4739,0.88,Moderate,FMS_MARITIME,2026-04-06
2023-11-03,102,LNG,26.93,17.7,424.8,24,197.4106,0.75,Rough,FMS_MARITIME,2026-04-06
2023-11-04,102,VLSFO,40.05,11.5,276.0,24,451.8685,0.67,Calm,FMS_MARITIME,2026-04-06
2023-11-05,102,MGO,78.27,16.6,398.4,24,611.7791,0.71,Rough,FMS_MARITIME,2026-04-06
2023-11-06,102,LNG,52.9,16.6,398.4,24,413.4804,0.73,Moderate,FMS_MARITIME,2026-04-06
2023-11-07,102,LNG,53.4,13.0,312.0,24,532.9731,0.62,Calm,FMS_MARITIME,2026-04-06
2023-11-08,102,LNG,22.19,16.7,400.8,24,172.4043,0.52,Moderate,FMS_MARITIME,2026-04-06
2023-11-09,102,LSMGO,63.34,17.8,427.2,24,461.7059,0.73,Moderate,FMS_MARITIME,2026-04-06
2023-11-10,102,LSMGO,83.96,13.9,333.6,24,783.7273,0.78,Rough,FMS_MARITIME,2026-04-06
2023-11-11,102,LNG,49.45,9.5,228.0,24,675.3829,0.76,Calm,FMS_MARITIME,2026-04-06
2023-11-12,102,LSMGO,82.15,10.1,242.4,24,1055.3428,0.57,Moderate,FMS_MARITIME,2026-04-06
2023-11-13,102,LSMGO,29.42,8.2,196.8,24,465.5177,0.51,Moderate,FMS_MARITIME,2026-04-06
2023-11-14,102,HFO,72.69,12.0,288.0,24,785.9606,0.7,Rough,FMS_MARITIME,2026-04-06
2023-11-15,102,LSMGO,40.08,12.0,288.0,24,433.365,0.46,Moderate,FMS_MARITIME,2026-04-06
2023-11-16,102,VLSFO,67.17,12.5,300.0,24,697.2246,0.6,Calm,FMS_MARITIME,2026-04-06
2023-11-17,102,LNG,52.85,14.6,350.4,24,469.6772,0.5,Rough,FMS_MARITIME,2026-04-06
2023-11-18,102,LNG,47.0,8.3,199.2,24,734.7289,0.45,Calm,FMS_MARITIME,2026-04-06
2023-11-19,102,LNG,74.56,16.7,400.8,24,579.291,0.6,Moderate,FMS_MARITIME,2026-04-06
2023-11-20,102,LNG,54.64,9.2,220.8,24,770.6022,0.64,Calm,FMS_MARITIME,2026-04-06
2023-11-21,102,VLSFO,62.28,8.9,213.6,24,907.9584,0.5,Calm,FMS_MARITIME,2026-04-06
2023-11-22,102,MGO,37.33,11.5,276.0,24,421.1798,0.97,Calm,FMS_MARITIME,2026-04-06
2023-11-23,102,LSMGO,72.68,15.9,381.6,24,593.0962,0.67,Moderate,FMS_MARITIME,2026-04-06
2023-11-24,102,VLSFO,45.37,10.4,249.6,24,566.0344,0.8,Rough,FMS_MARITIME,2026-04-06
2023-11-25,102,LNG,70.91,10.6,254.4,24,867.9785,0.53,Calm,FMS_MARITIME,2026-04-06
2023-11-26,102,LSMGO,42.62,13.2,316.8,24,418.9352,0.65,Rough,FMS_MARITIME,2026-04-06
2023-11-27,102,VLSFO,33.29,16.5,396.0,24,261.7805,0.51,Rough,FMS_MARITIME,2026-04-06
2023-11-28,102,HFO,74.52,14.6,350.4,24,662.2582,0.96,Rough,FMS_MARITIME,2026-04-06
2023-11-28,102,MGO,62.28,8.5,204.0,24,950.6859,0.51,Moderate,FMS_MARITIME,2026-04-06
2023-11-28,102,LNG,47.3,14.3,343.2,24,429.1731,0.9,Moderate,FMS_MARITIME,2026-04-06
2023-11-01,103,HFO,50.77,10.5,252.0,24,627.3721,0.56,Calm,FMS_MARITIME,2026-04-06
2023-11-02,103,HFO,52.17,10.1,242.4,24,670.2037,0.94,Moderate,FMS_MARITIME,2026-04-06
2023-11-03,103,MGO,56.19,13.2,316.8,24,552.3222,0.83,Rough,FMS_MARITIME,2026-04-06
2023-11-04,103,VLSFO,19.48,9.0,216.0,24,280.8367,0.87,Calm,FMS_MARITIME,2026-04-06
2023-11-05,103,LSMGO,82.08,10.2,244.8,24,1044.1059,0.81,Moderate,FMS_MARITIME,2026-04-06
2023-11-06,103,LSMGO,38.59,17.3,415.2,24,289.425,0.74,Moderate,FMS_MARITIME,2026-04-06
2023-11-07,103,VLSFO,46.37,14.2,340.8,24,423.6977,0.68,Moderate,FMS_MARITIME,2026-04-06
2023-11-08,103,MGO,59.02,15.8,379.2,24,484.6737,0.54,Calm,FMS_MARITIME,2026-04-06
2023-11-09,103,VLSFO,70.17,8.2,196.8,24,1110.3119,0.41,Rough,FMS_MARITIME,2026-04-06
2023-11-10,103,MGO,27.55,12.9,309.6,24,277.1017,0.93,Moderate,FMS_MARITIME,2026-04-06
2023-11-11,103,LSMGO,62.49,11.5,276.0,24,705.0502,0.42,Moderate,FMS_MARITIME,2026-04-06
2023-11-12,103,LSMGO,24.7,14.5,348.0,24,221.0224,0.8,Rough,FMS_MARITIME,2026-04-06
2023-11-13,103,LNG,56.21,15.9,381.6,24,458.6948,0.6,Rough,FMS_MARITIME,2026-04-06
2023-11-14,103,LSMGO,33.85,11.4,273.6,24,385.2664,0.66,Calm,FMS_MARITIME,2026-04-06
2023-11-15,103,VLSFO,78.98,11.9,285.6,24,861.1475,0.62,Calm,FMS_MARITIME,2026-04-06
2023-11-16,103,LNG,18.87,8.3,199.2,24,294.9858,0.81,Calm,FMS_MARITIME,2026-04-06
2023-11-17,103,HFO,23.31,14.2,340.8,24,212.991,0.46,Calm,FMS_MARITIME,2026-04-06
2023-11-18,103,LSMGO,72.34,13.7,328.8,24,685.1179,0.99,Moderate,FMS_MARITIME,2026-04-06
2023-11-19,103,LNG,57.88,17.0,408.0,24,441.7606,0.51,Rough,FMS_MARITIME,2026-04-06
2023-11-20,103,VLSFO,76.63,12.2,292.8,24,814.9789,0.69,Rough,FMS_MARITIME,2026-04-06
2023-11-21,103,LNG,72.74,17.2,412.8,24,548.7218,0.99,Moderate,FMS_MARITIME,2026-04-06
2023-11-22,103,VLSFO,37.65,9.4,225.6,24,519.6902,0.5,Moderate,FMS_MARITIME,2026-04-06
2023-11-23,103,LSMGO,57.35,8.9,213.6,24,836.0857,0.64,Rough,FMS_MARITIME,2026-04-06
2023-11-24,103,HFO,71.67,13.8,331.2,24,673.8538,0.63,Calm,FMS_MARITIME,2026-04-06
2023-11-25,103,HFO,44.24,9.3,223.2,24,617.2194,0.81,Rough,FMS_MARITIME,2026-04-06
2023-11-26,103,MGO,25.8,13.1,314.4,24,255.5382,0.52,Rough,FMS_MARITIME,2026-04-06
2023-11-27,103,VLSFO,38.52,9.6,230.4,24,520.6219,0.81,Moderate,FMS_MARITIME,2026-04-06
2023-11-28,103,LSMGO,33.97,16.2,388.8,24,272.0745,0.88,Calm,FMS_MARITIME,2026-04-06
2023-11-28,103,HFO,51.62,13.2,316.8,24,507.4011,0.62,Calm,FMS_MARITIME,2026-04-06
2023-11-28,103,LNG,46.62,15.3,367.2,24,395.3559,0.79,Moderate,FMS_MARITIME,2026-04-06
2023-11-01,104,MGO,72.03,14.5,348.0,24,644.5443,0.56,Moderate,FMS_MARITIME,2026-04-06
2023-11-02,104,HFO,61.18,15.9,381.6,24,499.2519,0.61,Rough,FMS_MARITIME,2026-04-06
2023-11-03,104,HFO,53.27,9.7,232.8,24,712.5549,0.83,Calm,FMS_MARITIME,2026-04-06
2023-11-04,104,HFO,28.36,14.5,348.0,24,253.7731,0.81,Rough,FMS_MARITIME,2026-04-06
2023-11-05,104,VLSFO,74.13,9.4,225.6,24,1023.2306,0.9,Moderate,FMS_MARITIME,2026-04-06
2023-11-06,104,HFO,18.23,17.2,412.8,24,137.5199,0.55,Moderate,FMS_MARITIME,2026-04-06
2023-11-07,104,LSMGO,59.57,8.6,206.4,24,898.7451,0.54,Calm,FMS_MARITIME,2026-04-06
2023-11-08,104,LNG,59.02,10.6,254.4,24,722.4382,0.49,Calm,FMS_MARITIME,2026-04-06
2023-11-09,104,LNG,44.34,9.5,228.0,24,605.5911,0.81,Moderate,FMS_MARITIME,2026-04-06
2023-11-10,104,VLSFO,73.32,12.5,300.0,24,761.0616,0.82,Calm,FMS_MARITIME,2026-04-06
2023-11-11,104,MGO,79.83,17.1,410.4,24,605.7276,0.79,Moderate,FMS_MARITIME,2026-04-06
2023-11-12,104,LSMGO,64.55,12.4,297.6,24,675.4325,0.81,Rough,FMS_MARITIME,2026-04-06
2023-11-13,104,MGO,65.31,8.9,213.6,24,952.1317,0.65,Rough,FMS_MARITIME,2026-04-06
2023-11-14,104,VLSFO,41.82,9.2,220.8,24,589.7984,0.75,Calm,FMS_MARITIME,2026-04-06
2023-11-15,104,LNG,39.48,8.6,206.4,24,595.643,0.69,Calm,FMS_MARITIME,2026-04-06
2023-11-16,104,MGO,17.5,12.0,288.0,24,189.2187,0.8,Moderate,FMS_MARITIME,2026-04-06
2023-11-17,104,MGO,70.5,13.8,331.2,24,662.8533,0.45,Moderate,FMS_MARITIME,2026-04-06
2023-11-18,104,MGO,19.24,8.7,208.8,24,286.9414,0.43,Rough,FMS_MARITIME,2026-04-06
2023-11-19,104,MGO,26.22,13.2,316.8,24,257.7307,0.73,Moderate,FMS_MARITIME,2026-04-06
2023-11-20,104,LSMGO,81.82,9.7,232.8,24,1094.4479,0.59,Calm,FMS_MARITIME,2026-04-06
2023-11-21,104,MGO,24.97,14.4,345.6,24,224.9901,0.93,Rough,FMS_MARITIME,2026-04-06
2023-11-22,104,MGO,17.74,17.6,422.4,24,130.7821,0.81,Calm,FMS_MARITIME,2026-04-06
2023-11-23,104,MGO,50.27,14.8,355.2,24,440.7117,0.75,Calm,FMS_MARITIME,2026-04-06
2023-11-24,104,MGO,77.57,11.5,276.0,24,875.192,0.55,Rough,FMS_MARITIME,2026-04-06
2023-11-25,104,LSMGO,55.7,16.9,405.6,24,427.6376,0.61,Calm,FMS_MARITIME,2026-04-06
2023-11-26,104,VLSFO,69.18,16.2,388.8,24,554.0806,0.42,Moderate,FMS_MARITIME,2026-04-06
2023-11-27,104,LNG,56.19,18.0,432.0,24,405.0362,0.65,Moderate,FMS_MARITIME,2026-04-06
2023-11-28,104,LSMGO,21.76,8.1,194.4,24,348.563,0.8,Moderate,FMS_MARITIME,2026-04-06
2023-11-28,104,LSMGO,75.9,11.5,276.0,24,856.35,0.86,Rough,FMS_MARITIME,2026-04-06
2023-11-28,104,LSMGO,76.7,12.0,288.0,24,829.3187,0.74,Rough,FMS_MARITIME,2026-04-06
2023-11-01,105,LNG,18.78,13.6,326.4,24,179.1695,0.81,Rough,FMS_MARITIME,2026-04-06
2023-11-02,105,VLSFO,40.88,12.6,302.4,24,420.9667,0.92,Calm,FMS_MARITIME,2026-04-06
2023-11-03,105,VLSFO,77.7,16.5,396.0,24,611.0045,0.41,Rough,FMS_MARITIME,2026-04-06
2023-11-04,105,LSMGO,18.32,15.5,372.0,24,153.3561,0.88,Rough,FMS_MARITIME,2026-04-06
2023-11-05,105,HFO,81.97,11.2,268.8,24,949.6078,0.99,Calm,FMS_MARITIME,2026-04-06
2023-11-06,105,LNG,44.14,17.2,412.8,24,332.9747,0.66,Moderate,FMS_MARITIME,2026-04-06
2023-11-07,105,LNG,33.33,17.6,422.4,24,245.7141,0.83,Calm,FMS_MARITIME,2026-04-06
2023-11-08,105,HFO,70.68,13.6,326.4,24,674.3184,0.41,Rough,FMS_MARITIME,2026-04-06
2023-11-09,105,LSMGO,69.54,14.6,350.4,24,618.001,0.7,Moderate,FMS_MARITIME,2026-04-06
2023-11-10,105,LNG,24.93,8.3,199.2,24,389.719,0.94,Rough,FMS_MARITIME,2026-04-06
2023-11-11,105,LSMGO,59.4,9.8,235.2,24,786.4439,0.96,Rough,FMS_MARITIME,2026-04-06
2023-11-12,105,MGO,51.24,10.4,249.6,24,639.2683,0.65,Rough,FMS_MARITIME,2026-04-06
2023-11-13,105,LSMGO,49.94,10.1,242.4,24,641.5559,0.67,Calm,FMS_MARITIME,2026-04-06
2023-11-14,105,VLSFO,65.22,13.8,331.2,24,613.2098,0.83,Rough,FMS_MARITIME,2026-04-06
2023-11-15,105,VLSFO,52.95,14.4,345.6,24,477.1016,0.63,Rough,FMS_MARITIME,2026-04-06
2023-11-16,105,LNG,56.5,9.4,225.6,24,779.8803,0.45,Moderate,FMS_MARITIME,2026-04-06
2023-11-17,105,LNG,28.48,9.3,223.2,24,397.3419,0.42,Moderate,FMS_MARITIME,2026-04-06
2023-11-18,105,MGO,61.88,10.7,256.8,24,750.3673,0.52,Rough,FMS_MARITIME,2026-04-06
2023-11-19,105,LSMGO,43.9,10.7,256.8,24,532.3388,0.46,Rough,FMS_MARITIME,2026-04-06
2023-11-20,105,MGO,40.5,14.5,348.0,24,362.4052,0.89,Rough,FMS_MARITIME,2026-04-06
2023-11-21,105,LNG,77.83,9.0,216.0,24,1122.0492,0.87,Rough,FMS_MARITIME,2026-04-06
2023-11-22,105,VLSFO,70.28,12.9,309.6,24,706.886,0.73,Rough,FMS_MARITIME,2026-04-06
2023-11-23,105,MGO,57.31,9.8,235.2,24,758.7727,0.77,Rough,FMS_MARITIME,2026-04-06
2023-11-24,105,LSMGO,77.89,15.1,362.4,24,669.2866,0.44,Calm,FMS_MARITIME,2026-04-06
2023-11-25,105,VLSFO,47.31,11.4,273.6,24,538.4625,0.55,Calm,FMS_MARITIME,2026-04-06
2023-11-26,105,HFO,84.03,12.7,304.8,24,858.4955,0.77,Moderate,FMS_MARITIME,2026-04-06
2023-11-27,105,LNG,61.03,12.7,304.8,24,623.5152,0.45,Rough,FMS_MARITIME,2026-04-06
2023-11-28,105,VLSFO,43.61,9.0,216.0,24,628.7108,0.68,Calm,FMS_MARITIME,2026-04-06
2023-11-28,105,MGO,16.62,15.4,369.6,24,140.0289,0.85,Rough,FMS_MARITIME,2026-04-06
2023-11-28,105,HFO,63.48,15.5,372.0,24,531.389,0.43,Moderate,FMS_MARITIME,2026-04-06
2023-11-01,106,VLSFO,43.85,14.2,340.8,24,400.6717,0.55,Moderate,FMS_MARITIME,2026-04-06
2023-11-02,106,HFO,59.07,15.7,376.8,24,488.174,0.46,Calm,FMS_MARITIME,2026-04-06
2023-11-03,106,HFO,66.4,15.3,367.2,24,563.098,1.0,Rough,FMS_MARITIME,2026-04-06
2023-11-04,106,VLSFO,19.45,11.5,276.0,24,219.4467,0.78,Moderate,FMS_MARITIME,2026-04-06
2023-11-05,106,MGO,81.76,8.3,199.2,24,1278.1157,0.62,Rough,FMS_MARITIME,2026-04-06
2023-11-06,106,VLSFO,65.09,10.9,261.6,24,774.8099,0.53,Calm,FMS_MARITIME,2026-04-06
2023-11-07,106,HFO,66.56,10.5,252.0,24,822.4914,0.91,Calm,FMS_MARITIME,2026-04-06
2023-11-08,106,LSMGO,58.62,17.6,422.4,24,432.156,0.61,Moderate,FMS_MARITIME,2026-04-06
2023-11-09,106,LSMGO,41.94,13.4,321.6,24,406.0981,0.95,Calm,FMS_MARITIME,2026-04-06
2023-11-10,106,VLSFO,43.11,17.2,412.8,24,325.2048,0.54,Rough,FMS_MARITIME,2026-04-06
2023-11-11,106,LNG,44.11,10.8,259.2,24,529.9326,0.81,Calm,FMS_MARITIME,2026-04-06
2023-11-12,106,HFO,30.63,14.0,336.0,24,283.8745,0.76,Moderate,FMS_MARITIME,2026-04-06
2023-11-13,106,MGO,48.29,11.3,271.2,24,554.4803,0.78,Calm,FMS_MARITIME,2026-04-06
2023-11-14,106,LSMGO,40.57,13.1,314.4,24,401.8288,0.67,Rough,FMS_MARITIME,2026-04-06
2023-11-15,106,HFO,42.99,8.7,208.8,24,641.144,0.87,Rough,FMS_MARITIME,2026-04-06
2023-11-16,106,LNG,15.96,15.3,367.2,24,135.3471,0.79,Rough,FMS_MARITIME,2026-04-06
2023-11-17,106,HFO,54.83,14.5,348.0,24,490.634,0.76,Moderate,FMS_MARITIME,2026-04-06
2023-11-18,106,LNG,30.54,9.9,237.6,24,400.2591,0.96,Rough,FMS_MARITIME,2026-04-06
2023-11-19,106,VLSFO,39.1,12.9,309.6,24,393.2733,0.6,Calm,FMS_MARITIME,2026-04-06
2023-11-20,106,LNG,22.34,16.8,403.2,24,172.5366,0.43,Moderate,FMS_MARITIME,2026-04-06
2023-11-21,106,VLSFO,35.03,15.5,372.0,24,293.235,0.43,Moderate,FMS_MARITIME,2026-04-06
2023-11-22,106,VLSFO,80.21,9.8,235.2,24,1061.964,0.64,Calm,FMS_MARITIME,2026-04-06
2023-11-23,106,LNG,38.12,10.1,242.4,24,489.7099,0.51,Moderate,FMS_MARITIME,2026-04-06
2023-11-24,106,HFO,79.18,14.0,336.0,24,733.8289,0.42,Calm,FMS_MARITIME,2026-04-06
2023-11-25,106,LNG,71.57,8.6,206.4,24,1079.7916,0.52,Rough,FMS_MARITIME,2026-04-06
2023-11-26,106,HFO,58.42,16.9,405.6,24,448.5204,0.94,Moderate,FMS_MARITIME,2026-04-06
2023-11-27,106,LSMGO,60.38,16.4,393.6,24,477.7015,0.48,Calm,FMS_MARITIME,2026-04-06
2023-11-28,106,VLSFO,56.96,10.9,261.6,24,678.033,0.91,Calm,FMS_MARITIME,2026-04-06
2023-11-28,106,LNG,73.97,12.3,295.2,24,780.2933,0.77,Rough,FMS_MARITIME,2026-04-06
2023-11-28,106,MGO,16.66,16.5,396.0,24,131.0082,0.5,Rough,FMS_MARITIME,2026-04-06
2023-11-01,107,VLSFO,45.81,16.0,384.0,24,371.4905,0.51,Calm,FMS_MARITIME,2026-04-06
2023-11-02,107,VLSFO,40.65,9.4,225.6,24,561.0997,0.58,Moderate,FMS_MARITIME,2026-04-06
2023-11-03,107,LSMGO,51.34,13.4,321.6,24,497.1168,0.63,Moderate,FMS_MARITIME,2026-04-06
2023-11-04,107,LNG,67.73,11.7,280.8,24,751.1083,0.99,Moderate,FMS_MARITIME,2026-04-06
2023-11-05,107,LNG,18.36,17.6,422.4,24,135.3528,0.86,Moderate,FMS_MARITIME,2026-04-06
2023-11-06,107,MGO,56.35,15.8,379.2,24,462.7476,0.66,Rough,FMS_MARITIME,2026-04-06
2023-11-07,107,HFO,36.2,12.0,288.0,24,391.4125,0.51,Moderate,FMS_MARITIME,2026-04-06
2023-11-08,107,HFO,71.68,10.8,259.2,24,861.1556,0.74,Rough,FMS_MARITIME,2026-04-06
2023-11-09,107,VLSFO,31.73,13.4,321.6,24,307.2364,0.7,Calm,FMS_MARITIME,2026-04-06
2023-11-10,107,MGO,83.07,11.0,264.0,24,979.8484,0.87,Moderate,FMS_MARITIME,2026-04-06
2023-11-11,107,LSMGO,33.04,15.4,369.6,24,278.3727,0.65,Moderate,FMS_MARITIME,2026-04-06
2023-11-12,107,LNG,81.56,11.6,278.4,24,912.2767,0.82,Rough,FMS_MARITIME,2026-04-06
2023-11-13,107,HFO,59.21,10.4,249.6,24,738.7017,0.7,Moderate,FMS_MARITIME,2026-04-06
2023-11-14,107,HFO,83.48,14.6,350.4,24,741.8856,0.63,Rough,FMS_MARITIME,2026-04-06
2023-11-15,107,VLSFO,25.3,15.4,369.6,24,213.1607,0.54,Calm,FMS_MARITIME,2026-04-06
2023-11-16,107,VLSFO,57.08,14.9,357.6,24,497.0557,0.42,Rough,FMS_MARITIME,2026-04-06
2023-11-17,107,VLSFO,75.83,10.5,252.0,24,937.0421,0.53,Calm,FMS_MARITIME,2026-04-06
2023-11-18,107,HFO,28.44,12.3,295.2,24,300.0073,0.93,Rough,FMS_MARITIME,2026-04-06
2023-11-19,107,HFO,37.11,11.6,278.4,24,415.0881,0.63,Moderate,FMS_MARITIME,2026-04-06
2023-11-20,107,VLSFO,84.14,13.2,316.8,24,827.058,0.4,Calm,FMS_MARITIME,2026-04-06
2023-11-21,107,LSMGO,58.08,14.0,336.0,24,538.2771,0.99,Calm,FMS_MARITIME,2026-04-06
2023-11-22,107,LSMGO,50.43,13.5,324.0,24,484.6883,0.66,Rough,FMS_MARITIME,2026-04-06
2023-11-23,107,LSMGO,53.3,10.2,244.8,24,678.0074,0.67,Calm,FMS_MARITIME,2026-04-06
2023-11-24,107,LSMGO,21.57,13.4,321.6,24,208.8588,0.47,Moderate,FMS_MARITIME,2026-04-06
2023-11-25,107,LNG,21.82,17.9,429.6,24,158.1645,0.61,Rough,FMS_MARITIME,2026-04-06
2023-11-26,107,LSMGO,20.06,16.0,384.0,24,162.6741,0.54,Calm,FMS_MARITIME,2026-04-06
2023-11-27,107,MGO,36.37,14.3,343.2,24,330.0005,0.72,Moderate,FMS_MARITIME,2026-04-06
2023-11-28,107,HFO,79.18,12.9,309.6,24,796.4035,0.96,Moderate,FMS_MARITIME,2026-04-06
2023-11-28,107,VLSFO,58.62,13.4,321.6,24,567.6078,0.53,Moderate,FMS_MARITIME,2026-04-06
2023-11-28,107,VLSFO,38.45,12.3,295.2,24,405.6006,0.43,Calm,FMS_MARITIME,2026-04-06
2023-11-01,108,VLSFO,76.43,8.5,204.0,24,1166.6815,0.88,Rough,FMS_MARITIME,2026-04-06
2023-11-02,108,LNG,47.88,10.6,254.4,24,586.0783,0.54,Calm,FMS_MARITIME,2026-04-06
2023-11-03,108,HFO,33.01,13.1,314.4,24,326.9502,0.87,Calm,FMS_MARITIME,2026-04-06
2023-11-04,108,VLSFO,29.19,16.0,384.0,24,236.7127,0.51,Moderate,FMS_MARITIME,2026-04-06
2023-11-05,108,LNG,66.42,9.9,237.6,24,870.5045,0.94,Calm,FMS_MARITIME,2026-04-06
2023-11-06,108,LSMGO,79.15,8.6,206.4,24,1194.1526,0.47,Moderate,FMS_MARITIME,2026-04-06
2023-11-07,108,MGO,48.45,9.6,230.4,24,654.832,0.7,Rough,FMS_MARITIME,2026-04-06
2023-11-08,108,HFO,15.61,12.5,300.0,24,162.0318,0.92,Rough,FMS_MARITIME,2026-04-06
2023-11-09,108,VLSFO,63.71,12.3,295.2,24,672.0628,0.74,Moderate,FMS_MARITIME,2026-04-06
2023-11-10,108,HFO,38.93,14.1,338.4,24,358.2388,0.49,Calm,FMS_MARITIME,2026-04-06
2023-11-11,108,VLSFO,81.55,12.5,300.0,24,846.489,0.46,Calm,FMS_MARITIME,2026-04-06
2023-11-12,108,HFO,27.01,8.5,204.0,24,412.2997,0.99,Rough,FMS_MARITIME,2026-04-06
2023-11-13,108,LNG,28.17,13.4,321.6,24,272.7655,0.52,Rough,FMS_MARITIME,2026-04-06
2023-11-14,108,HFO,16.29,9.7,232.8,24,217.8997,0.49,Rough,FMS_MARITIME,2026-04-06
2023-11-15,108,VLSFO,36.95,13.9,333.6,24,344.911,0.89,Rough,FMS_MARITIME,2026-04-06
2023-11-16,108,MGO,45.03,10.5,252.0,24,556.4421,0.57,Calm,FMS_MARITIME,2026-04-06
2023-11-17,108,LSMGO,83.11,12.6,302.4,24,855.8351,0.71,Calm,FMS_MARITIME,2026-04-06
2023-11-18,108,HFO,26.83,16.3,391.2,24,213.5701,0.74,Calm,FMS_MARITIME,2026-04-06
2023-11-19,108,LSMGO,40.19,9.1,218.4,24,573.0387,0.67,Calm,FMS_MARITIME,2026-04-06
2023-11-20,108,LNG,58.24,14.5,348.0,24,521.1476,0.99,Moderate,FMS_MARITIME,2026-04-06
2023-11-21,108,LNG,72.55,11.0,264.0,24,855.7602,0.53,Moderate,FMS_MARITIME,2026-04-06
2023-11-22,108,HFO,47.1,11.3,271.2,24,540.8164,0.63,Calm,FMS_MARITIME,2026-04-06
2023-11-23,108,LSMGO,34.57,10.1,242.4,24,444.1047,0.44,Calm,FMS_MARITIME,2026-04-06
2023-11-24,108,VLSFO,77.44,8.1,194.4,24,1240.4741,0.6,Rough,FMS_MARITIME,2026-04-06
2023-11-25,108,VLSFO,40.59,15.5,372.0,24,339.7776,0.51,Moderate,FMS_MARITIME,2026-04-06
2023-11-26,108,VLSFO,54.31,14.2,340.8,24,496.2481,0.62,Moderate,FMS_MARITIME,2026-04-06
2023-11-27,108,VLSFO,49.6,9.7,232.8,24,663.4639,0.87,Calm,FMS_MARITIME,2026-04-06
2023-11-28,108,LSMGO,30.1,10.0,240.0,24,390.5475,0.82,Moderate,FMS_MARITIME,2026-04-06
2023-11-28,108,HFO,15.9,14.4,345.6,24,143.2656,0.78,Rough,FMS_MARITIME,2026-04-06
2023-11-28,108,VLSFO,27.95,16.5,396.0,24,219.7886,0.95,Calm,FMS_MARITIME,2026-04-06
2023-11-01,109,LNG,80.36,14.4,345.6,24,724.0771,0.99,Calm,FMS_MARITIME,2026-04-06
2023-11-02,109,LNG,66.43,14.3,343.2,24,602.7477,0.53,Moderate,FMS_MARITIME,2026-04-06
2023-11-03,109,MGO,28.85,14.9,357.6,24,251.2273,0.52,Rough,FMS_MARITIME,2026-04-06
2023-11-04,109,VLSFO,54.46,16.9,405.6,24,418.1175,0.64,Calm,FMS_MARITIME,2026-04-06
2023-11-05,109,HFO,16.38,11.4,273.6,24,186.4303,0.83,Calm,FMS_MARITIME,2026-04-06
2023-11-06,109,VLSFO,48.25,13.2,316.8,24,474.2756,0.68,Rough,FMS_MARITIME,2026-04-06
2023-11-07,109,VLSFO,60.78,9.2,220.8,24,857.1962,0.92,Calm,FMS_MARITIME,2026-04-06
2023-11-08,109,LSMGO,33.71,9.1,218.4,24,480.6453,0.8,Calm,FMS_MARITIME,2026-04-06
2023-11-09,109,HFO,80.16,11.8,283.2,24,881.4203,0.49,Rough,FMS_MARITIME,2026-04-06
2023-11-10,109,HFO,23.27,13.5,324.0,24,223.6506,0.95,Rough,FMS_MARITIME,2026-04-06
2023-11-11,109,LNG,82.51,13.4,321.6,24,798.9308,0.92,Calm,FMS_MARITIME,2026-04-06
2023-11-12,109,VLSFO,30.1,14.3,343.2,24,273.1101,0.99,Calm,FMS_MARITIME,2026-04-06
2023-11-13,109,MGO,77.51,9.6,230.4,24,1047.5961,0.74,Moderate,FMS_MARITIME,2026-04-06
2023-11-14,109,LSMGO,64.15,16.0,384.0,24,520.2164,0.47,Moderate,FMS_MARITIME,2026-04-06
2023-11-15,109,MGO,44.0,8.6,206.4,24,663.8372,0.45,Calm,FMS_MARITIME,2026-04-06
2023-11-16,109,MGO,46.11,9.2,220.8,24,650.3014,0.41,Rough,FMS_MARITIME,2026-04-06
2023-11-17,109,MGO,63.63,15.5,372.0,24,532.6447,0.77,Calm,FMS_MARITIME,2026-04-06
2023-11-18,109,LNG,32.57,9.1,218.4,24,464.3909,0.71,Moderate,FMS_MARITIME,2026-04-06
2023-11-19,109,MGO,25.97,10.0,240.0,24,336.9607,0.87,Calm,FMS_MARITIME,2026-04-06
2023-11-20,109,VLSFO,24.86,12.3,295.2,24,262.2427,0.82,Moderate,FMS_MARITIME,2026-04-06
2023-11-21,109,HFO,38.06,12.9,309.6,24,382.8128,0.85,Calm,FMS_MARITIME,2026-04-06
2023-11-22,109,HFO,73.93,14.7,352.8,24,652.5454,0.68,Calm,FMS_MARITIME,2026-04-06
2023-11-23,109,LSMGO,41.72,14.9,357.6,24,363.3,0.98,Calm,FMS_MARITIME,2026-04-06
2023-11-24,109,LNG,45.93,13.5,324.0,24,441.4383,0.49,Moderate,FMS_MARITIME,2026-04-06
2023-11-25,109,VLSFO,52.47,16.5,396.0,24,412.605,0.43,Rough,FMS_MARITIME,2026-04-06
2023-11-26,109,HFO,41.82,10.9,261.6,24,497.8115,0.9,Calm,FMS_MARITIME,2026-04-06
2023-11-27,109,LSMGO,30.71,14.0,336.0,24,284.6159,0.59,Calm,FMS_MARITIME,2026-04-06
2023-11-28,109,VLSFO,27.29,8.8,211.2,24,402.3724,0.69,Rough,FMS_MARITIME,2026-04-06
2023-11-28,109,VLSFO,39.0,18.0,432.0,24,281.125,0.59,Moderate,FMS_MARITIME,2026-04-06
2023-11-28,109,LNG,68.8,17.7,424.8,24,504.339,0.57,Rough,FMS_MARITIME,2026-04-06
2023-11-01,110,VLSFO,22.16,12.2,292.8,24,235.677,0.74,Moderate,FMS_MARITIME,2026-04-06
2023-11-02,110,HFO,47.21,9.6,230.4,24,638.0727,0.66,Rough,FMS_MARITIME,2026-04-06
2023-11-03,110,LNG,50.75,15.9,381.6,24,414.1392,0.89,Rough,FMS_MARITIME,2026-04-06
2023-11-04,110,VLSFO,41.33,14.2,340.8,24,377.6456,0.99,Moderate,FMS_MARITIME,2026-04-06
2023-11-05,110,MGO,41.54,16.4,393.6,24,328.6473,0.96,Calm,FMS_MARITIME,2026-04-06
2023-11-06,110,HFO,69.79,10.1,242.4,24,896.5597,0.87,Moderate,FMS_MARITIME,2026-04-06
2023-11-07,110,LSMGO,24.27,10.9,261.6,24,288.9021,0.6,Moderate,FMS_MARITIME,2026-04-06
2023-11-08,110,MGO,60.38,15.7,376.8,24,499.0003,0.76,Rough,FMS_MARITIME,2026-04-06
2023-11-09,110,LSMGO,16.58,10.0,240.0,24,215.1255,0.84,Moderate,FMS_MARITIME,2026-04-06
2023-11-10,110,LSMGO,54.89,9.2,220.8,24,774.128,0.75,Moderate,FMS_MARITIME,2026-04-06
2023-11-11,110,LNG,28.59,9.7,232.8,24,382.4281,0.64,Rough,FMS_MARITIME,2026-04-06
2023-11-12,110,LSMGO,57.48,8.3,199.2,24,898.5578,0.87,Moderate,FMS_MARITIME,2026-04-06
2023-11-13,110,HFO,50.51,9.0,216.0,24,728.1858,0.55,Rough,FMS_MARITIME,2026-04-06
2023-11-14,110,LNG,82.43,15.6,374.4,24,685.5957,0.86,Moderate,FMS_MARITIME,2026-04-06
2023-11-15,110,MGO,66.07,9.7,232.8,24,883.7714,0.44,Calm,FMS_MARITIME,2026-04-06
2023-11-16,110,LNG,36.32,15.5,372.0,24,304.0335,0.79,Moderate,FMS_MARITIME,2026-04-06
2023-11-17,110,MGO,45.91,17.9,429.6,24,332.7834,0.93,Calm,FMS_MARITIME,2026-04-06
2023-11-18,110,VLSFO,81.95,15.9,381.6,24,668.7429,0.79,Rough,FMS_MARITIME,2026-04-06
2023-11-19,110,LNG,36.36,9.7,232.8,24,486.3619,0.73,Calm,FMS_MARITIME,2026-04-06
2023-11-20,110,MGO,53.24,14.6,350.4,24,473.1432,0.72,Moderate,FMS_MARITIME,2026-04-06
2023-11-21,110,MGO,49.89,8.6,206.4,24,752.7009,0.58,Rough,FMS_MARITIME,2026-04-06
2023-11-22,110,MGO,48.9,16.4,393.6,24,386.8765,0.8,Rough,FMS_MARITIME,2026-04-06
2023-11-23,110,LSMGO,39.23,13.8,331.2,24,368.8473,0.46,Moderate,FMS_MARITIME,2026-04-06
2023-11-24,110,MGO,56.08,12.2,292.8,24,596.4246,0.43,Rough,FMS_MARITIME,2026-04-06
2023-11-25,110,VLSFO,73.5,8.9,213.6,24,1071.5309,0.76,Rough,FMS_MARITIME,2026-04-06
2023-11-26,110,MGO,43.29,9.4,225.6,24,597.5402,0.94,Rough,FMS_MARITIME,2026-04-06
2023-11-27,110,LSMGO,42.06,14.2,340.8,24,384.3158,0.95,Rough,FMS_MARITIME,2026-04-06
2023-11-28,110,LNG,19.75,10.0,240.0,24,256.2563,0.82,Calm,FMS_MARITIME,2026-04-06
2023-11-28,110,MGO,66.82,14.8,355.2,24,585.8037,0.93,Moderate,FMS_MARITIME,2026-04-06
2023-11-28,110,VLSFO,31.38,14.4,345.6,24,282.7469,0.44,Calm,FMS_MARITIME,2026-04-06
2023-11-01,111,HFO,50.57,11.8,283.2,24,556.0557,0.65,Calm,FMS_MARITIME,2026-04-06
2023-11-02,111,MGO,60.38,10.3,247.2,24,760.6121,0.9,Moderate,FMS_MARITIME,2026-04-06
2023-11-03,111,VLSFO,27.71,11.1,266.4,24,323.9074,1.0,Moderate,FMS_MARITIME,2026-04-06
2023-11-04,111,HFO,39.03,17.6,422.4,24,287.7354,0.98,Rough,FMS_MARITIME,2026-04-06
2023-11-05,111,LNG,66.32,8.9,213.6,24,966.8562,0.42,Moderate,FMS_MARITIME,2026-04-06
2023-11-06,111,HFO,58.38,10.1,242.4,24,749.9807,0.58,Rough,FMS_MARITIME,2026-04-06
2023-11-07,111,HFO,69.08,13.0,312.0,24,689.4715,0.83,Rough,FMS_MARITIME,2026-04-06
2023-11-08,111,VLSFO,18.85,15.5,372.0,24,157.7927,0.45,Calm,FMS_MARITIME,2026-04-06
2023-11-09,111,LNG,65.64,10.5,252.0,24,811.1229,0.71,Moderate,FMS_MARITIME,2026-04-06
2023-11-10,111,HFO,64.73,9.9,237.6,24,848.3553,0.69,Rough,FMS_MARITIME,2026-04-06
2023-11-11,111,VLSFO,67.64,8.1,194.4,24,1083.4926,0.45,Rough,FMS_MARITIME,2026-04-06
2023-11-12,111,MGO,33.05,9.7,232.8,24,442.0863,0.99,Rough,FMS_MARITIME,2026-04-06
2023-11-13,111,MGO,17.26,8.7,208.8,24,257.4121,0.99,Calm,FMS_MARITIME,2026-04-06
2023-11-14,111,HFO,42.38,13.4,321.6,24,410.3586,0.97,Moderate,FMS_MARITIME,2026-04-06
2023-11-15,111,VLSFO,47.34,16.8,403.2,24,365.617,0.57,Moderate,FMS_MARITIME,2026-04-06
2023-11-16,111,HFO,18.01,11.4,273.6,24,204.9822,0.66,Moderate,FMS_MARITIME,2026-04-06
2023-11-17,111,VLSFO,60.27,10.1,242.4,24,774.2606,0.65,Rough,FMS_MARITIME,2026-04-06
2023-11-18,111,LSMGO,79.02,17.9,429.6,24,572.7846,0.62,Moderate,FMS_MARITIME,2026-04-06
2023-11-19,111,LNG,56.38,9.1,218.4,24,803.8797,0.44,Rough,FMS_MARITIME,2026-04-06
2023-11-20,111,LSMGO,56.91,10.3,247.2,24,716.9002,0.95,Rough,FMS_MARITIME,2026-04-06
2023-11-21,111,LNG,46.42,9.6,230.4,24,627.3953,0.53,Moderate,FMS_MARITIME,2026-04-06
2023-11-22,111,HFO,60.58,10.4,249.6,24,755.7938,0.94,Moderate,FMS_MARITIME,2026-04-06
2023-11-23,111,VLSFO,59.15,14.4,345.6,24,532.9661,0.63,Moderate,FMS_MARITIME,2026-04-06
2023-11-24,111,LSMGO,33.9,15.1,362.4,24,291.293,0.62,Moderate,FMS_MARITIME,2026-04-06
2023-11-25,111,MGO,35.91,10.5,252.0,24,443.745,0.44,Calm,FMS_MARITIME,2026-04-06
2023-11-26,111,VLSFO,41.2,13.1,314.4,24,408.0687,0.98,Calm,FMS_MARITIME,2026-04-06
2023-11-27,111,HFO,59.31,17.3,415.2,24,444.825,0.51,Moderate,FMS_MARITIME,2026-04-06
2023-11-28,111,LNG,69.88,9.1,218.4,24,996.3659,0.93,Calm,FMS_MARITIME,2026-04-06
2023-11-28,111,MGO,50.75,17.6,422.4,24,374.1371,0.78,Moderate,FMS_MARITIME,2026-04-06
2023-11-28,111,LSMGO,45.98,18.0,432.0,24,331.4392,0.87,Moderate,FMS_MARITIME,2026-04-06
2023-11-01,112,HFO,82.86,15.6,374.4,24,689.1721,0.81,Rough,FMS_MARITIME,2026-04-06
2023-11-02,112,VLSFO,55.45,8.2,196.8,24,877.3948,0.41,Calm,FMS_MARITIME,2026-04-06
2023-11-03,112,HFO,15.11,9.5,228.0,24,206.3708,0.51,Rough,FMS_MARITIME,2026-04-06
2023-11-04,112,LSMGO,74.66,14.5,348.0,24,668.0783,0.72,Moderate,FMS_MARITIME,2026-04-06
2023-11-05,112,HFO,62.56,12.2,292.8,24,665.341,0.84,Moderate,FMS_MARITIME,2026-04-06
2023-11-06,112,HFO,59.21,12.4,297.6,24,619.5562,0.63,Calm,FMS_MARITIME,2026-04-06
2023-11-07,112,LSMGO,72.55,13.4,321.6,24,702.4897,0.58,Moderate,FMS_MARITIME,2026-04-06
2023-11-08,112,LNG,80.38,12.7,304.8,24,821.2051,0.72,Calm,FMS_MARITIME,2026-04-06
2023-11-09,112,HFO,67.5,15.9,381.6,24,550.8255,0.83,Rough,FMS_MARITIME,2026-04-06
2023-11-10,112,LNG,47.85,16.7,400.8,24,371.7687,0.84,Moderate,FMS_MARITIME,2026-04-06
2023-11-11,112,HFO,72.5,16.5,396.0,24,570.1136,0.88,Moderate,FMS_MARITIME,2026-04-06
2023-11-12,112,HFO,52.5,10.7,256.8,24,636.6238,0.55,Calm,FMS_MARITIME,2026-04-06
2023-11-13,112,VLSFO,29.68,15.6,374.4,24,246.8577,0.72,Rough,FMS_MARITIME,2026-04-06
2023-11-14,112,VLSFO,80.85,16.6,398.4,24,631.945,0.78,Rough,FMS_MARITIME,2026-04-06
2023-11-15,112,LSMGO,28.58,15.2,364.8,24,243.9641,0.62,Moderate,FMS_MARITIME,2026-04-06
2023-11-16,112,HFO,36.3,13.4,321.6,24,351.4869,0.99,Moderate,FMS_MARITIME,2026-04-06
2023-11-17,112,LNG,30.22,11.7,280.8,24,335.1321,0.97,Rough,FMS_MARITIME,2026-04-06
2023-11-18,112,HFO,78.7,15.5,372.0,24,658.7952,0.46,Moderate,FMS_MARITIME,2026-04-06
2023-11-19,112,MGO,21.68,10.8,259.2,24,260.4611,0.86,Rough,FMS_MARITIME,2026-04-06
2023-11-20,112,LSMGO,68.84,16.6,398.4,24,538.0717,0.56,Rough,FMS_MARITIME,2026-04-06
2023-11-21,112,LSMGO,64.76,14.7,352.8,24,571.6061,0.83,Moderate,FMS_MARITIME,2026-04-06
2023-11-22,112,VLSFO,35.26,11.2,268.8,24,408.4808,0.54,Moderate,FMS_MARITIME,2026-04-06
2023-11-23,112,LSMGO,59.42,15.5,372.0,24,497.4029,0.48,Rough,FMS_MARITIME,2026-04-06
2023-11-24,112,HFO,19.34,15.6,374.4,24,160.8567,0.91,Moderate,FMS_MARITIME,2026-04-06
2023-11-25,112,MGO,36.52,15.3,367.2,24,309.7039,0.97,Moderate,FMS_MARITIME,2026-04-06
2023-11-26,112,LNG,59.92,15.6,374.4,24,498.3731,0.95,Rough,FMS_MARITIME,2026-04-06
2023-11-27,112,LSMGO,22.0,12.9,309.6,24,221.2791,0.84,Calm,FMS_MARITIME,2026-04-06
2023-11-28,112,MGO,67.38,15.2,364.8,24,575.1681,0.8,Rough,FMS_MARITIME,2026-04-06
2023-11-28,112,MGO,57.09,11.7,280.8,24,633.1135,0.65,Calm,FMS_MARITIME,2026-04-06
2023-11-28,112,HFO,33.56,9.4,225.6,24,463.2351,0.98,Moderate,FMS_MARITIME,2026-04-06
2023-11-01,113,HFO,59.06,15.3,367.2,24,500.852,0.68,Calm,FMS_MARITIME,2026-04-06
2023-11-02,113,VLSFO,44.07,9.8,235.2,24,583.4778,0.76,Calm,FMS_MARITIME,2026-04-06
2023-11-03,113,LSMGO,73.16,13.5,324.0,24,703.1489,0.94,Rough,FMS_MARITIME,2026-04-06
2023-11-04,113,LSMGO,29.95,8.5,204.0,24,457.1779,0.91,Rough,FMS_MARITIME,2026-04-06
2023-11-05,113,MGO,16.82,16.3,391.2,24,133.8893,1.0,Calm,FMS_MARITIME,2026-04-06
2023-11-06,113,VLSFO,71.76,15.5,372.0,24,600.7006,0.63,Calm,FMS_MARITIME,2026-04-06
2023-11-07,113,LSMGO,27.2,9.1,218.4,24,387.8242,0.41,Moderate,FMS_MARITIME,2026-04-06
2023-11-08,113,LSMGO,18.92,9.7,232.8,24,253.0794,0.53,Calm,FMS_MARITIME,2026-04-06
2023-11-09,113,MGO,64.85,16.1,386.4,24,522.6266,0.83,Moderate,FMS_MARITIME,2026-04-06
2023-11-10,113,HFO,45.25,13.3,319.2,24,441.4427,0.46,Rough,FMS_MARITIME,2026-04-06
2023-11-11,113,VLSFO,84.6,12.6,302.4,24,871.1786,0.96,Calm,FMS_MARITIME,2026-04-06
2023-11-12,113,MGO,44.49,13.0,312.0,24,444.0444,0.81,Calm,FMS_MARITIME,2026-04-06
2023-11-13,113,VLSFO,59.37,16.4,393.6,24,469.7108,0.49,Rough,FMS_MARITIME,2026-04-06
2023-11-14,113,HFO,67.57,9.1,218.4,24,963.4294,0.9,Moderate,FMS_MARITIME,2026-04-06
2023-11-15,113,LSMGO,37.64,17.1,410.4,24,285.6018,0.54,Moderate,FMS_MARITIME,2026-04-06
2023-11-16,113,LNG,20.98,16.2,388.8,24,168.0343,0.74,Rough,FMS_MARITIME,2026-04-06
2023-11-17,113,VLSFO,27.97,14.3,343.2,24,253.7837,0.53,Rough,FMS_MARITIME,2026-04-06
2023-11-18,113,VLSFO,40.7,8.5,204.0,24,621.2735,0.54,Moderate,FMS_MARITIME,2026-04-06
2023-11-19,113,MGO,29.54,14.5,348.0,24,264.3321,0.98,Rough,FMS_MARITIME,2026-04-06
2023-11-20,113,LNG,79.54,10.9,261.6,24,946.8179,0.77,Moderate,FMS_MARITIME,2026-04-06
2023-11-21,113,MGO,76.26,9.8,235.2,24,1009.6668,0.94,Calm,FMS_MARITIME,2026-04-06
2023-11-22,113,VLSFO,71.22,11.9,285.6,24,776.5374,0.72,Moderate,FMS_MARITIME,2026-04-06
2023-11-23,113,MGO,84.5,8.7,208.8,24,1260.2155,0.57,Calm,FMS_MARITIME,2026-04-06
2023-11-24,113,MGO,78.3,16.2,388.8,24,627.125,0.59,Moderate,FMS_MARITIME,2026-04-06
2023-11-25,113,LNG,80.5,16.3,391.2,24,640.7899,0.51,Calm,FMS_MARITIME,2026-04-06
2023-11-26,113,LSMGO,54.23,15.8,379.2,24,445.3381,0.77,Rough,FMS_MARITIME,2026-04-06
2023-11-27,113,LNG,46.6,14.9,357.6,24,405.7953,0.41,Moderate,FMS_MARITIME,2026-04-06
2023-11-28,113,VLSFO,69.79,11.9,285.6,24,760.9456,0.47,Calm,FMS_MARITIME,2026-04-06
2023-11-28,113,MGO,67.23,9.4,225.6,24,927.9886,0.9,Calm,FMS_MARITIME,2026-04-06
2023-11-28,113,LNG,70.57,11.8,283.2,24,775.971,1.0,Calm,FMS_MARITIME,2026-04-06
2023-11-01,114,VLSFO,27.97,12.0,288.0,24,302.4256,0.7,Rough,FMS_MARITIME,2026-04-06
2023-11-02,114,LSMGO,60.98,15.4,369.6,24,513.7763,0.75,Rough,FMS_MARITIME,2026-04-06
2023-11-03,114,VLSFO,52.72,12.0,288.0,24,570.035,0.48,Calm,FMS_MARITIME,2026-04-06
2023-11-04,114,LNG,64.4,13.1,314.4,24,637.855,0.71,Rough,FMS_MARITIME,2026-04-06
2023-11-05,114,VLSFO,83.72,16.3,391.2,24,666.4215,0.96,Moderate,FMS_MARITIME,2026-04-06
2023-11-06,114,HFO,73.51,14.6,350.4,24,653.2824,0.47,Moderate,FMS_MARITIME,2026-04-06
2023-11-07,114,MGO,68.74,11.8,283.2,24,755.8487,0.81,Calm,FMS_MARITIME,2026-04-06
2023-11-08,114,MGO,26.72,15.9,381.6,24,218.0453,0.62,Moderate,FMS_MARITIME,2026-04-06
2023-11-09,114,LSMGO,15.21,10.8,259.2,24,182.7313,0.47,Calm,FMS_MARITIME,2026-04-06
2023-11-10,114,HFO,57.53,16.0,384.0,24,466.5323,0.95,Rough,FMS_MARITIME,2026-04-06
2023-11-11,114,LSMGO,84.1,10.3,247.2,24,1059.415,0.64,Rough,FMS_MARITIME,2026-04-06
2023-11-12,114,MGO,22.98,14.1,338.4,24,211.4649,0.87,Moderate,FMS_MARITIME,2026-04-06
2023-11-13,114,LNG,62.89,16.2,388.8,24,503.7023,0.94,Moderate,FMS_MARITIME,2026-04-06
2023-11-14,114,MGO,41.92,11.0,264.0,24,494.4655,0.78,Rough,FMS_MARITIME,2026-04-06
2023-11-15,114,HFO,30.1,8.4,201.6,24,464.9375,0.69,Calm,FMS_MARITIME,2026-04-06
2023-11-16,114,HFO,18.39,11.5,276.0,24,207.4872,0.49,Calm,FMS_MARITIME,2026-04-06
2023-11-17,114,MGO,28.53,16.2,388.8,24,228.5042,0.79,Calm,FMS_MARITIME,2026-04-06
2023-11-18,114,HFO,48.66,15.5,372.0,24,407.3313,0.85,Moderate,FMS_MARITIME,2026-04-06
2023-11-19,114,LSMGO,30.05,17.9,429.6,24,217.8205,0.43,Moderate,FMS_MARITIME,2026-04-06
2023-11-20,114,MGO,52.99,10.3,247.2,24,667.5197,0.57,Moderate,FMS_MARITIME,2026-04-06
2023-11-21,114,HFO,58.64,17.7,424.8,24,429.861,0.63,Moderate,FMS_MARITIME,2026-04-06
2023-11-22,114,HFO,47.71,8.1,194.4,24,764.2435,0.8,Moderate,FMS_MARITIME,2026-04-06
2023-11-23,114,HFO,44.38,13.0,312.0,24,442.9465,0.76,Calm,FMS_MARITIME,2026-04-06
2023-11-24,114,VLSFO,68.13,10.1,242.4,24,875.2344,0.47,Moderate,FMS_MARITIME,2026-04-06
2023-11-25,114,VLSFO,16.32,10.7,256.8,24,197.8991,0.8,Calm,FMS_MARITIME,2026-04-06
2023-11-26,114,LNG,33.89,13.5,324.0,24,325.7206,0.99,Moderate,FMS_MARITIME,2026-04-06
2023-11-27,114,MGO,73.89,9.8,235.2,24,978.2885,0.95,Calm,FMS_MARITIME,2026-04-06
2023-11-28,114,LNG,27.62,14.6,350.4,24,245.4586,0.42,Moderate,FMS_MARITIME,2026-04-06
2023-11-28,114,VLSFO,20.22,10.7,256.8,24,245.1911,0.87,Moderate,FMS_MARITIME,2026-04-06
2023-11-28,114,HFO,15.96,16.3,391.2,24,127.0436,0.75,Moderate,FMS_MARITIME,2026-04-06
2023-11-01,115,LNG,69.09,14.2,340.8,24,631.2977,0.97,Rough,FMS_MARITIME,2026-04-06
2023-11-02,115,HFO,58.91,11.0,264.0,24,694.8702,0.8,Moderate,FMS_MARITIME,2026-04-06
2023-11-03,115,VLSFO,25.96,15.8,379.2,24,213.1842,0.98,Moderate,FMS_MARITIME,2026-04-06
2023-11-04,115,MGO,38.91,12.2,292.8,24,413.8174,0.81,Moderate,FMS_MARITIME,2026-04-06
2023-11-05,115,LSMGO,45.98,17.4,417.6,24,342.8681,0.71,Moderate,FMS_MARITIME,2026-04-06
2023-11-06,115,MGO,84.31,12.2,292.8,24,896.6576,0.95,Moderate,FMS_MARITIME,2026-04-06
2023-11-07,115,LNG,69.84,13.6,326.4,24,666.3044,0.68,Rough,FMS_MARITIME,2026-04-06
2023-11-08,115,HFO,33.07,16.3,391.2,24,263.2413,0.86,Calm,FMS_MARITIME,2026-04-06
2023-11-09,115,VLSFO,58.59,17.8,427.2,24,427.0816,0.54,Moderate,FMS_MARITIME,2026-04-06
2023-11-10,115,HFO,30.36,17.0,408.0,24,231.7182,0.48,Moderate,FMS_MARITIME,2026-04-06
2023-11-11,115,VLSFO,78.44,13.4,321.6,24,759.5216,0.42,Calm,FMS_MARITIME,2026-04-06
2023-11-12,115,VLSFO,43.34,18.0,432.0,24,312.4092,0.72,Rough,FMS_MARITIME,2026-04-06
2023-11-13,115,HFO,83.58,14.8,355.2,24,732.7368,0.59,Moderate,FMS_MARITIME,2026-04-06
2023-11-14,115,LNG,52.2,11.9,285.6,24,569.1555,0.46,Rough,FMS_MARITIME,2026-04-06
2023-11-15,115,MGO,80.89,15.9,381.6,24,660.0929,0.99,Rough,FMS_MARITIME,2026-04-06
2023-11-16,115,LSMGO,48.7,17.8,427.2,24,354.9902,0.74,Rough,FMS_MARITIME,2026-04-06
2023-11-17,115,HFO,53.27,12.9,309.6,24,535.7971,0.58,Moderate,FMS_MARITIME,2026-04-06
2023-11-18,115,MGO,84.86,11.0,264.0,24,1000.9623,0.87,Rough,FMS_MARITIME,2026-04-06
2023-11-19,115,VLSFO,24.99,9.2,220.8,24,352.4405,0.44,Rough,FMS_MARITIME,2026-04-06
2023-11-20,115,MGO,32.12,11.5,276.0,24,362.3974,0.9,Rough,FMS_MARITIME,2026-04-06
2023-11-21,115,MGO,42.07,9.8,235.2,24,556.9982,0.59,Rough,FMS_MARITIME,2026-04-06
2023-11-22,115,HFO,33.66,9.8,235.2,24,445.6515,0.98,Rough,FMS_MARITIME,2026-04-06
2023-11-23,115,VLSFO,78.28,16.1,386.4,24,630.859,0.44,Calm,FMS_MARITIME,2026-04-06
2023-11-24,115,HFO,58.77,11.7,280.8,24,651.7442,0.46,Rough,FMS_MARITIME,2026-04-06
2023-11-25,115,LSMGO,83.24,11.2,268.8,24,964.3205,0.42,Rough,FMS_MARITIME,2026-04-06
2023-11-26,115,VLSFO,65.24,8.1,194.4,24,1045.0481,0.77,Moderate,FMS_MARITIME,2026-04-06
2023-11-27,115,LSMGO,28.52,14.8,355.2,24,250.0318,0.75,Moderate,FMS_MARITIME,2026-04-06
2023-11-28,115,HFO,81.72,8.2,196.8,24,1293.0695,0.9,Calm,FMS_MARITIME,2026-04-06
2023-11-28,115,LNG,16.49,14.4,345.6,24,148.5818,0.57,Rough,FMS_MARITIME,2026-04-06
2023-11-28,115,HFO,28.78,10.6,254.4,24,352.2835,0.66,Rough,FMS_MARITIME,2026-04-06
2023-11-01,116,LNG,82.13,9.0,216.0,24,1184.0408,0.49,Calm,FMS_MARITIME,2026-04-06
2023-11-02,116,LNG,40.88,16.4,393.6,24,323.4256,0.83,Moderate,FMS_MARITIME,2026-04-06
2023-11-03,116,LNG,28.78,13.7,328.8,24,272.5697,0.92,Moderate,FMS_MARITIME,2026-04-06
2023-11-04,116,MGO,65.5,12.0,288.0,24,708.2187,0.73,Rough,FMS_MARITIME,2026-04-06
2023-11-05,116,LSMGO,45.36,10.3,247.2,24,571.4039,0.89,Moderate,FMS_MARITIME,2026-04-06
2023-11-06,116,LSMGO,45.25,10.0,240.0,24,587.1188,0.89,Calm,FMS_MARITIME,2026-04-06
2023-11-07,116,HFO,71.77,12.5,300.0,24,744.9726,0.85,Moderate,FMS_MARITIME,2026-04-06
2023-11-08,116,MGO,27.86,11.9,285.6,24,303.7676,0.6,Rough,FMS_MARITIME,2026-04-06
2023-11-09,116,LSMGO,38.85,14.2,340.8,24,354.985,0.97,Rough,FMS_MARITIME,2026-04-06
2023-11-10,116,VLSFO,43.77,14.5,348.0,24,391.666,0.48,Moderate,FMS_MARITIME,2026-04-06
2023-11-11,116,HFO,55.96,13.7,328.8,24,529.9861,0.42,Rough,FMS_MARITIME,2026-04-06
2023-11-12,116,HFO,28.21,11.6,278.4,24,315.5386,0.49,Rough,FMS_MARITIME,2026-04-06
2023-11-13,116,HFO,77.79,9.1,218.4,24,1109.1486,0.75,Moderate,FMS_MARITIME,2026-04-06
2023-11-14,116,LSMGO,78.94,18.0,432.0,24,569.0258,0.5,Calm,FMS_MARITIME,2026-04-06
2023-11-15,116,VLSFO,54.79,15.4,369.6,24,461.6235,0.76,Calm,FMS_MARITIME,2026-04-06
2023-11-16,116,VLSFO,33.98,15.9,381.6,24,277.2896,0.52,Calm,FMS_MARITIME,2026-04-06
2023-11-17,116,LNG,78.84,14.1,338.4,24,725.4957,0.63,Moderate,FMS_MARITIME,2026-04-06
2023-11-18,116,VLSFO,50.43,12.2,292.8,24,536.3355,0.69,Rough,FMS_MARITIME,2026-04-06
2023-11-19,116,MGO,52.8,14.2,340.8,24,482.4507,0.81,Calm,FMS_MARITIME,2026-04-06
2023-11-20,116,VLSFO,46.62,17.7,424.8,24,341.7483,0.69,Moderate,FMS_MARITIME,2026-04-06
2023-11-21,116,VLSFO,62.86,10.6,254.4,24,769.442,0.54,Rough,FMS_MARITIME,2026-04-06
2023-11-22,116,LNG,29.12,11.7,280.8,24,322.9333,0.66,Moderate,FMS_MARITIME,2026-04-06
2023-11-23,116,LSMGO,22.3,8.2,196.8,24,352.8567,0.86,Moderate,FMS_MARITIME,2026-04-06
2023-11-24,116,HFO,28.76,9.3,223.2,24,401.2484,0.89,Moderate,FMS_MARITIME,2026-04-06
2023-11-25,116,MGO,82.08,12.8,307.2,24,832.0219,0.43,Calm,FMS_MARITIME,2026-04-06
2023-11-26,116,LSMGO,78.48,9.4,225.6,24,1083.2745,0.78,Calm,FMS_MARITIME,2026-04-06
2023-11-27,116,MGO,22.12,14.6,350.4,24,196.5801,0.87,Rough,FMS_MARITIME,2026-04-06
2023-11-28,116,VLSFO,44.15,10.5,252.0,24,545.5679,0.63,Rough,FMS_MARITIME,2026-04-06
2023-11-28,116,LSMGO,64.53,15.1,362.4,24,554.4879,0.79,Rough,FMS_MARITIME,2026-04-06
2023-11-28,116,HFO,83.82,17.4,417.6,24,625.0371,0.71,Calm,FMS_MARITIME,2026-04-06
2023-11-01,117,LNG,60.81,15.4,369.6,24,512.344,0.87,Moderate,FMS_MARITIME,2026-04-06
2023-11-02,117,LSMGO,15.16,16.2,388.8,24,121.4204,0.66,Calm,FMS_MARITIME,2026-04-06
2023-11-03,117,HFO,28.45,11.3,271.2,24,326.6715,0.45,Calm,FMS_MARITIME,2026-04-06
2023-11-04,117,MGO,65.11,10.8,259.2,24,782.2243,0.94,Rough,FMS_MARITIME,2026-04-06
2023-11-05,117,VLSFO,29.64,15.3,367.2,24,251.3588,0.67,Moderate,FMS_MARITIME,2026-04-06
2023-11-06,117,HFO,17.38,10.0,240.0,24,225.5055,0.72,Calm,FMS_MARITIME,2026-04-06
2023-11-07,117,LNG,16.65,17.3,415.2,24,124.875,0.51,Calm,FMS_MARITIME,2026-04-06
2023-11-08,117,LNG,29.25,13.4,321.6,24,283.2229,0.98,Moderate,FMS_MARITIME,2026-04-06
2023-11-09,117,LSMGO,61.78,9.5,228.0,24,843.7847,0.71,Calm,FMS_MARITIME,2026-04-06
2023-11-10,117,MGO,67.81,14.2,340.8,24,619.6019,0.78,Calm,FMS_MARITIME,2026-04-06
2023-11-11,117,VLSFO,31.32,14.9,357.6,24,272.7362,0.86,Moderate,FMS_MARITIME,2026-04-06
2023-11-12,117,LNG,54.22,16.8,403.2,24,418.7527,0.84,Calm,FMS_MARITIME,2026-04-06
2023-11-13,117,LNG,60.35,15.4,369.6,24,508.4683,0.97,Rough,FMS_MARITIME,2026-04-06
2023-11-14,117,LSMGO,48.68,17.3,415.2,24,365.1,0.91,Rough,FMS_MARITIME,2026-04-06
2023-11-15,117,HFO,73.05,17.7,424.8,24,535.4936,0.55,Moderate,FMS_MARITIME,2026-04-06
2023-11-16,117,LSMGO,84.82,9.3,223.2,24,1183.3758,0.94,Rough,FMS_MARITIME,2026-04-06
2023-11-17,117,HFO,46.78,11.4,273.6,24,532.4303,0.82,Moderate,FMS_MARITIME,2026-04-06
2023-11-18,117,LSMGO,69.68,12.8,307.2,24,706.3266,0.76,Calm,FMS_MARITIME,2026-04-06
2023-11-19,117,LNG,69.43,14.4,345.6,24,625.5932,0.41,Calm,FMS_MARITIME,2026-04-06
2023-11-20,117,MGO,77.05,12.2,292.8,24,819.4457,0.64,Rough,FMS_MARITIME,2026-04-06
2023-11-21,117,MGO,84.79,14.8,355.2,24,743.3448,0.44,Rough,FMS_MARITIME,2026-04-06
2023-11-22,117,MGO,82.06,14.4,345.6,24,739.3948,0.5,Calm,FMS_MARITIME,2026-04-06
2023-11-23,117,LSMGO,54.79,11.1,266.4,24,640.4507,0.67,Rough,FMS_MARITIME,2026-04-06
2023-11-24,117,LSMGO,20.08,11.4,273.6,24,228.5421,0.94,Moderate,FMS_MARITIME,2026-04-06
2023-11-25,117,VLSFO,30.13,13.2,316.8,24,296.1642,0.77,Rough,FMS_MARITIME,2026-04-06
2023-11-26,117,MGO,73.57,15.0,360.0,24,636.3805,0.52,Calm,FMS_MARITIME,2026-04-06
2023-11-27,117,HFO,61.04,16.3,391.2,24,485.8859,0.73,Calm,FMS_MARITIME,2026-04-06
2023-11-28,117,MGO,26.79,15.0,360.0,24,231.7335,0.63,Rough,FMS_MARITIME,2026-04-06
2023-11-28,117,LNG,50.6,17.5,420.0,24,375.1629,0.76,Calm,FMS_MARITIME,2026-04-06
2023-11-28,117,LNG,79.97,11.2,268.8,24,926.4382,0.96,Rough,FMS_MARITIME,2026-04-06
2023-11-01,118,VLSFO,24.29,14.7,352.8,24,214.3964,0.78,Moderate,FMS_MARITIME,2026-04-06
2023-11-02,118,VLSFO,75.22,14.9,357.6,24,655.0198,0.66,Moderate,FMS_MARITIME,2026-04-06
2023-11-03,118,LSMGO,59.66,10.2,244.8,24,758.9103,0.83,Rough,FMS_MARITIME,2026-04-06
2023-11-04,118,LSMGO,70.06,11.8,283.2,24,770.3631,0.48,Calm,FMS_MARITIME,2026-04-06
2023-11-05,118,LNG,28.03,10.0,240.0,24,363.6893,0.52,Rough,FMS_MARITIME,2026-04-06
2023-11-06,118,VLSFO,60.51,10.0,240.0,24,785.1173,0.6,Calm,FMS_MARITIME,2026-04-06
2023-11-07,118,HFO,39.41,9.2,220.8,24,555.8095,0.59,Rough,FMS_MARITIME,2026-04-06
2023-11-08,118,VLSFO,83.34,8.7,208.8,24,1242.9155,0.61,Rough,FMS_MARITIME,2026-04-06
2023-11-09,118,HFO,83.63,16.2,388.8,24,669.8144,0.61,Rough,FMS_MARITIME,2026-04-06
2023-11-10,118,MGO,27.52,12.9,309.6,24,276.8,0.42,Moderate,FMS_MARITIME,2026-04-06
2023-11-11,118,LNG,64.28,15.1,362.4,24,552.3397,0.95,Rough,FMS_MARITIME,2026-04-06
2023-11-12,118,HFO,64.96,14.9,357.6,24,565.6752,0.65,Moderate,FMS_MARITIME,2026-04-06
2023-11-13,118,HFO,30.2,17.2,412.8,24,227.8169,0.68,Calm,FMS_MARITIME,2026-04-06
2023-11-14,118,VLSFO,54.64,10.9,261.6,24,650.4165,0.75,Rough,FMS_MARITIME,2026-04-06
2023-11-15,118,VLSFO,38.37,9.1,218.4,24,547.0887,0.99,Moderate,FMS_MARITIME,2026-04-06
2023-11-16,118,HFO,67.58,9.9,237.6,24,885.7076,1.0,Rough,FMS_MARITIME,2026-04-06
2023-11-17,118,HFO,81.11,17.9,429.6,24,587.9342,0.52,Rough,FMS_MARITIME,2026-04-06
2023-11-18,118,MGO,51.17,17.4,417.6,24,381.5694,0.56,Calm,FMS_MARITIME,2026-04-06
2023-11-19,118,LNG,81.21,14.3,343.2,24,736.853,0.94,Moderate,FMS_MARITIME,2026-04-06
2023-11-20,118,LNG,29.72,17.9,429.6,24,215.4285,0.6,Calm,FMS_MARITIME,2026-04-06
2023-11-21,118,LSMGO,17.33,9.0,216.0,24,249.8408,0.89,Rough,FMS_MARITIME,2026-04-06
2023-11-22,118,LSMGO,32.98,9.7,232.8,24,441.15,0.86,Moderate,FMS_MARITIME,2026-04-06
2023-11-23,118,LNG,35.12,13.5,324.0,24,337.5422,0.78,Rough,FMS_MARITIME,2026-04-06
2023-11-24,118,LSMGO,57.55,8.6,206.4,24,868.2689,0.62,Calm,FMS_MARITIME,2026-04-06
2023-11-25,118,VLSFO,61.18,12.8,307.2,24,620.1645,0.51,Rough,FMS_MARITIME,2026-04-06
2023-11-26,118,VLSFO,19.76,8.2,196.8,24,312.6659,0.47,Rough,FMS_MARITIME,2026-04-06
2023-11-27,118,MGO,24.99,10.4,249.6,24,311.7743,0.82,Moderate,FMS_MARITIME,2026-04-06
2023-11-28,118,HFO,25.85,11.9,285.6,24,281.8519,0.51,Calm,FMS_MARITIME,2026-04-06
2023-11-28,118,VLSFO,48.29,12.6,302.4,24,497.272,0.92,Rough,FMS_MARITIME,2026-04-06
2023-11-28,118,VLSFO,46.7,12.1,290.4,24,500.7707,0.57,Calm,FMS_MARITIME,2026-04-06
2023-11-01,119,VLSFO,63.65,16.0,384.0,24,516.1617,0.76,Moderate,FMS_MARITIME,2026-04-06
2023-11-02,119,VLSFO,61.01,16.9,405.6,24,468.4052,0.95,Moderate,FMS_MARITIME,2026-04-06
2023-11-03,119,LSMGO,56.28,14.8,355.2,24,493.4007,0.53,Moderate,FMS_MARITIME,2026-04-06
2023-11-04,119,LSMGO,62.09,13.3,319.2,24,605.7276,0.85,Moderate,FMS_MARITIME,2026-04-06
2023-11-05,119,MGO,76.95,12.4,297.6,24,805.1825,0.92,Calm,FMS_MARITIME,2026-04-06
2023-11-06,119,LNG,44.99,10.4,249.6,24,561.2935,0.85,Rough,FMS_MARITIME,2026-04-06
2023-11-07,119,MGO,80.43,14.1,338.4,24,740.1271,0.53,Calm,FMS_MARITIME,2026-04-06
2023-11-08,119,LNG,74.09,12.3,295.2,24,781.5591,0.44,Calm,FMS_MARITIME,2026-04-06
2023-11-09,119,MGO,66.31,9.1,218.4,24,945.464,0.88,Rough,FMS_MARITIME,2026-04-06
2023-11-10,119,MGO,54.18,13.7,328.8,24,513.1281,0.52,Rough,FMS_MARITIME,2026-04-06
2023-11-11,119,HFO,23.37,15.0,360.0,24,202.1505,0.78,Calm,FMS_MARITIME,2026-04-06
2023-11-12,119,LSMGO,83.8,17.5,420.0,24,621.3171,0.48,Rough,FMS_MARITIME,2026-04-06
2023-11-13,119,LSMGO,39.45,14.6,350.4,24,350.5916,0.75,Calm,FMS_MARITIME,2026-04-06
2023-11-14,119,VLSFO,57.14,14.8,355.2,24,500.9402,0.67,Moderate,FMS_MARITIME,2026-04-06
2023-11-15,119,LSMGO,33.13,17.6,422.4,24,244.2396,0.47,Rough,FMS_MARITIME,2026-04-06
2023-11-16,119,VLSFO,59.37,16.7,400.8,24,461.2729,0.91,Calm,FMS_MARITIME,2026-04-06
2023-11-17,119,LSMGO,20.14,13.5,324.0,24,193.5678,0.78,Calm,FMS_MARITIME,2026-04-06
2023-11-18,119,LSMGO,73.1,17.6,422.4,24,538.9048,0.49,Calm,FMS_MARITIME,2026-04-06
2023-11-19,119,HFO,50.03,16.2,388.8,24,400.7032,0.98,Calm,FMS_MARITIME,2026-04-06
2023-11-20,119,HFO,50.7,13.7,328.8,24,480.1697,0.63,Moderate,FMS_MARITIME,2026-04-06
2023-11-21,119,LSMGO,48.21,8.1,194.4,24,772.2528,0.49,Rough,FMS_MARITIME,2026-04-06
2023-11-22,119,LSMGO,19.27,18.0,432.0,24,138.9046,0.56,Rough,FMS_MARITIME,2026-04-06
2023-11-23,119,LSMGO,68.54,11.6,278.4,24,766.6435,0.46,Moderate,FMS_MARITIME,2026-04-06
2023-11-24,119,VLSFO,35.18,13.9,333.6,24,328.3888,0.92,Rough,FMS_MARITIME,2026-04-06
2023-11-25,119,HFO,75.81,9.2,220.8,24,1069.1682,0.45,Rough,FMS_MARITIME,2026-04-06
2023-11-26,119,LNG,18.71,16.9,405.6,24,143.6463,0.77,Moderate,FMS_MARITIME,2026-04-06
2023-11-27,119,MGO,71.33,16.7,400.8,24,554.1957,0.67,Calm,FMS_MARITIME,2026-04-06
2023-11-28,119,LNG,46.77,12.6,302.4,24,481.6196,0.57,Calm,FMS_MARITIME,2026-04-06
2023-11-28,119,VLSFO,24.34,17.5,420.0,24,180.4637,0.41,Calm,FMS_MARITIME,2026-04-06
2023-11-28,119,LNG,76.99,12.0,288.0,24,832.4544,0.62,Rough,FMS_MARITIME,2026-04-06
2023-11-01,120,VLSFO,62.35,13.1,314.4,24,617.5506,0.91,Calm,FMS_MARITIME,2026-04-06
2023-11-02,120,MGO,31.65,11.4,273.6,24,360.227,0.95,Rough,FMS_MARITIME,2026-04-06
2023-11-03,120,HFO,20.38,9.8,235.2,24,269.827,0.6,Calm,FMS_MARITIME,2026-04-06
2023-11-04,120,MGO,64.36,10.2,244.8,24,818.6971,0.88,Rough,FMS_MARITIME,2026-04-06
2023-11-05,120,VLSFO,73.68,8.5,204.0,24,1124.7035,0.82,Calm,FMS_MARITIME,2026-04-06
2023-11-06,120,MGO,65.48,17.9,429.6,24,474.6385,0.54,Rough,FMS_MARITIME,2026-04-06
2023-11-07,120,HFO,28.03,16.9,405.6,24,215.2007,0.93,Calm,FMS_MARITIME,2026-04-06
2023-11-08,120,MGO,18.74,13.9,333.6,24,174.9291,0.74,Rough,FMS_MARITIME,2026-04-06
2023-11-09,120,LNG,74.86,13.3,319.2,24,730.3071,0.72,Calm,FMS_MARITIME,2026-04-06
2023-11-10,120,LSMGO,70.7,15.9,381.6,24,576.9387,0.86,Calm,FMS_MARITIME,2026-04-06
2023-11-11,120,HFO,26.66,13.9,333.6,24,248.8586,0.7,Calm,FMS_MARITIME,2026-04-06
2023-11-12,120,LSMGO,47.59,14.8,355.2,24,417.2164,0.99,Calm,FMS_MARITIME,2026-04-06
2023-11-13,120,MGO,69.24,9.8,235.2,24,916.7235,0.92,Calm,FMS_MARITIME,2026-04-06
2023-11-14,120,LSMGO,31.47,14.8,355.2,24,275.8941,0.71,Calm,FMS_MARITIME,2026-04-06
2023-11-15,120,HFO,78.48,16.6,398.4,24,613.4205,0.99,Rough,FMS_MARITIME,2026-04-06
2023-11-16,120,MGO,18.09,10.9,261.6,24,215.3374,0.99,Rough,FMS_MARITIME,2026-04-06
2023-11-17,120,MGO,55.42,17.1,410.4,24,420.5114,0.97,Moderate,FMS_MARITIME,2026-04-06
2023-11-18,120,VLSFO,69.25,10.5,252.0,24,855.7321,0.47,Rough,FMS_MARITIME,2026-04-06
2023-11-19,120,MGO,42.07,9.8,235.2,24,556.9982,0.78,Moderate,FMS_MARITIME,2026-04-06
2023-11-20,120,LNG,51.94,17.0,408.0,24,396.4244,0.95,Calm,FMS_MARITIME,2026-04-06
2023-11-21,120,HFO,27.44,15.0,360.0,24,237.356,0.91,Calm,FMS_MARITIME,2026-04-06
2023-11-22,120,HFO,82.91,14.4,345.6,24,747.0536,0.74,Rough,FMS_MARITIME,2026-04-06
2023-11-23,120,HFO,48.48,15.4,369.6,24,408.4597,0.51,Rough,FMS_MARITIME,2026-04-06
2023-11-24,120,MGO,16.09,16.6,398.4,24,125.7637,0.63,Moderate,FMS_MARITIME,2026-04-06
2023-11-25,120,LSMGO,35.95,9.5,228.0,24,491.0013,0.96,Moderate,FMS_MARITIME,2026-04-06
2023-11-26,120,VLSFO,38.84,13.8,331.2,24,365.1804,0.66,Rough,FMS_MARITIME,2026-04-06
2023-11-27,120,MGO,32.95,11.7,280.8,24,365.4071,0.59,Rough,FMS_MARITIME,2026-04-06
2023-11-28,120,VLSFO,27.18,15.7,376.8,24,224.6245,0.62,Rough,FMS_MARITIME,2026-04-06
2023-11-28,120,VLSFO,30.33,17.3,415.2,24,227.475,0.44,Calm,FMS_MARITIME,2026-04-06
2023-11-28,120,MGO,51.3,14.7,352.8,24,452.801,0.99,Moderate,FMS_MARITIME,2026-04-06
2023-11-01,121,HFO,43.28,11.4,273.6,24,492.5947,0.4,Rough,FMS_MARITIME,2026-04-06
2023-11-02,121,LNG,16.27,17.9,429.6,24,117.9348,0.64,Rough,FMS_MARITIME,2026-04-06
2023-11-03,121,LNG,83.95,13.9,333.6,24,783.634,0.92,Moderate,FMS_MARITIME,2026-04-06
2023-11-04,121,MGO,61.82,9.8,235.2,24,818.4842,0.82,Rough,FMS_MARITIME,2026-04-06
2023-11-05,121,LNG,27.42,8.3,199.2,24,428.644,0.41,Calm,FMS_MARITIME,2026-04-06
2023-11-06,121,MGO,54.72,17.4,417.6,24,408.0414,0.79,Rough,FMS_MARITIME,2026-04-06
2023-11-07,121,LSMGO,35.17,13.5,324.0,24,338.0228,0.65,Rough,FMS_MARITIME,2026-04-06
2023-11-08,121,VLSFO,50.0,12.6,302.4,24,514.881,0.61,Rough,FMS_MARITIME,2026-04-06
2023-11-09,121,LNG,52.54,15.0,360.0,24,454.471,0.79,Rough,FMS_MARITIME,2026-04-06
2023-11-10,121,LNG,46.07,13.0,312.0,24,459.814,0.9,Moderate,FMS_MARITIME,2026-04-06
2023-11-11,121,MGO,70.59,17.5,420.0,24,523.3744,0.58,Calm,FMS_MARITIME,2026-04-06
2023-11-12,121,HFO,27.61,10.6,254.4,24,337.962,0.45,Calm,FMS_MARITIME,2026-04-06
2023-11-13,121,VLSFO,20.78,13.4,321.6,24,201.2093,0.8,Rough,FMS_MARITIME,2026-04-06
2023-11-14,121,MGO,77.9,14.8,355.2,24,682.9409,0.88,Moderate,FMS_MARITIME,2026-04-06
2023-11-15,121,MGO,30.15,12.5,300.0,24,312.957,0.79,Rough,FMS_MARITIME,2026-04-06
2023-11-16,121,HFO,83.73,9.6,230.4,24,1131.6633,0.41,Rough,FMS_MARITIME,2026-04-06
2023-11-17,121,LNG,16.96,13.4,321.6,24,164.2209,0.49,Moderate,FMS_MARITIME,2026-04-06
2023-11-18,121,MGO,56.85,15.6,374.4,24,472.8389,0.68,Calm,FMS_MARITIME,2026-04-06
2023-11-19,121,VLSFO,33.76,13.8,331.2,24,317.4174,1.0,Calm,FMS_MARITIME,2026-04-06
2023-11-20,121,LSMGO,78.45,15.8,379.2,24,644.2334,0.7,Moderate,FMS_MARITIME,2026-04-06
2023-11-21,121,LNG,19.6,13.6,326.4,24,186.9926,0.79,Rough,FMS_MARITIME,2026-04-06
2023-11-22,121,HFO,51.43,11.0,264.0,24,606.6402,0.91,Moderate,FMS_MARITIME,2026-04-06
2023-11-23,121,LSMGO,29.57,10.8,259.2,24,355.2507,0.46,Rough,FMS_MARITIME,2026-04-06
2023-11-24,121,MGO,57.98,9.9,237.6,24,759.8894,0.46,Rough,FMS_MARITIME,2026-04-06
2023-11-25,121,MGO,54.03,14.3,343.2,24,490.2372,0.77,Rough,FMS_MARITIME,2026-04-06
2023-11-26,121,MGO,26.91,9.0,216.0,24,387.9525,0.79,Rough,FMS_MARITIME,2026-04-06
2023-11-27,121,MGO,17.65,12.3,295.2,24,186.186,0.67,Moderate,FMS_MARITIME,2026-04-06
2023-11-28,121,LSMGO,47.94,13.9,333.6,24,447.4975,0.82,Calm,FMS_MARITIME,2026-04-06
2023-11-28,121,LNG,56.2,12.6,302.4,24,578.7262,0.66,Calm,FMS_MARITIME,2026-04-06
2023-11-28,121,VLSFO,43.99,9.2,220.8,24,620.4024,0.56,Calm,FMS_MARITIME,2026-04-06
2023-11-01,122,LNG,71.65,9.8,235.2,24,948.6314,0.5,Rough,FMS_MARITIME,2026-04-06
2023-11-02,122,MGO,77.6,14.9,357.6,24,675.745,0.53,Calm,FMS_MARITIME,2026-04-06
2023-11-03,122,LSMGO,44.79,15.4,369.6,24,377.3703,0.54,Calm,FMS_MARITIME,2026-04-06
2023-11-04,122,LNG,83.15,14.7,352.8,24,733.926,0.47,Calm,FMS_MARITIME,2026-04-06
2023-11-05,122,MGO,55.48,9.6,230.4,24,749.8469,0.83,Calm,FMS_MARITIME,2026-04-06
2023-11-06,122,HFO,68.49,13.0,312.0,24,683.5829,0.96,Moderate,FMS_MARITIME,2026-04-06
2023-11-07,122,LSMGO,41.94,8.6,206.4,24,632.7576,0.92,Rough,FMS_MARITIME,2026-04-06
2023-11-08,122,MGO,69.45,12.4,297.6,24,726.7046,0.86,Calm,FMS_MARITIME,2026-04-06
2023-11-09,122,LNG,20.68,8.1,194.4,24,331.263,0.7,Rough,FMS_MARITIME,2026-04-06
2023-11-10,122,HFO,19.79,11.8,283.2,24,217.6061,0.8,Rough,FMS_MARITIME,2026-04-06
2023-11-11,122,LNG,34.7,10.8,259.2,24,416.8819,0.97,Rough,FMS_MARITIME,2026-04-06
2023-11-12,122,LSMGO,72.25,12.6,302.4,24,744.003,0.62,Rough,FMS_MARITIME,2026-04-06
2023-11-13,122,VLSFO,54.04,10.6,254.4,24,661.4802,0.49,Rough,FMS_MARITIME,2026-04-06
2023-11-14,122,LSMGO,39.4,17.5,420.0,24,292.1229,0.43,Moderate,FMS_MARITIME,2026-04-06
2023-11-15,122,LSMGO,84.83,12.9,309.6,24,853.232,0.67,Calm,FMS_MARITIME,2026-04-06
2023-11-16,122,MGO,52.53,9.1,218.4,24,748.9854,0.96,Moderate,FMS_MARITIME,2026-04-06
2023-11-17,122,VLSFO,20.43,11.5,276.0,24,230.5037,0.43,Calm,FMS_MARITIME,2026-04-06
2023-11-18,122,HFO,74.37,14.5,348.0,24,665.4833,0.57,Calm,FMS_MARITIME,2026-04-06
2023-11-19,122,MGO,82.74,10.9,261.6,24,984.9096,0.77,Moderate,FMS_MARITIME,2026-04-06
2023-11-20,122,HFO,77.83,10.4,249.6,24,971.0041,0.53,Rough,FMS_MARITIME,2026-04-06
2023-11-21,122,VLSFO,24.08,15.2,364.8,24,205.5513,0.8,Rough,FMS_MARITIME,2026-04-06
2023-11-22,122,LSMGO,25.15,8.8,211.2,24,370.8196,0.41,Rough,FMS_MARITIME,2026-04-06
2023-11-23,122,HFO,36.95,8.7,208.8,24,551.0647,0.58,Moderate,FMS_MARITIME,2026-04-06
2023-11-24,122,VLSFO,76.3,14.1,338.4,24,702.1223,0.69,Rough,FMS_MARITIME,2026-04-06
2023-11-25,122,LSMGO,58.71,13.6,326.4,24,560.1193,0.59,Rough,FMS_MARITIME,2026-04-06
2023-11-26,122,LNG,49.39,10.2,244.8,24,628.2699,0.96,Calm,FMS_MARITIME,2026-04-06
2023-11-27,122,LNG,79.94,14.7,352.8,24,705.5929,0.74,Rough,FMS_MARITIME,2026-04-06
2023-11-28,122,VLSFO,53.39,9.4,225.6,24,736.9524,0.59,Calm,FMS_MARITIME,2026-04-06
2023-11-28,122,MGO,29.8,12.3,295.2,24,314.3537,0.71,Calm,FMS_MARITIME,2026-04-06
2023-11-28,122,HFO,29.71,17.9,429.6,24,215.356,0.81,Moderate,FMS_MARITIME,2026-04-06
2023-11-01,123,HFO,46.13,13.0,312.0,24,460.4129,0.72,Moderate,FMS_MARITIME,2026-04-06
2023-11-02,123,VLSFO,33.12,16.1,386.4,24,266.9143,0.8,Moderate,FMS_MARITIME,2026-04-06
2023-11-03,123,MGO,69.87,14.9,357.6,24,608.4317,0.51,Moderate,FMS_MARITIME,2026-04-06
2023-11-04,123,HFO,58.87,12.5,300.0,24,611.0706,0.5,Calm,FMS_MARITIME,2026-04-06
2023-11-05,123,MGO,24.93,13.7,328.8,24,236.1071,0.81,Calm,FMS_MARITIME,2026-04-06
2023-11-06,123,HFO,76.79,9.3,223.2,24,1071.3444,0.77,Moderate,FMS_MARITIME,2026-04-06
2023-11-07,123,LNG,21.14,8.1,194.4,24,338.6315,0.81,Calm,FMS_MARITIME,2026-04-06
2023-11-08,123,MGO,45.86,13.2,316.8,24,450.783,0.62,Moderate,FMS_MARITIME,2026-04-06
2023-11-09,123,LNG,44.0,8.2,196.8,24,696.2195,0.87,Moderate,FMS_MARITIME,2026-04-06
2023-11-10,123,HFO,82.07,10.3,247.2,24,1033.843,0.91,Rough,FMS_MARITIME,2026-04-06
2023-11-11,123,HFO,77.62,8.5,204.0,24,1184.8465,0.62,Rough,FMS_MARITIME,2026-04-06
2023-11-12,123,VLSFO,83.84,13.4,321.6,24,811.809,0.81,Rough,FMS_MARITIME,2026-04-06
2023-11-13,123,MGO,45.08,9.9,237.6,24,590.8212,0.87,Moderate,FMS_MARITIME,2026-04-06
2023-11-14,123,LNG,23.3,13.2,316.8,24,229.0284,0.91,Rough,FMS_MARITIME,2026-04-06
2023-11-15,123,LNG,62.02,9.8,235.2,24,821.1321,0.47,Rough,FMS_MARITIME,2026-04-06
2023-11-16,123,LSMGO,51.52,11.0,264.0,24,607.7018,0.57,Rough,FMS_MARITIME,2026-04-06
2023-11-17,123,MGO,63.45,15.2,364.8,24,541.6209,0.54,Calm,FMS_MARITIME,2026-04-06
2023-11-18,123,MGO,77.76,17.9,429.6,24,563.6514,0.9,Moderate,FMS_MARITIME,2026-04-06
2023-11-19,123,LNG,18.29,10.7,256.8,24,221.7876,0.53,Moderate,FMS_MARITIME,2026-04-06
2023-11-20,123,LSMGO,33.98,15.2,364.8,24,290.0595,0.79,Rough,FMS_MARITIME,2026-04-06
2023-11-21,123,LSMGO,50.82,8.9,213.6,24,740.8871,0.99,Moderate,FMS_MARITIME,2026-04-06
2023-11-22,123,MGO,26.65,8.0,192.0,24,432.2297,0.68,Rough,FMS_MARITIME,2026-04-06
2023-11-23,123,LSMGO,23.42,9.3,223.2,24,326.7468,0.67,Rough,FMS_MARITIME,2026-04-06
2023-11-24,123,HFO,72.05,9.3,223.2,24,1005.2137,0.43,Calm,FMS_MARITIME,2026-04-06
2023-11-25,123,VLSFO,18.87,11.3,271.2,24,216.671,0.47,Calm,FMS_MARITIME,2026-04-06
2023-11-26,123,LSMGO,50.28,15.1,362.4,24,432.0417,0.53,Calm,FMS_MARITIME,2026-04-06
2023-11-27,123,HFO,37.41,13.9,333.6,24,349.2049,0.95,Rough,FMS_MARITIME,2026-04-06
2023-11-28,123,LSMGO,68.54,13.2,316.8,24,673.717,0.82,Rough,FMS_MARITIME,2026-04-06
2023-11-28,123,LNG,20.52,14.3,343.2,24,186.1867,0.56,Moderate,FMS_MARITIME,2026-04-06
2023-11-28,123,VLSFO,56.99,9.7,232.8,24,762.3147,0.71,Moderate,FMS_MARITIME,2026-04-06
2023-11-01,124,LNG,15.64,13.1,314.4,24,154.9076,0.42,Rough,FMS_MARITIME,2026-04-06
2023-11-02,124,HFO,54.53,16.9,405.6,24,418.6549,0.88,Calm,FMS_MARITIME,2026-04-06
2023-11-03,124,VLSFO,53.57,14.1,338.4,24,492.958,0.9,Moderate,FMS_MARITIME,2026-04-06
2023-11-04,124,MGO,66.93,14.8,355.2,24,586.7681,0.92,Moderate,FMS_MARITIME,2026-04-06
2023-11-05,124,MGO,53.13,10.7,256.8,24,644.2633,0.42,Moderate,FMS_MARITIME,2026-04-06
2023-11-06,124,HFO,62.74,15.5,372.0,24,525.1945,0.92,Moderate,FMS_MARITIME,2026-04-06
2023-11-07,124,MGO,55.28,12.3,295.2,24,583.1366,0.56,Calm,FMS_MARITIME,2026-04-06
2023-11-08,124,LSMGO,75.62,15.4,369.6,24,637.1231,0.62,Moderate,FMS_MARITIME,2026-04-06
2023-11-09,124,MGO,15.51,14.3,343.2,24,140.7288,0.66,Moderate,FMS_MARITIME,2026-04-06
2023-11-10,124,LSMGO,48.72,15.7,376.8,24,402.6382,0.9,Moderate,FMS_MARITIME,2026-04-06
2023-11-11,124,LNG,38.67,11.6,278.4,24,432.5373,0.6,Calm,FMS_MARITIME,2026-04-06
2023-11-12,124,HFO,55.75,12.3,295.2,24,588.0945,0.52,Moderate,FMS_MARITIME,2026-04-06
2023-11-13,124,VLSFO,26.15,11.1,266.4,24,305.6723,0.88,Calm,FMS_MARITIME,2026-04-06
2023-11-14,124,HFO,50.84,17.0,408.0,24,388.0288,0.9,Calm,FMS_MARITIME,2026-04-06
2023-11-15,124,VLSFO,74.06,16.4,393.6,24,585.932,0.87,Rough,FMS_MARITIME,2026-04-06
2023-11-16,124,VLSFO,65.85,17.3,415.2,24,493.875,0.87,Rough,FMS_MARITIME,2026-04-06
2023-11-17,124,LNG,34.26,15.0,360.0,24,296.349,0.88,Moderate,FMS_MARITIME,2026-04-06
2023-11-18,124,HFO,21.51,12.5,300.0,24,223.2738,0.8,Moderate,FMS_MARITIME,2026-04-06
2023-11-19,124,LNG,77.26,15.7,376.8,24,638.5022,0.6,Moderate,FMS_MARITIME,2026-04-06
2023-11-20,124,MGO,30.88,8.4,201.6,24,476.9857,0.85,Moderate,FMS_MARITIME,2026-04-06
2023-11-21,124,HFO,45.26,10.1,242.4,24,581.4342,0.59,Calm,FMS_MARITIME,2026-04-06
2023-11-22,124,LNG,23.21,10.9,261.6,24,276.2842,0.73,Moderate,FMS_MARITIME,2026-04-06
2023-11-23,124,MGO,59.94,8.4,201.6,24,925.8589,0.84,Moderate,FMS_MARITIME,2026-04-06
2023-11-24,124,LSMGO,70.41,11.6,278.4,24,787.5601,0.7,Moderate,FMS_MARITIME,2026-04-06
2023-11-25,124,VLSFO,47.33,16.3,391.2,24,376.7526,0.69,Moderate,FMS_MARITIME,2026-04-06
2023-11-26,124,HFO,25.31,14.3,343.2,24,229.6484,0.64,Rough,FMS_MARITIME,2026-04-06
2023-11-27,124,LSMGO,33.31,14.2,340.8,24,304.3643,0.51,Moderate,FMS_MARITIME,2026-04-06
2023-11-28,124,VLSFO,64.03,17.3,415.2,24,480.225,0.74,Rough,FMS_MARITIME,2026-04-06
2023-11-28,124,MGO,64.99,17.2,412.8,24,490.2589,0.97,Moderate,FMS_MARITIME,2026-04-06
2023-11-28,124,VLSFO,30.1,12.6,302.4,24,309.9583,0.96,Rough,FMS_MARITIME,2026-04-06
2023-11-01,125,LSMGO,24.98,12.3,295.2,24,263.5085,0.61,Calm,FMS_MARITIME,2026-04-06
2023-11-02,125,MGO,67.67,12.8,307.2,24,685.9518,0.8,Rough,FMS_MARITIME,2026-04-06
2023-11-03,125,MGO,77.4,12.0,288.0,24,836.8875,0.59,Calm,FMS_MARITIME,2026-04-06
2023-11-04,125,MGO,44.16,16.8,403.2,24,341.0571,0.62,Rough,FMS_MARITIME,2026-04-06
2023-11-05,125,LNG,54.02,14.5,348.0,24,483.3859,0.7,Rough,FMS_MARITIME,2026-04-06
2023-11-06,125,HFO,16.63,15.5,372.0,24,139.2092,0.53,Rough,FMS_MARITIME,2026-04-06
2023-11-07,125,LNG,22.35,11.4,273.6,24,254.3783,0.83,Rough,FMS_MARITIME,2026-04-06
2023-11-08,125,LSMGO,47.14,15.1,362.4,24,405.0606,0.41,Calm,FMS_MARITIME,2026-04-06
2023-11-09,125,HFO,43.26,17.0,408.0,24,330.1756,0.46,Rough,FMS_MARITIME,2026-04-06
2023-11-10,125,LNG,51.79,8.4,201.6,24,799.9705,0.54,Rough,FMS_MARITIME,2026-04-06
2023-11-11,125,LNG,55.04,14.8,355.2,24,482.5297,0.52,Calm,FMS_MARITIME,2026-04-06
2023-11-12,125,VLSFO,77.77,14.6,350.4,24,691.1409,0.77,Moderate,FMS_MARITIME,2026-04-06
2023-11-13,125,HFO,70.85,8.6,206.4,24,1068.9288,0.54,Calm,FMS_MARITIME,2026-04-06
2023-11-14,125,VLSFO,23.06,17.4,417.6,24,171.956,0.56,Calm,FMS_MARITIME,2026-04-06
2023-11-15,125,HFO,63.43,15.4,369.6,24,534.4183,0.46,Calm,FMS_MARITIME,2026-04-06
2023-11-16,125,LNG,37.76,10.5,252.0,24,466.6057,0.77,Calm,FMS_MARITIME,2026-04-06
2023-11-17,125,MGO,58.79,9.2,220.8,24,829.1307,0.7,Calm,FMS_MARITIME,2026-04-06
2023-11-18,125,MGO,80.29,12.8,307.2,24,813.8771,0.71,Calm,FMS_MARITIME,2026-04-06
2023-11-19,125,HFO,42.12,11.0,264.0,24,496.8245,0.54,Moderate,FMS_MARITIME,2026-04-06
2023-11-20,125,HFO,23.92,9.5,228.0,24,326.6968,0.83,Rough,FMS_MARITIME,2026-04-06
2023-11-21,125,LSMGO,43.49,11.3,271.2,24,499.3653,0.8,Calm,FMS_MARITIME,2026-04-06
2023-11-22,125,VLSFO,71.46,9.3,223.2,24,996.9823,0.8,Moderate,FMS_MARITIME,2026-04-06
2023-11-23,125,MGO,84.49,10.9,261.6,24,1005.7411,0.72,Rough,FMS_MARITIME,2026-04-06
2023-11-24,125,LSMGO,34.31,14.0,336.0,24,317.9802,0.88,Rough,FMS_MARITIME,2026-04-06
2023-11-25,125,MGO,41.6,14.6,350.4,24,369.6986,0.9,Rough,FMS_MARITIME,2026-04-06
2023-11-26,125,VLSFO,31.21,17.8,427.2,24,227.4999,0.48,Rough,FMS_MARITIME,2026-04-06
2023-11-27,125,VLSFO,19.38,9.9,237.6,24,253.9955,0.54,Calm,FMS_MARITIME,2026-04-06
2023-11-28,125,HFO,51.07,14.4,345.6,24,460.162,0.57,Rough,FMS_MARITIME,2026-04-06
2023-11-28,125,LSMGO,36.5,9.1,218.4,24,520.4258,0.72,Moderate,FMS_MARITIME,2026-04-06
2023-11-28,125,VLSFO,70.63,8.3,199.2,24,1104.1256,0.57,Calm,FMS_MARITIME,2026-04-06
2023-11-01,126,LNG,55.18,11.1,266.4,24,645.0095,0.77,Calm,FMS_MARITIME,2026-04-06
2023-11-02,126,VLSFO,75.92,10.1,242.4,24,975.3089,0.71,Moderate,FMS_MARITIME,2026-04-06
2023-11-03,126,LSMGO,25.23,13.3,319.2,24,246.1348,0.94,Rough,FMS_MARITIME,2026-04-06
2023-11-04,126,VLSFO,58.11,12.8,307.2,24,589.0447,0.64,Calm,FMS_MARITIME,2026-04-06
2023-11-05,126,VLSFO,20.78,11.3,271.2,24,238.6022,0.52,Rough,FMS_MARITIME,2026-04-06
2023-11-06,126,LNG,53.28,12.1,290.4,24,571.3289,0.77,Rough,FMS_MARITIME,2026-04-06
2023-11-07,126,LNG,76.9,8.4,201.6,24,1187.8304,0.86,Rough,FMS_MARITIME,2026-04-06
2023-11-08,126,VLSFO,82.25,11.7,280.8,24,912.1314,0.46,Calm,FMS_MARITIME,2026-04-06
2023-11-09,126,VLSFO,22.12,12.6,302.4,24,227.7833,0.7,Calm,FMS_MARITIME,2026-04-06
2023-11-10,126,VLSFO,59.39,10.2,244.8,24,755.4757,0.43,Moderate,FMS_MARITIME,2026-04-06
2023-11-11,126,HFO,61.04,17.5,420.0,24,452.568,0.79,Moderate,FMS_MARITIME,2026-04-06
2023-11-12,126,VLSFO,84.9,13.3,319.2,24,828.2538,0.61,Moderate,FMS_MARITIME,2026-04-06
2023-11-13,126,HFO,60.0,14.4,345.6,24,540.625,0.97,Moderate,FMS_MARITIME,2026-04-06
2023-11-14,126,MGO,70.61,13.8,331.2,24,663.8875,0.86,Rough,FMS_MARITIME,2026-04-06
2023-11-15,126,LNG,61.73,13.3,319.2,24,602.2156,0.98,Calm,FMS_MARITIME,2026-04-06
2023-11-16,126,LSMGO,23.91,15.9,381.6,24,195.1146,0.61,Rough,FMS_MARITIME,2026-04-06
2023-11-17,126,HFO,19.09,12.5,300.0,24,198.1542,0.6,Calm,FMS_MARITIME,2026-04-06
2023-11-18,126,VLSFO,69.65,11.8,283.2,24,765.8549,0.96,Calm,FMS_MARITIME,2026-04-06
2023-11-19,126,VLSFO,75.21,14.8,355.2,24,659.3579,0.49,Moderate,FMS_MARITIME,2026-04-06
2023-11-20,126,VLSFO,48.8,10.5,252.0,24,603.0286,0.59,Rough,FMS_MARITIME,2026-04-06
2023-11-21,126,MGO,64.17,8.0,192.0,24,1040.7572,0.58,Rough,FMS_MARITIME,2026-04-06
2023-11-22,126,MGO,31.77,12.1,290.4,24,340.6742,0.62,Rough,FMS_MARITIME,2026-04-06
2023-11-23,126,LSMGO,22.26,11.8,283.2,24,244.7657,0.46,Moderate,FMS_MARITIME,2026-04-06
2023-11-24,126,MGO,16.15,8.2,196.8,24,255.5442,0.77,Calm,FMS_MARITIME,2026-04-06
2023-11-25,126,VLSFO,18.35,12.3,295.2,24,193.5701,0.74,Rough,FMS_MARITIME,2026-04-06
2023-11-26,126,MGO,45.37,17.5,420.0,24,336.3861,0.41,Moderate,FMS_MARITIME,2026-04-06
2023-11-27,126,MGO,24.34,13.9,333.6,24,227.2025,0.61,Calm,FMS_MARITIME,2026-04-06
2023-11-28,126,VLSFO,45.23,8.1,194.4,24,724.5176,0.51,Rough,FMS_MARITIME,2026-04-06
2023-11-28,126,MGO,83.22,16.3,391.2,24,662.4414,0.93,Calm,FMS_MARITIME,2026-04-06
2023-11-28,126,HFO,66.42,12.8,307.2,24,673.2809,0.86,Calm,FMS_MARITIME,2026-04-06
2023-11-01,127,VLSFO,84.94,15.0,360.0,24,734.731,0.67,Rough,FMS_MARITIME,2026-04-06
2023-11-02,127,HFO,58.28,9.7,232.8,24,779.5701,0.68,Moderate,FMS_MARITIME,2026-04-06
2023-11-03,127,HFO,83.84,13.7,328.8,24,794.0321,0.79,Rough,FMS_MARITIME,2026-04-06
2023-11-04,127,HFO,68.55,10.7,256.8,24,831.2488,0.7,Rough,FMS_MARITIME,2026-04-06
2023-11-05,127,HFO,80.4,17.7,424.8,24,589.3729,0.59,Rough,FMS_MARITIME,2026-04-06
2023-11-06,127,MGO,77.27,10.1,242.4,24,992.6517,0.73,Rough,FMS_MARITIME,2026-04-06
2023-11-07,127,HFO,73.32,17.4,417.6,24,546.7397,0.44,Calm,FMS_MARITIME,2026-04-06
2023-11-08,127,HFO,58.53,8.8,211.2,24,862.9849,0.77,Rough,FMS_MARITIME,2026-04-06
2023-11-09,127,LNG,45.05,12.2,292.8,24,479.1178,0.96,Calm,FMS_MARITIME,2026-04-06
2023-11-10,127,LNG,46.4,14.0,336.0,24,430.0286,0.78,Rough,FMS_MARITIME,2026-04-06
2023-11-11,127,MGO,31.95,12.7,304.8,24,326.4183,0.63,Rough,FMS_MARITIME,2026-04-06
2023-11-12,127,MGO,28.2,12.6,302.4,24,290.3929,0.79,Moderate,FMS_MARITIME,2026-04-06
2023-11-13,127,LNG,71.7,15.1,362.4,24,616.0977,0.42,Rough,FMS_MARITIME,2026-04-06
2023-11-14,127,VLSFO,23.32,9.3,223.2,24,325.3516,0.72,Moderate,FMS_MARITIME,2026-04-06
2023-11-15,127,LNG,65.64,16.6,398.4,24,513.0596,0.7,Moderate,FMS_MARITIME,2026-04-06
2023-11-16,127,VLSFO,56.79,16.8,403.2,24,438.6013,0.92,Rough,FMS_MARITIME,2026-04-06
2023-11-17,127,LNG,51.74,9.2,220.8,24,729.7027,0.47,Moderate,FMS_MARITIME,2026-04-06
2023-11-18,127,LSMGO,41.44,14.9,357.6,24,360.8617,0.86,Moderate,FMS_MARITIME,2026-04-06
2023-11-19,127,LNG,54.09,11.9,285.6,24,589.7628,0.74,Rough,FMS_MARITIME,2026-04-06
2023-11-20,127,HFO,47.96,10.9,261.6,24,570.9,0.78,Rough,FMS_MARITIME,2026-04-06
2023-11-21,127,VLSFO,38.33,14.1,338.4,24,352.7176,0.5,Moderate,FMS_MARITIME,2026-04-06
2023-11-22,127,VLSFO,72.89,8.7,208.8,24,1087.0664,0.69,Moderate,FMS_MARITIME,2026-04-06
2023-11-23,127,LSMGO,17.72,15.9,381.6,24,144.6019,0.55,Calm,FMS_MARITIME,2026-04-06
2023-11-24,127,HFO,66.97,10.9,261.6,24,797.1888,0.79,Calm,FMS_MARITIME,2026-04-06
2023-11-25,127,VLSFO,75.76,11.7,280.8,24,840.159,0.75,Calm,FMS_MARITIME,2026-04-06
2023-11-26,127,VLSFO,28.44,17.7,424.8,24,208.4797,0.55,Rough,FMS_MARITIME,2026-04-06
2023-11-27,127,MGO,30.18,13.8,331.2,24,283.7576,0.78,Moderate,FMS_MARITIME,2026-04-06
2023-11-28,127,HFO,21.04,11.0,264.0,24,248.1764,0.56,Rough,FMS_MARITIME,2026-04-06
2023-11-28,127,LSMGO,68.9,16.7,400.8,24,535.3159,0.74,Calm,FMS_MARITIME,2026-04-06
2023-11-28,127,VLSFO,59.09,13.1,314.4,24,585.2616,0.75,Calm,FMS_MARITIME,2026-04-06
2023-11-01,128,VLSFO,25.55,11.0,264.0,24,301.3739,0.86,Moderate,FMS_MARITIME,2026-04-06
2023-11-02,128,HFO,73.92,15.3,367.2,24,626.8706,0.9,Moderate,FMS_MARITIME,2026-04-06
2023-11-03,128,VLSFO,84.5,10.5,252.0,24,1044.1786,0.7,Moderate,FMS_MARITIME,2026-04-06
2023-11-04,128,VLSFO,71.02,13.4,321.6,24,687.675,0.63,Calm,FMS_MARITIME,2026-04-06
2023-11-05,128,VLSFO,38.23,15.2,364.8,24,326.3383,0.84,Calm,FMS_MARITIME,2026-04-06
2023-11-06,128,LSMGO,77.64,12.4,297.6,24,812.4024,0.88,Calm,FMS_MARITIME,2026-04-06
2023-11-07,128,MGO,38.26,12.3,295.2,24,403.5963,0.49,Calm,FMS_MARITIME,2026-04-06
2023-11-08,128,LSMGO,46.56,17.1,410.4,24,353.2842,0.61,Rough,FMS_MARITIME,2026-04-06
2023-11-09,128,LSMGO,20.3,16.0,384.0,24,164.6203,0.89,Calm,FMS_MARITIME,2026-04-06
2023-11-10,128,LNG,36.14,17.3,415.2,24,271.05,0.54,Rough,FMS_MARITIME,2026-04-06
2023-11-11,128,VLSFO,77.26,13.0,312.0,24,771.1142,0.57,Calm,FMS_MARITIME,2026-04-06
2023-11-12,128,VLSFO,69.61,8.6,206.4,24,1050.2206,0.41,Rough,FMS_MARITIME,2026-04-06
2023-11-13,128,HFO,77.35,15.8,379.2,24,635.2002,0.86,Calm,FMS_MARITIME,2026-04-06
2023-11-14,128,VLSFO,61.3,10.5,252.0,24,757.4929,0.61,Moderate,FMS_MARITIME,2026-04-06
2023-11-15,128,LSMGO,57.69,8.8,211.2,24,850.5997,0.81,Calm,FMS_MARITIME,2026-04-06
2023-11-16,128,LSMGO,48.61,12.3,295.2,24,512.7762,0.41,Moderate,FMS_MARITIME,2026-04-06
2023-11-17,128,LNG,67.37,10.6,254.4,24,824.6469,0.93,Rough,FMS_MARITIME,2026-04-06
2023-11-18,128,MGO,83.19,13.3,319.2,24,811.5716,0.79,Calm,FMS_MARITIME,2026-04-06
2023-11-19,128,LSMGO,17.96,14.1,338.4,24,165.2702,0.42,Calm,FMS_MARITIME,2026-04-06
2023-11-20,128,LSMGO,58.94,16.7,400.8,24,457.932,0.91,Moderate,FMS_MARITIME,2026-04-06
2023-11-21,128,HFO,51.95,14.7,352.8,24,458.5383,0.98,Moderate,FMS_MARITIME,2026-04-06
2023-11-22,128,MGO,16.74,14.1,338.4,24,154.0436,0.96,Calm,FMS_MARITIME,2026-04-06
2023-11-23,128,VLSFO,75.24,18.0,432.0,24,542.355,0.59,Rough,FMS_MARITIME,2026-04-06
2023-11-24,128,HFO,52.83,10.4,249.6,24,659.105,0.9,Rough,FMS_MARITIME,2026-04-06
2023-11-25,128,HFO,29.3,10.7,256.8,24,355.2967,0.74,Moderate,FMS_MARITIME,2026-04-06
2023-11-26,128,HFO,32.97,9.2,220.8,24,464.9845,0.67,Calm,FMS_MARITIME,2026-04-06
2023-11-27,128,VLSFO,29.79,16.2,388.8,24,238.5958,0.48,Rough,FMS_MARITIME,2026-04-06
2023-11-28,128,LSMGO,56.8,14.1,338.4,24,522.6809,0.94,Rough,FMS_MARITIME,2026-04-06
2023-11-28,128,HFO,84.99,8.3,199.2,24,1328.6087,0.78,Calm,FMS_MARITIME,2026-04-06
2023-11-28,128,MGO,82.39,11.1,266.4,24,963.0723,0.5,Moderate,FMS_MARITIME,2026-04-06
2023-11-01,129,LSMGO,81.45,12.3,295.2,24,859.1982,0.85,Calm,FMS_MARITIME,2026-04-06
2023-11-02,129,LSMGO,74.13,10.6,254.4,24,907.3932,0.6,Calm,FMS_MARITIME,2026-04-06
2023-11-03,129,HFO,57.41,9.6,230.4,24,775.932,0.79,Calm,FMS_MARITIME,2026-04-06
2023-11-04,129,LNG,31.4,8.5,204.0,24,479.3118,0.75,Rough,FMS_MARITIME,2026-04-06
2023-11-05,129,MGO,35.72,12.2,292.8,24,379.891,0.96,Calm,FMS_MARITIME,2026-04-06
2023-11-06,129,LSMGO,84.28,13.4,321.6,24,816.0694,0.73,Rough,FMS_MARITIME,2026-04-06
2023-11-07,129,HFO,52.51,12.6,302.4,24,540.728,0.51,Rough,FMS_MARITIME,2026-04-06
2023-11-08,129,LSMGO,81.51,9.3,223.2,24,1137.196,0.76,Moderate,FMS_MARITIME,2026-04-06
2023-11-09,129,HFO,19.74,14.9,357.6,24,171.897,0.54,Moderate,FMS_MARITIME,2026-04-06
2023-11-10,129,MGO,61.82,14.0,336.0,24,572.9389,0.75,Rough,FMS_MARITIME,2026-04-06
2023-11-11,129,MGO,51.82,15.9,381.6,24,422.8708,0.78,Moderate,FMS_MARITIME,2026-04-06
2023-11-12,129,HFO,16.87,17.5,420.0,24,125.079,0.5,Moderate,FMS_MARITIME,2026-04-06
2023-11-13,129,LSMGO,43.19,14.9,357.6,24,376.1008,0.73,Calm,FMS_MARITIME,2026-04-06
2023-11-14,129,LNG,80.01,17.0,408.0,24,610.6646,0.75,Calm,FMS_MARITIME,2026-04-06
2023-11-15,129,MGO,63.03,14.8,355.2,24,552.5772,0.7,Calm,FMS_MARITIME,2026-04-06
2023-11-16,129,MGO,37.24,17.2,412.8,24,280.9238,0.59,Moderate,FMS_MARITIME,2026-04-06
2023-11-17,129,MGO,66.86,12.9,309.6,24,672.4872,0.86,Rough,FMS_MARITIME,2026-04-06
2023-11-18,129,MGO,72.63,10.9,261.6,24,864.5635,0.7,Moderate,FMS_MARITIME,2026-04-06
2023-11-19,129,LSMGO,34.37,10.1,242.4,24,441.5354,0.54,Moderate,FMS_MARITIME,2026-04-06
2023-11-20,129,MGO,65.77,11.3,271.2,24,755.1909,0.79,Rough,FMS_MARITIME,2026-04-06
2023-11-21,129,LSMGO,45.14,16.3,391.2,24,359.3199,0.99,Calm,FMS_MARITIME,2026-04-06
2023-11-22,129,VLSFO,24.89,17.7,424.8,24,182.4564,0.67,Calm,FMS_MARITIME,2026-04-06
2023-11-23,129,LNG,58.97,8.3,199.2,24,921.8503,0.69,Calm,FMS_MARITIME,2026-04-06
2023-11-24,129,LSMGO,84.1,8.3,199.2,24,1314.6958,0.97,Rough,FMS_MARITIME,2026-04-06
2023-11-25,129,HFO,77.95,16.7,400.8,24,605.6295,0.56,Moderate,FMS_MARITIME,2026-04-06
2023-11-26,129,MGO,82.87,17.7,424.8,24,607.4792,0.45,Moderate,FMS_MARITIME,2026-04-06
2023-11-27,129,HFO,26.64,11.8,283.2,24,292.9271,0.5,Calm,FMS_MARITIME,2026-04-06
2023-11-28,129,HFO,59.51,13.4,321.6,24,576.2256,0.69,Moderate,FMS_MARITIME,2026-04-06
2023-11-28,129,MGO,19.49,11.0,264.0,24,229.8934,0.89,Calm,FMS_MARITIME,2026-04-06
2023-11-28,129,LSMGO,69.44,10.9,261.6,24,826.5908,0.86,Rough,FMS_MARITIME,2026-04-06
2023-11-01,130,MGO,64.13,8.6,206.4,24,967.5427,0.46,Rough,FMS_MARITIME,2026-04-06
2023-11-02,130,LSMGO,38.63,9.8,235.2,24,511.4533,0.42,Calm,FMS_MARITIME,2026-04-06
2023-11-03,130,MGO,18.29,17.6,422.4,24,134.8368,0.8,Calm,FMS_MARITIME,2026-04-06
2023-11-04,130,LNG,60.05,13.2,316.8,24,590.2642,0.77,Rough,FMS_MARITIME,2026-04-06
2023-11-05,130,HFO,79.15,17.4,417.6,24,590.2134,0.82,Moderate,FMS_MARITIME,2026-04-06
2023-11-06,130,MGO,81.51,8.5,204.0,24,1244.2262,0.6,Rough,FMS_MARITIME,2026-04-06
2023-11-07,130,LSMGO,22.56,13.0,312.0,24,225.1662,0.51,Rough,FMS_MARITIME,2026-04-06
2023-11-08,130,LNG,42.91,9.8,235.2,24,568.1196,0.91,Moderate,FMS_MARITIME,2026-04-06
2023-11-09,130,HFO,52.86,12.8,307.2,24,535.827,0.93,Rough,FMS_MARITIME,2026-04-06
2023-11-10,130,MGO,53.08,11.2,268.8,24,614.9223,0.65,Moderate,FMS_MARITIME,2026-04-06
2023-11-11,130,VLSFO,68.6,10.8,259.2,24,824.1528,0.54,Rough,FMS_MARITIME,2026-04-06
2023-11-12,130,LSMGO,21.54,11.5,276.0,24,243.0274,0.69,Moderate,FMS_MARITIME,2026-04-06
2023-11-13,130,LNG,26.07,16.7,400.8,24,202.5499,0.62,Rough,FMS_MARITIME,2026-04-06
2023-11-14,130,HFO,45.31,9.4,225.6,24,625.4226,0.89,Moderate,FMS_MARITIME,2026-04-06
2023-11-15,130,HFO,71.59,8.7,208.8,24,1067.6784,0.61,Calm,FMS_MARITIME,2026-04-06
2023-11-16,130,VLSFO,72.9,16.8,403.2,24,563.0223,0.7,Moderate,FMS_MARITIME,2026-04-06
2023-11-17,130,HFO,77.73,13.9,333.6,24,725.5732,0.91,Rough,FMS_MARITIME,2026-04-06
2023-11-18,130,VLSFO,47.81,12.8,307.2,24,484.6365,0.78,Rough,FMS_MARITIME,2026-04-06
2023-11-19,130,MGO,39.89,16.1,386.4,24,321.4738,0.65,Moderate,FMS_MARITIME,2026-04-06
2023-11-20,130,VLSFO,64.72,13.6,326.4,24,617.4574,0.56,Moderate,FMS_MARITIME,2026-04-06
2023-11-21,130,LSMGO,83.51,13.7,328.8,24,790.9068,0.65,Moderate,FMS_MARITIME,2026-04-06
2023-11-22,130,MGO,24.33,16.2,388.8,24,194.8653,0.71,Moderate,FMS_MARITIME,2026-04-06
2023-11-23,130,LSMGO,54.78,9.8,235.2,24,725.276,0.92,Calm,FMS_MARITIME,2026-04-06
2023-11-24,130,VLSFO,50.97,15.8,379.2,24,418.5669,0.45,Calm,FMS_MARITIME,2026-04-06
2023-11-25,130,MGO,52.93,12.6,302.4,24,545.053,0.9,Moderate,FMS_MARITIME,2026-04-06
2023-11-26,130,MGO,48.63,16.6,398.4,24,380.105,0.85,Calm,FMS_MARITIME,2026-04-06
2023-11-27,130,VLSFO,73.4,15.4,369.6,24,618.4188,0.78,Rough,FMS_MARITIME,2026-04-06
2023-11-28,130,LSMGO,35.8,8.3,199.2,24,559.6446,0.91,Moderate,FMS_MARITIME,2026-04-06
2023-11-28,130,LNG,58.21,11.5,276.0,24,656.7607,0.53,Moderate,FMS_MARITIME,2026-04-06
2023-11-28,130,LNG,48.73,14.2,340.8,24,445.2618,0.95,Calm,FMS_MARITIME,2026-04-06
2023-11-01,131,LNG,25.43,13.0,312.0,24,253.811,0.59,Moderate,FMS_MARITIME,2026-04-06
2023-11-02,131,LSMGO,25.8,16.4,393.6,24,204.1189,0.96,Calm,FMS_MARITIME,2026-04-06
2023-11-03,131,MGO,49.51,13.1,314.4,24,490.3758,0.7,Rough,FMS_MARITIME,2026-04-06
2023-11-04,131,HFO,15.65,17.1,410.4,24,118.7478,0.43,Moderate,FMS_MARITIME,2026-04-06
2023-11-05,131,LSMGO,72.76,9.3,223.2,24,1015.1194,0.87,Moderate,FMS_MARITIME,2026-04-06
2023-11-06,131,LSMGO,49.86,12.3,295.2,24,525.9622,0.76,Rough,FMS_MARITIME,2026-04-06
2023-11-07,131,HFO,46.34,9.0,216.0,24,668.0683,0.88,Calm,FMS_MARITIME,2026-04-06
2023-11-08,131,LSMGO,84.16,14.8,355.2,24,737.8216,0.61,Calm,FMS_MARITIME,2026-04-06
2023-11-09,131,MGO,71.33,12.7,304.8,24,728.7455,0.84,Rough,FMS_MARITIME,2026-04-06
2023-11-10,131,LSMGO,76.71,16.0,384.0,24,622.0702,0.61,Rough,FMS_MARITIME,2026-04-06
2023-11-11,131,LSMGO,48.24,10.7,256.8,24,584.9664,0.51,Moderate,FMS_MARITIME,2026-04-06
2023-11-12,131,LNG,16.63,10.7,256.8,24,201.6582,0.95,Moderate,FMS_MARITIME,2026-04-06
2023-11-13,131,HFO,42.64,10.7,256.8,24,517.0598,0.54,Rough,FMS_MARITIME,2026-04-06
2023-11-14,131,VLSFO,42.66,14.3,343.2,24,387.0724,0.62,Calm,FMS_MARITIME,2026-04-06
2023-11-15,131,LNG,35.08,15.8,379.2,24,288.0778,0.96,Rough,FMS_MARITIME,2026-04-06
2023-11-16,131,MGO,71.12,15.7,376.8,24,587.7592,0.96,Rough,FMS_MARITIME,2026-04-06
2023-11-17,131,MGO,38.54,13.3,319.2,24,375.9823,0.4,Rough,FMS_MARITIME,2026-04-06
2023-11-18,131,HFO,79.45,11.7,280.8,24,881.0801,0.43,Moderate,FMS_MARITIME,2026-04-06
2023-11-19,131,MGO,78.52,13.4,321.6,24,760.2963,0.41,Rough,FMS_MARITIME,2026-04-06
2023-11-20,131,MGO,74.16,11.3,271.2,24,851.5274,0.68,Rough,FMS_MARITIME,2026-04-06
2023-11-21,131,HFO,29.19,11.4,273.6,24,332.2283,0.66,Calm,FMS_MARITIME,2026-04-06
2023-11-22,131,LSMGO,71.59,10.1,242.4,24,919.6834,0.65,Rough,FMS_MARITIME,2026-04-06
2023-11-23,131,LNG,68.74,11.6,278.4,24,768.8806,0.59,Moderate,FMS_MARITIME,2026-04-06
2023-11-24,131,HFO,35.86,12.8,307.2,24,363.5027,0.42,Moderate,FMS_MARITIME,2026-04-06
2023-11-25,131,HFO,70.03,15.0,360.0,24,605.7595,0.69,Calm,FMS_MARITIME,2026-04-06
2023-11-26,131,MGO,37.25,9.8,235.2,24,493.1824,0.56,Calm,FMS_MARITIME,2026-04-06
2023-11-27,131,MGO,31.34,17.6,422.4,24,231.0435,0.64,Moderate,FMS_MARITIME,2026-04-06
2023-11-28,131,LNG,63.25,14.5,348.0,24,565.9784,0.44,Calm,FMS_MARITIME,2026-04-06
2023-11-28,131,MGO,24.67,18.0,432.0,24,177.8296,0.55,Moderate,FMS_MARITIME,2026-04-06
2023-11-28,131,LNG,53.67,15.1,362.4,24,461.171,0.79,Calm,FMS_MARITIME,2026-04-06
2023-11-01,132,MGO,45.25,10.5,252.0,24,559.1607,0.9,Moderate,FMS_MARITIME,2026-04-06
2023-11-02,132,MGO,57.04,9.7,232.8,24,762.9835,0.47,Rough,FMS_MARITIME,2026-04-06
2023-11-03,132,VLSFO,54.82,11.2,268.8,24,635.0799,0.77,Calm,FMS_MARITIME,2026-04-06
2023-11-04,132,HFO,34.25,17.5,420.0,24,253.9393,0.67,Rough,FMS_MARITIME,2026-04-06
2023-11-05,132,HFO,26.46,12.1,290.4,24,283.7343,0.98,Calm,FMS_MARITIME,2026-04-06
2023-11-06,132,HFO,45.37,8.1,194.4,24,726.7602,0.87,Moderate,FMS_MARITIME,2026-04-06
2023-11-07,132,VLSFO,81.06,16.0,384.0,24,657.3459,0.59,Calm,FMS_MARITIME,2026-04-06
2023-11-08,132,LSMGO,22.65,14.8,355.2,24,198.5701,0.82,Calm,FMS_MARITIME,2026-04-06
2023-11-09,132,VLSFO,63.0,12.4,297.6,24,659.2137,0.65,Moderate,FMS_MARITIME,2026-04-06
2023-11-10,132,VLSFO,16.6,12.6,302.4,24,170.9405,0.64,Rough,FMS_MARITIME,2026-04-06
2023-11-11,132,LNG,36.07,14.4,345.6,24,325.0057,0.98,Rough,FMS_MARITIME,2026-04-06
2023-11-12,132,LNG,60.19,10.7,256.8,24,729.8741,0.63,Rough,FMS_MARITIME,2026-04-06
2023-11-13,132,LSMGO,34.15,13.9,333.6,24,318.7743,0.46,Calm,FMS_MARITIME,2026-04-06
2023-11-14,132,MGO,80.07,15.3,367.2,24,679.025,0.69,Rough,FMS_MARITIME,2026-04-06
2023-11-15,132,LNG,35.65,11.8,283.2,24,391.9989,0.94,Rough,FMS_MARITIME,2026-04-06
2023-11-16,132,VLSFO,26.86,10.2,244.8,24,341.675,0.67,Moderate,FMS_MARITIME,2026-04-06
2023-11-17,132,MGO,69.81,15.8,379.2,24,573.2815,0.99,Moderate,FMS_MARITIME,2026-04-06
2023-11-18,132,LNG,83.49,13.9,333.6,24,779.3401,0.64,Moderate,FMS_MARITIME,2026-04-06
2023-11-19,132,VLSFO,40.44,8.5,204.0,24,617.3047,0.76,Rough,FMS_MARITIME,2026-04-06
2023-11-20,132,LNG,35.29,10.4,249.6,24,440.2767,0.9,Calm,FMS_MARITIME,2026-04-06
2023-11-21,132,VLSFO,48.49,14.4,345.6,24,436.9151,0.46,Rough,FMS_MARITIME,2026-04-06
2023-11-22,132,LSMGO,19.37,10.1,242.4,24,248.8374,0.43,Calm,FMS_MARITIME,2026-04-06
2023-11-23,132,HFO,79.99,14.7,352.8,24,706.0342,0.91,Moderate,FMS_MARITIME,2026-04-06
2023-11-24,132,LSMGO,42.76,9.7,232.8,24,571.9701,0.56,Calm,FMS_MARITIME,2026-04-06
2023-11-25,132,VLSFO,25.88,10.6,254.4,24,316.7858,0.55,Rough,FMS_MARITIME,2026-04-06
2023-11-26,132,MGO,31.61,8.9,213.6,24,460.8312,0.6,Calm,FMS_MARITIME,2026-04-06
2023-11-27,132,HFO,75.66,8.2,196.8,24,1197.1811,0.79,Rough,FMS_MARITIME,2026-04-06
2023-11-28,132,LSMGO,67.25,10.8,259.2,24,807.934,0.91,Moderate,FMS_MARITIME,2026-04-06
2023-11-28,132,HFO,29.78,8.2,196.8,24,471.214,0.46,Rough,FMS_MARITIME,2026-04-06
2023-11-28,132,MGO,43.61,14.3,343.2,24,395.6921,0.98,Rough,FMS_MARITIME,2026-04-06
2023-11-01,133,MGO,34.78,10.5,252.0,24,429.7814,0.55,Moderate,FMS_MARITIME,2026-04-06
2023-11-02,133,MGO,62.35,8.8,211.2,24,919.3082,0.82,Calm,FMS_MARITIME,2026-04-06
2023-11-03,133,MGO,38.29,8.4,201.6,24,591.4437,0.61,Moderate,FMS_MARITIME,2026-04-06
2023-11-04,133,LNG,70.86,16.4,393.6,24,560.6149,0.81,Moderate,FMS_MARITIME,2026-04-06
2023-11-05,133,LNG,71.55,8.0,192.0,24,1160.4516,0.88,Moderate,FMS_MARITIME,2026-04-06
2023-11-06,133,HFO,65.52,13.5,324.0,24,629.72,0.52,Rough,FMS_MARITIME,2026-04-06
2023-11-07,133,LSMGO,48.53,14.4,345.6,24,437.2755,0.7,Moderate,FMS_MARITIME,2026-04-06
2023-11-08,133,LSMGO,73.37,15.6,374.4,24,610.2409,0.95,Moderate,FMS_MARITIME,2026-04-06
2023-11-09,133,VLSFO,24.21,12.0,288.0,24,261.7706,0.89,Calm,FMS_MARITIME,2026-04-06
2023-11-10,133,HFO,21.68,11.5,276.0,24,244.607,0.97,Rough,FMS_MARITIME,2026-04-06
2023-11-11,133,LNG,41.09,11.3,271.2,24,471.8077,0.98,Moderate,FMS_MARITIME,2026-04-06
2023-11-12,133,LSMGO,82.27,11.5,276.0,24,928.2202,0.67,Moderate,FMS_MARITIME,2026-04-06
2023-11-13,133,LNG,59.51,13.6,326.4,24,567.7517,0.42,Moderate,FMS_MARITIME,2026-04-06
2023-11-14,133,HFO,19.1,15.4,369.6,24,160.9237,0.57,Moderate,FMS_MARITIME,2026-04-06
2023-11-15,133,MGO,72.06,10.8,259.2,24,865.7208,0.79,Rough,FMS_MARITIME,2026-04-06
2023-11-16,133,LSMGO,55.18,17.0,408.0,24,421.1532,0.54,Moderate,FMS_MARITIME,2026-04-06
2023-11-17,133,LSMGO,70.61,11.2,268.8,24,818.0042,0.88,Moderate,FMS_MARITIME,2026-04-06
2023-11-18,133,VLSFO,49.78,11.3,271.2,24,571.5889,0.6,Calm,FMS_MARITIME,2026-04-06
2023-11-19,133,VLSFO,26.37,10.5,252.0,24,325.8579,0.91,Calm,FMS_MARITIME,2026-04-06
2023-11-20,133,MGO,70.86,11.5,276.0,24,799.4857,0.75,Moderate,FMS_MARITIME,2026-04-06
2023-11-21,133,MGO,80.18,10.8,259.2,24,963.2736,0.62,Moderate,FMS_MARITIME,2026-04-06
2023-11-22,133,HFO,47.77,15.2,364.8,24,407.7735,0.76,Moderate,FMS_MARITIME,2026-04-06
2023-11-23,133,HFO,48.65,11.6,278.4,24,544.167,0.4,Moderate,FMS_MARITIME,2026-04-06
2023-11-24,133,HFO,56.77,12.2,292.8,24,603.7629,0.56,Calm,FMS_MARITIME,2026-04-06
2023-11-25,133,LSMGO,26.8,15.6,374.4,24,222.9038,0.58,Calm,FMS_MARITIME,2026-04-06
2023-11-26,133,LNG,32.19,11.9,285.6,24,350.9792,0.43,Calm,FMS_MARITIME,2026-04-06
2023-11-27,133,LSMGO,43.02,13.1,314.4,24,426.095,0.99,Calm,FMS_MARITIME,2026-04-06
2023-11-28,133,LSMGO,31.91,13.3,319.2,24,311.3024,0.82,Moderate,FMS_MARITIME,2026-04-06
2023-11-28,133,LNG,21.45,15.0,360.0,24,185.5425,0.61,Calm,FMS_MARITIME,2026-04-06
2023-11-28,133,MGO,68.17,12.7,304.8,24,696.4612,0.44,Rough,FMS_MARITIME,2026-04-06
2023-11-01,134,LNG,25.72,9.1,218.4,24,366.722,0.86,Calm,FMS_MARITIME,2026-04-06
2023-11-02,134,MGO,32.03,9.6,230.4,24,432.9055,1.0,Rough,FMS_MARITIME,2026-04-06
2023-11-03,134,HFO,68.16,17.4,417.6,24,508.2621,0.88,Moderate,FMS_MARITIME,2026-04-06
2023-11-04,134,LNG,45.01,15.2,364.8,24,384.2137,0.46,Rough,FMS_MARITIME,2026-04-06
2023-11-05,134,VLSFO,20.88,15.4,369.6,24,175.9208,0.96,Moderate,FMS_MARITIME,2026-04-06
2023-11-06,134,LNG,43.8,8.9,213.6,24,638.5449,0.83,Rough,FMS_MARITIME,2026-04-06
2023-11-07,134,HFO,74.62,14.6,350.4,24,663.1469,0.64,Moderate,FMS_MARITIME,2026-04-06
2023-11-08,134,MGO,15.14,14.8,355.2,24,132.7307,0.89,Moderate,FMS_MARITIME,2026-04-06
2023-11-09,134,MGO,25.31,14.2,340.8,24,231.2657,0.64,Rough,FMS_MARITIME,2026-04-06
2023-11-10,134,VLSFO,48.16,13.9,333.6,24,449.5511,0.99,Moderate,FMS_MARITIME,2026-04-06
2023-11-11,134,HFO,71.46,9.9,237.6,24,936.5591,0.79,Calm,FMS_MARITIME,2026-04-06
2023-11-12,134,LNG,22.84,12.1,290.4,24,244.9165,0.83,Calm,FMS_MARITIME,2026-04-06
2023-11-13,134,LSMGO,65.28,15.4,369.6,24,550.0052,0.55,Moderate,FMS_MARITIME,2026-04-06
2023-11-14,134,LNG,66.83,15.6,374.4,24,555.8457,0.87,Moderate,FMS_MARITIME,2026-04-06
2023-11-15,134,MGO,60.25,13.9,333.6,24,562.4056,0.82,Moderate,FMS_MARITIME,2026-04-06
2023-11-16,134,LSMGO,26.06,14.4,345.6,24,234.8115,0.7,Calm,FMS_MARITIME,2026-04-06
2023-11-17,134,LNG,36.67,12.7,304.8,24,374.6404,0.91,Rough,FMS_MARITIME,2026-04-06
2023-11-18,134,LSMGO,66.55,15.7,376.8,24,549.9912,0.93,Rough,FMS_MARITIME,2026-04-06
2023-11-19,134,HFO,53.3,8.6,206.4,24,804.1483,0.5,Moderate,FMS_MARITIME,2026-04-06
2023-11-20,134,LSMGO,69.96,9.6,230.4,24,945.5531,0.45,Moderate,FMS_MARITIME,2026-04-06
2023-11-21,134,LSMGO,27.27,13.3,319.2,24,266.0363,0.69,Moderate,FMS_MARITIME,2026-04-06
2023-11-22,134,HFO,78.93,8.7,208.8,24,1177.1457,0.92,Calm,FMS_MARITIME,2026-04-06
2023-11-23,134,MGO,47.03,11.5,276.0,24,530.6211,0.87,Rough,FMS_MARITIME,2026-04-06
2023-11-24,134,VLSFO,25.46,12.0,288.0,24,275.2862,0.43,Rough,FMS_MARITIME,2026-04-06
2023-11-25,134,VLSFO,29.02,9.1,218.4,24,413.7742,0.93,Calm,FMS_MARITIME,2026-04-06
2023-11-26,134,LSMGO,35.58,12.1,290.4,24,381.5293,0.92,Calm,FMS_MARITIME,2026-04-06
2023-11-27,134,HFO,37.17,12.2,292.8,24,395.3121,0.42,Moderate,FMS_MARITIME,2026-04-06
2023-11-28,134,MGO,25.28,9.2,220.8,24,356.5304,0.59,Moderate,FMS_MARITIME,2026-04-06
2023-11-28,134,VLSFO,42.24,16.1,386.4,24,340.4124,0.49,Calm,FMS_MARITIME,2026-04-06
2023-11-28,134,LNG,21.28,14.2,340.8,24,194.4423,0.45,Calm,FMS_MARITIME,2026-04-06
2023-11-01,135,HFO,56.69,11.1,266.4,24,662.6601,0.49,Calm,FMS_MARITIME,2026-04-06
2023-11-02,135,VLSFO,61.43,16.0,384.0,24,498.1589,0.52,Moderate,FMS_MARITIME,2026-04-06
2023-11-03,135,VLSFO,84.82,12.1,290.4,24,909.5368,0.67,Rough,FMS_MARITIME,2026-04-06
2023-11-04,135,MGO,33.12,10.2,244.8,24,421.3059,0.64,Rough,FMS_MARITIME,2026-04-06
2023-11-05,135,VLSFO,20.89,9.9,237.6,24,273.7856,0.95,Moderate,FMS_MARITIME,2026-04-06
2023-11-06,135,LSMGO,23.48,16.2,388.8,24,188.0574,0.53,Calm,FMS_MARITIME,2026-04-06
2023-11-07,135,HFO,73.22,12.3,295.2,24,772.3817,0.84,Rough,FMS_MARITIME,2026-04-06
2023-11-08,135,MGO,42.27,13.8,331.2,24,397.4299,0.41,Rough,FMS_MARITIME,2026-04-06
2023-11-09,135,LNG,17.4,13.2,316.8,24,171.0341,0.79,Calm,FMS_MARITIME,2026-04-06
2023-11-10,135,VLSFO,16.99,10.2,244.8,24,216.1228,0.51,Rough,FMS_MARITIME,2026-04-06
2023-11-11,135,MGO,78.43,11.1,266.4,24,916.7831,0.45,Moderate,FMS_MARITIME,2026-04-06
2023-11-12,135,LNG,57.4,14.2,340.8,24,524.4824,0.73,Rough,FMS_MARITIME,2026-04-06
2023-11-13,135,MGO,52.41,13.8,331.2,24,492.7679,0.58,Moderate,FMS_MARITIME,2026-04-06
2023-11-14,135,LNG,45.36,10.4,249.6,24,565.9096,0.58,Moderate,FMS_MARITIME,2026-04-06
2023-11-15,135,VLSFO,61.69,17.1,410.4,24,468.0864,0.89,Calm,FMS_MARITIME,2026-04-06
2023-11-16,135,LSMGO,16.79,12.7,304.8,24,171.5356,0.93,Rough,FMS_MARITIME,2026-04-06
2023-11-17,135,LSMGO,22.59,15.0,360.0,24,195.4035,0.76,Calm,FMS_MARITIME,2026-04-06
2023-11-18,135,LNG,63.83,12.4,297.6,24,667.8986,0.73,Calm,FMS_MARITIME,2026-04-06
2023-11-19,135,LNG,76.68,15.2,364.8,24,654.5546,0.53,Rough,FMS_MARITIME,2026-04-06
2023-11-20,135,LSMGO,37.24,17.3,415.2,24,279.3,0.91,Moderate,FMS_MARITIME,2026-04-06
2023-11-21,135,VLSFO,47.46,10.0,240.0,24,615.7935,0.68,Rough,FMS_MARITIME,2026-04-06
2023-11-22,135,VLSFO,17.78,8.4,201.6,24,274.6375,0.9,Moderate,FMS_MARITIME,2026-04-06
2023-11-23,135,LNG,28.13,9.0,216.0,24,405.5408,0.83,Calm,FMS_MARITIME,2026-04-06
2023-11-24,135,MGO,77.93,17.5,420.0,24,577.7953,0.83,Calm,FMS_MARITIME,2026-04-06
2023-11-25,135,HFO,21.96,13.4,321.6,24,212.6351,0.99,Calm,FMS_MARITIME,2026-04-06
2023-11-26,135,LNG,19.09,14.4,345.6,24,172.0089,0.54,Calm,FMS_MARITIME,2026-04-06
2023-11-27,135,HFO,42.2,15.4,369.6,24,355.5487,0.84,Moderate,FMS_MARITIME,2026-04-06
2023-11-28,135,VLSFO,28.28,10.6,254.4,24,346.1632,0.55,Moderate,FMS_MARITIME,2026-04-06
2023-11-28,135,LNG,44.72,11.2,268.8,24,518.0732,0.88,Moderate,FMS_MARITIME,2026-04-06
2023-11-28,135,MGO,75.71,12.5,300.0,24,785.8698,0.43,Moderate,FMS_MARITIME,2026-04-06
2023-11-01,136,MGO,81.86,17.8,427.2,24,596.7042,0.6,Rough,FMS_MARITIME,2026-04-06
2023-11-02,136,LNG,69.84,15.5,372.0,24,584.6284,0.86,Moderate,FMS_MARITIME,2026-04-06
2023-11-03,136,HFO,26.28,13.4,321.6,24,254.4649,0.54,Rough,FMS_MARITIME,2026-04-06
2023-11-04,136,VLSFO,58.87,9.8,235.2,24,779.4268,0.63,Rough,FMS_MARITIME,2026-04-06
2023-11-05,136,LNG,33.39,14.2,340.8,24,305.0952,0.57,Calm,FMS_MARITIME,2026-04-06
2023-11-06,136,MGO,41.78,10.9,261.6,24,497.3353,0.82,Calm,FMS_MARITIME,2026-04-06
2023-11-07,136,MGO,47.2,12.8,307.2,24,478.4531,0.45,Rough,FMS_MARITIME,2026-04-06
2023-11-08,136,LSMGO,22.96,16.0,384.0,24,186.1912,0.62,Calm,FMS_MARITIME,2026-04-06
2023-11-09,136,HFO,40.48,17.0,408.0,24,308.9576,0.85,Moderate,FMS_MARITIME,2026-04-06
2023-11-10,136,LSMGO,44.62,15.4,369.6,24,375.938,0.41,Calm,FMS_MARITIME,2026-04-06
2023-11-11,136,VLSFO,31.09,13.1,314.4,24,307.9334,0.45,Moderate,FMS_MARITIME,2026-04-06
2023-11-12,136,MGO,64.04,15.6,374.4,24,532.6404,0.42,Calm,FMS_MARITIME,2026-04-06
2023-11-13,136,LSMGO,55.44,14.6,350.4,24,492.6945,0.92,Moderate,FMS_MARITIME,2026-04-06
2023-11-14,136,LNG,37.36,10.7,256.8,24,453.0336,0.95,Calm,FMS_MARITIME,2026-04-06
2023-11-15,136,MGO,62.46,12.9,309.6,24,628.2314,0.84,Rough,FMS_MARITIME,2026-04-06
2023-11-16,136,MGO,42.66,13.5,324.0,24,410.01,0.55,Calm,FMS_MARITIME,2026-04-06
2023-11-17,136,LSMGO,77.64,15.1,362.4,24,667.1384,0.96,Calm,FMS_MARITIME,2026-04-06
2023-11-18,136,HFO,29.6,13.0,312.0,24,295.4308,0.86,Moderate,FMS_MARITIME,2026-04-06
2023-11-19,136,VLSFO,83.08,8.6,206.4,24,1253.4453,0.5,Calm,FMS_MARITIME,2026-04-06
2023-11-20,136,VLSFO,41.35,17.1,410.4,24,313.7522,0.95,Calm,FMS_MARITIME,2026-04-06
2023-11-21,136,VLSFO,27.44,10.2,244.8,24,349.0529,0.99,Rough,FMS_MARITIME,2026-04-06
2023-11-22,136,HFO,55.53,11.1,266.4,24,649.1007,0.96,Rough,FMS_MARITIME,2026-04-06
2023-11-23,136,HFO,59.49,11.1,266.4,24,695.3899,0.47,Rough,FMS_MARITIME,2026-04-06
2023-11-24,136,LNG,41.86,14.9,357.6,24,364.5191,0.71,Moderate,FMS_MARITIME,2026-04-06
2023-11-25,136,HFO,79.55,13.2,316.8,24,781.9403,0.99,Calm,FMS_MARITIME,2026-04-06
2023-11-26,136,LNG,20.1,9.2,220.8,24,283.4755,0.71,Moderate,FMS_MARITIME,2026-04-06
2023-11-27,136,HFO,16.11,13.8,331.2,24,151.469,0.42,Moderate,FMS_MARITIME,2026-04-06
2023-11-28,136,MGO,22.63,17.0,408.0,24,172.7201,0.82,Rough,FMS_MARITIME,2026-04-06
2023-11-28,136,LSMGO,73.64,13.8,331.2,24,692.3761,0.55,Calm,FMS_MARITIME,2026-04-06
2023-11-28,136,MGO,51.78,12.0,288.0,24,559.8712,0.7,Moderate,FMS_MARITIME,2026-04-06
2023-11-01,137,VLSFO,42.63,14.0,336.0,24,395.0887,0.71,Rough,FMS_MARITIME,2026-04-06
2023-11-02,137,HFO,80.63,16.6,398.4,24,630.2255,0.84,Calm,FMS_MARITIME,2026-04-06
2023-11-03,137,VLSFO,52.83,10.3,247.2,24,665.5041,0.41,Rough,FMS_MARITIME,2026-04-06
2023-11-04,137,HFO,62.4,16.3,391.2,24,496.7117,0.5,Moderate,FMS_MARITIME,2026-04-06
2023-11-05,137,LNG,77.35,13.9,333.6,24,722.0261,0.72,Calm,FMS_MARITIME,2026-04-06
2023-11-06,137,MGO,22.12,17.7,424.8,24,162.1508,0.92,Calm,FMS_MARITIME,2026-04-06
2023-11-07,137,HFO,44.86,15.3,367.2,24,380.4304,0.42,Rough,FMS_MARITIME,2026-04-06
2023-11-08,137,LNG,19.69,8.6,206.4,24,297.0672,0.71,Rough,FMS_MARITIME,2026-04-06
2023-11-09,137,LSMGO,36.16,16.1,386.4,24,291.4137,0.54,Calm,FMS_MARITIME,2026-04-06
2023-11-10,137,MGO,72.38,16.8,403.2,24,559.0062,0.49,Rough,FMS_MARITIME,2026-04-06
2023-11-11,137,MGO,74.94,11.1,266.4,24,875.9878,0.51,Calm,FMS_MARITIME,2026-04-06
2023-11-12,137,MGO,24.94,14.2,340.8,24,227.8849,0.45,Moderate,FMS_MARITIME,2026-04-06
2023-11-13,137,LNG,26.97,12.1,290.4,24,289.2031,0.72,Calm,FMS_MARITIME,2026-04-06
2023-11-14,137,LNG,19.49,13.7,328.8,24,184.5859,0.68,Calm,FMS_MARITIME,2026-04-06
2023-11-15,137,MGO,77.26,16.6,398.4,24,603.8846,0.97,Moderate,FMS_MARITIME,2026-04-06
2023-11-16,137,LNG,67.31,13.8,331.2,24,632.8603,0.82,Rough,FMS_MARITIME,2026-04-06
2023-11-17,137,LSMGO,29.33,11.8,283.2,24,322.5057,0.46,Rough,FMS_MARITIME,2026-04-06
2023-11-18,137,HFO,72.28,11.8,283.2,24,794.7737,0.92,Moderate,FMS_MARITIME,2026-04-06
2023-11-19,137,LSMGO,74.29,9.6,230.4,24,1004.0758,0.65,Rough,FMS_MARITIME,2026-04-06
2023-11-20,137,LSMGO,42.46,13.6,326.4,24,405.0871,0.55,Calm,FMS_MARITIME,2026-04-06
2023-11-21,137,VLSFO,15.71,10.0,240.0,24,203.8373,0.65,Calm,FMS_MARITIME,2026-04-06
2023-11-22,137,LNG,27.94,15.4,369.6,24,235.4036,0.96,Moderate,FMS_MARITIME,2026-04-06
2023-11-23,137,HFO,64.2,14.4,345.6,24,578.4688,0.5,Moderate,FMS_MARITIME,2026-04-06
2023-11-24,137,LSMGO,63.86,15.8,379.2,24,524.4199,0.84,Rough,FMS_MARITIME,2026-04-06
2023-11-25,137,LNG,58.3,8.5,204.0,24,889.9324,0.72,Rough,FMS_MARITIME,2026-04-06
2023-11-26,137,HFO,70.67,16.7,400.8,24,549.0678,0.51,Rough,FMS_MARITIME,2026-04-06
2023-11-27,137,MGO,21.61,13.3,319.2,24,210.8194,0.79,Moderate,FMS_MARITIME,2026-04-06
2023-11-28,137,HFO,75.82,14.9,357.6,24,660.2446,0.67,Calm,FMS_MARITIME,2026-04-06
2023-11-28,137,HFO,77.55,17.7,424.8,24,568.4809,0.46,Rough,FMS_MARITIME,2026-04-06
2023-11-28,137,MGO,43.18,13.4,321.6,24,418.1049,0.78,Calm,FMS_MARITIME,2026-04-06
2023-11-01,138,VLSFO,42.75,11.9,285.6,24,466.1187,0.8,Calm,FMS_MARITIME,2026-04-06
2023-11-02,138,LNG,81.36,11.8,283.2,24,894.6153,0.74,Calm,FMS_MARITIME,2026-04-06
2023-11-03,138,LSMGO,24.17,11.6,278.4,24,270.3498,0.79,Rough,FMS_MARITIME,2026-04-06
2023-11-04,138,HFO,46.66,9.8,235.2,24,617.7689,0.55,Rough,FMS_MARITIME,2026-04-06
2023-11-05,138,LSMGO,46.22,13.6,326.4,24,440.9592,0.52,Calm,FMS_MARITIME,2026-04-06
2023-11-06,138,VLSFO,43.32,8.9,213.6,24,631.5472,0.87,Calm,FMS_MARITIME,2026-04-06
2023-11-07,138,LSMGO,47.74,9.5,228.0,24,652.0279,0.66,Calm,FMS_MARITIME,2026-04-06
2023-11-08,138,HFO,70.24,10.2,244.8,24,893.4941,0.84,Calm,FMS_MARITIME,2026-04-06
2023-11-09,138,MGO,35.73,11.6,278.4,24,399.6524,0.93,Calm,FMS_MARITIME,2026-04-06
2023-11-10,138,VLSFO,78.5,10.4,249.6,24,979.363,0.7,Calm,FMS_MARITIME,2026-04-06
2023-11-11,138,VLSFO,16.96,10.4,249.6,24,211.5923,0.74,Rough,FMS_MARITIME,2026-04-06
2023-11-12,138,VLSFO,68.24,8.5,204.0,24,1041.6635,0.87,Moderate,FMS_MARITIME,2026-04-06
2023-11-13,138,LSMGO,48.3,15.8,379.2,24,396.6408,0.45,Rough,FMS_MARITIME,2026-04-06
2023-11-14,138,LNG,37.33,10.5,252.0,24,461.2921,0.65,Rough,FMS_MARITIME,2026-04-06
2023-11-15,138,LNG,48.38,16.8,403.2,24,373.6491,0.67,Moderate,FMS_MARITIME,2026-04-06
2023-11-16,138,LNG,19.02,17.6,422.4,24,140.2185,0.61,Rough,FMS_MARITIME,2026-04-06
2023-11-17,138,MGO,76.33,15.2,364.8,24,651.5669,0.48,Moderate,FMS_MARITIME,2026-04-06
2023-11-18,138,VLSFO,44.62,9.9,237.6,24,584.7924,0.56,Moderate,FMS_MARITIME,2026-04-06
2023-11-19,138,VLSFO,71.1,9.4,225.6,24,981.4069,0.63,Rough,FMS_MARITIME,2026-04-06
2023-11-20,138,LNG,37.02,10.7,256.8,24,448.9107,0.59,Calm,FMS_MARITIME,2026-04-06
2023-11-21,138,LSMGO,57.86,11.4,273.6,24,658.5382,0.7,Calm,FMS_MARITIME,2026-04-06
2023-11-22,138,LNG,25.91,15.8,379.2,24,212.7736,0.57,Rough,FMS_MARITIME,2026-04-06
2023-11-23,138,MGO,23.63,18.0,432.0,24,170.3329,0.83,Rough,FMS_MARITIME,2026-04-06
2023-11-24,138,LNG,23.79,15.0,360.0,24,205.7835,0.69,Rough,FMS_MARITIME,2026-04-06
2023-11-25,138,HFO,22.51,15.2,364.8,24,192.1495,0.84,Calm,FMS_MARITIME,2026-04-06
2023-11-26,138,VLSFO,16.11,11.7,280.8,24,178.6558,0.55,Calm,FMS_MARITIME,2026-04-06
2023-11-27,138,VLSFO,68.41,17.7,424.8,24,501.4801,0.51,Calm,FMS_MARITIME,2026-04-06
2023-11-28,138,LSMGO,39.12,14.7,352.8,24,345.2939,0.74,Rough,FMS_MARITIME,2026-04-06
2023-11-28,138,MGO,71.36,16.5,396.0,24,561.1491,0.74,Calm,FMS_MARITIME,2026-04-06
2023-11-28,138,HFO,53.74,8.1,194.4,24,860.8352,0.91,Rough,FMS_MARITIME,2026-04-06
2023-11-01,139,HFO,60.96,8.3,199.2,24,952.959,0.72,Rough,FMS_MARITIME,2026-04-06
2023-11-02,139,MGO,46.33,12.4,297.6,24,484.7837,0.88,Rough,FMS_MARITIME,2026-04-06
2023-11-03,139,LSMGO,46.36,15.5,372.0,24,388.0781,0.56,Rough,FMS_MARITIME,2026-04-06
2023-11-04,139,LNG,61.74,9.8,235.2,24,817.425,0.88,Rough,FMS_MARITIME,2026-04-06
2023-11-05,139,VLSFO,39.09,13.2,316.8,24,384.2369,0.72,Rough,FMS_MARITIME,2026-04-06
2023-11-06,139,LNG,53.18,10.1,242.4,24,683.1787,0.85,Calm,FMS_MARITIME,2026-04-06
2023-11-07,139,MGO,60.65,16.9,405.6,24,465.6413,0.66,Rough,FMS_MARITIME,2026-04-06
2023-11-08,139,LNG,65.28,9.4,225.6,24,901.0723,0.84,Calm,FMS_MARITIME,2026-04-06
2023-11-09,139,LSMGO,59.26,11.5,276.0,24,668.6074,0.42,Moderate,FMS_MARITIME,2026-04-06
2023-11-10,139,MGO,27.07,14.9,357.6,24,235.727,0.98,Calm,FMS_MARITIME,2026-04-06
2023-11-11,139,VLSFO,82.23,12.7,304.8,24,840.1057,0.68,Moderate,FMS_MARITIME,2026-04-06
2023-11-12,139,HFO,19.74,12.2,292.8,24,209.9398,0.75,Moderate,FMS_MARITIME,2026-04-06
2023-11-13,139,MGO,72.54,13.1,314.4,24,718.4782,0.86,Calm,FMS_MARITIME,2026-04-06
2023-11-14,139,LNG,64.62,12.7,304.8,24,660.1925,0.71,Moderate,FMS_MARITIME,2026-04-06
2023-11-15,139,LSMGO,78.99,12.9,309.6,24,794.4924,0.81,Rough,FMS_MARITIME,2026-04-06
2023-11-16,139,LSMGO,81.72,16.2,388.8,24,654.5167,0.95,Moderate,FMS_MARITIME,2026-04-06
2023-11-17,139,LSMGO,78.43,12.3,295.2,24,827.3409,0.81,Calm,FMS_MARITIME,2026-04-06
2023-11-18,139,LSMGO,43.32,12.5,300.0,24,449.6616,0.77,Calm,FMS_MARITIME,2026-04-06
2023-11-19,139,LNG,56.62,10.3,247.2,24,713.2471,0.51,Rough,FMS_MARITIME,2026-04-06
2023-11-20,139,LSMGO,43.79,17.0,408.0,24,334.2207,0.55,Moderate,FMS_MARITIME,2026-04-06
2023-11-21,139,LNG,49.99,15.5,372.0,24,418.4647,0.61,Rough,FMS_MARITIME,2026-04-06
2023-11-22,139,LSMGO,32.85,15.5,372.0,24,274.9863,0.47,Moderate,FMS_MARITIME,2026-04-06
2023-11-23,139,VLSFO,62.21,11.2,268.8,24,720.6917,0.84,Calm,FMS_MARITIME,2026-04-06
2023-11-24,139,LNG,49.53,16.0,384.0,24,401.6573,0.73,Moderate,FMS_MARITIME,2026-04-06
2023-11-25,139,MGO,19.35,11.7,280.8,24,214.5865,0.69,Moderate,FMS_MARITIME,2026-04-06
2023-11-26,139,LSMGO,65.87,9.9,237.6,24,863.2962,0.4,Moderate,FMS_MARITIME,2026-04-06
2023-11-27,139,HFO,31.98,17.2,412.8,24,241.2445,0.89,Calm,FMS_MARITIME,2026-04-06
2023-11-28,139,MGO,46.27,11.1,266.4,24,540.8588,0.57,Rough,FMS_MARITIME,2026-04-06
2023-11-28,139,LSMGO,38.2,13.7,328.8,24,361.7847,0.42,Moderate,FMS_MARITIME,2026-04-06
2023-11-28,139,HFO,75.03,15.6,374.4,24,624.0476,0.79,Moderate,FMS_MARITIME,2026-04-06
2023-11-01,140,HFO,30.98,13.9,333.6,24,289.1838,0.69,Calm,FMS_MARITIME,2026-04-06
2023-11-02,140,LSMGO,22.71,9.6,230.4,24,306.9398,0.45,Moderate,FMS_MARITIME,2026-04-06
2023-11-03,140,LNG,70.01,12.3,295.2,24,738.5201,0.45,Moderate,FMS_MARITIME,2026-04-06
2023-11-04,140,VLSFO,71.34,9.1,218.4,24,1017.183,0.73,Calm,FMS_MARITIME,2026-04-06
2023-11-05,140,LSMGO,60.05,10.0,240.0,24,779.1487,0.49,Rough,FMS_MARITIME,2026-04-06
2023-11-06,140,LNG,34.95,10.2,244.8,24,444.5846,0.59,Calm,FMS_MARITIME,2026-04-06
2023-11-07,140,HFO,48.15,15.4,369.6,24,405.6794,0.77,Moderate,FMS_MARITIME,2026-04-06
2023-11-08,140,HFO,52.61,16.6,398.4,24,411.2137,0.69,Calm,FMS_MARITIME,2026-04-06
2023-11-09,140,VLSFO,68.66,14.6,350.4,24,610.1805,1.0,Rough,FMS_MARITIME,2026-04-06
2023-11-10,140,LSMGO,68.74,12.4,297.6,24,719.2754,0.58,Rough,FMS_MARITIME,2026-04-06
2023-11-11,140,MGO,23.76,10.3,247.2,24,299.3068,0.95,Moderate,FMS_MARITIME,2026-04-06
2023-11-12,140,LNG,75.92,11.2,268.8,24,879.5196,0.98,Moderate,FMS_MARITIME,2026-04-06
2023-11-13,140,MGO,64.93,10.2,244.8,24,825.9478,0.41,Rough,FMS_MARITIME,2026-04-06
2023-11-14,140,VLSFO,44.65,14.0,336.0,24,413.8098,0.95,Moderate,FMS_MARITIME,2026-04-06
2023-11-15,140,MGO,28.05,14.1,338.4,24,258.1197,0.62,Rough,FMS_MARITIME,2026-04-06
2023-11-16,140,MGO,49.66,13.4,321.6,24,480.8496,0.43,Calm,FMS_MARITIME,2026-04-06
2023-11-17,140,LSMGO,63.6,17.0,408.0,24,485.4176,0.94,Rough,FMS_MARITIME,2026-04-06
2023-11-18,140,VLSFO,83.67,12.2,292.8,24,889.851,0.52,Moderate,FMS_MARITIME,2026-04-06
2023-11-19,140,HFO,49.3,17.4,417.6,24,367.625,0.46,Rough,FMS_MARITIME,2026-04-06
2023-11-20,140,LSMGO,20.01,10.8,259.2,24,240.3979,0.95,Calm,FMS_MARITIME,2026-04-06
2023-11-21,140,LSMGO,77.13,12.7,304.8,24,788.0014,0.93,Moderate,FMS_MARITIME,2026-04-06
2023-11-22,140,VLSFO,69.91,16.7,400.8,24,543.163,0.82,Calm,FMS_MARITIME,2026-04-06
2023-11-23,140,LSMGO,54.78,10.3,247.2,24,690.0684,0.52,Moderate,FMS_MARITIME,2026-04-06
2023-11-24,140,LSMGO,28.08,17.2,412.8,24,211.8244,0.6,Rough,FMS_MARITIME,2026-04-06
2023-11-25,140,VLSFO,78.96,14.9,357.6,24,687.5879,0.59,Moderate,FMS_MARITIME,2026-04-06
2023-11-26,140,LSMGO,58.8,17.0,408.0,24,448.7824,0.45,Rough,FMS_MARITIME,2026-04-06
2023-11-27,140,LSMGO,24.79,8.4,201.6,24,382.917,0.59,Rough,FMS_MARITIME,2026-04-06
2023-11-28,140,MGO,56.44,12.0,288.0,24,610.2575,0.71,Calm,FMS_MARITIME,2026-04-06
2023-11-28,140,VLSFO,17.43,13.4,321.6,24,168.7718,0.69,Calm,FMS_MARITIME,2026-04-06
2023-11-28,140,MGO,33.13,10.8,259.2,24,398.0201,0.7,Rough,FMS_MARITIME,2026-04-06
2023-11-01,141,MGO,51.59,9.8,235.2,24,683.0411,0.57,Rough,FMS_MARITIME,2026-04-06
2023-11-02,141,HFO,51.59,13.9,333.6,24,481.5685,0.7,Moderate,FMS_MARITIME,2026-04-06
2023-11-03,141,LNG,80.08,14.0,336.0,24,742.17,0.64,Moderate,FMS_MARITIME,2026-04-06
2023-11-04,141,LSMGO,49.45,12.4,297.6,24,517.4304,0.62,Rough,FMS_MARITIME,2026-04-06
2023-11-05,141,HFO,28.54,12.0,288.0,24,308.5887,0.54,Rough,FMS_MARITIME,2026-04-06
2023-11-06,141,MGO,48.91,12.5,300.0,24,507.6858,0.87,Moderate,FMS_MARITIME,2026-04-06
2023-11-07,141,HFO,49.57,8.3,199.2,24,774.9045,0.98,Rough,FMS_MARITIME,2026-04-06
2023-11-08,141,LSMGO,62.69,8.7,208.8,24,934.9457,0.57,Rough,FMS_MARITIME,2026-04-06
2023-11-09,141,MGO,19.09,8.1,194.4,24,305.7935,0.61,Calm,FMS_MARITIME,2026-04-06
2023-11-10,141,LSMGO,33.43,17.9,429.6,24,242.3208,0.9,Moderate,FMS_MARITIME,2026-04-06
2023-11-11,141,VLSFO,19.55,15.8,379.2,24,160.5451,0.72,Rough,FMS_MARITIME,2026-04-06
2023-11-12,141,VLSFO,49.62,15.7,376.8,24,410.0761,0.49,Moderate,FMS_MARITIME,2026-04-06
2023-11-13,141,LSMGO,84.93,10.1,242.4,24,1091.0562,0.98,Calm,FMS_MARITIME,2026-04-06
2023-11-14,141,MGO,83.98,17.5,420.0,24,622.6517,0.65,Calm,FMS_MARITIME,2026-04-06
2023-11-15,141,LNG,40.95,10.1,242.4,24,526.0656,0.63,Moderate,FMS_MARITIME,2026-04-06
2023-11-16,141,LNG,36.64,15.6,374.4,24,304.7462,0.75,Rough,FMS_MARITIME,2026-04-06
2023-11-17,141,LSMGO,24.97,13.9,333.6,24,233.0833,0.63,Moderate,FMS_MARITIME,2026-04-06
2023-11-18,141,LSMGO,37.94,12.9,309.6,24,381.6058,1.0,Moderate,FMS_MARITIME,2026-04-06
2023-11-19,141,MGO,78.47,8.9,213.6,24,1143.9868,0.63,Moderate,FMS_MARITIME,2026-04-06
2023-11-20,141,LNG,65.04,14.7,352.8,24,574.0776,0.6,Calm,FMS_MARITIME,2026-04-06
2023-11-21,141,MGO,26.59,13.9,333.6,24,248.2052,0.79,Moderate,FMS_MARITIME,2026-04-06
2023-11-22,141,VLSFO,20.5,8.1,194.4,24,328.3796,0.7,Calm,FMS_MARITIME,2026-04-06
2023-11-23,141,LSMGO,79.8,15.2,364.8,24,681.1875,0.89,Moderate,FMS_MARITIME,2026-04-06
2023-11-24,141,VLSFO,21.14,11.4,273.6,24,240.6066,0.47,Rough,FMS_MARITIME,2026-04-06
2023-11-25,141,HFO,61.92,15.8,379.2,24,508.4886,0.86,Rough,FMS_MARITIME,2026-04-06
2023-11-26,141,LNG,29.8,17.9,429.6,24,216.0084,0.69,Calm,FMS_MARITIME,2026-04-06
2023-11-27,141,HFO,66.57,15.8,379.2,24,546.6745,0.96,Rough,FMS_MARITIME,2026-04-06
2023-11-28,141,HFO,76.83,10.0,240.0,24,996.8692,0.73,Moderate,FMS_MARITIME,2026-04-06
2023-11-28,141,LNG,39.04,16.6,398.4,24,305.147,0.56,Moderate,FMS_MARITIME,2026-04-06
2023-11-28,141,VLSFO,72.57,9.4,225.6,24,1001.6976,0.65,Moderate,FMS_MARITIME,2026-04-06
2023-11-01,142,LSMGO,66.93,15.3,367.2,24,567.5926,0.69,Moderate,FMS_MARITIME,2026-04-06
2023-11-02,142,VLSFO,29.88,10.5,252.0,24,369.2314,0.77,Calm,FMS_MARITIME,2026-04-06
2023-11-03,142,HFO,66.75,12.9,309.6,24,671.3808,0.81,Rough,FMS_MARITIME,2026-04-06
2023-11-04,142,HFO,19.28,9.4,225.6,24,266.1255,0.54,Rough,FMS_MARITIME,2026-04-06
2023-11-05,142,VLSFO,57.47,13.7,328.8,24,544.287,0.47,Rough,FMS_MARITIME,2026-04-06
2023-11-06,142,HFO,17.07,15.1,362.4,24,146.6776,0.79,Calm,FMS_MARITIME,2026-04-06
2023-11-07,142,LSMGO,61.78,11.0,264.0,24,728.7232,0.48,Rough,FMS_MARITIME,2026-04-06
2023-11-08,142,MGO,27.57,10.1,242.4,24,354.179,0.73,Calm,FMS_MARITIME,2026-04-06
2023-11-09,142,LNG,74.16,13.9,333.6,24,692.2489,0.48,Moderate,FMS_MARITIME,2026-04-06
2023-11-10,142,VLSFO,46.13,16.4,393.6,24,364.9614,0.55,Rough,FMS_MARITIME,2026-04-06
2023-11-11,142,VLSFO,43.35,10.0,240.0,24,562.4662,0.6,Calm,FMS_MARITIME,2026-04-06
2023-11-12,142,VLSFO,79.19,16.9,405.6,24,607.9824,0.42,Moderate,FMS_MARITIME,2026-04-06
2023-11-13,142,LNG,29.13,8.8,211.2,24,429.502,0.86,Moderate,FMS_MARITIME,2026-04-06
2023-11-14,142,LSMGO,26.41,17.8,427.2,24,192.5111,0.61,Calm,FMS_MARITIME,2026-04-06
2023-11-15,142,LNG,77.61,8.8,211.2,24,1144.3065,0.91,Moderate,FMS_MARITIME,2026-04-06
2023-11-16,142,HFO,22.71,16.6,398.4,24,177.5074,0.62,Calm,FMS_MARITIME,2026-04-06
2023-11-17,142,LNG,16.86,11.7,280.8,24,186.9731,0.91,Calm,FMS_MARITIME,2026-04-06
2023-11-18,142,MGO,37.85,14.0,336.0,24,350.7884,0.83,Rough,FMS_MARITIME,2026-04-06
2023-11-19,142,LSMGO,40.33,8.5,204.0,24,615.6256,0.66,Rough,FMS_MARITIME,2026-04-06
2023-11-20,142,LSMGO,53.67,14.9,357.6,24,467.3612,0.52,Moderate,FMS_MARITIME,2026-04-06
2023-11-21,142,LSMGO,73.22,10.1,242.4,24,940.6233,0.92,Rough,FMS_MARITIME,2026-04-06
2023-11-22,142,LSMGO,84.69,13.1,314.4,24,838.8189,0.56,Rough,FMS_MARITIME,2026-04-06
2023-11-23,142,LNG,36.96,15.3,367.2,24,313.4353,0.58,Calm,FMS_MARITIME,2026-04-06
2023-11-24,142,LNG,67.75,10.6,254.4,24,829.2983,0.91,Moderate,FMS_MARITIME,2026-04-06
2023-11-25,142,LNG,31.26,13.4,321.6,24,302.6854,0.71,Rough,FMS_MARITIME,2026-04-06
2023-11-26,142,LNG,71.55,10.9,261.6,24,851.7076,0.74,Rough,FMS_MARITIME,2026-04-06
2023-11-27,142,LSMGO,31.47,15.1,362.4,24,270.4127,0.94,Moderate,FMS_MARITIME,2026-04-06
2023-11-28,142,VLSFO,72.2,14.8,355.2,24,632.9696,0.74,Rough,FMS_MARITIME,2026-04-06
2023-11-28,142,VLSFO,45.35,15.3,367.2,24,384.5858,0.89,Rough,FMS_MARITIME,2026-04-06
2023-11-28,142,LNG,46.87,17.9,429.6,24,339.742,0.85,Moderate,FMS_MARITIME,2026-04-06
2023-11-01,143,MGO,76.11,14.7,352.8,24,671.7872,0.51,Rough,FMS_MARITIME,2026-04-06
2023-11-02,143,LSMGO,37.21,11.6,278.4,24,416.2067,0.43,Moderate,FMS_MARITIME,2026-04-06
2023-11-03,143,VLSFO,58.76,17.0,408.0,24,448.4771,0.46,Rough,FMS_MARITIME,2026-04-06
2023-11-04,143,HFO,56.36,11.8,283.2,24,619.7212,0.47,Moderate,FMS_MARITIME,2026-04-06
2023-11-05,143,LSMGO,84.04,17.7,424.8,24,616.0559,0.4,Moderate,FMS_MARITIME,2026-04-06
2023-11-06,143,LNG,39.35,10.8,259.2,24,472.7465,0.49,Rough,FMS_MARITIME,2026-04-06
2023-11-07,143,MGO,80.39,8.4,201.6,24,1241.7384,0.69,Calm,FMS_MARITIME,2026-04-06
2023-11-08,143,MGO,27.07,17.4,417.6,24,201.8582,0.87,Moderate,FMS_MARITIME,2026-04-06
2023-11-09,143,LNG,41.4,11.8,283.2,24,455.2246,0.71,Calm,FMS_MARITIME,2026-04-06
2023-11-10,143,VLSFO,29.33,10.1,242.4,24,376.7889,0.75,Rough,FMS_MARITIME,2026-04-06
2023-11-11,143,LNG,72.66,11.3,271.2,24,834.304,0.98,Rough,FMS_MARITIME,2026-04-06
2023-11-12,143,LNG,52.02,16.9,405.6,24,399.3843,0.55,Calm,FMS_MARITIME,2026-04-06
2023-11-13,143,VLSFO,33.53,15.0,360.0,24,290.0345,0.82,Rough,FMS_MARITIME,2026-04-06
2023-11-14,143,LNG,80.38,17.6,422.4,24,592.5741,0.7,Rough,FMS_MARITIME,2026-04-06
2023-11-15,143,LSMGO,57.56,11.0,264.0,24,678.9464,0.92,Rough,FMS_MARITIME,2026-04-06
2023-11-16,143,VLSFO,58.61,8.4,201.6,24,905.3152,0.41,Rough,FMS_MARITIME,2026-04-06
2023-11-17,143,LSMGO,74.39,13.2,316.8,24,731.2199,0.62,Calm,FMS_MARITIME,2026-04-06
2023-11-18,143,LNG,32.37,10.3,247.2,24,407.7677,0.48,Rough,FMS_MARITIME,2026-04-06
2023-11-19,143,MGO,28.1,17.3,415.2,24,210.75,0.82,Calm,FMS_MARITIME,2026-04-06
2023-11-20,143,MGO,44.86,17.4,417.6,24,334.5164,0.78,Rough,FMS_MARITIME,2026-04-06
2023-11-21,143,LSMGO,84.11,12.1,290.4,24,901.9233,1.0,Moderate,FMS_MARITIME,2026-04-06
2023-11-22,143,LNG,54.63,10.4,249.6,24,681.5618,0.74,Moderate,FMS_MARITIME,2026-04-06
2023-11-23,143,LNG,76.36,13.7,328.8,24,723.1905,0.4,Moderate,FMS_MARITIME,2026-04-06
2023-11-24,143,LSMGO,17.05,12.9,309.6,24,171.4913,0.85,Moderate,FMS_MARITIME,2026-04-06
2023-11-25,143,HFO,79.21,11.8,283.2,24,870.9744,0.96,Moderate,FMS_MARITIME,2026-04-06
2023-11-26,143,LSMGO,58.34,8.9,213.6,24,850.5185,0.5,Moderate,FMS_MARITIME,2026-04-06
2023-11-27,143,LSMGO,57.74,15.1,362.4,24,496.1434,0.78,Rough,FMS_MARITIME,2026-04-06
2023-11-28,143,LNG,75.65,14.8,355.2,24,663.2154,0.62,Rough,FMS_MARITIME,2026-04-06
2023-11-28,143,MGO,60.95,17.3,415.2,24,457.125,0.77,Calm,FMS_MARITIME,2026-04-06
2023-11-28,143,HFO,66.96,11.5,276.0,24,755.4835,0.59,Rough,FMS_MARITIME,2026-04-06
2023-11-01,144,LNG,34.08,12.5,300.0,24,353.7504,0.98,Moderate,FMS_MARITIME,2026-04-06
2023-11-02,144,MGO,54.26,14.5,348.0,24,485.5334,0.57,Rough,FMS_MARITIME,2026-04-06
2023-11-03,144,VLSFO,63.6,12.1,290.4,24,681.9917,0.76,Calm,FMS_MARITIME,2026-04-06
2023-11-04,144,MGO,48.46,12.4,297.6,24,507.0714,0.73,Moderate,FMS_MARITIME,2026-04-06
2023-11-05,144,LNG,27.19,12.7,304.8,24,277.7876,0.94,Rough,FMS_MARITIME,2026-04-06
2023-11-06,144,VLSFO,49.48,15.4,369.6,24,416.8851,0.66,Rough,FMS_MARITIME,2026-04-06
2023-11-07,144,HFO,59.29,9.7,232.8,24,793.0802,0.8,Rough,FMS_MARITIME,2026-04-06
2023-11-08,144,LNG,43.07,13.1,314.4,24,426.5903,0.85,Rough,FMS_MARITIME,2026-04-06
2023-11-09,144,HFO,22.41,17.1,410.4,24,170.0408,0.8,Moderate,FMS_MARITIME,2026-04-06
2023-11-10,144,LNG,49.1,12.2,292.8,24,522.1906,0.41,Moderate,FMS_MARITIME,2026-04-06
2023-11-11,144,MGO,79.31,13.2,316.8,24,779.5812,0.53,Rough,FMS_MARITIME,2026-04-06
2023-11-12,144,HFO,60.28,10.8,259.2,24,724.1972,0.42,Moderate,FMS_MARITIME,2026-04-06
2023-11-13,144,MGO,18.88,17.4,417.6,24,140.7862,0.67,Moderate,FMS_MARITIME,2026-04-06
2023-11-14,144,MGO,50.15,14.7,352.8,24,442.6505,0.54,Calm,FMS_MARITIME,2026-04-06
2023-11-15,144,LSMGO,82.72,9.6,230.4,24,1118.0125,0.69,Moderate,FMS_MARITIME,2026-04-06
2023-11-16,144,HFO,53.17,8.1,194.4,24,851.7046,0.42,Moderate,FMS_MARITIME,2026-04-06
2023-11-17,144,HFO,21.35,13.8,331.2,24,200.7364,0.7,Calm,FMS_MARITIME,2026-04-06
2023-11-18,144,LNG,32.79,16.8,403.2,24,253.2442,0.54,Rough,FMS_MARITIME,2026-04-06
2023-11-19,144,MGO,65.33,14.1,338.4,24,601.175,0.7,Calm,FMS_MARITIME,2026-04-06
2023-11-20,144,LNG,65.44,16.5,396.0,24,514.5964,0.48,Moderate,FMS_MARITIME,2026-04-06
2023-11-21,144,VLSFO,57.05,14.4,345.6,24,514.0443,0.6,Rough,FMS_MARITIME,2026-04-06
2023-11-22,144,MGO,24.95,11.6,278.4,24,279.0744,0.65,Moderate,FMS_MARITIME,2026-04-06
2023-11-23,144,LNG,35.44,16.5,396.0,24,278.6873,0.99,Moderate,FMS_MARITIME,2026-04-06
2023-11-24,144,MGO,19.01,8.8,211.2,24,280.2895,0.75,Moderate,FMS_MARITIME,2026-04-06
2023-11-25,144,MGO,65.22,15.6,374.4,24,542.4548,0.61,Moderate,FMS_MARITIME,2026-04-06
2023-11-26,144,LNG,53.28,13.8,331.2,24,500.9478,0.55,Rough,FMS_MARITIME,2026-04-06
2023-11-27,144,HFO,76.41,17.7,424.8,24,560.1242,0.47,Calm,FMS_MARITIME,2026-04-06
2023-11-28,144,MGO,24.13,15.1,362.4,24,207.3422,0.89,Rough,FMS_MARITIME,2026-04-06
2023-11-28,144,MGO,49.27,16.0,384.0,24,399.5489,0.7,Rough,FMS_MARITIME,2026-04-06
2023-11-28,144,LSMGO,34.53,11.5,276.0,24,389.5885,0.55,Moderate,FMS_MARITIME,2026-04-06
2023-11-01,145,VLSFO,83.9,8.3,199.2,24,1311.5693,0.72,Moderate,FMS_MARITIME,2026-04-06
2023-11-02,145,VLSFO,34.81,15.9,381.6,24,284.0627,0.44,Calm,FMS_MARITIME,2026-04-06
2023-11-03,145,LNG,18.85,17.0,408.0,24,143.8699,0.91,Rough,FMS_MARITIME,2026-04-06
2023-11-04,145,HFO,83.23,14.9,357.6,24,724.7713,0.88,Calm,FMS_MARITIME,2026-04-06
2023-11-05,145,LSMGO,43.47,15.0,360.0,24,376.0155,0.49,Rough,FMS_MARITIME,2026-04-06
2023-11-06,145,LSMGO,61.9,11.8,283.2,24,680.6377,0.85,Calm,FMS_MARITIME,2026-04-06
2023-11-07,145,MGO,69.05,12.2,292.8,24,734.3637,0.5,Rough,FMS_MARITIME,2026-04-06
2023-11-08,145,VLSFO,50.05,9.5,228.0,24,683.5776,0.83,Calm,FMS_MARITIME,2026-04-06
2023-11-09,145,VLSFO,71.95,12.6,302.4,24,740.9137,0.96,Moderate,FMS_MARITIME,2026-04-06
2023-11-10,145,LNG,29.18,9.8,235.2,24,386.3372,0.95,Calm,FMS_MARITIME,2026-04-06
2023-11-11,145,VLSFO,73.06,12.1,290.4,24,783.4326,0.67,Rough,FMS_MARITIME,2026-04-06
2023-11-12,145,HFO,16.14,15.0,360.0,24,139.611,0.87,Calm,FMS_MARITIME,2026-04-06
2023-11-13,145,MGO,46.37,11.7,280.8,24,514.2314,0.95,Moderate,FMS_MARITIME,2026-04-06
2023-11-14,145,MGO,74.7,8.2,196.8,24,1181.9909,0.82,Calm,FMS_MARITIME,2026-04-06
2023-11-15,145,VLSFO,63.82,13.9,333.6,24,595.7299,0.66,Moderate,FMS_MARITIME,2026-04-06
2023-11-16,145,HFO,41.0,16.4,393.6,24,324.375,0.64,Rough,FMS_MARITIME,2026-04-06
2023-11-17,145,LSMGO,29.76,8.4,201.6,24,459.6857,0.49,Moderate,FMS_MARITIME,2026-04-06
2023-11-18,145,MGO,41.24,12.8,307.2,24,418.0383,0.89,Rough,FMS_MARITIME,2026-04-06
2023-11-19,145,HFO,51.53,13.6,326.4,24,491.6189,0.72,Moderate,FMS_MARITIME,2026-04-06
2023-11-20,145,MGO,35.35,15.4,369.6,24,297.8352,0.49,Calm,FMS_MARITIME,2026-04-06
2023-11-21,145,LSMGO,79.14,17.1,410.4,24,600.4921,0.56,Rough,FMS_MARITIME,2026-04-06
2023-11-22,145,LNG,59.47,8.2,196.8,24,941.004,0.56,Rough,FMS_MARITIME,2026-04-06
2023-11-23,145,MGO,19.74,14.8,355.2,24,173.0584,0.52,Calm,FMS_MARITIME,2026-04-06
2023-11-24,145,LSMGO,28.13,15.5,372.0,24,235.4753,0.62,Calm,FMS_MARITIME,2026-04-06
2023-11-25,145,VLSFO,45.27,14.5,348.0,24,405.0884,0.66,Calm,FMS_MARITIME,2026-04-06
2023-11-26,145,LNG,22.99,12.5,300.0,24,238.6362,0.54,Moderate,FMS_MARITIME,2026-04-06
2023-11-27,145,HFO,22.18,15.4,369.6,24,186.8737,0.5,Moderate,FMS_MARITIME,2026-04-06
2023-11-28,145,LNG,61.88,14.1,338.4,24,569.4277,0.79,Rough,FMS_MARITIME,2026-04-06
2023-11-28,145,VLSFO,38.13,10.6,254.4,24,466.7328,0.55,Rough,FMS_MARITIME,2026-04-06
2023-11-28,145,MGO,75.04,16.5,396.0,24,590.0873,0.82,Calm,FMS_MARITIME,2026-04-06
2023-11-01,146,LNG,18.64,8.5,204.0,24,284.5341,0.84,Rough,FMS_MARITIME,2026-04-06
2023-11-02,146,VLSFO,25.53,15.7,376.8,24,210.9884,0.51,Calm,FMS_MARITIME,2026-04-06
2023-11-03,146,MGO,74.89,8.5,204.0,24,1143.1738,0.55,Rough,FMS_MARITIME,2026-04-06
2023-11-04,146,VLSFO,81.73,10.7,256.8,24,991.0717,0.94,Rough,FMS_MARITIME,2026-04-06
2023-11-05,146,VLSFO,68.71,9.4,225.6,24,948.4173,0.73,Calm,FMS_MARITIME,2026-04-06
2023-11-06,146,LSMGO,19.21,8.3,199.2,24,300.3009,0.9,Moderate,FMS_MARITIME,2026-04-06
2023-11-07,146,HFO,30.98,12.4,297.6,24,324.1657,0.85,Calm,FMS_MARITIME,2026-04-06
2023-11-08,146,VLSFO,47.75,17.5,420.0,24,354.0321,0.45,Calm,FMS_MARITIME,2026-04-06
2023-11-09,146,LSMGO,51.78,10.8,259.2,24,622.0792,0.49,Moderate,FMS_MARITIME,2026-04-06
2023-11-10,146,MGO,22.03,11.1,266.4,24,257.5128,0.44,Moderate,FMS_MARITIME,2026-04-06
2023-11-11,146,HFO,61.27,11.7,280.8,24,679.4686,0.58,Rough,FMS_MARITIME,2026-04-06
2023-11-12,146,LNG,20.53,14.9,357.6,24,178.7763,0.65,Rough,FMS_MARITIME,2026-04-06
2023-11-13,146,HFO,30.14,15.5,372.0,24,252.301,0.63,Moderate,FMS_MARITIME,2026-04-06
2023-11-14,146,MGO,64.52,15.4,369.6,24,543.6019,0.96,Calm,FMS_MARITIME,2026-04-06
2023-11-15,146,LSMGO,33.44,16.6,398.4,24,261.3759,0.69,Moderate,FMS_MARITIME,2026-04-06
2023-11-16,146,LSMGO,28.66,12.8,307.2,24,290.5184,0.93,Rough,FMS_MARITIME,2026-04-06
2023-11-17,146,HFO,16.35,16.5,396.0,24,128.5705,0.45,Moderate,FMS_MARITIME,2026-04-06
2023-11-18,146,MGO,59.04,12.2,292.8,24,627.9049,0.47,Calm,FMS_MARITIME,2026-04-06
2023-11-19,146,MGO,74.32,13.8,331.2,24,698.7696,0.46,Rough,FMS_MARITIME,2026-04-06
2023-11-20,146,HFO,48.39,9.2,220.8,24,682.4568,0.68,Moderate,FMS_MARITIME,2026-04-06
2023-11-21,146,VLSFO,53.57,8.4,201.6,24,827.4652,0.66,Rough,FMS_MARITIME,2026-04-06
2023-11-22,146,VLSFO,27.13,13.9,333.6,24,253.2459,0.63,Rough,FMS_MARITIME,2026-04-06
2023-11-23,146,LSMGO,64.66,13.7,328.8,24,612.3821,0.43,Rough,FMS_MARITIME,2026-04-06
2023-11-24,146,VLSFO,81.72,17.6,422.4,24,602.4528,0.82,Moderate,FMS_MARITIME,2026-04-06
2023-11-25,146,MGO,32.31,16.2,388.8,24,258.7792,0.86,Moderate,FMS_MARITIME,2026-04-06
2023-11-26,146,MGO,26.69,9.0,216.0,24,384.7808,0.49,Rough,FMS_MARITIME,2026-04-06
2023-11-27,146,MGO,62.09,11.8,283.2,24,682.7269,0.58,Moderate,FMS_MARITIME,2026-04-06
2023-11-28,146,LNG,25.9,11.0,264.0,24,305.5023,0.45,Calm,FMS_MARITIME,2026-04-06
2023-11-28,146,VLSFO,35.38,10.5,252.0,24,437.1957,0.55,Rough,FMS_MARITIME,2026-04-06
2023-11-28,146,VLSFO,52.82,15.2,364.8,24,450.8813,0.84,Calm,FMS_MARITIME,2026-04-06
2023-11-01,147,LNG,37.74,8.8,211.2,24,556.4506,0.85,Moderate,FMS_MARITIME,2026-04-06
2023-11-02,147,MGO,67.16,13.1,314.4,24,665.1916,0.41,Calm,FMS_MARITIME,2026-04-06
2023-11-03,147,HFO,31.24,9.7,232.8,24,417.8753,0.93,Rough,FMS_MARITIME,2026-04-06
2023-11-04,147,LNG,27.11,13.7,328.8,24,256.7535,0.71,Calm,FMS_MARITIME,2026-04-06
2023-11-05,147,LNG,65.4,15.6,374.4,24,543.9519,0.92,Calm,FMS_MARITIME,2026-04-06
2023-11-06,147,VLSFO,72.23,16.2,388.8,24,578.5088,0.81,Moderate,FMS_MARITIME,2026-04-06
2023-11-07,147,LNG,64.43,9.1,218.4,24,918.6585,0.73,Moderate,FMS_MARITIME,2026-04-06
2023-11-08,147,VLSFO,39.02,12.2,292.8,24,414.9873,0.77,Rough,FMS_MARITIME,2026-04-06
2023-11-09,147,LNG,56.57,17.8,427.2,24,412.3572,0.7,Rough,FMS_MARITIME,2026-04-06
2023-11-10,147,LNG,37.48,11.3,271.2,24,430.3566,0.65,Rough,FMS_MARITIME,2026-04-06
2023-11-11,147,MGO,63.94,17.3,415.2,24,479.55,0.67,Calm,FMS_MARITIME,2026-04-06
2023-11-12,147,VLSFO,54.45,16.6,398.4,24,425.5956,0.97,Calm,FMS_MARITIME,2026-04-06
2023-11-13,147,LNG,59.45,17.6,422.4,24,438.2749,0.94,Rough,FMS_MARITIME,2026-04-06
2023-11-14,147,HFO,20.62,17.2,412.8,24,155.5491,0.53,Moderate,FMS_MARITIME,2026-04-06
2023-11-15,147,LNG,61.16,10.0,240.0,24,793.551,0.88,Rough,FMS_MARITIME,2026-04-06
2023-11-16,147,HFO,32.3,11.7,280.8,24,358.1987,0.73,Rough,FMS_MARITIME,2026-04-06
2023-11-17,147,LNG,72.37,8.5,204.0,24,1104.7068,0.71,Calm,FMS_MARITIME,2026-04-06
2023-11-18,147,VLSFO,27.27,13.5,324.0,24,262.095,0.52,Moderate,FMS_MARITIME,2026-04-06
2023-11-19,147,HFO,54.96,13.7,328.8,24,520.5153,0.96,Calm,FMS_MARITIME,2026-04-06
2023-11-20,147,MGO,32.31,13.2,316.8,24,317.5926,0.42,Moderate,FMS_MARITIME,2026-04-06
2023-11-21,147,LSMGO,69.57,14.3,343.2,24,631.2383,0.8,Moderate,FMS_MARITIME,2026-04-06
2023-11-22,147,VLSFO,52.79,8.3,199.2,24,825.2413,0.68,Rough,FMS_MARITIME,2026-04-06
2023-11-23,147,LNG,77.01,8.8,211.2,24,1135.4599,0.56,Calm,FMS_MARITIME,2026-04-06
2023-11-24,147,MGO,34.02,11.6,278.4,24,380.5254,0.76,Calm,FMS_MARITIME,2026-04-06
2023-11-25,147,LSMGO,38.49,12.5,300.0,24,399.5262,0.78,Moderate,FMS_MARITIME,2026-04-06
2023-11-26,147,LSMGO,70.59,14.7,352.8,24,623.0648,0.9,Moderate,FMS_MARITIME,2026-04-06
2023-11-27,147,MGO,77.1,12.8,307.2,24,781.541,0.59,Calm,FMS_MARITIME,2026-04-06
2023-11-28,147,MGO,68.92,10.4,249.6,24,859.8433,0.7,Moderate,FMS_MARITIME,2026-04-06
2023-11-28,147,LNG,61.9,11.2,268.8,24,717.1004,0.72,Moderate,FMS_MARITIME,2026-04-06
2023-11-28,147,VLSFO,34.08,13.1,314.4,24,337.5481,0.85,Moderate,FMS_MARITIME,2026-04-06
2023-11-01,148,HFO,41.18,14.6,350.4,24,365.9661,0.85,Calm,FMS_MARITIME,2026-04-06
2023-11-02,148,MGO,78.52,17.4,417.6,24,585.5155,0.53,Moderate,FMS_MARITIME,2026-04-06
2023-11-03,148,LSMGO,79.42,12.6,302.4,24,817.8369,0.72,Calm,FMS_MARITIME,2026-04-06
2023-11-04,148,HFO,18.59,13.9,333.6,24,173.529,0.72,Moderate,FMS_MARITIME,2026-04-06
2023-11-05,148,MGO,34.67,14.7,352.8,24,306.0158,0.86,Calm,FMS_MARITIME,2026-04-06
2023-11-06,148,HFO,55.71,17.7,424.8,24,408.3826,0.52,Rough,FMS_MARITIME,2026-04-06
2023-11-07,148,HFO,83.47,10.8,259.2,24,1002.7993,0.81,Rough,FMS_MARITIME,2026-04-06
2023-11-08,148,LSMGO,83.34,8.0,192.0,24,1351.6706,0.8,Calm,FMS_MARITIME,2026-04-06
2023-11-09,148,MGO,64.92,13.6,326.4,24,619.3654,0.41,Calm,FMS_MARITIME,2026-04-06
2023-11-10,148,MGO,84.84,15.9,381.6,24,692.3264,0.55,Calm,FMS_MARITIME,2026-04-06
2023-11-11,148,VLSFO,45.4,15.3,367.2,24,385.0098,0.67,Moderate,FMS_MARITIME,2026-04-06
2023-11-12,148,MGO,58.89,12.3,295.2,24,621.2177,0.68,Rough,FMS_MARITIME,2026-04-06
2023-11-13,148,HFO,19.45,8.1,194.4,24,311.5602,0.97,Calm,FMS_MARITIME,2026-04-06
2023-11-14,148,LSMGO,52.0,8.1,194.4,24,832.963,0.84,Calm,FMS_MARITIME,2026-04-06
2023-11-15,148,MGO,33.18,11.7,280.8,24,367.9577,0.83,Moderate,FMS_MARITIME,2026-04-06
2023-11-16,148,LNG,53.44,8.4,201.6,24,825.4571,0.48,Moderate,FMS_MARITIME,2026-04-06
2023-11-17,148,LNG,56.24,10.0,240.0,24,729.714,0.59,Rough,FMS_MARITIME,2026-04-06
2023-11-18,148,LSMGO,47.5,8.7,208.8,24,708.4052,0.75,Moderate,FMS_MARITIME,2026-04-06
2023-11-19,148,MGO,60.19,14.9,357.6,24,524.1378,0.75,Calm,FMS_MARITIME,2026-04-06
2023-11-20,148,LNG,69.99,12.0,288.0,24,756.7669,0.55,Rough,FMS_MARITIME,2026-04-06
2023-11-21,148,VLSFO,20.1,15.3,367.2,24,170.4559,0.99,Moderate,FMS_MARITIME,2026-04-06
2023-11-22,148,MGO,50.02,13.9,333.6,24,466.9133,0.41,Rough,FMS_MARITIME,2026-04-06
2023-11-23,148,LSMGO,45.45,14.3,343.2,24,412.3872,0.46,Moderate,FMS_MARITIME,2026-04-06
2023-11-24,148,HFO,52.99,11.7,280.8,24,587.6455,0.94,Moderate,FMS_MARITIME,2026-04-06
2023-11-25,148,MGO,19.86,11.1,266.4,24,232.1473,0.61,Moderate,FMS_MARITIME,2026-04-06
2023-11-26,148,HFO,39.95,16.2,388.8,24,319.9699,0.79,Rough,FMS_MARITIME,2026-04-06
2023-11-27,148,HFO,70.86,14.5,348.0,24,634.0748,0.48,Rough,FMS_MARITIME,2026-04-06
2023-11-28,148,VLSFO,32.79,13.4,321.6,24,317.5002,0.57,Moderate,FMS_MARITIME,2026-04-06
2023-11-28,148,HFO,72.71,13.5,324.0,24,698.8239,0.99,Moderate,FMS_MARITIME,2026-04-06
2023-11-28,148,HFO,27.58,15.9,381.6,24,225.0632,0.7,Moderate,FMS_MARITIME,2026-04-06
2023-11-01,149,LNG,44.38,14.6,350.4,24,394.4045,0.68,Moderate,FMS_MARITIME,2026-04-06
2023-11-02,149,LNG,22.85,9.9,237.6,24,299.4735,0.53,Rough,FMS_MARITIME,2026-04-06
2023-11-03,149,LNG,42.53,8.2,196.8,24,672.9595,0.58,Calm,FMS_MARITIME,2026-04-06
2023-11-04,149,LSMGO,51.02,17.6,422.4,24,376.1276,0.81,Calm,FMS_MARITIME,2026-04-06
2023-11-05,149,LSMGO,42.2,12.8,307.2,24,427.7695,0.6,Moderate,FMS_MARITIME,2026-04-06
2023-11-06,149,LSMGO,24.14,14.9,357.6,24,210.2124,0.8,Calm,FMS_MARITIME,2026-04-06
2023-11-07,149,MGO,20.48,12.7,304.8,24,209.2346,0.45,Calm,FMS_MARITIME,2026-04-06
2023-11-08,149,LSMGO,42.31,11.9,285.6,24,461.3212,0.95,Calm,FMS_MARITIME,2026-04-06
2023-11-09,149,LNG,80.82,13.3,319.2,24,788.4508,0.68,Calm,FMS_MARITIME,2026-04-06
2023-11-10,149,HFO,24.5,13.3,319.2,24,239.0132,0.47,Rough,FMS_MARITIME,2026-04-06
2023-11-11,149,HFO,41.54,16.3,391.2,24,330.6635,0.94,Moderate,FMS_MARITIME,2026-04-06
2023-11-12,149,LSMGO,58.25,8.8,211.2,24,858.8565,0.53,Moderate,FMS_MARITIME,2026-04-06
2023-11-13,149,VLSFO,30.85,15.9,381.6,24,251.7476,0.87,Moderate,FMS_MARITIME,2026-04-06
2023-11-14,149,MGO,25.82,15.2,364.8,24,220.4043,0.7,Calm,FMS_MARITIME,2026-04-06
2023-11-15,149,LSMGO,25.55,16.7,400.8,24,198.5097,0.97,Rough,FMS_MARITIME,2026-04-06
2023-11-16,149,LNG,44.18,16.3,391.2,24,351.6782,0.89,Rough,FMS_MARITIME,2026-04-06
2023-11-17,149,VLSFO,21.9,12.6,302.4,24,225.5179,0.97,Rough,FMS_MARITIME,2026-04-06
2023-11-18,149,HFO,18.02,14.7,352.8,24,159.0541,0.91,Moderate,FMS_MARITIME,2026-04-06
2023-11-19,149,VLSFO,57.53,11.2,268.8,24,666.4748,0.86,Rough,FMS_MARITIME,2026-04-06
2023-11-20,149,LNG,25.68,12.3,295.2,24,270.8927,0.76,Moderate,FMS_MARITIME,2026-04-06
2023-11-21,149,VLSFO,78.8,14.9,357.6,24,686.1946,0.49,Moderate,FMS_MARITIME,2026-04-06
2023-11-22,149,VLSFO,42.41,9.0,216.0,24,611.4108,0.71,Calm,FMS_MARITIME,2026-04-06
2023-11-23,149,MGO,36.78,8.4,201.6,24,568.1196,0.99,Rough,FMS_MARITIME,2026-04-06
2023-11-24,149,HFO,69.21,8.1,194.4,24,1108.6417,0.65,Rough,FMS_MARITIME,2026-04-06
2023-11-25,149,LNG,77.61,16.4,393.6,24,614.0181,0.63,Rough,FMS_MARITIME,2026-04-06
2023-11-26,149,LSMGO,43.82,9.8,235.2,24,580.1679,0.45,Calm,FMS_MARITIME,2026-04-06
2023-11-27,149,LNG,78.5,16.2,388.8,24,628.7269,0.76,Moderate,FMS_MARITIME,2026-04-06
2023-11-28,149,MGO,44.62,15.6,374.4,24,371.1183,0.9,Moderate,FMS_MARITIME,2026-04-06
2023-11-28,149,VLSFO,72.64,12.4,297.6,24,760.0839,0.81,Calm,FMS_MARITIME,2026-04-06
2023-11-28,149,MGO,60.34,10.7,256.8,24,731.693,0.66,Moderate,FMS_MARITIME,2026-04-06
2023-11-01,150,MGO,22.84,9.0,216.0,24,329.2767,0.68,Moderate,FMS_MARITIME,2026-04-06
2023-11-02,150,HFO,39.93,9.8,235.2,24,528.6651,0.59,Moderate,FMS_MARITIME,2026-04-06
2023-11-03,150,LNG,76.68,16.6,398.4,24,599.3512,0.59,Rough,FMS_MARITIME,2026-04-06
2023-11-04,150,HFO,50.97,12.6,302.4,24,524.8696,0.49,Rough,FMS_MARITIME,2026-04-06
2023-11-05,150,LNG,62.67,13.6,326.4,24,597.8994,0.82,Calm,FMS_MARITIME,2026-04-06
2023-11-06,150,LSMGO,39.99,8.5,204.0,24,610.4356,0.75,Moderate,FMS_MARITIME,2026-04-06
2023-11-07,150,HFO,28.67,14.0,336.0,24,265.7095,0.56,Calm,FMS_MARITIME,2026-04-06
2023-11-08,150,LNG,73.58,11.9,285.6,24,802.2693,0.6,Calm,FMS_MARITIME,2026-04-06
2023-11-09,150,LSMGO,82.09,10.5,252.0,24,1014.3979,0.91,Moderate,FMS_MARITIME,2026-04-06
2023-11-10,150,HFO,19.41,9.6,230.4,24,262.3383,0.95,Calm,FMS_MARITIME,2026-04-06
2023-11-11,150,VLSFO,65.92,17.8,427.2,24,480.5124,0.83,Moderate,FMS_MARITIME,2026-04-06
2023-11-12,150,VLSFO,43.57,11.3,271.2,24,500.2838,0.92,Calm,FMS_MARITIME,2026-04-06
2023-11-13,150,LSMGO,56.06,11.5,276.0,24,632.503,0.63,Moderate,FMS_MARITIME,2026-04-06
2023-11-14,150,VLSFO,38.43,8.8,211.2,24,566.6241,0.57,Moderate,FMS_MARITIME,2026-04-06
2023-11-15,150,MGO,43.45,11.5,276.0,24,490.2293,0.45,Moderate,FMS_MARITIME,2026-04-06
2023-11-16,150,MGO,65.27,14.3,343.2,24,592.2226,0.98,Calm,FMS_MARITIME,2026-04-06
2023-11-17,150,HFO,72.8,17.4,417.6,24,542.8621,0.76,Moderate,FMS_MARITIME,2026-04-06
2023-11-18,150,MGO,39.9,17.3,415.2,24,299.25,0.78,Calm,FMS_MARITIME,2026-04-06
2023-11-19,150,MGO,66.34,9.0,216.0,24,956.4017,0.54,Rough,FMS_MARITIME,2026-04-06
2023-11-20,150,HFO,56.39,11.6,278.4,24,630.7416,0.44,Rough,FMS_MARITIME,2026-04-06
2023-11-21,150,LNG,79.96,15.3,367.2,24,678.0922,0.48,Calm,FMS_MARITIME,2026-04-06
2023-11-22,150,VLSFO,80.41,8.8,211.2,24,1185.5906,0.75,Rough,FMS_MARITIME,2026-04-06
2023-11-23,150,HFO,41.37,16.8,403.2,24,319.5094,0.88,Rough,FMS_MARITIME,2026-04-06
2023-11-24,150,LSMGO,18.82,14.9,357.6,24,163.8856,0.41,Calm,FMS_MARITIME,2026-04-06
2023-11-25,150,LNG,19.49,17.5,420.0,24,144.5044,0.64,Rough,FMS_MARITIME,2026-04-06
2023-11-26,150,HFO,35.31,10.6,254.4,24,432.2144,0.67,Rough,FMS_MARITIME,2026-04-06
2023-11-27,150,LNG,58.93,16.8,403.2,24,455.129,0.52,Moderate,FMS_MARITIME,2026-04-06
2023-11-28,150,LNG,54.94,10.6,254.4,24,672.4967,0.45,Rough,FMS_MARITIME,2026-04-06
2023-11-28,150,VLSFO,82.94,14.3,343.2,24,752.55,0.67,Moderate,FMS_MARITIME,2026-04-06
2023-11-28,150,LNG,70.48,17.0,408.0,24,537.9282,0.6,Moderate,FMS_MARITIME,2026-04-06
