log_date,vessel_id,fuel_grade,consumption_mt,speed_knots,distance_nm,running_hours,eeoi,load_factor,sea_condition,source_system,ingestion_date
2022-01-01,1,VLSFO,70.43,9.0,216.0,24,1015.3658,0.71,Calm,FMS_MARITIME,2026-04-06
2022-01-02,1,LSMGO,84.76,12.1,290.4,24,908.8934,0.76,Rough,FMS_MARITIME,2026-04-06
2022-01-03,1,VLSFO,26.82,9.5,228.0,24,366.3047,0.67,Calm,FMS_MARITIME,2026-04-06
2022-01-04,1,HFO,58.74,17.1,410.4,24,445.7026,0.9,Calm,FMS_MARITIME,2026-04-06
2022-01-05,1,HFO,62.21,14.1,338.4,24,572.4644,0.56,Calm,FMS_MARITIME,2026-04-06
2022-01-06,1,LSMGO,67.77,17.7,424.8,24,496.7886,0.57,Calm,FMS_MARITIME,2026-04-06
2022-01-07,1,HFO,68.61,15.3,367.2,24,581.8397,0.93,Calm,FMS_MARITIME,2026-04-06
2022-01-08,1,MGO,73.46,9.3,223.2,24,1024.8855,0.93,Calm,FMS_MARITIME,2026-04-06
2022-01-09,1,LNG,52.34,8.7,208.8,24,780.5879,0.5,Rough,FMS_MARITIME,2026-04-06
2022-01-10,1,LSMGO,33.66,17.5,420.0,24,249.5649,0.71,Calm,FMS_MARITIME,2026-04-06
2022-01-11,1,LNG,18.9,10.4,249.6,24,235.7957,0.62,Calm,FMS_MARITIME,2026-04-06
2022-01-12,1,LNG,53.55,12.5,300.0,24,555.849,0.47,Rough,FMS_MARITIME,2026-04-06
2022-01-13,1,LNG,84.79,14.9,357.6,24,738.3559,0.7,Moderate,FMS_MARITIME,2026-04-06
2022-01-14,1,HFO,60.14,12.1,290.4,24,644.8897,0.98,Moderate,FMS_MARITIME,2026-04-06
2022-01-15,1,LSMGO,30.83,11.8,283.2,24,338.9994,0.98,Rough,FMS_MARITIME,2026-04-06
2022-01-16,1,VLSFO,52.59,15.2,364.8,24,448.9179,0.6,Moderate,FMS_MARITIME,2026-04-06
2022-01-17,1,LSMGO,55.96,14.7,352.8,24,493.9327,0.46,Calm,FMS_MARITIME,2026-04-06
2022-01-18,1,HFO,45.73,13.5,324.0,24,439.5161,0.65,Calm,FMS_MARITIME,2026-04-06
2022-01-19,1,MGO,26.96,11.0,264.0,24,318.0055,0.9,Moderate,FMS_MARITIME,2026-04-06
2022-01-20,1,LNG,35.83,15.5,372.0,24,299.9318,0.57,Calm,FMS_MARITIME,2026-04-06
2022-01-21,1,LNG,74.21,10.1,242.4,24,953.3413,0.86,Calm,FMS_MARITIME,2026-04-06
2022-01-22,1,MGO,43.41,12.6,302.4,24,447.0196,0.93,Calm,FMS_MARITIME,2026-04-06
2022-01-23,1,LNG,64.74,16.2,388.8,24,518.5194,0.58,Rough,FMS_MARITIME,2026-04-06
2022-01-24,1,HFO,61.56,9.5,228.0,24,840.78,0.63,Moderate,FMS_MARITIME,2026-04-06
2022-01-25,1,LSMGO,62.23,17.3,415.2,24,466.725,0.9,Moderate,FMS_MARITIME,2026-04-06
2022-01-26,1,LNG,52.94,9.9,237.6,24,693.8348,0.48,Calm,FMS_MARITIME,2026-04-06
2022-01-27,1,LSMGO,39.42,15.9,381.6,24,321.6821,0.76,Rough,FMS_MARITIME,2026-04-06
2022-01-28,1,LSMGO,65.46,15.9,381.6,24,534.1783,0.52,Rough,FMS_MARITIME,2026-04-06
2022-01-28,1,HFO,70.42,16.4,393.6,24,557.1338,0.47,Moderate,FMS_MARITIME,2026-04-06
2022-01-28,1,VLSFO,39.35,11.7,280.8,24,436.3814,0.57,Calm,FMS_MARITIME,2026-04-06
2022-01-01,2,LSMGO,19.06,12.6,302.4,24,196.2726,0.51,Calm,FMS_MARITIME,2026-04-06
2022-01-02,2,MGO,34.65,11.5,276.0,24,390.9424,0.99,Calm,FMS_MARITIME,2026-04-06
2022-01-03,2,LNG,63.96,16.9,405.6,24,491.0538,0.59,Calm,FMS_MARITIME,2026-04-06
2022-01-04,2,HFO,21.77,14.7,352.8,24,192.1536,0.6,Moderate,FMS_MARITIME,2026-04-06
2022-01-05,2,MGO,29.38,10.0,240.0,24,381.2055,0.69,Calm,FMS_MARITIME,2026-04-06
2022-01-06,2,VLSFO,16.92,10.3,247.2,24,213.1427,0.91,Moderate,FMS_MARITIME,2026-04-06
2022-01-07,2,HFO,24.48,14.6,350.4,24,217.5534,0.89,Calm,FMS_MARITIME,2026-04-06
2022-01-08,2,LNG,30.12,8.7,208.8,24,449.2034,0.95,Calm,FMS_MARITIME,2026-04-06
2022-01-09,2,LSMGO,57.35,9.8,235.2,24,759.3023,0.49,Moderate,FMS_MARITIME,2026-04-06
2022-01-10,2,LNG,50.75,10.3,247.2,24,639.3022,0.59,Rough,FMS_MARITIME,2026-04-06
2022-01-11,2,VLSFO,17.17,16.8,403.2,24,132.6076,0.64,Rough,FMS_MARITIME,2026-04-06
2022-01-12,2,MGO,32.73,9.0,216.0,24,471.8575,0.83,Moderate,FMS_MARITIME,2026-04-06
2022-01-13,2,LSMGO,41.05,15.4,369.6,24,345.8596,0.59,Calm,FMS_MARITIME,2026-04-06
2022-01-14,2,LNG,22.49,10.6,254.4,24,275.2903,0.85,Rough,FMS_MARITIME,2026-04-06
2022-01-15,2,LNG,68.3,8.1,194.4,24,1094.0648,0.72,Rough,FMS_MARITIME,2026-04-06
2022-01-16,2,LSMGO,48.06,11.7,280.8,24,532.9731,0.44,Rough,FMS_MARITIME,2026-04-06
2022-01-17,2,MGO,48.03,14.8,355.2,24,421.0738,0.86,Rough,FMS_MARITIME,2026-04-06
2022-01-18,2,MGO,68.75,9.9,237.6,24,901.0417,0.87,Moderate,FMS_MARITIME,2026-04-06
2022-01-19,2,MGO,73.06,16.4,393.6,24,578.0204,0.46,Rough,FMS_MARITIME,2026-04-06
2022-01-20,2,LSMGO,57.07,9.6,230.4,24,771.3367,0.49,Calm,FMS_MARITIME,2026-04-06
2022-01-21,2,MGO,22.49,9.7,232.8,24,300.8327,0.91,Calm,FMS_MARITIME,2026-04-06
2022-01-22,2,VLSFO,46.34,16.9,405.6,24,355.776,0.99,Rough,FMS_MARITIME,2026-04-06
2022-01-23,2,MGO,67.6,14.7,352.8,24,596.6735,0.94,Calm,FMS_MARITIME,2026-04-06
2022-01-24,2,VLSFO,70.33,10.2,244.8,24,894.639,0.65,Moderate,FMS_MARITIME,2026-04-06
2022-01-25,2,MGO,28.26,12.5,300.0,24,293.3388,0.58,Calm,FMS_MARITIME,2026-04-06
2022-01-26,2,LNG,61.76,15.1,362.4,24,530.6861,0.77,Moderate,FMS_MARITIME,2026-04-06
2022-01-27,2,LNG,65.74,13.9,333.6,24,613.6522,0.57,Calm,FMS_MARITIME,2026-04-06
2022-01-28,2,LSMGO,51.94,11.6,278.4,24,580.9668,0.48,Calm,FMS_MARITIME,2026-04-06
2022-01-28,2,VLSFO,36.68,9.6,230.4,24,495.7531,0.64,Rough,FMS_MARITIME,2026-04-06
2022-01-28,2,LNG,83.04,14.6,350.4,24,737.9753,0.49,Rough,FMS_MARITIME,2026-04-06
2022-01-01,3,LSMGO,15.76,11.9,285.6,24,171.837,0.58,Moderate,FMS_MARITIME,2026-04-06
2022-01-02,3,MGO,24.88,14.6,350.4,24,221.1082,0.52,Rough,FMS_MARITIME,2026-04-06
2022-01-03,3,MGO,41.86,9.4,225.6,24,577.8016,0.59,Moderate,FMS_MARITIME,2026-04-06
2022-01-04,3,VLSFO,76.75,11.2,268.8,24,889.135,0.99,Moderate,FMS_MARITIME,2026-04-06
2022-01-05,3,MGO,52.69,11.8,283.2,24,579.3667,0.47,Rough,FMS_MARITIME,2026-04-06
2022-01-06,3,LNG,54.34,10.2,244.8,24,691.2368,0.88,Calm,FMS_MARITIME,2026-04-06
2022-01-07,3,LSMGO,22.36,10.0,240.0,24,290.121,0.84,Calm,FMS_MARITIME,2026-04-06
2022-01-08,3,VLSFO,53.62,8.9,213.6,24,781.7073,0.96,Rough,FMS_MARITIME,2026-04-06
2022-01-09,3,HFO,28.9,16.3,391.2,24,230.0475,0.58,Calm,FMS_MARITIME,2026-04-06
2022-01-10,3,VLSFO,51.37,16.1,386.4,24,413.9911,0.9,Moderate,FMS_MARITIME,2026-04-06
2022-01-11,3,LNG,39.59,8.0,192.0,24,642.1003,0.42,Calm,FMS_MARITIME,2026-04-06
2022-01-12,3,MGO,18.57,15.7,376.8,24,153.4686,0.73,Moderate,FMS_MARITIME,2026-04-06
2022-01-13,3,LSMGO,81.55,12.3,295.2,24,860.253,0.69,Rough,FMS_MARITIME,2026-04-06
2022-01-14,3,LSMGO,44.32,15.3,367.2,24,375.851,0.54,Moderate,FMS_MARITIME,2026-04-06
2022-01-15,3,LSMGO,82.37,8.2,196.8,24,1303.3546,0.64,Calm,FMS_MARITIME,2026-04-06
2022-01-16,3,MGO,60.44,15.6,374.4,24,502.6981,0.83,Calm,FMS_MARITIME,2026-04-06
2022-01-17,3,LNG,24.08,10.8,259.2,24,289.2944,0.87,Calm,FMS_MARITIME,2026-04-06
2022-01-18,3,VLSFO,22.92,11.4,273.6,24,260.8658,0.76,Moderate,FMS_MARITIME,2026-04-06
2022-01-19,3,LSMGO,67.73,9.6,230.4,24,915.4133,0.99,Calm,FMS_MARITIME,2026-04-06
2022-01-20,3,MGO,18.55,12.9,309.6,24,186.5785,0.8,Rough,FMS_MARITIME,2026-04-06
2022-01-21,3,VLSFO,76.32,17.1,410.4,24,579.0947,0.45,Rough,FMS_MARITIME,2026-04-06
2022-01-22,3,MGO,81.22,8.6,206.4,24,1225.3831,0.86,Rough,FMS_MARITIME,2026-04-06
2022-01-23,3,VLSFO,29.51,17.6,422.4,24,217.5524,0.63,Calm,FMS_MARITIME,2026-04-06
2022-01-24,3,LNG,43.06,17.3,415.2,24,322.95,0.95,Rough,FMS_MARITIME,2026-04-06
2022-01-25,3,LNG,70.95,10.7,256.8,24,860.3516,0.91,Calm,FMS_MARITIME,2026-04-06
2022-01-26,3,VLSFO,63.44,13.5,324.0,24,609.7289,0.62,Calm,FMS_MARITIME,2026-04-06
2022-01-27,3,MGO,55.89,8.9,213.6,24,814.8008,0.73,Calm,FMS_MARITIME,2026-04-06
2022-01-28,3,VLSFO,68.38,10.5,252.0,24,844.9814,0.95,Calm,FMS_MARITIME,2026-04-06
2022-01-28,3,VLSFO,53.64,8.9,213.6,24,781.9989,0.65,Moderate,FMS_MARITIME,2026-04-06
2022-01-28,3,LNG,47.65,10.5,252.0,24,588.8179,0.65,Moderate,FMS_MARITIME,2026-04-06
2022-01-01,4,LNG,32.73,16.9,405.6,24,251.2851,0.92,Moderate,FMS_MARITIME,2026-04-06
2022-01-02,4,HFO,45.69,8.5,204.0,24,697.4444,0.84,Calm,FMS_MARITIME,2026-04-06
2022-01-03,4,HFO,74.86,9.7,232.8,24,1001.349,0.69,Moderate,FMS_MARITIME,2026-04-06
2022-01-04,4,LSMGO,77.83,15.9,381.6,24,635.1222,0.41,Rough,FMS_MARITIME,2026-04-06
2022-01-05,4,HFO,78.72,11.5,276.0,24,888.167,0.76,Calm,FMS_MARITIME,2026-04-06
2022-01-06,4,MGO,57.62,13.3,319.2,24,562.1199,0.7,Moderate,FMS_MARITIME,2026-04-06
2022-01-07,4,HFO,42.21,17.0,408.0,24,322.1616,0.54,Calm,FMS_MARITIME,2026-04-06
2022-01-08,4,HFO,42.43,9.2,220.8,24,598.4014,0.85,Moderate,FMS_MARITIME,2026-04-06
2022-01-09,4,LNG,23.11,15.2,364.8,24,197.2712,0.54,Moderate,FMS_MARITIME,2026-04-06
2022-01-10,4,HFO,48.48,10.5,252.0,24,599.0743,0.82,Moderate,FMS_MARITIME,2026-04-06
2022-01-11,4,VLSFO,39.44,13.3,319.2,24,384.7624,0.57,Moderate,FMS_MARITIME,2026-04-06
2022-01-12,4,MGO,15.69,10.6,254.4,24,192.0545,0.44,Moderate,FMS_MARITIME,2026-04-06
2022-01-13,4,LSMGO,83.56,17.8,427.2,24,609.0961,0.63,Moderate,FMS_MARITIME,2026-04-06
2022-01-14,4,LSMGO,69.53,9.8,235.2,24,920.563,0.78,Calm,FMS_MARITIME,2026-04-06
2022-01-15,4,MGO,78.27,10.1,242.4,24,1005.4983,0.55,Rough,FMS_MARITIME,2026-04-06
2022-01-16,4,VLSFO,36.29,10.7,256.8,24,440.0586,0.52,Rough,FMS_MARITIME,2026-04-06
2022-01-17,4,LSMGO,33.79,12.7,304.8,24,345.2167,0.69,Rough,FMS_MARITIME,2026-04-06
2022-01-18,4,MGO,49.62,9.2,220.8,24,699.8038,0.44,Calm,FMS_MARITIME,2026-04-06
2022-01-19,4,HFO,19.29,11.9,285.6,24,210.3258,0.93,Rough,FMS_MARITIME,2026-04-06
2022-01-20,4,VLSFO,18.31,16.1,386.4,24,147.5604,0.74,Moderate,FMS_MARITIME,2026-04-06
2022-01-21,4,LSMGO,26.51,14.4,345.6,24,238.8661,0.49,Calm,FMS_MARITIME,2026-04-06
2022-01-22,4,LSMGO,51.83,10.9,261.6,24,616.9672,0.73,Calm,FMS_MARITIME,2026-04-06
2022-01-23,4,VLSFO,39.06,16.8,403.2,24,301.6687,0.57,Rough,FMS_MARITIME,2026-04-06
2022-01-24,4,LSMGO,34.53,17.1,410.4,24,262.0039,0.75,Moderate,FMS_MARITIME,2026-04-06
2022-01-25,4,LNG,15.28,12.7,304.8,24,156.1087,0.76,Rough,FMS_MARITIME,2026-04-06
2022-01-26,4,LSMGO,32.72,13.6,326.4,24,312.1632,0.95,Moderate,FMS_MARITIME,2026-04-06
2022-01-27,4,LNG,50.7,14.7,352.8,24,447.5051,0.91,Rough,FMS_MARITIME,2026-04-06
2022-01-28,4,HFO,41.4,15.4,369.6,24,348.8084,0.83,Calm,FMS_MARITIME,2026-04-06
2022-01-28,4,MGO,62.95,17.4,417.6,24,469.4116,0.74,Moderate,FMS_MARITIME,2026-04-06
2022-01-28,4,LNG,27.14,15.8,379.2,24,222.8744,0.71,Moderate,FMS_MARITIME,2026-04-06
2022-01-01,5,VLSFO,66.25,16.8,403.2,24,511.6629,0.68,Rough,FMS_MARITIME,2026-04-06
2022-01-02,5,MGO,15.66,12.2,292.8,24,166.548,0.94,Calm,FMS_MARITIME,2026-04-06
2022-01-03,5,LNG,45.0,15.0,360.0,24,389.25,0.86,Moderate,FMS_MARITIME,2026-04-06
2022-01-04,5,LNG,18.33,16.8,403.2,24,141.5665,0.47,Calm,FMS_MARITIME,2026-04-06
2022-01-05,5,MGO,46.17,14.5,348.0,24,413.1419,0.91,Rough,FMS_MARITIME,2026-04-06
2022-01-06,5,LNG,66.02,15.0,360.0,24,571.073,0.89,Rough,FMS_MARITIME,2026-04-06
2022-01-07,5,LSMGO,51.14,15.4,369.6,24,430.8711,0.63,Calm,FMS_MARITIME,2026-04-06
2022-01-08,5,LSMGO,58.58,14.9,357.6,24,510.1178,0.88,Moderate,FMS_MARITIME,2026-04-06
2022-01-09,5,HFO,59.79,17.4,417.6,24,445.8478,0.84,Calm,FMS_MARITIME,2026-04-06
2022-01-10,5,LNG,30.29,15.5,372.0,24,253.5566,0.95,Moderate,FMS_MARITIME,2026-04-06
2022-01-11,5,HFO,80.86,13.8,331.2,24,760.2598,0.61,Rough,FMS_MARITIME,2026-04-06
2022-01-12,5,LNG,46.21,8.6,206.4,24,697.1799,0.84,Rough,FMS_MARITIME,2026-04-06
2022-01-13,5,LSMGO,78.22,12.9,309.6,24,786.7477,0.48,Calm,FMS_MARITIME,2026-04-06
2022-01-14,5,LNG,17.4,9.7,232.8,24,232.7474,0.48,Moderate,FMS_MARITIME,2026-04-06
2022-01-15,5,MGO,19.92,10.7,256.8,24,241.5533,0.75,Rough,FMS_MARITIME,2026-04-06
2022-01-16,5,VLSFO,44.3,9.6,230.4,24,598.7422,0.56,Calm,FMS_MARITIME,2026-04-06
2022-01-17,5,VLSFO,79.75,16.0,384.0,24,646.7227,0.79,Calm,FMS_MARITIME,2026-04-06
2022-01-18,5,HFO,68.05,10.7,256.8,24,825.1857,0.71,Calm,FMS_MARITIME,2026-04-06
2022-01-19,5,LSMGO,27.16,11.5,276.0,24,306.4357,0.83,Moderate,FMS_MARITIME,2026-04-06
2022-01-20,5,VLSFO,68.64,15.0,360.0,24,593.736,0.77,Calm,FMS_MARITIME,2026-04-06
2022-01-21,5,LSMGO,55.63,12.3,295.2,24,586.8287,0.77,Calm,FMS_MARITIME,2026-04-06
2022-01-22,5,LNG,68.36,15.4,369.6,24,575.9552,0.9,Rough,FMS_MARITIME,2026-04-06
2022-01-23,5,LSMGO,72.36,8.8,211.2,24,1066.8989,0.52,Rough,FMS_MARITIME,2026-04-06
2022-01-24,5,VLSFO,21.62,13.7,328.8,24,204.7588,0.83,Rough,FMS_MARITIME,2026-04-06
2022-01-25,5,HFO,26.51,10.2,244.8,24,337.2228,0.6,Rough,FMS_MARITIME,2026-04-06
2022-01-26,5,HFO,71.62,8.3,199.2,24,1119.6018,0.92,Calm,FMS_MARITIME,2026-04-06
2022-01-27,5,HFO,62.38,14.5,348.0,24,558.1934,0.52,Calm,FMS_MARITIME,2026-04-06
2022-01-28,5,HFO,62.4,11.7,280.8,24,692.0,0.87,Rough,FMS_MARITIME,2026-04-06
2022-01-28,5,LNG,65.9,9.0,216.0,24,950.0583,0.51,Rough,FMS_MARITIME,2026-04-06
2022-01-28,5,LNG,37.03,12.0,288.0,24,400.3869,0.49,Calm,FMS_MARITIME,2026-04-06
2022-01-01,6,LSMGO,40.53,10.2,244.8,24,515.5654,0.54,Rough,FMS_MARITIME,2026-04-06
2022-01-02,6,VLSFO,15.41,14.3,343.2,24,139.8215,0.92,Rough,FMS_MARITIME,2026-04-06
2022-01-03,6,LSMGO,74.73,9.9,237.6,24,979.4159,0.74,Rough,FMS_MARITIME,2026-04-06
2022-01-04,6,LSMGO,36.21,8.2,196.8,24,572.957,0.6,Calm,FMS_MARITIME,2026-04-06
2022-01-05,6,LNG,20.67,13.1,314.4,24,204.7277,0.44,Calm,FMS_MARITIME,2026-04-06
2022-01-06,6,LSMGO,83.74,17.5,420.0,24,620.8723,0.75,Calm,FMS_MARITIME,2026-04-06
2022-01-07,6,VLSFO,48.47,13.2,316.8,24,476.4381,0.68,Moderate,FMS_MARITIME,2026-04-06
2022-01-08,6,MGO,29.36,9.5,228.0,24,400.9958,0.49,Calm,FMS_MARITIME,2026-04-06
2022-01-09,6,LSMGO,65.85,11.7,280.8,24,730.2596,0.94,Moderate,FMS_MARITIME,2026-04-06
2022-01-10,6,HFO,46.12,16.2,388.8,24,369.387,0.56,Calm,FMS_MARITIME,2026-04-06
2022-01-11,6,VLSFO,61.03,11.6,278.4,24,682.6416,0.84,Rough,FMS_MARITIME,2026-04-06
2022-01-12,6,MGO,64.23,14.2,340.8,24,586.8903,0.7,Moderate,FMS_MARITIME,2026-04-06
2022-01-13,6,LNG,50.59,14.6,350.4,24,449.5926,0.68,Moderate,FMS_MARITIME,2026-04-06
2022-01-14,6,MGO,80.26,17.7,424.8,24,588.3466,0.84,Moderate,FMS_MARITIME,2026-04-06
2022-01-15,6,VLSFO,61.53,16.1,386.4,24,495.8707,0.76,Calm,FMS_MARITIME,2026-04-06
2022-01-16,6,MGO,68.17,15.5,372.0,24,570.6489,0.85,Moderate,FMS_MARITIME,2026-04-06
2022-01-17,6,HFO,81.6,11.8,283.2,24,897.2542,0.41,Calm,FMS_MARITIME,2026-04-06
2022-01-18,6,LSMGO,54.96,9.7,232.8,24,735.1608,0.88,Calm,FMS_MARITIME,2026-04-06
2022-01-19,6,HFO,55.58,13.0,312.0,24,554.7312,0.9,Calm,FMS_MARITIME,2026-04-06
2022-01-20,6,VLSFO,84.42,14.3,343.2,24,765.9787,0.6,Calm,FMS_MARITIME,2026-04-06
2022-01-21,6,VLSFO,58.61,8.4,201.6,24,905.3152,0.96,Rough,FMS_MARITIME,2026-04-06
2022-01-22,6,LNG,19.7,15.6,374.4,24,163.851,0.42,Moderate,FMS_MARITIME,2026-04-06
2022-01-23,6,LSMGO,41.06,12.2,292.8,24,436.6832,0.48,Moderate,FMS_MARITIME,2026-04-06
2022-01-24,6,MGO,54.56,12.4,297.6,24,570.9,0.83,Rough,FMS_MARITIME,2026-04-06
2022-01-25,6,HFO,27.55,12.1,290.4,24,295.4225,0.96,Rough,FMS_MARITIME,2026-04-06
2022-01-26,6,MGO,48.94,18.0,432.0,24,352.7758,0.83,Moderate,FMS_MARITIME,2026-04-06
2022-01-27,6,LSMGO,51.66,15.2,364.8,24,440.9793,0.45,Moderate,FMS_MARITIME,2026-04-06
2022-01-28,6,HFO,61.06,10.7,256.8,24,740.4238,0.72,Calm,FMS_MARITIME,2026-04-06
2022-01-28,6,MGO,40.65,17.9,429.6,24,294.6557,0.9,Moderate,FMS_MARITIME,2026-04-06
2022-01-28,6,HFO,70.91,15.0,360.0,24,613.3715,0.72,Moderate,FMS_MARITIME,2026-04-06
2022-01-01,7,LNG,38.81,15.5,372.0,24,324.8773,0.57,Rough,FMS_MARITIME,2026-04-06
2022-01-02,7,LSMGO,69.33,10.9,261.6,24,825.2814,0.42,Rough,FMS_MARITIME,2026-04-06
2022-01-03,7,VLSFO,79.79,15.6,374.4,24,663.638,0.48,Rough,FMS_MARITIME,2026-04-06
2022-01-04,7,HFO,53.26,8.3,199.2,24,832.5886,0.9,Rough,FMS_MARITIME,2026-04-06
2022-01-05,7,LNG,43.43,17.7,424.8,24,318.364,0.86,Rough,FMS_MARITIME,2026-04-06
2022-01-06,7,MGO,27.65,8.3,199.2,24,432.2395,0.79,Rough,FMS_MARITIME,2026-04-06
2022-01-07,7,VLSFO,80.08,14.0,336.0,24,742.17,0.73,Calm,FMS_MARITIME,2026-04-06
2022-01-08,7,LNG,46.89,8.8,211.2,24,691.3611,0.77,Rough,FMS_MARITIME,2026-04-06
2022-01-09,7,LNG,75.33,16.0,384.0,24,610.8792,0.62,Calm,FMS_MARITIME,2026-04-06
2022-01-10,7,MGO,40.26,10.2,244.8,24,512.1309,0.58,Rough,FMS_MARITIME,2026-04-06
2022-01-11,7,LSMGO,39.82,11.8,283.2,24,437.8513,0.52,Calm,FMS_MARITIME,2026-04-06
2022-01-12,7,LNG,21.13,8.1,194.4,24,338.4713,0.82,Calm,FMS_MARITIME,2026-04-06
2022-01-13,7,LSMGO,73.7,12.1,290.4,24,790.2955,0.59,Rough,FMS_MARITIME,2026-04-06
2022-01-14,7,HFO,49.16,13.8,331.2,24,462.2109,0.84,Calm,FMS_MARITIME,2026-04-06
2022-01-15,7,VLSFO,59.47,9.7,232.8,24,795.4879,0.57,Moderate,FMS_MARITIME,2026-04-06
2022-01-16,7,LNG,48.7,10.2,244.8,24,619.4926,0.4,Moderate,FMS_MARITIME,2026-04-06
2022-01-17,7,VLSFO,32.03,13.7,328.8,24,303.3498,0.62,Rough,FMS_MARITIME,2026-04-06
2022-01-18,7,MGO,71.48,12.9,309.6,24,718.9558,0.61,Rough,FMS_MARITIME,2026-04-06
2022-01-19,7,MGO,43.01,8.8,211.2,24,634.1531,0.6,Moderate,FMS_MARITIME,2026-04-06
2022-01-20,7,LNG,50.5,11.3,271.2,24,579.8562,0.46,Calm,FMS_MARITIME,2026-04-06
2022-01-21,7,LSMGO,26.63,8.6,206.4,24,401.7724,0.46,Moderate,FMS_MARITIME,2026-04-06
2022-01-22,7,MGO,27.8,16.7,400.8,24,215.991,0.49,Rough,FMS_MARITIME,2026-04-06
2022-01-23,7,VLSFO,25.11,14.6,350.4,24,223.1522,0.91,Calm,FMS_MARITIME,2026-04-06
2022-01-24,7,LSMGO,29.95,9.4,225.6,24,413.4056,0.47,Rough,FMS_MARITIME,2026-04-06
2022-01-25,7,HFO,63.81,17.7,424.8,24,467.7597,0.65,Moderate,FMS_MARITIME,2026-04-06
2022-01-26,7,HFO,80.02,9.0,216.0,24,1153.6217,0.4,Rough,FMS_MARITIME,2026-04-06
2022-01-27,7,MGO,72.96,17.9,429.6,24,528.8581,0.58,Rough,FMS_MARITIME,2026-04-06
2022-01-28,7,MGO,68.64,10.6,254.4,24,840.1925,0.92,Moderate,FMS_MARITIME,2026-04-06
2022-01-28,7,LNG,45.69,8.5,204.0,24,697.4444,0.78,Calm,FMS_MARITIME,2026-04-06
2022-01-28,7,LNG,72.6,14.9,357.6,24,632.2047,0.64,Rough,FMS_MARITIME,2026-04-06
2022-01-01,8,LSMGO,81.56,12.4,297.6,24,853.4202,0.43,Calm,FMS_MARITIME,2026-04-06
2022-01-02,8,LNG,29.9,10.7,256.8,24,362.5724,0.57,Rough,FMS_MARITIME,2026-04-06
2022-01-03,8,VLSFO,72.84,15.7,376.8,24,601.9739,0.61,Calm,FMS_MARITIME,2026-04-06
2022-01-04,8,MGO,36.14,11.6,278.4,24,404.2384,0.89,Moderate,FMS_MARITIME,2026-04-06
2022-01-05,8,LNG,21.74,14.1,338.4,24,200.0543,0.4,Moderate,FMS_MARITIME,2026-04-06
2022-01-06,8,LSMGO,80.58,10.0,240.0,24,1045.5255,0.56,Calm,FMS_MARITIME,2026-04-06
2022-01-07,8,HFO,42.91,16.5,396.0,24,337.4286,0.82,Moderate,FMS_MARITIME,2026-04-06
2022-01-08,8,HFO,19.59,9.7,232.8,24,262.0415,0.58,Rough,FMS_MARITIME,2026-04-06
2022-01-09,8,MGO,58.09,12.8,307.2,24,588.842,0.7,Rough,FMS_MARITIME,2026-04-06
2022-01-10,8,VLSFO,42.06,11.4,273.6,24,478.7092,0.48,Calm,FMS_MARITIME,2026-04-06
2022-01-11,8,LSMGO,74.38,17.4,417.6,24,554.644,0.51,Moderate,FMS_MARITIME,2026-04-06
2022-01-12,8,VLSFO,35.28,8.0,192.0,24,572.1975,0.95,Moderate,FMS_MARITIME,2026-04-06
2022-01-13,8,VLSFO,26.65,15.3,367.2,24,226.0025,0.87,Calm,FMS_MARITIME,2026-04-06
2022-01-14,8,LNG,82.61,9.4,225.6,24,1140.2816,0.64,Rough,FMS_MARITIME,2026-04-06
2022-01-15,8,VLSFO,73.64,14.5,348.0,24,658.951,0.42,Rough,FMS_MARITIME,2026-04-06
2022-01-16,8,LSMGO,19.28,12.8,307.2,24,195.4359,0.89,Rough,FMS_MARITIME,2026-04-06
2022-01-17,8,VLSFO,78.43,13.4,321.6,24,759.4248,0.65,Calm,FMS_MARITIME,2026-04-06
2022-01-18,8,HFO,18.58,16.4,393.6,24,146.9973,0.91,Calm,FMS_MARITIME,2026-04-06
2022-01-19,8,MGO,20.21,13.1,314.4,24,200.1716,0.57,Calm,FMS_MARITIME,2026-04-06
2022-01-20,8,MGO,71.45,14.3,343.2,24,648.2963,0.99,Rough,FMS_MARITIME,2026-04-06
2022-01-21,8,HFO,27.27,9.7,232.8,24,364.7714,0.85,Moderate,FMS_MARITIME,2026-04-06
2022-01-22,8,MGO,45.89,12.7,304.8,24,468.8368,0.95,Calm,FMS_MARITIME,2026-04-06
2022-01-23,8,LSMGO,56.1,11.5,276.0,24,632.9543,0.61,Moderate,FMS_MARITIME,2026-04-06
2022-01-24,8,MGO,73.1,9.3,223.2,24,1019.8629,0.93,Moderate,FMS_MARITIME,2026-04-06
2022-01-25,8,MGO,78.03,9.8,235.2,24,1033.1013,0.44,Moderate,FMS_MARITIME,2026-04-06
2022-01-26,8,LSMGO,78.86,16.0,384.0,24,639.5053,0.58,Rough,FMS_MARITIME,2026-04-06
2022-01-27,8,LNG,69.67,9.1,218.4,24,993.3717,0.5,Rough,FMS_MARITIME,2026-04-06
2022-01-28,8,LNG,33.38,15.9,381.6,24,272.3934,0.46,Moderate,FMS_MARITIME,2026-04-06
2022-01-28,8,HFO,80.19,14.6,350.4,24,712.6474,0.61,Rough,FMS_MARITIME,2026-04-06
2022-01-28,8,VLSFO,40.67,13.4,321.6,24,393.8009,0.49,Rough,FMS_MARITIME,2026-04-06
2022-01-01,9,VLSFO,63.49,14.7,352.8,24,560.3964,0.89,Rough,FMS_MARITIME,2026-04-06
2022-01-02,9,LNG,82.48,13.3,319.2,24,804.6451,0.61,Moderate,FMS_MARITIME,2026-04-06
2022-01-03,9,VLSFO,47.47,8.9,213.6,24,692.0486,0.93,Calm,FMS_MARITIME,2026-04-06
2022-01-04,9,MGO,83.69,14.9,357.6,24,728.777,0.67,Moderate,FMS_MARITIME,2026-04-06
2022-01-05,9,LNG,51.04,16.2,388.8,24,408.7926,0.76,Moderate,FMS_MARITIME,2026-04-06
2022-01-06,9,VLSFO,57.79,17.1,410.4,24,438.4943,0.67,Calm,FMS_MARITIME,2026-04-06
2022-01-07,9,LSMGO,23.22,17.5,420.0,24,172.1597,0.67,Moderate,FMS_MARITIME,2026-04-06
2022-01-08,9,LSMGO,31.38,17.6,422.4,24,231.3384,0.72,Moderate,FMS_MARITIME,2026-04-06
2022-01-09,9,LSMGO,59.34,17.1,410.4,24,450.2553,1.0,Moderate,FMS_MARITIME,2026-04-06
2022-01-10,9,VLSFO,56.08,11.2,268.8,24,649.6768,0.69,Moderate,FMS_MARITIME,2026-04-06
2022-01-11,9,LNG,49.51,12.7,304.8,24,505.8207,0.54,Rough,FMS_MARITIME,2026-04-06
2022-01-12,9,LSMGO,32.78,12.0,288.0,24,354.4337,0.96,Rough,FMS_MARITIME,2026-04-06
2022-01-13,9,LNG,56.94,14.7,352.8,24,502.5827,0.65,Calm,FMS_MARITIME,2026-04-06
2022-01-14,9,LNG,73.3,12.8,307.2,24,743.0215,0.71,Rough,FMS_MARITIME,2026-04-06
2022-01-15,9,MGO,42.37,15.6,374.4,24,352.4043,0.43,Rough,FMS_MARITIME,2026-04-06
2022-01-16,9,LSMGO,75.83,13.5,324.0,24,728.8106,0.56,Calm,FMS_MARITIME,2026-04-06
2022-01-17,9,VLSFO,26.42,16.7,400.8,24,205.2692,0.72,Calm,FMS_MARITIME,2026-04-06
2022-01-18,9,LSMGO,68.53,17.0,408.0,24,523.0451,0.95,Calm,FMS_MARITIME,2026-04-06
2022-01-19,9,MGO,48.56,10.2,244.8,24,617.7118,0.95,Moderate,FMS_MARITIME,2026-04-06
2022-01-20,9,MGO,57.07,15.8,379.2,24,468.6603,0.88,Calm,FMS_MARITIME,2026-04-06
2022-01-21,9,LSMGO,73.9,14.5,348.0,24,661.2776,0.41,Moderate,FMS_MARITIME,2026-04-06
2022-01-22,9,MGO,36.49,17.5,420.0,24,270.5473,0.73,Calm,FMS_MARITIME,2026-04-06
2022-01-23,9,LNG,38.29,15.6,374.4,24,318.4697,0.61,Calm,FMS_MARITIME,2026-04-06
2022-01-24,9,LNG,24.5,11.9,285.6,24,267.1324,0.73,Rough,FMS_MARITIME,2026-04-06
2022-01-25,9,LSMGO,65.76,13.3,319.2,24,641.5308,0.62,Rough,FMS_MARITIME,2026-04-06
2022-01-26,9,LNG,48.46,8.7,208.8,24,722.7224,0.93,Moderate,FMS_MARITIME,2026-04-06
2022-01-27,9,LNG,40.83,8.6,206.4,24,616.0108,0.51,Moderate,FMS_MARITIME,2026-04-06
2022-01-28,9,HFO,32.83,18.0,432.0,24,236.6496,0.47,Moderate,FMS_MARITIME,2026-04-06
2022-01-28,9,HFO,57.81,16.5,396.0,24,454.5968,0.9,Moderate,FMS_MARITIME,2026-04-06
2022-01-28,9,LNG,22.12,15.8,379.2,24,181.65,0.69,Moderate,FMS_MARITIME,2026-04-06
2022-01-01,10,LNG,23.81,15.1,362.4,24,204.5925,0.55,Rough,FMS_MARITIME,2026-04-06
2022-01-02,10,HFO,46.11,9.4,225.6,24,636.4652,0.89,Moderate,FMS_MARITIME,2026-04-06
2022-01-03,10,MGO,51.3,12.2,292.8,24,545.5881,0.41,Calm,FMS_MARITIME,2026-04-06
2022-01-04,10,LSMGO,48.88,13.9,333.6,24,456.2719,1.0,Moderate,FMS_MARITIME,2026-04-06
2022-01-05,10,VLSFO,58.65,13.5,324.0,24,563.6917,0.94,Rough,FMS_MARITIME,2026-04-06
2022-01-06,10,LNG,56.09,12.7,304.8,24,573.0455,0.84,Calm,FMS_MARITIME,2026-04-06
2022-01-07,10,LSMGO,67.52,14.8,355.2,24,591.9405,0.81,Rough,FMS_MARITIME,2026-04-06
2022-01-08,10,MGO,64.57,10.0,240.0,24,837.7957,0.41,Moderate,FMS_MARITIME,2026-04-06
2022-01-09,10,MGO,34.92,10.4,249.6,24,435.6606,0.72,Calm,FMS_MARITIME,2026-04-06
2022-01-10,10,LNG,33.41,14.2,340.8,24,305.278,0.66,Calm,FMS_MARITIME,2026-04-06
2022-01-11,10,MGO,51.62,9.4,225.6,24,712.5207,0.62,Moderate,FMS_MARITIME,2026-04-06
2022-01-12,10,MGO,65.17,14.2,340.8,24,595.4794,0.58,Rough,FMS_MARITIME,2026-04-06
2022-01-13,10,VLSFO,83.58,16.0,384.0,24,677.7816,0.81,Calm,FMS_MARITIME,2026-04-06
2022-01-14,10,LSMGO,61.9,12.4,297.6,24,647.7036,0.93,Rough,FMS_MARITIME,2026-04-06
2022-01-15,10,LNG,47.41,8.5,204.0,24,723.6997,0.65,Rough,FMS_MARITIME,2026-04-06
2022-01-16,10,VLSFO,29.96,11.9,285.6,24,326.6647,0.78,Moderate,FMS_MARITIME,2026-04-06
2022-01-17,10,HFO,25.42,15.8,379.2,24,208.7497,0.76,Moderate,FMS_MARITIME,2026-04-06
2022-01-18,10,LSMGO,70.66,8.1,194.4,24,1131.8685,0.92,Moderate,FMS_MARITIME,2026-04-06
2022-01-19,10,HFO,84.67,11.2,268.8,24,980.8868,0.7,Calm,FMS_MARITIME,2026-04-06
2022-01-20,10,LNG,29.34,10.3,247.2,24,369.5985,0.82,Calm,FMS_MARITIME,2026-04-06
2022-01-21,10,MGO,65.26,17.5,420.0,24,483.8563,0.42,Rough,FMS_MARITIME,2026-04-06
2022-01-22,10,VLSFO,30.2,17.9,429.6,24,218.9078,0.68,Calm,FMS_MARITIME,2026-04-06
2022-01-23,10,HFO,23.9,9.5,228.0,24,326.4237,0.61,Rough,FMS_MARITIME,2026-04-06
2022-01-24,10,HFO,70.03,15.1,362.4,24,601.7478,0.53,Moderate,FMS_MARITIME,2026-04-06
2022-01-25,10,LNG,83.38,13.8,331.2,24,783.9533,0.7,Calm,FMS_MARITIME,2026-04-06
2022-01-26,10,VLSFO,59.23,17.0,408.0,24,452.0643,0.76,Calm,FMS_MARITIME,2026-04-06
2022-01-27,10,LSMGO,20.83,9.9,237.6,24,272.9992,0.43,Rough,FMS_MARITIME,2026-04-06
2022-01-28,10,VLSFO,24.75,17.5,420.0,24,183.5036,0.49,Calm,FMS_MARITIME,2026-04-06
2022-01-28,10,VLSFO,43.09,13.7,328.8,24,408.0969,0.67,Rough,FMS_MARITIME,2026-04-06
2022-01-28,10,VLSFO,67.75,13.7,328.8,24,641.6469,0.56,Moderate,FMS_MARITIME,2026-04-06
2022-01-01,11,LNG,58.94,15.2,364.8,24,503.1227,0.62,Calm,FMS_MARITIME,2026-04-06
2022-01-02,11,LSMGO,68.85,15.2,364.8,24,587.7163,0.89,Rough,FMS_MARITIME,2026-04-06
2022-01-03,11,VLSFO,40.12,12.0,288.0,24,433.7975,0.51,Moderate,FMS_MARITIME,2026-04-06
2022-01-04,11,HFO,20.07,14.2,340.8,24,183.3861,0.9,Rough,FMS_MARITIME,2026-04-06
2022-01-05,11,HFO,31.73,13.6,326.4,24,302.7182,0.66,Moderate,FMS_MARITIME,2026-04-06
2022-01-06,11,HFO,47.62,11.5,276.0,24,537.2778,0.48,Moderate,FMS_MARITIME,2026-04-06
2022-01-07,11,VLSFO,63.81,11.3,271.2,24,732.6856,0.65,Rough,FMS_MARITIME,2026-04-06
2022-01-08,11,LNG,62.43,17.2,412.8,24,470.9472,0.9,Rough,FMS_MARITIME,2026-04-06
2022-01-09,11,VLSFO,44.01,9.2,220.8,24,620.6845,0.73,Rough,FMS_MARITIME,2026-04-06
2022-01-10,11,VLSFO,50.55,8.2,196.8,24,799.8613,0.53,Calm,FMS_MARITIME,2026-04-06
2022-01-11,11,HFO,50.87,17.9,429.6,24,368.7365,0.58,Rough,FMS_MARITIME,2026-04-06
2022-01-12,11,HFO,67.19,16.9,405.6,24,515.8522,0.72,Calm,FMS_MARITIME,2026-04-06
2022-01-13,11,LSMGO,69.53,13.8,331.2,24,653.7332,0.61,Rough,FMS_MARITIME,2026-04-06
2022-01-14,11,LNG,49.46,13.7,328.8,24,468.4259,0.82,Calm,FMS_MARITIME,2026-04-06
2022-01-15,11,VLSFO,19.85,12.9,309.6,24,199.6541,0.46,Moderate,FMS_MARITIME,2026-04-06
2022-01-16,11,VLSFO,65.28,12.2,292.8,24,694.2689,0.85,Moderate,FMS_MARITIME,2026-04-06
2022-01-17,11,VLSFO,35.69,17.5,420.0,24,264.6159,0.41,Moderate,FMS_MARITIME,2026-04-06
2022-01-18,11,LSMGO,24.07,16.3,391.2,24,191.6002,0.87,Calm,FMS_MARITIME,2026-04-06
2022-01-19,11,VLSFO,69.65,16.7,400.8,24,541.143,0.95,Moderate,FMS_MARITIME,2026-04-06
2022-01-20,11,LSMGO,26.88,12.8,307.2,24,272.475,0.42,Moderate,FMS_MARITIME,2026-04-06
2022-01-21,11,VLSFO,33.15,11.6,278.4,24,370.7942,0.72,Moderate,FMS_MARITIME,2026-04-06
2022-01-22,11,VLSFO,70.33,12.5,300.0,24,730.0254,0.87,Calm,FMS_MARITIME,2026-04-06
2022-01-23,11,VLSFO,30.25,11.3,271.2,24,347.3396,0.47,Rough,FMS_MARITIME,2026-04-06
2022-01-24,11,HFO,49.35,15.2,364.8,24,421.2607,0.74,Rough,FMS_MARITIME,2026-04-06
2022-01-25,11,VLSFO,65.74,8.3,199.2,24,1027.6825,0.92,Rough,FMS_MARITIME,2026-04-06
2022-01-26,11,HFO,82.14,10.5,252.0,24,1015.0157,0.69,Calm,FMS_MARITIME,2026-04-06
2022-01-27,11,HFO,38.49,9.5,228.0,24,525.6924,0.83,Rough,FMS_MARITIME,2026-04-06
2022-01-28,11,LNG,18.96,17.6,422.4,24,139.7761,0.79,Moderate,FMS_MARITIME,2026-04-06
2022-01-28,11,MGO,66.33,17.7,424.8,24,486.2326,0.43,Rough,FMS_MARITIME,2026-04-06
2022-01-28,11,LSMGO,70.22,9.1,218.4,24,1001.2137,0.9,Moderate,FMS_MARITIME,2026-04-06
2022-01-01,12,VLSFO,34.46,18.0,432.0,24,248.3992,0.43,Rough,FMS_MARITIME,2026-04-06
2022-01-02,12,VLSFO,59.31,15.5,372.0,24,496.4821,0.78,Rough,FMS_MARITIME,2026-04-06
2022-01-03,12,VLSFO,40.17,10.0,240.0,24,521.2058,0.53,Moderate,FMS_MARITIME,2026-04-06
2022-01-04,12,LNG,72.91,17.1,410.4,24,553.2206,0.93,Calm,FMS_MARITIME,2026-04-06
2022-01-05,12,LNG,65.98,13.8,331.2,24,620.3554,0.42,Calm,FMS_MARITIME,2026-04-06
2022-01-06,12,LSMGO,45.75,11.7,280.8,24,507.3558,0.64,Moderate,FMS_MARITIME,2026-04-06
2022-01-07,12,LSMGO,26.32,17.5,420.0,24,195.144,0.49,Moderate,FMS_MARITIME,2026-04-06
2022-01-08,12,LSMGO,35.73,10.1,242.4,24,459.0067,0.52,Moderate,FMS_MARITIME,2026-04-06
2022-01-09,12,VLSFO,40.91,11.0,264.0,24,482.552,0.69,Calm,FMS_MARITIME,2026-04-06
2022-01-10,12,LSMGO,72.01,9.6,230.4,24,973.2602,0.41,Calm,FMS_MARITIME,2026-04-06
2022-01-11,12,HFO,26.7,9.8,235.2,24,353.5026,0.73,Rough,FMS_MARITIME,2026-04-06
2022-01-12,12,MGO,80.32,13.8,331.2,24,755.1826,0.62,Rough,FMS_MARITIME,2026-04-06
2022-01-13,12,HFO,66.48,9.1,218.4,24,947.8879,0.52,Moderate,FMS_MARITIME,2026-04-06
2022-01-14,12,MGO,30.34,12.7,304.8,24,309.9697,0.8,Rough,FMS_MARITIME,2026-04-06
2022-01-15,12,LSMGO,34.3,9.0,216.0,24,494.4917,0.71,Rough,FMS_MARITIME,2026-04-06
2022-01-16,12,MGO,60.49,17.4,417.6,24,451.0677,0.46,Moderate,FMS_MARITIME,2026-04-06
2022-01-17,12,LNG,43.41,14.3,343.2,24,393.8774,0.59,Moderate,FMS_MARITIME,2026-04-06
2022-01-18,12,MGO,57.5,14.6,350.4,24,511.0017,0.46,Moderate,FMS_MARITIME,2026-04-06
2022-01-19,12,VLSFO,24.31,16.5,396.0,24,191.165,0.55,Calm,FMS_MARITIME,2026-04-06
2022-01-20,12,HFO,38.96,14.7,352.8,24,343.8816,0.98,Calm,FMS_MARITIME,2026-04-06
2022-01-21,12,HFO,56.31,10.4,249.6,24,702.5214,0.64,Calm,FMS_MARITIME,2026-04-06
2022-01-22,12,VLSFO,17.76,13.8,331.2,24,166.9826,0.46,Calm,FMS_MARITIME,2026-04-06
2022-01-23,12,MGO,51.29,17.9,429.6,24,371.7809,0.99,Calm,FMS_MARITIME,2026-04-06
2022-01-24,12,HFO,17.75,11.9,285.6,24,193.5347,0.58,Calm,FMS_MARITIME,2026-04-06
2022-01-25,12,MGO,48.84,17.8,427.2,24,356.0107,0.93,Rough,FMS_MARITIME,2026-04-06
2022-01-26,12,LSMGO,20.02,12.7,304.8,24,204.535,0.71,Calm,FMS_MARITIME,2026-04-06
2022-01-27,12,VLSFO,63.34,17.9,429.6,24,459.1265,0.5,Moderate,FMS_MARITIME,2026-04-06
2022-01-28,12,VLSFO,54.18,15.4,369.6,24,456.4841,0.91,Rough,FMS_MARITIME,2026-04-06
2022-01-28,12,LSMGO,32.05,12.6,302.4,24,330.0387,0.8,Moderate,FMS_MARITIME,2026-04-06
2022-01-28,12,VLSFO,84.32,15.1,362.4,24,724.5377,0.64,Calm,FMS_MARITIME,2026-04-06
2022-01-01,13,MGO,76.57,14.1,338.4,24,704.6069,0.9,Calm,FMS_MARITIME,2026-04-06
2022-01-02,13,LNG,52.94,14.0,336.0,24,490.6404,0.46,Rough,FMS_MARITIME,2026-04-06
2022-01-03,13,VLSFO,21.51,9.0,216.0,24,310.1025,0.58,Rough,FMS_MARITIME,2026-04-06
2022-01-04,13,LNG,54.16,15.1,362.4,24,465.3815,0.54,Moderate,FMS_MARITIME,2026-04-06
2022-01-05,13,HFO,59.97,17.4,417.6,24,447.1901,0.96,Moderate,FMS_MARITIME,2026-04-06
2022-01-06,13,MGO,31.24,12.7,304.8,24,319.1646,0.48,Moderate,FMS_MARITIME,2026-04-06
2022-01-07,13,LNG,42.92,14.0,336.0,24,397.7764,0.44,Moderate,FMS_MARITIME,2026-04-06
2022-01-08,13,HFO,61.73,12.1,290.4,24,661.9395,0.85,Moderate,FMS_MARITIME,2026-04-06
2022-01-09,13,HFO,83.48,13.7,328.8,24,790.6226,0.89,Rough,FMS_MARITIME,2026-04-06
2022-01-10,13,LSMGO,21.63,10.9,261.6,24,257.4764,0.52,Calm,FMS_MARITIME,2026-04-06
2022-01-11,13,HFO,33.45,9.3,223.2,24,466.6815,0.99,Calm,FMS_MARITIME,2026-04-06
2022-01-12,13,MGO,37.13,17.1,410.4,24,281.732,0.48,Moderate,FMS_MARITIME,2026-04-06
2022-01-13,13,LSMGO,47.51,15.9,381.6,24,387.6995,0.45,Rough,FMS_MARITIME,2026-04-06
2022-01-14,13,HFO,73.05,11.9,285.6,24,796.4905,0.75,Moderate,FMS_MARITIME,2026-04-06
2022-01-15,13,MGO,34.12,13.2,316.8,24,335.3841,0.99,Rough,FMS_MARITIME,2026-04-06
2022-01-16,13,LSMGO,57.27,11.6,278.4,24,640.5847,0.55,Rough,FMS_MARITIME,2026-04-06
2022-01-17,13,MGO,38.62,13.4,321.6,24,373.9511,0.59,Moderate,FMS_MARITIME,2026-04-06
2022-01-18,13,MGO,33.25,12.4,297.6,24,347.9183,0.69,Rough,FMS_MARITIME,2026-04-06
2022-01-19,13,LSMGO,26.29,15.6,374.4,24,218.662,0.86,Moderate,FMS_MARITIME,2026-04-06
2022-01-20,13,VLSFO,60.85,15.8,379.2,24,499.7017,0.78,Rough,FMS_MARITIME,2026-04-06
2022-01-21,13,VLSFO,37.84,17.7,424.8,24,277.3864,0.86,Rough,FMS_MARITIME,2026-04-06
2022-01-22,13,LNG,40.1,17.0,408.0,24,306.0574,0.62,Rough,FMS_MARITIME,2026-04-06
2022-01-23,13,MGO,75.31,10.1,242.4,24,967.4725,0.95,Moderate,FMS_MARITIME,2026-04-06
2022-01-24,13,MGO,74.04,15.8,379.2,24,608.0184,0.84,Calm,FMS_MARITIME,2026-04-06
2022-01-25,13,HFO,28.97,9.8,235.2,24,383.5569,0.59,Calm,FMS_MARITIME,2026-04-06
2022-01-26,13,VLSFO,65.74,9.9,237.6,24,861.5924,0.84,Moderate,FMS_MARITIME,2026-04-06
2022-01-27,13,MGO,82.89,14.4,345.6,24,746.8734,0.79,Moderate,FMS_MARITIME,2026-04-06
2022-01-28,13,VLSFO,45.19,16.3,391.2,24,359.7179,0.88,Moderate,FMS_MARITIME,2026-04-06
2022-01-28,13,VLSFO,37.58,10.1,242.4,24,482.7728,0.95,Rough,FMS_MARITIME,2026-04-06
2022-01-28,13,LNG,60.98,15.3,367.2,24,517.1343,0.65,Moderate,FMS_MARITIME,2026-04-06
2022-01-01,14,HFO,64.45,13.2,316.8,24,633.5142,0.43,Calm,FMS_MARITIME,2026-04-06
2022-01-02,14,LNG,81.05,14.8,355.2,24,710.5566,0.74,Moderate,FMS_MARITIME,2026-04-06
2022-01-03,14,VLSFO,75.56,16.1,386.4,24,608.9385,0.53,Calm,FMS_MARITIME,2026-04-06
2022-01-04,14,MGO,76.82,10.5,252.0,24,949.2757,0.43,Moderate,FMS_MARITIME,2026-04-06
2022-01-05,14,HFO,50.23,17.2,412.8,24,378.9153,0.98,Rough,FMS_MARITIME,2026-04-06
2022-01-06,14,VLSFO,33.45,14.8,355.2,24,293.2525,0.94,Calm,FMS_MARITIME,2026-04-06
2022-01-07,14,HFO,22.72,16.8,403.2,24,175.4714,0.83,Rough,FMS_MARITIME,2026-04-06
2022-01-08,14,MGO,70.91,13.0,312.0,24,707.7363,0.7,Rough,FMS_MARITIME,2026-04-06
2022-01-09,14,HFO,19.12,9.2,220.8,24,269.6543,0.8,Rough,FMS_MARITIME,2026-04-06
2022-01-10,14,MGO,53.28,8.6,206.4,24,803.8465,0.77,Moderate,FMS_MARITIME,2026-04-06
2022-01-11,14,HFO,80.69,12.5,300.0,24,837.5622,0.56,Moderate,FMS_MARITIME,2026-04-06
2022-01-12,14,VLSFO,33.21,10.2,244.8,24,422.4507,0.51,Moderate,FMS_MARITIME,2026-04-06
2022-01-13,14,LSMGO,67.06,9.0,216.0,24,966.7817,0.86,Moderate,FMS_MARITIME,2026-04-06
2022-01-14,14,MGO,33.81,9.5,228.0,24,461.7734,0.52,Rough,FMS_MARITIME,2026-04-06
2022-01-15,14,MGO,30.78,11.5,276.0,24,347.2787,0.51,Rough,FMS_MARITIME,2026-04-06
2022-01-16,14,LNG,32.62,13.0,312.0,24,325.5727,0.43,Moderate,FMS_MARITIME,2026-04-06
2022-01-17,14,HFO,82.43,9.1,218.4,24,1175.3069,0.94,Moderate,FMS_MARITIME,2026-04-06
2022-01-18,14,LNG,60.54,17.8,427.2,24,441.2958,0.58,Rough,FMS_MARITIME,2026-04-06
2022-01-19,14,LNG,68.53,8.2,196.8,24,1084.3619,0.83,Rough,FMS_MARITIME,2026-04-06
2022-01-20,14,LNG,25.19,10.9,261.6,24,299.8534,0.46,Moderate,FMS_MARITIME,2026-04-06
2022-01-21,14,LNG,29.87,14.7,352.8,24,263.6485,0.83,Rough,FMS_MARITIME,2026-04-06
2022-01-22,14,MGO,34.68,17.3,415.2,24,260.1,0.45,Moderate,FMS_MARITIME,2026-04-06
2022-01-23,14,HFO,55.27,16.2,388.8,24,442.6718,0.95,Calm,FMS_MARITIME,2026-04-06
2022-01-24,14,HFO,70.42,13.1,314.4,24,697.4805,0.42,Rough,FMS_MARITIME,2026-04-06
2022-01-25,14,LNG,64.02,11.9,285.6,24,698.0332,0.8,Calm,FMS_MARITIME,2026-04-06
2022-01-26,14,LSMGO,74.63,10.0,240.0,24,968.3242,0.98,Moderate,FMS_MARITIME,2026-04-06
2022-01-27,14,HFO,84.27,16.1,386.4,24,679.1325,0.72,Rough,FMS_MARITIME,2026-04-06
2022-01-28,14,HFO,30.94,8.6,206.4,24,466.7983,0.63,Rough,FMS_MARITIME,2026-04-06
2022-01-28,14,LNG,37.89,8.7,208.8,24,565.0836,0.94,Rough,FMS_MARITIME,2026-04-06
2022-01-28,14,LNG,20.04,13.5,324.0,24,192.6067,0.63,Rough,FMS_MARITIME,2026-04-06
2022-01-01,15,MGO,17.19,17.8,427.2,24,125.3035,0.92,Rough,FMS_MARITIME,2026-04-06
2022-01-02,15,HFO,30.2,14.1,338.4,24,277.9043,0.88,Moderate,FMS_MARITIME,2026-04-06
2022-01-03,15,HFO,60.42,12.5,300.0,24,627.1596,0.79,Rough,FMS_MARITIME,2026-04-06
2022-01-04,15,LNG,41.87,15.9,381.6,24,341.675,0.94,Moderate,FMS_MARITIME,2026-04-06
2022-01-05,15,VLSFO,32.34,9.1,218.4,24,461.1115,0.88,Calm,FMS_MARITIME,2026-04-06
2022-01-06,15,HFO,59.94,15.8,379.2,24,492.2288,0.47,Calm,FMS_MARITIME,2026-04-06
2022-01-07,15,MGO,30.33,14.4,345.6,24,273.2859,0.82,Moderate,FMS_MARITIME,2026-04-06
2022-01-08,15,HFO,52.16,16.4,393.6,24,412.6683,0.5,Calm,FMS_MARITIME,2026-04-06
2022-01-09,15,LNG,72.47,10.8,259.2,24,870.6465,0.74,Calm,FMS_MARITIME,2026-04-06
2022-01-10,15,LSMGO,69.48,15.3,367.2,24,589.2176,0.71,Moderate,FMS_MARITIME,2026-04-06
2022-01-11,15,HFO,31.41,10.9,261.6,24,373.8943,0.46,Moderate,FMS_MARITIME,2026-04-06
2022-01-12,15,VLSFO,36.61,9.4,225.6,24,505.3348,0.51,Rough,FMS_MARITIME,2026-04-06
2022-01-13,15,MGO,35.93,8.6,206.4,24,542.0834,0.69,Rough,FMS_MARITIME,2026-04-06
2022-01-14,15,HFO,62.88,8.4,201.6,24,971.2714,0.5,Rough,FMS_MARITIME,2026-04-06
2022-01-15,15,VLSFO,48.58,12.6,302.4,24,500.2583,0.48,Calm,FMS_MARITIME,2026-04-06
2022-01-16,15,MGO,70.76,14.6,350.4,24,628.8432,0.97,Rough,FMS_MARITIME,2026-04-06
2022-01-17,15,LNG,41.07,14.2,340.8,24,375.2699,0.68,Moderate,FMS_MARITIME,2026-04-06
2022-01-18,15,HFO,84.0,11.2,268.8,24,973.125,0.75,Moderate,FMS_MARITIME,2026-04-06
2022-01-19,15,LSMGO,81.06,14.0,336.0,24,751.2525,0.44,Rough,FMS_MARITIME,2026-04-06
2022-01-20,15,LSMGO,55.63,15.4,369.6,24,468.7008,0.45,Moderate,FMS_MARITIME,2026-04-06
2022-01-21,15,LNG,72.95,10.6,254.4,24,892.9493,0.74,Rough,FMS_MARITIME,2026-04-06
2022-01-22,15,MGO,33.35,14.3,343.2,24,302.5988,0.98,Moderate,FMS_MARITIME,2026-04-06
2022-01-23,15,MGO,52.61,13.3,319.2,24,513.2442,0.74,Rough,FMS_MARITIME,2026-04-06
2022-01-24,15,VLSFO,73.96,16.2,388.8,24,592.3648,0.46,Calm,FMS_MARITIME,2026-04-06
2022-01-25,15,VLSFO,26.51,11.1,266.4,24,309.8804,0.87,Moderate,FMS_MARITIME,2026-04-06
2022-01-26,15,VLSFO,80.15,11.4,273.6,24,912.2336,0.77,Moderate,FMS_MARITIME,2026-04-06
2022-01-27,15,MGO,72.25,13.7,328.8,24,684.2655,0.5,Calm,FMS_MARITIME,2026-04-06
2022-01-28,15,VLSFO,76.95,15.7,376.8,24,635.9403,0.69,Calm,FMS_MARITIME,2026-04-06
2022-01-28,15,VLSFO,54.45,14.6,350.4,24,483.8964,0.83,Calm,FMS_MARITIME,2026-04-06
2022-01-28,15,LSMGO,39.34,9.8,235.2,24,520.8536,0.73,Calm,FMS_MARITIME,2026-04-06
2022-01-01,16,MGO,69.86,13.2,316.8,24,686.692,0.64,Moderate,FMS_MARITIME,2026-04-06
2022-01-02,16,LSMGO,54.94,14.6,350.4,24,488.251,0.45,Calm,FMS_MARITIME,2026-04-06
2022-01-03,16,VLSFO,61.88,11.8,283.2,24,680.4178,0.84,Moderate,FMS_MARITIME,2026-04-06
2022-01-04,16,HFO,58.97,15.8,379.2,24,484.2631,0.56,Moderate,FMS_MARITIME,2026-04-06
2022-01-05,16,MGO,56.07,9.5,228.0,24,765.7982,0.74,Rough,FMS_MARITIME,2026-04-06
2022-01-06,16,VLSFO,75.6,8.9,213.6,24,1102.1461,0.73,Rough,FMS_MARITIME,2026-04-06
2022-01-07,16,HFO,71.84,13.6,326.4,24,685.3853,0.91,Calm,FMS_MARITIME,2026-04-06
2022-01-08,16,VLSFO,23.0,15.6,374.4,24,191.2981,0.63,Calm,FMS_MARITIME,2026-04-06
2022-01-09,16,LNG,82.84,13.2,316.8,24,814.2795,0.93,Rough,FMS_MARITIME,2026-04-06
2022-01-10,16,LSMGO,66.73,16.4,393.6,24,527.9401,0.71,Rough,FMS_MARITIME,2026-04-06
2022-01-11,16,LSMGO,23.53,10.4,249.6,24,293.5594,0.89,Moderate,FMS_MARITIME,2026-04-06
2022-01-12,16,HFO,41.52,8.4,201.6,24,641.3357,0.52,Calm,FMS_MARITIME,2026-04-06
2022-01-13,16,MGO,64.08,8.9,213.6,24,934.2,0.78,Moderate,FMS_MARITIME,2026-04-06
2022-01-14,16,MGO,63.88,10.7,256.8,24,774.6196,0.55,Rough,FMS_MARITIME,2026-04-06
2022-01-15,16,LNG,31.71,12.0,288.0,24,342.8644,0.91,Rough,FMS_MARITIME,2026-04-06
2022-01-16,16,HFO,18.87,9.3,223.2,24,263.2669,0.82,Moderate,FMS_MARITIME,2026-04-06
2022-01-17,16,HFO,44.75,9.8,235.2,24,592.4809,0.57,Moderate,FMS_MARITIME,2026-04-06
2022-01-18,16,VLSFO,30.56,9.8,235.2,24,404.6082,0.65,Moderate,FMS_MARITIME,2026-04-06
2022-01-19,16,MGO,60.76,12.8,307.2,24,615.907,0.59,Calm,FMS_MARITIME,2026-04-06
2022-01-20,16,MGO,16.84,13.3,319.2,24,164.285,0.77,Rough,FMS_MARITIME,2026-04-06
2022-01-21,16,MGO,54.96,16.1,386.4,24,442.923,0.6,Moderate,FMS_MARITIME,2026-04-06
2022-01-22,16,VLSFO,38.53,14.9,357.6,24,335.5213,0.56,Moderate,FMS_MARITIME,2026-04-06
2022-01-23,16,VLSFO,73.33,9.9,237.6,24,961.0674,0.98,Rough,FMS_MARITIME,2026-04-06
2022-01-24,16,VLSFO,31.25,9.8,235.2,24,413.7436,0.46,Moderate,FMS_MARITIME,2026-04-06
2022-01-25,16,HFO,23.47,9.4,225.6,24,323.9609,0.43,Calm,FMS_MARITIME,2026-04-06
2022-01-26,16,LSMGO,75.6,10.1,242.4,24,971.198,0.82,Calm,FMS_MARITIME,2026-04-06
2022-01-27,16,MGO,49.49,8.8,211.2,24,729.6963,0.63,Rough,FMS_MARITIME,2026-04-06
2022-01-28,16,LSMGO,65.91,11.7,280.8,24,730.925,0.76,Calm,FMS_MARITIME,2026-04-06
2022-01-28,16,HFO,37.37,12.3,295.2,24,394.2079,0.8,Calm,FMS_MARITIME,2026-04-06
2022-01-28,16,MGO,34.36,11.1,266.4,24,401.6405,0.64,Rough,FMS_MARITIME,2026-04-06
2022-01-01,17,VLSFO,49.05,14.8,355.2,24,430.016,0.97,Moderate,FMS_MARITIME,2026-04-06
2022-01-02,17,HFO,70.22,16.2,388.8,24,562.4102,0.47,Rough,FMS_MARITIME,2026-04-06
2022-01-03,17,HFO,66.09,15.1,362.4,24,567.8925,0.71,Moderate,FMS_MARITIME,2026-04-06
2022-01-04,17,HFO,47.0,12.8,307.2,24,476.4258,0.82,Rough,FMS_MARITIME,2026-04-06
2022-01-05,17,MGO,67.39,15.8,379.2,24,553.4084,0.74,Rough,FMS_MARITIME,2026-04-06
2022-01-06,17,LSMGO,30.93,16.9,405.6,24,237.4655,0.94,Moderate,FMS_MARITIME,2026-04-06
2022-01-07,17,LSMGO,45.47,15.3,367.2,24,385.6034,0.45,Moderate,FMS_MARITIME,2026-04-06
2022-01-08,17,LSMGO,58.02,9.0,216.0,24,836.455,0.53,Calm,FMS_MARITIME,2026-04-06
2022-01-09,17,HFO,69.32,15.2,364.8,24,591.7283,0.83,Rough,FMS_MARITIME,2026-04-06
2022-01-10,17,LSMGO,60.06,13.3,319.2,24,585.9237,0.48,Rough,FMS_MARITIME,2026-04-06
2022-01-11,17,LSMGO,30.37,11.1,266.4,24,355.0007,0.97,Moderate,FMS_MARITIME,2026-04-06
2022-01-12,17,HFO,44.98,9.1,218.4,24,641.3357,0.89,Moderate,FMS_MARITIME,2026-04-06
2022-01-13,17,HFO,68.85,16.0,384.0,24,558.3305,0.95,Moderate,FMS_MARITIME,2026-04-06
2022-01-14,17,VLSFO,32.25,15.7,376.8,24,266.5247,0.66,Moderate,FMS_MARITIME,2026-04-06
2022-01-15,17,VLSFO,54.67,12.1,290.4,24,586.2341,0.6,Rough,FMS_MARITIME,2026-04-06
2022-01-16,17,LSMGO,23.96,12.5,300.0,24,248.7048,0.68,Calm,FMS_MARITIME,2026-04-06
2022-01-17,17,LNG,69.18,12.4,297.6,24,723.8794,0.96,Calm,FMS_MARITIME,2026-04-06
2022-01-18,17,LSMGO,71.37,15.2,364.8,24,609.2275,0.8,Rough,FMS_MARITIME,2026-04-06
2022-01-19,17,HFO,52.63,14.5,348.0,24,470.9478,0.67,Calm,FMS_MARITIME,2026-04-06
2022-01-20,17,VLSFO,72.11,17.4,417.6,24,537.7168,0.73,Rough,FMS_MARITIME,2026-04-06
2022-01-21,17,LNG,79.49,17.0,408.0,24,606.6957,0.4,Moderate,FMS_MARITIME,2026-04-06
2022-01-22,17,VLSFO,15.64,13.0,312.0,24,156.0992,0.7,Moderate,FMS_MARITIME,2026-04-06
2022-01-23,17,LSMGO,71.84,12.8,307.2,24,728.2219,0.47,Rough,FMS_MARITIME,2026-04-06
2022-01-24,17,VLSFO,64.72,11.7,280.8,24,717.7282,0.93,Moderate,FMS_MARITIME,2026-04-06
2022-01-25,17,LSMGO,58.95,14.0,336.0,24,546.3402,0.79,Calm,FMS_MARITIME,2026-04-06
2022-01-26,17,VLSFO,77.94,10.4,249.6,24,972.3764,0.72,Moderate,FMS_MARITIME,2026-04-06
2022-01-27,17,LNG,79.47,15.8,379.2,24,652.6097,0.69,Moderate,FMS_MARITIME,2026-04-06
2022-01-28,17,MGO,76.54,13.5,324.0,24,735.6344,0.77,Rough,FMS_MARITIME,2026-04-06
2022-01-28,17,HFO,62.12,17.7,424.8,24,455.3712,0.77,Calm,FMS_MARITIME,2026-04-06
2022-01-28,17,LSMGO,34.28,11.2,268.8,24,397.1277,0.97,Calm,FMS_MARITIME,2026-04-06
2022-01-01,18,HFO,51.47,9.6,230.4,24,695.6492,0.46,Moderate,FMS_MARITIME,2026-04-06
2022-01-02,18,LSMGO,17.97,8.9,213.6,24,261.9784,0.44,Calm,FMS_MARITIME,2026-04-06
2022-01-03,18,HFO,22.24,13.6,326.4,24,212.1794,0.91,Rough,FMS_MARITIME,2026-04-06
2022-01-04,18,MGO,51.82,12.8,307.2,24,525.2848,0.75,Moderate,FMS_MARITIME,2026-04-06
2022-01-05,18,HFO,64.37,13.7,328.8,24,609.6356,0.93,Calm,FMS_MARITIME,2026-04-06
2022-01-06,18,MGO,19.07,13.3,319.2,24,186.04,0.59,Moderate,FMS_MARITIME,2026-04-06
2022-01-07,18,LNG,79.69,15.1,362.4,24,684.7535,0.98,Calm,FMS_MARITIME,2026-04-06
2022-01-08,18,LNG,84.43,9.8,235.2,24,1117.836,0.59,Moderate,FMS_MARITIME,2026-04-06
2022-01-09,18,VLSFO,52.62,13.9,333.6,24,491.1831,0.44,Moderate,FMS_MARITIME,2026-04-06
2022-01-10,18,LSMGO,39.81,12.4,297.6,24,416.5603,0.6,Calm,FMS_MARITIME,2026-04-06
2022-01-11,18,HFO,66.52,8.3,199.2,24,1039.8759,0.68,Moderate,FMS_MARITIME,2026-04-06
2022-01-12,18,LNG,21.56,15.1,362.4,24,185.2589,0.76,Rough,FMS_MARITIME,2026-04-06
2022-01-13,18,LNG,76.0,17.3,415.2,24,570.0,0.68,Rough,FMS_MARITIME,2026-04-06
2022-01-14,18,LNG,52.95,9.7,232.8,24,708.2745,0.97,Calm,FMS_MARITIME,2026-04-06
2022-01-15,18,HFO,58.11,13.2,316.8,24,571.1949,0.99,Moderate,FMS_MARITIME,2026-04-06
2022-01-16,18,HFO,42.88,11.2,268.8,24,496.7571,0.64,Calm,FMS_MARITIME,2026-04-06
2022-01-17,18,MGO,71.25,9.4,225.6,24,983.4774,0.77,Rough,FMS_MARITIME,2026-04-06
2022-01-18,18,VLSFO,28.69,11.4,273.6,24,326.5375,1.0,Rough,FMS_MARITIME,2026-04-06
2022-01-19,18,LNG,16.98,11.4,273.6,24,193.2592,0.66,Rough,FMS_MARITIME,2026-04-06
2022-01-20,18,VLSFO,81.75,11.1,266.4,24,955.5912,0.98,Moderate,FMS_MARITIME,2026-04-06
2022-01-21,18,VLSFO,70.35,11.8,283.2,24,773.5519,0.61,Calm,FMS_MARITIME,2026-04-06
2022-01-22,18,VLSFO,31.61,13.0,312.0,24,315.4921,0.54,Moderate,FMS_MARITIME,2026-04-06
2022-01-23,18,LNG,82.67,17.6,422.4,24,609.4564,0.83,Moderate,FMS_MARITIME,2026-04-06
2022-01-24,18,LNG,27.63,16.1,386.4,24,222.6703,0.69,Rough,FMS_MARITIME,2026-04-06
2022-01-25,18,LSMGO,28.82,13.4,321.6,24,279.0593,1.0,Rough,FMS_MARITIME,2026-04-06
2022-01-26,18,LSMGO,39.2,14.5,348.0,24,350.7724,0.78,Moderate,FMS_MARITIME,2026-04-06
2022-01-27,18,VLSFO,73.36,16.2,388.8,24,587.5593,0.89,Calm,FMS_MARITIME,2026-04-06
2022-01-28,18,MGO,84.78,11.6,278.4,24,948.2935,0.95,Calm,FMS_MARITIME,2026-04-06
2022-01-28,18,HFO,16.18,15.3,367.2,24,137.2127,0.41,Calm,FMS_MARITIME,2026-04-06
2022-01-28,18,MGO,41.1,14.6,350.4,24,365.2551,0.86,Calm,FMS_MARITIME,2026-04-06
2022-01-01,19,LSMGO,38.64,10.3,247.2,24,486.7515,0.96,Calm,FMS_MARITIME,2026-04-06
2022-01-02,19,MGO,30.42,16.3,391.2,24,242.1469,0.61,Moderate,FMS_MARITIME,2026-04-06
2022-01-03,19,MGO,36.71,8.8,211.2,24,541.2639,0.63,Calm,FMS_MARITIME,2026-04-06
2022-01-04,19,MGO,83.97,14.7,352.8,24,741.1638,0.68,Rough,FMS_MARITIME,2026-04-06
2022-01-05,19,VLSFO,68.11,10.5,252.0,24,841.645,0.96,Rough,FMS_MARITIME,2026-04-06
2022-01-06,19,MGO,37.79,8.9,213.6,24,550.9272,0.98,Rough,FMS_MARITIME,2026-04-06
2022-01-07,19,LSMGO,44.42,11.8,283.2,24,488.4318,0.76,Moderate,FMS_MARITIME,2026-04-06
2022-01-08,19,LNG,79.84,10.8,259.2,24,959.1889,0.66,Moderate,FMS_MARITIME,2026-04-06
2022-01-09,19,LNG,37.05,9.1,218.4,24,528.2679,0.76,Moderate,FMS_MARITIME,2026-04-06
2022-01-10,19,LSMGO,46.13,11.8,283.2,24,507.2345,0.54,Calm,FMS_MARITIME,2026-04-06
2022-01-11,19,LSMGO,68.85,16.2,388.8,24,551.4375,0.52,Calm,FMS_MARITIME,2026-04-06
2022-01-12,19,HFO,15.01,11.5,276.0,24,169.352,0.93,Moderate,FMS_MARITIME,2026-04-06
2022-01-13,19,MGO,70.72,12.4,297.6,24,739.9935,0.93,Moderate,FMS_MARITIME,2026-04-06
2022-01-14,19,VLSFO,47.28,8.2,196.8,24,748.1195,0.7,Calm,FMS_MARITIME,2026-04-06
2022-01-15,19,MGO,49.18,17.4,417.6,24,366.7302,0.99,Moderate,FMS_MARITIME,2026-04-06
2022-01-16,19,HFO,23.78,13.9,333.6,24,221.9752,0.79,Moderate,FMS_MARITIME,2026-04-06
2022-01-17,19,LNG,73.73,11.7,280.8,24,817.6468,0.54,Rough,FMS_MARITIME,2026-04-06
2022-01-18,19,VLSFO,48.47,8.8,211.2,24,714.6571,0.78,Moderate,FMS_MARITIME,2026-04-06
2022-01-19,19,LNG,37.8,8.7,208.8,24,563.7414,0.94,Rough,FMS_MARITIME,2026-04-06
2022-01-20,19,MGO,39.45,16.6,398.4,24,308.3517,0.93,Moderate,FMS_MARITIME,2026-04-06
2022-01-21,19,HFO,50.7,17.1,410.4,24,384.6974,0.97,Moderate,FMS_MARITIME,2026-04-06
2022-01-22,19,LSMGO,75.58,11.7,280.8,24,838.1628,0.89,Calm,FMS_MARITIME,2026-04-06
2022-01-23,19,HFO,76.51,13.1,314.4,24,757.7994,0.93,Rough,FMS_MARITIME,2026-04-06
2022-01-24,19,LSMGO,29.25,14.0,336.0,24,271.0848,0.93,Rough,FMS_MARITIME,2026-04-06
2022-01-25,19,HFO,69.01,11.6,278.4,24,771.9006,0.92,Moderate,FMS_MARITIME,2026-04-06
2022-01-26,19,LNG,18.37,15.7,376.8,24,151.8158,0.96,Calm,FMS_MARITIME,2026-04-06
2022-01-27,19,HFO,77.68,16.6,398.4,24,607.1675,0.68,Calm,FMS_MARITIME,2026-04-06
2022-01-28,19,VLSFO,56.01,8.0,192.0,24,908.4122,0.94,Calm,FMS_MARITIME,2026-04-06
2022-01-28,19,LNG,65.02,10.1,242.4,24,835.2817,0.64,Rough,FMS_MARITIME,2026-04-06
2022-01-28,19,LNG,60.57,15.6,374.4,24,503.7793,0.65,Moderate,FMS_MARITIME,2026-04-06
2022-01-01,20,MGO,61.88,14.8,355.2,24,542.4953,0.9,Moderate,FMS_MARITIME,2026-04-06
2022-01-02,20,VLSFO,31.56,8.3,199.2,24,493.3627,0.78,Calm,FMS_MARITIME,2026-04-06
2022-01-03,20,MGO,45.31,10.6,254.4,24,554.62,0.85,Rough,FMS_MARITIME,2026-04-06
2022-01-04,20,VLSFO,62.24,14.1,338.4,24,572.7404,0.51,Calm,FMS_MARITIME,2026-04-06
2022-01-05,20,MGO,65.11,12.9,309.6,24,654.8855,0.66,Moderate,FMS_MARITIME,2026-04-06
2022-01-06,20,LNG,19.46,15.5,372.0,24,162.899,0.56,Moderate,FMS_MARITIME,2026-04-06
2022-01-07,20,VLSFO,43.67,14.7,352.8,24,385.4546,0.77,Rough,FMS_MARITIME,2026-04-06
2022-01-08,20,VLSFO,52.62,14.9,357.6,24,458.2178,0.46,Calm,FMS_MARITIME,2026-04-06
2022-01-09,20,LNG,82.8,11.0,264.0,24,976.6636,0.95,Moderate,FMS_MARITIME,2026-04-06
2022-01-10,20,MGO,78.9,15.3,367.2,24,669.1029,0.65,Moderate,FMS_MARITIME,2026-04-06
2022-01-11,20,LNG,27.68,10.1,242.4,24,355.5921,0.6,Rough,FMS_MARITIME,2026-04-06
2022-01-12,20,VLSFO,51.98,17.1,410.4,24,394.4096,0.76,Moderate,FMS_MARITIME,2026-04-06
2022-01-13,20,LNG,32.45,9.8,235.2,24,429.6314,0.76,Moderate,FMS_MARITIME,2026-04-06
2022-01-14,20,LNG,59.63,12.4,297.6,24,623.951,0.95,Rough,FMS_MARITIME,2026-04-06
2022-01-15,20,MGO,51.31,11.3,271.2,24,589.1569,0.65,Rough,FMS_MARITIME,2026-04-06
2022-01-16,20,LSMGO,15.43,15.5,372.0,24,129.164,0.76,Calm,FMS_MARITIME,2026-04-06
2022-01-17,20,MGO,53.86,8.4,201.6,24,831.9446,0.71,Calm,FMS_MARITIME,2026-04-06
2022-01-18,20,LSMGO,70.84,11.4,273.6,24,806.2711,0.86,Calm,FMS_MARITIME,2026-04-06
2022-01-19,20,VLSFO,47.93,11.0,264.0,24,565.3561,0.68,Calm,FMS_MARITIME,2026-04-06
2022-01-20,20,LSMGO,34.24,12.0,288.0,24,370.22,0.63,Rough,FMS_MARITIME,2026-04-06
2022-01-21,20,LNG,59.86,14.2,340.8,24,546.9602,0.91,Calm,FMS_MARITIME,2026-04-06
2022-01-22,20,LSMGO,78.6,12.5,300.0,24,815.868,0.68,Rough,FMS_MARITIME,2026-04-06
2022-01-23,20,HFO,64.52,10.5,252.0,24,797.2829,0.81,Moderate,FMS_MARITIME,2026-04-06
2022-01-24,20,LNG,50.18,14.2,340.8,24,458.5109,0.85,Calm,FMS_MARITIME,2026-04-06
2022-01-25,20,LNG,16.51,11.0,264.0,24,194.743,0.87,Calm,FMS_MARITIME,2026-04-06
2022-01-26,20,VLSFO,28.31,17.3,415.2,24,212.325,0.56,Calm,FMS_MARITIME,2026-04-06
2022-01-27,20,LNG,45.58,15.5,372.0,24,381.5487,0.58,Calm,FMS_MARITIME,2026-04-06
2022-01-28,20,HFO,31.37,14.1,338.4,24,288.6707,0.98,Calm,FMS_MARITIME,2026-04-06
2022-01-28,20,HFO,23.36,16.4,393.6,24,184.8146,0.86,Rough,FMS_MARITIME,2026-04-06
2022-01-28,20,VLSFO,46.87,9.0,216.0,24,675.7092,0.56,Rough,FMS_MARITIME,2026-04-06
2022-01-01,21,VLSFO,78.65,16.4,393.6,24,622.2462,0.6,Calm,FMS_MARITIME,2026-04-06
2022-01-02,21,MGO,15.0,11.2,268.8,24,173.7723,0.44,Rough,FMS_MARITIME,2026-04-06
2022-01-03,21,VLSFO,84.02,16.1,386.4,24,677.1177,0.68,Moderate,FMS_MARITIME,2026-04-06
2022-01-04,21,LSMGO,54.91,14.1,338.4,24,505.2888,0.53,Rough,FMS_MARITIME,2026-04-06
2022-01-05,21,MGO,49.31,8.7,208.8,24,735.3991,0.53,Rough,FMS_MARITIME,2026-04-06
2022-01-06,21,HFO,83.43,10.9,261.6,24,993.1232,0.9,Moderate,FMS_MARITIME,2026-04-06
2022-01-07,21,LSMGO,23.04,9.1,218.4,24,328.5099,0.47,Moderate,FMS_MARITIME,2026-04-06
2022-01-08,21,VLSFO,31.94,10.2,244.8,24,406.2956,0.55,Calm,FMS_MARITIME,2026-04-06
2022-01-09,21,LSMGO,54.55,9.1,218.4,24,777.7871,0.92,Moderate,FMS_MARITIME,2026-04-06
2022-01-10,21,LSMGO,33.13,16.4,393.6,24,262.1108,0.51,Calm,FMS_MARITIME,2026-04-06
2022-01-11,21,VLSFO,47.14,11.9,285.6,24,513.9845,0.69,Calm,FMS_MARITIME,2026-04-06
2022-01-12,21,VLSFO,83.19,17.7,424.8,24,609.825,0.66,Calm,FMS_MARITIME,2026-04-06
2022-01-13,21,VLSFO,54.44,12.1,290.4,24,583.7678,0.82,Calm,FMS_MARITIME,2026-04-06
2022-01-14,21,LNG,31.32,17.6,422.4,24,230.896,0.82,Rough,FMS_MARITIME,2026-04-06
2022-01-15,21,HFO,77.09,14.5,348.0,24,689.8226,0.92,Moderate,FMS_MARITIME,2026-04-06
2022-01-16,21,LNG,54.57,9.7,232.8,24,729.9441,0.43,Calm,FMS_MARITIME,2026-04-06
2022-01-17,21,HFO,65.13,11.3,271.2,24,747.8423,0.53,Rough,FMS_MARITIME,2026-04-06
2022-01-18,21,HFO,40.44,13.2,316.8,24,397.5068,0.6,Rough,FMS_MARITIME,2026-04-06
2022-01-19,21,MGO,63.69,13.5,324.0,24,612.1317,0.82,Rough,FMS_MARITIME,2026-04-06
2022-01-20,21,HFO,84.25,14.6,350.4,24,748.7286,0.8,Calm,FMS_MARITIME,2026-04-06
2022-01-21,21,VLSFO,53.89,11.7,280.8,24,597.6263,0.43,Calm,FMS_MARITIME,2026-04-06
2022-01-22,21,LSMGO,69.37,10.0,240.0,24,900.0758,0.47,Rough,FMS_MARITIME,2026-04-06
2022-01-23,21,VLSFO,82.01,13.2,316.8,24,806.121,0.99,Moderate,FMS_MARITIME,2026-04-06
2022-01-24,21,LSMGO,55.42,13.4,321.6,24,536.6228,0.87,Moderate,FMS_MARITIME,2026-04-06
2022-01-25,21,MGO,82.44,9.5,228.0,24,1125.9568,0.78,Calm,FMS_MARITIME,2026-04-06
2022-01-26,21,HFO,39.64,15.6,374.4,24,329.6981,0.78,Calm,FMS_MARITIME,2026-04-06
2022-01-27,21,HFO,42.07,16.1,386.4,24,339.0424,0.76,Rough,FMS_MARITIME,2026-04-06
2022-01-28,21,MGO,57.25,17.8,427.2,24,417.3139,0.46,Moderate,FMS_MARITIME,2026-04-06
2022-01-28,21,LSMGO,49.6,8.1,194.4,24,794.5185,0.79,Rough,FMS_MARITIME,2026-04-06
2022-01-28,21,LSMGO,33.51,12.3,295.2,24,353.4896,0.8,Moderate,FMS_MARITIME,2026-04-06
2022-01-01,22,LSMGO,24.9,14.7,352.8,24,219.7806,0.42,Rough,FMS_MARITIME,2026-04-06
2022-01-02,22,LSMGO,37.03,12.8,307.2,24,375.3627,0.44,Rough,FMS_MARITIME,2026-04-06
2022-01-03,22,VLSFO,48.91,11.5,276.0,24,551.8324,0.62,Rough,FMS_MARITIME,2026-04-06
2022-01-04,22,LSMGO,61.07,9.9,237.6,24,800.3871,0.51,Moderate,FMS_MARITIME,2026-04-06
2022-01-05,22,LSMGO,57.98,16.6,398.4,24,453.187,0.47,Rough,FMS_MARITIME,2026-04-06
2022-01-06,22,LNG,29.38,12.4,297.6,24,307.4238,0.88,Calm,FMS_MARITIME,2026-04-06
2022-01-07,22,LSMGO,26.15,15.8,379.2,24,214.7445,0.55,Moderate,FMS_MARITIME,2026-04-06
2022-01-08,22,LNG,51.16,14.7,352.8,24,451.5653,0.63,Rough,FMS_MARITIME,2026-04-06
2022-01-09,22,HFO,78.23,17.6,422.4,24,576.724,0.67,Moderate,FMS_MARITIME,2026-04-06
2022-01-10,22,LNG,60.48,16.9,405.6,24,464.3361,0.45,Moderate,FMS_MARITIME,2026-04-06
2022-01-11,22,LSMGO,37.56,16.1,386.4,24,302.6963,0.79,Rough,FMS_MARITIME,2026-04-06
2022-01-12,22,LSMGO,76.77,16.8,403.2,24,592.9112,0.5,Rough,FMS_MARITIME,2026-04-06
2022-01-13,22,LSMGO,20.92,13.8,331.2,24,196.6935,0.48,Rough,FMS_MARITIME,2026-04-06
2022-01-14,22,LSMGO,62.68,15.2,364.8,24,535.048,0.97,Rough,FMS_MARITIME,2026-04-06
2022-01-15,22,VLSFO,58.91,12.6,302.4,24,606.6327,0.48,Rough,FMS_MARITIME,2026-04-06
2022-01-16,22,HFO,20.29,9.0,216.0,24,292.5142,0.81,Moderate,FMS_MARITIME,2026-04-06
2022-01-17,22,LNG,64.16,12.3,295.2,24,676.8098,0.56,Calm,FMS_MARITIME,2026-04-06
2022-01-18,22,MGO,42.73,17.2,412.8,24,322.3382,0.69,Moderate,FMS_MARITIME,2026-04-06
2022-01-19,22,LNG,29.22,12.3,295.2,24,308.2354,0.88,Rough,FMS_MARITIME,2026-04-06
2022-01-20,22,LSMGO,21.54,8.8,211.2,24,317.5926,0.79,Rough,FMS_MARITIME,2026-04-06
2022-01-21,22,MGO,50.93,13.0,312.0,24,508.3206,0.71,Moderate,FMS_MARITIME,2026-04-06
2022-01-22,22,HFO,63.96,11.2,268.8,24,740.9652,0.52,Rough,FMS_MARITIME,2026-04-06
2022-01-23,22,MGO,83.06,13.0,312.0,24,829.0027,0.47,Moderate,FMS_MARITIME,2026-04-06
2022-01-24,22,HFO,45.67,17.2,412.8,24,344.5164,0.62,Calm,FMS_MARITIME,2026-04-06
2022-01-25,22,MGO,54.55,9.4,225.6,24,752.9641,0.46,Rough,FMS_MARITIME,2026-04-06
2022-01-26,22,VLSFO,56.9,13.1,314.4,24,563.5706,0.4,Rough,FMS_MARITIME,2026-04-06
2022-01-27,22,LSMGO,57.39,17.8,427.2,24,418.3344,0.9,Rough,FMS_MARITIME,2026-04-06
2022-01-28,22,HFO,58.1,16.9,405.6,24,446.0636,0.92,Moderate,FMS_MARITIME,2026-04-06
2022-01-28,22,LSMGO,81.2,13.4,321.6,24,786.2463,0.65,Rough,FMS_MARITIME,2026-04-06
2022-01-28,22,VLSFO,67.05,18.0,432.0,24,483.3187,0.41,Rough,FMS_MARITIME,2026-04-06
2022-01-01,23,HFO,48.81,14.8,355.2,24,427.912,0.57,Calm,FMS_MARITIME,2026-04-06
2022-01-02,23,VLSFO,27.69,15.3,367.2,24,234.8221,0.52,Moderate,FMS_MARITIME,2026-04-06
2022-01-03,23,LSMGO,59.29,11.3,271.2,24,680.7856,0.73,Moderate,FMS_MARITIME,2026-04-06
2022-01-04,23,LNG,59.51,16.0,384.0,24,482.5889,0.45,Moderate,FMS_MARITIME,2026-04-06
2022-01-05,23,LSMGO,43.24,17.6,422.4,24,318.7722,0.75,Calm,FMS_MARITIME,2026-04-06
2022-01-06,23,LSMGO,48.46,8.2,196.8,24,766.7909,0.7,Rough,FMS_MARITIME,2026-04-06
2022-01-07,23,MGO,63.3,16.4,393.6,24,500.8034,0.5,Calm,FMS_MARITIME,2026-04-06
2022-01-08,23,HFO,72.51,8.1,194.4,24,1161.5028,0.72,Calm,FMS_MARITIME,2026-04-06
2022-01-09,23,MGO,31.46,11.3,271.2,24,361.2332,0.86,Moderate,FMS_MARITIME,2026-04-06
2022-01-10,23,MGO,63.15,12.7,304.8,24,645.1742,0.85,Rough,FMS_MARITIME,2026-04-06
2022-01-11,23,LSMGO,64.48,10.8,259.2,24,774.6556,0.73,Calm,FMS_MARITIME,2026-04-06
2022-01-12,23,VLSFO,28.45,13.1,314.4,24,281.7853,0.44,Rough,FMS_MARITIME,2026-04-06
2022-01-13,23,VLSFO,31.68,14.2,340.8,24,289.4704,0.72,Calm,FMS_MARITIME,2026-04-06
2022-01-14,23,MGO,22.01,14.4,345.6,24,198.3193,0.69,Moderate,FMS_MARITIME,2026-04-06
2022-01-15,23,LSMGO,42.92,11.9,285.6,24,467.9723,0.71,Moderate,FMS_MARITIME,2026-04-06
2022-01-16,23,LSMGO,20.91,17.1,410.4,24,158.6592,0.57,Moderate,FMS_MARITIME,2026-04-06
2022-01-17,23,LNG,75.71,13.6,326.4,24,722.3068,0.41,Moderate,FMS_MARITIME,2026-04-06
2022-01-18,23,LSMGO,81.12,17.0,408.0,24,619.1365,0.93,Moderate,FMS_MARITIME,2026-04-06
2022-01-19,23,HFO,23.2,16.4,393.6,24,183.5488,0.47,Calm,FMS_MARITIME,2026-04-06
2022-01-20,23,LSMGO,20.83,10.1,242.4,24,267.5933,0.47,Calm,FMS_MARITIME,2026-04-06
2022-01-21,23,MGO,16.79,8.0,192.0,24,272.3128,0.94,Calm,FMS_MARITIME,2026-04-06
2022-01-22,23,MGO,55.92,10.7,256.8,24,678.0953,0.98,Calm,FMS_MARITIME,2026-04-06
2022-01-23,23,LNG,41.01,17.5,420.0,24,304.0599,0.53,Rough,FMS_MARITIME,2026-04-06
2022-01-24,23,MGO,52.91,14.7,352.8,24,467.0117,0.94,Calm,FMS_MARITIME,2026-04-06
2022-01-25,23,LNG,76.91,10.2,244.8,24,978.3404,0.81,Moderate,FMS_MARITIME,2026-04-06
2022-01-26,23,LSMGO,26.66,13.6,326.4,24,254.3482,0.52,Calm,FMS_MARITIME,2026-04-06
2022-01-27,23,HFO,35.7,8.2,196.8,24,564.8872,0.41,Rough,FMS_MARITIME,2026-04-06
2022-01-28,23,VLSFO,27.67,8.4,201.6,24,427.4027,0.47,Calm,FMS_MARITIME,2026-04-06
2022-01-28,23,LSMGO,20.92,14.6,350.4,24,185.9158,0.67,Moderate,FMS_MARITIME,2026-04-06
2022-01-28,23,LNG,25.6,16.7,400.8,24,198.8982,0.53,Calm,FMS_MARITIME,2026-04-06
2022-01-01,24,LSMGO,69.94,14.8,355.2,24,613.1564,0.75,Moderate,FMS_MARITIME,2026-04-06
2022-01-02,24,MGO,22.73,10.7,256.8,24,275.6278,0.65,Rough,FMS_MARITIME,2026-04-06
2022-01-03,24,LSMGO,49.91,12.1,290.4,24,535.1919,0.61,Calm,FMS_MARITIME,2026-04-06
2022-01-04,24,VLSFO,18.79,9.0,216.0,24,270.8892,0.54,Calm,FMS_MARITIME,2026-04-06
2022-01-05,24,MGO,49.91,15.9,381.6,24,407.2844,0.68,Moderate,FMS_MARITIME,2026-04-06
2022-01-06,24,LNG,22.67,14.1,338.4,24,208.6122,0.83,Calm,FMS_MARITIME,2026-04-06
2022-01-07,24,VLSFO,76.95,16.4,393.6,24,608.7965,0.98,Moderate,FMS_MARITIME,2026-04-06
2022-01-08,24,MGO,73.39,13.0,312.0,24,732.4887,0.7,Moderate,FMS_MARITIME,2026-04-06
2022-01-09,24,MGO,80.79,8.9,213.6,24,1177.8093,1.0,Calm,FMS_MARITIME,2026-04-06
2022-01-10,24,LSMGO,27.13,11.3,271.2,24,311.5148,0.88,Moderate,FMS_MARITIME,2026-04-06
2022-01-11,24,HFO,64.81,11.3,271.2,24,744.1679,0.61,Moderate,FMS_MARITIME,2026-04-06
2022-01-12,24,HFO,29.08,11.6,278.4,24,325.2698,0.49,Rough,FMS_MARITIME,2026-04-06
2022-01-13,24,VLSFO,53.54,15.9,381.6,24,436.9066,0.5,Calm,FMS_MARITIME,2026-04-06
2022-01-14,24,LNG,28.35,13.6,326.4,24,270.4715,0.59,Rough,FMS_MARITIME,2026-04-06
2022-01-15,24,LNG,64.81,9.5,228.0,24,885.1682,0.96,Calm,FMS_MARITIME,2026-04-06
2022-01-16,24,LNG,37.95,8.8,211.2,24,559.5469,0.56,Moderate,FMS_MARITIME,2026-04-06
2022-01-17,24,VLSFO,54.07,14.8,355.2,24,474.0258,0.43,Calm,FMS_MARITIME,2026-04-06
2022-01-18,24,MGO,69.68,17.1,410.4,24,528.7123,0.97,Moderate,FMS_MARITIME,2026-04-06
2022-01-19,24,HFO,60.14,9.6,230.4,24,812.8297,0.68,Rough,FMS_MARITIME,2026-04-06
2022-01-20,24,MGO,74.23,8.6,206.4,24,1119.9235,0.75,Rough,FMS_MARITIME,2026-04-06
2022-01-21,24,LNG,56.7,8.3,199.2,24,886.3645,0.7,Moderate,FMS_MARITIME,2026-04-06
2022-01-22,24,LSMGO,82.78,17.0,408.0,24,631.8062,1.0,Calm,FMS_MARITIME,2026-04-06
2022-01-23,24,MGO,63.37,8.2,196.8,24,1002.7143,0.98,Moderate,FMS_MARITIME,2026-04-06
2022-01-24,24,HFO,83.47,8.7,208.8,24,1244.8543,0.92,Rough,FMS_MARITIME,2026-04-06
2022-01-25,24,MGO,28.23,12.8,307.2,24,286.1596,0.92,Moderate,FMS_MARITIME,2026-04-06
2022-01-26,24,VLSFO,35.88,10.6,254.4,24,439.1915,0.63,Moderate,FMS_MARITIME,2026-04-06
2022-01-27,24,HFO,36.45,11.0,264.0,24,429.9443,0.65,Moderate,FMS_MARITIME,2026-04-06
2022-01-28,24,LSMGO,83.75,13.4,321.6,24,810.9375,0.59,Calm,FMS_MARITIME,2026-04-06
2022-01-28,24,LSMGO,41.01,12.3,295.2,24,432.6055,0.55,Moderate,FMS_MARITIME,2026-04-06
2022-01-28,24,MGO,52.23,10.8,259.2,24,627.4854,0.53,Rough,FMS_MARITIME,2026-04-06
2022-01-01,25,LNG,39.86,16.5,396.0,24,313.4445,0.65,Calm,FMS_MARITIME,2026-04-06
2022-01-02,25,LSMGO,48.1,13.3,319.2,24,469.2462,0.93,Rough,FMS_MARITIME,2026-04-06
2022-01-03,25,VLSFO,61.37,12.7,304.8,24,626.9888,0.9,Rough,FMS_MARITIME,2026-04-06
2022-01-04,25,LSMGO,74.69,14.0,336.0,24,692.2162,0.91,Calm,FMS_MARITIME,2026-04-06
2022-01-05,25,MGO,61.93,13.4,321.6,24,599.658,0.65,Moderate,FMS_MARITIME,2026-04-06
2022-01-06,25,VLSFO,34.3,8.2,196.8,24,542.7348,0.99,Moderate,FMS_MARITIME,2026-04-06
2022-01-07,25,LNG,53.12,15.7,376.8,24,439.0013,1.0,Rough,FMS_MARITIME,2026-04-06
2022-01-08,25,LNG,44.03,13.2,316.8,24,432.7949,0.42,Moderate,FMS_MARITIME,2026-04-06
2022-01-09,25,LNG,42.57,9.7,232.8,24,569.4286,0.47,Rough,FMS_MARITIME,2026-04-06
2022-01-10,25,LNG,74.35,10.6,254.4,24,910.0861,0.54,Moderate,FMS_MARITIME,2026-04-06
2022-01-11,25,LSMGO,16.01,12.6,302.4,24,164.8649,0.9,Calm,FMS_MARITIME,2026-04-06
2022-01-12,25,LSMGO,33.36,9.6,230.4,24,450.8812,0.88,Moderate,FMS_MARITIME,2026-04-06
2022-01-13,25,LSMGO,59.54,16.5,396.0,24,468.2009,0.56,Calm,FMS_MARITIME,2026-04-06
2022-01-14,25,HFO,28.24,13.5,324.0,24,271.4178,0.6,Calm,FMS_MARITIME,2026-04-06
2022-01-15,25,MGO,54.45,9.1,218.4,24,776.3613,0.63,Calm,FMS_MARITIME,2026-04-06
2022-01-16,25,LSMGO,78.84,12.1,290.4,24,845.4124,0.76,Moderate,FMS_MARITIME,2026-04-06
2022-01-17,25,LSMGO,80.21,10.8,259.2,24,963.634,0.41,Rough,FMS_MARITIME,2026-04-06
2022-01-18,25,MGO,58.81,9.8,235.2,24,778.6324,0.48,Rough,FMS_MARITIME,2026-04-06
2022-01-19,25,VLSFO,26.86,16.1,386.4,24,216.4649,0.69,Moderate,FMS_MARITIME,2026-04-06
2022-01-20,25,VLSFO,19.28,11.8,283.2,24,211.9983,0.96,Calm,FMS_MARITIME,2026-04-06
2022-01-21,25,VLSFO,45.56,10.9,261.6,24,542.3312,0.69,Calm,FMS_MARITIME,2026-04-06
2022-01-22,25,MGO,67.67,10.5,252.0,24,836.2079,0.7,Rough,FMS_MARITIME,2026-04-06
2022-01-23,25,MGO,73.56,13.3,319.2,24,717.6248,0.44,Calm,FMS_MARITIME,2026-04-06
2022-01-24,25,LSMGO,57.47,9.6,230.4,24,776.743,0.57,Rough,FMS_MARITIME,2026-04-06
2022-01-25,25,HFO,54.13,14.3,343.2,24,491.1446,0.63,Rough,FMS_MARITIME,2026-04-06
2022-01-26,25,HFO,71.53,17.5,420.0,24,530.3439,0.83,Calm,FMS_MARITIME,2026-04-06
2022-01-27,25,LNG,52.6,12.1,290.4,24,564.0372,0.77,Rough,FMS_MARITIME,2026-04-06
2022-01-28,25,VLSFO,28.29,12.8,307.2,24,286.7678,0.68,Calm,FMS_MARITIME,2026-04-06
2022-01-28,25,LSMGO,28.99,10.4,249.6,24,361.6781,0.71,Moderate,FMS_MARITIME,2026-04-06
2022-01-28,25,LNG,53.44,14.9,357.6,24,465.3584,0.73,Calm,FMS_MARITIME,2026-04-06
2022-01-01,26,VLSFO,73.09,9.1,218.4,24,1042.1349,0.6,Rough,FMS_MARITIME,2026-04-06
2022-01-02,26,MGO,22.35,8.3,199.2,24,349.387,0.48,Calm,FMS_MARITIME,2026-04-06
2022-01-03,26,LNG,62.82,9.9,237.6,24,823.3227,0.51,Rough,FMS_MARITIME,2026-04-06
2022-01-04,26,LNG,60.05,12.5,300.0,24,623.319,0.81,Rough,FMS_MARITIME,2026-04-06
2022-01-05,26,LSMGO,74.48,12.8,307.2,24,754.9828,0.67,Rough,FMS_MARITIME,2026-04-06
2022-01-06,26,MGO,74.35,9.6,230.4,24,1004.8867,0.79,Rough,FMS_MARITIME,2026-04-06
2022-01-07,26,VLSFO,74.99,15.8,379.2,24,615.8198,1.0,Rough,FMS_MARITIME,2026-04-06
2022-01-08,26,VLSFO,67.51,10.0,240.0,24,875.9423,0.92,Calm,FMS_MARITIME,2026-04-06
2022-01-09,26,LNG,70.68,16.9,405.6,24,542.6467,0.98,Rough,FMS_MARITIME,2026-04-06
2022-01-10,26,HFO,19.24,14.8,355.2,24,168.675,0.89,Moderate,FMS_MARITIME,2026-04-06
2022-01-11,26,HFO,65.02,17.1,410.4,24,493.3535,0.63,Moderate,FMS_MARITIME,2026-04-06
2022-01-12,26,HFO,77.98,17.9,429.6,24,565.2461,0.99,Moderate,FMS_MARITIME,2026-04-06
2022-01-13,26,LSMGO,67.11,8.8,211.2,24,989.4912,0.7,Calm,FMS_MARITIME,2026-04-06
2022-01-14,26,MGO,80.71,15.2,364.8,24,688.9554,0.51,Moderate,FMS_MARITIME,2026-04-06
2022-01-15,26,LNG,48.37,13.2,316.8,24,475.4551,0.75,Moderate,FMS_MARITIME,2026-04-06
2022-01-16,26,HFO,16.89,15.3,367.2,24,143.2338,0.68,Calm,FMS_MARITIME,2026-04-06
2022-01-17,26,VLSFO,36.73,16.3,391.2,24,292.3753,0.78,Moderate,FMS_MARITIME,2026-04-06
2022-01-18,26,LSMGO,63.58,13.8,331.2,24,597.7902,0.48,Moderate,FMS_MARITIME,2026-04-06
2022-01-19,26,VLSFO,54.49,13.2,316.8,24,535.6119,0.46,Calm,FMS_MARITIME,2026-04-06
2022-01-20,26,LNG,79.3,8.9,213.6,24,1156.0871,0.8,Moderate,FMS_MARITIME,2026-04-06
2022-01-21,26,LSMGO,30.24,18.0,432.0,24,217.98,0.6,Calm,FMS_MARITIME,2026-04-06
2022-01-22,26,VLSFO,78.55,15.3,367.2,24,666.1348,0.65,Calm,FMS_MARITIME,2026-04-06
2022-01-23,26,LSMGO,78.7,10.3,247.2,24,991.3908,0.89,Rough,FMS_MARITIME,2026-04-06
2022-01-24,26,HFO,66.69,11.1,266.4,24,779.552,0.47,Rough,FMS_MARITIME,2026-04-06
2022-01-25,26,MGO,23.67,16.2,388.8,24,189.5792,0.75,Rough,FMS_MARITIME,2026-04-06
2022-01-26,26,LNG,52.75,9.6,230.4,24,712.9492,0.52,Moderate,FMS_MARITIME,2026-04-06
2022-01-27,26,HFO,62.49,11.4,273.6,24,711.2349,0.46,Calm,FMS_MARITIME,2026-04-06
2022-01-28,26,VLSFO,72.16,13.0,312.0,24,720.2123,0.7,Moderate,FMS_MARITIME,2026-04-06
2022-01-28,26,LNG,53.45,12.7,304.8,24,546.0738,0.74,Calm,FMS_MARITIME,2026-04-06
2022-01-28,26,LSMGO,28.23,13.3,319.2,24,275.4017,0.44,Calm,FMS_MARITIME,2026-04-06
2022-01-01,27,MGO,26.3,14.7,352.8,24,232.1378,0.45,Moderate,FMS_MARITIME,2026-04-06
2022-01-02,27,MGO,19.32,8.9,213.6,24,281.6596,0.66,Calm,FMS_MARITIME,2026-04-06
2022-01-03,27,HFO,19.1,17.5,420.0,24,141.6129,0.44,Moderate,FMS_MARITIME,2026-04-06
2022-01-04,27,LNG,37.81,17.6,422.4,24,278.7413,0.96,Calm,FMS_MARITIME,2026-04-06
2022-01-05,27,LSMGO,25.62,14.5,348.0,24,229.2548,0.58,Calm,FMS_MARITIME,2026-04-06
2022-01-06,27,VLSFO,26.3,15.4,369.6,24,221.586,0.78,Calm,FMS_MARITIME,2026-04-06
2022-01-07,27,LNG,37.89,15.2,364.8,24,323.436,0.63,Calm,FMS_MARITIME,2026-04-06
2022-01-08,27,LSMGO,28.72,11.0,264.0,24,338.7655,0.66,Rough,FMS_MARITIME,2026-04-06
2022-01-09,27,LNG,59.43,11.6,278.4,24,664.745,0.9,Rough,FMS_MARITIME,2026-04-06
2022-01-10,27,LNG,43.09,8.2,196.8,24,681.8204,0.67,Calm,FMS_MARITIME,2026-04-06
2022-01-11,27,LNG,82.02,17.3,415.2,24,615.15,0.66,Calm,FMS_MARITIME,2026-04-06
2022-01-12,27,HFO,51.56,15.2,364.8,24,440.1257,0.7,Calm,FMS_MARITIME,2026-04-06
2022-01-13,27,VLSFO,47.72,12.0,288.0,24,515.9725,0.52,Rough,FMS_MARITIME,2026-04-06
2022-01-14,27,VLSFO,71.57,15.8,379.2,24,587.7347,0.74,Rough,FMS_MARITIME,2026-04-06
2022-01-15,27,LSMGO,37.1,9.8,235.2,24,491.1964,0.62,Moderate,FMS_MARITIME,2026-04-06
2022-01-16,27,HFO,37.26,15.4,369.6,24,313.9276,0.85,Rough,FMS_MARITIME,2026-04-06
2022-01-17,27,VLSFO,23.36,13.3,319.2,24,227.8917,0.47,Rough,FMS_MARITIME,2026-04-06
2022-01-18,27,LNG,67.44,8.1,194.4,24,1080.2889,0.88,Moderate,FMS_MARITIME,2026-04-06
2022-01-19,27,LSMGO,27.05,10.9,261.6,24,321.9943,0.7,Moderate,FMS_MARITIME,2026-04-06
2022-01-20,27,MGO,38.58,11.6,278.4,24,431.5306,0.82,Calm,FMS_MARITIME,2026-04-06
2022-01-21,27,LNG,37.36,9.1,218.4,24,532.6879,0.79,Moderate,FMS_MARITIME,2026-04-06
2022-01-22,27,MGO,52.89,17.1,410.4,24,401.3145,0.78,Moderate,FMS_MARITIME,2026-04-06
2022-01-23,27,MGO,57.76,14.5,348.0,24,516.8524,0.67,Calm,FMS_MARITIME,2026-04-06
2022-01-24,27,MGO,49.34,11.0,264.0,24,581.9877,0.63,Moderate,FMS_MARITIME,2026-04-06
2022-01-25,27,MGO,18.15,16.9,405.6,24,139.3469,0.71,Calm,FMS_MARITIME,2026-04-06
2022-01-26,27,HFO,44.54,12.9,309.6,24,447.9895,0.73,Calm,FMS_MARITIME,2026-04-06
2022-01-27,27,LSMGO,29.08,10.5,252.0,24,359.3457,0.9,Rough,FMS_MARITIME,2026-04-06
2022-01-28,27,HFO,51.91,15.9,381.6,24,423.6052,0.88,Rough,FMS_MARITIME,2026-04-06
2022-01-28,27,VLSFO,24.0,9.3,223.2,24,334.8387,0.46,Calm,FMS_MARITIME,2026-04-06
2022-01-28,27,LSMGO,54.5,10.9,261.6,24,648.75,0.86,Moderate,FMS_MARITIME,2026-04-06
2022-01-01,28,LSMGO,41.95,11.2,268.8,24,485.9833,0.57,Moderate,FMS_MARITIME,2026-04-06
2022-01-02,28,HFO,23.81,10.2,244.8,24,302.8772,0.7,Calm,FMS_MARITIME,2026-04-06
2022-01-03,28,LNG,73.58,15.8,379.2,24,604.2408,0.83,Rough,FMS_MARITIME,2026-04-06
2022-01-04,28,VLSFO,58.96,15.1,362.4,24,506.6265,0.56,Moderate,FMS_MARITIME,2026-04-06
2022-01-05,28,MGO,66.32,16.5,396.0,24,521.5164,0.56,Moderate,FMS_MARITIME,2026-04-06
2022-01-06,28,HFO,40.84,8.0,192.0,24,662.3738,0.88,Rough,FMS_MARITIME,2026-04-06
2022-01-07,28,LSMGO,69.5,16.6,398.4,24,543.2304,0.54,Moderate,FMS_MARITIME,2026-04-06
2022-01-08,28,VLSFO,19.08,11.3,271.2,24,219.0823,0.45,Moderate,FMS_MARITIME,2026-04-06
2022-01-09,28,LSMGO,41.15,17.5,420.0,24,305.0979,0.49,Moderate,FMS_MARITIME,2026-04-06
2022-01-10,28,MGO,31.26,8.4,201.6,24,482.8554,0.96,Moderate,FMS_MARITIME,2026-04-06
2022-01-11,28,MGO,84.55,12.7,304.8,24,863.8081,0.82,Calm,FMS_MARITIME,2026-04-06
2022-01-12,28,MGO,29.52,18.0,432.0,24,212.79,0.87,Moderate,FMS_MARITIME,2026-04-06
2022-01-13,28,LSMGO,53.33,10.2,244.8,24,678.389,0.94,Moderate,FMS_MARITIME,2026-04-06
2022-01-14,28,VLSFO,83.19,13.9,333.6,24,776.5397,0.65,Calm,FMS_MARITIME,2026-04-06
2022-01-15,28,MGO,50.72,12.6,302.4,24,522.2952,0.74,Calm,FMS_MARITIME,2026-04-06
2022-01-16,28,MGO,41.86,9.9,237.6,24,548.6197,0.83,Rough,FMS_MARITIME,2026-04-06
2022-01-17,28,MGO,56.09,16.2,388.8,24,449.2394,0.5,Moderate,FMS_MARITIME,2026-04-06
2022-01-18,28,MGO,24.55,10.9,261.6,24,292.2351,0.75,Calm,FMS_MARITIME,2026-04-06
2022-01-19,28,VLSFO,57.73,14.5,348.0,24,516.584,0.53,Rough,FMS_MARITIME,2026-04-06
2022-01-20,28,MGO,24.44,8.7,208.8,24,364.4931,0.81,Calm,FMS_MARITIME,2026-04-06
2022-01-21,28,MGO,82.9,17.5,420.0,24,614.6443,0.42,Calm,FMS_MARITIME,2026-04-06
2022-01-22,28,HFO,21.32,9.3,223.2,24,297.4484,0.62,Calm,FMS_MARITIME,2026-04-06
2022-01-23,28,LNG,23.98,16.8,403.2,24,185.2027,0.53,Moderate,FMS_MARITIME,2026-04-06
2022-01-24,28,HFO,75.44,14.6,350.4,24,670.4342,0.6,Moderate,FMS_MARITIME,2026-04-06
2022-01-25,28,LSMGO,29.72,11.0,264.0,24,350.5609,0.53,Calm,FMS_MARITIME,2026-04-06
2022-01-26,28,VLSFO,32.14,12.3,295.2,24,339.0378,0.45,Calm,FMS_MARITIME,2026-04-06
2022-01-27,28,LNG,80.38,14.6,350.4,24,714.336,0.94,Calm,FMS_MARITIME,2026-04-06
2022-01-28,28,VLSFO,20.9,10.4,249.6,24,260.7476,0.75,Calm,FMS_MARITIME,2026-04-06
2022-01-28,28,LSMGO,20.58,12.6,302.4,24,211.925,0.6,Rough,FMS_MARITIME,2026-04-06
2022-01-28,28,HFO,27.4,17.1,410.4,24,207.9035,0.43,Moderate,FMS_MARITIME,2026-04-06
2022-01-01,29,LSMGO,32.97,15.3,367.2,24,279.5985,0.46,Rough,FMS_MARITIME,2026-04-06
2022-01-02,29,VLSFO,53.05,11.7,280.8,24,588.3109,0.62,Moderate,FMS_MARITIME,2026-04-06
2022-01-03,29,VLSFO,53.01,11.1,266.4,24,619.6439,0.65,Rough,FMS_MARITIME,2026-04-06
2022-01-04,29,VLSFO,40.3,17.1,410.4,24,305.7851,0.84,Calm,FMS_MARITIME,2026-04-06
2022-01-05,29,HFO,32.5,8.3,199.2,24,508.0572,0.46,Calm,FMS_MARITIME,2026-04-06
2022-01-06,29,VLSFO,66.78,13.3,319.2,24,651.4816,0.79,Calm,FMS_MARITIME,2026-04-06
2022-01-07,29,VLSFO,80.56,9.9,237.6,24,1055.8242,0.62,Rough,FMS_MARITIME,2026-04-06
2022-01-08,29,LNG,31.92,9.1,218.4,24,455.1231,0.91,Rough,FMS_MARITIME,2026-04-06
2022-01-09,29,MGO,81.71,10.0,240.0,24,1060.1872,0.58,Moderate,FMS_MARITIME,2026-04-06
2022-01-10,29,HFO,28.93,11.3,271.2,24,332.183,0.92,Calm,FMS_MARITIME,2026-04-06
2022-01-11,29,LNG,19.74,9.3,223.2,24,275.4048,0.42,Rough,FMS_MARITIME,2026-04-06
2022-01-12,29,MGO,77.54,13.5,324.0,24,745.2456,0.81,Rough,FMS_MARITIME,2026-04-06
2022-01-13,29,HFO,70.09,15.2,364.8,24,598.3012,0.84,Moderate,FMS_MARITIME,2026-04-06
2022-01-14,29,HFO,64.55,12.4,297.6,24,675.4325,0.94,Rough,FMS_MARITIME,2026-04-06
2022-01-15,29,MGO,47.85,12.6,302.4,24,492.7411,0.92,Moderate,FMS_MARITIME,2026-04-06
2022-01-16,29,LNG,22.54,17.7,424.8,24,165.2297,0.78,Rough,FMS_MARITIME,2026-04-06
2022-01-17,29,VLSFO,53.96,13.6,326.4,24,514.8022,0.65,Moderate,FMS_MARITIME,2026-04-06
2022-01-18,29,VLSFO,79.31,15.2,364.8,24,677.0048,0.93,Calm,FMS_MARITIME,2026-04-06
2022-01-19,29,MGO,78.62,12.6,302.4,24,809.5988,0.67,Rough,FMS_MARITIME,2026-04-06
2022-01-20,29,LNG,40.36,13.5,324.0,24,387.9044,0.85,Moderate,FMS_MARITIME,2026-04-06
2022-01-21,29,HFO,24.28,17.4,417.6,24,181.0534,0.94,Rough,FMS_MARITIME,2026-04-06
2022-01-22,29,HFO,57.74,17.4,417.6,24,430.5612,0.5,Calm,FMS_MARITIME,2026-04-06
2022-01-23,29,LNG,43.59,14.9,357.6,24,379.5841,0.64,Calm,FMS_MARITIME,2026-04-06
2022-01-24,29,VLSFO,62.4,13.7,328.8,24,590.9781,0.97,Moderate,FMS_MARITIME,2026-04-06
2022-01-25,29,HFO,16.05,15.2,364.8,24,137.0058,0.98,Calm,FMS_MARITIME,2026-04-06
2022-01-26,29,HFO,53.95,14.9,357.6,24,469.7995,0.62,Rough,FMS_MARITIME,2026-04-06
2022-01-27,29,VLSFO,49.34,8.4,201.6,24,762.1268,0.76,Rough,FMS_MARITIME,2026-04-06
2022-01-28,29,LNG,41.43,12.3,295.2,24,437.036,0.84,Rough,FMS_MARITIME,2026-04-06
2022-01-28,29,VLSFO,70.68,14.5,348.0,24,632.4641,0.6,Moderate,FMS_MARITIME,2026-04-06
2022-01-28,29,LSMGO,62.17,14.9,357.6,24,541.3797,0.53,Rough,FMS_MARITIME,2026-04-06
2022-01-01,30,HFO,51.07,13.4,321.6,24,494.5024,0.55,Rough,FMS_MARITIME,2026-04-06
2022-01-02,30,VLSFO,22.9,15.0,360.0,24,198.085,0.59,Rough,FMS_MARITIME,2026-04-06
2022-01-03,30,LNG,24.17,14.4,345.6,24,217.7818,0.8,Rough,FMS_MARITIME,2026-04-06
2022-01-04,30,VLSFO,40.32,8.4,201.6,24,622.8,0.51,Rough,FMS_MARITIME,2026-04-06
2022-01-05,30,VLSFO,81.42,16.5,396.0,24,640.2573,0.84,Rough,FMS_MARITIME,2026-04-06
2022-01-06,30,LSMGO,66.69,12.1,290.4,24,715.1262,0.74,Moderate,FMS_MARITIME,2026-04-06
2022-01-07,30,LNG,58.11,16.2,388.8,24,465.4181,0.69,Rough,FMS_MARITIME,2026-04-06
2022-01-08,30,VLSFO,47.23,12.1,290.4,24,506.4539,0.96,Rough,FMS_MARITIME,2026-04-06
2022-01-09,30,MGO,55.05,12.4,297.6,24,576.0272,0.46,Rough,FMS_MARITIME,2026-04-06
2022-01-10,30,MGO,71.26,8.2,196.8,24,1127.5591,0.66,Moderate,FMS_MARITIME,2026-04-06
2022-01-11,30,LSMGO,19.76,8.4,201.6,24,305.2214,0.96,Rough,FMS_MARITIME,2026-04-06
2022-01-12,30,MGO,76.85,17.2,412.8,24,579.726,0.45,Rough,FMS_MARITIME,2026-04-06
2022-01-13,30,LSMGO,79.1,9.4,225.6,24,1091.8324,0.59,Rough,FMS_MARITIME,2026-04-06
2022-01-14,30,LSMGO,23.88,14.3,343.2,24,216.6734,0.99,Rough,FMS_MARITIME,2026-04-06
2022-01-15,30,VLSFO,62.22,11.8,283.2,24,684.1564,0.55,Rough,FMS_MARITIME,2026-04-06
2022-01-16,30,HFO,41.83,14.1,338.4,24,384.925,0.95,Moderate,FMS_MARITIME,2026-04-06
2022-01-17,30,HFO,53.13,17.3,415.2,24,398.475,0.66,Rough,FMS_MARITIME,2026-04-06
2022-01-18,30,VLSFO,62.46,16.4,393.6,24,494.1576,0.79,Moderate,FMS_MARITIME,2026-04-06
2022-01-19,30,LNG,22.32,14.0,336.0,24,206.8586,0.75,Moderate,FMS_MARITIME,2026-04-06
2022-01-20,30,HFO,16.21,13.8,331.2,24,152.4092,0.71,Rough,FMS_MARITIME,2026-04-06
2022-01-21,30,VLSFO,78.84,17.3,415.2,24,591.3,0.98,Moderate,FMS_MARITIME,2026-04-06
2022-01-22,30,MGO,43.67,15.3,367.2,24,370.3387,0.54,Calm,FMS_MARITIME,2026-04-06
2022-01-23,30,LSMGO,80.86,17.2,412.8,24,609.9759,0.56,Moderate,FMS_MARITIME,2026-04-06
2022-01-24,30,MGO,84.77,9.1,218.4,24,1208.6712,0.84,Rough,FMS_MARITIME,2026-04-06
2022-01-25,30,MGO,81.2,8.5,204.0,24,1239.4941,0.81,Rough,FMS_MARITIME,2026-04-06
2022-01-26,30,LSMGO,43.4,15.6,374.4,24,360.9712,0.54,Calm,FMS_MARITIME,2026-04-06
2022-01-27,30,VLSFO,81.21,17.8,427.2,24,591.9662,0.57,Rough,FMS_MARITIME,2026-04-06
2022-01-28,30,LNG,23.49,9.0,216.0,24,338.6475,0.77,Calm,FMS_MARITIME,2026-04-06
2022-01-28,30,VLSFO,71.59,13.7,328.8,24,678.0148,0.44,Rough,FMS_MARITIME,2026-04-06
2022-01-28,30,HFO,20.4,11.1,266.4,24,238.4595,0.55,Rough,FMS_MARITIME,2026-04-06
2022-01-01,31,LSMGO,83.38,10.1,242.4,24,1071.1441,0.42,Calm,FMS_MARITIME,2026-04-06
2022-01-02,31,LSMGO,24.87,9.2,220.8,24,350.7481,0.72,Rough,FMS_MARITIME,2026-04-06
2022-01-03,31,MGO,59.67,13.6,326.4,24,569.2781,0.86,Rough,FMS_MARITIME,2026-04-06
2022-01-04,31,LNG,54.85,13.2,316.8,24,539.1506,0.72,Calm,FMS_MARITIME,2026-04-06
2022-01-05,31,VLSFO,65.37,16.9,405.6,24,501.8791,0.5,Moderate,FMS_MARITIME,2026-04-06
2022-01-06,31,VLSFO,24.91,17.2,412.8,24,187.9112,0.51,Calm,FMS_MARITIME,2026-04-06
2022-01-07,31,VLSFO,24.13,9.8,235.2,24,319.4763,0.44,Moderate,FMS_MARITIME,2026-04-06
2022-01-08,31,HFO,39.44,17.2,412.8,24,297.5198,0.52,Calm,FMS_MARITIME,2026-04-06
2022-01-09,31,MGO,84.83,8.2,196.8,24,1342.2796,0.49,Rough,FMS_MARITIME,2026-04-06
2022-01-10,31,LSMGO,30.61,16.9,405.6,24,235.0087,0.49,Rough,FMS_MARITIME,2026-04-06
2022-01-11,31,HFO,40.07,17.9,429.6,24,290.4515,0.99,Moderate,FMS_MARITIME,2026-04-06
2022-01-12,31,HFO,16.39,15.7,376.8,24,135.4524,0.72,Calm,FMS_MARITIME,2026-04-06
2022-01-13,31,MGO,66.55,17.9,429.6,24,482.3946,0.8,Moderate,FMS_MARITIME,2026-04-06
2022-01-14,31,MGO,17.01,8.3,199.2,24,265.9093,0.66,Moderate,FMS_MARITIME,2026-04-06
2022-01-15,31,LNG,20.07,16.2,388.8,24,160.7458,0.62,Moderate,FMS_MARITIME,2026-04-06
2022-01-16,31,LNG,58.64,14.7,352.8,24,517.5878,1.0,Moderate,FMS_MARITIME,2026-04-06
2022-01-17,31,LSMGO,38.03,11.4,273.6,24,432.8414,0.82,Calm,FMS_MARITIME,2026-04-06
2022-01-18,31,VLSFO,72.31,14.7,352.8,24,638.2464,0.59,Moderate,FMS_MARITIME,2026-04-06
2022-01-19,31,LNG,22.77,14.5,348.0,24,203.7522,0.95,Moderate,FMS_MARITIME,2026-04-06
2022-01-20,31,LNG,78.37,14.2,340.8,24,716.0921,0.67,Rough,FMS_MARITIME,2026-04-06
2022-01-21,31,LNG,28.02,16.2,388.8,24,224.4194,0.6,Rough,FMS_MARITIME,2026-04-06
2022-01-22,31,LNG,29.19,12.5,300.0,24,302.9922,0.72,Calm,FMS_MARITIME,2026-04-06
2022-01-23,31,LNG,82.68,8.6,206.4,24,1247.4105,0.83,Moderate,FMS_MARITIME,2026-04-06
2022-01-24,31,HFO,76.92,14.0,336.0,24,712.8836,0.72,Rough,FMS_MARITIME,2026-04-06
2022-01-25,31,HFO,21.31,11.6,278.4,24,238.3597,0.5,Rough,FMS_MARITIME,2026-04-06
2022-01-26,31,HFO,30.84,16.5,396.0,24,242.5145,0.86,Calm,FMS_MARITIME,2026-04-06
2022-01-27,31,HFO,23.34,12.8,307.2,24,236.591,0.84,Moderate,FMS_MARITIME,2026-04-06
2022-01-28,31,MGO,33.04,14.7,352.8,24,291.6286,0.42,Rough,FMS_MARITIME,2026-04-06
2022-01-28,31,LNG,80.65,16.7,400.8,24,626.607,0.56,Moderate,FMS_MARITIME,2026-04-06
2022-01-28,31,MGO,49.24,11.3,271.2,24,565.3885,0.4,Rough,FMS_MARITIME,2026-04-06
2022-01-01,32,HFO,40.81,15.0,360.0,24,353.0065,0.61,Rough,FMS_MARITIME,2026-04-06
2022-01-02,32,LSMGO,68.8,15.5,372.0,24,575.9226,0.51,Moderate,FMS_MARITIME,2026-04-06
2022-01-03,32,VLSFO,24.75,8.5,204.0,24,377.8015,0.42,Moderate,FMS_MARITIME,2026-04-06
2022-01-04,32,LNG,74.97,11.3,271.2,24,860.8281,0.57,Moderate,FMS_MARITIME,2026-04-06
2022-01-05,32,LNG,43.17,10.2,244.8,24,549.1478,0.54,Moderate,FMS_MARITIME,2026-04-06
2022-01-06,32,LSMGO,63.51,15.3,367.2,24,538.5897,0.69,Moderate,FMS_MARITIME,2026-04-06
2022-01-07,32,LSMGO,65.39,14.2,340.8,24,597.4896,0.87,Calm,FMS_MARITIME,2026-04-06
2022-01-08,32,VLSFO,41.63,13.4,321.6,24,403.0965,0.5,Moderate,FMS_MARITIME,2026-04-06
2022-01-09,32,VLSFO,25.54,11.7,280.8,24,283.2321,0.53,Moderate,FMS_MARITIME,2026-04-06
2022-01-10,32,MGO,34.19,8.2,196.8,24,540.9942,0.78,Rough,FMS_MARITIME,2026-04-06
2022-01-11,32,HFO,26.22,15.9,381.6,24,213.9651,0.7,Moderate,FMS_MARITIME,2026-04-06
2022-01-12,32,HFO,69.69,8.5,204.0,24,1063.7974,0.77,Calm,FMS_MARITIME,2026-04-06
2022-01-13,32,HFO,70.23,9.1,218.4,24,1001.3563,0.71,Moderate,FMS_MARITIME,2026-04-06
2022-01-14,32,VLSFO,33.57,9.7,232.8,24,449.042,0.42,Rough,FMS_MARITIME,2026-04-06
2022-01-15,32,HFO,63.27,14.4,345.6,24,570.0891,0.49,Rough,FMS_MARITIME,2026-04-06
2022-01-16,32,LSMGO,35.29,17.7,424.8,24,258.6936,0.57,Moderate,FMS_MARITIME,2026-04-06
2022-01-17,32,HFO,49.27,14.8,355.2,24,431.9448,0.85,Rough,FMS_MARITIME,2026-04-06
2022-01-18,32,VLSFO,70.11,17.1,410.4,24,531.975,0.89,Moderate,FMS_MARITIME,2026-04-06
2022-01-19,32,LSMGO,77.05,8.4,201.6,24,1190.1473,0.79,Moderate,FMS_MARITIME,2026-04-06
2022-01-20,32,HFO,82.3,13.6,326.4,24,785.1783,0.77,Moderate,FMS_MARITIME,2026-04-06
2022-01-21,32,LNG,27.73,15.2,364.8,24,236.7084,0.93,Calm,FMS_MARITIME,2026-04-06
2022-01-22,32,VLSFO,80.36,17.1,410.4,24,609.7491,0.89,Moderate,FMS_MARITIME,2026-04-06
2022-01-23,32,LSMGO,23.86,15.7,376.8,24,197.1869,0.91,Calm,FMS_MARITIME,2026-04-06
2022-01-24,32,MGO,54.52,9.8,235.2,24,721.8337,0.5,Rough,FMS_MARITIME,2026-04-06
2022-01-25,32,LNG,70.94,8.6,206.4,24,1070.2866,0.64,Moderate,FMS_MARITIME,2026-04-06
2022-01-26,32,MGO,83.83,11.5,276.0,24,945.8211,0.67,Calm,FMS_MARITIME,2026-04-06
2022-01-27,32,HFO,80.77,9.1,218.4,24,1151.6382,0.44,Calm,FMS_MARITIME,2026-04-06
2022-01-28,32,LSMGO,77.84,14.9,357.6,24,677.8349,0.74,Rough,FMS_MARITIME,2026-04-06
2022-01-28,32,VLSFO,68.6,12.2,292.8,24,729.5779,0.63,Moderate,FMS_MARITIME,2026-04-06
2022-01-28,32,MGO,23.69,8.3,199.2,24,370.3346,0.85,Moderate,FMS_MARITIME,2026-04-06
2022-01-01,33,LSMGO,21.97,10.7,256.8,24,266.4119,0.59,Calm,FMS_MARITIME,2026-04-06
2022-01-02,33,LSMGO,69.79,17.0,408.0,24,532.6619,0.79,Moderate,FMS_MARITIME,2026-04-06
2022-01-03,33,MGO,22.14,17.3,415.2,24,166.05,0.47,Rough,FMS_MARITIME,2026-04-06
2022-01-04,33,LNG,35.17,12.8,307.2,24,356.5084,0.62,Calm,FMS_MARITIME,2026-04-06
2022-01-05,33,HFO,41.56,13.0,312.0,24,414.8008,0.5,Calm,FMS_MARITIME,2026-04-06
2022-01-06,33,MGO,65.33,11.3,271.2,24,750.1387,0.41,Rough,FMS_MARITIME,2026-04-06
2022-01-07,33,LNG,29.97,16.6,398.4,24,234.2535,0.77,Rough,FMS_MARITIME,2026-04-06
2022-01-08,33,LNG,76.12,13.4,321.6,24,737.0575,0.58,Rough,FMS_MARITIME,2026-04-06
2022-01-09,33,MGO,41.81,14.5,348.0,24,374.1274,0.86,Rough,FMS_MARITIME,2026-04-06
2022-01-10,33,VLSFO,50.47,12.8,307.2,24,511.6002,0.63,Moderate,FMS_MARITIME,2026-04-06
2022-01-11,33,LNG,56.6,11.3,271.2,24,649.8982,0.54,Calm,FMS_MARITIME,2026-04-06
2022-01-12,33,LSMGO,40.16,8.5,204.0,24,613.0306,0.73,Calm,FMS_MARITIME,2026-04-06
2022-01-13,33,LNG,53.24,13.9,333.6,24,496.9705,0.77,Calm,FMS_MARITIME,2026-04-06
2022-01-14,33,MGO,39.79,14.4,345.6,24,358.5245,0.49,Rough,FMS_MARITIME,2026-04-06
2022-01-15,33,LNG,56.75,13.6,326.4,24,541.42,0.76,Calm,FMS_MARITIME,2026-04-06
2022-01-16,33,LNG,31.69,9.2,220.8,24,446.9323,0.76,Rough,FMS_MARITIME,2026-04-06
2022-01-17,33,LNG,65.86,16.3,391.2,24,524.2537,0.49,Moderate,FMS_MARITIME,2026-04-06
2022-01-18,33,LNG,65.69,9.4,225.6,24,906.7316,0.93,Calm,FMS_MARITIME,2026-04-06
2022-01-19,33,HFO,34.37,11.5,276.0,24,387.7833,0.79,Rough,FMS_MARITIME,2026-04-06
2022-01-20,33,LSMGO,32.09,13.0,312.0,24,320.2829,0.81,Moderate,FMS_MARITIME,2026-04-06
2022-01-21,33,LSMGO,33.54,8.8,211.2,24,494.5244,0.6,Calm,FMS_MARITIME,2026-04-06
2022-01-22,33,HFO,61.09,11.7,280.8,24,677.4724,0.81,Moderate,FMS_MARITIME,2026-04-06
2022-01-23,33,LSMGO,23.92,14.5,348.0,24,214.0428,0.6,Rough,FMS_MARITIME,2026-04-06
2022-01-24,33,LNG,75.38,9.8,235.2,24,998.0158,0.7,Calm,FMS_MARITIME,2026-04-06
2022-01-25,33,LNG,22.94,14.9,357.6,24,199.7628,0.97,Calm,FMS_MARITIME,2026-04-06
2022-01-26,33,VLSFO,71.59,10.0,240.0,24,928.8803,0.43,Rough,FMS_MARITIME,2026-04-06
2022-01-27,33,MGO,20.01,11.9,285.6,24,218.1763,0.8,Moderate,FMS_MARITIME,2026-04-06
2022-01-28,33,LNG,50.9,9.8,235.2,24,673.9056,0.9,Calm,FMS_MARITIME,2026-04-06
2022-01-28,33,HFO,29.44,17.7,424.8,24,215.8102,0.45,Moderate,FMS_MARITIME,2026-04-06
2022-01-28,33,LSMGO,77.53,17.8,427.2,24,565.1414,0.51,Calm,FMS_MARITIME,2026-04-06
2022-01-01,34,LNG,38.82,11.0,264.0,24,457.8995,0.63,Calm,FMS_MARITIME,2026-04-06
2022-01-02,34,VLSFO,62.89,16.4,393.6,24,497.5596,0.98,Calm,FMS_MARITIME,2026-04-06
2022-01-03,34,MGO,62.84,12.4,297.6,24,657.5395,0.98,Moderate,FMS_MARITIME,2026-04-06
2022-01-04,34,VLSFO,55.18,8.7,208.8,24,822.9431,0.97,Rough,FMS_MARITIME,2026-04-06
2022-01-05,34,LNG,84.21,11.1,266.4,24,984.3466,0.53,Rough,FMS_MARITIME,2026-04-06
2022-01-06,34,HFO,79.91,16.8,403.2,24,617.1621,0.7,Rough,FMS_MARITIME,2026-04-06
2022-01-07,34,MGO,71.03,13.2,316.8,24,698.1926,0.71,Rough,FMS_MARITIME,2026-04-06
2022-01-08,34,MGO,38.78,14.1,338.4,24,356.8585,0.96,Rough,FMS_MARITIME,2026-04-06
2022-01-09,34,LNG,15.49,12.1,290.4,24,166.1014,0.63,Moderate,FMS_MARITIME,2026-04-06
2022-01-10,34,VLSFO,46.85,12.6,302.4,24,482.4435,0.6,Moderate,FMS_MARITIME,2026-04-06
2022-01-11,34,HFO,54.16,13.9,333.6,24,505.5583,0.77,Calm,FMS_MARITIME,2026-04-06
2022-01-12,34,VLSFO,72.48,12.0,288.0,24,783.69,0.76,Calm,FMS_MARITIME,2026-04-06
2022-01-13,34,HFO,65.75,8.7,208.8,24,980.5819,0.89,Calm,FMS_MARITIME,2026-04-06
2022-01-14,34,LNG,45.85,15.9,381.6,24,374.1533,0.64,Calm,FMS_MARITIME,2026-04-06
2022-01-15,34,LSMGO,54.25,17.9,429.6,24,393.2367,0.58,Rough,FMS_MARITIME,2026-04-06
2022-01-16,34,LSMGO,35.5,13.5,324.0,24,341.1944,0.88,Calm,FMS_MARITIME,2026-04-06
2022-01-17,34,HFO,75.42,16.6,398.4,24,589.5027,0.87,Calm,FMS_MARITIME,2026-04-06
2022-01-18,34,LNG,56.34,8.6,206.4,24,850.0134,0.57,Moderate,FMS_MARITIME,2026-04-06
2022-01-19,34,LSMGO,76.75,8.3,199.2,24,1199.7967,0.96,Rough,FMS_MARITIME,2026-04-06
2022-01-20,34,VLSFO,59.11,13.9,333.6,24,551.7642,0.85,Calm,FMS_MARITIME,2026-04-06
2022-01-21,34,LNG,73.04,11.3,271.2,24,838.6673,0.96,Calm,FMS_MARITIME,2026-04-06
2022-01-22,34,MGO,80.66,15.9,381.6,24,658.216,0.45,Rough,FMS_MARITIME,2026-04-06
2022-01-23,34,LSMGO,51.12,8.6,206.4,24,771.2581,0.75,Calm,FMS_MARITIME,2026-04-06
2022-01-24,34,MGO,24.43,17.9,429.6,24,177.0834,0.76,Moderate,FMS_MARITIME,2026-04-06
2022-01-25,34,HFO,82.77,11.3,271.2,24,950.39,0.54,Moderate,FMS_MARITIME,2026-04-06
2022-01-26,34,VLSFO,54.16,11.5,276.0,24,611.0661,0.65,Rough,FMS_MARITIME,2026-04-06
2022-01-27,34,MGO,46.02,16.1,386.4,24,370.8755,0.76,Moderate,FMS_MARITIME,2026-04-06
2022-01-28,34,VLSFO,65.51,9.3,223.2,24,913.9702,0.68,Calm,FMS_MARITIME,2026-04-06
2022-01-28,34,LSMGO,39.65,12.0,288.0,24,428.7156,0.83,Calm,FMS_MARITIME,2026-04-06
2022-01-28,34,MGO,16.56,8.1,194.4,24,265.2667,0.58,Rough,FMS_MARITIME,2026-04-06
2022-01-01,35,MGO,45.0,11.3,271.2,24,516.7035,0.75,Moderate,FMS_MARITIME,2026-04-06
2022-01-02,35,MGO,46.02,14.1,338.4,24,423.4819,0.99,Moderate,FMS_MARITIME,2026-04-06
2022-01-03,35,VLSFO,51.72,15.8,379.2,24,424.7259,0.69,Calm,FMS_MARITIME,2026-04-06
2022-01-04,35,HFO,51.22,16.9,405.6,24,393.2423,0.75,Rough,FMS_MARITIME,2026-04-06
2022-01-05,35,HFO,22.01,10.6,254.4,24,269.4149,0.47,Moderate,FMS_MARITIME,2026-04-06
2022-01-06,35,MGO,52.93,13.8,331.2,24,497.6571,0.96,Calm,FMS_MARITIME,2026-04-06
2022-01-07,35,LNG,56.57,14.5,348.0,24,506.204,0.91,Calm,FMS_MARITIME,2026-04-06
2022-01-08,35,HFO,73.97,13.2,316.8,24,727.0915,0.72,Moderate,FMS_MARITIME,2026-04-06
2022-01-09,35,HFO,32.92,12.7,304.8,24,336.3283,0.5,Calm,FMS_MARITIME,2026-04-06
2022-01-10,35,LSMGO,58.5,14.3,343.2,24,530.7955,0.98,Moderate,FMS_MARITIME,2026-04-06
2022-01-11,35,LSMGO,68.97,11.3,271.2,24,791.9343,0.79,Calm,FMS_MARITIME,2026-04-06
2022-01-12,35,HFO,31.4,10.2,244.8,24,399.4265,0.41,Moderate,FMS_MARITIME,2026-04-06
2022-01-13,35,HFO,20.35,10.4,249.6,24,253.8858,0.45,Calm,FMS_MARITIME,2026-04-06
2022-01-14,35,LNG,39.8,15.9,381.6,24,324.783,0.89,Rough,FMS_MARITIME,2026-04-06
2022-01-15,35,HFO,83.36,8.9,213.6,24,1215.2764,0.79,Moderate,FMS_MARITIME,2026-04-06
2022-01-16,35,LNG,78.44,15.2,364.8,24,669.5783,0.42,Rough,FMS_MARITIME,2026-04-06
2022-01-17,35,MGO,24.82,8.6,206.4,24,374.4645,0.52,Calm,FMS_MARITIME,2026-04-06
2022-01-18,35,VLSFO,39.29,17.8,427.2,24,286.3976,0.94,Moderate,FMS_MARITIME,2026-04-06
2022-01-19,35,VLSFO,32.35,8.9,213.6,24,471.6194,0.68,Rough,FMS_MARITIME,2026-04-06
2022-01-20,35,HFO,44.57,15.6,374.4,24,370.7024,0.62,Moderate,FMS_MARITIME,2026-04-06
2022-01-21,35,LSMGO,21.06,13.2,316.8,24,207.0102,0.64,Moderate,FMS_MARITIME,2026-04-06
2022-01-22,35,HFO,83.18,12.4,297.6,24,870.3714,0.95,Rough,FMS_MARITIME,2026-04-06
2022-01-23,35,LNG,59.65,10.4,249.6,24,744.1911,0.82,Rough,FMS_MARITIME,2026-04-06
2022-01-24,35,HFO,57.2,13.9,333.6,24,533.9353,0.44,Moderate,FMS_MARITIME,2026-04-06
2022-01-25,35,MGO,17.19,15.7,376.8,24,142.0639,0.51,Calm,FMS_MARITIME,2026-04-06
2022-01-26,35,VLSFO,77.76,17.1,410.4,24,590.0211,0.89,Calm,FMS_MARITIME,2026-04-06
2022-01-27,35,LSMGO,42.71,12.6,302.4,24,439.8113,0.74,Calm,FMS_MARITIME,2026-04-06
2022-01-28,35,LNG,77.62,17.7,424.8,24,568.9941,0.59,Moderate,FMS_MARITIME,2026-04-06
2022-01-28,35,LNG,66.08,15.1,362.4,24,567.8066,0.78,Moderate,FMS_MARITIME,2026-04-06
2022-01-28,35,LNG,50.75,11.6,278.4,24,567.6562,0.4,Moderate,FMS_MARITIME,2026-04-06
2022-01-01,36,HFO,35.65,15.1,362.4,24,306.3303,0.65,Calm,FMS_MARITIME,2026-04-06
2022-01-02,36,LSMGO,43.72,13.1,314.4,24,433.0282,0.56,Rough,FMS_MARITIME,2026-04-06
2022-01-03,36,HFO,37.83,11.6,278.4,24,423.1416,0.76,Calm,FMS_MARITIME,2026-04-06
2022-01-04,36,MGO,38.23,9.8,235.2,24,506.1574,0.83,Rough,FMS_MARITIME,2026-04-06
2022-01-05,36,LNG,54.99,14.8,355.2,24,482.0914,0.9,Calm,FMS_MARITIME,2026-04-06
2022-01-06,36,MGO,58.26,9.4,225.6,24,804.1739,0.92,Calm,FMS_MARITIME,2026-04-06
2022-01-07,36,LSMGO,79.28,15.9,381.6,24,646.9547,0.81,Moderate,FMS_MARITIME,2026-04-06
2022-01-08,36,LSMGO,41.47,15.7,376.8,24,342.7218,0.88,Calm,FMS_MARITIME,2026-04-06
2022-01-09,36,HFO,37.84,10.1,242.4,24,486.1129,0.83,Calm,FMS_MARITIME,2026-04-06
2022-01-10,36,LSMGO,39.99,11.6,278.4,24,447.3019,0.71,Rough,FMS_MARITIME,2026-04-06
2022-01-11,36,VLSFO,29.59,16.8,403.2,24,228.5299,0.63,Rough,FMS_MARITIME,2026-04-06
2022-01-12,36,MGO,49.46,8.7,208.8,24,737.6362,0.79,Moderate,FMS_MARITIME,2026-04-06
2022-01-13,36,LNG,46.64,17.8,427.2,24,339.9742,0.52,Rough,FMS_MARITIME,2026-04-06
2022-01-14,36,VLSFO,48.57,11.6,278.4,24,543.2722,0.45,Rough,FMS_MARITIME,2026-04-06
2022-01-15,36,LNG,27.99,16.4,393.6,24,221.4453,0.65,Calm,FMS_MARITIME,2026-04-06
2022-01-16,36,LNG,52.14,17.5,420.0,24,386.5809,0.87,Moderate,FMS_MARITIME,2026-04-06
2022-01-17,36,LSMGO,75.49,17.7,424.8,24,553.3801,0.77,Calm,FMS_MARITIME,2026-04-06
2022-01-18,36,MGO,83.96,10.9,261.6,24,999.4321,0.46,Moderate,FMS_MARITIME,2026-04-06
2022-01-19,36,VLSFO,83.96,9.8,235.2,24,1111.6133,0.76,Rough,FMS_MARITIME,2026-04-06
2022-01-20,36,MGO,75.34,13.4,321.6,24,729.5049,0.76,Moderate,FMS_MARITIME,2026-04-06
2022-01-21,36,HFO,57.91,14.8,355.2,24,507.6907,0.45,Calm,FMS_MARITIME,2026-04-06
2022-01-22,36,LNG,39.38,16.9,405.6,24,302.3405,0.5,Moderate,FMS_MARITIME,2026-04-06
2022-01-23,36,HFO,40.88,17.8,427.2,24,297.9876,0.45,Rough,FMS_MARITIME,2026-04-06
2022-01-24,36,LNG,67.69,15.8,379.2,24,555.872,0.57,Rough,FMS_MARITIME,2026-04-06
2022-01-25,36,MGO,41.82,15.8,379.2,24,343.4269,0.82,Rough,FMS_MARITIME,2026-04-06
2022-01-26,36,LSMGO,28.13,12.5,300.0,24,291.9894,0.99,Calm,FMS_MARITIME,2026-04-06
2022-01-27,36,LSMGO,33.72,14.8,355.2,24,295.6196,0.62,Rough,FMS_MARITIME,2026-04-06
2022-01-28,36,HFO,56.98,14.2,340.8,24,520.6447,0.95,Moderate,FMS_MARITIME,2026-04-06
2022-01-28,36,HFO,79.01,11.4,273.6,24,899.2586,0.45,Rough,FMS_MARITIME,2026-04-06
2022-01-28,36,VLSFO,31.57,10.3,247.2,24,397.69,0.96,Calm,FMS_MARITIME,2026-04-06
2022-01-01,37,MGO,67.17,11.6,278.4,24,751.3196,0.47,Moderate,FMS_MARITIME,2026-04-06
2022-01-02,37,LSMGO,70.45,14.9,357.6,24,613.4824,0.47,Calm,FMS_MARITIME,2026-04-06
2022-01-03,37,LNG,21.32,14.7,352.8,24,188.1816,0.64,Rough,FMS_MARITIME,2026-04-06
2022-01-04,37,VLSFO,15.02,12.9,309.6,24,151.0733,0.55,Rough,FMS_MARITIME,2026-04-06
2022-01-05,37,VLSFO,56.25,14.2,340.8,24,513.9745,0.65,Rough,FMS_MARITIME,2026-04-06
2022-01-06,37,VLSFO,73.41,13.7,328.8,24,695.2516,0.73,Calm,FMS_MARITIME,2026-04-06
2022-01-07,37,VLSFO,52.75,13.9,333.6,24,492.3966,0.65,Moderate,FMS_MARITIME,2026-04-06
2022-01-08,37,VLSFO,44.98,12.2,292.8,24,478.3734,0.93,Moderate,FMS_MARITIME,2026-04-06
2022-01-09,37,VLSFO,74.49,14.2,340.8,24,680.6393,0.48,Rough,FMS_MARITIME,2026-04-06
2022-01-10,37,VLSFO,20.43,15.7,376.8,24,168.8403,0.45,Rough,FMS_MARITIME,2026-04-06
2022-01-11,37,LSMGO,47.03,13.4,321.6,24,455.3838,0.6,Calm,FMS_MARITIME,2026-04-06
2022-01-12,37,LSMGO,49.96,10.2,244.8,24,635.5206,0.91,Moderate,FMS_MARITIME,2026-04-06
2022-01-13,37,VLSFO,26.8,9.9,237.6,24,351.2424,0.81,Moderate,FMS_MARITIME,2026-04-06
2022-01-14,37,VLSFO,48.52,9.7,232.8,24,649.0175,0.82,Rough,FMS_MARITIME,2026-04-06
2022-01-15,37,LSMGO,64.55,11.0,264.0,24,761.3966,0.59,Rough,FMS_MARITIME,2026-04-06
2022-01-16,37,LNG,72.06,10.5,252.0,24,890.4557,0.59,Rough,FMS_MARITIME,2026-04-06
2022-01-17,37,LNG,18.59,10.2,244.8,24,236.4757,0.88,Moderate,FMS_MARITIME,2026-04-06
2022-01-18,37,HFO,51.45,12.7,304.8,24,525.6407,0.73,Moderate,FMS_MARITIME,2026-04-06
2022-01-19,37,VLSFO,24.3,10.8,259.2,24,291.9375,0.81,Rough,FMS_MARITIME,2026-04-06
2022-01-20,37,LSMGO,31.21,16.4,393.6,24,246.9206,0.94,Calm,FMS_MARITIME,2026-04-06
2022-01-21,37,VLSFO,32.64,12.0,288.0,24,352.92,0.85,Moderate,FMS_MARITIME,2026-04-06
2022-01-22,37,LSMGO,75.08,12.3,295.2,24,792.0024,0.46,Rough,FMS_MARITIME,2026-04-06
2022-01-23,37,MGO,57.19,8.6,206.4,24,862.8375,0.9,Calm,FMS_MARITIME,2026-04-06
2022-01-24,37,MGO,32.07,8.7,208.8,24,478.2853,0.6,Calm,FMS_MARITIME,2026-04-06
2022-01-25,37,MGO,69.37,15.0,360.0,24,600.0505,0.55,Rough,FMS_MARITIME,2026-04-06
2022-01-26,37,MGO,43.76,14.3,343.2,24,397.0531,0.61,Calm,FMS_MARITIME,2026-04-06
2022-01-27,37,HFO,17.56,9.3,223.2,24,244.9903,0.8,Moderate,FMS_MARITIME,2026-04-06
2022-01-28,37,LSMGO,18.79,10.0,240.0,24,243.8003,0.84,Rough,FMS_MARITIME,2026-04-06
2022-01-28,37,LNG,71.06,9.6,230.4,24,960.4203,0.93,Moderate,FMS_MARITIME,2026-04-06
2022-01-28,37,LSMGO,30.69,14.5,348.0,24,274.6226,0.91,Moderate,FMS_MARITIME,2026-04-06
2022-01-01,38,VLSFO,64.37,8.1,194.4,24,1031.112,0.8,Calm,FMS_MARITIME,2026-04-06
2022-01-02,38,VLSFO,62.43,10.6,254.4,24,764.1785,0.62,Rough,FMS_MARITIME,2026-04-06
2022-01-03,38,LSMGO,69.9,9.9,237.6,24,916.1136,0.87,Moderate,FMS_MARITIME,2026-04-06
2022-01-04,38,VLSFO,58.52,14.3,343.2,24,530.9769,0.65,Calm,FMS_MARITIME,2026-04-06
2022-01-05,38,LSMGO,80.09,14.8,355.2,24,702.1404,0.96,Calm,FMS_MARITIME,2026-04-06
2022-01-06,38,LSMGO,35.4,9.2,220.8,24,499.2554,0.74,Moderate,FMS_MARITIME,2026-04-06
2022-01-07,38,MGO,76.82,14.1,338.4,24,706.9074,0.74,Moderate,FMS_MARITIME,2026-04-06
2022-01-08,38,LSMGO,60.36,17.9,429.6,24,437.5257,0.97,Moderate,FMS_MARITIME,2026-04-06
2022-01-09,38,HFO,67.16,12.0,288.0,24,726.1675,0.9,Calm,FMS_MARITIME,2026-04-06
2022-01-10,38,VLSFO,57.83,12.9,309.6,24,581.6622,0.47,Moderate,FMS_MARITIME,2026-04-06
2022-01-11,38,LNG,57.8,15.9,381.6,24,471.6698,0.88,Moderate,FMS_MARITIME,2026-04-06
2022-01-12,38,VLSFO,53.03,12.3,295.2,24,559.4018,0.48,Calm,FMS_MARITIME,2026-04-06
2022-01-13,38,VLSFO,79.53,8.8,211.2,24,1172.6156,0.81,Calm,FMS_MARITIME,2026-04-06
2022-01-14,38,HFO,31.13,11.4,273.6,24,354.3086,0.71,Rough,FMS_MARITIME,2026-04-06
2022-01-15,38,HFO,45.25,10.8,259.2,24,543.6285,0.7,Calm,FMS_MARITIME,2026-04-06
2022-01-16,38,HFO,47.95,11.8,283.2,24,527.2468,0.79,Rough,FMS_MARITIME,2026-04-06
2022-01-17,38,LSMGO,25.46,8.8,211.2,24,375.3903,0.51,Calm,FMS_MARITIME,2026-04-06
2022-01-18,38,LSMGO,38.62,13.9,333.6,24,360.4996,0.47,Rough,FMS_MARITIME,2026-04-06
2022-01-19,38,LSMGO,34.28,10.2,244.8,24,436.0618,0.67,Moderate,FMS_MARITIME,2026-04-06
2022-01-20,38,MGO,48.2,13.6,326.4,24,459.8493,0.64,Moderate,FMS_MARITIME,2026-04-06
2022-01-21,38,LNG,76.5,17.7,424.8,24,560.7839,0.96,Rough,FMS_MARITIME,2026-04-06
2022-01-22,38,LSMGO,74.18,12.5,300.0,24,769.9884,0.48,Rough,FMS_MARITIME,2026-04-06
2022-01-23,38,LSMGO,73.06,17.6,422.4,24,538.6099,0.49,Rough,FMS_MARITIME,2026-04-06
2022-01-24,38,HFO,75.33,13.5,324.0,24,724.005,0.69,Rough,FMS_MARITIME,2026-04-06
2022-01-25,38,HFO,73.97,9.6,230.4,24,999.7508,0.44,Moderate,FMS_MARITIME,2026-04-06
2022-01-26,38,LNG,55.03,9.2,220.8,24,776.1024,0.99,Moderate,FMS_MARITIME,2026-04-06
2022-01-27,38,LSMGO,73.76,16.7,400.8,24,573.0754,0.42,Moderate,FMS_MARITIME,2026-04-06
2022-01-28,38,VLSFO,68.55,14.7,352.8,24,605.0587,0.42,Calm,FMS_MARITIME,2026-04-06
2022-01-28,38,MGO,15.89,16.0,384.0,24,128.858,0.59,Moderate,FMS_MARITIME,2026-04-06
2022-01-28,38,LSMGO,41.57,11.4,273.6,24,473.1322,0.96,Moderate,FMS_MARITIME,2026-04-06
2022-01-01,39,MGO,25.54,14.9,357.6,24,222.4037,0.98,Calm,FMS_MARITIME,2026-04-06
2022-01-02,39,VLSFO,44.77,12.9,309.6,24,450.3029,0.53,Calm,FMS_MARITIME,2026-04-06
2022-01-03,39,LNG,49.8,10.8,259.2,24,598.2917,0.4,Rough,FMS_MARITIME,2026-04-06
2022-01-04,39,VLSFO,77.69,10.9,261.6,24,924.7961,0.93,Rough,FMS_MARITIME,2026-04-06
2022-01-05,39,HFO,37.89,14.3,343.2,24,343.7921,0.79,Rough,FMS_MARITIME,2026-04-06
2022-01-06,39,LNG,73.73,12.8,307.2,24,747.3803,0.92,Calm,FMS_MARITIME,2026-04-06
2022-01-07,39,LSMGO,28.1,13.0,312.0,24,280.4596,0.46,Calm,FMS_MARITIME,2026-04-06
2022-01-08,39,MGO,58.16,13.4,321.6,24,563.1537,0.72,Rough,FMS_MARITIME,2026-04-06
2022-01-09,39,LSMGO,63.2,15.3,367.2,24,535.9608,0.85,Rough,FMS_MARITIME,2026-04-06
2022-01-10,39,MGO,54.25,14.3,343.2,24,492.2334,1.0,Rough,FMS_MARITIME,2026-04-06
2022-01-11,39,MGO,84.17,14.3,343.2,24,763.7103,0.76,Calm,FMS_MARITIME,2026-04-06
2022-01-12,39,MGO,15.75,10.9,261.6,24,187.4828,0.91,Moderate,FMS_MARITIME,2026-04-06
2022-01-13,39,MGO,24.33,16.0,384.0,24,197.3011,0.85,Moderate,FMS_MARITIME,2026-04-06
2022-01-14,39,LSMGO,62.5,8.3,199.2,24,977.0331,0.93,Calm,FMS_MARITIME,2026-04-06
2022-01-15,39,LNG,42.83,9.8,235.2,24,567.0605,0.88,Moderate,FMS_MARITIME,2026-04-06
2022-01-16,39,LNG,42.92,11.2,268.8,24,497.2205,0.88,Calm,FMS_MARITIME,2026-04-06
2022-01-17,39,LNG,52.09,8.5,204.0,24,795.1385,0.62,Moderate,FMS_MARITIME,2026-04-06
2022-01-18,39,LNG,59.91,9.0,216.0,24,863.7025,0.43,Calm,FMS_MARITIME,2026-04-06
2022-01-19,39,HFO,17.91,10.9,261.6,24,213.1947,0.88,Moderate,FMS_MARITIME,2026-04-06
2022-01-20,39,LNG,31.35,13.6,326.4,24,299.0928,0.61,Calm,FMS_MARITIME,2026-04-06
2022-01-21,39,HFO,80.52,11.4,273.6,24,916.4447,0.61,Rough,FMS_MARITIME,2026-04-06
2022-01-22,39,HFO,47.07,10.3,247.2,24,592.9449,0.42,Moderate,FMS_MARITIME,2026-04-06
2022-01-23,39,MGO,27.86,9.1,218.4,24,397.2346,0.87,Calm,FMS_MARITIME,2026-04-06
2022-01-24,39,HFO,26.33,17.6,422.4,24,194.1089,0.48,Rough,FMS_MARITIME,2026-04-06
2022-01-25,39,LSMGO,35.56,15.5,372.0,24,297.6716,0.47,Rough,FMS_MARITIME,2026-04-06
2022-01-26,39,LSMGO,56.1,9.6,230.4,24,758.2266,0.88,Moderate,FMS_MARITIME,2026-04-06
2022-01-27,39,VLSFO,28.77,10.7,256.8,24,348.8699,0.44,Calm,FMS_MARITIME,2026-04-06
2022-01-28,39,LSMGO,20.72,16.1,386.4,24,166.9826,0.86,Moderate,FMS_MARITIME,2026-04-06
2022-01-28,39,LNG,58.29,17.9,429.6,24,422.5211,0.42,Rough,FMS_MARITIME,2026-04-06
2022-01-28,39,LNG,20.88,15.0,360.0,24,180.612,0.4,Moderate,FMS_MARITIME,2026-04-06
2022-01-01,40,LNG,75.42,10.7,256.8,24,914.5556,0.65,Rough,FMS_MARITIME,2026-04-06
2022-01-02,40,LNG,45.38,8.3,199.2,24,709.4042,0.81,Moderate,FMS_MARITIME,2026-04-06
2022-01-03,40,MGO,41.86,9.1,218.4,24,596.85,0.52,Calm,FMS_MARITIME,2026-04-06
2022-01-04,40,MGO,40.23,11.0,264.0,24,474.5311,0.5,Moderate,FMS_MARITIME,2026-04-06
2022-01-05,40,VLSFO,47.54,9.9,237.6,24,623.0621,0.65,Rough,FMS_MARITIME,2026-04-06
2022-01-06,40,LSMGO,73.43,9.5,228.0,24,1002.8992,0.88,Calm,FMS_MARITIME,2026-04-06
2022-01-07,40,MGO,55.28,15.1,362.4,24,475.0053,0.47,Calm,FMS_MARITIME,2026-04-06
2022-01-08,40,VLSFO,65.37,12.7,304.8,24,667.8549,0.57,Rough,FMS_MARITIME,2026-04-06
2022-01-09,40,MGO,30.67,8.1,194.4,24,491.288,0.48,Rough,FMS_MARITIME,2026-04-06
2022-01-10,40,LSMGO,29.82,13.3,319.2,24,290.9132,0.54,Moderate,FMS_MARITIME,2026-04-06
2022-01-11,40,LNG,47.13,10.9,261.6,24,561.02,0.67,Rough,FMS_MARITIME,2026-04-06
2022-01-12,40,HFO,43.54,9.6,230.4,24,588.4703,0.53,Moderate,FMS_MARITIME,2026-04-06
2022-01-13,40,LNG,55.49,8.5,204.0,24,847.0385,1.0,Moderate,FMS_MARITIME,2026-04-06
2022-01-14,40,MGO,15.78,13.8,331.2,24,148.3663,0.6,Calm,FMS_MARITIME,2026-04-06
2022-01-15,40,HFO,79.58,12.3,295.2,24,839.472,0.9,Calm,FMS_MARITIME,2026-04-06
2022-01-16,40,HFO,37.27,8.8,211.2,24,549.5207,0.74,Calm,FMS_MARITIME,2026-04-06
2022-01-17,40,LNG,72.6,12.9,309.6,24,730.2209,0.49,Calm,FMS_MARITIME,2026-04-06
2022-01-18,40,LNG,23.67,15.3,367.2,24,200.7309,0.47,Rough,FMS_MARITIME,2026-04-06
2022-01-19,40,LNG,42.74,15.1,362.4,24,367.2526,0.84,Calm,FMS_MARITIME,2026-04-06
2022-01-20,40,MGO,58.51,15.1,362.4,24,502.7598,0.45,Moderate,FMS_MARITIME,2026-04-06
2022-01-21,40,VLSFO,39.13,9.3,223.2,24,545.9266,0.44,Calm,FMS_MARITIME,2026-04-06
2022-01-22,40,LSMGO,44.45,10.4,249.6,24,554.5565,0.6,Calm,FMS_MARITIME,2026-04-06
2022-01-23,40,VLSFO,48.78,18.0,432.0,24,351.6225,0.85,Moderate,FMS_MARITIME,2026-04-06
2022-01-24,40,LSMGO,79.35,15.7,376.8,24,655.7747,0.43,Calm,FMS_MARITIME,2026-04-06
2022-01-25,40,LSMGO,36.85,18.0,432.0,24,265.6271,0.8,Rough,FMS_MARITIME,2026-04-06
2022-01-26,40,HFO,24.89,10.1,242.4,24,319.7502,0.93,Calm,FMS_MARITIME,2026-04-06
2022-01-27,40,HFO,48.44,14.0,336.0,24,448.935,1.0,Calm,FMS_MARITIME,2026-04-06
2022-01-28,40,MGO,18.71,14.2,340.8,24,170.9593,0.75,Moderate,FMS_MARITIME,2026-04-06
2022-01-28,40,LNG,52.57,14.1,338.4,24,483.7559,0.44,Moderate,FMS_MARITIME,2026-04-06
2022-01-28,40,HFO,49.11,12.9,309.6,24,493.9552,0.55,Moderate,FMS_MARITIME,2026-04-06
2022-01-01,41,LSMGO,61.25,17.0,408.0,24,467.4816,0.8,Rough,FMS_MARITIME,2026-04-06
2022-01-02,41,LSMGO,56.87,9.8,235.2,24,752.9472,0.42,Rough,FMS_MARITIME,2026-04-06
2022-01-03,41,HFO,39.48,9.7,232.8,24,528.0959,0.65,Moderate,FMS_MARITIME,2026-04-06
2022-01-04,41,HFO,41.58,15.9,381.6,24,339.3085,0.83,Rough,FMS_MARITIME,2026-04-06
2022-01-05,41,VLSFO,77.4,10.1,242.4,24,994.3218,0.77,Rough,FMS_MARITIME,2026-04-06
2022-01-06,41,VLSFO,66.79,17.1,410.4,24,506.7838,0.53,Rough,FMS_MARITIME,2026-04-06
2022-01-07,41,MGO,63.25,16.4,393.6,24,500.4078,0.42,Moderate,FMS_MARITIME,2026-04-06
2022-01-08,41,LSMGO,71.16,10.7,256.8,24,862.8981,0.41,Rough,FMS_MARITIME,2026-04-06
2022-01-09,41,LNG,45.27,12.4,297.6,24,473.6921,0.91,Moderate,FMS_MARITIME,2026-04-06
2022-01-10,41,VLSFO,75.01,14.7,352.8,24,662.0781,0.75,Moderate,FMS_MARITIME,2026-04-06
2022-01-11,41,VLSFO,42.36,11.0,264.0,24,499.6555,0.69,Moderate,FMS_MARITIME,2026-04-06
2022-01-12,41,VLSFO,75.35,15.4,369.6,24,634.8482,1.0,Moderate,FMS_MARITIME,2026-04-06
2022-01-13,41,MGO,78.98,15.4,369.6,24,665.4321,1.0,Rough,FMS_MARITIME,2026-04-06
2022-01-14,41,HFO,46.23,17.4,417.6,24,344.7323,0.99,Rough,FMS_MARITIME,2026-04-06
2022-01-15,41,LNG,75.87,13.8,331.2,24,713.3429,0.62,Rough,FMS_MARITIME,2026-04-06
2022-01-16,41,LSMGO,67.28,14.7,352.8,24,593.849,0.48,Rough,FMS_MARITIME,2026-04-06
2022-01-17,41,HFO,44.28,16.8,403.2,24,341.9839,0.44,Moderate,FMS_MARITIME,2026-04-06
2022-01-18,41,LSMGO,32.0,16.8,403.2,24,247.1429,0.52,Moderate,FMS_MARITIME,2026-04-06
2022-01-19,41,VLSFO,40.23,16.1,386.4,24,324.2138,0.68,Rough,FMS_MARITIME,2026-04-06
2022-01-20,41,LSMGO,23.73,16.3,391.2,24,188.8937,0.98,Calm,FMS_MARITIME,2026-04-06
2022-01-21,41,LSMGO,75.9,14.4,345.6,24,683.8906,0.77,Rough,FMS_MARITIME,2026-04-06
2022-01-22,41,HFO,60.23,14.5,348.0,24,538.9547,0.48,Rough,FMS_MARITIME,2026-04-06
2022-01-23,41,VLSFO,71.32,13.9,333.6,24,665.7388,0.48,Calm,FMS_MARITIME,2026-04-06
2022-01-24,41,LSMGO,58.2,17.6,422.4,24,429.0597,0.86,Calm,FMS_MARITIME,2026-04-06
2022-01-25,41,MGO,43.44,16.5,396.0,24,341.5964,0.41,Calm,FMS_MARITIME,2026-04-06
2022-01-26,41,VLSFO,20.13,10.5,252.0,24,248.7493,0.79,Calm,FMS_MARITIME,2026-04-06
2022-01-27,41,VLSFO,40.05,12.9,309.6,24,402.8285,0.83,Moderate,FMS_MARITIME,2026-04-06
2022-01-28,41,VLSFO,65.42,17.2,412.8,24,493.5026,0.76,Rough,FMS_MARITIME,2026-04-06
2022-01-28,41,HFO,70.03,10.7,256.8,24,849.1956,0.51,Calm,FMS_MARITIME,2026-04-06
2022-01-28,41,LNG,26.89,15.3,367.2,24,228.0377,0.88,Calm,FMS_MARITIME,2026-04-06
2022-01-01,42,LSMGO,84.43,13.6,326.4,24,805.4994,0.57,Moderate,FMS_MARITIME,2026-04-06
2022-01-02,42,VLSFO,81.33,8.1,194.4,24,1302.7861,0.84,Moderate,FMS_MARITIME,2026-04-06
2022-01-03,42,LSMGO,22.66,12.1,290.4,24,242.9864,0.78,Moderate,FMS_MARITIME,2026-04-06
2022-01-04,42,HFO,53.74,15.4,369.6,24,452.7769,0.58,Moderate,FMS_MARITIME,2026-04-06
2022-01-05,42,VLSFO,18.29,10.1,242.4,24,234.9631,0.42,Rough,FMS_MARITIME,2026-04-06
2022-01-06,42,LSMGO,43.6,14.9,357.6,24,379.6711,0.43,Rough,FMS_MARITIME,2026-04-06
2022-01-07,42,VLSFO,21.92,17.2,412.8,24,165.3558,0.66,Rough,FMS_MARITIME,2026-04-06
2022-01-08,42,LNG,26.39,17.2,412.8,24,199.0757,0.47,Calm,FMS_MARITIME,2026-04-06
2022-01-09,42,LNG,78.03,12.3,295.2,24,823.1213,0.97,Calm,FMS_MARITIME,2026-04-06
2022-01-10,42,MGO,68.1,9.2,220.8,24,960.4321,0.96,Rough,FMS_MARITIME,2026-04-06
2022-01-11,42,VLSFO,59.27,12.1,290.4,24,635.5605,0.44,Calm,FMS_MARITIME,2026-04-06
2022-01-12,42,LSMGO,33.75,16.7,400.8,24,262.2193,0.78,Rough,FMS_MARITIME,2026-04-06
2022-01-13,42,MGO,57.33,12.3,295.2,24,604.7616,0.99,Moderate,FMS_MARITIME,2026-04-06
2022-01-14,42,LSMGO,54.76,11.9,285.6,24,597.0681,0.53,Rough,FMS_MARITIME,2026-04-06
2022-01-15,42,LSMGO,76.42,10.2,244.8,24,972.1074,0.74,Rough,FMS_MARITIME,2026-04-06
2022-01-16,42,VLSFO,19.21,14.6,350.4,24,170.719,0.92,Moderate,FMS_MARITIME,2026-04-06
2022-01-17,42,LSMGO,40.48,9.6,230.4,24,547.1125,0.72,Moderate,FMS_MARITIME,2026-04-06
2022-01-18,42,LNG,54.79,8.6,206.4,24,826.6282,0.93,Rough,FMS_MARITIME,2026-04-06
2022-01-19,42,LNG,56.1,9.6,230.4,24,758.2266,0.42,Calm,FMS_MARITIME,2026-04-06
2022-01-20,42,VLSFO,15.74,9.7,232.8,24,210.5428,0.45,Calm,FMS_MARITIME,2026-04-06
2022-01-21,42,MGO,26.91,16.5,396.0,24,211.6105,0.96,Calm,FMS_MARITIME,2026-04-06
2022-01-22,42,LNG,42.48,14.4,345.6,24,382.7625,0.8,Moderate,FMS_MARITIME,2026-04-06
2022-01-23,42,MGO,15.38,15.3,367.2,24,130.4284,0.49,Rough,FMS_MARITIME,2026-04-06
2022-01-24,42,LNG,84.6,14.0,336.0,24,784.0607,0.5,Rough,FMS_MARITIME,2026-04-06
2022-01-25,42,LNG,59.27,11.0,264.0,24,699.1166,0.79,Moderate,FMS_MARITIME,2026-04-06
2022-01-26,42,VLSFO,16.12,16.2,388.8,24,129.1093,0.41,Moderate,FMS_MARITIME,2026-04-06
2022-01-27,42,LNG,56.39,11.2,268.8,24,653.2681,0.95,Calm,FMS_MARITIME,2026-04-06
2022-01-28,42,LSMGO,62.79,8.2,196.8,24,993.5369,0.95,Rough,FMS_MARITIME,2026-04-06
2022-01-28,42,LNG,34.53,12.8,307.2,24,350.0209,0.68,Moderate,FMS_MARITIME,2026-04-06
2022-01-28,42,MGO,64.03,12.3,295.2,24,675.4384,0.67,Calm,FMS_MARITIME,2026-04-06
2022-01-01,43,VLSFO,18.02,17.3,415.2,24,135.15,0.82,Rough,FMS_MARITIME,2026-04-06
2022-01-02,43,MGO,47.43,8.0,192.0,24,769.2553,0.44,Rough,FMS_MARITIME,2026-04-06
2022-01-03,43,VLSFO,44.21,13.1,314.4,24,437.8815,0.57,Calm,FMS_MARITIME,2026-04-06
2022-01-04,43,LNG,71.06,16.8,403.2,24,548.8116,0.78,Calm,FMS_MARITIME,2026-04-06
2022-01-05,43,HFO,84.04,12.0,288.0,24,908.6825,0.43,Calm,FMS_MARITIME,2026-04-06
2022-01-06,43,MGO,21.97,11.6,278.4,24,245.742,1.0,Moderate,FMS_MARITIME,2026-04-06
2022-01-07,43,VLSFO,76.11,15.0,360.0,24,658.3515,0.92,Moderate,FMS_MARITIME,2026-04-06
2022-01-08,43,LNG,78.21,14.0,336.0,24,724.8391,0.99,Rough,FMS_MARITIME,2026-04-06
2022-01-09,43,LSMGO,47.05,17.2,412.8,24,354.9266,0.62,Moderate,FMS_MARITIME,2026-04-06
2022-01-10,43,HFO,22.88,8.4,201.6,24,353.4143,0.68,Calm,FMS_MARITIME,2026-04-06
2022-01-11,43,LSMGO,84.96,15.9,381.6,24,693.3057,0.53,Moderate,FMS_MARITIME,2026-04-06
2022-01-12,43,MGO,38.91,9.1,218.4,24,554.7882,0.96,Moderate,FMS_MARITIME,2026-04-06
2022-01-13,43,LNG,84.1,9.3,223.2,24,1173.3306,0.46,Rough,FMS_MARITIME,2026-04-06
2022-01-14,43,LSMGO,32.55,8.9,213.6,24,474.5351,0.45,Rough,FMS_MARITIME,2026-04-06
2022-01-15,43,LNG,64.07,17.1,410.4,24,486.1452,0.84,Calm,FMS_MARITIME,2026-04-06
2022-01-16,43,HFO,73.42,14.6,350.4,24,652.4825,0.8,Calm,FMS_MARITIME,2026-04-06
2022-01-17,43,VLSFO,75.02,14.7,352.8,24,662.1663,0.54,Calm,FMS_MARITIME,2026-04-06
2022-01-18,43,MGO,20.36,17.8,427.2,24,148.4107,0.58,Moderate,FMS_MARITIME,2026-04-06
2022-01-19,43,HFO,84.54,10.9,261.6,24,1006.3362,0.76,Moderate,FMS_MARITIME,2026-04-06
2022-01-20,43,MGO,83.73,12.0,288.0,24,905.3306,0.67,Rough,FMS_MARITIME,2026-04-06
2022-01-21,43,HFO,16.1,13.1,314.4,24,159.4637,0.94,Rough,FMS_MARITIME,2026-04-06
2022-01-22,43,HFO,21.6,15.5,372.0,24,180.8129,0.93,Calm,FMS_MARITIME,2026-04-06
2022-01-23,43,MGO,76.2,10.4,249.6,24,950.6683,0.41,Moderate,FMS_MARITIME,2026-04-06
2022-01-24,43,HFO,68.52,15.2,364.8,24,584.8993,0.58,Rough,FMS_MARITIME,2026-04-06
2022-01-25,43,VLSFO,42.38,11.3,271.2,24,486.6199,0.48,Rough,FMS_MARITIME,2026-04-06
2022-01-26,43,VLSFO,31.91,14.4,345.6,24,287.5224,0.94,Rough,FMS_MARITIME,2026-04-06
2022-01-27,43,MGO,50.56,11.8,283.2,24,555.9458,0.72,Calm,FMS_MARITIME,2026-04-06
2022-01-28,43,LNG,74.81,16.4,393.6,24,591.8657,0.71,Moderate,FMS_MARITIME,2026-04-06
2022-01-28,43,LNG,33.7,13.7,328.8,24,319.1661,0.87,Rough,FMS_MARITIME,2026-04-06
2022-01-28,43,LNG,46.37,17.1,410.4,24,351.8425,0.63,Rough,FMS_MARITIME,2026-04-06
2022-01-01,44,HFO,50.91,11.2,268.8,24,589.7833,0.97,Moderate,FMS_MARITIME,2026-04-06
2022-01-02,44,HFO,54.5,9.2,220.8,24,768.6277,0.85,Rough,FMS_MARITIME,2026-04-06
2022-01-03,44,LSMGO,28.08,16.2,388.8,24,224.9,0.48,Calm,FMS_MARITIME,2026-04-06
2022-01-04,44,LNG,69.67,10.7,256.8,24,844.8301,0.82,Rough,FMS_MARITIME,2026-04-06
2022-01-05,44,VLSFO,21.4,9.3,223.2,24,298.5645,0.81,Rough,FMS_MARITIME,2026-04-06
2022-01-06,44,LSMGO,80.57,16.1,386.4,24,649.3141,0.96,Moderate,FMS_MARITIME,2026-04-06
2022-01-07,44,MGO,22.3,11.0,264.0,24,263.0386,0.7,Rough,FMS_MARITIME,2026-04-06
2022-01-08,44,LSMGO,78.03,14.1,338.4,24,718.042,0.76,Moderate,FMS_MARITIME,2026-04-06
2022-01-09,44,VLSFO,57.66,15.5,372.0,24,482.67,0.69,Rough,FMS_MARITIME,2026-04-06
2022-01-10,44,MGO,59.04,17.8,427.2,24,430.3618,0.54,Moderate,FMS_MARITIME,2026-04-06
2022-01-11,44,VLSFO,27.69,10.1,242.4,24,355.7205,0.67,Rough,FMS_MARITIME,2026-04-06
2022-01-12,44,HFO,56.09,10.0,240.0,24,727.7678,0.87,Rough,FMS_MARITIME,2026-04-06
2022-01-13,44,HFO,61.63,12.8,307.2,24,624.726,0.98,Rough,FMS_MARITIME,2026-04-06
2022-01-14,44,VLSFO,49.99,12.8,307.2,24,506.7346,0.98,Rough,FMS_MARITIME,2026-04-06
2022-01-15,44,MGO,47.82,8.5,204.0,24,729.9582,0.74,Moderate,FMS_MARITIME,2026-04-06
2022-01-16,44,LNG,29.58,16.1,386.4,24,238.3854,0.6,Rough,FMS_MARITIME,2026-04-06
2022-01-17,44,LSMGO,74.2,14.9,357.6,24,646.1376,0.78,Rough,FMS_MARITIME,2026-04-06
2022-01-18,44,VLSFO,40.54,10.7,256.8,24,491.5949,0.49,Moderate,FMS_MARITIME,2026-04-06
2022-01-19,44,LNG,70.4,14.5,348.0,24,629.9586,0.42,Calm,FMS_MARITIME,2026-04-06
2022-01-20,44,HFO,33.09,14.8,355.2,24,290.0965,0.47,Rough,FMS_MARITIME,2026-04-06
2022-01-21,44,MGO,76.62,11.0,264.0,24,903.7677,0.63,Moderate,FMS_MARITIME,2026-04-06
2022-01-22,44,HFO,42.36,13.8,331.2,24,398.2761,0.75,Rough,FMS_MARITIME,2026-04-06
2022-01-23,44,MGO,75.71,11.2,268.8,24,877.0868,0.95,Calm,FMS_MARITIME,2026-04-06
2022-01-24,44,LSMGO,39.57,13.5,324.0,24,380.3117,0.58,Rough,FMS_MARITIME,2026-04-06
2022-01-25,44,HFO,67.14,14.1,338.4,24,617.8309,0.68,Calm,FMS_MARITIME,2026-04-06
2022-01-26,44,MGO,35.04,9.5,228.0,24,478.5726,0.85,Calm,FMS_MARITIME,2026-04-06
2022-01-27,44,LSMGO,52.02,12.7,304.8,24,531.4642,0.53,Rough,FMS_MARITIME,2026-04-06
2022-01-28,44,MGO,53.24,17.6,422.4,24,392.4937,0.63,Calm,FMS_MARITIME,2026-04-06
2022-01-28,44,HFO,30.73,16.4,393.6,24,243.123,0.98,Calm,FMS_MARITIME,2026-04-06
2022-01-28,44,VLSFO,67.53,16.5,396.0,24,531.0314,0.75,Moderate,FMS_MARITIME,2026-04-06
2022-01-01,45,LNG,20.6,10.0,240.0,24,267.285,0.76,Moderate,FMS_MARITIME,2026-04-06
2022-01-02,45,LSMGO,25.99,11.3,271.2,24,298.425,0.62,Rough,FMS_MARITIME,2026-04-06
2022-01-03,45,HFO,68.49,11.6,278.4,24,766.0843,0.46,Moderate,FMS_MARITIME,2026-04-06
2022-01-04,45,HFO,68.35,13.5,324.0,24,656.9194,0.83,Calm,FMS_MARITIME,2026-04-06
2022-01-05,45,HFO,65.76,14.4,345.6,24,592.525,0.81,Rough,FMS_MARITIME,2026-04-06
2022-01-06,45,VLSFO,15.59,8.0,192.0,24,252.8503,0.95,Rough,FMS_MARITIME,2026-04-06
2022-01-07,45,LSMGO,68.76,9.5,228.0,24,939.1168,0.4,Moderate,FMS_MARITIME,2026-04-06
2022-01-08,45,HFO,62.3,12.9,309.6,24,626.6221,0.82,Moderate,FMS_MARITIME,2026-04-06
2022-01-09,45,LSMGO,83.64,15.1,362.4,24,718.6947,0.58,Moderate,FMS_MARITIME,2026-04-06
2022-01-10,45,MGO,66.39,12.5,300.0,24,689.1282,0.77,Rough,FMS_MARITIME,2026-04-06
2022-01-11,45,HFO,43.71,16.3,391.2,24,347.937,0.65,Calm,FMS_MARITIME,2026-04-06
2022-01-12,45,LSMGO,65.09,14.5,348.0,24,582.4433,0.67,Moderate,FMS_MARITIME,2026-04-06
2022-01-13,45,LSMGO,61.31,11.0,264.0,24,723.1793,0.65,Calm,FMS_MARITIME,2026-04-06
2022-01-14,45,VLSFO,71.48,11.6,278.4,24,799.5284,0.9,Rough,FMS_MARITIME,2026-04-06
2022-01-15,45,LSMGO,71.74,17.1,410.4,24,544.343,0.85,Calm,FMS_MARITIME,2026-04-06
2022-01-16,45,VLSFO,65.08,8.8,211.2,24,959.5602,0.71,Calm,FMS_MARITIME,2026-04-06
2022-01-17,45,VLSFO,24.76,9.9,237.6,24,324.5061,0.99,Rough,FMS_MARITIME,2026-04-06
2022-01-18,45,LSMGO,69.13,9.0,216.0,24,996.6242,0.46,Rough,FMS_MARITIME,2026-04-06
2022-01-19,45,LNG,32.52,15.8,379.2,24,267.0551,0.77,Moderate,FMS_MARITIME,2026-04-06
2022-01-20,45,VLSFO,37.3,17.5,420.0,24,276.5529,0.65,Calm,FMS_MARITIME,2026-04-06
2022-01-21,45,LNG,49.06,9.2,220.8,24,691.906,0.91,Calm,FMS_MARITIME,2026-04-06
2022-01-22,45,VLSFO,57.83,12.6,302.4,24,595.5113,0.61,Rough,FMS_MARITIME,2026-04-06
2022-01-23,45,HFO,37.99,9.0,216.0,24,547.6892,0.72,Calm,FMS_MARITIME,2026-04-06
2022-01-24,45,LSMGO,28.89,17.1,410.4,24,219.2092,0.56,Calm,FMS_MARITIME,2026-04-06
2022-01-25,45,LSMGO,47.68,16.4,393.6,24,377.2244,0.51,Calm,FMS_MARITIME,2026-04-06
2022-01-26,45,LSMGO,71.05,16.7,400.8,24,552.0202,0.89,Moderate,FMS_MARITIME,2026-04-06
2022-01-27,45,HFO,35.43,14.4,345.6,24,319.2391,0.59,Rough,FMS_MARITIME,2026-04-06
2022-01-28,45,LSMGO,81.88,15.4,369.6,24,689.8656,0.82,Rough,FMS_MARITIME,2026-04-06
2022-01-28,45,VLSFO,77.12,13.7,328.8,24,730.3883,0.42,Rough,FMS_MARITIME,2026-04-06
2022-01-28,45,HFO,65.01,9.3,223.2,24,906.9944,0.91,Moderate,FMS_MARITIME,2026-04-06
2022-01-01,46,VLSFO,26.34,10.1,242.4,24,338.3777,0.98,Moderate,FMS_MARITIME,2026-04-06
2022-01-02,46,LNG,54.05,12.7,304.8,24,552.2037,0.94,Calm,FMS_MARITIME,2026-04-06
2022-01-03,46,MGO,70.45,13.4,321.6,24,682.1558,0.49,Moderate,FMS_MARITIME,2026-04-06
2022-01-04,46,MGO,63.19,12.2,292.8,24,672.0412,0.67,Calm,FMS_MARITIME,2026-04-06
2022-01-05,46,VLSFO,74.22,14.2,340.8,24,678.1722,0.8,Moderate,FMS_MARITIME,2026-04-06
2022-01-06,46,LNG,22.23,13.1,314.4,24,220.1788,1.0,Calm,FMS_MARITIME,2026-04-06
2022-01-07,46,LNG,19.47,9.7,232.8,24,260.4363,0.64,Moderate,FMS_MARITIME,2026-04-06
2022-01-08,46,VLSFO,59.41,17.6,422.4,24,437.98,0.88,Rough,FMS_MARITIME,2026-04-06
2022-01-09,46,HFO,43.63,16.6,398.4,24,341.0236,0.62,Moderate,FMS_MARITIME,2026-04-06
2022-01-10,46,MGO,83.32,13.6,326.4,24,794.9096,0.45,Rough,FMS_MARITIME,2026-04-06
2022-01-11,46,VLSFO,66.22,15.7,376.8,24,547.264,0.6,Calm,FMS_MARITIME,2026-04-06
2022-01-12,46,MGO,24.08,16.4,393.6,24,190.511,0.56,Calm,FMS_MARITIME,2026-04-06
2022-01-13,46,MGO,56.84,12.0,288.0,24,614.5825,0.89,Moderate,FMS_MARITIME,2026-04-06
2022-01-14,46,HFO,17.89,16.2,388.8,24,143.2856,0.69,Calm,FMS_MARITIME,2026-04-06
2022-01-15,46,MGO,49.27,17.9,429.6,24,357.1387,0.62,Calm,FMS_MARITIME,2026-04-06
2022-01-16,46,LNG,63.44,11.6,278.4,24,709.5983,0.69,Moderate,FMS_MARITIME,2026-04-06
2022-01-17,46,VLSFO,24.16,17.0,408.0,24,184.3976,0.55,Moderate,FMS_MARITIME,2026-04-06
2022-01-18,46,LSMGO,48.1,14.4,345.6,24,433.401,0.55,Rough,FMS_MARITIME,2026-04-06
2022-01-19,46,HFO,70.16,13.6,326.4,24,669.3574,0.61,Rough,FMS_MARITIME,2026-04-06
2022-01-20,46,HFO,73.11,17.9,429.6,24,529.9454,0.95,Calm,FMS_MARITIME,2026-04-06
2022-01-21,46,VLSFO,44.12,9.4,225.6,24,608.9968,0.91,Calm,FMS_MARITIME,2026-04-06
2022-01-22,46,LSMGO,43.75,11.8,283.2,24,481.0646,0.8,Moderate,FMS_MARITIME,2026-04-06
2022-01-23,46,HFO,76.76,11.5,276.0,24,866.053,0.4,Calm,FMS_MARITIME,2026-04-06
2022-01-24,46,LNG,54.74,17.9,429.6,24,396.7885,0.48,Rough,FMS_MARITIME,2026-04-06
2022-01-25,46,LSMGO,70.05,12.5,300.0,24,727.119,0.52,Calm,FMS_MARITIME,2026-04-06
2022-01-26,46,VLSFO,65.16,18.0,432.0,24,469.695,0.7,Moderate,FMS_MARITIME,2026-04-06
2022-01-27,46,LSMGO,36.67,11.3,271.2,24,421.056,0.85,Calm,FMS_MARITIME,2026-04-06
2022-01-28,46,VLSFO,83.37,10.7,256.8,24,1010.9586,0.8,Rough,FMS_MARITIME,2026-04-06
2022-01-28,46,LNG,38.51,17.4,417.6,24,287.1651,0.93,Moderate,FMS_MARITIME,2026-04-06
2022-01-28,46,LNG,54.88,11.3,271.2,24,630.1487,0.92,Moderate,FMS_MARITIME,2026-04-06
2022-01-01,47,VLSFO,41.55,14.2,340.8,24,379.6558,0.48,Rough,FMS_MARITIME,2026-04-06
2022-01-02,47,LNG,74.12,17.7,424.8,24,543.3373,0.55,Moderate,FMS_MARITIME,2026-04-06
2022-01-03,47,VLSFO,28.84,16.0,384.0,24,233.8744,0.41,Moderate,FMS_MARITIME,2026-04-06
2022-01-04,47,HFO,23.91,14.1,338.4,24,220.0229,0.89,Calm,FMS_MARITIME,2026-04-06
2022-01-05,47,HFO,30.05,17.9,429.6,24,217.8205,0.6,Rough,FMS_MARITIME,2026-04-06
2022-01-06,47,HFO,51.05,17.2,412.8,24,385.101,0.4,Calm,FMS_MARITIME,2026-04-06
2022-01-07,47,HFO,35.34,14.6,350.4,24,314.0661,0.79,Rough,FMS_MARITIME,2026-04-06
2022-01-08,47,LNG,51.49,8.6,206.4,24,776.8404,0.89,Calm,FMS_MARITIME,2026-04-06
2022-01-09,47,HFO,57.65,14.9,357.6,24,502.0193,0.79,Rough,FMS_MARITIME,2026-04-06
2022-01-10,47,HFO,48.25,12.6,302.4,24,496.8601,0.92,Calm,FMS_MARITIME,2026-04-06
2022-01-11,47,LSMGO,53.59,16.6,398.4,24,418.8736,0.61,Moderate,FMS_MARITIME,2026-04-06
2022-01-12,47,LNG,48.24,12.7,304.8,24,492.8457,0.74,Moderate,FMS_MARITIME,2026-04-06
2022-01-13,47,VLSFO,29.8,12.4,297.6,24,311.8185,0.47,Rough,FMS_MARITIME,2026-04-06
2022-01-14,47,VLSFO,48.74,11.0,264.0,24,574.9105,0.99,Rough,FMS_MARITIME,2026-04-06
2022-01-15,47,LSMGO,76.41,12.4,297.6,24,799.5321,0.67,Calm,FMS_MARITIME,2026-04-06
2022-01-16,47,VLSFO,84.38,12.5,300.0,24,875.8644,0.58,Calm,FMS_MARITIME,2026-04-06
2022-01-17,47,MGO,58.84,10.5,252.0,24,727.0943,0.82,Moderate,FMS_MARITIME,2026-04-06
2022-01-18,47,VLSFO,27.52,12.2,292.8,24,292.682,0.46,Moderate,FMS_MARITIME,2026-04-06
2022-01-19,47,VLSFO,43.48,9.3,223.2,24,606.6161,0.66,Moderate,FMS_MARITIME,2026-04-06
2022-01-20,47,LNG,15.56,8.7,208.8,24,232.0586,0.69,Rough,FMS_MARITIME,2026-04-06
2022-01-21,47,LNG,31.05,17.9,429.6,24,225.0691,0.87,Rough,FMS_MARITIME,2026-04-06
2022-01-22,47,HFO,69.2,12.4,297.6,24,724.0887,0.68,Calm,FMS_MARITIME,2026-04-06
2022-01-23,47,HFO,59.31,11.9,285.6,24,646.6784,0.41,Calm,FMS_MARITIME,2026-04-06
2022-01-24,47,HFO,65.79,8.7,208.8,24,981.1784,0.41,Moderate,FMS_MARITIME,2026-04-06
2022-01-25,47,VLSFO,38.62,11.8,283.2,24,424.6564,0.42,Calm,FMS_MARITIME,2026-04-06
2022-01-26,47,MGO,19.74,12.2,292.8,24,209.9398,0.87,Calm,FMS_MARITIME,2026-04-06
2022-01-27,47,LSMGO,61.91,12.6,302.4,24,637.5256,0.65,Rough,FMS_MARITIME,2026-04-06
2022-01-28,47,MGO,75.91,10.0,240.0,24,984.9322,0.55,Moderate,FMS_MARITIME,2026-04-06
2022-01-28,47,MGO,84.56,17.2,412.8,24,637.8872,0.85,Calm,FMS_MARITIME,2026-04-06
2022-01-28,47,HFO,36.84,18.0,432.0,24,265.555,0.79,Calm,FMS_MARITIME,2026-04-06
2022-01-01,48,HFO,44.1,10.2,244.8,24,560.9779,0.72,Calm,FMS_MARITIME,2026-04-06
2022-01-02,48,MGO,62.76,15.2,364.8,24,535.7309,0.66,Moderate,FMS_MARITIME,2026-04-06
2022-01-03,48,VLSFO,59.12,13.9,333.6,24,551.8576,0.57,Rough,FMS_MARITIME,2026-04-06
2022-01-04,48,HFO,75.17,18.0,432.0,24,541.8504,0.99,Calm,FMS_MARITIME,2026-04-06
2022-01-05,48,MGO,55.29,13.1,314.4,24,547.6242,0.7,Rough,FMS_MARITIME,2026-04-06
2022-01-06,48,VLSFO,26.86,17.3,415.2,24,201.45,0.55,Rough,FMS_MARITIME,2026-04-06
2022-01-07,48,LSMGO,59.98,14.5,348.0,24,536.7176,0.67,Calm,FMS_MARITIME,2026-04-06
2022-01-08,48,MGO,48.01,16.8,403.2,24,370.7915,0.52,Moderate,FMS_MARITIME,2026-04-06
2022-01-09,48,LNG,38.87,14.9,357.6,24,338.482,0.96,Moderate,FMS_MARITIME,2026-04-06
2022-01-10,48,LNG,54.6,9.8,235.2,24,722.8929,0.76,Calm,FMS_MARITIME,2026-04-06
2022-01-11,48,LSMGO,75.33,17.7,424.8,24,552.2072,0.58,Moderate,FMS_MARITIME,2026-04-06
2022-01-12,48,MGO,64.0,16.4,393.6,24,506.3415,0.52,Calm,FMS_MARITIME,2026-04-06
2022-01-13,48,HFO,43.46,16.4,393.6,24,343.8375,0.4,Moderate,FMS_MARITIME,2026-04-06
2022-01-14,48,LSMGO,45.66,9.8,235.2,24,604.5291,0.65,Moderate,FMS_MARITIME,2026-04-06
2022-01-15,48,LSMGO,46.13,12.3,295.2,24,486.6152,0.72,Moderate,FMS_MARITIME,2026-04-06
2022-01-16,48,LSMGO,55.77,9.4,225.6,24,769.804,0.67,Calm,FMS_MARITIME,2026-04-06
2022-01-17,48,LNG,71.37,15.3,367.2,24,605.2456,1.0,Moderate,FMS_MARITIME,2026-04-06
2022-01-18,48,LNG,72.39,11.5,276.0,24,816.748,0.97,Moderate,FMS_MARITIME,2026-04-06
2022-01-19,48,LSMGO,54.53,8.2,196.8,24,862.8375,0.82,Moderate,FMS_MARITIME,2026-04-06
2022-01-20,48,VLSFO,35.93,12.8,307.2,24,364.2123,0.47,Calm,FMS_MARITIME,2026-04-06
2022-01-21,48,LSMGO,24.86,8.9,213.6,24,362.4253,0.49,Rough,FMS_MARITIME,2026-04-06
2022-01-22,48,LSMGO,25.17,11.0,264.0,24,296.8916,0.55,Moderate,FMS_MARITIME,2026-04-06
2022-01-23,48,VLSFO,31.45,9.5,228.0,24,429.5408,0.94,Rough,FMS_MARITIME,2026-04-06
2022-01-24,48,VLSFO,46.11,16.4,393.6,24,364.8032,0.59,Moderate,FMS_MARITIME,2026-04-06
2022-01-25,48,LNG,34.55,9.7,232.8,24,462.1508,0.42,Moderate,FMS_MARITIME,2026-04-06
2022-01-26,48,LNG,24.17,16.0,384.0,24,196.0036,0.81,Rough,FMS_MARITIME,2026-04-06
2022-01-27,48,HFO,30.92,12.7,304.8,24,315.8953,0.66,Moderate,FMS_MARITIME,2026-04-06
2022-01-28,48,LSMGO,31.53,14.9,357.6,24,274.5649,0.43,Moderate,FMS_MARITIME,2026-04-06
2022-01-28,48,MGO,60.74,16.1,386.4,24,489.504,0.45,Moderate,FMS_MARITIME,2026-04-06
2022-01-28,48,LSMGO,71.77,14.1,338.4,24,660.4367,0.95,Moderate,FMS_MARITIME,2026-04-06
2022-01-01,49,MGO,65.29,9.9,237.6,24,855.6947,0.71,Calm,FMS_MARITIME,2026-04-06
2022-01-02,49,HFO,26.28,16.0,384.0,24,213.1144,0.53,Rough,FMS_MARITIME,2026-04-06
2022-01-03,49,HFO,27.19,11.1,266.4,24,317.8291,0.61,Calm,FMS_MARITIME,2026-04-06
2022-01-04,49,MGO,50.66,9.1,218.4,24,722.3225,0.82,Calm,FMS_MARITIME,2026-04-06
2022-01-05,49,MGO,76.27,14.0,336.0,24,706.8595,0.83,Rough,FMS_MARITIME,2026-04-06
2022-01-06,49,VLSFO,19.62,14.2,340.8,24,179.2743,0.69,Rough,FMS_MARITIME,2026-04-06
2022-01-07,49,LSMGO,60.1,14.9,357.6,24,523.354,0.61,Rough,FMS_MARITIME,2026-04-06
2022-01-08,49,LNG,33.46,16.2,388.8,24,267.9898,0.92,Rough,FMS_MARITIME,2026-04-06
2022-01-09,49,HFO,61.03,16.7,400.8,24,474.1702,0.65,Rough,FMS_MARITIME,2026-04-06
2022-01-10,49,MGO,17.73,16.7,400.8,24,137.7525,0.77,Rough,FMS_MARITIME,2026-04-06
2022-01-11,49,LSMGO,64.55,13.0,312.0,24,644.2587,0.56,Moderate,FMS_MARITIME,2026-04-06
2022-01-12,49,LSMGO,44.46,8.9,213.6,24,648.1669,0.6,Moderate,FMS_MARITIME,2026-04-06
2022-01-13,49,LSMGO,74.92,17.7,424.8,24,549.2017,0.95,Calm,FMS_MARITIME,2026-04-06
2022-01-14,49,LNG,77.7,13.9,333.6,24,725.2932,0.89,Moderate,FMS_MARITIME,2026-04-06
2022-01-15,49,MGO,19.64,15.0,360.0,24,169.886,0.66,Moderate,FMS_MARITIME,2026-04-06
2022-01-16,49,HFO,53.98,14.5,348.0,24,483.0279,0.43,Moderate,FMS_MARITIME,2026-04-06
2022-01-17,49,HFO,58.24,15.7,376.8,24,481.3146,0.74,Rough,FMS_MARITIME,2026-04-06
2022-01-18,49,LNG,69.24,16.0,384.0,24,561.4931,0.41,Rough,FMS_MARITIME,2026-04-06
2022-01-19,49,HFO,58.97,9.9,237.6,24,772.8644,0.58,Calm,FMS_MARITIME,2026-04-06
2022-01-20,49,HFO,29.35,12.3,295.2,24,309.6067,0.6,Moderate,FMS_MARITIME,2026-04-06
2022-01-21,49,LNG,60.52,11.7,280.8,24,671.1513,0.92,Rough,FMS_MARITIME,2026-04-06
2022-01-22,49,HFO,34.52,9.1,218.4,24,492.1945,0.51,Rough,FMS_MARITIME,2026-04-06
2022-01-23,49,LSMGO,47.4,17.5,420.0,24,351.4371,0.91,Rough,FMS_MARITIME,2026-04-06
2022-01-24,49,MGO,69.19,16.9,405.6,24,531.2072,0.44,Rough,FMS_MARITIME,2026-04-06
2022-01-25,49,LNG,19.41,16.3,391.2,24,154.506,0.61,Moderate,FMS_MARITIME,2026-04-06
2022-01-26,49,VLSFO,44.64,10.1,242.4,24,573.4693,0.43,Moderate,FMS_MARITIME,2026-04-06
2022-01-27,49,HFO,41.73,13.0,312.0,24,416.4975,0.78,Calm,FMS_MARITIME,2026-04-06
2022-01-28,49,LSMGO,56.16,8.8,211.2,24,828.0409,0.91,Moderate,FMS_MARITIME,2026-04-06
2022-01-28,49,VLSFO,82.33,16.7,400.8,24,639.6597,0.53,Rough,FMS_MARITIME,2026-04-06
2022-01-28,49,VLSFO,26.17,10.3,247.2,24,329.6658,0.76,Rough,FMS_MARITIME,2026-04-06
2022-01-01,50,MGO,27.33,9.3,223.2,24,381.2976,0.84,Rough,FMS_MARITIME,2026-04-06
2022-01-02,50,MGO,47.84,13.4,321.6,24,463.2269,0.52,Moderate,FMS_MARITIME,2026-04-06
2022-01-03,50,HFO,27.75,9.8,235.2,24,367.4043,0.46,Calm,FMS_MARITIME,2026-04-06
2022-01-04,50,LSMGO,57.59,11.3,271.2,24,661.2657,0.98,Moderate,FMS_MARITIME,2026-04-06
2022-01-05,50,HFO,18.92,15.8,379.2,24,155.3715,0.89,Moderate,FMS_MARITIME,2026-04-06
2022-01-06,50,LNG,43.12,16.1,386.4,24,347.5043,0.44,Rough,FMS_MARITIME,2026-04-06
2022-01-07,50,VLSFO,43.38,15.4,369.6,24,365.4906,0.69,Moderate,FMS_MARITIME,2026-04-06
2022-01-08,50,LSMGO,42.21,9.5,228.0,24,576.4997,0.86,Calm,FMS_MARITIME,2026-04-06
2022-01-09,50,MGO,41.66,11.3,271.2,24,478.3527,0.88,Moderate,FMS_MARITIME,2026-04-06
2022-01-10,50,MGO,26.72,10.2,244.8,24,339.8941,0.85,Moderate,FMS_MARITIME,2026-04-06
2022-01-11,50,MGO,43.86,8.5,204.0,24,669.51,0.5,Rough,FMS_MARITIME,2026-04-06
2022-01-12,50,LSMGO,31.44,11.3,271.2,24,361.0035,0.73,Calm,FMS_MARITIME,2026-04-06
2022-01-13,50,HFO,83.9,9.0,216.0,24,1209.5583,0.79,Rough,FMS_MARITIME,2026-04-06
2022-01-14,50,HFO,38.55,13.5,324.0,24,370.5083,0.7,Moderate,FMS_MARITIME,2026-04-06
2022-01-15,50,MGO,63.68,13.9,333.6,24,594.423,0.79,Rough,FMS_MARITIME,2026-04-06
2022-01-16,50,LNG,80.72,14.9,357.6,24,702.9141,0.57,Moderate,FMS_MARITIME,2026-04-06
2022-01-17,50,LNG,69.7,13.5,324.0,24,669.8944,0.46,Rough,FMS_MARITIME,2026-04-06
2022-01-18,50,LSMGO,51.36,9.1,218.4,24,732.3033,0.82,Rough,FMS_MARITIME,2026-04-06
2022-01-19,50,MGO,68.2,8.9,213.6,24,994.264,0.52,Moderate,FMS_MARITIME,2026-04-06
2022-01-20,50,VLSFO,81.97,15.9,381.6,24,668.9061,0.45,Calm,FMS_MARITIME,2026-04-06
2022-01-21,50,VLSFO,33.79,10.3,247.2,24,425.6556,0.76,Calm,FMS_MARITIME,2026-04-06
2022-01-22,50,MGO,28.75,17.7,424.8,24,210.7521,0.97,Calm,FMS_MARITIME,2026-04-06
2022-01-23,50,LSMGO,39.99,12.6,302.4,24,411.8018,0.77,Rough,FMS_MARITIME,2026-04-06
2022-01-24,50,MGO,48.79,17.9,429.6,24,353.6594,0.55,Calm,FMS_MARITIME,2026-04-06
2022-01-25,50,VLSFO,24.61,12.4,297.6,24,257.5119,0.53,Moderate,FMS_MARITIME,2026-04-06
2022-01-26,50,LNG,64.93,13.3,319.2,24,633.4336,0.99,Rough,FMS_MARITIME,2026-04-06
2022-01-27,50,VLSFO,52.92,9.1,218.4,24,754.5462,0.95,Calm,FMS_MARITIME,2026-04-06
2022-01-28,50,HFO,23.19,14.2,340.8,24,211.8945,0.5,Calm,FMS_MARITIME,2026-04-06
2022-01-28,50,VLSFO,77.25,16.9,405.6,24,593.088,0.52,Calm,FMS_MARITIME,2026-04-06
2022-01-28,50,MGO,33.39,15.5,372.0,24,279.5066,0.48,Calm,FMS_MARITIME,2026-04-06
2022-01-01,51,MGO,35.05,9.5,228.0,24,478.7092,0.76,Rough,FMS_MARITIME,2026-04-06
2022-01-02,51,VLSFO,63.44,15.4,369.6,24,534.5026,0.79,Rough,FMS_MARITIME,2026-04-06
2022-01-03,51,HFO,63.53,17.6,422.4,24,468.3533,0.73,Moderate,FMS_MARITIME,2026-04-06
2022-01-04,51,MGO,32.43,10.9,261.6,24,386.036,0.59,Moderate,FMS_MARITIME,2026-04-06
2022-01-05,51,LSMGO,34.27,17.9,429.6,24,248.4096,0.74,Moderate,FMS_MARITIME,2026-04-06
2022-01-06,51,HFO,47.16,11.7,280.8,24,522.9923,0.51,Rough,FMS_MARITIME,2026-04-06
2022-01-07,51,MGO,29.6,10.5,252.0,24,365.7714,0.97,Calm,FMS_MARITIME,2026-04-06
2022-01-08,51,LNG,68.11,8.7,208.8,24,1015.7784,0.79,Rough,FMS_MARITIME,2026-04-06
2022-01-09,51,MGO,72.28,11.3,271.2,24,829.9407,0.97,Moderate,FMS_MARITIME,2026-04-06
2022-01-10,51,MGO,72.21,8.6,206.4,24,1089.4474,0.58,Calm,FMS_MARITIME,2026-04-06
2022-01-11,51,LSMGO,24.95,16.0,384.0,24,202.3289,0.58,Rough,FMS_MARITIME,2026-04-06
2022-01-12,51,MGO,81.54,9.2,220.8,24,1149.9799,0.9,Rough,FMS_MARITIME,2026-04-06
2022-01-13,51,LSMGO,77.82,8.8,211.2,24,1147.4028,0.42,Calm,FMS_MARITIME,2026-04-06
2022-01-14,51,HFO,17.87,8.0,192.0,24,289.8291,0.7,Moderate,FMS_MARITIME,2026-04-06
2022-01-15,51,VLSFO,33.05,14.2,340.8,24,301.9886,0.93,Moderate,FMS_MARITIME,2026-04-06
2022-01-16,51,VLSFO,39.79,15.6,374.4,24,330.9457,0.98,Rough,FMS_MARITIME,2026-04-06
2022-01-17,51,LSMGO,71.05,8.7,208.8,24,1059.625,0.54,Moderate,FMS_MARITIME,2026-04-06
2022-01-18,51,LNG,69.75,13.2,316.8,24,685.6108,0.61,Calm,FMS_MARITIME,2026-04-06
2022-01-19,51,MGO,20.04,17.3,415.2,24,150.3,0.61,Rough,FMS_MARITIME,2026-04-06
2022-01-20,51,VLSFO,70.74,17.3,415.2,24,530.55,0.64,Calm,FMS_MARITIME,2026-04-06
2022-01-21,51,HFO,80.14,8.3,199.2,24,1252.791,0.57,Moderate,FMS_MARITIME,2026-04-06
2022-01-22,51,HFO,37.53,8.9,213.6,24,547.1368,0.54,Calm,FMS_MARITIME,2026-04-06
2022-01-23,51,HFO,40.52,11.9,285.6,24,441.8042,0.74,Calm,FMS_MARITIME,2026-04-06
2022-01-24,51,HFO,52.55,14.7,352.8,24,463.8342,0.89,Moderate,FMS_MARITIME,2026-04-06
2022-01-25,51,LNG,39.4,14.7,352.8,24,347.7653,0.53,Rough,FMS_MARITIME,2026-04-06
2022-01-26,51,HFO,26.62,12.9,309.6,24,267.7477,0.74,Rough,FMS_MARITIME,2026-04-06
2022-01-27,51,LSMGO,83.39,14.8,355.2,24,731.0711,0.58,Calm,FMS_MARITIME,2026-04-06
2022-01-28,51,HFO,57.17,15.8,379.2,24,469.4815,0.86,Moderate,FMS_MARITIME,2026-04-06
2022-01-28,51,LNG,47.08,16.3,391.2,24,374.7626,0.5,Moderate,FMS_MARITIME,2026-04-06
2022-01-28,51,VLSFO,60.27,10.0,240.0,24,782.0032,0.45,Rough,FMS_MARITIME,2026-04-06
2022-01-01,52,MGO,40.0,15.9,381.6,24,326.4151,0.85,Moderate,FMS_MARITIME,2026-04-06
2022-01-02,52,HFO,78.3,10.4,249.6,24,976.8678,0.51,Calm,FMS_MARITIME,2026-04-06
2022-01-03,52,LSMGO,78.82,9.1,218.4,24,1123.8346,0.86,Calm,FMS_MARITIME,2026-04-06
2022-01-04,52,VLSFO,69.87,14.9,357.6,24,608.4317,0.89,Moderate,FMS_MARITIME,2026-04-06
2022-01-05,52,VLSFO,56.73,15.4,369.6,24,477.9687,0.85,Moderate,FMS_MARITIME,2026-04-06
2022-01-06,52,MGO,25.84,16.4,393.6,24,204.4354,0.91,Moderate,FMS_MARITIME,2026-04-06
2022-01-07,52,LNG,22.0,9.7,232.8,24,294.2784,0.99,Calm,FMS_MARITIME,2026-04-06
2022-01-08,52,VLSFO,25.7,16.6,398.4,24,200.878,0.62,Calm,FMS_MARITIME,2026-04-06
2022-01-09,52,VLSFO,82.24,8.8,211.2,24,1212.5727,0.48,Rough,FMS_MARITIME,2026-04-06
2022-01-10,52,HFO,28.28,12.8,307.2,24,286.6664,0.89,Rough,FMS_MARITIME,2026-04-06
2022-01-11,52,LNG,42.05,12.3,295.2,24,443.5762,0.54,Calm,FMS_MARITIME,2026-04-06
2022-01-12,52,MGO,47.83,16.3,391.2,24,380.7327,0.6,Calm,FMS_MARITIME,2026-04-06
2022-01-13,52,VLSFO,25.84,11.8,283.2,24,284.1305,0.53,Rough,FMS_MARITIME,2026-04-06
2022-01-14,52,VLSFO,75.32,11.3,271.2,24,864.8469,0.79,Calm,FMS_MARITIME,2026-04-06
2022-01-15,52,MGO,30.16,15.0,360.0,24,260.884,0.74,Moderate,FMS_MARITIME,2026-04-06
2022-01-16,52,LNG,49.28,8.4,201.6,24,761.2,0.7,Calm,FMS_MARITIME,2026-04-06
2022-01-17,52,LSMGO,40.21,14.5,348.0,24,359.8102,0.88,Calm,FMS_MARITIME,2026-04-06
2022-01-18,52,LNG,44.52,17.0,408.0,24,339.7924,0.85,Moderate,FMS_MARITIME,2026-04-06
2022-01-19,52,LNG,76.55,13.4,321.6,24,741.2211,0.84,Rough,FMS_MARITIME,2026-04-06
2022-01-20,52,MGO,32.56,17.6,422.4,24,240.0375,0.44,Rough,FMS_MARITIME,2026-04-06
2022-01-21,52,LNG,67.26,11.2,268.8,24,779.1951,0.8,Moderate,FMS_MARITIME,2026-04-06
2022-01-22,52,HFO,48.35,8.5,204.0,24,738.0485,0.46,Calm,FMS_MARITIME,2026-04-06
2022-01-23,52,LNG,63.74,13.2,316.8,24,626.5352,0.59,Moderate,FMS_MARITIME,2026-04-06
2022-01-24,52,HFO,22.92,16.7,400.8,24,178.076,0.49,Calm,FMS_MARITIME,2026-04-06
2022-01-25,52,MGO,58.39,13.1,314.4,24,578.3284,0.97,Moderate,FMS_MARITIME,2026-04-06
2022-01-26,52,VLSFO,59.44,17.7,424.8,24,435.7254,0.7,Moderate,FMS_MARITIME,2026-04-06
2022-01-27,52,HFO,38.73,15.8,379.2,24,318.0517,0.61,Calm,FMS_MARITIME,2026-04-06
2022-01-28,52,HFO,70.48,11.5,276.0,24,795.1983,0.46,Moderate,FMS_MARITIME,2026-04-06
2022-01-28,52,LNG,39.58,14.9,357.6,24,344.6648,0.45,Moderate,FMS_MARITIME,2026-04-06
2022-01-28,52,VLSFO,15.52,10.9,261.6,24,184.745,0.74,Rough,FMS_MARITIME,2026-04-06
2022-01-01,53,LNG,76.29,11.1,266.4,24,891.7682,0.93,Calm,FMS_MARITIME,2026-04-06
2022-01-02,53,VLSFO,50.81,17.7,424.8,24,372.4631,0.74,Rough,FMS_MARITIME,2026-04-06
2022-01-03,53,VLSFO,66.14,10.2,244.8,24,841.3397,0.78,Rough,FMS_MARITIME,2026-04-06
2022-01-04,53,LSMGO,18.32,11.1,266.4,24,214.1459,0.58,Rough,FMS_MARITIME,2026-04-06
2022-01-05,53,LNG,80.86,12.6,302.4,24,832.6655,0.49,Moderate,FMS_MARITIME,2026-04-06
2022-01-06,53,VLSFO,62.63,8.6,206.4,24,944.9119,0.58,Moderate,FMS_MARITIME,2026-04-06
2022-01-07,53,LNG,48.4,13.1,314.4,24,479.3817,0.81,Moderate,FMS_MARITIME,2026-04-06
2022-01-08,53,VLSFO,54.96,13.1,314.4,24,544.3557,0.49,Moderate,FMS_MARITIME,2026-04-06
2022-01-09,53,VLSFO,84.7,15.6,374.4,24,704.476,0.55,Calm,FMS_MARITIME,2026-04-06
2022-01-10,53,VLSFO,56.18,12.6,302.4,24,578.5202,0.45,Rough,FMS_MARITIME,2026-04-06
2022-01-11,53,LSMGO,47.5,8.4,201.6,24,733.7054,0.52,Calm,FMS_MARITIME,2026-04-06
2022-01-12,53,VLSFO,40.03,9.5,228.0,24,546.7255,0.84,Calm,FMS_MARITIME,2026-04-06
2022-01-13,53,VLSFO,67.2,14.2,340.8,24,614.0282,0.63,Rough,FMS_MARITIME,2026-04-06
2022-01-14,53,LNG,69.56,16.4,393.6,24,550.3299,0.52,Calm,FMS_MARITIME,2026-04-06
2022-01-15,53,LNG,25.31,9.3,223.2,24,353.1153,0.65,Calm,FMS_MARITIME,2026-04-06
2022-01-16,53,VLSFO,84.78,8.8,211.2,24,1250.0233,0.79,Calm,FMS_MARITIME,2026-04-06
2022-01-17,53,HFO,67.93,9.3,223.2,24,947.7331,0.88,Moderate,FMS_MARITIME,2026-04-06
2022-01-18,53,VLSFO,65.07,10.6,254.4,24,796.4936,0.5,Moderate,FMS_MARITIME,2026-04-06
2022-01-19,53,MGO,30.52,8.2,196.8,24,482.9232,0.82,Rough,FMS_MARITIME,2026-04-06
2022-01-20,53,LNG,60.27,16.0,384.0,24,488.752,0.9,Moderate,FMS_MARITIME,2026-04-06
2022-01-21,53,LSMGO,56.89,14.0,336.0,24,527.2484,0.94,Rough,FMS_MARITIME,2026-04-06
2022-01-22,53,HFO,34.25,12.7,304.8,24,349.9163,0.51,Rough,FMS_MARITIME,2026-04-06
2022-01-23,53,LSMGO,57.66,11.8,283.2,24,634.0157,0.79,Rough,FMS_MARITIME,2026-04-06
2022-01-24,53,LNG,82.23,8.5,204.0,24,1255.2168,0.67,Calm,FMS_MARITIME,2026-04-06
2022-01-25,53,LNG,70.52,9.6,230.4,24,953.1219,0.56,Rough,FMS_MARITIME,2026-04-06
2022-01-26,53,LSMGO,23.12,9.1,218.4,24,329.6505,0.64,Calm,FMS_MARITIME,2026-04-06
2022-01-27,53,LSMGO,72.75,12.9,309.6,24,731.7297,0.51,Moderate,FMS_MARITIME,2026-04-06
2022-01-28,53,MGO,35.94,10.1,242.4,24,461.7045,0.96,Moderate,FMS_MARITIME,2026-04-06
2022-01-28,53,LNG,21.09,16.0,384.0,24,171.0267,0.65,Calm,FMS_MARITIME,2026-04-06
2022-01-28,53,HFO,63.08,8.3,199.2,24,986.1,0.45,Calm,FMS_MARITIME,2026-04-06
2022-01-01,54,HFO,58.26,8.8,211.2,24,859.004,0.43,Moderate,FMS_MARITIME,2026-04-06
2022-01-02,54,MGO,61.45,9.3,223.2,24,857.3266,0.72,Moderate,FMS_MARITIME,2026-04-06
2022-01-03,54,HFO,20.36,8.4,201.6,24,314.4893,0.87,Calm,FMS_MARITIME,2026-04-06
2022-01-04,54,MGO,74.3,10.9,261.6,24,884.4427,0.67,Moderate,FMS_MARITIME,2026-04-06
2022-01-05,54,VLSFO,39.07,9.0,216.0,24,563.2592,0.52,Rough,FMS_MARITIME,2026-04-06
2022-01-06,54,LNG,22.05,14.1,338.4,24,202.9069,0.61,Calm,FMS_MARITIME,2026-04-06
2022-01-07,54,LNG,39.93,17.3,415.2,24,299.475,0.6,Rough,FMS_MARITIME,2026-04-06
2022-01-08,54,HFO,40.62,17.1,410.4,24,308.2132,0.4,Calm,FMS_MARITIME,2026-04-06
2022-01-09,54,LSMGO,44.46,9.8,235.2,24,588.6413,0.87,Rough,FMS_MARITIME,2026-04-06
2022-01-10,54,MGO,84.09,15.5,372.0,24,703.9147,0.43,Rough,FMS_MARITIME,2026-04-06
2022-01-11,54,HFO,35.92,17.6,422.4,24,264.808,0.75,Rough,FMS_MARITIME,2026-04-06
2022-01-12,54,VLSFO,34.9,12.7,304.8,24,356.5571,0.51,Moderate,FMS_MARITIME,2026-04-06
2022-01-13,54,HFO,68.22,13.6,326.4,24,650.8489,0.94,Rough,FMS_MARITIME,2026-04-06
2022-01-14,54,VLSFO,84.68,9.7,232.8,24,1132.7041,0.41,Moderate,FMS_MARITIME,2026-04-06
2022-01-15,54,LNG,65.76,17.2,412.8,24,496.0674,0.87,Rough,FMS_MARITIME,2026-04-06
2022-01-16,54,HFO,80.02,12.9,309.6,24,804.8523,0.77,Rough,FMS_MARITIME,2026-04-06
2022-01-17,54,VLSFO,74.65,9.3,223.2,24,1041.4879,0.7,Calm,FMS_MARITIME,2026-04-06
2022-01-18,54,LNG,50.61,11.5,276.0,24,571.0128,0.45,Calm,FMS_MARITIME,2026-04-06
2022-01-19,54,VLSFO,64.71,10.2,244.8,24,823.1493,0.63,Moderate,FMS_MARITIME,2026-04-06
2022-01-20,54,VLSFO,75.05,15.6,374.4,24,624.2139,0.88,Rough,FMS_MARITIME,2026-04-06
2022-01-21,54,LSMGO,18.84,13.3,319.2,24,183.7962,0.41,Rough,FMS_MARITIME,2026-04-06
2022-01-22,54,HFO,77.59,11.6,278.4,24,867.8709,0.55,Calm,FMS_MARITIME,2026-04-06
2022-01-23,54,HFO,53.31,14.8,355.2,24,467.363,0.65,Calm,FMS_MARITIME,2026-04-06
2022-01-24,54,HFO,39.29,8.3,199.2,24,614.2021,0.83,Moderate,FMS_MARITIME,2026-04-06
2022-01-25,54,LSMGO,21.36,8.5,204.0,24,326.0541,0.9,Calm,FMS_MARITIME,2026-04-06
2022-01-26,54,LSMGO,70.51,12.9,309.6,24,709.1994,0.59,Calm,FMS_MARITIME,2026-04-06
2022-01-27,54,VLSFO,33.45,13.6,326.4,24,319.1278,0.46,Rough,FMS_MARITIME,2026-04-06
2022-01-28,54,HFO,29.07,13.2,316.8,24,285.7449,0.49,Rough,FMS_MARITIME,2026-04-06
2022-01-28,54,MGO,54.69,10.0,240.0,24,709.6028,0.91,Rough,FMS_MARITIME,2026-04-06
2022-01-28,54,LNG,36.45,11.7,280.8,24,404.2212,0.72,Rough,FMS_MARITIME,2026-04-06
2022-01-01,55,LSMGO,34.82,14.4,345.6,24,313.7427,0.81,Rough,FMS_MARITIME,2026-04-06
2022-01-02,55,LSMGO,43.5,12.8,307.2,24,440.9473,0.87,Calm,FMS_MARITIME,2026-04-06
2022-01-03,55,MGO,19.34,8.8,211.2,24,285.1551,0.54,Moderate,FMS_MARITIME,2026-04-06
2022-01-04,55,LNG,62.78,13.1,314.4,24,621.8095,0.42,Rough,FMS_MARITIME,2026-04-06
2022-01-05,55,MGO,56.29,10.6,254.4,24,689.0215,0.66,Moderate,FMS_MARITIME,2026-04-06
2022-01-06,55,LSMGO,22.86,14.6,350.4,24,203.1565,0.71,Rough,FMS_MARITIME,2026-04-06
2022-01-07,55,HFO,15.45,13.6,326.4,24,147.3998,0.94,Rough,FMS_MARITIME,2026-04-06
2022-01-08,55,LSMGO,40.73,13.2,316.8,24,400.3574,0.76,Moderate,FMS_MARITIME,2026-04-06
2022-01-09,55,MGO,15.13,15.4,369.6,24,127.4752,0.56,Rough,FMS_MARITIME,2026-04-06
2022-01-10,55,LSMGO,32.14,17.5,420.0,24,238.2951,0.93,Calm,FMS_MARITIME,2026-04-06
2022-01-11,55,MGO,33.43,9.2,220.8,24,471.472,0.45,Calm,FMS_MARITIME,2026-04-06
2022-01-12,55,LSMGO,78.08,14.0,336.0,24,723.6343,0.96,Moderate,FMS_MARITIME,2026-04-06
2022-01-13,55,VLSFO,21.53,12.2,292.8,24,228.9768,0.74,Calm,FMS_MARITIME,2026-04-06
2022-01-14,55,MGO,77.29,10.5,252.0,24,955.0836,0.66,Rough,FMS_MARITIME,2026-04-06
2022-01-15,55,LSMGO,43.35,8.0,192.0,24,703.0828,0.94,Rough,FMS_MARITIME,2026-04-06
2022-01-16,55,MGO,56.29,16.0,384.0,24,456.4767,0.58,Rough,FMS_MARITIME,2026-04-06
2022-01-17,55,LNG,54.46,16.2,388.8,24,436.1843,0.91,Calm,FMS_MARITIME,2026-04-06
2022-01-18,55,MGO,37.63,14.2,340.8,24,343.8375,0.88,Moderate,FMS_MARITIME,2026-04-06
2022-01-19,55,MGO,41.79,12.7,304.8,24,426.949,0.72,Moderate,FMS_MARITIME,2026-04-06
2022-01-20,55,MGO,59.21,14.1,338.4,24,544.858,0.73,Rough,FMS_MARITIME,2026-04-06
2022-01-21,55,HFO,82.16,11.9,285.6,24,895.8202,1.0,Rough,FMS_MARITIME,2026-04-06
2022-01-22,55,LSMGO,75.15,11.1,266.4,24,878.4426,0.64,Calm,FMS_MARITIME,2026-04-06
2022-01-23,55,HFO,36.27,10.7,256.8,24,439.8161,0.85,Calm,FMS_MARITIME,2026-04-06
2022-01-24,55,LNG,68.92,16.8,403.2,24,532.2839,0.44,Moderate,FMS_MARITIME,2026-04-06
2022-01-25,55,MGO,65.52,9.1,218.4,24,934.2,0.63,Rough,FMS_MARITIME,2026-04-06
2022-01-26,55,MGO,23.58,14.5,348.0,24,211.0003,0.56,Rough,FMS_MARITIME,2026-04-06
2022-01-27,55,LNG,65.2,12.9,309.6,24,655.7907,0.45,Calm,FMS_MARITIME,2026-04-06
2022-01-28,55,LSMGO,22.13,17.0,408.0,24,168.904,0.88,Moderate,FMS_MARITIME,2026-04-06
2022-01-28,55,LNG,39.57,13.2,316.8,24,388.9551,0.72,Moderate,FMS_MARITIME,2026-04-06
2022-01-28,55,VLSFO,20.8,8.7,208.8,24,310.2069,0.98,Moderate,FMS_MARITIME,2026-04-06
2022-01-01,56,LSMGO,19.22,16.3,391.2,24,152.9936,0.56,Rough,FMS_MARITIME,2026-04-06
2022-01-02,56,HFO,82.48,15.2,364.8,24,704.0645,0.56,Rough,FMS_MARITIME,2026-04-06
2022-01-03,56,LSMGO,34.78,17.6,422.4,24,256.4037,0.59,Calm,FMS_MARITIME,2026-04-06
2022-01-04,56,MGO,64.1,11.9,285.6,24,698.9055,0.55,Moderate,FMS_MARITIME,2026-04-06
2022-01-05,56,LNG,44.9,8.4,201.6,24,693.5446,0.84,Moderate,FMS_MARITIME,2026-04-06
2022-01-06,56,LSMGO,28.24,13.9,333.6,24,263.6072,0.48,Rough,FMS_MARITIME,2026-04-06
2022-01-07,56,HFO,36.0,14.1,338.4,24,331.2766,0.6,Calm,FMS_MARITIME,2026-04-06
2022-01-08,56,LSMGO,56.92,13.8,331.2,24,535.1717,0.48,Calm,FMS_MARITIME,2026-04-06
2022-01-09,56,LNG,57.89,8.9,213.6,24,843.9581,0.77,Rough,FMS_MARITIME,2026-04-06
2022-01-10,56,LSMGO,26.62,17.8,427.2,24,194.0419,0.44,Rough,FMS_MARITIME,2026-04-06
2022-01-11,56,HFO,46.5,16.0,384.0,24,377.0859,0.5,Moderate,FMS_MARITIME,2026-04-06
2022-01-12,56,VLSFO,70.44,16.3,391.2,24,560.711,0.86,Rough,FMS_MARITIME,2026-04-06
2022-01-13,56,MGO,16.48,18.0,432.0,24,118.7933,0.55,Rough,FMS_MARITIME,2026-04-06
2022-01-14,56,LNG,37.02,15.8,379.2,24,304.0092,0.63,Calm,FMS_MARITIME,2026-04-06
2022-01-15,56,LNG,47.34,13.8,331.2,24,445.0989,0.46,Moderate,FMS_MARITIME,2026-04-06
2022-01-16,56,HFO,31.23,15.2,364.8,24,266.585,0.84,Moderate,FMS_MARITIME,2026-04-06
2022-01-17,56,VLSFO,82.91,11.8,283.2,24,911.6587,0.57,Calm,FMS_MARITIME,2026-04-06
2022-01-18,56,HFO,47.01,8.2,196.8,24,743.8473,0.79,Rough,FMS_MARITIME,2026-04-06
2022-01-19,56,HFO,46.85,9.6,230.4,24,633.207,0.41,Calm,FMS_MARITIME,2026-04-06
2022-01-20,56,HFO,73.75,12.3,295.2,24,777.9726,0.56,Moderate,FMS_MARITIME,2026-04-06
2022-01-21,56,LNG,17.27,11.8,283.2,24,189.8968,0.77,Moderate,FMS_MARITIME,2026-04-06
2022-01-22,56,MGO,46.55,12.8,307.2,24,471.8643,0.8,Rough,FMS_MARITIME,2026-04-06
2022-01-23,56,LNG,43.05,12.5,300.0,24,446.859,0.98,Calm,FMS_MARITIME,2026-04-06
2022-01-24,56,LSMGO,20.86,14.2,340.8,24,190.6046,0.91,Rough,FMS_MARITIME,2026-04-06
2022-01-25,56,LNG,76.25,8.8,211.2,24,1124.2543,0.42,Moderate,FMS_MARITIME,2026-04-06
2022-01-26,56,VLSFO,37.62,13.9,333.6,24,351.1651,0.66,Rough,FMS_MARITIME,2026-04-06
2022-01-27,56,HFO,21.48,9.8,235.2,24,284.3908,0.71,Moderate,FMS_MARITIME,2026-04-06
2022-01-28,56,HFO,56.33,10.0,240.0,24,730.8818,0.43,Rough,FMS_MARITIME,2026-04-06
2022-01-28,56,MGO,44.92,16.3,391.2,24,357.5687,0.63,Moderate,FMS_MARITIME,2026-04-06
2022-01-28,56,MGO,40.1,8.5,204.0,24,612.1147,0.96,Rough,FMS_MARITIME,2026-04-06
2022-01-01,57,MGO,34.47,8.5,204.0,24,526.1744,0.89,Rough,FMS_MARITIME,2026-04-06
2022-01-02,57,MGO,39.48,12.1,290.4,24,423.3496,0.73,Moderate,FMS_MARITIME,2026-04-06
2022-01-03,57,LNG,25.79,10.6,254.4,24,315.6842,0.71,Calm,FMS_MARITIME,2026-04-06
2022-01-04,57,LNG,44.43,13.4,321.6,24,430.2084,0.94,Rough,FMS_MARITIME,2026-04-06
2022-01-05,57,LNG,49.26,16.8,403.2,24,380.4455,0.59,Calm,FMS_MARITIME,2026-04-06
2022-01-06,57,MGO,17.78,8.8,211.2,24,262.154,0.69,Rough,FMS_MARITIME,2026-04-06
2022-01-07,57,VLSFO,39.93,10.7,256.8,24,484.1979,0.85,Calm,FMS_MARITIME,2026-04-06
2022-01-08,57,MGO,57.47,10.2,244.8,24,731.0522,0.5,Rough,FMS_MARITIME,2026-04-06
2022-01-09,57,LNG,47.43,15.7,376.8,24,391.9772,0.92,Moderate,FMS_MARITIME,2026-04-06
2022-01-10,57,MGO,20.91,10.0,240.0,24,271.3072,0.56,Calm,FMS_MARITIME,2026-04-06
2022-01-11,57,VLSFO,61.69,14.4,345.6,24,555.8526,0.74,Calm,FMS_MARITIME,2026-04-06
2022-01-12,57,LNG,72.43,16.1,386.4,24,583.7138,0.49,Moderate,FMS_MARITIME,2026-04-06
2022-01-13,57,VLSFO,73.56,12.5,300.0,24,763.5528,0.44,Moderate,FMS_MARITIME,2026-04-06
2022-01-14,57,LSMGO,25.69,11.5,276.0,24,289.8502,0.97,Calm,FMS_MARITIME,2026-04-06
2022-01-15,57,LSMGO,64.49,15.6,374.4,24,536.3832,0.67,Moderate,FMS_MARITIME,2026-04-06
2022-01-16,57,HFO,26.72,11.1,266.4,24,312.3351,0.43,Rough,FMS_MARITIME,2026-04-06
2022-01-17,57,VLSFO,53.74,16.9,405.6,24,412.5896,0.61,Calm,FMS_MARITIME,2026-04-06
2022-01-18,57,LNG,73.78,8.2,196.8,24,1167.4335,0.59,Rough,FMS_MARITIME,2026-04-06
2022-01-19,57,HFO,21.95,12.3,295.2,24,231.5457,0.67,Rough,FMS_MARITIME,2026-04-06
2022-01-20,57,MGO,42.88,13.9,333.6,24,400.2647,0.45,Calm,FMS_MARITIME,2026-04-06
2022-01-21,57,MGO,28.47,10.1,242.4,24,365.7408,0.89,Moderate,FMS_MARITIME,2026-04-06
2022-01-22,57,VLSFO,82.6,11.2,268.8,24,956.9062,0.46,Moderate,FMS_MARITIME,2026-04-06
2022-01-23,57,MGO,16.55,16.7,400.8,24,128.5846,0.49,Rough,FMS_MARITIME,2026-04-06
2022-01-24,57,LSMGO,46.16,10.8,259.2,24,554.5611,0.81,Moderate,FMS_MARITIME,2026-04-06
2022-01-25,57,LSMGO,73.33,12.7,304.8,24,749.1785,0.45,Rough,FMS_MARITIME,2026-04-06
2022-01-26,57,HFO,52.82,16.6,398.4,24,412.8551,0.88,Calm,FMS_MARITIME,2026-04-06
2022-01-27,57,LNG,45.41,15.7,376.8,24,375.2833,0.82,Rough,FMS_MARITIME,2026-04-06
2022-01-28,57,MGO,47.74,15.7,376.8,24,394.5392,0.91,Rough,FMS_MARITIME,2026-04-06
2022-01-28,57,HFO,75.96,10.1,242.4,24,975.8228,0.71,Moderate,FMS_MARITIME,2026-04-06
2022-01-28,57,HFO,33.76,16.7,400.8,24,262.297,0.43,Rough,FMS_MARITIME,2026-04-06
2022-01-01,58,LNG,71.12,8.6,206.4,24,1073.0023,0.47,Moderate,FMS_MARITIME,2026-04-06
2022-01-02,58,VLSFO,33.07,8.9,213.6,24,482.116,0.52,Moderate,FMS_MARITIME,2026-04-06
2022-01-03,58,LSMGO,31.54,15.0,360.0,24,272.821,0.98,Calm,FMS_MARITIME,2026-04-06
2022-01-04,58,MGO,66.48,8.2,196.8,24,1051.9244,0.46,Rough,FMS_MARITIME,2026-04-06
2022-01-05,58,LNG,79.49,12.9,309.6,24,799.5215,0.75,Calm,FMS_MARITIME,2026-04-06
2022-01-06,58,LNG,78.56,17.7,424.8,24,575.8847,0.89,Rough,FMS_MARITIME,2026-04-06
2022-01-07,58,LNG,25.24,14.2,340.8,24,230.6261,0.92,Rough,FMS_MARITIME,2026-04-06
2022-01-08,58,VLSFO,71.85,9.6,230.4,24,971.0977,0.6,Rough,FMS_MARITIME,2026-04-06
2022-01-09,58,LSMGO,46.49,17.8,427.2,24,338.8808,0.83,Rough,FMS_MARITIME,2026-04-06
2022-01-10,58,LNG,64.61,13.8,331.2,24,607.4745,0.64,Moderate,FMS_MARITIME,2026-04-06
2022-01-11,58,LSMGO,15.9,16.2,388.8,24,127.3472,0.74,Rough,FMS_MARITIME,2026-04-06
2022-01-12,58,MGO,21.6,8.3,199.2,24,337.6627,0.53,Rough,FMS_MARITIME,2026-04-06
2022-01-13,58,LSMGO,67.81,9.2,220.8,24,956.3421,0.58,Rough,FMS_MARITIME,2026-04-06
2022-01-14,58,LNG,47.36,8.7,208.8,24,706.3172,0.96,Rough,FMS_MARITIME,2026-04-06
2022-01-15,58,MGO,39.61,9.2,220.8,24,558.6302,0.41,Calm,FMS_MARITIME,2026-04-06
2022-01-16,58,MGO,77.74,9.9,237.6,24,1018.8652,0.83,Calm,FMS_MARITIME,2026-04-06
2022-01-17,58,MGO,76.24,8.1,194.4,24,1221.2519,0.86,Moderate,FMS_MARITIME,2026-04-06
2022-01-18,58,VLSFO,69.92,16.3,391.2,24,556.5718,0.95,Rough,FMS_MARITIME,2026-04-06
2022-01-19,58,LNG,77.44,17.4,417.6,24,577.4621,0.83,Rough,FMS_MARITIME,2026-04-06
2022-01-20,58,MGO,28.98,15.0,360.0,24,250.677,0.5,Rough,FMS_MARITIME,2026-04-06
2022-01-21,58,MGO,59.93,16.4,393.6,24,474.1413,0.62,Calm,FMS_MARITIME,2026-04-06
2022-01-22,58,LSMGO,18.55,12.2,292.8,24,197.2838,0.51,Calm,FMS_MARITIME,2026-04-06
2022-01-23,58,HFO,62.2,15.9,381.6,24,507.5755,0.83,Calm,FMS_MARITIME,2026-04-06
2022-01-24,58,MGO,74.53,12.0,288.0,24,805.8556,0.81,Calm,FMS_MARITIME,2026-04-06
2022-01-25,58,VLSFO,17.1,17.2,412.8,24,128.9956,0.54,Moderate,FMS_MARITIME,2026-04-06
2022-01-26,58,LNG,25.13,9.5,228.0,24,343.2229,0.99,Moderate,FMS_MARITIME,2026-04-06
2022-01-27,58,HFO,33.54,16.6,398.4,24,262.1575,0.53,Rough,FMS_MARITIME,2026-04-06
2022-01-28,58,LNG,34.05,8.7,208.8,24,507.8147,0.53,Moderate,FMS_MARITIME,2026-04-06
2022-01-28,58,LNG,82.88,12.9,309.6,24,833.6186,0.59,Calm,FMS_MARITIME,2026-04-06
2022-01-28,58,LNG,52.01,16.7,400.8,24,404.0897,0.72,Rough,FMS_MARITIME,2026-04-06
2022-01-01,59,LNG,69.61,11.6,278.4,24,778.6119,0.62,Moderate,FMS_MARITIME,2026-04-06
2022-01-02,59,LSMGO,81.91,9.4,225.6,24,1130.6194,0.68,Rough,FMS_MARITIME,2026-04-06
2022-01-03,59,LSMGO,69.32,14.9,357.6,24,603.6423,0.83,Moderate,FMS_MARITIME,2026-04-06
2022-01-04,59,LSMGO,16.57,14.2,340.8,24,151.4055,0.44,Calm,FMS_MARITIME,2026-04-06
2022-01-05,59,MGO,39.62,16.4,393.6,24,313.457,0.55,Moderate,FMS_MARITIME,2026-04-06
2022-01-06,59,LNG,22.28,17.1,410.4,24,169.0544,0.53,Moderate,FMS_MARITIME,2026-04-06
2022-01-07,59,MGO,76.48,9.1,218.4,24,1090.4703,0.84,Moderate,FMS_MARITIME,2026-04-06
2022-01-08,59,LNG,59.23,13.3,319.2,24,577.8265,0.57,Rough,FMS_MARITIME,2026-04-06
2022-01-09,59,LSMGO,67.94,16.4,393.6,24,537.5131,0.81,Rough,FMS_MARITIME,2026-04-06
2022-01-10,59,LSMGO,54.88,12.0,288.0,24,593.39,0.75,Calm,FMS_MARITIME,2026-04-06
2022-01-11,59,HFO,25.22,11.4,273.6,24,287.0434,0.5,Moderate,FMS_MARITIME,2026-04-06
2022-01-12,59,MGO,26.57,16.8,403.2,24,205.2058,0.72,Moderate,FMS_MARITIME,2026-04-06
2022-01-13,59,LSMGO,58.86,16.4,393.6,24,465.6759,0.73,Moderate,FMS_MARITIME,2026-04-06
2022-01-14,59,LNG,74.46,18.0,432.0,24,536.7325,0.5,Moderate,FMS_MARITIME,2026-04-06
2022-01-15,59,LNG,78.95,12.3,295.2,24,832.8262,0.86,Calm,FMS_MARITIME,2026-04-06
2022-01-16,59,VLSFO,76.51,11.4,273.6,24,870.8046,0.78,Calm,FMS_MARITIME,2026-04-06
2022-01-17,59,HFO,52.78,15.2,364.8,24,450.5398,0.68,Calm,FMS_MARITIME,2026-04-06
2022-01-18,59,MGO,24.82,9.1,218.4,24,353.8896,0.58,Moderate,FMS_MARITIME,2026-04-06
2022-01-19,59,HFO,17.06,14.1,338.4,24,156.9883,0.64,Rough,FMS_MARITIME,2026-04-06
2022-01-20,59,MGO,72.04,13.6,326.4,24,687.2934,0.63,Moderate,FMS_MARITIME,2026-04-06
2022-01-21,59,HFO,50.78,8.9,213.6,24,740.3039,0.49,Calm,FMS_MARITIME,2026-04-06
2022-01-22,59,VLSFO,36.86,12.5,300.0,24,382.6068,0.45,Moderate,FMS_MARITIME,2026-04-06
2022-01-23,59,VLSFO,63.01,16.3,391.2,24,501.5673,0.67,Calm,FMS_MARITIME,2026-04-06
2022-01-24,59,MGO,33.64,16.2,388.8,24,269.4315,0.82,Moderate,FMS_MARITIME,2026-04-06
2022-01-25,59,LSMGO,55.95,17.6,422.4,24,412.4723,0.92,Calm,FMS_MARITIME,2026-04-06
2022-01-26,59,MGO,64.16,14.9,357.6,24,558.7087,0.92,Moderate,FMS_MARITIME,2026-04-06
2022-01-27,59,VLSFO,84.87,13.5,324.0,24,815.695,0.72,Moderate,FMS_MARITIME,2026-04-06
2022-01-28,59,VLSFO,15.89,12.4,297.6,24,166.2683,0.54,Moderate,FMS_MARITIME,2026-04-06
2022-01-28,59,LSMGO,17.93,15.6,374.4,24,149.1293,0.45,Moderate,FMS_MARITIME,2026-04-06
2022-01-28,59,LNG,67.87,10.7,256.8,24,823.003,0.59,Moderate,FMS_MARITIME,2026-04-06
2022-01-01,60,LSMGO,59.33,12.3,295.2,24,625.8591,0.96,Moderate,FMS_MARITIME,2026-04-06
2022-01-02,60,MGO,33.28,13.6,326.4,24,317.5059,0.44,Calm,FMS_MARITIME,2026-04-06
2022-01-03,60,HFO,74.16,12.4,297.6,24,775.9887,0.75,Rough,FMS_MARITIME,2026-04-06
2022-01-04,60,HFO,47.37,16.3,391.2,24,377.071,0.99,Calm,FMS_MARITIME,2026-04-06
2022-01-05,60,MGO,84.04,15.2,364.8,24,717.3809,0.7,Rough,FMS_MARITIME,2026-04-06
2022-01-06,60,LSMGO,33.18,9.2,220.8,24,467.9462,0.53,Calm,FMS_MARITIME,2026-04-06
2022-01-07,60,LNG,56.17,15.5,372.0,24,470.1973,0.9,Rough,FMS_MARITIME,2026-04-06
2022-01-08,60,HFO,48.53,11.9,285.6,24,529.1401,0.83,Moderate,FMS_MARITIME,2026-04-06
2022-01-09,60,LSMGO,80.43,11.9,285.6,24,876.9574,0.52,Rough,FMS_MARITIME,2026-04-06
2022-01-10,60,VLSFO,15.35,15.3,367.2,24,130.174,0.45,Moderate,FMS_MARITIME,2026-04-06
2022-01-11,60,LSMGO,45.8,8.1,194.4,24,733.6481,0.66,Moderate,FMS_MARITIME,2026-04-06
2022-01-12,60,VLSFO,32.23,17.9,429.6,24,233.6225,0.89,Rough,FMS_MARITIME,2026-04-06
2022-01-13,60,LSMGO,46.39,18.0,432.0,24,334.3946,0.45,Calm,FMS_MARITIME,2026-04-06
2022-01-14,60,LNG,46.89,13.7,328.8,24,444.0859,0.86,Moderate,FMS_MARITIME,2026-04-06
2022-01-15,60,MGO,44.68,12.1,290.4,24,479.1099,0.73,Calm,FMS_MARITIME,2026-04-06
2022-01-16,60,MGO,30.28,13.5,324.0,24,291.0244,0.67,Moderate,FMS_MARITIME,2026-04-06
2022-01-17,60,LNG,44.67,11.9,285.6,24,487.0532,0.9,Calm,FMS_MARITIME,2026-04-06
2022-01-18,60,LSMGO,32.92,11.9,285.6,24,358.9387,0.8,Moderate,FMS_MARITIME,2026-04-06
2022-01-19,60,HFO,31.9,12.3,295.2,24,336.5061,0.9,Moderate,FMS_MARITIME,2026-04-06
2022-01-20,60,LNG,60.22,11.5,276.0,24,679.4387,0.42,Rough,FMS_MARITIME,2026-04-06
2022-01-21,60,LNG,62.2,10.5,252.0,24,768.6143,0.45,Rough,FMS_MARITIME,2026-04-06
2022-01-22,60,MGO,23.58,15.4,369.6,24,198.6692,0.59,Moderate,FMS_MARITIME,2026-04-06
2022-01-23,60,LNG,26.08,14.5,348.0,24,233.371,0.94,Calm,FMS_MARITIME,2026-04-06
2022-01-24,60,LNG,58.48,8.2,196.8,24,925.339,0.47,Rough,FMS_MARITIME,2026-04-06
2022-01-25,60,LSMGO,26.61,15.8,379.2,24,218.522,0.93,Moderate,FMS_MARITIME,2026-04-06
2022-01-26,60,MGO,42.29,8.0,192.0,24,685.8909,0.75,Rough,FMS_MARITIME,2026-04-06
2022-01-27,60,LSMGO,76.2,13.5,324.0,24,732.3667,0.83,Moderate,FMS_MARITIME,2026-04-06
2022-01-28,60,LNG,30.97,15.9,381.6,24,252.7269,0.53,Rough,FMS_MARITIME,2026-04-06
2022-01-28,60,LNG,53.33,16.7,400.8,24,414.3454,0.61,Moderate,FMS_MARITIME,2026-04-06
2022-01-28,60,MGO,54.18,15.3,367.2,24,459.4676,0.92,Moderate,FMS_MARITIME,2026-04-06
2022-01-01,61,LSMGO,78.59,11.5,276.0,24,886.7002,0.56,Rough,FMS_MARITIME,2026-04-06
2022-01-02,61,LSMGO,39.68,9.7,232.8,24,530.7711,0.84,Calm,FMS_MARITIME,2026-04-06
2022-01-03,61,LNG,46.23,10.7,256.8,24,560.5928,0.54,Moderate,FMS_MARITIME,2026-04-06
2022-01-04,61,LSMGO,65.37,16.3,391.2,24,520.3532,0.69,Calm,FMS_MARITIME,2026-04-06
2022-01-05,61,HFO,63.74,13.8,331.2,24,599.2946,0.44,Rough,FMS_MARITIME,2026-04-06
2022-01-06,61,LNG,72.91,10.4,249.6,24,909.6224,0.49,Moderate,FMS_MARITIME,2026-04-06
2022-01-07,61,HFO,54.98,14.6,350.4,24,488.6065,0.53,Rough,FMS_MARITIME,2026-04-06
2022-01-08,61,LSMGO,38.42,8.1,194.4,24,615.4315,0.49,Rough,FMS_MARITIME,2026-04-06
2022-01-09,61,HFO,37.31,14.3,343.2,24,338.5295,0.51,Rough,FMS_MARITIME,2026-04-06
2022-01-10,61,VLSFO,30.34,17.6,422.4,24,223.6713,0.45,Moderate,FMS_MARITIME,2026-04-06
2022-01-11,61,VLSFO,57.05,15.2,364.8,24,486.9893,0.62,Moderate,FMS_MARITIME,2026-04-06
2022-01-12,61,LSMGO,17.93,12.4,297.6,24,187.6143,0.47,Moderate,FMS_MARITIME,2026-04-06
2022-01-13,61,LNG,29.44,11.0,264.0,24,347.2582,0.81,Moderate,FMS_MARITIME,2026-04-06
2022-01-14,61,MGO,26.7,8.1,194.4,24,427.6944,0.78,Calm,FMS_MARITIME,2026-04-06
2022-01-15,61,HFO,50.79,10.3,247.2,24,639.8061,0.63,Moderate,FMS_MARITIME,2026-04-06
2022-01-16,61,HFO,18.89,11.9,285.6,24,205.9645,0.78,Moderate,FMS_MARITIME,2026-04-06
2022-01-17,61,MGO,54.75,8.9,213.6,24,798.1812,0.81,Calm,FMS_MARITIME,2026-04-06
2022-01-18,61,LSMGO,21.17,16.5,396.0,24,166.4732,0.52,Rough,FMS_MARITIME,2026-04-06
2022-01-19,61,MGO,36.48,17.1,410.4,24,276.8,0.96,Moderate,FMS_MARITIME,2026-04-06
2022-01-20,61,LSMGO,18.21,16.2,388.8,24,145.8486,0.75,Moderate,FMS_MARITIME,2026-04-06
2022-01-21,61,VLSFO,37.79,11.5,276.0,24,426.3698,0.81,Calm,FMS_MARITIME,2026-04-06
2022-01-22,61,VLSFO,20.25,10.5,252.0,24,250.2321,0.93,Rough,FMS_MARITIME,2026-04-06
2022-01-23,61,MGO,69.35,8.7,208.8,24,1034.2716,0.49,Calm,FMS_MARITIME,2026-04-06
2022-01-24,61,VLSFO,32.03,9.4,225.6,24,442.1162,0.76,Calm,FMS_MARITIME,2026-04-06
2022-01-25,61,LNG,57.36,11.8,283.2,24,630.7169,0.93,Rough,FMS_MARITIME,2026-04-06
2022-01-26,61,LSMGO,71.02,11.6,278.4,24,794.3832,0.82,Moderate,FMS_MARITIME,2026-04-06
2022-01-27,61,VLSFO,73.72,8.1,194.4,24,1180.8852,0.86,Calm,FMS_MARITIME,2026-04-06
2022-01-28,61,VLSFO,76.08,16.7,400.8,24,591.1006,0.87,Calm,FMS_MARITIME,2026-04-06
2022-01-28,61,VLSFO,82.91,14.3,343.2,24,752.2778,0.44,Rough,FMS_MARITIME,2026-04-06
2022-01-28,61,LSMGO,38.31,11.2,268.8,24,443.8145,0.99,Calm,FMS_MARITIME,2026-04-06
2022-01-01,62,LNG,79.25,17.3,415.2,24,594.375,0.82,Calm,FMS_MARITIME,2026-04-06
2022-01-02,62,LSMGO,20.09,12.4,297.6,24,210.2159,0.75,Calm,FMS_MARITIME,2026-04-06
2022-01-03,62,VLSFO,44.58,17.9,429.6,24,323.1427,0.6,Moderate,FMS_MARITIME,2026-04-06
2022-01-04,62,MGO,57.8,11.7,280.8,24,640.9872,0.54,Moderate,FMS_MARITIME,2026-04-06
2022-01-05,62,LSMGO,43.62,16.6,398.4,24,340.9455,0.96,Calm,FMS_MARITIME,2026-04-06
2022-01-06,62,MGO,70.54,10.7,256.8,24,855.3799,0.63,Rough,FMS_MARITIME,2026-04-06
2022-01-07,62,LNG,73.63,16.9,405.6,24,565.2954,0.46,Calm,FMS_MARITIME,2026-04-06
2022-01-08,62,MGO,45.44,13.4,321.6,24,439.9881,0.79,Rough,FMS_MARITIME,2026-04-06
2022-01-09,62,LSMGO,15.89,17.9,429.6,24,115.1803,0.93,Rough,FMS_MARITIME,2026-04-06
2022-01-10,62,VLSFO,43.94,13.5,324.0,24,422.3122,0.83,Moderate,FMS_MARITIME,2026-04-06
2022-01-11,62,VLSFO,60.58,11.1,266.4,24,708.1311,0.52,Moderate,FMS_MARITIME,2026-04-06
2022-01-12,62,HFO,72.69,14.5,348.0,24,650.4502,0.93,Calm,FMS_MARITIME,2026-04-06
2022-01-13,62,HFO,32.74,17.6,422.4,24,241.3645,0.54,Calm,FMS_MARITIME,2026-04-06
2022-01-14,62,LSMGO,33.3,13.1,314.4,24,329.8225,0.47,Moderate,FMS_MARITIME,2026-04-06
2022-01-15,62,HFO,39.18,9.6,230.4,24,529.5422,0.75,Moderate,FMS_MARITIME,2026-04-06
2022-01-16,62,HFO,52.01,11.6,278.4,24,581.7498,0.68,Moderate,FMS_MARITIME,2026-04-06
2022-01-17,62,MGO,22.75,12.1,290.4,24,243.9514,0.66,Rough,FMS_MARITIME,2026-04-06
2022-01-18,62,LSMGO,80.89,10.9,261.6,24,962.8878,0.74,Moderate,FMS_MARITIME,2026-04-06
2022-01-19,62,LSMGO,19.8,17.3,415.2,24,148.5,0.99,Moderate,FMS_MARITIME,2026-04-06
2022-01-20,62,HFO,68.14,13.9,333.6,24,636.055,0.6,Rough,FMS_MARITIME,2026-04-06
2022-01-21,62,MGO,25.38,13.7,328.8,24,240.369,0.65,Moderate,FMS_MARITIME,2026-04-06
2022-01-22,62,LNG,79.48,14.3,343.2,24,721.1559,0.46,Moderate,FMS_MARITIME,2026-04-06
2022-01-23,62,MGO,48.82,8.8,211.2,24,719.8176,0.99,Moderate,FMS_MARITIME,2026-04-06
2022-01-24,62,HFO,43.14,15.5,372.0,24,361.1235,0.42,Moderate,FMS_MARITIME,2026-04-06
2022-01-25,62,MGO,43.93,10.6,254.4,24,537.7281,0.88,Moderate,FMS_MARITIME,2026-04-06
2022-01-26,62,HFO,60.36,10.7,256.8,24,731.9355,0.78,Moderate,FMS_MARITIME,2026-04-06
2022-01-27,62,HFO,21.8,10.7,256.8,24,264.3505,0.98,Rough,FMS_MARITIME,2026-04-06
2022-01-28,62,MGO,19.39,13.8,331.2,24,182.3082,0.91,Moderate,FMS_MARITIME,2026-04-06
2022-01-28,62,HFO,18.79,17.9,429.6,24,136.2013,0.85,Calm,FMS_MARITIME,2026-04-06
2022-01-28,62,MGO,52.34,15.3,367.2,24,443.8637,0.87,Rough,FMS_MARITIME,2026-04-06
2022-01-01,63,HFO,74.59,12.3,295.2,24,786.8335,0.9,Calm,FMS_MARITIME,2026-04-06
2022-01-02,63,LSMGO,24.68,14.5,348.0,24,220.8434,0.56,Moderate,FMS_MARITIME,2026-04-06
2022-01-03,63,MGO,30.82,15.4,369.6,24,259.6685,0.41,Rough,FMS_MARITIME,2026-04-06
2022-01-04,63,LSMGO,30.55,15.5,372.0,24,255.7331,0.88,Moderate,FMS_MARITIME,2026-04-06
2022-01-05,63,MGO,80.65,10.2,244.8,24,1025.9154,0.53,Calm,FMS_MARITIME,2026-04-06
2022-01-06,63,HFO,63.12,16.3,391.2,24,502.4429,0.46,Rough,FMS_MARITIME,2026-04-06
2022-01-07,63,MGO,71.99,9.3,223.2,24,1004.3766,0.94,Moderate,FMS_MARITIME,2026-04-06
2022-01-08,63,LNG,64.09,13.9,333.6,24,598.2502,0.87,Calm,FMS_MARITIME,2026-04-06
2022-01-09,63,LNG,65.34,14.0,336.0,24,605.5618,0.93,Rough,FMS_MARITIME,2026-04-06
2022-01-10,63,HFO,18.81,8.0,192.0,24,305.0747,0.54,Rough,FMS_MARITIME,2026-04-06
2022-01-11,63,LNG,73.62,16.0,384.0,24,597.0122,0.46,Calm,FMS_MARITIME,2026-04-06
2022-01-12,63,MGO,24.57,11.2,268.8,24,284.6391,0.93,Rough,FMS_MARITIME,2026-04-06
2022-01-13,63,MGO,34.45,15.5,372.0,24,288.3798,0.91,Calm,FMS_MARITIME,2026-04-06
2022-01-14,63,HFO,69.44,11.7,280.8,24,770.0718,0.6,Rough,FMS_MARITIME,2026-04-06
2022-01-15,63,HFO,36.68,14.1,338.4,24,337.534,0.78,Calm,FMS_MARITIME,2026-04-06
2022-01-16,63,VLSFO,66.26,17.3,415.2,24,496.95,0.79,Moderate,FMS_MARITIME,2026-04-06
2022-01-17,63,HFO,44.0,8.1,194.4,24,704.8148,0.68,Calm,FMS_MARITIME,2026-04-06
2022-01-18,63,LNG,77.19,14.0,336.0,24,715.3859,0.44,Rough,FMS_MARITIME,2026-04-06
2022-01-19,63,HFO,23.12,16.4,393.6,24,182.9159,0.6,Rough,FMS_MARITIME,2026-04-06
2022-01-20,63,VLSFO,60.58,10.0,240.0,24,786.0255,0.64,Rough,FMS_MARITIME,2026-04-06
2022-01-21,63,HFO,61.82,13.1,314.4,24,612.3011,0.85,Rough,FMS_MARITIME,2026-04-06
2022-01-22,63,VLSFO,75.08,9.4,225.6,24,1036.3436,0.44,Calm,FMS_MARITIME,2026-04-06
2022-01-23,63,HFO,72.87,9.8,235.2,24,964.7839,0.89,Calm,FMS_MARITIME,2026-04-06
2022-01-24,63,MGO,45.98,8.6,206.4,24,693.7099,0.74,Calm,FMS_MARITIME,2026-04-06
2022-01-25,63,VLSFO,30.95,13.7,328.8,24,293.1214,0.7,Moderate,FMS_MARITIME,2026-04-06
2022-01-26,63,LNG,26.69,10.6,254.4,24,326.7007,0.95,Moderate,FMS_MARITIME,2026-04-06
2022-01-27,63,LSMGO,77.62,14.4,345.6,24,699.3885,0.73,Moderate,FMS_MARITIME,2026-04-06
2022-01-28,63,HFO,61.63,9.3,223.2,24,859.8379,0.56,Moderate,FMS_MARITIME,2026-04-06
2022-01-28,63,HFO,53.81,17.4,417.6,24,401.2556,0.74,Calm,FMS_MARITIME,2026-04-06
2022-01-28,63,MGO,70.16,8.5,204.0,24,1070.9718,0.72,Calm,FMS_MARITIME,2026-04-06
2022-01-01,64,VLSFO,25.53,14.3,343.2,24,231.6446,0.45,Rough,FMS_MARITIME,2026-04-06
2022-01-02,64,LSMGO,57.91,15.9,381.6,24,472.5675,0.88,Rough,FMS_MARITIME,2026-04-06
2022-01-03,64,LNG,50.46,12.8,307.2,24,511.4988,0.99,Rough,FMS_MARITIME,2026-04-06
2022-01-04,64,MGO,42.05,15.0,360.0,24,363.7325,0.67,Calm,FMS_MARITIME,2026-04-06
2022-01-05,64,HFO,23.66,13.7,328.8,24,224.0792,0.73,Calm,FMS_MARITIME,2026-04-06
2022-01-06,64,LSMGO,69.63,9.5,228.0,24,950.9992,0.74,Moderate,FMS_MARITIME,2026-04-06
2022-01-07,64,LSMGO,17.5,17.4,417.6,24,130.4957,0.78,Calm,FMS_MARITIME,2026-04-06
2022-01-08,64,VLSFO,37.0,15.7,376.8,24,305.7803,0.89,Moderate,FMS_MARITIME,2026-04-06
2022-01-09,64,LSMGO,67.9,15.9,381.6,24,554.0896,0.87,Calm,FMS_MARITIME,2026-04-06
2022-01-10,64,VLSFO,66.41,13.3,319.2,24,647.872,0.74,Moderate,FMS_MARITIME,2026-04-06
2022-01-11,64,VLSFO,68.67,16.0,384.0,24,556.8708,0.95,Calm,FMS_MARITIME,2026-04-06
2022-01-12,64,VLSFO,20.66,10.1,242.4,24,265.4094,0.78,Calm,FMS_MARITIME,2026-04-06
2022-01-13,64,HFO,33.21,9.4,225.6,24,458.404,0.66,Rough,FMS_MARITIME,2026-04-06
2022-01-14,64,VLSFO,60.53,11.3,271.2,24,695.0237,0.47,Moderate,FMS_MARITIME,2026-04-06
2022-01-15,64,LSMGO,33.76,13.8,331.2,24,317.4174,0.92,Calm,FMS_MARITIME,2026-04-06
2022-01-16,64,LSMGO,60.8,9.0,216.0,24,876.5333,0.74,Calm,FMS_MARITIME,2026-04-06
2022-01-17,64,HFO,48.26,11.8,283.2,24,530.6555,0.71,Moderate,FMS_MARITIME,2026-04-06
2022-01-18,64,LNG,17.06,8.4,201.6,24,263.5161,0.67,Calm,FMS_MARITIME,2026-04-06
2022-01-19,64,LNG,77.01,13.7,328.8,24,729.3465,0.73,Calm,FMS_MARITIME,2026-04-06
2022-01-20,64,VLSFO,42.76,16.7,400.8,24,332.2222,0.85,Moderate,FMS_MARITIME,2026-04-06
2022-01-21,64,VLSFO,35.0,11.2,268.8,24,405.4687,0.5,Moderate,FMS_MARITIME,2026-04-06
2022-01-22,64,MGO,28.58,10.0,240.0,24,370.8255,0.89,Rough,FMS_MARITIME,2026-04-06
2022-01-23,64,HFO,31.11,13.6,326.4,24,296.8031,0.54,Moderate,FMS_MARITIME,2026-04-06
2022-01-24,64,LNG,15.4,12.2,292.8,24,163.7828,0.95,Rough,FMS_MARITIME,2026-04-06
2022-01-25,64,VLSFO,57.2,14.7,352.8,24,504.8776,0.55,Moderate,FMS_MARITIME,2026-04-06
2022-01-26,64,HFO,45.01,9.1,218.4,24,641.7635,0.64,Moderate,FMS_MARITIME,2026-04-06
2022-01-27,64,VLSFO,27.86,17.8,427.2,24,203.0806,0.78,Moderate,FMS_MARITIME,2026-04-06
2022-01-28,64,MGO,83.93,16.3,391.2,24,668.0931,0.72,Rough,FMS_MARITIME,2026-04-06
2022-01-28,64,LSMGO,61.32,9.2,220.8,24,864.812,0.78,Moderate,FMS_MARITIME,2026-04-06
2022-01-28,64,LNG,73.48,10.4,249.6,24,916.7337,0.67,Moderate,FMS_MARITIME,2026-04-06
2022-01-01,65,VLSFO,17.5,16.9,405.6,24,134.3565,0.88,Calm,FMS_MARITIME,2026-04-06
2022-01-02,65,LSMGO,49.31,11.7,280.8,24,546.8353,0.79,Calm,FMS_MARITIME,2026-04-06
2022-01-03,65,LNG,32.09,12.3,295.2,24,338.5104,0.97,Moderate,FMS_MARITIME,2026-04-06
2022-01-04,65,HFO,33.55,9.4,225.6,24,463.0971,0.54,Moderate,FMS_MARITIME,2026-04-06
2022-01-05,65,LNG,21.57,10.2,244.8,24,274.3831,0.87,Calm,FMS_MARITIME,2026-04-06
2022-01-06,65,LNG,55.03,17.0,408.0,24,420.0084,0.75,Calm,FMS_MARITIME,2026-04-06
2022-01-07,65,VLSFO,84.38,11.9,285.6,24,920.0256,0.44,Calm,FMS_MARITIME,2026-04-06
2022-01-08,65,MGO,27.31,11.3,271.2,24,313.5816,0.46,Calm,FMS_MARITIME,2026-04-06
2022-01-09,65,LNG,70.61,11.8,283.2,24,776.4108,0.93,Rough,FMS_MARITIME,2026-04-06
2022-01-10,65,LSMGO,49.3,15.1,362.4,24,423.6209,0.76,Moderate,FMS_MARITIME,2026-04-06
2022-01-11,65,LSMGO,25.41,11.4,273.6,24,289.2059,0.98,Rough,FMS_MARITIME,2026-04-06
2022-01-12,65,VLSFO,67.9,10.7,256.8,24,823.3668,0.78,Moderate,FMS_MARITIME,2026-04-06
2022-01-13,65,LSMGO,79.73,15.5,372.0,24,667.4173,0.82,Moderate,FMS_MARITIME,2026-04-06
2022-01-14,65,VLSFO,46.38,14.9,357.6,24,403.8795,0.94,Calm,FMS_MARITIME,2026-04-06
2022-01-15,65,LNG,26.39,17.2,412.8,24,199.0757,0.67,Moderate,FMS_MARITIME,2026-04-06
2022-01-16,65,MGO,17.04,13.2,316.8,24,167.4955,0.57,Rough,FMS_MARITIME,2026-04-06
2022-01-17,65,MGO,81.05,9.7,232.8,24,1084.1482,0.96,Calm,FMS_MARITIME,2026-04-06
2022-01-18,65,LNG,34.94,13.4,321.6,24,338.3183,0.69,Moderate,FMS_MARITIME,2026-04-06
2022-01-19,65,LNG,77.88,10.4,249.6,24,971.6279,0.84,Moderate,FMS_MARITIME,2026-04-06
2022-01-20,65,HFO,33.15,10.2,244.8,24,421.6875,0.61,Rough,FMS_MARITIME,2026-04-06
2022-01-21,65,MGO,34.93,15.5,372.0,24,292.3979,0.53,Moderate,FMS_MARITIME,2026-04-06
2022-01-22,65,LNG,25.59,9.0,216.0,24,368.9225,0.62,Rough,FMS_MARITIME,2026-04-06
2022-01-23,65,VLSFO,28.38,17.5,420.0,24,210.4174,0.47,Rough,FMS_MARITIME,2026-04-06
2022-01-24,65,VLSFO,73.09,15.5,372.0,24,611.834,0.78,Moderate,FMS_MARITIME,2026-04-06
2022-01-25,65,HFO,45.15,13.3,319.2,24,440.4671,0.82,Moderate,FMS_MARITIME,2026-04-06
2022-01-26,65,LSMGO,30.01,9.7,232.8,24,401.4224,0.56,Calm,FMS_MARITIME,2026-04-06
2022-01-27,65,VLSFO,77.14,12.7,304.8,24,788.1035,0.74,Calm,FMS_MARITIME,2026-04-06
2022-01-28,65,VLSFO,55.1,13.0,312.0,24,549.9404,0.63,Moderate,FMS_MARITIME,2026-04-06
2022-01-28,65,LNG,54.93,9.9,237.6,24,719.9159,0.93,Rough,FMS_MARITIME,2026-04-06
2022-01-28,65,HFO,68.94,12.4,297.6,24,721.3681,0.72,Moderate,FMS_MARITIME,2026-04-06
2022-01-01,66,MGO,20.04,13.7,328.8,24,189.7949,0.44,Moderate,FMS_MARITIME,2026-04-06
2022-01-02,66,HFO,70.89,10.8,259.2,24,851.6646,0.87,Calm,FMS_MARITIME,2026-04-06
2022-01-03,66,MGO,56.34,11.2,268.8,24,652.6888,0.64,Moderate,FMS_MARITIME,2026-04-06
2022-01-04,66,VLSFO,51.25,17.7,424.8,24,375.6886,0.91,Moderate,FMS_MARITIME,2026-04-06
2022-01-05,66,MGO,57.54,13.8,331.2,24,541.0011,0.47,Moderate,FMS_MARITIME,2026-04-06
2022-01-06,66,LSMGO,23.11,14.6,350.4,24,205.3783,0.97,Rough,FMS_MARITIME,2026-04-06
2022-01-07,66,HFO,53.55,14.9,357.6,24,466.3163,0.68,Calm,FMS_MARITIME,2026-04-06
2022-01-08,66,LNG,50.2,8.2,196.8,24,794.3232,0.74,Moderate,FMS_MARITIME,2026-04-06
2022-01-09,66,VLSFO,51.69,8.6,206.4,24,779.8578,0.95,Calm,FMS_MARITIME,2026-04-06
2022-01-10,66,MGO,31.96,13.9,333.6,24,298.3317,1.0,Calm,FMS_MARITIME,2026-04-06
2022-01-11,66,LSMGO,49.41,11.4,273.6,24,562.3638,0.86,Rough,FMS_MARITIME,2026-04-06
2022-01-12,66,LSMGO,62.65,11.5,276.0,24,706.8554,0.79,Calm,FMS_MARITIME,2026-04-06
2022-01-13,66,VLSFO,50.81,14.1,338.4,24,467.5601,0.66,Calm,FMS_MARITIME,2026-04-06
2022-01-14,66,HFO,80.67,8.5,204.0,24,1231.4038,0.46,Calm,FMS_MARITIME,2026-04-06
2022-01-15,66,HFO,43.4,17.4,417.6,24,323.6293,0.62,Moderate,FMS_MARITIME,2026-04-06
2022-01-16,66,MGO,47.35,10.2,244.8,24,602.3199,0.74,Rough,FMS_MARITIME,2026-04-06
2022-01-17,66,VLSFO,29.24,14.4,345.6,24,263.4646,0.84,Rough,FMS_MARITIME,2026-04-06
2022-01-18,66,HFO,39.65,15.1,362.4,24,340.7012,0.83,Rough,FMS_MARITIME,2026-04-06
2022-01-19,66,HFO,25.01,11.2,268.8,24,289.7364,0.7,Calm,FMS_MARITIME,2026-04-06
2022-01-20,66,VLSFO,59.36,12.8,307.2,24,601.7156,0.62,Rough,FMS_MARITIME,2026-04-06
2022-01-21,66,HFO,81.93,10.4,249.6,24,1022.1555,0.78,Calm,FMS_MARITIME,2026-04-06
2022-01-22,66,MGO,48.32,17.8,427.2,24,352.2202,0.73,Moderate,FMS_MARITIME,2026-04-06
2022-01-23,66,MGO,70.24,17.7,424.8,24,514.8949,0.61,Rough,FMS_MARITIME,2026-04-06
2022-01-24,66,MGO,80.46,13.3,319.2,24,784.9387,0.67,Moderate,FMS_MARITIME,2026-04-06
2022-01-25,66,LNG,48.44,15.9,381.6,24,395.2887,0.8,Rough,FMS_MARITIME,2026-04-06
2022-01-26,66,LNG,66.77,14.7,352.8,24,589.3474,0.76,Moderate,FMS_MARITIME,2026-04-06
2022-01-27,66,LNG,53.62,14.3,343.2,24,486.5171,0.52,Calm,FMS_MARITIME,2026-04-06
2022-01-28,66,HFO,50.64,12.9,309.6,24,509.3442,0.76,Calm,FMS_MARITIME,2026-04-06
2022-01-28,66,LNG,80.64,12.0,288.0,24,871.92,0.79,Rough,FMS_MARITIME,2026-04-06
2022-01-28,66,HFO,32.09,10.9,261.6,24,381.9888,0.46,Calm,FMS_MARITIME,2026-04-06
2022-01-01,67,LNG,84.36,8.6,206.4,24,1272.757,0.8,Rough,FMS_MARITIME,2026-04-06
2022-01-02,67,VLSFO,30.82,11.4,273.6,24,350.7803,0.42,Moderate,FMS_MARITIME,2026-04-06
2022-01-03,67,HFO,79.37,16.7,400.8,24,616.6621,0.95,Rough,FMS_MARITIME,2026-04-06
2022-01-04,67,LNG,51.73,15.6,374.4,24,430.2543,0.67,Moderate,FMS_MARITIME,2026-04-06
2022-01-05,67,LNG,81.0,15.9,381.6,24,660.9906,0.85,Rough,FMS_MARITIME,2026-04-06
2022-01-06,67,MGO,40.2,17.0,408.0,24,306.8206,0.81,Rough,FMS_MARITIME,2026-04-06
2022-01-07,67,MGO,41.45,15.0,360.0,24,358.5425,0.5,Moderate,FMS_MARITIME,2026-04-06
2022-01-08,67,LNG,26.26,8.2,196.8,24,415.5165,0.57,Moderate,FMS_MARITIME,2026-04-06
2022-01-09,67,LSMGO,58.63,12.3,295.2,24,618.475,0.45,Rough,FMS_MARITIME,2026-04-06
2022-01-10,67,VLSFO,78.4,16.5,396.0,24,616.5091,0.45,Moderate,FMS_MARITIME,2026-04-06
2022-01-11,67,MGO,63.51,8.3,199.2,24,992.822,0.91,Moderate,FMS_MARITIME,2026-04-06
2022-01-12,67,LNG,47.45,17.6,422.4,24,349.8089,0.43,Moderate,FMS_MARITIME,2026-04-06
2022-01-13,67,VLSFO,38.56,11.7,280.8,24,427.6205,0.8,Calm,FMS_MARITIME,2026-04-06
2022-01-14,67,HFO,60.8,8.2,196.8,24,962.0488,0.86,Calm,FMS_MARITIME,2026-04-06
2022-01-15,67,HFO,76.96,10.4,249.6,24,960.15,0.92,Rough,FMS_MARITIME,2026-04-06
2022-01-16,67,MGO,31.74,17.9,429.6,24,230.0707,0.83,Calm,FMS_MARITIME,2026-04-06
2022-01-17,67,LSMGO,84.1,9.3,223.2,24,1173.3306,0.45,Calm,FMS_MARITIME,2026-04-06
2022-01-18,67,MGO,70.11,14.7,352.8,24,618.8281,0.8,Rough,FMS_MARITIME,2026-04-06
2022-01-19,67,LSMGO,78.02,10.2,244.8,24,992.4603,0.53,Rough,FMS_MARITIME,2026-04-06
2022-01-20,67,VLSFO,56.84,11.9,285.6,24,619.7471,0.57,Rough,FMS_MARITIME,2026-04-06
2022-01-21,67,HFO,20.99,10.3,247.2,24,264.4129,0.58,Calm,FMS_MARITIME,2026-04-06
2022-01-22,67,LNG,33.39,10.6,254.4,24,408.7125,0.85,Rough,FMS_MARITIME,2026-04-06
2022-01-23,67,LNG,68.19,10.0,240.0,24,884.7652,0.46,Calm,FMS_MARITIME,2026-04-06
2022-01-24,67,VLSFO,84.25,10.6,254.4,24,1031.2677,0.93,Calm,FMS_MARITIME,2026-04-06
2022-01-25,67,VLSFO,42.45,11.2,268.8,24,491.7757,0.87,Rough,FMS_MARITIME,2026-04-06
2022-01-26,67,HFO,82.59,13.9,333.6,24,770.939,0.72,Moderate,FMS_MARITIME,2026-04-06
2022-01-27,67,MGO,69.45,18.0,432.0,24,500.6188,0.49,Calm,FMS_MARITIME,2026-04-06
2022-01-28,67,MGO,72.16,11.1,266.4,24,843.4919,0.92,Calm,FMS_MARITIME,2026-04-06
2022-01-28,67,VLSFO,49.21,16.2,388.8,24,394.1356,0.64,Rough,FMS_MARITIME,2026-04-06
2022-01-28,67,MGO,35.46,16.9,405.6,24,272.2447,0.7,Moderate,FMS_MARITIME,2026-04-06
2022-01-01,68,MGO,25.03,11.5,276.0,24,282.4037,0.58,Moderate,FMS_MARITIME,2026-04-06
2022-01-02,68,HFO,60.68,11.4,273.6,24,690.6342,0.48,Calm,FMS_MARITIME,2026-04-06
2022-01-03,68,HFO,48.3,8.9,213.6,24,704.1489,0.87,Moderate,FMS_MARITIME,2026-04-06
2022-01-04,68,HFO,68.41,17.3,415.2,24,513.075,0.43,Rough,FMS_MARITIME,2026-04-06
2022-01-05,68,VLSFO,76.34,11.7,280.8,24,846.591,0.97,Calm,FMS_MARITIME,2026-04-06
2022-01-06,68,LNG,50.83,15.0,360.0,24,439.6795,0.6,Moderate,FMS_MARITIME,2026-04-06
2022-01-07,68,LNG,26.0,12.9,309.6,24,261.5116,0.76,Moderate,FMS_MARITIME,2026-04-06
2022-01-08,68,LNG,53.45,17.5,420.0,24,396.2936,0.46,Rough,FMS_MARITIME,2026-04-06
2022-01-09,68,HFO,32.77,16.0,384.0,24,265.7442,0.66,Moderate,FMS_MARITIME,2026-04-06
2022-01-10,68,LSMGO,24.72,14.9,357.6,24,215.2631,0.95,Calm,FMS_MARITIME,2026-04-06
2022-01-11,68,VLSFO,24.66,15.2,364.8,24,210.5023,0.8,Moderate,FMS_MARITIME,2026-04-06
2022-01-12,68,MGO,47.99,8.5,204.0,24,732.5532,0.64,Moderate,FMS_MARITIME,2026-04-06
2022-01-13,68,HFO,38.05,9.5,228.0,24,519.6829,0.82,Rough,FMS_MARITIME,2026-04-06
2022-01-14,68,MGO,81.2,15.9,381.6,24,662.6226,0.75,Rough,FMS_MARITIME,2026-04-06
2022-01-15,68,HFO,41.71,12.0,288.0,24,450.9894,0.73,Calm,FMS_MARITIME,2026-04-06
2022-01-16,68,LNG,28.7,17.4,417.6,24,214.0129,0.83,Calm,FMS_MARITIME,2026-04-06
2022-01-17,68,LNG,56.01,9.4,225.6,24,773.1168,0.51,Moderate,FMS_MARITIME,2026-04-06
2022-01-18,68,LNG,56.75,17.9,429.6,24,411.3582,0.81,Moderate,FMS_MARITIME,2026-04-06
2022-01-19,68,LSMGO,38.03,10.3,247.2,24,479.0672,0.71,Calm,FMS_MARITIME,2026-04-06
2022-01-20,68,LNG,21.45,14.1,338.4,24,197.3856,0.85,Rough,FMS_MARITIME,2026-04-06
2022-01-21,68,VLSFO,59.75,12.3,295.2,24,630.2896,0.86,Rough,FMS_MARITIME,2026-04-06
2022-01-22,68,LNG,17.89,12.0,288.0,24,193.4356,0.87,Moderate,FMS_MARITIME,2026-04-06
2022-01-23,68,LSMGO,52.18,15.6,374.4,24,433.9971,0.77,Moderate,FMS_MARITIME,2026-04-06
2022-01-24,68,HFO,59.84,17.6,422.4,24,441.15,0.81,Rough,FMS_MARITIME,2026-04-06
2022-01-25,68,MGO,52.93,8.5,204.0,24,807.9609,0.75,Calm,FMS_MARITIME,2026-04-06
2022-01-26,68,MGO,22.85,10.5,252.0,24,282.3607,0.83,Rough,FMS_MARITIME,2026-04-06
2022-01-27,68,HFO,38.01,13.0,312.0,24,379.369,0.98,Calm,FMS_MARITIME,2026-04-06
2022-01-28,68,MGO,76.35,8.6,206.4,24,1151.9084,0.51,Moderate,FMS_MARITIME,2026-04-06
2022-01-28,68,LSMGO,50.61,17.3,415.2,24,379.575,0.42,Moderate,FMS_MARITIME,2026-04-06
2022-01-28,68,LSMGO,20.67,9.2,220.8,24,291.5144,0.75,Moderate,FMS_MARITIME,2026-04-06
2022-01-01,69,LSMGO,23.29,12.9,309.6,24,234.2541,0.82,Calm,FMS_MARITIME,2026-04-06
2022-01-02,69,LSMGO,77.88,10.1,242.4,24,1000.4881,0.72,Rough,FMS_MARITIME,2026-04-06
2022-01-03,69,HFO,30.68,11.0,264.0,24,361.8845,0.66,Calm,FMS_MARITIME,2026-04-06
2022-01-04,69,LSMGO,45.65,10.5,252.0,24,564.1036,0.72,Calm,FMS_MARITIME,2026-04-06
2022-01-05,69,LSMGO,26.05,17.5,420.0,24,193.1421,0.86,Moderate,FMS_MARITIME,2026-04-06
2022-01-06,69,MGO,43.47,11.2,268.8,24,503.5922,0.91,Calm,FMS_MARITIME,2026-04-06
2022-01-07,69,LNG,56.15,8.2,196.8,24,888.471,0.42,Moderate,FMS_MARITIME,2026-04-06
2022-01-08,69,MGO,45.48,16.9,405.6,24,349.1734,0.55,Rough,FMS_MARITIME,2026-04-06
2022-01-09,69,HFO,29.3,14.1,338.4,24,269.6223,0.9,Rough,FMS_MARITIME,2026-04-06
2022-01-10,69,HFO,39.54,13.8,331.2,24,371.762,0.4,Moderate,FMS_MARITIME,2026-04-06
2022-01-11,69,HFO,42.3,9.6,230.4,24,571.7109,0.68,Rough,FMS_MARITIME,2026-04-06
2022-01-12,69,MGO,38.6,16.8,403.2,24,298.1161,0.49,Rough,FMS_MARITIME,2026-04-06
2022-01-13,69,LSMGO,66.76,14.9,357.6,24,581.3497,0.51,Rough,FMS_MARITIME,2026-04-06
2022-01-14,69,MGO,24.52,8.2,196.8,24,387.9841,0.75,Calm,FMS_MARITIME,2026-04-06
2022-01-15,69,VLSFO,83.93,16.1,386.4,24,676.3924,0.42,Moderate,FMS_MARITIME,2026-04-06
2022-01-16,69,VLSFO,32.59,8.9,213.6,24,475.1183,0.99,Moderate,FMS_MARITIME,2026-04-06
2022-01-17,69,LSMGO,62.04,17.3,415.2,24,465.3,0.75,Moderate,FMS_MARITIME,2026-04-06
2022-01-18,69,LSMGO,32.85,17.6,422.4,24,242.1754,0.74,Moderate,FMS_MARITIME,2026-04-06
2022-01-19,69,HFO,65.75,12.8,307.2,24,666.4893,0.68,Moderate,FMS_MARITIME,2026-04-06
2022-01-20,69,HFO,27.14,13.3,319.2,24,264.768,0.83,Calm,FMS_MARITIME,2026-04-06
2022-01-21,69,HFO,74.88,14.9,357.6,24,652.0591,0.71,Rough,FMS_MARITIME,2026-04-06
2022-01-22,69,LNG,37.84,15.1,362.4,24,325.1483,0.83,Rough,FMS_MARITIME,2026-04-06
2022-01-23,69,MGO,73.33,10.4,249.6,24,914.8623,0.82,Calm,FMS_MARITIME,2026-04-06
2022-01-24,69,LSMGO,72.68,11.7,280.8,24,806.0026,0.91,Calm,FMS_MARITIME,2026-04-06
2022-01-25,69,VLSFO,71.13,10.7,256.8,24,862.5343,0.74,Calm,FMS_MARITIME,2026-04-06
2022-01-26,69,LSMGO,72.01,17.3,415.2,24,540.075,0.43,Moderate,FMS_MARITIME,2026-04-06
2022-01-27,69,MGO,21.1,9.6,230.4,24,285.1797,0.7,Rough,FMS_MARITIME,2026-04-06
2022-01-28,69,HFO,76.26,15.1,362.4,24,655.2805,0.47,Rough,FMS_MARITIME,2026-04-06
2022-01-28,69,LSMGO,83.36,11.6,278.4,24,932.4103,0.92,Rough,FMS_MARITIME,2026-04-06
2022-01-28,69,HFO,35.44,9.7,232.8,24,474.0557,0.44,Rough,FMS_MARITIME,2026-04-06
2022-01-01,70,VLSFO,41.76,14.1,338.4,24,384.2809,0.53,Rough,FMS_MARITIME,2026-04-06
2022-01-02,70,LSMGO,58.96,17.1,410.4,24,447.3719,0.49,Moderate,FMS_MARITIME,2026-04-06
2022-01-03,70,LNG,42.03,11.1,266.4,24,491.2966,0.58,Moderate,FMS_MARITIME,2026-04-06
2022-01-04,70,VLSFO,30.85,12.2,292.8,24,328.0973,0.72,Moderate,FMS_MARITIME,2026-04-06
2022-01-05,70,MGO,54.68,13.9,333.6,24,510.4122,0.61,Moderate,FMS_MARITIME,2026-04-06
2022-01-06,70,MGO,40.4,9.9,237.6,24,529.4848,0.91,Rough,FMS_MARITIME,2026-04-06
2022-01-07,70,LSMGO,51.77,14.9,357.6,24,450.8159,0.61,Moderate,FMS_MARITIME,2026-04-06
2022-01-08,70,MGO,71.99,13.3,319.2,24,702.3085,0.82,Rough,FMS_MARITIME,2026-04-06
2022-01-09,70,HFO,84.94,10.1,242.4,24,1091.1847,0.74,Rough,FMS_MARITIME,2026-04-06
2022-01-10,70,MGO,79.04,10.5,252.0,24,976.7086,0.77,Moderate,FMS_MARITIME,2026-04-06
2022-01-11,70,VLSFO,18.56,11.8,283.2,24,204.0814,0.96,Moderate,FMS_MARITIME,2026-04-06
2022-01-12,70,MGO,65.18,9.8,235.2,24,862.9699,0.74,Calm,FMS_MARITIME,2026-04-06
2022-01-13,70,LSMGO,75.51,8.3,199.2,24,1180.4123,0.48,Calm,FMS_MARITIME,2026-04-06
2022-01-14,70,MGO,68.86,12.9,309.6,24,692.6035,0.83,Calm,FMS_MARITIME,2026-04-06
2022-01-15,70,VLSFO,46.46,8.0,192.0,24,753.5231,0.49,Calm,FMS_MARITIME,2026-04-06
2022-01-16,70,LNG,44.75,11.9,285.6,24,487.9254,0.45,Moderate,FMS_MARITIME,2026-04-06
2022-01-17,70,VLSFO,40.77,10.0,240.0,24,528.9908,0.77,Rough,FMS_MARITIME,2026-04-06
2022-01-18,70,LSMGO,21.69,16.5,396.0,24,170.5623,0.74,Calm,FMS_MARITIME,2026-04-06
2022-01-19,70,VLSFO,83.44,13.0,312.0,24,832.7954,0.65,Calm,FMS_MARITIME,2026-04-06
2022-01-20,70,LSMGO,31.12,12.5,300.0,24,323.0256,0.79,Moderate,FMS_MARITIME,2026-04-06
2022-01-21,70,VLSFO,18.02,10.2,244.8,24,229.225,0.47,Rough,FMS_MARITIME,2026-04-06
2022-01-22,70,VLSFO,41.65,10.8,259.2,24,500.3785,0.6,Rough,FMS_MARITIME,2026-04-06
2022-01-23,70,MGO,48.44,15.5,372.0,24,405.4897,0.46,Moderate,FMS_MARITIME,2026-04-06
2022-01-24,70,LNG,54.25,8.7,208.8,24,809.0733,0.89,Rough,FMS_MARITIME,2026-04-06
2022-01-25,70,VLSFO,78.09,15.0,360.0,24,675.4785,0.64,Moderate,FMS_MARITIME,2026-04-06
2022-01-26,70,VLSFO,75.72,16.1,386.4,24,610.228,0.68,Rough,FMS_MARITIME,2026-04-06
2022-01-27,70,VLSFO,68.53,11.4,273.6,24,779.9796,0.62,Rough,FMS_MARITIME,2026-04-06
2022-01-28,70,LSMGO,41.52,8.5,204.0,24,633.7906,0.53,Moderate,FMS_MARITIME,2026-04-06
2022-01-28,70,HFO,16.29,9.8,235.2,24,215.6763,0.4,Moderate,FMS_MARITIME,2026-04-06
2022-01-28,70,MGO,26.35,13.9,333.6,24,245.9649,0.45,Rough,FMS_MARITIME,2026-04-06
2022-01-01,71,MGO,54.3,16.1,386.4,24,437.604,0.46,Calm,FMS_MARITIME,2026-04-06
2022-01-02,71,LSMGO,65.98,15.7,376.8,24,545.2806,0.48,Rough,FMS_MARITIME,2026-04-06
2022-01-03,71,VLSFO,52.11,14.4,345.6,24,469.5328,0.71,Moderate,FMS_MARITIME,2026-04-06
2022-01-04,71,MGO,41.69,14.8,355.2,24,365.4917,0.58,Calm,FMS_MARITIME,2026-04-06
2022-01-05,71,HFO,70.79,17.7,424.8,24,518.9267,0.9,Rough,FMS_MARITIME,2026-04-06
2022-01-06,71,LSMGO,74.23,13.8,331.2,24,697.9234,0.48,Calm,FMS_MARITIME,2026-04-06
2022-01-07,71,HFO,15.43,9.9,237.6,24,202.2265,0.99,Moderate,FMS_MARITIME,2026-04-06
2022-01-08,71,VLSFO,68.05,11.0,264.0,24,802.6807,0.57,Calm,FMS_MARITIME,2026-04-06
2022-01-09,71,VLSFO,73.37,10.9,261.6,24,873.3722,0.74,Moderate,FMS_MARITIME,2026-04-06
2022-01-10,71,LNG,73.33,12.3,295.2,24,773.5421,0.68,Rough,FMS_MARITIME,2026-04-06
2022-01-11,71,HFO,39.87,15.9,381.6,24,325.3542,0.71,Calm,FMS_MARITIME,2026-04-06
2022-01-12,71,HFO,77.31,15.0,360.0,24,668.7315,0.56,Calm,FMS_MARITIME,2026-04-06
2022-01-13,71,LSMGO,72.78,12.2,292.8,24,774.0332,0.79,Moderate,FMS_MARITIME,2026-04-06
2022-01-14,71,HFO,32.08,13.9,333.6,24,299.4518,0.57,Moderate,FMS_MARITIME,2026-04-06
2022-01-15,71,LNG,36.97,15.4,369.6,24,311.4843,0.67,Moderate,FMS_MARITIME,2026-04-06
2022-01-16,71,VLSFO,50.21,16.0,384.0,24,407.1717,0.85,Rough,FMS_MARITIME,2026-04-06
2022-01-17,71,VLSFO,47.7,17.7,424.8,24,349.6653,0.62,Moderate,FMS_MARITIME,2026-04-06
2022-01-18,71,HFO,62.76,17.3,415.2,24,470.7,0.6,Moderate,FMS_MARITIME,2026-04-06
2022-01-19,71,VLSFO,25.22,13.6,326.4,24,240.6099,0.52,Moderate,FMS_MARITIME,2026-04-06
2022-01-20,71,MGO,63.71,11.0,264.0,24,751.4884,0.84,Moderate,FMS_MARITIME,2026-04-06
2022-01-21,71,LSMGO,59.33,8.6,206.4,24,895.1241,0.57,Rough,FMS_MARITIME,2026-04-06
2022-01-22,71,LSMGO,39.3,15.4,369.6,24,331.1153,0.63,Moderate,FMS_MARITIME,2026-04-06
2022-01-23,71,HFO,37.72,12.7,304.8,24,385.3677,0.87,Calm,FMS_MARITIME,2026-04-06
2022-01-24,71,LNG,28.33,11.0,264.0,24,334.1652,0.41,Moderate,FMS_MARITIME,2026-04-06
2022-01-25,71,LSMGO,60.93,16.7,400.8,24,473.3933,0.56,Moderate,FMS_MARITIME,2026-04-06
2022-01-26,71,MGO,44.61,16.1,386.4,24,359.5123,0.58,Moderate,FMS_MARITIME,2026-04-06
2022-01-27,71,LNG,51.82,9.0,216.0,24,747.0717,0.52,Calm,FMS_MARITIME,2026-04-06
2022-01-28,71,LSMGO,38.28,8.5,204.0,24,584.3329,0.51,Rough,FMS_MARITIME,2026-04-06
2022-01-28,71,HFO,20.52,12.5,300.0,24,212.9976,0.81,Rough,FMS_MARITIME,2026-04-06
2022-01-28,71,VLSFO,81.65,11.8,283.2,24,897.804,0.63,Moderate,FMS_MARITIME,2026-04-06
2022-01-01,72,HFO,82.57,16.7,400.8,24,641.5244,0.49,Calm,FMS_MARITIME,2026-04-06
2022-01-02,72,LSMGO,41.95,16.0,384.0,24,340.1883,0.88,Moderate,FMS_MARITIME,2026-04-06
2022-01-03,72,VLSFO,66.6,8.8,211.2,24,981.9716,0.59,Rough,FMS_MARITIME,2026-04-06
2022-01-04,72,LSMGO,58.24,11.8,283.2,24,640.3932,0.86,Calm,FMS_MARITIME,2026-04-06
2022-01-05,72,HFO,51.37,16.7,400.8,24,399.1172,0.77,Calm,FMS_MARITIME,2026-04-06
2022-01-06,72,HFO,46.12,10.7,256.8,24,559.2589,0.86,Calm,FMS_MARITIME,2026-04-06
2022-01-07,72,MGO,25.07,17.1,410.4,24,190.2241,0.97,Moderate,FMS_MARITIME,2026-04-06
2022-01-08,72,VLSFO,24.14,14.7,352.8,24,213.0724,0.77,Moderate,FMS_MARITIME,2026-04-06
2022-01-09,72,HFO,40.1,17.0,408.0,24,306.0574,0.57,Rough,FMS_MARITIME,2026-04-06
2022-01-10,72,LSMGO,72.13,11.7,280.8,24,799.9032,0.54,Calm,FMS_MARITIME,2026-04-06
2022-01-11,72,MGO,61.79,17.4,417.6,24,460.7616,0.63,Moderate,FMS_MARITIME,2026-04-06
2022-01-12,72,LSMGO,52.85,12.3,295.2,24,557.503,0.72,Calm,FMS_MARITIME,2026-04-06
2022-01-13,72,LNG,69.17,8.3,199.2,24,1081.3021,0.51,Moderate,FMS_MARITIME,2026-04-06
2022-01-14,72,VLSFO,65.31,9.8,235.2,24,864.6911,0.48,Calm,FMS_MARITIME,2026-04-06
2022-01-15,72,VLSFO,24.24,9.4,225.6,24,334.5894,0.65,Calm,FMS_MARITIME,2026-04-06
2022-01-16,72,VLSFO,45.95,14.3,343.2,24,416.924,0.78,Rough,FMS_MARITIME,2026-04-06
2022-01-17,72,VLSFO,68.84,13.9,333.6,24,642.5892,0.5,Calm,FMS_MARITIME,2026-04-06
2022-01-18,72,LNG,42.58,12.9,309.6,24,428.2756,0.58,Rough,FMS_MARITIME,2026-04-06
2022-01-19,72,HFO,18.04,13.9,333.6,24,168.395,0.48,Moderate,FMS_MARITIME,2026-04-06
2022-01-20,72,MGO,66.11,17.9,429.6,24,479.2052,0.42,Moderate,FMS_MARITIME,2026-04-06
2022-01-21,72,LSMGO,83.14,11.7,280.8,24,922.0013,0.72,Moderate,FMS_MARITIME,2026-04-06
2022-01-22,72,LSMGO,17.49,15.9,381.6,24,142.725,0.42,Moderate,FMS_MARITIME,2026-04-06
2022-01-23,72,VLSFO,68.32,13.0,312.0,24,681.8862,0.65,Calm,FMS_MARITIME,2026-04-06
2022-01-24,72,HFO,56.39,17.7,424.8,24,413.3674,0.55,Calm,FMS_MARITIME,2026-04-06
2022-01-25,72,HFO,75.46,12.2,292.8,24,802.5357,0.64,Rough,FMS_MARITIME,2026-04-06
2022-01-26,72,LNG,52.46,12.4,297.6,24,548.9262,0.88,Rough,FMS_MARITIME,2026-04-06
2022-01-27,72,LNG,52.6,17.9,429.6,24,381.2765,0.59,Rough,FMS_MARITIME,2026-04-06
2022-01-28,72,MGO,23.03,8.8,211.2,24,339.5616,0.81,Calm,FMS_MARITIME,2026-04-06
2022-01-28,72,LSMGO,50.77,11.2,268.8,24,588.1614,0.66,Moderate,FMS_MARITIME,2026-04-06
2022-01-28,72,VLSFO,32.5,10.9,261.6,24,386.8693,0.94,Moderate,FMS_MARITIME,2026-04-06
2022-01-01,73,MGO,57.79,8.8,211.2,24,852.0741,0.83,Moderate,FMS_MARITIME,2026-04-06
2022-01-02,73,MGO,21.41,9.2,220.8,24,301.9508,0.53,Rough,FMS_MARITIME,2026-04-06
2022-01-03,73,HFO,59.06,15.1,362.4,24,507.4858,0.67,Calm,FMS_MARITIME,2026-04-06
2022-01-04,73,MGO,84.68,13.5,324.0,24,813.8689,0.5,Rough,FMS_MARITIME,2026-04-06
2022-01-05,73,MGO,20.05,13.7,328.8,24,189.8896,0.52,Moderate,FMS_MARITIME,2026-04-06
2022-01-06,73,LNG,62.91,14.5,348.0,24,562.936,0.73,Rough,FMS_MARITIME,2026-04-06
2022-01-07,73,VLSFO,81.84,12.5,300.0,24,849.4992,0.97,Moderate,FMS_MARITIME,2026-04-06
2022-01-08,73,LNG,83.2,9.8,235.2,24,1101.551,0.63,Calm,FMS_MARITIME,2026-04-06
2022-01-09,73,HFO,37.15,8.3,199.2,24,580.7485,0.51,Calm,FMS_MARITIME,2026-04-06
2022-01-10,73,LNG,80.82,9.9,237.6,24,1059.2318,0.75,Calm,FMS_MARITIME,2026-04-06
2022-01-11,73,LNG,33.58,11.3,271.2,24,385.5757,0.97,Moderate,FMS_MARITIME,2026-04-06
2022-01-12,73,VLSFO,75.94,8.3,199.2,24,1187.1343,0.79,Moderate,FMS_MARITIME,2026-04-06
2022-01-13,73,MGO,21.44,14.9,357.6,24,186.7007,0.79,Rough,FMS_MARITIME,2026-04-06
2022-01-14,73,LSMGO,48.56,11.2,268.8,24,562.5589,0.85,Moderate,FMS_MARITIME,2026-04-06
2022-01-15,73,MGO,22.24,10.5,252.0,24,274.8229,0.4,Calm,FMS_MARITIME,2026-04-06
2022-01-16,73,LNG,61.88,17.8,427.2,24,451.0635,0.57,Moderate,FMS_MARITIME,2026-04-06
2022-01-17,73,MGO,49.46,15.5,372.0,24,414.0281,0.43,Rough,FMS_MARITIME,2026-04-06
2022-01-18,73,VLSFO,37.99,9.7,232.8,24,508.1652,0.52,Moderate,FMS_MARITIME,2026-04-06
2022-01-19,73,HFO,50.99,8.7,208.8,24,760.4543,0.51,Moderate,FMS_MARITIME,2026-04-06
2022-01-20,73,LNG,25.0,15.3,367.2,24,212.0098,0.49,Calm,FMS_MARITIME,2026-04-06
2022-01-21,73,MGO,35.66,14.7,352.8,24,314.7541,0.46,Moderate,FMS_MARITIME,2026-04-06
2022-01-22,73,MGO,18.4,16.7,400.8,24,142.9581,0.88,Calm,FMS_MARITIME,2026-04-06
2022-01-23,73,LNG,33.17,17.1,410.4,24,251.6846,0.5,Moderate,FMS_MARITIME,2026-04-06
2022-01-24,73,VLSFO,26.38,11.8,283.2,24,290.0682,0.61,Rough,FMS_MARITIME,2026-04-06
2022-01-25,73,VLSFO,15.22,10.6,254.4,24,186.3014,0.48,Moderate,FMS_MARITIME,2026-04-06
2022-01-26,73,HFO,66.53,12.3,295.2,24,701.8104,0.95,Calm,FMS_MARITIME,2026-04-06
2022-01-27,73,LNG,51.12,17.5,420.0,24,379.0183,0.48,Moderate,FMS_MARITIME,2026-04-06
2022-01-28,73,LSMGO,84.64,13.9,333.6,24,790.0748,0.72,Moderate,FMS_MARITIME,2026-04-06
2022-01-28,73,LNG,40.43,11.4,273.6,24,460.1572,0.78,Moderate,FMS_MARITIME,2026-04-06
2022-01-28,73,HFO,20.07,8.9,213.6,24,292.5935,0.67,Rough,FMS_MARITIME,2026-04-06
2022-01-01,74,HFO,73.13,17.2,412.8,24,551.6638,0.89,Rough,FMS_MARITIME,2026-04-06
2022-01-02,74,HFO,39.6,10.5,252.0,24,489.3429,0.74,Moderate,FMS_MARITIME,2026-04-06
2022-01-03,74,VLSFO,22.26,8.1,194.4,24,356.5722,0.61,Calm,FMS_MARITIME,2026-04-06
2022-01-04,74,MGO,69.52,16.9,405.6,24,533.7408,0.82,Rough,FMS_MARITIME,2026-04-06
2022-01-05,74,HFO,34.74,15.4,369.6,24,292.6958,0.53,Rough,FMS_MARITIME,2026-04-06
2022-01-06,74,LSMGO,83.89,9.9,237.6,24,1099.4674,0.67,Moderate,FMS_MARITIME,2026-04-06
2022-01-07,74,LSMGO,82.35,8.0,192.0,24,1335.6141,0.94,Calm,FMS_MARITIME,2026-04-06
2022-01-08,74,MGO,73.87,12.7,304.8,24,754.6955,0.4,Moderate,FMS_MARITIME,2026-04-06
2022-01-09,74,LNG,74.67,10.8,259.2,24,897.0771,0.7,Moderate,FMS_MARITIME,2026-04-06
2022-01-10,74,LNG,84.36,14.2,340.8,24,770.8246,0.62,Moderate,FMS_MARITIME,2026-04-06
2022-01-11,74,MGO,41.35,11.0,264.0,24,487.742,0.79,Rough,FMS_MARITIME,2026-04-06
2022-01-12,74,MGO,23.08,16.6,398.4,24,180.3994,0.92,Moderate,FMS_MARITIME,2026-04-06
2022-01-13,74,HFO,45.01,14.2,340.8,24,411.271,0.75,Calm,FMS_MARITIME,2026-04-06
2022-01-14,74,HFO,16.66,17.0,408.0,24,127.155,0.53,Moderate,FMS_MARITIME,2026-04-06
2022-01-15,74,LSMGO,70.19,15.6,374.4,24,583.7918,0.89,Rough,FMS_MARITIME,2026-04-06
2022-01-16,74,VLSFO,60.19,12.5,300.0,24,624.7722,0.94,Rough,FMS_MARITIME,2026-04-06
2022-01-17,74,MGO,20.02,8.6,206.4,24,302.0459,0.42,Rough,FMS_MARITIME,2026-04-06
2022-01-18,74,LSMGO,52.34,11.0,264.0,24,617.3741,0.59,Rough,FMS_MARITIME,2026-04-06
2022-01-19,74,HFO,60.81,10.3,247.2,24,766.0289,0.99,Moderate,FMS_MARITIME,2026-04-06
2022-01-20,74,MGO,17.89,12.8,307.2,24,181.3459,0.87,Calm,FMS_MARITIME,2026-04-06
2022-01-21,74,HFO,31.64,14.4,345.6,24,285.0896,0.58,Moderate,FMS_MARITIME,2026-04-06
2022-01-22,74,HFO,41.02,17.9,429.6,24,297.3377,0.95,Calm,FMS_MARITIME,2026-04-06
2022-01-23,74,LSMGO,80.85,13.9,333.6,24,754.6969,0.67,Calm,FMS_MARITIME,2026-04-06
2022-01-24,74,LNG,50.03,11.3,271.2,24,574.4595,0.71,Moderate,FMS_MARITIME,2026-04-06
2022-01-25,74,LNG,77.93,17.4,417.6,24,581.1159,0.51,Rough,FMS_MARITIME,2026-04-06
2022-01-26,74,HFO,35.32,8.7,208.8,24,526.7552,0.48,Moderate,FMS_MARITIME,2026-04-06
2022-01-27,74,HFO,38.76,12.4,297.6,24,405.5734,0.76,Moderate,FMS_MARITIME,2026-04-06
2022-01-28,74,LSMGO,82.21,15.0,360.0,24,711.1165,0.65,Moderate,FMS_MARITIME,2026-04-06
2022-01-28,74,LSMGO,29.43,9.0,216.0,24,424.2825,0.53,Calm,FMS_MARITIME,2026-04-06
2022-01-28,74,LNG,81.94,12.9,309.6,24,824.164,0.89,Moderate,FMS_MARITIME,2026-04-06
2022-01-01,75,HFO,68.64,9.7,232.8,24,918.1485,0.47,Moderate,FMS_MARITIME,2026-04-06
2022-01-02,75,VLSFO,21.74,14.6,350.4,24,193.2031,0.57,Calm,FMS_MARITIME,2026-04-06
2022-01-03,75,LNG,43.14,17.2,412.8,24,325.4311,0.52,Calm,FMS_MARITIME,2026-04-06
2022-01-04,75,LNG,68.16,13.0,312.0,24,680.2892,0.66,Rough,FMS_MARITIME,2026-04-06
2022-01-05,75,VLSFO,34.51,17.7,424.8,24,252.9758,0.69,Rough,FMS_MARITIME,2026-04-06
2022-01-06,75,LSMGO,41.24,9.4,225.6,24,569.2436,0.53,Calm,FMS_MARITIME,2026-04-06
2022-01-07,75,LSMGO,28.56,16.9,405.6,24,219.2698,0.5,Rough,FMS_MARITIME,2026-04-06
2022-01-08,75,VLSFO,34.68,14.4,345.6,24,312.4812,0.78,Calm,FMS_MARITIME,2026-04-06
2022-01-09,75,VLSFO,76.09,9.4,225.6,24,1050.2848,0.94,Calm,FMS_MARITIME,2026-04-06
2022-01-10,75,HFO,76.97,9.5,228.0,24,1051.2482,0.91,Rough,FMS_MARITIME,2026-04-06
2022-01-11,75,MGO,49.14,8.7,208.8,24,732.8638,0.57,Calm,FMS_MARITIME,2026-04-06
2022-01-12,75,MGO,84.63,8.7,208.8,24,1262.1543,0.49,Moderate,FMS_MARITIME,2026-04-06
2022-01-13,75,LSMGO,37.08,15.3,367.2,24,314.4529,0.95,Moderate,FMS_MARITIME,2026-04-06
2022-01-14,75,LNG,22.93,11.3,271.2,24,263.2892,0.57,Moderate,FMS_MARITIME,2026-04-06
2022-01-15,75,LSMGO,22.3,15.5,372.0,24,186.6726,0.78,Moderate,FMS_MARITIME,2026-04-06
2022-01-16,75,HFO,42.76,15.6,374.4,24,355.6481,0.62,Moderate,FMS_MARITIME,2026-04-06
2022-01-17,75,LNG,30.3,17.9,429.6,24,219.6327,0.74,Moderate,FMS_MARITIME,2026-04-06
2022-01-18,75,VLSFO,29.92,18.0,432.0,24,215.6733,0.99,Rough,FMS_MARITIME,2026-04-06
2022-01-19,75,HFO,45.39,9.7,232.8,24,607.1497,0.49,Calm,FMS_MARITIME,2026-04-06
2022-01-20,75,LNG,40.93,15.0,360.0,24,354.0445,0.79,Calm,FMS_MARITIME,2026-04-06
2022-01-21,75,LNG,72.3,8.7,208.8,24,1078.2672,0.51,Calm,FMS_MARITIME,2026-04-06
2022-01-22,75,MGO,26.24,9.5,228.0,24,358.3832,0.64,Calm,FMS_MARITIME,2026-04-06
2022-01-23,75,HFO,72.94,8.1,194.4,24,1168.3907,0.52,Moderate,FMS_MARITIME,2026-04-06
2022-01-24,75,LSMGO,66.84,10.9,261.6,24,795.6413,0.43,Rough,FMS_MARITIME,2026-04-06
2022-01-25,75,MGO,79.81,9.3,223.2,24,1113.4782,0.69,Moderate,FMS_MARITIME,2026-04-06
2022-01-26,75,HFO,78.78,15.0,360.0,24,681.447,0.87,Rough,FMS_MARITIME,2026-04-06
2022-01-27,75,VLSFO,68.96,17.7,424.8,24,505.5119,0.76,Rough,FMS_MARITIME,2026-04-06
2022-01-28,75,MGO,77.24,12.2,292.8,24,821.4664,0.41,Moderate,FMS_MARITIME,2026-04-06
2022-01-28,75,MGO,19.08,10.2,244.8,24,242.7088,0.52,Rough,FMS_MARITIME,2026-04-06
2022-01-28,75,LSMGO,72.28,9.4,225.6,24,997.6947,0.53,Rough,FMS_MARITIME,2026-04-06
2022-01-01,76,LSMGO,84.51,16.3,391.2,24,672.71,0.42,Moderate,FMS_MARITIME,2026-04-06
2022-01-02,76,HFO,34.34,10.1,242.4,24,441.15,0.96,Rough,FMS_MARITIME,2026-04-06
2022-01-03,76,VLSFO,81.41,13.9,333.6,24,759.9243,0.88,Moderate,FMS_MARITIME,2026-04-06
2022-01-04,76,HFO,79.52,9.0,216.0,24,1146.4133,0.52,Rough,FMS_MARITIME,2026-04-06
2022-01-05,76,LNG,36.37,10.2,244.8,24,462.6478,0.68,Moderate,FMS_MARITIME,2026-04-06
2022-01-06,76,LSMGO,77.68,10.6,254.4,24,950.8472,0.59,Calm,FMS_MARITIME,2026-04-06
2022-01-07,76,LNG,77.86,14.0,336.0,24,721.5954,0.78,Calm,FMS_MARITIME,2026-04-06
2022-01-08,76,LNG,38.55,10.4,249.6,24,480.9483,0.76,Calm,FMS_MARITIME,2026-04-06
2022-01-09,76,LSMGO,70.99,13.4,321.6,24,687.3845,0.81,Rough,FMS_MARITIME,2026-04-06
2022-01-10,76,VLSFO,47.75,13.4,321.6,24,462.3554,0.61,Moderate,FMS_MARITIME,2026-04-06
2022-01-11,76,LNG,47.82,9.9,237.6,24,626.7318,0.97,Moderate,FMS_MARITIME,2026-04-06
2022-01-12,76,MGO,50.67,15.4,369.6,24,426.9112,0.62,Moderate,FMS_MARITIME,2026-04-06
2022-01-13,76,MGO,68.63,10.1,242.4,24,881.6577,0.82,Moderate,FMS_MARITIME,2026-04-06
2022-01-14,76,LSMGO,34.08,9.8,235.2,24,451.2122,0.57,Calm,FMS_MARITIME,2026-04-06
2022-01-15,76,VLSFO,16.17,13.3,319.2,24,157.7487,0.83,Rough,FMS_MARITIME,2026-04-06
2022-01-16,76,LNG,54.42,10.3,247.2,24,685.5335,0.61,Calm,FMS_MARITIME,2026-04-06
2022-01-17,76,MGO,59.22,14.2,340.8,24,541.1123,0.76,Rough,FMS_MARITIME,2026-04-06
2022-01-18,76,HFO,40.17,13.0,312.0,24,400.9275,0.43,Calm,FMS_MARITIME,2026-04-06
2022-01-19,76,MGO,68.25,15.9,381.6,24,556.9458,0.46,Rough,FMS_MARITIME,2026-04-06
2022-01-20,76,VLSFO,29.72,14.7,352.8,24,262.3245,0.48,Moderate,FMS_MARITIME,2026-04-06
2022-01-21,76,MGO,47.67,13.0,312.0,24,475.7833,0.45,Calm,FMS_MARITIME,2026-04-06
2022-01-22,76,HFO,68.69,11.2,268.8,24,795.7614,0.5,Rough,FMS_MARITIME,2026-04-06
2022-01-23,76,MGO,52.27,15.4,369.6,24,440.3917,0.87,Rough,FMS_MARITIME,2026-04-06
2022-01-24,76,MGO,76.52,12.8,307.2,24,775.6617,0.58,Moderate,FMS_MARITIME,2026-04-06
2022-01-25,76,MGO,65.46,9.3,223.2,24,913.2726,0.7,Moderate,FMS_MARITIME,2026-04-06
2022-01-26,76,VLSFO,33.87,14.4,345.6,24,305.1828,0.95,Calm,FMS_MARITIME,2026-04-06
2022-01-27,76,HFO,23.95,11.5,276.0,24,270.2185,0.43,Rough,FMS_MARITIME,2026-04-06
2022-01-28,76,HFO,68.09,14.2,340.8,24,622.1604,0.89,Moderate,FMS_MARITIME,2026-04-06
2022-01-28,76,HFO,72.96,8.1,194.4,24,1168.7111,0.78,Rough,FMS_MARITIME,2026-04-06
2022-01-28,76,MGO,62.51,17.8,427.2,24,455.6558,0.79,Rough,FMS_MARITIME,2026-04-06
2022-01-01,77,LNG,57.68,10.1,242.4,24,740.9881,0.74,Moderate,FMS_MARITIME,2026-04-06
2022-01-02,77,LSMGO,53.24,14.6,350.4,24,473.1432,0.84,Rough,FMS_MARITIME,2026-04-06
2022-01-03,77,LNG,83.2,10.0,240.0,24,1079.52,0.54,Moderate,FMS_MARITIME,2026-04-06
2022-01-04,77,VLSFO,26.25,13.0,312.0,24,261.9952,0.46,Calm,FMS_MARITIME,2026-04-06
2022-01-05,77,MGO,74.87,10.9,261.6,24,891.2278,0.52,Moderate,FMS_MARITIME,2026-04-06
2022-01-06,77,MGO,73.17,9.8,235.2,24,968.7559,0.59,Rough,FMS_MARITIME,2026-04-06
2022-01-07,77,LSMGO,23.63,12.7,304.8,24,241.4167,0.54,Rough,FMS_MARITIME,2026-04-06
2022-01-08,77,LNG,66.12,13.0,312.0,24,659.9285,0.96,Rough,FMS_MARITIME,2026-04-06
2022-01-09,77,MGO,45.27,12.3,295.2,24,477.5433,0.72,Rough,FMS_MARITIME,2026-04-06
2022-01-10,77,LNG,77.49,10.7,256.8,24,939.6568,0.87,Calm,FMS_MARITIME,2026-04-06
2022-01-11,77,MGO,23.26,13.2,316.8,24,228.6352,0.7,Calm,FMS_MARITIME,2026-04-06
2022-01-12,77,HFO,16.45,10.6,254.4,24,201.3573,0.76,Calm,FMS_MARITIME,2026-04-06
2022-01-13,77,MGO,45.12,13.3,319.2,24,440.1744,0.75,Rough,FMS_MARITIME,2026-04-06
2022-01-14,77,LNG,66.11,14.2,340.8,24,604.0685,0.98,Moderate,FMS_MARITIME,2026-04-06
2022-01-15,77,LSMGO,44.57,10.4,249.6,24,556.0536,0.53,Calm,FMS_MARITIME,2026-04-06
2022-01-16,77,LNG,67.32,14.8,355.2,24,590.1872,0.45,Calm,FMS_MARITIME,2026-04-06
2022-01-17,77,LNG,17.26,12.7,304.8,24,176.3374,0.83,Rough,FMS_MARITIME,2026-04-06
2022-01-18,77,MGO,82.68,9.3,223.2,24,1153.5194,0.67,Calm,FMS_MARITIME,2026-04-06
2022-01-19,77,VLSFO,52.12,11.1,266.4,24,609.2405,0.54,Rough,FMS_MARITIME,2026-04-06
2022-01-20,77,HFO,19.86,9.3,223.2,24,277.079,0.5,Moderate,FMS_MARITIME,2026-04-06
2022-01-21,77,VLSFO,67.79,8.5,204.0,24,1034.7944,0.95,Calm,FMS_MARITIME,2026-04-06
2022-01-22,77,HFO,19.74,13.1,314.4,24,195.5164,0.58,Rough,FMS_MARITIME,2026-04-06
2022-01-23,77,HFO,52.74,10.2,244.8,24,670.8838,0.55,Rough,FMS_MARITIME,2026-04-06
2022-01-24,77,LNG,41.56,17.9,429.6,24,301.252,0.83,Rough,FMS_MARITIME,2026-04-06
2022-01-25,77,LSMGO,41.02,15.4,369.6,24,345.6068,0.75,Rough,FMS_MARITIME,2026-04-06
2022-01-26,77,VLSFO,69.27,9.2,220.8,24,976.9329,0.95,Calm,FMS_MARITIME,2026-04-06
2022-01-27,77,LNG,71.02,16.0,384.0,24,575.9278,0.89,Moderate,FMS_MARITIME,2026-04-06
2022-01-28,77,MGO,35.29,11.8,283.2,24,388.0405,0.76,Moderate,FMS_MARITIME,2026-04-06
2022-01-28,77,MGO,26.82,9.7,232.8,24,358.7521,0.82,Calm,FMS_MARITIME,2026-04-06
2022-01-28,77,MGO,78.47,11.3,271.2,24,901.0162,0.44,Calm,FMS_MARITIME,2026-04-06
2022-01-01,78,LNG,17.06,12.0,288.0,24,184.4612,0.6,Moderate,FMS_MARITIME,2026-04-06
2022-01-02,78,VLSFO,27.26,11.3,271.2,24,313.0075,0.62,Rough,FMS_MARITIME,2026-04-06
2022-01-03,78,MGO,48.15,10.7,256.8,24,583.875,0.76,Rough,FMS_MARITIME,2026-04-06
2022-01-04,78,MGO,24.78,10.0,240.0,24,321.5205,0.48,Calm,FMS_MARITIME,2026-04-06
2022-01-05,78,VLSFO,17.73,11.7,280.8,24,196.6212,0.63,Rough,FMS_MARITIME,2026-04-06
2022-01-06,78,HFO,76.96,17.9,429.6,24,557.8525,0.44,Rough,FMS_MARITIME,2026-04-06
2022-01-07,78,LNG,38.22,16.2,388.8,24,306.1139,0.42,Moderate,FMS_MARITIME,2026-04-06
2022-01-08,78,HFO,61.69,14.2,340.8,24,563.6815,0.41,Moderate,FMS_MARITIME,2026-04-06
2022-01-09,78,HFO,53.75,10.3,247.2,24,677.0934,0.98,Rough,FMS_MARITIME,2026-04-06
2022-01-10,78,MGO,69.45,8.7,208.8,24,1035.7629,0.45,Moderate,FMS_MARITIME,2026-04-06
2022-01-11,78,VLSFO,28.96,13.8,331.2,24,272.287,0.64,Rough,FMS_MARITIME,2026-04-06
2022-01-12,78,LNG,46.82,8.5,204.0,24,714.6935,0.79,Calm,FMS_MARITIME,2026-04-06
2022-01-13,78,LNG,26.75,9.7,232.8,24,357.8157,0.79,Moderate,FMS_MARITIME,2026-04-06
2022-01-14,78,VLSFO,18.11,16.7,400.8,24,140.7049,0.96,Moderate,FMS_MARITIME,2026-04-06
2022-01-15,78,MGO,64.39,10.4,249.6,24,803.3272,0.46,Moderate,FMS_MARITIME,2026-04-06
2022-01-16,78,HFO,63.26,17.5,420.0,24,469.0277,1.0,Rough,FMS_MARITIME,2026-04-06
2022-01-17,78,LSMGO,69.09,17.2,412.8,24,521.1876,0.95,Calm,FMS_MARITIME,2026-04-06
2022-01-18,78,MGO,47.99,9.3,223.2,24,669.5379,0.87,Calm,FMS_MARITIME,2026-04-06
2022-01-19,78,VLSFO,17.05,14.9,357.6,24,148.4723,0.78,Moderate,FMS_MARITIME,2026-04-06
2022-01-20,78,LSMGO,84.73,14.0,336.0,24,785.2655,0.82,Moderate,FMS_MARITIME,2026-04-06
2022-01-21,78,LNG,59.96,8.9,213.6,24,874.136,0.57,Moderate,FMS_MARITIME,2026-04-06
2022-01-22,78,MGO,79.57,11.4,273.6,24,905.6322,0.9,Calm,FMS_MARITIME,2026-04-06
2022-01-23,78,LNG,63.67,10.8,259.2,24,764.9243,0.98,Rough,FMS_MARITIME,2026-04-06
2022-01-24,78,VLSFO,53.73,15.7,376.8,24,444.0425,0.43,Moderate,FMS_MARITIME,2026-04-06
2022-01-25,78,MGO,69.24,10.2,244.8,24,880.7735,1.0,Moderate,FMS_MARITIME,2026-04-06
2022-01-26,78,HFO,15.98,8.6,206.4,24,241.0936,0.44,Rough,FMS_MARITIME,2026-04-06
2022-01-27,78,HFO,23.2,13.6,326.4,24,221.3382,0.7,Calm,FMS_MARITIME,2026-04-06
2022-01-28,78,HFO,22.52,17.6,422.4,24,166.021,0.53,Rough,FMS_MARITIME,2026-04-06
2022-01-28,78,VLSFO,41.24,9.8,235.2,24,546.0092,1.0,Calm,FMS_MARITIME,2026-04-06
2022-01-28,78,LSMGO,25.32,13.6,326.4,24,241.564,0.71,Moderate,FMS_MARITIME,2026-04-06
2022-01-01,79,MGO,82.74,15.2,364.8,24,706.2839,0.77,Rough,FMS_MARITIME,2026-04-06
2022-01-02,79,MGO,70.93,10.1,242.4,24,911.2047,0.7,Moderate,FMS_MARITIME,2026-04-06
2022-01-03,79,LSMGO,72.7,17.6,422.4,24,535.956,0.91,Moderate,FMS_MARITIME,2026-04-06
2022-01-04,79,MGO,17.88,10.8,259.2,24,214.8083,0.9,Calm,FMS_MARITIME,2026-04-06
2022-01-05,79,VLSFO,71.55,13.2,316.8,24,703.304,0.86,Moderate,FMS_MARITIME,2026-04-06
2022-01-06,79,LSMGO,31.5,17.4,417.6,24,234.8922,0.84,Moderate,FMS_MARITIME,2026-04-06
2022-01-07,79,LNG,19.5,10.5,252.0,24,240.9643,0.68,Moderate,FMS_MARITIME,2026-04-06
2022-01-08,79,LNG,23.81,8.2,196.8,24,376.7497,0.61,Moderate,FMS_MARITIME,2026-04-06
2022-01-09,79,HFO,81.92,9.7,232.8,24,1095.7856,1.0,Moderate,FMS_MARITIME,2026-04-06
2022-01-10,79,HFO,54.63,12.3,295.2,24,576.2799,0.81,Rough,FMS_MARITIME,2026-04-06
2022-01-11,79,VLSFO,37.1,14.1,338.4,24,341.3989,0.53,Calm,FMS_MARITIME,2026-04-06
2022-01-12,79,VLSFO,22.85,8.9,213.6,24,333.1222,0.41,Moderate,FMS_MARITIME,2026-04-06
2022-01-13,79,MGO,66.49,11.6,278.4,24,743.7136,0.51,Calm,FMS_MARITIME,2026-04-06
2022-01-14,79,MGO,15.42,15.8,379.2,24,126.6294,0.58,Calm,FMS_MARITIME,2026-04-06
2022-01-15,79,MGO,73.93,13.2,316.8,24,726.6983,0.99,Rough,FMS_MARITIME,2026-04-06
2022-01-16,79,LNG,51.78,16.7,400.8,24,402.3027,0.56,Moderate,FMS_MARITIME,2026-04-06
2022-01-17,79,LSMGO,81.43,13.6,326.4,24,776.8781,0.64,Calm,FMS_MARITIME,2026-04-06
2022-01-18,79,HFO,17.58,14.5,348.0,24,157.3107,0.59,Moderate,FMS_MARITIME,2026-04-06
2022-01-19,79,LSMGO,28.9,13.9,333.6,24,269.768,0.47,Moderate,FMS_MARITIME,2026-04-06
2022-01-20,79,LNG,64.35,12.9,309.6,24,647.2413,0.86,Calm,FMS_MARITIME,2026-04-06
2022-01-21,79,VLSFO,74.05,9.0,216.0,24,1067.5542,0.8,Calm,FMS_MARITIME,2026-04-06
2022-01-22,79,HFO,52.42,14.5,348.0,24,469.0686,0.58,Calm,FMS_MARITIME,2026-04-06
2022-01-23,79,VLSFO,59.55,9.0,216.0,24,858.5125,0.93,Moderate,FMS_MARITIME,2026-04-06
2022-01-24,79,MGO,44.94,13.1,314.4,24,445.1118,0.68,Moderate,FMS_MARITIME,2026-04-06
2022-01-25,79,LSMGO,55.37,15.6,374.4,24,460.5293,0.46,Calm,FMS_MARITIME,2026-04-06
2022-01-26,79,LSMGO,48.55,11.1,266.4,24,567.5101,0.49,Moderate,FMS_MARITIME,2026-04-06
2022-01-27,79,LNG,53.17,10.7,256.8,24,644.7484,0.52,Rough,FMS_MARITIME,2026-04-06
2022-01-28,79,VLSFO,15.92,16.0,384.0,24,129.1012,0.68,Rough,FMS_MARITIME,2026-04-06
2022-01-28,79,HFO,24.27,12.4,297.6,24,253.9542,0.63,Moderate,FMS_MARITIME,2026-04-06
2022-01-28,79,LNG,24.29,12.8,307.2,24,246.2209,0.7,Calm,FMS_MARITIME,2026-04-06
2022-01-01,80,HFO,54.75,14.3,343.2,24,496.7701,0.58,Calm,FMS_MARITIME,2026-04-06
2022-01-02,80,VLSFO,60.9,12.9,309.6,24,612.5407,0.55,Calm,FMS_MARITIME,2026-04-06
2022-01-03,80,MGO,22.64,12.1,290.4,24,242.7719,0.47,Calm,FMS_MARITIME,2026-04-06
2022-01-04,80,VLSFO,77.99,11.4,273.6,24,887.6493,0.47,Calm,FMS_MARITIME,2026-04-06
2022-01-05,80,HFO,59.4,16.1,386.4,24,478.705,0.6,Moderate,FMS_MARITIME,2026-04-06
2022-01-06,80,MGO,81.27,12.6,302.4,24,836.8875,0.69,Rough,FMS_MARITIME,2026-04-06
2022-01-07,80,HFO,56.14,12.5,300.0,24,582.7332,0.97,Rough,FMS_MARITIME,2026-04-06
2022-01-08,80,LSMGO,73.39,15.1,362.4,24,630.6194,0.7,Calm,FMS_MARITIME,2026-04-06
2022-01-09,80,MGO,54.61,13.6,326.4,24,521.0035,0.76,Moderate,FMS_MARITIME,2026-04-06
2022-01-10,80,LNG,35.17,11.7,280.8,24,390.0263,0.9,Calm,FMS_MARITIME,2026-04-06
2022-01-11,80,HFO,46.72,10.8,259.2,24,561.2889,0.95,Calm,FMS_MARITIME,2026-04-06
2022-01-12,80,VLSFO,57.16,15.4,369.6,24,481.5916,0.57,Calm,FMS_MARITIME,2026-04-06
2022-01-13,80,MGO,84.96,9.2,220.8,24,1198.213,0.42,Moderate,FMS_MARITIME,2026-04-06
2022-01-14,80,LNG,76.7,10.8,259.2,24,921.4653,0.95,Rough,FMS_MARITIME,2026-04-06
2022-01-15,80,HFO,75.26,14.2,340.8,24,687.675,0.77,Rough,FMS_MARITIME,2026-04-06
2022-01-16,80,HFO,26.98,13.6,326.4,24,257.4011,0.8,Calm,FMS_MARITIME,2026-04-06
2022-01-17,80,MGO,79.41,14.4,345.6,24,715.5172,0.92,Moderate,FMS_MARITIME,2026-04-06
2022-01-18,80,LNG,84.55,11.5,276.0,24,953.9446,0.99,Rough,FMS_MARITIME,2026-04-06
2022-01-19,80,VLSFO,75.38,9.5,228.0,24,1029.5321,0.72,Calm,FMS_MARITIME,2026-04-06
2022-01-20,80,LNG,78.05,8.5,204.0,24,1191.4103,0.64,Moderate,FMS_MARITIME,2026-04-06
2022-01-21,80,HFO,52.44,17.1,410.4,24,397.9,0.92,Calm,FMS_MARITIME,2026-04-06
2022-01-22,80,HFO,78.66,15.1,362.4,24,675.903,0.74,Rough,FMS_MARITIME,2026-04-06
2022-01-23,80,MGO,37.26,9.2,220.8,24,525.4875,0.99,Calm,FMS_MARITIME,2026-04-06
2022-01-24,80,HFO,25.35,16.8,403.2,24,195.7835,0.79,Moderate,FMS_MARITIME,2026-04-06
2022-01-25,80,LNG,55.85,11.6,278.4,24,624.7015,0.82,Calm,FMS_MARITIME,2026-04-06
2022-01-26,80,VLSFO,81.55,8.7,208.8,24,1216.2198,0.41,Calm,FMS_MARITIME,2026-04-06
2022-01-27,80,VLSFO,55.24,13.1,314.4,24,547.129,0.44,Rough,FMS_MARITIME,2026-04-06
2022-01-28,80,VLSFO,27.85,17.1,410.4,24,211.318,0.48,Moderate,FMS_MARITIME,2026-04-06
2022-01-28,80,VLSFO,56.18,11.7,280.8,24,623.0218,0.72,Rough,FMS_MARITIME,2026-04-06
2022-01-28,80,MGO,50.16,14.3,343.2,24,455.1231,0.64,Calm,FMS_MARITIME,2026-04-06
2022-01-01,81,VLSFO,70.41,10.4,249.6,24,878.4325,0.91,Calm,FMS_MARITIME,2026-04-06
2022-01-02,81,LSMGO,83.87,17.3,415.2,24,629.025,0.95,Rough,FMS_MARITIME,2026-04-06
2022-01-03,81,VLSFO,21.93,11.4,273.6,24,249.598,0.64,Calm,FMS_MARITIME,2026-04-06
2022-01-04,81,HFO,16.96,10.0,240.0,24,220.056,0.93,Calm,FMS_MARITIME,2026-04-06
2022-01-05,81,LSMGO,52.03,13.7,328.8,24,492.7659,0.43,Moderate,FMS_MARITIME,2026-04-06
2022-01-06,81,LNG,79.92,14.4,345.6,24,720.1125,0.45,Calm,FMS_MARITIME,2026-04-06
2022-01-07,81,HFO,17.76,11.3,271.2,24,203.9257,0.48,Moderate,FMS_MARITIME,2026-04-06
2022-01-08,81,HFO,27.46,11.3,271.2,24,315.304,0.57,Rough,FMS_MARITIME,2026-04-06
2022-01-09,81,MGO,50.02,10.0,240.0,24,649.0095,0.93,Rough,FMS_MARITIME,2026-04-06
2022-01-10,81,MGO,38.17,15.0,360.0,24,330.1705,0.45,Calm,FMS_MARITIME,2026-04-06
2022-01-11,81,MGO,37.53,10.9,261.6,24,446.7447,0.49,Rough,FMS_MARITIME,2026-04-06
2022-01-12,81,LSMGO,73.39,13.9,333.6,24,685.0613,0.65,Calm,FMS_MARITIME,2026-04-06
2022-01-13,81,MGO,53.81,15.3,367.2,24,456.3299,0.4,Rough,FMS_MARITIME,2026-04-06
2022-01-14,81,LSMGO,18.85,10.5,252.0,24,232.9321,0.92,Calm,FMS_MARITIME,2026-04-06
2022-01-15,81,HFO,65.31,12.0,288.0,24,706.1644,0.83,Moderate,FMS_MARITIME,2026-04-06
2022-01-16,81,HFO,62.72,15.5,372.0,24,525.0271,0.67,Moderate,FMS_MARITIME,2026-04-06
2022-01-17,81,LSMGO,19.13,17.7,424.8,24,140.2326,0.53,Rough,FMS_MARITIME,2026-04-06
2022-01-18,81,MGO,64.5,16.4,393.6,24,510.2973,0.93,Calm,FMS_MARITIME,2026-04-06
2022-01-19,81,LNG,41.45,17.8,427.2,24,302.1426,0.61,Rough,FMS_MARITIME,2026-04-06
2022-01-20,81,MGO,73.99,16.6,398.4,24,578.3255,0.48,Rough,FMS_MARITIME,2026-04-06
2022-01-21,81,LNG,48.28,13.2,316.8,24,474.5705,0.85,Moderate,FMS_MARITIME,2026-04-06
2022-01-22,81,LNG,39.88,8.2,196.8,24,631.028,0.58,Rough,FMS_MARITIME,2026-04-06
2022-01-23,81,LNG,80.33,17.9,429.6,24,582.2803,0.74,Rough,FMS_MARITIME,2026-04-06
2022-01-24,81,HFO,57.93,10.2,244.8,24,736.9037,0.52,Moderate,FMS_MARITIME,2026-04-06
2022-01-25,81,HFO,33.62,14.0,336.0,24,311.5854,0.52,Moderate,FMS_MARITIME,2026-04-06
2022-01-26,81,MGO,61.06,17.1,410.4,24,463.3061,0.57,Moderate,FMS_MARITIME,2026-04-06
2022-01-27,81,HFO,41.35,15.6,374.4,24,343.9207,0.47,Moderate,FMS_MARITIME,2026-04-06
2022-01-28,81,LSMGO,56.29,11.2,268.8,24,652.1096,0.81,Moderate,FMS_MARITIME,2026-04-06
2022-01-28,81,LNG,16.27,13.3,319.2,24,158.7242,0.5,Rough,FMS_MARITIME,2026-04-06
2022-01-28,81,LSMGO,20.49,13.7,328.8,24,194.0568,0.88,Moderate,FMS_MARITIME,2026-04-06
2022-01-01,82,LSMGO,81.4,14.6,350.4,24,723.4007,0.63,Calm,FMS_MARITIME,2026-04-06
2022-01-02,82,VLSFO,54.93,10.1,242.4,24,705.6601,0.76,Calm,FMS_MARITIME,2026-04-06
2022-01-03,82,LSMGO,80.0,17.4,417.6,24,596.5517,0.48,Calm,FMS_MARITIME,2026-04-06
2022-01-04,82,VLSFO,72.13,12.9,309.6,24,725.4936,0.92,Rough,FMS_MARITIME,2026-04-06
2022-01-05,82,LNG,57.56,11.6,278.4,24,643.8284,0.86,Rough,FMS_MARITIME,2026-04-06
2022-01-06,82,LNG,74.07,11.3,271.2,24,850.494,0.74,Calm,FMS_MARITIME,2026-04-06
2022-01-07,82,HFO,74.46,13.9,333.6,24,695.0493,0.61,Moderate,FMS_MARITIME,2026-04-06
2022-01-08,82,LSMGO,38.44,10.0,240.0,24,498.759,0.76,Calm,FMS_MARITIME,2026-04-06
2022-01-09,82,LSMGO,21.35,18.0,432.0,24,153.8979,0.6,Calm,FMS_MARITIME,2026-04-06
2022-01-10,82,VLSFO,83.66,8.5,204.0,24,1277.0453,0.66,Moderate,FMS_MARITIME,2026-04-06
2022-01-11,82,HFO,29.0,15.9,381.6,24,236.6509,0.89,Moderate,FMS_MARITIME,2026-04-06
2022-01-12,82,LSMGO,16.0,17.0,408.0,24,122.1176,0.58,Moderate,FMS_MARITIME,2026-04-06
2022-01-13,82,MGO,23.24,13.2,316.8,24,228.4386,0.63,Rough,FMS_MARITIME,2026-04-06
2022-01-14,82,HFO,66.73,9.6,230.4,24,901.8977,0.42,Rough,FMS_MARITIME,2026-04-06
2022-01-15,82,LNG,29.88,8.5,204.0,24,456.1094,0.74,Calm,FMS_MARITIME,2026-04-06
2022-01-16,82,LNG,69.42,16.1,386.4,24,559.4562,0.78,Moderate,FMS_MARITIME,2026-04-06
2022-01-17,82,MGO,32.56,15.8,379.2,24,267.3835,0.71,Rough,FMS_MARITIME,2026-04-06
2022-01-18,82,LSMGO,21.97,12.7,304.8,24,224.4573,0.99,Rough,FMS_MARITIME,2026-04-06
2022-01-19,82,LSMGO,54.36,15.7,376.8,24,449.249,0.86,Calm,FMS_MARITIME,2026-04-06
2022-01-20,82,HFO,73.84,17.7,424.8,24,541.2847,0.86,Rough,FMS_MARITIME,2026-04-06
2022-01-21,82,LSMGO,48.39,13.5,324.0,24,465.0817,0.84,Rough,FMS_MARITIME,2026-04-06
2022-01-22,82,LNG,60.0,11.3,271.2,24,688.9381,0.55,Rough,FMS_MARITIME,2026-04-06
2022-01-23,82,VLSFO,74.32,16.5,396.0,24,584.4255,0.5,Rough,FMS_MARITIME,2026-04-06
2022-01-24,82,LSMGO,33.72,12.2,292.8,24,358.6205,0.83,Rough,FMS_MARITIME,2026-04-06
2022-01-25,82,LSMGO,29.5,17.5,420.0,24,218.7214,0.75,Moderate,FMS_MARITIME,2026-04-06
2022-01-26,82,VLSFO,73.76,11.6,278.4,24,825.031,0.5,Calm,FMS_MARITIME,2026-04-06
2022-01-27,82,LSMGO,46.14,16.4,393.6,24,365.0405,0.86,Moderate,FMS_MARITIME,2026-04-06
2022-01-28,82,MGO,79.34,8.9,213.6,24,1156.6702,0.67,Moderate,FMS_MARITIME,2026-04-06
2022-01-28,82,HFO,44.66,14.0,336.0,24,413.9025,0.76,Moderate,FMS_MARITIME,2026-04-06
2022-01-28,82,HFO,74.82,11.1,266.4,24,874.5851,0.58,Calm,FMS_MARITIME,2026-04-06
2022-01-01,83,VLSFO,68.12,14.1,338.4,24,626.8489,0.45,Moderate,FMS_MARITIME,2026-04-06
2022-01-02,83,LSMGO,80.72,11.3,271.2,24,926.8513,0.96,Calm,FMS_MARITIME,2026-04-06
2022-01-03,83,HFO,37.85,16.3,391.2,24,301.2906,0.46,Calm,FMS_MARITIME,2026-04-06
2022-01-04,83,HFO,41.65,11.5,276.0,24,469.9207,0.52,Calm,FMS_MARITIME,2026-04-06
2022-01-05,83,MGO,70.5,14.4,345.6,24,635.2344,0.48,Moderate,FMS_MARITIME,2026-04-06
2022-01-06,83,MGO,62.14,17.4,417.6,24,463.3716,0.47,Moderate,FMS_MARITIME,2026-04-06
2022-01-07,83,LSMGO,34.81,11.9,285.6,24,379.546,0.93,Moderate,FMS_MARITIME,2026-04-06
2022-01-08,83,MGO,65.88,10.2,244.8,24,838.0324,0.97,Calm,FMS_MARITIME,2026-04-06
2022-01-09,83,HFO,74.84,17.3,415.2,24,561.3,0.41,Rough,FMS_MARITIME,2026-04-06
2022-01-10,83,LSMGO,17.57,8.6,206.4,24,265.0823,0.72,Calm,FMS_MARITIME,2026-04-06
2022-01-11,83,VLSFO,20.34,16.7,400.8,24,158.0308,0.49,Moderate,FMS_MARITIME,2026-04-06
2022-01-12,83,HFO,40.17,9.1,218.4,24,572.7536,0.84,Moderate,FMS_MARITIME,2026-04-06
2022-01-13,83,VLSFO,57.07,12.8,307.2,24,578.5025,0.53,Calm,FMS_MARITIME,2026-04-06
2022-01-14,83,HFO,57.22,9.4,225.6,24,789.8186,0.97,Rough,FMS_MARITIME,2026-04-06
2022-01-15,83,MGO,81.26,8.7,208.8,24,1211.8948,0.63,Rough,FMS_MARITIME,2026-04-06
2022-01-16,83,LSMGO,42.81,9.6,230.4,24,578.6039,0.68,Rough,FMS_MARITIME,2026-04-06
2022-01-17,83,HFO,22.47,8.7,208.8,24,335.1129,0.66,Moderate,FMS_MARITIME,2026-04-06
2022-01-18,83,LSMGO,17.96,11.4,273.6,24,204.4132,0.4,Rough,FMS_MARITIME,2026-04-06
2022-01-19,83,LNG,33.87,16.1,386.4,24,272.9585,0.97,Moderate,FMS_MARITIME,2026-04-06
2022-01-20,83,MGO,50.7,12.6,302.4,24,522.0893,0.75,Calm,FMS_MARITIME,2026-04-06
2022-01-21,83,LNG,70.6,13.0,312.0,24,704.6423,0.62,Moderate,FMS_MARITIME,2026-04-06
2022-01-22,83,HFO,52.13,17.4,417.6,24,388.728,0.82,Calm,FMS_MARITIME,2026-04-06
2022-01-23,83,LNG,46.4,16.0,384.0,24,376.275,0.49,Calm,FMS_MARITIME,2026-04-06
2022-01-24,83,LSMGO,34.32,14.7,352.8,24,302.9265,0.51,Moderate,FMS_MARITIME,2026-04-06
2022-01-25,83,MGO,46.7,17.1,410.4,24,354.3465,0.83,Rough,FMS_MARITIME,2026-04-06
2022-01-26,83,VLSFO,17.81,9.6,230.4,24,240.7133,0.6,Calm,FMS_MARITIME,2026-04-06
2022-01-27,83,VLSFO,33.4,12.1,290.4,24,358.1529,0.93,Moderate,FMS_MARITIME,2026-04-06
2022-01-28,83,MGO,42.96,15.0,360.0,24,371.604,0.98,Rough,FMS_MARITIME,2026-04-06
2022-01-28,83,LSMGO,33.76,16.0,384.0,24,273.7725,0.41,Calm,FMS_MARITIME,2026-04-06
2022-01-28,83,LSMGO,16.27,15.3,367.2,24,137.976,0.47,Calm,FMS_MARITIME,2026-04-06
2022-01-01,84,MGO,72.79,12.3,295.2,24,767.8457,0.86,Moderate,FMS_MARITIME,2026-04-06
2022-01-02,84,LSMGO,17.6,12.1,290.4,24,188.7273,0.44,Rough,FMS_MARITIME,2026-04-06
2022-01-03,84,HFO,72.4,16.3,391.2,24,576.3129,0.63,Calm,FMS_MARITIME,2026-04-06
2022-01-04,84,LNG,66.64,8.3,199.2,24,1041.7518,0.59,Moderate,FMS_MARITIME,2026-04-06
2022-01-05,84,VLSFO,25.49,12.9,309.6,24,256.382,0.67,Calm,FMS_MARITIME,2026-04-06
2022-01-06,84,MGO,34.4,17.8,427.2,24,250.7528,0.85,Rough,FMS_MARITIME,2026-04-06
2022-01-07,84,HFO,45.7,11.9,285.6,24,498.2836,0.73,Moderate,FMS_MARITIME,2026-04-06
2022-01-08,84,VLSFO,59.58,17.2,412.8,24,449.448,0.75,Moderate,FMS_MARITIME,2026-04-06
2022-01-09,84,MGO,34.72,18.0,432.0,24,250.2733,0.89,Rough,FMS_MARITIME,2026-04-06
2022-01-10,84,LSMGO,27.94,11.2,268.8,24,323.6799,0.46,Moderate,FMS_MARITIME,2026-04-06
2022-01-11,84,VLSFO,59.56,14.4,345.6,24,536.6604,0.82,Rough,FMS_MARITIME,2026-04-06
2022-01-12,84,MGO,62.59,13.6,326.4,24,597.1362,0.91,Moderate,FMS_MARITIME,2026-04-06
2022-01-13,84,VLSFO,31.25,16.7,400.8,24,242.7957,0.76,Rough,FMS_MARITIME,2026-04-06
2022-01-14,84,VLSFO,63.79,12.9,309.6,24,641.6087,0.91,Rough,FMS_MARITIME,2026-04-06
2022-01-15,84,LSMGO,44.22,12.4,297.6,24,462.7052,0.52,Moderate,FMS_MARITIME,2026-04-06
2022-01-16,84,LSMGO,50.02,17.2,412.8,24,377.3311,0.41,Calm,FMS_MARITIME,2026-04-06
2022-01-17,84,VLSFO,74.41,8.4,201.6,24,1149.3687,0.84,Rough,FMS_MARITIME,2026-04-06
2022-01-18,84,MGO,28.89,15.4,369.6,24,243.4076,0.55,Rough,FMS_MARITIME,2026-04-06
2022-01-19,84,HFO,72.87,8.8,211.2,24,1074.4185,0.66,Rough,FMS_MARITIME,2026-04-06
2022-01-20,84,VLSFO,37.11,16.8,403.2,24,286.6085,0.98,Rough,FMS_MARITIME,2026-04-06
2022-01-21,84,LNG,33.8,15.0,360.0,24,292.37,0.43,Calm,FMS_MARITIME,2026-04-06
2022-01-22,84,HFO,23.9,15.0,360.0,24,206.735,0.91,Calm,FMS_MARITIME,2026-04-06
2022-01-23,84,HFO,15.01,17.7,424.8,24,110.0309,0.51,Calm,FMS_MARITIME,2026-04-06
2022-01-24,84,VLSFO,53.72,17.8,427.2,24,391.5826,0.9,Moderate,FMS_MARITIME,2026-04-06
2022-01-25,84,HFO,69.42,11.7,280.8,24,769.85,0.5,Moderate,FMS_MARITIME,2026-04-06
2022-01-26,84,LSMGO,35.05,12.3,295.2,24,369.7348,0.55,Calm,FMS_MARITIME,2026-04-06
2022-01-27,84,LNG,75.11,14.9,357.6,24,654.0619,0.54,Rough,FMS_MARITIME,2026-04-06
2022-01-28,84,LSMGO,38.19,10.0,240.0,24,495.5152,0.71,Moderate,FMS_MARITIME,2026-04-06
2022-01-28,84,MGO,55.21,11.4,273.6,24,628.377,0.54,Rough,FMS_MARITIME,2026-04-06
2022-01-28,84,LNG,47.82,15.0,360.0,24,413.643,0.53,Rough,FMS_MARITIME,2026-04-06
2022-01-01,85,LSMGO,77.02,14.8,355.2,24,675.226,0.62,Calm,FMS_MARITIME,2026-04-06
2022-01-02,85,LNG,24.14,8.9,213.6,24,351.9287,0.88,Moderate,FMS_MARITIME,2026-04-06
2022-01-03,85,LNG,55.92,8.7,208.8,24,833.9793,0.97,Moderate,FMS_MARITIME,2026-04-06
2022-01-04,85,LNG,39.43,15.3,367.2,24,334.3819,0.46,Moderate,FMS_MARITIME,2026-04-06
2022-01-05,85,LNG,39.77,14.3,343.2,24,360.8502,0.97,Calm,FMS_MARITIME,2026-04-06
2022-01-06,85,MGO,19.78,12.5,300.0,24,205.3164,0.92,Moderate,FMS_MARITIME,2026-04-06
2022-01-07,85,HFO,22.42,9.2,220.8,24,316.1951,0.66,Calm,FMS_MARITIME,2026-04-06
2022-01-08,85,VLSFO,59.76,16.3,391.2,24,475.6969,0.97,Rough,FMS_MARITIME,2026-04-06
2022-01-09,85,VLSFO,39.35,8.1,194.4,24,630.3287,0.49,Calm,FMS_MARITIME,2026-04-06
2022-01-10,85,LNG,61.23,14.7,352.8,24,540.4485,0.5,Moderate,FMS_MARITIME,2026-04-06
2022-01-11,85,MGO,50.66,16.6,398.4,24,395.972,0.79,Rough,FMS_MARITIME,2026-04-06
2022-01-12,85,LNG,54.63,12.0,288.0,24,590.6869,0.46,Moderate,FMS_MARITIME,2026-04-06
2022-01-13,85,HFO,34.07,12.0,288.0,24,368.3819,0.45,Moderate,FMS_MARITIME,2026-04-06
2022-01-14,85,MGO,52.83,14.6,350.4,24,469.4995,0.97,Rough,FMS_MARITIME,2026-04-06
2022-01-15,85,MGO,52.59,14.3,343.2,24,477.1715,0.74,Moderate,FMS_MARITIME,2026-04-06
2022-01-16,85,VLSFO,78.09,14.6,350.4,24,693.9848,0.66,Calm,FMS_MARITIME,2026-04-06
2022-01-17,85,MGO,71.66,12.1,290.4,24,768.4202,0.98,Moderate,FMS_MARITIME,2026-04-06
2022-01-18,85,MGO,30.9,13.9,333.6,24,288.4371,0.43,Calm,FMS_MARITIME,2026-04-06
2022-01-19,85,LNG,80.1,10.8,259.2,24,962.3125,0.4,Moderate,FMS_MARITIME,2026-04-06
2022-01-20,85,HFO,41.29,16.4,393.6,24,326.6694,0.97,Rough,FMS_MARITIME,2026-04-06
2022-01-21,85,LSMGO,58.61,13.0,312.0,24,584.9729,0.77,Moderate,FMS_MARITIME,2026-04-06
2022-01-22,85,HFO,59.49,17.3,415.2,24,446.175,0.48,Calm,FMS_MARITIME,2026-04-06
2022-01-23,85,MGO,52.18,11.1,266.4,24,609.9419,0.78,Calm,FMS_MARITIME,2026-04-06
2022-01-24,85,HFO,72.79,14.3,343.2,24,660.4547,0.86,Rough,FMS_MARITIME,2026-04-06
2022-01-25,85,VLSFO,36.63,10.9,261.6,24,436.0314,0.71,Rough,FMS_MARITIME,2026-04-06
2022-01-26,85,MGO,16.43,13.0,312.0,24,163.984,0.51,Calm,FMS_MARITIME,2026-04-06
2022-01-27,85,LNG,40.96,15.6,374.4,24,340.6769,0.48,Rough,FMS_MARITIME,2026-04-06
2022-01-28,85,LNG,80.03,17.0,408.0,24,610.8172,0.42,Calm,FMS_MARITIME,2026-04-06
2022-01-28,85,HFO,29.14,9.0,216.0,24,420.1017,0.55,Moderate,FMS_MARITIME,2026-04-06
2022-01-28,85,MGO,56.6,11.9,285.6,24,617.1303,0.94,Rough,FMS_MARITIME,2026-04-06
2022-01-01,86,MGO,55.19,17.4,417.6,24,411.5461,0.43,Rough,FMS_MARITIME,2026-04-06
2022-01-02,86,LSMGO,52.03,11.7,280.8,24,576.9994,0.51,Rough,FMS_MARITIME,2026-04-06
2022-01-03,86,MGO,26.96,9.7,232.8,24,360.6247,0.62,Calm,FMS_MARITIME,2026-04-06
2022-01-04,86,HFO,47.77,14.0,336.0,24,442.7255,0.77,Calm,FMS_MARITIME,2026-04-06
2022-01-05,86,VLSFO,81.13,13.2,316.8,24,797.471,0.92,Moderate,FMS_MARITIME,2026-04-06
2022-01-06,86,LSMGO,72.78,17.8,427.2,24,530.5171,0.41,Rough,FMS_MARITIME,2026-04-06
2022-01-07,86,HFO,72.72,10.4,249.6,24,907.2519,0.57,Calm,FMS_MARITIME,2026-04-06
2022-01-08,86,MGO,59.63,8.3,199.2,24,932.1678,0.91,Moderate,FMS_MARITIME,2026-04-06
2022-01-09,86,LSMGO,78.35,13.2,316.8,24,770.1449,0.44,Rough,FMS_MARITIME,2026-04-06
2022-01-10,86,MGO,20.84,16.5,396.0,24,163.8782,0.84,Calm,FMS_MARITIME,2026-04-06
2022-01-11,86,HFO,29.21,10.3,247.2,24,367.9609,0.74,Calm,FMS_MARITIME,2026-04-06
2022-01-12,86,LSMGO,59.24,15.2,364.8,24,505.6836,0.6,Moderate,FMS_MARITIME,2026-04-06
2022-01-13,86,MGO,69.29,17.8,427.2,24,505.0774,0.5,Moderate,FMS_MARITIME,2026-04-06
2022-01-14,86,HFO,66.01,11.3,271.2,24,757.9467,0.73,Rough,FMS_MARITIME,2026-04-06
2022-01-15,86,LSMGO,77.03,11.3,271.2,24,884.4816,0.96,Rough,FMS_MARITIME,2026-04-06
2022-01-16,86,LSMGO,17.01,9.8,235.2,24,225.2089,0.81,Rough,FMS_MARITIME,2026-04-06
2022-01-17,86,LNG,58.97,13.2,316.8,24,579.6483,0.74,Calm,FMS_MARITIME,2026-04-06
2022-01-18,86,LSMGO,67.1,15.8,379.2,24,551.0269,0.71,Rough,FMS_MARITIME,2026-04-06
2022-01-19,86,VLSFO,48.03,11.9,285.6,24,523.6884,0.53,Moderate,FMS_MARITIME,2026-04-06
2022-01-20,86,VLSFO,50.6,17.1,410.4,24,383.9386,0.91,Calm,FMS_MARITIME,2026-04-06
2022-01-21,86,HFO,61.75,11.8,283.2,24,678.9883,0.47,Moderate,FMS_MARITIME,2026-04-06
2022-01-22,86,LNG,44.86,13.1,314.4,24,444.3195,0.79,Calm,FMS_MARITIME,2026-04-06
2022-01-23,86,HFO,81.17,12.6,302.4,24,835.8577,0.71,Calm,FMS_MARITIME,2026-04-06
2022-01-24,86,LSMGO,45.49,16.3,391.2,24,362.106,0.98,Rough,FMS_MARITIME,2026-04-06
2022-01-25,86,LSMGO,84.31,17.0,408.0,24,643.4837,0.44,Calm,FMS_MARITIME,2026-04-06
2022-01-26,86,MGO,23.58,17.8,427.2,24,171.8823,0.53,Moderate,FMS_MARITIME,2026-04-06
2022-01-27,86,MGO,29.22,17.7,424.8,24,214.1975,0.42,Moderate,FMS_MARITIME,2026-04-06
2022-01-28,86,HFO,17.88,8.6,206.4,24,269.7593,0.58,Rough,FMS_MARITIME,2026-04-06
2022-01-28,86,HFO,36.53,17.3,415.2,24,273.975,0.99,Rough,FMS_MARITIME,2026-04-06
2022-01-28,86,MGO,74.17,15.0,360.0,24,641.5705,0.46,Moderate,FMS_MARITIME,2026-04-06
2022-01-01,87,HFO,84.68,13.9,333.6,24,790.4482,0.92,Moderate,FMS_MARITIME,2026-04-06
2022-01-02,87,HFO,62.4,17.5,420.0,24,462.6514,0.41,Moderate,FMS_MARITIME,2026-04-06
2022-01-03,87,LNG,81.34,8.1,194.4,24,1302.9463,0.9,Moderate,FMS_MARITIME,2026-04-06
2022-01-04,87,VLSFO,55.61,16.9,405.6,24,426.9466,0.84,Moderate,FMS_MARITIME,2026-04-06
2022-01-05,87,MGO,77.88,14.0,336.0,24,721.7807,0.78,Moderate,FMS_MARITIME,2026-04-06
2022-01-06,87,LNG,76.9,14.1,338.4,24,707.6436,0.41,Moderate,FMS_MARITIME,2026-04-06
2022-01-07,87,LSMGO,59.12,9.6,230.4,24,799.0437,0.87,Rough,FMS_MARITIME,2026-04-06
2022-01-08,87,LNG,61.5,16.0,384.0,24,498.7266,0.41,Rough,FMS_MARITIME,2026-04-06
2022-01-09,87,VLSFO,84.3,16.3,391.2,24,671.0383,0.95,Moderate,FMS_MARITIME,2026-04-06
2022-01-10,87,HFO,21.11,8.9,213.6,24,307.7553,0.91,Rough,FMS_MARITIME,2026-04-06
2022-01-11,87,MGO,20.82,16.7,400.8,24,161.7602,0.71,Rough,FMS_MARITIME,2026-04-06
2022-01-12,87,LNG,27.57,15.8,379.2,24,226.4055,0.82,Moderate,FMS_MARITIME,2026-04-06
2022-01-13,87,HFO,49.57,10.3,247.2,24,624.4376,0.81,Calm,FMS_MARITIME,2026-04-06
2022-01-14,87,LNG,58.99,11.1,266.4,24,689.5453,0.45,Rough,FMS_MARITIME,2026-04-06
2022-01-15,87,HFO,20.82,14.1,338.4,24,191.5883,0.75,Calm,FMS_MARITIME,2026-04-06
2022-01-16,87,LNG,30.91,9.9,237.6,24,405.1083,0.56,Moderate,FMS_MARITIME,2026-04-06
2022-01-17,87,VLSFO,75.0,15.0,360.0,24,648.75,0.47,Moderate,FMS_MARITIME,2026-04-06
2022-01-18,87,HFO,69.51,17.5,420.0,24,515.367,0.65,Moderate,FMS_MARITIME,2026-04-06
2022-01-19,87,LSMGO,19.07,15.3,367.2,24,161.7211,0.52,Moderate,FMS_MARITIME,2026-04-06
2022-01-20,87,LSMGO,37.28,14.1,338.4,24,343.0553,0.74,Rough,FMS_MARITIME,2026-04-06
2022-01-21,87,HFO,43.35,13.0,312.0,24,432.6663,0.77,Calm,FMS_MARITIME,2026-04-06
2022-01-22,87,HFO,29.65,14.3,343.2,24,269.0271,0.86,Moderate,FMS_MARITIME,2026-04-06
2022-01-23,87,VLSFO,15.59,12.5,300.0,24,161.8242,0.74,Moderate,FMS_MARITIME,2026-04-06
2022-01-24,87,HFO,34.17,12.7,304.8,24,349.099,0.9,Rough,FMS_MARITIME,2026-04-06
2022-01-25,87,HFO,30.83,11.7,280.8,24,341.8968,0.92,Rough,FMS_MARITIME,2026-04-06
2022-01-26,87,VLSFO,68.94,16.5,396.0,24,542.1191,0.77,Rough,FMS_MARITIME,2026-04-06
2022-01-27,87,VLSFO,50.41,10.0,240.0,24,654.0697,0.67,Moderate,FMS_MARITIME,2026-04-06
2022-01-28,87,LSMGO,53.86,10.8,259.2,24,647.0681,0.47,Calm,FMS_MARITIME,2026-04-06
2022-01-28,87,HFO,53.95,11.8,283.2,24,593.2214,0.44,Rough,FMS_MARITIME,2026-04-06
2022-01-28,87,VLSFO,77.13,13.8,331.2,24,725.1897,0.43,Rough,FMS_MARITIME,2026-04-06
2022-01-01,88,VLSFO,23.96,9.4,225.6,24,330.7245,0.51,Rough,FMS_MARITIME,2026-04-06
2022-01-02,88,LSMGO,31.99,12.6,302.4,24,329.4208,0.92,Rough,FMS_MARITIME,2026-04-06
2022-01-03,88,LNG,42.05,12.4,297.6,24,439.999,0.77,Moderate,FMS_MARITIME,2026-04-06
2022-01-04,88,MGO,59.44,9.0,216.0,24,856.9267,0.46,Rough,FMS_MARITIME,2026-04-06
2022-01-05,88,LSMGO,32.04,12.8,307.2,24,324.7805,0.67,Rough,FMS_MARITIME,2026-04-06
2022-01-06,88,HFO,58.24,18.0,432.0,24,419.8133,0.82,Calm,FMS_MARITIME,2026-04-06
2022-01-07,88,LNG,58.95,17.0,408.0,24,449.9272,0.42,Moderate,FMS_MARITIME,2026-04-06
2022-01-08,88,LNG,37.7,15.0,360.0,24,326.105,0.71,Rough,FMS_MARITIME,2026-04-06
2022-01-09,88,MGO,60.99,11.9,285.6,24,664.996,0.97,Moderate,FMS_MARITIME,2026-04-06
2022-01-10,88,LNG,59.44,12.6,302.4,24,612.0905,0.76,Calm,FMS_MARITIME,2026-04-06
2022-01-11,88,HFO,23.9,12.8,307.2,24,242.2676,0.57,Rough,FMS_MARITIME,2026-04-06
2022-01-12,88,LSMGO,63.11,11.1,266.4,24,737.7047,0.81,Rough,FMS_MARITIME,2026-04-06
2022-01-13,88,LSMGO,35.35,16.6,398.4,24,276.305,0.53,Moderate,FMS_MARITIME,2026-04-06
2022-01-14,88,VLSFO,22.84,10.6,254.4,24,279.5745,0.72,Calm,FMS_MARITIME,2026-04-06
2022-01-15,88,MGO,43.85,13.0,312.0,24,437.6567,0.85,Moderate,FMS_MARITIME,2026-04-06
2022-01-16,88,MGO,77.46,17.8,427.2,24,564.6312,0.88,Rough,FMS_MARITIME,2026-04-06
2022-01-17,88,LNG,69.01,13.0,312.0,24,688.7729,0.89,Calm,FMS_MARITIME,2026-04-06
2022-01-18,88,VLSFO,82.45,16.9,405.6,24,633.0111,0.77,Rough,FMS_MARITIME,2026-04-06
2022-01-19,88,HFO,46.8,8.4,201.6,24,722.8929,0.41,Rough,FMS_MARITIME,2026-04-06
2022-01-20,88,LNG,66.77,16.7,400.8,24,518.7669,0.72,Moderate,FMS_MARITIME,2026-04-06
2022-01-21,88,LNG,63.49,17.6,422.4,24,468.0584,0.91,Moderate,FMS_MARITIME,2026-04-06
2022-01-22,88,VLSFO,17.19,16.0,384.0,24,139.4002,0.9,Rough,FMS_MARITIME,2026-04-06
2022-01-23,88,VLSFO,63.62,12.3,295.2,24,671.1134,0.85,Moderate,FMS_MARITIME,2026-04-06
2022-01-24,88,MGO,33.28,14.4,345.6,24,299.8667,0.87,Rough,FMS_MARITIME,2026-04-06
2022-01-25,88,MGO,60.62,12.2,292.8,24,644.7086,0.73,Moderate,FMS_MARITIME,2026-04-06
2022-01-26,88,HFO,43.11,8.3,199.2,24,673.9184,0.56,Calm,FMS_MARITIME,2026-04-06
2022-01-27,88,LNG,20.48,11.8,283.2,24,225.1932,0.85,Calm,FMS_MARITIME,2026-04-06
2022-01-28,88,LNG,27.35,11.3,271.2,24,314.0409,0.91,Rough,FMS_MARITIME,2026-04-06
2022-01-28,88,LSMGO,74.63,14.8,355.2,24,654.2731,0.47,Rough,FMS_MARITIME,2026-04-06
2022-01-28,88,LSMGO,22.59,8.1,194.4,24,361.8583,0.96,Moderate,FMS_MARITIME,2026-04-06
2022-01-01,89,LNG,15.48,15.3,367.2,24,131.2765,0.86,Moderate,FMS_MARITIME,2026-04-06
2022-01-02,89,MGO,18.16,13.6,326.4,24,173.2544,0.77,Calm,FMS_MARITIME,2026-04-06
2022-01-03,89,HFO,73.23,14.1,338.4,24,673.8718,0.67,Rough,FMS_MARITIME,2026-04-06
2022-01-04,89,HFO,23.26,11.7,280.8,24,257.9474,0.9,Moderate,FMS_MARITIME,2026-04-06
2022-01-05,89,LSMGO,26.83,17.6,422.4,24,197.795,0.4,Rough,FMS_MARITIME,2026-04-06
2022-01-06,89,VLSFO,46.22,13.9,333.6,24,431.4421,0.44,Rough,FMS_MARITIME,2026-04-06
2022-01-07,89,HFO,65.01,14.2,340.8,24,594.0174,0.61,Moderate,FMS_MARITIME,2026-04-06
2022-01-08,89,LNG,16.17,17.4,417.6,24,120.578,0.52,Calm,FMS_MARITIME,2026-04-06
2022-01-09,89,HFO,80.17,13.4,321.6,24,776.2729,0.56,Rough,FMS_MARITIME,2026-04-06
2022-01-10,89,MGO,62.4,11.0,264.0,24,736.0364,0.73,Calm,FMS_MARITIME,2026-04-06
2022-01-11,89,MGO,18.7,17.3,415.2,24,140.25,0.81,Rough,FMS_MARITIME,2026-04-06
2022-01-12,89,LSMGO,24.81,9.8,235.2,24,328.4793,0.82,Calm,FMS_MARITIME,2026-04-06
2022-01-13,89,LNG,76.31,8.6,206.4,24,1151.3049,0.8,Rough,FMS_MARITIME,2026-04-06
2022-01-14,89,HFO,84.35,16.6,398.4,24,659.302,0.83,Calm,FMS_MARITIME,2026-04-06
2022-01-15,89,LSMGO,78.89,15.5,372.0,24,660.3856,0.43,Calm,FMS_MARITIME,2026-04-06
2022-01-16,89,LSMGO,17.36,8.8,211.2,24,255.9614,0.82,Rough,FMS_MARITIME,2026-04-06
2022-01-17,89,HFO,19.33,17.5,420.0,24,143.3181,0.81,Rough,FMS_MARITIME,2026-04-06
2022-01-18,89,VLSFO,69.81,12.1,290.4,24,748.5824,0.95,Rough,FMS_MARITIME,2026-04-06
2022-01-19,89,HFO,78.29,11.5,276.0,24,883.3154,0.83,Moderate,FMS_MARITIME,2026-04-06
2022-01-20,89,HFO,81.93,14.3,343.2,24,743.3858,0.46,Rough,FMS_MARITIME,2026-04-06
2022-01-21,89,VLSFO,83.34,11.1,266.4,24,974.177,0.67,Rough,FMS_MARITIME,2026-04-06
2022-01-22,89,MGO,81.24,8.9,213.6,24,1184.3697,0.53,Rough,FMS_MARITIME,2026-04-06
2022-01-23,89,MGO,73.38,8.1,194.4,24,1175.4389,0.47,Calm,FMS_MARITIME,2026-04-06
2022-01-24,89,HFO,58.69,8.1,194.4,24,940.1269,0.95,Moderate,FMS_MARITIME,2026-04-06
2022-01-25,89,MGO,58.14,9.3,223.2,24,811.1468,0.45,Calm,FMS_MARITIME,2026-04-06
2022-01-26,89,VLSFO,22.95,9.3,223.2,24,320.1895,0.94,Rough,FMS_MARITIME,2026-04-06
2022-01-27,89,VLSFO,49.53,9.3,223.2,24,691.0234,0.52,Rough,FMS_MARITIME,2026-04-06
2022-01-28,89,MGO,83.98,14.3,343.2,24,761.9864,0.7,Rough,FMS_MARITIME,2026-04-06
2022-01-28,89,VLSFO,73.41,8.8,211.2,24,1082.3804,0.44,Moderate,FMS_MARITIME,2026-04-06
2022-01-28,89,LNG,44.28,13.2,316.8,24,435.2523,0.65,Moderate,FMS_MARITIME,2026-04-06
2022-01-01,90,LSMGO,21.73,10.9,261.6,24,258.6667,0.67,Calm,FMS_MARITIME,2026-04-06
2022-01-02,90,LNG,83.61,10.0,240.0,24,1084.8398,0.93,Calm,FMS_MARITIME,2026-04-06
2022-01-03,90,VLSFO,29.91,16.0,384.0,24,242.5514,0.75,Calm,FMS_MARITIME,2026-04-06
2022-01-04,90,MGO,15.95,15.1,362.4,24,137.0538,0.47,Calm,FMS_MARITIME,2026-04-06
2022-01-05,90,LSMGO,81.27,11.8,283.2,24,893.6256,0.96,Moderate,FMS_MARITIME,2026-04-06
2022-01-06,90,VLSFO,65.52,17.3,415.2,24,491.4,0.85,Moderate,FMS_MARITIME,2026-04-06
2022-01-07,90,LNG,26.53,10.2,244.8,24,337.4772,0.79,Moderate,FMS_MARITIME,2026-04-06
2022-01-08,90,HFO,21.35,14.8,355.2,24,187.1731,0.95,Moderate,FMS_MARITIME,2026-04-06
2022-01-09,90,MGO,62.79,11.3,271.2,24,720.9737,0.53,Calm,FMS_MARITIME,2026-04-06
2022-01-10,90,VLSFO,70.15,17.3,415.2,24,526.125,0.92,Rough,FMS_MARITIME,2026-04-06
2022-01-11,90,VLSFO,50.2,15.2,364.8,24,428.5164,1.0,Moderate,FMS_MARITIME,2026-04-06
2022-01-12,90,LNG,23.33,13.3,319.2,24,227.5991,0.55,Calm,FMS_MARITIME,2026-04-06
2022-01-13,90,LNG,59.25,9.8,235.2,24,784.4579,0.46,Moderate,FMS_MARITIME,2026-04-06
2022-01-14,90,HFO,41.05,16.1,386.4,24,330.8222,0.86,Rough,FMS_MARITIME,2026-04-06
2022-01-15,90,HFO,70.09,12.4,297.6,24,733.4014,0.48,Calm,FMS_MARITIME,2026-04-06
2022-01-16,90,LNG,29.32,15.1,362.4,24,251.9384,0.68,Rough,FMS_MARITIME,2026-04-06
2022-01-17,90,VLSFO,75.37,9.8,235.2,24,997.8834,0.72,Calm,FMS_MARITIME,2026-04-06
2022-01-18,90,HFO,72.57,10.3,247.2,24,914.1706,0.75,Calm,FMS_MARITIME,2026-04-06
2022-01-19,90,HFO,79.9,8.8,211.2,24,1178.071,0.75,Rough,FMS_MARITIME,2026-04-06
2022-01-20,90,LNG,45.46,15.7,376.8,24,375.6965,0.46,Calm,FMS_MARITIME,2026-04-06
2022-01-21,90,VLSFO,81.05,10.0,240.0,24,1051.6237,0.81,Moderate,FMS_MARITIME,2026-04-06
2022-01-22,90,HFO,44.71,9.0,216.0,24,644.5692,0.79,Calm,FMS_MARITIME,2026-04-06
2022-01-23,90,LNG,24.45,8.2,196.8,24,386.8765,0.97,Rough,FMS_MARITIME,2026-04-06
2022-01-24,90,VLSFO,45.81,16.4,393.6,24,362.4297,0.47,Calm,FMS_MARITIME,2026-04-06
2022-01-25,90,LSMGO,62.15,17.0,408.0,24,474.3507,0.83,Calm,FMS_MARITIME,2026-04-06
2022-01-26,90,MGO,64.83,15.7,376.8,24,535.7766,0.6,Rough,FMS_MARITIME,2026-04-06
2022-01-27,90,LNG,55.9,13.5,324.0,24,537.2611,0.56,Calm,FMS_MARITIME,2026-04-06
2022-01-28,90,VLSFO,26.89,16.4,393.6,24,212.7425,0.66,Calm,FMS_MARITIME,2026-04-06
2022-01-28,90,VLSFO,24.51,16.5,396.0,24,192.7377,0.78,Rough,FMS_MARITIME,2026-04-06
2022-01-28,90,LNG,32.36,14.0,336.0,24,299.9079,0.46,Rough,FMS_MARITIME,2026-04-06
2022-01-01,91,LSMGO,46.86,15.8,379.2,24,384.8155,0.66,Rough,FMS_MARITIME,2026-04-06
2022-01-02,91,HFO,49.44,18.0,432.0,24,356.38,0.73,Calm,FMS_MARITIME,2026-04-06
2022-01-03,91,LNG,72.34,13.7,328.8,24,685.1179,0.79,Moderate,FMS_MARITIME,2026-04-06
2022-01-04,91,HFO,40.6,16.9,405.6,24,311.7071,0.94,Rough,FMS_MARITIME,2026-04-06
2022-01-05,91,VLSFO,23.58,12.2,292.8,24,250.7791,0.57,Moderate,FMS_MARITIME,2026-04-06
2022-01-06,91,LSMGO,53.45,11.2,268.8,24,619.2087,0.61,Moderate,FMS_MARITIME,2026-04-06
2022-01-07,91,HFO,37.36,11.0,264.0,24,440.6782,0.45,Moderate,FMS_MARITIME,2026-04-06
2022-01-08,91,MGO,68.62,8.7,208.8,24,1023.3845,0.71,Rough,FMS_MARITIME,2026-04-06
2022-01-09,91,VLSFO,60.13,15.7,376.8,24,496.9342,0.66,Moderate,FMS_MARITIME,2026-04-06
2022-01-10,91,VLSFO,32.06,17.3,415.2,24,240.45,0.48,Rough,FMS_MARITIME,2026-04-06
2022-01-11,91,LSMGO,28.72,17.3,415.2,24,215.4,0.67,Moderate,FMS_MARITIME,2026-04-06
2022-01-12,91,LSMGO,81.76,10.3,247.2,24,1029.9379,0.91,Moderate,FMS_MARITIME,2026-04-06
2022-01-13,91,HFO,49.09,13.9,333.6,24,458.2322,0.45,Moderate,FMS_MARITIME,2026-04-06
2022-01-14,91,HFO,44.48,15.8,379.2,24,365.2709,0.96,Rough,FMS_MARITIME,2026-04-06
2022-01-15,91,MGO,38.7,12.4,297.6,24,404.9456,0.7,Rough,FMS_MARITIME,2026-04-06
2022-01-16,91,HFO,45.45,15.8,379.2,24,373.2366,0.61,Calm,FMS_MARITIME,2026-04-06
2022-01-17,91,HFO,22.84,10.3,247.2,24,287.7175,0.74,Calm,FMS_MARITIME,2026-04-06
2022-01-18,91,MGO,35.5,11.6,278.4,24,397.0797,0.83,Rough,FMS_MARITIME,2026-04-06
2022-01-19,91,MGO,64.12,16.6,398.4,24,501.1789,0.86,Calm,FMS_MARITIME,2026-04-06
2022-01-20,91,LSMGO,30.95,15.4,369.6,24,260.7638,0.51,Rough,FMS_MARITIME,2026-04-06
2022-01-21,91,LSMGO,17.28,13.1,314.4,24,171.1511,0.79,Moderate,FMS_MARITIME,2026-04-06
2022-01-22,91,LNG,82.28,17.0,408.0,24,627.99,0.55,Calm,FMS_MARITIME,2026-04-06
2022-01-23,91,VLSFO,59.84,9.7,232.8,24,800.4371,0.45,Rough,FMS_MARITIME,2026-04-06
2022-01-24,91,MGO,42.91,11.0,264.0,24,506.143,0.8,Calm,FMS_MARITIME,2026-04-06
2022-01-25,91,LSMGO,40.01,8.8,211.2,24,589.9202,0.49,Moderate,FMS_MARITIME,2026-04-06
2022-01-26,91,VLSFO,36.09,13.5,324.0,24,346.865,0.77,Rough,FMS_MARITIME,2026-04-06
2022-01-27,91,HFO,33.52,15.7,376.8,24,277.0204,0.58,Rough,FMS_MARITIME,2026-04-06
2022-01-28,91,LSMGO,50.07,14.9,357.6,24,436.0122,0.57,Moderate,FMS_MARITIME,2026-04-06
2022-01-28,91,MGO,74.93,13.4,321.6,24,725.5349,0.58,Moderate,FMS_MARITIME,2026-04-06
2022-01-28,91,MGO,27.4,17.3,415.2,24,205.5,0.79,Rough,FMS_MARITIME,2026-04-06
2022-01-01,92,VLSFO,34.43,9.9,237.6,24,451.2417,0.44,Moderate,FMS_MARITIME,2026-04-06
2022-01-02,92,LSMGO,84.68,16.3,391.2,24,674.0632,0.59,Moderate,FMS_MARITIME,2026-04-06
2022-01-03,92,MGO,82.47,17.6,422.4,24,607.982,0.45,Rough,FMS_MARITIME,2026-04-06
2022-01-04,92,LNG,70.12,15.0,360.0,24,606.538,0.73,Calm,FMS_MARITIME,2026-04-06
2022-01-05,92,MGO,35.6,16.1,386.4,24,286.9006,0.49,Moderate,FMS_MARITIME,2026-04-06
2022-01-06,92,MGO,74.75,9.3,223.2,24,1042.8831,0.73,Calm,FMS_MARITIME,2026-04-06
2022-01-07,92,VLSFO,46.0,13.3,319.2,24,448.7594,0.74,Rough,FMS_MARITIME,2026-04-06
2022-01-08,92,LNG,22.83,13.7,328.8,24,216.2184,0.88,Moderate,FMS_MARITIME,2026-04-06
2022-01-09,92,LSMGO,71.95,8.6,206.4,24,1085.5247,0.93,Calm,FMS_MARITIME,2026-04-06
2022-01-10,92,LNG,46.7,14.5,348.0,24,417.8845,0.43,Calm,FMS_MARITIME,2026-04-06
2022-01-11,92,VLSFO,28.69,9.0,216.0,24,413.6142,0.62,Rough,FMS_MARITIME,2026-04-06
2022-01-12,92,LSMGO,18.93,16.4,393.6,24,149.7663,0.66,Calm,FMS_MARITIME,2026-04-06
2022-01-13,92,HFO,26.11,12.8,307.2,24,264.6697,0.93,Moderate,FMS_MARITIME,2026-04-06
2022-01-14,92,LNG,58.62,17.7,424.8,24,429.7144,0.87,Calm,FMS_MARITIME,2026-04-06
2022-01-15,92,LSMGO,75.62,11.9,285.6,24,824.5122,0.84,Calm,FMS_MARITIME,2026-04-06
2022-01-16,92,MGO,52.63,17.0,408.0,24,401.6907,0.48,Calm,FMS_MARITIME,2026-04-06
2022-01-17,92,MGO,22.66,9.1,218.4,24,323.0918,0.87,Calm,FMS_MARITIME,2026-04-06
2022-01-18,92,HFO,74.43,17.7,424.8,24,545.6097,0.85,Rough,FMS_MARITIME,2026-04-06
2022-01-19,92,VLSFO,16.18,11.8,283.2,24,177.9114,0.93,Rough,FMS_MARITIME,2026-04-06
2022-01-20,92,HFO,23.13,10.5,252.0,24,285.8207,0.51,Rough,FMS_MARITIME,2026-04-06
2022-01-21,92,LNG,74.57,13.1,314.4,24,738.5845,0.49,Moderate,FMS_MARITIME,2026-04-06
2022-01-22,92,LNG,33.43,16.6,398.4,24,261.2977,0.45,Moderate,FMS_MARITIME,2026-04-06
2022-01-23,92,LSMGO,68.41,9.6,230.4,24,924.6039,0.72,Moderate,FMS_MARITIME,2026-04-06
2022-01-24,92,LSMGO,37.31,16.7,400.8,24,289.8786,0.58,Moderate,FMS_MARITIME,2026-04-06
2022-01-25,92,LNG,54.48,11.3,271.2,24,625.5558,0.89,Rough,FMS_MARITIME,2026-04-06
2022-01-26,92,VLSFO,40.5,13.0,312.0,24,404.2212,0.68,Rough,FMS_MARITIME,2026-04-06
2022-01-27,92,LNG,41.54,13.1,314.4,24,411.4363,0.87,Moderate,FMS_MARITIME,2026-04-06
2022-01-28,92,HFO,30.38,14.3,343.2,24,275.6507,0.9,Calm,FMS_MARITIME,2026-04-06
2022-01-28,92,VLSFO,69.26,14.4,345.6,24,624.0615,0.67,Rough,FMS_MARITIME,2026-04-06
2022-01-28,92,VLSFO,46.36,14.6,350.4,24,412.0007,0.68,Moderate,FMS_MARITIME,2026-04-06
2022-01-01,93,LSMGO,59.33,17.3,415.2,24,444.975,0.85,Rough,FMS_MARITIME,2026-04-06
2022-01-02,93,MGO,76.4,17.5,420.0,24,566.4514,0.45,Moderate,FMS_MARITIME,2026-04-06
2022-01-03,93,MGO,64.02,10.6,254.4,24,783.641,0.59,Calm,FMS_MARITIME,2026-04-06
2022-01-04,93,VLSFO,46.33,17.2,412.8,24,349.4952,0.5,Rough,FMS_MARITIME,2026-04-06
2022-01-05,93,HFO,17.37,14.2,340.8,24,158.7153,0.53,Rough,FMS_MARITIME,2026-04-06
2022-01-06,93,LNG,51.89,17.1,410.4,24,393.7268,0.69,Calm,FMS_MARITIME,2026-04-06
2022-01-07,93,HFO,56.09,16.0,384.0,24,454.8548,0.42,Moderate,FMS_MARITIME,2026-04-06
2022-01-08,93,VLSFO,16.86,8.4,201.6,24,260.4268,0.64,Calm,FMS_MARITIME,2026-04-06
2022-01-09,93,VLSFO,29.34,8.1,194.4,24,469.9833,0.6,Moderate,FMS_MARITIME,2026-04-06
2022-01-10,93,HFO,56.4,10.4,249.6,24,703.6442,0.44,Calm,FMS_MARITIME,2026-04-06
2022-01-11,93,LSMGO,80.68,12.4,297.6,24,844.2121,0.6,Moderate,FMS_MARITIME,2026-04-06
2022-01-12,93,LNG,24.84,8.2,196.8,24,393.0476,0.7,Rough,FMS_MARITIME,2026-04-06
2022-01-13,93,LNG,67.03,15.2,364.8,24,572.1804,0.67,Calm,FMS_MARITIME,2026-04-06
2022-01-14,93,HFO,68.39,17.3,415.2,24,512.925,0.6,Rough,FMS_MARITIME,2026-04-06
2022-01-15,93,HFO,68.55,15.6,374.4,24,570.1514,0.54,Rough,FMS_MARITIME,2026-04-06
2022-01-16,93,LSMGO,54.02,11.9,285.6,24,588.9996,0.62,Rough,FMS_MARITIME,2026-04-06
2022-01-17,93,MGO,75.78,13.1,314.4,24,750.5691,0.8,Calm,FMS_MARITIME,2026-04-06
2022-01-18,93,LNG,69.9,11.0,264.0,24,824.5023,0.56,Moderate,FMS_MARITIME,2026-04-06
2022-01-19,93,MGO,67.27,10.4,249.6,24,839.2579,0.71,Calm,FMS_MARITIME,2026-04-06
2022-01-20,93,HFO,18.12,13.1,314.4,24,179.471,0.59,Calm,FMS_MARITIME,2026-04-06
2022-01-21,93,LSMGO,82.24,9.8,235.2,24,1088.8408,0.41,Rough,FMS_MARITIME,2026-04-06
2022-01-22,93,LNG,80.98,15.4,369.6,24,682.2828,0.85,Moderate,FMS_MARITIME,2026-04-06
2022-01-23,93,LSMGO,64.16,15.6,374.4,24,533.6385,0.48,Rough,FMS_MARITIME,2026-04-06
2022-01-24,93,VLSFO,75.12,11.7,280.8,24,833.0615,0.46,Calm,FMS_MARITIME,2026-04-06
2022-01-25,93,LSMGO,48.64,11.0,264.0,24,573.7309,0.86,Moderate,FMS_MARITIME,2026-04-06
2022-01-26,93,LNG,81.83,16.2,388.8,24,655.3977,0.62,Moderate,FMS_MARITIME,2026-04-06
2022-01-27,93,MGO,26.32,13.2,316.8,24,258.7136,0.56,Moderate,FMS_MARITIME,2026-04-06
2022-01-28,93,LNG,58.15,14.5,348.0,24,520.3422,0.44,Rough,FMS_MARITIME,2026-04-06
2022-01-28,93,LSMGO,17.98,11.9,285.6,24,196.0424,0.92,Moderate,FMS_MARITIME,2026-04-06
2022-01-28,93,VLSFO,58.35,13.4,321.6,24,564.9935,0.91,Rough,FMS_MARITIME,2026-04-06
2022-01-01,94,LSMGO,66.05,9.3,223.2,24,921.504,0.41,Rough,FMS_MARITIME,2026-04-06
2022-01-02,94,LNG,46.61,17.7,424.8,24,341.675,0.48,Rough,FMS_MARITIME,2026-04-06
2022-01-03,94,MGO,78.16,14.5,348.0,24,699.3972,0.96,Moderate,FMS_MARITIME,2026-04-06
2022-01-04,94,LSMGO,64.15,17.7,424.8,24,470.2521,0.62,Moderate,FMS_MARITIME,2026-04-06
2022-01-05,94,VLSFO,80.56,10.6,254.4,24,986.1,0.5,Calm,FMS_MARITIME,2026-04-06
2022-01-06,94,VLSFO,35.17,15.1,362.4,24,302.2058,0.42,Rough,FMS_MARITIME,2026-04-06
2022-01-07,94,MGO,33.58,9.9,237.6,24,440.1015,0.56,Moderate,FMS_MARITIME,2026-04-06
2022-01-08,94,LNG,37.57,10.0,240.0,24,487.4708,0.7,Calm,FMS_MARITIME,2026-04-06
2022-01-09,94,LNG,58.81,14.1,338.4,24,541.1771,0.65,Rough,FMS_MARITIME,2026-04-06
2022-01-10,94,HFO,64.95,13.5,324.0,24,624.2417,0.66,Calm,FMS_MARITIME,2026-04-06
2022-01-11,94,VLSFO,49.72,11.6,278.4,24,556.1353,0.6,Calm,FMS_MARITIME,2026-04-06
2022-01-12,94,VLSFO,19.62,15.4,369.6,24,165.3049,0.85,Moderate,FMS_MARITIME,2026-04-06
2022-01-13,94,HFO,20.23,9.9,237.6,24,265.1356,0.99,Moderate,FMS_MARITIME,2026-04-06
2022-01-14,94,LSMGO,51.54,9.5,228.0,24,703.9279,0.73,Calm,FMS_MARITIME,2026-04-06
2022-01-15,94,MGO,37.91,12.3,295.2,24,399.9043,0.63,Rough,FMS_MARITIME,2026-04-06
2022-01-16,94,LSMGO,42.72,14.7,352.8,24,377.0694,0.61,Rough,FMS_MARITIME,2026-04-06
2022-01-17,94,LSMGO,48.74,13.2,316.8,24,479.092,0.44,Moderate,FMS_MARITIME,2026-04-06
2022-01-18,94,LNG,34.92,8.2,196.8,24,552.5451,0.84,Moderate,FMS_MARITIME,2026-04-06
2022-01-19,94,VLSFO,47.82,11.6,278.4,24,534.8832,0.6,Rough,FMS_MARITIME,2026-04-06
2022-01-20,94,HFO,62.81,11.7,280.8,24,696.5468,0.47,Rough,FMS_MARITIME,2026-04-06
2022-01-21,94,LSMGO,20.43,15.7,376.8,24,168.8403,0.86,Rough,FMS_MARITIME,2026-04-06
2022-01-22,94,LNG,73.47,15.1,362.4,24,631.3068,0.88,Moderate,FMS_MARITIME,2026-04-06
2022-01-23,94,LNG,51.67,14.3,343.2,24,468.824,0.54,Rough,FMS_MARITIME,2026-04-06
2022-01-24,94,LNG,79.48,12.9,309.6,24,799.4209,0.6,Rough,FMS_MARITIME,2026-04-06
2022-01-25,94,HFO,77.51,9.0,216.0,24,1117.4358,0.86,Calm,FMS_MARITIME,2026-04-06
2022-01-26,94,HFO,52.68,9.1,218.4,24,751.1242,0.48,Calm,FMS_MARITIME,2026-04-06
2022-01-27,94,HFO,55.19,11.4,273.6,24,628.1493,0.63,Rough,FMS_MARITIME,2026-04-06
2022-01-28,94,LSMGO,60.81,9.4,225.6,24,839.3721,0.9,Rough,FMS_MARITIME,2026-04-06
2022-01-28,94,MGO,84.34,15.8,379.2,24,692.6022,1.0,Calm,FMS_MARITIME,2026-04-06
2022-01-28,94,LNG,52.77,11.9,285.6,24,575.3704,0.98,Rough,FMS_MARITIME,2026-04-06
2022-01-01,95,HFO,71.99,16.7,400.8,24,559.3235,0.62,Rough,FMS_MARITIME,2026-04-06
2022-01-02,95,MGO,56.17,10.2,244.8,24,714.5154,0.66,Calm,FMS_MARITIME,2026-04-06
2022-01-03,95,MGO,44.75,16.4,393.6,24,354.0434,0.43,Rough,FMS_MARITIME,2026-04-06
2022-01-04,95,HFO,70.15,9.5,228.0,24,958.1013,0.77,Rough,FMS_MARITIME,2026-04-06
2022-01-05,95,MGO,38.61,12.8,307.2,24,391.3787,0.84,Calm,FMS_MARITIME,2026-04-06
2022-01-06,95,VLSFO,44.1,13.8,331.2,24,414.6359,0.77,Calm,FMS_MARITIME,2026-04-06
2022-01-07,95,VLSFO,31.52,16.6,398.4,24,246.3687,0.91,Moderate,FMS_MARITIME,2026-04-06
2022-01-08,95,LSMGO,43.22,17.7,424.8,24,316.8246,0.83,Moderate,FMS_MARITIME,2026-04-06
2022-01-09,95,VLSFO,68.27,8.4,201.6,24,1054.5277,0.71,Rough,FMS_MARITIME,2026-04-06
2022-01-10,95,LNG,65.06,17.9,429.6,24,471.5941,0.58,Rough,FMS_MARITIME,2026-04-06
2022-01-11,95,LSMGO,36.22,10.9,261.6,24,431.1509,0.47,Rough,FMS_MARITIME,2026-04-06
2022-01-12,95,LNG,50.03,12.7,304.8,24,511.1333,0.51,Calm,FMS_MARITIME,2026-04-06
2022-01-13,95,VLSFO,77.24,14.0,336.0,24,715.8493,0.44,Moderate,FMS_MARITIME,2026-04-06
2022-01-14,95,LNG,16.93,11.8,283.2,24,186.1583,0.66,Moderate,FMS_MARITIME,2026-04-06
2022-01-15,95,HFO,15.08,15.0,360.0,24,130.442,0.59,Rough,FMS_MARITIME,2026-04-06
2022-01-16,95,LNG,60.31,14.6,350.4,24,535.9741,0.62,Moderate,FMS_MARITIME,2026-04-06
2022-01-17,95,VLSFO,42.0,13.3,319.2,24,409.7368,0.67,Calm,FMS_MARITIME,2026-04-06
2022-01-18,95,LSMGO,41.64,10.4,249.6,24,519.499,0.64,Rough,FMS_MARITIME,2026-04-06
2022-01-19,95,VLSFO,57.77,8.6,206.4,24,871.5881,0.55,Moderate,FMS_MARITIME,2026-04-06
2022-01-20,95,MGO,69.75,10.4,249.6,24,870.1983,0.45,Rough,FMS_MARITIME,2026-04-06
2022-01-21,95,MGO,68.88,16.3,391.2,24,548.2933,0.73,Rough,FMS_MARITIME,2026-04-06
2022-01-22,95,VLSFO,60.64,14.7,352.8,24,535.2408,0.61,Rough,FMS_MARITIME,2026-04-06
2022-01-23,95,HFO,80.43,14.9,357.6,24,700.3888,0.86,Rough,FMS_MARITIME,2026-04-06
2022-01-24,95,VLSFO,29.68,11.8,283.2,24,326.3542,0.83,Rough,FMS_MARITIME,2026-04-06
2022-01-25,95,LSMGO,80.35,16.0,384.0,24,651.5883,0.62,Rough,FMS_MARITIME,2026-04-06
2022-01-26,95,HFO,52.03,15.0,360.0,24,450.0595,0.92,Moderate,FMS_MARITIME,2026-04-06
2022-01-27,95,LSMGO,36.57,8.8,211.2,24,539.1997,0.83,Moderate,FMS_MARITIME,2026-04-06
2022-01-28,95,LNG,37.8,16.7,400.8,24,293.6856,0.42,Moderate,FMS_MARITIME,2026-04-06
2022-01-28,95,LNG,74.87,17.3,415.2,24,561.525,0.94,Rough,FMS_MARITIME,2026-04-06
2022-01-28,95,VLSFO,64.87,10.0,240.0,24,841.6883,0.49,Calm,FMS_MARITIME,2026-04-06
2022-01-01,96,VLSFO,67.26,10.0,240.0,24,872.6985,0.63,Calm,FMS_MARITIME,2026-04-06
2022-01-02,96,LSMGO,55.39,15.2,364.8,24,472.8192,0.47,Moderate,FMS_MARITIME,2026-04-06
2022-01-03,96,HFO,45.34,8.2,196.8,24,717.4226,0.63,Calm,FMS_MARITIME,2026-04-06
2022-01-04,96,LNG,38.71,14.5,348.0,24,346.3878,0.43,Calm,FMS_MARITIME,2026-04-06
2022-01-05,96,VLSFO,56.13,13.3,319.2,24,547.584,0.95,Rough,FMS_MARITIME,2026-04-06
2022-01-06,96,LNG,53.61,9.8,235.2,24,709.7855,0.55,Calm,FMS_MARITIME,2026-04-06
2022-01-07,96,VLSFO,19.1,9.6,230.4,24,258.1484,0.67,Moderate,FMS_MARITIME,2026-04-06
2022-01-08,96,VLSFO,81.61,14.7,352.8,24,720.3332,0.77,Rough,FMS_MARITIME,2026-04-06
2022-01-09,96,LNG,39.69,8.1,194.4,24,635.775,0.87,Rough,FMS_MARITIME,2026-04-06
2022-01-10,96,VLSFO,33.69,9.6,230.4,24,455.3414,0.48,Moderate,FMS_MARITIME,2026-04-06
2022-01-11,96,MGO,73.16,9.2,220.8,24,1031.7946,0.65,Moderate,FMS_MARITIME,2026-04-06
2022-01-12,96,HFO,56.48,16.0,384.0,24,458.0175,0.75,Rough,FMS_MARITIME,2026-04-06
2022-01-13,96,LNG,46.18,10.4,249.6,24,576.1399,0.81,Rough,FMS_MARITIME,2026-04-06
2022-01-14,96,VLSFO,70.87,13.6,326.4,24,676.1311,0.91,Moderate,FMS_MARITIME,2026-04-06
2022-01-15,96,VLSFO,51.94,15.8,379.2,24,426.5326,0.48,Rough,FMS_MARITIME,2026-04-06
2022-01-16,96,HFO,28.17,17.4,417.6,24,210.0608,0.53,Rough,FMS_MARITIME,2026-04-06
2022-01-17,96,LSMGO,36.38,17.7,424.8,24,266.6839,0.62,Rough,FMS_MARITIME,2026-04-06
2022-01-18,96,LNG,69.77,10.6,254.4,24,854.0243,0.98,Calm,FMS_MARITIME,2026-04-06
2022-01-19,96,LSMGO,64.75,15.0,360.0,24,560.0875,0.79,Rough,FMS_MARITIME,2026-04-06
2022-01-20,96,VLSFO,71.23,10.1,242.4,24,915.0587,0.58,Moderate,FMS_MARITIME,2026-04-06
2022-01-21,96,HFO,54.23,17.9,429.6,24,393.0918,0.88,Moderate,FMS_MARITIME,2026-04-06
2022-01-22,96,MGO,44.04,8.3,199.2,24,688.4566,0.93,Calm,FMS_MARITIME,2026-04-06
2022-01-23,96,LNG,18.82,10.1,242.4,24,241.7718,0.93,Rough,FMS_MARITIME,2026-04-06
2022-01-24,96,VLSFO,75.74,15.5,372.0,24,634.0171,1.0,Rough,FMS_MARITIME,2026-04-06
2022-01-25,96,HFO,40.25,16.4,393.6,24,318.4413,0.66,Rough,FMS_MARITIME,2026-04-06
2022-01-26,96,LSMGO,51.33,9.0,216.0,24,740.0075,0.74,Rough,FMS_MARITIME,2026-04-06
2022-01-27,96,VLSFO,78.46,14.6,350.4,24,697.2729,0.68,Rough,FMS_MARITIME,2026-04-06
2022-01-28,96,HFO,44.63,16.3,391.2,24,355.2603,0.69,Rough,FMS_MARITIME,2026-04-06
2022-01-28,96,HFO,50.68,13.1,314.4,24,501.9641,0.64,Calm,FMS_MARITIME,2026-04-06
2022-01-28,96,MGO,82.48,12.2,292.8,24,877.1951,0.53,Moderate,FMS_MARITIME,2026-04-06
2022-01-01,97,VLSFO,34.47,12.3,295.2,24,363.6165,0.84,Calm,FMS_MARITIME,2026-04-06
2022-01-02,97,MGO,59.8,14.9,357.6,24,520.7416,0.59,Calm,FMS_MARITIME,2026-04-06
2022-01-03,97,LNG,49.03,9.1,218.4,24,699.0816,0.56,Rough,FMS_MARITIME,2026-04-06
2022-01-04,97,LNG,47.38,15.7,376.8,24,391.564,0.44,Calm,FMS_MARITIME,2026-04-06
2022-01-05,97,LSMGO,51.23,12.3,295.2,24,540.414,0.85,Moderate,FMS_MARITIME,2026-04-06
2022-01-06,97,HFO,25.1,17.3,415.2,24,188.25,0.65,Rough,FMS_MARITIME,2026-04-06
2022-01-07,97,LSMGO,73.41,11.9,285.6,24,800.4158,0.93,Calm,FMS_MARITIME,2026-04-06
2022-01-08,97,LSMGO,23.37,15.9,381.6,24,190.708,0.49,Calm,FMS_MARITIME,2026-04-06
2022-01-09,97,LSMGO,42.7,13.9,333.6,24,398.5845,0.63,Rough,FMS_MARITIME,2026-04-06
2022-01-10,97,MGO,18.12,10.3,247.2,24,228.2592,0.6,Rough,FMS_MARITIME,2026-04-06
2022-01-11,97,LSMGO,43.75,10.2,244.8,24,556.5257,0.57,Rough,FMS_MARITIME,2026-04-06
2022-01-12,97,HFO,79.05,9.3,223.2,24,1102.875,0.82,Rough,FMS_MARITIME,2026-04-06
2022-01-13,97,HFO,42.58,15.6,374.4,24,354.151,0.66,Calm,FMS_MARITIME,2026-04-06
2022-01-14,97,LSMGO,32.43,13.5,324.0,24,311.6883,0.66,Moderate,FMS_MARITIME,2026-04-06
2022-01-15,97,MGO,65.95,13.6,326.4,24,629.1921,0.84,Calm,FMS_MARITIME,2026-04-06
2022-01-16,97,HFO,40.27,11.4,273.6,24,458.3362,0.69,Moderate,FMS_MARITIME,2026-04-06
2022-01-17,97,HFO,22.16,10.0,240.0,24,287.526,0.53,Moderate,FMS_MARITIME,2026-04-06
2022-01-18,97,HFO,76.58,9.6,230.4,24,1035.0266,0.75,Rough,FMS_MARITIME,2026-04-06
2022-01-19,97,VLSFO,37.99,13.1,314.4,24,376.275,0.6,Rough,FMS_MARITIME,2026-04-06
2022-01-20,97,HFO,34.71,13.8,331.2,24,326.3495,0.58,Moderate,FMS_MARITIME,2026-04-06
2022-01-21,97,HFO,57.9,14.0,336.0,24,536.6089,0.5,Rough,FMS_MARITIME,2026-04-06
2022-01-22,97,HFO,50.72,15.3,367.2,24,430.1255,0.89,Calm,FMS_MARITIME,2026-04-06
2022-01-23,97,LSMGO,59.11,8.9,213.6,24,861.7441,0.73,Moderate,FMS_MARITIME,2026-04-06
2022-01-24,97,MGO,55.29,11.7,280.8,24,613.1519,0.58,Calm,FMS_MARITIME,2026-04-06
2022-01-25,97,HFO,47.68,8.4,201.6,24,736.4857,0.98,Moderate,FMS_MARITIME,2026-04-06
2022-01-26,97,VLSFO,47.65,10.3,247.2,24,600.2512,0.63,Calm,FMS_MARITIME,2026-04-06
2022-01-27,97,MGO,42.62,12.7,304.8,24,435.4287,0.6,Rough,FMS_MARITIME,2026-04-06
2022-01-28,97,VLSFO,57.83,16.5,396.0,24,454.7541,0.65,Moderate,FMS_MARITIME,2026-04-06
2022-01-28,97,MGO,39.81,8.4,201.6,24,614.9223,0.76,Rough,FMS_MARITIME,2026-04-06
2022-01-28,97,VLSFO,24.84,11.7,280.8,24,275.4692,0.84,Calm,FMS_MARITIME,2026-04-06
2022-01-01,98,HFO,66.4,10.6,254.4,24,812.7736,0.42,Calm,FMS_MARITIME,2026-04-06
2022-01-02,98,LSMGO,46.66,8.7,208.8,24,695.8776,0.45,Moderate,FMS_MARITIME,2026-04-06
2022-01-03,98,HFO,66.7,16.2,388.8,24,534.2176,0.5,Rough,FMS_MARITIME,2026-04-06
2022-01-04,98,LSMGO,57.92,17.3,415.2,24,434.4,0.41,Rough,FMS_MARITIME,2026-04-06
2022-01-05,98,LSMGO,61.99,13.8,331.2,24,582.8408,0.8,Moderate,FMS_MARITIME,2026-04-06
2022-01-06,98,HFO,62.74,12.5,300.0,24,651.2412,0.49,Moderate,FMS_MARITIME,2026-04-06
2022-01-07,98,MGO,40.8,15.4,369.6,24,343.7532,1.0,Rough,FMS_MARITIME,2026-04-06
2022-01-08,98,LNG,65.85,11.6,278.4,24,736.555,0.48,Moderate,FMS_MARITIME,2026-04-06
2022-01-09,98,MGO,45.18,11.0,264.0,24,532.9186,0.75,Moderate,FMS_MARITIME,2026-04-06
2022-01-10,98,LNG,22.25,10.6,254.4,24,272.3526,0.68,Moderate,FMS_MARITIME,2026-04-06
2022-01-11,98,MGO,62.86,11.6,278.4,24,703.1108,0.59,Rough,FMS_MARITIME,2026-04-06
2022-01-12,98,LSMGO,21.69,8.3,199.2,24,339.0696,0.96,Moderate,FMS_MARITIME,2026-04-06
2022-01-13,98,VLSFO,41.25,14.7,352.8,24,364.0944,0.62,Moderate,FMS_MARITIME,2026-04-06
2022-01-14,98,LSMGO,50.47,13.7,328.8,24,477.9914,0.57,Moderate,FMS_MARITIME,2026-04-06
2022-01-15,98,HFO,75.39,16.8,403.2,24,582.2531,0.5,Rough,FMS_MARITIME,2026-04-06
2022-01-16,98,VLSFO,37.02,12.9,309.6,24,372.3523,0.75,Rough,FMS_MARITIME,2026-04-06
2022-01-17,98,LNG,69.13,14.7,352.8,24,610.1781,0.9,Moderate,FMS_MARITIME,2026-04-06
2022-01-18,98,LNG,35.3,13.6,326.4,24,336.7776,0.8,Moderate,FMS_MARITIME,2026-04-06
2022-01-19,98,LNG,75.74,16.4,393.6,24,599.2235,0.91,Calm,FMS_MARITIME,2026-04-06
2022-01-20,98,LNG,28.6,15.5,372.0,24,239.4097,0.74,Calm,FMS_MARITIME,2026-04-06
2022-01-21,98,LNG,36.5,17.6,422.4,24,269.0838,0.83,Rough,FMS_MARITIME,2026-04-06
2022-01-22,98,LNG,73.4,17.1,410.4,24,556.9386,0.78,Moderate,FMS_MARITIME,2026-04-06
2022-01-23,98,VLSFO,52.01,16.7,400.8,24,404.0897,0.85,Moderate,FMS_MARITIME,2026-04-06
2022-01-24,98,MGO,70.31,15.8,379.2,24,577.3875,0.44,Moderate,FMS_MARITIME,2026-04-06
2022-01-25,98,MGO,63.02,9.1,218.4,24,898.5544,0.77,Calm,FMS_MARITIME,2026-04-06
2022-01-26,98,VLSFO,41.93,11.6,278.4,24,469.0015,0.87,Moderate,FMS_MARITIME,2026-04-06
2022-01-27,98,MGO,81.9,16.7,400.8,24,636.3189,0.57,Calm,FMS_MARITIME,2026-04-06
2022-01-28,98,VLSFO,74.5,8.9,213.6,24,1086.1096,0.56,Rough,FMS_MARITIME,2026-04-06
2022-01-28,98,MGO,78.28,11.6,278.4,24,875.5888,0.74,Calm,FMS_MARITIME,2026-04-06
2022-01-28,98,LNG,52.94,8.7,208.8,24,789.5362,0.87,Calm,FMS_MARITIME,2026-04-06
2022-01-01,99,VLSFO,37.02,15.0,360.0,24,320.223,0.55,Moderate,FMS_MARITIME,2026-04-06
2022-01-02,99,LSMGO,81.54,8.9,213.6,24,1188.7433,0.7,Rough,FMS_MARITIME,2026-04-06
2022-01-03,99,VLSFO,75.11,11.5,276.0,24,847.4367,0.83,Moderate,FMS_MARITIME,2026-04-06
2022-01-04,99,VLSFO,35.3,15.4,369.6,24,297.414,1.0,Rough,FMS_MARITIME,2026-04-06
2022-01-05,99,MGO,27.37,11.5,276.0,24,308.805,0.45,Moderate,FMS_MARITIME,2026-04-06
2022-01-06,99,HFO,47.9,12.2,292.8,24,509.4283,0.62,Moderate,FMS_MARITIME,2026-04-06
2022-01-07,99,LSMGO,63.88,14.7,352.8,24,563.8388,0.75,Calm,FMS_MARITIME,2026-04-06
2022-01-08,99,HFO,35.28,15.8,379.2,24,289.7203,0.57,Moderate,FMS_MARITIME,2026-04-06
2022-01-09,99,HFO,57.3,13.2,316.8,24,563.233,0.84,Rough,FMS_MARITIME,2026-04-06
2022-01-10,99,HFO,70.04,11.7,280.8,24,776.7256,0.52,Rough,FMS_MARITIME,2026-04-06
2022-01-11,99,MGO,18.44,12.1,290.4,24,197.7347,0.74,Moderate,FMS_MARITIME,2026-04-06
2022-01-12,99,VLSFO,54.27,16.3,391.2,24,431.9959,0.51,Rough,FMS_MARITIME,2026-04-06
2022-01-13,99,LNG,79.41,14.8,355.2,24,696.1789,0.82,Moderate,FMS_MARITIME,2026-04-06
2022-01-14,99,LNG,48.27,14.0,336.0,24,447.3595,0.56,Moderate,FMS_MARITIME,2026-04-06
2022-01-15,99,MGO,69.83,13.6,326.4,24,666.209,0.72,Rough,FMS_MARITIME,2026-04-06
2022-01-16,99,LSMGO,57.68,8.6,206.4,24,870.2302,0.48,Moderate,FMS_MARITIME,2026-04-06
2022-01-17,99,VLSFO,33.44,10.6,254.4,24,409.3245,0.85,Rough,FMS_MARITIME,2026-04-06
2022-01-18,99,VLSFO,58.81,13.0,312.0,24,586.969,0.98,Moderate,FMS_MARITIME,2026-04-06
2022-01-19,99,LNG,18.31,9.9,237.6,24,239.972,0.91,Rough,FMS_MARITIME,2026-04-06
2022-01-20,99,HFO,40.33,16.2,388.8,24,323.0134,0.94,Calm,FMS_MARITIME,2026-04-06
2022-01-21,99,HFO,47.45,10.1,242.4,24,609.5681,0.92,Rough,FMS_MARITIME,2026-04-06
2022-01-22,99,VLSFO,80.75,8.8,211.2,24,1190.6037,0.46,Rough,FMS_MARITIME,2026-04-06
2022-01-23,99,HFO,51.66,10.6,254.4,24,632.3476,0.59,Calm,FMS_MARITIME,2026-04-06
2022-01-24,99,LNG,84.58,11.1,266.4,24,988.6716,0.83,Moderate,FMS_MARITIME,2026-04-06
2022-01-25,99,VLSFO,58.0,15.8,379.2,24,476.2975,0.91,Rough,FMS_MARITIME,2026-04-06
2022-01-26,99,VLSFO,29.7,12.5,300.0,24,308.286,0.78,Calm,FMS_MARITIME,2026-04-06
2022-01-27,99,MGO,27.47,14.0,336.0,24,254.588,0.96,Calm,FMS_MARITIME,2026-04-06
2022-01-28,99,HFO,84.06,14.8,355.2,24,736.9449,0.99,Rough,FMS_MARITIME,2026-04-06
2022-01-28,99,LNG,64.79,12.3,295.2,24,683.4555,0.67,Calm,FMS_MARITIME,2026-04-06
2022-01-28,99,LNG,71.08,12.8,307.2,24,720.518,0.63,Calm,FMS_MARITIME,2026-04-06
2022-01-01,100,VLSFO,57.12,9.8,235.2,24,756.2571,0.64,Calm,FMS_MARITIME,2026-04-06
2022-01-02,100,HFO,28.94,11.1,266.4,24,338.2851,0.77,Rough,FMS_MARITIME,2026-04-06
2022-01-03,100,VLSFO,66.54,15.1,362.4,24,571.7593,0.6,Rough,FMS_MARITIME,2026-04-06
2022-01-04,100,VLSFO,40.23,11.5,276.0,24,453.8993,0.62,Calm,FMS_MARITIME,2026-04-06
2022-01-05,100,LNG,62.43,15.8,379.2,24,512.6767,0.46,Calm,FMS_MARITIME,2026-04-06
2022-01-06,100,MGO,68.84,14.3,343.2,24,624.6147,0.96,Calm,FMS_MARITIME,2026-04-06
2022-01-07,100,VLSFO,55.4,8.3,199.2,24,866.0422,0.45,Calm,FMS_MARITIME,2026-04-06
2022-01-08,100,VLSFO,19.87,10.8,259.2,24,238.716,0.51,Rough,FMS_MARITIME,2026-04-06
2022-01-09,100,VLSFO,77.17,12.3,295.2,24,814.0494,0.81,Calm,FMS_MARITIME,2026-04-06
2022-01-10,100,MGO,56.51,14.9,357.6,24,492.0921,0.71,Calm,FMS_MARITIME,2026-04-06
2022-01-11,100,MGO,51.03,16.2,388.8,24,408.7125,0.48,Calm,FMS_MARITIME,2026-04-06
2022-01-12,100,VLSFO,46.9,8.2,196.8,24,742.1067,0.98,Moderate,FMS_MARITIME,2026-04-06
2022-01-13,100,LNG,71.49,10.2,244.8,24,909.3949,0.43,Calm,FMS_MARITIME,2026-04-06
2022-01-14,100,LNG,69.13,11.3,271.2,24,793.7715,0.53,Rough,FMS_MARITIME,2026-04-06
2022-01-15,100,LSMGO,48.56,11.7,280.8,24,538.5179,0.79,Calm,FMS_MARITIME,2026-04-06
2022-01-16,100,MGO,36.61,13.5,324.0,24,351.8628,0.65,Rough,FMS_MARITIME,2026-04-06
2022-01-17,100,LSMGO,75.14,12.1,290.4,24,805.7368,0.8,Calm,FMS_MARITIME,2026-04-06
2022-01-18,100,MGO,30.48,14.6,350.4,24,270.8753,0.82,Rough,FMS_MARITIME,2026-04-06
2022-01-19,100,LSMGO,41.12,9.9,237.6,24,538.9212,0.95,Moderate,FMS_MARITIME,2026-04-06
2022-01-20,100,MGO,75.35,8.1,194.4,24,1206.9954,0.78,Calm,FMS_MARITIME,2026-04-06
2022-01-21,100,LSMGO,77.05,8.6,206.4,24,1162.4695,0.98,Calm,FMS_MARITIME,2026-04-06
2022-01-22,100,LSMGO,25.62,16.1,386.4,24,206.4717,0.95,Calm,FMS_MARITIME,2026-04-06
2022-01-23,100,MGO,28.4,8.4,201.6,24,438.6786,0.86,Calm,FMS_MARITIME,2026-04-06
2022-01-24,100,VLSFO,26.18,11.0,264.0,24,308.805,0.45,Rough,FMS_MARITIME,2026-04-06
2022-01-25,100,HFO,28.06,9.3,223.2,24,391.4823,0.64,Rough,FMS_MARITIME,2026-04-06
2022-01-26,100,VLSFO,73.59,9.0,216.0,24,1060.9225,0.62,Calm,FMS_MARITIME,2026-04-06
2022-01-27,100,VLSFO,77.68,14.3,343.2,24,704.8238,0.47,Rough,FMS_MARITIME,2026-04-06
2022-01-28,100,MGO,30.59,10.2,244.8,24,389.1228,0.75,Calm,FMS_MARITIME,2026-04-06
2022-01-28,100,MGO,69.0,16.6,398.4,24,539.3223,0.81,Calm,FMS_MARITIME,2026-04-06
2022-01-28,100,HFO,81.6,8.7,208.8,24,1216.9655,0.79,Rough,FMS_MARITIME,2026-04-06
2022-01-01,101,LSMGO,18.38,17.0,408.0,24,140.2826,0.51,Rough,FMS_MARITIME,2026-04-06
2022-01-02,101,LNG,40.73,16.3,391.2,24,324.2158,0.66,Rough,FMS_MARITIME,2026-04-06
2022-01-03,101,MGO,57.68,8.6,206.4,24,870.2302,0.65,Moderate,FMS_MARITIME,2026-04-06
2022-01-04,101,HFO,51.27,13.1,314.4,24,507.8078,0.61,Moderate,FMS_MARITIME,2026-04-06
2022-01-05,101,LSMGO,37.24,17.3,415.2,24,279.3,0.93,Moderate,FMS_MARITIME,2026-04-06
2022-01-06,101,VLSFO,73.43,14.8,355.2,24,643.7529,0.96,Moderate,FMS_MARITIME,2026-04-06
2022-01-07,101,MGO,67.59,17.4,417.6,24,504.0116,0.61,Calm,FMS_MARITIME,2026-04-06
2022-01-08,101,LNG,34.57,16.7,400.8,24,268.5903,0.85,Moderate,FMS_MARITIME,2026-04-06
2022-01-09,101,VLSFO,65.66,9.2,220.8,24,926.0201,0.78,Rough,FMS_MARITIME,2026-04-06
2022-01-10,101,LNG,81.59,13.3,319.2,24,795.9626,0.98,Moderate,FMS_MARITIME,2026-04-06
2022-01-11,101,VLSFO,63.25,16.1,386.4,24,509.7321,0.99,Rough,FMS_MARITIME,2026-04-06
2022-01-12,101,VLSFO,84.87,10.7,256.8,24,1029.1479,0.45,Moderate,FMS_MARITIME,2026-04-06
2022-01-13,101,LSMGO,69.65,13.2,316.8,24,684.6278,0.57,Calm,FMS_MARITIME,2026-04-06
2022-01-14,101,HFO,84.28,15.2,364.8,24,719.4296,0.53,Rough,FMS_MARITIME,2026-04-06
2022-01-15,101,MGO,78.62,15.4,369.6,24,662.399,0.74,Moderate,FMS_MARITIME,2026-04-06
2022-01-16,101,HFO,61.13,16.2,388.8,24,489.606,0.58,Calm,FMS_MARITIME,2026-04-06
2022-01-17,101,LSMGO,68.7,17.7,424.8,24,503.6059,0.59,Calm,FMS_MARITIME,2026-04-06
2022-01-18,101,LNG,54.59,9.8,235.2,24,722.7605,0.97,Calm,FMS_MARITIME,2026-04-06
2022-01-19,101,VLSFO,49.82,15.2,364.8,24,425.2727,0.5,Calm,FMS_MARITIME,2026-04-06
2022-01-20,101,LNG,67.33,12.0,288.0,24,728.0056,0.41,Rough,FMS_MARITIME,2026-04-06
2022-01-21,101,LSMGO,82.17,13.0,312.0,24,820.1198,0.83,Calm,FMS_MARITIME,2026-04-06
2022-01-22,101,VLSFO,24.35,15.1,362.4,24,209.2326,0.89,Calm,FMS_MARITIME,2026-04-06
2022-01-23,101,LNG,77.58,14.1,338.4,24,713.9011,0.76,Calm,FMS_MARITIME,2026-04-06
2022-01-24,101,MGO,82.08,8.1,194.4,24,1314.8,0.59,Rough,FMS_MARITIME,2026-04-06
2022-01-25,101,MGO,20.26,15.4,369.6,24,170.6971,0.9,Rough,FMS_MARITIME,2026-04-06
2022-01-26,101,HFO,51.59,9.1,218.4,24,735.5827,0.79,Moderate,FMS_MARITIME,2026-04-06
2022-01-27,101,HFO,61.94,13.9,333.6,24,578.1809,0.48,Moderate,FMS_MARITIME,2026-04-06
2022-01-28,101,LSMGO,46.13,10.3,247.2,24,581.1036,0.67,Moderate,FMS_MARITIME,2026-04-06
2022-01-28,101,MGO,73.41,10.8,259.2,24,881.9396,0.65,Moderate,FMS_MARITIME,2026-04-06
2022-01-28,101,LNG,56.79,16.3,391.2,24,452.0554,0.87,Moderate,FMS_MARITIME,2026-04-06
2022-01-01,102,LNG,82.58,12.2,292.8,24,878.2586,0.96,Rough,FMS_MARITIME,2026-04-06
2022-01-02,102,MGO,62.59,9.3,223.2,24,873.2315,0.87,Moderate,FMS_MARITIME,2026-04-06
2022-01-03,102,LNG,29.72,12.6,302.4,24,306.0452,0.74,Rough,FMS_MARITIME,2026-04-06
2022-01-04,102,MGO,76.29,11.2,268.8,24,883.806,1.0,Moderate,FMS_MARITIME,2026-04-06
2022-01-05,102,HFO,17.7,9.6,230.4,24,239.2266,0.88,Moderate,FMS_MARITIME,2026-04-06
2022-01-06,102,LSMGO,32.35,8.2,196.8,24,511.8796,0.85,Calm,FMS_MARITIME,2026-04-06
2022-01-07,102,VLSFO,42.65,10.5,252.0,24,527.0321,0.91,Moderate,FMS_MARITIME,2026-04-06
2022-01-08,102,VLSFO,36.72,10.7,256.8,24,445.2729,1.0,Moderate,FMS_MARITIME,2026-04-06
2022-01-09,102,VLSFO,47.89,11.8,283.2,24,526.5871,0.58,Calm,FMS_MARITIME,2026-04-06
2022-01-10,102,VLSFO,33.61,11.7,280.8,24,372.7263,0.96,Moderate,FMS_MARITIME,2026-04-06
2022-01-11,102,HFO,37.88,10.3,247.2,24,477.1777,0.99,Moderate,FMS_MARITIME,2026-04-06
2022-01-12,102,VLSFO,70.35,13.4,321.6,24,681.1875,0.89,Calm,FMS_MARITIME,2026-04-06
2022-01-13,102,VLSFO,79.75,14.6,350.4,24,708.7372,0.9,Calm,FMS_MARITIME,2026-04-06
2022-01-14,102,LNG,82.4,10.4,249.6,24,1028.0192,0.52,Rough,FMS_MARITIME,2026-04-06
2022-01-15,102,LSMGO,38.52,11.9,285.6,24,419.9975,0.83,Rough,FMS_MARITIME,2026-04-06
2022-01-16,102,LNG,67.51,16.0,384.0,24,547.4639,0.68,Calm,FMS_MARITIME,2026-04-06
2022-01-17,102,MGO,58.53,17.6,422.4,24,431.4925,0.61,Moderate,FMS_MARITIME,2026-04-06
2022-01-18,102,HFO,73.58,14.9,357.6,24,640.7386,0.58,Rough,FMS_MARITIME,2026-04-06
2022-01-19,102,LNG,52.46,8.6,206.4,24,791.475,0.81,Calm,FMS_MARITIME,2026-04-06
2022-01-20,102,VLSFO,23.28,15.7,376.8,24,192.3936,0.61,Moderate,FMS_MARITIME,2026-04-06
2022-01-21,102,MGO,68.19,9.4,225.6,24,941.2396,0.48,Moderate,FMS_MARITIME,2026-04-06
2022-01-22,102,LSMGO,22.77,8.2,196.8,24,360.2936,0.85,Rough,FMS_MARITIME,2026-04-06
2022-01-23,102,VLSFO,31.36,10.1,242.4,24,402.8673,0.54,Rough,FMS_MARITIME,2026-04-06
2022-01-24,102,LNG,84.82,10.6,254.4,24,1038.2448,0.87,Rough,FMS_MARITIME,2026-04-06
2022-01-25,102,LSMGO,53.7,17.1,410.4,24,407.4605,0.45,Calm,FMS_MARITIME,2026-04-06
2022-01-26,102,MGO,79.08,9.4,225.6,24,1091.5564,0.89,Calm,FMS_MARITIME,2026-04-06
2022-01-27,102,VLSFO,76.49,13.6,326.4,24,729.7483,0.9,Calm,FMS_MARITIME,2026-04-06
2022-01-28,102,VLSFO,52.78,17.7,424.8,24,386.9042,0.58,Moderate,FMS_MARITIME,2026-04-06
2022-01-28,102,MGO,60.45,8.9,213.6,24,881.2795,0.81,Moderate,FMS_MARITIME,2026-04-06
2022-01-28,102,HFO,36.64,17.5,420.0,24,271.6594,0.96,Calm,FMS_MARITIME,2026-04-06
2022-01-01,103,MGO,83.18,16.3,391.2,24,662.123,0.62,Rough,FMS_MARITIME,2026-04-06
2022-01-02,103,MGO,41.61,14.2,340.8,24,380.204,0.65,Rough,FMS_MARITIME,2026-04-06
2022-01-03,103,MGO,48.8,17.7,424.8,24,357.7288,0.73,Rough,FMS_MARITIME,2026-04-06
2022-01-04,103,LSMGO,31.72,18.0,432.0,24,228.6483,0.73,Rough,FMS_MARITIME,2026-04-06
2022-01-05,103,VLSFO,37.13,13.7,328.8,24,351.6509,0.78,Rough,FMS_MARITIME,2026-04-06
2022-01-06,103,LSMGO,34.91,11.1,266.4,24,408.0696,0.45,Moderate,FMS_MARITIME,2026-04-06
2022-01-07,103,HFO,70.3,13.5,324.0,24,675.6611,0.58,Calm,FMS_MARITIME,2026-04-06
2022-01-08,103,HFO,42.63,15.2,364.8,24,363.8975,0.9,Rough,FMS_MARITIME,2026-04-06
2022-01-09,103,HFO,57.9,15.7,376.8,24,478.5048,0.76,Moderate,FMS_MARITIME,2026-04-06
2022-01-10,103,MGO,56.84,13.7,328.8,24,538.3204,0.44,Calm,FMS_MARITIME,2026-04-06
2022-01-11,103,LSMGO,49.19,8.6,206.4,24,742.1398,0.42,Moderate,FMS_MARITIME,2026-04-06
2022-01-12,103,HFO,41.54,13.5,324.0,24,399.2456,0.92,Rough,FMS_MARITIME,2026-04-06
2022-01-13,103,MGO,76.38,14.9,357.6,24,665.1211,0.85,Moderate,FMS_MARITIME,2026-04-06
2022-01-14,103,HFO,51.63,13.2,316.8,24,507.4994,0.65,Rough,FMS_MARITIME,2026-04-06
2022-01-15,103,MGO,48.61,9.2,220.8,24,685.5595,0.56,Calm,FMS_MARITIME,2026-04-06
2022-01-16,103,LSMGO,52.72,15.8,379.2,24,432.938,0.8,Moderate,FMS_MARITIME,2026-04-06
2022-01-17,103,VLSFO,57.43,12.3,295.2,24,605.8165,0.48,Rough,FMS_MARITIME,2026-04-06
2022-01-18,103,LNG,42.64,11.2,268.8,24,493.9768,0.53,Moderate,FMS_MARITIME,2026-04-06
2022-01-19,103,LSMGO,59.23,11.3,271.2,24,680.0967,0.77,Calm,FMS_MARITIME,2026-04-06
2022-01-20,103,MGO,83.09,17.5,420.0,24,616.053,0.85,Calm,FMS_MARITIME,2026-04-06
2022-01-21,103,MGO,65.9,12.5,300.0,24,684.042,0.61,Rough,FMS_MARITIME,2026-04-06
2022-01-22,103,HFO,34.09,11.9,285.6,24,371.6956,0.89,Calm,FMS_MARITIME,2026-04-06
2022-01-23,103,MGO,59.82,10.6,254.4,24,732.2307,0.79,Rough,FMS_MARITIME,2026-04-06
2022-01-24,103,LNG,23.8,17.0,408.0,24,181.65,0.53,Moderate,FMS_MARITIME,2026-04-06
2022-01-25,103,HFO,38.74,9.3,223.2,24,540.4855,0.8,Moderate,FMS_MARITIME,2026-04-06
2022-01-26,103,LNG,66.08,11.5,276.0,24,745.5548,0.55,Rough,FMS_MARITIME,2026-04-06
2022-01-27,103,MGO,25.77,10.6,254.4,24,315.4394,0.9,Calm,FMS_MARITIME,2026-04-06
2022-01-28,103,MGO,58.8,15.0,360.0,24,508.62,0.51,Rough,FMS_MARITIME,2026-04-06
2022-01-28,103,VLSFO,19.82,17.9,429.6,24,143.6673,0.54,Rough,FMS_MARITIME,2026-04-06
2022-01-28,103,LSMGO,46.69,17.4,417.6,24,348.1625,0.71,Rough,FMS_MARITIME,2026-04-06
2022-01-01,104,HFO,71.28,14.3,343.2,24,646.7538,0.85,Moderate,FMS_MARITIME,2026-04-06
2022-01-02,104,HFO,60.84,17.8,427.2,24,443.4826,0.58,Calm,FMS_MARITIME,2026-04-06
2022-01-03,104,HFO,61.78,12.8,307.2,24,626.2465,0.94,Calm,FMS_MARITIME,2026-04-06
2022-01-04,104,LNG,25.04,15.8,379.2,24,205.6291,0.67,Calm,FMS_MARITIME,2026-04-06
2022-01-05,104,VLSFO,80.88,11.1,266.4,24,945.4216,0.71,Moderate,FMS_MARITIME,2026-04-06
2022-01-06,104,LNG,77.94,12.8,307.2,24,790.0559,0.98,Calm,FMS_MARITIME,2026-04-06
2022-01-07,104,MGO,49.78,10.9,261.6,24,592.5647,0.47,Moderate,FMS_MARITIME,2026-04-06
2022-01-08,104,LSMGO,71.93,13.2,316.8,24,707.0392,0.42,Rough,FMS_MARITIME,2026-04-06
2022-01-09,104,LSMGO,21.08,15.2,364.8,24,179.9428,0.77,Moderate,FMS_MARITIME,2026-04-06
2022-01-10,104,MGO,32.2,14.2,340.8,24,294.2218,0.89,Rough,FMS_MARITIME,2026-04-06
2022-01-11,104,MGO,20.99,11.1,266.4,24,245.3561,0.54,Calm,FMS_MARITIME,2026-04-06
2022-01-12,104,HFO,46.46,17.2,412.8,24,350.4759,0.68,Calm,FMS_MARITIME,2026-04-06
2022-01-13,104,HFO,21.7,12.6,302.4,24,223.4583,0.52,Rough,FMS_MARITIME,2026-04-06
2022-01-14,104,MGO,62.46,12.1,290.4,24,669.7674,0.47,Moderate,FMS_MARITIME,2026-04-06
2022-01-15,104,VLSFO,37.47,9.3,223.2,24,522.7669,0.74,Moderate,FMS_MARITIME,2026-04-06
2022-01-16,104,LSMGO,46.81,10.7,256.8,24,567.6259,0.58,Rough,FMS_MARITIME,2026-04-06
2022-01-17,104,HFO,76.2,17.5,420.0,24,564.9686,0.91,Moderate,FMS_MARITIME,2026-04-06
2022-01-18,104,MGO,76.12,12.0,288.0,24,823.0475,0.44,Calm,FMS_MARITIME,2026-04-06
2022-01-19,104,LSMGO,27.8,16.2,388.8,24,222.6574,0.48,Rough,FMS_MARITIME,2026-04-06
2022-01-20,104,LSMGO,68.64,10.8,259.2,24,824.6333,0.5,Calm,FMS_MARITIME,2026-04-06
2022-01-21,104,MGO,58.01,15.6,374.4,24,482.487,0.96,Moderate,FMS_MARITIME,2026-04-06
2022-01-22,104,MGO,22.04,15.1,362.4,24,189.3834,0.87,Calm,FMS_MARITIME,2026-04-06
2022-01-23,104,HFO,64.56,12.1,290.4,24,692.286,0.53,Moderate,FMS_MARITIME,2026-04-06
2022-01-24,104,LNG,49.33,15.2,364.8,24,421.09,0.74,Calm,FMS_MARITIME,2026-04-06
2022-01-25,104,LNG,69.72,16.3,391.2,24,554.9798,0.62,Rough,FMS_MARITIME,2026-04-06
2022-01-26,104,VLSFO,64.7,14.8,355.2,24,567.2179,0.84,Rough,FMS_MARITIME,2026-04-06
2022-01-27,104,HFO,81.09,13.3,319.2,24,791.0848,0.64,Calm,FMS_MARITIME,2026-04-06
2022-01-28,104,LNG,28.12,14.1,338.4,24,258.7638,0.5,Calm,FMS_MARITIME,2026-04-06
2022-01-28,104,LNG,17.97,11.5,276.0,24,202.7485,0.47,Moderate,FMS_MARITIME,2026-04-06
2022-01-28,104,HFO,42.09,17.7,424.8,24,308.5411,0.51,Moderate,FMS_MARITIME,2026-04-06
2022-01-01,105,HFO,75.29,16.7,400.8,24,584.9627,0.51,Calm,FMS_MARITIME,2026-04-06
2022-01-02,105,VLSFO,22.79,17.6,422.4,24,168.0115,0.59,Moderate,FMS_MARITIME,2026-04-06
2022-01-03,105,LSMGO,61.3,14.4,345.6,24,552.3385,0.84,Calm,FMS_MARITIME,2026-04-06
2022-01-04,105,MGO,53.97,10.6,254.4,24,660.6233,0.44,Rough,FMS_MARITIME,2026-04-06
2022-01-05,105,LNG,61.53,10.0,240.0,24,798.3518,0.76,Calm,FMS_MARITIME,2026-04-06
2022-01-06,105,LNG,72.1,12.1,290.4,24,773.1384,0.87,Moderate,FMS_MARITIME,2026-04-06
2022-01-07,105,LSMGO,39.86,11.3,271.2,24,457.6845,0.94,Calm,FMS_MARITIME,2026-04-06
2022-01-08,105,LSMGO,25.06,17.3,415.2,24,187.95,0.83,Rough,FMS_MARITIME,2026-04-06
2022-01-09,105,LSMGO,38.75,14.0,336.0,24,359.1295,0.75,Calm,FMS_MARITIME,2026-04-06
2022-01-10,105,LNG,25.8,16.4,393.6,24,204.1189,0.51,Rough,FMS_MARITIME,2026-04-06
2022-01-11,105,HFO,42.41,11.8,283.2,24,466.3303,0.41,Rough,FMS_MARITIME,2026-04-06
2022-01-12,105,LSMGO,20.5,15.8,379.2,24,168.3465,0.46,Rough,FMS_MARITIME,2026-04-06
2022-01-13,105,HFO,49.67,17.6,422.4,24,366.1751,0.85,Moderate,FMS_MARITIME,2026-04-06
2022-01-14,105,HFO,70.48,13.0,312.0,24,703.4446,0.69,Moderate,FMS_MARITIME,2026-04-06
2022-01-15,105,MGO,50.5,15.8,379.2,24,414.7073,0.79,Rough,FMS_MARITIME,2026-04-06
2022-01-16,105,VLSFO,78.08,10.2,244.8,24,993.2235,0.96,Moderate,FMS_MARITIME,2026-04-06
2022-01-17,105,LSMGO,32.67,8.1,194.4,24,523.325,0.87,Moderate,FMS_MARITIME,2026-04-06
2022-01-18,105,MGO,23.1,15.6,374.4,24,192.1298,0.97,Moderate,FMS_MARITIME,2026-04-06
2022-01-19,105,VLSFO,39.75,15.2,364.8,24,339.3133,0.59,Calm,FMS_MARITIME,2026-04-06
2022-01-20,105,LSMGO,36.6,9.7,232.8,24,489.5722,0.7,Rough,FMS_MARITIME,2026-04-06
2022-01-21,105,VLSFO,56.64,13.5,324.0,24,544.3733,0.47,Calm,FMS_MARITIME,2026-04-06
2022-01-22,105,HFO,53.75,11.4,273.6,24,611.7599,0.6,Rough,FMS_MARITIME,2026-04-06
2022-01-23,105,HFO,53.12,16.3,391.2,24,422.8417,0.95,Moderate,FMS_MARITIME,2026-04-06
2022-01-24,105,HFO,55.31,12.7,304.8,24,565.0766,0.82,Calm,FMS_MARITIME,2026-04-06
2022-01-25,105,VLSFO,50.03,11.3,271.2,24,574.4595,0.99,Calm,FMS_MARITIME,2026-04-06
2022-01-26,105,HFO,58.62,11.6,278.4,24,655.6849,0.7,Moderate,FMS_MARITIME,2026-04-06
2022-01-27,105,MGO,59.19,10.3,247.2,24,745.6216,0.78,Calm,FMS_MARITIME,2026-04-06
2022-01-28,105,VLSFO,43.1,8.8,211.2,24,635.4801,0.98,Rough,FMS_MARITIME,2026-04-06
2022-01-28,105,MGO,40.48,11.0,264.0,24,477.48,0.55,Calm,FMS_MARITIME,2026-04-06
2022-01-28,105,VLSFO,84.75,13.2,316.8,24,833.054,0.79,Calm,FMS_MARITIME,2026-04-06
2022-01-01,106,LNG,73.41,10.8,259.2,24,881.9396,0.86,Rough,FMS_MARITIME,2026-04-06
2022-01-02,106,HFO,65.03,16.6,398.4,24,508.2917,0.44,Moderate,FMS_MARITIME,2026-04-06
2022-01-03,106,VLSFO,81.11,16.0,384.0,24,657.7514,0.91,Moderate,FMS_MARITIME,2026-04-06
2022-01-04,106,VLSFO,38.53,11.4,273.6,24,438.5322,0.71,Moderate,FMS_MARITIME,2026-04-06
2022-01-05,106,LNG,17.28,11.5,276.0,24,194.9635,0.57,Moderate,FMS_MARITIME,2026-04-06
2022-01-06,106,LNG,60.91,9.3,223.2,24,849.7927,0.71,Calm,FMS_MARITIME,2026-04-06
2022-01-07,106,MGO,64.39,15.7,376.8,24,532.1403,0.77,Rough,FMS_MARITIME,2026-04-06
2022-01-08,106,MGO,16.5,16.8,403.2,24,127.433,0.93,Calm,FMS_MARITIME,2026-04-06
2022-01-09,106,HFO,38.65,14.0,336.0,24,358.2027,0.58,Calm,FMS_MARITIME,2026-04-06
2022-01-10,106,LNG,50.48,14.0,336.0,24,467.8414,0.97,Rough,FMS_MARITIME,2026-04-06
2022-01-11,106,MGO,23.54,15.3,367.2,24,199.6284,0.68,Moderate,FMS_MARITIME,2026-04-06
2022-01-12,106,HFO,74.61,11.5,276.0,24,841.7954,0.5,Calm,FMS_MARITIME,2026-04-06
2022-01-13,106,VLSFO,23.64,14.7,352.8,24,208.6592,0.6,Rough,FMS_MARITIME,2026-04-06
2022-01-14,106,MGO,22.76,10.8,259.2,24,273.4361,0.75,Moderate,FMS_MARITIME,2026-04-06
2022-01-15,106,LNG,15.76,10.1,242.4,24,202.4614,0.43,Moderate,FMS_MARITIME,2026-04-06
2022-01-16,106,MGO,66.41,10.0,240.0,24,861.6698,0.47,Rough,FMS_MARITIME,2026-04-06
2022-01-17,106,LNG,30.26,9.7,232.8,24,404.7665,0.88,Rough,FMS_MARITIME,2026-04-06
2022-01-18,106,LNG,37.72,11.9,285.6,24,411.2748,0.86,Moderate,FMS_MARITIME,2026-04-06
2022-01-19,106,VLSFO,47.39,16.4,393.6,24,374.93,0.65,Rough,FMS_MARITIME,2026-04-06
2022-01-20,106,LSMGO,36.18,11.1,266.4,24,422.9149,0.87,Moderate,FMS_MARITIME,2026-04-06
2022-01-21,106,HFO,57.02,8.9,213.6,24,831.2747,0.65,Calm,FMS_MARITIME,2026-04-06
2022-01-22,106,VLSFO,21.7,12.6,302.4,24,223.4583,0.82,Rough,FMS_MARITIME,2026-04-06
2022-01-23,106,HFO,19.79,11.0,264.0,24,233.432,0.85,Moderate,FMS_MARITIME,2026-04-06
2022-01-24,106,LNG,48.79,8.1,194.4,24,781.5435,0.66,Moderate,FMS_MARITIME,2026-04-06
2022-01-25,106,HFO,68.36,9.8,235.2,24,905.0724,0.94,Moderate,FMS_MARITIME,2026-04-06
2022-01-26,106,LNG,81.79,8.9,213.6,24,1192.3879,0.83,Rough,FMS_MARITIME,2026-04-06
2022-01-27,106,VLSFO,35.97,11.4,273.6,24,409.3954,0.87,Rough,FMS_MARITIME,2026-04-06
2022-01-28,106,HFO,77.37,8.1,194.4,24,1239.3528,0.44,Moderate,FMS_MARITIME,2026-04-06
2022-01-28,106,MGO,49.0,12.6,302.4,24,504.5833,0.73,Calm,FMS_MARITIME,2026-04-06
2022-01-28,106,LSMGO,54.53,15.8,379.2,24,447.8017,0.68,Rough,FMS_MARITIME,2026-04-06
2022-01-01,107,LSMGO,65.38,12.1,290.4,24,701.0789,0.66,Moderate,FMS_MARITIME,2026-04-06
2022-01-02,107,MGO,35.36,14.1,338.4,24,325.3872,0.79,Calm,FMS_MARITIME,2026-04-06
2022-01-03,107,MGO,43.28,8.9,213.6,24,630.964,0.8,Moderate,FMS_MARITIME,2026-04-06
2022-01-04,107,VLSFO,60.92,13.2,316.8,24,598.8159,0.99,Calm,FMS_MARITIME,2026-04-06
2022-01-05,107,LNG,79.57,13.3,319.2,24,776.2562,0.97,Calm,FMS_MARITIME,2026-04-06
2022-01-06,107,VLSFO,38.13,16.2,388.8,24,305.3931,0.58,Moderate,FMS_MARITIME,2026-04-06
2022-01-07,107,VLSFO,25.09,13.0,312.0,24,250.4175,0.76,Calm,FMS_MARITIME,2026-04-06
2022-01-08,107,VLSFO,20.63,9.5,228.0,24,281.7624,0.47,Calm,FMS_MARITIME,2026-04-06
2022-01-09,107,LNG,37.59,14.8,355.2,24,329.5475,0.79,Calm,FMS_MARITIME,2026-04-06
2022-01-10,107,LNG,15.27,8.9,213.6,24,222.616,0.74,Rough,FMS_MARITIME,2026-04-06
2022-01-11,107,VLSFO,36.27,13.8,331.2,24,341.0168,0.62,Moderate,FMS_MARITIME,2026-04-06
2022-01-12,107,MGO,25.69,14.1,338.4,24,236.4027,0.94,Calm,FMS_MARITIME,2026-04-06
2022-01-13,107,LSMGO,66.9,16.4,393.6,24,529.2851,0.71,Calm,FMS_MARITIME,2026-04-06
2022-01-14,107,HFO,45.57,10.9,261.6,24,542.4502,0.42,Moderate,FMS_MARITIME,2026-04-06
2022-01-15,107,VLSFO,84.65,17.4,417.6,24,631.2263,0.76,Calm,FMS_MARITIME,2026-04-06
2022-01-16,107,MGO,73.48,17.7,424.8,24,538.6458,0.79,Moderate,FMS_MARITIME,2026-04-06
2022-01-17,107,LNG,82.73,14.6,350.4,24,735.2204,0.95,Calm,FMS_MARITIME,2026-04-06
2022-01-18,107,LNG,46.16,17.6,422.4,24,340.2989,0.67,Calm,FMS_MARITIME,2026-04-06
2022-01-19,107,LSMGO,18.44,12.5,300.0,24,191.4072,0.93,Rough,FMS_MARITIME,2026-04-06
2022-01-20,107,LNG,53.71,17.7,424.8,24,393.7216,0.85,Rough,FMS_MARITIME,2026-04-06
2022-01-21,107,LNG,74.31,13.5,324.0,24,714.2017,0.77,Calm,FMS_MARITIME,2026-04-06
2022-01-22,107,MGO,78.49,10.0,240.0,24,1018.4077,0.82,Moderate,FMS_MARITIME,2026-04-06
2022-01-23,107,LNG,60.16,9.3,223.2,24,839.329,0.85,Calm,FMS_MARITIME,2026-04-06
2022-01-24,107,LNG,62.6,14.7,352.8,24,552.5408,0.45,Rough,FMS_MARITIME,2026-04-06
2022-01-25,107,VLSFO,51.81,9.1,218.4,24,738.7195,0.52,Calm,FMS_MARITIME,2026-04-06
2022-01-26,107,VLSFO,16.02,15.4,369.6,24,134.9737,0.91,Rough,FMS_MARITIME,2026-04-06
2022-01-27,107,HFO,36.12,15.2,364.8,24,308.327,0.47,Rough,FMS_MARITIME,2026-04-06
2022-01-28,107,VLSFO,44.57,17.9,429.6,24,323.0703,0.96,Moderate,FMS_MARITIME,2026-04-06
2022-01-28,107,LSMGO,35.75,14.7,352.8,24,315.5485,0.72,Calm,FMS_MARITIME,2026-04-06
2022-01-28,107,LNG,35.32,16.7,400.8,24,274.4174,0.82,Rough,FMS_MARITIME,2026-04-06
2022-01-01,108,MGO,79.48,14.8,355.2,24,696.7926,0.79,Calm,FMS_MARITIME,2026-04-06
2022-01-02,108,VLSFO,51.48,13.0,312.0,24,513.81,0.95,Rough,FMS_MARITIME,2026-04-06
2022-01-03,108,LSMGO,58.95,14.6,350.4,24,523.8878,0.82,Rough,FMS_MARITIME,2026-04-06
2022-01-04,108,MGO,74.6,11.5,276.0,24,841.6826,0.98,Moderate,FMS_MARITIME,2026-04-06
2022-01-05,108,HFO,61.63,17.8,427.2,24,449.2412,0.88,Calm,FMS_MARITIME,2026-04-06
2022-01-06,108,MGO,61.19,15.8,379.2,24,502.4938,0.57,Moderate,FMS_MARITIME,2026-04-06
2022-01-07,108,HFO,58.64,9.8,235.2,24,776.3816,0.99,Moderate,FMS_MARITIME,2026-04-06
2022-01-08,108,LNG,59.81,10.0,240.0,24,776.0348,0.88,Rough,FMS_MARITIME,2026-04-06
2022-01-09,108,LSMGO,34.11,10.8,259.2,24,409.7937,0.72,Rough,FMS_MARITIME,2026-04-06
2022-01-10,108,VLSFO,46.94,17.0,408.0,24,358.2626,0.71,Calm,FMS_MARITIME,2026-04-06
2022-01-11,108,HFO,28.88,8.0,192.0,24,468.3975,0.77,Calm,FMS_MARITIME,2026-04-06
2022-01-12,108,VLSFO,17.95,11.9,285.6,24,195.7153,0.8,Rough,FMS_MARITIME,2026-04-06
2022-01-13,108,HFO,52.21,11.7,280.8,24,578.9955,0.7,Calm,FMS_MARITIME,2026-04-06
2022-01-14,108,LSMGO,24.18,8.7,208.8,24,360.6155,0.93,Calm,FMS_MARITIME,2026-04-06
2022-01-15,108,VLSFO,58.06,11.5,276.0,24,655.0683,0.63,Calm,FMS_MARITIME,2026-04-06
2022-01-16,108,LSMGO,28.89,9.2,220.8,24,407.4432,0.6,Moderate,FMS_MARITIME,2026-04-06
2022-01-17,108,MGO,30.07,13.9,333.6,24,280.6894,0.62,Rough,FMS_MARITIME,2026-04-06
2022-01-18,108,HFO,71.0,8.1,194.4,24,1137.3148,0.51,Rough,FMS_MARITIME,2026-04-06
2022-01-19,108,LSMGO,62.58,11.2,268.8,24,724.9781,0.65,Calm,FMS_MARITIME,2026-04-06
2022-01-20,108,LNG,64.37,16.3,391.2,24,512.3931,0.41,Moderate,FMS_MARITIME,2026-04-06
2022-01-21,108,MGO,81.81,8.8,211.2,24,1206.2327,0.84,Moderate,FMS_MARITIME,2026-04-06
2022-01-22,108,VLSFO,62.24,8.1,194.4,24,996.9926,0.74,Calm,FMS_MARITIME,2026-04-06
2022-01-23,108,LNG,44.05,14.8,355.2,24,386.1816,0.47,Moderate,FMS_MARITIME,2026-04-06
2022-01-24,108,LNG,82.07,11.0,264.0,24,968.053,0.73,Moderate,FMS_MARITIME,2026-04-06
2022-01-25,108,LSMGO,25.63,14.9,357.6,24,223.1874,0.75,Moderate,FMS_MARITIME,2026-04-06
2022-01-26,108,MGO,19.11,9.3,223.2,24,266.6153,0.83,Rough,FMS_MARITIME,2026-04-06
2022-01-27,108,MGO,16.64,10.0,240.0,24,215.904,0.77,Moderate,FMS_MARITIME,2026-04-06
2022-01-28,108,VLSFO,47.32,17.6,422.4,24,348.8506,0.42,Moderate,FMS_MARITIME,2026-04-06
2022-01-28,108,HFO,81.25,16.0,384.0,24,658.8867,0.79,Rough,FMS_MARITIME,2026-04-06
2022-01-28,108,MGO,59.37,16.2,388.8,24,475.5097,0.53,Calm,FMS_MARITIME,2026-04-06
2022-01-01,109,LSMGO,21.21,13.5,324.0,24,203.8517,0.53,Moderate,FMS_MARITIME,2026-04-06
2022-01-02,109,LNG,71.74,11.9,285.6,24,782.2071,0.63,Moderate,FMS_MARITIME,2026-04-06
2022-01-03,109,MGO,78.28,12.8,307.2,24,793.5023,0.58,Moderate,FMS_MARITIME,2026-04-06
2022-01-04,109,VLSFO,84.16,11.1,266.4,24,983.7622,0.55,Rough,FMS_MARITIME,2026-04-06
2022-01-05,109,LSMGO,82.36,10.5,252.0,24,1017.7343,0.59,Moderate,FMS_MARITIME,2026-04-06
2022-01-06,109,LNG,31.83,16.4,393.6,24,251.8258,0.9,Moderate,FMS_MARITIME,2026-04-06
2022-01-07,109,HFO,57.88,13.6,326.4,24,552.2007,0.58,Rough,FMS_MARITIME,2026-04-06
2022-01-08,109,LSMGO,60.9,14.6,350.4,24,541.2175,0.58,Moderate,FMS_MARITIME,2026-04-06
2022-01-09,109,VLSFO,15.35,15.0,360.0,24,132.7775,0.9,Rough,FMS_MARITIME,2026-04-06
2022-01-10,109,LNG,40.97,15.2,364.8,24,349.7275,0.82,Moderate,FMS_MARITIME,2026-04-06
2022-01-11,109,LNG,70.2,13.0,312.0,24,700.65,0.94,Calm,FMS_MARITIME,2026-04-06
2022-01-12,109,LSMGO,74.66,17.2,412.8,24,563.2055,0.49,Rough,FMS_MARITIME,2026-04-06
2022-01-13,109,LNG,50.96,14.2,340.8,24,465.638,0.75,Moderate,FMS_MARITIME,2026-04-06
2022-01-14,109,LSMGO,39.5,13.4,321.6,24,382.472,0.55,Calm,FMS_MARITIME,2026-04-06
2022-01-15,109,LNG,81.46,8.5,204.0,24,1243.4629,1.0,Rough,FMS_MARITIME,2026-04-06
2022-01-16,109,MGO,67.6,14.9,357.6,24,588.6644,0.59,Calm,FMS_MARITIME,2026-04-06
2022-01-17,109,HFO,66.4,13.9,333.6,24,619.8129,0.58,Moderate,FMS_MARITIME,2026-04-06
2022-01-18,109,MGO,17.67,16.0,384.0,24,143.2927,0.44,Moderate,FMS_MARITIME,2026-04-06
2022-01-19,109,LSMGO,45.54,10.9,261.6,24,542.0931,0.46,Calm,FMS_MARITIME,2026-04-06
2022-01-20,109,LSMGO,58.48,11.6,278.4,24,654.119,0.44,Calm,FMS_MARITIME,2026-04-06
2022-01-21,109,LSMGO,26.63,14.5,348.0,24,238.2926,0.89,Calm,FMS_MARITIME,2026-04-06
2022-01-22,109,LNG,16.29,13.6,326.4,24,155.4138,0.82,Moderate,FMS_MARITIME,2026-04-06
2022-01-23,109,LSMGO,41.9,11.1,266.4,24,489.777,0.52,Rough,FMS_MARITIME,2026-04-06
2022-01-24,109,LNG,38.81,15.6,374.4,24,322.7947,0.76,Moderate,FMS_MARITIME,2026-04-06
2022-01-25,109,MGO,24.64,8.8,211.2,24,363.3,0.77,Calm,FMS_MARITIME,2026-04-06
2022-01-26,109,HFO,19.79,17.6,422.4,24,145.895,0.52,Rough,FMS_MARITIME,2026-04-06
2022-01-27,109,HFO,31.44,15.0,360.0,24,271.956,0.59,Moderate,FMS_MARITIME,2026-04-06
2022-01-28,109,LSMGO,28.76,9.8,235.2,24,380.7765,0.41,Calm,FMS_MARITIME,2026-04-06
2022-01-28,109,LNG,84.2,12.5,300.0,24,873.996,0.72,Moderate,FMS_MARITIME,2026-04-06
2022-01-28,109,LNG,18.21,11.0,264.0,24,214.7952,0.88,Rough,FMS_MARITIME,2026-04-06
2022-01-01,110,HFO,24.7,15.3,367.2,24,209.4657,0.57,Moderate,FMS_MARITIME,2026-04-06
2022-01-02,110,LSMGO,42.68,13.5,324.0,24,410.2022,0.95,Rough,FMS_MARITIME,2026-04-06
2022-01-03,110,LSMGO,75.01,11.4,273.6,24,853.7322,0.69,Moderate,FMS_MARITIME,2026-04-06
2022-01-04,110,MGO,25.65,14.2,340.8,24,234.3724,0.86,Rough,FMS_MARITIME,2026-04-06
2022-01-05,110,HFO,33.92,15.1,362.4,24,291.4649,0.71,Calm,FMS_MARITIME,2026-04-06
2022-01-06,110,MGO,31.37,17.4,417.6,24,233.9228,0.76,Rough,FMS_MARITIME,2026-04-06
2022-01-07,110,MGO,16.67,13.1,314.4,24,165.1094,0.9,Rough,FMS_MARITIME,2026-04-06
2022-01-08,110,MGO,24.9,17.8,427.2,24,181.5042,0.81,Rough,FMS_MARITIME,2026-04-06
2022-01-09,110,LNG,73.7,14.7,352.8,24,650.5153,0.52,Rough,FMS_MARITIME,2026-04-06
2022-01-10,110,MGO,23.52,10.5,252.0,24,290.64,0.87,Calm,FMS_MARITIME,2026-04-06
2022-01-11,110,LNG,61.75,16.7,400.8,24,479.7642,0.83,Moderate,FMS_MARITIME,2026-04-06
2022-01-12,110,MGO,15.62,8.6,206.4,24,235.6622,0.88,Moderate,FMS_MARITIME,2026-04-06
2022-01-13,110,LSMGO,37.83,10.0,240.0,24,490.8442,0.47,Rough,FMS_MARITIME,2026-04-06
2022-01-14,110,MGO,80.33,15.4,369.6,24,676.8063,0.75,Calm,FMS_MARITIME,2026-04-06
2022-01-15,110,VLSFO,83.55,13.6,326.4,24,797.1039,0.49,Calm,FMS_MARITIME,2026-04-06
2022-01-16,110,HFO,82.03,17.3,415.2,24,615.225,0.54,Moderate,FMS_MARITIME,2026-04-06
2022-01-17,110,MGO,55.35,17.6,422.4,24,408.049,0.86,Moderate,FMS_MARITIME,2026-04-06
2022-01-18,110,HFO,79.24,15.9,381.6,24,646.6283,0.51,Moderate,FMS_MARITIME,2026-04-06
2022-01-19,110,MGO,23.3,9.0,216.0,24,335.9083,0.56,Rough,FMS_MARITIME,2026-04-06
2022-01-20,110,LNG,50.63,8.5,204.0,24,772.8521,0.54,Calm,FMS_MARITIME,2026-04-06
2022-01-21,110,VLSFO,15.85,15.3,367.2,24,134.4142,0.96,Rough,FMS_MARITIME,2026-04-06
2022-01-22,110,VLSFO,20.39,10.8,259.2,24,244.9632,0.73,Rough,FMS_MARITIME,2026-04-06
2022-01-23,110,MGO,82.56,15.2,364.8,24,704.7474,0.52,Moderate,FMS_MARITIME,2026-04-06
2022-01-24,110,HFO,39.3,17.6,422.4,24,289.7259,0.77,Moderate,FMS_MARITIME,2026-04-06
2022-01-25,110,HFO,69.89,12.7,304.8,24,714.0337,0.51,Moderate,FMS_MARITIME,2026-04-06
2022-01-26,110,LSMGO,56.02,13.8,331.2,24,526.7098,0.79,Moderate,FMS_MARITIME,2026-04-06
2022-01-27,110,MGO,71.96,12.5,300.0,24,746.9448,0.82,Calm,FMS_MARITIME,2026-04-06
2022-01-28,110,VLSFO,23.04,10.0,240.0,24,298.944,0.76,Moderate,FMS_MARITIME,2026-04-06
2022-01-28,110,MGO,58.38,12.1,290.4,24,626.0169,0.82,Calm,FMS_MARITIME,2026-04-06
2022-01-28,110,LSMGO,84.28,9.7,232.8,24,1127.3536,0.53,Calm,FMS_MARITIME,2026-04-06
2022-01-01,111,LNG,51.14,17.9,429.6,24,370.6936,0.53,Rough,FMS_MARITIME,2026-04-06
2022-01-02,111,HFO,81.06,17.9,429.6,24,587.5718,0.51,Moderate,FMS_MARITIME,2026-04-06
2022-01-03,111,VLSFO,77.82,15.2,364.8,24,664.2859,0.43,Calm,FMS_MARITIME,2026-04-06
2022-01-04,111,LSMGO,44.71,8.2,196.8,24,707.454,0.88,Calm,FMS_MARITIME,2026-04-06
2022-01-05,111,LNG,28.56,16.4,393.6,24,225.9549,0.79,Moderate,FMS_MARITIME,2026-04-06
2022-01-06,111,VLSFO,72.19,11.4,273.6,24,821.6362,0.82,Rough,FMS_MARITIME,2026-04-06
2022-01-07,111,LSMGO,31.59,17.7,424.8,24,231.5708,0.99,Rough,FMS_MARITIME,2026-04-06
2022-01-08,111,MGO,17.35,17.8,427.2,24,126.4698,0.96,Calm,FMS_MARITIME,2026-04-06
2022-01-09,111,LSMGO,31.6,15.3,367.2,24,267.9804,0.52,Calm,FMS_MARITIME,2026-04-06
2022-01-10,111,LNG,32.21,10.6,254.4,24,394.2686,0.47,Calm,FMS_MARITIME,2026-04-06
2022-01-11,111,VLSFO,72.11,16.0,384.0,24,584.767,0.49,Rough,FMS_MARITIME,2026-04-06
2022-01-12,111,LSMGO,80.94,16.0,384.0,24,656.3728,0.74,Moderate,FMS_MARITIME,2026-04-06
2022-01-13,111,MGO,18.65,13.5,324.0,24,179.2472,0.65,Rough,FMS_MARITIME,2026-04-06
2022-01-14,111,LNG,77.49,11.3,271.2,24,889.7635,0.97,Rough,FMS_MARITIME,2026-04-06
2022-01-15,111,VLSFO,41.14,8.4,201.6,24,635.4661,0.52,Moderate,FMS_MARITIME,2026-04-06
2022-01-16,111,VLSFO,39.02,11.8,283.2,24,429.0547,0.72,Calm,FMS_MARITIME,2026-04-06
2022-01-17,111,LSMGO,33.69,9.3,223.2,24,470.0298,0.66,Rough,FMS_MARITIME,2026-04-06
2022-01-18,111,HFO,77.37,9.7,232.8,24,1034.9235,0.67,Calm,FMS_MARITIME,2026-04-06
2022-01-19,111,HFO,68.6,8.4,201.6,24,1059.625,0.88,Calm,FMS_MARITIME,2026-04-06
2022-01-20,111,HFO,52.69,9.9,237.6,24,690.5583,0.68,Calm,FMS_MARITIME,2026-04-06
2022-01-21,111,LNG,24.83,10.9,261.6,24,295.5681,0.72,Rough,FMS_MARITIME,2026-04-06
2022-01-22,111,LNG,32.54,10.5,252.0,24,402.1014,0.94,Moderate,FMS_MARITIME,2026-04-06
2022-01-23,111,HFO,27.97,13.8,331.2,24,262.9788,0.81,Moderate,FMS_MARITIME,2026-04-06
2022-01-24,111,MGO,67.62,8.6,206.4,24,1020.1971,0.61,Calm,FMS_MARITIME,2026-04-06
2022-01-25,111,LNG,53.3,11.6,278.4,24,596.1789,0.7,Rough,FMS_MARITIME,2026-04-06
2022-01-26,111,MGO,74.58,17.3,415.2,24,559.35,0.85,Moderate,FMS_MARITIME,2026-04-06
2022-01-27,111,HFO,64.95,17.6,422.4,24,478.8217,0.62,Calm,FMS_MARITIME,2026-04-06
2022-01-28,111,LSMGO,84.85,17.8,427.2,24,618.4993,0.76,Calm,FMS_MARITIME,2026-04-06
2022-01-28,111,VLSFO,20.91,9.5,228.0,24,285.5866,0.62,Calm,FMS_MARITIME,2026-04-06
2022-01-28,111,LSMGO,28.8,12.9,309.6,24,289.6744,0.78,Calm,FMS_MARITIME,2026-04-06
2022-01-01,112,LSMGO,37.3,14.3,343.2,24,338.4388,0.53,Calm,FMS_MARITIME,2026-04-06
2022-01-02,112,LSMGO,44.55,9.3,223.2,24,621.5444,0.8,Calm,FMS_MARITIME,2026-04-06
2022-01-03,112,HFO,26.34,14.7,352.8,24,232.4908,0.51,Rough,FMS_MARITIME,2026-04-06
2022-01-04,112,LNG,44.06,17.5,420.0,24,326.6734,0.86,Calm,FMS_MARITIME,2026-04-06
2022-01-05,112,VLSFO,22.25,16.9,405.6,24,170.8247,0.94,Moderate,FMS_MARITIME,2026-04-06
2022-01-06,112,MGO,15.25,11.9,285.6,24,166.2763,0.47,Moderate,FMS_MARITIME,2026-04-06
2022-01-07,112,MGO,75.88,13.9,333.6,24,708.3043,0.43,Calm,FMS_MARITIME,2026-04-06
2022-01-08,112,HFO,64.75,15.5,372.0,24,542.0202,0.81,Calm,FMS_MARITIME,2026-04-06
2022-01-09,112,LSMGO,29.78,13.4,321.6,24,288.3549,0.72,Calm,FMS_MARITIME,2026-04-06
2022-01-10,112,LNG,46.91,15.7,376.8,24,387.6798,0.47,Moderate,FMS_MARITIME,2026-04-06
2022-01-11,112,LNG,44.48,14.3,343.2,24,403.586,0.46,Calm,FMS_MARITIME,2026-04-06
2022-01-12,112,LNG,46.26,9.7,232.8,24,618.7871,0.84,Moderate,FMS_MARITIME,2026-04-06
2022-01-13,112,VLSFO,60.18,13.3,319.2,24,587.0944,0.96,Rough,FMS_MARITIME,2026-04-06
2022-01-14,112,VLSFO,27.2,9.3,223.2,24,379.4839,0.78,Calm,FMS_MARITIME,2026-04-06
2022-01-15,112,LNG,81.91,12.8,307.2,24,830.2986,0.98,Rough,FMS_MARITIME,2026-04-06
2022-01-16,112,LNG,18.28,15.2,364.8,24,156.0414,0.94,Rough,FMS_MARITIME,2026-04-06
2022-01-17,112,LSMGO,23.42,10.0,240.0,24,303.8745,0.77,Moderate,FMS_MARITIME,2026-04-06
2022-01-18,112,HFO,57.52,10.3,247.2,24,724.5845,0.95,Moderate,FMS_MARITIME,2026-04-06
2022-01-19,112,HFO,46.33,10.9,261.6,24,551.497,0.61,Rough,FMS_MARITIME,2026-04-06
2022-01-20,112,LSMGO,52.77,8.7,208.8,24,787.0009,0.64,Calm,FMS_MARITIME,2026-04-06
2022-01-21,112,HFO,75.24,8.2,196.8,24,1190.5354,0.54,Rough,FMS_MARITIME,2026-04-06
2022-01-22,112,HFO,15.33,10.1,242.4,24,196.9374,0.48,Rough,FMS_MARITIME,2026-04-06
2022-01-23,112,LNG,37.29,14.0,336.0,24,345.5984,0.89,Rough,FMS_MARITIME,2026-04-06
2022-01-24,112,LNG,25.82,15.9,381.6,24,210.7009,0.94,Rough,FMS_MARITIME,2026-04-06
2022-01-25,112,LNG,40.62,8.1,194.4,24,650.6722,0.86,Moderate,FMS_MARITIME,2026-04-06
2022-01-26,112,LNG,19.76,9.5,228.0,24,269.88,0.62,Rough,FMS_MARITIME,2026-04-06
2022-01-27,112,HFO,76.17,13.4,321.6,24,737.5416,0.43,Calm,FMS_MARITIME,2026-04-06
2022-01-28,112,LSMGO,71.36,8.0,192.0,24,1157.37,0.65,Calm,FMS_MARITIME,2026-04-06
2022-01-28,112,VLSFO,56.98,16.7,400.8,24,442.7039,0.45,Moderate,FMS_MARITIME,2026-04-06
2022-01-28,112,LNG,23.99,12.8,307.2,24,243.1799,0.71,Calm,FMS_MARITIME,2026-04-06
2022-01-01,113,MGO,39.39,15.5,372.0,24,329.7324,0.94,Rough,FMS_MARITIME,2026-04-06
2022-01-02,113,LNG,70.24,16.0,384.0,24,569.6025,0.79,Calm,FMS_MARITIME,2026-04-06
2022-01-03,113,HFO,61.38,9.3,223.2,24,856.35,0.7,Moderate,FMS_MARITIME,2026-04-06
2022-01-04,113,VLSFO,69.09,15.5,372.0,24,578.3502,0.89,Calm,FMS_MARITIME,2026-04-06
2022-01-05,113,LSMGO,54.21,14.2,340.8,24,495.3343,0.52,Calm,FMS_MARITIME,2026-04-06
2022-01-06,113,LNG,44.3,17.2,412.8,24,334.1817,0.73,Calm,FMS_MARITIME,2026-04-06
2022-01-07,113,HFO,59.69,8.8,211.2,24,880.0884,0.94,Moderate,FMS_MARITIME,2026-04-06
2022-01-08,113,VLSFO,60.0,13.4,321.6,24,580.9701,0.47,Calm,FMS_MARITIME,2026-04-06
2022-01-09,113,LNG,39.14,11.8,283.2,24,430.3742,0.6,Rough,FMS_MARITIME,2026-04-06
2022-01-10,113,LSMGO,55.77,13.2,316.8,24,548.1937,0.43,Moderate,FMS_MARITIME,2026-04-06
2022-01-11,113,LSMGO,53.28,16.5,396.0,24,418.9745,0.8,Moderate,FMS_MARITIME,2026-04-06
2022-01-12,113,VLSFO,23.29,8.3,199.2,24,364.0816,0.8,Calm,FMS_MARITIME,2026-04-06
2022-01-13,113,HFO,19.04,15.0,360.0,24,164.696,0.44,Calm,FMS_MARITIME,2026-04-06
2022-01-14,113,LSMGO,42.23,15.9,381.6,24,344.6127,0.74,Rough,FMS_MARITIME,2026-04-06
2022-01-15,113,HFO,51.64,17.7,424.8,24,378.5475,0.4,Moderate,FMS_MARITIME,2026-04-06
2022-01-16,113,MGO,30.0,10.3,247.2,24,377.9126,0.55,Rough,FMS_MARITIME,2026-04-06
2022-01-17,113,VLSFO,77.14,15.5,372.0,24,645.7365,0.6,Calm,FMS_MARITIME,2026-04-06
2022-01-18,113,LNG,33.34,8.3,199.2,24,521.1886,0.41,Moderate,FMS_MARITIME,2026-04-06
2022-01-19,113,VLSFO,82.15,10.5,252.0,24,1015.1393,0.95,Moderate,FMS_MARITIME,2026-04-06
2022-01-20,113,MGO,18.48,13.9,333.6,24,172.5022,0.67,Rough,FMS_MARITIME,2026-04-06
2022-01-21,113,LSMGO,69.14,13.0,312.0,24,690.0704,0.71,Moderate,FMS_MARITIME,2026-04-06
2022-01-22,113,LNG,59.57,17.0,408.0,24,454.6593,0.59,Rough,FMS_MARITIME,2026-04-06
2022-01-23,113,MGO,20.08,15.9,381.6,24,163.8604,0.91,Calm,FMS_MARITIME,2026-04-06
2022-01-24,113,VLSFO,50.0,8.4,201.6,24,772.3214,0.57,Rough,FMS_MARITIME,2026-04-06
2022-01-25,113,MGO,73.5,14.3,343.2,24,666.8969,0.51,Moderate,FMS_MARITIME,2026-04-06
2022-01-26,113,MGO,39.5,9.0,216.0,24,569.4583,0.86,Rough,FMS_MARITIME,2026-04-06
2022-01-27,113,HFO,77.12,12.5,300.0,24,800.5056,0.43,Calm,FMS_MARITIME,2026-04-06
2022-01-28,113,VLSFO,45.37,8.8,211.2,24,668.9497,0.74,Calm,FMS_MARITIME,2026-04-06
2022-01-28,113,HFO,45.44,14.3,343.2,24,412.2965,0.75,Moderate,FMS_MARITIME,2026-04-06
2022-01-28,113,LSMGO,44.78,10.3,247.2,24,564.0976,0.89,Calm,FMS_MARITIME,2026-04-06
2022-01-01,114,MGO,42.34,8.5,204.0,24,646.3076,0.8,Rough,FMS_MARITIME,2026-04-06
2022-01-02,114,VLSFO,64.1,11.3,271.2,24,736.0155,0.86,Rough,FMS_MARITIME,2026-04-06
2022-01-03,114,LSMGO,46.8,9.4,225.6,24,645.9894,0.9,Calm,FMS_MARITIME,2026-04-06
2022-01-04,114,LSMGO,61.22,13.0,312.0,24,611.0227,0.64,Rough,FMS_MARITIME,2026-04-06
2022-01-05,114,VLSFO,74.71,10.5,252.0,24,923.2021,1.0,Rough,FMS_MARITIME,2026-04-06
2022-01-06,114,VLSFO,41.11,14.1,338.4,24,378.2995,0.9,Moderate,FMS_MARITIME,2026-04-06
2022-01-07,114,VLSFO,66.98,11.2,268.8,24,775.9513,0.67,Calm,FMS_MARITIME,2026-04-06
2022-01-08,114,HFO,20.49,9.6,230.4,24,276.9352,0.77,Calm,FMS_MARITIME,2026-04-06
2022-01-09,114,MGO,43.4,8.8,211.2,24,639.9034,0.72,Calm,FMS_MARITIME,2026-04-06
2022-01-10,114,VLSFO,27.31,16.3,391.2,24,217.391,0.95,Rough,FMS_MARITIME,2026-04-06
2022-01-11,114,LNG,43.88,8.1,194.4,24,702.8926,0.91,Calm,FMS_MARITIME,2026-04-06
2022-01-12,114,VLSFO,57.06,15.2,364.8,24,487.0747,0.72,Calm,FMS_MARITIME,2026-04-06
2022-01-13,114,LSMGO,35.11,10.4,249.6,24,438.031,0.55,Rough,FMS_MARITIME,2026-04-06
2022-01-14,114,MGO,81.19,13.4,321.6,24,786.1494,0.98,Calm,FMS_MARITIME,2026-04-06
2022-01-15,114,VLSFO,29.69,14.1,338.4,24,273.2112,0.63,Rough,FMS_MARITIME,2026-04-06
2022-01-16,114,HFO,56.3,13.4,321.6,24,545.1437,0.75,Calm,FMS_MARITIME,2026-04-06
2022-01-17,114,MGO,28.74,12.2,292.8,24,305.657,0.76,Rough,FMS_MARITIME,2026-04-06
2022-01-18,114,HFO,39.83,16.4,393.6,24,315.1184,0.69,Calm,FMS_MARITIME,2026-04-06
2022-01-19,114,MGO,69.99,8.3,199.2,24,1094.1208,0.73,Calm,FMS_MARITIME,2026-04-06
2022-01-20,114,LNG,26.4,12.3,295.2,24,278.4878,0.42,Rough,FMS_MARITIME,2026-04-06
2022-01-21,114,HFO,32.31,10.8,259.2,24,388.1688,0.96,Calm,FMS_MARITIME,2026-04-06
2022-01-22,114,MGO,61.77,14.6,350.4,24,548.9491,0.51,Calm,FMS_MARITIME,2026-04-06
2022-01-23,114,VLSFO,64.6,16.9,405.6,24,495.9675,0.69,Calm,FMS_MARITIME,2026-04-06
2022-01-24,114,VLSFO,28.62,14.6,350.4,24,254.3455,0.67,Moderate,FMS_MARITIME,2026-04-06
2022-01-25,114,MGO,56.21,9.9,237.6,24,736.6917,0.83,Calm,FMS_MARITIME,2026-04-06
2022-01-26,114,LNG,19.36,12.8,307.2,24,196.2469,0.61,Moderate,FMS_MARITIME,2026-04-06
2022-01-27,114,MGO,52.32,16.9,405.6,24,401.6876,0.78,Rough,FMS_MARITIME,2026-04-06
2022-01-28,114,VLSFO,54.89,11.7,280.8,24,608.716,0.85,Rough,FMS_MARITIME,2026-04-06
2022-01-28,114,HFO,62.79,8.0,192.0,24,1018.3753,0.8,Rough,FMS_MARITIME,2026-04-06
2022-01-28,114,HFO,80.42,14.3,343.2,24,729.685,0.49,Calm,FMS_MARITIME,2026-04-06
2022-01-01,115,MGO,34.76,14.7,352.8,24,306.8102,0.83,Moderate,FMS_MARITIME,2026-04-06
2022-01-02,115,MGO,52.45,16.4,393.6,24,414.9627,0.82,Calm,FMS_MARITIME,2026-04-06
2022-01-03,115,LSMGO,80.69,10.1,242.4,24,1036.5869,0.41,Calm,FMS_MARITIME,2026-04-06
2022-01-04,115,VLSFO,29.54,17.1,410.4,24,224.1412,0.79,Calm,FMS_MARITIME,2026-04-06
2022-01-05,115,LNG,60.22,9.8,235.2,24,797.3005,0.43,Moderate,FMS_MARITIME,2026-04-06
2022-01-06,115,HFO,15.91,12.4,297.6,24,166.4776,0.86,Moderate,FMS_MARITIME,2026-04-06
2022-01-07,115,VLSFO,43.8,14.6,350.4,24,389.25,0.49,Calm,FMS_MARITIME,2026-04-06
2022-01-08,115,HFO,41.74,17.3,415.2,24,313.05,0.55,Calm,FMS_MARITIME,2026-04-06
2022-01-09,115,HFO,37.49,9.7,232.8,24,501.4771,0.43,Calm,FMS_MARITIME,2026-04-06
2022-01-10,115,LNG,18.24,17.9,429.6,24,132.2145,0.53,Calm,FMS_MARITIME,2026-04-06
2022-01-11,115,HFO,48.51,9.6,230.4,24,655.643,0.92,Calm,FMS_MARITIME,2026-04-06
2022-01-12,115,LNG,49.21,11.6,278.4,24,550.4308,0.83,Calm,FMS_MARITIME,2026-04-06
2022-01-13,115,LSMGO,31.81,12.0,288.0,24,343.9456,0.87,Moderate,FMS_MARITIME,2026-04-06
2022-01-14,115,VLSFO,32.79,9.7,232.8,24,438.6085,0.51,Moderate,FMS_MARITIME,2026-04-06
2022-01-15,115,MGO,69.03,12.4,297.6,24,722.3099,0.93,Calm,FMS_MARITIME,2026-04-06
2022-01-16,115,HFO,73.57,8.4,201.6,24,1136.3937,0.86,Calm,FMS_MARITIME,2026-04-06
2022-01-17,115,VLSFO,42.58,10.9,261.6,24,506.8583,0.88,Calm,FMS_MARITIME,2026-04-06
2022-01-18,115,LNG,77.39,9.1,218.4,24,1103.4453,0.54,Rough,FMS_MARITIME,2026-04-06
2022-01-19,115,MGO,22.15,8.1,194.4,24,354.8102,0.78,Rough,FMS_MARITIME,2026-04-06
2022-01-20,115,VLSFO,79.46,13.7,328.8,24,752.55,0.44,Calm,FMS_MARITIME,2026-04-06
2022-01-21,115,VLSFO,82.65,14.2,340.8,24,755.1998,0.69,Rough,FMS_MARITIME,2026-04-06
2022-01-22,115,LSMGO,42.96,17.1,410.4,24,325.9684,0.7,Rough,FMS_MARITIME,2026-04-06
2022-01-23,115,LSMGO,69.73,13.5,324.0,24,670.1828,0.81,Rough,FMS_MARITIME,2026-04-06
2022-01-24,115,MGO,19.31,11.9,285.6,24,210.5439,0.63,Calm,FMS_MARITIME,2026-04-06
2022-01-25,115,VLSFO,27.08,13.5,324.0,24,260.2689,0.56,Calm,FMS_MARITIME,2026-04-06
2022-01-26,115,HFO,47.29,17.5,420.0,24,350.6216,0.64,Moderate,FMS_MARITIME,2026-04-06
2022-01-27,115,LSMGO,54.3,9.4,225.6,24,749.5133,0.94,Calm,FMS_MARITIME,2026-04-06
2022-01-28,115,LNG,83.82,11.8,283.2,24,921.6648,0.99,Moderate,FMS_MARITIME,2026-04-06
2022-01-28,115,MGO,19.55,11.0,264.0,24,230.6011,0.7,Calm,FMS_MARITIME,2026-04-06
2022-01-28,115,VLSFO,45.41,9.0,216.0,24,654.6608,0.94,Calm,FMS_MARITIME,2026-04-06
2022-01-01,116,VLSFO,82.79,13.8,331.2,24,778.406,0.46,Moderate,FMS_MARITIME,2026-04-06
2022-01-02,116,VLSFO,75.45,17.2,412.8,24,569.165,0.7,Rough,FMS_MARITIME,2026-04-06
2022-01-03,116,HFO,53.48,8.1,194.4,24,856.6704,0.52,Calm,FMS_MARITIME,2026-04-06
2022-01-04,116,VLSFO,37.24,17.5,420.0,24,276.108,0.49,Moderate,FMS_MARITIME,2026-04-06
2022-01-05,116,LNG,34.9,11.1,266.4,24,407.9527,0.74,Rough,FMS_MARITIME,2026-04-06
2022-01-06,116,MGO,78.14,17.1,410.4,24,592.9044,0.74,Calm,FMS_MARITIME,2026-04-06
2022-01-07,116,LSMGO,64.4,17.5,420.0,24,477.48,0.97,Moderate,FMS_MARITIME,2026-04-06
2022-01-08,116,MGO,67.95,12.3,295.2,24,716.7896,0.77,Calm,FMS_MARITIME,2026-04-06
2022-01-09,116,VLSFO,66.74,14.5,348.0,24,597.2079,0.83,Calm,FMS_MARITIME,2026-04-06
2022-01-10,116,LNG,27.71,13.6,326.4,24,264.3656,0.5,Moderate,FMS_MARITIME,2026-04-06
2022-01-11,116,LNG,58.01,12.2,292.8,24,616.9506,0.87,Moderate,FMS_MARITIME,2026-04-06
2022-01-12,116,HFO,63.14,8.8,211.2,24,930.9562,0.42,Moderate,FMS_MARITIME,2026-04-06
2022-01-13,116,HFO,55.89,12.6,302.4,24,575.5339,0.6,Rough,FMS_MARITIME,2026-04-06
2022-01-14,116,VLSFO,21.81,13.2,316.8,24,214.3824,0.59,Moderate,FMS_MARITIME,2026-04-06
2022-01-15,116,HFO,70.15,12.9,309.6,24,705.5785,0.5,Calm,FMS_MARITIME,2026-04-06
2022-01-16,116,LSMGO,53.36,14.2,340.8,24,487.5676,0.77,Calm,FMS_MARITIME,2026-04-06
2022-01-17,116,MGO,48.06,12.2,292.8,24,511.1299,0.68,Rough,FMS_MARITIME,2026-04-06
2022-01-18,116,VLSFO,52.63,17.9,429.6,24,381.494,0.48,Calm,FMS_MARITIME,2026-04-06
2022-01-19,116,LSMGO,70.81,14.7,352.8,24,625.0066,0.94,Calm,FMS_MARITIME,2026-04-06
2022-01-20,116,HFO,63.36,9.5,228.0,24,865.3642,0.43,Moderate,FMS_MARITIME,2026-04-06
2022-01-21,116,LNG,19.96,12.8,307.2,24,202.3289,0.42,Calm,FMS_MARITIME,2026-04-06
2022-01-22,116,VLSFO,50.79,14.2,340.8,24,464.0847,0.76,Rough,FMS_MARITIME,2026-04-06
2022-01-23,116,MGO,45.05,15.3,367.2,24,382.0417,0.68,Rough,FMS_MARITIME,2026-04-06
2022-01-24,116,VLSFO,78.61,9.6,230.4,24,1062.4633,0.7,Rough,FMS_MARITIME,2026-04-06
2022-01-25,116,HFO,48.54,8.2,196.8,24,768.0567,0.96,Rough,FMS_MARITIME,2026-04-06
2022-01-26,116,MGO,79.9,17.1,410.4,24,606.2588,0.45,Moderate,FMS_MARITIME,2026-04-06
2022-01-27,116,LSMGO,16.94,11.4,273.6,24,192.8039,0.81,Rough,FMS_MARITIME,2026-04-06
2022-01-28,116,VLSFO,23.39,10.3,247.2,24,294.6459,0.96,Rough,FMS_MARITIME,2026-04-06
2022-01-28,116,LNG,32.99,15.2,364.8,24,281.6087,0.67,Calm,FMS_MARITIME,2026-04-06
2022-01-28,116,LNG,51.76,13.7,328.8,24,490.2088,0.61,Moderate,FMS_MARITIME,2026-04-06
2022-01-01,117,VLSFO,36.96,16.2,388.8,24,296.0222,0.6,Calm,FMS_MARITIME,2026-04-06
2022-01-02,117,LSMGO,41.62,15.9,381.6,24,339.6349,0.95,Calm,FMS_MARITIME,2026-04-06
2022-01-03,117,HFO,48.84,8.2,196.8,24,772.8037,0.58,Rough,FMS_MARITIME,2026-04-06
2022-01-04,117,HFO,61.19,17.3,415.2,24,458.925,0.53,Moderate,FMS_MARITIME,2026-04-06
2022-01-05,117,LSMGO,78.86,14.4,345.6,24,710.5615,0.93,Moderate,FMS_MARITIME,2026-04-06
2022-01-06,117,HFO,16.93,13.0,312.0,24,168.9744,0.75,Calm,FMS_MARITIME,2026-04-06
2022-01-07,117,MGO,70.45,15.7,376.8,24,582.2221,0.95,Calm,FMS_MARITIME,2026-04-06
2022-01-08,117,VLSFO,46.91,14.4,345.6,24,422.6786,0.89,Moderate,FMS_MARITIME,2026-04-06
2022-01-09,117,MGO,46.49,15.3,367.2,24,394.2534,0.99,Rough,FMS_MARITIME,2026-04-06
2022-01-10,117,LSMGO,63.82,8.7,208.8,24,951.7983,0.47,Moderate,FMS_MARITIME,2026-04-06
2022-01-11,117,LSMGO,48.11,9.3,223.2,24,671.2121,0.54,Moderate,FMS_MARITIME,2026-04-06
2022-01-12,117,LSMGO,75.99,13.3,319.2,24,741.331,0.64,Moderate,FMS_MARITIME,2026-04-06
2022-01-13,117,LSMGO,63.65,10.5,252.0,24,786.5321,0.75,Moderate,FMS_MARITIME,2026-04-06
2022-01-14,117,LNG,24.15,10.9,261.6,24,287.4736,0.94,Moderate,FMS_MARITIME,2026-04-06
2022-01-15,117,LNG,46.05,13.9,333.6,24,429.8552,0.98,Moderate,FMS_MARITIME,2026-04-06
2022-01-16,117,VLSFO,32.49,13.2,316.8,24,319.3619,0.98,Rough,FMS_MARITIME,2026-04-06
2022-01-17,117,LSMGO,33.72,14.3,343.2,24,305.9559,0.5,Rough,FMS_MARITIME,2026-04-06
2022-01-18,117,HFO,68.06,10.2,244.8,24,865.7632,0.7,Rough,FMS_MARITIME,2026-04-06
2022-01-19,117,LSMGO,74.95,10.7,256.8,24,908.8563,0.52,Rough,FMS_MARITIME,2026-04-06
2022-01-20,117,LNG,72.41,10.8,259.2,24,869.9257,0.66,Rough,FMS_MARITIME,2026-04-06
2022-01-21,117,LSMGO,62.8,14.7,352.8,24,554.3061,0.49,Calm,FMS_MARITIME,2026-04-06
2022-01-22,117,LSMGO,56.66,11.7,280.8,24,628.3449,0.7,Calm,FMS_MARITIME,2026-04-06
2022-01-23,117,LNG,56.84,9.2,220.8,24,801.6293,0.77,Calm,FMS_MARITIME,2026-04-06
2022-01-24,117,VLSFO,56.5,12.6,302.4,24,581.8155,0.66,Rough,FMS_MARITIME,2026-04-06
2022-01-25,117,LNG,78.62,9.7,232.8,24,1051.6438,0.79,Rough,FMS_MARITIME,2026-04-06
2022-01-26,117,LSMGO,27.41,15.0,360.0,24,237.0965,0.67,Moderate,FMS_MARITIME,2026-04-06
2022-01-27,117,MGO,71.1,16.6,398.4,24,555.7364,0.47,Moderate,FMS_MARITIME,2026-04-06
2022-01-28,117,MGO,57.24,16.4,393.6,24,452.8591,0.57,Calm,FMS_MARITIME,2026-04-06
2022-01-28,117,MGO,17.47,10.8,259.2,24,209.8826,0.59,Calm,FMS_MARITIME,2026-04-06
2022-01-28,117,HFO,19.35,10.3,247.2,24,243.7536,0.99,Calm,FMS_MARITIME,2026-04-06
2022-01-01,118,HFO,30.62,9.7,232.8,24,409.582,0.66,Rough,FMS_MARITIME,2026-04-06
2022-01-02,118,HFO,45.59,14.0,336.0,24,422.5216,0.82,Rough,FMS_MARITIME,2026-04-06
2022-01-03,118,LSMGO,48.86,8.6,206.4,24,737.161,0.84,Calm,FMS_MARITIME,2026-04-06
2022-01-04,118,HFO,41.77,14.5,348.0,24,373.7695,0.46,Calm,FMS_MARITIME,2026-04-06
2022-01-05,118,MGO,47.34,11.7,280.8,24,524.9885,0.52,Moderate,FMS_MARITIME,2026-04-06
2022-01-06,118,LSMGO,28.1,17.0,408.0,24,214.4691,0.51,Calm,FMS_MARITIME,2026-04-06
2022-01-07,118,LSMGO,42.85,9.2,220.8,24,604.3247,0.45,Rough,FMS_MARITIME,2026-04-06
2022-01-08,118,HFO,64.08,13.3,319.2,24,625.1414,0.8,Moderate,FMS_MARITIME,2026-04-06
2022-01-09,118,LSMGO,59.34,9.1,218.4,24,846.0841,0.66,Calm,FMS_MARITIME,2026-04-06
2022-01-10,118,LSMGO,29.41,8.0,192.0,24,476.9934,0.79,Calm,FMS_MARITIME,2026-04-06
2022-01-11,118,MGO,25.94,16.8,403.2,24,200.3402,0.58,Rough,FMS_MARITIME,2026-04-06
2022-01-12,118,LSMGO,50.12,10.2,244.8,24,637.5559,0.47,Rough,FMS_MARITIME,2026-04-06
2022-01-13,118,HFO,33.11,12.9,309.6,24,333.025,0.46,Calm,FMS_MARITIME,2026-04-06
2022-01-14,118,HFO,35.65,16.2,388.8,24,285.5301,0.95,Moderate,FMS_MARITIME,2026-04-06
2022-01-15,118,LSMGO,45.21,17.7,424.8,24,331.4123,0.6,Calm,FMS_MARITIME,2026-04-06
2022-01-16,118,LSMGO,35.06,10.3,247.2,24,441.6539,0.93,Moderate,FMS_MARITIME,2026-04-06
2022-01-17,118,LSMGO,72.03,13.0,312.0,24,718.9148,0.76,Moderate,FMS_MARITIME,2026-04-06
2022-01-18,118,LNG,24.58,13.7,328.8,24,232.7923,0.61,Moderate,FMS_MARITIME,2026-04-06
2022-01-19,118,LNG,22.36,13.8,331.2,24,210.2326,0.66,Moderate,FMS_MARITIME,2026-04-06
2022-01-20,118,MGO,32.36,14.0,336.0,24,299.9079,0.51,Moderate,FMS_MARITIME,2026-04-06
2022-01-21,118,MGO,69.52,13.3,319.2,24,678.212,0.73,Rough,FMS_MARITIME,2026-04-06
2022-01-22,118,MGO,42.73,8.1,194.4,24,684.4713,0.55,Rough,FMS_MARITIME,2026-04-06
2022-01-23,118,VLSFO,35.01,9.9,237.6,24,458.8432,0.42,Calm,FMS_MARITIME,2026-04-06
2022-01-24,118,MGO,79.86,10.7,256.8,24,968.3958,0.71,Rough,FMS_MARITIME,2026-04-06
2022-01-25,118,HFO,62.95,12.7,304.8,24,643.1309,0.82,Rough,FMS_MARITIME,2026-04-06
2022-01-26,118,LNG,79.86,13.4,321.6,24,773.2713,0.96,Moderate,FMS_MARITIME,2026-04-06
2022-01-27,118,VLSFO,83.4,14.8,355.2,24,731.1588,0.46,Calm,FMS_MARITIME,2026-04-06
2022-01-28,118,LNG,57.72,16.6,398.4,24,451.1548,0.5,Calm,FMS_MARITIME,2026-04-06
2022-01-28,118,LNG,21.68,17.8,427.2,24,158.0326,0.63,Calm,FMS_MARITIME,2026-04-06
2022-01-28,118,MGO,71.6,16.7,400.8,24,556.2934,0.81,Rough,FMS_MARITIME,2026-04-06
2022-01-01,119,VLSFO,16.08,10.9,261.6,24,191.411,0.46,Moderate,FMS_MARITIME,2026-04-06
2022-01-02,119,LNG,70.69,15.7,376.8,24,584.2056,0.8,Calm,FMS_MARITIME,2026-04-06
2022-01-03,119,HFO,27.15,12.9,309.6,24,273.0785,0.96,Rough,FMS_MARITIME,2026-04-06
2022-01-04,119,LSMGO,45.96,13.7,328.8,24,435.2781,0.55,Moderate,FMS_MARITIME,2026-04-06
2022-01-05,119,VLSFO,29.71,14.2,340.8,24,271.4699,0.47,Rough,FMS_MARITIME,2026-04-06
2022-01-06,119,LNG,28.16,10.3,247.2,24,354.734,0.54,Moderate,FMS_MARITIME,2026-04-06
2022-01-07,119,LNG,51.92,16.3,391.2,24,413.2896,0.87,Rough,FMS_MARITIME,2026-04-06
2022-01-08,119,HFO,73.46,11.6,278.4,24,821.6754,0.55,Calm,FMS_MARITIME,2026-04-06
2022-01-09,119,LSMGO,78.96,9.7,232.8,24,1056.1918,0.57,Calm,FMS_MARITIME,2026-04-06
2022-01-10,119,HFO,63.34,16.0,384.0,24,513.6478,0.77,Rough,FMS_MARITIME,2026-04-06
2022-01-11,119,LSMGO,36.16,9.0,216.0,24,521.3067,0.72,Moderate,FMS_MARITIME,2026-04-06
2022-01-12,119,MGO,77.71,15.3,367.2,24,659.0113,0.5,Rough,FMS_MARITIME,2026-04-06
2022-01-13,119,LNG,52.03,15.7,376.8,24,429.9932,0.46,Moderate,FMS_MARITIME,2026-04-06
2022-01-14,119,LNG,48.07,9.7,232.8,24,642.9982,0.92,Moderate,FMS_MARITIME,2026-04-06
2022-01-15,119,MGO,17.63,8.3,199.2,24,275.6015,0.91,Moderate,FMS_MARITIME,2026-04-06
2022-01-16,119,LNG,78.46,10.6,254.4,24,960.3948,0.93,Calm,FMS_MARITIME,2026-04-06
2022-01-17,119,MGO,74.63,14.0,336.0,24,691.6602,0.61,Moderate,FMS_MARITIME,2026-04-06
2022-01-18,119,VLSFO,56.97,12.0,288.0,24,615.9881,0.95,Moderate,FMS_MARITIME,2026-04-06
2022-01-19,119,LSMGO,81.24,14.3,343.2,24,737.1252,0.5,Rough,FMS_MARITIME,2026-04-06
2022-01-20,119,LNG,53.66,14.2,340.8,24,490.3088,0.69,Rough,FMS_MARITIME,2026-04-06
2022-01-21,119,LNG,52.74,17.4,417.6,24,393.2767,0.88,Moderate,FMS_MARITIME,2026-04-06
2022-01-22,119,HFO,50.98,11.7,280.8,24,565.3551,0.88,Rough,FMS_MARITIME,2026-04-06
2022-01-23,119,HFO,17.83,14.7,352.8,24,157.377,0.93,Rough,FMS_MARITIME,2026-04-06
2022-01-24,119,MGO,71.88,14.8,355.2,24,630.1642,0.95,Rough,FMS_MARITIME,2026-04-06
2022-01-25,119,VLSFO,58.36,9.0,216.0,24,841.3567,0.88,Moderate,FMS_MARITIME,2026-04-06
2022-01-26,119,LNG,37.02,12.7,304.8,24,378.2161,0.59,Rough,FMS_MARITIME,2026-04-06
2022-01-27,119,VLSFO,39.47,14.2,340.8,24,360.6502,0.6,Moderate,FMS_MARITIME,2026-04-06
2022-01-28,119,LSMGO,25.13,8.9,213.6,24,366.3615,0.42,Rough,FMS_MARITIME,2026-04-06
2022-01-28,119,LSMGO,61.0,15.3,367.2,24,517.3039,0.84,Calm,FMS_MARITIME,2026-04-06
2022-01-28,119,VLSFO,82.07,10.4,249.6,24,1023.9022,0.83,Rough,FMS_MARITIME,2026-04-06
2022-01-01,120,LSMGO,46.52,15.3,367.2,24,394.5078,0.83,Rough,FMS_MARITIME,2026-04-06
2022-01-02,120,HFO,65.28,8.5,204.0,24,996.48,0.63,Calm,FMS_MARITIME,2026-04-06
2022-01-03,120,HFO,64.82,13.2,316.8,24,637.1511,0.42,Moderate,FMS_MARITIME,2026-04-06
2022-01-04,120,LSMGO,35.26,13.5,324.0,24,338.8878,0.91,Moderate,FMS_MARITIME,2026-04-06
2022-01-05,120,LSMGO,74.36,16.1,386.4,24,599.2677,0.56,Moderate,FMS_MARITIME,2026-04-06
2022-01-06,120,LSMGO,31.27,13.1,314.4,24,309.7162,0.57,Moderate,FMS_MARITIME,2026-04-06
2022-01-07,120,HFO,57.51,12.8,307.2,24,582.9627,0.67,Rough,FMS_MARITIME,2026-04-06
2022-01-08,120,VLSFO,16.24,13.0,312.0,24,162.0877,0.98,Rough,FMS_MARITIME,2026-04-06
2022-01-09,120,HFO,54.5,12.4,297.6,24,570.2722,0.76,Calm,FMS_MARITIME,2026-04-06
2022-01-10,120,HFO,36.81,14.5,348.0,24,329.386,0.55,Moderate,FMS_MARITIME,2026-04-06
2022-01-11,120,HFO,77.26,17.1,410.4,24,586.2272,0.46,Rough,FMS_MARITIME,2026-04-06
2022-01-12,120,VLSFO,83.84,15.4,369.6,24,706.3792,0.98,Rough,FMS_MARITIME,2026-04-06
2022-01-13,120,LNG,73.98,9.9,237.6,24,969.5864,0.46,Calm,FMS_MARITIME,2026-04-06
2022-01-14,120,LNG,45.81,17.9,429.6,24,332.0585,0.51,Rough,FMS_MARITIME,2026-04-06
2022-01-15,120,MGO,66.66,10.6,254.4,24,815.9561,0.71,Moderate,FMS_MARITIME,2026-04-06
2022-01-16,120,LSMGO,38.84,13.4,321.6,24,376.0813,0.73,Moderate,FMS_MARITIME,2026-04-06
2022-01-17,120,LSMGO,50.77,13.1,314.4,24,502.8555,0.64,Moderate,FMS_MARITIME,2026-04-06
2022-01-18,120,LSMGO,46.96,17.7,424.8,24,344.2407,0.83,Rough,FMS_MARITIME,2026-04-06
2022-01-19,120,VLSFO,28.58,11.9,285.6,24,311.6181,0.95,Moderate,FMS_MARITIME,2026-04-06
2022-01-20,120,MGO,53.69,9.1,218.4,24,765.525,0.49,Rough,FMS_MARITIME,2026-04-06
2022-01-21,120,VLSFO,33.0,12.6,302.4,24,339.8214,0.49,Moderate,FMS_MARITIME,2026-04-06
2022-01-22,120,VLSFO,76.73,8.6,206.4,24,1157.6416,0.72,Moderate,FMS_MARITIME,2026-04-06
2022-01-23,120,LSMGO,39.19,13.0,312.0,24,391.1463,0.49,Rough,FMS_MARITIME,2026-04-06
2022-01-24,120,VLSFO,57.51,10.0,240.0,24,746.1923,0.72,Calm,FMS_MARITIME,2026-04-06
2022-01-25,120,HFO,63.42,17.2,412.8,24,478.4154,0.79,Calm,FMS_MARITIME,2026-04-06
2022-01-26,120,LSMGO,53.16,14.6,350.4,24,472.4322,0.48,Calm,FMS_MARITIME,2026-04-06
2022-01-27,120,LNG,26.04,9.0,216.0,24,375.41,0.7,Moderate,FMS_MARITIME,2026-04-06
2022-01-28,120,LSMGO,31.0,14.0,336.0,24,287.3036,0.93,Moderate,FMS_MARITIME,2026-04-06
2022-01-28,120,HFO,81.07,9.4,225.6,24,1119.0247,0.67,Moderate,FMS_MARITIME,2026-04-06
2022-01-28,120,HFO,37.18,11.5,276.0,24,419.4874,0.59,Rough,FMS_MARITIME,2026-04-06
2022-01-01,121,LNG,50.13,9.8,235.2,24,663.711,0.75,Moderate,FMS_MARITIME,2026-04-06
2022-01-02,121,LSMGO,16.86,15.0,360.0,24,145.839,0.93,Calm,FMS_MARITIME,2026-04-06
2022-01-03,121,LNG,54.21,9.0,216.0,24,781.5275,0.67,Moderate,FMS_MARITIME,2026-04-06
2022-01-04,121,LNG,73.57,11.6,278.4,24,822.9058,0.98,Moderate,FMS_MARITIME,2026-04-06
2022-01-05,121,VLSFO,28.75,8.3,199.2,24,449.4352,0.69,Rough,FMS_MARITIME,2026-04-06
2022-01-06,121,HFO,30.8,15.6,374.4,24,256.1731,0.5,Calm,FMS_MARITIME,2026-04-06
2022-01-07,121,LNG,44.91,8.1,194.4,24,719.3917,0.51,Rough,FMS_MARITIME,2026-04-06
2022-01-08,121,LNG,84.86,9.0,216.0,24,1223.3983,0.87,Calm,FMS_MARITIME,2026-04-06
2022-01-09,121,MGO,56.64,10.8,259.2,24,680.4667,0.9,Calm,FMS_MARITIME,2026-04-06
2022-01-10,121,LNG,80.93,9.9,237.6,24,1060.6735,0.86,Calm,FMS_MARITIME,2026-04-06
2022-01-11,121,HFO,40.68,15.5,372.0,24,340.531,0.67,Rough,FMS_MARITIME,2026-04-06
2022-01-12,121,MGO,66.87,16.8,403.2,24,516.4513,0.89,Rough,FMS_MARITIME,2026-04-06
2022-01-13,121,LNG,23.94,8.8,211.2,24,352.979,0.98,Rough,FMS_MARITIME,2026-04-06
2022-01-14,121,LNG,39.62,15.2,364.8,24,338.2036,0.49,Moderate,FMS_MARITIME,2026-04-06
2022-01-15,121,MGO,40.57,15.0,360.0,24,350.9305,0.54,Calm,FMS_MARITIME,2026-04-06
2022-01-16,121,LSMGO,16.26,11.5,276.0,24,183.4552,0.7,Moderate,FMS_MARITIME,2026-04-06
2022-01-17,121,HFO,45.34,15.2,364.8,24,387.0306,0.48,Calm,FMS_MARITIME,2026-04-06
2022-01-18,121,VLSFO,43.13,11.6,278.4,24,482.4239,0.72,Moderate,FMS_MARITIME,2026-04-06
2022-01-19,121,LSMGO,33.46,15.6,374.4,24,278.2971,0.43,Moderate,FMS_MARITIME,2026-04-06
2022-01-20,121,LSMGO,58.51,13.2,316.8,24,575.1267,0.72,Moderate,FMS_MARITIME,2026-04-06
2022-01-21,121,LSMGO,57.49,15.6,374.4,24,478.162,0.95,Calm,FMS_MARITIME,2026-04-06
2022-01-22,121,VLSFO,35.81,17.0,408.0,24,273.3146,0.73,Moderate,FMS_MARITIME,2026-04-06
2022-01-23,121,LSMGO,33.12,14.5,348.0,24,296.3669,0.83,Rough,FMS_MARITIME,2026-04-06
2022-01-24,121,VLSFO,39.13,11.8,283.2,24,430.2642,0.49,Moderate,FMS_MARITIME,2026-04-06
2022-01-25,121,VLSFO,24.62,14.0,336.0,24,228.1746,0.5,Moderate,FMS_MARITIME,2026-04-06
2022-01-26,121,LNG,46.63,12.9,309.6,24,469.011,0.52,Moderate,FMS_MARITIME,2026-04-06
2022-01-27,121,MGO,82.5,17.1,410.4,24,625.9868,0.67,Moderate,FMS_MARITIME,2026-04-06
2022-01-28,121,HFO,23.78,12.1,290.4,24,254.9963,0.62,Calm,FMS_MARITIME,2026-04-06
2022-01-28,121,LSMGO,67.57,10.7,256.8,24,819.3652,0.7,Calm,FMS_MARITIME,2026-04-06
2022-01-28,121,MGO,39.6,10.9,261.6,24,471.3853,0.84,Rough,FMS_MARITIME,2026-04-06
2022-01-01,122,LSMGO,57.66,9.0,216.0,24,831.265,0.93,Rough,FMS_MARITIME,2026-04-06
2022-01-02,122,VLSFO,54.08,16.5,396.0,24,425.2655,0.99,Calm,FMS_MARITIME,2026-04-06
2022-01-03,122,HFO,18.31,17.9,429.6,24,132.7219,0.55,Moderate,FMS_MARITIME,2026-04-06
2022-01-04,122,HFO,70.49,13.5,324.0,24,677.4872,0.54,Calm,FMS_MARITIME,2026-04-06
2022-01-05,122,VLSFO,23.3,13.5,324.0,24,223.9389,0.87,Rough,FMS_MARITIME,2026-04-06
2022-01-06,122,MGO,75.25,12.0,288.0,24,813.6406,0.76,Moderate,FMS_MARITIME,2026-04-06
2022-01-07,122,VLSFO,70.22,9.1,218.4,24,1001.2137,0.54,Moderate,FMS_MARITIME,2026-04-06
2022-01-08,122,LNG,57.44,8.0,192.0,24,931.605,0.83,Rough,FMS_MARITIME,2026-04-06
2022-01-09,122,LNG,39.32,10.3,247.2,24,495.3175,0.86,Moderate,FMS_MARITIME,2026-04-06
2022-01-10,122,LSMGO,32.75,16.9,405.6,24,251.4386,0.94,Rough,FMS_MARITIME,2026-04-06
2022-01-11,122,MGO,21.16,13.3,319.2,24,206.4293,0.55,Calm,FMS_MARITIME,2026-04-06
2022-01-12,122,HFO,76.45,14.2,340.8,24,698.5484,0.81,Moderate,FMS_MARITIME,2026-04-06
2022-01-13,122,HFO,51.8,17.8,427.2,24,377.5871,0.45,Moderate,FMS_MARITIME,2026-04-06
2022-01-14,122,HFO,32.93,15.9,381.6,24,268.7212,0.43,Calm,FMS_MARITIME,2026-04-06
2022-01-15,122,VLSFO,71.76,15.4,369.6,24,604.6013,0.91,Rough,FMS_MARITIME,2026-04-06
2022-01-16,122,HFO,52.85,11.1,266.4,24,617.7736,0.62,Rough,FMS_MARITIME,2026-04-06
2022-01-17,122,LSMGO,16.93,17.9,429.6,24,122.7189,0.79,Moderate,FMS_MARITIME,2026-04-06
2022-01-18,122,LNG,61.49,8.9,213.6,24,896.4413,0.48,Moderate,FMS_MARITIME,2026-04-06
2022-01-19,122,HFO,63.26,11.9,285.6,24,689.7466,0.74,Calm,FMS_MARITIME,2026-04-06
2022-01-20,122,LNG,70.9,10.6,254.4,24,867.8561,0.71,Rough,FMS_MARITIME,2026-04-06
2022-01-21,122,MGO,49.33,17.8,427.2,24,359.5824,0.64,Calm,FMS_MARITIME,2026-04-06
2022-01-22,122,VLSFO,56.49,15.0,360.0,24,488.6385,0.41,Calm,FMS_MARITIME,2026-04-06
2022-01-23,122,VLSFO,82.76,8.7,208.8,24,1234.2655,0.82,Calm,FMS_MARITIME,2026-04-06
2022-01-24,122,LNG,32.82,9.4,225.6,24,453.0207,0.88,Moderate,FMS_MARITIME,2026-04-06
2022-01-25,122,HFO,41.44,9.6,230.4,24,560.0875,0.68,Rough,FMS_MARITIME,2026-04-06
2022-01-26,122,VLSFO,38.51,9.9,237.6,24,504.7144,0.51,Rough,FMS_MARITIME,2026-04-06
2022-01-27,122,LNG,64.72,11.7,280.8,24,717.7282,0.75,Calm,FMS_MARITIME,2026-04-06
2022-01-28,122,MGO,73.84,10.0,240.0,24,958.074,0.92,Moderate,FMS_MARITIME,2026-04-06
2022-01-28,122,LSMGO,27.56,9.5,228.0,24,376.4116,0.53,Rough,FMS_MARITIME,2026-04-06
2022-01-28,122,LNG,79.9,17.1,410.4,24,606.2588,0.68,Rough,FMS_MARITIME,2026-04-06
2022-01-01,123,LNG,80.57,9.8,235.2,24,1066.7304,0.62,Moderate,FMS_MARITIME,2026-04-06
2022-01-02,123,LNG,34.76,13.4,321.6,24,336.5754,0.44,Rough,FMS_MARITIME,2026-04-06
2022-01-03,123,LSMGO,49.21,13.6,326.4,24,469.4851,0.96,Moderate,FMS_MARITIME,2026-04-06
2022-01-04,123,MGO,67.95,12.7,304.8,24,694.2136,0.5,Calm,FMS_MARITIME,2026-04-06
2022-01-05,123,HFO,55.34,12.1,290.4,24,593.4186,0.92,Rough,FMS_MARITIME,2026-04-06
2022-01-06,123,HFO,25.47,15.3,367.2,24,215.9956,0.48,Moderate,FMS_MARITIME,2026-04-06
2022-01-07,123,LSMGO,22.61,8.6,206.4,24,341.1218,0.91,Moderate,FMS_MARITIME,2026-04-06
2022-01-08,123,LNG,47.48,15.6,374.4,24,394.9058,0.94,Rough,FMS_MARITIME,2026-04-06
2022-01-09,123,LNG,63.61,9.7,232.8,24,850.8657,0.74,Calm,FMS_MARITIME,2026-04-06
2022-01-10,123,LNG,52.65,11.6,278.4,24,588.9084,0.89,Moderate,FMS_MARITIME,2026-04-06
2022-01-11,123,HFO,45.2,17.7,424.8,24,331.339,0.64,Moderate,FMS_MARITIME,2026-04-06
2022-01-12,123,LSMGO,54.86,10.8,259.2,24,659.0819,1.0,Calm,FMS_MARITIME,2026-04-06
2022-01-13,123,VLSFO,20.03,15.0,360.0,24,173.2595,0.69,Rough,FMS_MARITIME,2026-04-06
2022-01-14,123,LNG,77.43,16.5,396.0,24,608.8814,0.54,Calm,FMS_MARITIME,2026-04-06
2022-01-15,123,VLSFO,20.07,9.6,230.4,24,271.2586,0.79,Rough,FMS_MARITIME,2026-04-06
2022-01-16,123,MGO,52.25,16.4,393.6,24,413.3803,0.78,Moderate,FMS_MARITIME,2026-04-06
2022-01-17,123,LSMGO,17.39,10.5,252.0,24,214.8907,0.86,Rough,FMS_MARITIME,2026-04-06
2022-01-18,123,LNG,40.06,17.8,427.2,24,292.0104,0.86,Rough,FMS_MARITIME,2026-04-06
2022-01-19,123,LNG,26.62,18.0,432.0,24,191.8858,0.65,Moderate,FMS_MARITIME,2026-04-06
2022-01-20,123,HFO,37.18,8.9,213.6,24,542.0343,0.98,Rough,FMS_MARITIME,2026-04-06
2022-01-21,123,VLSFO,43.57,16.8,403.2,24,336.5004,0.71,Moderate,FMS_MARITIME,2026-04-06
2022-01-22,123,LNG,27.97,14.5,348.0,24,250.2833,0.89,Moderate,FMS_MARITIME,2026-04-06
2022-01-23,123,MGO,43.19,16.6,398.4,24,337.5845,0.85,Calm,FMS_MARITIME,2026-04-06
2022-01-24,123,HFO,21.85,16.0,384.0,24,177.1898,0.67,Rough,FMS_MARITIME,2026-04-06
2022-01-25,123,LSMGO,65.98,13.2,316.8,24,648.5534,0.55,Moderate,FMS_MARITIME,2026-04-06
2022-01-26,123,HFO,54.57,15.1,362.4,24,468.9045,0.75,Calm,FMS_MARITIME,2026-04-06
2022-01-27,123,VLSFO,48.94,14.3,343.2,24,444.0535,0.85,Rough,FMS_MARITIME,2026-04-06
2022-01-28,123,LSMGO,53.27,17.3,415.2,24,399.525,0.68,Moderate,FMS_MARITIME,2026-04-06
2022-01-28,123,LNG,82.65,14.8,355.2,24,724.5836,0.94,Moderate,FMS_MARITIME,2026-04-06
2022-01-28,123,MGO,24.7,15.2,364.8,24,210.8437,0.78,Moderate,FMS_MARITIME,2026-04-06
2022-01-01,124,LSMGO,23.3,11.2,268.8,24,269.9263,0.82,Calm,FMS_MARITIME,2026-04-06
2022-01-02,124,LNG,16.7,9.0,216.0,24,240.7583,0.93,Calm,FMS_MARITIME,2026-04-06
2022-01-03,124,LSMGO,76.12,17.7,424.8,24,557.9983,0.65,Rough,FMS_MARITIME,2026-04-06
2022-01-04,124,LSMGO,15.25,15.3,367.2,24,129.326,0.73,Rough,FMS_MARITIME,2026-04-06
2022-01-05,124,HFO,31.62,8.8,211.2,24,466.2153,0.52,Moderate,FMS_MARITIME,2026-04-06
2022-01-06,124,MGO,47.97,9.7,232.8,24,641.6606,0.59,Moderate,FMS_MARITIME,2026-04-06
2022-01-07,124,LNG,57.94,15.2,364.8,24,494.5865,0.85,Calm,FMS_MARITIME,2026-04-06
2022-01-08,124,LNG,59.55,10.7,256.8,24,722.1133,0.61,Rough,FMS_MARITIME,2026-04-06
2022-01-09,124,LSMGO,24.73,8.7,208.8,24,368.8181,0.65,Moderate,FMS_MARITIME,2026-04-06
2022-01-10,124,HFO,46.51,17.1,410.4,24,352.9048,0.55,Calm,FMS_MARITIME,2026-04-06
2022-01-11,124,LNG,17.84,16.5,396.0,24,140.2873,0.73,Calm,FMS_MARITIME,2026-04-06
2022-01-12,124,MGO,53.99,8.4,201.6,24,833.9527,0.97,Calm,FMS_MARITIME,2026-04-06
2022-01-13,124,HFO,45.81,10.8,259.2,24,550.3563,0.96,Rough,FMS_MARITIME,2026-04-06
2022-01-14,124,VLSFO,74.02,10.5,252.0,24,914.6757,0.79,Moderate,FMS_MARITIME,2026-04-06
2022-01-15,124,LSMGO,25.42,12.6,302.4,24,261.7655,0.58,Moderate,FMS_MARITIME,2026-04-06
2022-01-16,124,HFO,68.24,16.2,388.8,24,546.5519,0.75,Calm,FMS_MARITIME,2026-04-06
2022-01-17,124,MGO,54.49,9.7,232.8,24,728.874,0.47,Moderate,FMS_MARITIME,2026-04-06
2022-01-18,124,VLSFO,20.44,9.1,218.4,24,291.4385,0.94,Moderate,FMS_MARITIME,2026-04-06
2022-01-19,124,LNG,32.31,11.4,273.6,24,367.7388,0.73,Calm,FMS_MARITIME,2026-04-06
2022-01-20,124,HFO,76.5,8.5,204.0,24,1167.75,0.96,Calm,FMS_MARITIME,2026-04-06
2022-01-21,124,VLSFO,73.81,15.1,362.4,24,634.2283,0.78,Calm,FMS_MARITIME,2026-04-06
2022-01-22,124,LSMGO,41.25,10.3,247.2,24,519.6299,0.55,Calm,FMS_MARITIME,2026-04-06
2022-01-23,124,VLSFO,43.96,17.6,422.4,24,324.0801,0.41,Rough,FMS_MARITIME,2026-04-06
2022-01-24,124,LNG,33.79,14.2,340.8,24,308.7502,0.64,Calm,FMS_MARITIME,2026-04-06
2022-01-25,124,HFO,46.32,8.8,211.2,24,682.9568,0.96,Rough,FMS_MARITIME,2026-04-06
2022-01-26,124,HFO,38.5,8.7,208.8,24,574.181,0.78,Moderate,FMS_MARITIME,2026-04-06
2022-01-27,124,LNG,53.41,9.6,230.4,24,721.8695,0.46,Moderate,FMS_MARITIME,2026-04-06
2022-01-28,124,MGO,17.93,14.9,357.6,24,156.1354,0.73,Moderate,FMS_MARITIME,2026-04-06
2022-01-28,124,LSMGO,59.28,15.8,379.2,24,486.8089,0.97,Calm,FMS_MARITIME,2026-04-06
2022-01-28,124,LSMGO,30.48,14.1,338.4,24,280.4809,0.63,Calm,FMS_MARITIME,2026-04-06
2022-01-01,125,MGO,40.54,17.8,427.2,24,295.5093,0.93,Rough,FMS_MARITIME,2026-04-06
2022-01-02,125,LSMGO,49.84,10.2,244.8,24,633.9941,0.78,Rough,FMS_MARITIME,2026-04-06
2022-01-03,125,MGO,65.21,11.6,278.4,24,729.3963,0.91,Rough,FMS_MARITIME,2026-04-06
2022-01-04,125,LSMGO,17.96,15.7,376.8,24,148.4274,0.53,Moderate,FMS_MARITIME,2026-04-06
2022-01-05,125,LNG,62.39,9.3,223.2,24,870.4411,0.45,Moderate,FMS_MARITIME,2026-04-06
2022-01-06,125,LSMGO,68.53,15.5,372.0,24,573.6624,0.53,Rough,FMS_MARITIME,2026-04-06
2022-01-07,125,VLSFO,19.54,11.7,280.8,24,216.6936,0.97,Rough,FMS_MARITIME,2026-04-06
2022-01-08,125,MGO,39.52,13.9,333.6,24,368.9007,0.76,Moderate,FMS_MARITIME,2026-04-06
2022-01-09,125,VLSFO,59.74,14.3,343.2,24,542.0465,0.81,Rough,FMS_MARITIME,2026-04-06
2022-01-10,125,LSMGO,78.61,9.1,218.4,24,1120.8404,0.56,Calm,FMS_MARITIME,2026-04-06
2022-01-11,125,HFO,28.37,12.3,295.2,24,299.2689,0.7,Rough,FMS_MARITIME,2026-04-06
2022-01-12,125,MGO,51.54,8.6,206.4,24,777.5948,0.97,Rough,FMS_MARITIME,2026-04-06
2022-01-13,125,MGO,49.04,9.5,228.0,24,669.7832,0.45,Rough,FMS_MARITIME,2026-04-06
2022-01-14,125,VLSFO,17.95,10.8,259.2,24,215.6493,0.7,Moderate,FMS_MARITIME,2026-04-06
2022-01-15,125,LSMGO,79.28,10.4,249.6,24,989.0942,0.57,Rough,FMS_MARITIME,2026-04-06
2022-01-16,125,VLSFO,38.74,9.6,230.4,24,523.5953,0.79,Calm,FMS_MARITIME,2026-04-06
2022-01-17,125,VLSFO,65.52,8.1,194.4,24,1049.5333,1.0,Rough,FMS_MARITIME,2026-04-06
2022-01-18,125,MGO,44.08,12.5,300.0,24,457.5504,0.92,Calm,FMS_MARITIME,2026-04-06
2022-01-19,125,MGO,66.74,13.6,326.4,24,636.729,0.82,Calm,FMS_MARITIME,2026-04-06
2022-01-20,125,LSMGO,18.77,16.0,384.0,24,152.213,0.95,Calm,FMS_MARITIME,2026-04-06
2022-01-21,125,HFO,82.68,11.7,280.8,24,916.9,0.89,Calm,FMS_MARITIME,2026-04-06
2022-01-22,125,LSMGO,35.39,8.2,196.8,24,559.982,0.97,Calm,FMS_MARITIME,2026-04-06
2022-01-23,125,VLSFO,50.28,12.1,290.4,24,539.1595,0.78,Calm,FMS_MARITIME,2026-04-06
2022-01-24,125,VLSFO,16.83,14.6,350.4,24,149.568,0.63,Rough,FMS_MARITIME,2026-04-06
2022-01-25,125,MGO,24.15,10.3,247.2,24,304.2197,0.87,Rough,FMS_MARITIME,2026-04-06
2022-01-26,125,MGO,72.29,12.1,290.4,24,775.1758,0.41,Moderate,FMS_MARITIME,2026-04-06
2022-01-27,125,HFO,64.1,10.9,261.6,24,763.0252,0.76,Moderate,FMS_MARITIME,2026-04-06
2022-01-28,125,LNG,70.23,14.7,352.8,24,619.8872,0.76,Rough,FMS_MARITIME,2026-04-06
2022-01-28,125,LSMGO,77.09,13.1,314.4,24,763.5441,0.99,Rough,FMS_MARITIME,2026-04-06
2022-01-28,125,VLSFO,60.91,8.7,208.8,24,908.3991,0.6,Rough,FMS_MARITIME,2026-04-06
2022-01-01,126,MGO,30.67,9.5,228.0,24,418.8876,0.83,Rough,FMS_MARITIME,2026-04-06
2022-01-02,126,LSMGO,66.0,15.4,369.6,24,556.0714,0.48,Rough,FMS_MARITIME,2026-04-06
2022-01-03,126,LSMGO,66.0,17.4,417.6,24,492.1552,0.87,Moderate,FMS_MARITIME,2026-04-06
2022-01-04,126,LSMGO,36.5,14.5,348.0,24,326.6121,0.7,Calm,FMS_MARITIME,2026-04-06
2022-01-05,126,LNG,66.43,11.5,276.0,24,749.5037,0.88,Moderate,FMS_MARITIME,2026-04-06
2022-01-06,126,LSMGO,51.94,12.9,309.6,24,522.4198,0.75,Rough,FMS_MARITIME,2026-04-06
2022-01-07,126,HFO,31.19,10.4,249.6,24,389.1252,0.86,Calm,FMS_MARITIME,2026-04-06
2022-01-08,126,VLSFO,55.8,13.1,314.4,24,552.6756,0.96,Calm,FMS_MARITIME,2026-04-06
2022-01-09,126,HFO,17.69,13.7,328.8,24,167.5385,0.87,Rough,FMS_MARITIME,2026-04-06
2022-01-10,126,LSMGO,58.17,17.2,412.8,24,438.8115,0.84,Moderate,FMS_MARITIME,2026-04-06
2022-01-11,126,LSMGO,73.16,13.0,312.0,24,730.1931,0.71,Calm,FMS_MARITIME,2026-04-06
2022-01-12,126,VLSFO,67.77,10.1,242.4,24,870.6097,0.87,Rough,FMS_MARITIME,2026-04-06
2022-01-13,126,VLSFO,74.73,15.1,362.4,24,642.1336,0.71,Rough,FMS_MARITIME,2026-04-06
2022-01-14,126,LNG,46.04,12.0,288.0,24,497.8075,0.66,Rough,FMS_MARITIME,2026-04-06
2022-01-15,126,HFO,80.61,16.2,388.8,24,645.6264,0.45,Calm,FMS_MARITIME,2026-04-06
2022-01-16,126,LSMGO,40.13,10.3,247.2,24,505.5211,0.48,Calm,FMS_MARITIME,2026-04-06
2022-01-17,126,LNG,21.87,13.2,316.8,24,214.9722,0.83,Moderate,FMS_MARITIME,2026-04-06
2022-01-18,126,LNG,47.41,12.8,307.2,24,480.5818,0.41,Rough,FMS_MARITIME,2026-04-06
2022-01-19,126,VLSFO,71.67,11.8,283.2,24,788.0663,0.8,Rough,FMS_MARITIME,2026-04-06
2022-01-20,126,LSMGO,52.76,16.0,384.0,24,427.8506,0.88,Calm,FMS_MARITIME,2026-04-06
2022-01-21,126,LSMGO,36.53,14.2,340.8,24,333.7864,0.79,Rough,FMS_MARITIME,2026-04-06
2022-01-22,126,LSMGO,67.13,15.2,364.8,24,573.034,0.4,Moderate,FMS_MARITIME,2026-04-06
2022-01-23,126,LNG,56.07,13.6,326.4,24,534.9325,0.41,Calm,FMS_MARITIME,2026-04-06
2022-01-24,126,LSMGO,76.73,17.2,412.8,24,578.8208,0.92,Rough,FMS_MARITIME,2026-04-06
2022-01-25,126,LNG,49.82,13.9,333.6,24,465.0464,0.79,Rough,FMS_MARITIME,2026-04-06
2022-01-26,126,VLSFO,71.3,9.0,216.0,24,1027.9083,0.9,Rough,FMS_MARITIME,2026-04-06
2022-01-27,126,HFO,41.87,16.3,391.2,24,333.2903,0.75,Calm,FMS_MARITIME,2026-04-06
2022-01-28,126,LSMGO,40.99,15.1,362.4,24,352.2154,0.66,Calm,FMS_MARITIME,2026-04-06
2022-01-28,126,MGO,73.2,15.9,381.6,24,597.3396,0.72,Rough,FMS_MARITIME,2026-04-06
2022-01-28,126,HFO,40.94,16.4,393.6,24,323.9003,0.63,Moderate,FMS_MARITIME,2026-04-06
2022-01-01,127,LSMGO,17.84,16.1,386.4,24,143.7727,0.64,Moderate,FMS_MARITIME,2026-04-06
2022-01-02,127,HFO,17.05,17.5,420.0,24,126.4136,0.6,Rough,FMS_MARITIME,2026-04-06
2022-01-03,127,HFO,50.12,11.1,266.4,24,585.8622,0.79,Moderate,FMS_MARITIME,2026-04-06
2022-01-04,127,MGO,38.67,9.7,232.8,24,517.2611,0.97,Calm,FMS_MARITIME,2026-04-06
2022-01-05,127,MGO,66.7,8.6,206.4,24,1006.3169,0.6,Calm,FMS_MARITIME,2026-04-06
2022-01-06,127,MGO,43.02,8.2,196.8,24,680.7128,0.77,Rough,FMS_MARITIME,2026-04-06
2022-01-07,127,MGO,29.1,15.1,362.4,24,250.048,0.4,Moderate,FMS_MARITIME,2026-04-06
2022-01-08,127,VLSFO,57.23,12.0,288.0,24,618.7994,0.58,Calm,FMS_MARITIME,2026-04-06
2022-01-09,127,VLSFO,77.36,14.6,350.4,24,687.4973,0.76,Moderate,FMS_MARITIME,2026-04-06
2022-01-10,127,HFO,48.21,15.2,364.8,24,411.5294,0.76,Calm,FMS_MARITIME,2026-04-06
2022-01-11,127,MGO,36.22,12.3,295.2,24,382.0768,0.77,Rough,FMS_MARITIME,2026-04-06
2022-01-12,127,HFO,84.51,15.3,367.2,24,716.6779,0.59,Calm,FMS_MARITIME,2026-04-06
2022-01-13,127,LSMGO,36.14,17.9,429.6,24,261.9645,0.73,Rough,FMS_MARITIME,2026-04-06
2022-01-14,127,MGO,73.46,10.0,240.0,24,953.1435,0.69,Moderate,FMS_MARITIME,2026-04-06
2022-01-15,127,LSMGO,48.31,12.3,295.2,24,509.6116,0.89,Moderate,FMS_MARITIME,2026-04-06
2022-01-16,127,VLSFO,48.16,17.5,420.0,24,357.072,0.95,Rough,FMS_MARITIME,2026-04-06
2022-01-17,127,LSMGO,25.45,13.3,319.2,24,248.281,0.46,Rough,FMS_MARITIME,2026-04-06
2022-01-18,127,MGO,51.35,15.2,364.8,24,438.3331,0.84,Calm,FMS_MARITIME,2026-04-06
2022-01-19,127,VLSFO,66.1,14.3,343.2,24,599.7535,0.86,Moderate,FMS_MARITIME,2026-04-06
2022-01-20,127,HFO,37.06,11.4,273.6,24,421.8013,0.62,Rough,FMS_MARITIME,2026-04-06
2022-01-21,127,MGO,76.96,9.7,232.8,24,1029.4392,0.83,Rough,FMS_MARITIME,2026-04-06
2022-01-22,127,HFO,72.88,16.9,405.6,24,559.5373,0.82,Calm,FMS_MARITIME,2026-04-06
2022-01-23,127,MGO,20.05,16.2,388.8,24,160.5856,0.69,Rough,FMS_MARITIME,2026-04-06
2022-01-24,127,LNG,69.93,16.9,405.6,24,536.8886,0.67,Rough,FMS_MARITIME,2026-04-06
2022-01-25,127,LSMGO,72.58,14.3,343.2,24,658.5493,0.89,Rough,FMS_MARITIME,2026-04-06
2022-01-26,127,MGO,35.65,15.2,364.8,24,304.315,0.86,Rough,FMS_MARITIME,2026-04-06
2022-01-27,127,LSMGO,77.37,15.5,372.0,24,647.6618,0.42,Calm,FMS_MARITIME,2026-04-06
2022-01-28,127,LNG,58.88,15.3,367.2,24,499.3255,0.95,Moderate,FMS_MARITIME,2026-04-06
2022-01-28,127,HFO,59.14,8.2,196.8,24,935.7823,0.87,Rough,FMS_MARITIME,2026-04-06
2022-01-28,127,MGO,23.11,13.9,333.6,24,215.721,0.54,Moderate,FMS_MARITIME,2026-04-06
2022-01-01,128,LNG,48.47,9.1,218.4,24,691.097,0.87,Moderate,FMS_MARITIME,2026-04-06
2022-01-02,128,VLSFO,18.83,14.4,345.6,24,169.6661,0.87,Moderate,FMS_MARITIME,2026-04-06
2022-01-03,128,LSMGO,27.95,9.5,228.0,24,381.7382,0.62,Moderate,FMS_MARITIME,2026-04-06
2022-01-04,128,HFO,35.77,10.4,249.6,24,446.2651,0.89,Moderate,FMS_MARITIME,2026-04-06
2022-01-05,128,LSMGO,41.33,17.5,420.0,24,306.4324,0.65,Rough,FMS_MARITIME,2026-04-06
2022-01-06,128,LNG,44.62,14.2,340.8,24,407.7074,0.64,Calm,FMS_MARITIME,2026-04-06
2022-01-07,128,MGO,26.09,10.5,252.0,24,322.3979,0.75,Calm,FMS_MARITIME,2026-04-06
2022-01-08,128,MGO,19.39,8.8,211.2,24,285.8923,0.84,Calm,FMS_MARITIME,2026-04-06
2022-01-09,128,MGO,45.51,14.3,343.2,24,412.9316,0.89,Moderate,FMS_MARITIME,2026-04-06
2022-01-10,128,LNG,78.36,15.9,381.6,24,639.4472,0.62,Calm,FMS_MARITIME,2026-04-06
2022-01-11,128,LSMGO,44.7,11.8,283.2,24,491.5106,0.4,Moderate,FMS_MARITIME,2026-04-06
2022-01-12,128,MGO,57.63,17.6,422.4,24,424.8575,0.41,Rough,FMS_MARITIME,2026-04-06
2022-01-13,128,LSMGO,24.82,10.5,252.0,24,306.7043,0.96,Moderate,FMS_MARITIME,2026-04-06
2022-01-14,128,HFO,45.91,16.0,384.0,24,372.3014,0.91,Rough,FMS_MARITIME,2026-04-06
2022-01-15,128,MGO,43.94,14.7,352.8,24,387.8378,0.8,Moderate,FMS_MARITIME,2026-04-06
2022-01-16,128,VLSFO,65.44,15.0,360.0,24,566.056,0.67,Moderate,FMS_MARITIME,2026-04-06
2022-01-17,128,LSMGO,77.48,11.7,280.8,24,859.2333,0.66,Calm,FMS_MARITIME,2026-04-06
2022-01-18,128,VLSFO,78.41,9.8,235.2,24,1038.1324,0.57,Rough,FMS_MARITIME,2026-04-06
2022-01-19,128,MGO,80.98,14.6,350.4,24,719.6682,0.96,Moderate,FMS_MARITIME,2026-04-06
2022-01-20,128,MGO,28.95,17.3,415.2,24,217.125,0.45,Moderate,FMS_MARITIME,2026-04-06
2022-01-21,128,LSMGO,35.42,9.7,232.8,24,473.7881,0.93,Rough,FMS_MARITIME,2026-04-06
2022-01-22,128,LNG,54.85,13.3,319.2,24,535.0968,0.86,Moderate,FMS_MARITIME,2026-04-06
2022-01-23,128,VLSFO,79.15,12.1,290.4,24,848.7366,0.71,Moderate,FMS_MARITIME,2026-04-06
2022-01-24,128,HFO,55.97,15.5,372.0,24,468.5231,0.76,Rough,FMS_MARITIME,2026-04-06
2022-01-25,128,HFO,25.22,11.9,285.6,24,274.9828,0.83,Moderate,FMS_MARITIME,2026-04-06
2022-01-26,128,VLSFO,45.8,8.4,201.6,24,707.4464,0.75,Calm,FMS_MARITIME,2026-04-06
2022-01-27,128,VLSFO,40.34,11.6,278.4,24,451.2168,0.48,Moderate,FMS_MARITIME,2026-04-06
2022-01-28,128,VLSFO,81.58,9.1,218.4,24,1163.1874,0.85,Calm,FMS_MARITIME,2026-04-06
2022-01-28,128,VLSFO,55.11,11.4,273.6,24,627.2388,0.43,Rough,FMS_MARITIME,2026-04-06
2022-01-28,128,HFO,49.76,8.6,206.4,24,750.7395,0.76,Moderate,FMS_MARITIME,2026-04-06
2022-01-01,129,LSMGO,57.69,8.2,196.8,24,912.8387,0.66,Moderate,FMS_MARITIME,2026-04-06
2022-01-02,129,LSMGO,74.41,10.0,240.0,24,965.4697,0.64,Calm,FMS_MARITIME,2026-04-06
2022-01-03,129,VLSFO,26.03,12.7,304.8,24,265.9364,0.86,Calm,FMS_MARITIME,2026-04-06
2022-01-04,129,LNG,62.56,11.6,278.4,24,699.7552,0.64,Moderate,FMS_MARITIME,2026-04-06
2022-01-05,129,LNG,79.64,14.8,355.2,24,698.1953,0.99,Rough,FMS_MARITIME,2026-04-06
2022-01-06,129,MGO,59.77,16.6,398.4,24,467.1782,0.84,Rough,FMS_MARITIME,2026-04-06
2022-01-07,129,HFO,69.98,13.0,312.0,24,698.4542,0.99,Calm,FMS_MARITIME,2026-04-06
2022-01-08,129,LSMGO,33.88,10.8,259.2,24,407.0306,0.53,Moderate,FMS_MARITIME,2026-04-06
2022-01-09,129,VLSFO,30.4,15.1,362.4,24,261.2185,0.47,Rough,FMS_MARITIME,2026-04-06
2022-01-10,129,HFO,73.27,17.2,412.8,24,552.7199,0.75,Calm,FMS_MARITIME,2026-04-06
2022-01-11,129,HFO,74.65,8.7,208.8,24,1113.3147,0.59,Rough,FMS_MARITIME,2026-04-06
2022-01-12,129,MGO,80.72,16.5,396.0,24,634.7527,0.47,Moderate,FMS_MARITIME,2026-04-06
2022-01-13,129,HFO,26.98,8.2,196.8,24,426.9091,0.41,Rough,FMS_MARITIME,2026-04-06
2022-01-14,129,MGO,72.1,12.3,295.2,24,760.5671,0.46,Moderate,FMS_MARITIME,2026-04-06
2022-01-15,129,LSMGO,26.36,8.3,199.2,24,412.0735,0.54,Rough,FMS_MARITIME,2026-04-06
2022-01-16,129,HFO,59.15,11.7,280.8,24,655.9583,0.49,Moderate,FMS_MARITIME,2026-04-06
2022-01-17,129,LNG,53.87,18.0,432.0,24,388.3129,0.54,Calm,FMS_MARITIME,2026-04-06
2022-01-18,129,LSMGO,54.03,12.9,309.6,24,543.4413,0.51,Calm,FMS_MARITIME,2026-04-06
2022-01-19,129,LSMGO,16.21,17.4,417.6,24,120.8763,0.51,Calm,FMS_MARITIME,2026-04-06
2022-01-20,129,LNG,78.37,16.9,405.6,24,601.6868,0.64,Moderate,FMS_MARITIME,2026-04-06
2022-01-21,129,VLSFO,38.65,11.7,280.8,24,428.6186,0.56,Rough,FMS_MARITIME,2026-04-06
2022-01-22,129,HFO,54.36,9.1,218.4,24,775.078,0.87,Moderate,FMS_MARITIME,2026-04-06
2022-01-23,129,HFO,59.53,11.4,273.6,24,677.5454,0.82,Calm,FMS_MARITIME,2026-04-06
2022-01-24,129,LSMGO,57.12,12.8,307.2,24,579.0094,0.65,Rough,FMS_MARITIME,2026-04-06
2022-01-25,129,VLSFO,28.08,8.6,206.4,24,423.6488,0.78,Moderate,FMS_MARITIME,2026-04-06
2022-01-26,129,VLSFO,17.29,16.9,405.6,24,132.7442,0.42,Moderate,FMS_MARITIME,2026-04-06
2022-01-27,129,LNG,57.75,14.1,338.4,24,531.4229,0.6,Moderate,FMS_MARITIME,2026-04-06
2022-01-28,129,LNG,44.23,9.9,237.6,24,579.6811,0.68,Calm,FMS_MARITIME,2026-04-06
2022-01-28,129,LSMGO,69.5,12.3,295.2,24,733.1402,0.46,Moderate,FMS_MARITIME,2026-04-06
2022-01-28,129,VLSFO,32.92,17.8,427.2,24,239.9646,0.64,Calm,FMS_MARITIME,2026-04-06
2022-01-01,130,MGO,51.86,17.0,408.0,24,395.8138,0.76,Moderate,FMS_MARITIME,2026-04-06
2022-01-02,130,HFO,29.66,12.7,304.8,24,303.0224,0.73,Calm,FMS_MARITIME,2026-04-06
2022-01-03,130,MGO,71.27,15.1,362.4,24,612.4028,1.0,Calm,FMS_MARITIME,2026-04-06
2022-01-04,130,LNG,48.78,9.0,216.0,24,703.245,0.62,Moderate,FMS_MARITIME,2026-04-06
2022-01-05,130,MGO,35.33,10.1,242.4,24,453.8681,0.8,Moderate,FMS_MARITIME,2026-04-06
2022-01-06,130,LNG,19.29,16.4,393.6,24,152.6145,0.41,Rough,FMS_MARITIME,2026-04-06
2022-01-07,130,VLSFO,72.25,11.8,283.2,24,794.4439,0.62,Moderate,FMS_MARITIME,2026-04-06
2022-01-08,130,HFO,37.49,9.5,228.0,24,512.0345,0.71,Calm,FMS_MARITIME,2026-04-06
2022-01-09,130,LNG,56.93,17.7,424.8,24,417.3258,0.95,Rough,FMS_MARITIME,2026-04-06
2022-01-10,130,VLSFO,52.66,15.2,364.8,24,449.5155,0.56,Rough,FMS_MARITIME,2026-04-06
2022-01-11,130,HFO,72.91,14.2,340.8,24,666.2023,0.63,Rough,FMS_MARITIME,2026-04-06
2022-01-12,130,LNG,33.04,12.5,300.0,24,342.9552,0.51,Moderate,FMS_MARITIME,2026-04-06
2022-01-13,130,LNG,33.2,12.5,300.0,24,344.616,0.59,Moderate,FMS_MARITIME,2026-04-06
2022-01-14,130,LNG,28.05,13.8,331.2,24,263.731,0.85,Rough,FMS_MARITIME,2026-04-06
2022-01-15,130,MGO,45.02,8.1,194.4,24,721.1537,0.52,Moderate,FMS_MARITIME,2026-04-06
2022-01-16,130,HFO,58.26,13.1,314.4,24,577.0408,0.72,Moderate,FMS_MARITIME,2026-04-06
2022-01-17,130,LSMGO,26.47,17.4,417.6,24,197.3841,0.48,Calm,FMS_MARITIME,2026-04-06
2022-01-18,130,HFO,53.26,10.7,256.8,24,645.8397,0.89,Moderate,FMS_MARITIME,2026-04-06
2022-01-19,130,VLSFO,40.6,16.3,391.2,24,323.181,0.72,Calm,FMS_MARITIME,2026-04-06
2022-01-20,130,MGO,60.03,12.8,307.2,24,608.5072,0.67,Calm,FMS_MARITIME,2026-04-06
2022-01-21,130,MGO,76.39,8.6,206.4,24,1152.5119,0.57,Moderate,FMS_MARITIME,2026-04-06
2022-01-22,130,VLSFO,44.12,15.6,374.4,24,366.9596,0.69,Calm,FMS_MARITIME,2026-04-06
2022-01-23,130,HFO,52.69,17.5,420.0,24,390.6587,0.49,Rough,FMS_MARITIME,2026-04-06
2022-01-24,130,HFO,73.37,17.6,422.4,24,540.8953,0.46,Calm,FMS_MARITIME,2026-04-06
2022-01-25,130,LSMGO,18.37,12.9,309.6,24,184.768,0.51,Rough,FMS_MARITIME,2026-04-06
2022-01-26,130,LNG,15.09,9.0,216.0,24,217.5475,0.99,Calm,FMS_MARITIME,2026-04-06
2022-01-27,130,LSMGO,72.7,12.1,290.4,24,779.5723,0.96,Moderate,FMS_MARITIME,2026-04-06
2022-01-28,130,HFO,83.0,17.2,412.8,24,626.1192,0.74,Calm,FMS_MARITIME,2026-04-06
2022-01-28,130,MGO,24.81,8.2,196.8,24,392.5729,1.0,Moderate,FMS_MARITIME,2026-04-06
2022-01-28,130,LNG,72.26,10.7,256.8,24,876.2369,0.87,Moderate,FMS_MARITIME,2026-04-06
2022-01-01,131,MGO,35.96,14.9,357.6,24,313.1416,0.42,Moderate,FMS_MARITIME,2026-04-06
2022-01-02,131,LSMGO,56.27,15.1,362.4,24,483.5121,0.87,Calm,FMS_MARITIME,2026-04-06
2022-01-03,131,LSMGO,77.9,9.9,237.6,24,1020.9621,0.44,Moderate,FMS_MARITIME,2026-04-06
2022-01-04,131,MGO,24.6,9.1,218.4,24,350.7527,0.9,Calm,FMS_MARITIME,2026-04-06
2022-01-05,131,LNG,61.27,12.1,290.4,24,657.0068,0.93,Moderate,FMS_MARITIME,2026-04-06
2022-01-06,131,LNG,61.4,15.7,376.8,24,507.4299,0.8,Moderate,FMS_MARITIME,2026-04-06
2022-01-07,131,LSMGO,83.65,16.4,393.6,24,661.8041,0.79,Moderate,FMS_MARITIME,2026-04-06
2022-01-08,131,HFO,24.49,17.2,412.8,24,184.7429,0.44,Calm,FMS_MARITIME,2026-04-06
2022-01-09,131,LNG,20.59,10.6,254.4,24,252.0333,0.69,Calm,FMS_MARITIME,2026-04-06
2022-01-10,131,MGO,81.94,17.8,427.2,24,597.2874,0.68,Rough,FMS_MARITIME,2026-04-06
2022-01-11,131,MGO,58.17,12.9,309.6,24,585.082,0.67,Moderate,FMS_MARITIME,2026-04-06
2022-01-12,131,VLSFO,45.05,15.6,374.4,24,374.6947,0.41,Rough,FMS_MARITIME,2026-04-06
2022-01-13,131,LNG,42.87,8.7,208.8,24,639.3543,0.95,Moderate,FMS_MARITIME,2026-04-06
2022-01-14,131,LSMGO,16.35,14.9,357.6,24,142.3767,0.72,Calm,FMS_MARITIME,2026-04-06
2022-01-15,131,VLSFO,60.79,12.3,295.2,24,641.2604,0.53,Calm,FMS_MARITIME,2026-04-06
2022-01-16,131,HFO,32.86,16.4,393.6,24,259.9747,0.5,Moderate,FMS_MARITIME,2026-04-06
2022-01-17,131,LSMGO,47.19,10.0,240.0,24,612.2903,0.97,Calm,FMS_MARITIME,2026-04-06
2022-01-18,131,VLSFO,52.69,17.6,422.4,24,388.4391,0.65,Moderate,FMS_MARITIME,2026-04-06
2022-01-19,131,LSMGO,56.93,13.5,324.0,24,547.1606,0.6,Moderate,FMS_MARITIME,2026-04-06
2022-01-20,131,MGO,81.54,10.8,259.2,24,979.6125,0.66,Rough,FMS_MARITIME,2026-04-06
2022-01-21,131,HFO,57.46,17.1,410.4,24,435.9904,0.43,Calm,FMS_MARITIME,2026-04-06
2022-01-22,131,HFO,40.09,8.5,204.0,24,611.9621,0.48,Moderate,FMS_MARITIME,2026-04-06
2022-01-23,131,LNG,67.83,16.9,405.6,24,520.7658,0.45,Calm,FMS_MARITIME,2026-04-06
2022-01-24,131,MGO,49.14,15.8,379.2,24,403.5389,0.91,Moderate,FMS_MARITIME,2026-04-06
2022-01-25,131,VLSFO,26.0,13.4,321.6,24,251.7537,0.72,Moderate,FMS_MARITIME,2026-04-06
2022-01-26,131,MGO,41.4,9.6,230.4,24,559.5469,0.54,Rough,FMS_MARITIME,2026-04-06
2022-01-27,131,VLSFO,36.47,17.1,410.4,24,276.7241,0.75,Calm,FMS_MARITIME,2026-04-06
2022-01-28,131,VLSFO,52.26,9.9,237.6,24,684.9227,0.96,Calm,FMS_MARITIME,2026-04-06
2022-01-28,131,VLSFO,74.84,10.3,247.2,24,942.766,0.75,Moderate,FMS_MARITIME,2026-04-06
2022-01-28,131,LSMGO,78.18,14.0,336.0,24,724.5611,0.57,Calm,FMS_MARITIME,2026-04-06
2022-01-01,132,LSMGO,44.45,9.9,237.6,24,582.5644,0.49,Rough,FMS_MARITIME,2026-04-06
2022-01-02,132,HFO,82.03,10.6,254.4,24,1004.0936,0.43,Rough,FMS_MARITIME,2026-04-06
2022-01-03,132,HFO,25.94,13.0,312.0,24,258.9012,0.81,Moderate,FMS_MARITIME,2026-04-06
2022-01-04,132,MGO,59.11,8.1,194.4,24,946.8546,0.78,Moderate,FMS_MARITIME,2026-04-06
2022-01-05,132,HFO,74.38,11.3,271.2,24,854.0535,0.55,Moderate,FMS_MARITIME,2026-04-06
2022-01-06,132,LSMGO,75.45,9.1,218.4,24,1075.7843,0.53,Calm,FMS_MARITIME,2026-04-06
2022-01-07,132,VLSFO,45.72,16.3,391.2,24,363.9368,0.62,Rough,FMS_MARITIME,2026-04-06
2022-01-08,132,MGO,45.95,17.4,417.6,24,342.6444,0.6,Rough,FMS_MARITIME,2026-04-06
2022-01-09,132,LSMGO,17.65,10.2,244.8,24,224.5184,0.87,Moderate,FMS_MARITIME,2026-04-06
2022-01-10,132,LNG,36.46,14.7,352.8,24,321.8153,0.83,Rough,FMS_MARITIME,2026-04-06
2022-01-11,132,VLSFO,34.13,12.2,292.8,24,362.9809,0.53,Rough,FMS_MARITIME,2026-04-06
2022-01-12,132,LNG,66.14,9.4,225.6,24,912.9431,0.42,Rough,FMS_MARITIME,2026-04-06
2022-01-13,132,HFO,38.31,10.3,247.2,24,482.5944,0.82,Rough,FMS_MARITIME,2026-04-06
2022-01-14,132,LNG,49.51,16.7,400.8,24,384.666,0.8,Rough,FMS_MARITIME,2026-04-06
2022-01-15,132,HFO,29.23,13.1,314.4,24,289.5109,0.73,Moderate,FMS_MARITIME,2026-04-06
2022-01-16,132,LNG,62.02,13.1,314.4,24,614.2821,0.69,Moderate,FMS_MARITIME,2026-04-06
2022-01-17,132,LSMGO,61.16,12.7,304.8,24,624.8433,0.63,Moderate,FMS_MARITIME,2026-04-06
2022-01-18,132,MGO,63.03,11.4,273.6,24,717.3809,0.93,Moderate,FMS_MARITIME,2026-04-06
2022-01-19,132,VLSFO,36.13,10.2,244.8,24,459.5949,0.7,Rough,FMS_MARITIME,2026-04-06
2022-01-20,132,VLSFO,50.23,14.7,352.8,24,443.3566,0.59,Calm,FMS_MARITIME,2026-04-06
2022-01-21,132,LNG,51.68,14.6,350.4,24,459.2795,0.9,Calm,FMS_MARITIME,2026-04-06
2022-01-22,132,LSMGO,57.41,15.9,381.6,24,468.4873,0.66,Calm,FMS_MARITIME,2026-04-06
2022-01-23,132,LNG,54.33,13.6,326.4,24,518.3322,0.51,Rough,FMS_MARITIME,2026-04-06
2022-01-24,132,VLSFO,72.14,15.8,379.2,24,592.4155,0.77,Rough,FMS_MARITIME,2026-04-06
2022-01-25,132,VLSFO,15.09,14.4,345.6,24,135.9672,0.72,Moderate,FMS_MARITIME,2026-04-06
2022-01-26,132,LNG,61.81,10.9,261.6,24,735.7658,0.63,Rough,FMS_MARITIME,2026-04-06
2022-01-27,132,LSMGO,25.17,16.7,400.8,24,195.5573,0.94,Calm,FMS_MARITIME,2026-04-06
2022-01-28,132,LNG,66.82,13.1,314.4,24,661.824,0.86,Moderate,FMS_MARITIME,2026-04-06
2022-01-28,132,LSMGO,57.11,13.0,312.0,24,570.0017,0.68,Calm,FMS_MARITIME,2026-04-06
2022-01-28,132,LNG,77.45,15.4,369.6,24,652.5414,0.71,Moderate,FMS_MARITIME,2026-04-06
2022-01-01,133,MGO,68.92,9.7,232.8,24,921.8938,0.55,Rough,FMS_MARITIME,2026-04-06
2022-01-02,133,MGO,66.98,15.5,372.0,24,560.6874,0.77,Calm,FMS_MARITIME,2026-04-06
2022-01-03,133,MGO,80.03,17.7,424.8,24,586.6606,0.63,Calm,FMS_MARITIME,2026-04-06
2022-01-04,133,MGO,20.38,15.1,362.4,24,175.1195,0.78,Rough,FMS_MARITIME,2026-04-06
2022-01-05,133,LNG,19.0,8.3,199.2,24,297.0181,0.68,Rough,FMS_MARITIME,2026-04-06
2022-01-06,133,LSMGO,66.21,9.2,220.8,24,933.7769,0.53,Calm,FMS_MARITIME,2026-04-06
2022-01-07,133,HFO,43.37,11.9,285.6,24,472.8788,0.73,Calm,FMS_MARITIME,2026-04-06
2022-01-08,133,MGO,66.03,13.3,319.2,24,644.1648,0.6,Moderate,FMS_MARITIME,2026-04-06
2022-01-09,133,HFO,23.12,15.5,372.0,24,193.5368,0.63,Calm,FMS_MARITIME,2026-04-06
2022-01-10,133,MGO,18.54,16.3,391.2,24,147.5807,0.54,Rough,FMS_MARITIME,2026-04-06
2022-01-11,133,HFO,21.48,11.7,280.8,24,238.2077,0.94,Moderate,FMS_MARITIME,2026-04-06
2022-01-12,133,HFO,55.65,17.2,412.8,24,419.8016,0.74,Moderate,FMS_MARITIME,2026-04-06
2022-01-13,133,LSMGO,49.15,8.3,199.2,24,768.3389,0.55,Rough,FMS_MARITIME,2026-04-06
2022-01-14,133,MGO,15.83,13.9,333.6,24,147.7656,0.57,Rough,FMS_MARITIME,2026-04-06
2022-01-15,133,VLSFO,79.8,10.6,254.4,24,976.7972,0.72,Rough,FMS_MARITIME,2026-04-06
2022-01-16,133,LNG,77.7,12.2,292.8,24,826.3586,0.43,Rough,FMS_MARITIME,2026-04-06
2022-01-17,133,LNG,57.16,16.8,403.2,24,441.4589,0.64,Rough,FMS_MARITIME,2026-04-06
2022-01-18,133,LNG,24.99,9.0,216.0,24,360.2725,0.99,Calm,FMS_MARITIME,2026-04-06
2022-01-19,133,LNG,60.72,11.0,264.0,24,716.22,0.56,Rough,FMS_MARITIME,2026-04-06
2022-01-20,133,VLSFO,43.84,17.8,427.2,24,319.564,0.91,Moderate,FMS_MARITIME,2026-04-06
2022-01-21,133,VLSFO,17.53,9.2,220.8,24,247.2302,0.86,Calm,FMS_MARITIME,2026-04-06
2022-01-22,133,MGO,44.6,8.8,211.2,24,657.5966,0.61,Rough,FMS_MARITIME,2026-04-06
2022-01-23,133,LNG,16.69,16.3,391.2,24,132.8544,0.97,Moderate,FMS_MARITIME,2026-04-06
2022-01-24,133,HFO,34.58,8.0,192.0,24,560.8444,0.66,Calm,FMS_MARITIME,2026-04-06
2022-01-25,133,HFO,16.81,10.9,261.6,24,200.1007,0.5,Calm,FMS_MARITIME,2026-04-06
2022-01-26,133,VLSFO,64.86,8.3,199.2,24,1013.9259,0.82,Calm,FMS_MARITIME,2026-04-06
2022-01-27,133,LNG,37.4,13.2,316.8,24,367.625,0.43,Calm,FMS_MARITIME,2026-04-06
2022-01-28,133,VLSFO,65.38,15.7,376.8,24,540.322,0.45,Calm,FMS_MARITIME,2026-04-06
2022-01-28,133,LNG,39.53,11.7,280.8,24,438.3776,0.76,Calm,FMS_MARITIME,2026-04-06
2022-01-28,133,LNG,41.02,12.5,300.0,24,425.7876,0.48,Rough,FMS_MARITIME,2026-04-06
2022-01-01,134,LNG,74.88,13.5,324.0,24,719.68,0.72,Moderate,FMS_MARITIME,2026-04-06
2022-01-02,134,LSMGO,36.44,11.8,283.2,24,400.6856,0.72,Rough,FMS_MARITIME,2026-04-06
2022-01-03,134,MGO,39.23,13.8,331.2,24,368.8473,0.73,Rough,FMS_MARITIME,2026-04-06
2022-01-04,134,MGO,65.58,15.9,381.6,24,535.1575,0.53,Rough,FMS_MARITIME,2026-04-06
2022-01-05,134,LSMGO,61.96,14.4,345.6,24,558.2854,0.88,Calm,FMS_MARITIME,2026-04-06
2022-01-06,134,LSMGO,72.61,8.8,211.2,24,1070.5849,0.86,Calm,FMS_MARITIME,2026-04-06
2022-01-07,134,LSMGO,66.54,10.0,240.0,24,863.3565,0.86,Calm,FMS_MARITIME,2026-04-06
2022-01-08,134,VLSFO,70.84,8.1,194.4,24,1134.7519,0.73,Calm,FMS_MARITIME,2026-04-06
2022-01-09,134,VLSFO,40.06,12.6,302.4,24,412.5226,0.81,Calm,FMS_MARITIME,2026-04-06
2022-01-10,134,LNG,60.38,13.1,314.4,24,598.0385,0.9,Calm,FMS_MARITIME,2026-04-06
2022-01-11,134,LNG,72.56,17.1,410.4,24,550.5649,0.54,Calm,FMS_MARITIME,2026-04-06
2022-01-12,134,LSMGO,83.53,15.7,376.8,24,690.3196,0.64,Calm,FMS_MARITIME,2026-04-06
2022-01-13,134,MGO,80.83,9.8,235.2,24,1070.1727,0.73,Calm,FMS_MARITIME,2026-04-06
2022-01-14,134,HFO,55.13,14.3,343.2,24,500.218,0.9,Calm,FMS_MARITIME,2026-04-06
2022-01-15,134,MGO,48.49,17.4,417.6,24,361.5849,0.76,Rough,FMS_MARITIME,2026-04-06
2022-01-16,134,LNG,29.14,13.0,312.0,24,290.8396,0.48,Moderate,FMS_MARITIME,2026-04-06
2022-01-17,134,MGO,59.73,10.3,247.2,24,752.424,0.47,Rough,FMS_MARITIME,2026-04-06
2022-01-18,134,VLSFO,66.95,11.7,280.8,24,742.4583,0.7,Rough,FMS_MARITIME,2026-04-06
2022-01-19,134,LNG,19.32,17.8,427.2,24,140.8298,0.61,Calm,FMS_MARITIME,2026-04-06
2022-01-20,134,LSMGO,50.57,14.5,348.0,24,452.5143,0.64,Rough,FMS_MARITIME,2026-04-06
2022-01-21,134,MGO,23.85,10.1,242.4,24,306.3899,0.49,Calm,FMS_MARITIME,2026-04-06
2022-01-22,134,LSMGO,64.18,8.5,204.0,24,979.6888,0.47,Moderate,FMS_MARITIME,2026-04-06
2022-01-23,134,VLSFO,76.48,16.4,393.6,24,605.078,0.85,Calm,FMS_MARITIME,2026-04-06
2022-01-24,134,HFO,23.27,18.0,432.0,24,167.7379,0.96,Moderate,FMS_MARITIME,2026-04-06
2022-01-25,134,MGO,60.22,15.3,367.2,24,510.6892,0.45,Rough,FMS_MARITIME,2026-04-06
2022-01-26,134,MGO,36.43,8.7,208.8,24,543.3095,0.55,Moderate,FMS_MARITIME,2026-04-06
2022-01-27,134,LSMGO,39.98,16.9,405.6,24,306.947,0.85,Rough,FMS_MARITIME,2026-04-06
2022-01-28,134,MGO,55.73,17.6,422.4,24,410.8504,0.55,Calm,FMS_MARITIME,2026-04-06
2022-01-28,134,HFO,42.21,16.1,386.4,24,340.1707,0.85,Calm,FMS_MARITIME,2026-04-06
2022-01-28,134,LSMGO,65.66,8.0,192.0,24,1064.9231,0.57,Calm,FMS_MARITIME,2026-04-06
2022-01-01,135,MGO,32.48,16.0,384.0,24,263.3925,0.86,Moderate,FMS_MARITIME,2026-04-06
2022-01-02,135,VLSFO,23.87,11.1,266.4,24,279.0209,0.59,Calm,FMS_MARITIME,2026-04-06
2022-01-03,135,LNG,53.73,8.8,211.2,24,792.2122,0.51,Moderate,FMS_MARITIME,2026-04-06
2022-01-04,135,MGO,73.83,13.0,312.0,24,736.8802,0.42,Rough,FMS_MARITIME,2026-04-06
2022-01-05,135,LSMGO,22.89,15.6,374.4,24,190.3832,0.41,Moderate,FMS_MARITIME,2026-04-06
2022-01-06,135,HFO,24.93,9.8,235.2,24,330.0681,0.96,Moderate,FMS_MARITIME,2026-04-06
2022-01-07,135,HFO,45.82,12.7,304.8,24,468.1217,0.57,Rough,FMS_MARITIME,2026-04-06
2022-01-08,135,VLSFO,42.6,13.6,326.4,24,406.4228,0.68,Moderate,FMS_MARITIME,2026-04-06
2022-01-09,135,MGO,58.68,13.4,321.6,24,568.1888,0.87,Rough,FMS_MARITIME,2026-04-06
2022-01-10,135,MGO,82.7,12.6,302.4,24,851.6131,0.9,Rough,FMS_MARITIME,2026-04-06
2022-01-11,135,HFO,17.92,13.5,324.0,24,172.2311,0.6,Moderate,FMS_MARITIME,2026-04-06
2022-01-12,135,LSMGO,26.59,8.9,213.6,24,387.6463,0.61,Calm,FMS_MARITIME,2026-04-06
2022-01-13,135,HFO,44.37,8.5,204.0,24,677.295,0.94,Calm,FMS_MARITIME,2026-04-06
2022-01-14,135,MGO,75.37,10.2,244.8,24,958.7507,0.72,Rough,FMS_MARITIME,2026-04-06
2022-01-15,135,VLSFO,67.55,12.7,304.8,24,690.127,0.68,Calm,FMS_MARITIME,2026-04-06
2022-01-16,135,MGO,60.6,11.4,273.6,24,689.7237,0.44,Calm,FMS_MARITIME,2026-04-06
2022-01-17,135,LNG,15.08,15.1,362.4,24,129.5781,0.45,Calm,FMS_MARITIME,2026-04-06
2022-01-18,135,VLSFO,33.59,9.6,230.4,24,453.9898,0.45,Moderate,FMS_MARITIME,2026-04-06
2022-01-19,135,LNG,22.81,13.5,324.0,24,219.2294,0.66,Moderate,FMS_MARITIME,2026-04-06
2022-01-20,135,LSMGO,22.62,9.6,230.4,24,305.7234,0.87,Rough,FMS_MARITIME,2026-04-06
2022-01-21,135,LSMGO,47.25,9.6,230.4,24,638.6133,0.75,Moderate,FMS_MARITIME,2026-04-06
2022-01-22,135,LNG,54.03,8.9,213.6,24,787.6846,0.76,Rough,FMS_MARITIME,2026-04-06
2022-01-23,135,LSMGO,52.11,8.4,201.6,24,804.9134,0.84,Calm,FMS_MARITIME,2026-04-06
2022-01-24,135,LNG,58.91,12.8,307.2,24,597.1541,0.89,Moderate,FMS_MARITIME,2026-04-06
2022-01-25,135,VLSFO,60.34,10.6,254.4,24,738.5958,0.5,Moderate,FMS_MARITIME,2026-04-06
2022-01-26,135,LSMGO,45.05,12.8,307.2,24,456.6592,0.89,Rough,FMS_MARITIME,2026-04-06
2022-01-27,135,LSMGO,76.33,12.7,304.8,24,779.8281,0.63,Moderate,FMS_MARITIME,2026-04-06
2022-01-28,135,MGO,43.85,17.5,420.0,24,325.1164,0.8,Moderate,FMS_MARITIME,2026-04-06
2022-01-28,135,LNG,32.47,15.4,369.6,24,273.5703,0.54,Calm,FMS_MARITIME,2026-04-06
2022-01-28,135,VLSFO,36.22,10.2,244.8,24,460.7397,0.54,Rough,FMS_MARITIME,2026-04-06
2022-01-01,136,LSMGO,80.45,8.4,201.6,24,1242.6652,0.94,Calm,FMS_MARITIME,2026-04-06
2022-01-02,136,MGO,83.95,10.8,259.2,24,1008.566,0.56,Rough,FMS_MARITIME,2026-04-06
2022-01-03,136,HFO,48.12,10.3,247.2,24,606.1718,0.41,Moderate,FMS_MARITIME,2026-04-06
2022-01-04,136,LSMGO,80.34,11.8,283.2,24,883.3996,0.42,Calm,FMS_MARITIME,2026-04-06
2022-01-05,136,VLSFO,46.18,9.1,218.4,24,658.4456,0.87,Rough,FMS_MARITIME,2026-04-06
2022-01-06,136,HFO,61.04,13.2,316.8,24,599.9955,0.75,Moderate,FMS_MARITIME,2026-04-06
2022-01-07,136,VLSFO,19.54,13.5,324.0,24,187.8011,0.7,Moderate,FMS_MARITIME,2026-04-06
2022-01-08,136,LSMGO,43.07,17.6,422.4,24,317.5189,0.6,Rough,FMS_MARITIME,2026-04-06
2022-01-09,136,HFO,51.75,8.2,196.8,24,818.8491,0.85,Calm,FMS_MARITIME,2026-04-06
2022-01-10,136,HFO,58.25,12.3,295.2,24,614.4665,0.73,Rough,FMS_MARITIME,2026-04-06
2022-01-11,136,VLSFO,23.16,13.9,333.6,24,216.1878,0.88,Calm,FMS_MARITIME,2026-04-06
2022-01-12,136,HFO,44.38,15.2,364.8,24,378.8359,0.43,Rough,FMS_MARITIME,2026-04-06
2022-01-13,136,MGO,22.81,8.9,213.6,24,332.539,0.65,Rough,FMS_MARITIME,2026-04-06
2022-01-14,136,HFO,42.3,13.7,328.8,24,400.615,0.7,Calm,FMS_MARITIME,2026-04-06
2022-01-15,136,HFO,83.64,11.4,273.6,24,951.9553,0.82,Moderate,FMS_MARITIME,2026-04-06
2022-01-16,136,HFO,76.76,15.7,376.8,24,634.3701,0.91,Rough,FMS_MARITIME,2026-04-06
2022-01-17,136,HFO,44.58,13.7,328.8,24,422.2084,0.45,Calm,FMS_MARITIME,2026-04-06
2022-01-18,136,LNG,76.07,8.6,206.4,24,1147.684,0.61,Rough,FMS_MARITIME,2026-04-06
2022-01-19,136,HFO,19.91,17.0,408.0,24,151.9601,0.62,Calm,FMS_MARITIME,2026-04-06
2022-01-20,136,LSMGO,29.84,13.0,312.0,24,297.8262,0.93,Calm,FMS_MARITIME,2026-04-06
2022-01-21,136,VLSFO,76.64,10.8,259.2,24,920.7444,0.85,Moderate,FMS_MARITIME,2026-04-06
2022-01-22,136,LNG,76.37,15.8,379.2,24,627.1524,0.56,Moderate,FMS_MARITIME,2026-04-06
2022-01-23,136,LSMGO,23.28,16.6,398.4,24,181.9627,0.46,Moderate,FMS_MARITIME,2026-04-06
2022-01-24,136,HFO,76.45,12.2,292.8,24,813.0645,0.43,Rough,FMS_MARITIME,2026-04-06
2022-01-25,136,LNG,23.85,15.4,369.6,24,200.944,0.76,Moderate,FMS_MARITIME,2026-04-06
2022-01-26,136,MGO,33.72,16.1,386.4,24,271.7497,0.54,Moderate,FMS_MARITIME,2026-04-06
2022-01-27,136,MGO,76.24,17.1,410.4,24,578.4877,0.69,Moderate,FMS_MARITIME,2026-04-06
2022-01-28,136,MGO,55.03,11.0,264.0,24,649.1039,0.47,Rough,FMS_MARITIME,2026-04-06
2022-01-28,136,VLSFO,28.53,9.8,235.2,24,377.7314,0.51,Moderate,FMS_MARITIME,2026-04-06
2022-01-28,136,VLSFO,70.13,17.6,422.4,24,517.0095,0.88,Moderate,FMS_MARITIME,2026-04-06
2022-01-01,137,VLSFO,44.12,11.1,266.4,24,515.727,0.55,Rough,FMS_MARITIME,2026-04-06
2022-01-02,137,LNG,62.36,13.1,314.4,24,617.6496,0.7,Rough,FMS_MARITIME,2026-04-06
2022-01-03,137,LSMGO,26.61,12.5,300.0,24,276.2118,0.79,Rough,FMS_MARITIME,2026-04-06
2022-01-04,137,LNG,27.74,16.2,388.8,24,222.1769,0.52,Moderate,FMS_MARITIME,2026-04-06
2022-01-05,137,HFO,61.85,13.2,316.8,24,607.9574,0.59,Rough,FMS_MARITIME,2026-04-06
2022-01-06,137,LSMGO,26.86,17.9,429.6,24,194.6975,0.54,Moderate,FMS_MARITIME,2026-04-06
2022-01-07,137,LSMGO,44.33,9.0,216.0,24,639.0908,0.88,Calm,FMS_MARITIME,2026-04-06
2022-01-08,137,VLSFO,55.79,13.1,314.4,24,552.5765,0.89,Rough,FMS_MARITIME,2026-04-06
2022-01-09,137,MGO,38.05,17.1,410.4,24,288.7127,0.86,Calm,FMS_MARITIME,2026-04-06
2022-01-10,137,LSMGO,64.81,12.4,297.6,24,678.153,0.41,Moderate,FMS_MARITIME,2026-04-06
2022-01-11,137,LNG,32.13,13.2,316.8,24,315.8233,0.45,Calm,FMS_MARITIME,2026-04-06
2022-01-12,137,MGO,72.81,15.5,372.0,24,609.4902,0.63,Calm,FMS_MARITIME,2026-04-06
2022-01-13,137,LSMGO,24.45,16.2,388.8,24,195.8264,0.71,Rough,FMS_MARITIME,2026-04-06
2022-01-14,137,LNG,27.45,11.3,271.2,24,315.1892,0.78,Moderate,FMS_MARITIME,2026-04-06
2022-01-15,137,VLSFO,36.62,10.2,244.8,24,465.8279,0.5,Calm,FMS_MARITIME,2026-04-06
2022-01-16,137,LSMGO,52.89,13.2,316.8,24,519.8847,0.4,Moderate,FMS_MARITIME,2026-04-06
2022-01-17,137,LNG,70.92,14.1,338.4,24,652.6149,0.65,Rough,FMS_MARITIME,2026-04-06
2022-01-18,137,LSMGO,51.17,16.2,388.8,24,409.8338,0.86,Moderate,FMS_MARITIME,2026-04-06
2022-01-19,137,HFO,50.42,16.5,396.0,24,396.4845,0.66,Calm,FMS_MARITIME,2026-04-06
2022-01-20,137,VLSFO,44.92,11.5,276.0,24,506.8148,0.67,Calm,FMS_MARITIME,2026-04-06
2022-01-21,137,MGO,39.84,12.4,297.6,24,416.8742,0.86,Moderate,FMS_MARITIME,2026-04-06
2022-01-22,137,VLSFO,32.47,14.7,352.8,24,286.5974,0.7,Rough,FMS_MARITIME,2026-04-06
2022-01-23,137,LSMGO,39.07,8.8,211.2,24,576.0605,0.5,Rough,FMS_MARITIME,2026-04-06
2022-01-24,137,LNG,48.52,8.3,199.2,24,758.4904,0.48,Calm,FMS_MARITIME,2026-04-06
2022-01-25,137,MGO,31.03,15.5,372.0,24,259.7511,0.43,Rough,FMS_MARITIME,2026-04-06
2022-01-26,137,MGO,48.13,13.9,333.6,24,449.271,0.92,Rough,FMS_MARITIME,2026-04-06
2022-01-27,137,VLSFO,15.68,14.7,352.8,24,138.4,0.45,Rough,FMS_MARITIME,2026-04-06
2022-01-28,137,LNG,39.24,14.4,345.6,24,353.5687,0.55,Moderate,FMS_MARITIME,2026-04-06
2022-01-28,137,VLSFO,39.51,12.6,302.4,24,406.8589,0.51,Moderate,FMS_MARITIME,2026-04-06
2022-01-28,137,MGO,30.3,12.6,302.4,24,312.0179,0.45,Rough,FMS_MARITIME,2026-04-06
2022-01-01,138,VLSFO,25.37,10.7,256.8,24,307.6409,0.95,Calm,FMS_MARITIME,2026-04-06
2022-01-02,138,LSMGO,57.83,10.5,252.0,24,714.6136,0.54,Rough,FMS_MARITIME,2026-04-06
2022-01-03,138,LNG,70.36,10.6,254.4,24,861.2462,0.81,Moderate,FMS_MARITIME,2026-04-06
2022-01-04,138,LSMGO,79.17,10.7,256.8,24,960.0287,0.75,Calm,FMS_MARITIME,2026-04-06
2022-01-05,138,LNG,75.96,12.8,307.2,24,769.9852,0.88,Moderate,FMS_MARITIME,2026-04-06
2022-01-06,138,VLSFO,35.83,17.6,422.4,24,264.1445,0.84,Rough,FMS_MARITIME,2026-04-06
2022-01-07,138,HFO,57.26,17.5,420.0,24,424.542,0.68,Rough,FMS_MARITIME,2026-04-06
2022-01-08,138,HFO,81.36,11.5,276.0,24,917.953,0.5,Rough,FMS_MARITIME,2026-04-06
2022-01-09,138,MGO,38.34,13.6,326.4,24,365.7805,0.81,Moderate,FMS_MARITIME,2026-04-06
2022-01-10,138,LNG,37.44,16.3,391.2,24,298.027,0.5,Moderate,FMS_MARITIME,2026-04-06
2022-01-11,138,HFO,71.6,15.0,360.0,24,619.34,0.85,Calm,FMS_MARITIME,2026-04-06
2022-01-12,138,LNG,50.2,11.4,273.6,24,571.3553,0.54,Moderate,FMS_MARITIME,2026-04-06
2022-01-13,138,LNG,67.45,10.9,261.6,24,802.9025,0.54,Rough,FMS_MARITIME,2026-04-06
2022-01-14,138,MGO,62.09,9.5,228.0,24,848.0187,0.85,Calm,FMS_MARITIME,2026-04-06
2022-01-15,138,VLSFO,78.43,8.7,208.8,24,1169.6888,0.48,Rough,FMS_MARITIME,2026-04-06
2022-01-16,138,LSMGO,46.66,9.4,225.6,24,644.0569,0.91,Moderate,FMS_MARITIME,2026-04-06
2022-01-17,138,VLSFO,16.29,9.3,223.2,24,227.2718,0.72,Rough,FMS_MARITIME,2026-04-06
2022-01-18,138,LNG,76.56,13.7,328.8,24,725.0847,0.66,Calm,FMS_MARITIME,2026-04-06
2022-01-19,138,VLSFO,23.18,10.4,249.6,24,289.1928,0.5,Moderate,FMS_MARITIME,2026-04-06
2022-01-20,138,MGO,32.97,9.7,232.8,24,441.0162,0.69,Moderate,FMS_MARITIME,2026-04-06
2022-01-21,138,VLSFO,41.24,11.6,278.4,24,461.2836,0.44,Moderate,FMS_MARITIME,2026-04-06
2022-01-22,138,LNG,65.68,8.1,194.4,24,1052.0963,0.96,Calm,FMS_MARITIME,2026-04-06
2022-01-23,138,MGO,52.19,12.5,300.0,24,541.7322,0.84,Calm,FMS_MARITIME,2026-04-06
2022-01-24,138,LNG,80.47,17.4,417.6,24,600.0565,0.47,Moderate,FMS_MARITIME,2026-04-06
2022-01-25,138,LNG,68.7,11.2,268.8,24,795.8772,0.48,Moderate,FMS_MARITIME,2026-04-06
2022-01-26,138,HFO,27.85,10.8,259.2,24,334.5868,0.94,Calm,FMS_MARITIME,2026-04-06
2022-01-27,138,LSMGO,64.91,8.9,213.6,24,946.3003,0.45,Rough,FMS_MARITIME,2026-04-06
2022-01-28,138,HFO,44.4,10.6,254.4,24,543.4811,0.73,Calm,FMS_MARITIME,2026-04-06
2022-01-28,138,HFO,77.76,11.0,264.0,24,917.2145,0.89,Rough,FMS_MARITIME,2026-04-06
2022-01-28,138,LSMGO,81.04,16.1,386.4,24,653.1019,0.94,Moderate,FMS_MARITIME,2026-04-06
2022-01-01,139,LSMGO,61.17,15.5,372.0,24,512.0521,0.45,Calm,FMS_MARITIME,2026-04-06
2022-01-02,139,MGO,25.13,11.9,285.6,24,274.0015,0.46,Moderate,FMS_MARITIME,2026-04-06
2022-01-03,139,LNG,51.58,16.1,386.4,24,415.6835,0.92,Moderate,FMS_MARITIME,2026-04-06
2022-01-04,139,LSMGO,41.84,17.9,429.6,24,303.2816,0.5,Moderate,FMS_MARITIME,2026-04-06
2022-01-05,139,MGO,49.66,8.6,206.4,24,749.2308,0.99,Calm,FMS_MARITIME,2026-04-06
2022-01-06,139,LSMGO,17.59,11.7,280.8,24,195.0686,0.95,Rough,FMS_MARITIME,2026-04-06
2022-01-07,139,MGO,70.19,10.4,249.6,24,875.6877,0.48,Moderate,FMS_MARITIME,2026-04-06
2022-01-08,139,HFO,54.06,11.3,271.2,24,620.7332,0.64,Rough,FMS_MARITIME,2026-04-06
2022-01-09,139,HFO,56.93,17.5,420.0,24,422.0953,0.65,Calm,FMS_MARITIME,2026-04-06
2022-01-10,139,LSMGO,72.67,11.0,264.0,24,857.1757,0.94,Rough,FMS_MARITIME,2026-04-06
2022-01-11,139,VLSFO,25.32,12.9,309.6,24,254.6721,0.87,Calm,FMS_MARITIME,2026-04-06
2022-01-12,139,MGO,28.72,10.9,261.6,24,341.8734,0.84,Calm,FMS_MARITIME,2026-04-06
2022-01-13,139,VLSFO,40.49,12.1,290.4,24,434.18,0.75,Moderate,FMS_MARITIME,2026-04-06
2022-01-14,139,LSMGO,22.41,9.2,220.8,24,316.0541,0.43,Moderate,FMS_MARITIME,2026-04-06
2022-01-15,139,MGO,81.6,9.4,225.6,24,1126.3404,0.62,Moderate,FMS_MARITIME,2026-04-06
2022-01-16,139,LNG,34.95,16.9,405.6,24,268.3291,0.71,Calm,FMS_MARITIME,2026-04-06
2022-01-17,139,LSMGO,84.1,15.0,360.0,24,727.465,0.56,Rough,FMS_MARITIME,2026-04-06
2022-01-18,139,LSMGO,72.0,16.1,386.4,24,580.2484,0.91,Calm,FMS_MARITIME,2026-04-06
2022-01-19,139,VLSFO,40.62,16.7,400.8,24,315.5955,0.71,Rough,FMS_MARITIME,2026-04-06
2022-01-20,139,VLSFO,60.27,11.8,283.2,24,662.7146,0.85,Calm,FMS_MARITIME,2026-04-06
2022-01-21,139,LNG,46.91,13.0,312.0,24,468.1979,0.96,Rough,FMS_MARITIME,2026-04-06
2022-01-22,139,MGO,58.49,10.3,247.2,24,736.8036,0.52,Rough,FMS_MARITIME,2026-04-06
2022-01-23,139,HFO,30.76,12.5,300.0,24,319.2888,0.48,Rough,FMS_MARITIME,2026-04-06
2022-01-24,139,VLSFO,70.77,10.8,259.2,24,850.2229,0.49,Moderate,FMS_MARITIME,2026-04-06
2022-01-25,139,MGO,69.42,14.6,350.4,24,616.9346,0.7,Rough,FMS_MARITIME,2026-04-06
2022-01-26,139,HFO,17.41,13.0,312.0,24,173.7652,0.78,Rough,FMS_MARITIME,2026-04-06
2022-01-27,139,HFO,32.77,12.5,300.0,24,340.1526,0.44,Rough,FMS_MARITIME,2026-04-06
2022-01-28,139,LNG,18.65,12.7,304.8,24,190.5384,0.81,Calm,FMS_MARITIME,2026-04-06
2022-01-28,139,VLSFO,38.57,11.9,285.6,24,420.5426,0.84,Calm,FMS_MARITIME,2026-04-06
2022-01-28,139,LSMGO,25.43,14.8,355.2,24,222.9421,0.41,Moderate,FMS_MARITIME,2026-04-06
2022-01-01,140,MGO,71.51,11.8,283.2,24,786.307,0.77,Calm,FMS_MARITIME,2026-04-06
2022-01-02,140,LNG,39.42,11.8,283.2,24,433.453,0.61,Moderate,FMS_MARITIME,2026-04-06
2022-01-03,140,MGO,65.25,11.4,273.6,24,742.648,0.55,Calm,FMS_MARITIME,2026-04-06
2022-01-04,140,VLSFO,42.69,17.7,424.8,24,312.9394,0.46,Calm,FMS_MARITIME,2026-04-06
2022-01-05,140,VLSFO,66.07,13.6,326.4,24,630.3369,0.79,Rough,FMS_MARITIME,2026-04-06
2022-01-06,140,HFO,42.71,11.5,276.0,24,481.8802,0.78,Rough,FMS_MARITIME,2026-04-06
2022-01-07,140,VLSFO,44.74,16.0,384.0,24,362.8134,0.47,Calm,FMS_MARITIME,2026-04-06
2022-01-08,140,MGO,57.18,9.5,228.0,24,780.9584,0.55,Calm,FMS_MARITIME,2026-04-06
2022-01-09,140,HFO,35.13,10.0,240.0,24,455.8118,0.9,Moderate,FMS_MARITIME,2026-04-06
2022-01-10,140,LNG,60.08,12.2,292.8,24,638.9656,0.74,Rough,FMS_MARITIME,2026-04-06
2022-01-11,140,LNG,20.28,14.0,336.0,24,187.9521,0.79,Rough,FMS_MARITIME,2026-04-06
2022-01-12,140,LSMGO,31.79,12.6,302.4,24,327.3613,0.44,Rough,FMS_MARITIME,2026-04-06
2022-01-13,140,LSMGO,81.45,10.6,254.4,24,996.9941,0.53,Calm,FMS_MARITIME,2026-04-06
2022-01-14,140,MGO,18.95,11.9,285.6,24,206.6187,0.72,Rough,FMS_MARITIME,2026-04-06
2022-01-15,140,LNG,27.0,12.7,304.8,24,275.8465,0.58,Calm,FMS_MARITIME,2026-04-06
2022-01-16,140,VLSFO,82.53,16.0,384.0,24,669.2667,0.75,Calm,FMS_MARITIME,2026-04-06
2022-01-17,140,VLSFO,67.26,12.9,309.6,24,676.5105,0.92,Rough,FMS_MARITIME,2026-04-06
2022-01-18,140,MGO,21.02,9.7,232.8,24,281.1696,0.58,Rough,FMS_MARITIME,2026-04-06
2022-01-19,140,HFO,51.77,15.8,379.2,24,425.1366,0.59,Calm,FMS_MARITIME,2026-04-06
2022-01-20,140,HFO,62.44,13.1,314.4,24,618.442,0.48,Rough,FMS_MARITIME,2026-04-06
2022-01-21,140,HFO,78.12,9.2,220.8,24,1101.7467,0.72,Calm,FMS_MARITIME,2026-04-06
2022-01-22,140,LNG,59.35,13.6,326.4,24,566.2252,0.55,Rough,FMS_MARITIME,2026-04-06
2022-01-23,140,LSMGO,17.58,12.3,295.2,24,185.4476,0.51,Rough,FMS_MARITIME,2026-04-06
2022-01-24,140,LSMGO,24.8,17.3,415.2,24,186.0,0.43,Calm,FMS_MARITIME,2026-04-06
2022-01-25,140,VLSFO,73.23,11.9,285.6,24,798.4532,0.48,Moderate,FMS_MARITIME,2026-04-06
2022-01-26,140,MGO,36.1,16.0,384.0,24,292.7484,0.89,Calm,FMS_MARITIME,2026-04-06
2022-01-27,140,LSMGO,15.92,14.9,357.6,24,138.6322,0.54,Moderate,FMS_MARITIME,2026-04-06
2022-01-28,140,VLSFO,30.18,8.5,204.0,24,460.6888,0.81,Rough,FMS_MARITIME,2026-04-06
2022-01-28,140,MGO,43.04,13.6,326.4,24,410.6206,0.76,Moderate,FMS_MARITIME,2026-04-06
2022-01-28,140,HFO,50.27,9.7,232.8,24,672.426,1.0,Calm,FMS_MARITIME,2026-04-06
2022-01-01,141,LSMGO,41.83,11.0,264.0,24,493.4039,0.52,Moderate,FMS_MARITIME,2026-04-06
2022-01-02,141,LNG,34.77,16.0,384.0,24,281.963,0.53,Rough,FMS_MARITIME,2026-04-06
2022-01-03,141,VLSFO,49.25,12.6,302.4,24,507.1577,0.75,Rough,FMS_MARITIME,2026-04-06
2022-01-04,141,VLSFO,65.97,8.4,201.6,24,1019.0009,0.62,Moderate,FMS_MARITIME,2026-04-06
2022-01-05,141,HFO,79.09,12.9,309.6,24,795.4983,0.89,Moderate,FMS_MARITIME,2026-04-06
2022-01-06,141,LSMGO,35.62,8.5,204.0,24,543.7288,0.76,Calm,FMS_MARITIME,2026-04-06
2022-01-07,141,HFO,60.53,17.3,415.2,24,453.975,0.72,Calm,FMS_MARITIME,2026-04-06
2022-01-08,141,VLSFO,39.64,10.6,254.4,24,485.216,0.41,Moderate,FMS_MARITIME,2026-04-06
2022-01-09,141,HFO,61.2,9.6,230.4,24,827.1562,0.91,Calm,FMS_MARITIME,2026-04-06
2022-01-10,141,HFO,72.19,8.9,213.6,24,1052.4329,0.64,Moderate,FMS_MARITIME,2026-04-06
2022-01-11,141,VLSFO,21.82,16.0,384.0,24,176.9466,0.94,Calm,FMS_MARITIME,2026-04-06
2022-01-12,141,VLSFO,81.06,14.7,352.8,24,715.4786,0.68,Moderate,FMS_MARITIME,2026-04-06
2022-01-13,141,LNG,31.77,14.5,348.0,24,284.2867,0.68,Moderate,FMS_MARITIME,2026-04-06
2022-01-14,141,LSMGO,37.47,11.8,283.2,24,412.0112,0.99,Calm,FMS_MARITIME,2026-04-06
2022-01-15,141,LNG,64.8,11.7,280.8,24,718.6154,0.92,Rough,FMS_MARITIME,2026-04-06
2022-01-16,141,LNG,72.73,12.8,307.2,24,737.2436,0.68,Moderate,FMS_MARITIME,2026-04-06
2022-01-17,141,HFO,24.59,13.1,314.4,24,243.5536,0.89,Moderate,FMS_MARITIME,2026-04-06
2022-01-18,141,LNG,81.69,15.2,364.8,24,697.3209,0.75,Calm,FMS_MARITIME,2026-04-06
2022-01-19,141,MGO,22.56,11.1,266.4,24,263.7081,0.58,Moderate,FMS_MARITIME,2026-04-06
2022-01-20,141,MGO,66.88,8.3,199.2,24,1045.5036,0.5,Calm,FMS_MARITIME,2026-04-06
2022-01-21,141,VLSFO,54.75,10.3,247.2,24,689.6905,0.47,Moderate,FMS_MARITIME,2026-04-06
2022-01-22,141,LNG,57.38,14.3,343.2,24,520.6332,0.46,Rough,FMS_MARITIME,2026-04-06
2022-01-23,141,MGO,70.11,11.3,271.2,24,805.0241,0.86,Rough,FMS_MARITIME,2026-04-06
2022-01-24,141,HFO,18.74,8.5,204.0,24,286.0606,1.0,Calm,FMS_MARITIME,2026-04-06
2022-01-25,141,LNG,45.43,8.7,208.8,24,677.5336,0.58,Moderate,FMS_MARITIME,2026-04-06
2022-01-26,141,MGO,30.71,13.5,324.0,24,295.1572,0.87,Moderate,FMS_MARITIME,2026-04-06
2022-01-27,141,MGO,54.21,8.5,204.0,24,827.4997,0.46,Calm,FMS_MARITIME,2026-04-06
2022-01-28,141,HFO,49.93,8.7,208.8,24,744.6457,0.41,Rough,FMS_MARITIME,2026-04-06
2022-01-28,141,HFO,56.25,11.9,285.6,24,613.3141,0.73,Moderate,FMS_MARITIME,2026-04-06
2022-01-28,141,LSMGO,54.11,14.0,336.0,24,501.4837,0.54,Calm,FMS_MARITIME,2026-04-06
2022-01-01,142,HFO,31.81,17.5,420.0,24,235.8484,0.93,Rough,FMS_MARITIME,2026-04-06
2022-01-02,142,LNG,57.19,15.5,372.0,24,478.7356,0.96,Moderate,FMS_MARITIME,2026-04-06
2022-01-03,142,LSMGO,64.0,12.0,288.0,24,692.0,0.98,Moderate,FMS_MARITIME,2026-04-06
2022-01-04,142,MGO,54.17,9.2,220.8,24,763.9736,0.79,Calm,FMS_MARITIME,2026-04-06
2022-01-05,142,MGO,57.29,8.1,194.4,24,917.7009,0.95,Calm,FMS_MARITIME,2026-04-06
2022-01-06,142,MGO,39.87,13.4,321.6,24,386.0547,0.57,Moderate,FMS_MARITIME,2026-04-06
2022-01-07,142,LSMGO,71.32,8.6,206.4,24,1076.0198,0.77,Rough,FMS_MARITIME,2026-04-06
2022-01-08,142,HFO,56.51,8.5,204.0,24,862.6085,0.85,Rough,FMS_MARITIME,2026-04-06
2022-01-09,142,MGO,45.03,9.9,237.6,24,590.1659,0.71,Moderate,FMS_MARITIME,2026-04-06
2022-01-10,142,HFO,33.05,10.9,261.6,24,393.4163,0.81,Calm,FMS_MARITIME,2026-04-06
2022-01-11,142,VLSFO,74.93,10.7,256.8,24,908.6138,1.0,Rough,FMS_MARITIME,2026-04-06
2022-01-12,142,LSMGO,82.41,13.8,331.2,24,774.8332,0.7,Calm,FMS_MARITIME,2026-04-06
2022-01-13,142,MGO,83.14,16.0,384.0,24,674.2134,0.47,Calm,FMS_MARITIME,2026-04-06
2022-01-14,142,VLSFO,49.51,10.6,254.4,24,606.0304,0.47,Calm,FMS_MARITIME,2026-04-06
2022-01-15,142,LSMGO,32.97,16.8,403.2,24,254.6344,0.72,Calm,FMS_MARITIME,2026-04-06
2022-01-16,142,LNG,75.0,15.6,374.4,24,623.7981,0.84,Rough,FMS_MARITIME,2026-04-06
2022-01-17,142,LNG,21.0,13.2,316.8,24,206.4205,0.53,Moderate,FMS_MARITIME,2026-04-06
2022-01-18,142,VLSFO,42.67,13.4,321.6,24,413.1666,0.61,Rough,FMS_MARITIME,2026-04-06
2022-01-19,142,MGO,17.37,10.9,261.6,24,206.7667,0.59,Rough,FMS_MARITIME,2026-04-06
2022-01-20,142,MGO,82.99,15.3,367.2,24,703.7877,0.66,Moderate,FMS_MARITIME,2026-04-06
2022-01-21,142,HFO,57.21,14.3,343.2,24,519.0907,0.72,Rough,FMS_MARITIME,2026-04-06
2022-01-22,142,VLSFO,75.98,10.4,249.6,24,947.9236,0.58,Rough,FMS_MARITIME,2026-04-06
2022-01-23,142,MGO,61.66,9.9,237.6,24,808.1197,0.9,Moderate,FMS_MARITIME,2026-04-06
2022-01-24,142,HFO,28.04,11.0,264.0,24,330.7445,0.85,Calm,FMS_MARITIME,2026-04-06
2022-01-25,142,HFO,56.86,8.9,213.6,24,828.9421,0.53,Calm,FMS_MARITIME,2026-04-06
2022-01-26,142,LSMGO,45.57,17.6,422.4,24,335.9493,0.86,Calm,FMS_MARITIME,2026-04-06
2022-01-27,142,MGO,16.72,13.8,331.2,24,157.2043,0.53,Calm,FMS_MARITIME,2026-04-06
2022-01-28,142,MGO,83.96,17.0,408.0,24,640.8124,0.48,Calm,FMS_MARITIME,2026-04-06
2022-01-28,142,LNG,74.87,11.3,271.2,24,859.6799,0.44,Rough,FMS_MARITIME,2026-04-06
2022-01-28,142,LSMGO,56.71,12.0,288.0,24,613.1769,0.76,Calm,FMS_MARITIME,2026-04-06
2022-01-01,143,HFO,59.21,15.9,381.6,24,483.1759,0.67,Calm,FMS_MARITIME,2026-04-06
2022-01-02,143,LNG,36.82,13.9,333.6,24,343.6975,0.72,Rough,FMS_MARITIME,2026-04-06
2022-01-03,143,HFO,55.11,8.3,199.2,24,861.5087,0.7,Moderate,FMS_MARITIME,2026-04-06
2022-01-04,143,LSMGO,56.27,10.4,249.6,24,702.0224,0.42,Rough,FMS_MARITIME,2026-04-06
2022-01-05,143,VLSFO,55.8,13.1,314.4,24,552.6756,0.4,Moderate,FMS_MARITIME,2026-04-06
2022-01-06,143,VLSFO,77.13,9.8,235.2,24,1021.1855,0.89,Rough,FMS_MARITIME,2026-04-06
2022-01-07,143,HFO,58.29,13.0,312.0,24,581.779,0.6,Moderate,FMS_MARITIME,2026-04-06
2022-01-08,143,MGO,31.29,10.0,240.0,24,405.9877,0.41,Moderate,FMS_MARITIME,2026-04-06
2022-01-09,143,LNG,38.14,10.5,252.0,24,471.3014,0.66,Calm,FMS_MARITIME,2026-04-06
2022-01-10,143,LNG,71.3,9.2,220.8,24,1005.5625,0.8,Calm,FMS_MARITIME,2026-04-06
2022-01-11,143,HFO,64.79,14.9,357.6,24,564.1948,0.88,Calm,FMS_MARITIME,2026-04-06
2022-01-12,143,HFO,47.19,10.3,247.2,24,594.4566,0.48,Rough,FMS_MARITIME,2026-04-06
2022-01-13,143,VLSFO,84.76,16.5,396.0,24,666.5218,0.61,Rough,FMS_MARITIME,2026-04-06
2022-01-14,143,LNG,22.06,17.4,417.6,24,164.4991,0.45,Rough,FMS_MARITIME,2026-04-06
2022-01-15,143,LSMGO,84.86,11.5,276.0,24,957.4422,0.68,Calm,FMS_MARITIME,2026-04-06
2022-01-16,143,LNG,58.07,17.0,408.0,24,443.2107,0.4,Calm,FMS_MARITIME,2026-04-06
2022-01-17,143,MGO,68.57,14.1,338.4,24,630.9899,0.7,Rough,FMS_MARITIME,2026-04-06
2022-01-18,143,VLSFO,36.86,10.2,244.8,24,468.8809,0.87,Moderate,FMS_MARITIME,2026-04-06
2022-01-19,143,LSMGO,39.64,15.0,360.0,24,342.886,0.9,Rough,FMS_MARITIME,2026-04-06
2022-01-20,143,LSMGO,35.39,8.1,194.4,24,566.8954,0.63,Calm,FMS_MARITIME,2026-04-06
2022-01-21,143,LSMGO,74.96,15.6,374.4,24,623.4654,0.49,Calm,FMS_MARITIME,2026-04-06
2022-01-22,143,LNG,34.21,15.8,379.2,24,280.9334,0.92,Calm,FMS_MARITIME,2026-04-06
2022-01-23,143,MGO,59.2,9.9,237.6,24,775.8788,0.45,Calm,FMS_MARITIME,2026-04-06
2022-01-24,143,VLSFO,67.97,13.6,326.4,24,648.4638,0.41,Moderate,FMS_MARITIME,2026-04-06
2022-01-25,143,HFO,38.88,10.0,240.0,24,504.468,0.71,Rough,FMS_MARITIME,2026-04-06
2022-01-26,143,VLSFO,67.48,13.5,324.0,24,648.5578,0.78,Calm,FMS_MARITIME,2026-04-06
2022-01-27,143,VLSFO,58.44,10.1,242.4,24,750.7515,0.79,Rough,FMS_MARITIME,2026-04-06
2022-01-28,143,LSMGO,48.53,10.9,261.6,24,577.6851,0.64,Calm,FMS_MARITIME,2026-04-06
2022-01-28,143,VLSFO,36.37,13.8,331.2,24,341.9571,0.7,Moderate,FMS_MARITIME,2026-04-06
2022-01-28,143,LSMGO,70.91,8.1,194.4,24,1135.8731,0.88,Rough,FMS_MARITIME,2026-04-06
2022-01-01,144,LSMGO,37.24,15.5,372.0,24,311.7348,0.65,Moderate,FMS_MARITIME,2026-04-06
2022-01-02,144,LSMGO,80.83,16.1,386.4,24,651.4095,0.7,Calm,FMS_MARITIME,2026-04-06
2022-01-03,144,VLSFO,28.86,8.7,208.8,24,430.4121,0.52,Calm,FMS_MARITIME,2026-04-06
2022-01-04,144,LNG,34.76,15.5,372.0,24,290.9748,0.7,Calm,FMS_MARITIME,2026-04-06
2022-01-05,144,LSMGO,59.2,8.0,192.0,24,960.15,0.75,Moderate,FMS_MARITIME,2026-04-06
2022-01-06,144,VLSFO,84.46,10.5,252.0,24,1043.6843,0.57,Calm,FMS_MARITIME,2026-04-06
2022-01-07,144,HFO,45.55,8.7,208.8,24,679.3233,0.9,Rough,FMS_MARITIME,2026-04-06
2022-01-08,144,MGO,84.53,15.8,379.2,24,694.1625,0.95,Moderate,FMS_MARITIME,2026-04-06
2022-01-09,144,LSMGO,15.5,16.8,403.2,24,119.7098,0.47,Calm,FMS_MARITIME,2026-04-06
2022-01-10,144,HFO,53.82,8.8,211.2,24,793.5392,0.45,Moderate,FMS_MARITIME,2026-04-06
2022-01-11,144,MGO,68.23,12.3,295.2,24,719.7433,0.79,Rough,FMS_MARITIME,2026-04-06
2022-01-12,144,LNG,64.05,9.2,220.8,24,903.3139,0.67,Moderate,FMS_MARITIME,2026-04-06
2022-01-13,144,HFO,57.11,14.1,338.4,24,525.5335,0.71,Rough,FMS_MARITIME,2026-04-06
2022-01-14,144,MGO,68.66,17.3,415.2,24,514.95,0.44,Calm,FMS_MARITIME,2026-04-06
2022-01-15,144,MGO,36.51,16.1,386.4,24,294.2343,0.52,Calm,FMS_MARITIME,2026-04-06
2022-01-16,144,MGO,76.63,16.9,405.6,24,588.328,0.99,Moderate,FMS_MARITIME,2026-04-06
2022-01-17,144,MGO,57.07,12.5,300.0,24,592.3866,0.97,Rough,FMS_MARITIME,2026-04-06
2022-01-18,144,HFO,63.61,10.3,247.2,24,801.3007,0.69,Calm,FMS_MARITIME,2026-04-06
2022-01-19,144,LSMGO,72.46,12.4,297.6,24,758.2004,0.97,Calm,FMS_MARITIME,2026-04-06
2022-01-20,144,VLSFO,17.66,11.6,278.4,24,197.5332,0.68,Moderate,FMS_MARITIME,2026-04-06
2022-01-21,144,MGO,31.76,13.0,312.0,24,316.9892,0.99,Rough,FMS_MARITIME,2026-04-06
2022-01-22,144,LNG,70.28,14.8,355.2,24,616.1372,0.86,Moderate,FMS_MARITIME,2026-04-06
2022-01-23,144,VLSFO,45.61,9.9,237.6,24,597.7674,0.61,Moderate,FMS_MARITIME,2026-04-06
2022-01-24,144,LSMGO,37.46,17.2,412.8,24,282.5834,0.6,Calm,FMS_MARITIME,2026-04-06
2022-01-25,144,MGO,78.4,14.6,350.4,24,696.7397,0.47,Moderate,FMS_MARITIME,2026-04-06
2022-01-26,144,LNG,48.32,10.3,247.2,24,608.6913,0.66,Rough,FMS_MARITIME,2026-04-06
2022-01-27,144,LSMGO,60.34,16.2,388.8,24,483.2787,0.69,Rough,FMS_MARITIME,2026-04-06
2022-01-28,144,LSMGO,30.73,16.2,388.8,24,246.1245,0.47,Moderate,FMS_MARITIME,2026-04-06
2022-01-28,144,LSMGO,33.69,9.6,230.4,24,455.3414,0.63,Moderate,FMS_MARITIME,2026-04-06
2022-01-28,144,MGO,15.54,12.4,297.6,24,162.606,0.41,Calm,FMS_MARITIME,2026-04-06
2022-01-01,145,VLSFO,83.36,17.7,424.8,24,611.0712,0.57,Calm,FMS_MARITIME,2026-04-06
2022-01-02,145,LNG,58.38,10.4,249.6,24,728.3466,0.92,Moderate,FMS_MARITIME,2026-04-06
2022-01-03,145,HFO,55.44,14.7,352.8,24,489.3429,0.56,Moderate,FMS_MARITIME,2026-04-06
2022-01-04,145,VLSFO,66.1,8.6,206.4,24,997.2645,0.86,Calm,FMS_MARITIME,2026-04-06
2022-01-05,145,LSMGO,36.4,10.8,259.2,24,437.3056,0.79,Calm,FMS_MARITIME,2026-04-06
2022-01-06,145,LNG,20.82,15.5,372.0,24,174.2835,0.91,Calm,FMS_MARITIME,2026-04-06
2022-01-07,145,LSMGO,51.72,10.7,256.8,24,627.1654,0.45,Rough,FMS_MARITIME,2026-04-06
2022-01-08,145,LNG,52.66,13.5,324.0,24,506.1211,0.63,Rough,FMS_MARITIME,2026-04-06
2022-01-09,145,HFO,77.26,15.5,372.0,24,646.741,0.99,Rough,FMS_MARITIME,2026-04-06
2022-01-10,145,HFO,29.77,13.1,314.4,24,294.8594,0.75,Moderate,FMS_MARITIME,2026-04-06
2022-01-11,145,MGO,83.62,13.5,324.0,24,803.6811,0.46,Calm,FMS_MARITIME,2026-04-06
2022-01-12,145,MGO,54.94,8.7,208.8,24,819.3638,0.48,Rough,FMS_MARITIME,2026-04-06
2022-01-13,145,MGO,36.56,12.7,304.8,24,373.5165,0.56,Rough,FMS_MARITIME,2026-04-06
2022-01-14,145,LNG,71.6,8.3,199.2,24,1119.2892,0.55,Rough,FMS_MARITIME,2026-04-06
2022-01-15,145,LNG,16.56,8.1,194.4,24,265.2667,0.65,Calm,FMS_MARITIME,2026-04-06
2022-01-16,145,LNG,72.32,11.8,283.2,24,795.2136,0.86,Moderate,FMS_MARITIME,2026-04-06
2022-01-17,145,MGO,22.67,8.7,208.8,24,338.0957,0.98,Moderate,FMS_MARITIME,2026-04-06
2022-01-18,145,LSMGO,42.92,15.9,381.6,24,350.2434,0.43,Moderate,FMS_MARITIME,2026-04-06
2022-01-19,145,LNG,31.04,17.3,415.2,24,232.8,0.88,Rough,FMS_MARITIME,2026-04-06
2022-01-20,145,LNG,63.31,8.9,213.6,24,922.9744,0.88,Rough,FMS_MARITIME,2026-04-06
2022-01-21,145,LNG,58.24,11.5,276.0,24,657.0991,0.4,Calm,FMS_MARITIME,2026-04-06
2022-01-22,145,VLSFO,52.81,13.6,326.4,24,503.8307,0.92,Moderate,FMS_MARITIME,2026-04-06
2022-01-23,145,LNG,68.35,15.0,360.0,24,591.2275,0.44,Calm,FMS_MARITIME,2026-04-06
2022-01-24,145,MGO,58.19,9.2,220.8,24,820.6687,0.55,Calm,FMS_MARITIME,2026-04-06
2022-01-25,145,HFO,33.18,12.4,297.6,24,347.1859,0.87,Rough,FMS_MARITIME,2026-04-06
2022-01-26,145,VLSFO,81.15,13.2,316.8,24,797.6676,0.83,Rough,FMS_MARITIME,2026-04-06
2022-01-27,145,HFO,59.05,16.9,405.6,24,453.3572,0.62,Moderate,FMS_MARITIME,2026-04-06
2022-01-28,145,HFO,56.24,17.0,408.0,24,429.2435,0.86,Calm,FMS_MARITIME,2026-04-06
2022-01-28,145,LNG,28.05,16.2,388.8,24,224.6597,0.94,Rough,FMS_MARITIME,2026-04-06
2022-01-28,145,LSMGO,68.7,10.8,259.2,24,825.3542,0.53,Calm,FMS_MARITIME,2026-04-06
2022-01-01,146,VLSFO,76.04,15.9,381.6,24,620.5151,0.69,Moderate,FMS_MARITIME,2026-04-06
2022-01-02,146,LSMGO,42.89,14.6,350.4,24,381.1628,0.83,Rough,FMS_MARITIME,2026-04-06
2022-01-03,146,HFO,34.14,17.7,424.8,24,250.2636,0.77,Calm,FMS_MARITIME,2026-04-06
2022-01-04,146,HFO,46.46,10.6,254.4,24,568.6967,0.59,Calm,FMS_MARITIME,2026-04-06
2022-01-05,146,VLSFO,52.24,15.0,360.0,24,451.876,0.98,Rough,FMS_MARITIME,2026-04-06
2022-01-06,146,HFO,36.83,8.5,204.0,24,562.1991,0.8,Moderate,FMS_MARITIME,2026-04-06
2022-01-07,146,LNG,62.58,13.4,321.6,24,605.9519,0.67,Calm,FMS_MARITIME,2026-04-06
2022-01-08,146,MGO,83.1,10.6,254.4,24,1017.191,0.98,Calm,FMS_MARITIME,2026-04-06
2022-01-09,146,MGO,73.94,13.1,314.4,24,732.3447,0.48,Rough,FMS_MARITIME,2026-04-06
2022-01-10,146,LNG,54.33,11.3,271.2,24,623.8334,0.47,Rough,FMS_MARITIME,2026-04-06
2022-01-11,146,MGO,22.99,14.3,343.2,24,208.5981,0.58,Moderate,FMS_MARITIME,2026-04-06
2022-01-12,146,HFO,52.44,17.3,415.2,24,393.3,0.78,Moderate,FMS_MARITIME,2026-04-06
2022-01-13,146,LNG,53.54,13.9,333.6,24,499.7709,0.83,Moderate,FMS_MARITIME,2026-04-06
2022-01-14,146,LSMGO,40.98,16.3,391.2,24,326.2058,0.56,Rough,FMS_MARITIME,2026-04-06
2022-01-15,146,HFO,48.2,12.4,297.6,24,504.3508,0.49,Rough,FMS_MARITIME,2026-04-06
2022-01-16,146,MGO,15.35,8.8,211.2,24,226.3253,0.42,Moderate,FMS_MARITIME,2026-04-06
2022-01-17,146,VLSFO,48.83,12.3,295.2,24,515.097,0.75,Calm,FMS_MARITIME,2026-04-06
2022-01-18,146,LNG,30.67,8.8,211.2,24,452.2082,0.97,Rough,FMS_MARITIME,2026-04-06
2022-01-19,146,LSMGO,31.93,15.3,367.2,24,270.7789,0.84,Moderate,FMS_MARITIME,2026-04-06
2022-01-20,146,LNG,42.22,12.5,300.0,24,438.2436,0.89,Rough,FMS_MARITIME,2026-04-06
2022-01-21,146,LSMGO,16.51,15.0,360.0,24,142.8115,0.8,Rough,FMS_MARITIME,2026-04-06
2022-01-22,146,HFO,37.16,9.8,235.2,24,491.9908,0.49,Rough,FMS_MARITIME,2026-04-06
2022-01-23,146,VLSFO,57.19,9.0,216.0,24,824.4892,0.91,Rough,FMS_MARITIME,2026-04-06
2022-01-24,146,VLSFO,67.29,15.4,369.6,24,566.9401,0.52,Rough,FMS_MARITIME,2026-04-06
2022-01-25,146,MGO,83.0,9.6,230.4,24,1121.7969,0.61,Moderate,FMS_MARITIME,2026-04-06
2022-01-26,146,LSMGO,18.12,11.1,266.4,24,211.8081,0.89,Calm,FMS_MARITIME,2026-04-06
2022-01-27,146,LNG,43.0,13.3,319.2,24,419.4925,0.7,Rough,FMS_MARITIME,2026-04-06
2022-01-28,146,MGO,60.39,9.2,220.8,24,851.6959,0.47,Calm,FMS_MARITIME,2026-04-06
2022-01-28,146,MGO,27.51,12.6,302.4,24,283.2875,0.87,Rough,FMS_MARITIME,2026-04-06
2022-01-28,146,MGO,50.03,17.6,422.4,24,368.8291,0.81,Rough,FMS_MARITIME,2026-04-06
2022-01-01,147,VLSFO,35.73,9.0,216.0,24,515.1075,0.42,Calm,FMS_MARITIME,2026-04-06
2022-01-02,147,VLSFO,62.22,8.6,206.4,24,938.7262,0.49,Moderate,FMS_MARITIME,2026-04-06
2022-01-03,147,VLSFO,60.57,8.1,194.4,24,970.2417,0.89,Moderate,FMS_MARITIME,2026-04-06
2022-01-04,147,VLSFO,81.72,14.4,345.6,24,736.3312,0.66,Calm,FMS_MARITIME,2026-04-06
2022-01-05,147,MGO,80.53,14.7,352.8,24,710.8005,0.9,Moderate,FMS_MARITIME,2026-04-06
2022-01-06,147,MGO,27.62,14.9,357.6,24,240.5164,0.86,Calm,FMS_MARITIME,2026-04-06
2022-01-07,147,LSMGO,83.34,16.5,396.0,24,655.3555,0.72,Rough,FMS_MARITIME,2026-04-06
2022-01-08,147,LSMGO,31.06,9.6,230.4,24,419.7953,0.62,Calm,FMS_MARITIME,2026-04-06
2022-01-09,147,MGO,52.76,12.2,292.8,24,561.1156,0.46,Moderate,FMS_MARITIME,2026-04-06
2022-01-10,147,VLSFO,74.95,13.7,328.8,24,709.8367,0.91,Moderate,FMS_MARITIME,2026-04-06
2022-01-11,147,VLSFO,83.28,16.7,400.8,24,647.0407,0.98,Rough,FMS_MARITIME,2026-04-06
2022-01-12,147,VLSFO,17.27,16.9,405.6,24,132.5907,0.6,Moderate,FMS_MARITIME,2026-04-06
2022-01-13,147,LSMGO,80.25,15.6,374.4,24,667.4639,0.53,Rough,FMS_MARITIME,2026-04-06
2022-01-14,147,MGO,60.33,10.0,240.0,24,782.7817,0.69,Moderate,FMS_MARITIME,2026-04-06
2022-01-15,147,VLSFO,34.5,11.6,278.4,24,385.8944,0.44,Calm,FMS_MARITIME,2026-04-06
2022-01-16,147,HFO,21.71,9.4,225.6,24,299.6673,0.75,Calm,FMS_MARITIME,2026-04-06
2022-01-17,147,MGO,66.68,12.0,288.0,24,720.9775,0.41,Calm,FMS_MARITIME,2026-04-06
2022-01-18,147,MGO,58.97,17.1,410.4,24,447.4478,0.6,Calm,FMS_MARITIME,2026-04-06
2022-01-19,147,MGO,17.63,14.8,355.2,24,154.5603,0.83,Calm,FMS_MARITIME,2026-04-06
2022-01-20,147,LNG,82.53,15.2,364.8,24,704.4913,0.88,Calm,FMS_MARITIME,2026-04-06
2022-01-21,147,VLSFO,20.15,11.5,276.0,24,227.3446,0.46,Calm,FMS_MARITIME,2026-04-06
2022-01-22,147,LNG,35.08,12.7,304.8,24,358.3961,0.92,Rough,FMS_MARITIME,2026-04-06
2022-01-23,147,MGO,45.22,8.9,213.6,24,659.2466,0.58,Calm,FMS_MARITIME,2026-04-06
2022-01-24,147,MGO,23.82,10.1,242.4,24,306.0045,0.72,Rough,FMS_MARITIME,2026-04-06
2022-01-25,147,HFO,82.28,13.2,316.8,24,808.775,0.47,Rough,FMS_MARITIME,2026-04-06
2022-01-26,147,LNG,49.73,15.2,364.8,24,424.5044,0.56,Rough,FMS_MARITIME,2026-04-06
2022-01-27,147,LSMGO,26.25,10.0,240.0,24,340.5938,0.88,Moderate,FMS_MARITIME,2026-04-06
2022-01-28,147,LNG,28.47,17.6,422.4,24,209.8854,0.83,Rough,FMS_MARITIME,2026-04-06
2022-01-28,147,VLSFO,55.23,16.1,386.4,24,445.0989,0.6,Rough,FMS_MARITIME,2026-04-06
2022-01-28,147,LSMGO,16.4,15.6,374.4,24,136.4038,0.97,Rough,FMS_MARITIME,2026-04-06
2022-01-01,148,LNG,46.81,14.8,355.2,24,410.3782,0.58,Calm,FMS_MARITIME,2026-04-06
2022-01-02,148,MGO,42.31,13.5,324.0,24,406.6461,0.42,Rough,FMS_MARITIME,2026-04-06
2022-01-03,148,VLSFO,60.14,16.4,393.6,24,475.8027,0.85,Rough,FMS_MARITIME,2026-04-06
2022-01-04,148,VLSFO,42.12,14.7,352.8,24,371.7735,0.88,Calm,FMS_MARITIME,2026-04-06
2022-01-05,148,HFO,45.43,12.8,307.2,24,460.5111,0.98,Moderate,FMS_MARITIME,2026-04-06
2022-01-06,148,LSMGO,23.66,17.6,422.4,24,174.4253,0.43,Moderate,FMS_MARITIME,2026-04-06
2022-01-07,148,MGO,38.93,14.0,336.0,24,360.7977,0.85,Rough,FMS_MARITIME,2026-04-06
2022-01-08,148,LSMGO,43.19,10.7,256.8,24,523.7292,0.88,Rough,FMS_MARITIME,2026-04-06
2022-01-09,148,LNG,41.77,12.4,297.6,24,437.0692,0.86,Rough,FMS_MARITIME,2026-04-06
2022-01-10,148,HFO,22.72,8.9,213.6,24,331.227,0.91,Calm,FMS_MARITIME,2026-04-06
2022-01-11,148,HFO,42.3,13.4,321.6,24,409.584,0.94,Rough,FMS_MARITIME,2026-04-06
2022-01-12,148,VLSFO,27.65,12.2,292.8,24,294.0645,0.67,Calm,FMS_MARITIME,2026-04-06
2022-01-13,148,VLSFO,81.05,14.1,338.4,24,745.8324,0.59,Calm,FMS_MARITIME,2026-04-06
2022-01-14,148,HFO,46.54,12.7,304.8,24,475.4776,0.71,Moderate,FMS_MARITIME,2026-04-06
2022-01-15,148,MGO,24.58,14.8,355.2,24,215.4902,0.67,Calm,FMS_MARITIME,2026-04-06
2022-01-16,148,HFO,43.78,17.2,412.8,24,330.259,0.47,Rough,FMS_MARITIME,2026-04-06
2022-01-17,148,VLSFO,21.61,8.6,206.4,24,326.0346,0.47,Rough,FMS_MARITIME,2026-04-06
2022-01-18,148,VLSFO,30.77,13.7,328.8,24,291.4166,0.59,Moderate,FMS_MARITIME,2026-04-06
2022-01-19,148,LNG,69.34,11.8,283.2,24,762.4462,0.87,Calm,FMS_MARITIME,2026-04-06
2022-01-20,148,HFO,43.74,9.6,230.4,24,591.1734,0.49,Moderate,FMS_MARITIME,2026-04-06
2022-01-21,148,VLSFO,37.48,11.9,285.6,24,408.658,0.94,Rough,FMS_MARITIME,2026-04-06
2022-01-22,148,HFO,49.05,15.6,374.4,24,407.9639,0.48,Rough,FMS_MARITIME,2026-04-06
2022-01-23,148,LSMGO,68.79,15.1,362.4,24,591.0929,0.42,Rough,FMS_MARITIME,2026-04-06
2022-01-24,148,HFO,32.4,13.8,331.2,24,304.6304,0.44,Moderate,FMS_MARITIME,2026-04-06
2022-01-25,148,MGO,21.68,10.0,240.0,24,281.298,0.81,Calm,FMS_MARITIME,2026-04-06
2022-01-26,148,LNG,24.43,16.3,391.2,24,194.4658,0.7,Calm,FMS_MARITIME,2026-04-06
2022-01-27,148,VLSFO,37.34,13.2,316.8,24,367.0352,0.4,Moderate,FMS_MARITIME,2026-04-06
2022-01-28,148,VLSFO,19.64,17.6,422.4,24,144.7892,0.51,Rough,FMS_MARITIME,2026-04-06
2022-01-28,148,MGO,21.34,13.1,314.4,24,211.3637,0.81,Calm,FMS_MARITIME,2026-04-06
2022-01-28,148,LNG,82.57,14.5,348.0,24,738.8591,0.69,Rough,FMS_MARITIME,2026-04-06
2022-01-01,149,MGO,62.29,16.9,405.6,24,478.2324,0.77,Moderate,FMS_MARITIME,2026-04-06
2022-01-02,149,HFO,38.67,12.4,297.6,24,404.6317,0.49,Moderate,FMS_MARITIME,2026-04-06
2022-01-03,149,MGO,69.96,14.0,336.0,24,648.3793,0.52,Calm,FMS_MARITIME,2026-04-06
2022-01-04,149,MGO,22.05,12.4,297.6,24,230.7248,0.82,Rough,FMS_MARITIME,2026-04-06
2022-01-05,149,LNG,65.52,8.2,196.8,24,1036.7341,0.95,Moderate,FMS_MARITIME,2026-04-06
2022-01-06,149,LSMGO,52.86,13.0,312.0,24,527.5835,0.62,Rough,FMS_MARITIME,2026-04-06
2022-01-07,149,LSMGO,47.16,9.9,237.6,24,618.0818,0.99,Moderate,FMS_MARITIME,2026-04-06
2022-01-08,149,VLSFO,16.96,10.3,247.2,24,213.6466,0.88,Moderate,FMS_MARITIME,2026-04-06
2022-01-09,149,VLSFO,70.05,10.4,249.6,24,873.9411,0.71,Calm,FMS_MARITIME,2026-04-06
2022-01-10,149,HFO,65.39,11.2,268.8,24,757.5315,0.78,Calm,FMS_MARITIME,2026-04-06
2022-01-11,149,HFO,33.21,16.1,386.4,24,267.6396,0.51,Moderate,FMS_MARITIME,2026-04-06
2022-01-12,149,LNG,81.47,17.9,429.6,24,590.5437,0.86,Rough,FMS_MARITIME,2026-04-06
2022-01-13,149,MGO,79.24,8.2,196.8,24,1253.828,0.44,Calm,FMS_MARITIME,2026-04-06
2022-01-14,149,LSMGO,27.86,14.5,348.0,24,249.299,0.43,Rough,FMS_MARITIME,2026-04-06
2022-01-15,149,VLSFO,38.72,9.8,235.2,24,512.6449,0.74,Calm,FMS_MARITIME,2026-04-06
2022-01-16,149,VLSFO,61.15,16.3,391.2,24,486.7615,0.55,Rough,FMS_MARITIME,2026-04-06
2022-01-17,149,MGO,66.41,8.2,196.8,24,1050.8168,0.96,Moderate,FMS_MARITIME,2026-04-06
2022-01-18,149,HFO,73.31,16.2,388.8,24,587.1588,0.6,Rough,FMS_MARITIME,2026-04-06
2022-01-19,149,HFO,64.82,13.7,328.8,24,613.8974,0.47,Rough,FMS_MARITIME,2026-04-06
2022-01-20,149,HFO,54.86,15.1,362.4,24,471.3964,0.41,Moderate,FMS_MARITIME,2026-04-06
2022-01-21,149,MGO,58.02,14.6,350.4,24,515.6229,0.72,Moderate,FMS_MARITIME,2026-04-06
2022-01-22,149,LNG,30.2,10.6,254.4,24,369.6651,0.76,Moderate,FMS_MARITIME,2026-04-06
2022-01-23,149,VLSFO,70.32,15.7,376.8,24,581.1478,0.81,Moderate,FMS_MARITIME,2026-04-06
2022-01-24,149,LNG,67.14,12.2,292.8,24,714.0504,0.6,Moderate,FMS_MARITIME,2026-04-06
2022-01-25,149,MGO,34.21,11.7,280.8,24,379.3801,0.86,Moderate,FMS_MARITIME,2026-04-06
2022-01-26,149,LNG,58.15,13.0,312.0,24,580.3817,1.0,Rough,FMS_MARITIME,2026-04-06
2022-01-27,149,VLSFO,35.23,15.0,360.0,24,304.7395,0.87,Calm,FMS_MARITIME,2026-04-06
2022-01-28,149,HFO,63.62,10.7,256.8,24,771.4668,0.93,Moderate,FMS_MARITIME,2026-04-06
2022-01-28,149,LNG,73.36,12.3,295.2,24,773.8585,0.66,Moderate,FMS_MARITIME,2026-04-06
2022-01-28,149,HFO,59.22,13.9,333.6,24,552.791,0.47,Rough,FMS_MARITIME,2026-04-06
2022-01-01,150,LSMGO,51.67,15.9,381.6,24,421.6467,0.79,Rough,FMS_MARITIME,2026-04-06
2022-01-02,150,VLSFO,25.98,10.9,261.6,24,309.2573,0.73,Rough,FMS_MARITIME,2026-04-06
2022-01-03,150,MGO,83.9,11.6,278.4,24,938.4504,0.95,Calm,FMS_MARITIME,2026-04-06
2022-01-04,150,LNG,77.23,17.7,424.8,24,566.1352,0.42,Calm,FMS_MARITIME,2026-04-06
2022-01-05,150,LNG,30.61,16.1,386.4,24,246.6862,0.85,Moderate,FMS_MARITIME,2026-04-06
2022-01-06,150,VLSFO,23.15,16.9,405.6,24,177.7345,0.85,Calm,FMS_MARITIME,2026-04-06
2022-01-07,150,LNG,23.62,10.8,259.2,24,283.7681,0.83,Calm,FMS_MARITIME,2026-04-06
2022-01-08,150,HFO,53.88,15.0,360.0,24,466.062,0.62,Moderate,FMS_MARITIME,2026-04-06
2022-01-09,150,LSMGO,37.58,11.7,280.8,24,416.7526,0.41,Rough,FMS_MARITIME,2026-04-06
2022-01-10,150,MGO,55.39,10.3,247.2,24,697.7527,0.73,Rough,FMS_MARITIME,2026-04-06
2022-01-11,150,MGO,67.97,12.1,290.4,24,728.8519,0.8,Calm,FMS_MARITIME,2026-04-06
2022-01-12,150,LNG,15.67,15.3,367.2,24,132.8877,0.56,Moderate,FMS_MARITIME,2026-04-06
2022-01-13,150,VLSFO,66.92,13.2,316.8,24,657.7932,0.95,Moderate,FMS_MARITIME,2026-04-06
2022-01-14,150,LSMGO,17.54,15.9,381.6,24,143.133,0.66,Rough,FMS_MARITIME,2026-04-06
2022-01-15,150,LSMGO,64.63,17.1,410.4,24,490.3943,0.71,Calm,FMS_MARITIME,2026-04-06
2022-01-16,150,LSMGO,64.09,13.5,324.0,24,615.9761,0.87,Rough,FMS_MARITIME,2026-04-06
2022-01-17,150,LNG,29.14,16.0,384.0,24,236.3072,0.92,Moderate,FMS_MARITIME,2026-04-06
2022-01-18,150,MGO,83.42,15.1,362.4,24,716.8043,0.47,Calm,FMS_MARITIME,2026-04-06
2022-01-19,150,MGO,67.62,10.5,252.0,24,835.59,0.45,Rough,FMS_MARITIME,2026-04-06
2022-01-20,150,HFO,41.44,14.4,345.6,24,373.3917,0.5,Rough,FMS_MARITIME,2026-04-06
2022-01-21,150,MGO,81.76,9.5,228.0,24,1116.6695,0.52,Calm,FMS_MARITIME,2026-04-06
2022-01-22,150,HFO,17.67,14.9,357.6,24,153.8713,0.6,Rough,FMS_MARITIME,2026-04-06
2022-01-23,150,HFO,84.92,10.6,254.4,24,1039.4689,0.72,Calm,FMS_MARITIME,2026-04-06
2022-01-24,150,HFO,75.03,13.3,319.2,24,731.9656,0.47,Rough,FMS_MARITIME,2026-04-06
2022-01-25,150,LNG,51.74,14.7,352.8,24,456.6847,0.97,Calm,FMS_MARITIME,2026-04-06
2022-01-26,150,VLSFO,42.76,9.0,216.0,24,616.4567,0.46,Calm,FMS_MARITIME,2026-04-06
2022-01-27,150,MGO,77.5,15.3,367.2,24,657.2304,0.9,Calm,FMS_MARITIME,2026-04-06
2022-01-28,150,MGO,41.26,15.3,367.2,24,349.901,0.73,Moderate,FMS_MARITIME,2026-04-06
2022-01-28,150,LSMGO,81.2,16.0,384.0,24,658.4812,0.88,Calm,FMS_MARITIME,2026-04-06
2022-01-28,150,LNG,16.3,15.4,369.6,24,137.3328,0.59,Calm,FMS_MARITIME,2026-04-06
