log_date,vessel_id,fuel_grade,consumption_mt,speed_knots,distance_nm,running_hours,eeoi,load_factor,sea_condition,source_system,ingestion_date
2021-06-01,1,VLSFO,57.94,14.1,338.4,24,533.1713,0.76,Moderate,FMS_MARITIME,2026-04-06
2021-06-02,1,VLSFO,51.54,11.0,264.0,24,607.9377,1.0,Moderate,FMS_MARITIME,2026-04-06
2021-06-03,1,VLSFO,33.21,14.5,348.0,24,297.1722,0.8,Moderate,FMS_MARITIME,2026-04-06
2021-06-04,1,HFO,76.45,9.2,220.8,24,1078.1943,0.91,Calm,FMS_MARITIME,2026-04-06
2021-06-05,1,HFO,49.27,17.6,422.4,24,363.2263,0.86,Moderate,FMS_MARITIME,2026-04-06
2021-06-06,1,MGO,73.32,15.5,372.0,24,613.7594,0.56,Calm,FMS_MARITIME,2026-04-06
2021-06-07,1,HFO,28.64,13.0,312.0,24,285.8492,0.94,Moderate,FMS_MARITIME,2026-04-06
2021-06-08,1,MGO,43.04,13.3,319.2,24,419.8827,0.92,Moderate,FMS_MARITIME,2026-04-06
2021-06-09,1,VLSFO,77.68,8.4,201.6,24,1199.8786,0.87,Moderate,FMS_MARITIME,2026-04-06
2021-06-10,1,MGO,24.23,10.4,249.6,24,302.2925,0.48,Calm,FMS_MARITIME,2026-04-06
2021-06-11,1,LNG,46.79,8.8,211.2,24,689.8866,0.62,Calm,FMS_MARITIME,2026-04-06
2021-06-12,1,LNG,31.37,13.6,326.4,24,299.2836,0.59,Calm,FMS_MARITIME,2026-04-06
2021-06-13,1,VLSFO,34.44,8.0,192.0,24,558.5737,0.47,Calm,FMS_MARITIME,2026-04-06
2021-06-14,1,LNG,74.52,18.0,432.0,24,537.165,0.91,Calm,FMS_MARITIME,2026-04-06
2021-06-15,1,HFO,71.26,13.0,312.0,24,711.2296,0.61,Rough,FMS_MARITIME,2026-04-06
2021-06-16,1,HFO,52.3,11.4,273.6,24,595.2566,0.51,Moderate,FMS_MARITIME,2026-04-06
2021-06-17,1,LNG,38.25,13.1,314.4,24,378.8502,0.74,Moderate,FMS_MARITIME,2026-04-06
2021-06-18,1,MGO,49.86,13.8,331.2,24,468.7924,0.6,Moderate,FMS_MARITIME,2026-04-06
2021-06-19,1,MGO,74.05,8.5,204.0,24,1130.3515,0.42,Moderate,FMS_MARITIME,2026-04-06
2021-06-20,1,MGO,23.02,13.5,324.0,24,221.2478,0.48,Calm,FMS_MARITIME,2026-04-06
2021-06-21,1,LNG,21.72,10.4,249.6,24,270.9779,0.91,Rough,FMS_MARITIME,2026-04-06
2021-06-22,1,VLSFO,19.68,8.6,206.4,24,296.9163,0.95,Rough,FMS_MARITIME,2026-04-06
2021-06-23,1,HFO,64.62,15.3,367.2,24,548.0029,0.79,Rough,FMS_MARITIME,2026-04-06
2021-06-24,1,LNG,46.63,8.3,199.2,24,728.9449,0.6,Moderate,FMS_MARITIME,2026-04-06
2021-06-25,1,VLSFO,30.43,16.1,386.4,24,245.2356,0.7,Moderate,FMS_MARITIME,2026-04-06
2021-06-26,1,HFO,15.93,16.9,405.6,24,122.3028,0.77,Moderate,FMS_MARITIME,2026-04-06
2021-06-27,1,LNG,15.5,12.8,307.2,24,157.1191,0.76,Rough,FMS_MARITIME,2026-04-06
2021-06-28,1,MGO,39.28,12.1,290.4,24,421.205,0.48,Calm,FMS_MARITIME,2026-04-06
2021-06-28,1,MGO,46.59,17.6,422.4,24,343.4689,0.89,Rough,FMS_MARITIME,2026-04-06
2021-06-28,1,LNG,18.34,11.3,271.2,24,210.5854,0.89,Calm,FMS_MARITIME,2026-04-06
2021-06-01,2,HFO,26.64,8.7,208.8,24,397.3034,0.68,Calm,FMS_MARITIME,2026-04-06
2021-06-02,2,LNG,64.78,12.2,292.8,24,688.9512,0.93,Calm,FMS_MARITIME,2026-04-06
2021-06-03,2,LSMGO,19.67,11.6,278.4,24,220.0157,0.4,Calm,FMS_MARITIME,2026-04-06
2021-06-04,2,VLSFO,17.53,11.8,283.2,24,192.7557,0.72,Rough,FMS_MARITIME,2026-04-06
2021-06-05,2,LNG,69.97,14.6,350.4,24,621.8224,0.95,Calm,FMS_MARITIME,2026-04-06
2021-06-06,2,LNG,68.79,13.0,312.0,24,686.5771,0.91,Calm,FMS_MARITIME,2026-04-06
2021-06-07,2,VLSFO,60.37,14.7,352.8,24,532.8577,0.74,Rough,FMS_MARITIME,2026-04-06
2021-06-08,2,LNG,49.78,13.9,333.6,24,464.673,0.49,Calm,FMS_MARITIME,2026-04-06
2021-06-09,2,MGO,41.58,14.3,343.2,24,377.2731,0.69,Rough,FMS_MARITIME,2026-04-06
2021-06-10,2,MGO,44.3,16.3,391.2,24,352.6334,0.79,Calm,FMS_MARITIME,2026-04-06
2021-06-11,2,LSMGO,44.24,16.3,391.2,24,352.1558,0.67,Calm,FMS_MARITIME,2026-04-06
2021-06-12,2,MGO,70.6,8.3,199.2,24,1103.6566,0.61,Calm,FMS_MARITIME,2026-04-06
2021-06-13,2,MGO,82.9,14.2,340.8,24,757.4842,0.89,Calm,FMS_MARITIME,2026-04-06
2021-06-14,2,MGO,52.71,8.9,213.6,24,768.4407,0.75,Moderate,FMS_MARITIME,2026-04-06
2021-06-15,2,LSMGO,55.66,8.2,196.8,24,880.7177,0.83,Moderate,FMS_MARITIME,2026-04-06
2021-06-16,2,LNG,81.2,12.3,295.2,24,856.561,0.41,Calm,FMS_MARITIME,2026-04-06
2021-06-17,2,MGO,60.16,10.3,247.2,24,757.8408,0.41,Moderate,FMS_MARITIME,2026-04-06
2021-06-18,2,LNG,67.28,11.4,273.6,24,765.7526,0.86,Moderate,FMS_MARITIME,2026-04-06
2021-06-19,2,LNG,40.48,8.8,211.2,24,596.85,0.48,Moderate,FMS_MARITIME,2026-04-06
2021-06-20,2,VLSFO,52.15,12.0,288.0,24,563.8719,0.7,Calm,FMS_MARITIME,2026-04-06
2021-06-21,2,LSMGO,37.9,8.1,194.4,24,607.1019,0.7,Rough,FMS_MARITIME,2026-04-06
2021-06-22,2,HFO,73.67,9.8,235.2,24,975.3758,0.7,Calm,FMS_MARITIME,2026-04-06
2021-06-23,2,HFO,32.87,12.2,292.8,24,349.5805,0.76,Moderate,FMS_MARITIME,2026-04-06
2021-06-24,2,VLSFO,16.01,12.7,304.8,24,163.5667,0.56,Calm,FMS_MARITIME,2026-04-06
2021-06-25,2,VLSFO,49.58,15.6,374.4,24,412.3721,0.94,Rough,FMS_MARITIME,2026-04-06
2021-06-26,2,VLSFO,24.11,12.2,292.8,24,256.4158,0.67,Rough,FMS_MARITIME,2026-04-06
2021-06-27,2,VLSFO,19.21,10.6,254.4,24,235.1413,0.67,Rough,FMS_MARITIME,2026-04-06
2021-06-28,2,LNG,34.02,15.3,367.2,24,288.5029,0.4,Rough,FMS_MARITIME,2026-04-06
2021-06-28,2,LNG,32.76,9.9,237.6,24,429.3545,0.69,Calm,FMS_MARITIME,2026-04-06
2021-06-28,2,LSMGO,76.16,10.1,242.4,24,978.3921,0.77,Calm,FMS_MARITIME,2026-04-06
2021-06-01,3,VLSFO,70.18,8.6,206.4,24,1058.8203,0.43,Moderate,FMS_MARITIME,2026-04-06
2021-06-02,3,LSMGO,18.59,8.4,201.6,24,287.1491,0.64,Calm,FMS_MARITIME,2026-04-06
2021-06-03,3,HFO,17.24,12.5,300.0,24,178.9512,0.93,Calm,FMS_MARITIME,2026-04-06
2021-06-04,3,MGO,53.12,12.8,307.2,24,538.4625,0.68,Calm,FMS_MARITIME,2026-04-06
2021-06-05,3,VLSFO,56.64,12.9,309.6,24,569.693,0.53,Calm,FMS_MARITIME,2026-04-06
2021-06-06,3,MGO,48.43,12.0,288.0,24,523.6494,0.46,Rough,FMS_MARITIME,2026-04-06
2021-06-07,3,VLSFO,63.71,12.7,304.8,24,650.8955,0.42,Moderate,FMS_MARITIME,2026-04-06
2021-06-08,3,LSMGO,79.67,15.2,364.8,24,680.0778,0.55,Rough,FMS_MARITIME,2026-04-06
2021-06-09,3,LSMGO,68.51,12.9,309.6,24,689.0831,0.5,Calm,FMS_MARITIME,2026-04-06
2021-06-10,3,MGO,59.4,12.3,295.2,24,626.5976,0.78,Rough,FMS_MARITIME,2026-04-06
2021-06-11,3,LSMGO,63.58,15.5,372.0,24,532.2261,0.9,Rough,FMS_MARITIME,2026-04-06
2021-06-12,3,MGO,34.63,12.6,302.4,24,356.6065,0.67,Rough,FMS_MARITIME,2026-04-06
2021-06-13,3,LNG,26.23,13.8,331.2,24,246.619,0.93,Calm,FMS_MARITIME,2026-04-06
2021-06-14,3,MGO,51.72,16.0,384.0,24,419.4169,0.59,Rough,FMS_MARITIME,2026-04-06
2021-06-15,3,MGO,65.73,15.9,381.6,24,536.3816,0.51,Calm,FMS_MARITIME,2026-04-06
2021-06-16,3,MGO,67.16,15.5,372.0,24,562.1942,0.98,Rough,FMS_MARITIME,2026-04-06
2021-06-17,3,HFO,41.87,16.5,396.0,24,329.2505,0.53,Rough,FMS_MARITIME,2026-04-06
2021-06-18,3,LSMGO,79.11,12.5,300.0,24,821.1618,0.71,Calm,FMS_MARITIME,2026-04-06
2021-06-19,3,MGO,78.3,14.2,340.8,24,715.4525,0.78,Moderate,FMS_MARITIME,2026-04-06
2021-06-20,3,MGO,70.5,17.7,424.8,24,516.8008,0.41,Calm,FMS_MARITIME,2026-04-06
2021-06-21,3,LSMGO,44.03,15.3,367.2,24,373.3917,0.64,Moderate,FMS_MARITIME,2026-04-06
2021-06-22,3,VLSFO,56.78,8.5,204.0,24,866.73,0.78,Calm,FMS_MARITIME,2026-04-06
2021-06-23,3,MGO,79.21,9.2,220.8,24,1117.1193,0.97,Moderate,FMS_MARITIME,2026-04-06
2021-06-24,3,HFO,77.4,8.4,201.6,24,1195.5536,0.48,Rough,FMS_MARITIME,2026-04-06
2021-06-25,3,LNG,29.41,14.3,343.2,24,266.8495,0.8,Moderate,FMS_MARITIME,2026-04-06
2021-06-26,3,LNG,28.14,14.4,345.6,24,253.5531,0.45,Moderate,FMS_MARITIME,2026-04-06
2021-06-27,3,HFO,55.25,11.7,280.8,24,612.7083,0.86,Calm,FMS_MARITIME,2026-04-06
2021-06-28,3,VLSFO,57.27,15.7,376.8,24,473.2982,0.56,Moderate,FMS_MARITIME,2026-04-06
2021-06-28,3,HFO,83.11,13.7,328.8,24,787.1184,0.75,Rough,FMS_MARITIME,2026-04-06
2021-06-28,3,LSMGO,48.2,8.3,199.2,24,753.488,0.82,Rough,FMS_MARITIME,2026-04-06
2021-06-01,4,LNG,56.87,16.9,405.6,24,436.6203,0.76,Calm,FMS_MARITIME,2026-04-06
2021-06-02,4,HFO,45.94,9.8,235.2,24,608.2362,0.41,Moderate,FMS_MARITIME,2026-04-06
2021-06-03,4,LNG,46.27,11.0,264.0,24,545.7757,0.44,Moderate,FMS_MARITIME,2026-04-06
2021-06-04,4,LSMGO,54.56,8.1,194.4,24,873.9704,0.42,Rough,FMS_MARITIME,2026-04-06
2021-06-05,4,VLSFO,39.74,17.3,415.2,24,298.05,0.62,Rough,FMS_MARITIME,2026-04-06
2021-06-06,4,MGO,32.55,12.6,302.4,24,335.1875,0.54,Moderate,FMS_MARITIME,2026-04-06
2021-06-07,4,LSMGO,47.39,12.1,290.4,24,508.1696,0.94,Calm,FMS_MARITIME,2026-04-06
2021-06-08,4,HFO,26.39,15.2,364.8,24,225.2699,0.78,Rough,FMS_MARITIME,2026-04-06
2021-06-09,4,LNG,54.64,10.7,256.8,24,662.5738,0.91,Moderate,FMS_MARITIME,2026-04-06
2021-06-10,4,VLSFO,47.29,11.2,268.8,24,547.8462,0.91,Rough,FMS_MARITIME,2026-04-06
2021-06-11,4,LSMGO,46.86,8.0,192.0,24,760.0106,0.57,Moderate,FMS_MARITIME,2026-04-06
2021-06-12,4,LNG,71.96,15.9,381.6,24,587.2208,0.47,Calm,FMS_MARITIME,2026-04-06
2021-06-13,4,HFO,48.53,8.5,204.0,24,740.7962,0.49,Rough,FMS_MARITIME,2026-04-06
2021-06-14,4,VLSFO,68.71,16.5,396.0,24,540.3105,0.73,Moderate,FMS_MARITIME,2026-04-06
2021-06-15,4,MGO,16.16,13.9,333.6,24,150.846,0.87,Moderate,FMS_MARITIME,2026-04-06
2021-06-16,4,VLSFO,22.32,16.5,396.0,24,175.5164,0.62,Moderate,FMS_MARITIME,2026-04-06
2021-06-17,4,VLSFO,41.14,15.1,362.4,24,353.5043,0.76,Rough,FMS_MARITIME,2026-04-06
2021-06-18,4,HFO,54.62,13.0,312.0,24,545.1496,0.42,Rough,FMS_MARITIME,2026-04-06
2021-06-19,4,VLSFO,50.83,12.0,288.0,24,549.5994,0.75,Rough,FMS_MARITIME,2026-04-06
2021-06-20,4,HFO,48.97,12.9,309.6,24,492.5471,0.41,Calm,FMS_MARITIME,2026-04-06
2021-06-21,4,MGO,16.92,17.3,415.2,24,126.9,0.76,Moderate,FMS_MARITIME,2026-04-06
2021-06-22,4,MGO,68.67,16.4,393.6,24,543.2886,0.93,Moderate,FMS_MARITIME,2026-04-06
2021-06-23,4,VLSFO,73.41,11.8,283.2,24,807.1989,0.91,Calm,FMS_MARITIME,2026-04-06
2021-06-24,4,VLSFO,47.45,8.2,196.8,24,750.8095,0.58,Calm,FMS_MARITIME,2026-04-06
2021-06-25,4,MGO,82.71,17.8,427.2,24,602.9001,0.82,Rough,FMS_MARITIME,2026-04-06
2021-06-26,4,LNG,46.19,15.9,381.6,24,376.9278,0.77,Moderate,FMS_MARITIME,2026-04-06
2021-06-27,4,VLSFO,50.46,9.4,225.6,24,696.509,0.88,Rough,FMS_MARITIME,2026-04-06
2021-06-28,4,MGO,53.7,8.7,208.8,24,800.8707,0.94,Rough,FMS_MARITIME,2026-04-06
2021-06-28,4,LNG,22.87,10.5,252.0,24,282.6079,0.63,Calm,FMS_MARITIME,2026-04-06
2021-06-28,4,HFO,19.39,16.4,393.6,24,153.4056,0.52,Rough,FMS_MARITIME,2026-04-06
2021-06-01,5,LSMGO,40.68,9.3,223.2,24,567.5516,0.66,Calm,FMS_MARITIME,2026-04-06
2021-06-02,5,LSMGO,73.67,12.0,288.0,24,796.5569,0.43,Calm,FMS_MARITIME,2026-04-06
2021-06-03,5,HFO,38.41,13.9,333.6,24,358.5394,0.44,Calm,FMS_MARITIME,2026-04-06
2021-06-04,5,HFO,60.75,17.6,422.4,24,447.8587,0.91,Moderate,FMS_MARITIME,2026-04-06
2021-06-05,5,VLSFO,32.61,11.3,271.2,24,374.4378,0.65,Rough,FMS_MARITIME,2026-04-06
2021-06-06,5,MGO,27.61,12.5,300.0,24,286.5918,0.97,Moderate,FMS_MARITIME,2026-04-06
2021-06-07,5,LNG,50.66,11.4,273.6,24,576.5908,0.63,Rough,FMS_MARITIME,2026-04-06
2021-06-08,5,VLSFO,55.63,17.2,412.8,24,419.6507,0.66,Rough,FMS_MARITIME,2026-04-06
2021-06-09,5,HFO,32.78,17.2,412.8,24,247.2794,0.43,Rough,FMS_MARITIME,2026-04-06
2021-06-10,5,HFO,81.59,9.6,230.4,24,1102.7398,0.65,Rough,FMS_MARITIME,2026-04-06
2021-06-11,5,HFO,72.97,10.6,254.4,24,893.1941,0.67,Calm,FMS_MARITIME,2026-04-06
2021-06-12,5,VLSFO,62.92,15.3,367.2,24,533.5863,0.73,Calm,FMS_MARITIME,2026-04-06
2021-06-13,5,LNG,83.19,14.2,340.8,24,760.134,0.81,Rough,FMS_MARITIME,2026-04-06
2021-06-14,5,HFO,80.61,11.4,273.6,24,917.4691,0.41,Moderate,FMS_MARITIME,2026-04-06
2021-06-15,5,VLSFO,79.75,11.1,266.4,24,932.2128,0.76,Rough,FMS_MARITIME,2026-04-06
2021-06-16,5,LNG,26.32,17.6,422.4,24,194.0352,0.97,Moderate,FMS_MARITIME,2026-04-06
2021-06-17,5,HFO,15.04,11.3,271.2,24,172.6938,0.5,Rough,FMS_MARITIME,2026-04-06
2021-06-18,5,HFO,21.67,13.4,321.6,24,209.8271,0.92,Moderate,FMS_MARITIME,2026-04-06
2021-06-19,5,HFO,55.92,16.2,388.8,24,447.8778,0.67,Rough,FMS_MARITIME,2026-04-06
2021-06-20,5,VLSFO,16.2,17.3,415.2,24,121.5,0.92,Calm,FMS_MARITIME,2026-04-06
2021-06-21,5,HFO,71.08,15.6,374.4,24,591.1942,0.87,Rough,FMS_MARITIME,2026-04-06
2021-06-22,5,LNG,70.04,14.1,338.4,24,644.517,0.85,Rough,FMS_MARITIME,2026-04-06
2021-06-23,5,HFO,67.29,11.1,266.4,24,786.5655,0.71,Rough,FMS_MARITIME,2026-04-06
2021-06-24,5,LSMGO,29.62,14.1,338.4,24,272.567,0.89,Rough,FMS_MARITIME,2026-04-06
2021-06-25,5,MGO,53.46,13.1,314.4,24,529.4989,0.92,Calm,FMS_MARITIME,2026-04-06
2021-06-26,5,VLSFO,49.88,13.7,328.8,24,472.4036,0.47,Calm,FMS_MARITIME,2026-04-06
2021-06-27,5,LSMGO,37.53,15.6,374.4,24,312.1486,0.97,Rough,FMS_MARITIME,2026-04-06
2021-06-28,5,MGO,68.19,13.0,312.0,24,680.5887,0.48,Rough,FMS_MARITIME,2026-04-06
2021-06-28,5,LSMGO,54.14,15.0,360.0,24,468.311,0.45,Calm,FMS_MARITIME,2026-04-06
2021-06-28,5,LNG,34.11,13.9,333.6,24,318.4009,0.68,Moderate,FMS_MARITIME,2026-04-06
2021-06-01,6,LSMGO,78.72,9.8,235.2,24,1042.2367,0.98,Calm,FMS_MARITIME,2026-04-06
2021-06-02,6,MGO,59.14,13.5,324.0,24,568.4011,0.53,Rough,FMS_MARITIME,2026-04-06
2021-06-03,6,VLSFO,77.11,17.5,420.0,24,571.7156,0.48,Moderate,FMS_MARITIME,2026-04-06
2021-06-04,6,LSMGO,19.92,11.0,264.0,24,234.9655,0.52,Moderate,FMS_MARITIME,2026-04-06
2021-06-05,6,MGO,30.81,16.3,391.2,24,245.2514,0.47,Moderate,FMS_MARITIME,2026-04-06
2021-06-06,6,VLSFO,63.38,11.4,273.6,24,721.3645,0.86,Rough,FMS_MARITIME,2026-04-06
2021-06-07,6,MGO,24.61,8.2,196.8,24,389.4082,0.55,Moderate,FMS_MARITIME,2026-04-06
2021-06-08,6,LNG,74.11,12.5,300.0,24,769.2618,0.49,Moderate,FMS_MARITIME,2026-04-06
2021-06-09,6,HFO,58.96,9.4,225.6,24,813.8362,0.57,Rough,FMS_MARITIME,2026-04-06
2021-06-10,6,HFO,82.8,15.8,379.2,24,679.9557,0.42,Rough,FMS_MARITIME,2026-04-06
2021-06-11,6,LSMGO,43.96,16.5,396.0,24,345.6855,0.99,Rough,FMS_MARITIME,2026-04-06
2021-06-12,6,HFO,53.83,13.4,321.6,24,521.2271,0.63,Calm,FMS_MARITIME,2026-04-06
2021-06-13,6,LNG,65.71,8.5,204.0,24,1003.0438,0.76,Rough,FMS_MARITIME,2026-04-06
2021-06-14,6,MGO,34.78,16.9,405.6,24,267.024,0.53,Rough,FMS_MARITIME,2026-04-06
2021-06-15,6,MGO,82.63,17.4,417.6,24,616.1634,0.57,Calm,FMS_MARITIME,2026-04-06
2021-06-16,6,MGO,19.67,12.6,302.4,24,202.5542,0.66,Calm,FMS_MARITIME,2026-04-06
2021-06-17,6,MGO,73.5,14.1,338.4,24,676.3564,0.61,Calm,FMS_MARITIME,2026-04-06
2021-06-18,6,LSMGO,23.31,10.9,261.6,24,277.4745,0.86,Calm,FMS_MARITIME,2026-04-06
2021-06-19,6,HFO,84.21,13.0,312.0,24,840.4806,0.42,Moderate,FMS_MARITIME,2026-04-06
2021-06-20,6,MGO,53.7,14.4,345.6,24,483.8594,0.53,Calm,FMS_MARITIME,2026-04-06
2021-06-21,6,LSMGO,29.81,13.1,314.4,24,295.2555,0.68,Moderate,FMS_MARITIME,2026-04-06
2021-06-22,6,VLSFO,45.91,8.2,196.8,24,726.4418,0.62,Moderate,FMS_MARITIME,2026-04-06
2021-06-23,6,VLSFO,51.03,13.6,326.4,24,486.8487,0.82,Rough,FMS_MARITIME,2026-04-06
2021-06-24,6,LNG,49.57,11.4,273.6,24,564.1849,0.89,Rough,FMS_MARITIME,2026-04-06
2021-06-25,6,MGO,32.48,16.9,405.6,24,249.3657,0.53,Rough,FMS_MARITIME,2026-04-06
2021-06-26,6,MGO,40.71,9.8,235.2,24,538.9921,0.55,Rough,FMS_MARITIME,2026-04-06
2021-06-27,6,HFO,48.28,10.1,242.4,24,620.2307,0.7,Calm,FMS_MARITIME,2026-04-06
2021-06-28,6,VLSFO,45.37,9.4,225.6,24,626.2508,0.42,Moderate,FMS_MARITIME,2026-04-06
2021-06-28,6,VLSFO,42.6,11.9,285.6,24,464.4832,0.9,Calm,FMS_MARITIME,2026-04-06
2021-06-28,6,HFO,71.8,16.2,388.8,24,575.0648,0.75,Rough,FMS_MARITIME,2026-04-06
2021-06-01,7,HFO,37.63,16.4,393.6,24,297.713,0.62,Rough,FMS_MARITIME,2026-04-06
2021-06-02,7,LSMGO,76.64,11.4,273.6,24,872.2842,0.99,Calm,FMS_MARITIME,2026-04-06
2021-06-03,7,HFO,69.0,17.8,427.2,24,502.9635,0.92,Moderate,FMS_MARITIME,2026-04-06
2021-06-04,7,VLSFO,76.64,11.5,276.0,24,864.6991,0.4,Moderate,FMS_MARITIME,2026-04-06
2021-06-05,7,HFO,53.0,14.3,343.2,24,480.8916,0.69,Calm,FMS_MARITIME,2026-04-06
2021-06-06,7,MGO,24.95,13.1,314.4,24,247.1193,0.5,Moderate,FMS_MARITIME,2026-04-06
2021-06-07,7,HFO,51.11,14.8,355.2,24,448.0758,0.94,Rough,FMS_MARITIME,2026-04-06
2021-06-08,7,LSMGO,65.02,15.7,376.8,24,537.3468,0.97,Rough,FMS_MARITIME,2026-04-06
2021-06-09,7,HFO,19.43,10.6,254.4,24,237.8342,0.95,Moderate,FMS_MARITIME,2026-04-06
2021-06-10,7,MGO,20.5,12.1,290.4,24,219.8244,0.81,Moderate,FMS_MARITIME,2026-04-06
2021-06-11,7,LNG,37.93,16.5,396.0,24,298.2677,0.42,Rough,FMS_MARITIME,2026-04-06
2021-06-12,7,LSMGO,68.51,16.7,400.8,24,532.2858,0.63,Rough,FMS_MARITIME,2026-04-06
2021-06-13,7,LSMGO,52.41,14.1,338.4,24,482.2835,0.91,Rough,FMS_MARITIME,2026-04-06
2021-06-14,7,LNG,31.86,10.5,252.0,24,393.6986,0.55,Calm,FMS_MARITIME,2026-04-06
2021-06-15,7,LSMGO,16.8,14.7,352.8,24,148.2857,0.7,Moderate,FMS_MARITIME,2026-04-06
2021-06-16,7,MGO,22.46,16.6,398.4,24,175.5533,0.64,Rough,FMS_MARITIME,2026-04-06
2021-06-17,7,VLSFO,69.04,15.6,374.4,24,574.2269,0.64,Rough,FMS_MARITIME,2026-04-06
2021-06-18,7,LNG,53.25,13.6,326.4,24,508.0285,0.89,Calm,FMS_MARITIME,2026-04-06
2021-06-19,7,VLSFO,64.48,8.3,199.2,24,1007.9855,0.65,Moderate,FMS_MARITIME,2026-04-06
2021-06-20,7,LNG,67.37,15.1,362.4,24,578.8912,0.68,Calm,FMS_MARITIME,2026-04-06
2021-06-21,7,LSMGO,80.4,10.4,249.6,24,1003.0673,0.77,Moderate,FMS_MARITIME,2026-04-06
2021-06-22,7,LNG,55.38,12.2,292.8,24,588.9799,0.6,Moderate,FMS_MARITIME,2026-04-06
2021-06-23,7,HFO,46.12,9.0,216.0,24,664.8967,0.62,Calm,FMS_MARITIME,2026-04-06
2021-06-24,7,VLSFO,74.5,17.8,427.2,24,543.0548,0.91,Calm,FMS_MARITIME,2026-04-06
2021-06-25,7,LSMGO,21.29,8.0,192.0,24,345.2972,0.79,Moderate,FMS_MARITIME,2026-04-06
2021-06-26,7,LNG,61.47,17.6,422.4,24,453.1666,0.91,Calm,FMS_MARITIME,2026-04-06
2021-06-27,7,MGO,52.06,14.2,340.8,24,475.6891,0.66,Moderate,FMS_MARITIME,2026-04-06
2021-06-28,7,MGO,26.56,10.5,252.0,24,328.2057,0.41,Moderate,FMS_MARITIME,2026-04-06
2021-06-28,7,MGO,76.31,15.5,372.0,24,638.7885,0.52,Calm,FMS_MARITIME,2026-04-06
2021-06-28,7,LNG,54.91,9.8,235.2,24,726.9972,0.95,Rough,FMS_MARITIME,2026-04-06
2021-06-01,8,VLSFO,79.71,16.5,396.0,24,626.8105,0.61,Calm,FMS_MARITIME,2026-04-06
2021-06-02,8,LNG,82.6,16.9,405.6,24,634.1627,0.65,Moderate,FMS_MARITIME,2026-04-06
2021-06-03,8,MGO,18.89,13.8,331.2,24,177.6071,0.82,Moderate,FMS_MARITIME,2026-04-06
2021-06-04,8,LSMGO,34.98,15.7,376.8,24,289.0863,0.51,Moderate,FMS_MARITIME,2026-04-06
2021-06-05,8,MGO,67.24,10.2,244.8,24,855.3324,0.58,Calm,FMS_MARITIME,2026-04-06
2021-06-06,8,VLSFO,63.66,12.4,297.6,24,666.1198,0.43,Moderate,FMS_MARITIME,2026-04-06
2021-06-07,8,VLSFO,49.93,8.7,208.8,24,744.6457,0.52,Calm,FMS_MARITIME,2026-04-06
2021-06-08,8,LNG,18.86,14.0,336.0,24,174.7918,0.72,Moderate,FMS_MARITIME,2026-04-06
2021-06-09,8,LSMGO,36.99,15.8,379.2,24,303.7628,0.98,Moderate,FMS_MARITIME,2026-04-06
2021-06-10,8,LNG,83.47,17.4,417.6,24,622.4272,0.79,Rough,FMS_MARITIME,2026-04-06
2021-06-11,8,LNG,65.49,16.2,388.8,24,524.5264,0.66,Calm,FMS_MARITIME,2026-04-06
2021-06-12,8,HFO,24.79,15.4,369.6,24,208.8638,0.57,Calm,FMS_MARITIME,2026-04-06
2021-06-13,8,LNG,49.29,12.6,302.4,24,507.5696,0.71,Rough,FMS_MARITIME,2026-04-06
2021-06-14,8,VLSFO,84.24,15.8,379.2,24,691.781,0.8,Moderate,FMS_MARITIME,2026-04-06
2021-06-15,8,VLSFO,52.49,15.5,372.0,24,439.3921,0.47,Calm,FMS_MARITIME,2026-04-06
2021-06-16,8,MGO,79.23,13.0,312.0,24,790.7763,0.95,Rough,FMS_MARITIME,2026-04-06
2021-06-17,8,VLSFO,53.05,16.2,388.8,24,424.8912,0.53,Rough,FMS_MARITIME,2026-04-06
2021-06-18,8,LNG,16.18,16.3,391.2,24,128.7948,0.65,Calm,FMS_MARITIME,2026-04-06
2021-06-19,8,HFO,38.88,18.0,432.0,24,280.26,0.48,Calm,FMS_MARITIME,2026-04-06
2021-06-20,8,HFO,63.45,13.5,324.0,24,609.825,0.58,Moderate,FMS_MARITIME,2026-04-06
2021-06-21,8,LSMGO,47.94,11.0,264.0,24,565.4741,0.81,Calm,FMS_MARITIME,2026-04-06
2021-06-22,8,LSMGO,32.56,13.4,321.6,24,315.2731,0.66,Moderate,FMS_MARITIME,2026-04-06
2021-06-23,8,HFO,51.69,12.6,302.4,24,532.2839,0.5,Calm,FMS_MARITIME,2026-04-06
2021-06-24,8,VLSFO,49.99,8.7,208.8,24,745.5405,0.81,Moderate,FMS_MARITIME,2026-04-06
2021-06-25,8,MGO,21.53,17.5,420.0,24,159.6296,1.0,Calm,FMS_MARITIME,2026-04-06
2021-06-26,8,HFO,19.52,15.7,376.8,24,161.3197,0.61,Calm,FMS_MARITIME,2026-04-06
2021-06-27,8,VLSFO,60.78,11.8,283.2,24,668.3225,0.76,Calm,FMS_MARITIME,2026-04-06
2021-06-28,8,VLSFO,27.87,17.5,420.0,24,206.6361,0.81,Rough,FMS_MARITIME,2026-04-06
2021-06-28,8,VLSFO,64.92,15.3,367.2,24,550.5471,0.99,Moderate,FMS_MARITIME,2026-04-06
2021-06-28,8,MGO,43.86,9.8,235.2,24,580.6974,0.9,Calm,FMS_MARITIME,2026-04-06
2021-06-01,9,LSMGO,63.85,17.4,417.6,24,476.1228,0.82,Moderate,FMS_MARITIME,2026-04-06
2021-06-02,9,LSMGO,82.46,13.6,326.4,24,786.7048,0.71,Moderate,FMS_MARITIME,2026-04-06
2021-06-03,9,LSMGO,60.34,8.2,196.8,24,954.7701,0.51,Moderate,FMS_MARITIME,2026-04-06
2021-06-04,9,MGO,55.53,11.3,271.2,24,637.6122,0.64,Moderate,FMS_MARITIME,2026-04-06
2021-06-05,9,LNG,82.61,9.8,235.2,24,1093.7395,0.78,Moderate,FMS_MARITIME,2026-04-06
2021-06-06,9,MGO,65.46,16.9,405.6,24,502.5701,0.69,Moderate,FMS_MARITIME,2026-04-06
2021-06-07,9,HFO,53.82,10.5,252.0,24,665.0614,0.69,Calm,FMS_MARITIME,2026-04-06
2021-06-08,9,VLSFO,34.54,13.8,331.2,24,324.7511,0.57,Rough,FMS_MARITIME,2026-04-06
2021-06-09,9,LSMGO,41.81,14.2,340.8,24,382.0315,0.82,Calm,FMS_MARITIME,2026-04-06
2021-06-10,9,MGO,22.14,17.3,415.2,24,166.05,0.53,Moderate,FMS_MARITIME,2026-04-06
2021-06-11,9,LSMGO,32.13,16.6,398.4,24,251.1366,0.58,Moderate,FMS_MARITIME,2026-04-06
2021-06-12,9,MGO,29.43,16.9,405.6,24,225.9493,0.95,Rough,FMS_MARITIME,2026-04-06
2021-06-13,9,LSMGO,20.17,17.9,429.6,24,146.2043,0.93,Calm,FMS_MARITIME,2026-04-06
2021-06-14,9,VLSFO,53.15,11.6,278.4,24,594.5011,0.61,Calm,FMS_MARITIME,2026-04-06
2021-06-15,9,HFO,55.55,17.9,429.6,24,402.6599,0.46,Calm,FMS_MARITIME,2026-04-06
2021-06-16,9,HFO,70.18,16.9,405.6,24,538.808,0.84,Rough,FMS_MARITIME,2026-04-06
2021-06-17,9,HFO,81.53,14.5,348.0,24,729.5529,0.78,Calm,FMS_MARITIME,2026-04-06
2021-06-18,9,MGO,75.95,12.0,288.0,24,821.2094,0.4,Calm,FMS_MARITIME,2026-04-06
2021-06-19,9,MGO,61.04,12.5,300.0,24,633.5952,0.91,Calm,FMS_MARITIME,2026-04-06
2021-06-20,9,MGO,74.65,12.9,309.6,24,750.8401,0.49,Calm,FMS_MARITIME,2026-04-06
2021-06-21,9,LSMGO,19.69,16.2,388.8,24,157.7023,0.48,Calm,FMS_MARITIME,2026-04-06
2021-06-22,9,LNG,28.51,8.2,196.8,24,451.1186,0.74,Rough,FMS_MARITIME,2026-04-06
2021-06-23,9,LSMGO,25.4,16.0,384.0,24,205.9781,0.69,Rough,FMS_MARITIME,2026-04-06
2021-06-24,9,MGO,64.29,11.5,276.0,24,725.3589,0.54,Moderate,FMS_MARITIME,2026-04-06
2021-06-25,9,LNG,19.19,11.7,280.8,24,212.8122,0.64,Calm,FMS_MARITIME,2026-04-06
2021-06-26,9,LNG,62.91,12.5,300.0,24,653.0058,0.71,Moderate,FMS_MARITIME,2026-04-06
2021-06-27,9,LNG,52.49,9.8,235.2,24,694.9569,0.93,Calm,FMS_MARITIME,2026-04-06
2021-06-28,9,HFO,73.97,9.6,230.4,24,999.7508,0.47,Calm,FMS_MARITIME,2026-04-06
2021-06-28,9,HFO,57.52,8.3,199.2,24,899.1831,0.63,Rough,FMS_MARITIME,2026-04-06
2021-06-28,9,LNG,20.41,9.6,230.4,24,275.8539,0.44,Rough,FMS_MARITIME,2026-04-06
2021-06-01,10,VLSFO,81.13,10.5,252.0,24,1002.535,0.71,Calm,FMS_MARITIME,2026-04-06
2021-06-02,10,MGO,25.05,13.6,326.4,24,238.9881,0.54,Rough,FMS_MARITIME,2026-04-06
2021-06-03,10,HFO,66.34,9.9,237.6,24,869.4561,0.68,Calm,FMS_MARITIME,2026-04-06
2021-06-04,10,HFO,38.99,16.3,391.2,24,310.3652,0.55,Moderate,FMS_MARITIME,2026-04-06
2021-06-05,10,LNG,26.18,12.5,300.0,24,271.7484,0.86,Calm,FMS_MARITIME,2026-04-06
2021-06-06,10,LSMGO,15.76,15.0,360.0,24,136.324,0.62,Calm,FMS_MARITIME,2026-04-06
2021-06-07,10,LNG,63.02,16.4,393.6,24,498.5881,0.89,Moderate,FMS_MARITIME,2026-04-06
2021-06-08,10,MGO,82.73,10.3,247.2,24,1042.157,0.97,Calm,FMS_MARITIME,2026-04-06
2021-06-09,10,VLSFO,29.33,15.2,364.8,24,250.3663,0.92,Moderate,FMS_MARITIME,2026-04-06
2021-06-10,10,HFO,25.51,13.1,314.4,24,252.6658,0.52,Rough,FMS_MARITIME,2026-04-06
2021-06-11,10,LNG,65.49,13.6,326.4,24,624.8035,0.78,Calm,FMS_MARITIME,2026-04-06
2021-06-12,10,HFO,45.93,14.2,340.8,24,419.6773,0.6,Moderate,FMS_MARITIME,2026-04-06
2021-06-13,10,VLSFO,55.23,12.3,295.2,24,582.6091,0.84,Moderate,FMS_MARITIME,2026-04-06
2021-06-14,10,MGO,70.93,13.4,321.6,24,686.8035,0.87,Calm,FMS_MARITIME,2026-04-06
2021-06-15,10,VLSFO,60.17,11.4,273.6,24,684.8296,0.89,Rough,FMS_MARITIME,2026-04-06
2021-06-16,10,VLSFO,41.03,8.1,194.4,24,657.2398,0.41,Calm,FMS_MARITIME,2026-04-06
2021-06-17,10,MGO,65.57,9.0,216.0,24,945.3008,0.94,Rough,FMS_MARITIME,2026-04-06
2021-06-18,10,MGO,29.73,13.6,326.4,24,283.6373,0.63,Rough,FMS_MARITIME,2026-04-06
2021-06-19,10,LNG,44.71,16.5,396.0,24,351.5832,0.79,Rough,FMS_MARITIME,2026-04-06
2021-06-20,10,HFO,59.7,12.5,300.0,24,619.686,0.7,Rough,FMS_MARITIME,2026-04-06
2021-06-21,10,LNG,19.63,12.4,297.6,24,205.4026,0.4,Moderate,FMS_MARITIME,2026-04-06
2021-06-22,10,MGO,32.34,16.2,388.8,24,259.0194,0.77,Rough,FMS_MARITIME,2026-04-06
2021-06-23,10,LNG,39.44,13.3,319.2,24,384.7624,0.85,Moderate,FMS_MARITIME,2026-04-06
2021-06-24,10,LSMGO,83.73,10.9,261.6,24,996.6943,0.6,Rough,FMS_MARITIME,2026-04-06
2021-06-25,10,HFO,84.86,9.9,237.6,24,1112.1803,0.62,Rough,FMS_MARITIME,2026-04-06
2021-06-26,10,LSMGO,80.16,12.6,302.4,24,825.4571,0.95,Calm,FMS_MARITIME,2026-04-06
2021-06-27,10,VLSFO,19.29,17.3,415.2,24,144.675,0.54,Moderate,FMS_MARITIME,2026-04-06
2021-06-28,10,LSMGO,69.14,15.2,364.8,24,590.1918,0.56,Moderate,FMS_MARITIME,2026-04-06
2021-06-28,10,LSMGO,17.09,9.7,232.8,24,228.6008,0.96,Moderate,FMS_MARITIME,2026-04-06
2021-06-28,10,HFO,45.94,16.6,398.4,24,359.0792,0.99,Calm,FMS_MARITIME,2026-04-06
2021-06-01,11,HFO,84.46,14.5,348.0,24,755.7714,0.92,Moderate,FMS_MARITIME,2026-04-06
2021-06-02,11,HFO,65.21,15.0,360.0,24,564.0665,0.78,Moderate,FMS_MARITIME,2026-04-06
2021-06-03,11,LSMGO,31.74,11.5,276.0,24,358.11,0.93,Moderate,FMS_MARITIME,2026-04-06
2021-06-04,11,VLSFO,62.32,10.0,240.0,24,808.602,0.99,Calm,FMS_MARITIME,2026-04-06
2021-06-05,11,LSMGO,42.9,11.4,273.6,24,488.2697,0.7,Moderate,FMS_MARITIME,2026-04-06
2021-06-06,11,LSMGO,81.23,17.0,408.0,24,619.976,0.45,Rough,FMS_MARITIME,2026-04-06
2021-06-07,11,MGO,45.5,8.1,194.4,24,728.8426,0.74,Moderate,FMS_MARITIME,2026-04-06
2021-06-08,11,HFO,26.28,11.5,276.0,24,296.507,0.66,Rough,FMS_MARITIME,2026-04-06
2021-06-09,11,LNG,22.85,13.2,316.8,24,224.6051,0.76,Moderate,FMS_MARITIME,2026-04-06
2021-06-10,11,LNG,39.28,8.3,199.2,24,614.0458,0.64,Rough,FMS_MARITIME,2026-04-06
2021-06-11,11,HFO,73.95,13.9,333.6,24,690.2887,0.5,Moderate,FMS_MARITIME,2026-04-06
2021-06-12,11,HFO,53.03,10.6,254.4,24,649.1172,0.77,Calm,FMS_MARITIME,2026-04-06
2021-06-13,11,LNG,65.86,15.1,362.4,24,565.9162,0.67,Rough,FMS_MARITIME,2026-04-06
2021-06-14,11,HFO,44.02,17.8,427.2,24,320.8761,0.89,Rough,FMS_MARITIME,2026-04-06
2021-06-15,11,MGO,21.05,8.8,211.2,24,310.3679,0.69,Rough,FMS_MARITIME,2026-04-06
2021-06-16,11,VLSFO,56.04,10.0,240.0,24,727.119,0.6,Rough,FMS_MARITIME,2026-04-06
2021-06-17,11,LNG,67.67,12.6,302.4,24,696.8399,0.95,Rough,FMS_MARITIME,2026-04-06
2021-06-18,11,MGO,25.35,17.6,422.4,24,186.8842,0.69,Rough,FMS_MARITIME,2026-04-06
2021-06-19,11,LSMGO,56.1,16.7,400.8,24,435.8668,0.53,Calm,FMS_MARITIME,2026-04-06
2021-06-20,11,VLSFO,47.35,8.4,201.6,24,731.3884,0.87,Calm,FMS_MARITIME,2026-04-06
2021-06-21,11,LNG,34.44,14.4,345.6,24,310.3187,0.87,Moderate,FMS_MARITIME,2026-04-06
2021-06-22,11,HFO,44.82,16.5,396.0,24,352.4482,0.77,Moderate,FMS_MARITIME,2026-04-06
2021-06-23,11,HFO,19.05,13.7,328.8,24,180.4188,0.81,Moderate,FMS_MARITIME,2026-04-06
2021-06-24,11,LSMGO,67.71,17.7,424.8,24,496.3487,0.48,Calm,FMS_MARITIME,2026-04-06
2021-06-25,11,LNG,49.18,10.2,244.8,24,625.5985,0.65,Calm,FMS_MARITIME,2026-04-06
2021-06-26,11,LNG,60.34,10.2,244.8,24,767.5603,0.89,Moderate,FMS_MARITIME,2026-04-06
2021-06-27,11,LNG,16.17,9.1,218.4,24,230.5558,0.68,Moderate,FMS_MARITIME,2026-04-06
2021-06-28,11,VLSFO,18.2,17.2,412.8,24,137.2936,0.75,Calm,FMS_MARITIME,2026-04-06
2021-06-28,11,VLSFO,41.07,15.4,369.6,24,346.0281,0.52,Calm,FMS_MARITIME,2026-04-06
2021-06-28,11,VLSFO,45.85,11.3,271.2,24,526.4635,0.44,Calm,FMS_MARITIME,2026-04-06
2021-06-01,12,MGO,66.97,12.2,292.8,24,712.2424,0.9,Calm,FMS_MARITIME,2026-04-06
2021-06-02,12,HFO,38.83,14.0,336.0,24,359.8709,0.66,Rough,FMS_MARITIME,2026-04-06
2021-06-03,12,MGO,54.57,16.7,400.8,24,423.9795,0.66,Calm,FMS_MARITIME,2026-04-06
2021-06-04,12,HFO,21.65,14.0,336.0,24,200.6491,0.83,Calm,FMS_MARITIME,2026-04-06
2021-06-05,12,HFO,15.73,8.3,199.2,24,245.8997,0.71,Rough,FMS_MARITIME,2026-04-06
2021-06-06,12,HFO,64.95,13.0,312.0,24,648.251,0.88,Rough,FMS_MARITIME,2026-04-06
2021-06-07,12,VLSFO,64.14,14.2,340.8,24,586.068,0.47,Moderate,FMS_MARITIME,2026-04-06
2021-06-08,12,MGO,55.33,11.8,283.2,24,608.3956,0.63,Rough,FMS_MARITIME,2026-04-06
2021-06-09,12,LSMGO,33.9,14.9,357.6,24,295.203,0.56,Moderate,FMS_MARITIME,2026-04-06
2021-06-10,12,MGO,53.94,17.4,417.6,24,402.225,0.97,Calm,FMS_MARITIME,2026-04-06
2021-06-11,12,LNG,39.69,15.3,367.2,24,336.5868,0.75,Calm,FMS_MARITIME,2026-04-06
2021-06-12,12,MGO,61.81,10.3,247.2,24,778.626,0.62,Rough,FMS_MARITIME,2026-04-06
2021-06-13,12,HFO,25.09,11.4,273.6,24,285.5638,0.54,Calm,FMS_MARITIME,2026-04-06
2021-06-14,12,MGO,16.66,12.6,302.4,24,171.5583,0.8,Calm,FMS_MARITIME,2026-04-06
2021-06-15,12,LSMGO,74.87,8.0,192.0,24,1214.2978,0.57,Rough,FMS_MARITIME,2026-04-06
2021-06-16,12,LSMGO,72.78,10.9,261.6,24,866.3491,0.57,Rough,FMS_MARITIME,2026-04-06
2021-06-17,12,HFO,79.52,14.3,343.2,24,721.5189,0.62,Rough,FMS_MARITIME,2026-04-06
2021-06-18,12,VLSFO,52.45,10.5,252.0,24,648.1321,0.49,Moderate,FMS_MARITIME,2026-04-06
2021-06-19,12,LSMGO,40.76,14.9,357.6,24,354.9403,0.66,Moderate,FMS_MARITIME,2026-04-06
2021-06-20,12,MGO,53.24,13.6,326.4,24,507.9331,0.72,Moderate,FMS_MARITIME,2026-04-06
2021-06-21,12,LNG,30.42,12.4,297.6,24,318.306,0.43,Rough,FMS_MARITIME,2026-04-06
2021-06-22,12,LSMGO,22.39,15.1,362.4,24,192.3909,0.76,Moderate,FMS_MARITIME,2026-04-06
2021-06-23,12,LNG,59.37,11.0,264.0,24,700.2961,0.99,Rough,FMS_MARITIME,2026-04-06
2021-06-24,12,MGO,72.34,13.4,321.6,24,700.4563,0.57,Moderate,FMS_MARITIME,2026-04-06
2021-06-25,12,LNG,33.88,14.5,348.0,24,303.1676,0.6,Moderate,FMS_MARITIME,2026-04-06
2021-06-26,12,LNG,43.98,17.9,429.6,24,318.7936,0.48,Rough,FMS_MARITIME,2026-04-06
2021-06-27,12,LSMGO,33.01,15.5,372.0,24,276.3256,0.93,Rough,FMS_MARITIME,2026-04-06
2021-06-28,12,LNG,67.13,11.5,276.0,24,757.4015,0.77,Rough,FMS_MARITIME,2026-04-06
2021-06-28,12,HFO,36.1,12.4,297.6,24,377.7399,0.86,Rough,FMS_MARITIME,2026-04-06
2021-06-28,12,HFO,47.62,13.3,319.2,24,464.5635,0.86,Calm,FMS_MARITIME,2026-04-06
2021-06-01,13,VLSFO,37.13,15.0,360.0,24,321.1745,0.52,Rough,FMS_MARITIME,2026-04-06
2021-06-02,13,MGO,45.06,11.8,283.2,24,495.4691,0.58,Calm,FMS_MARITIME,2026-04-06
2021-06-03,13,HFO,71.21,16.6,398.4,24,556.5962,0.56,Calm,FMS_MARITIME,2026-04-06
2021-06-04,13,MGO,38.0,12.5,300.0,24,394.44,0.91,Rough,FMS_MARITIME,2026-04-06
2021-06-05,13,VLSFO,24.94,10.9,261.6,24,296.8775,0.75,Rough,FMS_MARITIME,2026-04-06
2021-06-06,13,LNG,51.7,8.4,201.6,24,798.5804,0.95,Calm,FMS_MARITIME,2026-04-06
2021-06-07,13,MGO,71.91,16.2,388.8,24,575.9458,0.7,Calm,FMS_MARITIME,2026-04-06
2021-06-08,13,LSMGO,27.51,9.4,225.6,24,379.7258,0.79,Rough,FMS_MARITIME,2026-04-06
2021-06-09,13,VLSFO,52.08,14.4,345.6,24,469.2625,0.48,Calm,FMS_MARITIME,2026-04-06
2021-06-10,13,MGO,25.16,9.1,218.4,24,358.7374,0.49,Rough,FMS_MARITIME,2026-04-06
2021-06-11,13,MGO,82.71,8.6,206.4,24,1247.8631,0.82,Calm,FMS_MARITIME,2026-04-06
2021-06-12,13,MGO,22.14,16.3,391.2,24,176.2371,0.54,Calm,FMS_MARITIME,2026-04-06
2021-06-13,13,LNG,36.76,16.1,386.4,24,296.2491,0.44,Rough,FMS_MARITIME,2026-04-06
2021-06-14,13,MGO,57.92,10.5,252.0,24,715.7257,0.68,Moderate,FMS_MARITIME,2026-04-06
2021-06-15,13,LSMGO,76.71,15.1,362.4,24,659.1472,0.8,Moderate,FMS_MARITIME,2026-04-06
2021-06-16,13,HFO,79.92,8.8,211.2,24,1178.3659,0.53,Rough,FMS_MARITIME,2026-04-06
2021-06-17,13,MGO,50.95,17.0,408.0,24,388.8684,0.41,Rough,FMS_MARITIME,2026-04-06
2021-06-18,13,HFO,69.89,17.8,427.2,24,509.451,0.44,Rough,FMS_MARITIME,2026-04-06
2021-06-19,13,LNG,47.96,16.1,386.4,24,386.5099,0.46,Rough,FMS_MARITIME,2026-04-06
2021-06-20,13,MGO,16.85,15.9,381.6,24,137.5024,0.49,Calm,FMS_MARITIME,2026-04-06
2021-06-21,13,HFO,23.79,8.2,196.8,24,376.4332,0.62,Calm,FMS_MARITIME,2026-04-06
2021-06-22,13,LNG,19.74,11.8,283.2,24,217.0564,0.59,Rough,FMS_MARITIME,2026-04-06
2021-06-23,13,MGO,48.02,8.7,208.8,24,716.1603,0.85,Rough,FMS_MARITIME,2026-04-06
2021-06-24,13,MGO,22.21,15.8,379.2,24,182.3891,0.58,Rough,FMS_MARITIME,2026-04-06
2021-06-25,13,LSMGO,51.87,13.6,326.4,24,494.8627,0.85,Calm,FMS_MARITIME,2026-04-06
2021-06-26,13,VLSFO,56.52,15.6,374.4,24,470.0942,0.51,Moderate,FMS_MARITIME,2026-04-06
2021-06-27,13,MGO,67.93,12.0,288.0,24,734.4931,0.41,Calm,FMS_MARITIME,2026-04-06
2021-06-28,13,MGO,56.46,10.8,259.2,24,678.3042,0.58,Calm,FMS_MARITIME,2026-04-06
2021-06-28,13,VLSFO,62.55,11.2,268.8,24,724.6306,0.8,Moderate,FMS_MARITIME,2026-04-06
2021-06-28,13,HFO,74.25,16.2,388.8,24,594.6875,0.63,Rough,FMS_MARITIME,2026-04-06
2021-06-01,14,HFO,44.41,11.2,268.8,24,514.4819,0.71,Rough,FMS_MARITIME,2026-04-06
2021-06-02,14,HFO,24.76,13.2,316.8,24,243.3795,0.97,Moderate,FMS_MARITIME,2026-04-06
2021-06-03,14,LNG,45.6,8.3,199.2,24,712.8434,0.84,Calm,FMS_MARITIME,2026-04-06
2021-06-04,14,LSMGO,64.59,15.9,381.6,24,527.0788,0.88,Moderate,FMS_MARITIME,2026-04-06
2021-06-05,14,LNG,78.04,12.3,295.2,24,823.2268,0.63,Rough,FMS_MARITIME,2026-04-06
2021-06-06,14,MGO,50.3,16.1,386.4,24,405.368,0.5,Rough,FMS_MARITIME,2026-04-06
2021-06-07,14,HFO,37.12,8.7,208.8,24,553.6,0.7,Calm,FMS_MARITIME,2026-04-06
2021-06-08,14,LSMGO,35.57,9.3,223.2,24,496.2589,0.66,Moderate,FMS_MARITIME,2026-04-06
2021-06-09,14,MGO,78.21,11.4,273.6,24,890.1533,0.86,Calm,FMS_MARITIME,2026-04-06
2021-06-10,14,MGO,77.72,14.3,343.2,24,705.1867,0.71,Calm,FMS_MARITIME,2026-04-06
2021-06-11,14,VLSFO,16.86,9.8,235.2,24,223.223,0.89,Calm,FMS_MARITIME,2026-04-06
2021-06-12,14,MGO,82.34,15.6,374.4,24,684.8471,0.97,Moderate,FMS_MARITIME,2026-04-06
2021-06-13,14,LSMGO,54.11,16.4,393.6,24,428.0959,0.67,Calm,FMS_MARITIME,2026-04-06
2021-06-14,14,VLSFO,33.79,10.7,256.8,24,409.7432,0.91,Calm,FMS_MARITIME,2026-04-06
2021-06-15,14,LSMGO,53.2,14.2,340.8,24,486.1056,0.82,Moderate,FMS_MARITIME,2026-04-06
2021-06-16,14,LNG,66.58,10.7,256.8,24,807.3603,0.41,Rough,FMS_MARITIME,2026-04-06
2021-06-17,14,HFO,28.14,11.7,280.8,24,312.0654,0.47,Calm,FMS_MARITIME,2026-04-06
2021-06-18,14,LSMGO,40.32,13.5,324.0,24,387.52,0.59,Moderate,FMS_MARITIME,2026-04-06
2021-06-19,14,LSMGO,58.55,13.0,312.0,24,584.374,0.71,Moderate,FMS_MARITIME,2026-04-06
2021-06-20,14,VLSFO,26.96,16.1,386.4,24,217.2708,0.42,Rough,FMS_MARITIME,2026-04-06
2021-06-21,14,LNG,62.95,15.5,372.0,24,526.9524,0.99,Rough,FMS_MARITIME,2026-04-06
2021-06-22,14,LSMGO,43.82,12.8,307.2,24,444.191,0.96,Rough,FMS_MARITIME,2026-04-06
2021-06-23,14,HFO,58.35,15.9,381.6,24,476.158,0.49,Moderate,FMS_MARITIME,2026-04-06
2021-06-24,14,MGO,71.15,11.0,264.0,24,839.2466,0.87,Calm,FMS_MARITIME,2026-04-06
2021-06-25,14,MGO,29.03,10.5,252.0,24,358.7279,0.93,Calm,FMS_MARITIME,2026-04-06
2021-06-26,14,HFO,80.03,10.8,259.2,24,961.4715,0.93,Calm,FMS_MARITIME,2026-04-06
2021-06-27,14,MGO,20.59,12.8,307.2,24,208.715,0.57,Moderate,FMS_MARITIME,2026-04-06
2021-06-28,14,LNG,15.4,13.2,316.8,24,151.375,0.7,Rough,FMS_MARITIME,2026-04-06
2021-06-28,14,MGO,69.18,8.8,211.2,24,1020.0119,0.74,Moderate,FMS_MARITIME,2026-04-06
2021-06-28,14,HFO,32.14,12.1,290.4,24,344.6417,0.82,Moderate,FMS_MARITIME,2026-04-06
2021-06-01,15,MGO,31.3,9.4,225.6,24,432.0399,0.5,Moderate,FMS_MARITIME,2026-04-06
2021-06-02,15,VLSFO,63.22,15.9,381.6,24,515.8991,0.69,Calm,FMS_MARITIME,2026-04-06
2021-06-03,15,MGO,71.13,9.5,228.0,24,971.4861,0.45,Calm,FMS_MARITIME,2026-04-06
2021-06-04,15,MGO,83.93,13.3,319.2,24,818.7908,0.92,Rough,FMS_MARITIME,2026-04-06
2021-06-05,15,VLSFO,63.96,15.9,381.6,24,521.9377,0.44,Rough,FMS_MARITIME,2026-04-06
2021-06-06,15,LNG,70.32,16.3,391.2,24,559.7558,0.51,Rough,FMS_MARITIME,2026-04-06
2021-06-07,15,HFO,23.86,8.6,206.4,24,359.9808,1.0,Rough,FMS_MARITIME,2026-04-06
2021-06-08,15,LSMGO,80.65,14.1,338.4,24,742.1516,0.58,Rough,FMS_MARITIME,2026-04-06
2021-06-09,15,HFO,55.67,16.0,384.0,24,451.4489,0.76,Calm,FMS_MARITIME,2026-04-06
2021-06-10,15,VLSFO,61.22,8.6,206.4,24,923.639,0.91,Rough,FMS_MARITIME,2026-04-06
2021-06-11,15,LSMGO,18.3,15.1,362.4,24,157.2467,0.86,Rough,FMS_MARITIME,2026-04-06
2021-06-12,15,MGO,72.09,17.4,417.6,24,537.5677,0.75,Calm,FMS_MARITIME,2026-04-06
2021-06-13,15,LNG,82.18,8.4,201.6,24,1269.3875,0.57,Calm,FMS_MARITIME,2026-04-06
2021-06-14,15,VLSFO,15.59,15.5,372.0,24,130.5034,0.59,Calm,FMS_MARITIME,2026-04-06
2021-06-15,15,VLSFO,45.42,16.4,393.6,24,359.3442,0.54,Rough,FMS_MARITIME,2026-04-06
2021-06-16,15,HFO,50.94,11.3,271.2,24,584.9084,0.68,Rough,FMS_MARITIME,2026-04-06
2021-06-17,15,VLSFO,72.79,17.3,415.2,24,545.925,0.71,Moderate,FMS_MARITIME,2026-04-06
2021-06-18,15,LNG,22.7,12.5,300.0,24,235.626,0.47,Rough,FMS_MARITIME,2026-04-06
2021-06-19,15,VLSFO,43.27,13.8,331.2,24,406.8321,0.57,Rough,FMS_MARITIME,2026-04-06
2021-06-20,15,HFO,51.93,16.6,398.4,24,405.8986,0.94,Moderate,FMS_MARITIME,2026-04-06
2021-06-21,15,LNG,21.06,14.3,343.2,24,191.0864,0.76,Rough,FMS_MARITIME,2026-04-06
2021-06-22,15,VLSFO,68.56,14.5,348.0,24,613.4938,0.51,Moderate,FMS_MARITIME,2026-04-06
2021-06-23,15,VLSFO,55.07,12.6,302.4,24,567.0899,1.0,Moderate,FMS_MARITIME,2026-04-06
2021-06-24,15,VLSFO,38.86,16.5,396.0,24,305.5809,0.57,Moderate,FMS_MARITIME,2026-04-06
2021-06-25,15,HFO,69.73,11.9,285.6,24,760.2914,0.63,Rough,FMS_MARITIME,2026-04-06
2021-06-26,15,LNG,51.91,15.4,369.6,24,437.3586,0.54,Moderate,FMS_MARITIME,2026-04-06
2021-06-27,15,VLSFO,84.83,13.4,321.6,24,821.395,0.6,Calm,FMS_MARITIME,2026-04-06
2021-06-28,15,MGO,62.78,13.6,326.4,24,598.9489,0.81,Rough,FMS_MARITIME,2026-04-06
2021-06-28,15,HFO,55.88,9.9,237.6,24,732.3667,0.43,Calm,FMS_MARITIME,2026-04-06
2021-06-28,15,LSMGO,68.67,14.9,357.6,24,597.982,0.99,Calm,FMS_MARITIME,2026-04-06
2021-06-01,16,VLSFO,80.78,9.0,216.0,24,1164.5783,0.79,Moderate,FMS_MARITIME,2026-04-06
2021-06-02,16,MGO,81.13,14.2,340.8,24,741.3111,0.7,Calm,FMS_MARITIME,2026-04-06
2021-06-03,16,HFO,58.57,17.3,415.2,24,439.275,0.94,Rough,FMS_MARITIME,2026-04-06
2021-06-04,16,MGO,82.84,11.7,280.8,24,918.6744,0.92,Moderate,FMS_MARITIME,2026-04-06
2021-06-05,16,LSMGO,29.08,8.4,201.6,24,449.1821,0.61,Moderate,FMS_MARITIME,2026-04-06
2021-06-06,16,LNG,75.18,11.5,276.0,24,848.2265,0.48,Rough,FMS_MARITIME,2026-04-06
2021-06-07,16,MGO,84.69,12.0,288.0,24,915.7106,0.98,Calm,FMS_MARITIME,2026-04-06
2021-06-08,16,MGO,16.69,11.3,271.2,24,191.6396,0.81,Calm,FMS_MARITIME,2026-04-06
2021-06-09,16,LSMGO,36.78,15.2,364.8,24,313.9609,0.78,Calm,FMS_MARITIME,2026-04-06
2021-06-10,16,VLSFO,73.09,10.1,242.4,24,938.9532,0.98,Moderate,FMS_MARITIME,2026-04-06
2021-06-11,16,VLSFO,34.15,14.0,336.0,24,316.4973,0.87,Calm,FMS_MARITIME,2026-04-06
2021-06-12,16,LNG,60.18,11.4,273.6,24,684.9434,0.7,Moderate,FMS_MARITIME,2026-04-06
2021-06-13,16,HFO,79.96,12.7,304.8,24,816.9142,0.86,Rough,FMS_MARITIME,2026-04-06
2021-06-14,16,LNG,62.19,11.0,264.0,24,733.5593,0.44,Moderate,FMS_MARITIME,2026-04-06
2021-06-15,16,HFO,28.65,8.7,208.8,24,427.2802,0.59,Moderate,FMS_MARITIME,2026-04-06
2021-06-16,16,VLSFO,40.13,17.0,408.0,24,306.2863,0.43,Moderate,FMS_MARITIME,2026-04-06
2021-06-17,16,HFO,54.36,11.8,283.2,24,597.7297,0.57,Rough,FMS_MARITIME,2026-04-06
2021-06-18,16,LSMGO,24.5,8.5,204.0,24,373.9853,0.82,Rough,FMS_MARITIME,2026-04-06
2021-06-19,16,LNG,67.73,9.5,228.0,24,925.0492,0.78,Rough,FMS_MARITIME,2026-04-06
2021-06-20,16,VLSFO,37.33,12.0,288.0,24,403.6306,0.58,Moderate,FMS_MARITIME,2026-04-06
2021-06-21,16,MGO,43.1,11.3,271.2,24,494.8872,0.61,Calm,FMS_MARITIME,2026-04-06
2021-06-22,16,MGO,43.56,15.7,376.8,24,359.9943,0.64,Moderate,FMS_MARITIME,2026-04-06
2021-06-23,16,LNG,39.59,9.0,216.0,24,570.7558,0.67,Moderate,FMS_MARITIME,2026-04-06
2021-06-24,16,LSMGO,75.06,9.6,230.4,24,1014.4828,0.61,Moderate,FMS_MARITIME,2026-04-06
2021-06-25,16,MGO,50.18,8.2,196.8,24,794.0067,0.87,Rough,FMS_MARITIME,2026-04-06
2021-06-26,16,HFO,65.02,13.9,333.6,24,606.9313,0.56,Rough,FMS_MARITIME,2026-04-06
2021-06-27,16,MGO,35.61,8.5,204.0,24,543.5762,0.47,Rough,FMS_MARITIME,2026-04-06
2021-06-28,16,LNG,62.61,13.6,326.4,24,597.327,0.89,Moderate,FMS_MARITIME,2026-04-06
2021-06-28,16,MGO,74.03,8.5,204.0,24,1130.0462,0.92,Rough,FMS_MARITIME,2026-04-06
2021-06-28,16,VLSFO,48.67,16.1,386.4,24,392.2318,0.61,Rough,FMS_MARITIME,2026-04-06
2021-06-01,17,LNG,21.31,8.7,208.8,24,317.8129,0.41,Calm,FMS_MARITIME,2026-04-06
2021-06-02,17,HFO,27.61,9.9,237.6,24,361.8583,0.52,Rough,FMS_MARITIME,2026-04-06
2021-06-03,17,LNG,30.48,17.3,415.2,24,228.6,0.57,Rough,FMS_MARITIME,2026-04-06
2021-06-04,17,HFO,71.1,14.9,357.6,24,619.1426,0.8,Rough,FMS_MARITIME,2026-04-06
2021-06-05,17,VLSFO,19.4,17.2,412.8,24,146.3459,0.66,Calm,FMS_MARITIME,2026-04-06
2021-06-06,17,MGO,38.57,14.1,338.4,24,354.9261,0.78,Calm,FMS_MARITIME,2026-04-06
2021-06-07,17,HFO,16.43,12.5,300.0,24,170.5434,0.69,Moderate,FMS_MARITIME,2026-04-06
2021-06-08,17,LNG,62.46,12.9,309.6,24,628.2314,0.49,Calm,FMS_MARITIME,2026-04-06
2021-06-09,17,HFO,53.73,15.7,376.8,24,444.0425,0.75,Rough,FMS_MARITIME,2026-04-06
2021-06-10,17,MGO,45.88,16.3,391.2,24,365.2104,0.81,Moderate,FMS_MARITIME,2026-04-06
2021-06-11,17,HFO,53.66,17.7,424.8,24,393.3551,0.52,Calm,FMS_MARITIME,2026-04-06
2021-06-12,17,MGO,47.61,13.4,321.6,24,460.9998,0.47,Calm,FMS_MARITIME,2026-04-06
2021-06-13,17,LSMGO,27.74,15.1,362.4,24,238.3619,0.89,Moderate,FMS_MARITIME,2026-04-06
2021-06-14,17,LNG,75.76,9.3,223.2,24,1056.9742,0.79,Calm,FMS_MARITIME,2026-04-06
2021-06-15,17,LNG,67.14,17.9,429.6,24,486.6712,0.78,Rough,FMS_MARITIME,2026-04-06
2021-06-16,17,MGO,50.71,17.6,422.4,24,373.8422,0.61,Calm,FMS_MARITIME,2026-04-06
2021-06-17,17,LNG,79.96,15.3,367.2,24,678.0922,0.55,Rough,FMS_MARITIME,2026-04-06
2021-06-18,17,VLSFO,23.94,11.0,264.0,24,282.3832,0.66,Moderate,FMS_MARITIME,2026-04-06
2021-06-19,17,LNG,46.42,13.7,328.8,24,439.6347,0.69,Moderate,FMS_MARITIME,2026-04-06
2021-06-20,17,VLSFO,42.27,10.2,244.8,24,537.6993,0.48,Calm,FMS_MARITIME,2026-04-06
2021-06-21,17,VLSFO,46.34,16.6,398.4,24,362.2057,0.57,Moderate,FMS_MARITIME,2026-04-06
2021-06-22,17,VLSFO,78.43,13.4,321.6,24,759.4248,0.96,Calm,FMS_MARITIME,2026-04-06
2021-06-23,17,LNG,44.84,9.5,228.0,24,612.42,0.79,Calm,FMS_MARITIME,2026-04-06
2021-06-24,17,LNG,61.1,11.9,285.6,24,666.1954,0.94,Moderate,FMS_MARITIME,2026-04-06
2021-06-25,17,HFO,33.67,13.5,324.0,24,323.6061,0.43,Calm,FMS_MARITIME,2026-04-06
2021-06-26,17,LNG,49.44,10.3,247.2,24,622.8,0.73,Rough,FMS_MARITIME,2026-04-06
2021-06-27,17,LSMGO,32.99,16.1,386.4,24,265.8666,0.95,Calm,FMS_MARITIME,2026-04-06
2021-06-28,17,LNG,24.63,8.7,208.8,24,367.3267,0.73,Rough,FMS_MARITIME,2026-04-06
2021-06-28,17,LNG,41.66,15.2,364.8,24,355.6174,0.48,Rough,FMS_MARITIME,2026-04-06
2021-06-28,17,HFO,71.77,13.9,333.6,24,669.9394,0.92,Moderate,FMS_MARITIME,2026-04-06
2021-06-01,18,VLSFO,63.2,10.9,261.6,24,752.3119,0.89,Moderate,FMS_MARITIME,2026-04-06
2021-06-02,18,LSMGO,21.47,9.3,223.2,24,299.5411,0.95,Calm,FMS_MARITIME,2026-04-06
2021-06-03,18,HFO,39.43,8.1,194.4,24,631.6102,0.43,Moderate,FMS_MARITIME,2026-04-06
2021-06-04,18,HFO,38.97,16.0,384.0,24,316.0223,0.64,Moderate,FMS_MARITIME,2026-04-06
2021-06-05,18,MGO,65.37,18.0,432.0,24,471.2088,0.6,Calm,FMS_MARITIME,2026-04-06
2021-06-06,18,MGO,26.95,12.6,302.4,24,277.5208,0.92,Moderate,FMS_MARITIME,2026-04-06
2021-06-07,18,LSMGO,27.48,17.4,417.6,24,204.9155,0.51,Moderate,FMS_MARITIME,2026-04-06
2021-06-08,18,VLSFO,67.18,16.4,393.6,24,531.5003,0.84,Calm,FMS_MARITIME,2026-04-06
2021-06-09,18,HFO,16.45,10.9,261.6,24,195.8154,0.87,Moderate,FMS_MARITIME,2026-04-06
2021-06-10,18,VLSFO,68.93,10.4,249.6,24,859.968,0.58,Rough,FMS_MARITIME,2026-04-06
2021-06-11,18,LNG,83.16,9.5,228.0,24,1135.7905,0.88,Moderate,FMS_MARITIME,2026-04-06
2021-06-12,18,MGO,75.54,9.2,220.8,24,1065.3603,0.88,Calm,FMS_MARITIME,2026-04-06
2021-06-13,18,MGO,32.16,13.6,326.4,24,306.8206,0.68,Calm,FMS_MARITIME,2026-04-06
2021-06-14,18,LNG,83.24,17.0,408.0,24,635.3171,0.84,Moderate,FMS_MARITIME,2026-04-06
2021-06-15,18,HFO,16.02,9.0,216.0,24,230.955,0.79,Moderate,FMS_MARITIME,2026-04-06
2021-06-16,18,LNG,65.11,11.4,273.6,24,741.0546,0.52,Moderate,FMS_MARITIME,2026-04-06
2021-06-17,18,VLSFO,37.26,16.1,386.4,24,300.2786,0.73,Moderate,FMS_MARITIME,2026-04-06
2021-06-18,18,VLSFO,28.95,14.3,343.2,24,262.6757,0.98,Moderate,FMS_MARITIME,2026-04-06
2021-06-19,18,VLSFO,74.32,13.9,333.6,24,693.7424,0.88,Moderate,FMS_MARITIME,2026-04-06
2021-06-20,18,LNG,50.79,14.8,355.2,24,445.2704,0.93,Moderate,FMS_MARITIME,2026-04-06
2021-06-21,18,LSMGO,36.65,12.1,290.4,24,393.0031,0.56,Moderate,FMS_MARITIME,2026-04-06
2021-06-22,18,LSMGO,45.57,8.8,211.2,24,671.8986,0.97,Moderate,FMS_MARITIME,2026-04-06
2021-06-23,18,HFO,83.2,8.3,199.2,24,1300.6265,0.99,Rough,FMS_MARITIME,2026-04-06
2021-06-24,18,LSMGO,69.15,15.6,374.4,24,575.1418,0.54,Rough,FMS_MARITIME,2026-04-06
2021-06-25,18,VLSFO,71.44,11.6,278.4,24,799.081,0.58,Calm,FMS_MARITIME,2026-04-06
2021-06-26,18,LNG,32.23,15.2,364.8,24,275.1212,0.83,Calm,FMS_MARITIME,2026-04-06
2021-06-27,18,LSMGO,75.42,14.3,343.2,24,684.3178,0.77,Calm,FMS_MARITIME,2026-04-06
2021-06-28,18,MGO,80.09,11.9,285.6,24,873.2502,0.84,Moderate,FMS_MARITIME,2026-04-06
2021-06-28,18,HFO,37.74,12.7,304.8,24,385.572,0.52,Calm,FMS_MARITIME,2026-04-06
2021-06-28,18,LSMGO,62.06,10.8,259.2,24,745.5819,0.93,Moderate,FMS_MARITIME,2026-04-06
2021-06-01,19,VLSFO,23.21,17.3,415.2,24,174.075,0.82,Rough,FMS_MARITIME,2026-04-06
2021-06-02,19,LNG,24.51,16.2,388.8,24,196.3069,0.78,Rough,FMS_MARITIME,2026-04-06
2021-06-03,19,HFO,73.84,13.2,316.8,24,725.8136,0.97,Calm,FMS_MARITIME,2026-04-06
2021-06-04,19,VLSFO,45.23,9.5,228.0,24,617.7466,0.75,Calm,FMS_MARITIME,2026-04-06
2021-06-05,19,VLSFO,61.74,11.2,268.8,24,715.2469,0.75,Rough,FMS_MARITIME,2026-04-06
2021-06-06,19,LNG,31.05,16.9,405.6,24,238.3868,0.96,Rough,FMS_MARITIME,2026-04-06
2021-06-07,19,HFO,62.52,10.6,254.4,24,765.2802,0.73,Calm,FMS_MARITIME,2026-04-06
2021-06-08,19,HFO,39.41,8.9,213.6,24,574.5447,0.5,Moderate,FMS_MARITIME,2026-04-06
2021-06-09,19,MGO,40.81,17.9,429.6,24,295.8155,0.54,Moderate,FMS_MARITIME,2026-04-06
2021-06-10,19,VLSFO,49.51,14.5,348.0,24,443.0291,0.73,Moderate,FMS_MARITIME,2026-04-06
2021-06-11,19,LSMGO,37.54,16.7,400.8,24,291.6656,0.42,Rough,FMS_MARITIME,2026-04-06
2021-06-12,19,HFO,26.71,9.7,232.8,24,357.2807,0.83,Moderate,FMS_MARITIME,2026-04-06
2021-06-13,19,MGO,33.72,14.4,345.6,24,303.8312,0.85,Moderate,FMS_MARITIME,2026-04-06
2021-06-14,19,HFO,56.12,16.1,386.4,24,452.2714,0.52,Rough,FMS_MARITIME,2026-04-06
2021-06-15,19,MGO,32.4,13.1,314.4,24,320.9084,0.43,Calm,FMS_MARITIME,2026-04-06
2021-06-16,19,VLSFO,78.57,12.4,297.6,24,822.1337,0.72,Calm,FMS_MARITIME,2026-04-06
2021-06-17,19,LNG,23.42,15.2,364.8,24,199.9174,0.89,Rough,FMS_MARITIME,2026-04-06
2021-06-18,19,VLSFO,65.3,15.5,372.0,24,546.6242,0.44,Rough,FMS_MARITIME,2026-04-06
2021-06-19,19,VLSFO,60.13,14.8,355.2,24,527.1532,0.47,Calm,FMS_MARITIME,2026-04-06
2021-06-20,19,HFO,18.36,14.6,350.4,24,163.1651,0.99,Moderate,FMS_MARITIME,2026-04-06
2021-06-21,19,VLSFO,27.72,8.5,204.0,24,423.1376,0.42,Calm,FMS_MARITIME,2026-04-06
2021-06-22,19,VLSFO,76.12,17.6,422.4,24,561.1688,0.69,Calm,FMS_MARITIME,2026-04-06
2021-06-23,19,MGO,44.11,11.5,276.0,24,497.6759,0.81,Moderate,FMS_MARITIME,2026-04-06
2021-06-24,19,HFO,27.49,13.9,333.6,24,256.6063,0.77,Calm,FMS_MARITIME,2026-04-06
2021-06-25,19,LSMGO,47.22,8.1,194.4,24,756.3944,0.41,Rough,FMS_MARITIME,2026-04-06
2021-06-26,19,MGO,28.23,8.9,213.6,24,411.5553,0.76,Moderate,FMS_MARITIME,2026-04-06
2021-06-27,19,HFO,78.2,8.3,199.2,24,1222.4639,0.53,Calm,FMS_MARITIME,2026-04-06
2021-06-28,19,HFO,47.68,8.7,208.8,24,711.0897,0.44,Moderate,FMS_MARITIME,2026-04-06
2021-06-28,19,LSMGO,24.26,12.8,307.2,24,245.9168,0.84,Calm,FMS_MARITIME,2026-04-06
2021-06-28,19,MGO,21.93,12.7,304.8,24,224.0486,0.92,Rough,FMS_MARITIME,2026-04-06
2021-06-01,20,LSMGO,52.3,9.7,232.8,24,699.5799,0.66,Moderate,FMS_MARITIME,2026-04-06
2021-06-02,20,HFO,71.96,14.1,338.4,24,662.1851,0.67,Rough,FMS_MARITIME,2026-04-06
2021-06-03,20,HFO,45.97,12.9,309.6,24,462.3727,0.81,Rough,FMS_MARITIME,2026-04-06
2021-06-04,20,VLSFO,45.12,8.8,211.2,24,665.2636,0.6,Rough,FMS_MARITIME,2026-04-06
2021-06-05,20,HFO,21.96,17.4,417.6,24,163.7534,0.7,Rough,FMS_MARITIME,2026-04-06
2021-06-06,20,HFO,70.45,17.3,415.2,24,528.375,0.51,Moderate,FMS_MARITIME,2026-04-06
2021-06-07,20,MGO,84.03,17.1,410.4,24,637.5961,0.64,Rough,FMS_MARITIME,2026-04-06
2021-06-08,20,MGO,25.45,13.4,321.6,24,246.4282,0.75,Moderate,FMS_MARITIME,2026-04-06
2021-06-09,20,VLSFO,72.94,17.9,429.6,24,528.7131,0.78,Rough,FMS_MARITIME,2026-04-06
2021-06-10,20,MGO,35.58,13.9,333.6,24,332.1227,0.77,Moderate,FMS_MARITIME,2026-04-06
2021-06-11,20,LSMGO,20.03,15.1,362.4,24,172.1121,0.51,Moderate,FMS_MARITIME,2026-04-06
2021-06-12,20,VLSFO,22.57,9.4,225.6,24,311.538,0.78,Calm,FMS_MARITIME,2026-04-06
2021-06-13,20,LNG,82.18,10.6,254.4,24,1005.9297,0.72,Moderate,FMS_MARITIME,2026-04-06
2021-06-14,20,VLSFO,19.08,12.7,304.8,24,194.9315,0.68,Rough,FMS_MARITIME,2026-04-06
2021-06-15,20,LNG,78.54,8.7,208.8,24,1171.3293,0.85,Rough,FMS_MARITIME,2026-04-06
2021-06-16,20,HFO,73.84,12.3,295.2,24,778.922,0.74,Rough,FMS_MARITIME,2026-04-06
2021-06-17,20,LSMGO,18.54,13.6,326.4,24,176.8798,0.54,Moderate,FMS_MARITIME,2026-04-06
2021-06-18,20,VLSFO,59.73,14.2,340.8,24,545.7724,0.74,Moderate,FMS_MARITIME,2026-04-06
2021-06-19,20,LNG,37.13,17.7,424.8,24,272.1818,0.61,Rough,FMS_MARITIME,2026-04-06
2021-06-20,20,HFO,50.72,10.0,240.0,24,658.092,0.77,Calm,FMS_MARITIME,2026-04-06
2021-06-21,20,LSMGO,20.5,16.1,386.4,24,165.2096,0.98,Moderate,FMS_MARITIME,2026-04-06
2021-06-22,20,VLSFO,40.06,11.6,278.4,24,448.0849,0.93,Calm,FMS_MARITIME,2026-04-06
2021-06-23,20,VLSFO,50.06,14.4,345.6,24,451.0615,0.91,Calm,FMS_MARITIME,2026-04-06
2021-06-24,20,VLSFO,53.91,9.5,228.0,24,736.2971,0.82,Rough,FMS_MARITIME,2026-04-06
2021-06-25,20,LNG,65.24,16.1,386.4,24,525.7696,0.62,Rough,FMS_MARITIME,2026-04-06
2021-06-26,20,VLSFO,63.43,12.8,307.2,24,642.9721,0.55,Calm,FMS_MARITIME,2026-04-06
2021-06-27,20,LNG,72.2,11.0,264.0,24,851.6318,0.7,Rough,FMS_MARITIME,2026-04-06
2021-06-28,20,LSMGO,38.68,17.0,408.0,24,295.2194,0.69,Rough,FMS_MARITIME,2026-04-06
2021-06-28,20,MGO,72.88,16.7,400.8,24,566.2383,0.71,Moderate,FMS_MARITIME,2026-04-06
2021-06-28,20,LNG,75.3,12.8,307.2,24,763.2949,0.93,Rough,FMS_MARITIME,2026-04-06
2021-06-01,21,MGO,43.73,8.1,194.4,24,700.4898,0.77,Moderate,FMS_MARITIME,2026-04-06
2021-06-02,21,MGO,23.07,16.2,388.8,24,184.7736,0.77,Calm,FMS_MARITIME,2026-04-06
2021-06-03,21,HFO,34.35,13.2,316.8,24,337.6449,0.81,Rough,FMS_MARITIME,2026-04-06
2021-06-04,21,LNG,73.9,15.3,367.2,24,626.701,0.75,Calm,FMS_MARITIME,2026-04-06
2021-06-05,21,VLSFO,51.55,15.3,367.2,24,437.1642,0.81,Calm,FMS_MARITIME,2026-04-06
2021-06-06,21,MGO,62.51,14.5,348.0,24,559.3567,0.55,Moderate,FMS_MARITIME,2026-04-06
2021-06-07,21,MGO,18.52,13.3,319.2,24,180.6744,0.71,Moderate,FMS_MARITIME,2026-04-06
2021-06-08,21,MGO,60.17,17.5,420.0,24,446.1176,0.53,Calm,FMS_MARITIME,2026-04-06
2021-06-09,21,LSMGO,23.78,12.9,309.6,24,239.1826,0.7,Rough,FMS_MARITIME,2026-04-06
2021-06-10,21,VLSFO,74.35,11.6,278.4,24,831.6304,0.42,Moderate,FMS_MARITIME,2026-04-06
2021-06-11,21,VLSFO,71.13,9.6,230.4,24,961.3664,0.68,Rough,FMS_MARITIME,2026-04-06
2021-06-12,21,LSMGO,58.47,12.6,302.4,24,602.1018,0.68,Rough,FMS_MARITIME,2026-04-06
2021-06-13,21,MGO,82.47,13.0,312.0,24,823.114,0.5,Rough,FMS_MARITIME,2026-04-06
2021-06-14,21,MGO,43.3,14.8,355.2,24,379.6064,0.87,Moderate,FMS_MARITIME,2026-04-06
2021-06-15,21,MGO,73.25,9.3,223.2,24,1021.9556,0.94,Rough,FMS_MARITIME,2026-04-06
2021-06-16,21,LSMGO,29.71,10.8,259.2,24,356.9326,0.86,Moderate,FMS_MARITIME,2026-04-06
2021-06-17,21,LSMGO,41.98,13.6,326.4,24,400.5077,0.7,Rough,FMS_MARITIME,2026-04-06
2021-06-18,21,VLSFO,58.99,9.5,228.0,24,805.6792,0.65,Calm,FMS_MARITIME,2026-04-06
2021-06-19,21,MGO,32.47,17.1,410.4,24,246.3732,0.8,Moderate,FMS_MARITIME,2026-04-06
2021-06-20,21,VLSFO,53.19,10.2,244.8,24,676.6081,0.72,Moderate,FMS_MARITIME,2026-04-06
2021-06-21,21,HFO,28.11,13.6,326.4,24,268.1818,0.85,Moderate,FMS_MARITIME,2026-04-06
2021-06-22,21,MGO,68.98,13.4,321.6,24,667.922,0.95,Rough,FMS_MARITIME,2026-04-06
2021-06-23,21,LNG,40.2,16.8,403.2,24,310.4732,0.92,Calm,FMS_MARITIME,2026-04-06
2021-06-24,21,VLSFO,72.74,9.1,218.4,24,1037.1445,0.73,Rough,FMS_MARITIME,2026-04-06
2021-06-25,21,MGO,49.79,15.2,364.8,24,425.0166,0.74,Rough,FMS_MARITIME,2026-04-06
2021-06-26,21,MGO,51.93,8.3,199.2,24,811.7973,0.76,Calm,FMS_MARITIME,2026-04-06
2021-06-27,21,HFO,19.5,15.6,374.4,24,162.1875,0.45,Moderate,FMS_MARITIME,2026-04-06
2021-06-28,21,LSMGO,44.0,14.1,338.4,24,404.8936,0.54,Moderate,FMS_MARITIME,2026-04-06
2021-06-28,21,LSMGO,73.2,17.6,422.4,24,539.642,0.91,Calm,FMS_MARITIME,2026-04-06
2021-06-28,21,LSMGO,44.33,11.7,280.8,24,491.6083,0.71,Moderate,FMS_MARITIME,2026-04-06
2021-06-01,22,LNG,81.38,17.1,410.4,24,617.4886,0.74,Calm,FMS_MARITIME,2026-04-06
2021-06-02,22,LSMGO,47.68,16.2,388.8,24,381.8815,1.0,Calm,FMS_MARITIME,2026-04-06
2021-06-03,22,HFO,48.64,14.7,352.8,24,429.3224,0.8,Rough,FMS_MARITIME,2026-04-06
2021-06-04,22,VLSFO,58.18,17.6,422.4,24,428.9122,0.78,Moderate,FMS_MARITIME,2026-04-06
2021-06-05,22,HFO,25.01,8.3,199.2,24,390.9696,0.84,Moderate,FMS_MARITIME,2026-04-06
2021-06-06,22,LNG,63.58,15.9,381.6,24,518.8368,0.75,Calm,FMS_MARITIME,2026-04-06
2021-06-07,22,LSMGO,20.89,14.8,355.2,24,183.1404,0.6,Rough,FMS_MARITIME,2026-04-06
2021-06-08,22,MGO,53.48,8.8,211.2,24,788.5261,0.65,Moderate,FMS_MARITIME,2026-04-06
2021-06-09,22,HFO,25.31,12.1,290.4,24,271.4027,0.97,Calm,FMS_MARITIME,2026-04-06
2021-06-10,22,LSMGO,70.03,12.3,295.2,24,738.7311,0.65,Rough,FMS_MARITIME,2026-04-06
2021-06-11,22,LNG,79.05,8.4,201.6,24,1221.0402,0.82,Calm,FMS_MARITIME,2026-04-06
2021-06-12,22,LNG,29.12,14.9,357.6,24,253.5785,0.96,Moderate,FMS_MARITIME,2026-04-06
2021-06-13,22,MGO,62.72,8.4,201.6,24,968.8,0.66,Calm,FMS_MARITIME,2026-04-06
2021-06-14,22,LNG,42.64,10.3,247.2,24,537.1398,0.76,Moderate,FMS_MARITIME,2026-04-06
2021-06-15,22,VLSFO,37.38,14.9,357.6,24,325.507,0.66,Moderate,FMS_MARITIME,2026-04-06
2021-06-16,22,LNG,28.81,8.5,204.0,24,439.7762,0.48,Moderate,FMS_MARITIME,2026-04-06
2021-06-17,22,HFO,21.73,15.7,376.8,24,179.5839,0.98,Calm,FMS_MARITIME,2026-04-06
2021-06-18,22,VLSFO,61.23,17.0,408.0,24,467.329,0.63,Calm,FMS_MARITIME,2026-04-06
2021-06-19,22,LNG,50.25,10.2,244.8,24,639.2096,0.82,Moderate,FMS_MARITIME,2026-04-06
2021-06-20,22,VLSFO,28.67,12.1,290.4,24,307.4324,0.8,Calm,FMS_MARITIME,2026-04-06
2021-06-21,22,LNG,43.71,14.3,343.2,24,396.5995,0.73,Calm,FMS_MARITIME,2026-04-06
2021-06-22,22,MGO,78.28,16.2,388.8,24,626.9648,0.73,Calm,FMS_MARITIME,2026-04-06
2021-06-23,22,LNG,52.89,11.7,280.8,24,586.5365,0.83,Rough,FMS_MARITIME,2026-04-06
2021-06-24,22,LSMGO,15.05,16.1,386.4,24,121.288,0.63,Moderate,FMS_MARITIME,2026-04-06
2021-06-25,22,HFO,62.6,12.5,300.0,24,649.788,0.96,Moderate,FMS_MARITIME,2026-04-06
2021-06-26,22,VLSFO,57.71,15.2,364.8,24,492.6232,0.97,Calm,FMS_MARITIME,2026-04-06
2021-06-27,22,LSMGO,84.75,10.1,242.4,24,1088.7438,0.93,Rough,FMS_MARITIME,2026-04-06
2021-06-28,22,MGO,21.76,14.3,343.2,24,197.4378,0.49,Calm,FMS_MARITIME,2026-04-06
2021-06-28,22,LNG,77.34,17.5,420.0,24,573.4209,0.48,Calm,FMS_MARITIME,2026-04-06
2021-06-28,22,HFO,59.37,13.6,326.4,24,566.416,0.73,Calm,FMS_MARITIME,2026-04-06
2021-06-01,23,LSMGO,71.25,14.8,355.2,24,624.641,0.82,Moderate,FMS_MARITIME,2026-04-06
2021-06-02,23,LSMGO,67.87,9.0,216.0,24,978.4592,0.69,Calm,FMS_MARITIME,2026-04-06
2021-06-03,23,LNG,22.09,15.2,364.8,24,188.5643,0.79,Rough,FMS_MARITIME,2026-04-06
2021-06-04,23,LSMGO,77.43,9.5,228.0,24,1057.5308,0.74,Rough,FMS_MARITIME,2026-04-06
2021-06-05,23,LNG,63.74,14.3,343.2,24,578.3402,0.48,Calm,FMS_MARITIME,2026-04-06
2021-06-06,23,LSMGO,24.81,13.2,316.8,24,243.871,0.9,Rough,FMS_MARITIME,2026-04-06
2021-06-07,23,LNG,71.04,15.3,367.2,24,602.4471,0.95,Rough,FMS_MARITIME,2026-04-06
2021-06-08,23,VLSFO,41.28,11.0,264.0,24,486.9164,0.51,Calm,FMS_MARITIME,2026-04-06
2021-06-09,23,VLSFO,33.8,11.3,271.2,24,388.1018,0.44,Calm,FMS_MARITIME,2026-04-06
2021-06-10,23,LNG,51.21,16.5,396.0,24,402.6968,0.54,Calm,FMS_MARITIME,2026-04-06
2021-06-11,23,LSMGO,59.52,13.0,312.0,24,594.0554,0.92,Calm,FMS_MARITIME,2026-04-06
2021-06-12,23,LNG,74.58,16.6,398.4,24,582.937,0.77,Calm,FMS_MARITIME,2026-04-06
2021-06-13,23,LSMGO,64.72,13.0,312.0,24,645.9554,0.81,Moderate,FMS_MARITIME,2026-04-06
2021-06-14,23,MGO,25.87,16.0,384.0,24,209.7895,0.63,Rough,FMS_MARITIME,2026-04-06
2021-06-15,23,LNG,57.49,16.3,391.2,24,457.6275,0.99,Rough,FMS_MARITIME,2026-04-06
2021-06-16,23,LSMGO,62.16,11.6,278.4,24,695.281,0.48,Moderate,FMS_MARITIME,2026-04-06
2021-06-17,23,HFO,37.19,11.6,278.4,24,415.983,0.92,Calm,FMS_MARITIME,2026-04-06
2021-06-18,23,MGO,53.71,9.3,223.2,24,749.3411,0.46,Calm,FMS_MARITIME,2026-04-06
2021-06-19,23,LSMGO,78.84,13.6,326.4,24,752.1684,0.97,Rough,FMS_MARITIME,2026-04-06
2021-06-20,23,LNG,43.45,9.0,216.0,24,626.4042,0.49,Rough,FMS_MARITIME,2026-04-06
2021-06-21,23,HFO,46.75,9.0,216.0,24,673.9792,0.59,Moderate,FMS_MARITIME,2026-04-06
2021-06-22,23,LSMGO,16.7,12.6,302.4,24,171.9702,0.7,Moderate,FMS_MARITIME,2026-04-06
2021-06-23,23,LNG,57.62,10.1,242.4,24,740.2173,0.4,Rough,FMS_MARITIME,2026-04-06
2021-06-24,23,HFO,33.36,8.5,204.0,24,509.2306,0.93,Moderate,FMS_MARITIME,2026-04-06
2021-06-25,23,VLSFO,68.65,12.1,290.4,24,736.1436,0.45,Calm,FMS_MARITIME,2026-04-06
2021-06-26,23,VLSFO,38.55,14.4,345.6,24,347.3516,0.6,Calm,FMS_MARITIME,2026-04-06
2021-06-27,23,MGO,35.36,14.1,338.4,24,325.3872,0.51,Rough,FMS_MARITIME,2026-04-06
2021-06-28,23,MGO,60.16,15.1,362.4,24,516.9377,0.68,Calm,FMS_MARITIME,2026-04-06
2021-06-28,23,LNG,20.64,17.8,427.2,24,150.4517,0.77,Moderate,FMS_MARITIME,2026-04-06
2021-06-28,23,MGO,17.47,17.9,429.6,24,126.6331,0.81,Moderate,FMS_MARITIME,2026-04-06
2021-06-01,24,VLSFO,61.4,16.0,384.0,24,497.9156,0.99,Moderate,FMS_MARITIME,2026-04-06
2021-06-02,24,LSMGO,38.97,10.0,240.0,24,505.6357,0.5,Calm,FMS_MARITIME,2026-04-06
2021-06-03,24,LNG,74.93,16.7,400.8,24,582.1657,0.79,Moderate,FMS_MARITIME,2026-04-06
2021-06-04,24,MGO,21.16,11.8,283.2,24,232.6703,0.48,Calm,FMS_MARITIME,2026-04-06
2021-06-05,24,LNG,34.85,9.4,225.6,24,481.0412,0.46,Moderate,FMS_MARITIME,2026-04-06
2021-06-06,24,LSMGO,76.29,16.0,384.0,24,618.6642,0.6,Rough,FMS_MARITIME,2026-04-06
2021-06-07,24,LNG,61.54,11.8,283.2,24,676.6792,0.76,Rough,FMS_MARITIME,2026-04-06
2021-06-08,24,VLSFO,35.04,11.1,266.4,24,409.5892,0.82,Moderate,FMS_MARITIME,2026-04-06
2021-06-09,24,MGO,72.75,13.8,331.2,24,684.0082,0.55,Rough,FMS_MARITIME,2026-04-06
2021-06-10,24,MGO,56.85,12.5,300.0,24,590.103,0.56,Rough,FMS_MARITIME,2026-04-06
2021-06-11,24,HFO,65.72,17.2,412.8,24,495.7657,0.6,Moderate,FMS_MARITIME,2026-04-06
2021-06-12,24,MGO,72.27,12.1,290.4,24,774.9614,0.5,Calm,FMS_MARITIME,2026-04-06
2021-06-13,24,LSMGO,72.79,14.7,352.8,24,642.4832,0.56,Moderate,FMS_MARITIME,2026-04-06
2021-06-14,24,LSMGO,76.17,13.0,312.0,24,760.2352,0.87,Rough,FMS_MARITIME,2026-04-06
2021-06-15,24,HFO,81.0,13.4,321.6,24,784.3097,0.83,Calm,FMS_MARITIME,2026-04-06
2021-06-16,24,HFO,84.07,17.6,422.4,24,619.7774,0.7,Calm,FMS_MARITIME,2026-04-06
2021-06-17,24,VLSFO,30.5,13.2,316.8,24,299.8011,0.83,Rough,FMS_MARITIME,2026-04-06
2021-06-18,24,LSMGO,81.4,10.8,259.2,24,977.9306,0.98,Moderate,FMS_MARITIME,2026-04-06
2021-06-19,24,VLSFO,76.29,12.0,288.0,24,824.8856,0.58,Moderate,FMS_MARITIME,2026-04-06
2021-06-20,24,VLSFO,32.16,10.4,249.6,24,401.2269,0.83,Rough,FMS_MARITIME,2026-04-06
2021-06-21,24,VLSFO,80.86,13.6,326.4,24,771.4401,0.67,Moderate,FMS_MARITIME,2026-04-06
2021-06-22,24,MGO,33.3,8.7,208.8,24,496.6293,0.72,Moderate,FMS_MARITIME,2026-04-06
2021-06-23,24,MGO,71.63,12.5,300.0,24,743.5194,0.61,Moderate,FMS_MARITIME,2026-04-06
2021-06-24,24,HFO,53.12,9.9,237.6,24,696.1939,0.76,Moderate,FMS_MARITIME,2026-04-06
2021-06-25,24,LNG,68.08,17.6,422.4,24,501.8966,0.84,Moderate,FMS_MARITIME,2026-04-06
2021-06-26,24,HFO,64.85,16.0,384.0,24,525.893,0.89,Moderate,FMS_MARITIME,2026-04-06
2021-06-27,24,VLSFO,62.29,12.7,304.8,24,636.388,0.95,Moderate,FMS_MARITIME,2026-04-06
2021-06-28,24,LSMGO,83.82,8.5,204.0,24,1279.4876,0.44,Rough,FMS_MARITIME,2026-04-06
2021-06-28,24,LSMGO,84.44,8.5,204.0,24,1288.9518,0.65,Moderate,FMS_MARITIME,2026-04-06
2021-06-28,24,VLSFO,55.84,14.7,352.8,24,492.8735,0.73,Moderate,FMS_MARITIME,2026-04-06
2021-06-01,25,HFO,58.79,16.7,400.8,24,456.7666,0.54,Moderate,FMS_MARITIME,2026-04-06
2021-06-02,25,MGO,59.31,15.0,360.0,24,513.0315,0.63,Moderate,FMS_MARITIME,2026-04-06
2021-06-03,25,LNG,52.4,8.1,194.4,24,839.3704,0.69,Rough,FMS_MARITIME,2026-04-06
2021-06-04,25,LNG,26.09,14.7,352.8,24,230.2842,0.42,Rough,FMS_MARITIME,2026-04-06
2021-06-05,25,LNG,69.6,16.1,386.4,24,560.9068,0.62,Calm,FMS_MARITIME,2026-04-06
2021-06-06,25,MGO,23.02,14.6,350.4,24,204.5784,0.58,Rough,FMS_MARITIME,2026-04-06
2021-06-07,25,HFO,65.65,16.1,386.4,24,529.0738,0.57,Rough,FMS_MARITIME,2026-04-06
2021-06-08,25,LSMGO,19.17,14.6,350.4,24,170.3635,0.82,Moderate,FMS_MARITIME,2026-04-06
2021-06-09,25,VLSFO,37.39,14.4,345.6,24,336.8995,0.81,Rough,FMS_MARITIME,2026-04-06
2021-06-10,25,HFO,76.18,10.8,259.2,24,915.2181,0.46,Moderate,FMS_MARITIME,2026-04-06
2021-06-11,25,LNG,30.72,10.7,256.8,24,372.5159,0.62,Calm,FMS_MARITIME,2026-04-06
2021-06-12,25,HFO,39.18,16.0,384.0,24,317.7253,0.77,Moderate,FMS_MARITIME,2026-04-06
2021-06-13,25,VLSFO,29.09,17.8,427.2,24,212.0465,0.66,Rough,FMS_MARITIME,2026-04-06
2021-06-14,25,MGO,56.67,12.6,302.4,24,583.5661,0.99,Calm,FMS_MARITIME,2026-04-06
2021-06-15,25,VLSFO,37.91,17.5,420.0,24,281.0756,0.82,Calm,FMS_MARITIME,2026-04-06
2021-06-16,25,MGO,16.74,15.2,364.8,24,142.8957,0.9,Moderate,FMS_MARITIME,2026-04-06
2021-06-17,25,LNG,24.43,16.9,405.6,24,187.5617,0.55,Calm,FMS_MARITIME,2026-04-06
2021-06-18,25,MGO,21.62,10.9,261.6,24,257.3573,0.53,Calm,FMS_MARITIME,2026-04-06
2021-06-19,25,LNG,57.48,17.5,420.0,24,426.1731,0.66,Calm,FMS_MARITIME,2026-04-06
2021-06-20,25,MGO,63.2,9.0,216.0,24,911.1333,0.68,Moderate,FMS_MARITIME,2026-04-06
2021-06-21,25,HFO,69.16,15.4,369.6,24,582.6955,0.41,Rough,FMS_MARITIME,2026-04-06
2021-06-22,25,LSMGO,26.49,8.1,194.4,24,424.3306,0.93,Moderate,FMS_MARITIME,2026-04-06
2021-06-23,25,VLSFO,16.98,15.4,369.6,24,143.062,0.75,Moderate,FMS_MARITIME,2026-04-06
2021-06-24,25,LNG,47.38,9.9,237.6,24,620.9652,0.45,Calm,FMS_MARITIME,2026-04-06
2021-06-25,25,LNG,32.5,17.0,408.0,24,248.0515,0.9,Moderate,FMS_MARITIME,2026-04-06
2021-06-26,25,LNG,51.6,12.3,295.2,24,544.3171,0.43,Moderate,FMS_MARITIME,2026-04-06
2021-06-27,25,HFO,78.36,17.5,420.0,24,580.9834,0.68,Moderate,FMS_MARITIME,2026-04-06
2021-06-28,25,LNG,77.57,12.2,292.8,24,824.976,0.44,Moderate,FMS_MARITIME,2026-04-06
2021-06-28,25,LNG,81.85,17.1,410.4,24,621.0548,0.48,Moderate,FMS_MARITIME,2026-04-06
2021-06-28,25,LNG,50.89,8.1,194.4,24,815.1824,0.78,Calm,FMS_MARITIME,2026-04-06
2021-06-01,26,LNG,29.73,13.1,314.4,24,294.4632,0.97,Rough,FMS_MARITIME,2026-04-06
2021-06-02,26,HFO,47.54,10.0,240.0,24,616.8315,0.51,Moderate,FMS_MARITIME,2026-04-06
2021-06-03,26,LSMGO,42.61,12.0,288.0,24,460.7206,0.72,Rough,FMS_MARITIME,2026-04-06
2021-06-04,26,HFO,24.15,11.6,278.4,24,270.1261,0.47,Moderate,FMS_MARITIME,2026-04-06
2021-06-05,26,HFO,64.99,8.4,201.6,24,1003.8634,0.56,Rough,FMS_MARITIME,2026-04-06
2021-06-06,26,LNG,75.0,11.2,268.8,24,868.8616,0.46,Calm,FMS_MARITIME,2026-04-06
2021-06-07,26,HFO,23.43,8.3,199.2,24,366.2702,1.0,Rough,FMS_MARITIME,2026-04-06
2021-06-08,26,VLSFO,50.27,12.4,297.6,24,526.0107,0.45,Calm,FMS_MARITIME,2026-04-06
2021-06-09,26,LNG,57.75,12.3,295.2,24,609.1921,0.89,Calm,FMS_MARITIME,2026-04-06
2021-06-10,26,MGO,38.13,13.2,316.8,24,374.8006,0.76,Calm,FMS_MARITIME,2026-04-06
2021-06-11,26,HFO,20.88,9.2,220.8,24,294.4761,0.87,Moderate,FMS_MARITIME,2026-04-06
2021-06-12,26,LSMGO,40.33,15.7,376.8,24,333.3005,0.63,Calm,FMS_MARITIME,2026-04-06
2021-06-13,26,MGO,30.32,11.6,278.4,24,339.1397,0.91,Calm,FMS_MARITIME,2026-04-06
2021-06-14,26,HFO,27.93,11.2,268.8,24,323.5641,0.66,Rough,FMS_MARITIME,2026-04-06
2021-06-15,26,VLSFO,20.86,9.9,237.6,24,273.3924,0.65,Calm,FMS_MARITIME,2026-04-06
2021-06-16,26,LSMGO,30.98,17.4,417.6,24,231.0147,0.87,Calm,FMS_MARITIME,2026-04-06
2021-06-17,26,VLSFO,71.1,12.6,302.4,24,732.1607,0.9,Rough,FMS_MARITIME,2026-04-06
2021-06-18,26,MGO,57.97,16.6,398.4,24,453.1089,0.44,Calm,FMS_MARITIME,2026-04-06
2021-06-19,26,HFO,35.76,13.5,324.0,24,343.6933,0.95,Calm,FMS_MARITIME,2026-04-06
2021-06-20,26,LNG,69.25,15.7,376.8,24,572.3049,0.92,Rough,FMS_MARITIME,2026-04-06
2021-06-21,26,MGO,26.99,15.3,367.2,24,228.8858,0.97,Rough,FMS_MARITIME,2026-04-06
2021-06-22,26,LNG,35.06,12.0,288.0,24,379.0862,0.71,Moderate,FMS_MARITIME,2026-04-06
2021-06-23,26,LSMGO,19.52,12.0,288.0,24,211.06,0.6,Rough,FMS_MARITIME,2026-04-06
2021-06-24,26,VLSFO,54.44,12.3,295.2,24,574.2756,0.76,Calm,FMS_MARITIME,2026-04-06
2021-06-25,26,MGO,82.67,10.0,240.0,24,1072.6432,0.77,Calm,FMS_MARITIME,2026-04-06
2021-06-26,26,VLSFO,34.3,17.1,410.4,24,260.2588,0.87,Moderate,FMS_MARITIME,2026-04-06
2021-06-27,26,LNG,17.36,17.8,427.2,24,126.5427,0.44,Calm,FMS_MARITIME,2026-04-06
2021-06-28,26,LSMGO,53.8,9.7,232.8,24,719.6443,0.98,Calm,FMS_MARITIME,2026-04-06
2021-06-28,26,VLSFO,69.55,12.7,304.8,24,710.56,0.9,Rough,FMS_MARITIME,2026-04-06
2021-06-28,26,MGO,79.75,15.4,369.6,24,671.9196,0.55,Calm,FMS_MARITIME,2026-04-06
2021-06-01,27,HFO,21.8,17.4,417.6,24,162.5603,0.66,Rough,FMS_MARITIME,2026-04-06
2021-06-02,27,LSMGO,80.2,16.8,403.2,24,619.4018,0.42,Calm,FMS_MARITIME,2026-04-06
2021-06-03,27,HFO,80.15,17.0,408.0,24,611.7331,0.83,Moderate,FMS_MARITIME,2026-04-06
2021-06-04,27,VLSFO,39.03,14.6,350.4,24,346.8591,0.62,Rough,FMS_MARITIME,2026-04-06
2021-06-05,27,LSMGO,45.96,16.0,384.0,24,372.7069,0.87,Rough,FMS_MARITIME,2026-04-06
2021-06-06,27,HFO,70.95,15.9,381.6,24,578.9788,0.63,Rough,FMS_MARITIME,2026-04-06
2021-06-07,27,LNG,45.56,11.1,266.4,24,532.5595,0.68,Calm,FMS_MARITIME,2026-04-06
2021-06-08,27,LSMGO,46.99,15.6,374.4,24,390.8303,0.53,Moderate,FMS_MARITIME,2026-04-06
2021-06-09,27,VLSFO,15.2,16.2,388.8,24,121.7407,0.96,Rough,FMS_MARITIME,2026-04-06
2021-06-10,27,VLSFO,58.63,16.4,393.6,24,463.8563,0.55,Moderate,FMS_MARITIME,2026-04-06
2021-06-11,27,VLSFO,36.97,17.1,410.4,24,280.518,0.48,Moderate,FMS_MARITIME,2026-04-06
2021-06-12,27,VLSFO,53.22,15.1,362.4,24,457.3043,0.98,Rough,FMS_MARITIME,2026-04-06
2021-06-13,27,LNG,80.6,12.6,302.4,24,829.9881,0.99,Rough,FMS_MARITIME,2026-04-06
2021-06-14,27,HFO,48.73,11.0,264.0,24,574.7925,0.59,Rough,FMS_MARITIME,2026-04-06
2021-06-15,27,VLSFO,78.4,13.9,333.6,24,731.8273,0.9,Rough,FMS_MARITIME,2026-04-06
2021-06-16,27,LSMGO,30.21,14.2,340.8,24,276.0386,0.8,Rough,FMS_MARITIME,2026-04-06
2021-06-17,27,LNG,45.83,13.0,312.0,24,457.4187,0.47,Calm,FMS_MARITIME,2026-04-06
2021-06-18,27,MGO,48.42,9.5,228.0,24,661.3153,0.66,Rough,FMS_MARITIME,2026-04-06
2021-06-19,27,HFO,22.78,8.8,211.2,24,335.8756,0.97,Moderate,FMS_MARITIME,2026-04-06
2021-06-20,27,LNG,40.24,12.6,302.4,24,414.3762,0.95,Moderate,FMS_MARITIME,2026-04-06
2021-06-21,27,LSMGO,19.23,14.6,350.4,24,170.8967,0.78,Calm,FMS_MARITIME,2026-04-06
2021-06-22,27,MGO,22.11,15.8,379.2,24,181.5679,0.46,Calm,FMS_MARITIME,2026-04-06
2021-06-23,27,LSMGO,56.99,14.6,350.4,24,506.4693,0.57,Calm,FMS_MARITIME,2026-04-06
2021-06-24,27,HFO,24.97,12.9,309.6,24,251.1517,0.72,Moderate,FMS_MARITIME,2026-04-06
2021-06-25,27,LNG,65.57,12.3,295.2,24,691.6835,0.65,Rough,FMS_MARITIME,2026-04-06
2021-06-26,27,LNG,41.2,14.6,350.4,24,366.1438,0.54,Moderate,FMS_MARITIME,2026-04-06
2021-06-27,27,VLSFO,76.51,12.9,309.6,24,769.5483,0.42,Moderate,FMS_MARITIME,2026-04-06
2021-06-28,27,MGO,60.43,17.6,422.4,24,445.4996,0.72,Rough,FMS_MARITIME,2026-04-06
2021-06-28,27,LNG,54.92,15.7,376.8,24,453.8771,0.59,Calm,FMS_MARITIME,2026-04-06
2021-06-28,27,VLSFO,34.28,14.4,345.6,24,308.8771,0.99,Moderate,FMS_MARITIME,2026-04-06
2021-06-01,28,MGO,42.85,9.3,223.2,24,597.8266,0.49,Moderate,FMS_MARITIME,2026-04-06
2021-06-02,28,LSMGO,63.62,8.8,211.2,24,938.0335,0.99,Rough,FMS_MARITIME,2026-04-06
2021-06-03,28,LNG,72.81,10.3,247.2,24,917.1939,0.91,Moderate,FMS_MARITIME,2026-04-06
2021-06-04,28,LNG,23.3,13.4,321.6,24,225.6101,0.63,Rough,FMS_MARITIME,2026-04-06
2021-06-05,28,LNG,71.63,10.8,259.2,24,860.5549,0.61,Calm,FMS_MARITIME,2026-04-06
2021-06-06,28,LSMGO,68.43,12.2,292.8,24,727.7699,0.42,Moderate,FMS_MARITIME,2026-04-06
2021-06-07,28,MGO,44.65,14.6,350.4,24,396.8039,0.64,Calm,FMS_MARITIME,2026-04-06
2021-06-08,28,HFO,42.66,16.3,391.2,24,339.5788,0.59,Calm,FMS_MARITIME,2026-04-06
2021-06-09,28,HFO,56.71,15.6,374.4,24,471.6745,0.97,Calm,FMS_MARITIME,2026-04-06
2021-06-10,28,LNG,31.39,12.6,302.4,24,323.2423,0.81,Moderate,FMS_MARITIME,2026-04-06
2021-06-11,28,VLSFO,72.33,14.6,350.4,24,642.7957,0.67,Rough,FMS_MARITIME,2026-04-06
2021-06-12,28,MGO,65.88,11.2,268.8,24,763.208,0.87,Calm,FMS_MARITIME,2026-04-06
2021-06-13,28,LSMGO,40.78,15.0,360.0,24,352.747,0.67,Moderate,FMS_MARITIME,2026-04-06
2021-06-14,28,LSMGO,57.8,10.8,259.2,24,694.4028,0.98,Calm,FMS_MARITIME,2026-04-06
2021-06-15,28,VLSFO,61.61,16.0,384.0,24,499.6186,0.48,Moderate,FMS_MARITIME,2026-04-06
2021-06-16,28,VLSFO,52.82,14.5,348.0,24,472.6479,0.73,Moderate,FMS_MARITIME,2026-04-06
2021-06-17,28,LSMGO,77.54,13.9,333.6,24,723.7996,0.75,Calm,FMS_MARITIME,2026-04-06
2021-06-18,28,MGO,56.6,13.9,333.6,24,528.3345,0.42,Rough,FMS_MARITIME,2026-04-06
2021-06-19,28,LSMGO,42.27,10.1,242.4,24,543.023,0.9,Rough,FMS_MARITIME,2026-04-06
2021-06-20,28,VLSFO,49.61,15.4,369.6,24,417.9804,0.43,Moderate,FMS_MARITIME,2026-04-06
2021-06-21,28,LSMGO,53.01,8.9,213.6,24,772.8143,0.95,Calm,FMS_MARITIME,2026-04-06
2021-06-22,28,LNG,26.97,15.7,376.8,24,222.889,0.62,Moderate,FMS_MARITIME,2026-04-06
2021-06-23,28,VLSFO,51.7,15.7,376.8,24,427.2659,0.64,Calm,FMS_MARITIME,2026-04-06
2021-06-24,28,LSMGO,54.25,10.7,256.8,24,657.8446,0.65,Rough,FMS_MARITIME,2026-04-06
2021-06-25,28,LSMGO,82.69,8.1,194.4,24,1324.5713,0.94,Calm,FMS_MARITIME,2026-04-06
2021-06-26,28,LSMGO,30.47,8.1,194.4,24,488.0843,0.76,Rough,FMS_MARITIME,2026-04-06
2021-06-27,28,LNG,29.23,13.7,328.8,24,276.8316,0.72,Calm,FMS_MARITIME,2026-04-06
2021-06-28,28,LNG,44.3,11.9,285.6,24,483.0189,0.73,Calm,FMS_MARITIME,2026-04-06
2021-06-28,28,HFO,69.33,8.0,192.0,24,1124.4459,0.41,Moderate,FMS_MARITIME,2026-04-06
2021-06-28,28,MGO,65.32,11.1,266.4,24,763.5378,0.47,Moderate,FMS_MARITIME,2026-04-06
2021-06-01,29,MGO,40.01,10.5,252.0,24,494.4093,0.55,Calm,FMS_MARITIME,2026-04-06
2021-06-02,29,HFO,57.62,15.1,362.4,24,495.1123,0.66,Calm,FMS_MARITIME,2026-04-06
2021-06-03,29,MGO,67.43,8.5,204.0,24,1029.2991,0.86,Rough,FMS_MARITIME,2026-04-06
2021-06-04,29,LNG,70.88,9.3,223.2,24,988.8903,0.42,Rough,FMS_MARITIME,2026-04-06
2021-06-05,29,MGO,54.21,13.6,326.4,24,517.1873,0.89,Moderate,FMS_MARITIME,2026-04-06
2021-06-06,29,MGO,43.65,10.0,240.0,24,566.3587,0.66,Moderate,FMS_MARITIME,2026-04-06
2021-06-07,29,VLSFO,79.68,12.3,295.2,24,840.5268,0.92,Moderate,FMS_MARITIME,2026-04-06
2021-06-08,29,LSMGO,40.74,11.8,283.2,24,447.9674,0.72,Moderate,FMS_MARITIME,2026-04-06
2021-06-09,29,VLSFO,64.49,14.6,350.4,24,573.1217,0.76,Calm,FMS_MARITIME,2026-04-06
2021-06-10,29,VLSFO,39.17,9.5,228.0,24,534.9797,0.46,Rough,FMS_MARITIME,2026-04-06
2021-06-11,29,LNG,46.05,15.0,360.0,24,398.3325,0.59,Moderate,FMS_MARITIME,2026-04-06
2021-06-12,29,MGO,69.05,12.1,290.4,24,740.4329,0.84,Rough,FMS_MARITIME,2026-04-06
2021-06-13,29,LNG,82.21,16.3,391.2,24,654.4017,0.77,Calm,FMS_MARITIME,2026-04-06
2021-06-14,29,MGO,22.04,12.5,300.0,24,228.7752,0.72,Calm,FMS_MARITIME,2026-04-06
2021-06-15,29,MGO,67.21,8.4,201.6,24,1038.1545,0.66,Moderate,FMS_MARITIME,2026-04-06
2021-06-16,29,VLSFO,51.67,17.6,422.4,24,380.9195,0.71,Moderate,FMS_MARITIME,2026-04-06
2021-06-17,29,HFO,81.09,16.0,384.0,24,657.5892,0.6,Moderate,FMS_MARITIME,2026-04-06
2021-06-18,29,LSMGO,28.89,14.1,338.4,24,265.8495,0.81,Moderate,FMS_MARITIME,2026-04-06
2021-06-19,29,MGO,81.28,12.3,295.2,24,857.4049,0.48,Calm,FMS_MARITIME,2026-04-06
2021-06-20,29,LNG,18.11,11.6,278.4,24,202.5666,0.75,Rough,FMS_MARITIME,2026-04-06
2021-06-21,29,LNG,53.51,12.2,292.8,24,569.092,0.51,Moderate,FMS_MARITIME,2026-04-06
2021-06-22,29,LSMGO,74.73,14.2,340.8,24,682.8322,0.84,Calm,FMS_MARITIME,2026-04-06
2021-06-23,29,LNG,34.49,10.9,261.6,24,410.5576,0.6,Calm,FMS_MARITIME,2026-04-06
2021-06-24,29,VLSFO,67.45,14.1,338.4,24,620.6835,0.78,Moderate,FMS_MARITIME,2026-04-06
2021-06-25,29,LSMGO,64.82,11.6,278.4,24,725.0341,0.86,Calm,FMS_MARITIME,2026-04-06
2021-06-26,29,MGO,25.87,12.9,309.6,24,260.2041,0.63,Moderate,FMS_MARITIME,2026-04-06
2021-06-27,29,VLSFO,60.1,8.2,196.8,24,950.9726,0.98,Moderate,FMS_MARITIME,2026-04-06
2021-06-28,29,MGO,51.48,9.3,223.2,24,718.229,0.92,Moderate,FMS_MARITIME,2026-04-06
2021-06-28,29,VLSFO,53.74,8.1,194.4,24,860.8352,0.81,Calm,FMS_MARITIME,2026-04-06
2021-06-28,29,MGO,61.13,10.0,240.0,24,793.1618,0.53,Rough,FMS_MARITIME,2026-04-06
2021-06-01,30,HFO,23.06,11.7,280.8,24,255.7295,0.51,Calm,FMS_MARITIME,2026-04-06
2021-06-02,30,VLSFO,84.51,17.8,427.2,24,616.0209,0.59,Calm,FMS_MARITIME,2026-04-06
2021-06-03,30,MGO,40.26,15.5,372.0,24,337.0152,0.8,Rough,FMS_MARITIME,2026-04-06
2021-06-04,30,HFO,71.63,11.1,266.4,24,837.2966,0.45,Calm,FMS_MARITIME,2026-04-06
2021-06-05,30,LNG,80.74,12.4,297.6,24,844.8399,0.66,Calm,FMS_MARITIME,2026-04-06
2021-06-06,30,LNG,48.97,11.6,278.4,24,547.7463,0.89,Calm,FMS_MARITIME,2026-04-06
2021-06-07,30,VLSFO,18.96,16.5,396.0,24,149.0945,0.7,Rough,FMS_MARITIME,2026-04-06
2021-06-08,30,LSMGO,79.89,16.3,391.2,24,635.9342,0.83,Moderate,FMS_MARITIME,2026-04-06
2021-06-09,30,VLSFO,63.23,15.6,374.4,24,525.9034,0.73,Calm,FMS_MARITIME,2026-04-06
2021-06-10,30,HFO,65.15,16.8,403.2,24,503.1674,0.77,Moderate,FMS_MARITIME,2026-04-06
2021-06-11,30,VLSFO,45.42,12.1,290.4,24,487.045,0.75,Calm,FMS_MARITIME,2026-04-06
2021-06-12,30,VLSFO,49.7,16.5,396.0,24,390.8227,0.5,Rough,FMS_MARITIME,2026-04-06
2021-06-13,30,MGO,25.72,9.9,237.6,24,337.0879,0.66,Calm,FMS_MARITIME,2026-04-06
2021-06-14,30,VLSFO,60.01,12.6,302.4,24,617.9601,0.65,Moderate,FMS_MARITIME,2026-04-06
2021-06-15,30,LSMGO,21.75,13.9,333.6,24,203.0261,0.62,Moderate,FMS_MARITIME,2026-04-06
2021-06-16,30,HFO,33.55,16.1,386.4,24,270.3797,0.93,Rough,FMS_MARITIME,2026-04-06
2021-06-17,30,MGO,54.89,12.6,302.4,24,565.2363,0.77,Calm,FMS_MARITIME,2026-04-06
2021-06-18,30,LNG,60.55,16.3,391.2,24,481.9854,1.0,Rough,FMS_MARITIME,2026-04-06
2021-06-19,30,LNG,33.64,9.8,235.2,24,445.3867,0.94,Calm,FMS_MARITIME,2026-04-06
2021-06-20,30,MGO,56.96,11.1,266.4,24,665.8162,0.43,Moderate,FMS_MARITIME,2026-04-06
2021-06-21,30,MGO,22.59,17.6,422.4,24,166.5371,0.61,Calm,FMS_MARITIME,2026-04-06
2021-06-22,30,MGO,25.31,16.4,393.6,24,200.2422,0.75,Rough,FMS_MARITIME,2026-04-06
2021-06-23,30,MGO,40.83,14.0,336.0,24,378.4066,0.79,Calm,FMS_MARITIME,2026-04-06
2021-06-24,30,LNG,68.63,8.6,206.4,24,1035.4352,0.86,Calm,FMS_MARITIME,2026-04-06
2021-06-25,30,HFO,71.35,9.3,223.2,24,995.4476,0.5,Rough,FMS_MARITIME,2026-04-06
2021-06-26,30,VLSFO,25.22,11.1,266.4,24,294.8014,0.52,Rough,FMS_MARITIME,2026-04-06
2021-06-27,30,HFO,48.9,9.6,230.4,24,660.9141,0.68,Moderate,FMS_MARITIME,2026-04-06
2021-06-28,30,LSMGO,76.41,16.5,396.0,24,600.8605,0.97,Calm,FMS_MARITIME,2026-04-06
2021-06-28,30,HFO,57.22,16.2,388.8,24,458.2898,0.5,Rough,FMS_MARITIME,2026-04-06
2021-06-28,30,LSMGO,34.24,16.5,396.0,24,269.2509,0.8,Moderate,FMS_MARITIME,2026-04-06
2021-06-01,31,HFO,22.51,8.3,199.2,24,351.8883,0.62,Rough,FMS_MARITIME,2026-04-06
2021-06-02,31,LSMGO,16.78,17.7,424.8,24,123.0059,0.92,Moderate,FMS_MARITIME,2026-04-06
2021-06-03,31,HFO,16.93,15.6,374.4,24,140.812,0.94,Rough,FMS_MARITIME,2026-04-06
2021-06-04,31,MGO,62.81,11.5,276.0,24,708.6607,0.69,Rough,FMS_MARITIME,2026-04-06
2021-06-05,31,MGO,53.41,10.8,259.2,24,641.6618,0.66,Rough,FMS_MARITIME,2026-04-06
2021-06-06,31,LNG,53.01,9.2,220.8,24,747.6139,0.98,Rough,FMS_MARITIME,2026-04-06
2021-06-07,31,VLSFO,60.28,16.4,393.6,24,476.9104,0.93,Calm,FMS_MARITIME,2026-04-06
2021-06-08,31,HFO,66.68,8.4,201.6,24,1029.9679,0.65,Calm,FMS_MARITIME,2026-04-06
2021-06-09,31,MGO,84.95,13.8,331.2,24,798.7147,0.57,Calm,FMS_MARITIME,2026-04-06
2021-06-10,31,HFO,78.46,15.0,360.0,24,678.679,0.51,Moderate,FMS_MARITIME,2026-04-06
2021-06-11,31,LNG,67.5,17.4,417.6,24,503.3405,0.63,Calm,FMS_MARITIME,2026-04-06
2021-06-12,31,MGO,83.69,15.7,376.8,24,691.6419,0.76,Moderate,FMS_MARITIME,2026-04-06
2021-06-13,31,VLSFO,53.46,17.0,408.0,24,408.0256,0.4,Calm,FMS_MARITIME,2026-04-06
2021-06-14,31,VLSFO,17.27,9.0,216.0,24,248.9758,0.78,Moderate,FMS_MARITIME,2026-04-06
2021-06-15,31,LNG,46.94,10.9,261.6,24,558.7583,0.57,Rough,FMS_MARITIME,2026-04-06
2021-06-16,31,VLSFO,69.81,13.7,328.8,24,661.1568,0.73,Calm,FMS_MARITIME,2026-04-06
2021-06-17,31,MGO,58.93,14.6,350.4,24,523.7101,0.88,Moderate,FMS_MARITIME,2026-04-06
2021-06-18,31,LNG,32.67,12.0,288.0,24,353.2444,0.59,Rough,FMS_MARITIME,2026-04-06
2021-06-19,31,LSMGO,57.04,10.6,254.4,24,698.2019,0.54,Rough,FMS_MARITIME,2026-04-06
2021-06-20,31,LSMGO,50.69,12.8,307.2,24,513.8303,0.78,Calm,FMS_MARITIME,2026-04-06
2021-06-21,31,LSMGO,42.07,13.2,316.8,24,413.529,0.72,Calm,FMS_MARITIME,2026-04-06
2021-06-22,31,LNG,58.16,8.2,196.8,24,920.2756,0.82,Calm,FMS_MARITIME,2026-04-06
2021-06-23,31,HFO,83.6,15.0,360.0,24,723.14,0.64,Moderate,FMS_MARITIME,2026-04-06
2021-06-24,31,VLSFO,37.01,14.8,355.2,24,324.4627,0.81,Moderate,FMS_MARITIME,2026-04-06
2021-06-25,31,VLSFO,30.54,16.4,393.6,24,241.6198,0.71,Rough,FMS_MARITIME,2026-04-06
2021-06-26,31,HFO,73.11,10.8,259.2,24,878.3354,0.79,Calm,FMS_MARITIME,2026-04-06
2021-06-27,31,MGO,77.57,15.6,374.4,24,645.1736,0.41,Calm,FMS_MARITIME,2026-04-06
2021-06-28,31,MGO,67.12,14.7,352.8,24,592.4367,0.51,Moderate,FMS_MARITIME,2026-04-06
2021-06-28,31,HFO,76.89,10.8,259.2,24,923.7479,0.92,Rough,FMS_MARITIME,2026-04-06
2021-06-28,31,LNG,76.17,9.4,225.6,24,1051.3891,0.77,Moderate,FMS_MARITIME,2026-04-06
2021-06-01,32,VLSFO,65.96,15.5,372.0,24,552.149,1.0,Calm,FMS_MARITIME,2026-04-06
2021-06-02,32,LNG,15.58,13.0,312.0,24,155.5004,0.87,Moderate,FMS_MARITIME,2026-04-06
2021-06-03,32,VLSFO,81.91,10.6,254.4,24,1002.6248,0.42,Calm,FMS_MARITIME,2026-04-06
2021-06-04,32,MGO,20.03,15.2,364.8,24,170.9798,0.64,Rough,FMS_MARITIME,2026-04-06
2021-06-05,32,HFO,49.9,12.4,297.6,24,522.1391,0.46,Calm,FMS_MARITIME,2026-04-06
2021-06-06,32,HFO,58.3,9.0,216.0,24,840.4917,0.62,Rough,FMS_MARITIME,2026-04-06
2021-06-07,32,VLSFO,71.27,13.4,321.6,24,690.0957,0.98,Moderate,FMS_MARITIME,2026-04-06
2021-06-08,32,LSMGO,19.36,14.4,345.6,24,174.4417,0.42,Moderate,FMS_MARITIME,2026-04-06
2021-06-09,32,VLSFO,41.15,9.3,223.2,24,574.1089,0.85,Rough,FMS_MARITIME,2026-04-06
2021-06-10,32,LSMGO,53.3,9.1,218.4,24,759.9643,0.9,Moderate,FMS_MARITIME,2026-04-06
2021-06-11,32,LSMGO,28.0,17.1,410.4,24,212.4561,0.94,Calm,FMS_MARITIME,2026-04-06
2021-06-12,32,LSMGO,68.69,14.3,343.2,24,623.2537,0.99,Moderate,FMS_MARITIME,2026-04-06
2021-06-13,32,HFO,16.48,14.9,357.6,24,143.5087,0.45,Moderate,FMS_MARITIME,2026-04-06
2021-06-14,32,HFO,26.01,15.0,360.0,24,224.9865,0.64,Calm,FMS_MARITIME,2026-04-06
2021-06-15,32,MGO,15.63,11.7,280.8,24,173.3327,0.93,Calm,FMS_MARITIME,2026-04-06
2021-06-16,32,HFO,84.55,12.3,295.2,24,891.8994,0.88,Moderate,FMS_MARITIME,2026-04-06
2021-06-17,32,LSMGO,24.28,9.8,235.2,24,321.4622,0.48,Rough,FMS_MARITIME,2026-04-06
2021-06-18,32,LSMGO,45.14,17.8,427.2,24,329.0402,0.76,Rough,FMS_MARITIME,2026-04-06
2021-06-19,32,LNG,64.19,16.9,405.6,24,492.8197,0.89,Moderate,FMS_MARITIME,2026-04-06
2021-06-20,32,LNG,19.51,9.3,223.2,24,272.196,0.97,Calm,FMS_MARITIME,2026-04-06
2021-06-21,32,LNG,46.64,15.7,376.8,24,385.4484,0.43,Rough,FMS_MARITIME,2026-04-06
2021-06-22,32,LSMGO,74.88,9.9,237.6,24,981.3818,0.77,Calm,FMS_MARITIME,2026-04-06
2021-06-23,32,LSMGO,55.2,14.3,343.2,24,500.8531,0.96,Calm,FMS_MARITIME,2026-04-06
2021-06-24,32,MGO,32.74,14.2,340.8,24,299.156,0.69,Calm,FMS_MARITIME,2026-04-06
2021-06-25,32,MGO,45.86,11.7,280.8,24,508.5756,0.69,Calm,FMS_MARITIME,2026-04-06
2021-06-26,32,LSMGO,29.03,16.7,400.8,24,225.5475,0.89,Rough,FMS_MARITIME,2026-04-06
2021-06-27,32,LSMGO,76.92,9.3,223.2,24,1073.1581,0.66,Calm,FMS_MARITIME,2026-04-06
2021-06-28,32,HFO,47.73,12.3,295.2,24,503.4933,0.92,Rough,FMS_MARITIME,2026-04-06
2021-06-28,32,LSMGO,26.28,13.7,328.8,24,248.8927,0.87,Moderate,FMS_MARITIME,2026-04-06
2021-06-28,32,LSMGO,47.3,17.5,420.0,24,350.6957,0.54,Calm,FMS_MARITIME,2026-04-06
2021-06-01,33,LSMGO,33.12,12.0,288.0,24,358.11,0.62,Rough,FMS_MARITIME,2026-04-06
2021-06-02,33,LNG,32.03,8.0,192.0,24,519.4866,0.87,Rough,FMS_MARITIME,2026-04-06
2021-06-03,33,LSMGO,32.88,14.1,338.4,24,302.566,0.59,Moderate,FMS_MARITIME,2026-04-06
2021-06-04,33,MGO,30.34,17.1,410.4,24,230.2114,0.48,Calm,FMS_MARITIME,2026-04-06
2021-06-05,33,HFO,16.62,17.9,429.6,24,120.4718,0.54,Moderate,FMS_MARITIME,2026-04-06
2021-06-06,33,MGO,17.78,9.2,220.8,24,250.756,0.69,Calm,FMS_MARITIME,2026-04-06
2021-06-07,33,HFO,47.14,16.1,386.4,24,379.9016,0.85,Moderate,FMS_MARITIME,2026-04-06
2021-06-08,33,LSMGO,17.63,11.4,273.6,24,200.6572,0.86,Calm,FMS_MARITIME,2026-04-06
2021-06-09,33,LSMGO,30.4,13.5,324.0,24,292.1778,0.5,Moderate,FMS_MARITIME,2026-04-06
2021-06-10,33,MGO,21.07,17.1,410.4,24,159.8732,0.79,Moderate,FMS_MARITIME,2026-04-06
2021-06-11,33,LSMGO,42.44,8.1,194.4,24,679.8259,0.93,Calm,FMS_MARITIME,2026-04-06
2021-06-12,33,LNG,27.65,15.8,379.2,24,227.0625,0.74,Moderate,FMS_MARITIME,2026-04-06
2021-06-13,33,LNG,59.68,8.3,199.2,24,932.9494,0.63,Calm,FMS_MARITIME,2026-04-06
2021-06-14,33,LSMGO,50.96,11.4,273.6,24,580.0053,0.5,Rough,FMS_MARITIME,2026-04-06
2021-06-15,33,MGO,60.43,15.6,374.4,24,502.6149,0.93,Calm,FMS_MARITIME,2026-04-06
2021-06-16,33,HFO,31.74,10.6,254.4,24,388.5156,0.99,Calm,FMS_MARITIME,2026-04-06
2021-06-17,33,LSMGO,68.24,9.7,232.8,24,912.7979,0.8,Calm,FMS_MARITIME,2026-04-06
2021-06-18,33,LSMGO,75.07,8.9,213.6,24,1094.4194,0.64,Moderate,FMS_MARITIME,2026-04-06
2021-06-19,33,VLSFO,56.07,11.1,266.4,24,655.4128,0.74,Moderate,FMS_MARITIME,2026-04-06
2021-06-20,33,LSMGO,40.54,11.8,283.2,24,445.7682,0.68,Moderate,FMS_MARITIME,2026-04-06
2021-06-21,33,LSMGO,30.63,12.8,307.2,24,310.4877,0.56,Moderate,FMS_MARITIME,2026-04-06
2021-06-22,33,LSMGO,78.87,11.0,264.0,24,930.3075,0.58,Moderate,FMS_MARITIME,2026-04-06
2021-06-23,33,VLSFO,67.25,13.9,333.6,24,627.7473,0.59,Calm,FMS_MARITIME,2026-04-06
2021-06-24,33,MGO,83.42,10.4,249.6,24,1040.7447,0.75,Rough,FMS_MARITIME,2026-04-06
2021-06-25,33,HFO,22.26,15.9,381.6,24,181.65,1.0,Calm,FMS_MARITIME,2026-04-06
2021-06-26,33,LNG,56.43,14.4,345.6,24,508.4578,0.48,Calm,FMS_MARITIME,2026-04-06
2021-06-27,33,HFO,71.62,14.9,357.6,24,623.6708,0.74,Calm,FMS_MARITIME,2026-04-06
2021-06-28,33,VLSFO,49.48,13.4,321.6,24,479.1067,0.47,Moderate,FMS_MARITIME,2026-04-06
2021-06-28,33,LSMGO,19.85,15.2,364.8,24,169.4433,0.71,Rough,FMS_MARITIME,2026-04-06
2021-06-28,33,VLSFO,72.77,16.7,400.8,24,565.3837,0.93,Rough,FMS_MARITIME,2026-04-06
2021-06-01,34,HFO,36.73,14.8,355.2,24,322.0079,0.93,Moderate,FMS_MARITIME,2026-04-06
2021-06-02,34,HFO,82.77,8.1,194.4,24,1325.8528,0.53,Calm,FMS_MARITIME,2026-04-06
2021-06-03,34,LNG,84.77,11.8,283.2,24,932.1108,0.88,Rough,FMS_MARITIME,2026-04-06
2021-06-04,34,VLSFO,78.6,15.5,372.0,24,657.9581,0.99,Rough,FMS_MARITIME,2026-04-06
2021-06-05,34,HFO,76.47,12.8,307.2,24,775.1549,0.59,Rough,FMS_MARITIME,2026-04-06
2021-06-06,34,MGO,57.57,14.2,340.8,24,526.0357,0.47,Calm,FMS_MARITIME,2026-04-06
2021-06-07,34,LNG,31.3,16.8,403.2,24,241.7366,0.98,Moderate,FMS_MARITIME,2026-04-06
2021-06-08,34,VLSFO,45.92,12.8,307.2,24,465.4781,0.4,Moderate,FMS_MARITIME,2026-04-06
2021-06-09,34,LSMGO,71.28,11.4,273.6,24,811.2789,0.61,Rough,FMS_MARITIME,2026-04-06
2021-06-10,34,LNG,31.96,16.8,403.2,24,246.8339,0.62,Moderate,FMS_MARITIME,2026-04-06
2021-06-11,34,LSMGO,45.64,11.5,276.0,24,514.9383,0.94,Calm,FMS_MARITIME,2026-04-06
2021-06-12,34,MGO,51.39,15.4,369.6,24,432.9774,0.47,Rough,FMS_MARITIME,2026-04-06
2021-06-13,34,VLSFO,30.83,12.4,297.6,24,322.5962,0.91,Moderate,FMS_MARITIME,2026-04-06
2021-06-14,34,MGO,81.58,9.8,235.2,24,1080.1026,0.76,Calm,FMS_MARITIME,2026-04-06
2021-06-15,34,LSMGO,28.69,11.8,283.2,24,315.4684,0.85,Calm,FMS_MARITIME,2026-04-06
2021-06-16,34,LNG,39.77,15.0,360.0,24,344.0105,0.45,Moderate,FMS_MARITIME,2026-04-06
2021-06-17,34,LSMGO,58.75,14.9,357.6,24,511.5982,0.6,Calm,FMS_MARITIME,2026-04-06
2021-06-18,34,MGO,84.93,8.6,206.4,24,1281.3567,0.92,Rough,FMS_MARITIME,2026-04-06
2021-06-19,34,MGO,71.09,14.9,357.6,24,619.0555,0.7,Rough,FMS_MARITIME,2026-04-06
2021-06-20,34,MGO,28.35,10.9,261.6,24,337.469,0.95,Rough,FMS_MARITIME,2026-04-06
2021-06-21,34,MGO,58.53,10.6,254.4,24,716.4403,0.68,Rough,FMS_MARITIME,2026-04-06
2021-06-22,34,MGO,71.09,8.7,208.8,24,1060.2216,0.81,Moderate,FMS_MARITIME,2026-04-06
2021-06-23,34,MGO,20.53,14.8,355.2,24,179.9843,0.75,Calm,FMS_MARITIME,2026-04-06
2021-06-24,34,LSMGO,70.79,17.2,412.8,24,534.0118,0.44,Rough,FMS_MARITIME,2026-04-06
2021-06-25,34,VLSFO,63.64,13.9,333.6,24,594.0496,0.92,Moderate,FMS_MARITIME,2026-04-06
2021-06-26,34,LNG,53.78,9.8,235.2,24,712.0362,0.47,Rough,FMS_MARITIME,2026-04-06
2021-06-27,34,HFO,51.22,13.6,326.4,24,488.6614,0.84,Calm,FMS_MARITIME,2026-04-06
2021-06-28,34,HFO,37.44,13.2,316.8,24,368.0182,0.52,Rough,FMS_MARITIME,2026-04-06
2021-06-28,34,VLSFO,46.35,9.2,220.8,24,653.6861,0.67,Calm,FMS_MARITIME,2026-04-06
2021-06-28,34,VLSFO,61.86,13.9,333.6,24,577.4342,0.84,Calm,FMS_MARITIME,2026-04-06
2021-06-01,35,MGO,59.37,16.0,384.0,24,481.4536,0.71,Moderate,FMS_MARITIME,2026-04-06
2021-06-02,35,MGO,36.62,14.3,343.2,24,332.2689,0.97,Moderate,FMS_MARITIME,2026-04-06
2021-06-03,35,MGO,64.86,17.5,420.0,24,480.8906,0.63,Rough,FMS_MARITIME,2026-04-06
2021-06-04,35,MGO,75.57,13.0,312.0,24,754.2467,0.76,Calm,FMS_MARITIME,2026-04-06
2021-06-05,35,VLSFO,29.03,17.1,410.4,24,220.2715,0.77,Calm,FMS_MARITIME,2026-04-06
2021-06-06,35,HFO,83.22,15.2,364.8,24,710.3812,0.53,Moderate,FMS_MARITIME,2026-04-06
2021-06-07,35,LSMGO,69.68,14.5,348.0,24,623.5159,0.53,Rough,FMS_MARITIME,2026-04-06
2021-06-08,35,VLSFO,56.31,14.4,345.6,24,507.3766,0.95,Calm,FMS_MARITIME,2026-04-06
2021-06-09,35,VLSFO,65.54,12.7,304.8,24,669.5917,0.72,Calm,FMS_MARITIME,2026-04-06
2021-06-10,35,LSMGO,76.81,8.8,211.2,24,1132.5111,0.62,Moderate,FMS_MARITIME,2026-04-06
2021-06-11,35,VLSFO,51.38,14.1,338.4,24,472.8053,0.8,Rough,FMS_MARITIME,2026-04-06
2021-06-12,35,MGO,59.32,12.8,307.2,24,601.3102,0.94,Moderate,FMS_MARITIME,2026-04-06
2021-06-13,35,VLSFO,34.58,14.5,348.0,24,309.4314,0.68,Moderate,FMS_MARITIME,2026-04-06
2021-06-14,35,LNG,35.55,15.2,364.8,24,303.4613,0.57,Rough,FMS_MARITIME,2026-04-06
2021-06-15,35,LNG,42.67,13.7,328.8,24,404.1192,0.94,Calm,FMS_MARITIME,2026-04-06
2021-06-16,35,VLSFO,76.76,11.9,285.6,24,836.942,0.99,Rough,FMS_MARITIME,2026-04-06
2021-06-17,35,MGO,68.83,16.2,388.8,24,551.2773,0.86,Calm,FMS_MARITIME,2026-04-06
2021-06-18,35,MGO,25.7,12.2,292.8,24,273.3258,0.72,Rough,FMS_MARITIME,2026-04-06
2021-06-19,35,HFO,57.67,8.3,199.2,24,901.528,0.8,Rough,FMS_MARITIME,2026-04-06
2021-06-20,35,HFO,43.93,9.9,237.6,24,575.7492,0.41,Moderate,FMS_MARITIME,2026-04-06
2021-06-21,35,VLSFO,75.63,16.9,405.6,24,580.6504,0.57,Moderate,FMS_MARITIME,2026-04-06
2021-06-22,35,VLSFO,67.59,14.3,343.2,24,613.2729,0.8,Calm,FMS_MARITIME,2026-04-06
2021-06-23,35,VLSFO,34.09,16.0,384.0,24,276.4486,0.72,Calm,FMS_MARITIME,2026-04-06
2021-06-24,35,HFO,49.46,9.2,220.8,24,697.5473,0.42,Rough,FMS_MARITIME,2026-04-06
2021-06-25,35,LNG,83.63,9.1,218.4,24,1192.4168,0.78,Moderate,FMS_MARITIME,2026-04-06
2021-06-26,35,LNG,15.34,10.2,244.8,24,195.1338,1.0,Calm,FMS_MARITIME,2026-04-06
2021-06-27,35,LSMGO,70.58,12.5,300.0,24,732.6204,0.5,Calm,FMS_MARITIME,2026-04-06
2021-06-28,35,LSMGO,39.03,10.6,254.4,24,477.7493,0.76,Moderate,FMS_MARITIME,2026-04-06
2021-06-28,35,VLSFO,66.23,14.2,340.8,24,605.165,0.77,Moderate,FMS_MARITIME,2026-04-06
2021-06-28,35,HFO,34.75,10.8,259.2,24,417.4826,0.64,Calm,FMS_MARITIME,2026-04-06
2021-06-01,36,VLSFO,30.29,16.2,388.8,24,242.6005,0.56,Moderate,FMS_MARITIME,2026-04-06
2021-06-02,36,MGO,60.01,10.9,261.6,24,714.3392,0.6,Rough,FMS_MARITIME,2026-04-06
2021-06-03,36,LSMGO,62.62,8.9,213.6,24,912.9152,0.66,Calm,FMS_MARITIME,2026-04-06
2021-06-04,36,LNG,69.76,17.5,420.0,24,517.2206,0.63,Calm,FMS_MARITIME,2026-04-06
2021-06-05,36,VLSFO,46.39,13.2,316.8,24,455.9926,0.53,Rough,FMS_MARITIME,2026-04-06
2021-06-06,36,LSMGO,83.55,16.1,386.4,24,673.33,0.78,Moderate,FMS_MARITIME,2026-04-06
2021-06-07,36,HFO,22.0,12.2,292.8,24,233.9754,0.61,Moderate,FMS_MARITIME,2026-04-06
2021-06-08,36,HFO,16.49,12.4,297.6,24,172.5466,0.98,Calm,FMS_MARITIME,2026-04-06
2021-06-09,36,MGO,43.3,12.0,288.0,24,468.1812,0.81,Moderate,FMS_MARITIME,2026-04-06
2021-06-10,36,LNG,52.92,10.1,242.4,24,679.8386,0.77,Moderate,FMS_MARITIME,2026-04-06
2021-06-11,36,LSMGO,46.06,11.8,283.2,24,506.4648,0.82,Rough,FMS_MARITIME,2026-04-06
2021-06-12,36,VLSFO,40.68,12.5,300.0,24,422.2584,0.48,Calm,FMS_MARITIME,2026-04-06
2021-06-13,36,MGO,47.19,9.0,216.0,24,680.3225,0.57,Calm,FMS_MARITIME,2026-04-06
2021-06-14,36,HFO,72.44,16.2,388.8,24,580.1907,0.72,Rough,FMS_MARITIME,2026-04-06
2021-06-15,36,MGO,77.08,9.4,225.6,24,1063.95,0.74,Calm,FMS_MARITIME,2026-04-06
2021-06-16,36,MGO,49.83,16.9,405.6,24,382.5706,0.63,Calm,FMS_MARITIME,2026-04-06
2021-06-17,36,HFO,74.27,16.7,400.8,24,577.0379,0.99,Moderate,FMS_MARITIME,2026-04-06
2021-06-18,36,LSMGO,53.82,18.0,432.0,24,387.9525,0.7,Calm,FMS_MARITIME,2026-04-06
2021-06-19,36,LSMGO,46.96,14.2,340.8,24,429.0887,0.51,Moderate,FMS_MARITIME,2026-04-06
2021-06-20,36,LNG,32.88,12.8,307.2,24,333.2953,0.84,Rough,FMS_MARITIME,2026-04-06
2021-06-21,36,HFO,66.35,8.3,199.2,24,1037.2184,0.58,Moderate,FMS_MARITIME,2026-04-06
2021-06-22,36,MGO,81.98,17.8,427.2,24,597.5789,0.41,Calm,FMS_MARITIME,2026-04-06
2021-06-23,36,HFO,39.49,8.5,204.0,24,602.8032,0.44,Calm,FMS_MARITIME,2026-04-06
2021-06-24,36,HFO,68.54,14.3,343.2,24,621.8927,0.6,Calm,FMS_MARITIME,2026-04-06
2021-06-25,36,LSMGO,35.89,16.0,384.0,24,291.0455,0.8,Rough,FMS_MARITIME,2026-04-06
2021-06-26,36,HFO,33.2,15.8,379.2,24,272.6392,0.53,Rough,FMS_MARITIME,2026-04-06
2021-06-27,36,LSMGO,50.88,9.4,225.6,24,702.3064,0.5,Calm,FMS_MARITIME,2026-04-06
2021-06-28,36,VLSFO,54.9,12.3,295.2,24,579.128,0.79,Rough,FMS_MARITIME,2026-04-06
2021-06-28,36,LNG,39.27,12.9,309.6,24,394.9831,0.85,Calm,FMS_MARITIME,2026-04-06
2021-06-28,36,VLSFO,79.95,15.3,367.2,24,678.0074,0.71,Calm,FMS_MARITIME,2026-04-06
2021-06-01,37,MGO,30.03,10.3,247.2,24,378.2905,0.81,Moderate,FMS_MARITIME,2026-04-06
2021-06-02,37,VLSFO,68.75,11.9,285.6,24,749.6061,0.5,Calm,FMS_MARITIME,2026-04-06
2021-06-03,37,HFO,54.51,17.4,417.6,24,406.4754,0.5,Calm,FMS_MARITIME,2026-04-06
2021-06-04,37,VLSFO,48.47,13.6,326.4,24,462.4252,0.67,Moderate,FMS_MARITIME,2026-04-06
2021-06-05,37,MGO,53.06,15.4,369.6,24,447.0477,0.45,Moderate,FMS_MARITIME,2026-04-06
2021-06-06,37,LNG,38.85,9.3,223.2,24,542.0202,0.9,Rough,FMS_MARITIME,2026-04-06
2021-06-07,37,HFO,15.39,17.4,417.6,24,114.7616,0.75,Moderate,FMS_MARITIME,2026-04-06
2021-06-08,37,HFO,20.48,11.8,283.2,24,225.1932,0.49,Calm,FMS_MARITIME,2026-04-06
2021-06-09,37,MGO,57.56,16.5,396.0,24,452.6309,0.79,Moderate,FMS_MARITIME,2026-04-06
2021-06-10,37,LNG,54.5,17.6,422.4,24,401.7827,0.42,Calm,FMS_MARITIME,2026-04-06
2021-06-11,37,LSMGO,29.9,14.3,343.2,24,271.2955,0.47,Moderate,FMS_MARITIME,2026-04-06
2021-06-12,37,LNG,63.82,15.0,360.0,24,552.043,0.73,Rough,FMS_MARITIME,2026-04-06
2021-06-13,37,LNG,78.58,13.9,333.6,24,733.5076,0.9,Rough,FMS_MARITIME,2026-04-06
2021-06-14,37,VLSFO,52.32,17.6,422.4,24,385.7114,0.58,Rough,FMS_MARITIME,2026-04-06
2021-06-15,37,VLSFO,37.35,13.0,312.0,24,372.7817,0.52,Calm,FMS_MARITIME,2026-04-06
2021-06-16,37,LNG,82.45,11.0,264.0,24,972.5352,0.84,Calm,FMS_MARITIME,2026-04-06
2021-06-17,37,LNG,53.66,9.0,216.0,24,773.5983,0.61,Calm,FMS_MARITIME,2026-04-06
2021-06-18,37,LNG,42.45,16.8,403.2,24,327.8504,0.59,Rough,FMS_MARITIME,2026-04-06
2021-06-19,37,VLSFO,31.14,9.3,223.2,24,434.4532,0.54,Rough,FMS_MARITIME,2026-04-06
2021-06-20,37,HFO,70.69,16.0,384.0,24,573.2517,0.62,Rough,FMS_MARITIME,2026-04-06
2021-06-21,37,VLSFO,28.06,15.9,381.6,24,228.9802,0.64,Moderate,FMS_MARITIME,2026-04-06
2021-06-22,37,LSMGO,46.29,8.8,211.2,24,682.5145,0.69,Moderate,FMS_MARITIME,2026-04-06
2021-06-23,37,LNG,82.73,15.0,360.0,24,715.6145,0.88,Calm,FMS_MARITIME,2026-04-06
2021-06-24,37,MGO,37.53,14.2,340.8,24,342.9238,0.59,Moderate,FMS_MARITIME,2026-04-06
2021-06-25,37,VLSFO,38.82,11.7,280.8,24,430.5038,0.96,Moderate,FMS_MARITIME,2026-04-06
2021-06-26,37,LNG,71.21,11.1,266.4,24,832.3872,0.87,Rough,FMS_MARITIME,2026-04-06
2021-06-27,37,HFO,53.92,16.1,386.4,24,434.5416,0.77,Rough,FMS_MARITIME,2026-04-06
2021-06-28,37,HFO,19.57,14.7,352.8,24,172.7352,0.62,Calm,FMS_MARITIME,2026-04-06
2021-06-28,37,MGO,84.97,14.3,343.2,24,770.9691,0.57,Rough,FMS_MARITIME,2026-04-06
2021-06-28,37,MGO,74.4,11.7,280.8,24,825.0769,0.83,Rough,FMS_MARITIME,2026-04-06
2021-06-01,38,MGO,32.29,11.0,264.0,24,380.8752,0.69,Rough,FMS_MARITIME,2026-04-06
2021-06-02,38,MGO,48.36,15.0,360.0,24,418.314,0.67,Calm,FMS_MARITIME,2026-04-06
2021-06-03,38,LNG,53.99,11.9,285.6,24,588.6725,0.81,Rough,FMS_MARITIME,2026-04-06
2021-06-04,38,MGO,62.91,9.0,216.0,24,906.9525,0.62,Rough,FMS_MARITIME,2026-04-06
2021-06-05,38,VLSFO,27.95,9.3,223.2,24,389.9476,0.62,Calm,FMS_MARITIME,2026-04-06
2021-06-06,38,LNG,40.57,11.3,271.2,24,465.8369,0.66,Calm,FMS_MARITIME,2026-04-06
2021-06-07,38,LSMGO,72.35,9.0,216.0,24,1043.0458,0.52,Rough,FMS_MARITIME,2026-04-06
2021-06-08,38,HFO,21.19,15.0,360.0,24,183.2935,0.99,Rough,FMS_MARITIME,2026-04-06
2021-06-09,38,LSMGO,62.77,16.4,393.6,24,496.6102,0.6,Calm,FMS_MARITIME,2026-04-06
2021-06-10,38,MGO,58.69,10.2,244.8,24,746.5713,0.74,Moderate,FMS_MARITIME,2026-04-06
2021-06-11,38,MGO,49.58,14.8,355.2,24,434.6625,0.66,Moderate,FMS_MARITIME,2026-04-06
2021-06-12,38,MGO,44.83,12.6,302.4,24,461.6423,0.92,Rough,FMS_MARITIME,2026-04-06
2021-06-13,38,LSMGO,64.62,9.4,225.6,24,891.9622,0.5,Rough,FMS_MARITIME,2026-04-06
2021-06-14,38,HFO,27.77,17.4,417.6,24,207.078,0.51,Calm,FMS_MARITIME,2026-04-06
2021-06-15,38,LNG,49.94,10.5,252.0,24,617.1157,0.65,Calm,FMS_MARITIME,2026-04-06
2021-06-16,38,LSMGO,51.38,15.6,374.4,24,427.3433,0.92,Rough,FMS_MARITIME,2026-04-06
2021-06-17,38,LSMGO,70.21,13.8,331.2,24,660.1266,0.83,Calm,FMS_MARITIME,2026-04-06
2021-06-18,38,HFO,67.71,15.5,372.0,24,566.7982,0.61,Calm,FMS_MARITIME,2026-04-06
2021-06-19,38,VLSFO,44.59,8.1,194.4,24,714.2657,0.43,Rough,FMS_MARITIME,2026-04-06
2021-06-20,38,HFO,63.77,14.7,352.8,24,562.8679,0.76,Rough,FMS_MARITIME,2026-04-06
2021-06-21,38,LSMGO,62.26,10.4,249.6,24,776.7534,0.46,Rough,FMS_MARITIME,2026-04-06
2021-06-22,38,MGO,80.26,17.1,410.4,24,608.9904,0.88,Rough,FMS_MARITIME,2026-04-06
2021-06-23,38,MGO,52.9,14.8,355.2,24,463.7686,0.63,Rough,FMS_MARITIME,2026-04-06
2021-06-24,38,HFO,23.46,8.9,213.6,24,342.0152,0.71,Calm,FMS_MARITIME,2026-04-06
2021-06-25,38,VLSFO,61.75,12.2,292.8,24,656.7264,0.52,Moderate,FMS_MARITIME,2026-04-06
2021-06-26,38,LSMGO,38.12,12.8,307.2,24,386.4117,0.65,Calm,FMS_MARITIME,2026-04-06
2021-06-27,38,LNG,60.44,11.1,266.4,24,706.4946,0.63,Moderate,FMS_MARITIME,2026-04-06
2021-06-28,38,LNG,29.99,10.6,254.4,24,367.0946,0.65,Rough,FMS_MARITIME,2026-04-06
2021-06-28,38,VLSFO,76.18,12.4,297.6,24,797.1254,0.9,Moderate,FMS_MARITIME,2026-04-06
2021-06-28,38,MGO,82.21,10.6,254.4,24,1006.2969,0.77,Rough,FMS_MARITIME,2026-04-06
2021-06-01,39,LNG,68.92,16.6,398.4,24,538.697,0.67,Rough,FMS_MARITIME,2026-04-06
2021-06-02,39,VLSFO,60.79,14.1,338.4,24,559.3973,0.62,Rough,FMS_MARITIME,2026-04-06
2021-06-03,39,VLSFO,51.71,16.1,386.4,24,416.7312,0.46,Rough,FMS_MARITIME,2026-04-06
2021-06-04,39,MGO,44.78,14.3,343.2,24,406.308,0.86,Calm,FMS_MARITIME,2026-04-06
2021-06-05,39,HFO,61.52,16.5,396.0,24,483.7709,0.98,Rough,FMS_MARITIME,2026-04-06
2021-06-06,39,MGO,78.24,11.1,266.4,24,914.5622,0.42,Calm,FMS_MARITIME,2026-04-06
2021-06-07,39,LSMGO,18.96,17.7,424.8,24,138.9864,0.42,Moderate,FMS_MARITIME,2026-04-06
2021-06-08,39,LSMGO,18.45,12.8,307.2,24,187.0225,0.64,Rough,FMS_MARITIME,2026-04-06
2021-06-09,39,LSMGO,22.2,13.1,314.4,24,219.8817,0.67,Moderate,FMS_MARITIME,2026-04-06
2021-06-10,39,LNG,48.17,15.2,364.8,24,411.188,0.99,Calm,FMS_MARITIME,2026-04-06
2021-06-11,39,LNG,77.83,14.1,338.4,24,716.2016,0.54,Calm,FMS_MARITIME,2026-04-06
2021-06-12,39,HFO,80.25,11.6,278.4,24,897.6239,0.59,Calm,FMS_MARITIME,2026-04-06
2021-06-13,39,VLSFO,81.0,13.1,314.4,24,802.271,0.69,Moderate,FMS_MARITIME,2026-04-06
2021-06-14,39,MGO,27.83,18.0,432.0,24,200.6079,0.91,Calm,FMS_MARITIME,2026-04-06
2021-06-15,39,VLSFO,32.75,14.6,350.4,24,291.0488,0.72,Moderate,FMS_MARITIME,2026-04-06
2021-06-16,39,LNG,54.5,14.9,357.6,24,474.5889,0.4,Calm,FMS_MARITIME,2026-04-06
2021-06-17,39,LSMGO,63.89,11.8,283.2,24,702.5193,0.54,Moderate,FMS_MARITIME,2026-04-06
2021-06-18,39,LSMGO,71.84,16.6,398.4,24,561.5205,0.95,Rough,FMS_MARITIME,2026-04-06
2021-06-19,39,HFO,33.52,10.0,240.0,24,434.922,0.47,Calm,FMS_MARITIME,2026-04-06
2021-06-20,39,VLSFO,15.22,13.0,312.0,24,151.9073,0.97,Moderate,FMS_MARITIME,2026-04-06
2021-06-21,39,LSMGO,44.82,8.4,201.6,24,692.3089,0.55,Calm,FMS_MARITIME,2026-04-06
2021-06-22,39,LSMGO,20.58,16.0,384.0,24,166.8909,0.49,Moderate,FMS_MARITIME,2026-04-06
2021-06-23,39,MGO,54.68,9.0,216.0,24,788.3033,0.45,Calm,FMS_MARITIME,2026-04-06
2021-06-24,39,LNG,58.09,16.5,396.0,24,456.7986,0.61,Calm,FMS_MARITIME,2026-04-06
2021-06-25,39,LNG,82.04,14.1,338.4,24,754.9426,0.64,Rough,FMS_MARITIME,2026-04-06
2021-06-26,39,VLSFO,17.03,15.2,364.8,24,145.3712,0.46,Rough,FMS_MARITIME,2026-04-06
2021-06-27,39,HFO,25.08,16.2,388.8,24,200.8722,0.46,Rough,FMS_MARITIME,2026-04-06
2021-06-28,39,MGO,52.0,10.3,247.2,24,655.0485,0.93,Calm,FMS_MARITIME,2026-04-06
2021-06-28,39,LNG,40.35,14.4,345.6,24,363.5703,0.85,Moderate,FMS_MARITIME,2026-04-06
2021-06-28,39,VLSFO,69.64,15.1,362.4,24,598.3967,0.42,Moderate,FMS_MARITIME,2026-04-06
2021-06-01,40,MGO,48.12,8.9,213.6,24,701.5247,0.55,Calm,FMS_MARITIME,2026-04-06
2021-06-02,40,MGO,42.59,14.4,345.6,24,383.7536,0.82,Rough,FMS_MARITIME,2026-04-06
2021-06-03,40,VLSFO,65.82,15.8,379.2,24,540.5155,0.54,Rough,FMS_MARITIME,2026-04-06
2021-06-04,40,HFO,24.36,16.6,398.4,24,190.4042,0.8,Calm,FMS_MARITIME,2026-04-06
2021-06-05,40,LNG,25.95,14.4,345.6,24,233.8203,0.64,Rough,FMS_MARITIME,2026-04-06
2021-06-06,40,LNG,69.5,17.0,408.0,24,530.4485,0.51,Moderate,FMS_MARITIME,2026-04-06
2021-06-07,40,MGO,18.08,17.0,408.0,24,137.9929,0.4,Moderate,FMS_MARITIME,2026-04-06
2021-06-08,40,LNG,66.12,14.8,355.2,24,579.6669,0.99,Rough,FMS_MARITIME,2026-04-06
2021-06-09,40,VLSFO,69.9,9.6,230.4,24,944.7422,0.4,Rough,FMS_MARITIME,2026-04-06
2021-06-10,40,LSMGO,78.65,14.4,345.6,24,708.6693,0.81,Moderate,FMS_MARITIME,2026-04-06
2021-06-11,40,MGO,49.83,13.5,324.0,24,478.9217,0.92,Moderate,FMS_MARITIME,2026-04-06
2021-06-12,40,LNG,41.69,13.1,314.4,24,412.9219,0.86,Moderate,FMS_MARITIME,2026-04-06
2021-06-13,40,MGO,24.01,9.7,232.8,24,321.1647,0.99,Rough,FMS_MARITIME,2026-04-06
2021-06-14,40,MGO,84.05,11.6,278.4,24,940.1282,0.86,Moderate,FMS_MARITIME,2026-04-06
2021-06-15,40,LSMGO,57.88,13.9,333.6,24,540.2827,0.56,Moderate,FMS_MARITIME,2026-04-06
2021-06-16,40,HFO,68.6,16.7,400.8,24,532.985,0.56,Rough,FMS_MARITIME,2026-04-06
2021-06-17,40,LSMGO,23.73,9.4,225.6,24,327.5497,1.0,Rough,FMS_MARITIME,2026-04-06
2021-06-18,40,LSMGO,31.57,8.7,208.8,24,470.8284,0.86,Moderate,FMS_MARITIME,2026-04-06
2021-06-19,40,HFO,46.91,10.7,256.8,24,568.8386,0.92,Moderate,FMS_MARITIME,2026-04-06
2021-06-20,40,LSMGO,67.91,16.0,384.0,24,550.7077,0.4,Moderate,FMS_MARITIME,2026-04-06
2021-06-21,40,MGO,79.62,14.0,336.0,24,737.9068,0.44,Moderate,FMS_MARITIME,2026-04-06
2021-06-22,40,VLSFO,45.82,11.6,278.4,24,512.5125,0.64,Moderate,FMS_MARITIME,2026-04-06
2021-06-23,40,HFO,51.53,16.6,398.4,24,402.7721,0.81,Rough,FMS_MARITIME,2026-04-06
2021-06-24,40,LNG,15.12,16.9,405.6,24,116.084,0.46,Rough,FMS_MARITIME,2026-04-06
2021-06-25,40,VLSFO,73.91,13.3,319.2,24,721.0393,0.41,Moderate,FMS_MARITIME,2026-04-06
2021-06-26,40,VLSFO,47.47,16.1,386.4,24,382.561,0.75,Moderate,FMS_MARITIME,2026-04-06
2021-06-27,40,LSMGO,72.06,14.9,357.6,24,627.5023,0.96,Calm,FMS_MARITIME,2026-04-06
2021-06-28,40,MGO,35.92,9.9,237.6,24,470.7697,0.82,Calm,FMS_MARITIME,2026-04-06
2021-06-28,40,MGO,56.26,14.0,336.0,24,521.4096,0.66,Calm,FMS_MARITIME,2026-04-06
2021-06-28,40,VLSFO,20.22,17.7,424.8,24,148.2229,0.75,Moderate,FMS_MARITIME,2026-04-06
2021-06-01,41,LSMGO,42.62,10.6,254.4,24,521.6929,0.66,Calm,FMS_MARITIME,2026-04-06
2021-06-02,41,LSMGO,24.38,10.6,254.4,24,298.425,0.86,Rough,FMS_MARITIME,2026-04-06
2021-06-03,41,LSMGO,57.87,14.5,348.0,24,517.8367,0.87,Moderate,FMS_MARITIME,2026-04-06
2021-06-04,41,HFO,35.2,10.5,252.0,24,434.9714,0.74,Moderate,FMS_MARITIME,2026-04-06
2021-06-05,41,HFO,64.11,10.6,254.4,24,784.7427,0.6,Moderate,FMS_MARITIME,2026-04-06
2021-06-06,41,VLSFO,84.54,14.9,357.6,24,736.1789,0.71,Rough,FMS_MARITIME,2026-04-06
2021-06-07,41,MGO,15.44,10.8,259.2,24,185.4944,0.59,Rough,FMS_MARITIME,2026-04-06
2021-06-08,41,LNG,71.61,8.4,201.6,24,1106.1187,0.86,Moderate,FMS_MARITIME,2026-04-06
2021-06-09,41,LSMGO,40.04,17.8,427.2,24,291.8646,0.75,Calm,FMS_MARITIME,2026-04-06
2021-06-10,41,VLSFO,18.54,17.6,422.4,24,136.6798,0.57,Moderate,FMS_MARITIME,2026-04-06
2021-06-11,41,MGO,25.89,11.9,285.6,24,282.288,0.75,Calm,FMS_MARITIME,2026-04-06
2021-06-12,41,VLSFO,74.57,12.2,292.8,24,793.0703,0.96,Rough,FMS_MARITIME,2026-04-06
2021-06-13,41,HFO,37.64,12.9,309.6,24,378.5884,0.52,Moderate,FMS_MARITIME,2026-04-06
2021-06-14,41,LNG,78.4,8.9,213.6,24,1142.9663,0.65,Moderate,FMS_MARITIME,2026-04-06
2021-06-15,41,HFO,44.17,12.9,309.6,24,444.268,0.44,Calm,FMS_MARITIME,2026-04-06
2021-06-16,41,VLSFO,25.62,11.4,273.6,24,291.5961,0.93,Moderate,FMS_MARITIME,2026-04-06
2021-06-17,41,LNG,68.5,12.1,290.4,24,734.5351,0.77,Moderate,FMS_MARITIME,2026-04-06
2021-06-18,41,VLSFO,36.55,16.3,391.2,24,290.9425,0.58,Moderate,FMS_MARITIME,2026-04-06
2021-06-19,41,MGO,63.07,17.3,415.2,24,473.025,0.6,Calm,FMS_MARITIME,2026-04-06
2021-06-20,41,MGO,37.38,8.0,192.0,24,606.2569,0.73,Moderate,FMS_MARITIME,2026-04-06
2021-06-21,41,HFO,71.27,11.2,268.8,24,825.6502,0.69,Calm,FMS_MARITIME,2026-04-06
2021-06-22,41,LNG,58.59,12.4,297.6,24,613.0688,0.82,Moderate,FMS_MARITIME,2026-04-06
2021-06-23,41,LSMGO,84.69,12.4,297.6,24,886.1716,0.5,Rough,FMS_MARITIME,2026-04-06
2021-06-24,41,MGO,28.34,11.6,278.4,24,316.9927,0.76,Calm,FMS_MARITIME,2026-04-06
2021-06-25,41,MGO,73.72,12.1,290.4,24,790.5099,0.52,Rough,FMS_MARITIME,2026-04-06
2021-06-26,41,LSMGO,84.81,9.5,228.0,24,1158.3261,0.5,Moderate,FMS_MARITIME,2026-04-06
2021-06-27,41,LSMGO,45.38,9.2,220.8,24,640.006,0.98,Moderate,FMS_MARITIME,2026-04-06
2021-06-28,41,VLSFO,52.33,13.4,321.6,24,506.7028,0.97,Moderate,FMS_MARITIME,2026-04-06
2021-06-28,41,LNG,67.54,12.4,297.6,24,706.719,0.5,Rough,FMS_MARITIME,2026-04-06
2021-06-28,41,HFO,37.19,10.4,249.6,24,463.981,0.69,Calm,FMS_MARITIME,2026-04-06
2021-06-01,42,VLSFO,65.56,17.9,429.6,24,475.2184,0.44,Calm,FMS_MARITIME,2026-04-06
2021-06-02,42,VLSFO,18.59,12.5,300.0,24,192.9642,0.76,Calm,FMS_MARITIME,2026-04-06
2021-06-03,42,VLSFO,81.57,8.7,208.8,24,1216.5181,0.9,Moderate,FMS_MARITIME,2026-04-06
2021-06-04,42,LNG,63.65,17.2,412.8,24,480.1504,0.86,Calm,FMS_MARITIME,2026-04-06
2021-06-05,42,VLSFO,29.02,15.0,360.0,24,251.023,0.55,Calm,FMS_MARITIME,2026-04-06
2021-06-06,42,LNG,30.95,15.2,364.8,24,264.1949,0.97,Moderate,FMS_MARITIME,2026-04-06
2021-06-07,42,HFO,78.51,14.2,340.8,24,717.3713,0.95,Moderate,FMS_MARITIME,2026-04-06
2021-06-08,42,MGO,39.82,17.0,408.0,24,303.9203,0.82,Rough,FMS_MARITIME,2026-04-06
2021-06-09,42,MGO,58.65,12.8,307.2,24,594.5186,0.7,Rough,FMS_MARITIME,2026-04-06
2021-06-10,42,LSMGO,56.84,17.4,417.6,24,423.85,0.54,Moderate,FMS_MARITIME,2026-04-06
2021-06-11,42,VLSFO,52.05,15.8,379.2,24,427.4359,0.89,Moderate,FMS_MARITIME,2026-04-06
2021-06-12,42,LSMGO,15.96,15.9,381.6,24,130.2396,0.46,Rough,FMS_MARITIME,2026-04-06
2021-06-13,42,MGO,41.27,10.9,261.6,24,491.2644,0.9,Calm,FMS_MARITIME,2026-04-06
2021-06-14,42,LNG,43.66,8.0,192.0,24,708.1106,0.73,Rough,FMS_MARITIME,2026-04-06
2021-06-15,42,LNG,69.46,9.6,230.4,24,938.7953,0.51,Calm,FMS_MARITIME,2026-04-06
2021-06-16,42,MGO,81.25,12.3,295.2,24,857.0884,0.9,Rough,FMS_MARITIME,2026-04-06
2021-06-17,42,MGO,42.06,15.8,379.2,24,345.3978,0.47,Calm,FMS_MARITIME,2026-04-06
2021-06-18,42,LNG,40.9,15.7,376.8,24,338.0111,0.65,Rough,FMS_MARITIME,2026-04-06
2021-06-19,42,VLSFO,40.78,10.9,261.6,24,485.4317,0.8,Moderate,FMS_MARITIME,2026-04-06
2021-06-20,42,MGO,62.27,11.0,264.0,24,734.503,1.0,Calm,FMS_MARITIME,2026-04-06
2021-06-21,42,LNG,29.16,8.9,213.6,24,425.1135,0.69,Moderate,FMS_MARITIME,2026-04-06
2021-06-22,42,VLSFO,50.1,8.3,199.2,24,783.1898,0.91,Moderate,FMS_MARITIME,2026-04-06
2021-06-23,42,HFO,72.96,15.5,372.0,24,610.7458,0.95,Rough,FMS_MARITIME,2026-04-06
2021-06-24,42,VLSFO,77.0,17.5,420.0,24,570.9,0.83,Calm,FMS_MARITIME,2026-04-06
2021-06-25,42,LNG,32.93,15.8,379.2,24,270.422,0.88,Calm,FMS_MARITIME,2026-04-06
2021-06-26,42,VLSFO,52.45,12.1,290.4,24,562.4287,0.76,Calm,FMS_MARITIME,2026-04-06
2021-06-27,42,VLSFO,71.83,9.3,223.2,24,1002.1444,0.94,Moderate,FMS_MARITIME,2026-04-06
2021-06-28,42,VLSFO,38.6,14.8,355.2,24,338.402,0.77,Rough,FMS_MARITIME,2026-04-06
2021-06-28,42,LNG,32.78,9.4,225.6,24,452.4686,0.67,Moderate,FMS_MARITIME,2026-04-06
2021-06-28,42,LSMGO,59.85,16.4,393.6,24,473.5084,0.68,Moderate,FMS_MARITIME,2026-04-06
2021-06-01,43,MGO,29.22,9.2,220.8,24,412.0973,0.51,Rough,FMS_MARITIME,2026-04-06
2021-06-02,43,LSMGO,29.72,16.1,386.4,24,239.5137,0.92,Rough,FMS_MARITIME,2026-04-06
2021-06-03,43,LSMGO,55.57,12.6,302.4,24,572.2387,0.73,Calm,FMS_MARITIME,2026-04-06
2021-06-04,43,LSMGO,65.5,8.3,199.2,24,1023.9307,0.97,Rough,FMS_MARITIME,2026-04-06
2021-06-05,43,LSMGO,22.84,12.7,304.8,24,233.3457,0.82,Rough,FMS_MARITIME,2026-04-06
2021-06-06,43,MGO,58.11,17.6,422.4,24,428.3962,0.61,Calm,FMS_MARITIME,2026-04-06
2021-06-07,43,VLSFO,49.97,16.4,393.6,24,395.3419,0.62,Rough,FMS_MARITIME,2026-04-06
2021-06-08,43,LSMGO,74.46,12.9,309.6,24,748.9291,0.55,Moderate,FMS_MARITIME,2026-04-06
2021-06-09,43,VLSFO,26.46,11.2,268.8,24,306.5344,0.78,Calm,FMS_MARITIME,2026-04-06
2021-06-10,43,LSMGO,35.38,13.2,316.8,24,347.7693,0.96,Rough,FMS_MARITIME,2026-04-06
2021-06-11,43,VLSFO,63.98,14.9,357.6,24,557.1413,0.84,Rough,FMS_MARITIME,2026-04-06
2021-06-12,43,MGO,63.76,13.4,321.6,24,617.3776,0.83,Moderate,FMS_MARITIME,2026-04-06
2021-06-13,43,VLSFO,52.42,10.0,240.0,24,680.1495,0.86,Moderate,FMS_MARITIME,2026-04-06
2021-06-14,43,LNG,83.29,9.7,232.8,24,1114.1111,0.41,Moderate,FMS_MARITIME,2026-04-06
2021-06-15,43,VLSFO,57.57,13.9,333.6,24,537.389,0.96,Rough,FMS_MARITIME,2026-04-06
2021-06-16,43,VLSFO,65.43,16.1,386.4,24,527.3008,0.46,Moderate,FMS_MARITIME,2026-04-06
2021-06-17,43,VLSFO,47.17,9.4,225.6,24,651.0965,0.65,Calm,FMS_MARITIME,2026-04-06
2021-06-18,43,LNG,38.02,13.7,328.8,24,360.0799,0.76,Moderate,FMS_MARITIME,2026-04-06
2021-06-19,43,MGO,65.67,15.2,364.8,24,560.5712,0.74,Rough,FMS_MARITIME,2026-04-06
2021-06-20,43,LSMGO,15.83,10.7,256.8,24,191.9572,0.61,Rough,FMS_MARITIME,2026-04-06
2021-06-21,43,LSMGO,35.26,12.5,300.0,24,365.9988,0.55,Calm,FMS_MARITIME,2026-04-06
2021-06-22,43,LNG,68.75,13.4,321.6,24,665.695,0.42,Moderate,FMS_MARITIME,2026-04-06
2021-06-23,43,MGO,35.38,10.1,242.4,24,454.5104,0.71,Rough,FMS_MARITIME,2026-04-06
2021-06-24,43,HFO,72.5,14.6,350.4,24,644.3065,0.58,Rough,FMS_MARITIME,2026-04-06
2021-06-25,43,VLSFO,44.63,13.6,326.4,24,425.7899,0.69,Moderate,FMS_MARITIME,2026-04-06
2021-06-26,43,LSMGO,76.24,16.3,391.2,24,606.8798,0.99,Calm,FMS_MARITIME,2026-04-06
2021-06-27,43,LNG,20.24,10.4,249.6,24,252.5135,0.61,Rough,FMS_MARITIME,2026-04-06
2021-06-28,43,LNG,31.71,10.9,261.6,24,377.4654,0.67,Moderate,FMS_MARITIME,2026-04-06
2021-06-28,43,HFO,46.35,13.6,326.4,24,442.1994,0.55,Moderate,FMS_MARITIME,2026-04-06
2021-06-28,43,VLSFO,66.56,13.1,314.4,24,659.2489,0.53,Moderate,FMS_MARITIME,2026-04-06
2021-06-01,44,MGO,83.86,8.2,196.8,24,1326.9311,0.82,Calm,FMS_MARITIME,2026-04-06
2021-06-02,44,LSMGO,33.75,14.4,345.6,24,304.1016,0.87,Rough,FMS_MARITIME,2026-04-06
2021-06-03,44,MGO,52.53,11.5,276.0,24,592.6754,0.77,Moderate,FMS_MARITIME,2026-04-06
2021-06-04,44,VLSFO,55.54,10.6,254.4,24,679.841,0.76,Calm,FMS_MARITIME,2026-04-06
2021-06-05,44,LNG,49.42,11.1,266.4,24,577.6797,0.62,Moderate,FMS_MARITIME,2026-04-06
2021-06-06,44,HFO,83.11,17.0,408.0,24,634.3249,0.9,Calm,FMS_MARITIME,2026-04-06
2021-06-07,44,LNG,16.08,10.0,240.0,24,208.638,0.47,Calm,FMS_MARITIME,2026-04-06
2021-06-08,44,MGO,76.53,12.1,290.4,24,820.6419,0.96,Moderate,FMS_MARITIME,2026-04-06
2021-06-09,44,LNG,74.39,13.5,324.0,24,714.9706,0.62,Calm,FMS_MARITIME,2026-04-06
2021-06-10,44,MGO,27.01,8.6,206.4,24,407.5055,0.68,Moderate,FMS_MARITIME,2026-04-06
2021-06-11,44,MGO,40.63,16.2,388.8,24,325.4162,0.78,Calm,FMS_MARITIME,2026-04-06
2021-06-12,44,VLSFO,25.82,10.7,256.8,24,313.0977,0.66,Calm,FMS_MARITIME,2026-04-06
2021-06-13,44,MGO,28.75,9.9,237.6,24,376.7992,0.48,Moderate,FMS_MARITIME,2026-04-06
2021-06-14,44,LNG,60.68,9.7,232.8,24,811.6732,0.69,Calm,FMS_MARITIME,2026-04-06
2021-06-15,44,MGO,59.09,15.1,362.4,24,507.7435,0.63,Calm,FMS_MARITIME,2026-04-06
2021-06-16,44,LSMGO,31.67,10.1,242.4,24,406.8498,0.94,Calm,FMS_MARITIME,2026-04-06
2021-06-17,44,LNG,45.14,11.9,285.6,24,492.1777,0.74,Moderate,FMS_MARITIME,2026-04-06
2021-06-18,44,LNG,33.19,14.7,352.8,24,292.9526,0.89,Rough,FMS_MARITIME,2026-04-06
2021-06-19,44,VLSFO,16.16,8.9,213.6,24,235.591,0.61,Rough,FMS_MARITIME,2026-04-06
2021-06-20,44,VLSFO,40.95,16.9,405.6,24,314.3942,0.48,Moderate,FMS_MARITIME,2026-04-06
2021-06-21,44,LSMGO,73.74,15.3,367.2,24,625.3441,0.55,Moderate,FMS_MARITIME,2026-04-06
2021-06-22,44,MGO,40.63,13.8,331.2,24,382.0103,0.45,Calm,FMS_MARITIME,2026-04-06
2021-06-23,44,LSMGO,65.57,8.8,211.2,24,966.7849,0.57,Moderate,FMS_MARITIME,2026-04-06
2021-06-24,44,VLSFO,55.4,10.1,242.4,24,711.698,0.9,Moderate,FMS_MARITIME,2026-04-06
2021-06-25,44,LSMGO,17.86,8.8,211.2,24,263.3335,0.78,Rough,FMS_MARITIME,2026-04-06
2021-06-26,44,VLSFO,69.49,12.3,295.2,24,733.0348,0.44,Rough,FMS_MARITIME,2026-04-06
2021-06-27,44,HFO,60.74,16.2,388.8,24,486.4824,0.74,Moderate,FMS_MARITIME,2026-04-06
2021-06-28,44,VLSFO,30.04,12.2,292.8,24,319.4828,0.84,Rough,FMS_MARITIME,2026-04-06
2021-06-28,44,MGO,55.48,10.7,256.8,24,672.7598,0.43,Rough,FMS_MARITIME,2026-04-06
2021-06-28,44,LNG,46.89,13.4,321.6,24,454.0282,0.67,Moderate,FMS_MARITIME,2026-04-06
2021-06-01,45,HFO,79.5,14.9,357.6,24,692.2903,0.77,Calm,FMS_MARITIME,2026-04-06
2021-06-02,45,LNG,67.14,10.3,247.2,24,845.7684,0.7,Calm,FMS_MARITIME,2026-04-06
2021-06-03,45,LNG,32.24,13.5,324.0,24,309.8622,0.91,Rough,FMS_MARITIME,2026-04-06
2021-06-04,45,LNG,60.21,14.2,340.8,24,550.1583,0.78,Rough,FMS_MARITIME,2026-04-06
2021-06-05,45,VLSFO,46.32,14.3,343.2,24,420.2811,0.51,Rough,FMS_MARITIME,2026-04-06
2021-06-06,45,MGO,45.17,16.3,391.2,24,359.5587,0.54,Calm,FMS_MARITIME,2026-04-06
2021-06-07,45,LSMGO,75.87,14.7,352.8,24,669.6689,0.57,Rough,FMS_MARITIME,2026-04-06
2021-06-08,45,MGO,54.59,11.8,283.2,24,600.2587,0.58,Calm,FMS_MARITIME,2026-04-06
2021-06-09,45,MGO,62.68,13.7,328.8,24,593.6299,0.71,Moderate,FMS_MARITIME,2026-04-06
2021-06-10,45,LSMGO,50.31,12.5,300.0,24,522.2178,0.69,Rough,FMS_MARITIME,2026-04-06
2021-06-11,45,MGO,69.1,16.8,403.2,24,533.6741,0.83,Moderate,FMS_MARITIME,2026-04-06
2021-06-12,45,LSMGO,40.09,14.6,350.4,24,356.2793,0.46,Calm,FMS_MARITIME,2026-04-06
2021-06-13,45,LNG,55.43,16.2,388.8,24,443.9532,0.47,Calm,FMS_MARITIME,2026-04-06
2021-06-14,45,VLSFO,59.62,16.0,384.0,24,483.4809,0.96,Rough,FMS_MARITIME,2026-04-06
2021-06-15,45,HFO,32.06,13.5,324.0,24,308.1322,0.42,Moderate,FMS_MARITIME,2026-04-06
2021-06-16,45,LNG,56.64,10.9,261.6,24,674.2239,0.85,Rough,FMS_MARITIME,2026-04-06
2021-06-17,45,HFO,30.66,15.3,367.2,24,260.0088,0.69,Moderate,FMS_MARITIME,2026-04-06
2021-06-18,45,LNG,63.2,8.4,201.6,24,976.2143,0.82,Calm,FMS_MARITIME,2026-04-06
2021-06-19,45,HFO,27.54,16.5,396.0,24,216.5645,0.52,Rough,FMS_MARITIME,2026-04-06
2021-06-20,45,HFO,59.46,13.4,321.6,24,575.7414,0.75,Calm,FMS_MARITIME,2026-04-06
2021-06-21,45,HFO,84.83,8.5,204.0,24,1294.905,0.58,Moderate,FMS_MARITIME,2026-04-06
2021-06-22,45,VLSFO,25.49,13.6,326.4,24,243.1858,0.72,Rough,FMS_MARITIME,2026-04-06
2021-06-23,45,HFO,51.88,15.8,379.2,24,426.0399,0.83,Rough,FMS_MARITIME,2026-04-06
2021-06-24,45,MGO,65.45,9.3,223.2,24,913.1331,0.52,Moderate,FMS_MARITIME,2026-04-06
2021-06-25,45,LNG,31.94,9.9,237.6,24,418.6076,0.59,Rough,FMS_MARITIME,2026-04-06
2021-06-26,45,MGO,72.96,13.9,333.6,24,681.0475,0.54,Calm,FMS_MARITIME,2026-04-06
2021-06-27,45,HFO,76.99,11.8,283.2,24,846.5638,0.71,Rough,FMS_MARITIME,2026-04-06
2021-06-28,45,HFO,76.15,15.0,360.0,24,658.6975,0.96,Calm,FMS_MARITIME,2026-04-06
2021-06-28,45,LSMGO,66.31,17.4,417.6,24,494.4668,0.56,Rough,FMS_MARITIME,2026-04-06
2021-06-28,45,LNG,78.45,13.2,316.8,24,771.1278,0.88,Moderate,FMS_MARITIME,2026-04-06
2021-06-01,46,LNG,68.11,9.9,237.6,24,892.6538,0.75,Moderate,FMS_MARITIME,2026-04-06
2021-06-02,46,LNG,38.67,13.5,324.0,24,371.6617,0.79,Moderate,FMS_MARITIME,2026-04-06
2021-06-03,46,HFO,69.93,16.0,384.0,24,567.0886,0.96,Moderate,FMS_MARITIME,2026-04-06
2021-06-04,46,VLSFO,80.21,15.6,374.4,24,667.1312,0.82,Rough,FMS_MARITIME,2026-04-06
2021-06-05,46,MGO,68.04,10.0,240.0,24,882.819,0.71,Rough,FMS_MARITIME,2026-04-06
2021-06-06,46,MGO,73.14,17.4,417.6,24,545.3974,0.68,Moderate,FMS_MARITIME,2026-04-06
2021-06-07,46,LSMGO,54.89,8.3,199.2,24,858.0696,0.72,Rough,FMS_MARITIME,2026-04-06
2021-06-08,46,VLSFO,61.39,15.7,376.8,24,507.3473,0.67,Moderate,FMS_MARITIME,2026-04-06
2021-06-09,46,LNG,40.9,15.7,376.8,24,338.0111,0.81,Moderate,FMS_MARITIME,2026-04-06
2021-06-10,46,VLSFO,32.21,13.1,314.4,24,319.0265,0.85,Rough,FMS_MARITIME,2026-04-06
2021-06-11,46,MGO,26.02,15.8,379.2,24,213.6769,0.41,Calm,FMS_MARITIME,2026-04-06
2021-06-12,46,VLSFO,37.83,16.1,386.4,24,304.8722,0.57,Moderate,FMS_MARITIME,2026-04-06
2021-06-13,46,LSMGO,22.9,8.7,208.8,24,341.5259,0.44,Moderate,FMS_MARITIME,2026-04-06
2021-06-14,46,VLSFO,27.25,13.4,321.6,24,263.8573,0.73,Moderate,FMS_MARITIME,2026-04-06
2021-06-15,46,HFO,44.43,8.5,204.0,24,678.2109,0.81,Calm,FMS_MARITIME,2026-04-06
2021-06-16,46,MGO,84.44,16.2,388.8,24,676.3019,0.74,Calm,FMS_MARITIME,2026-04-06
2021-06-17,46,MGO,19.94,17.3,415.2,24,149.55,0.51,Moderate,FMS_MARITIME,2026-04-06
2021-06-18,46,LSMGO,73.63,10.1,242.4,24,945.8903,0.71,Rough,FMS_MARITIME,2026-04-06
2021-06-19,46,HFO,24.91,9.6,230.4,24,336.6742,0.41,Moderate,FMS_MARITIME,2026-04-06
2021-06-20,46,MGO,46.68,15.5,372.0,24,390.7568,0.52,Calm,FMS_MARITIME,2026-04-06
2021-06-21,46,HFO,46.85,14.7,352.8,24,413.523,0.57,Calm,FMS_MARITIME,2026-04-06
2021-06-22,46,LSMGO,60.94,11.6,278.4,24,681.6349,0.99,Calm,FMS_MARITIME,2026-04-06
2021-06-23,46,MGO,45.89,14.5,348.0,24,410.6364,0.74,Moderate,FMS_MARITIME,2026-04-06
2021-06-24,46,MGO,28.61,11.2,268.8,24,331.4417,0.63,Moderate,FMS_MARITIME,2026-04-06
2021-06-25,46,MGO,63.35,14.7,352.8,24,559.1607,0.83,Rough,FMS_MARITIME,2026-04-06
2021-06-26,46,LSMGO,50.33,15.8,379.2,24,413.3112,0.8,Calm,FMS_MARITIME,2026-04-06
2021-06-27,46,LSMGO,66.96,14.6,350.4,24,595.0726,0.48,Rough,FMS_MARITIME,2026-04-06
2021-06-28,46,LSMGO,79.59,14.9,357.6,24,693.074,0.91,Moderate,FMS_MARITIME,2026-04-06
2021-06-28,46,LNG,35.82,10.5,252.0,24,442.6329,0.63,Moderate,FMS_MARITIME,2026-04-06
2021-06-28,46,HFO,69.56,10.9,261.6,24,828.0193,0.78,Calm,FMS_MARITIME,2026-04-06
2021-06-01,47,LNG,39.96,10.4,249.6,24,498.5394,0.96,Moderate,FMS_MARITIME,2026-04-06
2021-06-02,47,MGO,46.68,10.2,244.8,24,593.7971,0.96,Moderate,FMS_MARITIME,2026-04-06
2021-06-03,47,HFO,23.46,12.4,297.6,24,245.4786,0.95,Calm,FMS_MARITIME,2026-04-06
2021-06-04,47,MGO,57.12,9.6,230.4,24,772.0125,0.65,Rough,FMS_MARITIME,2026-04-06
2021-06-05,47,VLSFO,18.94,14.1,338.4,24,174.2883,0.72,Calm,FMS_MARITIME,2026-04-06
2021-06-06,47,MGO,72.57,10.1,242.4,24,932.273,0.58,Rough,FMS_MARITIME,2026-04-06
2021-06-07,47,VLSFO,35.16,9.1,218.4,24,501.3198,0.98,Moderate,FMS_MARITIME,2026-04-06
2021-06-08,47,VLSFO,47.76,12.3,295.2,24,503.8098,0.66,Calm,FMS_MARITIME,2026-04-06
2021-06-09,47,VLSFO,69.76,9.9,237.6,24,914.2788,0.96,Rough,FMS_MARITIME,2026-04-06
2021-06-10,47,HFO,18.86,10.1,242.4,24,242.2856,0.56,Moderate,FMS_MARITIME,2026-04-06
2021-06-11,47,VLSFO,18.42,8.5,204.0,24,281.1759,0.91,Calm,FMS_MARITIME,2026-04-06
2021-06-12,47,MGO,79.37,10.4,249.6,24,990.2171,0.64,Rough,FMS_MARITIME,2026-04-06
2021-06-13,47,VLSFO,56.15,9.2,220.8,24,791.8981,0.63,Rough,FMS_MARITIME,2026-04-06
2021-06-14,47,VLSFO,73.12,8.7,208.8,24,1090.4966,0.63,Moderate,FMS_MARITIME,2026-04-06
2021-06-15,47,HFO,62.76,10.2,244.8,24,798.3441,0.64,Rough,FMS_MARITIME,2026-04-06
2021-06-16,47,LSMGO,47.58,17.5,420.0,24,352.7717,0.8,Calm,FMS_MARITIME,2026-04-06
2021-06-17,47,VLSFO,66.81,16.1,386.4,24,538.4222,0.42,Moderate,FMS_MARITIME,2026-04-06
2021-06-18,47,MGO,69.78,11.2,268.8,24,808.3888,0.43,Moderate,FMS_MARITIME,2026-04-06
2021-06-19,47,HFO,53.38,17.6,422.4,24,393.5259,0.57,Calm,FMS_MARITIME,2026-04-06
2021-06-20,47,HFO,32.17,12.7,304.8,24,328.6659,0.68,Rough,FMS_MARITIME,2026-04-06
2021-06-21,47,LNG,32.2,12.4,297.6,24,336.9315,0.58,Calm,FMS_MARITIME,2026-04-06
2021-06-22,47,HFO,53.22,9.2,220.8,24,750.5755,0.54,Moderate,FMS_MARITIME,2026-04-06
2021-06-23,47,LSMGO,25.69,13.2,316.8,24,252.521,0.78,Rough,FMS_MARITIME,2026-04-06
2021-06-24,47,LNG,40.31,9.8,235.2,24,533.6962,0.41,Moderate,FMS_MARITIME,2026-04-06
2021-06-25,47,VLSFO,50.14,15.8,379.2,24,411.7509,0.62,Rough,FMS_MARITIME,2026-04-06
2021-06-26,47,LSMGO,50.95,9.2,220.8,24,718.5611,0.6,Rough,FMS_MARITIME,2026-04-06
2021-06-27,47,VLSFO,83.42,14.2,340.8,24,762.2356,0.53,Moderate,FMS_MARITIME,2026-04-06
2021-06-28,47,LNG,81.03,12.8,307.2,24,821.3783,0.56,Rough,FMS_MARITIME,2026-04-06
2021-06-28,47,VLSFO,83.41,12.7,304.8,24,852.1612,0.9,Calm,FMS_MARITIME,2026-04-06
2021-06-28,47,HFO,83.25,17.6,422.4,24,613.7322,0.55,Moderate,FMS_MARITIME,2026-04-06
2021-06-01,48,MGO,60.53,10.5,252.0,24,747.9779,0.87,Rough,FMS_MARITIME,2026-04-06
2021-06-02,48,VLSFO,35.93,17.0,408.0,24,274.2304,0.41,Rough,FMS_MARITIME,2026-04-06
2021-06-03,48,VLSFO,52.83,14.2,340.8,24,482.7248,0.76,Calm,FMS_MARITIME,2026-04-06
2021-06-04,48,VLSFO,84.14,10.6,254.4,24,1029.9212,0.85,Calm,FMS_MARITIME,2026-04-06
2021-06-05,48,LNG,71.11,10.9,261.6,24,846.47,0.85,Rough,FMS_MARITIME,2026-04-06
2021-06-06,48,LNG,36.42,13.2,316.8,24,357.992,0.41,Rough,FMS_MARITIME,2026-04-06
2021-06-07,48,LNG,31.5,9.4,225.6,24,434.8005,0.55,Rough,FMS_MARITIME,2026-04-06
2021-06-08,48,HFO,30.48,17.8,427.2,24,222.1787,0.44,Calm,FMS_MARITIME,2026-04-06
2021-06-09,48,LNG,82.97,15.5,372.0,24,694.5392,0.84,Calm,FMS_MARITIME,2026-04-06
2021-06-10,48,MGO,67.12,12.8,307.2,24,680.3766,0.49,Moderate,FMS_MARITIME,2026-04-06
2021-06-11,48,VLSFO,44.9,13.8,331.2,24,422.1576,0.52,Calm,FMS_MARITIME,2026-04-06
2021-06-12,48,LSMGO,76.84,11.8,283.2,24,844.9144,0.6,Calm,FMS_MARITIME,2026-04-06
2021-06-13,48,LSMGO,72.65,10.0,240.0,24,942.6338,0.76,Moderate,FMS_MARITIME,2026-04-06
2021-06-14,48,MGO,27.71,12.7,304.8,24,283.1002,0.72,Moderate,FMS_MARITIME,2026-04-06
2021-06-15,48,MGO,63.14,13.9,333.6,24,589.3824,0.68,Calm,FMS_MARITIME,2026-04-06
2021-06-16,48,LSMGO,59.82,11.5,276.0,24,674.9257,0.99,Rough,FMS_MARITIME,2026-04-06
2021-06-17,48,LNG,27.2,11.0,264.0,24,320.8364,0.63,Calm,FMS_MARITIME,2026-04-06
2021-06-18,48,VLSFO,21.47,10.7,256.8,24,260.3488,0.47,Calm,FMS_MARITIME,2026-04-06
2021-06-19,48,MGO,30.04,14.6,350.4,24,266.9651,0.77,Moderate,FMS_MARITIME,2026-04-06
2021-06-20,48,VLSFO,52.55,8.0,192.0,24,852.2953,0.42,Moderate,FMS_MARITIME,2026-04-06
2021-06-21,48,LSMGO,26.69,13.3,319.2,24,260.378,0.45,Rough,FMS_MARITIME,2026-04-06
2021-06-22,48,MGO,21.0,12.2,292.8,24,223.3402,0.75,Calm,FMS_MARITIME,2026-04-06
2021-06-23,48,VLSFO,76.32,16.2,388.8,24,611.2667,0.72,Calm,FMS_MARITIME,2026-04-06
2021-06-24,48,VLSFO,72.55,13.1,314.4,24,718.5773,0.85,Moderate,FMS_MARITIME,2026-04-06
2021-06-25,48,LNG,15.8,10.4,249.6,24,197.1202,0.72,Calm,FMS_MARITIME,2026-04-06
2021-06-26,48,VLSFO,35.32,12.7,304.8,24,360.848,0.81,Calm,FMS_MARITIME,2026-04-06
2021-06-27,48,VLSFO,75.3,8.9,213.6,24,1097.7725,0.95,Calm,FMS_MARITIME,2026-04-06
2021-06-28,48,MGO,84.22,11.3,271.2,24,967.0394,0.52,Rough,FMS_MARITIME,2026-04-06
2021-06-28,48,LSMGO,15.61,9.0,216.0,24,225.0442,0.71,Rough,FMS_MARITIME,2026-04-06
2021-06-28,48,MGO,46.23,12.5,300.0,24,479.8674,0.67,Rough,FMS_MARITIME,2026-04-06
2021-06-01,49,LNG,32.22,11.2,268.8,24,373.2629,0.83,Moderate,FMS_MARITIME,2026-04-06
2021-06-02,49,LNG,69.36,9.0,216.0,24,999.94,0.75,Calm,FMS_MARITIME,2026-04-06
2021-06-03,49,LNG,61.01,16.2,388.8,24,488.6449,0.8,Rough,FMS_MARITIME,2026-04-06
2021-06-04,49,LNG,28.29,17.6,422.4,24,208.5584,0.95,Rough,FMS_MARITIME,2026-04-06
2021-06-05,49,MGO,75.63,9.8,235.2,24,1001.3258,0.52,Rough,FMS_MARITIME,2026-04-06
2021-06-06,49,LSMGO,64.54,10.5,252.0,24,797.53,1.0,Rough,FMS_MARITIME,2026-04-06
2021-06-07,49,LNG,57.9,10.8,259.2,24,695.6042,0.95,Moderate,FMS_MARITIME,2026-04-06
2021-06-08,49,HFO,47.74,16.5,396.0,24,375.41,0.93,Rough,FMS_MARITIME,2026-04-06
2021-06-09,49,VLSFO,43.37,16.5,396.0,24,341.0459,0.73,Rough,FMS_MARITIME,2026-04-06
2021-06-10,49,HFO,54.11,12.9,309.6,24,544.2459,0.86,Moderate,FMS_MARITIME,2026-04-06
2021-06-11,49,LSMGO,76.47,13.0,312.0,24,763.2294,0.55,Rough,FMS_MARITIME,2026-04-06
2021-06-12,49,VLSFO,64.61,12.1,290.4,24,692.8221,0.74,Rough,FMS_MARITIME,2026-04-06
2021-06-13,49,LNG,45.2,11.1,266.4,24,528.3514,0.4,Rough,FMS_MARITIME,2026-04-06
2021-06-14,49,LSMGO,16.3,13.7,328.8,24,154.3741,0.92,Calm,FMS_MARITIME,2026-04-06
2021-06-15,49,HFO,33.43,14.1,338.4,24,307.6271,0.44,Rough,FMS_MARITIME,2026-04-06
2021-06-16,49,VLSFO,42.37,8.9,213.6,24,617.6975,0.6,Rough,FMS_MARITIME,2026-04-06
2021-06-17,49,VLSFO,33.97,8.4,201.6,24,524.7152,0.75,Moderate,FMS_MARITIME,2026-04-06
2021-06-18,49,MGO,74.14,14.2,340.8,24,677.4412,1.0,Calm,FMS_MARITIME,2026-04-06
2021-06-19,49,MGO,70.54,16.2,388.8,24,564.9731,1.0,Rough,FMS_MARITIME,2026-04-06
2021-06-20,49,MGO,54.19,16.4,393.6,24,428.7288,0.48,Moderate,FMS_MARITIME,2026-04-06
2021-06-21,49,HFO,18.05,14.9,357.6,24,157.1804,0.56,Calm,FMS_MARITIME,2026-04-06
2021-06-22,49,LSMGO,65.83,8.4,201.6,24,1016.8384,0.79,Moderate,FMS_MARITIME,2026-04-06
2021-06-23,49,VLSFO,58.24,8.7,208.8,24,868.5793,0.99,Moderate,FMS_MARITIME,2026-04-06
2021-06-24,49,MGO,64.15,10.1,242.4,24,824.1052,0.86,Moderate,FMS_MARITIME,2026-04-06
2021-06-25,49,HFO,30.24,12.8,307.2,24,306.5344,0.75,Moderate,FMS_MARITIME,2026-04-06
2021-06-26,49,VLSFO,48.02,11.2,268.8,24,556.3031,0.86,Rough,FMS_MARITIME,2026-04-06
2021-06-27,49,HFO,21.41,11.2,268.8,24,248.031,0.73,Calm,FMS_MARITIME,2026-04-06
2021-06-28,49,MGO,63.72,13.0,312.0,24,635.9746,0.54,Moderate,FMS_MARITIME,2026-04-06
2021-06-28,49,LNG,51.44,11.0,264.0,24,606.7582,0.53,Calm,FMS_MARITIME,2026-04-06
2021-06-28,49,VLSFO,62.39,11.5,276.0,24,703.922,0.45,Rough,FMS_MARITIME,2026-04-06
2021-06-01,50,MGO,65.2,14.3,343.2,24,591.5874,0.61,Calm,FMS_MARITIME,2026-04-06
2021-06-02,50,HFO,21.03,15.0,360.0,24,181.9095,0.57,Rough,FMS_MARITIME,2026-04-06
2021-06-03,50,VLSFO,67.57,17.7,424.8,24,495.3225,0.88,Calm,FMS_MARITIME,2026-04-06
2021-06-04,50,MGO,39.66,9.9,237.6,24,519.7864,0.84,Moderate,FMS_MARITIME,2026-04-06
2021-06-05,50,LSMGO,74.89,17.1,410.4,24,568.2443,0.88,Moderate,FMS_MARITIME,2026-04-06
2021-06-06,50,LSMGO,74.87,9.7,232.8,24,1001.4827,0.78,Moderate,FMS_MARITIME,2026-04-06
2021-06-07,50,HFO,29.63,13.2,316.8,24,291.2494,0.75,Calm,FMS_MARITIME,2026-04-06
2021-06-08,50,MGO,79.56,10.5,252.0,24,983.1343,0.74,Rough,FMS_MARITIME,2026-04-06
2021-06-09,50,VLSFO,48.55,17.9,429.6,24,351.9197,0.53,Moderate,FMS_MARITIME,2026-04-06
2021-06-10,50,LNG,28.68,10.3,247.2,24,361.2845,0.66,Rough,FMS_MARITIME,2026-04-06
2021-06-11,50,LSMGO,66.49,8.0,192.0,24,1078.3847,0.81,Moderate,FMS_MARITIME,2026-04-06
2021-06-12,50,MGO,68.71,16.6,398.4,24,537.0556,0.75,Moderate,FMS_MARITIME,2026-04-06
2021-06-13,50,LNG,50.91,16.6,398.4,24,397.9261,0.57,Moderate,FMS_MARITIME,2026-04-06
2021-06-14,50,LSMGO,19.88,17.2,412.8,24,149.9669,0.43,Calm,FMS_MARITIME,2026-04-06
2021-06-15,50,MGO,31.76,8.3,199.2,24,496.4892,0.73,Rough,FMS_MARITIME,2026-04-06
2021-06-16,50,LSMGO,65.35,13.1,314.4,24,647.2643,0.57,Moderate,FMS_MARITIME,2026-04-06
2021-06-17,50,MGO,70.29,17.7,424.8,24,515.2614,0.64,Moderate,FMS_MARITIME,2026-04-06
2021-06-18,50,LNG,27.04,10.2,244.8,24,343.9647,0.95,Moderate,FMS_MARITIME,2026-04-06
2021-06-19,50,VLSFO,67.29,10.0,240.0,24,873.0878,0.62,Rough,FMS_MARITIME,2026-04-06
2021-06-20,50,VLSFO,75.69,14.8,355.2,24,663.566,0.4,Rough,FMS_MARITIME,2026-04-06
2021-06-21,50,VLSFO,79.06,16.2,388.8,24,633.212,0.44,Moderate,FMS_MARITIME,2026-04-06
2021-06-22,50,MGO,58.1,10.7,256.8,24,704.5304,0.41,Moderate,FMS_MARITIME,2026-04-06
2021-06-23,50,LSMGO,36.55,14.8,355.2,24,320.4299,0.98,Rough,FMS_MARITIME,2026-04-06
2021-06-24,50,VLSFO,57.1,9.0,216.0,24,823.1917,0.59,Calm,FMS_MARITIME,2026-04-06
2021-06-25,50,MGO,77.74,14.3,343.2,24,705.3682,0.63,Moderate,FMS_MARITIME,2026-04-06
2021-06-26,50,HFO,40.8,9.2,220.8,24,575.413,0.85,Moderate,FMS_MARITIME,2026-04-06
2021-06-27,50,MGO,48.43,10.2,244.8,24,616.0581,0.61,Calm,FMS_MARITIME,2026-04-06
2021-06-28,50,HFO,30.17,14.5,348.0,24,269.9695,0.79,Calm,FMS_MARITIME,2026-04-06
2021-06-28,50,VLSFO,23.5,17.7,424.8,24,172.2669,0.57,Moderate,FMS_MARITIME,2026-04-06
2021-06-28,50,HFO,48.29,12.8,307.2,24,489.5021,0.99,Moderate,FMS_MARITIME,2026-04-06
2021-06-01,51,VLSFO,53.64,12.8,307.2,24,543.7336,0.51,Rough,FMS_MARITIME,2026-04-06
2021-06-02,51,LNG,55.77,11.7,280.8,24,618.475,0.65,Calm,FMS_MARITIME,2026-04-06
2021-06-03,51,HFO,17.35,8.2,196.8,24,274.532,0.44,Moderate,FMS_MARITIME,2026-04-06
2021-06-04,51,HFO,47.37,8.1,194.4,24,758.7972,0.83,Moderate,FMS_MARITIME,2026-04-06
2021-06-05,51,LSMGO,40.55,11.6,278.4,24,453.5657,0.83,Calm,FMS_MARITIME,2026-04-06
2021-06-06,51,MGO,45.58,13.3,319.2,24,444.662,0.83,Rough,FMS_MARITIME,2026-04-06
2021-06-07,51,LNG,30.79,17.8,427.2,24,224.4383,0.74,Moderate,FMS_MARITIME,2026-04-06
2021-06-08,51,LSMGO,68.43,12.0,288.0,24,739.8994,0.88,Calm,FMS_MARITIME,2026-04-06
2021-06-09,51,HFO,80.7,8.9,213.6,24,1176.4972,0.68,Moderate,FMS_MARITIME,2026-04-06
2021-06-10,51,HFO,58.76,17.6,422.4,24,433.1881,0.98,Calm,FMS_MARITIME,2026-04-06
2021-06-11,51,VLSFO,82.13,12.4,297.6,24,859.3845,0.82,Calm,FMS_MARITIME,2026-04-06
2021-06-12,51,HFO,48.99,17.1,410.4,24,371.7224,0.73,Moderate,FMS_MARITIME,2026-04-06
2021-06-13,51,LSMGO,39.7,8.6,206.4,24,598.9622,0.89,Rough,FMS_MARITIME,2026-04-06
2021-06-14,51,HFO,42.11,13.1,314.4,24,417.0819,1.0,Calm,FMS_MARITIME,2026-04-06
2021-06-15,51,LSMGO,28.92,13.3,319.2,24,282.1331,0.76,Calm,FMS_MARITIME,2026-04-06
2021-06-16,51,LSMGO,80.94,15.8,379.2,24,664.6813,0.82,Calm,FMS_MARITIME,2026-04-06
2021-06-17,51,MGO,53.37,9.3,223.2,24,744.5976,0.71,Moderate,FMS_MARITIME,2026-04-06
2021-06-18,51,HFO,15.64,13.7,328.8,24,148.1234,0.62,Rough,FMS_MARITIME,2026-04-06
2021-06-19,51,VLSFO,69.22,15.4,369.6,24,583.201,0.82,Rough,FMS_MARITIME,2026-04-06
2021-06-20,51,HFO,64.06,14.0,336.0,24,593.6989,0.79,Moderate,FMS_MARITIME,2026-04-06
2021-06-21,51,MGO,75.82,8.6,206.4,24,1143.9122,0.57,Rough,FMS_MARITIME,2026-04-06
2021-06-22,51,MGO,54.18,16.6,398.4,24,423.4852,0.73,Moderate,FMS_MARITIME,2026-04-06
2021-06-23,51,HFO,51.21,16.8,403.2,24,395.5058,0.44,Rough,FMS_MARITIME,2026-04-06
2021-06-24,51,MGO,16.06,14.3,343.2,24,145.7192,0.69,Moderate,FMS_MARITIME,2026-04-06
2021-06-25,51,LNG,68.6,10.7,256.8,24,831.8551,0.79,Moderate,FMS_MARITIME,2026-04-06
2021-06-26,51,VLSFO,45.5,17.9,429.6,24,329.8115,0.78,Calm,FMS_MARITIME,2026-04-06
2021-06-27,51,LSMGO,15.55,14.7,352.8,24,137.2526,0.52,Rough,FMS_MARITIME,2026-04-06
2021-06-28,51,MGO,26.02,9.6,230.4,24,351.6766,0.61,Rough,FMS_MARITIME,2026-04-06
2021-06-28,51,LSMGO,53.6,17.8,427.2,24,390.7079,0.59,Moderate,FMS_MARITIME,2026-04-06
2021-06-28,51,HFO,80.45,16.6,398.4,24,628.8185,0.57,Calm,FMS_MARITIME,2026-04-06
2021-06-01,52,MGO,72.11,14.8,355.2,24,632.1806,0.56,Calm,FMS_MARITIME,2026-04-06
2021-06-02,52,HFO,61.64,15.9,381.6,24,503.0057,0.45,Moderate,FMS_MARITIME,2026-04-06
2021-06-03,52,LSMGO,76.98,11.7,280.8,24,853.6885,0.7,Rough,FMS_MARITIME,2026-04-06
2021-06-04,52,LSMGO,49.29,14.7,352.8,24,435.0597,0.71,Rough,FMS_MARITIME,2026-04-06
2021-06-05,52,LNG,35.8,16.7,400.8,24,278.1467,0.49,Moderate,FMS_MARITIME,2026-04-06
2021-06-06,52,HFO,54.55,14.1,338.4,24,501.9761,0.64,Calm,FMS_MARITIME,2026-04-06
2021-06-07,52,LNG,71.59,14.9,357.6,24,623.4096,0.74,Calm,FMS_MARITIME,2026-04-06
2021-06-08,52,MGO,40.02,9.1,218.4,24,570.6148,0.67,Rough,FMS_MARITIME,2026-04-06
2021-06-09,52,LSMGO,73.82,13.0,312.0,24,736.7804,0.95,Moderate,FMS_MARITIME,2026-04-06
2021-06-10,52,MGO,74.84,8.3,199.2,24,1169.9386,0.89,Calm,FMS_MARITIME,2026-04-06
2021-06-11,52,HFO,55.16,14.3,343.2,24,500.4902,0.82,Calm,FMS_MARITIME,2026-04-06
2021-06-12,52,VLSFO,52.1,16.0,384.0,24,422.4984,0.75,Rough,FMS_MARITIME,2026-04-06
2021-06-13,52,VLSFO,35.45,8.8,211.2,24,522.6861,0.7,Rough,FMS_MARITIME,2026-04-06
2021-06-14,52,VLSFO,59.56,13.5,324.0,24,572.4378,0.53,Calm,FMS_MARITIME,2026-04-06
2021-06-15,52,MGO,63.01,12.7,304.8,24,643.7439,0.54,Moderate,FMS_MARITIME,2026-04-06
2021-06-16,52,LNG,62.53,16.7,400.8,24,485.8244,0.82,Rough,FMS_MARITIME,2026-04-06
2021-06-17,52,LSMGO,65.89,9.1,218.4,24,939.4755,0.44,Rough,FMS_MARITIME,2026-04-06
2021-06-18,52,LSMGO,46.14,12.9,309.6,24,464.0826,0.51,Moderate,FMS_MARITIME,2026-04-06
2021-06-19,52,VLSFO,66.13,9.6,230.4,24,893.7883,0.64,Moderate,FMS_MARITIME,2026-04-06
2021-06-20,52,LSMGO,63.61,12.2,292.8,24,676.508,0.54,Moderate,FMS_MARITIME,2026-04-06
2021-06-21,52,LNG,44.57,10.5,252.0,24,550.7579,0.87,Calm,FMS_MARITIME,2026-04-06
2021-06-22,52,MGO,29.46,11.7,280.8,24,326.7038,0.47,Moderate,FMS_MARITIME,2026-04-06
2021-06-23,52,LNG,44.75,12.3,295.2,24,472.0579,0.48,Calm,FMS_MARITIME,2026-04-06
2021-06-24,52,HFO,84.95,14.9,357.6,24,739.7492,0.61,Rough,FMS_MARITIME,2026-04-06
2021-06-25,52,MGO,81.91,12.3,295.2,24,864.0506,0.91,Moderate,FMS_MARITIME,2026-04-06
2021-06-26,52,VLSFO,28.49,15.3,367.2,24,241.6064,0.52,Rough,FMS_MARITIME,2026-04-06
2021-06-27,52,MGO,20.15,12.8,307.2,24,204.2549,0.99,Moderate,FMS_MARITIME,2026-04-06
2021-06-28,52,HFO,60.64,15.8,379.2,24,497.9772,0.96,Rough,FMS_MARITIME,2026-04-06
2021-06-28,52,LNG,76.49,12.0,288.0,24,827.0481,0.68,Rough,FMS_MARITIME,2026-04-06
2021-06-28,52,VLSFO,77.95,14.7,352.8,24,688.0281,0.54,Calm,FMS_MARITIME,2026-04-06
2021-06-01,53,VLSFO,49.51,12.9,309.6,24,497.9785,0.61,Rough,FMS_MARITIME,2026-04-06
2021-06-02,53,LSMGO,44.69,15.5,372.0,24,374.0985,0.89,Moderate,FMS_MARITIME,2026-04-06
2021-06-03,53,MGO,43.17,13.7,328.8,24,408.8546,0.86,Calm,FMS_MARITIME,2026-04-06
2021-06-04,53,LNG,18.71,13.5,324.0,24,179.8239,0.49,Moderate,FMS_MARITIME,2026-04-06
2021-06-05,53,VLSFO,27.74,12.0,288.0,24,299.9387,0.93,Moderate,FMS_MARITIME,2026-04-06
2021-06-06,53,LSMGO,39.25,9.4,225.6,24,541.7753,0.83,Rough,FMS_MARITIME,2026-04-06
2021-06-07,53,LSMGO,24.48,14.6,350.4,24,217.5534,0.94,Moderate,FMS_MARITIME,2026-04-06
2021-06-08,53,LSMGO,75.47,9.3,223.2,24,1052.9282,0.98,Moderate,FMS_MARITIME,2026-04-06
2021-06-09,53,LSMGO,64.38,13.1,314.4,24,637.6569,0.98,Calm,FMS_MARITIME,2026-04-06
2021-06-10,53,LNG,38.21,8.7,208.8,24,569.856,0.99,Moderate,FMS_MARITIME,2026-04-06
2021-06-11,53,HFO,41.34,14.0,336.0,24,383.1332,0.64,Rough,FMS_MARITIME,2026-04-06
2021-06-12,53,LNG,49.42,18.0,432.0,24,356.2358,0.47,Calm,FMS_MARITIME,2026-04-06
2021-06-13,53,HFO,60.44,15.3,367.2,24,512.5549,0.46,Rough,FMS_MARITIME,2026-04-06
2021-06-14,53,LSMGO,83.68,10.0,240.0,24,1085.748,0.96,Moderate,FMS_MARITIME,2026-04-06
2021-06-15,53,LNG,16.42,15.0,360.0,24,142.033,0.86,Rough,FMS_MARITIME,2026-04-06
2021-06-16,53,LSMGO,23.98,13.9,333.6,24,223.8421,0.7,Calm,FMS_MARITIME,2026-04-06
2021-06-17,53,VLSFO,24.75,13.0,312.0,24,247.024,0.73,Moderate,FMS_MARITIME,2026-04-06
2021-06-18,53,LNG,71.75,11.9,285.6,24,782.3162,0.52,Moderate,FMS_MARITIME,2026-04-06
2021-06-19,53,MGO,43.97,8.2,196.8,24,695.7448,0.48,Moderate,FMS_MARITIME,2026-04-06
2021-06-20,53,HFO,46.17,11.4,273.6,24,525.4875,0.53,Moderate,FMS_MARITIME,2026-04-06
2021-06-21,53,VLSFO,80.56,15.4,369.6,24,678.7442,0.76,Rough,FMS_MARITIME,2026-04-06
2021-06-22,53,LSMGO,83.04,8.7,208.8,24,1238.4414,0.82,Calm,FMS_MARITIME,2026-04-06
2021-06-23,53,LSMGO,83.92,15.2,364.8,24,716.3566,0.71,Moderate,FMS_MARITIME,2026-04-06
2021-06-24,53,VLSFO,33.63,16.6,398.4,24,262.861,0.96,Rough,FMS_MARITIME,2026-04-06
2021-06-25,53,MGO,21.5,10.2,244.8,24,273.4926,0.42,Calm,FMS_MARITIME,2026-04-06
2021-06-26,53,HFO,78.8,13.0,312.0,24,786.4846,0.45,Rough,FMS_MARITIME,2026-04-06
2021-06-27,53,HFO,70.21,13.5,324.0,24,674.7961,0.84,Rough,FMS_MARITIME,2026-04-06
2021-06-28,53,MGO,81.76,8.7,208.8,24,1219.3517,0.64,Moderate,FMS_MARITIME,2026-04-06
2021-06-28,53,MGO,80.68,13.1,314.4,24,799.1015,0.7,Calm,FMS_MARITIME,2026-04-06
2021-06-28,53,MGO,58.11,12.8,307.2,24,589.0447,0.51,Moderate,FMS_MARITIME,2026-04-06
2021-06-01,54,LNG,39.14,13.1,314.4,24,387.6653,0.83,Moderate,FMS_MARITIME,2026-04-06
2021-06-02,54,LNG,46.65,14.9,357.6,24,406.2307,0.45,Moderate,FMS_MARITIME,2026-04-06
2021-06-03,54,LSMGO,26.61,17.7,424.8,24,195.0648,0.87,Moderate,FMS_MARITIME,2026-04-06
2021-06-04,54,HFO,83.14,15.1,362.4,24,714.3983,0.59,Moderate,FMS_MARITIME,2026-04-06
2021-06-05,54,HFO,58.16,16.8,403.2,24,449.1821,0.91,Calm,FMS_MARITIME,2026-04-06
2021-06-06,54,LSMGO,28.02,15.3,367.2,24,237.6206,0.42,Calm,FMS_MARITIME,2026-04-06
2021-06-07,54,MGO,64.57,9.3,223.2,24,900.8556,0.67,Moderate,FMS_MARITIME,2026-04-06
2021-06-08,54,HFO,60.85,15.2,364.8,24,519.4268,0.65,Calm,FMS_MARITIME,2026-04-06
2021-06-09,54,LNG,81.42,15.1,362.4,24,699.6189,0.95,Calm,FMS_MARITIME,2026-04-06
2021-06-10,54,LSMGO,75.86,17.4,417.6,24,565.6802,0.62,Rough,FMS_MARITIME,2026-04-06
2021-06-11,54,HFO,62.84,15.2,364.8,24,536.4138,0.55,Rough,FMS_MARITIME,2026-04-06
2021-06-12,54,HFO,31.9,13.6,326.4,24,304.3401,0.51,Calm,FMS_MARITIME,2026-04-06
2021-06-13,54,VLSFO,52.57,9.1,218.4,24,749.5558,0.43,Calm,FMS_MARITIME,2026-04-06
2021-06-14,54,LNG,34.75,9.4,225.6,24,479.6609,0.81,Rough,FMS_MARITIME,2026-04-06
2021-06-15,54,HFO,23.44,13.3,319.2,24,228.6722,0.75,Calm,FMS_MARITIME,2026-04-06
2021-06-16,54,HFO,46.12,17.6,422.4,24,340.004,0.64,Rough,FMS_MARITIME,2026-04-06
2021-06-17,54,LNG,39.28,10.7,256.8,24,476.3159,0.96,Rough,FMS_MARITIME,2026-04-06
2021-06-18,54,LSMGO,58.82,8.8,211.2,24,867.2608,0.54,Moderate,FMS_MARITIME,2026-04-06
2021-06-19,54,HFO,79.81,17.3,415.2,24,598.575,0.8,Calm,FMS_MARITIME,2026-04-06
2021-06-20,54,HFO,80.25,10.6,254.4,24,982.3054,0.82,Rough,FMS_MARITIME,2026-04-06
2021-06-21,54,LSMGO,48.85,15.1,362.4,24,419.7541,0.55,Calm,FMS_MARITIME,2026-04-06
2021-06-22,54,LSMGO,77.64,12.4,297.6,24,812.4024,0.79,Rough,FMS_MARITIME,2026-04-06
2021-06-23,54,LSMGO,77.24,16.0,384.0,24,626.3681,0.83,Rough,FMS_MARITIME,2026-04-06
2021-06-24,54,MGO,76.05,12.4,297.6,24,795.7651,0.98,Calm,FMS_MARITIME,2026-04-06
2021-06-25,54,VLSFO,17.81,16.6,398.4,24,139.2077,0.91,Calm,FMS_MARITIME,2026-04-06
2021-06-26,54,LSMGO,77.07,12.2,292.8,24,819.6584,0.5,Calm,FMS_MARITIME,2026-04-06
2021-06-27,54,LSMGO,44.68,15.5,372.0,24,374.0148,0.48,Rough,FMS_MARITIME,2026-04-06
2021-06-28,54,LNG,59.61,11.0,264.0,24,703.127,0.45,Moderate,FMS_MARITIME,2026-04-06
2021-06-28,54,VLSFO,42.82,16.3,391.2,24,340.8525,0.76,Calm,FMS_MARITIME,2026-04-06
2021-06-28,54,VLSFO,64.37,13.6,326.4,24,614.1182,0.84,Moderate,FMS_MARITIME,2026-04-06
2021-06-01,55,HFO,70.34,15.2,364.8,24,600.4352,0.45,Moderate,FMS_MARITIME,2026-04-06
2021-06-02,55,LSMGO,53.51,17.5,420.0,24,396.7384,0.43,Moderate,FMS_MARITIME,2026-04-06
2021-06-03,55,MGO,75.65,11.5,276.0,24,853.5293,0.54,Moderate,FMS_MARITIME,2026-04-06
2021-06-04,55,VLSFO,45.08,8.1,194.4,24,722.1148,0.97,Calm,FMS_MARITIME,2026-04-06
2021-06-05,55,HFO,29.51,8.4,201.6,24,455.8241,0.52,Calm,FMS_MARITIME,2026-04-06
2021-06-06,55,HFO,52.5,10.1,242.4,24,674.4431,0.85,Calm,FMS_MARITIME,2026-04-06
2021-06-07,55,VLSFO,73.32,8.7,208.8,24,1093.4793,0.7,Rough,FMS_MARITIME,2026-04-06
2021-06-08,55,LNG,36.09,12.9,309.6,24,362.9983,0.44,Rough,FMS_MARITIME,2026-04-06
2021-06-09,55,MGO,35.72,16.8,403.2,24,275.8732,0.75,Moderate,FMS_MARITIME,2026-04-06
2021-06-10,55,HFO,15.17,16.0,384.0,24,123.0192,0.98,Calm,FMS_MARITIME,2026-04-06
2021-06-11,55,LSMGO,18.97,12.3,295.2,24,200.1104,0.88,Moderate,FMS_MARITIME,2026-04-06
2021-06-12,55,VLSFO,31.88,17.4,417.6,24,237.7259,0.55,Moderate,FMS_MARITIME,2026-04-06
2021-06-13,55,HFO,52.06,9.5,228.0,24,711.03,0.83,Rough,FMS_MARITIME,2026-04-06
2021-06-14,55,MGO,32.71,14.4,345.6,24,294.7307,0.42,Moderate,FMS_MARITIME,2026-04-06
2021-06-15,55,VLSFO,80.71,13.5,324.0,24,775.7128,0.83,Moderate,FMS_MARITIME,2026-04-06
2021-06-16,55,LNG,66.06,16.8,403.2,24,510.1955,0.96,Calm,FMS_MARITIME,2026-04-06
2021-06-17,55,LSMGO,83.76,17.8,427.2,24,610.5539,0.56,Moderate,FMS_MARITIME,2026-04-06
2021-06-18,55,LNG,15.88,11.5,276.0,24,179.1678,0.97,Moderate,FMS_MARITIME,2026-04-06
2021-06-19,55,HFO,58.64,8.3,199.2,24,916.6916,0.41,Rough,FMS_MARITIME,2026-04-06
2021-06-20,55,MGO,26.37,17.4,417.6,24,196.6384,0.77,Calm,FMS_MARITIME,2026-04-06
2021-06-21,55,LSMGO,31.99,17.9,429.6,24,231.8828,0.68,Calm,FMS_MARITIME,2026-04-06
2021-06-22,55,LNG,66.02,14.6,350.4,24,586.7188,0.62,Moderate,FMS_MARITIME,2026-04-06
2021-06-23,55,VLSFO,81.52,14.3,343.2,24,739.6657,0.93,Calm,FMS_MARITIME,2026-04-06
2021-06-24,55,LNG,53.67,10.4,249.6,24,669.5849,0.46,Calm,FMS_MARITIME,2026-04-06
2021-06-25,55,VLSFO,52.57,9.0,216.0,24,757.8842,0.44,Rough,FMS_MARITIME,2026-04-06
2021-06-26,55,LSMGO,64.93,16.7,400.8,24,504.4711,0.84,Rough,FMS_MARITIME,2026-04-06
2021-06-27,55,HFO,78.07,8.3,199.2,24,1220.4316,0.96,Calm,FMS_MARITIME,2026-04-06
2021-06-28,55,LNG,48.34,17.0,408.0,24,368.9479,0.83,Moderate,FMS_MARITIME,2026-04-06
2021-06-28,55,HFO,69.2,15.0,360.0,24,598.58,0.99,Calm,FMS_MARITIME,2026-04-06
2021-06-28,55,MGO,46.93,12.8,307.2,24,475.7162,0.53,Rough,FMS_MARITIME,2026-04-06
2021-06-01,56,LSMGO,29.33,13.9,333.6,24,273.7818,0.87,Calm,FMS_MARITIME,2026-04-06
2021-06-02,56,MGO,79.04,16.6,398.4,24,617.7976,0.54,Moderate,FMS_MARITIME,2026-04-06
2021-06-03,56,MGO,19.83,11.9,285.6,24,216.2137,0.5,Rough,FMS_MARITIME,2026-04-06
2021-06-04,56,MGO,51.97,12.6,302.4,24,535.1673,0.72,Calm,FMS_MARITIME,2026-04-06
2021-06-05,56,LNG,26.06,13.7,328.8,24,246.8091,0.44,Calm,FMS_MARITIME,2026-04-06
2021-06-06,56,MGO,28.32,9.2,220.8,24,399.4043,0.46,Calm,FMS_MARITIME,2026-04-06
2021-06-07,56,LSMGO,32.55,16.0,384.0,24,263.9602,0.98,Rough,FMS_MARITIME,2026-04-06
2021-06-08,56,MGO,41.25,17.8,427.2,24,300.6847,0.44,Calm,FMS_MARITIME,2026-04-06
2021-06-09,56,VLSFO,60.73,12.9,309.6,24,610.8308,0.51,Calm,FMS_MARITIME,2026-04-06
2021-06-10,56,LNG,28.1,9.7,232.8,24,375.8737,0.64,Moderate,FMS_MARITIME,2026-04-06
2021-06-11,56,VLSFO,33.64,12.4,297.6,24,351.9992,0.52,Calm,FMS_MARITIME,2026-04-06
2021-06-12,56,HFO,62.73,16.3,391.2,24,499.3385,0.48,Rough,FMS_MARITIME,2026-04-06
2021-06-13,56,HFO,69.69,9.9,237.6,24,913.3614,0.8,Rough,FMS_MARITIME,2026-04-06
2021-06-14,56,VLSFO,80.04,14.6,350.4,24,711.3144,0.93,Rough,FMS_MARITIME,2026-04-06
2021-06-15,56,MGO,30.18,13.3,319.2,24,294.4252,0.6,Moderate,FMS_MARITIME,2026-04-06
2021-06-16,56,LSMGO,71.76,14.8,355.2,24,629.1122,0.88,Rough,FMS_MARITIME,2026-04-06
2021-06-17,56,LNG,82.13,11.8,283.2,24,903.082,0.83,Moderate,FMS_MARITIME,2026-04-06
2021-06-18,56,VLSFO,42.18,11.0,264.0,24,497.5323,0.69,Calm,FMS_MARITIME,2026-04-06
2021-06-19,56,HFO,81.06,13.1,314.4,24,802.8653,0.87,Calm,FMS_MARITIME,2026-04-06
2021-06-20,56,HFO,28.44,17.6,422.4,24,209.6642,0.98,Moderate,FMS_MARITIME,2026-04-06
2021-06-21,56,LNG,72.31,11.1,266.4,24,845.2453,0.82,Moderate,FMS_MARITIME,2026-04-06
2021-06-22,56,HFO,39.8,15.2,364.8,24,339.7401,0.98,Moderate,FMS_MARITIME,2026-04-06
2021-06-23,56,LSMGO,61.78,17.6,422.4,24,455.452,0.45,Moderate,FMS_MARITIME,2026-04-06
2021-06-24,56,MGO,84.46,14.6,350.4,24,750.5949,0.74,Moderate,FMS_MARITIME,2026-04-06
2021-06-25,56,MGO,61.02,10.2,244.8,24,776.2103,0.64,Calm,FMS_MARITIME,2026-04-06
2021-06-26,56,MGO,82.16,11.7,280.8,24,911.1333,0.68,Calm,FMS_MARITIME,2026-04-06
2021-06-27,56,MGO,48.77,13.3,319.2,24,475.7825,0.79,Rough,FMS_MARITIME,2026-04-06
2021-06-28,56,LNG,32.0,16.0,384.0,24,259.5,0.69,Rough,FMS_MARITIME,2026-04-06
2021-06-28,56,HFO,31.02,10.8,259.2,24,372.6708,0.98,Moderate,FMS_MARITIME,2026-04-06
2021-06-28,56,LSMGO,38.55,13.8,331.2,24,362.4538,0.76,Rough,FMS_MARITIME,2026-04-06
2021-06-01,57,LNG,61.07,11.4,273.6,24,695.073,0.99,Rough,FMS_MARITIME,2026-04-06
2021-06-02,57,HFO,76.13,13.2,316.8,24,748.3233,0.41,Moderate,FMS_MARITIME,2026-04-06
2021-06-03,57,VLSFO,21.96,15.7,376.8,24,181.4847,0.65,Calm,FMS_MARITIME,2026-04-06
2021-06-04,57,LSMGO,17.72,15.5,372.0,24,148.3335,0.54,Moderate,FMS_MARITIME,2026-04-06
2021-06-05,57,LNG,84.56,15.6,374.4,24,703.3115,0.79,Rough,FMS_MARITIME,2026-04-06
2021-06-06,57,HFO,21.83,10.0,240.0,24,283.2442,0.82,Calm,FMS_MARITIME,2026-04-06
2021-06-07,57,MGO,22.64,17.4,417.6,24,168.8241,0.81,Moderate,FMS_MARITIME,2026-04-06
2021-06-08,57,MGO,51.41,14.2,340.8,24,469.7498,0.75,Calm,FMS_MARITIME,2026-04-06
2021-06-09,57,LNG,74.82,15.0,360.0,24,647.193,0.47,Rough,FMS_MARITIME,2026-04-06
2021-06-10,57,LNG,45.34,15.3,367.2,24,384.501,0.86,Rough,FMS_MARITIME,2026-04-06
2021-06-11,57,MGO,41.49,8.9,213.6,24,604.8683,0.87,Moderate,FMS_MARITIME,2026-04-06
2021-06-12,57,VLSFO,41.2,12.4,297.6,24,431.1048,0.81,Calm,FMS_MARITIME,2026-04-06
2021-06-13,57,MGO,73.43,12.6,302.4,24,756.1542,0.58,Moderate,FMS_MARITIME,2026-04-06
2021-06-14,57,HFO,68.93,15.8,379.2,24,566.0549,0.49,Rough,FMS_MARITIME,2026-04-06
2021-06-15,57,MGO,72.2,8.8,211.2,24,1064.5398,0.51,Calm,FMS_MARITIME,2026-04-06
2021-06-16,57,VLSFO,64.01,10.3,247.2,24,806.3396,0.69,Calm,FMS_MARITIME,2026-04-06
2021-06-17,57,VLSFO,60.09,13.5,324.0,24,577.5317,0.86,Calm,FMS_MARITIME,2026-04-06
2021-06-18,57,VLSFO,75.84,8.1,194.4,24,1214.8444,0.42,Calm,FMS_MARITIME,2026-04-06
2021-06-19,57,HFO,67.41,13.2,316.8,24,662.6097,0.67,Rough,FMS_MARITIME,2026-04-06
2021-06-20,57,MGO,75.88,15.4,369.6,24,639.3136,0.5,Rough,FMS_MARITIME,2026-04-06
2021-06-21,57,VLSFO,47.27,14.2,340.8,24,431.9213,0.46,Rough,FMS_MARITIME,2026-04-06
2021-06-22,57,HFO,59.22,15.7,376.8,24,489.4137,0.78,Calm,FMS_MARITIME,2026-04-06
2021-06-23,57,LNG,84.07,16.2,388.8,24,673.3384,0.92,Rough,FMS_MARITIME,2026-04-06
2021-06-24,57,VLSFO,70.33,16.1,386.4,24,566.7899,0.48,Rough,FMS_MARITIME,2026-04-06
2021-06-25,57,MGO,45.82,18.0,432.0,24,330.2858,0.72,Calm,FMS_MARITIME,2026-04-06
2021-06-26,57,LSMGO,76.32,13.5,324.0,24,733.52,0.97,Moderate,FMS_MARITIME,2026-04-06
2021-06-27,57,LNG,76.99,16.4,393.6,24,609.113,0.8,Rough,FMS_MARITIME,2026-04-06
2021-06-28,57,VLSFO,16.33,14.1,338.4,24,150.2707,0.99,Moderate,FMS_MARITIME,2026-04-06
2021-06-28,57,VLSFO,26.05,10.3,247.2,24,328.1541,0.77,Rough,FMS_MARITIME,2026-04-06
2021-06-28,57,LNG,79.91,11.2,268.8,24,925.7431,0.87,Calm,FMS_MARITIME,2026-04-06
2021-06-01,58,VLSFO,65.66,17.2,412.8,24,495.3131,0.63,Moderate,FMS_MARITIME,2026-04-06
2021-06-02,58,MGO,81.74,11.4,273.6,24,930.3303,0.73,Rough,FMS_MARITIME,2026-04-06
2021-06-03,58,MGO,65.34,9.9,237.6,24,856.35,0.42,Calm,FMS_MARITIME,2026-04-06
2021-06-04,58,LSMGO,51.37,14.6,350.4,24,456.5245,0.62,Moderate,FMS_MARITIME,2026-04-06
2021-06-05,58,VLSFO,36.9,11.7,280.8,24,409.2115,0.58,Rough,FMS_MARITIME,2026-04-06
2021-06-06,58,LSMGO,17.0,11.0,264.0,24,200.5227,0.57,Rough,FMS_MARITIME,2026-04-06
2021-06-07,58,MGO,44.44,15.6,374.4,24,369.6212,0.89,Calm,FMS_MARITIME,2026-04-06
2021-06-08,58,LNG,23.87,10.5,252.0,24,294.965,0.67,Calm,FMS_MARITIME,2026-04-06
2021-06-09,58,VLSFO,60.2,14.8,355.2,24,527.7669,0.57,Moderate,FMS_MARITIME,2026-04-06
2021-06-10,58,LSMGO,37.56,8.9,213.6,24,547.5742,0.6,Calm,FMS_MARITIME,2026-04-06
2021-06-11,58,HFO,82.81,17.7,424.8,24,607.0394,0.65,Moderate,FMS_MARITIME,2026-04-06
2021-06-12,58,VLSFO,15.52,13.3,319.2,24,151.4075,0.63,Moderate,FMS_MARITIME,2026-04-06
2021-06-13,58,VLSFO,52.3,9.0,216.0,24,753.9917,0.62,Rough,FMS_MARITIME,2026-04-06
2021-06-14,58,LSMGO,35.75,10.3,247.2,24,450.3459,0.85,Moderate,FMS_MARITIME,2026-04-06
2021-06-15,58,LNG,20.08,10.2,244.8,24,255.4294,0.99,Calm,FMS_MARITIME,2026-04-06
2021-06-16,58,LSMGO,64.61,13.1,314.4,24,639.9349,0.67,Rough,FMS_MARITIME,2026-04-06
2021-06-17,58,VLSFO,46.36,13.1,314.4,24,459.1763,0.47,Calm,FMS_MARITIME,2026-04-06
2021-06-18,58,LSMGO,74.42,13.0,312.0,24,742.7688,0.8,Rough,FMS_MARITIME,2026-04-06
2021-06-19,58,LNG,24.16,12.1,290.4,24,259.0711,0.77,Rough,FMS_MARITIME,2026-04-06
2021-06-20,58,LNG,81.33,14.5,348.0,24,727.7633,0.79,Calm,FMS_MARITIME,2026-04-06
2021-06-21,58,LNG,63.46,15.4,369.6,24,534.6711,0.8,Moderate,FMS_MARITIME,2026-04-06
2021-06-22,58,LNG,15.28,15.4,369.6,24,128.739,0.57,Rough,FMS_MARITIME,2026-04-06
2021-06-23,58,HFO,27.95,16.7,400.8,24,217.1564,0.44,Calm,FMS_MARITIME,2026-04-06
2021-06-24,58,VLSFO,47.71,13.7,328.8,24,451.852,0.87,Rough,FMS_MARITIME,2026-04-06
2021-06-25,58,VLSFO,21.74,16.7,400.8,24,168.9081,0.72,Calm,FMS_MARITIME,2026-04-06
2021-06-26,58,VLSFO,68.93,12.1,290.4,24,739.1461,0.78,Calm,FMS_MARITIME,2026-04-06
2021-06-27,58,LNG,75.89,13.3,319.2,24,740.3555,0.96,Moderate,FMS_MARITIME,2026-04-06
2021-06-28,58,HFO,25.05,10.6,254.4,24,306.6262,0.88,Calm,FMS_MARITIME,2026-04-06
2021-06-28,58,VLSFO,46.46,17.3,415.2,24,348.45,0.4,Moderate,FMS_MARITIME,2026-04-06
2021-06-28,58,LSMGO,23.55,8.6,206.4,24,355.3038,0.96,Rough,FMS_MARITIME,2026-04-06
2021-06-01,59,VLSFO,48.12,16.0,384.0,24,390.2231,0.81,Rough,FMS_MARITIME,2026-04-06
2021-06-02,59,MGO,69.49,14.1,338.4,24,639.4559,0.6,Moderate,FMS_MARITIME,2026-04-06
2021-06-03,59,MGO,70.4,11.0,264.0,24,830.4,0.8,Moderate,FMS_MARITIME,2026-04-06
2021-06-04,59,MGO,80.06,12.0,288.0,24,865.6487,0.86,Moderate,FMS_MARITIME,2026-04-06
2021-06-05,59,HFO,16.98,12.9,309.6,24,170.7872,0.62,Rough,FMS_MARITIME,2026-04-06
2021-06-06,59,VLSFO,82.61,16.2,388.8,24,661.6449,0.42,Moderate,FMS_MARITIME,2026-04-06
2021-06-07,59,LNG,50.84,12.8,307.2,24,515.3508,0.81,Moderate,FMS_MARITIME,2026-04-06
2021-06-08,59,LNG,44.47,10.1,242.4,24,571.2854,0.74,Rough,FMS_MARITIME,2026-04-06
2021-06-09,59,HFO,63.81,17.2,412.8,24,481.3574,0.65,Moderate,FMS_MARITIME,2026-04-06
2021-06-10,59,LSMGO,37.06,17.8,427.2,24,270.1424,0.45,Calm,FMS_MARITIME,2026-04-06
2021-06-11,59,LSMGO,38.08,17.6,422.4,24,280.7318,0.66,Calm,FMS_MARITIME,2026-04-06
2021-06-12,59,HFO,39.15,8.6,206.4,24,590.6642,0.51,Rough,FMS_MARITIME,2026-04-06
2021-06-13,59,MGO,24.76,13.7,328.8,24,234.4971,0.46,Rough,FMS_MARITIME,2026-04-06
2021-06-14,59,MGO,55.74,15.7,376.8,24,460.6538,0.49,Calm,FMS_MARITIME,2026-04-06
2021-06-15,59,HFO,73.91,13.2,316.8,24,726.5017,0.56,Calm,FMS_MARITIME,2026-04-06
2021-06-16,59,LSMGO,64.87,13.3,319.2,24,632.8483,0.41,Rough,FMS_MARITIME,2026-04-06
2021-06-17,59,LSMGO,38.05,14.2,340.8,24,347.6752,0.58,Rough,FMS_MARITIME,2026-04-06
2021-06-18,59,LNG,45.98,17.3,415.2,24,344.85,0.94,Calm,FMS_MARITIME,2026-04-06
2021-06-19,59,LNG,15.09,8.0,192.0,24,244.7409,0.93,Rough,FMS_MARITIME,2026-04-06
2021-06-20,59,MGO,27.36,14.5,348.0,24,244.8248,0.86,Moderate,FMS_MARITIME,2026-04-06
2021-06-21,59,LNG,47.56,10.1,242.4,24,610.9812,0.85,Moderate,FMS_MARITIME,2026-04-06
2021-06-22,59,LSMGO,69.04,15.2,364.8,24,589.3382,0.45,Rough,FMS_MARITIME,2026-04-06
2021-06-23,59,VLSFO,15.71,11.4,273.6,24,178.8046,0.78,Rough,FMS_MARITIME,2026-04-06
2021-06-24,59,VLSFO,61.4,10.5,252.0,24,758.7286,0.54,Calm,FMS_MARITIME,2026-04-06
2021-06-25,59,MGO,37.77,11.0,264.0,24,445.5143,0.94,Rough,FMS_MARITIME,2026-04-06
2021-06-26,59,LSMGO,27.43,11.5,276.0,24,309.482,0.79,Moderate,FMS_MARITIME,2026-04-06
2021-06-27,59,LSMGO,48.3,8.5,204.0,24,737.2853,0.72,Moderate,FMS_MARITIME,2026-04-06
2021-06-28,59,VLSFO,29.58,12.1,290.4,24,317.1905,0.66,Rough,FMS_MARITIME,2026-04-06
2021-06-28,59,VLSFO,16.74,11.3,271.2,24,192.2137,0.95,Rough,FMS_MARITIME,2026-04-06
2021-06-28,59,HFO,63.71,13.8,331.2,24,599.0125,0.96,Rough,FMS_MARITIME,2026-04-06
2021-06-01,60,HFO,55.15,15.8,379.2,24,452.8932,0.96,Rough,FMS_MARITIME,2026-04-06
2021-06-02,60,VLSFO,36.11,9.5,228.0,24,493.1866,0.6,Moderate,FMS_MARITIME,2026-04-06
2021-06-03,60,MGO,56.72,8.6,206.4,24,855.7465,0.79,Rough,FMS_MARITIME,2026-04-06
2021-06-04,60,MGO,32.66,12.7,304.8,24,333.672,0.89,Moderate,FMS_MARITIME,2026-04-06
2021-06-05,60,HFO,80.97,12.4,297.6,24,847.2466,0.99,Rough,FMS_MARITIME,2026-04-06
2021-06-06,60,LSMGO,35.03,8.5,204.0,24,534.7226,0.69,Moderate,FMS_MARITIME,2026-04-06
2021-06-07,60,HFO,60.61,14.9,357.6,24,527.7951,0.86,Rough,FMS_MARITIME,2026-04-06
2021-06-08,60,VLSFO,27.06,15.3,367.2,24,229.4794,0.96,Rough,FMS_MARITIME,2026-04-06
2021-06-09,60,MGO,22.64,11.2,268.8,24,262.2804,0.98,Calm,FMS_MARITIME,2026-04-06
2021-06-10,60,MGO,15.36,10.5,252.0,24,189.8057,0.72,Moderate,FMS_MARITIME,2026-04-06
2021-06-11,60,HFO,71.8,17.3,415.2,24,538.5,0.48,Calm,FMS_MARITIME,2026-04-06
2021-06-12,60,HFO,49.45,12.2,292.8,24,525.9129,0.69,Rough,FMS_MARITIME,2026-04-06
2021-06-13,60,LNG,66.31,9.5,228.0,24,905.655,0.7,Rough,FMS_MARITIME,2026-04-06
2021-06-14,60,VLSFO,82.79,9.8,235.2,24,1096.1227,0.63,Rough,FMS_MARITIME,2026-04-06
2021-06-15,60,LSMGO,76.56,12.3,295.2,24,807.6146,0.95,Calm,FMS_MARITIME,2026-04-06
2021-06-16,60,LNG,54.85,14.9,357.6,24,477.6367,0.72,Calm,FMS_MARITIME,2026-04-06
2021-06-17,60,LNG,33.3,13.4,321.6,24,322.4384,0.64,Moderate,FMS_MARITIME,2026-04-06
2021-06-18,60,LSMGO,47.31,10.7,256.8,24,573.689,0.44,Calm,FMS_MARITIME,2026-04-06
2021-06-19,60,VLSFO,47.54,9.2,220.8,24,670.469,0.65,Calm,FMS_MARITIME,2026-04-06
2021-06-20,60,VLSFO,76.05,9.6,230.4,24,1027.8633,0.61,Rough,FMS_MARITIME,2026-04-06
2021-06-21,60,MGO,69.19,10.7,256.8,24,839.0096,0.42,Calm,FMS_MARITIME,2026-04-06
2021-06-22,60,VLSFO,54.98,11.7,280.8,24,609.7141,0.62,Moderate,FMS_MARITIME,2026-04-06
2021-06-23,60,HFO,77.55,10.4,249.6,24,967.5108,0.72,Rough,FMS_MARITIME,2026-04-06
2021-06-24,60,MGO,75.48,8.3,199.2,24,1179.9434,0.72,Calm,FMS_MARITIME,2026-04-06
2021-06-25,60,MGO,52.33,17.3,415.2,24,392.475,0.53,Rough,FMS_MARITIME,2026-04-06
2021-06-26,60,LNG,39.95,16.8,403.2,24,308.5424,0.63,Rough,FMS_MARITIME,2026-04-06
2021-06-27,60,HFO,30.47,17.0,408.0,24,232.5578,0.83,Rough,FMS_MARITIME,2026-04-06
2021-06-28,60,LNG,49.66,9.6,230.4,24,671.1859,0.52,Moderate,FMS_MARITIME,2026-04-06
2021-06-28,60,LNG,30.35,10.9,261.6,24,361.2764,0.76,Calm,FMS_MARITIME,2026-04-06
2021-06-28,60,HFO,58.75,17.7,424.8,24,430.6674,0.75,Moderate,FMS_MARITIME,2026-04-06
2021-06-01,61,VLSFO,76.16,9.3,223.2,24,1062.5548,0.77,Moderate,FMS_MARITIME,2026-04-06
2021-06-02,61,MGO,72.31,12.7,304.8,24,738.7577,0.97,Moderate,FMS_MARITIME,2026-04-06
2021-06-03,61,LSMGO,55.84,12.3,295.2,24,589.0439,0.58,Calm,FMS_MARITIME,2026-04-06
2021-06-04,61,MGO,62.9,15.7,376.8,24,519.8264,0.41,Calm,FMS_MARITIME,2026-04-06
2021-06-05,61,HFO,38.34,14.5,348.0,24,343.0769,0.92,Calm,FMS_MARITIME,2026-04-06
2021-06-06,61,LSMGO,50.93,10.1,242.4,24,654.274,0.68,Rough,FMS_MARITIME,2026-04-06
2021-06-07,61,LNG,56.3,8.3,199.2,24,880.1114,0.49,Rough,FMS_MARITIME,2026-04-06
2021-06-08,61,LNG,65.73,16.4,393.6,24,520.0285,0.59,Calm,FMS_MARITIME,2026-04-06
2021-06-09,61,LSMGO,69.3,14.4,345.6,24,624.4219,0.72,Calm,FMS_MARITIME,2026-04-06
2021-06-10,61,VLSFO,73.19,11.6,278.4,24,818.6554,0.98,Rough,FMS_MARITIME,2026-04-06
2021-06-11,61,MGO,52.01,10.2,244.8,24,661.5978,0.84,Rough,FMS_MARITIME,2026-04-06
2021-06-12,61,VLSFO,70.32,9.9,237.6,24,921.6182,0.6,Calm,FMS_MARITIME,2026-04-06
2021-06-13,61,LNG,25.68,10.7,256.8,24,311.4,0.7,Calm,FMS_MARITIME,2026-04-06
2021-06-14,61,VLSFO,42.04,16.2,388.8,24,336.7093,0.61,Calm,FMS_MARITIME,2026-04-06
2021-06-15,61,HFO,70.59,10.9,261.6,24,840.28,0.48,Moderate,FMS_MARITIME,2026-04-06
2021-06-16,61,VLSFO,39.15,17.5,420.0,24,290.2693,0.61,Moderate,FMS_MARITIME,2026-04-06
2021-06-17,61,VLSFO,49.89,17.2,412.8,24,376.3504,0.81,Rough,FMS_MARITIME,2026-04-06
2021-06-18,61,LNG,36.99,13.0,312.0,24,369.1887,0.51,Moderate,FMS_MARITIME,2026-04-06
2021-06-19,61,VLSFO,16.32,10.4,249.6,24,203.6077,0.93,Rough,FMS_MARITIME,2026-04-06
2021-06-20,61,MGO,23.05,15.8,379.2,24,189.2872,0.44,Calm,FMS_MARITIME,2026-04-06
2021-06-21,61,MGO,18.64,9.4,225.6,24,257.2915,0.67,Rough,FMS_MARITIME,2026-04-06
2021-06-22,61,LSMGO,19.52,17.0,408.0,24,148.9835,0.41,Rough,FMS_MARITIME,2026-04-06
2021-06-23,61,HFO,42.45,17.1,410.4,24,322.0987,0.44,Calm,FMS_MARITIME,2026-04-06
2021-06-24,61,LSMGO,68.02,11.9,285.6,24,741.6466,0.62,Moderate,FMS_MARITIME,2026-04-06
2021-06-25,61,HFO,52.86,16.8,403.2,24,408.2491,0.83,Moderate,FMS_MARITIME,2026-04-06
2021-06-26,61,LNG,69.57,9.7,232.8,24,930.5884,0.65,Moderate,FMS_MARITIME,2026-04-06
2021-06-27,61,LSMGO,47.94,10.8,259.2,24,575.9458,0.51,Calm,FMS_MARITIME,2026-04-06
2021-06-28,61,MGO,70.49,13.9,333.6,24,657.9912,0.93,Calm,FMS_MARITIME,2026-04-06
2021-06-28,61,LSMGO,26.54,17.4,417.6,24,197.906,0.45,Calm,FMS_MARITIME,2026-04-06
2021-06-28,61,LSMGO,78.63,17.9,429.6,24,569.9577,0.44,Calm,FMS_MARITIME,2026-04-06
2021-06-01,62,LSMGO,43.26,13.9,333.6,24,403.8119,0.49,Calm,FMS_MARITIME,2026-04-06
2021-06-02,62,VLSFO,50.61,10.4,249.6,24,631.4084,0.76,Rough,FMS_MARITIME,2026-04-06
2021-06-03,62,VLSFO,69.97,14.3,343.2,24,634.8677,0.98,Rough,FMS_MARITIME,2026-04-06
2021-06-04,62,VLSFO,55.47,12.1,290.4,24,594.8126,0.62,Rough,FMS_MARITIME,2026-04-06
2021-06-05,62,HFO,40.9,12.3,295.2,24,431.4451,0.94,Calm,FMS_MARITIME,2026-04-06
2021-06-06,62,MGO,68.91,11.2,268.8,24,798.31,0.62,Moderate,FMS_MARITIME,2026-04-06
2021-06-07,62,HFO,53.03,9.7,232.8,24,709.3446,0.51,Rough,FMS_MARITIME,2026-04-06
2021-06-08,62,HFO,32.1,9.4,225.6,24,443.0824,0.62,Rough,FMS_MARITIME,2026-04-06
2021-06-09,62,VLSFO,48.04,17.0,408.0,24,366.6582,0.43,Rough,FMS_MARITIME,2026-04-06
2021-06-10,62,VLSFO,64.11,17.7,424.8,24,469.9589,0.74,Moderate,FMS_MARITIME,2026-04-06
2021-06-11,62,HFO,62.17,9.0,216.0,24,896.2842,0.52,Calm,FMS_MARITIME,2026-04-06
2021-06-12,62,LSMGO,63.5,12.9,309.6,24,638.6919,0.52,Calm,FMS_MARITIME,2026-04-06
2021-06-13,62,VLSFO,38.95,17.8,427.2,24,283.9192,0.45,Calm,FMS_MARITIME,2026-04-06
2021-06-14,62,HFO,63.52,10.3,247.2,24,800.167,0.51,Moderate,FMS_MARITIME,2026-04-06
2021-06-15,62,MGO,68.16,10.0,240.0,24,884.376,0.98,Calm,FMS_MARITIME,2026-04-06
2021-06-16,62,HFO,58.51,16.6,398.4,24,457.3297,0.72,Calm,FMS_MARITIME,2026-04-06
2021-06-17,62,LNG,61.6,14.9,357.6,24,536.4161,0.48,Calm,FMS_MARITIME,2026-04-06
2021-06-18,62,HFO,76.96,14.7,352.8,24,679.2898,0.53,Calm,FMS_MARITIME,2026-04-06
2021-06-19,62,LNG,54.49,9.2,220.8,24,768.4867,0.96,Rough,FMS_MARITIME,2026-04-06
2021-06-20,62,HFO,68.73,16.1,386.4,24,553.8955,1.0,Calm,FMS_MARITIME,2026-04-06
2021-06-21,62,LSMGO,23.85,16.4,393.6,24,188.6913,0.56,Calm,FMS_MARITIME,2026-04-06
2021-06-22,62,LSMGO,18.28,14.9,357.6,24,159.1832,0.5,Rough,FMS_MARITIME,2026-04-06
2021-06-23,62,LSMGO,30.92,13.9,333.6,24,288.6237,0.62,Calm,FMS_MARITIME,2026-04-06
2021-06-24,62,HFO,80.33,14.6,350.4,24,713.8916,0.42,Rough,FMS_MARITIME,2026-04-06
2021-06-25,62,LSMGO,27.85,16.7,400.8,24,216.3795,0.79,Moderate,FMS_MARITIME,2026-04-06
2021-06-26,62,HFO,24.67,16.2,388.8,24,197.5884,0.7,Moderate,FMS_MARITIME,2026-04-06
2021-06-27,62,LSMGO,52.24,16.8,403.2,24,403.4607,0.68,Calm,FMS_MARITIME,2026-04-06
2021-06-28,62,MGO,19.66,13.1,314.4,24,194.724,0.94,Moderate,FMS_MARITIME,2026-04-06
2021-06-28,62,LSMGO,74.21,15.1,362.4,24,637.6654,0.59,Calm,FMS_MARITIME,2026-04-06
2021-06-28,62,LSMGO,20.06,8.5,204.0,24,306.21,0.5,Rough,FMS_MARITIME,2026-04-06
2021-06-01,63,VLSFO,66.06,13.7,328.8,24,625.6412,0.87,Calm,FMS_MARITIME,2026-04-06
2021-06-02,63,LNG,53.67,16.8,403.2,24,414.5049,0.54,Rough,FMS_MARITIME,2026-04-06
2021-06-03,63,LSMGO,24.53,9.6,230.4,24,331.5383,0.5,Rough,FMS_MARITIME,2026-04-06
2021-06-04,63,VLSFO,74.27,13.7,328.8,24,703.3965,0.85,Moderate,FMS_MARITIME,2026-04-06
2021-06-05,63,HFO,49.22,15.7,376.8,24,406.7704,0.82,Moderate,FMS_MARITIME,2026-04-06
2021-06-06,63,VLSFO,32.17,16.3,391.2,24,256.0771,0.98,Rough,FMS_MARITIME,2026-04-06
2021-06-07,63,VLSFO,34.7,14.0,336.0,24,321.5946,0.54,Calm,FMS_MARITIME,2026-04-06
2021-06-08,63,LSMGO,77.44,10.2,244.8,24,985.0824,0.71,Moderate,FMS_MARITIME,2026-04-06
2021-06-09,63,MGO,52.08,14.6,350.4,24,462.8342,0.62,Calm,FMS_MARITIME,2026-04-06
2021-06-10,63,HFO,22.34,13.1,314.4,24,221.2683,0.44,Moderate,FMS_MARITIME,2026-04-06
2021-06-11,63,MGO,25.79,12.9,309.6,24,259.3994,0.63,Rough,FMS_MARITIME,2026-04-06
2021-06-12,63,LNG,36.72,11.4,273.6,24,417.9316,0.96,Moderate,FMS_MARITIME,2026-04-06
2021-06-13,63,LSMGO,39.29,16.8,403.2,24,303.4451,0.63,Rough,FMS_MARITIME,2026-04-06
2021-06-14,63,MGO,40.32,12.6,302.4,24,415.2,0.46,Calm,FMS_MARITIME,2026-04-06
2021-06-15,63,LSMGO,45.72,14.4,345.6,24,411.9562,0.77,Rough,FMS_MARITIME,2026-04-06
2021-06-16,63,LNG,56.26,8.2,196.8,24,890.2116,0.44,Rough,FMS_MARITIME,2026-04-06
2021-06-17,63,MGO,21.12,8.5,204.0,24,322.3906,0.94,Rough,FMS_MARITIME,2026-04-06
2021-06-18,63,HFO,35.17,10.1,242.4,24,451.8126,0.41,Calm,FMS_MARITIME,2026-04-06
2021-06-19,63,HFO,64.28,12.3,295.2,24,678.0756,0.68,Rough,FMS_MARITIME,2026-04-06
2021-06-20,63,LNG,58.38,9.7,232.8,24,780.9077,0.66,Rough,FMS_MARITIME,2026-04-06
2021-06-21,63,VLSFO,79.07,8.8,211.2,24,1165.8332,0.86,Rough,FMS_MARITIME,2026-04-06
2021-06-22,63,LNG,55.54,9.1,218.4,24,791.9027,0.8,Moderate,FMS_MARITIME,2026-04-06
2021-06-23,63,LSMGO,84.66,12.3,295.2,24,893.0598,0.68,Moderate,FMS_MARITIME,2026-04-06
2021-06-24,63,VLSFO,57.58,10.9,261.6,24,685.4133,0.87,Calm,FMS_MARITIME,2026-04-06
2021-06-25,63,HFO,21.97,16.5,396.0,24,172.7641,0.43,Rough,FMS_MARITIME,2026-04-06
2021-06-26,63,VLSFO,75.87,9.5,228.0,24,1036.2245,0.79,Rough,FMS_MARITIME,2026-04-06
2021-06-27,63,VLSFO,59.15,10.9,261.6,24,704.1021,0.51,Rough,FMS_MARITIME,2026-04-06
2021-06-28,63,LNG,41.18,12.1,290.4,24,441.5789,0.96,Calm,FMS_MARITIME,2026-04-06
2021-06-28,63,LNG,20.14,15.9,381.6,24,164.35,0.89,Rough,FMS_MARITIME,2026-04-06
2021-06-28,63,MGO,53.7,12.4,297.6,24,561.9012,0.83,Moderate,FMS_MARITIME,2026-04-06
2021-06-01,64,MGO,82.53,12.4,297.6,24,863.57,0.62,Moderate,FMS_MARITIME,2026-04-06
2021-06-02,64,MGO,67.43,9.2,220.8,24,950.9829,0.71,Rough,FMS_MARITIME,2026-04-06
2021-06-03,64,LSMGO,29.89,9.9,237.6,24,391.7402,0.87,Moderate,FMS_MARITIME,2026-04-06
2021-06-04,64,MGO,57.61,11.8,283.2,24,633.4659,0.61,Moderate,FMS_MARITIME,2026-04-06
2021-06-05,64,VLSFO,80.85,10.8,259.2,24,971.3229,0.76,Calm,FMS_MARITIME,2026-04-06
2021-06-06,64,MGO,38.97,13.1,314.4,24,385.9815,0.48,Calm,FMS_MARITIME,2026-04-06
2021-06-07,64,LSMGO,15.31,12.9,309.6,24,153.9901,0.81,Rough,FMS_MARITIME,2026-04-06
2021-06-08,64,LSMGO,61.57,13.0,312.0,24,614.516,0.57,Rough,FMS_MARITIME,2026-04-06
2021-06-09,64,LNG,38.54,11.9,285.6,24,420.2155,0.49,Calm,FMS_MARITIME,2026-04-06
2021-06-10,64,LSMGO,53.41,10.8,259.2,24,641.6618,0.77,Rough,FMS_MARITIME,2026-04-06
2021-06-11,64,MGO,70.31,13.4,321.6,24,680.8002,0.89,Moderate,FMS_MARITIME,2026-04-06
2021-06-12,64,VLSFO,36.4,12.7,304.8,24,371.8819,0.75,Calm,FMS_MARITIME,2026-04-06
2021-06-13,64,LSMGO,81.83,15.4,369.6,24,689.4443,0.76,Calm,FMS_MARITIME,2026-04-06
2021-06-14,64,LNG,72.71,15.3,367.2,24,616.6093,0.63,Moderate,FMS_MARITIME,2026-04-06
2021-06-15,64,MGO,84.56,16.0,384.0,24,685.7287,0.52,Calm,FMS_MARITIME,2026-04-06
2021-06-16,64,LNG,54.9,8.0,192.0,24,890.4094,0.7,Rough,FMS_MARITIME,2026-04-06
2021-06-17,64,MGO,70.41,15.7,376.8,24,581.8916,0.77,Rough,FMS_MARITIME,2026-04-06
2021-06-18,64,LSMGO,51.77,9.5,228.0,24,707.0692,0.45,Calm,FMS_MARITIME,2026-04-06
2021-06-19,64,HFO,84.7,10.7,256.8,24,1027.0864,0.91,Calm,FMS_MARITIME,2026-04-06
2021-06-20,64,MGO,35.76,9.2,220.8,24,504.3326,0.58,Moderate,FMS_MARITIME,2026-04-06
2021-06-21,64,LNG,31.91,15.7,376.8,24,263.7148,0.46,Rough,FMS_MARITIME,2026-04-06
2021-06-22,64,MGO,25.84,18.0,432.0,24,186.2633,0.46,Moderate,FMS_MARITIME,2026-04-06
2021-06-23,64,HFO,19.28,17.1,410.4,24,146.2912,0.54,Calm,FMS_MARITIME,2026-04-06
2021-06-24,64,VLSFO,75.56,9.7,232.8,24,1010.7124,0.54,Rough,FMS_MARITIME,2026-04-06
2021-06-25,64,LSMGO,33.89,8.3,199.2,24,529.7864,0.54,Moderate,FMS_MARITIME,2026-04-06
2021-06-26,64,LSMGO,33.41,12.4,297.6,24,349.5925,0.57,Moderate,FMS_MARITIME,2026-04-06
2021-06-27,64,VLSFO,52.52,11.5,276.0,24,592.5626,0.79,Moderate,FMS_MARITIME,2026-04-06
2021-06-28,64,LNG,82.58,11.1,266.4,24,965.2932,0.57,Calm,FMS_MARITIME,2026-04-06
2021-06-28,64,LNG,26.55,13.1,314.4,24,262.9666,0.58,Moderate,FMS_MARITIME,2026-04-06
2021-06-28,64,LNG,49.22,15.0,360.0,24,425.753,0.66,Calm,FMS_MARITIME,2026-04-06
2021-06-01,65,MGO,43.58,15.2,364.8,24,372.0069,0.47,Moderate,FMS_MARITIME,2026-04-06
2021-06-02,65,LNG,72.01,16.2,388.8,24,576.7468,0.44,Moderate,FMS_MARITIME,2026-04-06
2021-06-03,65,LNG,52.68,15.0,360.0,24,455.682,0.93,Moderate,FMS_MARITIME,2026-04-06
2021-06-04,65,LSMGO,54.01,11.4,273.6,24,614.7191,0.67,Calm,FMS_MARITIME,2026-04-06
2021-06-05,65,MGO,61.18,12.8,307.2,24,620.1645,0.88,Rough,FMS_MARITIME,2026-04-06
2021-06-06,65,MGO,67.21,17.3,415.2,24,504.075,0.65,Moderate,FMS_MARITIME,2026-04-06
2021-06-07,65,VLSFO,16.33,14.8,355.2,24,143.1633,0.6,Rough,FMS_MARITIME,2026-04-06
2021-06-08,65,LSMGO,31.5,12.9,309.6,24,316.8314,0.74,Moderate,FMS_MARITIME,2026-04-06
2021-06-09,65,VLSFO,48.28,12.4,297.6,24,505.1879,0.5,Calm,FMS_MARITIME,2026-04-06
2021-06-10,65,LNG,20.52,14.2,340.8,24,187.4979,0.69,Moderate,FMS_MARITIME,2026-04-06
2021-06-11,65,MGO,73.21,13.4,321.6,24,708.8804,0.61,Rough,FMS_MARITIME,2026-04-06
2021-06-12,65,HFO,46.38,14.6,350.4,24,412.1784,0.65,Rough,FMS_MARITIME,2026-04-06
2021-06-13,65,LNG,53.23,8.9,213.6,24,776.0216,0.92,Rough,FMS_MARITIME,2026-04-06
2021-06-14,65,LSMGO,21.03,16.7,400.8,24,163.3918,0.65,Rough,FMS_MARITIME,2026-04-06
2021-06-15,65,LNG,69.75,11.7,280.8,24,773.5096,0.44,Moderate,FMS_MARITIME,2026-04-06
2021-06-16,65,HFO,34.18,12.1,290.4,24,366.5169,0.95,Rough,FMS_MARITIME,2026-04-06
2021-06-17,65,VLSFO,16.17,10.6,254.4,24,197.93,0.79,Calm,FMS_MARITIME,2026-04-06
2021-06-18,65,VLSFO,79.8,10.7,256.8,24,967.6682,0.55,Rough,FMS_MARITIME,2026-04-06
2021-06-19,65,MGO,79.6,13.4,321.6,24,770.7537,0.42,Calm,FMS_MARITIME,2026-04-06
2021-06-20,65,LNG,26.31,17.5,420.0,24,195.0699,0.71,Rough,FMS_MARITIME,2026-04-06
2021-06-21,65,MGO,78.94,13.0,312.0,24,787.8819,0.43,Calm,FMS_MARITIME,2026-04-06
2021-06-22,65,HFO,81.65,14.5,348.0,24,730.6267,0.79,Calm,FMS_MARITIME,2026-04-06
2021-06-23,65,LSMGO,28.23,11.7,280.8,24,313.0635,0.75,Calm,FMS_MARITIME,2026-04-06
2021-06-24,65,HFO,78.39,14.9,357.6,24,682.6243,0.85,Moderate,FMS_MARITIME,2026-04-06
2021-06-25,65,HFO,27.44,10.7,256.8,24,332.7421,0.67,Rough,FMS_MARITIME,2026-04-06
2021-06-26,65,LNG,52.21,17.1,410.4,24,396.1548,0.41,Calm,FMS_MARITIME,2026-04-06
2021-06-27,65,MGO,48.93,14.8,355.2,24,428.964,0.91,Calm,FMS_MARITIME,2026-04-06
2021-06-28,65,MGO,19.87,8.4,201.6,24,306.9205,0.7,Moderate,FMS_MARITIME,2026-04-06
2021-06-28,65,LNG,56.83,14.6,350.4,24,505.0474,0.74,Calm,FMS_MARITIME,2026-04-06
2021-06-28,65,LSMGO,80.19,17.3,415.2,24,601.425,0.9,Calm,FMS_MARITIME,2026-04-06
2021-06-01,66,MGO,30.27,8.4,201.6,24,467.5634,0.62,Calm,FMS_MARITIME,2026-04-06
2021-06-02,66,LSMGO,19.33,9.7,232.8,24,258.5637,0.84,Rough,FMS_MARITIME,2026-04-06
2021-06-03,66,LNG,22.55,15.5,372.0,24,188.7653,0.74,Calm,FMS_MARITIME,2026-04-06
2021-06-04,66,LNG,73.54,11.7,280.8,24,815.5397,0.51,Rough,FMS_MARITIME,2026-04-06
2021-06-05,66,HFO,70.39,12.6,302.4,24,724.8494,0.91,Rough,FMS_MARITIME,2026-04-06
2021-06-06,66,LSMGO,66.44,17.2,412.8,24,501.1971,0.52,Calm,FMS_MARITIME,2026-04-06
2021-06-07,66,VLSFO,32.59,14.3,343.2,24,295.703,0.85,Rough,FMS_MARITIME,2026-04-06
2021-06-08,66,VLSFO,82.9,8.0,192.0,24,1344.5344,0.94,Calm,FMS_MARITIME,2026-04-06
2021-06-09,66,MGO,27.36,17.3,415.2,24,205.2,0.95,Calm,FMS_MARITIME,2026-04-06
2021-06-10,66,LSMGO,38.77,8.1,194.4,24,621.038,0.9,Rough,FMS_MARITIME,2026-04-06
2021-06-11,66,HFO,75.34,17.7,424.8,24,552.2805,0.94,Moderate,FMS_MARITIME,2026-04-06
2021-06-12,66,VLSFO,18.17,12.0,288.0,24,196.4631,0.72,Rough,FMS_MARITIME,2026-04-06
2021-06-13,66,HFO,44.32,13.9,333.6,24,413.7065,0.51,Moderate,FMS_MARITIME,2026-04-06
2021-06-14,66,VLSFO,77.33,17.8,427.2,24,563.6836,0.54,Rough,FMS_MARITIME,2026-04-06
2021-06-15,66,MGO,23.69,13.3,319.2,24,231.1111,0.78,Moderate,FMS_MARITIME,2026-04-06
2021-06-16,66,VLSFO,81.96,16.5,396.0,24,644.5036,0.67,Rough,FMS_MARITIME,2026-04-06
2021-06-17,66,LNG,20.76,14.4,345.6,24,187.0563,0.64,Calm,FMS_MARITIME,2026-04-06
2021-06-18,66,LNG,52.34,10.6,254.4,24,640.6712,0.53,Rough,FMS_MARITIME,2026-04-06
2021-06-19,66,MGO,68.13,13.4,321.6,24,659.6916,0.59,Calm,FMS_MARITIME,2026-04-06
2021-06-20,66,HFO,47.02,14.2,340.8,24,429.637,0.97,Rough,FMS_MARITIME,2026-04-06
2021-06-21,66,MGO,46.19,10.0,240.0,24,599.3152,0.52,Calm,FMS_MARITIME,2026-04-06
2021-06-22,66,HFO,22.58,10.9,261.6,24,268.7849,0.43,Moderate,FMS_MARITIME,2026-04-06
2021-06-23,66,HFO,40.28,11.6,278.4,24,450.5457,0.84,Calm,FMS_MARITIME,2026-04-06
2021-06-24,66,LSMGO,78.87,13.2,316.8,24,775.2562,0.75,Calm,FMS_MARITIME,2026-04-06
2021-06-25,66,MGO,49.31,11.0,264.0,24,581.6339,0.7,Calm,FMS_MARITIME,2026-04-06
2021-06-26,66,VLSFO,47.9,8.3,199.2,24,748.7982,0.6,Rough,FMS_MARITIME,2026-04-06
2021-06-27,66,VLSFO,68.7,11.8,283.2,24,755.4089,0.96,Rough,FMS_MARITIME,2026-04-06
2021-06-28,66,MGO,34.23,9.3,223.2,24,477.5637,0.42,Calm,FMS_MARITIME,2026-04-06
2021-06-28,66,HFO,71.96,14.2,340.8,24,657.5218,0.4,Calm,FMS_MARITIME,2026-04-06
2021-06-28,66,MGO,44.04,11.2,268.8,24,510.1955,0.69,Moderate,FMS_MARITIME,2026-04-06
2021-06-01,67,VLSFO,56.73,10.8,259.2,24,681.5479,0.5,Rough,FMS_MARITIME,2026-04-06
2021-06-02,67,MGO,38.35,15.0,360.0,24,331.7275,0.6,Rough,FMS_MARITIME,2026-04-06
2021-06-03,67,LSMGO,81.3,17.8,427.2,24,592.6222,0.49,Moderate,FMS_MARITIME,2026-04-06
2021-06-04,67,HFO,44.11,15.0,360.0,24,381.5515,0.46,Rough,FMS_MARITIME,2026-04-06
2021-06-05,67,LNG,33.8,9.4,225.6,24,466.5479,0.44,Rough,FMS_MARITIME,2026-04-06
2021-06-06,67,HFO,48.85,10.3,247.2,24,615.3677,0.87,Rough,FMS_MARITIME,2026-04-06
2021-06-07,67,MGO,45.41,8.4,201.6,24,701.4223,0.5,Calm,FMS_MARITIME,2026-04-06
2021-06-08,67,LNG,62.32,8.5,204.0,24,951.2965,0.69,Rough,FMS_MARITIME,2026-04-06
2021-06-09,67,MGO,46.88,9.7,232.8,24,627.0804,0.89,Calm,FMS_MARITIME,2026-04-06
2021-06-10,67,MGO,56.38,14.8,355.2,24,494.2774,0.69,Calm,FMS_MARITIME,2026-04-06
2021-06-11,67,LSMGO,55.69,16.3,391.2,24,443.2992,0.51,Calm,FMS_MARITIME,2026-04-06
2021-06-12,67,VLSFO,20.94,10.6,254.4,24,256.3175,0.42,Moderate,FMS_MARITIME,2026-04-06
2021-06-13,67,VLSFO,42.39,12.9,309.6,24,426.3645,0.83,Rough,FMS_MARITIME,2026-04-06
2021-06-14,67,VLSFO,79.62,13.6,326.4,24,759.6099,0.59,Rough,FMS_MARITIME,2026-04-06
2021-06-15,67,LSMGO,66.14,10.0,240.0,24,858.1665,0.85,Calm,FMS_MARITIME,2026-04-06
2021-06-16,67,LSMGO,83.63,9.7,232.8,24,1118.659,0.65,Moderate,FMS_MARITIME,2026-04-06
2021-06-17,67,HFO,65.61,13.2,316.8,24,644.9165,0.46,Calm,FMS_MARITIME,2026-04-06
2021-06-18,67,LSMGO,63.36,11.8,283.2,24,696.6915,0.88,Calm,FMS_MARITIME,2026-04-06
2021-06-19,67,VLSFO,37.89,8.3,199.2,24,592.3166,0.91,Calm,FMS_MARITIME,2026-04-06
2021-06-20,67,VLSFO,73.16,16.1,386.4,24,589.5969,0.49,Rough,FMS_MARITIME,2026-04-06
2021-06-21,67,HFO,30.23,15.8,379.2,24,248.2495,0.83,Calm,FMS_MARITIME,2026-04-06
2021-06-22,67,MGO,56.69,12.7,304.8,24,579.1754,0.54,Rough,FMS_MARITIME,2026-04-06
2021-06-23,67,LNG,31.39,10.2,244.8,24,399.2993,0.81,Moderate,FMS_MARITIME,2026-04-06
2021-06-24,67,LNG,66.13,11.7,280.8,24,733.3647,0.55,Rough,FMS_MARITIME,2026-04-06
2021-06-25,67,LNG,22.25,17.2,412.8,24,167.8452,0.7,Calm,FMS_MARITIME,2026-04-06
2021-06-26,67,MGO,59.02,8.3,199.2,24,922.6319,0.92,Rough,FMS_MARITIME,2026-04-06
2021-06-27,67,HFO,45.7,17.1,410.4,24,346.7588,0.96,Rough,FMS_MARITIME,2026-04-06
2021-06-28,67,LNG,46.12,9.9,237.6,24,604.4515,0.94,Calm,FMS_MARITIME,2026-04-06
2021-06-28,67,VLSFO,49.89,17.4,417.6,24,372.0246,0.61,Rough,FMS_MARITIME,2026-04-06
2021-06-28,67,HFO,26.84,9.0,216.0,24,386.9433,0.53,Moderate,FMS_MARITIME,2026-04-06
2021-06-01,68,LNG,74.98,14.2,340.8,24,685.1165,0.57,Calm,FMS_MARITIME,2026-04-06
2021-06-02,68,MGO,84.27,12.0,288.0,24,911.1694,0.96,Moderate,FMS_MARITIME,2026-04-06
2021-06-03,68,LSMGO,74.5,15.6,374.4,24,619.6394,0.97,Moderate,FMS_MARITIME,2026-04-06
2021-06-04,68,LNG,77.52,10.1,242.4,24,995.8634,0.84,Rough,FMS_MARITIME,2026-04-06
2021-06-05,68,MGO,58.42,12.2,292.8,24,621.3111,0.92,Calm,FMS_MARITIME,2026-04-06
2021-06-06,68,LNG,67.95,9.2,220.8,24,958.3166,0.58,Rough,FMS_MARITIME,2026-04-06
2021-06-07,68,LNG,48.61,15.5,372.0,24,406.9127,0.79,Moderate,FMS_MARITIME,2026-04-06
2021-06-08,68,VLSFO,16.72,17.8,427.2,24,121.8775,0.49,Calm,FMS_MARITIME,2026-04-06
2021-06-09,68,VLSFO,19.49,12.8,307.2,24,197.5646,0.66,Moderate,FMS_MARITIME,2026-04-06
2021-06-10,68,VLSFO,74.18,14.9,357.6,24,645.9634,0.75,Moderate,FMS_MARITIME,2026-04-06
2021-06-11,68,LSMGO,79.63,16.7,400.8,24,618.6822,0.86,Moderate,FMS_MARITIME,2026-04-06
2021-06-12,68,LNG,43.26,14.4,345.6,24,389.7906,0.95,Rough,FMS_MARITIME,2026-04-06
2021-06-13,68,MGO,16.13,17.6,422.4,24,118.9129,0.94,Moderate,FMS_MARITIME,2026-04-06
2021-06-14,68,MGO,42.51,15.4,369.6,24,358.1606,0.47,Moderate,FMS_MARITIME,2026-04-06
2021-06-15,68,HFO,22.95,17.7,424.8,24,168.2352,0.87,Rough,FMS_MARITIME,2026-04-06
2021-06-16,68,LNG,58.34,16.4,393.6,24,461.5619,0.65,Calm,FMS_MARITIME,2026-04-06
2021-06-17,68,HFO,70.01,9.3,223.2,24,976.7524,0.86,Rough,FMS_MARITIME,2026-04-06
2021-06-18,68,HFO,61.7,15.5,372.0,24,516.4887,0.86,Calm,FMS_MARITIME,2026-04-06
2021-06-19,68,MGO,27.34,13.0,312.0,24,272.8742,0.64,Calm,FMS_MARITIME,2026-04-06
2021-06-20,68,HFO,51.46,8.0,192.0,24,834.6169,0.87,Moderate,FMS_MARITIME,2026-04-06
2021-06-21,68,VLSFO,65.09,17.8,427.2,24,474.4622,0.44,Rough,FMS_MARITIME,2026-04-06
2021-06-22,68,HFO,77.01,8.7,208.8,24,1148.5112,0.64,Moderate,FMS_MARITIME,2026-04-06
2021-06-23,68,HFO,80.53,8.6,206.4,24,1214.973,0.75,Rough,FMS_MARITIME,2026-04-06
2021-06-24,68,LSMGO,60.06,13.8,331.2,24,564.6946,0.47,Calm,FMS_MARITIME,2026-04-06
2021-06-25,68,LNG,46.23,15.2,364.8,24,394.6278,0.55,Moderate,FMS_MARITIME,2026-04-06
2021-06-26,68,MGO,17.07,9.8,235.2,24,226.0033,0.96,Rough,FMS_MARITIME,2026-04-06
2021-06-27,68,LSMGO,24.53,12.0,288.0,24,265.2306,0.52,Calm,FMS_MARITIME,2026-04-06
2021-06-28,68,HFO,19.9,8.1,194.4,24,318.7685,0.91,Moderate,FMS_MARITIME,2026-04-06
2021-06-28,68,LSMGO,79.13,18.0,432.0,24,570.3954,0.96,Rough,FMS_MARITIME,2026-04-06
2021-06-28,68,HFO,64.93,9.2,220.8,24,915.7247,0.42,Calm,FMS_MARITIME,2026-04-06
2021-06-01,69,LSMGO,64.83,11.6,278.4,24,725.1459,0.94,Moderate,FMS_MARITIME,2026-04-06
2021-06-02,69,LSMGO,63.48,13.0,312.0,24,633.5792,0.9,Rough,FMS_MARITIME,2026-04-06
2021-06-03,69,LSMGO,32.1,16.7,400.8,24,249.3997,0.68,Rough,FMS_MARITIME,2026-04-06
2021-06-04,69,HFO,45.33,11.1,266.4,24,529.8709,0.78,Moderate,FMS_MARITIME,2026-04-06
2021-06-05,69,LSMGO,28.81,10.5,252.0,24,356.0093,0.72,Calm,FMS_MARITIME,2026-04-06
2021-06-06,69,MGO,62.35,16.6,398.4,24,487.3441,0.96,Moderate,FMS_MARITIME,2026-04-06
2021-06-07,69,VLSFO,67.13,17.4,417.6,24,500.5815,0.44,Calm,FMS_MARITIME,2026-04-06
2021-06-08,69,LSMGO,28.31,17.4,417.6,24,211.1047,0.98,Rough,FMS_MARITIME,2026-04-06
2021-06-09,69,LSMGO,48.5,11.1,266.4,24,566.9257,0.53,Rough,FMS_MARITIME,2026-04-06
2021-06-10,69,LSMGO,52.83,8.3,199.2,24,825.8666,0.94,Rough,FMS_MARITIME,2026-04-06
2021-06-11,69,LSMGO,23.21,10.1,242.4,24,298.1681,0.93,Moderate,FMS_MARITIME,2026-04-06
2021-06-12,69,MGO,28.82,8.5,204.0,24,439.9288,0.92,Rough,FMS_MARITIME,2026-04-06
2021-06-13,69,MGO,70.1,10.5,252.0,24,866.2357,0.74,Rough,FMS_MARITIME,2026-04-06
2021-06-14,69,LNG,58.14,10.8,259.2,24,698.4875,0.61,Calm,FMS_MARITIME,2026-04-06
2021-06-15,69,VLSFO,49.64,10.6,254.4,24,607.6217,0.91,Calm,FMS_MARITIME,2026-04-06
2021-06-16,69,LSMGO,76.06,11.4,273.6,24,865.6829,0.43,Calm,FMS_MARITIME,2026-04-06
2021-06-17,69,LSMGO,79.82,9.7,232.8,24,1067.6954,0.48,Calm,FMS_MARITIME,2026-04-06
2021-06-18,69,LNG,48.64,11.2,268.8,24,563.4857,0.73,Calm,FMS_MARITIME,2026-04-06
2021-06-19,69,LSMGO,59.82,12.1,290.4,24,641.4583,0.42,Calm,FMS_MARITIME,2026-04-06
2021-06-20,69,LSMGO,28.97,14.9,357.6,24,252.2723,0.77,Rough,FMS_MARITIME,2026-04-06
2021-06-21,69,LSMGO,59.37,16.9,405.6,24,455.8141,0.51,Moderate,FMS_MARITIME,2026-04-06
2021-06-22,69,MGO,59.35,13.5,324.0,24,570.4194,0.45,Rough,FMS_MARITIME,2026-04-06
2021-06-23,69,VLSFO,75.17,17.5,420.0,24,557.3319,0.93,Calm,FMS_MARITIME,2026-04-06
2021-06-24,69,LNG,71.84,11.5,276.0,24,810.5426,0.94,Moderate,FMS_MARITIME,2026-04-06
2021-06-25,69,LSMGO,79.96,9.8,235.2,24,1058.6541,0.73,Rough,FMS_MARITIME,2026-04-06
2021-06-26,69,HFO,24.24,10.3,247.2,24,305.3534,0.86,Rough,FMS_MARITIME,2026-04-06
2021-06-27,69,VLSFO,18.54,9.4,225.6,24,255.9112,0.88,Rough,FMS_MARITIME,2026-04-06
2021-06-28,69,HFO,71.82,16.0,384.0,24,582.4153,0.55,Calm,FMS_MARITIME,2026-04-06
2021-06-28,69,VLSFO,29.72,9.3,223.2,24,414.6419,0.72,Rough,FMS_MARITIME,2026-04-06
2021-06-28,69,MGO,37.21,17.9,429.6,24,269.7205,0.86,Rough,FMS_MARITIME,2026-04-06
2021-06-01,70,LSMGO,54.05,8.7,208.8,24,806.0905,0.79,Calm,FMS_MARITIME,2026-04-06
2021-06-02,70,HFO,30.2,16.6,398.4,24,236.0512,0.6,Rough,FMS_MARITIME,2026-04-06
2021-06-03,70,HFO,64.49,8.4,201.6,24,996.1402,0.64,Rough,FMS_MARITIME,2026-04-06
2021-06-04,70,LSMGO,22.51,14.4,345.6,24,202.8245,0.41,Moderate,FMS_MARITIME,2026-04-06
2021-06-05,70,LNG,24.53,13.2,316.8,24,241.1187,0.4,Calm,FMS_MARITIME,2026-04-06
2021-06-06,70,MGO,70.69,10.8,259.2,24,849.2618,0.96,Calm,FMS_MARITIME,2026-04-06
2021-06-07,70,HFO,65.98,11.7,280.8,24,731.7013,0.74,Moderate,FMS_MARITIME,2026-04-06
2021-06-08,70,VLSFO,53.13,12.2,292.8,24,565.0506,0.5,Rough,FMS_MARITIME,2026-04-06
2021-06-09,70,LNG,22.61,15.4,369.6,24,190.4966,0.62,Moderate,FMS_MARITIME,2026-04-06
2021-06-10,70,VLSFO,57.87,15.9,381.6,24,472.241,0.66,Moderate,FMS_MARITIME,2026-04-06
2021-06-11,70,VLSFO,42.2,15.0,360.0,24,365.03,0.85,Moderate,FMS_MARITIME,2026-04-06
2021-06-12,70,LNG,28.47,9.1,218.4,24,405.9321,0.7,Moderate,FMS_MARITIME,2026-04-06
2021-06-13,70,LSMGO,31.48,13.9,333.6,24,293.8511,0.93,Rough,FMS_MARITIME,2026-04-06
2021-06-14,70,HFO,54.23,16.1,386.4,24,437.0399,0.61,Rough,FMS_MARITIME,2026-04-06
2021-06-15,70,HFO,71.94,13.2,316.8,24,707.1375,0.76,Calm,FMS_MARITIME,2026-04-06
2021-06-16,70,HFO,56.06,16.1,386.4,24,451.7879,0.62,Calm,FMS_MARITIME,2026-04-06
2021-06-17,70,MGO,31.68,11.4,273.6,24,360.5684,0.59,Rough,FMS_MARITIME,2026-04-06
2021-06-18,70,VLSFO,56.33,10.8,259.2,24,676.7424,0.9,Calm,FMS_MARITIME,2026-04-06
2021-06-19,70,HFO,20.93,10.7,256.8,24,253.8007,0.99,Moderate,FMS_MARITIME,2026-04-06
2021-06-20,70,LNG,18.29,10.5,252.0,24,226.0121,0.84,Rough,FMS_MARITIME,2026-04-06
2021-06-21,70,LSMGO,73.45,11.5,276.0,24,828.7076,0.5,Moderate,FMS_MARITIME,2026-04-06
2021-06-22,70,VLSFO,50.07,15.3,367.2,24,424.6132,0.84,Rough,FMS_MARITIME,2026-04-06
2021-06-23,70,LSMGO,23.43,13.8,331.2,24,220.2929,0.77,Calm,FMS_MARITIME,2026-04-06
2021-06-24,70,LSMGO,64.19,10.3,247.2,24,808.607,0.58,Moderate,FMS_MARITIME,2026-04-06
2021-06-25,70,VLSFO,43.33,14.9,357.6,24,377.32,0.65,Rough,FMS_MARITIME,2026-04-06
2021-06-26,70,LSMGO,34.06,15.2,364.8,24,290.7424,0.81,Moderate,FMS_MARITIME,2026-04-06
2021-06-27,70,MGO,28.54,12.7,304.8,24,291.5799,0.75,Calm,FMS_MARITIME,2026-04-06
2021-06-28,70,HFO,81.04,16.8,403.2,24,625.8893,0.68,Calm,FMS_MARITIME,2026-04-06
2021-06-28,70,LNG,52.03,14.5,348.0,24,465.5788,0.59,Moderate,FMS_MARITIME,2026-04-06
2021-06-28,70,MGO,79.95,16.1,386.4,24,644.3175,0.7,Rough,FMS_MARITIME,2026-04-06
2021-06-01,71,MGO,63.64,13.2,316.8,24,625.5523,0.75,Rough,FMS_MARITIME,2026-04-06
2021-06-02,71,VLSFO,17.6,11.7,280.8,24,195.1795,0.79,Moderate,FMS_MARITIME,2026-04-06
2021-06-03,71,HFO,81.8,17.9,429.6,24,592.9358,0.57,Moderate,FMS_MARITIME,2026-04-06
2021-06-04,71,MGO,70.42,16.0,384.0,24,571.0622,0.94,Rough,FMS_MARITIME,2026-04-06
2021-06-05,71,HFO,44.63,14.7,352.8,24,393.9281,0.52,Rough,FMS_MARITIME,2026-04-06
2021-06-06,71,LSMGO,20.03,17.4,417.6,24,149.3616,0.69,Moderate,FMS_MARITIME,2026-04-06
2021-06-07,71,LSMGO,34.36,11.9,285.6,24,374.6395,0.6,Calm,FMS_MARITIME,2026-04-06
2021-06-08,71,VLSFO,49.5,12.4,297.6,24,517.9536,0.7,Calm,FMS_MARITIME,2026-04-06
2021-06-09,71,LSMGO,78.28,13.1,314.4,24,775.3305,0.47,Rough,FMS_MARITIME,2026-04-06
2021-06-10,71,LSMGO,49.91,8.7,208.8,24,744.3474,0.54,Moderate,FMS_MARITIME,2026-04-06
2021-06-11,71,LSMGO,19.91,11.2,268.8,24,230.6538,0.63,Calm,FMS_MARITIME,2026-04-06
2021-06-12,71,LSMGO,69.63,10.0,240.0,24,903.4492,0.59,Moderate,FMS_MARITIME,2026-04-06
2021-06-13,71,MGO,70.47,14.6,350.4,24,626.2659,0.67,Calm,FMS_MARITIME,2026-04-06
2021-06-14,71,LNG,48.18,11.1,266.4,24,563.1851,0.78,Moderate,FMS_MARITIME,2026-04-06
2021-06-15,71,HFO,72.24,15.2,364.8,24,616.6539,0.87,Rough,FMS_MARITIME,2026-04-06
2021-06-16,71,HFO,66.4,13.4,321.6,24,642.9403,0.85,Rough,FMS_MARITIME,2026-04-06
2021-06-17,71,LSMGO,76.71,13.6,326.4,24,731.8472,0.95,Calm,FMS_MARITIME,2026-04-06
2021-06-18,71,MGO,62.44,8.7,208.8,24,931.2172,0.45,Calm,FMS_MARITIME,2026-04-06
2021-06-19,71,MGO,31.31,12.8,307.2,24,317.3807,0.48,Calm,FMS_MARITIME,2026-04-06
2021-06-20,71,VLSFO,31.31,10.0,240.0,24,406.2472,0.83,Moderate,FMS_MARITIME,2026-04-06
2021-06-21,71,LNG,78.74,16.1,386.4,24,634.5661,0.51,Moderate,FMS_MARITIME,2026-04-06
2021-06-22,71,VLSFO,23.21,17.1,410.4,24,176.111,0.75,Moderate,FMS_MARITIME,2026-04-06
2021-06-23,71,LSMGO,40.64,13.8,331.2,24,382.1043,0.97,Moderate,FMS_MARITIME,2026-04-06
2021-06-24,71,LNG,66.93,9.1,218.4,24,954.3041,0.53,Rough,FMS_MARITIME,2026-04-06
2021-06-25,71,LSMGO,39.44,13.2,316.8,24,387.6773,0.6,Rough,FMS_MARITIME,2026-04-06
2021-06-26,71,VLSFO,19.38,16.4,393.6,24,153.3265,0.41,Calm,FMS_MARITIME,2026-04-06
2021-06-27,71,LNG,81.54,16.7,400.8,24,633.5219,0.9,Rough,FMS_MARITIME,2026-04-06
2021-06-28,71,VLSFO,73.51,12.4,297.6,24,769.1873,0.54,Moderate,FMS_MARITIME,2026-04-06
2021-06-28,71,MGO,47.41,8.9,213.6,24,691.1739,0.56,Moderate,FMS_MARITIME,2026-04-06
2021-06-28,71,VLSFO,47.8,17.9,429.6,24,346.4832,0.43,Calm,FMS_MARITIME,2026-04-06
2021-06-01,72,MGO,20.72,14.9,357.6,24,180.4309,0.63,Calm,FMS_MARITIME,2026-04-06
2021-06-02,72,MGO,83.55,13.7,328.8,24,791.2856,0.63,Rough,FMS_MARITIME,2026-04-06
2021-06-03,72,LNG,77.94,9.7,232.8,24,1042.5479,0.8,Rough,FMS_MARITIME,2026-04-06
2021-06-04,72,LSMGO,67.78,15.1,362.4,24,582.4142,0.64,Rough,FMS_MARITIME,2026-04-06
2021-06-05,72,LSMGO,66.73,12.0,288.0,24,721.5181,0.8,Calm,FMS_MARITIME,2026-04-06
2021-06-06,72,VLSFO,65.68,17.5,420.0,24,486.9703,0.73,Calm,FMS_MARITIME,2026-04-06
2021-06-07,72,VLSFO,76.9,9.5,228.0,24,1050.2921,0.7,Rough,FMS_MARITIME,2026-04-06
2021-06-08,72,HFO,27.47,16.4,393.6,24,217.3312,0.57,Calm,FMS_MARITIME,2026-04-06
2021-06-09,72,HFO,15.26,10.9,261.6,24,181.65,0.47,Moderate,FMS_MARITIME,2026-04-06
2021-06-10,72,VLSFO,40.77,12.3,295.2,24,430.0738,0.77,Moderate,FMS_MARITIME,2026-04-06
2021-06-11,72,VLSFO,21.51,17.5,420.0,24,159.4813,0.81,Calm,FMS_MARITIME,2026-04-06
2021-06-12,72,MGO,54.92,13.9,333.6,24,512.6525,0.78,Moderate,FMS_MARITIME,2026-04-06
2021-06-13,72,HFO,15.13,10.8,259.2,24,181.7701,0.66,Calm,FMS_MARITIME,2026-04-06
2021-06-14,72,LSMGO,24.35,17.4,417.6,24,181.5754,0.68,Rough,FMS_MARITIME,2026-04-06
2021-06-15,72,LNG,79.76,11.9,285.6,24,869.6521,0.84,Calm,FMS_MARITIME,2026-04-06
2021-06-16,72,VLSFO,64.42,12.5,300.0,24,668.6796,0.44,Calm,FMS_MARITIME,2026-04-06
2021-06-17,72,LNG,18.38,15.9,381.6,24,149.9877,0.52,Calm,FMS_MARITIME,2026-04-06
2021-06-18,72,LSMGO,67.83,12.8,307.2,24,687.5736,0.85,Rough,FMS_MARITIME,2026-04-06
2021-06-19,72,LNG,17.51,8.7,208.8,24,261.1405,0.91,Rough,FMS_MARITIME,2026-04-06
2021-06-20,72,MGO,79.85,12.2,292.8,24,849.2244,0.67,Calm,FMS_MARITIME,2026-04-06
2021-06-21,72,HFO,72.89,13.3,319.2,24,711.0885,0.76,Calm,FMS_MARITIME,2026-04-06
2021-06-22,72,MGO,42.0,12.0,288.0,24,454.125,0.57,Calm,FMS_MARITIME,2026-04-06
2021-06-23,72,LNG,66.17,8.5,204.0,24,1010.0656,0.76,Rough,FMS_MARITIME,2026-04-06
2021-06-24,72,LSMGO,16.39,10.2,244.8,24,208.4904,0.55,Calm,FMS_MARITIME,2026-04-06
2021-06-25,72,HFO,22.72,11.7,280.8,24,251.959,0.48,Moderate,FMS_MARITIME,2026-04-06
2021-06-26,72,LSMGO,63.41,17.8,427.2,24,462.2162,0.58,Moderate,FMS_MARITIME,2026-04-06
2021-06-27,72,LSMGO,68.06,14.1,338.4,24,626.2968,0.73,Rough,FMS_MARITIME,2026-04-06
2021-06-28,72,LSMGO,80.28,15.8,379.2,24,659.2614,0.7,Moderate,FMS_MARITIME,2026-04-06
2021-06-28,72,LSMGO,57.43,10.3,247.2,24,723.4507,0.86,Moderate,FMS_MARITIME,2026-04-06
2021-06-28,72,HFO,60.37,15.8,379.2,24,495.76,0.58,Moderate,FMS_MARITIME,2026-04-06
2021-06-01,73,HFO,41.68,17.8,427.2,24,303.8191,0.65,Moderate,FMS_MARITIME,2026-04-06
2021-06-02,73,LSMGO,48.16,9.2,220.8,24,679.213,0.8,Rough,FMS_MARITIME,2026-04-06
2021-06-03,73,VLSFO,71.44,11.0,264.0,24,842.6673,0.62,Rough,FMS_MARITIME,2026-04-06
2021-06-04,73,HFO,69.44,14.5,348.0,24,621.3683,0.96,Moderate,FMS_MARITIME,2026-04-06
2021-06-05,73,HFO,30.39,15.4,369.6,24,256.0456,0.78,Rough,FMS_MARITIME,2026-04-06
2021-06-06,73,VLSFO,73.16,12.8,307.2,24,741.6023,0.56,Rough,FMS_MARITIME,2026-04-06
2021-06-07,73,MGO,75.0,14.4,345.6,24,675.7812,0.92,Rough,FMS_MARITIME,2026-04-06
2021-06-08,73,HFO,61.37,8.8,211.2,24,904.8588,0.69,Calm,FMS_MARITIME,2026-04-06
2021-06-09,73,LSMGO,15.21,14.7,352.8,24,134.2515,0.78,Calm,FMS_MARITIME,2026-04-06
2021-06-10,73,HFO,54.33,12.0,288.0,24,587.4431,0.86,Calm,FMS_MARITIME,2026-04-06
2021-06-11,73,HFO,41.39,15.9,381.6,24,337.758,0.48,Calm,FMS_MARITIME,2026-04-06
2021-06-12,73,LSMGO,27.47,13.9,333.6,24,256.4196,0.92,Calm,FMS_MARITIME,2026-04-06
2021-06-13,73,MGO,23.24,15.6,374.4,24,193.2942,0.76,Moderate,FMS_MARITIME,2026-04-06
2021-06-14,73,MGO,46.34,16.4,393.6,24,366.6229,0.98,Moderate,FMS_MARITIME,2026-04-06
2021-06-15,73,VLSFO,38.47,16.0,384.0,24,311.9677,0.72,Calm,FMS_MARITIME,2026-04-06
2021-06-16,73,VLSFO,26.06,16.9,405.6,24,200.076,0.91,Moderate,FMS_MARITIME,2026-04-06
2021-06-17,73,LSMGO,78.71,15.2,364.8,24,671.8831,0.55,Rough,FMS_MARITIME,2026-04-06
2021-06-18,73,LSMGO,42.62,17.1,410.4,24,323.3886,0.92,Calm,FMS_MARITIME,2026-04-06
2021-06-19,73,VLSFO,28.13,15.4,369.6,24,237.0044,0.65,Rough,FMS_MARITIME,2026-04-06
2021-06-20,73,LSMGO,66.61,9.8,235.2,24,881.9028,0.85,Moderate,FMS_MARITIME,2026-04-06
2021-06-21,73,HFO,59.76,16.4,393.6,24,472.7963,0.61,Rough,FMS_MARITIME,2026-04-06
2021-06-22,73,VLSFO,43.31,10.4,249.6,24,540.3339,0.97,Rough,FMS_MARITIME,2026-04-06
2021-06-23,73,LSMGO,78.39,14.4,345.6,24,706.3266,0.71,Rough,FMS_MARITIME,2026-04-06
2021-06-24,73,HFO,48.5,8.7,208.8,24,723.319,0.46,Rough,FMS_MARITIME,2026-04-06
2021-06-25,73,MGO,76.49,13.2,316.8,24,751.8619,0.7,Calm,FMS_MARITIME,2026-04-06
2021-06-26,73,LSMGO,61.07,16.8,403.2,24,471.6567,0.61,Rough,FMS_MARITIME,2026-04-06
2021-06-27,73,MGO,30.23,12.3,295.2,24,318.8896,0.41,Moderate,FMS_MARITIME,2026-04-06
2021-06-28,73,MGO,38.3,13.7,328.8,24,362.7318,0.64,Rough,FMS_MARITIME,2026-04-06
2021-06-28,73,HFO,70.6,15.6,374.4,24,587.2019,0.88,Rough,FMS_MARITIME,2026-04-06
2021-06-28,73,LSMGO,25.3,14.2,340.8,24,231.1743,0.51,Moderate,FMS_MARITIME,2026-04-06
2021-06-01,74,VLSFO,62.68,9.6,230.4,24,847.1594,0.73,Calm,FMS_MARITIME,2026-04-06
2021-06-02,74,LSMGO,63.31,9.8,235.2,24,838.2115,0.66,Calm,FMS_MARITIME,2026-04-06
2021-06-03,74,LSMGO,53.76,13.8,331.2,24,505.4609,0.6,Moderate,FMS_MARITIME,2026-04-06
2021-06-04,74,LSMGO,32.29,14.4,345.6,24,290.9464,0.99,Rough,FMS_MARITIME,2026-04-06
2021-06-05,74,LNG,59.25,12.2,292.8,24,630.1383,0.79,Calm,FMS_MARITIME,2026-04-06
2021-06-06,74,HFO,62.82,16.7,400.8,24,488.0775,0.79,Rough,FMS_MARITIME,2026-04-06
2021-06-07,74,LNG,76.41,17.2,412.8,24,576.4068,0.96,Moderate,FMS_MARITIME,2026-04-06
2021-06-08,74,LSMGO,76.35,13.8,331.2,24,717.856,0.52,Rough,FMS_MARITIME,2026-04-06
2021-06-09,74,VLSFO,15.68,16.1,386.4,24,126.3652,0.72,Calm,FMS_MARITIME,2026-04-06
2021-06-10,74,VLSFO,16.75,16.3,391.2,24,133.3321,0.51,Rough,FMS_MARITIME,2026-04-06
2021-06-11,74,LSMGO,64.73,14.6,350.4,24,575.2546,0.81,Calm,FMS_MARITIME,2026-04-06
2021-06-12,74,LNG,77.94,16.3,391.2,24,620.412,0.92,Rough,FMS_MARITIME,2026-04-06
2021-06-13,74,LNG,70.38,12.1,290.4,24,754.6946,0.93,Moderate,FMS_MARITIME,2026-04-06
2021-06-14,74,LNG,15.01,14.1,338.4,24,138.1239,0.62,Moderate,FMS_MARITIME,2026-04-06
2021-06-15,74,LNG,24.26,13.4,321.6,24,234.9056,0.61,Rough,FMS_MARITIME,2026-04-06
2021-06-16,74,LNG,80.72,9.9,237.6,24,1057.9212,0.54,Rough,FMS_MARITIME,2026-04-06
2021-06-17,74,VLSFO,77.62,12.5,300.0,24,805.6956,0.4,Calm,FMS_MARITIME,2026-04-06
2021-06-18,74,MGO,48.89,17.4,417.6,24,364.5677,0.96,Calm,FMS_MARITIME,2026-04-06
2021-06-19,74,VLSFO,33.44,16.2,388.8,24,267.8296,0.97,Calm,FMS_MARITIME,2026-04-06
2021-06-20,74,LNG,37.41,14.7,352.8,24,330.2005,0.89,Calm,FMS_MARITIME,2026-04-06
2021-06-21,74,VLSFO,41.34,16.8,403.2,24,319.2777,0.9,Rough,FMS_MARITIME,2026-04-06
2021-06-22,74,MGO,43.27,14.3,343.2,24,392.6072,0.98,Moderate,FMS_MARITIME,2026-04-06
2021-06-23,74,HFO,28.97,13.8,331.2,24,272.381,0.55,Moderate,FMS_MARITIME,2026-04-06
2021-06-24,74,LNG,51.26,14.4,345.6,24,461.874,0.7,Rough,FMS_MARITIME,2026-04-06
2021-06-25,74,LNG,75.78,12.0,288.0,24,819.3712,0.57,Rough,FMS_MARITIME,2026-04-06
2021-06-26,74,LNG,71.01,18.0,432.0,24,511.8638,0.66,Calm,FMS_MARITIME,2026-04-06
2021-06-27,74,MGO,65.91,17.9,429.6,24,477.7554,0.42,Rough,FMS_MARITIME,2026-04-06
2021-06-28,74,LSMGO,66.61,12.9,309.6,24,669.9727,0.99,Calm,FMS_MARITIME,2026-04-06
2021-06-28,74,LSMGO,39.98,15.6,374.4,24,332.526,0.99,Moderate,FMS_MARITIME,2026-04-06
2021-06-28,74,MGO,43.83,16.6,398.4,24,342.5869,0.52,Moderate,FMS_MARITIME,2026-04-06
2021-06-01,75,LSMGO,28.36,9.1,218.4,24,404.3637,0.88,Rough,FMS_MARITIME,2026-04-06
2021-06-02,75,MGO,35.1,16.6,398.4,24,274.3509,0.57,Moderate,FMS_MARITIME,2026-04-06
2021-06-03,75,HFO,25.82,9.7,232.8,24,345.3758,0.88,Moderate,FMS_MARITIME,2026-04-06
2021-06-04,75,MGO,19.03,15.4,369.6,24,160.3339,0.41,Rough,FMS_MARITIME,2026-04-06
2021-06-05,75,LNG,66.48,16.4,393.6,24,525.9622,0.68,Moderate,FMS_MARITIME,2026-04-06
2021-06-06,75,LNG,26.89,13.7,328.8,24,254.6699,0.87,Rough,FMS_MARITIME,2026-04-06
2021-06-07,75,MGO,35.18,10.6,254.4,24,430.6231,0.78,Rough,FMS_MARITIME,2026-04-06
2021-06-08,75,VLSFO,59.17,16.4,393.6,24,468.1285,0.83,Calm,FMS_MARITIME,2026-04-06
2021-06-09,75,HFO,59.99,16.7,400.8,24,466.09,0.72,Rough,FMS_MARITIME,2026-04-06
2021-06-10,75,HFO,52.89,15.7,376.8,24,437.1005,0.97,Moderate,FMS_MARITIME,2026-04-06
2021-06-11,75,VLSFO,56.8,16.8,403.2,24,438.6786,0.89,Rough,FMS_MARITIME,2026-04-06
2021-06-12,75,VLSFO,56.13,12.0,288.0,24,606.9056,0.61,Rough,FMS_MARITIME,2026-04-06
2021-06-13,75,LSMGO,55.82,15.6,374.4,24,464.2721,0.98,Calm,FMS_MARITIME,2026-04-06
2021-06-14,75,LSMGO,41.26,8.4,201.6,24,637.3196,0.68,Calm,FMS_MARITIME,2026-04-06
2021-06-15,75,LSMGO,37.69,13.2,316.8,24,370.4756,0.92,Rough,FMS_MARITIME,2026-04-06
2021-06-16,75,MGO,28.01,17.1,410.4,24,212.532,0.88,Moderate,FMS_MARITIME,2026-04-06
2021-06-17,75,MGO,43.88,17.6,422.4,24,323.4903,0.82,Moderate,FMS_MARITIME,2026-04-06
2021-06-18,75,MGO,22.16,17.7,424.8,24,162.4441,0.74,Rough,FMS_MARITIME,2026-04-06
2021-06-19,75,HFO,76.03,9.0,216.0,24,1096.0992,0.94,Rough,FMS_MARITIME,2026-04-06
2021-06-20,75,HFO,76.32,13.3,319.2,24,744.5504,0.7,Calm,FMS_MARITIME,2026-04-06
2021-06-21,75,LNG,21.2,16.8,403.2,24,163.7321,0.88,Calm,FMS_MARITIME,2026-04-06
2021-06-22,75,VLSFO,18.17,17.2,412.8,24,137.0673,0.61,Calm,FMS_MARITIME,2026-04-06
2021-06-23,75,LSMGO,76.1,10.0,240.0,24,987.3975,0.67,Rough,FMS_MARITIME,2026-04-06
2021-06-24,75,LSMGO,76.41,10.5,252.0,24,944.2093,0.75,Calm,FMS_MARITIME,2026-04-06
2021-06-25,75,LNG,46.02,13.9,333.6,24,429.5752,0.8,Moderate,FMS_MARITIME,2026-04-06
2021-06-26,75,MGO,39.16,14.8,355.2,24,343.3115,0.92,Calm,FMS_MARITIME,2026-04-06
2021-06-27,75,LNG,41.45,8.5,204.0,24,632.7221,0.65,Moderate,FMS_MARITIME,2026-04-06
2021-06-28,75,VLSFO,82.29,14.7,352.8,24,726.3352,0.54,Calm,FMS_MARITIME,2026-04-06
2021-06-28,75,LNG,28.86,16.7,400.8,24,224.2266,0.4,Moderate,FMS_MARITIME,2026-04-06
2021-06-28,75,LNG,45.46,16.1,386.4,24,366.3624,0.69,Moderate,FMS_MARITIME,2026-04-06
2021-06-01,76,HFO,73.82,16.5,396.0,24,580.4936,0.78,Calm,FMS_MARITIME,2026-04-06
2021-06-02,76,LSMGO,81.15,10.5,252.0,24,1002.7821,0.89,Calm,FMS_MARITIME,2026-04-06
2021-06-03,76,LNG,53.29,12.7,304.8,24,544.4392,0.85,Rough,FMS_MARITIME,2026-04-06
2021-06-04,76,VLSFO,22.59,15.8,379.2,24,185.5097,0.75,Calm,FMS_MARITIME,2026-04-06
2021-06-05,76,MGO,60.84,8.3,199.2,24,951.0831,0.89,Calm,FMS_MARITIME,2026-04-06
2021-06-06,76,HFO,81.98,10.4,249.6,24,1022.7793,0.53,Rough,FMS_MARITIME,2026-04-06
2021-06-07,76,HFO,20.79,12.9,309.6,24,209.1087,0.5,Rough,FMS_MARITIME,2026-04-06
2021-06-08,76,LSMGO,35.67,10.1,242.4,24,458.2359,0.73,Rough,FMS_MARITIME,2026-04-06
2021-06-09,76,MGO,31.22,11.2,268.8,24,361.6781,0.78,Rough,FMS_MARITIME,2026-04-06
2021-06-10,76,LSMGO,64.3,11.7,280.8,24,713.0705,0.76,Rough,FMS_MARITIME,2026-04-06
2021-06-11,76,MGO,42.68,16.1,386.4,24,343.9584,0.65,Moderate,FMS_MARITIME,2026-04-06
2021-06-12,76,VLSFO,63.05,11.4,273.6,24,717.6086,0.97,Rough,FMS_MARITIME,2026-04-06
2021-06-13,76,MGO,49.05,11.1,266.4,24,573.3547,0.88,Moderate,FMS_MARITIME,2026-04-06
2021-06-14,76,MGO,33.11,10.9,261.6,24,394.1305,0.42,Moderate,FMS_MARITIME,2026-04-06
2021-06-15,76,HFO,20.26,13.8,331.2,24,190.488,0.76,Calm,FMS_MARITIME,2026-04-06
2021-06-16,76,VLSFO,45.94,9.8,235.2,24,608.2362,0.47,Moderate,FMS_MARITIME,2026-04-06
2021-06-17,76,HFO,74.4,9.2,220.8,24,1049.2826,0.89,Moderate,FMS_MARITIME,2026-04-06
2021-06-18,76,VLSFO,29.26,10.7,256.8,24,354.8117,0.49,Moderate,FMS_MARITIME,2026-04-06
2021-06-19,76,HFO,54.07,16.8,403.2,24,417.5942,1.0,Rough,FMS_MARITIME,2026-04-06
2021-06-20,76,HFO,67.3,13.2,316.8,24,661.5284,0.98,Moderate,FMS_MARITIME,2026-04-06
2021-06-21,76,LSMGO,79.03,10.2,244.8,24,1005.3081,0.75,Rough,FMS_MARITIME,2026-04-06
2021-06-22,76,LSMGO,58.2,16.4,393.6,24,460.4543,0.84,Rough,FMS_MARITIME,2026-04-06
2021-06-23,76,LSMGO,73.39,10.4,249.6,24,915.6108,0.55,Calm,FMS_MARITIME,2026-04-06
2021-06-24,76,VLSFO,76.56,17.6,422.4,24,564.4125,0.56,Moderate,FMS_MARITIME,2026-04-06
2021-06-25,76,HFO,65.64,18.0,432.0,24,473.155,0.91,Rough,FMS_MARITIME,2026-04-06
2021-06-26,76,LSMGO,33.74,16.0,384.0,24,273.6103,0.52,Calm,FMS_MARITIME,2026-04-06
2021-06-27,76,VLSFO,46.06,13.2,316.8,24,452.7489,0.94,Calm,FMS_MARITIME,2026-04-06
2021-06-28,76,VLSFO,67.23,16.2,388.8,24,538.4625,0.55,Rough,FMS_MARITIME,2026-04-06
2021-06-28,76,VLSFO,74.63,15.0,360.0,24,645.5495,0.98,Rough,FMS_MARITIME,2026-04-06
2021-06-28,76,HFO,28.09,17.8,427.2,24,204.7572,0.95,Moderate,FMS_MARITIME,2026-04-06
2021-06-01,77,HFO,42.92,17.1,410.4,24,325.6649,0.63,Moderate,FMS_MARITIME,2026-04-06
2021-06-02,77,MGO,34.3,15.5,372.0,24,287.1242,0.42,Calm,FMS_MARITIME,2026-04-06
2021-06-03,77,VLSFO,77.62,9.1,218.4,24,1106.7247,0.67,Rough,FMS_MARITIME,2026-04-06
2021-06-04,77,HFO,80.78,12.7,304.8,24,825.2917,0.72,Rough,FMS_MARITIME,2026-04-06
2021-06-05,77,VLSFO,16.65,14.6,350.4,24,147.9683,0.87,Calm,FMS_MARITIME,2026-04-06
2021-06-06,77,LNG,20.63,10.9,261.6,24,245.5727,0.42,Moderate,FMS_MARITIME,2026-04-06
2021-06-07,77,LNG,75.52,15.1,362.4,24,648.9219,0.54,Rough,FMS_MARITIME,2026-04-06
2021-06-08,77,VLSFO,47.68,12.2,292.8,24,507.0885,0.56,Calm,FMS_MARITIME,2026-04-06
2021-06-09,77,VLSFO,26.73,11.6,278.4,24,298.9843,0.61,Rough,FMS_MARITIME,2026-04-06
2021-06-10,77,HFO,63.55,16.4,393.6,24,502.7812,0.98,Moderate,FMS_MARITIME,2026-04-06
2021-06-11,77,VLSFO,69.91,8.7,208.8,24,1042.6233,0.68,Moderate,FMS_MARITIME,2026-04-06
2021-06-12,77,VLSFO,32.76,9.8,235.2,24,433.7357,0.95,Calm,FMS_MARITIME,2026-04-06
2021-06-13,77,VLSFO,84.08,17.3,415.2,24,630.6,0.88,Moderate,FMS_MARITIME,2026-04-06
2021-06-14,77,MGO,83.63,14.8,355.2,24,733.1752,0.84,Moderate,FMS_MARITIME,2026-04-06
2021-06-15,77,MGO,46.97,15.1,362.4,24,403.5998,0.93,Calm,FMS_MARITIME,2026-04-06
2021-06-16,77,LNG,55.68,9.8,235.2,24,737.1918,0.87,Calm,FMS_MARITIME,2026-04-06
2021-06-17,77,LSMGO,73.2,9.7,232.8,24,979.1443,0.87,Moderate,FMS_MARITIME,2026-04-06
2021-06-18,77,HFO,49.42,11.4,273.6,24,562.4776,0.81,Calm,FMS_MARITIME,2026-04-06
2021-06-19,77,VLSFO,77.22,17.5,420.0,24,572.5311,0.6,Calm,FMS_MARITIME,2026-04-06
2021-06-20,77,HFO,49.9,16.0,384.0,24,404.6578,0.9,Moderate,FMS_MARITIME,2026-04-06
2021-06-21,77,HFO,59.6,10.4,249.6,24,743.5673,0.73,Rough,FMS_MARITIME,2026-04-06
2021-06-22,77,MGO,41.26,10.8,259.2,24,495.6931,0.86,Moderate,FMS_MARITIME,2026-04-06
2021-06-23,77,MGO,65.69,13.7,328.8,24,622.137,0.75,Moderate,FMS_MARITIME,2026-04-06
2021-06-24,77,HFO,69.23,8.8,211.2,24,1020.7491,0.99,Moderate,FMS_MARITIME,2026-04-06
2021-06-25,77,MGO,72.33,9.7,232.8,24,967.507,0.54,Calm,FMS_MARITIME,2026-04-06
2021-06-26,77,LNG,28.55,10.1,242.4,24,366.7686,0.44,Moderate,FMS_MARITIME,2026-04-06
2021-06-27,77,HFO,46.11,16.6,398.4,24,360.408,0.66,Rough,FMS_MARITIME,2026-04-06
2021-06-28,77,VLSFO,17.04,14.4,345.6,24,153.5375,0.77,Rough,FMS_MARITIME,2026-04-06
2021-06-28,77,LSMGO,69.28,8.3,199.2,24,1083.0217,0.7,Calm,FMS_MARITIME,2026-04-06
2021-06-28,77,MGO,49.84,14.2,340.8,24,455.4042,0.91,Moderate,FMS_MARITIME,2026-04-06
2021-06-01,78,LNG,17.59,9.9,237.6,24,230.5356,0.51,Rough,FMS_MARITIME,2026-04-06
2021-06-02,78,LNG,64.85,13.9,333.6,24,605.3444,0.88,Rough,FMS_MARITIME,2026-04-06
2021-06-03,78,LNG,45.9,16.3,391.2,24,365.3696,0.72,Calm,FMS_MARITIME,2026-04-06
2021-06-04,78,VLSFO,40.95,17.2,412.8,24,308.9106,0.95,Moderate,FMS_MARITIME,2026-04-06
2021-06-05,78,LSMGO,56.27,10.7,256.8,24,682.3395,0.67,Moderate,FMS_MARITIME,2026-04-06
2021-06-06,78,MGO,81.23,13.4,321.6,24,786.5368,0.9,Calm,FMS_MARITIME,2026-04-06
2021-06-07,78,LNG,19.96,9.4,225.6,24,275.5117,0.63,Rough,FMS_MARITIME,2026-04-06
2021-06-08,78,VLSFO,31.92,14.8,355.2,24,279.8392,0.55,Rough,FMS_MARITIME,2026-04-06
2021-06-09,78,LNG,50.85,16.7,400.8,24,395.0771,0.61,Moderate,FMS_MARITIME,2026-04-06
2021-06-10,78,HFO,50.08,16.4,393.6,24,396.2122,0.97,Rough,FMS_MARITIME,2026-04-06
2021-06-11,78,MGO,29.03,12.1,290.4,24,311.2928,0.82,Calm,FMS_MARITIME,2026-04-06
2021-06-12,78,MGO,81.53,8.7,208.8,24,1215.9216,0.82,Rough,FMS_MARITIME,2026-04-06
2021-06-13,78,LSMGO,79.46,8.2,196.8,24,1257.3091,0.81,Calm,FMS_MARITIME,2026-04-06
2021-06-14,78,MGO,78.65,16.4,393.6,24,622.2462,0.83,Calm,FMS_MARITIME,2026-04-06
2021-06-15,78,MGO,30.48,15.4,369.6,24,256.8039,0.4,Rough,FMS_MARITIME,2026-04-06
2021-06-16,78,LNG,79.54,15.0,360.0,24,688.021,0.5,Rough,FMS_MARITIME,2026-04-06
2021-06-17,78,LSMGO,77.88,11.1,266.4,24,910.3541,0.54,Calm,FMS_MARITIME,2026-04-06
2021-06-18,78,LNG,16.89,14.3,343.2,24,153.2502,0.73,Moderate,FMS_MARITIME,2026-04-06
2021-06-19,78,LSMGO,17.36,17.2,412.8,24,130.957,0.41,Calm,FMS_MARITIME,2026-04-06
2021-06-20,78,MGO,19.6,16.4,393.6,24,155.0671,0.63,Moderate,FMS_MARITIME,2026-04-06
2021-06-21,78,HFO,68.28,11.8,283.2,24,750.7907,0.95,Rough,FMS_MARITIME,2026-04-06
2021-06-22,78,LNG,40.57,10.1,242.4,24,521.1839,0.6,Rough,FMS_MARITIME,2026-04-06
2021-06-23,78,MGO,77.33,9.3,223.2,24,1078.8782,0.83,Calm,FMS_MARITIME,2026-04-06
2021-06-24,78,MGO,19.54,8.8,211.2,24,288.104,0.49,Rough,FMS_MARITIME,2026-04-06
2021-06-25,78,LNG,64.34,8.9,213.6,24,937.9904,0.52,Moderate,FMS_MARITIME,2026-04-06
2021-06-26,78,HFO,44.13,11.9,285.6,24,481.1653,0.7,Calm,FMS_MARITIME,2026-04-06
2021-06-27,78,VLSFO,61.43,12.3,295.2,24,648.0116,0.75,Moderate,FMS_MARITIME,2026-04-06
2021-06-28,78,LSMGO,60.6,14.7,352.8,24,534.8878,0.68,Rough,FMS_MARITIME,2026-04-06
2021-06-28,78,VLSFO,16.58,8.5,204.0,24,253.0888,0.9,Calm,FMS_MARITIME,2026-04-06
2021-06-28,78,LSMGO,63.93,12.2,292.8,24,679.9113,0.67,Moderate,FMS_MARITIME,2026-04-06
2021-06-01,79,MGO,59.48,15.1,362.4,24,511.0947,0.77,Rough,FMS_MARITIME,2026-04-06
2021-06-02,79,LSMGO,23.9,14.0,336.0,24,221.5018,0.79,Calm,FMS_MARITIME,2026-04-06
2021-06-03,79,MGO,49.5,12.3,295.2,24,522.1646,0.79,Moderate,FMS_MARITIME,2026-04-06
2021-06-04,79,LNG,62.85,14.6,350.4,24,558.5471,0.7,Moderate,FMS_MARITIME,2026-04-06
2021-06-05,79,VLSFO,30.28,13.6,326.4,24,288.8846,0.91,Calm,FMS_MARITIME,2026-04-06
2021-06-06,79,VLSFO,65.65,12.7,304.8,24,670.7156,0.88,Moderate,FMS_MARITIME,2026-04-06
2021-06-07,79,LSMGO,24.07,17.3,415.2,24,180.525,0.44,Moderate,FMS_MARITIME,2026-04-06
2021-06-08,79,MGO,68.97,15.5,372.0,24,577.3456,0.84,Rough,FMS_MARITIME,2026-04-06
2021-06-09,79,LSMGO,71.17,16.4,393.6,24,563.0675,0.41,Rough,FMS_MARITIME,2026-04-06
2021-06-10,79,LNG,71.55,9.5,228.0,24,977.2224,0.72,Rough,FMS_MARITIME,2026-04-06
2021-06-11,79,MGO,22.64,17.2,412.8,24,170.7872,0.52,Rough,FMS_MARITIME,2026-04-06
2021-06-12,79,LSMGO,40.02,8.2,196.8,24,633.2433,0.94,Calm,FMS_MARITIME,2026-04-06
2021-06-13,79,MGO,61.54,17.9,429.6,24,446.0791,0.58,Rough,FMS_MARITIME,2026-04-06
2021-06-14,79,MGO,48.89,16.8,403.2,24,377.5879,0.9,Rough,FMS_MARITIME,2026-04-06
2021-06-15,79,LNG,77.3,16.7,400.8,24,600.5793,0.57,Rough,FMS_MARITIME,2026-04-06
2021-06-16,79,VLSFO,44.3,9.5,228.0,24,605.0447,0.73,Moderate,FMS_MARITIME,2026-04-06
2021-06-17,79,MGO,29.59,12.7,304.8,24,302.3073,0.95,Calm,FMS_MARITIME,2026-04-06
2021-06-18,79,VLSFO,50.57,16.0,384.0,24,410.0911,0.44,Rough,FMS_MARITIME,2026-04-06
2021-06-19,79,MGO,76.26,12.0,288.0,24,824.5612,0.51,Moderate,FMS_MARITIME,2026-04-06
2021-06-20,79,HFO,76.88,9.5,228.0,24,1050.0189,0.53,Calm,FMS_MARITIME,2026-04-06
2021-06-21,79,MGO,39.9,12.9,309.6,24,401.3198,0.95,Calm,FMS_MARITIME,2026-04-06
2021-06-22,79,VLSFO,78.23,8.4,201.6,24,1208.3741,0.56,Calm,FMS_MARITIME,2026-04-06
2021-06-23,79,MGO,16.02,9.2,220.8,24,225.9342,0.43,Moderate,FMS_MARITIME,2026-04-06
2021-06-24,79,LSMGO,63.65,15.0,360.0,24,550.5725,0.65,Moderate,FMS_MARITIME,2026-04-06
2021-06-25,79,VLSFO,47.04,11.6,278.4,24,526.1586,0.59,Rough,FMS_MARITIME,2026-04-06
2021-06-26,79,MGO,74.48,13.6,326.4,24,710.5721,0.94,Calm,FMS_MARITIME,2026-04-06
2021-06-27,79,MGO,82.93,15.5,372.0,24,694.2044,0.45,Rough,FMS_MARITIME,2026-04-06
2021-06-28,79,LNG,35.91,11.2,268.8,24,416.0109,0.95,Calm,FMS_MARITIME,2026-04-06
2021-06-28,79,VLSFO,23.96,17.3,415.2,24,179.7,0.93,Rough,FMS_MARITIME,2026-04-06
2021-06-28,79,LNG,81.4,16.9,405.6,24,624.9497,0.58,Rough,FMS_MARITIME,2026-04-06
2021-06-01,80,VLSFO,28.59,17.7,424.8,24,209.5792,0.4,Moderate,FMS_MARITIME,2026-04-06
2021-06-02,80,MGO,16.89,8.7,208.8,24,251.894,0.53,Rough,FMS_MARITIME,2026-04-06
2021-06-03,80,MGO,65.85,16.3,391.2,24,524.1741,0.53,Calm,FMS_MARITIME,2026-04-06
2021-06-04,80,LSMGO,18.64,14.0,336.0,24,172.7529,0.59,Moderate,FMS_MARITIME,2026-04-06
2021-06-05,80,MGO,32.16,15.6,374.4,24,267.4846,0.48,Rough,FMS_MARITIME,2026-04-06
2021-06-06,80,LNG,39.67,13.0,312.0,24,395.9371,0.55,Rough,FMS_MARITIME,2026-04-06
2021-06-07,80,LNG,70.68,9.3,223.2,24,986.1,0.53,Rough,FMS_MARITIME,2026-04-06
2021-06-08,80,MGO,40.4,12.5,300.0,24,419.352,0.95,Calm,FMS_MARITIME,2026-04-06
2021-06-09,80,LNG,52.28,15.4,369.6,24,440.476,0.69,Moderate,FMS_MARITIME,2026-04-06
2021-06-10,80,VLSFO,39.81,9.6,230.4,24,538.057,0.45,Moderate,FMS_MARITIME,2026-04-06
2021-06-11,80,VLSFO,35.18,11.4,273.6,24,400.4039,0.63,Calm,FMS_MARITIME,2026-04-06
2021-06-12,80,LNG,54.25,14.2,340.8,24,495.6998,0.91,Calm,FMS_MARITIME,2026-04-06
2021-06-13,80,VLSFO,63.85,9.1,218.4,24,910.3887,0.69,Moderate,FMS_MARITIME,2026-04-06
2021-06-14,80,LSMGO,52.51,15.3,367.2,24,445.3054,0.63,Calm,FMS_MARITIME,2026-04-06
2021-06-15,80,VLSFO,32.85,17.3,415.2,24,246.375,0.91,Calm,FMS_MARITIME,2026-04-06
2021-06-16,80,MGO,49.55,16.8,403.2,24,382.6853,0.68,Calm,FMS_MARITIME,2026-04-06
2021-06-17,80,VLSFO,54.41,11.4,273.6,24,619.2717,0.63,Moderate,FMS_MARITIME,2026-04-06
2021-06-18,80,VLSFO,37.58,12.8,307.2,24,380.9379,0.59,Moderate,FMS_MARITIME,2026-04-06
2021-06-19,80,LNG,70.59,11.1,266.4,24,825.1399,0.66,Moderate,FMS_MARITIME,2026-04-06
2021-06-20,80,LSMGO,78.81,11.4,273.6,24,896.9822,0.51,Moderate,FMS_MARITIME,2026-04-06
2021-06-21,80,HFO,27.68,14.4,345.6,24,249.4083,0.54,Moderate,FMS_MARITIME,2026-04-06
2021-06-22,80,MGO,36.87,8.0,192.0,24,597.9853,0.49,Moderate,FMS_MARITIME,2026-04-06
2021-06-23,80,LSMGO,33.46,11.9,285.6,24,364.8265,0.67,Calm,FMS_MARITIME,2026-04-06
2021-06-24,80,LSMGO,56.98,11.0,264.0,24,672.105,0.83,Moderate,FMS_MARITIME,2026-04-06
2021-06-25,80,VLSFO,19.79,11.3,271.2,24,227.2347,0.97,Moderate,FMS_MARITIME,2026-04-06
2021-06-26,80,MGO,59.7,12.3,295.2,24,629.7622,0.69,Calm,FMS_MARITIME,2026-04-06
2021-06-27,80,MGO,36.29,13.0,312.0,24,362.2021,0.59,Moderate,FMS_MARITIME,2026-04-06
2021-06-28,80,HFO,57.34,12.9,309.6,24,576.7337,0.71,Calm,FMS_MARITIME,2026-04-06
2021-06-28,80,HFO,47.58,11.7,280.8,24,527.65,0.76,Calm,FMS_MARITIME,2026-04-06
2021-06-28,80,LSMGO,79.16,15.2,364.8,24,675.7243,0.86,Moderate,FMS_MARITIME,2026-04-06
2021-06-01,81,VLSFO,72.35,13.9,333.6,24,675.3534,0.65,Moderate,FMS_MARITIME,2026-04-06
2021-06-02,81,LNG,34.15,16.1,386.4,24,275.2151,0.62,Rough,FMS_MARITIME,2026-04-06
2021-06-03,81,VLSFO,45.46,14.2,340.8,24,415.3827,0.77,Rough,FMS_MARITIME,2026-04-06
2021-06-04,81,LSMGO,53.4,13.0,312.0,24,532.9731,0.75,Moderate,FMS_MARITIME,2026-04-06
2021-06-05,81,HFO,29.82,9.5,228.0,24,407.2784,0.81,Calm,FMS_MARITIME,2026-04-06
2021-06-06,81,MGO,70.01,17.1,410.4,24,531.2162,0.82,Rough,FMS_MARITIME,2026-04-06
2021-06-07,81,LNG,58.14,16.3,391.2,24,462.8015,0.5,Calm,FMS_MARITIME,2026-04-06
2021-06-08,81,HFO,58.07,14.1,338.4,24,534.3676,0.44,Calm,FMS_MARITIME,2026-04-06
2021-06-09,81,HFO,16.85,12.8,307.2,24,170.8037,0.55,Moderate,FMS_MARITIME,2026-04-06
2021-06-10,81,MGO,82.27,8.0,192.0,24,1334.3166,0.81,Rough,FMS_MARITIME,2026-04-06
2021-06-11,81,LSMGO,61.94,13.8,331.2,24,582.3707,0.42,Rough,FMS_MARITIME,2026-04-06
2021-06-12,81,LSMGO,22.25,8.1,194.4,24,356.412,0.94,Calm,FMS_MARITIME,2026-04-06
2021-06-13,81,LNG,32.84,10.6,254.4,24,401.9802,0.96,Calm,FMS_MARITIME,2026-04-06
2021-06-14,81,MGO,46.6,15.4,369.6,24,392.6201,0.48,Rough,FMS_MARITIME,2026-04-06
2021-06-15,81,MGO,40.01,16.2,388.8,24,320.4505,0.82,Rough,FMS_MARITIME,2026-04-06
2021-06-16,81,LNG,46.91,17.4,417.6,24,349.803,0.54,Rough,FMS_MARITIME,2026-04-06
2021-06-17,81,MGO,72.68,9.6,230.4,24,982.3156,0.48,Rough,FMS_MARITIME,2026-04-06
2021-06-18,81,HFO,29.23,12.6,302.4,24,300.9994,0.63,Moderate,FMS_MARITIME,2026-04-06
2021-06-19,81,MGO,53.92,10.1,242.4,24,692.6851,0.59,Calm,FMS_MARITIME,2026-04-06
2021-06-20,81,LSMGO,63.31,14.8,355.2,24,555.0319,0.76,Rough,FMS_MARITIME,2026-04-06
2021-06-21,81,HFO,63.23,10.4,249.6,24,788.855,0.78,Moderate,FMS_MARITIME,2026-04-06
2021-06-22,81,LNG,72.9,9.9,237.6,24,955.4318,0.94,Moderate,FMS_MARITIME,2026-04-06
2021-06-23,81,HFO,76.32,9.3,223.2,24,1064.7871,0.78,Moderate,FMS_MARITIME,2026-04-06
2021-06-24,81,LNG,74.92,13.5,324.0,24,720.0644,0.69,Moderate,FMS_MARITIME,2026-04-06
2021-06-25,81,MGO,55.44,11.2,268.8,24,642.2625,0.76,Calm,FMS_MARITIME,2026-04-06
2021-06-26,81,VLSFO,66.93,9.6,230.4,24,904.6008,0.53,Calm,FMS_MARITIME,2026-04-06
2021-06-27,81,VLSFO,67.73,13.1,314.4,24,670.8372,0.82,Rough,FMS_MARITIME,2026-04-06
2021-06-28,81,LNG,34.91,13.7,328.8,24,330.6257,0.54,Moderate,FMS_MARITIME,2026-04-06
2021-06-28,81,VLSFO,36.76,9.8,235.2,24,486.6949,0.4,Moderate,FMS_MARITIME,2026-04-06
2021-06-28,81,HFO,29.83,12.1,290.4,24,319.8713,0.77,Rough,FMS_MARITIME,2026-04-06
2021-06-01,82,HFO,59.13,16.3,391.2,24,470.6821,0.73,Calm,FMS_MARITIME,2026-04-06
2021-06-02,82,HFO,38.36,14.0,336.0,24,355.515,0.6,Calm,FMS_MARITIME,2026-04-06
2021-06-03,82,LNG,73.65,18.0,432.0,24,530.8938,0.94,Rough,FMS_MARITIME,2026-04-06
2021-06-04,82,VLSFO,84.12,10.1,242.4,24,1080.6505,0.48,Moderate,FMS_MARITIME,2026-04-06
2021-06-05,82,LNG,71.81,12.3,295.2,24,757.5079,0.87,Calm,FMS_MARITIME,2026-04-06
2021-06-06,82,VLSFO,37.08,15.9,381.6,24,302.5868,0.82,Moderate,FMS_MARITIME,2026-04-06
2021-06-07,82,MGO,47.34,11.3,271.2,24,543.5721,0.46,Calm,FMS_MARITIME,2026-04-06
2021-06-08,82,LSMGO,77.83,10.5,252.0,24,961.7564,0.89,Rough,FMS_MARITIME,2026-04-06
2021-06-09,82,HFO,37.29,12.4,297.6,24,390.1917,0.78,Calm,FMS_MARITIME,2026-04-06
2021-06-10,82,HFO,39.65,11.3,271.2,24,455.2732,0.49,Rough,FMS_MARITIME,2026-04-06
2021-06-11,82,LNG,16.23,10.2,244.8,24,206.4551,0.49,Moderate,FMS_MARITIME,2026-04-06
2021-06-12,82,HFO,72.31,13.8,331.2,24,679.8712,0.83,Moderate,FMS_MARITIME,2026-04-06
2021-06-13,82,LNG,38.38,15.4,369.6,24,323.364,0.69,Rough,FMS_MARITIME,2026-04-06
2021-06-14,82,HFO,43.67,14.4,345.6,24,393.4849,0.41,Moderate,FMS_MARITIME,2026-04-06
2021-06-15,82,HFO,60.63,9.1,218.4,24,864.4772,0.9,Rough,FMS_MARITIME,2026-04-06
2021-06-16,82,LSMGO,68.55,8.1,194.4,24,1098.0694,0.53,Moderate,FMS_MARITIME,2026-04-06
2021-06-17,82,LNG,81.37,11.1,266.4,24,951.1493,0.75,Calm,FMS_MARITIME,2026-04-06
2021-06-18,82,MGO,45.0,14.3,343.2,24,408.3042,0.63,Rough,FMS_MARITIME,2026-04-06
2021-06-19,82,HFO,17.37,10.2,244.8,24,220.9566,0.48,Rough,FMS_MARITIME,2026-04-06
2021-06-20,82,MGO,57.54,12.5,300.0,24,597.2652,0.54,Rough,FMS_MARITIME,2026-04-06
2021-06-21,82,HFO,16.84,11.3,271.2,24,193.3619,0.44,Rough,FMS_MARITIME,2026-04-06
2021-06-22,82,VLSFO,18.17,15.5,372.0,24,152.1005,0.82,Moderate,FMS_MARITIME,2026-04-06
2021-06-23,82,LNG,18.57,16.9,405.6,24,142.5714,0.53,Moderate,FMS_MARITIME,2026-04-06
2021-06-24,82,LSMGO,25.08,8.1,194.4,24,401.7444,0.64,Calm,FMS_MARITIME,2026-04-06
2021-06-25,82,HFO,58.25,12.7,304.8,24,595.1132,0.78,Rough,FMS_MARITIME,2026-04-06
2021-06-26,82,LNG,51.14,16.8,403.2,24,394.9652,0.98,Rough,FMS_MARITIME,2026-04-06
2021-06-27,82,LSMGO,16.2,13.9,333.6,24,151.2194,0.41,Rough,FMS_MARITIME,2026-04-06
2021-06-28,82,HFO,15.73,12.5,300.0,24,163.2774,0.59,Rough,FMS_MARITIME,2026-04-06
2021-06-28,82,HFO,44.16,12.4,297.6,24,462.0774,0.66,Moderate,FMS_MARITIME,2026-04-06
2021-06-28,82,LNG,39.26,9.0,216.0,24,565.9983,0.51,Rough,FMS_MARITIME,2026-04-06
2021-06-01,83,MGO,55.75,8.2,196.8,24,882.1418,0.52,Rough,FMS_MARITIME,2026-04-06
2021-06-02,83,LNG,73.94,15.6,374.4,24,614.9817,0.6,Calm,FMS_MARITIME,2026-04-06
2021-06-03,83,VLSFO,36.14,8.6,206.4,24,545.2517,0.65,Calm,FMS_MARITIME,2026-04-06
2021-06-04,83,MGO,70.84,17.4,417.6,24,528.2466,0.83,Calm,FMS_MARITIME,2026-04-06
2021-06-05,83,LSMGO,72.21,16.3,391.2,24,574.8005,0.74,Calm,FMS_MARITIME,2026-04-06
2021-06-06,83,VLSFO,70.57,17.6,422.4,24,520.2533,0.43,Calm,FMS_MARITIME,2026-04-06
2021-06-07,83,MGO,42.45,13.7,328.8,24,402.0356,0.47,Moderate,FMS_MARITIME,2026-04-06
2021-06-08,83,LNG,64.28,15.6,374.4,24,534.6365,0.71,Calm,FMS_MARITIME,2026-04-06
2021-06-09,83,LNG,50.8,14.1,338.4,24,467.4681,0.54,Moderate,FMS_MARITIME,2026-04-06
2021-06-10,83,HFO,52.44,16.9,405.6,24,402.6089,0.61,Rough,FMS_MARITIME,2026-04-06
2021-06-11,83,VLSFO,63.77,12.1,290.4,24,683.8147,1.0,Rough,FMS_MARITIME,2026-04-06
2021-06-12,83,HFO,15.01,14.1,338.4,24,138.1239,0.73,Moderate,FMS_MARITIME,2026-04-06
2021-06-13,83,VLSFO,78.23,9.4,225.6,24,1079.8237,0.83,Moderate,FMS_MARITIME,2026-04-06
2021-06-14,83,MGO,21.13,12.1,290.4,24,226.58,0.4,Rough,FMS_MARITIME,2026-04-06
2021-06-15,83,HFO,69.57,15.5,372.0,24,582.3682,0.56,Moderate,FMS_MARITIME,2026-04-06
2021-06-16,83,VLSFO,65.63,9.5,228.0,24,896.3676,0.47,Moderate,FMS_MARITIME,2026-04-06
2021-06-17,83,LNG,43.21,15.2,364.8,24,368.8485,0.94,Calm,FMS_MARITIME,2026-04-06
2021-06-18,83,LSMGO,34.46,15.9,381.6,24,281.2066,0.99,Rough,FMS_MARITIME,2026-04-06
2021-06-19,83,VLSFO,73.68,8.9,213.6,24,1074.1551,0.99,Calm,FMS_MARITIME,2026-04-06
2021-06-20,83,LNG,56.29,14.4,345.6,24,507.1964,0.55,Calm,FMS_MARITIME,2026-04-06
2021-06-21,83,LSMGO,41.0,9.4,225.6,24,565.9309,0.84,Moderate,FMS_MARITIME,2026-04-06
2021-06-22,83,VLSFO,42.28,9.5,228.0,24,577.4558,0.97,Rough,FMS_MARITIME,2026-04-06
2021-06-23,83,LNG,73.44,15.1,362.4,24,631.049,0.41,Calm,FMS_MARITIME,2026-04-06
2021-06-24,83,VLSFO,42.71,15.5,372.0,24,357.524,0.98,Rough,FMS_MARITIME,2026-04-06
2021-06-25,83,VLSFO,38.13,12.7,304.8,24,389.5565,0.85,Rough,FMS_MARITIME,2026-04-06
2021-06-26,83,VLSFO,54.02,16.7,400.8,24,419.7063,0.65,Rough,FMS_MARITIME,2026-04-06
2021-06-27,83,MGO,37.27,10.1,242.4,24,478.7903,0.63,Moderate,FMS_MARITIME,2026-04-06
2021-06-28,83,LSMGO,81.06,17.7,424.8,24,594.211,0.49,Rough,FMS_MARITIME,2026-04-06
2021-06-28,83,MGO,23.57,13.7,328.8,24,223.2268,0.72,Rough,FMS_MARITIME,2026-04-06
2021-06-28,83,LSMGO,22.64,12.2,292.8,24,240.782,0.53,Moderate,FMS_MARITIME,2026-04-06
2021-06-01,84,VLSFO,58.52,15.5,372.0,24,489.869,0.57,Calm,FMS_MARITIME,2026-04-06
2021-06-02,84,MGO,57.81,16.7,400.8,24,449.1525,0.98,Calm,FMS_MARITIME,2026-04-06
2021-06-03,84,LSMGO,69.81,12.4,297.6,24,730.4716,0.47,Calm,FMS_MARITIME,2026-04-06
2021-06-04,84,VLSFO,84.63,10.3,247.2,24,1066.0915,0.41,Rough,FMS_MARITIME,2026-04-06
2021-06-05,84,LSMGO,63.49,11.4,273.6,24,722.6164,0.72,Moderate,FMS_MARITIME,2026-04-06
2021-06-06,84,LSMGO,23.45,11.6,278.4,24,262.2963,0.54,Calm,FMS_MARITIME,2026-04-06
2021-06-07,84,LSMGO,70.3,9.8,235.2,24,930.7577,0.91,Calm,FMS_MARITIME,2026-04-06
2021-06-08,84,MGO,23.16,15.3,367.2,24,196.4059,0.45,Rough,FMS_MARITIME,2026-04-06
2021-06-09,84,MGO,27.95,15.9,381.6,24,228.0825,0.42,Calm,FMS_MARITIME,2026-04-06
2021-06-10,84,VLSFO,54.61,16.0,384.0,24,442.853,0.71,Rough,FMS_MARITIME,2026-04-06
2021-06-11,84,LNG,15.75,17.4,417.6,24,117.4461,0.78,Moderate,FMS_MARITIME,2026-04-06
2021-06-12,84,VLSFO,44.66,16.9,405.6,24,342.8778,0.52,Moderate,FMS_MARITIME,2026-04-06
2021-06-13,84,HFO,65.94,11.3,271.2,24,757.1429,0.89,Rough,FMS_MARITIME,2026-04-06
2021-06-14,84,LSMGO,45.43,18.0,432.0,24,327.4746,0.44,Calm,FMS_MARITIME,2026-04-06
2021-06-15,84,MGO,60.66,13.7,328.8,24,574.4989,0.61,Moderate,FMS_MARITIME,2026-04-06
2021-06-16,84,LNG,51.49,13.6,326.4,24,491.2373,0.69,Calm,FMS_MARITIME,2026-04-06
2021-06-17,84,VLSFO,75.68,16.7,400.8,24,587.9928,0.79,Moderate,FMS_MARITIME,2026-04-06
2021-06-18,84,VLSFO,67.69,14.7,352.8,24,597.4679,0.65,Calm,FMS_MARITIME,2026-04-06
2021-06-19,84,HFO,47.28,17.9,429.6,24,342.714,0.89,Moderate,FMS_MARITIME,2026-04-06
2021-06-20,84,LSMGO,70.61,11.2,268.8,24,818.0042,0.66,Calm,FMS_MARITIME,2026-04-06
2021-06-21,84,HFO,41.94,9.9,237.6,24,549.6682,0.63,Rough,FMS_MARITIME,2026-04-06
2021-06-22,84,LNG,22.09,10.2,244.8,24,280.9978,0.92,Moderate,FMS_MARITIME,2026-04-06
2021-06-23,84,MGO,76.81,14.5,348.0,24,687.3171,0.57,Moderate,FMS_MARITIME,2026-04-06
2021-06-24,84,VLSFO,25.62,17.9,429.6,24,185.7092,0.43,Rough,FMS_MARITIME,2026-04-06
2021-06-25,84,MGO,72.72,17.7,424.8,24,533.0746,0.42,Rough,FMS_MARITIME,2026-04-06
2021-06-26,84,VLSFO,79.8,12.4,297.6,24,835.004,0.6,Calm,FMS_MARITIME,2026-04-06
2021-06-27,84,VLSFO,72.91,11.7,280.8,24,808.5532,0.7,Calm,FMS_MARITIME,2026-04-06
2021-06-28,84,VLSFO,33.78,8.3,199.2,24,528.0669,0.5,Calm,FMS_MARITIME,2026-04-06
2021-06-28,84,LNG,55.1,11.8,283.2,24,605.8665,0.72,Moderate,FMS_MARITIME,2026-04-06
2021-06-28,84,MGO,78.09,10.9,261.6,24,929.5576,0.86,Rough,FMS_MARITIME,2026-04-06
2021-06-01,85,VLSFO,45.94,10.5,252.0,24,567.6871,0.46,Moderate,FMS_MARITIME,2026-04-06
2021-06-02,85,MGO,27.69,11.3,271.2,24,317.9449,0.76,Moderate,FMS_MARITIME,2026-04-06
2021-06-03,85,HFO,61.45,17.6,422.4,24,453.0192,0.79,Moderate,FMS_MARITIME,2026-04-06
2021-06-04,85,LSMGO,83.45,15.6,374.4,24,694.0793,0.93,Calm,FMS_MARITIME,2026-04-06
2021-06-05,85,VLSFO,47.24,8.8,211.2,24,696.5216,0.93,Rough,FMS_MARITIME,2026-04-06
2021-06-06,85,LSMGO,81.36,17.0,408.0,24,620.9682,0.78,Moderate,FMS_MARITIME,2026-04-06
2021-06-07,85,LSMGO,33.06,12.7,304.8,24,337.7587,0.85,Calm,FMS_MARITIME,2026-04-06
2021-06-08,85,VLSFO,24.64,9.2,220.8,24,347.5043,0.85,Rough,FMS_MARITIME,2026-04-06
2021-06-09,85,HFO,50.61,10.7,256.8,24,613.7054,0.43,Calm,FMS_MARITIME,2026-04-06
2021-06-10,85,VLSFO,71.39,16.1,386.4,24,575.3325,0.58,Rough,FMS_MARITIME,2026-04-06
2021-06-11,85,LSMGO,68.1,10.4,249.6,24,849.613,0.57,Moderate,FMS_MARITIME,2026-04-06
2021-06-12,85,HFO,68.11,14.4,345.6,24,613.6995,0.85,Calm,FMS_MARITIME,2026-04-06
2021-06-13,85,LNG,38.0,9.8,235.2,24,503.1122,0.45,Calm,FMS_MARITIME,2026-04-06
2021-06-14,85,LNG,31.22,14.6,350.4,24,277.4517,0.61,Rough,FMS_MARITIME,2026-04-06
2021-06-15,85,HFO,24.56,11.6,278.4,24,274.7121,0.43,Calm,FMS_MARITIME,2026-04-06
2021-06-16,85,VLSFO,60.8,17.3,415.2,24,456.0,0.42,Calm,FMS_MARITIME,2026-04-06
2021-06-17,85,HFO,28.37,9.4,225.6,24,391.5965,0.91,Moderate,FMS_MARITIME,2026-04-06
2021-06-18,85,HFO,59.81,15.9,381.6,24,488.0722,0.66,Rough,FMS_MARITIME,2026-04-06
2021-06-19,85,LNG,66.37,14.6,350.4,24,589.8293,0.89,Rough,FMS_MARITIME,2026-04-06
2021-06-20,85,MGO,55.13,11.2,268.8,24,638.6712,0.52,Calm,FMS_MARITIME,2026-04-06
2021-06-21,85,VLSFO,32.39,10.8,259.2,24,389.1299,0.55,Moderate,FMS_MARITIME,2026-04-06
2021-06-22,85,LSMGO,19.07,14.2,340.8,24,174.2488,0.87,Rough,FMS_MARITIME,2026-04-06
2021-06-23,85,LSMGO,65.76,9.2,220.8,24,927.4304,0.62,Calm,FMS_MARITIME,2026-04-06
2021-06-24,85,VLSFO,84.02,10.1,242.4,24,1079.3658,0.58,Moderate,FMS_MARITIME,2026-04-06
2021-06-25,85,MGO,71.62,8.2,196.8,24,1133.2555,0.7,Calm,FMS_MARITIME,2026-04-06
2021-06-26,85,VLSFO,46.68,13.2,316.8,24,458.8432,0.82,Rough,FMS_MARITIME,2026-04-06
2021-06-27,85,MGO,55.38,12.3,295.2,24,584.1915,0.84,Calm,FMS_MARITIME,2026-04-06
2021-06-28,85,VLSFO,45.16,11.8,283.2,24,496.5686,0.53,Calm,FMS_MARITIME,2026-04-06
2021-06-28,85,VLSFO,59.0,17.9,429.6,24,427.6676,0.71,Rough,FMS_MARITIME,2026-04-06
2021-06-28,85,LNG,62.32,15.1,362.4,24,535.498,0.44,Moderate,FMS_MARITIME,2026-04-06
2021-06-01,86,HFO,27.62,17.9,429.6,24,200.2064,0.45,Rough,FMS_MARITIME,2026-04-06
2021-06-02,86,HFO,50.79,8.1,194.4,24,813.5806,0.55,Moderate,FMS_MARITIME,2026-04-06
2021-06-03,86,MGO,22.88,16.1,386.4,24,184.3901,0.72,Rough,FMS_MARITIME,2026-04-06
2021-06-04,86,LNG,59.39,12.6,302.4,24,611.5756,0.44,Rough,FMS_MARITIME,2026-04-06
2021-06-05,86,LSMGO,44.45,17.0,408.0,24,339.2581,0.49,Rough,FMS_MARITIME,2026-04-06
2021-06-06,86,LSMGO,71.07,8.1,194.4,24,1138.4361,0.97,Moderate,FMS_MARITIME,2026-04-06
2021-06-07,86,MGO,36.43,15.0,360.0,24,315.1195,0.54,Rough,FMS_MARITIME,2026-04-06
2021-06-08,86,VLSFO,44.48,9.2,220.8,24,627.313,0.51,Calm,FMS_MARITIME,2026-04-06
2021-06-09,86,MGO,72.0,14.2,340.8,24,657.8873,0.59,Rough,FMS_MARITIME,2026-04-06
2021-06-10,86,VLSFO,74.08,13.3,319.2,24,722.6977,0.72,Moderate,FMS_MARITIME,2026-04-06
2021-06-11,86,MGO,38.15,10.8,259.2,24,458.3299,0.97,Calm,FMS_MARITIME,2026-04-06
2021-06-12,86,VLSFO,43.58,11.2,268.8,24,504.8665,0.98,Rough,FMS_MARITIME,2026-04-06
2021-06-13,86,LNG,62.76,15.6,374.4,24,521.9942,0.86,Rough,FMS_MARITIME,2026-04-06
2021-06-14,86,MGO,62.59,13.6,326.4,24,597.1362,0.94,Moderate,FMS_MARITIME,2026-04-06
2021-06-15,86,LSMGO,76.77,13.1,314.4,24,760.3746,0.66,Rough,FMS_MARITIME,2026-04-06
2021-06-16,86,HFO,32.51,11.5,276.0,24,366.7976,0.81,Calm,FMS_MARITIME,2026-04-06
2021-06-17,86,HFO,56.48,9.1,218.4,24,805.3055,0.77,Moderate,FMS_MARITIME,2026-04-06
2021-06-18,86,VLSFO,53.82,10.5,252.0,24,665.0614,0.93,Calm,FMS_MARITIME,2026-04-06
2021-06-19,86,LSMGO,25.51,10.3,247.2,24,321.3517,0.71,Rough,FMS_MARITIME,2026-04-06
2021-06-20,86,HFO,17.92,9.9,237.6,24,234.8606,0.43,Calm,FMS_MARITIME,2026-04-06
2021-06-21,86,HFO,28.92,11.2,268.8,24,335.033,0.76,Moderate,FMS_MARITIME,2026-04-06
2021-06-22,86,HFO,50.03,16.0,384.0,24,405.712,0.63,Calm,FMS_MARITIME,2026-04-06
2021-06-23,86,MGO,15.18,16.3,391.2,24,120.8347,0.41,Calm,FMS_MARITIME,2026-04-06
2021-06-24,86,LSMGO,45.47,12.9,309.6,24,457.3436,0.42,Calm,FMS_MARITIME,2026-04-06
2021-06-25,86,HFO,76.8,16.0,384.0,24,622.8,0.89,Rough,FMS_MARITIME,2026-04-06
2021-06-26,86,LNG,78.03,17.1,410.4,24,592.0697,0.78,Rough,FMS_MARITIME,2026-04-06
2021-06-27,86,VLSFO,74.4,8.5,204.0,24,1135.6941,0.97,Rough,FMS_MARITIME,2026-04-06
2021-06-28,86,LSMGO,19.73,12.5,300.0,24,204.7974,0.62,Rough,FMS_MARITIME,2026-04-06
2021-06-28,86,MGO,24.25,11.4,273.6,24,276.0033,0.63,Calm,FMS_MARITIME,2026-04-06
2021-06-28,86,HFO,50.14,11.0,264.0,24,591.4241,0.72,Calm,FMS_MARITIME,2026-04-06
2021-06-01,87,LSMGO,65.47,15.9,381.6,24,534.2599,0.42,Rough,FMS_MARITIME,2026-04-06
2021-06-02,87,LSMGO,40.34,12.9,309.6,24,405.7453,0.98,Moderate,FMS_MARITIME,2026-04-06
2021-06-03,87,HFO,27.98,11.3,271.2,24,321.2748,0.8,Rough,FMS_MARITIME,2026-04-06
2021-06-04,87,LSMGO,21.87,14.4,345.6,24,197.0578,0.84,Rough,FMS_MARITIME,2026-04-06
2021-06-05,87,HFO,75.67,12.1,290.4,24,811.42,0.55,Calm,FMS_MARITIME,2026-04-06
2021-06-06,87,LSMGO,55.06,16.5,396.0,24,432.9718,0.8,Moderate,FMS_MARITIME,2026-04-06
2021-06-07,87,HFO,71.53,12.7,304.8,24,730.7888,0.44,Moderate,FMS_MARITIME,2026-04-06
2021-06-08,87,LNG,82.11,13.2,316.8,24,807.104,0.61,Calm,FMS_MARITIME,2026-04-06
2021-06-09,87,MGO,84.96,10.1,242.4,24,1091.4416,0.66,Moderate,FMS_MARITIME,2026-04-06
2021-06-10,87,MGO,25.91,14.7,352.8,24,228.6954,0.82,Calm,FMS_MARITIME,2026-04-06
2021-06-11,87,HFO,27.4,8.8,211.2,24,403.9943,0.46,Calm,FMS_MARITIME,2026-04-06
2021-06-12,87,MGO,18.48,10.6,254.4,24,226.2057,0.73,Moderate,FMS_MARITIME,2026-04-06
2021-06-13,87,VLSFO,72.36,17.4,417.6,24,539.581,0.82,Rough,FMS_MARITIME,2026-04-06
2021-06-14,87,LNG,26.07,13.9,333.6,24,243.3513,0.68,Moderate,FMS_MARITIME,2026-04-06
2021-06-15,87,MGO,24.31,13.6,326.4,24,231.9281,0.56,Calm,FMS_MARITIME,2026-04-06
2021-06-16,87,LSMGO,35.63,10.9,261.6,24,424.1278,1.0,Rough,FMS_MARITIME,2026-04-06
2021-06-17,87,HFO,40.05,16.6,398.4,24,313.0414,0.56,Rough,FMS_MARITIME,2026-04-06
2021-06-18,87,LSMGO,68.34,9.7,232.8,24,914.1356,0.89,Calm,FMS_MARITIME,2026-04-06
2021-06-19,87,MGO,70.28,9.2,220.8,24,991.1772,0.68,Moderate,FMS_MARITIME,2026-04-06
2021-06-20,87,HFO,55.72,15.8,379.2,24,457.5741,0.91,Calm,FMS_MARITIME,2026-04-06
2021-06-21,87,LSMGO,58.85,9.0,216.0,24,848.4208,0.65,Calm,FMS_MARITIME,2026-04-06
2021-06-22,87,MGO,29.18,16.0,384.0,24,236.6316,0.82,Moderate,FMS_MARITIME,2026-04-06
2021-06-23,87,LNG,44.65,10.5,252.0,24,551.7464,0.84,Rough,FMS_MARITIME,2026-04-06
2021-06-24,87,LNG,55.39,17.6,422.4,24,408.3439,0.42,Moderate,FMS_MARITIME,2026-04-06
2021-06-25,87,MGO,32.08,14.2,340.8,24,293.1254,0.51,Moderate,FMS_MARITIME,2026-04-06
2021-06-26,87,LSMGO,65.02,13.2,316.8,24,639.117,0.45,Rough,FMS_MARITIME,2026-04-06
2021-06-27,87,LSMGO,40.68,10.4,249.6,24,507.5221,0.73,Calm,FMS_MARITIME,2026-04-06
2021-06-28,87,LSMGO,44.0,8.6,206.4,24,663.8372,0.91,Rough,FMS_MARITIME,2026-04-06
2021-06-28,87,LSMGO,61.42,8.9,213.6,24,895.4208,0.72,Rough,FMS_MARITIME,2026-04-06
2021-06-28,87,MGO,63.01,15.5,372.0,24,527.4547,0.87,Moderate,FMS_MARITIME,2026-04-06
2021-06-01,88,HFO,71.76,8.2,196.8,24,1135.4707,0.43,Rough,FMS_MARITIME,2026-04-06
2021-06-02,88,LNG,40.23,10.1,242.4,24,516.8161,0.62,Calm,FMS_MARITIME,2026-04-06
2021-06-03,88,MGO,23.55,11.8,283.2,24,258.9502,0.4,Moderate,FMS_MARITIME,2026-04-06
2021-06-04,88,LNG,40.92,8.9,213.6,24,596.5584,0.68,Calm,FMS_MARITIME,2026-04-06
2021-06-05,88,LNG,20.29,13.6,326.4,24,193.5756,0.45,Rough,FMS_MARITIME,2026-04-06
2021-06-06,88,LSMGO,20.56,11.5,276.0,24,231.9704,0.92,Calm,FMS_MARITIME,2026-04-06
2021-06-07,88,LNG,71.35,10.5,252.0,24,881.6821,0.89,Moderate,FMS_MARITIME,2026-04-06
2021-06-08,88,VLSFO,78.27,16.3,391.2,24,623.0388,0.57,Rough,FMS_MARITIME,2026-04-06
2021-06-09,88,MGO,48.69,14.5,348.0,24,435.6916,0.99,Rough,FMS_MARITIME,2026-04-06
2021-06-10,88,MGO,78.03,11.1,266.4,24,912.1074,0.52,Calm,FMS_MARITIME,2026-04-06
2021-06-11,88,HFO,32.92,14.3,343.2,24,298.6972,0.68,Rough,FMS_MARITIME,2026-04-06
2021-06-12,88,MGO,59.0,12.1,290.4,24,632.6653,0.83,Moderate,FMS_MARITIME,2026-04-06
2021-06-13,88,HFO,45.25,14.7,352.8,24,399.4005,0.87,Calm,FMS_MARITIME,2026-04-06
2021-06-14,88,LNG,64.28,14.6,350.4,24,571.2555,0.82,Moderate,FMS_MARITIME,2026-04-06
2021-06-15,88,VLSFO,57.09,11.4,273.6,24,649.7743,0.86,Moderate,FMS_MARITIME,2026-04-06
2021-06-16,88,MGO,68.08,17.1,410.4,24,516.5719,0.44,Rough,FMS_MARITIME,2026-04-06
2021-06-17,88,VLSFO,44.6,15.0,360.0,24,385.79,0.91,Moderate,FMS_MARITIME,2026-04-06
2021-06-18,88,MGO,19.54,16.8,403.2,24,150.9116,0.5,Rough,FMS_MARITIME,2026-04-06
2021-06-19,88,LNG,29.37,8.2,196.8,24,464.7265,0.9,Rough,FMS_MARITIME,2026-04-06
2021-06-20,88,LSMGO,22.63,10.1,242.4,24,290.7171,0.9,Calm,FMS_MARITIME,2026-04-06
2021-06-21,88,HFO,73.63,16.1,386.4,24,593.3846,0.69,Calm,FMS_MARITIME,2026-04-06
2021-06-22,88,VLSFO,17.25,15.2,364.8,24,147.2492,0.85,Rough,FMS_MARITIME,2026-04-06
2021-06-23,88,LNG,82.99,17.8,427.2,24,604.9412,0.65,Calm,FMS_MARITIME,2026-04-06
2021-06-24,88,VLSFO,62.71,14.5,348.0,24,561.1464,0.64,Calm,FMS_MARITIME,2026-04-06
2021-06-25,88,LSMGO,74.48,15.6,374.4,24,619.4731,0.41,Moderate,FMS_MARITIME,2026-04-06
2021-06-26,88,MGO,34.07,10.2,244.8,24,433.3904,0.86,Calm,FMS_MARITIME,2026-04-06
2021-06-27,88,VLSFO,47.27,9.2,220.8,24,666.6611,0.6,Calm,FMS_MARITIME,2026-04-06
2021-06-28,88,LNG,43.07,15.2,364.8,24,367.6535,0.91,Moderate,FMS_MARITIME,2026-04-06
2021-06-28,88,LNG,30.87,12.0,288.0,24,333.7819,0.52,Moderate,FMS_MARITIME,2026-04-06
2021-06-28,88,HFO,27.55,17.1,410.4,24,209.0417,0.79,Moderate,FMS_MARITIME,2026-04-06
2021-06-01,89,HFO,66.63,10.4,249.6,24,831.2733,0.71,Rough,FMS_MARITIME,2026-04-06
2021-06-02,89,LSMGO,61.04,13.2,316.8,24,599.9955,0.78,Calm,FMS_MARITIME,2026-04-06
2021-06-03,89,LSMGO,77.44,16.2,388.8,24,620.237,0.72,Moderate,FMS_MARITIME,2026-04-06
2021-06-04,89,LNG,50.74,14.8,355.2,24,444.8321,0.77,Rough,FMS_MARITIME,2026-04-06
2021-06-05,89,HFO,56.65,16.0,384.0,24,459.3961,0.45,Moderate,FMS_MARITIME,2026-04-06
2021-06-06,89,HFO,27.33,14.7,352.8,24,241.2291,0.93,Calm,FMS_MARITIME,2026-04-06
2021-06-07,89,MGO,21.07,10.3,247.2,24,265.4206,0.78,Moderate,FMS_MARITIME,2026-04-06
2021-06-08,89,LSMGO,75.08,13.8,331.2,24,705.9152,0.94,Moderate,FMS_MARITIME,2026-04-06
2021-06-09,89,LSMGO,75.78,9.0,216.0,24,1092.495,0.86,Calm,FMS_MARITIME,2026-04-06
2021-06-10,89,LSMGO,31.18,10.7,256.8,24,378.0939,0.98,Moderate,FMS_MARITIME,2026-04-06
2021-06-11,89,LSMGO,84.52,9.3,223.2,24,1179.1903,0.74,Calm,FMS_MARITIME,2026-04-06
2021-06-12,89,LSMGO,49.63,9.0,216.0,24,715.4992,0.46,Rough,FMS_MARITIME,2026-04-06
2021-06-13,89,MGO,25.29,13.5,324.0,24,243.065,0.74,Moderate,FMS_MARITIME,2026-04-06
2021-06-14,89,LSMGO,41.04,14.6,350.4,24,364.7219,0.76,Calm,FMS_MARITIME,2026-04-06
2021-06-15,89,LNG,37.41,12.3,295.2,24,394.6299,0.69,Moderate,FMS_MARITIME,2026-04-06
2021-06-16,89,HFO,48.51,13.0,312.0,24,484.1671,0.56,Calm,FMS_MARITIME,2026-04-06
2021-06-17,89,VLSFO,57.0,8.5,204.0,24,870.0882,0.86,Rough,FMS_MARITIME,2026-04-06
2021-06-18,89,HFO,61.29,18.0,432.0,24,441.7987,0.96,Moderate,FMS_MARITIME,2026-04-06
2021-06-19,89,HFO,49.38,11.8,283.2,24,542.9708,0.44,Moderate,FMS_MARITIME,2026-04-06
2021-06-20,89,MGO,72.31,16.4,393.6,24,572.0867,0.75,Moderate,FMS_MARITIME,2026-04-06
2021-06-21,89,LSMGO,69.59,12.7,304.8,24,710.9687,0.47,Moderate,FMS_MARITIME,2026-04-06
2021-06-22,89,LSMGO,26.45,13.9,333.6,24,246.8984,0.89,Calm,FMS_MARITIME,2026-04-06
2021-06-23,89,MGO,74.26,11.8,283.2,24,816.5453,0.73,Moderate,FMS_MARITIME,2026-04-06
2021-06-24,89,HFO,17.88,9.4,225.6,24,246.8011,0.72,Calm,FMS_MARITIME,2026-04-06
2021-06-25,89,HFO,74.68,10.8,259.2,24,897.1972,0.65,Calm,FMS_MARITIME,2026-04-06
2021-06-26,89,LNG,40.0,10.3,247.2,24,503.8835,0.69,Calm,FMS_MARITIME,2026-04-06
2021-06-27,89,LSMGO,68.46,9.5,228.0,24,935.0195,0.42,Rough,FMS_MARITIME,2026-04-06
2021-06-28,89,VLSFO,48.59,15.5,372.0,24,406.7453,0.56,Rough,FMS_MARITIME,2026-04-06
2021-06-28,89,LNG,60.96,12.9,309.6,24,613.1442,0.72,Calm,FMS_MARITIME,2026-04-06
2021-06-28,89,MGO,74.5,8.1,194.4,24,1193.3796,0.92,Rough,FMS_MARITIME,2026-04-06
2021-06-01,90,VLSFO,39.63,16.3,391.2,24,315.4597,0.67,Calm,FMS_MARITIME,2026-04-06
2021-06-02,90,MGO,25.12,8.6,206.4,24,378.9907,0.42,Calm,FMS_MARITIME,2026-04-06
2021-06-03,90,HFO,16.88,16.7,400.8,24,131.1485,0.4,Moderate,FMS_MARITIME,2026-04-06
2021-06-04,90,MGO,27.46,14.8,355.2,24,240.7389,0.87,Rough,FMS_MARITIME,2026-04-06
2021-06-05,90,LNG,74.12,16.3,391.2,24,590.0043,0.98,Moderate,FMS_MARITIME,2026-04-06
2021-06-06,90,VLSFO,30.66,17.7,424.8,24,224.7534,0.88,Calm,FMS_MARITIME,2026-04-06
2021-06-07,90,VLSFO,51.88,11.9,285.6,24,565.6664,0.53,Rough,FMS_MARITIME,2026-04-06
2021-06-08,90,LNG,60.27,10.2,244.8,24,766.6699,0.79,Calm,FMS_MARITIME,2026-04-06
2021-06-09,90,MGO,15.35,13.5,324.0,24,147.5306,0.69,Moderate,FMS_MARITIME,2026-04-06
2021-06-10,90,LSMGO,52.63,12.6,302.4,24,541.9637,0.91,Moderate,FMS_MARITIME,2026-04-06
2021-06-11,90,HFO,41.38,14.7,352.8,24,365.2418,0.67,Moderate,FMS_MARITIME,2026-04-06
2021-06-12,90,MGO,37.58,12.3,295.2,24,396.4232,0.5,Rough,FMS_MARITIME,2026-04-06
2021-06-13,90,LNG,84.32,14.3,343.2,24,765.0713,0.72,Calm,FMS_MARITIME,2026-04-06
2021-06-14,90,MGO,54.02,8.7,208.8,24,805.6431,0.8,Rough,FMS_MARITIME,2026-04-06
2021-06-15,90,LNG,43.63,12.1,290.4,24,467.8506,0.4,Calm,FMS_MARITIME,2026-04-06
2021-06-16,90,HFO,60.43,10.9,261.6,24,719.3388,0.95,Calm,FMS_MARITIME,2026-04-06
2021-06-17,90,LNG,21.96,16.5,396.0,24,172.6855,0.81,Moderate,FMS_MARITIME,2026-04-06
2021-06-18,90,HFO,36.8,9.7,232.8,24,492.2474,0.67,Calm,FMS_MARITIME,2026-04-06
2021-06-19,90,LSMGO,57.36,14.1,338.4,24,527.834,0.98,Rough,FMS_MARITIME,2026-04-06
2021-06-20,90,LSMGO,62.96,14.2,340.8,24,575.2859,0.93,Rough,FMS_MARITIME,2026-04-06
2021-06-21,90,LNG,25.15,12.5,300.0,24,261.057,0.67,Moderate,FMS_MARITIME,2026-04-06
2021-06-22,90,LNG,58.66,13.4,321.6,24,567.9951,0.92,Rough,FMS_MARITIME,2026-04-06
2021-06-23,90,HFO,37.11,17.3,415.2,24,278.325,0.87,Calm,FMS_MARITIME,2026-04-06
2021-06-24,90,VLSFO,42.73,16.9,405.6,24,328.0602,0.8,Moderate,FMS_MARITIME,2026-04-06
2021-06-25,90,HFO,44.57,14.1,338.4,24,410.1388,0.67,Calm,FMS_MARITIME,2026-04-06
2021-06-26,90,LSMGO,50.94,14.3,343.2,24,462.2003,0.86,Rough,FMS_MARITIME,2026-04-06
2021-06-27,90,HFO,60.85,12.5,300.0,24,631.623,0.49,Moderate,FMS_MARITIME,2026-04-06
2021-06-28,90,LNG,27.6,8.9,213.6,24,402.3708,0.99,Calm,FMS_MARITIME,2026-04-06
2021-06-28,90,HFO,61.4,9.9,237.6,24,804.7121,0.59,Moderate,FMS_MARITIME,2026-04-06
2021-06-28,90,LSMGO,52.42,16.9,405.6,24,402.4553,0.91,Calm,FMS_MARITIME,2026-04-06
2021-06-01,91,HFO,53.2,15.0,360.0,24,460.18,0.73,Rough,FMS_MARITIME,2026-04-06
2021-06-02,91,VLSFO,32.74,9.0,216.0,24,472.0017,0.53,Moderate,FMS_MARITIME,2026-04-06
2021-06-03,91,HFO,38.05,14.3,343.2,24,345.2439,0.46,Calm,FMS_MARITIME,2026-04-06
2021-06-04,91,HFO,55.36,15.3,367.2,24,469.4745,0.9,Calm,FMS_MARITIME,2026-04-06
2021-06-05,91,MGO,53.45,8.3,199.2,24,835.5587,0.49,Calm,FMS_MARITIME,2026-04-06
2021-06-06,91,MGO,23.56,11.2,268.8,24,272.9384,0.5,Moderate,FMS_MARITIME,2026-04-06
2021-06-07,91,MGO,45.56,12.4,297.6,24,476.7266,0.83,Rough,FMS_MARITIME,2026-04-06
2021-06-08,91,HFO,73.9,17.9,429.6,24,535.6718,0.81,Rough,FMS_MARITIME,2026-04-06
2021-06-09,91,LNG,48.2,18.0,432.0,24,347.4417,0.88,Moderate,FMS_MARITIME,2026-04-06
2021-06-10,91,VLSFO,67.09,9.4,225.6,24,926.0561,0.69,Calm,FMS_MARITIME,2026-04-06
2021-06-11,91,MGO,26.44,10.1,242.4,24,339.6624,0.88,Moderate,FMS_MARITIME,2026-04-06
2021-06-12,91,LNG,78.88,10.5,252.0,24,974.7314,0.67,Moderate,FMS_MARITIME,2026-04-06
2021-06-13,91,HFO,16.79,12.9,309.6,24,168.8762,0.41,Moderate,FMS_MARITIME,2026-04-06
2021-06-14,91,LSMGO,17.27,9.1,218.4,24,246.2398,0.56,Rough,FMS_MARITIME,2026-04-06
2021-06-15,91,MGO,19.62,12.2,292.8,24,208.6635,0.88,Moderate,FMS_MARITIME,2026-04-06
2021-06-16,91,LNG,73.21,15.8,379.2,24,601.2024,0.93,Rough,FMS_MARITIME,2026-04-06
2021-06-17,91,HFO,16.72,9.4,225.6,24,230.7894,0.49,Rough,FMS_MARITIME,2026-04-06
2021-06-18,91,VLSFO,17.33,15.2,364.8,24,147.9321,0.42,Moderate,FMS_MARITIME,2026-04-06
2021-06-19,91,VLSFO,79.47,12.4,297.6,24,831.551,0.86,Calm,FMS_MARITIME,2026-04-06
2021-06-20,91,LNG,22.14,9.7,232.8,24,296.151,0.67,Rough,FMS_MARITIME,2026-04-06
2021-06-21,91,HFO,78.67,13.4,321.6,24,761.7487,0.62,Rough,FMS_MARITIME,2026-04-06
2021-06-22,91,MGO,57.52,9.4,225.6,24,793.9596,0.98,Rough,FMS_MARITIME,2026-04-06
2021-06-23,91,VLSFO,36.66,10.5,252.0,24,453.0129,0.96,Moderate,FMS_MARITIME,2026-04-06
2021-06-24,91,LSMGO,16.66,17.4,417.6,24,124.2319,0.62,Rough,FMS_MARITIME,2026-04-06
2021-06-25,91,LSMGO,66.55,17.2,412.8,24,502.0269,0.86,Calm,FMS_MARITIME,2026-04-06
2021-06-26,91,LSMGO,67.09,15.6,374.4,24,558.0082,0.88,Moderate,FMS_MARITIME,2026-04-06
2021-06-27,91,VLSFO,59.22,17.6,422.4,24,436.5793,0.75,Rough,FMS_MARITIME,2026-04-06
2021-06-28,91,LNG,62.64,14.8,355.2,24,549.1581,0.48,Rough,FMS_MARITIME,2026-04-06
2021-06-28,91,LSMGO,47.27,10.1,242.4,24,607.2557,0.71,Rough,FMS_MARITIME,2026-04-06
2021-06-28,91,VLSFO,23.22,12.7,304.8,24,237.228,0.6,Calm,FMS_MARITIME,2026-04-06
2021-06-01,92,MGO,52.74,12.6,302.4,24,543.0964,0.93,Calm,FMS_MARITIME,2026-04-06
2021-06-02,92,VLSFO,34.03,15.2,364.8,24,290.4863,0.96,Calm,FMS_MARITIME,2026-04-06
2021-06-03,92,LSMGO,65.11,11.9,285.6,24,709.9179,0.91,Calm,FMS_MARITIME,2026-04-06
2021-06-04,92,LSMGO,34.86,10.1,242.4,24,447.8302,0.78,Rough,FMS_MARITIME,2026-04-06
2021-06-05,92,LSMGO,70.44,16.8,403.2,24,544.0232,0.42,Calm,FMS_MARITIME,2026-04-06
2021-06-06,92,MGO,58.91,9.8,235.2,24,779.9564,0.58,Moderate,FMS_MARITIME,2026-04-06
2021-06-07,92,LSMGO,76.39,12.0,288.0,24,825.9669,0.63,Rough,FMS_MARITIME,2026-04-06
2021-06-08,92,MGO,28.34,15.4,369.6,24,238.7737,0.7,Moderate,FMS_MARITIME,2026-04-06
2021-06-09,92,MGO,68.41,11.6,278.4,24,765.1894,0.59,Rough,FMS_MARITIME,2026-04-06
2021-06-10,92,LSMGO,52.15,12.3,295.2,24,550.1189,0.58,Moderate,FMS_MARITIME,2026-04-06
2021-06-11,92,HFO,29.71,13.7,328.8,24,281.3776,0.66,Rough,FMS_MARITIME,2026-04-06
2021-06-12,92,VLSFO,52.23,14.3,343.2,24,473.9051,0.81,Calm,FMS_MARITIME,2026-04-06
2021-06-13,92,HFO,28.37,11.0,264.0,24,334.637,0.75,Moderate,FMS_MARITIME,2026-04-06
2021-06-14,92,VLSFO,50.18,10.5,252.0,24,620.0814,0.87,Rough,FMS_MARITIME,2026-04-06
2021-06-15,92,VLSFO,49.24,17.7,424.8,24,360.9542,0.65,Moderate,FMS_MARITIME,2026-04-06
2021-06-16,92,LNG,80.11,15.7,376.8,24,662.0556,0.98,Rough,FMS_MARITIME,2026-04-06
2021-06-17,92,VLSFO,74.62,12.0,288.0,24,806.8287,0.48,Moderate,FMS_MARITIME,2026-04-06
2021-06-18,92,VLSFO,71.55,12.9,309.6,24,719.6599,0.82,Calm,FMS_MARITIME,2026-04-06
2021-06-19,92,MGO,42.43,14.7,352.8,24,374.5097,0.49,Rough,FMS_MARITIME,2026-04-06
2021-06-20,92,LNG,60.5,10.2,244.8,24,769.5956,0.78,Rough,FMS_MARITIME,2026-04-06
2021-06-21,92,HFO,34.96,15.8,379.2,24,287.0924,0.65,Calm,FMS_MARITIME,2026-04-06
2021-06-22,92,LNG,72.22,8.4,201.6,24,1115.5411,0.66,Rough,FMS_MARITIME,2026-04-06
2021-06-23,92,LSMGO,49.55,16.8,403.2,24,382.6853,0.65,Moderate,FMS_MARITIME,2026-04-06
2021-06-24,92,VLSFO,54.35,15.7,376.8,24,449.1664,0.5,Moderate,FMS_MARITIME,2026-04-06
2021-06-25,92,HFO,76.25,9.8,235.2,24,1009.5344,0.84,Rough,FMS_MARITIME,2026-04-06
2021-06-26,92,LSMGO,52.95,15.7,376.8,24,437.5963,0.61,Calm,FMS_MARITIME,2026-04-06
2021-06-27,92,MGO,50.09,8.7,208.8,24,747.0319,0.66,Moderate,FMS_MARITIME,2026-04-06
2021-06-28,92,HFO,17.78,10.6,254.4,24,217.6373,0.82,Calm,FMS_MARITIME,2026-04-06
2021-06-28,92,HFO,24.36,13.0,312.0,24,243.1315,0.54,Rough,FMS_MARITIME,2026-04-06
2021-06-28,92,VLSFO,70.32,10.9,261.6,24,837.0661,0.48,Rough,FMS_MARITIME,2026-04-06
2021-06-01,93,MGO,33.36,10.6,254.4,24,408.3453,0.46,Moderate,FMS_MARITIME,2026-04-06
2021-06-02,93,MGO,58.01,12.0,288.0,24,627.2331,0.62,Calm,FMS_MARITIME,2026-04-06
2021-06-03,93,VLSFO,58.89,8.4,201.6,24,909.6402,0.7,Calm,FMS_MARITIME,2026-04-06
2021-06-04,93,VLSFO,83.16,9.2,220.8,24,1172.8272,0.55,Moderate,FMS_MARITIME,2026-04-06
2021-06-05,93,HFO,34.62,11.9,285.6,24,377.4744,0.43,Moderate,FMS_MARITIME,2026-04-06
2021-06-06,93,LSMGO,26.94,14.9,357.6,24,234.595,0.92,Calm,FMS_MARITIME,2026-04-06
2021-06-07,93,MGO,79.43,15.9,381.6,24,648.1788,0.86,Rough,FMS_MARITIME,2026-04-06
2021-06-08,93,LSMGO,77.61,15.1,362.4,24,666.8806,0.5,Rough,FMS_MARITIME,2026-04-06
2021-06-09,93,LNG,62.55,13.0,312.0,24,624.2971,1.0,Rough,FMS_MARITIME,2026-04-06
2021-06-10,93,VLSFO,15.41,10.5,252.0,24,190.4236,0.75,Rough,FMS_MARITIME,2026-04-06
2021-06-11,93,HFO,22.55,11.8,283.2,24,247.9544,0.66,Calm,FMS_MARITIME,2026-04-06
2021-06-12,93,MGO,72.97,15.0,360.0,24,631.1905,0.54,Calm,FMS_MARITIME,2026-04-06
2021-06-13,93,MGO,59.36,13.4,321.6,24,574.7731,0.96,Calm,FMS_MARITIME,2026-04-06
2021-06-14,93,VLSFO,69.75,9.6,230.4,24,942.7148,0.87,Moderate,FMS_MARITIME,2026-04-06
2021-06-15,93,VLSFO,18.32,16.2,388.8,24,146.7296,0.77,Calm,FMS_MARITIME,2026-04-06
2021-06-16,93,LNG,53.72,17.9,429.6,24,389.395,0.53,Rough,FMS_MARITIME,2026-04-06
2021-06-17,93,VLSFO,84.96,17.8,427.2,24,619.3011,0.57,Moderate,FMS_MARITIME,2026-04-06
2021-06-18,93,LSMGO,62.22,14.0,336.0,24,576.6461,0.69,Moderate,FMS_MARITIME,2026-04-06
2021-06-19,93,HFO,43.19,16.4,393.6,24,341.7014,0.53,Moderate,FMS_MARITIME,2026-04-06
2021-06-20,93,VLSFO,18.12,11.3,271.2,24,208.0593,0.74,Moderate,FMS_MARITIME,2026-04-06
2021-06-21,93,HFO,23.76,16.9,405.6,24,182.4178,0.63,Rough,FMS_MARITIME,2026-04-06
2021-06-22,93,LNG,83.46,10.8,259.2,24,1002.6792,0.81,Rough,FMS_MARITIME,2026-04-06
2021-06-23,93,HFO,32.19,13.9,333.6,24,300.4786,0.54,Calm,FMS_MARITIME,2026-04-06
2021-06-24,93,VLSFO,16.35,13.8,331.2,24,153.7255,0.44,Moderate,FMS_MARITIME,2026-04-06
2021-06-25,93,VLSFO,83.8,14.7,352.8,24,739.6633,0.95,Calm,FMS_MARITIME,2026-04-06
2021-06-26,93,HFO,16.0,11.0,264.0,24,188.7273,0.56,Moderate,FMS_MARITIME,2026-04-06
2021-06-27,93,LNG,16.46,11.5,276.0,24,185.7117,0.88,Moderate,FMS_MARITIME,2026-04-06
2021-06-28,93,VLSFO,46.32,13.0,312.0,24,462.3092,0.67,Rough,FMS_MARITIME,2026-04-06
2021-06-28,93,VLSFO,31.71,16.8,403.2,24,244.9031,0.66,Moderate,FMS_MARITIME,2026-04-06
2021-06-28,93,VLSFO,42.35,14.2,340.8,24,386.9657,0.41,Moderate,FMS_MARITIME,2026-04-06
2021-06-01,94,HFO,75.77,13.4,321.6,24,733.6685,0.92,Moderate,FMS_MARITIME,2026-04-06
2021-06-02,94,HFO,33.36,8.6,206.4,24,503.3093,0.91,Calm,FMS_MARITIME,2026-04-06
2021-06-03,94,LSMGO,37.18,15.8,379.2,24,305.3231,0.48,Moderate,FMS_MARITIME,2026-04-06
2021-06-04,94,LNG,80.33,14.1,338.4,24,739.2069,0.55,Rough,FMS_MARITIME,2026-04-06
2021-06-05,94,HFO,45.93,8.8,211.2,24,677.2065,0.43,Rough,FMS_MARITIME,2026-04-06
2021-06-06,94,LNG,15.02,13.4,321.6,24,145.4362,0.65,Calm,FMS_MARITIME,2026-04-06
2021-06-07,94,LSMGO,23.77,9.9,237.6,24,311.5311,0.87,Rough,FMS_MARITIME,2026-04-06
2021-06-08,94,LNG,63.02,11.6,278.4,24,704.9004,0.48,Moderate,FMS_MARITIME,2026-04-06
2021-06-09,94,MGO,19.77,9.7,232.8,24,264.4492,0.6,Moderate,FMS_MARITIME,2026-04-06
2021-06-10,94,HFO,61.44,12.3,295.2,24,648.1171,0.56,Calm,FMS_MARITIME,2026-04-06
2021-06-11,94,LNG,63.24,10.7,256.8,24,766.8589,0.68,Rough,FMS_MARITIME,2026-04-06
2021-06-12,94,LNG,68.15,16.2,388.8,24,545.831,0.51,Rough,FMS_MARITIME,2026-04-06
2021-06-13,94,LNG,55.27,16.8,403.2,24,426.8621,0.51,Moderate,FMS_MARITIME,2026-04-06
2021-06-14,94,LSMGO,58.25,12.8,307.2,24,590.4639,0.6,Moderate,FMS_MARITIME,2026-04-06
2021-06-15,94,LSMGO,83.6,17.5,420.0,24,619.8343,0.64,Rough,FMS_MARITIME,2026-04-06
2021-06-16,94,VLSFO,59.35,15.1,362.4,24,509.9776,0.67,Rough,FMS_MARITIME,2026-04-06
2021-06-17,94,MGO,16.46,9.1,218.4,24,234.6907,0.76,Moderate,FMS_MARITIME,2026-04-06
2021-06-18,94,MGO,57.93,16.6,398.4,24,452.7962,0.55,Calm,FMS_MARITIME,2026-04-06
2021-06-19,94,LNG,78.28,10.0,240.0,24,1015.683,0.51,Moderate,FMS_MARITIME,2026-04-06
2021-06-20,94,VLSFO,16.95,13.3,319.2,24,165.3581,0.59,Calm,FMS_MARITIME,2026-04-06
2021-06-21,94,LSMGO,75.52,16.3,391.2,24,601.1485,0.68,Calm,FMS_MARITIME,2026-04-06
2021-06-22,94,LNG,56.52,9.6,230.4,24,763.9031,0.89,Moderate,FMS_MARITIME,2026-04-06
2021-06-23,94,LSMGO,52.99,9.7,232.8,24,708.8095,0.83,Moderate,FMS_MARITIME,2026-04-06
2021-06-24,94,LNG,48.6,15.0,360.0,24,420.39,0.64,Calm,FMS_MARITIME,2026-04-06
2021-06-25,94,LNG,68.08,12.9,309.6,24,684.7581,0.42,Rough,FMS_MARITIME,2026-04-06
2021-06-26,94,LSMGO,68.21,17.2,412.8,24,514.5493,0.71,Moderate,FMS_MARITIME,2026-04-06
2021-06-27,94,LSMGO,82.19,10.9,261.6,24,978.3626,0.86,Rough,FMS_MARITIME,2026-04-06
2021-06-28,94,VLSFO,61.01,15.8,379.2,24,501.0157,0.61,Moderate,FMS_MARITIME,2026-04-06
2021-06-28,94,LNG,82.55,11.4,273.6,24,939.5493,0.61,Rough,FMS_MARITIME,2026-04-06
2021-06-28,94,LNG,21.34,16.3,391.2,24,169.869,0.41,Rough,FMS_MARITIME,2026-04-06
2021-06-01,95,VLSFO,81.19,8.8,211.2,24,1197.0912,0.71,Calm,FMS_MARITIME,2026-04-06
2021-06-02,95,MGO,80.8,9.8,235.2,24,1069.7755,0.4,Moderate,FMS_MARITIME,2026-04-06
2021-06-03,95,LSMGO,34.37,12.7,304.8,24,351.1423,0.95,Moderate,FMS_MARITIME,2026-04-06
2021-06-04,95,LNG,40.0,13.2,316.8,24,393.1818,0.42,Rough,FMS_MARITIME,2026-04-06
2021-06-05,95,LSMGO,47.45,11.6,278.4,24,530.7446,0.63,Moderate,FMS_MARITIME,2026-04-06
2021-06-06,95,LSMGO,58.29,16.3,391.2,24,463.9956,0.81,Moderate,FMS_MARITIME,2026-04-06
2021-06-07,95,LNG,71.5,8.5,204.0,24,1091.4265,0.85,Moderate,FMS_MARITIME,2026-04-06
2021-06-08,95,MGO,78.83,14.3,343.2,24,715.2582,0.47,Rough,FMS_MARITIME,2026-04-06
2021-06-09,95,VLSFO,73.99,15.9,381.6,24,603.7863,0.41,Rough,FMS_MARITIME,2026-04-06
2021-06-10,95,MGO,63.34,13.5,324.0,24,608.7678,0.77,Calm,FMS_MARITIME,2026-04-06
2021-06-11,95,HFO,38.55,13.4,321.6,24,373.2733,0.93,Moderate,FMS_MARITIME,2026-04-06
2021-06-12,95,HFO,69.8,17.3,415.2,24,523.5,0.44,Rough,FMS_MARITIME,2026-04-06
2021-06-13,95,LSMGO,60.16,14.9,357.6,24,523.8765,0.93,Calm,FMS_MARITIME,2026-04-06
2021-06-14,95,LSMGO,56.47,14.7,352.8,24,498.4342,0.98,Moderate,FMS_MARITIME,2026-04-06
2021-06-15,95,LNG,66.84,15.7,376.8,24,552.3879,0.43,Rough,FMS_MARITIME,2026-04-06
2021-06-16,95,HFO,60.51,16.3,391.2,24,481.667,0.43,Moderate,FMS_MARITIME,2026-04-06
2021-06-17,95,LSMGO,16.89,12.4,297.6,24,176.7321,0.52,Rough,FMS_MARITIME,2026-04-06
2021-06-18,95,LSMGO,16.25,17.3,415.2,24,121.875,0.56,Moderate,FMS_MARITIME,2026-04-06
2021-06-19,95,HFO,24.84,8.6,206.4,24,374.7663,0.97,Rough,FMS_MARITIME,2026-04-06
2021-06-20,95,LNG,27.71,16.3,391.2,24,220.575,0.44,Moderate,FMS_MARITIME,2026-04-06
2021-06-21,95,LSMGO,38.04,8.5,204.0,24,580.6694,0.51,Moderate,FMS_MARITIME,2026-04-06
2021-06-22,95,LNG,48.39,12.6,302.4,24,498.3018,0.76,Calm,FMS_MARITIME,2026-04-06
2021-06-23,95,LSMGO,27.61,13.9,333.6,24,257.7264,0.86,Rough,FMS_MARITIME,2026-04-06
2021-06-24,95,MGO,18.36,9.7,232.8,24,245.5887,0.47,Calm,FMS_MARITIME,2026-04-06
2021-06-25,95,MGO,38.38,11.8,283.2,24,422.0174,0.73,Calm,FMS_MARITIME,2026-04-06
2021-06-26,95,LNG,32.45,11.2,268.8,24,375.9275,0.84,Calm,FMS_MARITIME,2026-04-06
2021-06-27,95,LSMGO,49.32,11.9,285.6,24,537.7538,0.54,Calm,FMS_MARITIME,2026-04-06
2021-06-28,95,LNG,80.42,14.6,350.4,24,714.6914,0.56,Rough,FMS_MARITIME,2026-04-06
2021-06-28,95,LNG,55.89,18.0,432.0,24,402.8738,0.42,Calm,FMS_MARITIME,2026-04-06
2021-06-28,95,HFO,30.66,12.1,290.4,24,328.7715,0.49,Moderate,FMS_MARITIME,2026-04-06
2021-06-01,96,MGO,29.78,15.9,381.6,24,243.016,0.56,Calm,FMS_MARITIME,2026-04-06
2021-06-02,96,LSMGO,66.96,17.5,420.0,24,496.4606,0.64,Moderate,FMS_MARITIME,2026-04-06
2021-06-03,96,MGO,28.96,13.8,331.2,24,272.287,0.55,Moderate,FMS_MARITIME,2026-04-06
2021-06-04,96,MGO,77.29,13.0,312.0,24,771.4137,0.76,Moderate,FMS_MARITIME,2026-04-06
2021-06-05,96,LSMGO,82.47,15.3,367.2,24,699.3779,0.97,Rough,FMS_MARITIME,2026-04-06
2021-06-06,96,MGO,72.06,10.3,247.2,24,907.7461,0.85,Rough,FMS_MARITIME,2026-04-06
2021-06-07,96,LNG,36.61,14.9,357.6,24,318.8018,0.86,Calm,FMS_MARITIME,2026-04-06
2021-06-08,96,HFO,55.33,17.7,424.8,24,405.597,0.82,Calm,FMS_MARITIME,2026-04-06
2021-06-09,96,HFO,48.17,9.5,228.0,24,657.9008,0.76,Rough,FMS_MARITIME,2026-04-06
2021-06-10,96,VLSFO,83.87,16.2,388.8,24,671.7366,0.73,Moderate,FMS_MARITIME,2026-04-06
2021-06-11,96,HFO,36.65,15.6,374.4,24,304.8293,0.98,Calm,FMS_MARITIME,2026-04-06
2021-06-12,96,VLSFO,32.23,15.2,364.8,24,275.1212,0.58,Moderate,FMS_MARITIME,2026-04-06
2021-06-13,96,VLSFO,27.4,16.4,393.6,24,216.7774,0.48,Calm,FMS_MARITIME,2026-04-06
2021-06-14,96,LSMGO,66.79,13.5,324.0,24,641.9261,0.8,Moderate,FMS_MARITIME,2026-04-06
2021-06-15,96,LNG,62.8,9.2,220.8,24,885.6848,0.47,Rough,FMS_MARITIME,2026-04-06
2021-06-16,96,LNG,39.38,13.3,319.2,24,384.1771,0.6,Calm,FMS_MARITIME,2026-04-06
2021-06-17,96,VLSFO,83.47,11.6,278.4,24,933.6407,0.82,Moderate,FMS_MARITIME,2026-04-06
2021-06-18,96,VLSFO,33.65,13.6,326.4,24,321.0358,0.89,Moderate,FMS_MARITIME,2026-04-06
2021-06-19,96,LSMGO,34.7,15.6,374.4,24,288.6106,0.87,Calm,FMS_MARITIME,2026-04-06
2021-06-20,96,LSMGO,27.49,8.7,208.8,24,409.9802,0.79,Calm,FMS_MARITIME,2026-04-06
2021-06-21,96,MGO,79.12,9.9,237.6,24,1036.9515,0.62,Rough,FMS_MARITIME,2026-04-06
2021-06-22,96,VLSFO,70.74,17.2,412.8,24,533.6346,0.81,Moderate,FMS_MARITIME,2026-04-06
2021-06-23,96,HFO,83.28,16.7,400.8,24,647.0407,0.6,Rough,FMS_MARITIME,2026-04-06
2021-06-24,96,MGO,22.08,8.1,194.4,24,353.6889,0.66,Rough,FMS_MARITIME,2026-04-06
2021-06-25,96,LNG,35.71,16.3,391.2,24,284.256,0.45,Moderate,FMS_MARITIME,2026-04-06
2021-06-26,96,VLSFO,36.34,16.1,386.4,24,292.8643,0.48,Moderate,FMS_MARITIME,2026-04-06
2021-06-27,96,VLSFO,17.57,11.7,280.8,24,194.8468,0.88,Rough,FMS_MARITIME,2026-04-06
2021-06-28,96,MGO,59.8,17.5,420.0,24,443.3743,0.78,Rough,FMS_MARITIME,2026-04-06
2021-06-28,96,HFO,26.19,16.9,405.6,24,201.0741,0.93,Calm,FMS_MARITIME,2026-04-06
2021-06-28,96,LNG,18.71,16.4,393.6,24,148.0258,0.46,Moderate,FMS_MARITIME,2026-04-06
2021-06-01,97,MGO,76.8,11.9,285.6,24,837.3782,0.88,Moderate,FMS_MARITIME,2026-04-06
2021-06-02,97,VLSFO,17.5,13.3,319.2,24,170.7237,0.82,Moderate,FMS_MARITIME,2026-04-06
2021-06-03,97,VLSFO,61.6,9.1,218.4,24,878.3077,0.72,Calm,FMS_MARITIME,2026-04-06
2021-06-04,97,LNG,66.32,16.7,400.8,24,515.2707,0.89,Rough,FMS_MARITIME,2026-04-06
2021-06-05,97,LSMGO,29.93,16.7,400.8,24,232.54,0.98,Rough,FMS_MARITIME,2026-04-06
2021-06-06,97,MGO,22.72,13.0,312.0,24,226.7631,0.71,Calm,FMS_MARITIME,2026-04-06
2021-06-07,97,HFO,28.01,10.9,261.6,24,333.4218,0.66,Calm,FMS_MARITIME,2026-04-06
2021-06-08,97,HFO,50.17,13.6,326.4,24,478.6439,0.43,Rough,FMS_MARITIME,2026-04-06
2021-06-09,97,VLSFO,39.74,8.0,192.0,24,644.5331,0.73,Rough,FMS_MARITIME,2026-04-06
2021-06-10,97,LNG,18.16,12.1,290.4,24,194.7322,0.63,Calm,FMS_MARITIME,2026-04-06
2021-06-11,97,MGO,66.63,9.3,223.2,24,929.596,0.85,Moderate,FMS_MARITIME,2026-04-06
2021-06-12,97,LSMGO,72.79,9.1,218.4,24,1037.8574,0.89,Calm,FMS_MARITIME,2026-04-06
2021-06-13,97,LSMGO,57.65,12.1,290.4,24,618.189,0.46,Moderate,FMS_MARITIME,2026-04-06
2021-06-14,97,HFO,53.38,15.9,381.6,24,435.6009,0.48,Rough,FMS_MARITIME,2026-04-06
2021-06-15,97,VLSFO,54.95,10.9,261.6,24,654.1067,0.76,Calm,FMS_MARITIME,2026-04-06
2021-06-16,97,HFO,77.88,15.1,362.4,24,669.2007,0.59,Moderate,FMS_MARITIME,2026-04-06
2021-06-17,97,MGO,66.48,10.2,244.8,24,845.6647,0.72,Moderate,FMS_MARITIME,2026-04-06
2021-06-18,97,HFO,36.91,14.3,343.2,24,334.9002,0.65,Rough,FMS_MARITIME,2026-04-06
2021-06-19,97,MGO,69.6,15.9,381.6,24,567.9623,0.75,Moderate,FMS_MARITIME,2026-04-06
2021-06-20,97,MGO,22.72,15.5,372.0,24,190.1884,0.64,Moderate,FMS_MARITIME,2026-04-06
2021-06-21,97,VLSFO,68.64,11.7,280.8,24,761.2,0.76,Moderate,FMS_MARITIME,2026-04-06
2021-06-22,97,MGO,80.5,9.9,237.6,24,1055.0379,0.87,Rough,FMS_MARITIME,2026-04-06
2021-06-23,97,MGO,30.53,17.1,410.4,24,231.6531,0.64,Calm,FMS_MARITIME,2026-04-06
2021-06-24,97,HFO,71.39,12.6,302.4,24,735.147,0.72,Calm,FMS_MARITIME,2026-04-06
2021-06-25,97,LSMGO,26.65,11.2,268.8,24,308.7355,0.6,Moderate,FMS_MARITIME,2026-04-06
2021-06-26,97,LSMGO,61.79,8.1,194.4,24,989.7843,0.83,Rough,FMS_MARITIME,2026-04-06
2021-06-27,97,LNG,74.61,11.0,264.0,24,880.0589,0.88,Moderate,FMS_MARITIME,2026-04-06
2021-06-28,97,VLSFO,84.11,15.8,379.2,24,690.7134,0.99,Calm,FMS_MARITIME,2026-04-06
2021-06-28,97,VLSFO,41.17,10.5,252.0,24,508.7436,0.94,Moderate,FMS_MARITIME,2026-04-06
2021-06-28,97,VLSFO,79.75,9.9,237.6,24,1045.2083,0.48,Rough,FMS_MARITIME,2026-04-06
2021-06-01,98,HFO,70.69,10.3,247.2,24,890.4881,0.85,Rough,FMS_MARITIME,2026-04-06
2021-06-02,98,LSMGO,19.45,9.6,230.4,24,262.8789,0.85,Calm,FMS_MARITIME,2026-04-06
2021-06-03,98,VLSFO,71.47,12.5,300.0,24,741.8586,0.84,Calm,FMS_MARITIME,2026-04-06
2021-06-04,98,MGO,58.64,13.9,333.6,24,547.377,0.65,Calm,FMS_MARITIME,2026-04-06
2021-06-05,98,MGO,70.59,12.6,302.4,24,726.9089,0.91,Calm,FMS_MARITIME,2026-04-06
2021-06-06,98,VLSFO,70.34,15.5,372.0,24,588.8139,0.57,Calm,FMS_MARITIME,2026-04-06
2021-06-07,98,LSMGO,17.42,16.3,391.2,24,138.6653,0.98,Rough,FMS_MARITIME,2026-04-06
2021-06-08,98,LSMGO,30.7,9.9,237.6,24,402.3561,0.93,Calm,FMS_MARITIME,2026-04-06
2021-06-09,98,MGO,57.74,11.0,264.0,24,681.0695,0.88,Moderate,FMS_MARITIME,2026-04-06
2021-06-10,98,HFO,78.52,8.5,204.0,24,1198.5847,0.94,Moderate,FMS_MARITIME,2026-04-06
2021-06-11,98,VLSFO,17.64,10.0,240.0,24,228.879,0.96,Calm,FMS_MARITIME,2026-04-06
2021-06-12,98,HFO,81.99,8.2,196.8,24,1297.3418,0.5,Rough,FMS_MARITIME,2026-04-06
2021-06-13,98,MGO,48.12,16.5,396.0,24,378.3982,0.76,Rough,FMS_MARITIME,2026-04-06
2021-06-14,98,MGO,21.29,14.7,352.8,24,187.9168,0.59,Rough,FMS_MARITIME,2026-04-06
2021-06-15,98,LNG,41.08,11.4,273.6,24,467.5553,0.71,Rough,FMS_MARITIME,2026-04-06
2021-06-16,98,LNG,63.49,11.3,271.2,24,729.0113,0.88,Rough,FMS_MARITIME,2026-04-06
2021-06-17,98,MGO,33.13,15.0,360.0,24,286.5745,0.57,Calm,FMS_MARITIME,2026-04-06
2021-06-18,98,LNG,63.53,12.8,307.2,24,643.9857,0.81,Calm,FMS_MARITIME,2026-04-06
2021-06-19,98,LSMGO,19.24,9.5,228.0,24,262.7779,0.53,Moderate,FMS_MARITIME,2026-04-06
2021-06-20,98,VLSFO,18.27,14.4,345.6,24,164.6203,0.41,Rough,FMS_MARITIME,2026-04-06
2021-06-21,98,VLSFO,70.97,9.0,216.0,24,1023.1508,0.95,Rough,FMS_MARITIME,2026-04-06
2021-06-22,98,HFO,19.99,9.6,230.4,24,270.1773,0.9,Calm,FMS_MARITIME,2026-04-06
2021-06-23,98,LSMGO,47.67,14.7,352.8,24,420.7607,0.99,Rough,FMS_MARITIME,2026-04-06
2021-06-24,98,HFO,51.36,16.9,405.6,24,394.3172,0.91,Moderate,FMS_MARITIME,2026-04-06
2021-06-25,98,LSMGO,48.81,8.0,192.0,24,791.6372,0.76,Calm,FMS_MARITIME,2026-04-06
2021-06-26,98,LNG,84.26,9.3,223.2,24,1175.5629,0.66,Rough,FMS_MARITIME,2026-04-06
2021-06-27,98,HFO,84.7,16.2,388.8,24,678.3843,0.55,Rough,FMS_MARITIME,2026-04-06
2021-06-28,98,VLSFO,69.96,14.9,357.6,24,609.2154,0.93,Moderate,FMS_MARITIME,2026-04-06
2021-06-28,98,VLSFO,69.05,15.6,374.4,24,574.3101,1.0,Calm,FMS_MARITIME,2026-04-06
2021-06-28,98,HFO,16.39,11.6,278.4,24,183.3278,0.64,Rough,FMS_MARITIME,2026-04-06
2021-06-01,99,MGO,63.64,10.5,252.0,24,786.4086,0.91,Calm,FMS_MARITIME,2026-04-06
2021-06-02,99,VLSFO,83.46,8.5,204.0,24,1273.9924,0.75,Calm,FMS_MARITIME,2026-04-06
2021-06-03,99,LNG,52.07,12.0,288.0,24,563.0069,0.51,Calm,FMS_MARITIME,2026-04-06
2021-06-04,99,LNG,40.81,12.8,307.2,24,413.6795,0.58,Moderate,FMS_MARITIME,2026-04-06
2021-06-05,99,LNG,57.61,17.4,417.6,24,429.5918,0.64,Moderate,FMS_MARITIME,2026-04-06
2021-06-06,99,HFO,84.1,12.0,288.0,24,909.3312,0.98,Rough,FMS_MARITIME,2026-04-06
2021-06-07,99,VLSFO,52.59,8.5,204.0,24,802.7709,0.55,Rough,FMS_MARITIME,2026-04-06
2021-06-08,99,HFO,77.79,14.0,336.0,24,720.9466,0.69,Moderate,FMS_MARITIME,2026-04-06
2021-06-09,99,LNG,68.89,14.4,345.6,24,620.7276,0.76,Moderate,FMS_MARITIME,2026-04-06
2021-06-10,99,HFO,36.47,9.1,218.4,24,519.9981,0.76,Rough,FMS_MARITIME,2026-04-06
2021-06-11,99,HFO,37.51,11.6,278.4,24,419.5623,0.96,Moderate,FMS_MARITIME,2026-04-06
2021-06-12,99,HFO,64.97,17.3,415.2,24,487.275,0.44,Rough,FMS_MARITIME,2026-04-06
2021-06-13,99,MGO,65.94,9.4,225.6,24,910.1824,0.62,Calm,FMS_MARITIME,2026-04-06
2021-06-14,99,MGO,39.06,17.3,415.2,24,292.95,0.61,Moderate,FMS_MARITIME,2026-04-06
2021-06-15,99,LNG,32.45,16.1,386.4,24,261.5148,0.8,Rough,FMS_MARITIME,2026-04-06
2021-06-16,99,VLSFO,74.99,13.1,314.4,24,742.7445,0.7,Calm,FMS_MARITIME,2026-04-06
2021-06-17,99,LNG,72.17,8.6,206.4,24,1088.8439,0.86,Rough,FMS_MARITIME,2026-04-06
2021-06-18,99,LNG,65.19,12.8,307.2,24,660.8127,0.67,Moderate,FMS_MARITIME,2026-04-06
2021-06-19,99,LNG,35.24,14.3,343.2,24,319.7476,0.6,Moderate,FMS_MARITIME,2026-04-06
2021-06-20,99,HFO,47.32,8.6,206.4,24,713.9267,0.74,Calm,FMS_MARITIME,2026-04-06
2021-06-21,99,HFO,29.33,13.4,321.6,24,283.9976,0.83,Moderate,FMS_MARITIME,2026-04-06
2021-06-22,99,HFO,18.17,17.6,422.4,24,133.9521,0.57,Calm,FMS_MARITIME,2026-04-06
2021-06-23,99,LSMGO,19.06,16.2,388.8,24,152.6565,0.69,Rough,FMS_MARITIME,2026-04-06
2021-06-24,99,LNG,54.53,13.4,321.6,24,528.005,0.77,Rough,FMS_MARITIME,2026-04-06
2021-06-25,99,HFO,39.75,12.1,290.4,24,426.2448,0.95,Moderate,FMS_MARITIME,2026-04-06
2021-06-26,99,VLSFO,74.53,10.5,252.0,24,920.9779,0.62,Moderate,FMS_MARITIME,2026-04-06
2021-06-27,99,LSMGO,44.12,10.8,259.2,24,530.0528,0.95,Rough,FMS_MARITIME,2026-04-06
2021-06-28,99,LNG,74.51,16.1,386.4,24,600.4766,0.51,Calm,FMS_MARITIME,2026-04-06
2021-06-28,99,HFO,34.54,17.9,429.6,24,250.3668,0.95,Rough,FMS_MARITIME,2026-04-06
2021-06-28,99,LNG,20.2,14.6,350.4,24,179.5171,0.61,Moderate,FMS_MARITIME,2026-04-06
2021-06-01,100,LSMGO,77.18,10.3,247.2,24,972.2432,0.84,Calm,FMS_MARITIME,2026-04-06
2021-06-02,100,LNG,25.81,16.1,386.4,24,208.003,0.97,Rough,FMS_MARITIME,2026-04-06
2021-06-03,100,MGO,60.34,12.8,307.2,24,611.6496,0.43,Rough,FMS_MARITIME,2026-04-06
2021-06-04,100,HFO,61.45,13.8,331.2,24,577.7636,0.54,Calm,FMS_MARITIME,2026-04-06
2021-06-05,100,MGO,44.86,8.8,211.2,24,661.4301,0.86,Rough,FMS_MARITIME,2026-04-06
2021-06-06,100,MGO,16.34,14.1,338.4,24,150.3628,0.97,Rough,FMS_MARITIME,2026-04-06
2021-06-07,100,MGO,24.2,14.9,357.6,24,210.7349,0.68,Calm,FMS_MARITIME,2026-04-06
2021-06-08,100,LSMGO,83.47,14.1,338.4,24,768.1016,0.62,Rough,FMS_MARITIME,2026-04-06
2021-06-09,100,LSMGO,79.08,9.3,223.2,24,1103.2935,0.58,Calm,FMS_MARITIME,2026-04-06
2021-06-10,100,LNG,60.02,13.3,319.2,24,585.5335,0.77,Rough,FMS_MARITIME,2026-04-06
2021-06-11,100,LSMGO,27.03,10.8,259.2,24,324.7354,0.88,Calm,FMS_MARITIME,2026-04-06
2021-06-12,100,LSMGO,70.97,17.5,420.0,24,526.1919,0.46,Rough,FMS_MARITIME,2026-04-06
2021-06-13,100,LSMGO,38.08,12.1,290.4,24,408.3372,0.67,Rough,FMS_MARITIME,2026-04-06
2021-06-14,100,MGO,78.05,12.6,302.4,24,803.7292,0.79,Rough,FMS_MARITIME,2026-04-06
2021-06-15,100,MGO,30.85,16.3,391.2,24,245.5698,0.82,Moderate,FMS_MARITIME,2026-04-06
2021-06-16,100,VLSFO,45.32,12.6,302.4,24,466.6881,0.7,Moderate,FMS_MARITIME,2026-04-06
2021-06-17,100,MGO,80.3,11.1,266.4,24,938.6419,0.82,Rough,FMS_MARITIME,2026-04-06
2021-06-18,100,LNG,70.63,11.7,280.8,24,783.2686,0.69,Moderate,FMS_MARITIME,2026-04-06
2021-06-19,100,VLSFO,51.9,11.4,273.6,24,590.7039,0.66,Calm,FMS_MARITIME,2026-04-06
2021-06-20,100,MGO,18.1,11.1,266.4,24,211.5743,0.72,Moderate,FMS_MARITIME,2026-04-06
2021-06-21,100,HFO,26.16,15.4,369.6,24,220.4065,0.59,Moderate,FMS_MARITIME,2026-04-06
2021-06-22,100,HFO,30.72,11.4,273.6,24,349.6421,0.74,Calm,FMS_MARITIME,2026-04-06
2021-06-23,100,VLSFO,66.02,16.5,396.0,24,519.1573,0.93,Calm,FMS_MARITIME,2026-04-06
2021-06-24,100,HFO,48.78,14.9,357.6,24,424.7789,0.86,Calm,FMS_MARITIME,2026-04-06
2021-06-25,100,HFO,80.06,17.9,429.6,24,580.3232,0.99,Moderate,FMS_MARITIME,2026-04-06
2021-06-26,100,VLSFO,16.43,14.3,343.2,24,149.0764,0.47,Moderate,FMS_MARITIME,2026-04-06
2021-06-27,100,VLSFO,50.25,12.7,304.8,24,513.3809,0.72,Calm,FMS_MARITIME,2026-04-06
2021-06-28,100,MGO,59.99,18.0,432.0,24,432.4279,0.6,Moderate,FMS_MARITIME,2026-04-06
2021-06-28,100,HFO,61.44,14.4,345.6,24,553.6,0.67,Calm,FMS_MARITIME,2026-04-06
2021-06-28,100,VLSFO,73.52,10.7,256.8,24,891.5159,0.64,Moderate,FMS_MARITIME,2026-04-06
2021-06-01,101,LSMGO,59.4,14.7,352.8,24,524.2959,0.41,Rough,FMS_MARITIME,2026-04-06
2021-06-02,101,LNG,58.05,8.9,213.6,24,846.2907,0.5,Moderate,FMS_MARITIME,2026-04-06
2021-06-03,101,LSMGO,59.08,14.4,345.6,24,532.3354,0.81,Calm,FMS_MARITIME,2026-04-06
2021-06-04,101,LNG,65.67,12.2,292.8,24,698.4166,0.65,Calm,FMS_MARITIME,2026-04-06
2021-06-05,101,LNG,36.31,15.1,362.4,24,312.0015,0.41,Calm,FMS_MARITIME,2026-04-06
2021-06-06,101,LNG,22.62,8.3,199.2,24,353.6078,0.7,Rough,FMS_MARITIME,2026-04-06
2021-06-07,101,LSMGO,48.48,12.4,297.6,24,507.2806,0.64,Calm,FMS_MARITIME,2026-04-06
2021-06-08,101,VLSFO,20.62,12.5,300.0,24,214.0356,0.74,Rough,FMS_MARITIME,2026-04-06
2021-06-09,101,MGO,45.72,11.8,283.2,24,502.7263,0.91,Calm,FMS_MARITIME,2026-04-06
2021-06-10,101,MGO,74.17,14.3,343.2,24,672.976,0.8,Calm,FMS_MARITIME,2026-04-06
2021-06-11,101,HFO,35.9,17.6,422.4,24,264.6605,0.85,Moderate,FMS_MARITIME,2026-04-06
2021-06-12,101,HFO,44.18,9.3,223.2,24,616.3823,0.45,Rough,FMS_MARITIME,2026-04-06
2021-06-13,101,HFO,42.1,10.7,256.8,24,510.5117,0.62,Moderate,FMS_MARITIME,2026-04-06
2021-06-14,101,MGO,37.06,14.6,350.4,24,329.3517,0.76,Calm,FMS_MARITIME,2026-04-06
2021-06-15,101,LSMGO,26.48,15.6,374.4,24,220.2423,0.72,Rough,FMS_MARITIME,2026-04-06
2021-06-16,101,MGO,59.8,14.6,350.4,24,531.4418,0.87,Moderate,FMS_MARITIME,2026-04-06
2021-06-17,101,LSMGO,26.85,13.6,326.4,24,256.1608,0.57,Calm,FMS_MARITIME,2026-04-06
2021-06-18,101,MGO,25.67,9.0,216.0,24,370.0758,0.96,Moderate,FMS_MARITIME,2026-04-06
2021-06-19,101,LSMGO,45.41,13.5,324.0,24,436.4406,0.79,Moderate,FMS_MARITIME,2026-04-06
2021-06-20,101,VLSFO,62.18,8.4,201.6,24,960.4589,0.42,Calm,FMS_MARITIME,2026-04-06
2021-06-21,101,LNG,77.35,18.0,432.0,24,557.5646,0.97,Calm,FMS_MARITIME,2026-04-06
2021-06-22,101,VLSFO,52.79,16.7,400.8,24,410.1499,0.9,Rough,FMS_MARITIME,2026-04-06
2021-06-23,101,LNG,55.56,13.8,331.2,24,522.3848,0.78,Rough,FMS_MARITIME,2026-04-06
2021-06-24,101,HFO,69.51,15.4,369.6,24,585.6443,0.43,Moderate,FMS_MARITIME,2026-04-06
2021-06-25,101,HFO,30.21,12.4,297.6,24,316.1087,0.63,Calm,FMS_MARITIME,2026-04-06
2021-06-26,101,LSMGO,66.19,15.8,379.2,24,543.554,0.88,Moderate,FMS_MARITIME,2026-04-06
2021-06-27,101,MGO,65.84,11.1,266.4,24,769.6162,0.62,Calm,FMS_MARITIME,2026-04-06
2021-06-28,101,HFO,71.66,13.0,312.0,24,715.2219,0.77,Rough,FMS_MARITIME,2026-04-06
2021-06-28,101,HFO,79.8,13.2,316.8,24,784.3977,0.84,Rough,FMS_MARITIME,2026-04-06
2021-06-28,101,LNG,56.57,13.0,312.0,24,564.6121,0.66,Moderate,FMS_MARITIME,2026-04-06
2021-06-01,102,LSMGO,46.88,16.0,384.0,24,380.1675,0.87,Moderate,FMS_MARITIME,2026-04-06
2021-06-02,102,VLSFO,20.53,8.1,194.4,24,328.8602,0.5,Rough,FMS_MARITIME,2026-04-06
2021-06-03,102,LSMGO,67.73,15.6,374.4,24,563.3313,0.79,Rough,FMS_MARITIME,2026-04-06
2021-06-04,102,LNG,69.2,8.1,194.4,24,1108.4815,0.61,Calm,FMS_MARITIME,2026-04-06
2021-06-05,102,VLSFO,17.18,15.6,374.4,24,142.8913,0.47,Calm,FMS_MARITIME,2026-04-06
2021-06-06,102,VLSFO,30.49,17.7,424.8,24,223.5072,0.73,Calm,FMS_MARITIME,2026-04-06
2021-06-07,102,LSMGO,52.65,13.6,326.4,24,502.3042,0.58,Rough,FMS_MARITIME,2026-04-06
2021-06-08,102,LSMGO,23.13,10.6,254.4,24,283.1243,0.5,Rough,FMS_MARITIME,2026-04-06
2021-06-09,102,VLSFO,82.02,13.3,319.2,24,800.1575,0.67,Calm,FMS_MARITIME,2026-04-06
2021-06-10,102,MGO,71.77,16.2,388.8,24,574.8245,0.73,Moderate,FMS_MARITIME,2026-04-06
2021-06-11,102,HFO,35.08,9.2,220.8,24,494.7424,0.41,Rough,FMS_MARITIME,2026-04-06
2021-06-12,102,HFO,57.62,11.8,283.2,24,633.5758,0.59,Rough,FMS_MARITIME,2026-04-06
2021-06-13,102,MGO,25.13,15.5,372.0,24,210.3624,0.52,Rough,FMS_MARITIME,2026-04-06
2021-06-14,102,LSMGO,16.33,16.6,398.4,24,127.6396,0.8,Calm,FMS_MARITIME,2026-04-06
2021-06-15,102,LNG,45.83,10.8,259.2,24,550.5965,0.64,Calm,FMS_MARITIME,2026-04-06
2021-06-16,102,MGO,57.42,15.0,360.0,24,496.683,0.72,Moderate,FMS_MARITIME,2026-04-06
2021-06-17,102,LSMGO,75.52,17.0,408.0,24,576.3953,0.82,Moderate,FMS_MARITIME,2026-04-06
2021-06-18,102,LSMGO,46.65,11.0,264.0,24,550.258,0.85,Moderate,FMS_MARITIME,2026-04-06
2021-06-19,102,MGO,23.99,9.7,232.8,24,320.8972,0.71,Calm,FMS_MARITIME,2026-04-06
2021-06-20,102,LNG,42.56,9.1,218.4,24,606.8308,0.74,Rough,FMS_MARITIME,2026-04-06
2021-06-21,102,LNG,41.56,16.1,386.4,24,334.9323,0.86,Moderate,FMS_MARITIME,2026-04-06
2021-06-22,102,MGO,38.85,15.6,374.4,24,323.1274,0.91,Rough,FMS_MARITIME,2026-04-06
2021-06-23,102,LNG,38.88,15.3,367.2,24,329.7176,0.8,Calm,FMS_MARITIME,2026-04-06
2021-06-24,102,VLSFO,45.87,11.4,273.6,24,522.073,0.53,Moderate,FMS_MARITIME,2026-04-06
2021-06-25,102,VLSFO,69.29,9.4,225.6,24,956.4231,0.93,Rough,FMS_MARITIME,2026-04-06
2021-06-26,102,HFO,18.81,11.1,266.4,24,219.8736,0.71,Moderate,FMS_MARITIME,2026-04-06
2021-06-27,102,LNG,68.72,10.1,242.4,24,882.8139,0.44,Moderate,FMS_MARITIME,2026-04-06
2021-06-28,102,VLSFO,46.42,13.6,326.4,24,442.8673,0.6,Moderate,FMS_MARITIME,2026-04-06
2021-06-28,102,VLSFO,28.68,9.8,235.2,24,379.7173,0.91,Moderate,FMS_MARITIME,2026-04-06
2021-06-28,102,VLSFO,63.33,12.3,295.2,24,668.0543,0.94,Rough,FMS_MARITIME,2026-04-06
2021-06-01,103,LSMGO,39.95,9.3,223.2,24,557.3669,0.83,Rough,FMS_MARITIME,2026-04-06
2021-06-02,103,MGO,59.02,11.5,276.0,24,665.8996,0.43,Moderate,FMS_MARITIME,2026-04-06
2021-06-03,103,LNG,60.23,17.0,408.0,24,459.6966,0.82,Rough,FMS_MARITIME,2026-04-06
2021-06-04,103,MGO,61.75,8.6,206.4,24,931.6352,0.47,Rough,FMS_MARITIME,2026-04-06
2021-06-05,103,LSMGO,54.34,15.6,374.4,24,451.9625,0.78,Rough,FMS_MARITIME,2026-04-06
2021-06-06,103,HFO,53.79,17.9,429.6,24,389.9024,0.42,Rough,FMS_MARITIME,2026-04-06
2021-06-07,103,LNG,37.78,18.0,432.0,24,272.3308,0.49,Calm,FMS_MARITIME,2026-04-06
2021-06-08,103,MGO,49.79,9.2,220.8,24,702.2014,0.81,Calm,FMS_MARITIME,2026-04-06
2021-06-09,103,MGO,84.67,14.8,355.2,24,742.2927,0.67,Moderate,FMS_MARITIME,2026-04-06
2021-06-10,103,LNG,17.32,10.2,244.8,24,220.3206,0.66,Rough,FMS_MARITIME,2026-04-06
2021-06-11,103,LSMGO,57.8,16.7,400.8,24,449.0749,0.81,Rough,FMS_MARITIME,2026-04-06
2021-06-12,103,MGO,52.61,12.7,304.8,24,537.4919,0.77,Calm,FMS_MARITIME,2026-04-06
2021-06-13,103,LSMGO,77.61,16.5,396.0,24,610.2968,0.48,Rough,FMS_MARITIME,2026-04-06
2021-06-14,103,LSMGO,49.42,15.3,367.2,24,419.101,0.54,Rough,FMS_MARITIME,2026-04-06
2021-06-15,103,MGO,63.39,16.6,398.4,24,495.473,0.9,Rough,FMS_MARITIME,2026-04-06
2021-06-16,103,HFO,65.76,16.6,398.4,24,513.9976,0.55,Moderate,FMS_MARITIME,2026-04-06
2021-06-17,103,LNG,60.98,17.7,424.8,24,447.0144,0.91,Rough,FMS_MARITIME,2026-04-06
2021-06-18,103,HFO,48.31,12.0,288.0,24,522.3519,0.81,Rough,FMS_MARITIME,2026-04-06
2021-06-19,103,LSMGO,33.09,14.4,345.6,24,298.1547,0.6,Calm,FMS_MARITIME,2026-04-06
2021-06-20,103,LSMGO,25.4,13.9,333.6,24,237.0971,0.4,Calm,FMS_MARITIME,2026-04-06
2021-06-21,103,HFO,17.9,12.1,290.4,24,191.9442,0.62,Calm,FMS_MARITIME,2026-04-06
2021-06-22,103,LNG,75.73,9.8,235.2,24,1002.6497,0.91,Rough,FMS_MARITIME,2026-04-06
2021-06-23,103,LSMGO,62.31,11.1,266.4,24,728.3534,0.46,Rough,FMS_MARITIME,2026-04-06
2021-06-24,103,LSMGO,66.37,10.8,259.2,24,797.3618,0.47,Moderate,FMS_MARITIME,2026-04-06
2021-06-25,103,MGO,81.79,9.9,237.6,24,1071.9447,0.98,Calm,FMS_MARITIME,2026-04-06
2021-06-26,103,LNG,49.26,9.3,223.2,24,687.2565,0.57,Rough,FMS_MARITIME,2026-04-06
2021-06-27,103,MGO,62.62,11.9,285.6,24,682.7685,0.61,Moderate,FMS_MARITIME,2026-04-06
2021-06-28,103,LNG,33.76,13.2,316.8,24,331.8455,0.73,Calm,FMS_MARITIME,2026-04-06
2021-06-28,103,HFO,65.44,10.1,242.4,24,840.6772,0.72,Rough,FMS_MARITIME,2026-04-06
2021-06-28,103,VLSFO,64.66,11.3,271.2,24,742.4456,0.88,Moderate,FMS_MARITIME,2026-04-06
2021-06-01,104,LSMGO,46.1,12.5,300.0,24,478.518,0.74,Moderate,FMS_MARITIME,2026-04-06
2021-06-02,104,LSMGO,29.03,14.8,355.2,24,254.5029,0.57,Moderate,FMS_MARITIME,2026-04-06
2021-06-03,104,HFO,71.76,17.5,420.0,24,532.0491,0.7,Calm,FMS_MARITIME,2026-04-06
2021-06-04,104,HFO,44.73,17.4,417.6,24,333.547,0.61,Calm,FMS_MARITIME,2026-04-06
2021-06-05,104,HFO,55.62,10.3,247.2,24,700.65,0.47,Moderate,FMS_MARITIME,2026-04-06
2021-06-06,104,HFO,20.23,8.3,199.2,24,316.2461,0.5,Rough,FMS_MARITIME,2026-04-06
2021-06-07,104,HFO,36.28,8.8,211.2,24,534.9239,0.52,Moderate,FMS_MARITIME,2026-04-06
2021-06-08,104,HFO,49.96,14.6,350.4,24,443.9938,0.97,Moderate,FMS_MARITIME,2026-04-06
2021-06-09,104,LNG,34.65,8.5,204.0,24,528.9221,0.57,Calm,FMS_MARITIME,2026-04-06
2021-06-10,104,LNG,39.32,11.4,273.6,24,447.5237,0.84,Rough,FMS_MARITIME,2026-04-06
2021-06-11,104,MGO,74.07,17.4,417.6,24,552.3323,0.89,Rough,FMS_MARITIME,2026-04-06
2021-06-12,104,HFO,17.08,17.2,412.8,24,128.8448,0.98,Rough,FMS_MARITIME,2026-04-06
2021-06-13,104,HFO,59.93,9.1,218.4,24,854.4964,0.49,Moderate,FMS_MARITIME,2026-04-06
2021-06-14,104,VLSFO,60.01,9.4,225.6,24,828.3295,0.65,Calm,FMS_MARITIME,2026-04-06
2021-06-15,104,MGO,32.83,8.7,208.8,24,489.6198,0.66,Calm,FMS_MARITIME,2026-04-06
2021-06-16,104,MGO,43.45,12.6,302.4,24,447.4315,0.43,Calm,FMS_MARITIME,2026-04-06
2021-06-17,104,MGO,45.01,15.5,372.0,24,376.7773,0.4,Calm,FMS_MARITIME,2026-04-06
2021-06-18,104,LNG,55.98,16.7,400.8,24,434.9344,0.64,Calm,FMS_MARITIME,2026-04-06
2021-06-19,104,MGO,28.19,12.2,292.8,24,299.8076,0.91,Moderate,FMS_MARITIME,2026-04-06
2021-06-20,104,VLSFO,18.11,14.1,338.4,24,166.6505,0.63,Moderate,FMS_MARITIME,2026-04-06
2021-06-21,104,VLSFO,75.88,10.3,247.2,24,955.867,0.78,Calm,FMS_MARITIME,2026-04-06
2021-06-22,104,VLSFO,63.75,14.7,352.8,24,562.6913,0.55,Rough,FMS_MARITIME,2026-04-06
2021-06-23,104,VLSFO,84.66,11.7,280.8,24,938.8577,0.88,Calm,FMS_MARITIME,2026-04-06
2021-06-24,104,HFO,40.5,13.5,324.0,24,389.25,0.65,Calm,FMS_MARITIME,2026-04-06
2021-06-25,104,MGO,56.06,11.1,266.4,24,655.2959,1.0,Calm,FMS_MARITIME,2026-04-06
2021-06-26,104,MGO,83.03,16.6,398.4,24,648.9845,0.66,Rough,FMS_MARITIME,2026-04-06
2021-06-27,104,VLSFO,35.5,16.4,393.6,24,280.8613,0.47,Moderate,FMS_MARITIME,2026-04-06
2021-06-28,104,LSMGO,72.8,16.6,398.4,24,569.0241,1.0,Rough,FMS_MARITIME,2026-04-06
2021-06-28,104,LSMGO,24.08,12.1,290.4,24,258.2132,0.77,Rough,FMS_MARITIME,2026-04-06
2021-06-28,104,HFO,71.88,10.9,261.6,24,855.6358,0.55,Moderate,FMS_MARITIME,2026-04-06
2021-06-01,105,MGO,69.58,11.2,268.8,24,806.0719,0.94,Rough,FMS_MARITIME,2026-04-06
2021-06-02,105,MGO,82.44,8.2,196.8,24,1304.4622,0.73,Calm,FMS_MARITIME,2026-04-06
2021-06-03,105,LNG,62.14,10.8,259.2,24,746.5431,0.47,Rough,FMS_MARITIME,2026-04-06
2021-06-04,105,MGO,83.72,11.5,276.0,24,944.58,0.74,Calm,FMS_MARITIME,2026-04-06
2021-06-05,105,HFO,56.87,17.6,422.4,24,419.2547,0.83,Moderate,FMS_MARITIME,2026-04-06
2021-06-06,105,LSMGO,67.17,15.1,362.4,24,577.1727,0.52,Moderate,FMS_MARITIME,2026-04-06
2021-06-07,105,LNG,80.03,15.2,364.8,24,683.1508,0.52,Moderate,FMS_MARITIME,2026-04-06
2021-06-08,105,LNG,36.21,13.0,312.0,24,361.4037,0.61,Moderate,FMS_MARITIME,2026-04-06
2021-06-09,105,LSMGO,80.78,10.3,247.2,24,1017.5927,0.66,Calm,FMS_MARITIME,2026-04-06
2021-06-10,105,MGO,60.27,11.4,273.6,24,685.9678,0.8,Rough,FMS_MARITIME,2026-04-06
2021-06-11,105,LSMGO,78.15,16.4,393.6,24,618.2904,0.57,Moderate,FMS_MARITIME,2026-04-06
2021-06-12,105,HFO,66.2,14.8,355.2,24,580.3682,0.96,Moderate,FMS_MARITIME,2026-04-06
2021-06-13,105,HFO,54.38,11.9,285.6,24,592.9248,0.7,Moderate,FMS_MARITIME,2026-04-06
2021-06-14,105,LNG,61.17,10.3,247.2,24,770.5638,0.66,Moderate,FMS_MARITIME,2026-04-06
2021-06-15,105,VLSFO,35.89,12.7,304.8,24,366.6715,0.6,Moderate,FMS_MARITIME,2026-04-06
2021-06-16,105,MGO,73.06,10.2,244.8,24,929.3662,0.68,Moderate,FMS_MARITIME,2026-04-06
2021-06-17,105,LSMGO,40.66,17.5,420.0,24,301.4649,0.82,Moderate,FMS_MARITIME,2026-04-06
2021-06-18,105,LSMGO,42.73,13.2,316.8,24,420.0165,0.86,Rough,FMS_MARITIME,2026-04-06
2021-06-19,105,LSMGO,56.31,9.5,228.0,24,769.0761,0.82,Moderate,FMS_MARITIME,2026-04-06
2021-06-20,105,LSMGO,37.91,8.7,208.8,24,565.3819,0.96,Moderate,FMS_MARITIME,2026-04-06
2021-06-21,105,LSMGO,79.42,17.0,408.0,24,606.1615,0.86,Calm,FMS_MARITIME,2026-04-06
2021-06-22,105,HFO,58.01,17.1,410.4,24,440.1636,0.65,Moderate,FMS_MARITIME,2026-04-06
2021-06-23,105,MGO,21.85,12.2,292.8,24,232.3801,0.61,Rough,FMS_MARITIME,2026-04-06
2021-06-24,105,LNG,18.82,11.5,276.0,24,212.3387,0.75,Moderate,FMS_MARITIME,2026-04-06
2021-06-25,105,LSMGO,75.42,13.2,316.8,24,741.3443,0.83,Rough,FMS_MARITIME,2026-04-06
2021-06-26,105,LSMGO,77.78,11.3,271.2,24,893.0934,0.9,Calm,FMS_MARITIME,2026-04-06
2021-06-27,105,VLSFO,41.64,13.3,319.2,24,406.2248,0.84,Moderate,FMS_MARITIME,2026-04-06
2021-06-28,105,LSMGO,62.68,15.2,364.8,24,535.048,0.49,Moderate,FMS_MARITIME,2026-04-06
2021-06-28,105,LSMGO,38.65,12.7,304.8,24,394.8691,0.84,Rough,FMS_MARITIME,2026-04-06
2021-06-28,105,HFO,82.95,16.5,396.0,24,652.2886,0.74,Rough,FMS_MARITIME,2026-04-06
2021-06-01,106,LSMGO,69.42,13.4,321.6,24,672.1825,0.75,Rough,FMS_MARITIME,2026-04-06
2021-06-02,106,MGO,76.94,12.7,304.8,24,786.0602,0.88,Rough,FMS_MARITIME,2026-04-06
2021-06-03,106,LSMGO,63.77,16.7,400.8,24,495.4585,0.64,Moderate,FMS_MARITIME,2026-04-06
2021-06-04,106,LNG,35.57,11.1,266.4,24,415.7845,0.76,Calm,FMS_MARITIME,2026-04-06
2021-06-05,106,MGO,37.24,12.0,288.0,24,402.6575,0.96,Moderate,FMS_MARITIME,2026-04-06
2021-06-06,106,LNG,59.64,10.5,252.0,24,736.98,0.72,Moderate,FMS_MARITIME,2026-04-06
2021-06-07,106,LSMGO,67.44,9.1,218.4,24,961.5758,0.71,Calm,FMS_MARITIME,2026-04-06
2021-06-08,106,MGO,64.8,17.3,415.2,24,486.0,0.62,Calm,FMS_MARITIME,2026-04-06
2021-06-09,106,MGO,43.97,17.3,415.2,24,329.775,0.52,Moderate,FMS_MARITIME,2026-04-06
2021-06-10,106,HFO,55.72,9.0,216.0,24,803.2967,0.69,Moderate,FMS_MARITIME,2026-04-06
2021-06-11,106,MGO,23.78,15.8,379.2,24,195.282,0.94,Rough,FMS_MARITIME,2026-04-06
2021-06-12,106,LSMGO,28.33,9.3,223.2,24,395.2492,0.68,Moderate,FMS_MARITIME,2026-04-06
2021-06-13,106,HFO,48.31,9.0,216.0,24,696.4692,0.44,Moderate,FMS_MARITIME,2026-04-06
2021-06-14,106,LNG,77.3,11.8,283.2,24,849.9725,0.98,Moderate,FMS_MARITIME,2026-04-06
2021-06-15,106,HFO,17.07,8.5,204.0,24,260.5685,0.63,Rough,FMS_MARITIME,2026-04-06
2021-06-16,106,MGO,65.7,17.5,420.0,24,487.1186,0.49,Rough,FMS_MARITIME,2026-04-06
2021-06-17,106,HFO,52.88,16.8,403.2,24,408.4036,0.96,Moderate,FMS_MARITIME,2026-04-06
2021-06-18,106,LNG,15.57,11.8,283.2,24,171.204,0.76,Calm,FMS_MARITIME,2026-04-06
2021-06-19,106,VLSFO,53.23,17.5,420.0,24,394.6624,0.64,Moderate,FMS_MARITIME,2026-04-06
2021-06-20,106,VLSFO,23.88,13.5,324.0,24,229.5133,0.64,Calm,FMS_MARITIME,2026-04-06
2021-06-21,106,LSMGO,50.97,13.6,326.4,24,486.2763,0.94,Calm,FMS_MARITIME,2026-04-06
2021-06-22,106,VLSFO,34.63,15.4,369.6,24,291.769,0.92,Calm,FMS_MARITIME,2026-04-06
2021-06-23,106,LSMGO,33.51,9.6,230.4,24,452.9086,0.76,Rough,FMS_MARITIME,2026-04-06
2021-06-24,106,VLSFO,78.37,8.3,199.2,24,1225.1214,0.52,Moderate,FMS_MARITIME,2026-04-06
2021-06-25,106,VLSFO,41.61,12.4,297.6,24,435.395,0.53,Rough,FMS_MARITIME,2026-04-06
2021-06-26,106,HFO,28.41,11.0,264.0,24,335.1089,0.71,Moderate,FMS_MARITIME,2026-04-06
2021-06-27,106,MGO,25.44,12.0,288.0,24,275.07,0.79,Moderate,FMS_MARITIME,2026-04-06
2021-06-28,106,HFO,34.33,15.5,372.0,24,287.3753,0.88,Moderate,FMS_MARITIME,2026-04-06
2021-06-28,106,VLSFO,56.71,10.6,254.4,24,694.1625,0.84,Moderate,FMS_MARITIME,2026-04-06
2021-06-28,106,VLSFO,58.65,10.8,259.2,24,704.6146,0.6,Rough,FMS_MARITIME,2026-04-06
2021-06-01,107,LNG,29.36,16.9,405.6,24,225.4118,0.84,Moderate,FMS_MARITIME,2026-04-06
2021-06-02,107,LSMGO,47.71,12.2,292.8,24,507.4076,0.81,Moderate,FMS_MARITIME,2026-04-06
2021-06-03,107,MGO,51.72,10.4,249.6,24,645.2567,0.47,Rough,FMS_MARITIME,2026-04-06
2021-06-04,107,LSMGO,39.21,17.0,408.0,24,299.2646,0.96,Moderate,FMS_MARITIME,2026-04-06
2021-06-05,107,VLSFO,17.64,17.5,420.0,24,130.788,0.8,Calm,FMS_MARITIME,2026-04-06
2021-06-06,107,LNG,61.12,9.3,223.2,24,852.7226,0.6,Moderate,FMS_MARITIME,2026-04-06
2021-06-07,107,LSMGO,24.82,17.1,410.4,24,188.3272,0.67,Moderate,FMS_MARITIME,2026-04-06
2021-06-08,107,VLSFO,75.5,10.0,240.0,24,979.6125,0.85,Calm,FMS_MARITIME,2026-04-06
2021-06-09,107,LNG,31.48,11.6,278.4,24,352.1147,0.98,Calm,FMS_MARITIME,2026-04-06
2021-06-10,107,VLSFO,72.76,11.1,266.4,24,850.5054,0.68,Rough,FMS_MARITIME,2026-04-06
2021-06-11,107,HFO,41.45,14.5,348.0,24,370.906,0.57,Moderate,FMS_MARITIME,2026-04-06
2021-06-12,107,VLSFO,25.91,16.8,403.2,24,200.1085,0.72,Calm,FMS_MARITIME,2026-04-06
2021-06-13,107,LSMGO,36.43,14.7,352.8,24,321.5505,0.45,Calm,FMS_MARITIME,2026-04-06
2021-06-14,107,HFO,54.17,10.1,242.4,24,695.8968,0.47,Calm,FMS_MARITIME,2026-04-06
2021-06-15,107,MGO,35.99,8.1,194.4,24,576.5065,0.57,Rough,FMS_MARITIME,2026-04-06
2021-06-16,107,MGO,66.08,14.4,345.6,24,595.4083,0.53,Rough,FMS_MARITIME,2026-04-06
2021-06-17,107,LSMGO,19.3,11.9,285.6,24,210.4349,0.6,Moderate,FMS_MARITIME,2026-04-06
2021-06-18,107,LNG,37.59,11.5,276.0,24,424.1133,0.71,Calm,FMS_MARITIME,2026-04-06
2021-06-19,107,LSMGO,49.52,8.1,194.4,24,793.237,0.45,Moderate,FMS_MARITIME,2026-04-06
2021-06-20,107,LSMGO,15.15,11.7,280.8,24,168.0096,0.93,Moderate,FMS_MARITIME,2026-04-06
2021-06-21,107,LSMGO,32.12,16.9,405.6,24,246.6018,0.46,Calm,FMS_MARITIME,2026-04-06
2021-06-22,107,HFO,22.75,10.4,249.6,24,283.8281,0.61,Rough,FMS_MARITIME,2026-04-06
2021-06-23,107,VLSFO,59.74,13.7,328.8,24,565.7858,0.53,Rough,FMS_MARITIME,2026-04-06
2021-06-24,107,LNG,16.13,14.6,350.4,24,143.3471,0.5,Rough,FMS_MARITIME,2026-04-06
2021-06-25,107,LSMGO,26.34,10.6,254.4,24,322.4165,0.44,Rough,FMS_MARITIME,2026-04-06
2021-06-26,107,LNG,61.53,17.4,417.6,24,458.8228,0.92,Moderate,FMS_MARITIME,2026-04-06
2021-06-27,107,MGO,15.51,8.3,199.2,24,242.4605,0.95,Moderate,FMS_MARITIME,2026-04-06
2021-06-28,107,HFO,73.83,8.5,204.0,24,1126.9932,0.71,Moderate,FMS_MARITIME,2026-04-06
2021-06-28,107,MGO,67.94,17.7,424.8,24,498.0347,0.9,Moderate,FMS_MARITIME,2026-04-06
2021-06-28,107,VLSFO,17.49,10.2,244.8,24,222.4831,0.83,Moderate,FMS_MARITIME,2026-04-06
2021-06-01,108,LNG,81.67,17.9,429.6,24,591.9934,0.63,Rough,FMS_MARITIME,2026-04-06
2021-06-02,108,LSMGO,75.56,17.5,420.0,24,560.2234,0.53,Moderate,FMS_MARITIME,2026-04-06
2021-06-03,108,MGO,29.54,11.3,271.2,24,339.1872,0.82,Moderate,FMS_MARITIME,2026-04-06
2021-06-04,108,HFO,64.05,11.1,266.4,24,748.6926,0.56,Moderate,FMS_MARITIME,2026-04-06
2021-06-05,108,HFO,78.34,9.5,228.0,24,1069.9595,0.94,Moderate,FMS_MARITIME,2026-04-06
2021-06-06,108,HFO,55.63,11.0,264.0,24,656.1811,0.97,Moderate,FMS_MARITIME,2026-04-06
2021-06-07,108,LSMGO,80.46,8.2,196.8,24,1273.1323,0.56,Calm,FMS_MARITIME,2026-04-06
2021-06-08,108,LSMGO,74.38,15.3,367.2,24,630.7716,0.83,Moderate,FMS_MARITIME,2026-04-06
2021-06-09,108,LSMGO,27.43,13.7,328.8,24,259.7841,0.78,Rough,FMS_MARITIME,2026-04-06
2021-06-10,108,VLSFO,20.6,15.9,381.6,24,168.1038,0.72,Moderate,FMS_MARITIME,2026-04-06
2021-06-11,108,MGO,52.41,12.0,288.0,24,566.6831,0.54,Rough,FMS_MARITIME,2026-04-06
2021-06-12,108,LNG,31.68,15.0,360.0,24,274.032,0.79,Calm,FMS_MARITIME,2026-04-06
2021-06-13,108,LNG,36.87,16.8,403.2,24,284.7549,0.86,Rough,FMS_MARITIME,2026-04-06
2021-06-14,108,MGO,37.15,11.4,273.6,24,422.8257,0.92,Calm,FMS_MARITIME,2026-04-06
2021-06-15,108,HFO,27.48,11.9,285.6,24,299.6244,0.92,Calm,FMS_MARITIME,2026-04-06
2021-06-16,108,LSMGO,61.46,13.2,316.8,24,604.1239,0.96,Calm,FMS_MARITIME,2026-04-06
2021-06-17,108,LNG,45.98,10.4,249.6,24,573.6447,0.89,Rough,FMS_MARITIME,2026-04-06
2021-06-18,108,HFO,16.23,15.1,362.4,24,139.4598,0.74,Calm,FMS_MARITIME,2026-04-06
2021-06-19,108,HFO,51.74,12.5,300.0,24,537.0612,0.79,Rough,FMS_MARITIME,2026-04-06
2021-06-20,108,LNG,15.63,15.7,376.8,24,129.1715,0.45,Moderate,FMS_MARITIME,2026-04-06
2021-06-21,108,LNG,15.6,14.5,348.0,24,139.5931,0.86,Calm,FMS_MARITIME,2026-04-06
2021-06-22,108,VLSFO,33.13,13.4,321.6,24,320.7924,0.52,Moderate,FMS_MARITIME,2026-04-06
2021-06-23,108,LSMGO,54.15,10.4,249.6,24,675.5733,0.51,Moderate,FMS_MARITIME,2026-04-06
2021-06-24,108,LSMGO,74.91,14.6,350.4,24,665.7241,0.67,Rough,FMS_MARITIME,2026-04-06
2021-06-25,108,LNG,66.7,13.6,326.4,24,636.3474,0.84,Calm,FMS_MARITIME,2026-04-06
2021-06-26,108,MGO,34.81,8.2,196.8,24,550.8046,0.59,Rough,FMS_MARITIME,2026-04-06
2021-06-27,108,LSMGO,50.2,14.5,348.0,24,449.2034,0.55,Moderate,FMS_MARITIME,2026-04-06
2021-06-28,108,LNG,34.8,8.6,206.4,24,525.0349,0.78,Moderate,FMS_MARITIME,2026-04-06
2021-06-28,108,LNG,66.57,17.6,422.4,24,490.7646,0.92,Calm,FMS_MARITIME,2026-04-06
2021-06-28,108,LNG,31.88,10.1,242.4,24,409.5475,0.41,Rough,FMS_MARITIME,2026-04-06
2021-06-01,109,VLSFO,20.75,17.7,424.8,24,152.1081,0.83,Rough,FMS_MARITIME,2026-04-06
2021-06-02,109,VLSFO,35.1,16.0,384.0,24,284.6391,0.84,Rough,FMS_MARITIME,2026-04-06
2021-06-03,109,LNG,27.11,17.0,408.0,24,206.9131,0.77,Rough,FMS_MARITIME,2026-04-06
2021-06-04,109,MGO,19.84,11.4,273.6,24,225.8105,0.72,Rough,FMS_MARITIME,2026-04-06
2021-06-05,109,MGO,76.44,14.4,345.6,24,688.7562,0.69,Calm,FMS_MARITIME,2026-04-06
2021-06-06,109,VLSFO,73.25,16.5,396.0,24,576.0114,0.61,Moderate,FMS_MARITIME,2026-04-06
2021-06-07,109,LNG,83.43,15.2,364.8,24,712.1738,0.54,Moderate,FMS_MARITIME,2026-04-06
2021-06-08,109,LNG,37.78,15.5,372.0,24,316.2552,0.73,Rough,FMS_MARITIME,2026-04-06
2021-06-09,109,LNG,24.7,12.9,309.6,24,248.436,0.79,Calm,FMS_MARITIME,2026-04-06
2021-06-10,109,LSMGO,47.97,17.4,417.6,24,357.7073,0.95,Rough,FMS_MARITIME,2026-04-06
2021-06-11,109,VLSFO,41.94,14.2,340.8,24,383.2194,0.56,Moderate,FMS_MARITIME,2026-04-06
2021-06-12,109,VLSFO,79.73,11.3,271.2,24,915.4838,0.58,Moderate,FMS_MARITIME,2026-04-06
2021-06-13,109,LSMGO,63.69,13.3,319.2,24,621.3367,0.84,Rough,FMS_MARITIME,2026-04-06
2021-06-14,109,HFO,83.39,10.8,259.2,24,1001.8382,0.52,Calm,FMS_MARITIME,2026-04-06
2021-06-15,109,MGO,40.73,13.2,316.8,24,400.3574,0.53,Moderate,FMS_MARITIME,2026-04-06
2021-06-16,109,MGO,74.08,13.9,333.6,24,691.5022,0.66,Rough,FMS_MARITIME,2026-04-06
2021-06-17,109,LSMGO,19.69,15.5,372.0,24,164.8244,0.79,Moderate,FMS_MARITIME,2026-04-06
2021-06-18,109,VLSFO,73.77,14.0,336.0,24,683.6898,0.93,Rough,FMS_MARITIME,2026-04-06
2021-06-19,109,VLSFO,67.44,8.6,206.4,24,1017.4814,0.91,Moderate,FMS_MARITIME,2026-04-06
2021-06-20,109,HFO,37.8,17.3,415.2,24,283.5,0.93,Moderate,FMS_MARITIME,2026-04-06
2021-06-21,109,VLSFO,53.43,10.6,254.4,24,654.0134,0.42,Calm,FMS_MARITIME,2026-04-06
2021-06-22,109,LNG,59.64,16.0,384.0,24,483.6431,0.48,Calm,FMS_MARITIME,2026-04-06
2021-06-23,109,MGO,52.98,14.1,338.4,24,487.5287,0.91,Moderate,FMS_MARITIME,2026-04-06
2021-06-24,109,VLSFO,57.63,10.3,247.2,24,725.9701,0.56,Rough,FMS_MARITIME,2026-04-06
2021-06-25,109,LNG,21.44,11.5,276.0,24,241.8991,0.92,Calm,FMS_MARITIME,2026-04-06
2021-06-26,109,LSMGO,55.13,12.9,309.6,24,554.5052,0.95,Moderate,FMS_MARITIME,2026-04-06
2021-06-27,109,HFO,21.96,10.7,256.8,24,266.2907,0.85,Moderate,FMS_MARITIME,2026-04-06
2021-06-28,109,VLSFO,50.43,14.3,343.2,24,457.5729,0.84,Calm,FMS_MARITIME,2026-04-06
2021-06-28,109,VLSFO,25.94,12.1,290.4,24,278.1583,0.78,Rough,FMS_MARITIME,2026-04-06
2021-06-28,109,LSMGO,73.98,16.2,388.8,24,592.525,0.73,Calm,FMS_MARITIME,2026-04-06
2021-06-01,110,HFO,41.65,12.8,307.2,24,422.1943,0.79,Rough,FMS_MARITIME,2026-04-06
2021-06-02,110,HFO,24.62,12.1,290.4,24,264.0037,0.48,Rough,FMS_MARITIME,2026-04-06
2021-06-03,110,MGO,62.62,12.6,302.4,24,644.8369,0.73,Moderate,FMS_MARITIME,2026-04-06
2021-06-04,110,HFO,77.23,11.8,283.2,24,849.2028,0.44,Rough,FMS_MARITIME,2026-04-06
2021-06-05,110,LNG,28.83,14.2,340.8,24,263.429,0.5,Rough,FMS_MARITIME,2026-04-06
2021-06-06,110,LSMGO,29.47,11.4,273.6,24,335.4151,0.84,Rough,FMS_MARITIME,2026-04-06
2021-06-07,110,LNG,40.4,8.4,201.6,24,624.0357,0.76,Calm,FMS_MARITIME,2026-04-06
2021-06-08,110,VLSFO,32.16,10.5,252.0,24,397.4057,0.97,Calm,FMS_MARITIME,2026-04-06
2021-06-09,110,LSMGO,57.5,13.1,314.4,24,569.5134,0.41,Calm,FMS_MARITIME,2026-04-06
2021-06-10,110,MGO,45.78,13.2,316.8,24,449.9966,0.41,Moderate,FMS_MARITIME,2026-04-06
2021-06-11,110,HFO,38.56,8.2,196.8,24,610.1415,0.51,Moderate,FMS_MARITIME,2026-04-06
2021-06-12,110,LSMGO,28.18,12.4,297.6,24,294.8673,0.64,Moderate,FMS_MARITIME,2026-04-06
2021-06-13,110,HFO,21.19,15.4,369.6,24,178.5326,0.87,Calm,FMS_MARITIME,2026-04-06
2021-06-14,110,MGO,56.71,11.0,264.0,24,668.9202,0.67,Calm,FMS_MARITIME,2026-04-06
2021-06-15,110,VLSFO,41.63,15.2,364.8,24,355.3613,0.61,Moderate,FMS_MARITIME,2026-04-06
2021-06-16,110,HFO,60.45,17.7,424.8,24,443.1292,0.86,Moderate,FMS_MARITIME,2026-04-06
2021-06-17,110,MGO,48.72,10.4,249.6,24,607.8288,0.76,Moderate,FMS_MARITIME,2026-04-06
2021-06-18,110,HFO,37.01,12.1,290.4,24,396.8634,0.5,Calm,FMS_MARITIME,2026-04-06
2021-06-19,110,HFO,45.82,8.2,196.8,24,725.0177,0.76,Moderate,FMS_MARITIME,2026-04-06
2021-06-20,110,LNG,51.63,15.7,376.8,24,426.6874,0.41,Moderate,FMS_MARITIME,2026-04-06
2021-06-21,110,MGO,54.73,9.0,216.0,24,789.0242,0.51,Calm,FMS_MARITIME,2026-04-06
2021-06-22,110,LSMGO,48.96,8.8,211.2,24,721.8818,0.66,Calm,FMS_MARITIME,2026-04-06
2021-06-23,110,LNG,69.0,16.8,403.2,24,532.9018,0.59,Rough,FMS_MARITIME,2026-04-06
2021-06-24,110,MGO,20.86,8.3,199.2,24,326.0946,0.67,Rough,FMS_MARITIME,2026-04-06
2021-06-25,110,MGO,41.61,10.9,261.6,24,495.3117,0.53,Moderate,FMS_MARITIME,2026-04-06
2021-06-26,110,HFO,71.52,14.4,345.6,24,644.425,0.94,Calm,FMS_MARITIME,2026-04-06
2021-06-27,110,LSMGO,25.25,10.2,244.8,24,321.1949,0.91,Moderate,FMS_MARITIME,2026-04-06
2021-06-28,110,HFO,66.7,9.5,228.0,24,910.9816,0.99,Rough,FMS_MARITIME,2026-04-06
2021-06-28,110,LSMGO,24.28,8.4,201.6,24,375.0393,0.79,Moderate,FMS_MARITIME,2026-04-06
2021-06-28,110,VLSFO,66.94,13.3,319.2,24,653.0425,0.53,Rough,FMS_MARITIME,2026-04-06
2021-06-01,111,MGO,72.79,8.7,208.8,24,1085.575,0.45,Rough,FMS_MARITIME,2026-04-06
2021-06-02,111,LNG,47.22,9.0,216.0,24,680.755,0.56,Calm,FMS_MARITIME,2026-04-06
2021-06-03,111,HFO,41.44,12.5,300.0,24,430.1472,0.47,Moderate,FMS_MARITIME,2026-04-06
2021-06-04,111,LNG,42.74,17.2,412.8,24,322.4137,0.59,Calm,FMS_MARITIME,2026-04-06
2021-06-05,111,LSMGO,73.62,14.3,343.2,24,667.9857,0.67,Moderate,FMS_MARITIME,2026-04-06
2021-06-06,111,MGO,45.08,9.0,216.0,24,649.9033,0.8,Rough,FMS_MARITIME,2026-04-06
2021-06-07,111,HFO,54.59,13.8,331.2,24,513.2647,0.62,Rough,FMS_MARITIME,2026-04-06
2021-06-08,111,LSMGO,42.97,9.1,218.4,24,612.6766,0.76,Rough,FMS_MARITIME,2026-04-06
2021-06-09,111,MGO,38.92,17.5,420.0,24,288.564,0.75,Moderate,FMS_MARITIME,2026-04-06
2021-06-10,111,LNG,40.7,12.5,300.0,24,422.466,0.96,Moderate,FMS_MARITIME,2026-04-06
2021-06-11,111,VLSFO,48.37,12.4,297.6,24,506.1296,0.65,Calm,FMS_MARITIME,2026-04-06
2021-06-12,111,LSMGO,71.1,11.1,266.4,24,831.1014,0.87,Rough,FMS_MARITIME,2026-04-06
2021-06-13,111,HFO,66.34,13.5,324.0,24,637.6011,0.71,Calm,FMS_MARITIME,2026-04-06
2021-06-14,111,HFO,47.16,14.6,350.4,24,419.1103,0.4,Rough,FMS_MARITIME,2026-04-06
2021-06-15,111,VLSFO,21.66,9.9,237.6,24,283.8773,0.47,Moderate,FMS_MARITIME,2026-04-06
2021-06-16,111,LSMGO,70.98,16.2,388.8,24,568.4972,0.96,Rough,FMS_MARITIME,2026-04-06
2021-06-17,111,HFO,52.54,12.3,295.2,24,554.2329,0.61,Calm,FMS_MARITIME,2026-04-06
2021-06-18,111,VLSFO,41.39,8.9,213.6,24,603.4104,0.71,Rough,FMS_MARITIME,2026-04-06
2021-06-19,111,VLSFO,48.42,15.1,362.4,24,416.0593,0.73,Rough,FMS_MARITIME,2026-04-06
2021-06-20,111,HFO,37.0,16.4,393.6,24,292.7287,1.0,Rough,FMS_MARITIME,2026-04-06
2021-06-21,111,VLSFO,70.5,8.1,194.4,24,1129.3056,0.43,Rough,FMS_MARITIME,2026-04-06
2021-06-22,111,LSMGO,23.55,15.5,372.0,24,197.1363,0.62,Moderate,FMS_MARITIME,2026-04-06
2021-06-23,111,LNG,31.97,12.4,297.6,24,334.5248,0.77,Rough,FMS_MARITIME,2026-04-06
2021-06-24,111,VLSFO,72.36,10.7,256.8,24,877.4495,0.51,Calm,FMS_MARITIME,2026-04-06
2021-06-25,111,LNG,20.29,9.7,232.8,24,271.4049,0.87,Rough,FMS_MARITIME,2026-04-06
2021-06-26,111,LNG,34.41,12.4,297.6,24,360.0562,0.73,Calm,FMS_MARITIME,2026-04-06
2021-06-27,111,HFO,71.74,8.8,211.2,24,1057.7574,0.76,Rough,FMS_MARITIME,2026-04-06
2021-06-28,111,HFO,27.73,9.1,218.4,24,395.381,0.92,Calm,FMS_MARITIME,2026-04-06
2021-06-28,111,LSMGO,43.36,13.8,331.2,24,407.6783,1.0,Calm,FMS_MARITIME,2026-04-06
2021-06-28,111,MGO,29.9,11.9,285.6,24,326.0105,0.58,Rough,FMS_MARITIME,2026-04-06
2021-06-01,112,MGO,70.89,9.7,232.8,24,948.2451,0.53,Moderate,FMS_MARITIME,2026-04-06
2021-06-02,112,HFO,28.38,12.2,292.8,24,301.8283,0.97,Calm,FMS_MARITIME,2026-04-06
2021-06-03,112,LNG,31.95,17.4,417.6,24,238.2478,0.54,Moderate,FMS_MARITIME,2026-04-06
2021-06-04,112,MGO,46.97,13.2,316.8,24,461.6937,0.67,Calm,FMS_MARITIME,2026-04-06
2021-06-05,112,HFO,77.87,17.9,429.6,24,564.4487,0.72,Calm,FMS_MARITIME,2026-04-06
2021-06-06,112,HFO,20.46,9.3,223.2,24,285.45,0.94,Rough,FMS_MARITIME,2026-04-06
2021-06-07,112,HFO,63.05,14.9,357.6,24,549.0428,0.72,Rough,FMS_MARITIME,2026-04-06
2021-06-08,112,LNG,30.07,10.5,252.0,24,371.5793,0.96,Calm,FMS_MARITIME,2026-04-06
2021-06-09,112,HFO,71.62,9.2,220.8,24,1010.0755,0.97,Calm,FMS_MARITIME,2026-04-06
2021-06-10,112,HFO,55.7,17.9,429.6,24,403.7472,0.92,Rough,FMS_MARITIME,2026-04-06
2021-06-11,112,LNG,53.3,15.1,362.4,24,457.9917,0.99,Rough,FMS_MARITIME,2026-04-06
2021-06-12,112,HFO,21.38,9.6,230.4,24,288.9641,0.44,Moderate,FMS_MARITIME,2026-04-06
2021-06-13,112,VLSFO,67.8,17.3,415.2,24,508.5,0.41,Moderate,FMS_MARITIME,2026-04-06
2021-06-14,112,LSMGO,25.53,17.1,410.4,24,193.7145,0.91,Calm,FMS_MARITIME,2026-04-06
2021-06-15,112,MGO,30.72,8.4,201.6,24,474.5143,0.56,Calm,FMS_MARITIME,2026-04-06
2021-06-16,112,VLSFO,83.27,12.5,300.0,24,864.3426,0.65,Moderate,FMS_MARITIME,2026-04-06
2021-06-17,112,LNG,72.52,9.7,232.8,24,970.0485,0.67,Calm,FMS_MARITIME,2026-04-06
2021-06-18,112,LSMGO,51.43,15.9,381.6,24,419.6882,0.48,Moderate,FMS_MARITIME,2026-04-06
2021-06-19,112,HFO,81.76,12.1,290.4,24,876.724,0.54,Rough,FMS_MARITIME,2026-04-06
2021-06-20,112,VLSFO,41.41,15.4,369.6,24,348.8927,0.61,Calm,FMS_MARITIME,2026-04-06
2021-06-21,112,VLSFO,70.26,14.9,357.6,24,611.8279,0.84,Moderate,FMS_MARITIME,2026-04-06
2021-06-22,112,VLSFO,51.45,10.6,254.4,24,629.7771,0.95,Calm,FMS_MARITIME,2026-04-06
2021-06-23,112,HFO,68.44,11.5,276.0,24,772.1817,0.57,Moderate,FMS_MARITIME,2026-04-06
2021-06-24,112,VLSFO,47.68,17.5,420.0,24,353.5131,0.93,Calm,FMS_MARITIME,2026-04-06
2021-06-25,112,LNG,43.32,9.8,235.2,24,573.548,0.49,Rough,FMS_MARITIME,2026-04-06
2021-06-26,112,MGO,74.22,10.1,242.4,24,953.4698,0.87,Calm,FMS_MARITIME,2026-04-06
2021-06-27,112,LNG,30.94,14.0,336.0,24,286.7475,0.53,Calm,FMS_MARITIME,2026-04-06
2021-06-28,112,LNG,69.92,13.8,331.2,24,657.4,0.92,Rough,FMS_MARITIME,2026-04-06
2021-06-28,112,HFO,61.14,11.5,276.0,24,689.8187,0.53,Rough,FMS_MARITIME,2026-04-06
2021-06-28,112,HFO,37.2,15.4,369.6,24,313.4221,0.64,Rough,FMS_MARITIME,2026-04-06
2021-06-01,113,LSMGO,65.49,13.5,324.0,24,629.4317,0.79,Moderate,FMS_MARITIME,2026-04-06
2021-06-02,113,HFO,78.89,9.0,216.0,24,1137.3308,0.5,Calm,FMS_MARITIME,2026-04-06
2021-06-03,113,HFO,22.7,16.5,396.0,24,178.5045,0.74,Moderate,FMS_MARITIME,2026-04-06
2021-06-04,113,LSMGO,44.64,13.9,333.6,24,416.6935,0.86,Moderate,FMS_MARITIME,2026-04-06
2021-06-05,113,VLSFO,81.93,10.1,242.4,24,1052.5166,0.69,Moderate,FMS_MARITIME,2026-04-06
2021-06-06,113,LNG,29.29,8.7,208.8,24,436.825,0.78,Moderate,FMS_MARITIME,2026-04-06
2021-06-07,113,LNG,83.89,17.2,412.8,24,632.833,0.76,Moderate,FMS_MARITIME,2026-04-06
2021-06-08,113,LSMGO,32.79,16.6,398.4,24,256.2953,0.56,Rough,FMS_MARITIME,2026-04-06
2021-06-09,113,MGO,41.52,10.9,261.6,24,494.2404,0.89,Moderate,FMS_MARITIME,2026-04-06
2021-06-10,113,MGO,65.61,8.8,211.2,24,967.3747,0.74,Moderate,FMS_MARITIME,2026-04-06
2021-06-11,113,LNG,62.02,17.8,427.2,24,452.084,0.81,Moderate,FMS_MARITIME,2026-04-06
2021-06-12,113,LSMGO,19.91,13.8,331.2,24,187.1973,0.91,Calm,FMS_MARITIME,2026-04-06
2021-06-13,113,MGO,60.08,9.9,237.6,24,787.4121,0.76,Rough,FMS_MARITIME,2026-04-06
2021-06-14,113,LNG,73.3,13.1,314.4,24,726.0057,0.48,Calm,FMS_MARITIME,2026-04-06
2021-06-15,113,HFO,40.91,15.5,372.0,24,342.4563,0.73,Rough,FMS_MARITIME,2026-04-06
2021-06-16,113,LSMGO,73.84,17.3,415.2,24,553.8,0.89,Moderate,FMS_MARITIME,2026-04-06
2021-06-17,113,HFO,66.84,10.6,254.4,24,818.1594,0.58,Calm,FMS_MARITIME,2026-04-06
2021-06-18,113,LSMGO,30.49,8.7,208.8,24,454.7216,0.76,Rough,FMS_MARITIME,2026-04-06
2021-06-19,113,LSMGO,56.42,8.5,204.0,24,861.2347,0.55,Moderate,FMS_MARITIME,2026-04-06
2021-06-20,113,LSMGO,54.92,14.5,348.0,24,491.4393,0.88,Calm,FMS_MARITIME,2026-04-06
2021-06-21,113,VLSFO,22.33,15.7,376.8,24,184.5425,0.86,Calm,FMS_MARITIME,2026-04-06
2021-06-22,113,MGO,22.56,15.1,362.4,24,193.8517,0.83,Rough,FMS_MARITIME,2026-04-06
2021-06-23,113,LSMGO,82.37,8.1,194.4,24,1319.4454,0.55,Calm,FMS_MARITIME,2026-04-06
2021-06-24,113,HFO,59.4,15.2,364.8,24,507.0493,0.53,Rough,FMS_MARITIME,2026-04-06
2021-06-25,113,VLSFO,15.59,17.2,412.8,24,117.6048,0.61,Moderate,FMS_MARITIME,2026-04-06
2021-06-26,113,VLSFO,69.18,9.9,237.6,24,906.6773,0.97,Calm,FMS_MARITIME,2026-04-06
2021-06-27,113,HFO,57.09,9.6,230.4,24,771.607,0.54,Moderate,FMS_MARITIME,2026-04-06
2021-06-28,113,MGO,22.62,13.0,312.0,24,225.765,0.71,Moderate,FMS_MARITIME,2026-04-06
2021-06-28,113,MGO,78.32,12.1,290.4,24,839.8364,0.44,Rough,FMS_MARITIME,2026-04-06
2021-06-28,113,MGO,53.82,14.6,350.4,24,478.2976,0.44,Calm,FMS_MARITIME,2026-04-06
2021-06-01,114,HFO,62.78,9.0,216.0,24,905.0783,0.4,Rough,FMS_MARITIME,2026-04-06
2021-06-02,114,VLSFO,35.33,8.1,194.4,24,565.9343,0.55,Calm,FMS_MARITIME,2026-04-06
2021-06-03,114,MGO,59.27,12.6,302.4,24,610.3399,0.69,Rough,FMS_MARITIME,2026-04-06
2021-06-04,114,LNG,19.63,16.8,403.2,24,151.6067,0.45,Rough,FMS_MARITIME,2026-04-06
2021-06-05,114,MGO,70.71,9.7,232.8,24,945.8374,0.83,Rough,FMS_MARITIME,2026-04-06
2021-06-06,114,HFO,51.78,15.6,374.4,24,430.6702,0.51,Calm,FMS_MARITIME,2026-04-06
2021-06-07,114,MGO,25.64,15.5,372.0,24,214.6316,0.84,Calm,FMS_MARITIME,2026-04-06
2021-06-08,114,VLSFO,73.95,16.9,405.6,24,567.7522,0.48,Rough,FMS_MARITIME,2026-04-06
2021-06-09,114,VLSFO,47.46,16.8,403.2,24,366.5437,0.9,Moderate,FMS_MARITIME,2026-04-06
2021-06-10,114,LNG,25.2,11.3,271.2,24,289.354,0.82,Moderate,FMS_MARITIME,2026-04-06
2021-06-11,114,MGO,82.5,16.6,398.4,24,644.8419,0.95,Rough,FMS_MARITIME,2026-04-06
2021-06-12,114,LNG,80.06,16.2,388.8,24,641.2213,0.55,Rough,FMS_MARITIME,2026-04-06
2021-06-13,114,VLSFO,66.04,12.3,295.2,24,696.6415,0.61,Rough,FMS_MARITIME,2026-04-06
2021-06-14,114,LNG,31.91,11.3,271.2,24,366.4002,0.51,Moderate,FMS_MARITIME,2026-04-06
2021-06-15,114,MGO,55.69,14.0,336.0,24,516.127,0.72,Calm,FMS_MARITIME,2026-04-06
2021-06-16,114,HFO,51.46,14.6,350.4,24,457.3243,0.76,Moderate,FMS_MARITIME,2026-04-06
2021-06-17,114,LNG,46.63,15.8,379.2,24,382.9267,0.63,Moderate,FMS_MARITIME,2026-04-06
2021-06-18,114,HFO,53.08,8.3,199.2,24,829.7747,0.96,Rough,FMS_MARITIME,2026-04-06
2021-06-19,114,LSMGO,48.26,17.8,427.2,24,351.7829,0.88,Calm,FMS_MARITIME,2026-04-06
2021-06-20,114,LSMGO,73.61,14.9,357.6,24,640.9998,0.56,Calm,FMS_MARITIME,2026-04-06
2021-06-21,114,HFO,53.46,15.8,379.2,24,439.0149,0.5,Rough,FMS_MARITIME,2026-04-06
2021-06-22,114,LSMGO,56.54,10.8,259.2,24,679.2653,0.44,Rough,FMS_MARITIME,2026-04-06
2021-06-23,114,MGO,34.84,14.3,343.2,24,316.1182,0.9,Calm,FMS_MARITIME,2026-04-06
2021-06-24,114,VLSFO,62.55,9.3,223.2,24,872.6734,0.77,Rough,FMS_MARITIME,2026-04-06
2021-06-25,114,LSMGO,74.63,10.6,254.4,24,913.5134,0.51,Calm,FMS_MARITIME,2026-04-06
2021-06-26,114,VLSFO,29.27,8.8,211.2,24,431.5662,0.59,Rough,FMS_MARITIME,2026-04-06
2021-06-27,114,VLSFO,15.13,17.9,429.6,24,109.6714,0.95,Moderate,FMS_MARITIME,2026-04-06
2021-06-28,114,MGO,82.33,10.0,240.0,24,1068.2317,0.44,Rough,FMS_MARITIME,2026-04-06
2021-06-28,114,MGO,26.89,9.5,228.0,24,367.2608,0.42,Rough,FMS_MARITIME,2026-04-06
2021-06-28,114,MGO,44.52,15.9,381.6,24,363.3,0.72,Moderate,FMS_MARITIME,2026-04-06
2021-06-01,115,MGO,45.24,15.2,364.8,24,386.177,0.89,Calm,FMS_MARITIME,2026-04-06
2021-06-02,115,VLSFO,71.73,17.9,429.6,24,519.9423,0.84,Rough,FMS_MARITIME,2026-04-06
2021-06-03,115,VLSFO,78.82,8.6,206.4,24,1189.1738,0.92,Calm,FMS_MARITIME,2026-04-06
2021-06-04,115,LNG,48.2,9.7,232.8,24,644.7371,0.74,Rough,FMS_MARITIME,2026-04-06
2021-06-05,115,LNG,57.02,11.6,278.4,24,637.7884,0.67,Moderate,FMS_MARITIME,2026-04-06
2021-06-06,115,VLSFO,82.91,12.1,290.4,24,889.0556,0.51,Moderate,FMS_MARITIME,2026-04-06
2021-06-07,115,MGO,52.51,10.8,259.2,24,630.8493,0.56,Rough,FMS_MARITIME,2026-04-06
2021-06-08,115,VLSFO,70.59,17.7,424.8,24,517.4606,0.88,Calm,FMS_MARITIME,2026-04-06
2021-06-09,115,LSMGO,59.21,17.0,408.0,24,451.9116,0.88,Calm,FMS_MARITIME,2026-04-06
2021-06-10,115,VLSFO,64.32,10.1,242.4,24,826.2891,0.82,Calm,FMS_MARITIME,2026-04-06
2021-06-11,115,VLSFO,34.95,12.1,290.4,24,374.7738,0.57,Moderate,FMS_MARITIME,2026-04-06
2021-06-12,115,VLSFO,81.75,9.3,223.2,24,1140.5444,0.8,Calm,FMS_MARITIME,2026-04-06
2021-06-13,115,MGO,39.23,16.5,396.0,24,308.4905,0.84,Rough,FMS_MARITIME,2026-04-06
2021-06-14,115,HFO,35.63,15.5,372.0,24,298.2576,0.6,Calm,FMS_MARITIME,2026-04-06
2021-06-15,115,VLSFO,35.54,16.2,388.8,24,284.6491,0.96,Moderate,FMS_MARITIME,2026-04-06
2021-06-16,115,LSMGO,39.73,17.0,408.0,24,303.2334,0.5,Moderate,FMS_MARITIME,2026-04-06
2021-06-17,115,MGO,59.24,10.2,244.8,24,753.5676,0.81,Calm,FMS_MARITIME,2026-04-06
2021-06-18,115,VLSFO,34.22,16.3,391.2,24,272.3954,0.84,Rough,FMS_MARITIME,2026-04-06
2021-06-19,115,LNG,16.44,14.7,352.8,24,145.1082,0.52,Calm,FMS_MARITIME,2026-04-06
2021-06-20,115,LSMGO,53.51,9.4,225.6,24,738.6088,0.41,Calm,FMS_MARITIME,2026-04-06
2021-06-21,115,MGO,26.23,10.3,247.2,24,330.4216,0.84,Calm,FMS_MARITIME,2026-04-06
2021-06-22,115,HFO,53.98,9.0,216.0,24,778.2117,0.76,Rough,FMS_MARITIME,2026-04-06
2021-06-23,115,HFO,28.78,8.3,199.2,24,449.9042,0.64,Rough,FMS_MARITIME,2026-04-06
2021-06-24,115,VLSFO,76.47,11.3,271.2,24,878.0515,0.69,Rough,FMS_MARITIME,2026-04-06
2021-06-25,115,LSMGO,50.47,13.8,331.2,24,474.5277,0.82,Calm,FMS_MARITIME,2026-04-06
2021-06-26,115,LSMGO,39.33,17.5,420.0,24,291.6039,0.43,Rough,FMS_MARITIME,2026-04-06
2021-06-27,115,VLSFO,77.21,10.3,247.2,24,972.6211,0.55,Rough,FMS_MARITIME,2026-04-06
2021-06-28,115,LSMGO,43.48,10.4,249.6,24,542.4548,0.86,Moderate,FMS_MARITIME,2026-04-06
2021-06-28,115,HFO,68.16,11.7,280.8,24,755.8769,0.67,Moderate,FMS_MARITIME,2026-04-06
2021-06-28,115,LNG,70.57,14.1,338.4,24,649.3941,0.63,Calm,FMS_MARITIME,2026-04-06
2021-06-01,116,HFO,32.65,9.9,237.6,24,427.9129,0.87,Calm,FMS_MARITIME,2026-04-06
2021-06-02,116,VLSFO,32.19,12.2,292.8,24,342.3486,0.91,Rough,FMS_MARITIME,2026-04-06
2021-06-03,116,VLSFO,66.33,12.1,290.4,24,711.2659,0.72,Moderate,FMS_MARITIME,2026-04-06
2021-06-04,116,VLSFO,49.26,13.3,319.2,24,480.5628,0.47,Moderate,FMS_MARITIME,2026-04-06
2021-06-05,116,LNG,49.04,13.4,321.6,24,474.8463,0.58,Calm,FMS_MARITIME,2026-04-06
2021-06-06,116,LNG,27.69,13.8,331.2,24,260.3462,0.47,Calm,FMS_MARITIME,2026-04-06
2021-06-07,116,LNG,75.23,10.1,242.4,24,966.4448,0.73,Moderate,FMS_MARITIME,2026-04-06
2021-06-08,116,LSMGO,41.1,17.5,420.0,24,304.7271,0.82,Calm,FMS_MARITIME,2026-04-06
2021-06-09,116,VLSFO,44.71,9.4,225.6,24,617.1407,0.69,Rough,FMS_MARITIME,2026-04-06
2021-06-10,116,LSMGO,41.17,15.7,376.8,24,340.2425,0.48,Moderate,FMS_MARITIME,2026-04-06
2021-06-11,116,LSMGO,33.98,16.4,393.6,24,268.8357,0.64,Calm,FMS_MARITIME,2026-04-06
2021-06-12,116,VLSFO,40.22,14.1,338.4,24,370.1096,0.47,Calm,FMS_MARITIME,2026-04-06
2021-06-13,116,HFO,84.37,13.5,324.0,24,810.8894,0.45,Moderate,FMS_MARITIME,2026-04-06
2021-06-14,116,MGO,68.26,13.2,316.8,24,670.9648,0.81,Calm,FMS_MARITIME,2026-04-06
2021-06-15,116,MGO,79.83,8.1,194.4,24,1278.7583,0.6,Calm,FMS_MARITIME,2026-04-06
2021-06-16,116,HFO,65.97,15.7,376.8,24,545.1979,0.83,Calm,FMS_MARITIME,2026-04-06
2021-06-17,116,LNG,20.85,14.1,338.4,24,191.8644,0.71,Calm,FMS_MARITIME,2026-04-06
2021-06-18,116,HFO,54.78,12.5,300.0,24,568.6164,0.56,Calm,FMS_MARITIME,2026-04-06
2021-06-19,116,MGO,36.44,11.6,278.4,24,407.594,0.89,Moderate,FMS_MARITIME,2026-04-06
2021-06-20,116,LSMGO,51.94,15.8,379.2,24,426.5326,0.99,Rough,FMS_MARITIME,2026-04-06
2021-06-21,116,VLSFO,27.63,13.1,314.4,24,273.6635,0.51,Calm,FMS_MARITIME,2026-04-06
2021-06-22,116,VLSFO,49.23,11.3,271.2,24,565.2737,0.97,Calm,FMS_MARITIME,2026-04-06
2021-06-23,116,VLSFO,49.79,15.3,367.2,24,422.2387,0.4,Rough,FMS_MARITIME,2026-04-06
2021-06-24,116,LSMGO,70.69,10.9,261.6,24,841.4704,0.42,Calm,FMS_MARITIME,2026-04-06
2021-06-25,116,LSMGO,33.34,11.8,283.2,24,366.5987,0.7,Rough,FMS_MARITIME,2026-04-06
2021-06-26,116,VLSFO,18.19,16.0,384.0,24,147.5095,0.55,Moderate,FMS_MARITIME,2026-04-06
2021-06-27,116,VLSFO,59.42,14.6,350.4,24,528.0647,0.82,Moderate,FMS_MARITIME,2026-04-06
2021-06-28,116,LNG,49.53,13.5,324.0,24,476.0383,0.64,Calm,FMS_MARITIME,2026-04-06
2021-06-28,116,VLSFO,67.19,17.1,410.4,24,509.8189,0.46,Rough,FMS_MARITIME,2026-04-06
2021-06-28,116,MGO,71.51,9.1,218.4,24,1019.6069,0.58,Calm,FMS_MARITIME,2026-04-06
2021-06-01,117,MGO,63.23,10.9,261.6,24,752.669,0.9,Calm,FMS_MARITIME,2026-04-06
2021-06-02,117,HFO,81.51,9.9,237.6,24,1068.275,0.99,Calm,FMS_MARITIME,2026-04-06
2021-06-03,117,HFO,28.91,17.0,408.0,24,220.6513,0.68,Calm,FMS_MARITIME,2026-04-06
2021-06-04,117,HFO,30.16,17.0,408.0,24,230.1918,0.82,Rough,FMS_MARITIME,2026-04-06
2021-06-05,117,LSMGO,17.68,17.4,417.6,24,131.8379,0.98,Calm,FMS_MARITIME,2026-04-06
2021-06-06,117,LNG,59.73,8.2,196.8,24,945.118,0.56,Moderate,FMS_MARITIME,2026-04-06
2021-06-07,117,MGO,59.41,8.3,199.2,24,928.7286,0.42,Calm,FMS_MARITIME,2026-04-06
2021-06-08,117,HFO,71.49,16.0,384.0,24,579.7392,0.95,Calm,FMS_MARITIME,2026-04-06
2021-06-09,117,MGO,22.14,13.7,328.8,24,209.6836,0.44,Calm,FMS_MARITIME,2026-04-06
2021-06-10,117,LNG,52.7,9.3,223.2,24,735.25,0.74,Rough,FMS_MARITIME,2026-04-06
2021-06-11,117,VLSFO,56.4,13.0,312.0,24,562.9154,0.52,Rough,FMS_MARITIME,2026-04-06
2021-06-12,117,HFO,81.12,10.9,261.6,24,965.6257,0.92,Calm,FMS_MARITIME,2026-04-06
2021-06-13,117,LSMGO,67.2,15.5,372.0,24,562.529,0.96,Calm,FMS_MARITIME,2026-04-06
2021-06-14,117,MGO,63.22,16.5,396.0,24,497.1391,0.45,Rough,FMS_MARITIME,2026-04-06
2021-06-15,117,VLSFO,74.13,10.2,244.8,24,942.9772,0.81,Calm,FMS_MARITIME,2026-04-06
2021-06-16,117,VLSFO,33.18,15.1,362.4,24,285.1063,0.57,Rough,FMS_MARITIME,2026-04-06
2021-06-17,117,LSMGO,59.2,18.0,432.0,24,426.7333,0.73,Rough,FMS_MARITIME,2026-04-06
2021-06-18,117,VLSFO,51.84,15.8,379.2,24,425.7114,0.73,Rough,FMS_MARITIME,2026-04-06
2021-06-19,117,LSMGO,52.28,13.2,316.8,24,513.8886,0.97,Calm,FMS_MARITIME,2026-04-06
2021-06-20,117,LNG,33.37,9.5,228.0,24,455.7639,0.7,Moderate,FMS_MARITIME,2026-04-06
2021-06-21,117,VLSFO,78.83,12.3,295.2,24,831.5604,0.76,Rough,FMS_MARITIME,2026-04-06
2021-06-22,117,MGO,84.51,8.5,204.0,24,1290.0203,0.95,Rough,FMS_MARITIME,2026-04-06
2021-06-23,117,VLSFO,28.18,9.4,225.6,24,388.9739,0.69,Rough,FMS_MARITIME,2026-04-06
2021-06-24,117,HFO,42.05,13.7,328.8,24,398.2473,0.7,Moderate,FMS_MARITIME,2026-04-06
2021-06-25,117,LNG,42.27,8.3,199.2,24,660.787,0.43,Rough,FMS_MARITIME,2026-04-06
2021-06-26,117,VLSFO,65.34,9.0,216.0,24,941.985,0.41,Calm,FMS_MARITIME,2026-04-06
2021-06-27,117,MGO,49.87,9.0,216.0,24,718.9592,0.83,Moderate,FMS_MARITIME,2026-04-06
2021-06-28,117,LNG,18.56,17.7,424.8,24,136.0542,0.73,Calm,FMS_MARITIME,2026-04-06
2021-06-28,117,MGO,42.99,9.3,223.2,24,599.7798,0.96,Calm,FMS_MARITIME,2026-04-06
2021-06-28,117,HFO,27.88,13.4,321.6,24,269.9575,0.51,Rough,FMS_MARITIME,2026-04-06
2021-06-01,118,LSMGO,66.06,11.9,285.6,24,720.2761,0.95,Moderate,FMS_MARITIME,2026-04-06
2021-06-02,118,LNG,62.26,15.7,376.8,24,514.5373,0.61,Calm,FMS_MARITIME,2026-04-06
2021-06-03,118,HFO,29.48,11.7,280.8,24,326.9256,0.91,Calm,FMS_MARITIME,2026-04-06
2021-06-04,118,HFO,84.11,15.8,379.2,24,690.7134,0.7,Calm,FMS_MARITIME,2026-04-06
2021-06-05,118,VLSFO,18.01,17.4,417.6,24,134.2987,0.52,Moderate,FMS_MARITIME,2026-04-06
2021-06-06,118,LNG,66.63,8.4,201.6,24,1029.1955,0.67,Moderate,FMS_MARITIME,2026-04-06
2021-06-07,118,LSMGO,38.07,17.1,410.4,24,288.8645,0.72,Calm,FMS_MARITIME,2026-04-06
2021-06-08,118,VLSFO,18.57,14.2,340.8,24,169.6801,0.91,Calm,FMS_MARITIME,2026-04-06
2021-06-09,118,LNG,82.81,9.3,223.2,24,1155.3331,0.43,Calm,FMS_MARITIME,2026-04-06
2021-06-10,118,VLSFO,24.4,17.2,412.8,24,184.064,0.52,Calm,FMS_MARITIME,2026-04-06
2021-06-11,118,LNG,83.27,12.1,290.4,24,892.9159,0.62,Rough,FMS_MARITIME,2026-04-06
2021-06-12,118,HFO,42.16,10.2,244.8,24,536.3,0.66,Rough,FMS_MARITIME,2026-04-06
2021-06-13,118,MGO,77.59,10.2,244.8,24,986.9904,0.5,Calm,FMS_MARITIME,2026-04-06
2021-06-14,118,HFO,16.06,17.5,420.0,24,119.0734,0.81,Moderate,FMS_MARITIME,2026-04-06
2021-06-15,118,HFO,56.44,13.3,319.2,24,550.6083,0.57,Calm,FMS_MARITIME,2026-04-06
2021-06-16,118,LNG,48.57,11.1,266.4,24,567.7439,0.76,Calm,FMS_MARITIME,2026-04-06
2021-06-17,118,MGO,58.86,10.1,242.4,24,756.147,0.51,Moderate,FMS_MARITIME,2026-04-06
2021-06-18,118,VLSFO,69.15,8.1,194.4,24,1107.6806,0.47,Calm,FMS_MARITIME,2026-04-06
2021-06-19,118,VLSFO,47.75,17.0,408.0,24,364.4449,0.9,Rough,FMS_MARITIME,2026-04-06
2021-06-20,118,LSMGO,42.87,13.5,324.0,24,412.0283,0.44,Moderate,FMS_MARITIME,2026-04-06
2021-06-21,118,LNG,82.05,15.2,364.8,24,700.3939,0.87,Calm,FMS_MARITIME,2026-04-06
2021-06-22,118,MGO,34.24,11.5,276.0,24,386.3165,0.55,Calm,FMS_MARITIME,2026-04-06
2021-06-23,118,VLSFO,39.1,16.8,403.2,24,301.9777,0.62,Calm,FMS_MARITIME,2026-04-06
2021-06-24,118,MGO,77.99,17.0,408.0,24,595.2472,0.8,Moderate,FMS_MARITIME,2026-04-06
2021-06-25,118,LNG,77.61,8.6,206.4,24,1170.9183,0.65,Rough,FMS_MARITIME,2026-04-06
2021-06-26,118,LNG,30.89,16.7,400.8,24,239.9987,0.54,Moderate,FMS_MARITIME,2026-04-06
2021-06-27,118,MGO,52.05,14.3,343.2,24,472.2719,0.4,Rough,FMS_MARITIME,2026-04-06
2021-06-28,118,VLSFO,40.82,11.0,264.0,24,481.4905,0.41,Rough,FMS_MARITIME,2026-04-06
2021-06-28,118,LSMGO,55.59,14.7,352.8,24,490.6668,0.41,Rough,FMS_MARITIME,2026-04-06
2021-06-28,118,VLSFO,43.64,13.6,326.4,24,416.3449,0.94,Moderate,FMS_MARITIME,2026-04-06
2021-06-01,119,VLSFO,46.93,17.2,412.8,24,354.0214,0.63,Rough,FMS_MARITIME,2026-04-06
2021-06-02,119,VLSFO,73.44,10.2,244.8,24,934.2,0.5,Rough,FMS_MARITIME,2026-04-06
2021-06-03,119,HFO,65.98,10.3,247.2,24,831.1558,0.82,Rough,FMS_MARITIME,2026-04-06
2021-06-04,119,HFO,60.76,12.0,288.0,24,656.9675,0.8,Rough,FMS_MARITIME,2026-04-06
2021-06-05,119,HFO,32.36,9.2,220.8,24,456.3815,0.46,Rough,FMS_MARITIME,2026-04-06
2021-06-06,119,LSMGO,39.1,11.1,266.4,24,457.0473,0.56,Moderate,FMS_MARITIME,2026-04-06
2021-06-07,119,HFO,24.11,14.3,343.2,24,218.7603,0.61,Rough,FMS_MARITIME,2026-04-06
2021-06-08,119,LSMGO,54.14,15.3,367.2,24,459.1284,0.86,Rough,FMS_MARITIME,2026-04-06
2021-06-09,119,HFO,53.31,16.4,393.6,24,421.7666,0.83,Rough,FMS_MARITIME,2026-04-06
2021-06-10,119,MGO,20.92,14.6,350.4,24,185.9158,0.98,Calm,FMS_MARITIME,2026-04-06
2021-06-11,119,VLSFO,55.65,18.0,432.0,24,401.1437,0.96,Moderate,FMS_MARITIME,2026-04-06
2021-06-12,119,LNG,30.86,11.0,264.0,24,364.0077,0.91,Calm,FMS_MARITIME,2026-04-06
2021-06-13,119,HFO,30.39,15.6,374.4,24,252.763,0.67,Calm,FMS_MARITIME,2026-04-06
2021-06-14,119,MGO,35.72,12.4,297.6,24,373.7637,0.77,Moderate,FMS_MARITIME,2026-04-06
2021-06-15,119,MGO,70.07,8.8,211.2,24,1033.1344,0.65,Rough,FMS_MARITIME,2026-04-06
2021-06-16,119,LSMGO,71.72,9.6,230.4,24,969.3406,0.96,Moderate,FMS_MARITIME,2026-04-06
2021-06-17,119,LNG,45.54,15.3,367.2,24,386.1971,0.64,Calm,FMS_MARITIME,2026-04-06
2021-06-18,119,MGO,43.18,11.7,280.8,24,478.8551,0.59,Rough,FMS_MARITIME,2026-04-06
2021-06-19,119,MGO,16.2,15.9,381.6,24,132.1981,0.88,Moderate,FMS_MARITIME,2026-04-06
2021-06-20,119,VLSFO,70.12,8.9,213.6,24,1022.2551,1.0,Moderate,FMS_MARITIME,2026-04-06
2021-06-21,119,HFO,16.21,8.2,196.8,24,256.4936,0.73,Calm,FMS_MARITIME,2026-04-06
2021-06-22,119,MGO,56.42,12.0,288.0,24,610.0412,0.58,Calm,FMS_MARITIME,2026-04-06
2021-06-23,119,LSMGO,21.3,15.6,374.4,24,177.1587,0.82,Moderate,FMS_MARITIME,2026-04-06
2021-06-24,119,HFO,57.89,16.1,386.4,24,466.5359,0.55,Moderate,FMS_MARITIME,2026-04-06
2021-06-25,119,MGO,34.07,13.1,314.4,24,337.449,0.91,Calm,FMS_MARITIME,2026-04-06
2021-06-26,119,VLSFO,28.74,16.3,391.2,24,228.7739,0.76,Moderate,FMS_MARITIME,2026-04-06
2021-06-27,119,MGO,26.1,13.2,316.8,24,256.5511,0.97,Rough,FMS_MARITIME,2026-04-06
2021-06-28,119,LNG,77.69,16.1,386.4,24,626.1042,0.43,Moderate,FMS_MARITIME,2026-04-06
2021-06-28,119,HFO,43.95,15.9,381.6,24,358.6486,0.63,Rough,FMS_MARITIME,2026-04-06
2021-06-28,119,LSMGO,60.98,17.4,417.6,24,454.7216,0.7,Calm,FMS_MARITIME,2026-04-06
2021-06-01,120,VLSFO,54.27,8.9,213.6,24,791.1834,0.53,Moderate,FMS_MARITIME,2026-04-06
2021-06-02,120,VLSFO,33.28,9.4,225.6,24,459.3702,0.63,Moderate,FMS_MARITIME,2026-04-06
2021-06-03,120,LNG,69.84,10.3,247.2,24,879.7806,0.61,Calm,FMS_MARITIME,2026-04-06
2021-06-04,120,VLSFO,64.62,11.7,280.8,24,716.6192,0.48,Calm,FMS_MARITIME,2026-04-06
2021-06-05,120,MGO,73.13,9.3,223.2,24,1020.2815,0.54,Moderate,FMS_MARITIME,2026-04-06
2021-06-06,120,LSMGO,32.5,16.6,398.4,24,254.0286,0.75,Rough,FMS_MARITIME,2026-04-06
2021-06-07,120,LSMGO,66.63,17.0,408.0,24,508.5437,0.57,Calm,FMS_MARITIME,2026-04-06
2021-06-08,120,LNG,31.78,13.8,331.2,24,298.8011,0.44,Rough,FMS_MARITIME,2026-04-06
2021-06-09,120,VLSFO,32.2,13.1,314.4,24,318.9275,0.79,Calm,FMS_MARITIME,2026-04-06
2021-06-10,120,HFO,16.11,16.3,391.2,24,128.2376,0.88,Rough,FMS_MARITIME,2026-04-06
2021-06-11,120,HFO,60.22,17.5,420.0,24,446.4883,0.96,Moderate,FMS_MARITIME,2026-04-06
2021-06-12,120,HFO,83.21,17.7,424.8,24,609.9716,0.63,Calm,FMS_MARITIME,2026-04-06
2021-06-13,120,HFO,67.69,15.8,379.2,24,555.872,0.46,Calm,FMS_MARITIME,2026-04-06
2021-06-14,120,HFO,20.6,15.8,379.2,24,169.1677,0.47,Rough,FMS_MARITIME,2026-04-06
2021-06-15,120,HFO,20.21,9.6,230.4,24,273.1508,0.9,Rough,FMS_MARITIME,2026-04-06
2021-06-16,120,HFO,43.66,10.4,249.6,24,544.7005,0.65,Calm,FMS_MARITIME,2026-04-06
2021-06-17,120,VLSFO,18.93,12.7,304.8,24,193.399,0.74,Rough,FMS_MARITIME,2026-04-06
2021-06-18,120,HFO,40.25,14.9,357.6,24,350.4992,0.45,Rough,FMS_MARITIME,2026-04-06
2021-06-19,120,VLSFO,25.45,11.7,280.8,24,282.234,0.72,Calm,FMS_MARITIME,2026-04-06
2021-06-20,120,VLSFO,22.67,16.4,393.6,24,179.3556,0.91,Moderate,FMS_MARITIME,2026-04-06
2021-06-21,120,LSMGO,52.8,12.3,295.2,24,556.9756,0.82,Rough,FMS_MARITIME,2026-04-06
2021-06-22,120,VLSFO,18.89,8.1,194.4,24,302.5898,0.86,Rough,FMS_MARITIME,2026-04-06
2021-06-23,120,LSMGO,19.33,8.5,204.0,24,295.0668,0.72,Moderate,FMS_MARITIME,2026-04-06
2021-06-24,120,HFO,76.83,15.3,367.2,24,651.5485,0.75,Moderate,FMS_MARITIME,2026-04-06
2021-06-25,120,VLSFO,33.45,9.5,228.0,24,456.8566,0.69,Moderate,FMS_MARITIME,2026-04-06
2021-06-26,120,LNG,18.61,15.4,369.6,24,156.7953,0.73,Moderate,FMS_MARITIME,2026-04-06
2021-06-27,120,HFO,68.14,13.9,333.6,24,636.055,0.93,Moderate,FMS_MARITIME,2026-04-06
2021-06-28,120,MGO,45.67,17.3,415.2,24,342.525,0.95,Rough,FMS_MARITIME,2026-04-06
2021-06-28,120,HFO,84.89,13.0,312.0,24,847.2675,0.74,Moderate,FMS_MARITIME,2026-04-06
2021-06-28,120,LSMGO,52.16,9.2,220.8,24,735.6261,0.46,Moderate,FMS_MARITIME,2026-04-06
2021-06-01,121,HFO,35.29,17.7,424.8,24,258.6936,0.78,Rough,FMS_MARITIME,2026-04-06
2021-06-02,121,LNG,34.81,17.1,410.4,24,264.1285,0.94,Calm,FMS_MARITIME,2026-04-06
2021-06-03,121,LSMGO,28.64,17.2,412.8,24,216.0488,0.78,Calm,FMS_MARITIME,2026-04-06
2021-06-04,121,VLSFO,50.78,16.9,405.6,24,389.8642,0.65,Moderate,FMS_MARITIME,2026-04-06
2021-06-05,121,MGO,59.56,12.1,290.4,24,638.6702,0.64,Calm,FMS_MARITIME,2026-04-06
2021-06-06,121,LNG,84.57,13.5,324.0,24,812.8117,0.6,Moderate,FMS_MARITIME,2026-04-06
2021-06-07,121,MGO,61.74,14.4,345.6,24,556.3031,0.68,Calm,FMS_MARITIME,2026-04-06
2021-06-08,121,LSMGO,56.12,17.0,408.0,24,428.3276,0.4,Rough,FMS_MARITIME,2026-04-06
2021-06-09,121,MGO,18.26,17.6,422.4,24,134.6156,0.86,Rough,FMS_MARITIME,2026-04-06
2021-06-10,121,HFO,45.86,16.6,398.4,24,358.4539,0.52,Calm,FMS_MARITIME,2026-04-06
2021-06-11,121,LSMGO,77.25,11.7,280.8,24,856.6827,0.88,Moderate,FMS_MARITIME,2026-04-06
2021-06-12,121,LSMGO,39.35,9.7,232.8,24,526.357,0.43,Rough,FMS_MARITIME,2026-04-06
2021-06-13,121,HFO,15.59,8.8,211.2,24,229.8639,0.83,Rough,FMS_MARITIME,2026-04-06
2021-06-14,121,LNG,45.71,17.6,422.4,24,336.9814,0.93,Calm,FMS_MARITIME,2026-04-06
2021-06-15,121,HFO,46.57,11.8,283.2,24,512.0727,0.64,Rough,FMS_MARITIME,2026-04-06
2021-06-16,121,LSMGO,81.32,13.5,324.0,24,781.5756,0.86,Moderate,FMS_MARITIME,2026-04-06
2021-06-17,121,HFO,19.53,10.3,247.2,24,246.0211,0.56,Moderate,FMS_MARITIME,2026-04-06
2021-06-18,121,LSMGO,78.4,11.7,280.8,24,869.4359,0.5,Rough,FMS_MARITIME,2026-04-06
2021-06-19,121,VLSFO,65.53,12.7,304.8,24,669.4896,0.94,Moderate,FMS_MARITIME,2026-04-06
2021-06-20,121,VLSFO,17.13,9.5,228.0,24,233.9597,0.93,Moderate,FMS_MARITIME,2026-04-06
2021-06-21,121,VLSFO,28.15,16.6,398.4,24,220.0279,0.87,Rough,FMS_MARITIME,2026-04-06
2021-06-22,121,LSMGO,81.69,17.8,427.2,24,595.465,0.43,Calm,FMS_MARITIME,2026-04-06
2021-06-23,121,VLSFO,61.7,10.4,249.6,24,769.7668,0.8,Rough,FMS_MARITIME,2026-04-06
2021-06-24,121,LNG,50.03,17.7,424.8,24,366.7453,0.86,Calm,FMS_MARITIME,2026-04-06
2021-06-25,121,LNG,17.49,14.4,345.6,24,157.5922,0.9,Rough,FMS_MARITIME,2026-04-06
2021-06-26,121,MGO,55.53,12.0,288.0,24,600.4181,0.98,Moderate,FMS_MARITIME,2026-04-06
2021-06-27,121,LSMGO,25.16,10.0,240.0,24,326.451,0.65,Moderate,FMS_MARITIME,2026-04-06
2021-06-28,121,MGO,56.25,10.9,261.6,24,669.5814,0.71,Calm,FMS_MARITIME,2026-04-06
2021-06-28,121,VLSFO,48.91,9.8,235.2,24,647.5584,0.79,Rough,FMS_MARITIME,2026-04-06
2021-06-28,121,HFO,74.97,16.0,384.0,24,607.9598,0.9,Rough,FMS_MARITIME,2026-04-06
2021-06-01,122,HFO,36.91,8.8,211.2,24,544.2128,0.45,Moderate,FMS_MARITIME,2026-04-06
2021-06-02,122,HFO,55.78,14.7,352.8,24,492.3439,0.8,Rough,FMS_MARITIME,2026-04-06
2021-06-03,122,LNG,45.68,12.7,304.8,24,466.6913,0.41,Rough,FMS_MARITIME,2026-04-06
2021-06-04,122,MGO,63.19,10.3,247.2,24,796.01,0.65,Calm,FMS_MARITIME,2026-04-06
2021-06-05,122,HFO,82.15,16.7,400.8,24,638.2612,0.79,Calm,FMS_MARITIME,2026-04-06
2021-06-06,122,LSMGO,25.4,9.7,232.8,24,339.7577,0.99,Moderate,FMS_MARITIME,2026-04-06
2021-06-07,122,LSMGO,79.89,14.0,336.0,24,740.4091,0.46,Rough,FMS_MARITIME,2026-04-06
2021-06-08,122,VLSFO,21.76,15.2,364.8,24,185.7474,0.44,Calm,FMS_MARITIME,2026-04-06
2021-06-09,122,MGO,36.67,16.6,398.4,24,286.6224,0.83,Rough,FMS_MARITIME,2026-04-06
2021-06-10,122,LSMGO,78.76,9.3,223.2,24,1098.829,0.56,Moderate,FMS_MARITIME,2026-04-06
2021-06-11,122,MGO,67.5,13.7,328.8,24,639.2792,0.92,Calm,FMS_MARITIME,2026-04-06
2021-06-12,122,HFO,67.76,15.2,364.8,24,578.4118,1.0,Rough,FMS_MARITIME,2026-04-06
2021-06-13,122,HFO,76.68,12.0,288.0,24,829.1025,0.53,Calm,FMS_MARITIME,2026-04-06
2021-06-14,122,LSMGO,30.92,16.8,403.2,24,238.8018,0.75,Calm,FMS_MARITIME,2026-04-06
2021-06-15,122,LSMGO,41.73,16.2,388.8,24,334.2264,0.94,Calm,FMS_MARITIME,2026-04-06
2021-06-16,122,LSMGO,59.56,9.9,237.6,24,780.597,0.5,Moderate,FMS_MARITIME,2026-04-06
2021-06-17,122,HFO,61.92,13.0,312.0,24,618.0092,0.94,Moderate,FMS_MARITIME,2026-04-06
2021-06-18,122,MGO,22.62,14.7,352.8,24,199.6561,0.56,Rough,FMS_MARITIME,2026-04-06
2021-06-19,122,LSMGO,70.48,14.8,355.2,24,617.8905,0.93,Rough,FMS_MARITIME,2026-04-06
2021-06-20,122,VLSFO,70.55,8.2,196.8,24,1116.3247,0.8,Moderate,FMS_MARITIME,2026-04-06
2021-06-21,122,VLSFO,84.61,8.9,213.6,24,1233.4997,0.49,Calm,FMS_MARITIME,2026-04-06
2021-06-22,122,MGO,23.93,8.8,211.2,24,352.8315,0.86,Rough,FMS_MARITIME,2026-04-06
2021-06-23,122,VLSFO,84.25,11.1,266.4,24,984.8142,0.45,Calm,FMS_MARITIME,2026-04-06
2021-06-24,122,LNG,28.96,9.2,220.8,24,408.4304,0.5,Rough,FMS_MARITIME,2026-04-06
2021-06-25,122,HFO,55.02,14.1,338.4,24,506.3011,0.82,Moderate,FMS_MARITIME,2026-04-06
2021-06-26,122,HFO,37.78,15.2,364.8,24,322.497,0.48,Rough,FMS_MARITIME,2026-04-06
2021-06-27,122,LSMGO,32.55,9.1,218.4,24,464.1058,0.65,Calm,FMS_MARITIME,2026-04-06
2021-06-28,122,LNG,48.48,15.3,367.2,24,411.1294,0.91,Calm,FMS_MARITIME,2026-04-06
2021-06-28,122,LNG,49.58,10.6,254.4,24,606.8873,0.83,Moderate,FMS_MARITIME,2026-04-06
2021-06-28,122,MGO,28.98,16.5,396.0,24,227.8882,0.59,Rough,FMS_MARITIME,2026-04-06
2021-06-01,123,MGO,39.38,12.3,295.2,24,415.411,0.4,Moderate,FMS_MARITIME,2026-04-06
2021-06-02,123,HFO,55.6,16.2,388.8,24,445.3148,0.43,Moderate,FMS_MARITIME,2026-04-06
2021-06-03,123,HFO,32.3,15.5,372.0,24,270.3823,0.75,Calm,FMS_MARITIME,2026-04-06
2021-06-04,123,HFO,66.84,14.6,350.4,24,594.0062,0.86,Calm,FMS_MARITIME,2026-04-06
2021-06-05,123,LNG,30.33,11.8,283.2,24,333.5015,0.52,Moderate,FMS_MARITIME,2026-04-06
2021-06-06,123,LNG,72.87,13.9,333.6,24,680.2074,0.85,Calm,FMS_MARITIME,2026-04-06
2021-06-07,123,LSMGO,46.5,15.0,360.0,24,402.225,0.53,Rough,FMS_MARITIME,2026-04-06
2021-06-08,123,LNG,81.73,16.3,391.2,24,650.5808,0.52,Calm,FMS_MARITIME,2026-04-06
2021-06-09,123,LSMGO,27.61,13.8,331.2,24,259.594,0.88,Calm,FMS_MARITIME,2026-04-06
2021-06-10,123,MGO,16.8,15.4,369.6,24,141.5455,0.73,Moderate,FMS_MARITIME,2026-04-06
2021-06-11,123,LNG,46.17,9.0,216.0,24,665.6175,0.75,Moderate,FMS_MARITIME,2026-04-06
2021-06-12,123,VLSFO,34.82,17.1,410.4,24,264.2044,0.68,Rough,FMS_MARITIME,2026-04-06
2021-06-13,123,LNG,25.17,11.7,280.8,24,279.1288,0.78,Rough,FMS_MARITIME,2026-04-06
2021-06-14,123,LNG,28.64,14.7,352.8,24,252.7918,0.64,Rough,FMS_MARITIME,2026-04-06
2021-06-15,123,MGO,57.69,13.4,321.6,24,558.6028,0.59,Rough,FMS_MARITIME,2026-04-06
2021-06-16,123,HFO,31.32,10.9,261.6,24,372.8229,0.75,Moderate,FMS_MARITIME,2026-04-06
2021-06-17,123,LNG,45.06,10.6,254.4,24,551.5599,0.88,Rough,FMS_MARITIME,2026-04-06
2021-06-18,123,VLSFO,40.0,17.0,408.0,24,305.2941,0.95,Rough,FMS_MARITIME,2026-04-06
2021-06-19,123,HFO,66.52,13.7,328.8,24,629.9978,0.66,Moderate,FMS_MARITIME,2026-04-06
2021-06-20,123,HFO,49.77,13.9,333.6,24,464.5797,0.95,Moderate,FMS_MARITIME,2026-04-06
2021-06-21,123,VLSFO,35.13,13.6,326.4,24,335.1557,0.67,Moderate,FMS_MARITIME,2026-04-06
2021-06-22,123,HFO,53.67,11.5,276.0,24,605.5376,0.87,Rough,FMS_MARITIME,2026-04-06
2021-06-23,123,MGO,72.97,11.5,276.0,24,823.292,0.45,Calm,FMS_MARITIME,2026-04-06
2021-06-24,123,LSMGO,60.72,9.3,223.2,24,847.1419,0.86,Calm,FMS_MARITIME,2026-04-06
2021-06-25,123,VLSFO,78.7,15.4,369.6,24,663.0731,0.97,Moderate,FMS_MARITIME,2026-04-06
2021-06-26,123,VLSFO,80.19,9.8,235.2,24,1061.6992,0.54,Calm,FMS_MARITIME,2026-04-06
2021-06-27,123,MGO,63.79,16.5,396.0,24,501.6214,0.51,Rough,FMS_MARITIME,2026-04-06
2021-06-28,123,MGO,72.49,14.5,348.0,24,648.6605,0.89,Moderate,FMS_MARITIME,2026-04-06
2021-06-28,123,LNG,52.17,10.6,254.4,24,638.5903,0.55,Calm,FMS_MARITIME,2026-04-06
2021-06-28,123,LSMGO,31.24,10.6,254.4,24,382.3953,0.68,Rough,FMS_MARITIME,2026-04-06
2021-06-01,124,VLSFO,56.82,16.4,393.6,24,449.5363,0.58,Moderate,FMS_MARITIME,2026-04-06
2021-06-02,124,HFO,23.94,13.1,314.4,24,237.1156,0.93,Rough,FMS_MARITIME,2026-04-06
2021-06-03,124,HFO,70.57,13.9,333.6,24,658.7379,0.56,Moderate,FMS_MARITIME,2026-04-06
2021-06-04,124,MGO,40.25,12.2,292.8,24,428.0686,0.75,Moderate,FMS_MARITIME,2026-04-06
2021-06-05,124,HFO,49.35,12.5,300.0,24,512.253,0.76,Calm,FMS_MARITIME,2026-04-06
2021-06-06,124,VLSFO,31.22,16.2,388.8,24,250.0491,0.4,Calm,FMS_MARITIME,2026-04-06
2021-06-07,124,LNG,84.25,11.8,283.2,24,926.393,0.78,Moderate,FMS_MARITIME,2026-04-06
2021-06-08,124,LSMGO,40.35,15.3,367.2,24,342.1838,0.68,Rough,FMS_MARITIME,2026-04-06
2021-06-09,124,MGO,46.43,15.3,367.2,24,393.7446,0.88,Calm,FMS_MARITIME,2026-04-06
2021-06-10,124,MGO,58.29,8.3,199.2,24,911.2202,0.9,Calm,FMS_MARITIME,2026-04-06
2021-06-11,124,LSMGO,70.29,8.8,211.2,24,1036.3781,0.86,Moderate,FMS_MARITIME,2026-04-06
2021-06-12,124,MGO,46.99,9.9,237.6,24,615.8538,0.41,Moderate,FMS_MARITIME,2026-04-06
2021-06-13,124,MGO,79.73,16.0,384.0,24,646.5605,0.98,Rough,FMS_MARITIME,2026-04-06
2021-06-14,124,MGO,70.47,10.6,254.4,24,862.5927,0.5,Rough,FMS_MARITIME,2026-04-06
2021-06-15,124,HFO,36.9,12.6,302.4,24,379.9821,0.56,Calm,FMS_MARITIME,2026-04-06
2021-06-16,124,MGO,20.81,14.3,343.2,24,188.818,0.98,Rough,FMS_MARITIME,2026-04-06
2021-06-17,124,LSMGO,77.81,14.6,350.4,24,691.4964,0.56,Moderate,FMS_MARITIME,2026-04-06
2021-06-18,124,VLSFO,81.54,17.1,410.4,24,618.7026,0.49,Calm,FMS_MARITIME,2026-04-06
2021-06-19,124,LNG,61.64,15.6,374.4,24,512.6788,0.46,Rough,FMS_MARITIME,2026-04-06
2021-06-20,124,VLSFO,64.4,12.3,295.2,24,679.3415,0.98,Moderate,FMS_MARITIME,2026-04-06
2021-06-21,124,LNG,38.66,16.1,386.4,24,311.5612,0.65,Moderate,FMS_MARITIME,2026-04-06
2021-06-22,124,VLSFO,74.28,10.9,261.6,24,884.2046,0.97,Moderate,FMS_MARITIME,2026-04-06
2021-06-23,124,HFO,44.83,17.1,410.4,24,340.1575,0.48,Moderate,FMS_MARITIME,2026-04-06
2021-06-24,124,LNG,26.35,16.5,396.0,24,207.2068,0.68,Calm,FMS_MARITIME,2026-04-06
2021-06-25,124,LSMGO,16.77,8.7,208.8,24,250.1043,0.63,Moderate,FMS_MARITIME,2026-04-06
2021-06-26,124,MGO,46.63,9.4,225.6,24,643.6428,0.41,Calm,FMS_MARITIME,2026-04-06
2021-06-27,124,HFO,60.27,8.7,208.8,24,898.8543,0.9,Calm,FMS_MARITIME,2026-04-06
2021-06-28,124,HFO,40.16,8.4,201.6,24,620.3286,0.45,Moderate,FMS_MARITIME,2026-04-06
2021-06-28,124,LSMGO,21.04,10.0,240.0,24,272.994,0.87,Rough,FMS_MARITIME,2026-04-06
2021-06-28,124,VLSFO,71.66,10.7,256.8,24,868.9612,0.97,Moderate,FMS_MARITIME,2026-04-06
2021-06-01,125,MGO,33.34,9.6,230.4,24,450.6109,0.76,Moderate,FMS_MARITIME,2026-04-06
2021-06-02,125,HFO,80.1,10.9,261.6,24,953.4839,0.74,Moderate,FMS_MARITIME,2026-04-06
2021-06-03,125,LNG,78.57,13.8,331.2,24,738.7288,0.41,Moderate,FMS_MARITIME,2026-04-06
2021-06-04,125,VLSFO,20.05,9.6,230.4,24,270.9883,0.89,Moderate,FMS_MARITIME,2026-04-06
2021-06-05,125,LSMGO,49.13,13.3,319.2,24,479.2945,0.93,Rough,FMS_MARITIME,2026-04-06
2021-06-06,125,LNG,49.81,12.3,295.2,24,525.4348,0.64,Rough,FMS_MARITIME,2026-04-06
2021-06-07,125,HFO,43.4,15.5,372.0,24,363.3,0.51,Rough,FMS_MARITIME,2026-04-06
2021-06-08,125,LSMGO,57.5,14.3,343.2,24,521.722,0.9,Calm,FMS_MARITIME,2026-04-06
2021-06-09,125,HFO,40.06,15.9,381.6,24,326.9047,0.44,Moderate,FMS_MARITIME,2026-04-06
2021-06-10,125,VLSFO,60.05,13.2,316.8,24,590.2642,0.94,Calm,FMS_MARITIME,2026-04-06
2021-06-11,125,HFO,27.55,10.3,247.2,24,347.0498,0.99,Calm,FMS_MARITIME,2026-04-06
2021-06-12,125,MGO,15.13,12.8,307.2,24,153.3686,0.7,Calm,FMS_MARITIME,2026-04-06
2021-06-13,125,LNG,66.4,12.3,295.2,24,700.439,0.77,Rough,FMS_MARITIME,2026-04-06
2021-06-14,125,LSMGO,42.76,17.1,410.4,24,324.4509,0.96,Moderate,FMS_MARITIME,2026-04-06
2021-06-15,125,HFO,16.52,9.4,225.6,24,228.0287,0.6,Calm,FMS_MARITIME,2026-04-06
2021-06-16,125,VLSFO,57.22,15.2,364.8,24,488.4405,0.8,Moderate,FMS_MARITIME,2026-04-06
2021-06-17,125,MGO,29.37,17.7,424.8,24,215.297,0.58,Moderate,FMS_MARITIME,2026-04-06
2021-06-18,125,VLSFO,37.74,11.6,278.4,24,422.1349,0.57,Rough,FMS_MARITIME,2026-04-06
2021-06-19,125,LNG,75.04,8.7,208.8,24,1119.131,0.55,Calm,FMS_MARITIME,2026-04-06
2021-06-20,125,HFO,74.13,16.7,400.8,24,575.9501,0.55,Calm,FMS_MARITIME,2026-04-06
2021-06-21,125,HFO,66.56,13.4,321.6,24,644.4896,0.71,Calm,FMS_MARITIME,2026-04-06
2021-06-22,125,HFO,60.01,8.4,201.6,24,926.9402,0.57,Rough,FMS_MARITIME,2026-04-06
2021-06-23,125,LNG,26.93,17.0,408.0,24,205.5393,0.79,Moderate,FMS_MARITIME,2026-04-06
2021-06-24,125,LSMGO,26.86,17.0,408.0,24,205.005,0.89,Calm,FMS_MARITIME,2026-04-06
2021-06-25,125,VLSFO,49.15,12.4,297.6,24,514.2913,0.71,Rough,FMS_MARITIME,2026-04-06
2021-06-26,125,MGO,72.08,15.4,369.6,24,607.2974,0.99,Moderate,FMS_MARITIME,2026-04-06
2021-06-27,125,VLSFO,26.22,15.7,376.8,24,216.6908,0.4,Moderate,FMS_MARITIME,2026-04-06
2021-06-28,125,LSMGO,54.96,17.5,420.0,24,407.4891,0.58,Moderate,FMS_MARITIME,2026-04-06
2021-06-28,125,LSMGO,17.25,11.7,280.8,24,191.2981,0.86,Moderate,FMS_MARITIME,2026-04-06
2021-06-28,125,VLSFO,38.95,12.3,295.2,24,410.875,0.46,Calm,FMS_MARITIME,2026-04-06
2021-06-01,126,VLSFO,20.21,12.6,302.4,24,208.1149,0.51,Moderate,FMS_MARITIME,2026-04-06
2021-06-02,126,VLSFO,65.14,10.4,249.6,24,812.6841,0.67,Calm,FMS_MARITIME,2026-04-06
2021-06-03,126,LNG,33.8,10.6,254.4,24,413.7311,0.86,Moderate,FMS_MARITIME,2026-04-06
2021-06-04,126,LNG,73.35,12.8,307.2,24,743.5283,0.85,Calm,FMS_MARITIME,2026-04-06
2021-06-05,126,LSMGO,72.45,11.4,273.6,24,824.5954,0.72,Rough,FMS_MARITIME,2026-04-06
2021-06-06,126,VLSFO,75.77,16.1,386.4,24,610.6309,0.46,Calm,FMS_MARITIME,2026-04-06
2021-06-07,126,LNG,71.64,16.5,396.0,24,563.3509,0.71,Moderate,FMS_MARITIME,2026-04-06
2021-06-08,126,LSMGO,36.44,9.5,228.0,24,497.6937,0.55,Rough,FMS_MARITIME,2026-04-06
2021-06-09,126,MGO,45.9,16.2,388.8,24,367.625,0.52,Rough,FMS_MARITIME,2026-04-06
2021-06-10,126,LSMGO,71.67,15.3,367.2,24,607.7897,0.91,Moderate,FMS_MARITIME,2026-04-06
2021-06-11,126,VLSFO,70.25,8.1,194.4,24,1125.3009,0.76,Calm,FMS_MARITIME,2026-04-06
2021-06-12,126,LSMGO,34.25,13.2,316.8,24,336.6619,0.41,Calm,FMS_MARITIME,2026-04-06
2021-06-13,126,LSMGO,62.36,15.8,379.2,24,512.1019,0.8,Moderate,FMS_MARITIME,2026-04-06
2021-06-14,126,LNG,52.77,17.0,408.0,24,402.7593,0.63,Moderate,FMS_MARITIME,2026-04-06
2021-06-15,126,MGO,37.57,12.2,292.8,24,399.5662,0.9,Rough,FMS_MARITIME,2026-04-06
2021-06-16,126,VLSFO,72.29,9.0,216.0,24,1042.1808,0.43,Calm,FMS_MARITIME,2026-04-06
2021-06-17,126,LNG,38.27,13.4,321.6,24,370.5621,0.93,Moderate,FMS_MARITIME,2026-04-06
2021-06-18,126,MGO,62.36,14.4,345.6,24,561.8896,0.57,Moderate,FMS_MARITIME,2026-04-06
2021-06-19,126,LSMGO,79.64,17.5,420.0,24,590.4737,0.48,Calm,FMS_MARITIME,2026-04-06
2021-06-20,126,HFO,64.82,12.9,309.6,24,651.9686,0.45,Moderate,FMS_MARITIME,2026-04-06
2021-06-21,126,LNG,45.47,12.9,309.6,24,457.3436,1.0,Moderate,FMS_MARITIME,2026-04-06
2021-06-22,126,LSMGO,48.18,15.7,376.8,24,398.1755,0.9,Rough,FMS_MARITIME,2026-04-06
2021-06-23,126,MGO,30.39,14.9,357.6,24,264.6378,0.81,Rough,FMS_MARITIME,2026-04-06
2021-06-24,126,LNG,60.82,11.1,266.4,24,710.9365,0.43,Rough,FMS_MARITIME,2026-04-06
2021-06-25,126,MGO,76.38,9.3,223.2,24,1065.6242,0.55,Moderate,FMS_MARITIME,2026-04-06
2021-06-26,126,VLSFO,19.07,10.3,247.2,24,240.2265,0.84,Rough,FMS_MARITIME,2026-04-06
2021-06-27,126,HFO,25.13,12.2,292.8,24,267.2637,0.95,Calm,FMS_MARITIME,2026-04-06
2021-06-28,126,LSMGO,84.53,16.5,396.0,24,664.7132,0.91,Calm,FMS_MARITIME,2026-04-06
2021-06-28,126,VLSFO,37.15,8.8,211.2,24,547.7514,0.68,Calm,FMS_MARITIME,2026-04-06
2021-06-28,126,MGO,20.64,8.2,196.8,24,326.5902,0.86,Rough,FMS_MARITIME,2026-04-06
2021-06-01,127,MGO,44.28,15.8,379.2,24,363.6285,0.43,Calm,FMS_MARITIME,2026-04-06
2021-06-02,127,MGO,35.15,11.1,266.4,24,410.875,0.84,Calm,FMS_MARITIME,2026-04-06
2021-06-03,127,HFO,44.47,15.2,364.8,24,379.6041,0.53,Calm,FMS_MARITIME,2026-04-06
2021-06-04,127,MGO,26.34,17.7,424.8,24,193.0856,0.41,Moderate,FMS_MARITIME,2026-04-06
2021-06-05,127,LSMGO,15.26,9.0,216.0,24,219.9983,0.44,Calm,FMS_MARITIME,2026-04-06
2021-06-06,127,VLSFO,75.82,16.0,384.0,24,614.8528,0.63,Rough,FMS_MARITIME,2026-04-06
2021-06-07,127,HFO,22.35,16.2,388.8,24,179.0069,0.72,Calm,FMS_MARITIME,2026-04-06
2021-06-08,127,VLSFO,62.26,13.8,331.2,24,585.3793,0.73,Rough,FMS_MARITIME,2026-04-06
2021-06-09,127,MGO,22.13,9.0,216.0,24,319.0408,0.51,Calm,FMS_MARITIME,2026-04-06
2021-06-10,127,HFO,24.45,15.9,381.6,24,199.5212,0.93,Rough,FMS_MARITIME,2026-04-06
2021-06-11,127,LSMGO,43.52,14.4,345.6,24,392.1333,0.88,Rough,FMS_MARITIME,2026-04-06
2021-06-12,127,HFO,78.04,13.1,314.4,24,772.9534,0.73,Rough,FMS_MARITIME,2026-04-06
2021-06-13,127,MGO,41.94,12.1,290.4,24,449.7285,0.5,Moderate,FMS_MARITIME,2026-04-06
2021-06-14,127,HFO,43.12,16.2,388.8,24,345.3593,0.78,Rough,FMS_MARITIME,2026-04-06
2021-06-15,127,LSMGO,51.31,14.4,345.6,24,462.3245,0.68,Moderate,FMS_MARITIME,2026-04-06
2021-06-16,127,LNG,28.02,12.0,288.0,24,302.9662,0.57,Rough,FMS_MARITIME,2026-04-06
2021-06-17,127,HFO,39.07,16.3,391.2,24,311.002,0.64,Calm,FMS_MARITIME,2026-04-06
2021-06-18,127,HFO,29.15,13.5,324.0,24,280.1639,0.94,Moderate,FMS_MARITIME,2026-04-06
2021-06-19,127,LNG,23.51,10.4,249.6,24,293.3099,0.72,Rough,FMS_MARITIME,2026-04-06
2021-06-20,127,HFO,19.25,15.1,362.4,24,165.4098,0.42,Calm,FMS_MARITIME,2026-04-06
2021-06-21,127,MGO,79.77,9.8,235.2,24,1056.1385,0.94,Rough,FMS_MARITIME,2026-04-06
2021-06-22,127,VLSFO,34.97,9.1,218.4,24,498.6107,0.97,Moderate,FMS_MARITIME,2026-04-06
2021-06-23,127,LSMGO,84.2,15.5,372.0,24,704.8355,0.79,Calm,FMS_MARITIME,2026-04-06
2021-06-24,127,MGO,51.08,13.0,312.0,24,509.8177,0.96,Rough,FMS_MARITIME,2026-04-06
2021-06-25,127,LNG,30.85,15.5,372.0,24,258.2444,0.69,Moderate,FMS_MARITIME,2026-04-06
2021-06-26,127,VLSFO,21.0,10.3,247.2,24,264.5388,0.45,Calm,FMS_MARITIME,2026-04-06
2021-06-27,127,HFO,27.9,8.1,194.4,24,446.9167,0.7,Rough,FMS_MARITIME,2026-04-06
2021-06-28,127,MGO,54.75,8.8,211.2,24,807.2514,0.42,Calm,FMS_MARITIME,2026-04-06
2021-06-28,127,VLSFO,42.31,12.8,307.2,24,428.8846,0.45,Rough,FMS_MARITIME,2026-04-06
2021-06-28,127,LSMGO,25.52,17.1,410.4,24,193.6386,0.9,Rough,FMS_MARITIME,2026-04-06
2021-06-01,128,HFO,44.92,9.8,235.2,24,594.7316,0.87,Calm,FMS_MARITIME,2026-04-06
2021-06-02,128,LSMGO,15.44,10.7,256.8,24,187.228,0.56,Rough,FMS_MARITIME,2026-04-06
2021-06-03,128,MGO,55.94,15.7,376.8,24,462.3067,0.46,Calm,FMS_MARITIME,2026-04-06
2021-06-04,128,LNG,55.98,16.5,396.0,24,440.2064,0.89,Moderate,FMS_MARITIME,2026-04-06
2021-06-05,128,LNG,66.14,13.9,333.6,24,617.386,0.69,Moderate,FMS_MARITIME,2026-04-06
2021-06-06,128,LNG,56.65,13.4,321.6,24,548.5326,0.7,Calm,FMS_MARITIME,2026-04-06
2021-06-07,128,HFO,58.87,17.6,422.4,24,433.999,0.74,Calm,FMS_MARITIME,2026-04-06
2021-06-08,128,MGO,29.71,15.4,369.6,24,250.3164,0.78,Calm,FMS_MARITIME,2026-04-06
2021-06-09,128,LSMGO,39.82,17.8,427.2,24,290.261,0.79,Calm,FMS_MARITIME,2026-04-06
2021-06-10,128,HFO,53.64,11.5,276.0,24,605.1991,0.76,Moderate,FMS_MARITIME,2026-04-06
2021-06-11,128,MGO,52.05,11.5,276.0,24,587.2598,0.93,Rough,FMS_MARITIME,2026-04-06
2021-06-12,128,VLSFO,21.12,8.1,194.4,24,338.3111,0.85,Moderate,FMS_MARITIME,2026-04-06
2021-06-13,128,MGO,31.01,17.9,429.6,24,224.7792,0.95,Calm,FMS_MARITIME,2026-04-06
2021-06-14,128,HFO,21.74,14.7,352.8,24,191.8888,0.5,Moderate,FMS_MARITIME,2026-04-06
2021-06-15,128,LNG,51.72,12.6,302.4,24,532.5929,0.61,Rough,FMS_MARITIME,2026-04-06
2021-06-16,128,LNG,32.6,14.7,352.8,24,287.7449,0.89,Calm,FMS_MARITIME,2026-04-06
2021-06-17,128,LSMGO,61.25,16.8,403.2,24,473.0469,0.71,Moderate,FMS_MARITIME,2026-04-06
2021-06-18,128,LNG,77.32,12.6,302.4,24,796.2119,0.65,Rough,FMS_MARITIME,2026-04-06
2021-06-19,128,LNG,58.62,8.5,204.0,24,894.8171,0.59,Rough,FMS_MARITIME,2026-04-06
2021-06-20,128,HFO,49.65,11.9,285.6,24,541.3519,0.87,Calm,FMS_MARITIME,2026-04-06
2021-06-21,128,LNG,53.8,8.6,206.4,24,811.6919,0.71,Rough,FMS_MARITIME,2026-04-06
2021-06-22,128,LSMGO,66.09,10.5,252.0,24,816.6836,0.63,Moderate,FMS_MARITIME,2026-04-06
2021-06-23,128,LNG,74.9,15.9,381.6,24,611.2123,0.79,Moderate,FMS_MARITIME,2026-04-06
2021-06-24,128,LSMGO,46.89,10.3,247.2,24,590.6774,0.46,Rough,FMS_MARITIME,2026-04-06
2021-06-25,128,HFO,50.76,9.8,235.2,24,672.052,0.92,Moderate,FMS_MARITIME,2026-04-06
2021-06-26,128,LSMGO,52.64,11.5,276.0,24,593.9165,0.8,Calm,FMS_MARITIME,2026-04-06
2021-06-27,128,VLSFO,64.84,15.5,372.0,24,542.7735,0.89,Moderate,FMS_MARITIME,2026-04-06
2021-06-28,128,LSMGO,74.03,10.7,256.8,24,897.7002,0.6,Rough,FMS_MARITIME,2026-04-06
2021-06-28,128,LNG,47.01,17.5,420.0,24,348.5456,0.48,Calm,FMS_MARITIME,2026-04-06
2021-06-28,128,HFO,69.38,13.2,316.8,24,681.9739,0.61,Rough,FMS_MARITIME,2026-04-06
2021-06-01,129,HFO,53.89,16.2,388.8,24,431.619,0.95,Rough,FMS_MARITIME,2026-04-06
2021-06-02,129,MGO,83.18,14.1,338.4,24,765.433,0.72,Rough,FMS_MARITIME,2026-04-06
2021-06-03,129,VLSFO,41.88,10.6,254.4,24,512.6349,0.9,Calm,FMS_MARITIME,2026-04-06
2021-06-04,129,HFO,25.22,17.4,417.6,24,188.0629,0.72,Rough,FMS_MARITIME,2026-04-06
2021-06-05,129,MGO,35.11,15.4,369.6,24,295.8131,0.95,Rough,FMS_MARITIME,2026-04-06
2021-06-06,129,MGO,53.95,14.5,348.0,24,482.7595,0.49,Calm,FMS_MARITIME,2026-04-06
2021-06-07,129,VLSFO,67.26,13.9,333.6,24,627.8406,0.48,Calm,FMS_MARITIME,2026-04-06
2021-06-08,129,HFO,67.92,12.7,304.8,24,693.9071,0.89,Calm,FMS_MARITIME,2026-04-06
2021-06-09,129,HFO,59.02,12.1,290.4,24,632.8798,0.54,Calm,FMS_MARITIME,2026-04-06
2021-06-10,129,LSMGO,61.12,14.7,352.8,24,539.4776,0.82,Moderate,FMS_MARITIME,2026-04-06
2021-06-11,129,LNG,29.69,16.1,386.4,24,239.2719,0.95,Calm,FMS_MARITIME,2026-04-06
2021-06-12,129,VLSFO,79.81,14.0,336.0,24,739.6677,0.97,Moderate,FMS_MARITIME,2026-04-06
2021-06-13,129,HFO,77.72,17.8,427.2,24,566.5264,0.8,Rough,FMS_MARITIME,2026-04-06
2021-06-14,129,LSMGO,72.68,12.7,304.8,24,742.5378,0.64,Calm,FMS_MARITIME,2026-04-06
2021-06-15,129,MGO,71.81,9.5,228.0,24,980.7734,0.65,Rough,FMS_MARITIME,2026-04-06
2021-06-16,129,HFO,47.38,15.1,362.4,24,407.1228,0.83,Calm,FMS_MARITIME,2026-04-06
2021-06-17,129,LNG,63.73,14.5,348.0,24,570.2736,0.92,Rough,FMS_MARITIME,2026-04-06
2021-06-18,129,HFO,51.68,14.2,340.8,24,472.2169,0.87,Moderate,FMS_MARITIME,2026-04-06
2021-06-19,129,LSMGO,20.63,13.8,331.2,24,193.9668,0.8,Rough,FMS_MARITIME,2026-04-06
2021-06-20,129,HFO,63.1,16.5,396.0,24,496.1955,0.66,Rough,FMS_MARITIME,2026-04-06
2021-06-21,129,LNG,74.01,15.5,372.0,24,619.5353,0.72,Calm,FMS_MARITIME,2026-04-06
2021-06-22,129,VLSFO,63.15,14.9,357.6,24,549.9136,0.65,Rough,FMS_MARITIME,2026-04-06
2021-06-23,129,LNG,18.75,17.8,427.2,24,136.6749,0.54,Rough,FMS_MARITIME,2026-04-06
2021-06-24,129,VLSFO,59.5,14.2,340.8,24,543.6708,0.71,Rough,FMS_MARITIME,2026-04-06
2021-06-25,129,LSMGO,16.9,9.4,225.6,24,233.2739,0.95,Rough,FMS_MARITIME,2026-04-06
2021-06-26,129,HFO,25.39,11.0,264.0,24,299.4866,0.63,Moderate,FMS_MARITIME,2026-04-06
2021-06-27,129,HFO,60.74,15.8,379.2,24,498.7984,0.85,Moderate,FMS_MARITIME,2026-04-06
2021-06-28,129,HFO,68.86,8.4,201.6,24,1063.6411,0.78,Rough,FMS_MARITIME,2026-04-06
2021-06-28,129,HFO,78.86,12.7,304.8,24,805.676,0.91,Rough,FMS_MARITIME,2026-04-06
2021-06-28,129,VLSFO,59.55,10.9,261.6,24,708.8635,0.76,Calm,FMS_MARITIME,2026-04-06
2021-06-01,130,VLSFO,44.92,17.2,412.8,24,338.8587,0.41,Moderate,FMS_MARITIME,2026-04-06
2021-06-02,130,VLSFO,59.85,16.1,386.4,24,482.3315,0.58,Calm,FMS_MARITIME,2026-04-06
2021-06-03,130,VLSFO,49.64,17.5,420.0,24,368.0451,0.95,Moderate,FMS_MARITIME,2026-04-06
2021-06-04,130,VLSFO,78.97,14.2,340.8,24,721.5745,0.54,Calm,FMS_MARITIME,2026-04-06
2021-06-05,130,VLSFO,42.86,17.0,408.0,24,327.1226,0.54,Moderate,FMS_MARITIME,2026-04-06
2021-06-06,130,VLSFO,84.01,17.6,422.4,24,619.3351,0.71,Calm,FMS_MARITIME,2026-04-06
2021-06-07,130,VLSFO,77.23,10.0,240.0,24,1002.0593,0.69,Rough,FMS_MARITIME,2026-04-06
2021-06-08,130,LNG,73.64,13.1,314.4,24,729.3733,0.68,Moderate,FMS_MARITIME,2026-04-06
2021-06-09,130,HFO,81.52,13.3,319.2,24,795.2797,0.77,Calm,FMS_MARITIME,2026-04-06
2021-06-10,130,HFO,20.63,9.6,230.4,24,278.8273,0.62,Calm,FMS_MARITIME,2026-04-06
2021-06-11,130,LSMGO,49.54,10.4,249.6,24,618.0591,0.8,Moderate,FMS_MARITIME,2026-04-06
2021-06-12,130,LSMGO,66.61,13.5,324.0,24,640.1961,0.45,Calm,FMS_MARITIME,2026-04-06
2021-06-13,130,HFO,79.73,17.8,427.2,24,581.1779,0.6,Calm,FMS_MARITIME,2026-04-06
2021-06-14,130,HFO,29.69,17.7,424.8,24,217.6428,0.76,Moderate,FMS_MARITIME,2026-04-06
2021-06-15,130,LSMGO,41.77,9.7,232.8,24,558.7276,0.89,Rough,FMS_MARITIME,2026-04-06
2021-06-16,130,MGO,84.29,17.6,422.4,24,621.3993,0.68,Rough,FMS_MARITIME,2026-04-06
2021-06-17,130,LNG,63.78,13.2,316.8,24,626.9284,0.94,Rough,FMS_MARITIME,2026-04-06
2021-06-18,130,HFO,62.72,11.1,266.4,24,733.1459,0.45,Moderate,FMS_MARITIME,2026-04-06
2021-06-19,130,MGO,47.83,13.7,328.8,24,452.9885,0.68,Calm,FMS_MARITIME,2026-04-06
2021-06-20,130,LSMGO,59.89,17.5,420.0,24,444.0416,0.68,Moderate,FMS_MARITIME,2026-04-06
2021-06-21,130,MGO,51.11,14.6,350.4,24,454.2139,0.6,Calm,FMS_MARITIME,2026-04-06
2021-06-22,130,VLSFO,45.94,12.1,290.4,24,492.6211,0.77,Moderate,FMS_MARITIME,2026-04-06
2021-06-23,130,LNG,63.61,11.9,285.6,24,693.5628,0.55,Rough,FMS_MARITIME,2026-04-06
2021-06-24,130,LNG,57.58,10.4,249.6,24,718.3659,0.97,Moderate,FMS_MARITIME,2026-04-06
2021-06-25,130,LSMGO,84.58,10.6,254.4,24,1035.3071,0.62,Calm,FMS_MARITIME,2026-04-06
2021-06-26,130,LNG,70.91,16.7,400.8,24,550.9325,0.46,Moderate,FMS_MARITIME,2026-04-06
2021-06-27,130,MGO,34.86,17.0,408.0,24,266.0638,0.74,Calm,FMS_MARITIME,2026-04-06
2021-06-28,130,LNG,27.03,14.2,340.8,24,246.9819,0.86,Moderate,FMS_MARITIME,2026-04-06
2021-06-28,130,HFO,66.57,17.3,415.2,24,499.275,0.81,Rough,FMS_MARITIME,2026-04-06
2021-06-28,130,MGO,39.01,9.4,225.6,24,538.4625,0.86,Rough,FMS_MARITIME,2026-04-06
2021-06-01,131,VLSFO,36.42,11.4,273.6,24,414.5171,0.61,Rough,FMS_MARITIME,2026-04-06
2021-06-02,131,HFO,40.4,16.3,391.2,24,321.589,0.54,Rough,FMS_MARITIME,2026-04-06
2021-06-03,131,HFO,51.43,11.7,280.8,24,570.3455,0.88,Calm,FMS_MARITIME,2026-04-06
2021-06-04,131,VLSFO,54.86,10.9,261.6,24,653.0353,0.68,Moderate,FMS_MARITIME,2026-04-06
2021-06-05,131,LNG,18.97,15.1,362.4,24,163.0038,0.45,Moderate,FMS_MARITIME,2026-04-06
2021-06-06,131,LNG,19.52,14.8,355.2,24,171.1297,0.56,Calm,FMS_MARITIME,2026-04-06
2021-06-07,131,VLSFO,34.07,8.9,213.6,24,496.6947,0.87,Calm,FMS_MARITIME,2026-04-06
2021-06-08,131,MGO,51.87,13.7,328.8,24,491.2505,0.48,Calm,FMS_MARITIME,2026-04-06
2021-06-09,131,LNG,25.09,11.7,280.8,24,278.2417,0.8,Rough,FMS_MARITIME,2026-04-06
2021-06-10,131,VLSFO,73.69,11.0,264.0,24,869.207,0.99,Calm,FMS_MARITIME,2026-04-06
2021-06-11,131,MGO,39.69,12.0,288.0,24,429.1481,0.56,Rough,FMS_MARITIME,2026-04-06
2021-06-12,131,LSMGO,40.59,9.7,232.8,24,542.9436,0.45,Calm,FMS_MARITIME,2026-04-06
2021-06-13,131,LSMGO,78.74,13.9,333.6,24,735.0011,0.9,Moderate,FMS_MARITIME,2026-04-06
2021-06-14,131,HFO,28.9,16.1,386.4,24,232.9053,0.98,Calm,FMS_MARITIME,2026-04-06
2021-06-15,131,LSMGO,34.73,11.9,285.6,24,378.6737,0.62,Rough,FMS_MARITIME,2026-04-06
2021-06-16,131,HFO,42.8,10.0,240.0,24,555.33,0.42,Rough,FMS_MARITIME,2026-04-06
2021-06-17,131,VLSFO,84.11,8.6,206.4,24,1268.9852,0.86,Rough,FMS_MARITIME,2026-04-06
2021-06-18,131,LNG,68.79,14.6,350.4,24,611.3358,0.98,Moderate,FMS_MARITIME,2026-04-06
2021-06-19,131,LNG,44.02,11.0,264.0,24,519.2359,0.81,Calm,FMS_MARITIME,2026-04-06
2021-06-20,131,LNG,58.35,12.1,290.4,24,625.6952,0.67,Calm,FMS_MARITIME,2026-04-06
2021-06-21,131,LSMGO,58.13,10.5,252.0,24,718.3207,0.75,Moderate,FMS_MARITIME,2026-04-06
2021-06-22,131,VLSFO,55.17,12.8,307.2,24,559.2428,0.91,Calm,FMS_MARITIME,2026-04-06
2021-06-23,131,MGO,21.87,16.5,396.0,24,171.9777,0.62,Rough,FMS_MARITIME,2026-04-06
2021-06-24,131,VLSFO,24.35,10.6,254.4,24,298.0578,0.72,Calm,FMS_MARITIME,2026-04-06
2021-06-25,131,HFO,56.24,13.8,331.2,24,528.7783,0.72,Rough,FMS_MARITIME,2026-04-06
2021-06-26,131,MGO,19.9,10.7,256.8,24,241.3107,0.53,Rough,FMS_MARITIME,2026-04-06
2021-06-27,131,LSMGO,54.44,15.8,379.2,24,447.0627,0.41,Calm,FMS_MARITIME,2026-04-06
2021-06-28,131,LNG,20.22,14.4,345.6,24,182.1906,0.48,Rough,FMS_MARITIME,2026-04-06
2021-06-28,131,LSMGO,82.43,14.2,340.8,24,753.1896,0.77,Rough,FMS_MARITIME,2026-04-06
2021-06-28,131,HFO,21.99,15.7,376.8,24,181.7326,0.4,Calm,FMS_MARITIME,2026-04-06
2021-06-01,132,LSMGO,58.35,10.0,240.0,24,757.0913,0.66,Calm,FMS_MARITIME,2026-04-06
2021-06-02,132,VLSFO,80.59,15.3,367.2,24,683.4348,0.84,Rough,FMS_MARITIME,2026-04-06
2021-06-03,132,LSMGO,61.29,12.1,290.4,24,657.2213,0.86,Calm,FMS_MARITIME,2026-04-06
2021-06-04,132,MGO,21.16,9.6,230.4,24,285.9906,0.73,Rough,FMS_MARITIME,2026-04-06
2021-06-05,132,LSMGO,53.24,13.7,328.8,24,504.2255,0.96,Calm,FMS_MARITIME,2026-04-06
2021-06-06,132,VLSFO,32.31,17.1,410.4,24,245.1592,0.89,Moderate,FMS_MARITIME,2026-04-06
2021-06-07,132,LSMGO,83.34,10.8,259.2,24,1001.2375,0.91,Rough,FMS_MARITIME,2026-04-06
2021-06-08,132,HFO,29.88,10.3,247.2,24,376.401,0.8,Moderate,FMS_MARITIME,2026-04-06
2021-06-09,132,LSMGO,68.82,14.0,336.0,24,637.8139,0.88,Moderate,FMS_MARITIME,2026-04-06
2021-06-10,132,HFO,21.95,12.4,297.6,24,229.6784,0.73,Rough,FMS_MARITIME,2026-04-06
2021-06-11,132,HFO,30.8,12.4,297.6,24,322.2823,0.89,Rough,FMS_MARITIME,2026-04-06
2021-06-12,132,LSMGO,59.97,13.5,324.0,24,576.3783,0.76,Calm,FMS_MARITIME,2026-04-06
2021-06-13,132,HFO,48.12,9.8,235.2,24,637.099,0.87,Moderate,FMS_MARITIME,2026-04-06
2021-06-14,132,HFO,65.26,10.1,242.4,24,838.3649,0.96,Calm,FMS_MARITIME,2026-04-06
2021-06-15,132,VLSFO,67.98,9.3,223.2,24,948.4306,0.76,Moderate,FMS_MARITIME,2026-04-06
2021-06-16,132,LSMGO,43.68,16.2,388.8,24,349.8444,0.76,Moderate,FMS_MARITIME,2026-04-06
2021-06-17,132,HFO,62.5,17.8,427.2,24,455.5829,0.81,Moderate,FMS_MARITIME,2026-04-06
2021-06-18,132,LNG,47.76,10.5,252.0,24,590.1771,0.66,Calm,FMS_MARITIME,2026-04-06
2021-06-19,132,MGO,65.2,15.2,364.8,24,556.5592,0.88,Rough,FMS_MARITIME,2026-04-06
2021-06-20,132,HFO,80.07,12.0,288.0,24,865.7569,0.98,Calm,FMS_MARITIME,2026-04-06
2021-06-21,132,LSMGO,22.47,14.3,343.2,24,203.8799,0.87,Rough,FMS_MARITIME,2026-04-06
2021-06-22,132,LSMGO,43.69,9.2,220.8,24,616.1715,0.56,Calm,FMS_MARITIME,2026-04-06
2021-06-23,132,LSMGO,37.92,13.0,312.0,24,378.4708,0.87,Calm,FMS_MARITIME,2026-04-06
2021-06-24,132,VLSFO,65.1,16.1,386.4,24,524.6413,0.89,Moderate,FMS_MARITIME,2026-04-06
2021-06-25,132,VLSFO,77.08,10.4,249.6,24,961.6471,0.82,Calm,FMS_MARITIME,2026-04-06
2021-06-26,132,HFO,17.36,15.5,372.0,24,145.32,0.41,Moderate,FMS_MARITIME,2026-04-06
2021-06-27,132,HFO,48.61,13.1,314.4,24,481.4616,0.78,Rough,FMS_MARITIME,2026-04-06
2021-06-28,132,LSMGO,36.86,16.1,386.4,24,297.055,0.5,Rough,FMS_MARITIME,2026-04-06
2021-06-28,132,VLSFO,77.29,8.5,204.0,24,1179.8091,0.93,Rough,FMS_MARITIME,2026-04-06
2021-06-28,132,MGO,44.43,14.7,352.8,24,392.1628,0.99,Calm,FMS_MARITIME,2026-04-06
2021-06-01,133,LSMGO,78.71,10.9,261.6,24,936.9378,0.71,Moderate,FMS_MARITIME,2026-04-06
2021-06-02,133,MGO,79.88,12.3,295.2,24,842.6366,0.46,Moderate,FMS_MARITIME,2026-04-06
2021-06-03,133,MGO,37.48,10.5,252.0,24,463.1457,0.9,Calm,FMS_MARITIME,2026-04-06
2021-06-04,133,VLSFO,84.64,9.4,225.6,24,1168.3021,0.85,Moderate,FMS_MARITIME,2026-04-06
2021-06-05,133,VLSFO,46.42,15.3,367.2,24,393.6598,0.63,Calm,FMS_MARITIME,2026-04-06
2021-06-06,133,HFO,44.08,12.9,309.6,24,443.3628,0.98,Rough,FMS_MARITIME,2026-04-06
2021-06-07,133,LNG,15.46,11.1,266.4,24,180.7149,0.67,Calm,FMS_MARITIME,2026-04-06
2021-06-08,133,LNG,37.22,11.5,276.0,24,419.9387,0.74,Rough,FMS_MARITIME,2026-04-06
2021-06-09,133,HFO,33.77,13.7,328.8,24,319.829,0.78,Moderate,FMS_MARITIME,2026-04-06
2021-06-10,133,HFO,35.87,16.6,398.4,24,280.3694,0.82,Moderate,FMS_MARITIME,2026-04-06
2021-06-11,133,LSMGO,80.62,8.2,196.8,24,1275.664,0.79,Moderate,FMS_MARITIME,2026-04-06
2021-06-12,133,VLSFO,38.16,15.6,374.4,24,317.3885,0.78,Calm,FMS_MARITIME,2026-04-06
2021-06-13,133,MGO,26.15,11.7,280.8,24,289.9968,0.85,Calm,FMS_MARITIME,2026-04-06
2021-06-14,133,LNG,81.94,16.4,393.6,24,648.2753,0.48,Moderate,FMS_MARITIME,2026-04-06
2021-06-15,133,MGO,35.34,12.0,288.0,24,382.1137,0.98,Calm,FMS_MARITIME,2026-04-06
2021-06-16,133,MGO,77.1,11.3,271.2,24,885.2854,0.8,Calm,FMS_MARITIME,2026-04-06
2021-06-17,133,VLSFO,55.27,15.5,372.0,24,462.6634,0.65,Calm,FMS_MARITIME,2026-04-06
2021-06-18,133,LSMGO,43.67,16.7,400.8,24,339.2924,0.56,Moderate,FMS_MARITIME,2026-04-06
2021-06-19,133,LNG,65.29,13.0,312.0,24,651.6444,0.64,Calm,FMS_MARITIME,2026-04-06
2021-06-20,133,LNG,69.25,11.9,285.6,24,755.0578,0.71,Moderate,FMS_MARITIME,2026-04-06
2021-06-21,133,LSMGO,81.9,11.5,276.0,24,924.0457,0.5,Calm,FMS_MARITIME,2026-04-06
2021-06-22,133,MGO,19.6,9.8,235.2,24,259.5,0.68,Rough,FMS_MARITIME,2026-04-06
2021-06-23,133,LSMGO,41.82,9.3,223.2,24,583.4565,0.95,Rough,FMS_MARITIME,2026-04-06
2021-06-24,133,VLSFO,39.9,14.2,340.8,24,364.5792,0.74,Calm,FMS_MARITIME,2026-04-06
2021-06-25,133,VLSFO,50.87,9.2,220.8,24,717.4329,0.74,Calm,FMS_MARITIME,2026-04-06
2021-06-26,133,MGO,67.67,10.8,259.2,24,812.9799,0.45,Rough,FMS_MARITIME,2026-04-06
2021-06-27,133,LNG,21.11,12.5,300.0,24,219.1218,0.81,Moderate,FMS_MARITIME,2026-04-06
2021-06-28,133,MGO,66.44,10.4,249.6,24,828.9029,0.86,Calm,FMS_MARITIME,2026-04-06
2021-06-28,133,MGO,43.39,8.6,206.4,24,654.634,0.9,Rough,FMS_MARITIME,2026-04-06
2021-06-28,133,MGO,54.72,12.0,288.0,24,591.66,0.91,Rough,FMS_MARITIME,2026-04-06
2021-06-01,134,HFO,63.44,14.5,348.0,24,567.6786,0.98,Calm,FMS_MARITIME,2026-04-06
2021-06-02,134,LSMGO,74.88,8.4,201.6,24,1156.6286,0.64,Moderate,FMS_MARITIME,2026-04-06
2021-06-03,134,LNG,17.5,16.6,398.4,24,136.7846,1.0,Moderate,FMS_MARITIME,2026-04-06
2021-06-04,134,MGO,64.28,12.4,297.6,24,672.6073,0.4,Moderate,FMS_MARITIME,2026-04-06
2021-06-05,134,HFO,33.77,15.9,381.6,24,275.5759,0.96,Moderate,FMS_MARITIME,2026-04-06
2021-06-06,134,MGO,28.22,13.8,331.2,24,265.3293,0.8,Calm,FMS_MARITIME,2026-04-06
2021-06-07,134,LNG,23.68,12.6,302.4,24,243.8476,0.61,Moderate,FMS_MARITIME,2026-04-06
2021-06-08,134,LNG,75.86,13.6,326.4,24,723.7379,0.4,Rough,FMS_MARITIME,2026-04-06
2021-06-09,134,LNG,43.74,15.2,364.8,24,373.3727,0.58,Calm,FMS_MARITIME,2026-04-06
2021-06-10,134,MGO,24.89,9.1,218.4,24,354.8876,0.83,Rough,FMS_MARITIME,2026-04-06
2021-06-11,134,VLSFO,19.71,17.5,420.0,24,146.1356,0.78,Calm,FMS_MARITIME,2026-04-06
2021-06-12,134,LNG,72.25,8.2,196.8,24,1143.2241,0.54,Moderate,FMS_MARITIME,2026-04-06
2021-06-13,134,LNG,42.96,8.1,194.4,24,688.1556,0.59,Moderate,FMS_MARITIME,2026-04-06
2021-06-14,134,VLSFO,39.6,14.5,348.0,24,354.3517,0.58,Calm,FMS_MARITIME,2026-04-06
2021-06-15,134,HFO,62.08,17.3,415.2,24,465.6,0.9,Rough,FMS_MARITIME,2026-04-06
2021-06-16,134,LNG,74.79,8.2,196.8,24,1183.4149,0.47,Moderate,FMS_MARITIME,2026-04-06
2021-06-17,134,LNG,61.02,12.3,295.2,24,643.6866,0.99,Rough,FMS_MARITIME,2026-04-06
2021-06-18,134,HFO,50.49,16.2,388.8,24,404.3875,0.42,Calm,FMS_MARITIME,2026-04-06
2021-06-19,134,VLSFO,65.32,12.9,309.6,24,656.9977,0.89,Moderate,FMS_MARITIME,2026-04-06
2021-06-20,134,LNG,27.42,10.7,256.8,24,332.4995,0.87,Rough,FMS_MARITIME,2026-04-06
2021-06-21,134,LNG,15.07,17.7,424.8,24,110.4708,0.43,Rough,FMS_MARITIME,2026-04-06
2021-06-22,134,LNG,37.82,14.6,350.4,24,336.1058,0.67,Calm,FMS_MARITIME,2026-04-06
2021-06-23,134,LNG,70.89,8.8,211.2,24,1045.2247,0.9,Calm,FMS_MARITIME,2026-04-06
2021-06-24,134,LNG,68.61,17.2,412.8,24,517.5667,0.4,Calm,FMS_MARITIME,2026-04-06
2021-06-25,134,LNG,58.27,14.3,343.2,24,528.7086,0.63,Moderate,FMS_MARITIME,2026-04-06
2021-06-26,134,HFO,62.67,13.0,312.0,24,625.4948,0.41,Calm,FMS_MARITIME,2026-04-06
2021-06-27,134,VLSFO,23.74,17.7,424.8,24,174.0263,0.57,Rough,FMS_MARITIME,2026-04-06
2021-06-28,134,LNG,34.14,11.0,264.0,24,402.6968,0.82,Calm,FMS_MARITIME,2026-04-06
2021-06-28,134,HFO,75.26,9.6,230.4,24,1017.1859,0.65,Rough,FMS_MARITIME,2026-04-06
2021-06-28,134,MGO,76.14,12.3,295.2,24,803.1841,0.95,Calm,FMS_MARITIME,2026-04-06
2021-06-01,135,HFO,48.68,15.0,360.0,24,421.082,0.8,Moderate,FMS_MARITIME,2026-04-06
2021-06-02,135,MGO,56.91,11.5,276.0,24,642.0933,0.94,Rough,FMS_MARITIME,2026-04-06
2021-06-03,135,VLSFO,24.57,17.9,429.6,24,178.0982,0.63,Rough,FMS_MARITIME,2026-04-06
2021-06-04,135,LSMGO,36.04,11.2,268.8,24,417.517,0.7,Moderate,FMS_MARITIME,2026-04-06
2021-06-05,135,MGO,63.81,13.2,316.8,24,627.2233,0.45,Calm,FMS_MARITIME,2026-04-06
2021-06-06,135,LNG,53.78,11.0,264.0,24,634.3595,0.99,Calm,FMS_MARITIME,2026-04-06
2021-06-07,135,MGO,50.27,11.0,264.0,24,592.9575,0.72,Rough,FMS_MARITIME,2026-04-06
2021-06-08,135,LNG,16.98,16.2,388.8,24,135.9972,0.46,Moderate,FMS_MARITIME,2026-04-06
2021-06-09,135,VLSFO,37.35,8.4,201.6,24,576.9241,0.89,Calm,FMS_MARITIME,2026-04-06
2021-06-10,135,VLSFO,51.05,11.7,280.8,24,566.1314,0.51,Rough,FMS_MARITIME,2026-04-06
2021-06-11,135,MGO,24.64,16.6,398.4,24,192.5928,0.93,Calm,FMS_MARITIME,2026-04-06
2021-06-12,135,MGO,42.77,18.0,432.0,24,308.3004,0.56,Moderate,FMS_MARITIME,2026-04-06
2021-06-13,135,MGO,16.12,16.0,384.0,24,130.7231,0.64,Calm,FMS_MARITIME,2026-04-06
2021-06-14,135,VLSFO,44.01,17.6,422.4,24,324.4487,0.59,Moderate,FMS_MARITIME,2026-04-06
2021-06-15,135,LNG,22.01,15.7,376.8,24,181.8979,0.69,Calm,FMS_MARITIME,2026-04-06
2021-06-16,135,LSMGO,72.22,16.8,403.2,24,557.7705,0.6,Moderate,FMS_MARITIME,2026-04-06
2021-06-17,135,LSMGO,42.73,13.5,324.0,24,410.6828,0.83,Rough,FMS_MARITIME,2026-04-06
2021-06-18,135,VLSFO,53.82,8.7,208.8,24,802.6603,0.95,Moderate,FMS_MARITIME,2026-04-06
2021-06-19,135,HFO,76.3,15.1,362.4,24,655.6242,0.88,Moderate,FMS_MARITIME,2026-04-06
2021-06-20,135,MGO,77.69,16.6,398.4,24,607.2456,0.47,Calm,FMS_MARITIME,2026-04-06
2021-06-21,135,VLSFO,43.37,15.7,376.8,24,358.424,0.67,Rough,FMS_MARITIME,2026-04-06
2021-06-22,135,HFO,51.94,11.7,280.8,24,576.0013,0.5,Rough,FMS_MARITIME,2026-04-06
2021-06-23,135,VLSFO,21.51,17.1,410.4,24,163.2118,0.56,Moderate,FMS_MARITIME,2026-04-06
2021-06-24,135,VLSFO,20.27,16.0,384.0,24,164.377,0.97,Moderate,FMS_MARITIME,2026-04-06
2021-06-25,135,LSMGO,50.07,9.6,230.4,24,676.7273,0.84,Calm,FMS_MARITIME,2026-04-06
2021-06-26,135,LSMGO,58.76,11.4,273.6,24,668.7816,0.68,Calm,FMS_MARITIME,2026-04-06
2021-06-27,135,LNG,71.41,9.6,230.4,24,965.1508,0.7,Rough,FMS_MARITIME,2026-04-06
2021-06-28,135,VLSFO,35.25,11.8,283.2,24,387.6006,0.88,Moderate,FMS_MARITIME,2026-04-06
2021-06-28,135,LNG,80.12,12.9,309.6,24,805.8581,0.93,Rough,FMS_MARITIME,2026-04-06
2021-06-28,135,LSMGO,16.48,16.0,384.0,24,133.6425,0.66,Rough,FMS_MARITIME,2026-04-06
2021-06-01,136,LSMGO,82.33,16.2,388.8,24,659.4023,0.62,Calm,FMS_MARITIME,2026-04-06
2021-06-02,136,LSMGO,72.83,10.9,261.6,24,866.9443,0.56,Rough,FMS_MARITIME,2026-04-06
2021-06-03,136,HFO,30.3,14.7,352.8,24,267.4439,0.77,Moderate,FMS_MARITIME,2026-04-06
2021-06-04,136,LSMGO,81.92,17.4,417.6,24,610.869,0.4,Calm,FMS_MARITIME,2026-04-06
2021-06-05,136,LSMGO,48.47,17.2,412.8,24,365.6385,0.69,Calm,FMS_MARITIME,2026-04-06
2021-06-06,136,VLSFO,38.23,14.9,357.6,24,332.9089,0.75,Moderate,FMS_MARITIME,2026-04-06
2021-06-07,136,HFO,78.3,9.4,225.6,24,1080.7899,0.83,Rough,FMS_MARITIME,2026-04-06
2021-06-08,136,HFO,83.28,13.0,312.0,24,831.1985,0.46,Moderate,FMS_MARITIME,2026-04-06
2021-06-09,136,LSMGO,16.63,11.6,278.4,24,186.0123,0.43,Moderate,FMS_MARITIME,2026-04-06
2021-06-10,136,MGO,23.51,15.8,379.2,24,193.0647,0.75,Calm,FMS_MARITIME,2026-04-06
2021-06-11,136,VLSFO,23.3,16.5,396.0,24,183.2227,0.89,Moderate,FMS_MARITIME,2026-04-06
2021-06-12,136,VLSFO,20.03,12.3,295.2,24,211.2921,0.75,Moderate,FMS_MARITIME,2026-04-06
2021-06-13,136,VLSFO,32.37,15.1,362.4,24,278.1462,0.99,Calm,FMS_MARITIME,2026-04-06
2021-06-14,136,VLSFO,43.04,10.2,244.8,24,547.4941,0.61,Moderate,FMS_MARITIME,2026-04-06
2021-06-15,136,VLSFO,33.49,11.3,271.2,24,384.5423,0.48,Moderate,FMS_MARITIME,2026-04-06
2021-06-16,136,MGO,76.88,17.6,422.4,24,566.7716,0.41,Rough,FMS_MARITIME,2026-04-06
2021-06-17,136,HFO,65.4,12.1,290.4,24,701.2934,0.9,Calm,FMS_MARITIME,2026-04-06
2021-06-18,136,VLSFO,40.06,12.0,288.0,24,433.1487,0.46,Calm,FMS_MARITIME,2026-04-06
2021-06-19,136,HFO,72.94,8.4,201.6,24,1126.6625,0.76,Rough,FMS_MARITIME,2026-04-06
2021-06-20,136,LSMGO,80.17,17.3,415.2,24,601.275,0.45,Rough,FMS_MARITIME,2026-04-06
2021-06-21,136,LNG,80.21,18.0,432.0,24,578.1804,0.93,Moderate,FMS_MARITIME,2026-04-06
2021-06-22,136,VLSFO,67.85,14.3,343.2,24,615.632,0.73,Rough,FMS_MARITIME,2026-04-06
2021-06-23,136,LSMGO,47.11,14.5,348.0,24,421.5533,0.64,Rough,FMS_MARITIME,2026-04-06
2021-06-24,136,LNG,64.15,9.6,230.4,24,867.0273,0.42,Rough,FMS_MARITIME,2026-04-06
2021-06-25,136,LNG,22.14,13.9,333.6,24,206.6665,0.93,Rough,FMS_MARITIME,2026-04-06
2021-06-26,136,LNG,24.16,14.9,357.6,24,210.3866,0.88,Rough,FMS_MARITIME,2026-04-06
2021-06-27,136,LSMGO,30.79,10.1,242.4,24,395.5448,0.94,Moderate,FMS_MARITIME,2026-04-06
2021-06-28,136,LNG,74.95,12.1,290.4,24,803.6994,0.8,Calm,FMS_MARITIME,2026-04-06
2021-06-28,136,MGO,19.79,12.4,297.6,24,207.0768,0.98,Calm,FMS_MARITIME,2026-04-06
2021-06-28,136,VLSFO,18.74,11.9,285.6,24,204.329,0.73,Rough,FMS_MARITIME,2026-04-06
2021-06-01,137,LNG,42.61,14.8,355.2,24,373.5573,0.82,Calm,FMS_MARITIME,2026-04-06
2021-06-02,137,HFO,48.98,9.1,218.4,24,698.3687,0.43,Moderate,FMS_MARITIME,2026-04-06
2021-06-03,137,LSMGO,70.15,8.5,204.0,24,1070.8191,0.95,Moderate,FMS_MARITIME,2026-04-06
2021-06-04,137,VLSFO,70.21,10.0,240.0,24,910.9747,0.72,Moderate,FMS_MARITIME,2026-04-06
2021-06-05,137,HFO,35.35,13.9,333.6,24,329.9757,0.93,Rough,FMS_MARITIME,2026-04-06
2021-06-06,137,LSMGO,47.07,9.8,235.2,24,623.1972,0.61,Rough,FMS_MARITIME,2026-04-06
2021-06-07,137,LSMGO,46.83,18.0,432.0,24,337.5663,0.66,Calm,FMS_MARITIME,2026-04-06
2021-06-08,137,MGO,59.31,10.6,254.4,24,725.988,0.59,Calm,FMS_MARITIME,2026-04-06
2021-06-09,137,MGO,72.25,15.0,360.0,24,624.9625,0.47,Rough,FMS_MARITIME,2026-04-06
2021-06-10,137,VLSFO,55.26,13.0,312.0,24,551.5373,0.7,Calm,FMS_MARITIME,2026-04-06
2021-06-11,137,LNG,43.92,13.3,319.2,24,428.4677,0.59,Calm,FMS_MARITIME,2026-04-06
2021-06-12,137,HFO,52.61,16.7,400.8,24,408.7513,0.51,Rough,FMS_MARITIME,2026-04-06
2021-06-13,137,VLSFO,33.56,11.2,268.8,24,388.7866,0.89,Calm,FMS_MARITIME,2026-04-06
2021-06-14,137,HFO,25.55,13.5,324.0,24,245.5639,0.7,Calm,FMS_MARITIME,2026-04-06
2021-06-15,137,LSMGO,29.11,15.5,372.0,24,243.6789,0.63,Calm,FMS_MARITIME,2026-04-06
2021-06-16,137,LSMGO,47.77,14.0,336.0,24,442.7255,0.52,Rough,FMS_MARITIME,2026-04-06
2021-06-17,137,MGO,36.57,10.0,240.0,24,474.4957,0.42,Calm,FMS_MARITIME,2026-04-06
2021-06-18,137,MGO,77.06,10.7,256.8,24,934.4425,0.41,Moderate,FMS_MARITIME,2026-04-06
2021-06-19,137,LNG,54.45,15.3,367.2,24,461.7574,0.56,Moderate,FMS_MARITIME,2026-04-06
2021-06-20,137,VLSFO,76.92,12.6,302.4,24,792.0929,0.99,Calm,FMS_MARITIME,2026-04-06
2021-06-21,137,LSMGO,54.63,15.8,379.2,24,448.6229,0.89,Calm,FMS_MARITIME,2026-04-06
2021-06-22,137,VLSFO,80.88,16.2,388.8,24,647.7889,0.92,Moderate,FMS_MARITIME,2026-04-06
2021-06-23,137,HFO,64.29,14.3,343.2,24,583.3306,0.79,Moderate,FMS_MARITIME,2026-04-06
2021-06-24,137,LSMGO,30.83,15.6,374.4,24,256.4226,0.47,Moderate,FMS_MARITIME,2026-04-06
2021-06-25,137,LSMGO,44.98,16.0,384.0,24,364.7597,0.71,Moderate,FMS_MARITIME,2026-04-06
2021-06-26,137,HFO,51.43,8.4,201.6,24,794.4098,0.55,Rough,FMS_MARITIME,2026-04-06
2021-06-27,137,LSMGO,46.42,16.0,384.0,24,376.4372,0.88,Calm,FMS_MARITIME,2026-04-06
2021-06-28,137,HFO,54.7,16.5,396.0,24,430.1409,0.64,Rough,FMS_MARITIME,2026-04-06
2021-06-28,137,LSMGO,34.04,10.6,254.4,24,416.6689,0.85,Calm,FMS_MARITIME,2026-04-06
2021-06-28,137,HFO,55.89,12.1,290.4,24,599.3163,0.92,Moderate,FMS_MARITIME,2026-04-06
2021-06-01,138,LSMGO,27.74,12.8,307.2,24,281.1926,0.56,Calm,FMS_MARITIME,2026-04-06
2021-06-02,138,HFO,81.77,15.7,376.8,24,675.7744,0.99,Calm,FMS_MARITIME,2026-04-06
2021-06-03,138,VLSFO,53.12,12.5,300.0,24,551.3856,0.94,Moderate,FMS_MARITIME,2026-04-06
2021-06-04,138,MGO,48.23,13.9,333.6,24,450.2045,0.6,Calm,FMS_MARITIME,2026-04-06
2021-06-05,138,MGO,60.09,11.8,283.2,24,660.7354,0.92,Rough,FMS_MARITIME,2026-04-06
2021-06-06,138,LSMGO,38.31,12.0,288.0,24,414.2269,0.54,Moderate,FMS_MARITIME,2026-04-06
2021-06-07,138,VLSFO,67.08,16.9,405.6,24,515.0077,0.71,Calm,FMS_MARITIME,2026-04-06
2021-06-08,138,MGO,35.04,16.1,386.4,24,282.3876,0.95,Moderate,FMS_MARITIME,2026-04-06
2021-06-09,138,HFO,63.43,15.4,369.6,24,534.4183,0.49,Moderate,FMS_MARITIME,2026-04-06
2021-06-10,138,MGO,41.33,11.3,271.2,24,474.5635,0.44,Moderate,FMS_MARITIME,2026-04-06
2021-06-11,138,LSMGO,17.81,14.4,345.6,24,160.4755,0.74,Calm,FMS_MARITIME,2026-04-06
2021-06-12,138,VLSFO,69.97,17.7,424.8,24,512.9157,0.59,Moderate,FMS_MARITIME,2026-04-06
2021-06-13,138,LNG,35.2,9.4,225.6,24,485.8723,0.5,Calm,FMS_MARITIME,2026-04-06
2021-06-14,138,LNG,60.8,11.7,280.8,24,674.2564,0.94,Calm,FMS_MARITIME,2026-04-06
2021-06-15,138,MGO,80.23,16.3,391.2,24,638.6406,0.93,Moderate,FMS_MARITIME,2026-04-06
2021-06-16,138,VLSFO,64.48,11.4,273.6,24,733.8842,0.76,Moderate,FMS_MARITIME,2026-04-06
2021-06-17,138,MGO,51.05,15.2,364.8,24,435.7722,0.74,Rough,FMS_MARITIME,2026-04-06
2021-06-18,138,MGO,44.62,12.1,290.4,24,478.4665,0.65,Rough,FMS_MARITIME,2026-04-06
2021-06-19,138,LSMGO,44.74,14.7,352.8,24,394.899,0.8,Calm,FMS_MARITIME,2026-04-06
2021-06-20,138,MGO,31.8,9.7,232.8,24,425.366,0.89,Calm,FMS_MARITIME,2026-04-06
2021-06-21,138,VLSFO,78.76,16.6,398.4,24,615.609,0.95,Calm,FMS_MARITIME,2026-04-06
2021-06-22,138,MGO,28.6,16.6,398.4,24,223.5452,0.93,Moderate,FMS_MARITIME,2026-04-06
2021-06-23,138,LNG,46.82,12.5,300.0,24,485.9916,0.6,Rough,FMS_MARITIME,2026-04-06
2021-06-24,138,MGO,38.49,14.0,336.0,24,356.7198,0.66,Rough,FMS_MARITIME,2026-04-06
2021-06-25,138,VLSFO,75.86,12.8,307.2,24,768.9715,0.89,Calm,FMS_MARITIME,2026-04-06
2021-06-26,138,LSMGO,84.29,17.7,424.8,24,617.8886,0.82,Moderate,FMS_MARITIME,2026-04-06
2021-06-27,138,VLSFO,65.41,9.1,218.4,24,932.6316,0.67,Moderate,FMS_MARITIME,2026-04-06
2021-06-28,138,LSMGO,73.38,17.7,424.8,24,537.9127,0.94,Moderate,FMS_MARITIME,2026-04-06
2021-06-28,138,VLSFO,38.85,14.5,348.0,24,347.6405,0.85,Rough,FMS_MARITIME,2026-04-06
2021-06-28,138,VLSFO,78.68,15.6,374.4,24,654.4058,0.84,Rough,FMS_MARITIME,2026-04-06
2021-06-01,139,LSMGO,33.03,10.8,259.2,24,396.8188,0.63,Calm,FMS_MARITIME,2026-04-06
2021-06-02,139,LNG,33.65,8.0,192.0,24,545.7609,0.62,Calm,FMS_MARITIME,2026-04-06
2021-06-03,139,HFO,44.41,17.8,427.2,24,323.719,0.5,Moderate,FMS_MARITIME,2026-04-06
2021-06-04,139,HFO,34.04,8.8,211.2,24,501.8966,0.85,Moderate,FMS_MARITIME,2026-04-06
2021-06-05,139,VLSFO,26.0,16.0,384.0,24,210.8438,0.45,Rough,FMS_MARITIME,2026-04-06
2021-06-06,139,LSMGO,53.07,15.0,360.0,24,459.0555,0.57,Calm,FMS_MARITIME,2026-04-06
2021-06-07,139,VLSFO,25.65,13.6,326.4,24,244.7123,0.9,Calm,FMS_MARITIME,2026-04-06
2021-06-08,139,MGO,60.16,10.5,252.0,24,743.4057,0.75,Rough,FMS_MARITIME,2026-04-06
2021-06-09,139,LSMGO,36.26,12.6,302.4,24,373.3917,0.55,Moderate,FMS_MARITIME,2026-04-06
2021-06-10,139,HFO,31.51,16.3,391.2,24,250.8235,0.87,Moderate,FMS_MARITIME,2026-04-06
2021-06-11,139,LNG,67.8,17.1,410.4,24,514.4474,0.84,Calm,FMS_MARITIME,2026-04-06
2021-06-12,139,MGO,52.08,12.9,309.6,24,523.8279,0.61,Calm,FMS_MARITIME,2026-04-06
2021-06-13,139,VLSFO,70.81,8.8,211.2,24,1044.0452,0.53,Moderate,FMS_MARITIME,2026-04-06
2021-06-14,139,HFO,82.39,12.6,302.4,24,848.4208,0.97,Calm,FMS_MARITIME,2026-04-06
2021-06-15,139,LSMGO,40.54,12.6,302.4,24,417.4655,0.42,Rough,FMS_MARITIME,2026-04-06
2021-06-16,139,MGO,65.0,15.6,374.4,24,540.625,0.43,Rough,FMS_MARITIME,2026-04-06
2021-06-17,139,HFO,25.12,16.2,388.8,24,201.1926,0.73,Calm,FMS_MARITIME,2026-04-06
2021-06-18,139,LNG,29.29,12.4,297.6,24,306.4821,0.48,Moderate,FMS_MARITIME,2026-04-06
2021-06-19,139,MGO,68.83,13.3,319.2,24,671.4806,0.59,Moderate,FMS_MARITIME,2026-04-06
2021-06-20,139,HFO,38.69,13.9,333.6,24,361.1531,0.54,Moderate,FMS_MARITIME,2026-04-06
2021-06-21,139,HFO,37.37,15.7,376.8,24,308.8381,0.79,Calm,FMS_MARITIME,2026-04-06
2021-06-22,139,LNG,37.57,14.8,355.2,24,329.3721,0.72,Moderate,FMS_MARITIME,2026-04-06
2021-06-23,139,VLSFO,80.07,10.1,242.4,24,1028.622,0.41,Moderate,FMS_MARITIME,2026-04-06
2021-06-24,139,LNG,32.41,8.5,204.0,24,494.7291,0.68,Moderate,FMS_MARITIME,2026-04-06
2021-06-25,139,HFO,17.13,14.3,343.2,24,155.4278,0.46,Rough,FMS_MARITIME,2026-04-06
2021-06-26,139,HFO,65.4,8.4,201.6,24,1010.1964,0.65,Calm,FMS_MARITIME,2026-04-06
2021-06-27,139,MGO,73.49,12.6,302.4,24,756.772,0.93,Rough,FMS_MARITIME,2026-04-06
2021-06-28,139,LNG,65.71,13.0,312.0,24,655.8363,0.86,Moderate,FMS_MARITIME,2026-04-06
2021-06-28,139,LSMGO,63.05,15.1,362.4,24,541.7707,0.5,Moderate,FMS_MARITIME,2026-04-06
2021-06-28,139,LSMGO,81.94,17.5,420.0,24,607.5266,0.89,Calm,FMS_MARITIME,2026-04-06
2021-06-01,140,LSMGO,56.88,8.1,194.4,24,911.1333,0.5,Moderate,FMS_MARITIME,2026-04-06
2021-06-02,140,MGO,42.08,16.6,398.4,24,328.9084,0.8,Rough,FMS_MARITIME,2026-04-06
2021-06-03,140,MGO,78.35,13.3,319.2,24,764.3543,0.71,Moderate,FMS_MARITIME,2026-04-06
2021-06-04,140,LNG,60.72,10.6,254.4,24,743.2472,0.62,Moderate,FMS_MARITIME,2026-04-06
2021-06-05,140,HFO,82.35,13.7,328.8,24,779.9206,0.8,Rough,FMS_MARITIME,2026-04-06
2021-06-06,140,LNG,77.25,15.6,374.4,24,642.512,0.59,Rough,FMS_MARITIME,2026-04-06
2021-06-07,140,VLSFO,28.01,9.7,232.8,24,374.6698,0.69,Rough,FMS_MARITIME,2026-04-06
2021-06-08,140,LSMGO,49.35,12.7,304.8,24,504.186,0.59,Moderate,FMS_MARITIME,2026-04-06
2021-06-09,140,MGO,67.75,16.6,398.4,24,529.552,0.78,Moderate,FMS_MARITIME,2026-04-06
2021-06-10,140,LSMGO,32.35,12.1,290.4,24,346.8936,0.66,Calm,FMS_MARITIME,2026-04-06
2021-06-11,140,LSMGO,21.48,11.4,273.6,24,244.4763,0.46,Calm,FMS_MARITIME,2026-04-06
2021-06-12,140,LSMGO,24.73,9.8,235.2,24,327.4202,0.52,Calm,FMS_MARITIME,2026-04-06
2021-06-13,140,MGO,57.19,10.0,240.0,24,742.0402,0.43,Moderate,FMS_MARITIME,2026-04-06
2021-06-14,140,VLSFO,29.54,8.8,211.2,24,435.5472,0.69,Rough,FMS_MARITIME,2026-04-06
2021-06-15,140,MGO,57.36,10.2,244.8,24,729.6529,0.69,Moderate,FMS_MARITIME,2026-04-06
2021-06-16,140,HFO,16.33,8.2,196.8,24,258.3924,0.88,Moderate,FMS_MARITIME,2026-04-06
2021-06-17,140,LNG,48.2,17.1,410.4,24,365.7281,0.86,Calm,FMS_MARITIME,2026-04-06
2021-06-18,140,HFO,70.77,18.0,432.0,24,510.1337,0.67,Rough,FMS_MARITIME,2026-04-06
2021-06-19,140,LNG,47.74,13.5,324.0,24,458.8344,0.63,Calm,FMS_MARITIME,2026-04-06
2021-06-20,140,LSMGO,62.35,9.6,230.4,24,842.6992,0.83,Moderate,FMS_MARITIME,2026-04-06
2021-06-21,140,VLSFO,59.4,17.9,429.6,24,430.567,0.48,Calm,FMS_MARITIME,2026-04-06
2021-06-22,140,MGO,33.71,12.7,304.8,24,344.3994,0.49,Calm,FMS_MARITIME,2026-04-06
2021-06-23,140,VLSFO,68.29,12.5,300.0,24,708.8502,0.41,Rough,FMS_MARITIME,2026-04-06
2021-06-24,140,VLSFO,52.04,14.6,350.4,24,462.4788,0.41,Moderate,FMS_MARITIME,2026-04-06
2021-06-25,140,VLSFO,53.05,14.7,352.8,24,468.2474,0.91,Moderate,FMS_MARITIME,2026-04-06
2021-06-26,140,VLSFO,83.04,12.6,302.4,24,855.1143,0.95,Rough,FMS_MARITIME,2026-04-06
2021-06-27,140,MGO,36.13,8.1,194.4,24,578.7491,0.96,Calm,FMS_MARITIME,2026-04-06
2021-06-28,140,MGO,72.48,12.2,292.8,24,770.8426,0.79,Rough,FMS_MARITIME,2026-04-06
2021-06-28,140,LSMGO,36.87,13.2,316.8,24,362.4153,0.76,Moderate,FMS_MARITIME,2026-04-06
2021-06-28,140,LSMGO,53.42,12.4,297.6,24,558.9714,0.44,Calm,FMS_MARITIME,2026-04-06
2021-06-01,141,VLSFO,65.76,14.0,336.0,24,609.4543,0.7,Calm,FMS_MARITIME,2026-04-06
2021-06-02,141,VLSFO,81.65,15.8,379.2,24,670.5119,0.55,Calm,FMS_MARITIME,2026-04-06
2021-06-03,141,MGO,20.34,12.6,302.4,24,209.4536,0.45,Rough,FMS_MARITIME,2026-04-06
2021-06-04,141,LSMGO,58.12,14.2,340.8,24,531.0613,0.88,Calm,FMS_MARITIME,2026-04-06
2021-06-05,141,LSMGO,48.54,8.9,213.6,24,707.6478,0.53,Rough,FMS_MARITIME,2026-04-06
2021-06-06,141,LNG,33.66,8.5,204.0,24,513.81,0.43,Calm,FMS_MARITIME,2026-04-06
2021-06-07,141,VLSFO,41.68,16.1,386.4,24,335.8994,0.96,Moderate,FMS_MARITIME,2026-04-06
2021-06-08,141,MGO,25.95,9.9,237.6,24,340.1023,0.97,Moderate,FMS_MARITIME,2026-04-06
2021-06-09,141,MGO,33.48,10.2,244.8,24,425.8853,0.69,Rough,FMS_MARITIME,2026-04-06
2021-06-10,141,LNG,48.62,11.7,280.8,24,539.1833,0.66,Calm,FMS_MARITIME,2026-04-06
2021-06-11,141,LNG,28.86,14.5,348.0,24,258.2472,0.69,Moderate,FMS_MARITIME,2026-04-06
2021-06-12,141,LNG,33.53,8.7,208.8,24,500.0595,0.68,Moderate,FMS_MARITIME,2026-04-06
2021-06-13,141,HFO,52.58,12.3,295.2,24,554.6549,0.74,Rough,FMS_MARITIME,2026-04-06
2021-06-14,141,MGO,36.21,10.7,256.8,24,439.0886,0.89,Calm,FMS_MARITIME,2026-04-06
2021-06-15,141,VLSFO,47.2,12.3,295.2,24,497.9024,0.81,Rough,FMS_MARITIME,2026-04-06
2021-06-16,141,MGO,73.77,14.6,350.4,24,655.593,0.54,Rough,FMS_MARITIME,2026-04-06
2021-06-17,141,MGO,58.87,9.4,225.6,24,812.5939,0.5,Rough,FMS_MARITIME,2026-04-06
2021-06-18,141,VLSFO,43.92,16.2,388.8,24,351.7667,0.94,Calm,FMS_MARITIME,2026-04-06
2021-06-19,141,LSMGO,20.36,16.2,388.8,24,163.0685,0.49,Rough,FMS_MARITIME,2026-04-06
2021-06-20,141,LNG,59.87,11.5,276.0,24,675.4898,0.6,Calm,FMS_MARITIME,2026-04-06
2021-06-21,141,LSMGO,84.66,12.8,307.2,24,858.1746,0.52,Rough,FMS_MARITIME,2026-04-06
2021-06-22,141,MGO,62.7,13.4,321.6,24,607.1138,0.7,Moderate,FMS_MARITIME,2026-04-06
2021-06-23,141,VLSFO,19.26,13.5,324.0,24,185.11,0.46,Rough,FMS_MARITIME,2026-04-06
2021-06-24,141,VLSFO,62.53,17.7,424.8,24,458.3767,0.65,Moderate,FMS_MARITIME,2026-04-06
2021-06-25,141,LSMGO,63.74,14.0,336.0,24,590.7332,0.42,Rough,FMS_MARITIME,2026-04-06
2021-06-26,141,VLSFO,52.38,10.7,256.8,24,635.1687,0.89,Rough,FMS_MARITIME,2026-04-06
2021-06-27,141,VLSFO,43.35,11.5,276.0,24,489.1011,0.68,Rough,FMS_MARITIME,2026-04-06
2021-06-28,141,LNG,56.96,14.7,352.8,24,502.7592,0.44,Calm,FMS_MARITIME,2026-04-06
2021-06-28,141,LNG,54.97,15.6,374.4,24,457.2024,0.57,Rough,FMS_MARITIME,2026-04-06
2021-06-28,141,VLSFO,55.33,12.7,304.8,24,565.2809,0.82,Rough,FMS_MARITIME,2026-04-06
2021-06-01,142,MGO,30.16,16.8,403.2,24,232.9321,0.66,Calm,FMS_MARITIME,2026-04-06
2021-06-02,142,VLSFO,49.55,14.4,345.6,24,446.4661,0.42,Calm,FMS_MARITIME,2026-04-06
2021-06-03,142,LNG,39.7,17.4,417.6,24,296.0388,0.45,Calm,FMS_MARITIME,2026-04-06
2021-06-04,142,VLSFO,81.09,8.7,208.8,24,1209.3595,0.75,Rough,FMS_MARITIME,2026-04-06
2021-06-05,142,VLSFO,68.92,15.0,360.0,24,596.158,0.72,Rough,FMS_MARITIME,2026-04-06
2021-06-06,142,MGO,73.41,12.8,307.2,24,744.1365,0.91,Rough,FMS_MARITIME,2026-04-06
2021-06-07,142,MGO,50.31,9.1,218.4,24,717.3321,0.66,Rough,FMS_MARITIME,2026-04-06
2021-06-08,142,LSMGO,30.25,12.7,304.8,24,309.0502,0.62,Calm,FMS_MARITIME,2026-04-06
2021-06-09,142,LNG,78.32,8.8,211.2,24,1154.775,0.69,Calm,FMS_MARITIME,2026-04-06
2021-06-10,142,LSMGO,15.37,12.1,290.4,24,164.8147,0.91,Moderate,FMS_MARITIME,2026-04-06
2021-06-11,142,VLSFO,15.73,16.3,391.2,24,125.2127,0.69,Rough,FMS_MARITIME,2026-04-06
2021-06-12,142,VLSFO,80.27,11.4,273.6,24,913.5993,1.0,Rough,FMS_MARITIME,2026-04-06
2021-06-13,142,MGO,58.99,16.4,393.6,24,466.7044,0.98,Rough,FMS_MARITIME,2026-04-06
2021-06-14,142,VLSFO,16.04,16.4,393.6,24,126.9018,0.56,Calm,FMS_MARITIME,2026-04-06
2021-06-15,142,HFO,72.55,11.1,266.4,24,848.0507,0.66,Calm,FMS_MARITIME,2026-04-06
2021-06-16,142,MGO,39.42,17.6,422.4,24,290.6105,0.82,Moderate,FMS_MARITIME,2026-04-06
2021-06-17,142,VLSFO,43.45,15.3,367.2,24,368.473,0.94,Rough,FMS_MARITIME,2026-04-06
2021-06-18,142,LSMGO,57.92,10.2,244.8,24,736.7765,0.89,Rough,FMS_MARITIME,2026-04-06
2021-06-19,142,HFO,37.62,10.0,240.0,24,488.1195,0.95,Calm,FMS_MARITIME,2026-04-06
2021-06-20,142,LNG,41.59,8.4,201.6,24,642.417,0.98,Calm,FMS_MARITIME,2026-04-06
2021-06-21,142,HFO,22.26,15.0,360.0,24,192.549,0.53,Moderate,FMS_MARITIME,2026-04-06
2021-06-22,142,MGO,23.77,16.7,400.8,24,184.6801,0.46,Calm,FMS_MARITIME,2026-04-06
2021-06-23,142,LNG,38.61,16.5,396.0,24,303.615,0.88,Rough,FMS_MARITIME,2026-04-06
2021-06-24,142,LNG,64.8,16.6,398.4,24,506.494,0.95,Moderate,FMS_MARITIME,2026-04-06
2021-06-25,142,VLSFO,49.66,17.3,415.2,24,372.45,0.78,Moderate,FMS_MARITIME,2026-04-06
2021-06-26,142,HFO,37.79,11.8,283.2,24,415.5299,0.68,Moderate,FMS_MARITIME,2026-04-06
2021-06-27,142,LNG,30.74,8.8,211.2,24,453.2403,0.73,Moderate,FMS_MARITIME,2026-04-06
2021-06-28,142,LNG,26.08,16.4,393.6,24,206.3341,0.51,Calm,FMS_MARITIME,2026-04-06
2021-06-28,142,VLSFO,59.93,17.5,420.0,24,444.3381,0.52,Calm,FMS_MARITIME,2026-04-06
2021-06-28,142,LNG,57.59,10.3,247.2,24,725.4663,0.88,Rough,FMS_MARITIME,2026-04-06
2021-06-01,143,VLSFO,29.9,12.6,302.4,24,307.8988,0.64,Rough,FMS_MARITIME,2026-04-06
2021-06-02,143,HFO,27.17,10.9,261.6,24,323.4227,0.42,Moderate,FMS_MARITIME,2026-04-06
2021-06-03,143,HFO,58.71,17.2,412.8,24,442.885,0.8,Rough,FMS_MARITIME,2026-04-06
2021-06-04,143,MGO,15.12,9.3,223.2,24,210.9484,0.86,Moderate,FMS_MARITIME,2026-04-06
2021-06-05,143,LNG,79.25,17.7,424.8,24,580.9428,0.96,Calm,FMS_MARITIME,2026-04-06
2021-06-06,143,LNG,58.07,15.1,362.4,24,498.979,0.51,Calm,FMS_MARITIME,2026-04-06
2021-06-07,143,LNG,19.46,8.8,211.2,24,286.9244,0.49,Rough,FMS_MARITIME,2026-04-06
2021-06-08,143,LSMGO,16.46,9.1,218.4,24,234.6907,0.75,Rough,FMS_MARITIME,2026-04-06
2021-06-09,143,LSMGO,81.05,9.4,225.6,24,1118.7487,0.57,Moderate,FMS_MARITIME,2026-04-06
2021-06-10,143,LNG,62.49,17.8,427.2,24,455.51,0.53,Calm,FMS_MARITIME,2026-04-06
2021-06-11,143,MGO,47.19,17.9,429.6,24,342.0616,0.43,Rough,FMS_MARITIME,2026-04-06
2021-06-12,143,LSMGO,15.59,8.5,204.0,24,237.9768,0.59,Moderate,FMS_MARITIME,2026-04-06
2021-06-13,143,MGO,80.63,17.0,408.0,24,615.3966,0.71,Moderate,FMS_MARITIME,2026-04-06
2021-06-14,143,LSMGO,37.4,11.9,285.6,24,407.7857,0.77,Rough,FMS_MARITIME,2026-04-06
2021-06-15,143,HFO,81.76,12.9,309.6,24,822.3535,0.5,Rough,FMS_MARITIME,2026-04-06
2021-06-16,143,VLSFO,25.64,13.8,331.2,24,241.0717,0.43,Rough,FMS_MARITIME,2026-04-06
2021-06-17,143,LSMGO,66.5,10.3,247.2,24,837.7063,0.49,Rough,FMS_MARITIME,2026-04-06
2021-06-18,143,LNG,25.89,15.5,372.0,24,216.7244,0.52,Calm,FMS_MARITIME,2026-04-06
2021-06-19,143,LSMGO,67.62,8.9,213.6,24,985.8084,0.67,Rough,FMS_MARITIME,2026-04-06
2021-06-20,143,MGO,16.58,15.3,367.2,24,140.6049,0.59,Calm,FMS_MARITIME,2026-04-06
2021-06-21,143,MGO,25.79,16.6,398.4,24,201.5815,0.47,Moderate,FMS_MARITIME,2026-04-06
2021-06-22,143,MGO,72.39,12.7,304.8,24,739.575,0.72,Rough,FMS_MARITIME,2026-04-06
2021-06-23,143,LNG,70.9,17.5,420.0,24,525.6729,0.93,Moderate,FMS_MARITIME,2026-04-06
2021-06-24,143,VLSFO,54.3,10.2,244.8,24,690.7279,0.7,Calm,FMS_MARITIME,2026-04-06
2021-06-25,143,LNG,32.82,12.6,302.4,24,337.9679,0.45,Calm,FMS_MARITIME,2026-04-06
2021-06-26,143,LNG,64.97,11.3,271.2,24,746.0051,0.46,Moderate,FMS_MARITIME,2026-04-06
2021-06-27,143,HFO,37.06,16.9,405.6,24,284.5287,0.45,Calm,FMS_MARITIME,2026-04-06
2021-06-28,143,MGO,24.68,15.2,364.8,24,210.673,0.94,Calm,FMS_MARITIME,2026-04-06
2021-06-28,143,LNG,66.99,17.4,417.6,24,499.5375,0.61,Moderate,FMS_MARITIME,2026-04-06
2021-06-28,143,HFO,53.77,12.7,304.8,24,549.3431,0.9,Moderate,FMS_MARITIME,2026-04-06
2021-06-01,144,VLSFO,39.46,9.3,223.2,24,550.5306,0.44,Rough,FMS_MARITIME,2026-04-06
2021-06-02,144,MGO,66.32,12.5,300.0,24,688.4016,0.69,Calm,FMS_MARITIME,2026-04-06
2021-06-03,144,MGO,45.5,8.6,206.4,24,686.468,0.49,Calm,FMS_MARITIME,2026-04-06
2021-06-04,144,HFO,69.97,17.0,408.0,24,534.0357,0.47,Moderate,FMS_MARITIME,2026-04-06
2021-06-05,144,LSMGO,48.77,12.6,302.4,24,502.2149,0.94,Rough,FMS_MARITIME,2026-04-06
2021-06-06,144,MGO,82.72,17.2,412.8,24,624.007,0.69,Calm,FMS_MARITIME,2026-04-06
2021-06-07,144,HFO,79.36,16.4,393.6,24,627.8634,0.9,Calm,FMS_MARITIME,2026-04-06
2021-06-08,144,LNG,57.33,10.8,259.2,24,688.7562,0.59,Calm,FMS_MARITIME,2026-04-06
2021-06-09,144,LNG,20.02,12.5,300.0,24,207.8076,0.95,Moderate,FMS_MARITIME,2026-04-06
2021-06-10,144,LSMGO,40.15,17.8,427.2,24,292.6664,0.45,Rough,FMS_MARITIME,2026-04-06
2021-06-11,144,LNG,63.86,16.5,396.0,24,502.1718,0.9,Calm,FMS_MARITIME,2026-04-06
2021-06-12,144,VLSFO,54.53,13.2,316.8,24,536.0051,0.6,Rough,FMS_MARITIME,2026-04-06
2021-06-13,144,VLSFO,44.92,17.4,417.6,24,334.9638,0.75,Rough,FMS_MARITIME,2026-04-06
2021-06-14,144,MGO,70.98,12.7,304.8,24,725.1697,0.61,Calm,FMS_MARITIME,2026-04-06
2021-06-15,144,VLSFO,27.93,17.9,429.6,24,202.4535,0.78,Moderate,FMS_MARITIME,2026-04-06
2021-06-16,144,LSMGO,28.0,11.8,283.2,24,307.8814,0.4,Moderate,FMS_MARITIME,2026-04-06
2021-06-17,144,VLSFO,75.11,9.4,225.6,24,1036.7577,0.73,Calm,FMS_MARITIME,2026-04-06
2021-06-18,144,VLSFO,63.17,17.6,422.4,24,465.6993,0.86,Moderate,FMS_MARITIME,2026-04-06
2021-06-19,144,HFO,74.9,13.9,333.6,24,699.1565,0.84,Calm,FMS_MARITIME,2026-04-06
2021-06-20,144,HFO,26.07,8.7,208.8,24,388.8026,0.69,Rough,FMS_MARITIME,2026-04-06
2021-06-21,144,LNG,84.17,8.1,194.4,24,1348.2787,0.62,Calm,FMS_MARITIME,2026-04-06
2021-06-22,144,VLSFO,21.82,11.2,268.8,24,252.7808,0.42,Moderate,FMS_MARITIME,2026-04-06
2021-06-23,144,LSMGO,62.7,13.3,319.2,24,611.6786,0.6,Calm,FMS_MARITIME,2026-04-06
2021-06-24,144,MGO,47.6,10.7,256.8,24,577.2056,0.72,Moderate,FMS_MARITIME,2026-04-06
2021-06-25,144,LSMGO,70.69,15.2,364.8,24,603.4229,0.85,Moderate,FMS_MARITIME,2026-04-06
2021-06-26,144,VLSFO,77.77,15.0,360.0,24,672.7105,0.62,Rough,FMS_MARITIME,2026-04-06
2021-06-27,144,MGO,36.57,9.2,220.8,24,515.7562,0.73,Rough,FMS_MARITIME,2026-04-06
2021-06-28,144,MGO,54.49,10.4,249.6,24,679.8151,0.72,Moderate,FMS_MARITIME,2026-04-06
2021-06-28,144,HFO,76.63,16.4,393.6,24,606.2648,0.69,Calm,FMS_MARITIME,2026-04-06
2021-06-28,144,LSMGO,37.53,18.0,432.0,24,270.5288,0.59,Calm,FMS_MARITIME,2026-04-06
2021-06-01,145,VLSFO,67.28,15.8,379.2,24,552.5051,0.79,Rough,FMS_MARITIME,2026-04-06
2021-06-02,145,VLSFO,55.89,13.5,324.0,24,537.165,0.7,Calm,FMS_MARITIME,2026-04-06
2021-06-03,145,MGO,46.78,17.9,429.6,24,339.0897,0.96,Calm,FMS_MARITIME,2026-04-06
2021-06-04,145,MGO,26.41,9.8,235.2,24,349.663,0.5,Rough,FMS_MARITIME,2026-04-06
2021-06-05,145,LSMGO,76.08,15.4,369.6,24,640.9987,0.79,Calm,FMS_MARITIME,2026-04-06
2021-06-06,145,MGO,73.16,16.3,391.2,24,582.3626,0.9,Moderate,FMS_MARITIME,2026-04-06
2021-06-07,145,HFO,83.97,17.8,427.2,24,612.0847,0.5,Calm,FMS_MARITIME,2026-04-06
2021-06-08,145,HFO,31.7,9.0,216.0,24,457.0083,0.74,Rough,FMS_MARITIME,2026-04-06
2021-06-09,145,MGO,63.35,8.5,204.0,24,967.0191,0.73,Calm,FMS_MARITIME,2026-04-06
2021-06-10,145,LNG,29.82,14.9,357.6,24,259.6742,0.89,Moderate,FMS_MARITIME,2026-04-06
2021-06-11,145,HFO,83.98,11.5,276.0,24,947.5135,0.47,Calm,FMS_MARITIME,2026-04-06
2021-06-12,145,MGO,31.48,15.0,360.0,24,272.302,0.81,Rough,FMS_MARITIME,2026-04-06
2021-06-13,145,MGO,22.0,16.1,386.4,24,177.2981,0.98,Rough,FMS_MARITIME,2026-04-06
2021-06-14,145,HFO,30.83,9.9,237.6,24,404.0598,0.44,Rough,FMS_MARITIME,2026-04-06
2021-06-15,145,VLSFO,37.29,16.2,388.8,24,298.6653,0.62,Calm,FMS_MARITIME,2026-04-06
2021-06-16,145,LNG,78.17,13.0,312.0,24,780.1967,0.97,Calm,FMS_MARITIME,2026-04-06
2021-06-17,145,VLSFO,47.06,11.4,273.6,24,535.6171,0.51,Moderate,FMS_MARITIME,2026-04-06
2021-06-18,145,HFO,52.8,11.2,268.8,24,611.6786,0.72,Rough,FMS_MARITIME,2026-04-06
2021-06-19,145,LNG,63.15,11.9,285.6,24,688.5473,0.71,Moderate,FMS_MARITIME,2026-04-06
2021-06-20,145,HFO,35.07,16.9,405.6,24,269.2504,0.91,Rough,FMS_MARITIME,2026-04-06
2021-06-21,145,VLSFO,29.8,10.3,247.2,24,375.3932,0.49,Calm,FMS_MARITIME,2026-04-06
2021-06-22,145,VLSFO,49.93,8.1,194.4,24,799.8046,0.93,Rough,FMS_MARITIME,2026-04-06
2021-06-23,145,LSMGO,61.07,15.4,369.6,24,514.5346,0.73,Rough,FMS_MARITIME,2026-04-06
2021-06-24,145,MGO,67.34,10.1,242.4,24,865.0856,0.86,Rough,FMS_MARITIME,2026-04-06
2021-06-25,145,MGO,52.59,17.5,420.0,24,389.9173,0.81,Rough,FMS_MARITIME,2026-04-06
2021-06-26,145,HFO,57.57,11.7,280.8,24,638.4365,0.59,Moderate,FMS_MARITIME,2026-04-06
2021-06-27,145,VLSFO,70.6,13.7,328.8,24,668.6387,0.71,Rough,FMS_MARITIME,2026-04-06
2021-06-28,145,HFO,27.81,9.6,230.4,24,375.8695,0.83,Rough,FMS_MARITIME,2026-04-06
2021-06-28,145,LSMGO,17.45,9.0,216.0,24,251.5708,0.95,Moderate,FMS_MARITIME,2026-04-06
2021-06-28,145,MGO,29.79,16.2,388.8,24,238.5958,0.94,Calm,FMS_MARITIME,2026-04-06
2021-06-01,146,HFO,62.75,13.5,324.0,24,603.0972,0.84,Moderate,FMS_MARITIME,2026-04-06
2021-06-02,146,MGO,45.33,17.0,408.0,24,345.9746,0.47,Rough,FMS_MARITIME,2026-04-06
2021-06-03,146,HFO,16.09,9.2,220.8,24,226.9215,0.83,Rough,FMS_MARITIME,2026-04-06
2021-06-04,146,LSMGO,68.95,8.9,213.6,24,1005.198,0.44,Calm,FMS_MARITIME,2026-04-06
2021-06-05,146,LNG,32.95,17.1,410.4,24,250.0154,0.74,Calm,FMS_MARITIME,2026-04-06
2021-06-06,146,HFO,42.35,14.0,336.0,24,392.4938,0.57,Calm,FMS_MARITIME,2026-04-06
2021-06-07,146,LNG,20.62,16.1,386.4,24,166.1767,0.66,Rough,FMS_MARITIME,2026-04-06
2021-06-08,146,VLSFO,54.61,15.5,372.0,24,457.1385,0.94,Calm,FMS_MARITIME,2026-04-06
2021-06-09,146,LSMGO,81.49,13.6,326.4,24,777.4506,0.91,Calm,FMS_MARITIME,2026-04-06
2021-06-10,146,VLSFO,19.64,16.7,400.8,24,152.5922,0.83,Rough,FMS_MARITIME,2026-04-06
2021-06-11,146,MGO,47.16,14.4,345.6,24,424.9312,0.99,Calm,FMS_MARITIME,2026-04-06
2021-06-12,146,MGO,76.67,14.2,340.8,24,700.5586,0.6,Calm,FMS_MARITIME,2026-04-06
2021-06-13,146,LNG,58.07,14.9,357.6,24,505.6767,0.86,Rough,FMS_MARITIME,2026-04-06
2021-06-14,146,VLSFO,22.46,8.9,213.6,24,327.4365,0.66,Calm,FMS_MARITIME,2026-04-06
2021-06-15,146,HFO,65.46,17.7,424.8,24,479.8551,0.96,Calm,FMS_MARITIME,2026-04-06
2021-06-16,146,LSMGO,56.84,9.4,225.6,24,784.5734,0.81,Moderate,FMS_MARITIME,2026-04-06
2021-06-17,146,LSMGO,48.57,9.8,235.2,24,643.0569,0.82,Rough,FMS_MARITIME,2026-04-06
2021-06-18,146,LSMGO,67.38,15.4,369.6,24,567.6984,0.46,Calm,FMS_MARITIME,2026-04-06
2021-06-19,146,VLSFO,27.23,16.8,403.2,24,210.3031,0.53,Rough,FMS_MARITIME,2026-04-06
2021-06-20,146,HFO,21.6,15.9,381.6,24,176.2642,0.46,Calm,FMS_MARITIME,2026-04-06
2021-06-21,146,HFO,62.0,10.3,247.2,24,781.0194,0.89,Rough,FMS_MARITIME,2026-04-06
2021-06-22,146,HFO,31.48,10.4,249.6,24,392.7433,0.98,Rough,FMS_MARITIME,2026-04-06
2021-06-23,146,HFO,28.89,10.7,256.8,24,350.325,0.65,Moderate,FMS_MARITIME,2026-04-06
2021-06-24,146,VLSFO,60.3,17.4,417.6,24,449.6509,0.47,Rough,FMS_MARITIME,2026-04-06
2021-06-25,146,MGO,64.26,16.4,393.6,24,508.3985,0.71,Calm,FMS_MARITIME,2026-04-06
2021-06-26,146,LSMGO,78.2,9.6,230.4,24,1056.9219,0.94,Moderate,FMS_MARITIME,2026-04-06
2021-06-27,146,VLSFO,77.71,9.0,216.0,24,1120.3192,0.85,Rough,FMS_MARITIME,2026-04-06
2021-06-28,146,VLSFO,38.42,11.3,271.2,24,441.15,0.8,Calm,FMS_MARITIME,2026-04-06
2021-06-28,146,VLSFO,76.45,8.0,192.0,24,1239.9234,0.94,Moderate,FMS_MARITIME,2026-04-06
2021-06-28,146,VLSFO,25.94,16.5,396.0,24,203.9827,0.84,Moderate,FMS_MARITIME,2026-04-06
2021-06-01,147,VLSFO,47.65,11.7,280.8,24,528.4263,0.58,Calm,FMS_MARITIME,2026-04-06
2021-06-02,147,HFO,33.89,9.4,225.6,24,467.7902,0.99,Rough,FMS_MARITIME,2026-04-06
2021-06-03,147,LSMGO,22.75,16.8,403.2,24,175.7031,0.93,Calm,FMS_MARITIME,2026-04-06
2021-06-04,147,HFO,21.67,15.0,360.0,24,187.4455,0.65,Calm,FMS_MARITIME,2026-04-06
2021-06-05,147,LNG,71.97,15.2,364.8,24,614.3492,0.5,Calm,FMS_MARITIME,2026-04-06
2021-06-06,147,LSMGO,27.37,8.2,196.8,24,433.0802,0.8,Rough,FMS_MARITIME,2026-04-06
2021-06-07,147,HFO,17.7,17.2,412.8,24,133.5218,0.88,Calm,FMS_MARITIME,2026-04-06
2021-06-08,147,VLSFO,15.56,17.4,417.6,24,116.0293,0.68,Rough,FMS_MARITIME,2026-04-06
2021-06-09,147,LNG,55.58,8.3,199.2,24,868.856,0.47,Calm,FMS_MARITIME,2026-04-06
2021-06-10,147,MGO,17.15,9.4,225.6,24,236.7247,0.85,Calm,FMS_MARITIME,2026-04-06
2021-06-11,147,LSMGO,39.57,8.2,196.8,24,626.1229,0.74,Rough,FMS_MARITIME,2026-04-06
2021-06-12,147,LNG,51.58,16.1,386.4,24,415.6835,0.87,Moderate,FMS_MARITIME,2026-04-06
2021-06-13,147,MGO,31.05,10.3,247.2,24,391.1396,0.63,Calm,FMS_MARITIME,2026-04-06
2021-06-14,147,VLSFO,28.64,9.7,232.8,24,383.0969,0.53,Calm,FMS_MARITIME,2026-04-06
2021-06-15,147,HFO,35.32,13.4,321.6,24,341.9978,0.58,Moderate,FMS_MARITIME,2026-04-06
2021-06-16,147,LNG,78.0,16.5,396.0,24,613.3636,0.89,Moderate,FMS_MARITIME,2026-04-06
2021-06-17,147,LNG,51.16,17.3,415.2,24,383.7,0.61,Moderate,FMS_MARITIME,2026-04-06
2021-06-18,147,LNG,37.92,10.5,252.0,24,468.5829,0.56,Calm,FMS_MARITIME,2026-04-06
2021-06-19,147,LNG,71.68,15.1,362.4,24,615.9258,0.82,Rough,FMS_MARITIME,2026-04-06
2021-06-20,147,HFO,48.89,14.0,336.0,24,453.1055,0.9,Calm,FMS_MARITIME,2026-04-06
2021-06-21,147,LSMGO,18.48,15.8,379.2,24,151.7582,0.75,Rough,FMS_MARITIME,2026-04-06
2021-06-22,147,HFO,29.75,13.3,319.2,24,290.2303,0.55,Rough,FMS_MARITIME,2026-04-06
2021-06-23,147,LSMGO,32.33,12.6,302.4,24,332.922,0.45,Calm,FMS_MARITIME,2026-04-06
2021-06-24,147,MGO,67.66,9.0,216.0,24,975.4317,0.52,Rough,FMS_MARITIME,2026-04-06
2021-06-25,147,VLSFO,78.58,12.5,300.0,24,815.6604,0.77,Moderate,FMS_MARITIME,2026-04-06
2021-06-26,147,VLSFO,61.51,10.2,244.8,24,782.4434,0.41,Rough,FMS_MARITIME,2026-04-06
2021-06-27,147,HFO,83.87,8.0,192.0,24,1360.2666,0.92,Rough,FMS_MARITIME,2026-04-06
2021-06-28,147,LSMGO,16.13,13.6,326.4,24,153.8873,0.47,Calm,FMS_MARITIME,2026-04-06
2021-06-28,147,LSMGO,78.48,11.1,266.4,24,917.3676,0.68,Calm,FMS_MARITIME,2026-04-06
2021-06-28,147,LNG,34.53,17.5,420.0,24,256.0153,0.48,Calm,FMS_MARITIME,2026-04-06
2021-06-01,148,VLSFO,56.08,10.3,247.2,24,706.4447,0.55,Rough,FMS_MARITIME,2026-04-06
2021-06-02,148,VLSFO,81.07,9.6,230.4,24,1095.7117,0.66,Rough,FMS_MARITIME,2026-04-06
2021-06-03,148,VLSFO,45.17,9.6,230.4,24,610.5008,0.72,Moderate,FMS_MARITIME,2026-04-06
2021-06-04,148,LNG,29.87,17.4,417.6,24,222.7375,0.92,Moderate,FMS_MARITIME,2026-04-06
2021-06-05,148,VLSFO,71.92,16.8,403.2,24,555.4536,0.97,Calm,FMS_MARITIME,2026-04-06
2021-06-06,148,HFO,74.05,9.5,228.0,24,1011.3671,0.73,Rough,FMS_MARITIME,2026-04-06
2021-06-07,148,HFO,81.06,15.1,362.4,24,696.5255,0.64,Rough,FMS_MARITIME,2026-04-06
2021-06-08,148,VLSFO,21.03,17.3,415.2,24,157.725,1.0,Calm,FMS_MARITIME,2026-04-06
2021-06-09,148,MGO,80.65,16.9,405.6,24,619.1916,0.48,Rough,FMS_MARITIME,2026-04-06
2021-06-10,148,MGO,50.42,12.7,304.8,24,515.1177,0.78,Rough,FMS_MARITIME,2026-04-06
2021-06-11,148,LNG,22.7,16.7,400.8,24,176.3668,0.87,Rough,FMS_MARITIME,2026-04-06
2021-06-12,148,LSMGO,70.77,8.6,206.4,24,1067.7218,0.84,Calm,FMS_MARITIME,2026-04-06
2021-06-13,148,LSMGO,58.83,11.7,280.8,24,652.4096,0.72,Rough,FMS_MARITIME,2026-04-06
2021-06-14,148,MGO,67.58,17.3,415.2,24,506.85,0.99,Moderate,FMS_MARITIME,2026-04-06
2021-06-15,148,VLSFO,41.0,8.7,208.8,24,611.4655,0.82,Rough,FMS_MARITIME,2026-04-06
2021-06-16,148,LSMGO,41.31,17.1,410.4,24,313.4487,1.0,Rough,FMS_MARITIME,2026-04-06
2021-06-17,148,VLSFO,53.13,9.5,228.0,24,725.6439,0.73,Rough,FMS_MARITIME,2026-04-06
2021-06-18,148,LSMGO,43.4,8.5,204.0,24,662.4882,0.92,Calm,FMS_MARITIME,2026-04-06
2021-06-19,148,HFO,81.44,14.8,355.2,24,713.9757,0.76,Moderate,FMS_MARITIME,2026-04-06
2021-06-20,148,VLSFO,50.17,12.2,292.8,24,533.5703,0.57,Rough,FMS_MARITIME,2026-04-06
2021-06-21,148,HFO,50.71,16.8,403.2,24,391.6442,0.52,Moderate,FMS_MARITIME,2026-04-06
2021-06-22,148,MGO,69.56,8.1,194.4,24,1114.2481,0.68,Rough,FMS_MARITIME,2026-04-06
2021-06-23,148,MGO,68.18,13.2,316.8,24,670.1784,0.95,Rough,FMS_MARITIME,2026-04-06
2021-06-24,148,VLSFO,69.82,10.4,249.6,24,871.0716,0.42,Rough,FMS_MARITIME,2026-04-06
2021-06-25,148,HFO,32.15,16.9,405.6,24,246.8321,0.63,Moderate,FMS_MARITIME,2026-04-06
2021-06-26,148,VLSFO,24.07,9.5,228.0,24,328.7455,0.47,Moderate,FMS_MARITIME,2026-04-06
2021-06-27,148,LNG,79.76,12.5,300.0,24,827.9088,0.8,Rough,FMS_MARITIME,2026-04-06
2021-06-28,148,VLSFO,45.36,16.8,403.2,24,350.325,1.0,Rough,FMS_MARITIME,2026-04-06
2021-06-28,148,LSMGO,70.5,10.4,249.6,24,879.5553,0.51,Moderate,FMS_MARITIME,2026-04-06
2021-06-28,148,HFO,62.59,17.0,408.0,24,477.709,0.86,Rough,FMS_MARITIME,2026-04-06
2021-06-01,149,MGO,42.77,12.2,292.8,24,454.8695,0.83,Rough,FMS_MARITIME,2026-04-06
2021-06-02,149,HFO,51.79,13.2,316.8,24,509.0722,0.59,Calm,FMS_MARITIME,2026-04-06
2021-06-03,149,HFO,54.1,14.0,336.0,24,501.3911,0.46,Rough,FMS_MARITIME,2026-04-06
2021-06-04,149,HFO,64.38,9.9,237.6,24,843.7682,0.64,Moderate,FMS_MARITIME,2026-04-06
2021-06-05,149,LSMGO,46.54,8.8,211.2,24,686.2006,0.82,Rough,FMS_MARITIME,2026-04-06
2021-06-06,149,MGO,19.38,12.5,300.0,24,201.1644,0.64,Moderate,FMS_MARITIME,2026-04-06
2021-06-07,149,HFO,78.27,10.3,247.2,24,985.974,0.58,Moderate,FMS_MARITIME,2026-04-06
2021-06-08,149,LSMGO,46.59,12.7,304.8,24,475.9884,0.41,Calm,FMS_MARITIME,2026-04-06
2021-06-09,149,LSMGO,34.97,15.1,362.4,24,300.4873,0.55,Calm,FMS_MARITIME,2026-04-06
2021-06-10,149,MGO,20.63,14.0,336.0,24,191.1959,0.66,Rough,FMS_MARITIME,2026-04-06
2021-06-11,149,VLSFO,75.78,16.3,391.2,24,603.2181,0.49,Moderate,FMS_MARITIME,2026-04-06
2021-06-12,149,MGO,41.36,9.7,232.8,24,553.2433,0.42,Moderate,FMS_MARITIME,2026-04-06
2021-06-13,149,HFO,49.99,11.6,278.4,24,559.1554,0.56,Calm,FMS_MARITIME,2026-04-06
2021-06-14,149,HFO,31.26,17.7,424.8,24,229.1517,0.71,Rough,FMS_MARITIME,2026-04-06
2021-06-15,149,HFO,39.15,13.2,316.8,24,384.8267,0.89,Rough,FMS_MARITIME,2026-04-06
2021-06-16,149,VLSFO,39.73,17.8,427.2,24,289.6049,0.56,Rough,FMS_MARITIME,2026-04-06
2021-06-17,149,LNG,76.9,11.6,278.4,24,860.153,0.99,Calm,FMS_MARITIME,2026-04-06
2021-06-18,149,HFO,36.76,8.6,206.4,24,554.6058,0.45,Calm,FMS_MARITIME,2026-04-06
2021-06-19,149,LNG,75.87,12.7,304.8,24,775.1285,0.42,Calm,FMS_MARITIME,2026-04-06
2021-06-20,149,MGO,73.61,13.9,333.6,24,687.1149,0.79,Moderate,FMS_MARITIME,2026-04-06
2021-06-21,149,MGO,64.79,17.0,408.0,24,494.5001,0.72,Calm,FMS_MARITIME,2026-04-06
2021-06-22,149,VLSFO,16.84,14.5,348.0,24,150.689,0.59,Rough,FMS_MARITIME,2026-04-06
2021-06-23,149,HFO,81.92,17.5,420.0,24,607.3783,0.95,Moderate,FMS_MARITIME,2026-04-06
2021-06-24,149,LNG,57.94,13.1,314.4,24,573.8714,0.79,Rough,FMS_MARITIME,2026-04-06
2021-06-25,149,VLSFO,29.84,8.7,208.8,24,445.0276,0.95,Moderate,FMS_MARITIME,2026-04-06
2021-06-26,149,VLSFO,61.3,16.4,393.6,24,484.9802,0.54,Moderate,FMS_MARITIME,2026-04-06
2021-06-27,149,LNG,25.53,17.5,420.0,24,189.2867,0.42,Calm,FMS_MARITIME,2026-04-06
2021-06-28,149,HFO,74.93,16.8,403.2,24,578.7004,0.48,Moderate,FMS_MARITIME,2026-04-06
2021-06-28,149,LSMGO,62.53,16.2,388.8,24,500.819,0.91,Rough,FMS_MARITIME,2026-04-06
2021-06-28,149,VLSFO,58.76,10.2,244.8,24,747.4618,0.83,Rough,FMS_MARITIME,2026-04-06
2021-06-01,150,MGO,43.44,9.0,216.0,24,626.26,0.44,Rough,FMS_MARITIME,2026-04-06
2021-06-02,150,LNG,20.72,9.8,235.2,24,274.3286,0.54,Moderate,FMS_MARITIME,2026-04-06
2021-06-03,150,VLSFO,67.8,17.4,417.6,24,505.5776,0.9,Moderate,FMS_MARITIME,2026-04-06
2021-06-04,150,LSMGO,38.46,10.8,259.2,24,462.0542,0.55,Calm,FMS_MARITIME,2026-04-06
2021-06-05,150,MGO,52.07,12.8,307.2,24,527.8189,0.46,Moderate,FMS_MARITIME,2026-04-06
2021-06-06,150,HFO,73.2,9.1,218.4,24,1043.7033,0.57,Moderate,FMS_MARITIME,2026-04-06
2021-06-07,150,VLSFO,43.77,14.4,345.6,24,394.3859,0.72,Calm,FMS_MARITIME,2026-04-06
2021-06-08,150,LNG,42.24,18.0,432.0,24,304.48,0.9,Rough,FMS_MARITIME,2026-04-06
2021-06-09,150,VLSFO,44.44,9.4,225.6,24,613.4138,0.49,Rough,FMS_MARITIME,2026-04-06
2021-06-10,150,HFO,16.0,16.1,386.4,24,128.9441,0.59,Calm,FMS_MARITIME,2026-04-06
2021-06-11,150,MGO,66.37,13.1,314.4,24,657.367,0.58,Moderate,FMS_MARITIME,2026-04-06
2021-06-12,150,LSMGO,54.71,10.7,256.8,24,663.4227,0.63,Rough,FMS_MARITIME,2026-04-06
2021-06-13,150,HFO,33.89,17.4,417.6,24,252.7142,0.94,Rough,FMS_MARITIME,2026-04-06
2021-06-14,150,VLSFO,39.96,10.7,256.8,24,484.5617,0.84,Calm,FMS_MARITIME,2026-04-06
2021-06-15,150,LSMGO,49.23,9.9,237.6,24,645.2114,0.87,Rough,FMS_MARITIME,2026-04-06
2021-06-16,150,LSMGO,67.84,10.7,256.8,24,822.6393,0.62,Calm,FMS_MARITIME,2026-04-06
2021-06-17,150,LSMGO,55.13,12.0,288.0,24,596.0931,0.88,Rough,FMS_MARITIME,2026-04-06
2021-06-18,150,LNG,54.45,13.0,312.0,24,543.4529,0.48,Moderate,FMS_MARITIME,2026-04-06
2021-06-19,150,LSMGO,55.79,9.5,228.0,24,761.9739,0.89,Moderate,FMS_MARITIME,2026-04-06
2021-06-20,150,VLSFO,18.62,14.7,352.8,24,164.35,0.43,Calm,FMS_MARITIME,2026-04-06
2021-06-21,150,LSMGO,74.2,15.8,379.2,24,609.3323,0.75,Calm,FMS_MARITIME,2026-04-06
2021-06-22,150,LSMGO,49.89,10.5,252.0,24,616.4979,0.93,Rough,FMS_MARITIME,2026-04-06
2021-06-23,150,HFO,66.28,11.9,285.6,24,722.6748,0.84,Calm,FMS_MARITIME,2026-04-06
2021-06-24,150,LSMGO,51.54,17.4,417.6,24,384.3284,0.85,Rough,FMS_MARITIME,2026-04-06
2021-06-25,150,VLSFO,77.01,14.3,343.2,24,698.7446,0.52,Rough,FMS_MARITIME,2026-04-06
2021-06-26,150,VLSFO,32.58,8.2,196.8,24,515.5189,0.68,Rough,FMS_MARITIME,2026-04-06
2021-06-27,150,HFO,24.8,17.9,429.6,24,179.7654,0.7,Rough,FMS_MARITIME,2026-04-06
2021-06-28,150,LNG,64.75,11.9,285.6,24,705.9926,0.47,Rough,FMS_MARITIME,2026-04-06
2021-06-28,150,MGO,52.63,16.4,393.6,24,416.3867,0.69,Calm,FMS_MARITIME,2026-04-06
2021-06-28,150,LSMGO,72.45,8.4,201.6,24,1119.0938,0.71,Calm,FMS_MARITIME,2026-04-06
