log_date,vessel_id,fuel_grade,consumption_mt,speed_knots,distance_nm,running_hours,eeoi,load_factor,sea_condition,source_system,ingestion_date
2022-03-01,1,LSMGO,75.3,14.9,357.6,24,655.7164,0.98,Rough,FMS_MARITIME,2026-04-06
2022-03-02,1,LNG,56.5,8.2,196.8,24,894.0091,0.68,Moderate,FMS_MARITIME,2026-04-06
2022-03-03,1,MGO,22.39,14.4,345.6,24,201.7432,0.53,Calm,FMS_MARITIME,2026-04-06
2022-03-04,1,VLSFO,82.25,13.1,314.4,24,814.6517,0.42,Rough,FMS_MARITIME,2026-04-06
2022-03-05,1,LSMGO,36.06,16.4,393.6,24,285.2918,0.53,Rough,FMS_MARITIME,2026-04-06
2022-03-06,1,LSMGO,58.49,12.9,309.6,24,588.3006,0.4,Moderate,FMS_MARITIME,2026-04-06
2022-03-07,1,LSMGO,34.22,10.3,247.2,24,431.0723,0.67,Rough,FMS_MARITIME,2026-04-06
2022-03-08,1,LNG,65.8,15.9,381.6,24,536.9528,0.42,Moderate,FMS_MARITIME,2026-04-06
2022-03-09,1,LNG,17.07,13.6,326.4,24,162.8553,0.79,Moderate,FMS_MARITIME,2026-04-06
2022-03-10,1,LSMGO,29.0,16.0,384.0,24,235.1719,0.65,Moderate,FMS_MARITIME,2026-04-06
2022-03-11,1,HFO,51.61,16.8,403.2,24,398.5951,0.43,Calm,FMS_MARITIME,2026-04-06
2022-03-12,1,LSMGO,69.78,8.5,204.0,24,1065.1712,0.61,Moderate,FMS_MARITIME,2026-04-06
2022-03-13,1,MGO,75.42,12.1,290.4,24,808.7393,0.56,Rough,FMS_MARITIME,2026-04-06
2022-03-14,1,LNG,53.42,15.1,362.4,24,459.0228,0.69,Moderate,FMS_MARITIME,2026-04-06
2022-03-15,1,MGO,62.0,12.7,304.8,24,633.4252,0.92,Rough,FMS_MARITIME,2026-04-06
2022-03-16,1,HFO,71.5,14.0,336.0,24,662.6518,0.77,Calm,FMS_MARITIME,2026-04-06
2022-03-17,1,MGO,57.76,15.0,360.0,24,499.624,0.95,Moderate,FMS_MARITIME,2026-04-06
2022-03-18,1,VLSFO,42.33,9.2,220.8,24,596.991,0.76,Moderate,FMS_MARITIME,2026-04-06
2022-03-19,1,HFO,16.99,9.1,218.4,24,242.2475,0.44,Moderate,FMS_MARITIME,2026-04-06
2022-03-20,1,HFO,28.01,14.3,343.2,24,254.1467,0.43,Calm,FMS_MARITIME,2026-04-06
2022-03-21,1,HFO,31.93,16.6,398.4,24,249.5733,0.47,Rough,FMS_MARITIME,2026-04-06
2022-03-22,1,HFO,40.37,18.0,432.0,24,291.0004,0.66,Calm,FMS_MARITIME,2026-04-06
2022-03-23,1,HFO,62.97,10.0,240.0,24,817.0357,0.55,Rough,FMS_MARITIME,2026-04-06
2022-03-24,1,VLSFO,56.25,16.4,393.6,24,445.0267,0.74,Moderate,FMS_MARITIME,2026-04-06
2022-03-25,1,MGO,57.14,14.2,340.8,24,522.1067,0.82,Calm,FMS_MARITIME,2026-04-06
2022-03-26,1,VLSFO,52.11,11.5,276.0,24,587.9367,0.93,Calm,FMS_MARITIME,2026-04-06
2022-03-27,1,VLSFO,37.34,12.9,309.6,24,375.5709,0.71,Rough,FMS_MARITIME,2026-04-06
2022-03-28,1,HFO,22.32,9.6,230.4,24,301.6687,0.59,Moderate,FMS_MARITIME,2026-04-06
2022-03-28,1,LSMGO,83.98,15.9,381.6,24,685.3085,0.79,Rough,FMS_MARITIME,2026-04-06
2022-03-28,1,LNG,82.83,15.9,381.6,24,675.9241,0.71,Moderate,FMS_MARITIME,2026-04-06
2022-03-01,2,VLSFO,32.01,12.7,304.8,24,327.0313,0.9,Rough,FMS_MARITIME,2026-04-06
2022-03-02,2,LSMGO,37.76,15.8,379.2,24,310.0861,0.42,Calm,FMS_MARITIME,2026-04-06
2022-03-03,2,MGO,15.8,12.5,300.0,24,164.004,0.68,Rough,FMS_MARITIME,2026-04-06
2022-03-04,2,LNG,26.22,10.4,249.6,24,327.1197,0.96,Rough,FMS_MARITIME,2026-04-06
2022-03-05,2,LNG,45.1,18.0,432.0,24,325.0958,0.95,Rough,FMS_MARITIME,2026-04-06
2022-03-06,2,MGO,17.67,8.3,199.2,24,276.2268,0.91,Rough,FMS_MARITIME,2026-04-06
2022-03-07,2,MGO,22.86,17.1,410.4,24,173.4553,0.6,Rough,FMS_MARITIME,2026-04-06
2022-03-08,2,MGO,49.0,17.8,427.2,24,357.177,0.59,Calm,FMS_MARITIME,2026-04-06
2022-03-09,2,HFO,59.67,10.6,254.4,24,730.3946,0.89,Moderate,FMS_MARITIME,2026-04-06
2022-03-10,2,HFO,46.61,9.7,232.8,24,623.4688,0.55,Rough,FMS_MARITIME,2026-04-06
2022-03-11,2,MGO,31.76,13.7,328.8,24,300.7927,0.96,Moderate,FMS_MARITIME,2026-04-06
2022-03-12,2,VLSFO,72.41,12.7,304.8,24,739.7793,0.45,Moderate,FMS_MARITIME,2026-04-06
2022-03-13,2,HFO,49.99,13.3,319.2,24,487.6844,0.72,Rough,FMS_MARITIME,2026-04-06
2022-03-14,2,VLSFO,76.08,14.6,350.4,24,676.1219,0.63,Rough,FMS_MARITIME,2026-04-06
2022-03-15,2,HFO,19.48,11.5,276.0,24,219.7852,0.45,Calm,FMS_MARITIME,2026-04-06
2022-03-16,2,MGO,71.0,12.5,300.0,24,736.98,0.61,Moderate,FMS_MARITIME,2026-04-06
2022-03-17,2,LSMGO,80.07,13.6,326.4,24,763.9031,0.97,Moderate,FMS_MARITIME,2026-04-06
2022-03-18,2,VLSFO,66.14,8.0,192.0,24,1072.7081,0.75,Moderate,FMS_MARITIME,2026-04-06
2022-03-19,2,VLSFO,75.14,10.1,242.4,24,965.2886,0.61,Rough,FMS_MARITIME,2026-04-06
2022-03-20,2,MGO,64.99,13.1,314.4,24,643.6987,0.42,Rough,FMS_MARITIME,2026-04-06
2022-03-21,2,HFO,36.87,17.0,408.0,24,281.4049,0.8,Rough,FMS_MARITIME,2026-04-06
2022-03-22,2,LNG,26.21,9.2,220.8,24,369.6465,0.94,Calm,FMS_MARITIME,2026-04-06
2022-03-23,2,MGO,51.97,16.6,398.4,24,406.2113,0.82,Calm,FMS_MARITIME,2026-04-06
2022-03-24,2,MGO,40.38,11.6,278.4,24,451.6642,0.85,Calm,FMS_MARITIME,2026-04-06
2022-03-25,2,HFO,23.57,11.3,271.2,24,270.6378,0.99,Rough,FMS_MARITIME,2026-04-06
2022-03-26,2,LNG,29.87,12.7,304.8,24,305.1679,0.85,Rough,FMS_MARITIME,2026-04-06
2022-03-27,2,MGO,79.56,16.2,388.8,24,637.2167,0.69,Moderate,FMS_MARITIME,2026-04-06
2022-03-28,2,VLSFO,37.57,12.5,300.0,24,389.9766,0.61,Rough,FMS_MARITIME,2026-04-06
2022-03-28,2,LNG,18.14,17.9,429.6,24,131.4897,0.83,Calm,FMS_MARITIME,2026-04-06
2022-03-28,2,HFO,61.25,9.1,218.4,24,873.3173,0.84,Rough,FMS_MARITIME,2026-04-06
2022-03-01,3,VLSFO,43.39,15.5,372.0,24,363.2163,0.9,Rough,FMS_MARITIME,2026-04-06
2022-03-02,3,LSMGO,54.56,16.8,403.2,24,421.3786,0.87,Moderate,FMS_MARITIME,2026-04-06
2022-03-03,3,MGO,45.13,8.9,213.6,24,657.9346,0.85,Calm,FMS_MARITIME,2026-04-06
2022-03-04,3,LSMGO,17.02,16.4,393.6,24,134.6552,0.57,Moderate,FMS_MARITIME,2026-04-06
2022-03-05,3,MGO,42.89,11.3,271.2,24,492.4759,0.7,Rough,FMS_MARITIME,2026-04-06
2022-03-06,3,MGO,74.95,10.1,242.4,24,962.8478,0.73,Moderate,FMS_MARITIME,2026-04-06
2022-03-07,3,VLSFO,21.4,11.3,271.2,24,245.7212,0.41,Rough,FMS_MARITIME,2026-04-06
2022-03-08,3,VLSFO,33.18,17.3,415.2,24,248.85,0.6,Moderate,FMS_MARITIME,2026-04-06
2022-03-09,3,HFO,46.68,10.7,256.8,24,566.0495,0.45,Rough,FMS_MARITIME,2026-04-06
2022-03-10,3,MGO,50.91,10.5,252.0,24,629.1021,0.54,Rough,FMS_MARITIME,2026-04-06
2022-03-11,3,LSMGO,64.79,9.3,223.2,24,903.925,0.99,Calm,FMS_MARITIME,2026-04-06
2022-03-12,3,HFO,82.39,16.9,405.6,24,632.5504,0.56,Rough,FMS_MARITIME,2026-04-06
2022-03-13,3,HFO,27.51,14.8,355.2,24,241.1772,0.65,Calm,FMS_MARITIME,2026-04-06
2022-03-14,3,LSMGO,64.12,17.6,422.4,24,472.7028,0.64,Moderate,FMS_MARITIME,2026-04-06
2022-03-15,3,VLSFO,19.06,9.9,237.6,24,249.8015,0.77,Rough,FMS_MARITIME,2026-04-06
2022-03-16,3,LNG,48.26,11.3,271.2,24,554.1358,1.0,Rough,FMS_MARITIME,2026-04-06
2022-03-17,3,LSMGO,84.66,14.4,345.6,24,762.8219,0.45,Calm,FMS_MARITIME,2026-04-06
2022-03-18,3,HFO,63.13,10.6,254.4,24,772.7469,0.67,Moderate,FMS_MARITIME,2026-04-06
2022-03-19,3,MGO,20.02,8.3,199.2,24,312.9633,0.64,Rough,FMS_MARITIME,2026-04-06
2022-03-20,3,MGO,66.18,9.0,216.0,24,954.095,0.51,Calm,FMS_MARITIME,2026-04-06
2022-03-21,3,LNG,30.07,12.0,288.0,24,325.1319,0.65,Rough,FMS_MARITIME,2026-04-06
2022-03-22,3,MGO,24.43,9.0,216.0,24,352.1992,0.67,Rough,FMS_MARITIME,2026-04-06
2022-03-23,3,LNG,84.88,11.3,271.2,24,974.6177,0.53,Rough,FMS_MARITIME,2026-04-06
2022-03-24,3,MGO,20.39,12.7,304.8,24,208.3152,0.47,Moderate,FMS_MARITIME,2026-04-06
2022-03-25,3,MGO,51.28,11.3,271.2,24,588.8124,0.57,Moderate,FMS_MARITIME,2026-04-06
2022-03-26,3,MGO,51.54,9.6,230.4,24,696.5953,0.67,Moderate,FMS_MARITIME,2026-04-06
2022-03-27,3,LNG,25.87,16.9,405.6,24,198.6173,0.73,Moderate,FMS_MARITIME,2026-04-06
2022-03-28,3,LNG,40.89,11.1,266.4,24,477.9709,0.92,Rough,FMS_MARITIME,2026-04-06
2022-03-28,3,LNG,18.98,15.9,381.6,24,154.884,0.92,Calm,FMS_MARITIME,2026-04-06
2022-03-28,3,LNG,49.7,15.6,374.4,24,413.3702,0.71,Calm,FMS_MARITIME,2026-04-06
2022-03-01,4,MGO,27.52,13.1,314.4,24,272.574,0.43,Rough,FMS_MARITIME,2026-04-06
2022-03-02,4,VLSFO,60.3,17.7,424.8,24,442.0297,0.72,Moderate,FMS_MARITIME,2026-04-06
2022-03-03,4,LNG,23.32,9.0,216.0,24,336.1967,0.48,Moderate,FMS_MARITIME,2026-04-06
2022-03-04,4,MGO,32.71,15.9,381.6,24,266.9259,0.58,Moderate,FMS_MARITIME,2026-04-06
2022-03-05,4,MGO,32.32,17.7,424.8,24,236.922,0.98,Calm,FMS_MARITIME,2026-04-06
2022-03-06,4,MGO,21.66,9.1,218.4,24,308.8335,0.95,Rough,FMS_MARITIME,2026-04-06
2022-03-07,4,LNG,62.65,17.3,415.2,24,469.875,0.91,Calm,FMS_MARITIME,2026-04-06
2022-03-08,4,VLSFO,74.82,15.1,362.4,24,642.907,0.51,Rough,FMS_MARITIME,2026-04-06
2022-03-09,4,LSMGO,61.82,9.6,230.4,24,835.5359,0.77,Rough,FMS_MARITIME,2026-04-06
2022-03-10,4,MGO,80.9,9.7,232.8,24,1082.1418,0.71,Calm,FMS_MARITIME,2026-04-06
2022-03-11,4,VLSFO,19.38,15.4,369.6,24,163.2828,0.76,Moderate,FMS_MARITIME,2026-04-06
2022-03-12,4,LSMGO,20.66,10.6,254.4,24,252.8901,0.56,Calm,FMS_MARITIME,2026-04-06
2022-03-13,4,HFO,65.09,12.1,290.4,24,697.9692,0.93,Moderate,FMS_MARITIME,2026-04-06
2022-03-14,4,HFO,33.85,9.0,216.0,24,488.0042,0.98,Moderate,FMS_MARITIME,2026-04-06
2022-03-15,4,VLSFO,65.82,12.2,292.8,24,700.0119,0.45,Moderate,FMS_MARITIME,2026-04-06
2022-03-16,4,VLSFO,78.73,11.7,280.8,24,873.0955,0.97,Moderate,FMS_MARITIME,2026-04-06
2022-03-17,4,VLSFO,81.73,8.4,201.6,24,1262.4366,0.78,Rough,FMS_MARITIME,2026-04-06
2022-03-18,4,LNG,73.47,16.8,403.2,24,567.4246,0.83,Moderate,FMS_MARITIME,2026-04-06
2022-03-19,4,HFO,73.35,11.2,268.8,24,849.7467,0.64,Rough,FMS_MARITIME,2026-04-06
2022-03-20,4,HFO,57.04,10.9,261.6,24,678.9853,0.81,Moderate,FMS_MARITIME,2026-04-06
2022-03-21,4,LSMGO,23.47,11.0,264.0,24,276.8393,0.59,Calm,FMS_MARITIME,2026-04-06
2022-03-22,4,HFO,80.67,15.3,367.2,24,684.1132,0.89,Calm,FMS_MARITIME,2026-04-06
2022-03-23,4,LSMGO,77.45,17.2,412.8,24,584.2522,0.96,Moderate,FMS_MARITIME,2026-04-06
2022-03-24,4,LNG,66.49,12.0,288.0,24,718.9231,0.66,Rough,FMS_MARITIME,2026-04-06
2022-03-25,4,LSMGO,21.21,12.1,290.4,24,227.4378,0.62,Rough,FMS_MARITIME,2026-04-06
2022-03-26,4,LSMGO,81.6,16.3,391.2,24,649.546,1.0,Moderate,FMS_MARITIME,2026-04-06
2022-03-27,4,HFO,77.82,9.1,218.4,24,1109.5764,0.43,Calm,FMS_MARITIME,2026-04-06
2022-03-28,4,LNG,38.2,13.9,333.6,24,356.5791,0.87,Rough,FMS_MARITIME,2026-04-06
2022-03-28,4,LSMGO,56.56,14.8,355.2,24,495.8554,0.53,Moderate,FMS_MARITIME,2026-04-06
2022-03-28,4,LSMGO,62.87,14.7,352.8,24,554.924,0.66,Calm,FMS_MARITIME,2026-04-06
2022-03-01,5,HFO,82.42,14.5,348.0,24,737.5169,0.82,Moderate,FMS_MARITIME,2026-04-06
2022-03-02,5,HFO,56.81,16.2,388.8,24,455.006,0.66,Calm,FMS_MARITIME,2026-04-06
2022-03-03,5,VLSFO,63.72,9.9,237.6,24,835.1182,0.79,Rough,FMS_MARITIME,2026-04-06
2022-03-04,5,MGO,76.0,9.3,223.2,24,1060.3226,0.67,Moderate,FMS_MARITIME,2026-04-06
2022-03-05,5,VLSFO,64.4,9.6,230.4,24,870.4062,0.53,Moderate,FMS_MARITIME,2026-04-06
2022-03-06,5,LSMGO,33.46,15.8,379.2,24,274.7744,0.89,Calm,FMS_MARITIME,2026-04-06
2022-03-07,5,LSMGO,40.12,14.8,355.2,24,351.7277,0.72,Rough,FMS_MARITIME,2026-04-06
2022-03-08,5,LSMGO,55.78,11.1,266.4,24,652.023,0.71,Moderate,FMS_MARITIME,2026-04-06
2022-03-09,5,VLSFO,21.62,8.3,199.2,24,337.9753,0.61,Calm,FMS_MARITIME,2026-04-06
2022-03-10,5,HFO,54.18,12.6,302.4,24,557.925,0.77,Moderate,FMS_MARITIME,2026-04-06
2022-03-11,5,VLSFO,37.48,15.5,372.0,24,313.7439,0.63,Moderate,FMS_MARITIME,2026-04-06
2022-03-12,5,VLSFO,51.91,14.5,348.0,24,464.505,0.44,Rough,FMS_MARITIME,2026-04-06
2022-03-13,5,MGO,17.64,14.6,350.4,24,156.7664,0.71,Calm,FMS_MARITIME,2026-04-06
2022-03-14,5,MGO,81.99,14.0,336.0,24,759.8716,0.43,Rough,FMS_MARITIME,2026-04-06
2022-03-15,5,LNG,15.46,13.8,331.2,24,145.3576,0.8,Rough,FMS_MARITIME,2026-04-06
2022-03-16,5,LNG,25.06,16.0,384.0,24,203.2209,0.58,Rough,FMS_MARITIME,2026-04-06
2022-03-17,5,LSMGO,62.59,11.7,280.8,24,694.1071,0.56,Rough,FMS_MARITIME,2026-04-06
2022-03-18,5,LSMGO,84.74,15.2,364.8,24,723.3562,0.72,Calm,FMS_MARITIME,2026-04-06
2022-03-19,5,LNG,83.09,11.2,268.8,24,962.5828,0.58,Calm,FMS_MARITIME,2026-04-06
2022-03-20,5,LNG,77.34,14.8,355.2,24,678.0314,0.48,Rough,FMS_MARITIME,2026-04-06
2022-03-21,5,VLSFO,34.99,14.1,338.4,24,321.9824,0.95,Rough,FMS_MARITIME,2026-04-06
2022-03-22,5,LSMGO,32.31,17.9,429.6,24,234.2024,0.57,Moderate,FMS_MARITIME,2026-04-06
2022-03-23,5,LSMGO,44.51,15.2,364.8,24,379.9456,0.52,Rough,FMS_MARITIME,2026-04-06
2022-03-24,5,LSMGO,27.05,17.0,408.0,24,206.4551,0.46,Moderate,FMS_MARITIME,2026-04-06
2022-03-25,5,LNG,24.06,13.4,321.6,24,232.969,0.92,Calm,FMS_MARITIME,2026-04-06
2022-03-26,5,LNG,61.62,12.4,297.6,24,644.7738,0.59,Rough,FMS_MARITIME,2026-04-06
2022-03-27,5,MGO,48.97,17.6,422.4,24,361.0146,0.78,Rough,FMS_MARITIME,2026-04-06
2022-03-28,5,LSMGO,74.34,10.6,254.4,24,909.9637,0.98,Calm,FMS_MARITIME,2026-04-06
2022-03-28,5,MGO,50.47,14.4,345.6,24,454.7557,1.0,Moderate,FMS_MARITIME,2026-04-06
2022-03-28,5,HFO,16.12,17.4,417.6,24,120.2052,0.64,Calm,FMS_MARITIME,2026-04-06
2022-03-01,6,LSMGO,44.0,11.1,266.4,24,514.3243,0.74,Moderate,FMS_MARITIME,2026-04-06
2022-03-02,6,VLSFO,39.68,15.7,376.8,24,327.9287,0.49,Moderate,FMS_MARITIME,2026-04-06
2022-03-03,6,VLSFO,16.17,12.3,295.2,24,170.5738,0.68,Moderate,FMS_MARITIME,2026-04-06
2022-03-04,6,MGO,76.64,14.9,357.6,24,667.3852,0.98,Moderate,FMS_MARITIME,2026-04-06
2022-03-05,6,LSMGO,79.7,14.4,345.6,24,718.1302,0.65,Calm,FMS_MARITIME,2026-04-06
2022-03-06,6,LSMGO,56.1,10.8,259.2,24,673.9792,0.81,Moderate,FMS_MARITIME,2026-04-06
2022-03-07,6,LNG,15.22,18.0,432.0,24,109.7108,0.86,Rough,FMS_MARITIME,2026-04-06
2022-03-08,6,HFO,54.58,11.8,283.2,24,600.1487,0.47,Moderate,FMS_MARITIME,2026-04-06
2022-03-09,6,MGO,77.38,12.3,295.2,24,816.2646,0.41,Calm,FMS_MARITIME,2026-04-06
2022-03-10,6,LSMGO,37.37,8.5,204.0,24,570.4421,0.77,Calm,FMS_MARITIME,2026-04-06
2022-03-11,6,LSMGO,71.46,16.1,386.4,24,575.8966,0.48,Rough,FMS_MARITIME,2026-04-06
2022-03-12,6,VLSFO,16.72,17.7,424.8,24,122.5661,0.74,Calm,FMS_MARITIME,2026-04-06
2022-03-13,6,HFO,56.15,18.0,432.0,24,404.7479,0.75,Rough,FMS_MARITIME,2026-04-06
2022-03-14,6,HFO,25.06,11.3,271.2,24,287.7465,0.57,Calm,FMS_MARITIME,2026-04-06
2022-03-15,6,LSMGO,69.73,15.3,367.2,24,591.3377,0.75,Rough,FMS_MARITIME,2026-04-06
2022-03-16,6,VLSFO,18.51,14.9,357.6,24,161.1861,0.78,Moderate,FMS_MARITIME,2026-04-06
2022-03-17,6,VLSFO,24.56,17.3,415.2,24,184.2,0.98,Moderate,FMS_MARITIME,2026-04-06
2022-03-18,6,LSMGO,32.44,10.7,256.8,24,393.3729,0.57,Rough,FMS_MARITIME,2026-04-06
2022-03-19,6,HFO,63.96,17.1,410.4,24,485.3105,0.59,Rough,FMS_MARITIME,2026-04-06
2022-03-20,6,MGO,57.4,12.2,292.8,24,610.4631,0.47,Moderate,FMS_MARITIME,2026-04-06
2022-03-21,6,VLSFO,39.67,15.1,362.4,24,340.873,0.87,Calm,FMS_MARITIME,2026-04-06
2022-03-22,6,HFO,61.6,8.6,206.4,24,929.3721,0.79,Calm,FMS_MARITIME,2026-04-06
2022-03-23,6,MGO,82.6,11.2,268.8,24,956.9062,0.93,Moderate,FMS_MARITIME,2026-04-06
2022-03-24,6,LNG,39.47,10.1,242.4,24,507.0527,0.76,Rough,FMS_MARITIME,2026-04-06
2022-03-25,6,VLSFO,26.0,17.7,424.8,24,190.5932,0.45,Calm,FMS_MARITIME,2026-04-06
2022-03-26,6,LNG,80.36,11.6,278.4,24,898.8543,0.75,Moderate,FMS_MARITIME,2026-04-06
2022-03-27,6,LSMGO,62.21,10.5,252.0,24,768.7379,0.64,Calm,FMS_MARITIME,2026-04-06
2022-03-28,6,LSMGO,80.92,15.2,364.8,24,690.748,0.43,Moderate,FMS_MARITIME,2026-04-06
2022-03-28,6,HFO,81.38,13.6,326.4,24,776.4011,0.6,Rough,FMS_MARITIME,2026-04-06
2022-03-28,6,VLSFO,49.68,13.7,328.8,24,470.5095,0.61,Calm,FMS_MARITIME,2026-04-06
2022-03-01,7,LNG,28.7,12.7,304.8,24,293.2146,0.73,Rough,FMS_MARITIME,2026-04-06
2022-03-02,7,HFO,39.33,9.7,232.8,24,526.0894,0.85,Moderate,FMS_MARITIME,2026-04-06
2022-03-03,7,LNG,76.77,16.9,405.6,24,589.4028,0.95,Rough,FMS_MARITIME,2026-04-06
2022-03-04,7,VLSFO,55.41,16.8,403.2,24,427.9433,0.9,Rough,FMS_MARITIME,2026-04-06
2022-03-05,7,LNG,44.77,15.7,376.8,24,369.9941,0.84,Rough,FMS_MARITIME,2026-04-06
2022-03-06,7,VLSFO,50.06,11.7,280.8,24,555.1526,0.61,Calm,FMS_MARITIME,2026-04-06
2022-03-07,7,HFO,40.36,15.5,372.0,24,337.8523,0.57,Moderate,FMS_MARITIME,2026-04-06
2022-03-08,7,HFO,71.46,11.7,280.8,24,792.4731,0.89,Rough,FMS_MARITIME,2026-04-06
2022-03-09,7,HFO,52.61,14.4,345.6,24,474.038,0.65,Rough,FMS_MARITIME,2026-04-06
2022-03-10,7,LSMGO,19.24,8.4,201.6,24,297.1893,0.66,Moderate,FMS_MARITIME,2026-04-06
2022-03-11,7,MGO,41.87,9.9,237.6,24,548.7508,0.57,Moderate,FMS_MARITIME,2026-04-06
2022-03-12,7,LNG,65.43,17.2,412.8,24,493.5781,0.82,Calm,FMS_MARITIME,2026-04-06
2022-03-13,7,VLSFO,76.36,17.4,417.6,24,569.4086,0.5,Moderate,FMS_MARITIME,2026-04-06
2022-03-14,7,MGO,16.08,9.8,235.2,24,212.8959,0.78,Calm,FMS_MARITIME,2026-04-06
2022-03-15,7,HFO,41.29,17.4,417.6,24,307.8953,0.55,Moderate,FMS_MARITIME,2026-04-06
2022-03-16,7,LSMGO,48.82,9.9,237.6,24,639.8379,0.43,Calm,FMS_MARITIME,2026-04-06
2022-03-17,7,VLSFO,18.24,13.7,328.8,24,172.7474,0.44,Calm,FMS_MARITIME,2026-04-06
2022-03-18,7,MGO,51.4,13.8,331.2,24,483.2717,0.98,Moderate,FMS_MARITIME,2026-04-06
2022-03-19,7,HFO,57.4,16.6,398.4,24,448.6536,0.7,Rough,FMS_MARITIME,2026-04-06
2022-03-20,7,LSMGO,37.19,12.3,295.2,24,392.3091,0.74,Moderate,FMS_MARITIME,2026-04-06
2022-03-21,7,LSMGO,55.02,10.2,244.8,24,699.8868,0.8,Calm,FMS_MARITIME,2026-04-06
2022-03-22,7,LNG,36.52,16.6,398.4,24,285.45,0.95,Rough,FMS_MARITIME,2026-04-06
2022-03-23,7,LNG,49.02,17.4,417.6,24,365.5371,1.0,Moderate,FMS_MARITIME,2026-04-06
2022-03-24,7,VLSFO,75.0,14.7,352.8,24,661.9898,0.68,Calm,FMS_MARITIME,2026-04-06
2022-03-25,7,MGO,75.02,13.7,328.8,24,710.4996,0.5,Moderate,FMS_MARITIME,2026-04-06
2022-03-26,7,VLSFO,44.29,16.6,398.4,24,346.1824,0.59,Calm,FMS_MARITIME,2026-04-06
2022-03-27,7,LSMGO,43.3,10.4,249.6,24,540.2091,0.84,Moderate,FMS_MARITIME,2026-04-06
2022-03-28,7,LNG,76.19,18.0,432.0,24,549.2029,0.94,Calm,FMS_MARITIME,2026-04-06
2022-03-28,7,HFO,59.94,9.3,223.2,24,836.2597,0.77,Moderate,FMS_MARITIME,2026-04-06
2022-03-28,7,LNG,20.51,13.2,316.8,24,201.604,0.53,Moderate,FMS_MARITIME,2026-04-06
2022-03-01,8,LNG,81.15,14.8,355.2,24,711.4333,0.58,Calm,FMS_MARITIME,2026-04-06
2022-03-02,8,HFO,69.75,10.6,254.4,24,853.7795,0.97,Rough,FMS_MARITIME,2026-04-06
2022-03-03,8,LSMGO,41.62,17.3,415.2,24,312.15,0.77,Moderate,FMS_MARITIME,2026-04-06
2022-03-04,8,LSMGO,46.37,14.1,338.4,24,426.7027,0.82,Rough,FMS_MARITIME,2026-04-06
2022-03-05,8,VLSFO,57.59,17.7,424.8,24,422.164,0.62,Moderate,FMS_MARITIME,2026-04-06
2022-03-06,8,LNG,35.39,13.7,328.8,24,335.1717,0.86,Moderate,FMS_MARITIME,2026-04-06
2022-03-07,8,MGO,32.84,8.3,199.2,24,513.3723,0.46,Rough,FMS_MARITIME,2026-04-06
2022-03-08,8,HFO,18.56,9.2,220.8,24,261.7565,0.75,Calm,FMS_MARITIME,2026-04-06
2022-03-09,8,MGO,27.55,10.9,261.6,24,327.9461,0.46,Moderate,FMS_MARITIME,2026-04-06
2022-03-10,8,LNG,67.34,11.3,271.2,24,773.2181,0.98,Rough,FMS_MARITIME,2026-04-06
2022-03-11,8,VLSFO,83.16,10.8,259.2,24,999.075,0.94,Calm,FMS_MARITIME,2026-04-06
2022-03-12,8,VLSFO,42.21,16.6,398.4,24,329.9245,0.58,Calm,FMS_MARITIME,2026-04-06
2022-03-13,8,HFO,66.53,11.4,273.6,24,757.2164,0.46,Rough,FMS_MARITIME,2026-04-06
2022-03-14,8,HFO,78.26,15.4,369.6,24,659.3659,0.81,Rough,FMS_MARITIME,2026-04-06
2022-03-15,8,VLSFO,48.67,10.7,256.8,24,590.1806,0.75,Rough,FMS_MARITIME,2026-04-06
2022-03-16,8,VLSFO,57.83,15.3,367.2,24,490.4211,0.88,Moderate,FMS_MARITIME,2026-04-06
2022-03-17,8,HFO,51.95,11.7,280.8,24,576.1122,0.53,Calm,FMS_MARITIME,2026-04-06
2022-03-18,8,LNG,43.1,13.2,316.8,24,423.6534,0.93,Rough,FMS_MARITIME,2026-04-06
2022-03-19,8,VLSFO,33.43,10.5,252.0,24,413.0993,0.92,Rough,FMS_MARITIME,2026-04-06
2022-03-20,8,VLSFO,79.43,10.6,254.4,24,972.2682,0.77,Moderate,FMS_MARITIME,2026-04-06
2022-03-21,8,LSMGO,80.26,10.5,252.0,24,991.7843,0.84,Rough,FMS_MARITIME,2026-04-06
2022-03-22,8,MGO,61.64,18.0,432.0,24,444.3217,0.74,Rough,FMS_MARITIME,2026-04-06
2022-03-23,8,VLSFO,61.07,9.9,237.6,24,800.3871,0.62,Calm,FMS_MARITIME,2026-04-06
2022-03-24,8,VLSFO,57.02,12.5,300.0,24,591.8676,0.49,Moderate,FMS_MARITIME,2026-04-06
2022-03-25,8,LNG,23.29,13.2,316.8,24,228.9301,0.67,Moderate,FMS_MARITIME,2026-04-06
2022-03-26,8,HFO,60.48,11.1,266.4,24,706.9622,0.5,Calm,FMS_MARITIME,2026-04-06
2022-03-27,8,LSMGO,64.92,16.9,405.6,24,498.4243,0.73,Rough,FMS_MARITIME,2026-04-06
2022-03-28,8,MGO,62.58,12.0,288.0,24,676.6462,0.74,Calm,FMS_MARITIME,2026-04-06
2022-03-28,8,LNG,32.94,13.0,312.0,24,328.7665,0.45,Rough,FMS_MARITIME,2026-04-06
2022-03-28,8,HFO,41.94,14.7,352.8,24,370.1847,0.63,Rough,FMS_MARITIME,2026-04-06
2022-03-01,9,VLSFO,15.91,11.6,278.4,24,177.9588,0.93,Rough,FMS_MARITIME,2026-04-06
2022-03-02,9,LSMGO,48.73,17.2,412.8,24,367.5999,0.61,Moderate,FMS_MARITIME,2026-04-06
2022-03-03,9,VLSFO,20.14,17.3,415.2,24,151.05,0.4,Calm,FMS_MARITIME,2026-04-06
2022-03-04,9,LSMGO,48.21,10.2,244.8,24,613.2596,0.92,Moderate,FMS_MARITIME,2026-04-06
2022-03-05,9,LSMGO,61.27,11.3,271.2,24,703.5206,0.59,Calm,FMS_MARITIME,2026-04-06
2022-03-06,9,LSMGO,15.22,13.5,324.0,24,146.2811,0.59,Moderate,FMS_MARITIME,2026-04-06
2022-03-07,9,VLSFO,38.94,14.0,336.0,24,360.8904,0.94,Rough,FMS_MARITIME,2026-04-06
2022-03-08,9,LSMGO,76.9,17.2,412.8,24,580.1032,0.87,Calm,FMS_MARITIME,2026-04-06
2022-03-09,9,LNG,67.27,12.5,300.0,24,698.2626,0.47,Moderate,FMS_MARITIME,2026-04-06
2022-03-10,9,LSMGO,16.0,8.1,194.4,24,256.2963,0.55,Moderate,FMS_MARITIME,2026-04-06
2022-03-11,9,HFO,20.99,15.6,374.4,24,174.5803,0.5,Moderate,FMS_MARITIME,2026-04-06
2022-03-12,9,VLSFO,77.2,11.1,266.4,24,902.4054,0.91,Calm,FMS_MARITIME,2026-04-06
2022-03-13,9,VLSFO,59.86,8.3,199.2,24,935.7633,0.94,Calm,FMS_MARITIME,2026-04-06
2022-03-14,9,VLSFO,60.6,14.2,340.8,24,553.7218,0.6,Moderate,FMS_MARITIME,2026-04-06
2022-03-15,9,VLSFO,72.6,11.2,268.8,24,841.058,0.65,Rough,FMS_MARITIME,2026-04-06
2022-03-16,9,MGO,51.37,11.9,285.6,24,560.1057,0.7,Rough,FMS_MARITIME,2026-04-06
2022-03-17,9,HFO,30.01,11.5,276.0,24,338.5911,0.54,Rough,FMS_MARITIME,2026-04-06
2022-03-18,9,LNG,32.07,14.4,345.6,24,288.9641,0.92,Moderate,FMS_MARITIME,2026-04-06
2022-03-19,9,MGO,68.33,17.8,427.2,24,498.0796,0.67,Calm,FMS_MARITIME,2026-04-06
2022-03-20,9,MGO,28.78,9.6,230.4,24,388.9797,0.94,Moderate,FMS_MARITIME,2026-04-06
2022-03-21,9,LNG,79.42,15.0,360.0,24,686.983,0.47,Rough,FMS_MARITIME,2026-04-06
2022-03-22,9,LSMGO,72.83,8.4,201.6,24,1124.9634,0.76,Moderate,FMS_MARITIME,2026-04-06
2022-03-23,9,VLSFO,35.81,10.5,252.0,24,442.5093,0.59,Calm,FMS_MARITIME,2026-04-06
2022-03-24,9,LSMGO,45.89,10.1,242.4,24,589.5275,0.56,Rough,FMS_MARITIME,2026-04-06
2022-03-25,9,LNG,78.04,17.5,420.0,24,578.6109,0.71,Rough,FMS_MARITIME,2026-04-06
2022-03-26,9,LSMGO,62.89,14.8,355.2,24,551.3498,0.82,Calm,FMS_MARITIME,2026-04-06
2022-03-27,9,VLSFO,55.76,15.4,369.6,24,469.7961,0.76,Moderate,FMS_MARITIME,2026-04-06
2022-03-28,9,LNG,40.33,13.7,328.8,24,381.9575,0.85,Moderate,FMS_MARITIME,2026-04-06
2022-03-28,9,MGO,76.6,14.8,355.2,24,671.5439,0.64,Rough,FMS_MARITIME,2026-04-06
2022-03-28,9,VLSFO,74.47,9.5,228.0,24,1017.1034,0.94,Calm,FMS_MARITIME,2026-04-06
2022-03-01,10,LSMGO,27.32,11.2,268.8,24,316.4973,0.6,Rough,FMS_MARITIME,2026-04-06
2022-03-02,10,VLSFO,39.75,16.1,386.4,24,320.3455,0.67,Rough,FMS_MARITIME,2026-04-06
2022-03-03,10,VLSFO,51.5,9.8,235.2,24,681.8495,0.77,Calm,FMS_MARITIME,2026-04-06
2022-03-04,10,VLSFO,45.45,15.8,379.2,24,373.2366,0.67,Rough,FMS_MARITIME,2026-04-06
2022-03-05,10,LSMGO,50.54,16.6,398.4,24,395.034,0.98,Calm,FMS_MARITIME,2026-04-06
2022-03-06,10,HFO,57.77,15.4,369.6,24,486.731,0.78,Calm,FMS_MARITIME,2026-04-06
2022-03-07,10,VLSFO,32.37,17.8,427.2,24,235.9555,0.44,Calm,FMS_MARITIME,2026-04-06
2022-03-08,10,LNG,46.5,10.0,240.0,24,603.3375,0.94,Calm,FMS_MARITIME,2026-04-06
2022-03-09,10,HFO,80.95,17.0,408.0,24,617.839,0.56,Moderate,FMS_MARITIME,2026-04-06
2022-03-10,10,VLSFO,32.82,13.5,324.0,24,315.4367,0.45,Moderate,FMS_MARITIME,2026-04-06
2022-03-11,10,HFO,64.67,16.8,403.2,24,499.4603,0.79,Calm,FMS_MARITIME,2026-04-06
2022-03-12,10,MGO,68.71,15.2,364.8,24,586.5212,0.89,Moderate,FMS_MARITIME,2026-04-06
2022-03-13,10,MGO,50.71,15.6,374.4,24,421.7707,0.45,Rough,FMS_MARITIME,2026-04-06
2022-03-14,10,VLSFO,30.69,17.3,415.2,24,230.175,0.83,Calm,FMS_MARITIME,2026-04-06
2022-03-15,10,MGO,84.89,17.6,422.4,24,625.8226,0.92,Moderate,FMS_MARITIME,2026-04-06
2022-03-16,10,VLSFO,72.88,16.9,405.6,24,559.5373,0.68,Rough,FMS_MARITIME,2026-04-06
2022-03-17,10,HFO,45.22,8.5,204.0,24,690.27,0.49,Rough,FMS_MARITIME,2026-04-06
2022-03-18,10,MGO,64.65,10.5,252.0,24,798.8893,0.95,Moderate,FMS_MARITIME,2026-04-06
2022-03-19,10,MGO,65.43,8.1,194.4,24,1048.0917,0.58,Rough,FMS_MARITIME,2026-04-06
2022-03-20,10,MGO,76.8,15.7,376.8,24,634.7006,0.71,Moderate,FMS_MARITIME,2026-04-06
2022-03-21,10,HFO,25.61,11.4,273.6,24,291.4822,0.84,Rough,FMS_MARITIME,2026-04-06
2022-03-22,10,HFO,81.39,9.0,216.0,24,1173.3725,0.49,Moderate,FMS_MARITIME,2026-04-06
2022-03-23,10,HFO,39.63,17.4,417.6,24,295.5168,0.5,Moderate,FMS_MARITIME,2026-04-06
2022-03-24,10,MGO,18.45,14.4,345.6,24,166.2422,0.69,Rough,FMS_MARITIME,2026-04-06
2022-03-25,10,HFO,70.53,15.3,367.2,24,598.1221,0.85,Moderate,FMS_MARITIME,2026-04-06
2022-03-26,10,VLSFO,55.1,16.7,400.8,24,428.0973,0.7,Moderate,FMS_MARITIME,2026-04-06
2022-03-27,10,HFO,75.52,13.5,324.0,24,725.8311,0.67,Moderate,FMS_MARITIME,2026-04-06
2022-03-28,10,LNG,35.62,11.2,268.8,24,412.6513,0.84,Moderate,FMS_MARITIME,2026-04-06
2022-03-28,10,LSMGO,57.0,11.3,271.2,24,654.4912,0.8,Rough,FMS_MARITIME,2026-04-06
2022-03-28,10,LSMGO,49.56,17.2,412.8,24,373.861,0.68,Moderate,FMS_MARITIME,2026-04-06
2022-03-01,11,LNG,81.42,14.0,336.0,24,754.5889,0.47,Rough,FMS_MARITIME,2026-04-06
2022-03-02,11,LNG,84.25,12.7,304.8,24,860.7431,0.44,Moderate,FMS_MARITIME,2026-04-06
2022-03-03,11,HFO,78.58,11.9,285.6,24,856.7861,0.48,Calm,FMS_MARITIME,2026-04-06
2022-03-04,11,LSMGO,16.58,16.3,391.2,24,131.9788,0.86,Calm,FMS_MARITIME,2026-04-06
2022-03-05,11,LSMGO,78.21,18.0,432.0,24,563.7637,0.57,Rough,FMS_MARITIME,2026-04-06
2022-03-06,11,HFO,78.46,13.8,331.2,24,737.6946,0.7,Rough,FMS_MARITIME,2026-04-06
2022-03-07,11,LNG,18.94,11.8,283.2,24,208.2597,0.71,Calm,FMS_MARITIME,2026-04-06
2022-03-08,11,LSMGO,51.44,8.4,201.6,24,794.5643,0.43,Moderate,FMS_MARITIME,2026-04-06
2022-03-09,11,LNG,36.28,16.6,398.4,24,283.5741,0.72,Rough,FMS_MARITIME,2026-04-06
2022-03-10,11,LSMGO,49.77,15.4,369.6,24,419.3284,0.42,Moderate,FMS_MARITIME,2026-04-06
2022-03-11,11,MGO,53.42,9.8,235.2,24,707.2699,0.95,Calm,FMS_MARITIME,2026-04-06
2022-03-12,11,VLSFO,41.52,15.7,376.8,24,343.135,0.86,Moderate,FMS_MARITIME,2026-04-06
2022-03-13,11,LSMGO,43.79,13.3,319.2,24,427.1994,0.78,Calm,FMS_MARITIME,2026-04-06
2022-03-14,11,LSMGO,30.52,11.4,273.6,24,347.3658,0.67,Rough,FMS_MARITIME,2026-04-06
2022-03-15,11,MGO,63.13,12.2,292.8,24,671.4031,0.85,Calm,FMS_MARITIME,2026-04-06
2022-03-16,11,HFO,61.05,8.6,206.4,24,921.0741,0.64,Moderate,FMS_MARITIME,2026-04-06
2022-03-17,11,MGO,23.49,12.0,288.0,24,253.9856,0.71,Rough,FMS_MARITIME,2026-04-06
2022-03-18,11,VLSFO,47.41,10.7,256.8,24,574.9016,0.58,Calm,FMS_MARITIME,2026-04-06
2022-03-19,11,HFO,25.57,17.6,422.4,24,188.5061,0.44,Calm,FMS_MARITIME,2026-04-06
2022-03-20,11,VLSFO,58.11,10.5,252.0,24,718.0736,0.89,Calm,FMS_MARITIME,2026-04-06
2022-03-21,11,HFO,65.85,12.3,295.2,24,694.6372,0.44,Rough,FMS_MARITIME,2026-04-06
2022-03-22,11,HFO,81.18,16.5,396.0,24,638.37,0.87,Rough,FMS_MARITIME,2026-04-06
2022-03-23,11,LNG,78.22,15.0,360.0,24,676.603,0.8,Rough,FMS_MARITIME,2026-04-06
2022-03-24,11,VLSFO,57.07,15.7,376.8,24,471.6454,0.81,Calm,FMS_MARITIME,2026-04-06
2022-03-25,11,MGO,67.18,9.5,228.0,24,917.5374,0.78,Moderate,FMS_MARITIME,2026-04-06
2022-03-26,11,HFO,30.3,11.3,271.2,24,347.9137,0.92,Moderate,FMS_MARITIME,2026-04-06
2022-03-27,11,LNG,28.95,8.8,211.2,24,426.848,0.64,Moderate,FMS_MARITIME,2026-04-06
2022-03-28,11,VLSFO,31.28,8.4,201.6,24,483.1643,0.53,Moderate,FMS_MARITIME,2026-04-06
2022-03-28,11,VLSFO,63.04,10.6,254.4,24,771.6453,0.94,Moderate,FMS_MARITIME,2026-04-06
2022-03-28,11,MGO,15.51,14.4,345.6,24,139.7516,0.59,Moderate,FMS_MARITIME,2026-04-06
2022-03-01,12,HFO,36.97,9.3,223.2,24,515.7911,0.4,Rough,FMS_MARITIME,2026-04-06
2022-03-02,12,MGO,39.52,17.1,410.4,24,299.8667,0.81,Calm,FMS_MARITIME,2026-04-06
2022-03-03,12,LNG,75.46,11.0,264.0,24,890.085,0.75,Moderate,FMS_MARITIME,2026-04-06
2022-03-04,12,HFO,50.97,11.5,276.0,24,575.0746,0.56,Rough,FMS_MARITIME,2026-04-06
2022-03-05,12,VLSFO,15.65,11.6,278.4,24,175.0506,1.0,Rough,FMS_MARITIME,2026-04-06
2022-03-06,12,LNG,21.07,9.4,225.6,24,290.8332,0.58,Calm,FMS_MARITIME,2026-04-06
2022-03-07,12,VLSFO,33.44,11.5,276.0,24,377.2904,0.45,Rough,FMS_MARITIME,2026-04-06
2022-03-08,12,LSMGO,40.72,11.1,266.4,24,475.9838,0.9,Calm,FMS_MARITIME,2026-04-06
2022-03-09,12,LNG,67.83,17.2,412.8,24,511.6827,0.74,Rough,FMS_MARITIME,2026-04-06
2022-03-10,12,HFO,84.53,10.9,261.6,24,1006.2172,0.62,Rough,FMS_MARITIME,2026-04-06
2022-03-11,12,LSMGO,21.93,13.4,321.6,24,212.3446,0.97,Calm,FMS_MARITIME,2026-04-06
2022-03-12,12,LSMGO,51.51,12.4,297.6,24,538.9857,0.48,Rough,FMS_MARITIME,2026-04-06
2022-03-13,12,LNG,82.57,8.7,208.8,24,1231.4319,0.84,Calm,FMS_MARITIME,2026-04-06
2022-03-14,12,LNG,68.22,13.5,324.0,24,655.67,0.59,Rough,FMS_MARITIME,2026-04-06
2022-03-15,12,LSMGO,23.79,11.8,283.2,24,261.5892,0.41,Calm,FMS_MARITIME,2026-04-06
2022-03-16,12,MGO,21.08,8.5,204.0,24,321.78,0.7,Calm,FMS_MARITIME,2026-04-06
2022-03-17,12,VLSFO,45.85,8.5,204.0,24,699.8868,0.99,Rough,FMS_MARITIME,2026-04-06
2022-03-18,12,LNG,82.29,16.0,384.0,24,667.3205,0.5,Rough,FMS_MARITIME,2026-04-06
2022-03-19,12,HFO,49.02,14.5,348.0,24,438.6445,0.77,Calm,FMS_MARITIME,2026-04-06
2022-03-20,12,MGO,48.09,8.4,201.6,24,742.8188,0.48,Calm,FMS_MARITIME,2026-04-06
2022-03-21,12,LNG,70.01,15.2,364.8,24,597.6183,0.85,Calm,FMS_MARITIME,2026-04-06
2022-03-22,12,LNG,48.87,8.4,201.6,24,754.867,0.73,Calm,FMS_MARITIME,2026-04-06
2022-03-23,12,VLSFO,69.09,10.5,252.0,24,853.755,0.77,Moderate,FMS_MARITIME,2026-04-06
2022-03-24,12,MGO,74.63,10.2,244.8,24,949.3375,0.56,Rough,FMS_MARITIME,2026-04-06
2022-03-25,12,LSMGO,56.89,12.7,304.8,24,581.2187,0.84,Moderate,FMS_MARITIME,2026-04-06
2022-03-26,12,LSMGO,26.01,8.2,196.8,24,411.5607,0.43,Rough,FMS_MARITIME,2026-04-06
2022-03-27,12,LNG,19.79,16.2,388.8,24,158.5032,0.44,Rough,FMS_MARITIME,2026-04-06
2022-03-28,12,LNG,63.57,16.0,384.0,24,515.513,0.76,Rough,FMS_MARITIME,2026-04-06
2022-03-28,12,LSMGO,17.53,9.7,232.8,24,234.4863,0.55,Calm,FMS_MARITIME,2026-04-06
2022-03-28,12,LNG,27.07,12.9,309.6,24,272.2738,0.71,Rough,FMS_MARITIME,2026-04-06
2022-03-01,13,VLSFO,27.08,9.9,237.6,24,354.9121,0.68,Rough,FMS_MARITIME,2026-04-06
2022-03-02,13,MGO,80.98,9.8,235.2,24,1072.1587,0.87,Calm,FMS_MARITIME,2026-04-06
2022-03-03,13,VLSFO,61.16,15.4,369.6,24,515.2929,0.96,Calm,FMS_MARITIME,2026-04-06
2022-03-04,13,LNG,66.75,12.7,304.8,24,681.9537,0.47,Calm,FMS_MARITIME,2026-04-06
2022-03-05,13,VLSFO,68.85,16.7,400.8,24,534.9274,0.72,Rough,FMS_MARITIME,2026-04-06
2022-03-06,13,LNG,34.91,14.0,336.0,24,323.5409,0.83,Rough,FMS_MARITIME,2026-04-06
2022-03-07,13,VLSFO,24.57,8.8,211.2,24,362.2679,0.85,Calm,FMS_MARITIME,2026-04-06
2022-03-08,13,LSMGO,53.08,16.3,391.2,24,422.5233,0.52,Calm,FMS_MARITIME,2026-04-06
2022-03-09,13,HFO,75.46,11.9,285.6,24,822.7676,0.78,Moderate,FMS_MARITIME,2026-04-06
2022-03-10,13,VLSFO,66.78,17.1,410.4,24,506.7079,0.94,Rough,FMS_MARITIME,2026-04-06
2022-03-11,13,LNG,80.33,15.5,372.0,24,672.4398,0.59,Rough,FMS_MARITIME,2026-04-06
2022-03-12,13,HFO,57.43,10.6,254.4,24,702.9757,0.78,Moderate,FMS_MARITIME,2026-04-06
2022-03-13,13,VLSFO,60.56,16.7,400.8,24,470.5186,0.92,Calm,FMS_MARITIME,2026-04-06
2022-03-14,13,MGO,79.58,17.7,424.8,24,583.3619,0.68,Rough,FMS_MARITIME,2026-04-06
2022-03-15,13,MGO,20.21,9.4,225.6,24,278.9625,0.63,Rough,FMS_MARITIME,2026-04-06
2022-03-16,13,MGO,30.78,16.9,405.6,24,236.3139,0.85,Moderate,FMS_MARITIME,2026-04-06
2022-03-17,13,MGO,84.22,9.5,228.0,24,1150.2679,0.57,Rough,FMS_MARITIME,2026-04-06
2022-03-18,13,HFO,19.72,13.9,333.6,24,184.077,0.63,Rough,FMS_MARITIME,2026-04-06
2022-03-19,13,HFO,54.76,12.6,302.4,24,563.8976,0.48,Rough,FMS_MARITIME,2026-04-06
2022-03-20,13,VLSFO,48.38,17.6,422.4,24,356.6651,0.94,Rough,FMS_MARITIME,2026-04-06
2022-03-21,13,LNG,37.94,16.6,398.4,24,296.5491,0.7,Calm,FMS_MARITIME,2026-04-06
2022-03-22,13,LNG,67.2,13.3,319.2,24,655.5789,0.46,Rough,FMS_MARITIME,2026-04-06
2022-03-23,13,MGO,50.87,8.1,194.4,24,814.862,0.45,Rough,FMS_MARITIME,2026-04-06
2022-03-24,13,MGO,40.78,12.2,292.8,24,433.7053,0.84,Rough,FMS_MARITIME,2026-04-06
2022-03-25,13,VLSFO,57.85,15.3,367.2,24,490.5907,0.92,Calm,FMS_MARITIME,2026-04-06
2022-03-26,13,LSMGO,27.55,13.9,333.6,24,257.1664,0.44,Rough,FMS_MARITIME,2026-04-06
2022-03-27,13,LNG,26.33,9.9,237.6,24,345.0826,0.8,Moderate,FMS_MARITIME,2026-04-06
2022-03-28,13,LNG,63.46,9.4,225.6,24,875.9505,0.81,Moderate,FMS_MARITIME,2026-04-06
2022-03-28,13,HFO,17.18,11.2,268.8,24,199.0272,0.46,Moderate,FMS_MARITIME,2026-04-06
2022-03-28,13,LNG,70.88,8.4,201.6,24,1094.8429,0.86,Rough,FMS_MARITIME,2026-04-06
2022-03-01,14,HFO,57.0,14.8,355.2,24,499.7128,0.62,Rough,FMS_MARITIME,2026-04-06
2022-03-02,14,LSMGO,63.74,15.0,360.0,24,551.351,0.97,Rough,FMS_MARITIME,2026-04-06
2022-03-03,14,LNG,63.84,9.5,228.0,24,871.92,0.47,Moderate,FMS_MARITIME,2026-04-06
2022-03-04,14,LNG,53.12,11.9,285.6,24,579.1866,0.9,Calm,FMS_MARITIME,2026-04-06
2022-03-05,14,LSMGO,51.63,17.9,429.6,24,374.2454,0.89,Moderate,FMS_MARITIME,2026-04-06
2022-03-06,14,HFO,19.61,12.2,292.8,24,208.5572,0.72,Moderate,FMS_MARITIME,2026-04-06
2022-03-07,14,MGO,36.92,10.8,259.2,24,443.5528,0.48,Rough,FMS_MARITIME,2026-04-06
2022-03-08,14,HFO,28.48,11.3,271.2,24,327.0159,0.87,Rough,FMS_MARITIME,2026-04-06
2022-03-09,14,LSMGO,65.32,10.9,261.6,24,777.5477,0.42,Rough,FMS_MARITIME,2026-04-06
2022-03-10,14,LSMGO,41.32,14.5,348.0,24,369.7428,0.82,Moderate,FMS_MARITIME,2026-04-06
2022-03-11,14,MGO,52.82,11.6,278.4,24,590.8099,0.72,Rough,FMS_MARITIME,2026-04-06
2022-03-12,14,VLSFO,84.54,16.5,396.0,24,664.7918,0.64,Calm,FMS_MARITIME,2026-04-06
2022-03-13,14,HFO,72.82,12.1,290.4,24,780.8591,0.72,Moderate,FMS_MARITIME,2026-04-06
2022-03-14,14,HFO,82.81,11.5,276.0,24,934.3128,0.66,Calm,FMS_MARITIME,2026-04-06
2022-03-15,14,LSMGO,68.3,14.9,357.6,24,594.7601,0.6,Moderate,FMS_MARITIME,2026-04-06
2022-03-16,14,LSMGO,64.27,9.7,232.8,24,859.6941,0.77,Calm,FMS_MARITIME,2026-04-06
2022-03-17,14,MGO,58.45,13.4,321.6,24,565.9618,0.85,Rough,FMS_MARITIME,2026-04-06
2022-03-18,14,LNG,60.15,9.4,225.6,24,830.262,0.85,Calm,FMS_MARITIME,2026-04-06
2022-03-19,14,LSMGO,67.92,13.2,316.8,24,667.6227,0.52,Rough,FMS_MARITIME,2026-04-06
2022-03-20,14,VLSFO,42.57,8.5,204.0,24,649.8185,0.62,Rough,FMS_MARITIME,2026-04-06
2022-03-21,14,VLSFO,40.31,10.9,261.6,24,479.8369,0.41,Moderate,FMS_MARITIME,2026-04-06
2022-03-22,14,HFO,49.09,10.6,254.4,24,600.8894,0.54,Moderate,FMS_MARITIME,2026-04-06
2022-03-23,14,MGO,26.18,14.7,352.8,24,231.0786,0.88,Moderate,FMS_MARITIME,2026-04-06
2022-03-24,14,MGO,38.43,13.1,314.4,24,380.633,0.85,Rough,FMS_MARITIME,2026-04-06
2022-03-25,14,HFO,37.39,13.8,331.2,24,351.5473,0.65,Moderate,FMS_MARITIME,2026-04-06
2022-03-26,14,HFO,61.67,12.1,290.4,24,661.2961,0.72,Calm,FMS_MARITIME,2026-04-06
2022-03-27,14,LSMGO,47.98,17.6,422.4,24,353.7162,0.41,Moderate,FMS_MARITIME,2026-04-06
2022-03-28,14,VLSFO,59.78,14.1,338.4,24,550.1032,0.51,Calm,FMS_MARITIME,2026-04-06
2022-03-28,14,VLSFO,34.93,10.5,252.0,24,431.635,0.96,Rough,FMS_MARITIME,2026-04-06
2022-03-28,14,HFO,63.78,10.1,242.4,24,819.352,0.55,Moderate,FMS_MARITIME,2026-04-06
2022-03-01,15,HFO,35.89,11.3,271.2,24,412.0998,0.88,Calm,FMS_MARITIME,2026-04-06
2022-03-02,15,LSMGO,35.65,13.6,326.4,24,340.1167,0.72,Rough,FMS_MARITIME,2026-04-06
2022-03-03,15,VLSFO,68.19,12.7,304.8,24,696.6656,0.72,Rough,FMS_MARITIME,2026-04-06
2022-03-04,15,MGO,62.21,11.3,271.2,24,714.3139,0.85,Moderate,FMS_MARITIME,2026-04-06
2022-03-05,15,MGO,38.16,14.4,345.6,24,343.8375,0.58,Calm,FMS_MARITIME,2026-04-06
2022-03-06,15,MGO,69.11,9.3,223.2,24,964.196,0.81,Rough,FMS_MARITIME,2026-04-06
2022-03-07,15,LSMGO,32.55,8.2,196.8,24,515.0442,0.77,Moderate,FMS_MARITIME,2026-04-06
2022-03-08,15,HFO,17.58,10.6,254.4,24,215.1892,0.42,Calm,FMS_MARITIME,2026-04-06
2022-03-09,15,LSMGO,29.97,15.8,379.2,24,246.1144,0.88,Rough,FMS_MARITIME,2026-04-06
2022-03-10,15,LSMGO,53.7,8.9,213.6,24,782.8736,0.4,Calm,FMS_MARITIME,2026-04-06
2022-03-11,15,VLSFO,78.56,10.1,242.4,24,1009.2238,0.92,Rough,FMS_MARITIME,2026-04-06
2022-03-12,15,LSMGO,24.58,12.0,288.0,24,265.7712,0.55,Rough,FMS_MARITIME,2026-04-06
2022-03-13,15,MGO,56.91,17.3,415.2,24,426.825,0.48,Moderate,FMS_MARITIME,2026-04-06
2022-03-14,15,VLSFO,63.18,11.2,268.8,24,731.929,0.48,Rough,FMS_MARITIME,2026-04-06
2022-03-15,15,HFO,37.73,10.8,259.2,24,453.284,0.63,Moderate,FMS_MARITIME,2026-04-06
2022-03-16,15,HFO,24.31,12.8,307.2,24,246.4236,0.78,Rough,FMS_MARITIME,2026-04-06
2022-03-17,15,VLSFO,84.33,17.5,420.0,24,625.2467,0.49,Calm,FMS_MARITIME,2026-04-06
2022-03-18,15,VLSFO,20.34,17.3,415.2,24,152.55,0.74,Calm,FMS_MARITIME,2026-04-06
2022-03-19,15,LNG,74.29,9.6,230.4,24,1004.0758,0.76,Moderate,FMS_MARITIME,2026-04-06
2022-03-20,15,LSMGO,83.81,10.1,242.4,24,1076.6681,0.97,Moderate,FMS_MARITIME,2026-04-06
2022-03-21,15,LSMGO,57.14,11.1,266.4,24,667.9203,0.81,Rough,FMS_MARITIME,2026-04-06
2022-03-22,15,VLSFO,66.21,16.7,400.8,24,514.416,0.75,Calm,FMS_MARITIME,2026-04-06
2022-03-23,15,LSMGO,38.0,17.2,412.8,24,286.657,0.41,Moderate,FMS_MARITIME,2026-04-06
2022-03-24,15,VLSFO,52.73,11.6,278.4,24,589.8032,0.88,Rough,FMS_MARITIME,2026-04-06
2022-03-25,15,LSMGO,78.4,15.8,379.2,24,643.8228,0.91,Moderate,FMS_MARITIME,2026-04-06
2022-03-26,15,LNG,67.79,12.6,302.4,24,698.0756,0.46,Rough,FMS_MARITIME,2026-04-06
2022-03-27,15,LNG,58.72,17.3,415.2,24,440.4,0.52,Calm,FMS_MARITIME,2026-04-06
2022-03-28,15,MGO,73.35,14.0,336.0,24,679.7973,0.46,Moderate,FMS_MARITIME,2026-04-06
2022-03-28,15,LNG,29.82,14.0,336.0,24,276.3675,0.71,Moderate,FMS_MARITIME,2026-04-06
2022-03-28,15,MGO,67.67,17.2,412.8,24,510.4757,0.58,Calm,FMS_MARITIME,2026-04-06
2022-03-01,16,VLSFO,56.89,16.9,405.6,24,436.7738,0.56,Moderate,FMS_MARITIME,2026-04-06
2022-03-02,16,LNG,17.46,14.9,357.6,24,152.0426,0.68,Rough,FMS_MARITIME,2026-04-06
2022-03-03,16,VLSFO,46.45,8.4,201.6,24,717.4866,0.66,Calm,FMS_MARITIME,2026-04-06
2022-03-04,16,HFO,80.77,15.5,372.0,24,676.1231,0.85,Rough,FMS_MARITIME,2026-04-06
2022-03-05,16,LSMGO,74.95,11.4,273.6,24,853.0493,0.92,Rough,FMS_MARITIME,2026-04-06
2022-03-06,16,HFO,15.35,14.4,345.6,24,138.3099,0.6,Calm,FMS_MARITIME,2026-04-06
2022-03-07,16,HFO,46.75,11.7,280.8,24,518.4455,0.68,Calm,FMS_MARITIME,2026-04-06
2022-03-08,16,MGO,55.11,16.8,403.2,24,425.6263,0.72,Moderate,FMS_MARITIME,2026-04-06
2022-03-09,16,HFO,19.13,8.6,206.4,24,288.6183,0.78,Moderate,FMS_MARITIME,2026-04-06
2022-03-10,16,LNG,45.69,9.7,232.8,24,611.1626,0.72,Calm,FMS_MARITIME,2026-04-06
2022-03-11,16,LSMGO,32.53,8.4,201.6,24,502.4723,0.71,Calm,FMS_MARITIME,2026-04-06
2022-03-12,16,LNG,84.4,10.2,244.8,24,1073.6176,0.83,Calm,FMS_MARITIME,2026-04-06
2022-03-13,16,VLSFO,41.79,16.4,393.6,24,330.6252,0.63,Rough,FMS_MARITIME,2026-04-06
2022-03-14,16,MGO,32.57,10.2,244.8,24,414.3096,0.5,Calm,FMS_MARITIME,2026-04-06
2022-03-15,16,HFO,51.89,11.1,266.4,24,606.552,0.79,Calm,FMS_MARITIME,2026-04-06
2022-03-16,16,VLSFO,61.56,8.2,196.8,24,974.0744,0.73,Moderate,FMS_MARITIME,2026-04-06
2022-03-17,16,MGO,74.55,12.0,288.0,24,806.0719,0.92,Moderate,FMS_MARITIME,2026-04-06
2022-03-18,16,VLSFO,50.7,17.2,412.8,24,382.4608,0.69,Moderate,FMS_MARITIME,2026-04-06
2022-03-19,16,LSMGO,47.35,15.0,360.0,24,409.5775,0.42,Calm,FMS_MARITIME,2026-04-06
2022-03-20,16,VLSFO,75.46,12.1,290.4,24,809.1682,0.97,Moderate,FMS_MARITIME,2026-04-06
2022-03-21,16,LSMGO,37.28,16.3,391.2,24,296.7534,0.82,Moderate,FMS_MARITIME,2026-04-06
2022-03-22,16,VLSFO,22.71,10.3,247.2,24,286.0799,0.65,Calm,FMS_MARITIME,2026-04-06
2022-03-23,16,LNG,45.17,13.3,319.2,24,440.6622,0.8,Moderate,FMS_MARITIME,2026-04-06
2022-03-24,16,VLSFO,25.83,15.4,369.6,24,217.6261,0.6,Calm,FMS_MARITIME,2026-04-06
2022-03-25,16,MGO,37.25,12.0,288.0,24,402.7656,0.83,Moderate,FMS_MARITIME,2026-04-06
2022-03-26,16,HFO,45.2,12.0,288.0,24,488.725,0.74,Calm,FMS_MARITIME,2026-04-06
2022-03-27,16,LNG,44.77,16.8,403.2,24,345.7683,0.43,Calm,FMS_MARITIME,2026-04-06
2022-03-28,16,LNG,64.73,17.8,427.2,24,471.8381,0.84,Calm,FMS_MARITIME,2026-04-06
2022-03-28,16,HFO,54.69,14.1,338.4,24,503.2644,0.44,Rough,FMS_MARITIME,2026-04-06
2022-03-28,16,HFO,67.66,8.0,192.0,24,1097.3606,0.95,Rough,FMS_MARITIME,2026-04-06
2022-03-01,17,LNG,15.38,9.4,225.6,24,212.2931,0.55,Rough,FMS_MARITIME,2026-04-06
2022-03-02,17,HFO,16.71,14.7,352.8,24,147.4913,0.75,Moderate,FMS_MARITIME,2026-04-06
2022-03-03,17,LSMGO,81.45,9.1,218.4,24,1161.3338,0.57,Moderate,FMS_MARITIME,2026-04-06
2022-03-04,17,LSMGO,43.55,10.5,252.0,24,538.1536,0.7,Calm,FMS_MARITIME,2026-04-06
2022-03-05,17,LNG,32.95,17.4,417.6,24,245.7047,0.9,Calm,FMS_MARITIME,2026-04-06
2022-03-06,17,VLSFO,83.69,8.7,208.8,24,1248.1353,0.43,Moderate,FMS_MARITIME,2026-04-06
2022-03-07,17,MGO,28.33,17.9,429.6,24,205.3529,0.87,Calm,FMS_MARITIME,2026-04-06
2022-03-08,17,LNG,39.76,12.8,307.2,24,403.0359,0.6,Moderate,FMS_MARITIME,2026-04-06
2022-03-09,17,LSMGO,68.54,8.7,208.8,24,1022.1914,0.84,Moderate,FMS_MARITIME,2026-04-06
2022-03-10,17,MGO,37.46,11.1,266.4,24,437.877,0.67,Calm,FMS_MARITIME,2026-04-06
2022-03-11,17,VLSFO,35.1,16.6,398.4,24,274.3509,0.91,Calm,FMS_MARITIME,2026-04-06
2022-03-12,17,MGO,40.01,11.7,280.8,24,443.7006,0.4,Calm,FMS_MARITIME,2026-04-06
2022-03-13,17,HFO,76.52,14.1,338.4,24,704.1468,0.66,Rough,FMS_MARITIME,2026-04-06
2022-03-14,17,LNG,53.1,16.1,386.4,24,427.9332,0.89,Rough,FMS_MARITIME,2026-04-06
2022-03-15,17,LNG,41.4,8.4,201.6,24,639.4821,0.74,Calm,FMS_MARITIME,2026-04-06
2022-03-16,17,VLSFO,35.99,14.3,343.2,24,326.5526,0.77,Calm,FMS_MARITIME,2026-04-06
2022-03-17,17,LSMGO,44.98,12.3,295.2,24,474.4841,0.77,Rough,FMS_MARITIME,2026-04-06
2022-03-18,17,LSMGO,49.57,9.8,235.2,24,656.2967,0.83,Calm,FMS_MARITIME,2026-04-06
2022-03-19,17,VLSFO,55.36,13.3,319.2,24,540.0722,0.53,Calm,FMS_MARITIME,2026-04-06
2022-03-20,17,LSMGO,23.07,13.2,316.8,24,226.7676,0.8,Moderate,FMS_MARITIME,2026-04-06
2022-03-21,17,MGO,75.33,17.1,410.4,24,571.5829,0.97,Moderate,FMS_MARITIME,2026-04-06
2022-03-22,17,HFO,41.11,8.1,194.4,24,658.5213,0.79,Calm,FMS_MARITIME,2026-04-06
2022-03-23,17,HFO,22.62,9.5,228.0,24,308.9416,0.78,Calm,FMS_MARITIME,2026-04-06
2022-03-24,17,VLSFO,20.47,14.9,357.6,24,178.2539,0.52,Calm,FMS_MARITIME,2026-04-06
2022-03-25,17,MGO,55.79,13.4,321.6,24,540.2054,0.71,Calm,FMS_MARITIME,2026-04-06
2022-03-26,17,LNG,57.84,9.8,235.2,24,765.7898,0.84,Moderate,FMS_MARITIME,2026-04-06
2022-03-27,17,VLSFO,68.6,17.1,410.4,24,520.5175,0.51,Rough,FMS_MARITIME,2026-04-06
2022-03-28,17,HFO,62.37,14.5,348.0,24,558.104,0.49,Moderate,FMS_MARITIME,2026-04-06
2022-03-28,17,LSMGO,82.31,9.5,228.0,24,1124.1813,0.73,Rough,FMS_MARITIME,2026-04-06
2022-03-28,17,VLSFO,40.03,14.4,345.6,24,360.687,0.89,Calm,FMS_MARITIME,2026-04-06
2022-03-01,18,MGO,68.59,10.6,254.4,24,839.5804,0.86,Calm,FMS_MARITIME,2026-04-06
2022-03-02,18,LSMGO,31.03,10.9,261.6,24,369.3709,0.82,Rough,FMS_MARITIME,2026-04-06
2022-03-03,18,LSMGO,16.89,16.5,396.0,24,132.8168,0.57,Calm,FMS_MARITIME,2026-04-06
2022-03-04,18,HFO,62.24,12.5,300.0,24,646.0512,0.5,Moderate,FMS_MARITIME,2026-04-06
2022-03-05,18,LSMGO,29.72,8.9,213.6,24,433.2775,0.59,Moderate,FMS_MARITIME,2026-04-06
2022-03-06,18,HFO,68.27,17.7,424.8,24,500.4538,0.67,Rough,FMS_MARITIME,2026-04-06
2022-03-07,18,HFO,64.5,11.6,278.4,24,721.4547,0.49,Calm,FMS_MARITIME,2026-04-06
2022-03-08,18,LNG,26.81,10.4,249.6,24,334.4805,0.7,Moderate,FMS_MARITIME,2026-04-06
2022-03-09,18,HFO,49.95,16.0,384.0,24,405.0633,0.9,Calm,FMS_MARITIME,2026-04-06
2022-03-10,18,MGO,42.12,10.1,242.4,24,541.096,0.5,Rough,FMS_MARITIME,2026-04-06
2022-03-11,18,VLSFO,32.43,14.3,343.2,24,294.2512,0.61,Calm,FMS_MARITIME,2026-04-06
2022-03-12,18,VLSFO,79.86,9.9,237.6,24,1046.65,0.68,Rough,FMS_MARITIME,2026-04-06
2022-03-13,18,LNG,78.47,14.6,350.4,24,697.3618,0.6,Rough,FMS_MARITIME,2026-04-06
2022-03-14,18,MGO,68.99,16.7,400.8,24,536.0151,0.78,Calm,FMS_MARITIME,2026-04-06
2022-03-15,18,HFO,61.58,10.7,256.8,24,746.7294,0.79,Moderate,FMS_MARITIME,2026-04-06
2022-03-16,18,MGO,48.57,17.8,427.2,24,354.0426,0.77,Calm,FMS_MARITIME,2026-04-06
2022-03-17,18,LNG,65.2,15.2,364.8,24,556.5592,0.93,Moderate,FMS_MARITIME,2026-04-06
2022-03-18,18,VLSFO,23.19,14.2,340.8,24,211.8945,0.76,Calm,FMS_MARITIME,2026-04-06
2022-03-19,18,HFO,30.85,10.2,244.8,24,392.4301,0.92,Moderate,FMS_MARITIME,2026-04-06
2022-03-20,18,HFO,36.59,14.3,343.2,24,331.9967,0.86,Rough,FMS_MARITIME,2026-04-06
2022-03-21,18,HFO,65.95,17.9,429.6,24,478.0454,0.61,Moderate,FMS_MARITIME,2026-04-06
2022-03-22,18,HFO,45.07,12.0,288.0,24,487.3194,0.72,Moderate,FMS_MARITIME,2026-04-06
2022-03-23,18,LNG,40.99,12.4,297.6,24,428.9075,0.61,Moderate,FMS_MARITIME,2026-04-06
2022-03-24,18,LSMGO,61.79,11.7,280.8,24,685.2353,0.88,Calm,FMS_MARITIME,2026-04-06
2022-03-25,18,LNG,17.71,14.5,348.0,24,158.474,0.59,Calm,FMS_MARITIME,2026-04-06
2022-03-26,18,LNG,48.67,12.7,304.8,24,497.2388,0.9,Moderate,FMS_MARITIME,2026-04-06
2022-03-27,18,LNG,33.86,8.2,196.8,24,535.7726,0.63,Rough,FMS_MARITIME,2026-04-06
2022-03-28,18,LSMGO,40.67,13.4,321.6,24,393.8009,0.6,Calm,FMS_MARITIME,2026-04-06
2022-03-28,18,MGO,64.0,10.1,242.4,24,822.1782,0.63,Calm,FMS_MARITIME,2026-04-06
2022-03-28,18,LNG,22.58,10.4,249.6,24,281.7072,0.6,Calm,FMS_MARITIME,2026-04-06
2022-03-01,19,HFO,58.4,17.6,422.4,24,430.5341,0.5,Rough,FMS_MARITIME,2026-04-06
2022-03-02,19,HFO,32.52,8.8,211.2,24,479.4852,0.88,Moderate,FMS_MARITIME,2026-04-06
2022-03-03,19,HFO,56.75,14.6,350.4,24,504.3365,0.95,Calm,FMS_MARITIME,2026-04-06
2022-03-04,19,MGO,16.41,17.7,424.8,24,120.2936,0.78,Calm,FMS_MARITIME,2026-04-06
2022-03-05,19,LNG,38.73,9.8,235.2,24,512.7773,0.66,Moderate,FMS_MARITIME,2026-04-06
2022-03-06,19,HFO,81.28,10.1,242.4,24,1044.1663,0.89,Rough,FMS_MARITIME,2026-04-06
2022-03-07,19,HFO,32.83,8.6,206.4,24,495.3131,0.8,Calm,FMS_MARITIME,2026-04-06
2022-03-08,19,MGO,65.89,11.6,278.4,24,737.0024,0.85,Calm,FMS_MARITIME,2026-04-06
2022-03-09,19,VLSFO,24.22,12.8,307.2,24,245.5113,0.59,Moderate,FMS_MARITIME,2026-04-06
2022-03-10,19,MGO,63.57,12.0,288.0,24,687.3506,0.51,Rough,FMS_MARITIME,2026-04-06
2022-03-11,19,MGO,75.99,10.9,261.6,24,904.5599,0.52,Calm,FMS_MARITIME,2026-04-06
2022-03-12,19,LSMGO,71.97,12.9,309.6,24,723.8843,0.96,Moderate,FMS_MARITIME,2026-04-06
2022-03-13,19,LNG,64.74,17.1,410.4,24,491.2289,0.55,Rough,FMS_MARITIME,2026-04-06
2022-03-14,19,HFO,26.8,12.2,292.8,24,285.0246,0.95,Moderate,FMS_MARITIME,2026-04-06
2022-03-15,19,LNG,46.5,16.2,388.8,24,372.4306,0.55,Rough,FMS_MARITIME,2026-04-06
2022-03-16,19,LNG,47.11,15.6,374.4,24,391.8284,0.54,Rough,FMS_MARITIME,2026-04-06
2022-03-17,19,LSMGO,42.56,12.6,302.4,24,438.2667,0.66,Rough,FMS_MARITIME,2026-04-06
2022-03-18,19,VLSFO,48.12,11.4,273.6,24,547.6816,0.48,Moderate,FMS_MARITIME,2026-04-06
2022-03-19,19,LSMGO,68.28,16.6,398.4,24,533.6946,0.73,Calm,FMS_MARITIME,2026-04-06
2022-03-20,19,LSMGO,58.06,9.2,220.8,24,818.8353,0.44,Moderate,FMS_MARITIME,2026-04-06
2022-03-21,19,HFO,79.04,13.8,331.2,24,743.1478,0.46,Calm,FMS_MARITIME,2026-04-06
2022-03-22,19,LSMGO,44.63,15.6,374.4,24,371.2014,0.91,Rough,FMS_MARITIME,2026-04-06
2022-03-23,19,LNG,74.19,16.2,388.8,24,594.2069,0.62,Moderate,FMS_MARITIME,2026-04-06
2022-03-24,19,HFO,51.23,10.4,249.6,24,639.1435,0.58,Calm,FMS_MARITIME,2026-04-06
2022-03-25,19,LNG,59.02,14.1,338.4,24,543.1096,0.58,Moderate,FMS_MARITIME,2026-04-06
2022-03-26,19,LSMGO,66.49,14.4,345.6,24,599.1026,0.98,Moderate,FMS_MARITIME,2026-04-06
2022-03-27,19,HFO,37.99,13.0,312.0,24,379.1694,0.61,Calm,FMS_MARITIME,2026-04-06
2022-03-28,19,HFO,68.43,17.4,417.6,24,510.2754,0.7,Rough,FMS_MARITIME,2026-04-06
2022-03-28,19,VLSFO,22.67,15.9,381.6,24,184.9958,0.91,Rough,FMS_MARITIME,2026-04-06
2022-03-28,19,HFO,57.16,16.8,403.2,24,441.4589,0.95,Rough,FMS_MARITIME,2026-04-06
2022-03-01,20,VLSFO,56.68,13.6,326.4,24,540.7522,0.87,Rough,FMS_MARITIME,2026-04-06
2022-03-02,20,HFO,78.0,9.3,223.2,24,1088.2258,0.63,Moderate,FMS_MARITIME,2026-04-06
2022-03-03,20,VLSFO,80.57,12.4,297.6,24,843.0611,0.48,Moderate,FMS_MARITIME,2026-04-06
2022-03-04,20,LNG,18.28,9.4,225.6,24,252.3223,0.59,Calm,FMS_MARITIME,2026-04-06
2022-03-05,20,LNG,51.21,16.3,391.2,24,407.6379,0.92,Rough,FMS_MARITIME,2026-04-06
2022-03-06,20,HFO,54.52,12.7,304.8,24,557.0055,0.45,Rough,FMS_MARITIME,2026-04-06
2022-03-07,20,HFO,59.5,11.6,278.4,24,665.528,0.54,Moderate,FMS_MARITIME,2026-04-06
2022-03-08,20,LSMGO,68.8,11.3,271.2,24,789.9823,0.48,Calm,FMS_MARITIME,2026-04-06
2022-03-09,20,HFO,59.18,10.9,261.6,24,704.4592,0.65,Calm,FMS_MARITIME,2026-04-06
2022-03-10,20,MGO,63.38,17.5,420.0,24,469.9174,0.83,Calm,FMS_MARITIME,2026-04-06
2022-03-11,20,LSMGO,29.97,12.4,297.6,24,313.5974,0.54,Rough,FMS_MARITIME,2026-04-06
2022-03-12,20,VLSFO,25.98,16.0,384.0,24,210.6816,0.42,Rough,FMS_MARITIME,2026-04-06
2022-03-13,20,HFO,64.08,16.8,403.2,24,494.9036,0.89,Rough,FMS_MARITIME,2026-04-06
2022-03-14,20,LNG,27.93,10.1,242.4,24,358.8037,0.98,Moderate,FMS_MARITIME,2026-04-06
2022-03-15,20,VLSFO,24.59,15.6,374.4,24,204.5226,0.79,Rough,FMS_MARITIME,2026-04-06
2022-03-16,20,MGO,77.46,12.8,307.2,24,785.1902,0.88,Moderate,FMS_MARITIME,2026-04-06
2022-03-17,20,VLSFO,30.31,12.4,297.6,24,317.155,1.0,Moderate,FMS_MARITIME,2026-04-06
2022-03-18,20,HFO,51.54,13.7,328.8,24,488.1252,0.5,Calm,FMS_MARITIME,2026-04-06
2022-03-19,20,LNG,83.34,14.6,350.4,24,740.6414,0.49,Rough,FMS_MARITIME,2026-04-06
2022-03-20,20,LSMGO,48.96,14.8,355.2,24,429.227,0.42,Calm,FMS_MARITIME,2026-04-06
2022-03-21,20,MGO,16.62,8.3,199.2,24,259.8127,0.87,Moderate,FMS_MARITIME,2026-04-06
2022-03-22,20,HFO,68.29,16.3,391.2,24,543.5968,0.97,Rough,FMS_MARITIME,2026-04-06
2022-03-23,20,VLSFO,26.32,15.6,374.4,24,218.9115,0.7,Calm,FMS_MARITIME,2026-04-06
2022-03-24,20,LSMGO,69.6,14.0,336.0,24,645.0429,0.79,Rough,FMS_MARITIME,2026-04-06
2022-03-25,20,VLSFO,66.74,17.2,412.8,24,503.4602,0.44,Moderate,FMS_MARITIME,2026-04-06
2022-03-26,20,HFO,42.62,10.3,247.2,24,536.8879,0.74,Moderate,FMS_MARITIME,2026-04-06
2022-03-27,20,HFO,18.19,17.0,408.0,24,138.8325,0.67,Rough,FMS_MARITIME,2026-04-06
2022-03-28,20,LSMGO,60.16,12.1,290.4,24,645.1041,0.5,Calm,FMS_MARITIME,2026-04-06
2022-03-28,20,HFO,79.91,9.5,228.0,24,1091.4024,0.41,Moderate,FMS_MARITIME,2026-04-06
2022-03-28,20,LNG,22.94,16.4,393.6,24,181.4918,0.96,Moderate,FMS_MARITIME,2026-04-06
2022-03-01,21,HFO,16.81,10.8,259.2,24,201.9535,1.0,Rough,FMS_MARITIME,2026-04-06
2022-03-02,21,HFO,36.64,15.8,379.2,24,300.8886,0.46,Calm,FMS_MARITIME,2026-04-06
2022-03-03,21,LSMGO,49.3,16.5,396.0,24,387.6773,0.91,Calm,FMS_MARITIME,2026-04-06
2022-03-04,21,VLSFO,36.3,8.6,206.4,24,547.6657,0.95,Moderate,FMS_MARITIME,2026-04-06
2022-03-05,21,MGO,22.84,11.0,264.0,24,269.4082,0.51,Rough,FMS_MARITIME,2026-04-06
2022-03-06,21,MGO,33.18,14.9,357.6,24,288.9332,0.47,Calm,FMS_MARITIME,2026-04-06
2022-03-07,21,VLSFO,42.75,12.6,302.4,24,440.2232,0.72,Calm,FMS_MARITIME,2026-04-06
2022-03-08,21,MGO,57.52,16.0,384.0,24,466.4512,0.93,Moderate,FMS_MARITIME,2026-04-06
2022-03-09,21,HFO,59.07,17.1,410.4,24,448.2066,0.73,Moderate,FMS_MARITIME,2026-04-06
2022-03-10,21,HFO,35.36,13.4,321.6,24,342.3851,0.57,Rough,FMS_MARITIME,2026-04-06
2022-03-11,21,LSMGO,39.02,10.4,249.6,24,486.812,0.85,Moderate,FMS_MARITIME,2026-04-06
2022-03-12,21,MGO,37.5,11.0,264.0,24,442.3295,0.57,Rough,FMS_MARITIME,2026-04-06
2022-03-13,21,MGO,17.65,9.3,223.2,24,246.246,0.92,Rough,FMS_MARITIME,2026-04-06
2022-03-14,21,HFO,33.94,9.4,225.6,24,468.4803,0.94,Rough,FMS_MARITIME,2026-04-06
2022-03-15,21,MGO,71.23,9.3,223.2,24,993.7734,0.66,Calm,FMS_MARITIME,2026-04-06
2022-03-16,21,VLSFO,30.0,15.1,362.4,24,257.7815,0.42,Calm,FMS_MARITIME,2026-04-06
2022-03-17,21,HFO,29.5,12.7,304.8,24,301.3878,0.47,Calm,FMS_MARITIME,2026-04-06
2022-03-18,21,MGO,30.82,14.6,350.4,24,273.8969,0.65,Calm,FMS_MARITIME,2026-04-06
2022-03-19,21,LNG,74.84,9.3,223.2,24,1044.1387,0.89,Rough,FMS_MARITIME,2026-04-06
2022-03-20,21,VLSFO,28.76,10.0,240.0,24,373.161,0.69,Rough,FMS_MARITIME,2026-04-06
2022-03-21,21,MGO,37.76,11.0,264.0,24,445.3964,0.63,Rough,FMS_MARITIME,2026-04-06
2022-03-22,21,LSMGO,53.1,9.0,216.0,24,765.525,0.62,Moderate,FMS_MARITIME,2026-04-06
2022-03-23,21,VLSFO,84.42,10.3,247.2,24,1063.4461,0.93,Calm,FMS_MARITIME,2026-04-06
2022-03-24,21,MGO,17.91,13.2,316.8,24,176.0472,0.42,Calm,FMS_MARITIME,2026-04-06
2022-03-25,21,LNG,70.56,10.5,252.0,24,871.92,0.72,Calm,FMS_MARITIME,2026-04-06
2022-03-26,21,LSMGO,33.62,10.1,242.4,24,431.9005,0.67,Rough,FMS_MARITIME,2026-04-06
2022-03-27,21,MGO,83.41,10.8,259.2,24,1002.0785,0.95,Rough,FMS_MARITIME,2026-04-06
2022-03-28,21,VLSFO,62.24,15.1,362.4,24,534.8106,0.77,Moderate,FMS_MARITIME,2026-04-06
2022-03-28,21,HFO,53.82,16.3,391.2,24,428.4138,0.71,Rough,FMS_MARITIME,2026-04-06
2022-03-28,21,VLSFO,59.7,12.7,304.8,24,609.9272,0.51,Calm,FMS_MARITIME,2026-04-06
2022-03-01,22,VLSFO,71.95,9.9,237.6,24,942.9811,0.84,Rough,FMS_MARITIME,2026-04-06
2022-03-02,22,MGO,19.73,9.6,230.4,24,266.6633,0.43,Calm,FMS_MARITIME,2026-04-06
2022-03-03,22,MGO,58.59,8.6,206.4,24,883.9596,0.73,Calm,FMS_MARITIME,2026-04-06
2022-03-04,22,MGO,24.84,11.0,264.0,24,292.9991,0.4,Rough,FMS_MARITIME,2026-04-06
2022-03-05,22,LSMGO,81.3,15.7,376.8,24,671.8901,0.42,Rough,FMS_MARITIME,2026-04-06
2022-03-06,22,VLSFO,44.53,16.1,386.4,24,358.8675,0.57,Rough,FMS_MARITIME,2026-04-06
2022-03-07,22,MGO,57.65,16.4,393.6,24,456.1029,0.78,Calm,FMS_MARITIME,2026-04-06
2022-03-08,22,LNG,18.49,9.0,216.0,24,266.5642,0.85,Moderate,FMS_MARITIME,2026-04-06
2022-03-09,22,VLSFO,58.5,10.1,242.4,24,751.5223,0.96,Moderate,FMS_MARITIME,2026-04-06
2022-03-10,22,MGO,31.83,14.2,340.8,24,290.841,0.89,Calm,FMS_MARITIME,2026-04-06
2022-03-11,22,MGO,38.0,14.3,343.2,24,344.7902,1.0,Rough,FMS_MARITIME,2026-04-06
2022-03-12,22,VLSFO,16.59,10.7,256.8,24,201.1731,0.56,Calm,FMS_MARITIME,2026-04-06
2022-03-13,22,VLSFO,38.22,10.5,252.0,24,472.29,0.64,Calm,FMS_MARITIME,2026-04-06
2022-03-14,22,HFO,17.17,11.1,266.4,24,200.7034,0.72,Rough,FMS_MARITIME,2026-04-06
2022-03-15,22,LSMGO,53.16,17.6,422.4,24,391.904,0.61,Moderate,FMS_MARITIME,2026-04-06
2022-03-16,22,VLSFO,59.88,13.0,312.0,24,597.6485,0.55,Calm,FMS_MARITIME,2026-04-06
2022-03-17,22,HFO,24.11,9.5,228.0,24,329.2918,0.91,Rough,FMS_MARITIME,2026-04-06
2022-03-18,22,LNG,27.69,16.2,388.8,24,221.7764,0.57,Moderate,FMS_MARITIME,2026-04-06
2022-03-19,22,LNG,49.48,13.4,321.6,24,479.1067,0.89,Rough,FMS_MARITIME,2026-04-06
2022-03-20,22,HFO,56.7,17.0,408.0,24,432.7544,0.61,Calm,FMS_MARITIME,2026-04-06
2022-03-21,22,HFO,59.12,10.1,242.4,24,759.4871,0.47,Calm,FMS_MARITIME,2026-04-06
2022-03-22,22,HFO,51.47,9.5,228.0,24,702.9718,0.53,Moderate,FMS_MARITIME,2026-04-06
2022-03-23,22,LNG,72.63,12.7,304.8,24,742.027,0.65,Calm,FMS_MARITIME,2026-04-06
2022-03-24,22,LNG,52.51,17.7,424.8,24,384.925,0.53,Rough,FMS_MARITIME,2026-04-06
2022-03-25,22,LNG,66.15,13.0,312.0,24,660.2279,0.51,Calm,FMS_MARITIME,2026-04-06
2022-03-26,22,LSMGO,64.5,13.9,333.6,24,602.0773,0.62,Rough,FMS_MARITIME,2026-04-06
2022-03-27,22,LNG,68.11,16.2,388.8,24,545.5106,0.49,Rough,FMS_MARITIME,2026-04-06
2022-03-28,22,LNG,43.9,11.9,285.6,24,478.6576,0.82,Moderate,FMS_MARITIME,2026-04-06
2022-03-28,22,LSMGO,64.74,16.9,405.6,24,497.0423,0.46,Calm,FMS_MARITIME,2026-04-06
2022-03-28,22,LNG,70.64,17.2,412.8,24,532.8802,0.61,Calm,FMS_MARITIME,2026-04-06
2022-03-01,23,LNG,82.73,14.1,338.4,24,761.292,0.74,Moderate,FMS_MARITIME,2026-04-06
2022-03-02,23,HFO,48.07,10.0,240.0,24,623.7083,0.97,Calm,FMS_MARITIME,2026-04-06
2022-03-03,23,HFO,55.98,8.4,201.6,24,864.6911,0.73,Rough,FMS_MARITIME,2026-04-06
2022-03-04,23,HFO,51.87,16.2,388.8,24,415.4403,0.97,Moderate,FMS_MARITIME,2026-04-06
2022-03-05,23,HFO,77.04,11.1,266.4,24,900.5351,0.96,Calm,FMS_MARITIME,2026-04-06
2022-03-06,23,LSMGO,32.43,15.6,374.4,24,269.7303,0.62,Moderate,FMS_MARITIME,2026-04-06
2022-03-07,23,HFO,78.52,11.0,264.0,24,926.1791,0.62,Rough,FMS_MARITIME,2026-04-06
2022-03-08,23,VLSFO,63.06,10.9,261.6,24,750.6454,1.0,Moderate,FMS_MARITIME,2026-04-06
2022-03-09,23,LNG,34.1,16.4,393.6,24,269.7851,0.76,Calm,FMS_MARITIME,2026-04-06
2022-03-10,23,VLSFO,57.76,11.4,273.6,24,657.4,0.73,Rough,FMS_MARITIME,2026-04-06
2022-03-11,23,LNG,53.94,10.9,261.6,24,642.0839,0.73,Rough,FMS_MARITIME,2026-04-06
2022-03-12,23,LNG,68.36,8.9,213.6,24,996.5966,0.57,Rough,FMS_MARITIME,2026-04-06
2022-03-13,23,MGO,45.32,13.8,331.2,24,426.1065,0.69,Calm,FMS_MARITIME,2026-04-06
2022-03-14,23,LSMGO,23.23,10.6,254.4,24,284.3483,0.59,Rough,FMS_MARITIME,2026-04-06
2022-03-15,23,VLSFO,50.05,15.5,372.0,24,418.9669,0.69,Rough,FMS_MARITIME,2026-04-06
2022-03-16,23,VLSFO,36.19,10.6,254.4,24,442.9861,0.6,Rough,FMS_MARITIME,2026-04-06
2022-03-17,23,VLSFO,52.09,10.8,259.2,24,625.8035,0.77,Rough,FMS_MARITIME,2026-04-06
2022-03-18,23,LSMGO,63.54,17.5,420.0,24,471.1037,0.48,Rough,FMS_MARITIME,2026-04-06
2022-03-19,23,MGO,84.65,10.2,244.8,24,1076.7978,0.89,Moderate,FMS_MARITIME,2026-04-06
2022-03-20,23,MGO,43.33,8.5,204.0,24,661.4197,0.52,Calm,FMS_MARITIME,2026-04-06
2022-03-21,23,VLSFO,71.68,13.5,324.0,24,688.9244,0.88,Calm,FMS_MARITIME,2026-04-06
2022-03-22,23,LNG,62.59,8.9,213.6,24,912.4778,0.61,Rough,FMS_MARITIME,2026-04-06
2022-03-23,23,LSMGO,78.74,13.7,328.8,24,745.731,0.53,Calm,FMS_MARITIME,2026-04-06
2022-03-24,23,MGO,15.99,16.9,405.6,24,122.7635,0.61,Rough,FMS_MARITIME,2026-04-06
2022-03-25,23,LNG,73.11,12.6,302.4,24,752.8589,0.59,Rough,FMS_MARITIME,2026-04-06
2022-03-26,23,LNG,29.12,11.3,271.2,24,334.3646,0.44,Rough,FMS_MARITIME,2026-04-06
2022-03-27,23,MGO,79.91,15.6,374.4,24,664.6361,0.97,Moderate,FMS_MARITIME,2026-04-06
2022-03-28,23,LNG,31.27,13.0,312.0,24,312.0987,0.55,Calm,FMS_MARITIME,2026-04-06
2022-03-28,23,HFO,51.23,8.9,213.6,24,746.8643,0.58,Rough,FMS_MARITIME,2026-04-06
2022-03-28,23,MGO,52.43,13.0,312.0,24,523.2917,0.42,Moderate,FMS_MARITIME,2026-04-06
2022-03-01,24,MGO,23.39,10.1,242.4,24,300.4804,0.42,Calm,FMS_MARITIME,2026-04-06
2022-03-02,24,LSMGO,52.57,9.0,216.0,24,757.8842,0.88,Calm,FMS_MARITIME,2026-04-06
2022-03-03,24,MGO,49.03,11.2,268.8,24,568.0038,0.69,Moderate,FMS_MARITIME,2026-04-06
2022-03-04,24,HFO,57.7,15.0,360.0,24,499.105,0.68,Moderate,FMS_MARITIME,2026-04-06
2022-03-05,24,LSMGO,57.66,15.5,372.0,24,482.67,0.66,Rough,FMS_MARITIME,2026-04-06
2022-03-06,24,VLSFO,66.75,11.0,264.0,24,787.3466,0.95,Moderate,FMS_MARITIME,2026-04-06
2022-03-07,24,LSMGO,44.79,9.4,225.6,24,618.2449,0.56,Moderate,FMS_MARITIME,2026-04-06
2022-03-08,24,HFO,37.11,13.3,319.2,24,362.0318,0.76,Rough,FMS_MARITIME,2026-04-06
2022-03-09,24,LNG,26.98,8.4,201.6,24,416.7446,0.63,Calm,FMS_MARITIME,2026-04-06
2022-03-10,24,LNG,80.26,10.7,256.8,24,973.2463,0.92,Rough,FMS_MARITIME,2026-04-06
2022-03-11,24,LSMGO,41.5,10.1,242.4,24,533.1312,0.66,Calm,FMS_MARITIME,2026-04-06
2022-03-12,24,VLSFO,64.07,13.1,314.4,24,634.5865,0.51,Calm,FMS_MARITIME,2026-04-06
2022-03-13,24,VLSFO,27.77,13.4,321.6,24,268.8924,0.93,Rough,FMS_MARITIME,2026-04-06
2022-03-14,24,LSMGO,71.32,17.9,429.6,24,516.9704,0.7,Moderate,FMS_MARITIME,2026-04-06
2022-03-15,24,LSMGO,40.26,9.7,232.8,24,538.5294,0.43,Calm,FMS_MARITIME,2026-04-06
2022-03-16,24,LNG,21.62,8.4,201.6,24,333.9518,0.85,Rough,FMS_MARITIME,2026-04-06
2022-03-17,24,LSMGO,50.42,12.6,302.4,24,519.206,0.7,Moderate,FMS_MARITIME,2026-04-06
2022-03-18,24,LSMGO,36.95,11.7,280.8,24,409.766,0.98,Rough,FMS_MARITIME,2026-04-06
2022-03-19,24,MGO,51.63,13.5,324.0,24,496.2217,0.73,Calm,FMS_MARITIME,2026-04-06
2022-03-20,24,HFO,72.26,13.3,319.2,24,704.9425,0.46,Moderate,FMS_MARITIME,2026-04-06
2022-03-21,24,HFO,74.79,11.7,280.8,24,829.4019,0.68,Rough,FMS_MARITIME,2026-04-06
2022-03-22,24,HFO,25.23,14.7,352.8,24,222.6934,0.95,Calm,FMS_MARITIME,2026-04-06
2022-03-23,24,LNG,68.58,12.4,297.6,24,717.6012,0.65,Moderate,FMS_MARITIME,2026-04-06
2022-03-24,24,VLSFO,66.66,9.3,223.2,24,930.0145,0.44,Calm,FMS_MARITIME,2026-04-06
2022-03-25,24,LSMGO,22.77,11.9,285.6,24,248.2695,0.91,Calm,FMS_MARITIME,2026-04-06
2022-03-26,24,MGO,39.75,9.0,216.0,24,573.0625,0.63,Calm,FMS_MARITIME,2026-04-06
2022-03-27,24,LSMGO,41.09,8.7,208.8,24,612.8078,0.66,Moderate,FMS_MARITIME,2026-04-06
2022-03-28,24,HFO,42.75,12.0,288.0,24,462.2344,0.94,Rough,FMS_MARITIME,2026-04-06
2022-03-28,24,MGO,57.24,8.8,211.2,24,843.9648,0.8,Calm,FMS_MARITIME,2026-04-06
2022-03-28,24,HFO,58.61,17.4,417.6,24,437.0487,0.65,Calm,FMS_MARITIME,2026-04-06
2022-03-01,25,LNG,38.03,16.6,398.4,24,297.2526,0.75,Rough,FMS_MARITIME,2026-04-06
2022-03-02,25,MGO,73.98,9.9,237.6,24,969.5864,0.65,Moderate,FMS_MARITIME,2026-04-06
2022-03-03,25,MGO,16.22,9.3,223.2,24,226.2952,0.86,Moderate,FMS_MARITIME,2026-04-06
2022-03-04,25,VLSFO,80.71,13.9,333.6,24,753.3901,0.93,Calm,FMS_MARITIME,2026-04-06
2022-03-05,25,MGO,59.06,14.2,340.8,24,539.6504,0.69,Calm,FMS_MARITIME,2026-04-06
2022-03-06,25,LNG,45.35,17.3,415.2,24,340.125,0.42,Moderate,FMS_MARITIME,2026-04-06
2022-03-07,25,MGO,74.04,16.2,388.8,24,593.0056,0.56,Rough,FMS_MARITIME,2026-04-06
2022-03-08,25,VLSFO,39.61,16.9,405.6,24,304.1064,0.47,Rough,FMS_MARITIME,2026-04-06
2022-03-09,25,LSMGO,36.81,17.4,417.6,24,274.4884,0.48,Rough,FMS_MARITIME,2026-04-06
2022-03-10,25,MGO,63.82,10.0,240.0,24,828.0645,0.43,Rough,FMS_MARITIME,2026-04-06
2022-03-11,25,MGO,76.88,12.9,309.6,24,773.2698,0.75,Rough,FMS_MARITIME,2026-04-06
2022-03-12,25,LNG,81.88,12.5,300.0,24,849.9144,0.59,Rough,FMS_MARITIME,2026-04-06
2022-03-13,25,LNG,28.34,10.2,244.8,24,360.5015,0.46,Rough,FMS_MARITIME,2026-04-06
2022-03-14,25,VLSFO,76.34,10.8,259.2,24,917.1403,0.5,Rough,FMS_MARITIME,2026-04-06
2022-03-15,25,MGO,35.84,15.8,379.2,24,294.319,0.49,Moderate,FMS_MARITIME,2026-04-06
2022-03-16,25,HFO,56.35,16.0,384.0,24,456.9633,0.72,Calm,FMS_MARITIME,2026-04-06
2022-03-17,25,LSMGO,17.94,14.2,340.8,24,163.9236,0.45,Moderate,FMS_MARITIME,2026-04-06
2022-03-18,25,MGO,39.44,13.3,319.2,24,384.7624,0.7,Rough,FMS_MARITIME,2026-04-06
2022-03-19,25,LSMGO,25.96,11.5,276.0,24,292.8965,0.79,Rough,FMS_MARITIME,2026-04-06
2022-03-20,25,LNG,22.16,8.9,213.6,24,323.0629,0.77,Rough,FMS_MARITIME,2026-04-06
2022-03-21,25,LNG,55.03,8.4,201.6,24,850.017,0.81,Moderate,FMS_MARITIME,2026-04-06
2022-03-22,25,VLSFO,61.9,14.8,355.2,24,542.6706,0.83,Moderate,FMS_MARITIME,2026-04-06
2022-03-23,25,HFO,53.49,9.7,232.8,24,715.4977,0.93,Rough,FMS_MARITIME,2026-04-06
2022-03-24,25,MGO,61.78,12.9,309.6,24,621.3919,0.64,Rough,FMS_MARITIME,2026-04-06
2022-03-25,25,HFO,45.39,12.5,300.0,24,471.1482,0.66,Calm,FMS_MARITIME,2026-04-06
2022-03-26,25,MGO,46.6,8.0,192.0,24,755.7938,0.58,Calm,FMS_MARITIME,2026-04-06
2022-03-27,25,HFO,66.11,11.9,285.6,24,720.8212,0.59,Moderate,FMS_MARITIME,2026-04-06
2022-03-28,25,LNG,26.77,11.6,278.4,24,299.4317,0.83,Moderate,FMS_MARITIME,2026-04-06
2022-03-28,25,VLSFO,74.03,10.4,249.6,24,923.5954,0.48,Calm,FMS_MARITIME,2026-04-06
2022-03-28,25,HFO,26.73,9.2,220.8,24,376.9802,0.43,Moderate,FMS_MARITIME,2026-04-06
2022-03-01,26,LSMGO,37.14,13.4,321.6,24,359.6205,0.79,Moderate,FMS_MARITIME,2026-04-06
2022-03-02,26,VLSFO,15.41,14.4,345.6,24,138.8505,0.71,Rough,FMS_MARITIME,2026-04-06
2022-03-03,26,LSMGO,15.74,16.2,388.8,24,126.0657,0.54,Calm,FMS_MARITIME,2026-04-06
2022-03-04,26,MGO,38.6,11.2,268.8,24,447.1741,0.87,Calm,FMS_MARITIME,2026-04-06
2022-03-05,26,MGO,68.23,10.6,254.4,24,835.1738,0.84,Calm,FMS_MARITIME,2026-04-06
2022-03-06,26,MGO,50.82,15.5,372.0,24,425.4126,0.71,Calm,FMS_MARITIME,2026-04-06
2022-03-07,26,VLSFO,22.19,16.6,398.4,24,173.4429,0.54,Calm,FMS_MARITIME,2026-04-06
2022-03-08,26,LSMGO,22.96,16.7,400.8,24,178.3868,0.47,Calm,FMS_MARITIME,2026-04-06
2022-03-09,26,HFO,71.56,17.0,408.0,24,546.1712,0.85,Calm,FMS_MARITIME,2026-04-06
2022-03-10,26,HFO,50.47,9.9,237.6,24,661.4629,0.99,Calm,FMS_MARITIME,2026-04-06
2022-03-11,26,LSMGO,57.16,11.2,268.8,24,662.1884,0.95,Moderate,FMS_MARITIME,2026-04-06
2022-03-12,26,VLSFO,49.02,14.6,350.4,24,435.6401,0.51,Rough,FMS_MARITIME,2026-04-06
2022-03-13,26,VLSFO,80.89,11.8,283.2,24,889.4472,0.84,Moderate,FMS_MARITIME,2026-04-06
2022-03-14,26,MGO,26.48,16.7,400.8,24,205.7353,0.93,Moderate,FMS_MARITIME,2026-04-06
2022-03-15,26,LNG,82.97,11.9,285.6,24,904.6519,0.64,Moderate,FMS_MARITIME,2026-04-06
2022-03-16,26,MGO,47.5,17.5,420.0,24,352.1786,0.64,Rough,FMS_MARITIME,2026-04-06
2022-03-17,26,VLSFO,61.34,8.2,196.8,24,970.5933,0.94,Moderate,FMS_MARITIME,2026-04-06
2022-03-18,26,MGO,24.51,9.7,232.8,24,327.8528,0.77,Rough,FMS_MARITIME,2026-04-06
2022-03-19,26,LSMGO,26.81,9.5,228.0,24,366.1682,0.95,Rough,FMS_MARITIME,2026-04-06
2022-03-20,26,LSMGO,30.06,10.0,240.0,24,390.0285,0.68,Moderate,FMS_MARITIME,2026-04-06
2022-03-21,26,LSMGO,79.14,10.4,249.6,24,987.3476,0.63,Rough,FMS_MARITIME,2026-04-06
2022-03-22,26,LSMGO,71.17,13.1,314.4,24,704.909,0.59,Moderate,FMS_MARITIME,2026-04-06
2022-03-23,26,VLSFO,28.7,14.1,338.4,24,264.1011,0.83,Moderate,FMS_MARITIME,2026-04-06
2022-03-24,26,VLSFO,48.19,10.1,242.4,24,619.0745,0.94,Rough,FMS_MARITIME,2026-04-06
2022-03-25,26,LSMGO,49.09,17.2,412.8,24,370.3156,0.6,Calm,FMS_MARITIME,2026-04-06
2022-03-26,26,VLSFO,15.48,13.1,314.4,24,153.3229,0.52,Moderate,FMS_MARITIME,2026-04-06
2022-03-27,26,LNG,77.36,11.6,278.4,24,865.2983,0.59,Moderate,FMS_MARITIME,2026-04-06
2022-03-28,26,HFO,25.46,15.7,376.8,24,210.4099,0.8,Calm,FMS_MARITIME,2026-04-06
2022-03-28,26,HFO,43.68,9.4,225.6,24,602.9234,0.89,Rough,FMS_MARITIME,2026-04-06
2022-03-28,26,LSMGO,78.44,13.0,312.0,24,782.8915,0.88,Calm,FMS_MARITIME,2026-04-06
2022-03-01,27,LNG,23.59,10.5,252.0,24,291.505,0.71,Moderate,FMS_MARITIME,2026-04-06
2022-03-02,27,VLSFO,83.89,11.3,271.2,24,963.2502,0.89,Calm,FMS_MARITIME,2026-04-06
2022-03-03,27,VLSFO,28.96,9.7,232.8,24,387.3773,0.96,Calm,FMS_MARITIME,2026-04-06
2022-03-04,27,HFO,54.03,9.7,232.8,24,722.7209,0.43,Rough,FMS_MARITIME,2026-04-06
2022-03-05,27,MGO,45.56,17.7,424.8,24,333.978,0.81,Rough,FMS_MARITIME,2026-04-06
2022-03-06,27,HFO,67.47,11.3,271.2,24,774.7108,0.73,Rough,FMS_MARITIME,2026-04-06
2022-03-07,27,HFO,38.06,11.5,276.0,24,429.4161,0.61,Calm,FMS_MARITIME,2026-04-06
2022-03-08,27,LSMGO,26.83,15.0,360.0,24,232.0795,0.8,Moderate,FMS_MARITIME,2026-04-06
2022-03-09,27,MGO,81.07,12.2,292.8,24,862.1994,0.42,Rough,FMS_MARITIME,2026-04-06
2022-03-10,27,VLSFO,63.31,10.2,244.8,24,805.3404,0.64,Calm,FMS_MARITIME,2026-04-06
2022-03-11,27,MGO,69.63,10.8,259.2,24,836.5271,0.87,Calm,FMS_MARITIME,2026-04-06
2022-03-12,27,MGO,81.09,13.1,314.4,24,803.1624,0.7,Rough,FMS_MARITIME,2026-04-06
2022-03-13,27,LSMGO,31.9,9.2,220.8,24,449.894,0.8,Rough,FMS_MARITIME,2026-04-06
2022-03-14,27,MGO,42.21,16.0,384.0,24,342.2967,0.92,Calm,FMS_MARITIME,2026-04-06
2022-03-15,27,LSMGO,65.03,9.7,232.8,24,869.8601,0.55,Rough,FMS_MARITIME,2026-04-06
2022-03-16,27,VLSFO,22.8,16.2,388.8,24,182.6111,0.5,Rough,FMS_MARITIME,2026-04-06
2022-03-17,27,LSMGO,59.99,18.0,432.0,24,432.4279,0.69,Rough,FMS_MARITIME,2026-04-06
2022-03-18,27,VLSFO,71.97,9.8,235.2,24,952.8681,0.92,Calm,FMS_MARITIME,2026-04-06
2022-03-19,27,LNG,82.79,9.1,218.4,24,1180.4398,0.79,Moderate,FMS_MARITIME,2026-04-06
2022-03-20,27,HFO,54.52,13.7,328.8,24,516.3482,0.47,Calm,FMS_MARITIME,2026-04-06
2022-03-21,27,HFO,56.91,11.7,280.8,24,631.1173,0.47,Moderate,FMS_MARITIME,2026-04-06
2022-03-22,27,HFO,56.86,8.6,206.4,24,857.8587,0.45,Calm,FMS_MARITIME,2026-04-06
2022-03-23,27,LNG,50.71,10.5,252.0,24,626.6307,0.95,Rough,FMS_MARITIME,2026-04-06
2022-03-24,27,LSMGO,44.65,14.7,352.8,24,394.1046,0.6,Calm,FMS_MARITIME,2026-04-06
2022-03-25,27,HFO,58.27,12.8,307.2,24,590.6666,0.52,Rough,FMS_MARITIME,2026-04-06
2022-03-26,27,MGO,29.67,11.5,276.0,24,334.755,0.99,Rough,FMS_MARITIME,2026-04-06
2022-03-27,27,LNG,46.54,9.5,228.0,24,635.6384,0.46,Rough,FMS_MARITIME,2026-04-06
2022-03-28,27,MGO,44.01,14.6,350.4,24,391.1163,0.59,Calm,FMS_MARITIME,2026-04-06
2022-03-28,27,LSMGO,36.82,15.1,362.4,24,316.3838,0.97,Calm,FMS_MARITIME,2026-04-06
2022-03-28,27,VLSFO,41.67,16.0,384.0,24,337.9177,0.81,Moderate,FMS_MARITIME,2026-04-06
2022-03-01,28,LSMGO,62.22,14.8,355.2,24,545.476,0.49,Moderate,FMS_MARITIME,2026-04-06
2022-03-02,28,HFO,33.97,15.8,379.2,24,278.9625,0.68,Moderate,FMS_MARITIME,2026-04-06
2022-03-03,28,VLSFO,17.94,8.7,208.8,24,267.5534,0.91,Moderate,FMS_MARITIME,2026-04-06
2022-03-04,28,VLSFO,48.29,10.8,259.2,24,580.1507,0.79,Moderate,FMS_MARITIME,2026-04-06
2022-03-05,28,MGO,83.32,9.9,237.6,24,1091.997,0.64,Moderate,FMS_MARITIME,2026-04-06
2022-03-06,28,LNG,80.37,15.4,369.6,24,677.1433,0.84,Calm,FMS_MARITIME,2026-04-06
2022-03-07,28,VLSFO,79.2,13.0,312.0,24,790.4769,0.44,Calm,FMS_MARITIME,2026-04-06
2022-03-08,28,HFO,20.01,15.6,374.4,24,166.4293,0.7,Moderate,FMS_MARITIME,2026-04-06
2022-03-09,28,HFO,23.42,10.2,244.8,24,297.9162,0.86,Moderate,FMS_MARITIME,2026-04-06
2022-03-10,28,LSMGO,17.03,15.6,374.4,24,141.6438,0.43,Moderate,FMS_MARITIME,2026-04-06
2022-03-11,28,LSMGO,32.28,9.6,230.4,24,436.2844,0.73,Moderate,FMS_MARITIME,2026-04-06
2022-03-12,28,LSMGO,65.18,12.6,302.4,24,671.1988,0.71,Moderate,FMS_MARITIME,2026-04-06
2022-03-13,28,HFO,69.96,8.4,201.6,24,1080.6321,0.76,Moderate,FMS_MARITIME,2026-04-06
2022-03-14,28,LNG,56.25,10.5,252.0,24,695.0893,0.96,Moderate,FMS_MARITIME,2026-04-06
2022-03-15,28,VLSFO,17.63,14.1,338.4,24,162.2335,0.89,Rough,FMS_MARITIME,2026-04-06
2022-03-16,28,VLSFO,28.62,9.4,225.6,24,395.0473,0.64,Rough,FMS_MARITIME,2026-04-06
2022-03-17,28,VLSFO,20.25,9.6,230.4,24,273.6914,0.52,Moderate,FMS_MARITIME,2026-04-06
2022-03-18,28,LNG,82.32,9.1,218.4,24,1173.7385,0.77,Rough,FMS_MARITIME,2026-04-06
2022-03-19,28,LSMGO,73.77,14.8,355.2,24,646.7336,0.51,Moderate,FMS_MARITIME,2026-04-06
2022-03-20,28,MGO,66.18,10.1,242.4,24,850.1837,0.73,Calm,FMS_MARITIME,2026-04-06
2022-03-21,28,VLSFO,22.09,9.9,237.6,24,289.5129,0.6,Moderate,FMS_MARITIME,2026-04-06
2022-03-22,28,LSMGO,76.0,12.4,297.6,24,795.2419,0.71,Rough,FMS_MARITIME,2026-04-06
2022-03-23,28,HFO,23.23,14.2,340.8,24,212.26,0.65,Rough,FMS_MARITIME,2026-04-06
2022-03-24,28,HFO,84.33,17.6,422.4,24,621.6942,0.95,Moderate,FMS_MARITIME,2026-04-06
2022-03-25,28,MGO,40.76,17.8,427.2,24,297.1129,0.86,Calm,FMS_MARITIME,2026-04-06
2022-03-26,28,HFO,81.04,15.5,372.0,24,678.3832,0.8,Rough,FMS_MARITIME,2026-04-06
2022-03-27,28,MGO,52.78,11.6,278.4,24,590.3625,0.92,Moderate,FMS_MARITIME,2026-04-06
2022-03-28,28,MGO,19.61,17.4,417.6,24,146.2297,0.42,Calm,FMS_MARITIME,2026-04-06
2022-03-28,28,VLSFO,57.97,9.4,225.6,24,800.171,0.6,Rough,FMS_MARITIME,2026-04-06
2022-03-28,28,HFO,43.6,10.7,256.8,24,528.7009,0.67,Rough,FMS_MARITIME,2026-04-06
2022-03-01,29,LSMGO,57.84,13.2,316.8,24,568.5409,0.88,Rough,FMS_MARITIME,2026-04-06
2022-03-02,29,MGO,38.21,15.2,364.8,24,326.1676,0.58,Calm,FMS_MARITIME,2026-04-06
2022-03-03,29,LSMGO,54.8,15.6,374.4,24,455.7885,0.62,Calm,FMS_MARITIME,2026-04-06
2022-03-04,29,MGO,70.71,14.2,340.8,24,646.1002,0.6,Moderate,FMS_MARITIME,2026-04-06
2022-03-05,29,MGO,18.7,10.6,254.4,24,228.8986,0.58,Calm,FMS_MARITIME,2026-04-06
2022-03-06,29,HFO,73.94,17.0,408.0,24,564.3362,0.88,Rough,FMS_MARITIME,2026-04-06
2022-03-07,29,MGO,76.82,12.1,290.4,24,823.7517,0.89,Calm,FMS_MARITIME,2026-04-06
2022-03-08,29,HFO,51.08,16.8,403.2,24,394.5018,0.73,Rough,FMS_MARITIME,2026-04-06
2022-03-09,29,MGO,45.63,17.0,408.0,24,348.2643,0.43,Moderate,FMS_MARITIME,2026-04-06
2022-03-10,29,LNG,40.13,16.5,396.0,24,315.5677,0.78,Rough,FMS_MARITIME,2026-04-06
2022-03-11,29,LSMGO,54.86,9.5,228.0,24,749.2721,0.97,Moderate,FMS_MARITIME,2026-04-06
2022-03-12,29,LSMGO,50.3,8.3,199.2,24,786.3163,0.52,Rough,FMS_MARITIME,2026-04-06
2022-03-13,29,HFO,77.0,11.7,280.8,24,853.9103,0.68,Calm,FMS_MARITIME,2026-04-06
2022-03-14,29,LSMGO,49.62,10.9,261.6,24,590.6601,0.41,Moderate,FMS_MARITIME,2026-04-06
2022-03-15,29,LSMGO,28.92,12.0,288.0,24,312.6975,0.73,Moderate,FMS_MARITIME,2026-04-06
2022-03-16,29,MGO,55.52,15.3,367.2,24,470.8314,0.43,Moderate,FMS_MARITIME,2026-04-06
2022-03-17,29,VLSFO,40.26,17.6,422.4,24,296.8031,0.99,Rough,FMS_MARITIME,2026-04-06
2022-03-18,29,HFO,55.52,11.8,283.2,24,610.4847,0.97,Calm,FMS_MARITIME,2026-04-06
2022-03-19,29,LSMGO,25.15,17.1,410.4,24,190.8311,0.94,Rough,FMS_MARITIME,2026-04-06
2022-03-20,29,LSMGO,58.9,14.1,338.4,24,542.0053,0.7,Calm,FMS_MARITIME,2026-04-06
2022-03-21,29,HFO,64.08,9.1,218.4,24,913.6681,0.59,Moderate,FMS_MARITIME,2026-04-06
2022-03-22,29,LSMGO,79.27,15.1,362.4,24,681.1445,0.85,Moderate,FMS_MARITIME,2026-04-06
2022-03-23,29,MGO,55.47,9.1,218.4,24,790.9047,0.5,Rough,FMS_MARITIME,2026-04-06
2022-03-24,29,HFO,45.27,16.3,391.2,24,360.3548,0.65,Calm,FMS_MARITIME,2026-04-06
2022-03-25,29,MGO,59.8,12.0,288.0,24,646.5875,0.46,Moderate,FMS_MARITIME,2026-04-06
2022-03-26,29,VLSFO,74.49,14.2,340.8,24,680.6393,0.88,Calm,FMS_MARITIME,2026-04-06
2022-03-27,29,VLSFO,47.52,15.4,369.6,24,400.3714,0.58,Moderate,FMS_MARITIME,2026-04-06
2022-03-28,29,LSMGO,16.53,13.9,333.6,24,154.2998,0.88,Calm,FMS_MARITIME,2026-04-06
2022-03-28,29,MGO,30.06,13.6,326.4,24,286.7857,0.8,Rough,FMS_MARITIME,2026-04-06
2022-03-28,29,VLSFO,37.83,13.4,321.6,24,366.3017,0.64,Calm,FMS_MARITIME,2026-04-06
2022-03-01,30,VLSFO,44.17,10.7,256.8,24,535.6129,0.96,Moderate,FMS_MARITIME,2026-04-06
2022-03-02,30,MGO,56.49,10.1,242.4,24,725.7007,0.8,Rough,FMS_MARITIME,2026-04-06
2022-03-03,30,VLSFO,23.99,13.5,324.0,24,230.5706,1.0,Calm,FMS_MARITIME,2026-04-06
2022-03-04,30,LSMGO,68.55,12.8,307.2,24,694.8721,0.7,Calm,FMS_MARITIME,2026-04-06
2022-03-05,30,LNG,66.26,11.8,283.2,24,728.5792,0.65,Moderate,FMS_MARITIME,2026-04-06
2022-03-06,30,VLSFO,39.22,16.0,384.0,24,318.0497,0.8,Rough,FMS_MARITIME,2026-04-06
2022-03-07,30,LSMGO,60.85,14.5,348.0,24,544.5026,0.5,Moderate,FMS_MARITIME,2026-04-06
2022-03-08,30,VLSFO,81.84,8.8,211.2,24,1206.675,0.66,Calm,FMS_MARITIME,2026-04-06
2022-03-09,30,HFO,33.75,17.5,420.0,24,250.2321,0.52,Moderate,FMS_MARITIME,2026-04-06
2022-03-10,30,HFO,66.37,13.2,316.8,24,652.3869,0.85,Rough,FMS_MARITIME,2026-04-06
2022-03-11,30,HFO,42.04,14.3,343.2,24,381.4469,0.91,Moderate,FMS_MARITIME,2026-04-06
2022-03-12,30,HFO,49.71,8.7,208.8,24,741.3647,0.78,Moderate,FMS_MARITIME,2026-04-06
2022-03-13,30,LNG,50.95,13.0,312.0,24,508.5202,0.85,Rough,FMS_MARITIME,2026-04-06
2022-03-14,30,MGO,56.57,9.2,220.8,24,797.8215,0.82,Rough,FMS_MARITIME,2026-04-06
2022-03-15,30,LNG,82.87,11.6,278.4,24,926.9295,0.77,Moderate,FMS_MARITIME,2026-04-06
2022-03-16,30,HFO,27.03,12.7,304.8,24,276.153,0.62,Moderate,FMS_MARITIME,2026-04-06
2022-03-17,30,HFO,52.47,8.7,208.8,24,782.5267,0.92,Moderate,FMS_MARITIME,2026-04-06
2022-03-18,30,MGO,30.75,12.6,302.4,24,316.6518,0.72,Calm,FMS_MARITIME,2026-04-06
2022-03-19,30,LSMGO,25.97,16.9,405.6,24,199.3851,0.4,Rough,FMS_MARITIME,2026-04-06
2022-03-20,30,LNG,30.84,12.6,302.4,24,317.5786,0.47,Moderate,FMS_MARITIME,2026-04-06
2022-03-21,30,LSMGO,20.47,8.3,199.2,24,319.9979,0.96,Moderate,FMS_MARITIME,2026-04-06
2022-03-22,30,MGO,36.37,17.6,422.4,24,268.1254,1.0,Calm,FMS_MARITIME,2026-04-06
2022-03-23,30,VLSFO,21.06,10.0,240.0,24,273.2535,0.42,Calm,FMS_MARITIME,2026-04-06
2022-03-24,30,HFO,25.67,10.1,242.4,24,329.7705,0.48,Calm,FMS_MARITIME,2026-04-06
2022-03-25,30,HFO,36.81,14.1,338.4,24,338.7303,0.52,Rough,FMS_MARITIME,2026-04-06
2022-03-26,30,LSMGO,33.87,13.3,319.2,24,330.4235,0.7,Moderate,FMS_MARITIME,2026-04-06
2022-03-27,30,LSMGO,50.95,9.1,218.4,24,726.4574,0.91,Calm,FMS_MARITIME,2026-04-06
2022-03-28,30,LSMGO,49.85,17.6,422.4,24,367.5021,0.43,Rough,FMS_MARITIME,2026-04-06
2022-03-28,30,MGO,53.39,16.5,396.0,24,419.8395,0.97,Moderate,FMS_MARITIME,2026-04-06
2022-03-28,30,LNG,69.83,13.8,331.2,24,656.5538,0.72,Moderate,FMS_MARITIME,2026-04-06
2022-03-01,31,MGO,70.24,17.7,424.8,24,514.8949,0.46,Calm,FMS_MARITIME,2026-04-06
2022-03-02,31,LSMGO,39.18,12.6,302.4,24,403.4607,0.7,Calm,FMS_MARITIME,2026-04-06
2022-03-03,31,HFO,37.16,17.9,429.6,24,269.3581,0.89,Calm,FMS_MARITIME,2026-04-06
2022-03-04,31,MGO,81.78,12.7,304.8,24,835.5083,0.82,Moderate,FMS_MARITIME,2026-04-06
2022-03-05,31,LSMGO,46.76,16.1,386.4,24,376.8391,0.55,Calm,FMS_MARITIME,2026-04-06
2022-03-06,31,LNG,25.59,17.2,412.8,24,193.0408,0.91,Rough,FMS_MARITIME,2026-04-06
2022-03-07,31,MGO,42.2,15.6,374.4,24,350.9904,0.64,Calm,FMS_MARITIME,2026-04-06
2022-03-08,31,LNG,37.17,8.3,199.2,24,581.0611,0.78,Rough,FMS_MARITIME,2026-04-06
2022-03-09,31,HFO,67.48,8.7,208.8,24,1006.3828,0.66,Rough,FMS_MARITIME,2026-04-06
2022-03-10,31,MGO,54.69,13.0,312.0,24,545.8483,0.78,Rough,FMS_MARITIME,2026-04-06
2022-03-11,31,VLSFO,29.58,11.9,285.6,24,322.5214,0.94,Moderate,FMS_MARITIME,2026-04-06
2022-03-12,31,VLSFO,58.15,17.9,429.6,24,421.5063,0.78,Moderate,FMS_MARITIME,2026-04-06
2022-03-13,31,LNG,82.94,15.2,364.8,24,707.9911,0.41,Calm,FMS_MARITIME,2026-04-06
2022-03-14,31,MGO,45.93,10.0,240.0,24,595.9417,0.79,Calm,FMS_MARITIME,2026-04-06
2022-03-15,31,HFO,46.36,11.5,276.0,24,523.0617,0.59,Calm,FMS_MARITIME,2026-04-06
2022-03-16,31,VLSFO,23.38,11.4,273.6,24,266.1013,0.76,Rough,FMS_MARITIME,2026-04-06
2022-03-17,31,MGO,84.23,9.0,216.0,24,1214.3158,0.62,Rough,FMS_MARITIME,2026-04-06
2022-03-18,31,LSMGO,53.94,13.2,316.8,24,530.2057,0.85,Rough,FMS_MARITIME,2026-04-06
2022-03-19,31,LNG,58.23,16.2,388.8,24,466.3792,0.53,Rough,FMS_MARITIME,2026-04-06
2022-03-20,31,HFO,83.17,10.5,252.0,24,1027.7436,0.94,Calm,FMS_MARITIME,2026-04-06
2022-03-21,31,MGO,24.97,8.3,199.2,24,390.3443,0.96,Calm,FMS_MARITIME,2026-04-06
2022-03-22,31,HFO,75.06,15.8,379.2,24,616.3946,0.84,Calm,FMS_MARITIME,2026-04-06
2022-03-23,31,LNG,80.42,13.1,314.4,24,796.5263,0.71,Moderate,FMS_MARITIME,2026-04-06
2022-03-24,31,LNG,66.32,13.2,316.8,24,651.8955,0.8,Rough,FMS_MARITIME,2026-04-06
2022-03-25,31,LSMGO,71.09,8.0,192.0,24,1152.9909,0.67,Moderate,FMS_MARITIME,2026-04-06
2022-03-26,31,LSMGO,35.23,9.8,235.2,24,466.438,0.95,Rough,FMS_MARITIME,2026-04-06
2022-03-27,31,MGO,26.0,11.7,280.8,24,288.3333,0.8,Moderate,FMS_MARITIME,2026-04-06
2022-03-28,31,HFO,74.87,12.6,302.4,24,770.9827,0.57,Rough,FMS_MARITIME,2026-04-06
2022-03-28,31,HFO,44.78,16.9,405.6,24,343.7991,0.45,Moderate,FMS_MARITIME,2026-04-06
2022-03-28,31,LSMGO,31.38,10.0,240.0,24,407.1555,0.84,Moderate,FMS_MARITIME,2026-04-06
2022-03-01,32,LSMGO,46.19,10.0,240.0,24,599.3152,0.79,Calm,FMS_MARITIME,2026-04-06
2022-03-02,32,LSMGO,66.28,16.3,391.2,24,527.5969,0.4,Moderate,FMS_MARITIME,2026-04-06
2022-03-03,32,MGO,15.57,10.2,244.8,24,198.0596,0.86,Moderate,FMS_MARITIME,2026-04-06
2022-03-04,32,VLSFO,58.49,10.5,252.0,24,722.7693,0.45,Rough,FMS_MARITIME,2026-04-06
2022-03-05,32,LSMGO,72.07,14.0,336.0,24,667.9345,0.59,Calm,FMS_MARITIME,2026-04-06
2022-03-06,32,HFO,65.79,11.4,273.6,24,748.7941,0.58,Moderate,FMS_MARITIME,2026-04-06
2022-03-07,32,LNG,53.58,11.6,278.4,24,599.3108,0.94,Moderate,FMS_MARITIME,2026-04-06
2022-03-08,32,MGO,32.64,17.4,417.6,24,243.3931,0.6,Rough,FMS_MARITIME,2026-04-06
2022-03-09,32,LNG,37.25,15.6,374.4,24,309.8197,0.66,Calm,FMS_MARITIME,2026-04-06
2022-03-10,32,VLSFO,28.55,17.0,408.0,24,217.9037,0.54,Moderate,FMS_MARITIME,2026-04-06
2022-03-11,32,LSMGO,40.23,12.0,288.0,24,434.9869,0.71,Moderate,FMS_MARITIME,2026-04-06
2022-03-12,32,LNG,20.67,8.2,196.8,24,327.0649,0.83,Moderate,FMS_MARITIME,2026-04-06
2022-03-13,32,MGO,53.68,8.7,208.8,24,800.5724,0.66,Moderate,FMS_MARITIME,2026-04-06
2022-03-14,32,HFO,56.76,15.2,364.8,24,484.5138,0.83,Calm,FMS_MARITIME,2026-04-06
2022-03-15,32,VLSFO,65.39,8.1,194.4,24,1047.4509,0.44,Rough,FMS_MARITIME,2026-04-06
2022-03-16,32,LNG,17.32,16.6,398.4,24,135.3777,0.97,Calm,FMS_MARITIME,2026-04-06
2022-03-17,32,VLSFO,27.33,17.7,424.8,24,200.3428,0.81,Calm,FMS_MARITIME,2026-04-06
2022-03-18,32,HFO,70.72,11.0,264.0,24,834.1745,0.83,Rough,FMS_MARITIME,2026-04-06
2022-03-19,32,MGO,54.84,12.3,295.2,24,578.4951,0.82,Rough,FMS_MARITIME,2026-04-06
2022-03-20,32,LNG,46.45,16.6,398.4,24,363.0655,0.71,Rough,FMS_MARITIME,2026-04-06
2022-03-21,32,LSMGO,47.94,17.7,424.8,24,351.4246,0.63,Rough,FMS_MARITIME,2026-04-06
2022-03-22,32,VLSFO,52.67,11.9,285.6,24,574.28,0.99,Calm,FMS_MARITIME,2026-04-06
2022-03-23,32,HFO,20.83,15.2,364.8,24,177.8087,0.72,Calm,FMS_MARITIME,2026-04-06
2022-03-24,32,LSMGO,66.85,11.0,264.0,24,788.5261,0.47,Calm,FMS_MARITIME,2026-04-06
2022-03-25,32,HFO,42.33,12.9,309.6,24,425.761,0.98,Moderate,FMS_MARITIME,2026-04-06
2022-03-26,32,LSMGO,81.56,11.1,266.4,24,953.3703,0.93,Calm,FMS_MARITIME,2026-04-06
2022-03-27,32,LNG,25.52,15.6,374.4,24,212.2577,0.65,Rough,FMS_MARITIME,2026-04-06
2022-03-28,32,MGO,37.51,16.1,386.4,24,302.2933,0.97,Moderate,FMS_MARITIME,2026-04-06
2022-03-28,32,MGO,25.58,13.6,326.4,24,244.0445,0.77,Calm,FMS_MARITIME,2026-04-06
2022-03-28,32,VLSFO,73.18,14.4,345.6,24,659.3823,0.5,Calm,FMS_MARITIME,2026-04-06
2022-03-01,33,HFO,31.99,17.7,424.8,24,234.503,0.55,Rough,FMS_MARITIME,2026-04-06
2022-03-02,33,LNG,67.95,8.9,213.6,24,990.6194,0.74,Moderate,FMS_MARITIME,2026-04-06
2022-03-03,33,LSMGO,61.05,17.2,412.8,24,460.5371,0.99,Rough,FMS_MARITIME,2026-04-06
2022-03-04,33,HFO,57.0,11.1,266.4,24,666.2838,0.85,Rough,FMS_MARITIME,2026-04-06
2022-03-05,33,LNG,39.26,11.8,283.2,24,431.6936,0.89,Rough,FMS_MARITIME,2026-04-06
2022-03-06,33,VLSFO,46.02,11.5,276.0,24,519.2257,0.85,Calm,FMS_MARITIME,2026-04-06
2022-03-07,33,LNG,45.82,10.7,256.8,24,555.621,0.77,Moderate,FMS_MARITIME,2026-04-06
2022-03-08,33,LSMGO,51.23,10.2,244.8,24,651.6757,0.62,Moderate,FMS_MARITIME,2026-04-06
2022-03-09,33,LSMGO,25.1,14.1,338.4,24,230.9734,0.75,Moderate,FMS_MARITIME,2026-04-06
2022-03-10,33,LNG,54.61,10.1,242.4,24,701.5493,0.74,Moderate,FMS_MARITIME,2026-04-06
2022-03-11,33,HFO,28.93,14.7,352.8,24,255.3515,0.97,Calm,FMS_MARITIME,2026-04-06
2022-03-12,33,LNG,19.13,11.9,285.6,24,208.5813,0.59,Rough,FMS_MARITIME,2026-04-06
2022-03-13,33,LSMGO,74.65,8.7,208.8,24,1113.3147,0.66,Moderate,FMS_MARITIME,2026-04-06
2022-03-14,33,MGO,58.56,17.4,417.6,24,436.6759,0.5,Calm,FMS_MARITIME,2026-04-06
2022-03-15,33,LSMGO,34.14,15.4,369.6,24,287.6406,0.98,Rough,FMS_MARITIME,2026-04-06
2022-03-16,33,MGO,45.15,8.3,199.2,24,705.8087,0.84,Moderate,FMS_MARITIME,2026-04-06
2022-03-17,33,LSMGO,18.04,9.1,218.4,24,257.2187,0.63,Rough,FMS_MARITIME,2026-04-06
2022-03-18,33,LNG,74.58,16.7,400.8,24,579.4464,0.69,Calm,FMS_MARITIME,2026-04-06
2022-03-19,33,LNG,45.66,15.0,360.0,24,394.959,0.92,Moderate,FMS_MARITIME,2026-04-06
2022-03-20,33,LNG,81.59,17.5,420.0,24,604.9316,0.63,Moderate,FMS_MARITIME,2026-04-06
2022-03-21,33,MGO,43.08,8.9,213.6,24,628.0483,0.74,Moderate,FMS_MARITIME,2026-04-06
2022-03-22,33,VLSFO,76.91,15.3,367.2,24,652.227,0.86,Rough,FMS_MARITIME,2026-04-06
2022-03-23,33,MGO,31.56,17.8,427.2,24,230.0511,0.8,Rough,FMS_MARITIME,2026-04-06
2022-03-24,33,MGO,27.06,16.0,384.0,24,219.4397,0.81,Rough,FMS_MARITIME,2026-04-06
2022-03-25,33,HFO,31.97,14.7,352.8,24,282.1842,0.78,Calm,FMS_MARITIME,2026-04-06
2022-03-26,33,VLSFO,27.87,13.2,316.8,24,273.9494,0.95,Rough,FMS_MARITIME,2026-04-06
2022-03-27,33,LSMGO,17.51,16.8,403.2,24,135.2335,0.48,Moderate,FMS_MARITIME,2026-04-06
2022-03-28,33,LNG,47.49,14.8,355.2,24,416.3397,0.7,Rough,FMS_MARITIME,2026-04-06
2022-03-28,33,LNG,76.04,9.3,223.2,24,1060.8806,0.43,Calm,FMS_MARITIME,2026-04-06
2022-03-28,33,VLSFO,50.0,13.5,324.0,24,480.5556,0.94,Rough,FMS_MARITIME,2026-04-06
2022-03-01,34,VLSFO,30.88,15.1,362.4,24,265.343,0.64,Moderate,FMS_MARITIME,2026-04-06
2022-03-02,34,LNG,68.08,14.6,350.4,24,605.026,0.73,Moderate,FMS_MARITIME,2026-04-06
2022-03-03,34,VLSFO,40.5,17.9,429.6,24,293.5684,0.4,Moderate,FMS_MARITIME,2026-04-06
2022-03-04,34,LNG,64.23,11.7,280.8,24,712.2942,0.99,Moderate,FMS_MARITIME,2026-04-06
2022-03-05,34,LNG,71.23,12.6,302.4,24,733.4994,0.9,Rough,FMS_MARITIME,2026-04-06
2022-03-06,34,VLSFO,73.98,10.3,247.2,24,931.9325,0.45,Rough,FMS_MARITIME,2026-04-06
2022-03-07,34,LNG,30.51,11.7,280.8,24,338.3481,0.43,Calm,FMS_MARITIME,2026-04-06
2022-03-08,34,LNG,68.77,9.8,235.2,24,910.5008,0.53,Moderate,FMS_MARITIME,2026-04-06
2022-03-09,34,HFO,43.9,9.6,230.4,24,593.3359,0.72,Moderate,FMS_MARITIME,2026-04-06
2022-03-10,34,MGO,78.05,9.7,232.8,24,1044.0193,0.73,Rough,FMS_MARITIME,2026-04-06
2022-03-11,34,LNG,69.88,15.8,379.2,24,573.8563,0.79,Moderate,FMS_MARITIME,2026-04-06
2022-03-12,34,VLSFO,26.05,11.2,268.8,24,301.7846,0.79,Rough,FMS_MARITIME,2026-04-06
2022-03-13,34,LNG,15.91,9.3,223.2,24,221.9702,0.41,Calm,FMS_MARITIME,2026-04-06
2022-03-14,34,LSMGO,79.03,16.8,403.2,24,610.3656,0.95,Rough,FMS_MARITIME,2026-04-06
2022-03-15,34,LSMGO,63.52,17.8,427.2,24,463.018,0.66,Calm,FMS_MARITIME,2026-04-06
2022-03-16,34,LNG,44.14,9.0,216.0,24,636.3517,0.57,Moderate,FMS_MARITIME,2026-04-06
2022-03-17,34,MGO,55.61,9.9,237.6,24,728.828,0.51,Moderate,FMS_MARITIME,2026-04-06
2022-03-18,34,HFO,39.47,17.3,415.2,24,296.025,0.86,Calm,FMS_MARITIME,2026-04-06
2022-03-19,34,MGO,32.61,8.5,204.0,24,497.7821,0.77,Moderate,FMS_MARITIME,2026-04-06
2022-03-20,34,HFO,84.36,12.3,295.2,24,889.8951,0.52,Rough,FMS_MARITIME,2026-04-06
2022-03-21,34,LSMGO,54.54,16.6,398.4,24,426.2991,0.58,Rough,FMS_MARITIME,2026-04-06
2022-03-22,34,VLSFO,44.72,16.5,396.0,24,351.6618,0.49,Rough,FMS_MARITIME,2026-04-06
2022-03-23,34,LSMGO,35.08,14.9,357.6,24,305.4785,0.46,Moderate,FMS_MARITIME,2026-04-06
2022-03-24,34,HFO,29.22,8.2,196.8,24,462.353,0.54,Rough,FMS_MARITIME,2026-04-06
2022-03-25,34,VLSFO,59.43,8.6,206.4,24,896.6328,0.52,Moderate,FMS_MARITIME,2026-04-06
2022-03-26,34,HFO,50.73,15.3,367.2,24,430.2103,0.6,Calm,FMS_MARITIME,2026-04-06
2022-03-27,34,LSMGO,73.19,13.1,314.4,24,724.9162,0.76,Calm,FMS_MARITIME,2026-04-06
2022-03-28,34,LSMGO,33.76,11.8,283.2,24,371.2169,0.79,Moderate,FMS_MARITIME,2026-04-06
2022-03-28,34,HFO,36.11,15.7,376.8,24,298.425,0.85,Rough,FMS_MARITIME,2026-04-06
2022-03-28,34,VLSFO,25.58,10.1,242.4,24,328.6144,0.49,Calm,FMS_MARITIME,2026-04-06
2022-03-01,35,HFO,22.64,15.0,360.0,24,195.836,0.55,Moderate,FMS_MARITIME,2026-04-06
2022-03-02,35,HFO,43.86,9.0,216.0,24,632.315,0.66,Moderate,FMS_MARITIME,2026-04-06
2022-03-03,35,VLSFO,55.71,13.0,312.0,24,556.0287,0.99,Calm,FMS_MARITIME,2026-04-06
2022-03-04,35,HFO,83.47,16.6,398.4,24,652.4236,0.4,Calm,FMS_MARITIME,2026-04-06
2022-03-05,35,MGO,41.15,10.6,254.4,24,503.6993,0.96,Rough,FMS_MARITIME,2026-04-06
2022-03-06,35,LSMGO,63.0,14.5,348.0,24,563.7414,0.92,Calm,FMS_MARITIME,2026-04-06
2022-03-07,35,VLSFO,75.69,17.3,415.2,24,567.675,0.93,Rough,FMS_MARITIME,2026-04-06
2022-03-08,35,LSMGO,55.72,8.7,208.8,24,830.9966,0.9,Moderate,FMS_MARITIME,2026-04-06
2022-03-09,35,LSMGO,71.26,8.1,194.4,24,1141.4796,0.9,Moderate,FMS_MARITIME,2026-04-06
2022-03-10,35,HFO,83.03,9.3,223.2,24,1158.4024,0.64,Calm,FMS_MARITIME,2026-04-06
2022-03-11,35,HFO,43.64,16.9,405.6,24,335.0467,0.74,Moderate,FMS_MARITIME,2026-04-06
2022-03-12,35,LNG,41.34,11.7,280.8,24,458.45,0.96,Moderate,FMS_MARITIME,2026-04-06
2022-03-13,35,VLSFO,31.41,10.4,249.6,24,391.87,0.98,Rough,FMS_MARITIME,2026-04-06
2022-03-14,35,VLSFO,21.43,12.2,292.8,24,227.9133,0.62,Rough,FMS_MARITIME,2026-04-06
2022-03-15,35,VLSFO,19.22,11.7,280.8,24,213.1449,0.89,Moderate,FMS_MARITIME,2026-04-06
2022-03-16,35,MGO,43.19,12.1,290.4,24,463.1324,0.95,Rough,FMS_MARITIME,2026-04-06
2022-03-17,35,LSMGO,21.01,15.6,374.4,24,174.7466,0.49,Moderate,FMS_MARITIME,2026-04-06
2022-03-18,35,HFO,51.31,17.6,422.4,24,378.2655,0.82,Moderate,FMS_MARITIME,2026-04-06
2022-03-19,35,MGO,37.93,17.9,429.6,24,274.9395,0.44,Moderate,FMS_MARITIME,2026-04-06
2022-03-20,35,LSMGO,80.53,12.5,300.0,24,835.9014,0.8,Rough,FMS_MARITIME,2026-04-06
2022-03-21,35,LNG,58.62,14.4,345.6,24,528.1906,0.66,Moderate,FMS_MARITIME,2026-04-06
2022-03-22,35,LNG,63.25,9.2,220.8,24,892.0312,0.87,Calm,FMS_MARITIME,2026-04-06
2022-03-23,35,LSMGO,47.37,16.7,400.8,24,368.0394,0.43,Moderate,FMS_MARITIME,2026-04-06
2022-03-24,35,LNG,77.43,8.9,213.6,24,1128.825,0.55,Calm,FMS_MARITIME,2026-04-06
2022-03-25,35,LNG,56.14,8.6,206.4,24,846.9959,0.58,Moderate,FMS_MARITIME,2026-04-06
2022-03-26,35,LSMGO,51.29,14.6,350.4,24,455.8135,0.8,Calm,FMS_MARITIME,2026-04-06
2022-03-27,35,VLSFO,73.2,11.3,271.2,24,840.5044,0.67,Rough,FMS_MARITIME,2026-04-06
2022-03-28,35,LSMGO,60.28,13.6,326.4,24,575.0978,0.86,Calm,FMS_MARITIME,2026-04-06
2022-03-28,35,LSMGO,80.85,14.6,350.4,24,718.5128,0.62,Moderate,FMS_MARITIME,2026-04-06
2022-03-28,35,LSMGO,55.67,12.9,309.6,24,559.9366,0.53,Calm,FMS_MARITIME,2026-04-06
2022-03-01,36,HFO,43.33,17.7,424.8,24,317.6309,0.93,Rough,FMS_MARITIME,2026-04-06
2022-03-02,36,MGO,77.13,11.4,273.6,24,877.8612,0.56,Rough,FMS_MARITIME,2026-04-06
2022-03-03,36,MGO,84.82,16.9,405.6,24,651.2068,0.98,Moderate,FMS_MARITIME,2026-04-06
2022-03-04,36,VLSFO,40.19,17.7,424.8,24,294.6131,0.72,Rough,FMS_MARITIME,2026-04-06
2022-03-05,36,MGO,50.98,11.5,276.0,24,575.1874,0.76,Moderate,FMS_MARITIME,2026-04-06
2022-03-06,36,LNG,69.31,14.6,350.4,24,615.957,0.68,Rough,FMS_MARITIME,2026-04-06
2022-03-07,36,LSMGO,42.67,11.7,280.8,24,473.1994,0.71,Rough,FMS_MARITIME,2026-04-06
2022-03-08,36,HFO,68.34,15.1,362.4,24,587.2262,0.48,Calm,FMS_MARITIME,2026-04-06
2022-03-09,36,HFO,57.97,14.2,340.8,24,529.6907,0.56,Rough,FMS_MARITIME,2026-04-06
2022-03-10,36,LSMGO,84.68,8.2,196.8,24,1339.9061,0.59,Calm,FMS_MARITIME,2026-04-06
2022-03-11,36,MGO,79.38,10.8,259.2,24,953.6625,0.62,Rough,FMS_MARITIME,2026-04-06
2022-03-12,36,MGO,47.65,15.3,367.2,24,404.0907,0.51,Moderate,FMS_MARITIME,2026-04-06
2022-03-13,36,LNG,76.66,11.5,276.0,24,864.9248,0.87,Rough,FMS_MARITIME,2026-04-06
2022-03-14,36,HFO,51.84,13.3,319.2,24,505.7323,0.44,Rough,FMS_MARITIME,2026-04-06
2022-03-15,36,LNG,25.59,8.1,194.4,24,409.9139,0.8,Moderate,FMS_MARITIME,2026-04-06
2022-03-16,36,HFO,49.95,10.6,254.4,24,611.4163,0.95,Moderate,FMS_MARITIME,2026-04-06
2022-03-17,36,LNG,38.12,14.8,355.2,24,334.1939,0.9,Rough,FMS_MARITIME,2026-04-06
2022-03-18,36,HFO,78.06,14.3,343.2,24,708.2717,0.64,Rough,FMS_MARITIME,2026-04-06
2022-03-19,36,LSMGO,44.4,11.9,285.6,24,484.1092,0.49,Calm,FMS_MARITIME,2026-04-06
2022-03-20,36,MGO,72.09,9.9,237.6,24,944.8159,0.75,Calm,FMS_MARITIME,2026-04-06
2022-03-21,36,VLSFO,40.2,17.8,427.2,24,293.0309,0.63,Calm,FMS_MARITIME,2026-04-06
2022-03-22,36,LSMGO,20.53,17.4,417.6,24,153.0901,0.61,Moderate,FMS_MARITIME,2026-04-06
2022-03-23,36,LNG,74.8,15.6,374.4,24,622.1346,0.47,Rough,FMS_MARITIME,2026-04-06
2022-03-24,36,HFO,42.53,10.0,240.0,24,551.8268,0.98,Rough,FMS_MARITIME,2026-04-06
2022-03-25,36,MGO,20.69,10.6,254.4,24,253.2573,0.4,Moderate,FMS_MARITIME,2026-04-06
2022-03-26,36,LSMGO,45.35,13.6,326.4,24,432.659,0.53,Rough,FMS_MARITIME,2026-04-06
2022-03-27,36,MGO,25.9,9.7,232.8,24,346.4459,0.53,Calm,FMS_MARITIME,2026-04-06
2022-03-28,36,LSMGO,17.54,16.6,398.4,24,137.0973,0.87,Calm,FMS_MARITIME,2026-04-06
2022-03-28,36,MGO,20.24,16.6,398.4,24,158.2012,0.63,Rough,FMS_MARITIME,2026-04-06
2022-03-28,36,LNG,19.62,11.1,266.4,24,229.3419,0.43,Rough,FMS_MARITIME,2026-04-06
2022-03-01,37,VLSFO,25.97,9.0,216.0,24,374.4008,0.98,Calm,FMS_MARITIME,2026-04-06
2022-03-02,37,HFO,70.55,12.1,290.4,24,756.5176,0.77,Rough,FMS_MARITIME,2026-04-06
2022-03-03,37,HFO,54.66,9.8,235.2,24,723.6872,0.71,Moderate,FMS_MARITIME,2026-04-06
2022-03-04,37,VLSFO,78.35,11.9,285.6,24,854.2784,0.66,Moderate,FMS_MARITIME,2026-04-06
2022-03-05,37,MGO,72.71,9.1,218.4,24,1036.7168,0.84,Moderate,FMS_MARITIME,2026-04-06
2022-03-06,37,LNG,22.91,15.4,369.6,24,193.0242,0.83,Moderate,FMS_MARITIME,2026-04-06
2022-03-07,37,LNG,83.38,10.9,261.6,24,992.528,0.47,Moderate,FMS_MARITIME,2026-04-06
2022-03-08,37,LSMGO,71.97,13.8,331.2,24,676.6745,0.65,Calm,FMS_MARITIME,2026-04-06
2022-03-09,37,MGO,52.05,15.0,360.0,24,450.2325,0.87,Calm,FMS_MARITIME,2026-04-06
2022-03-10,37,VLSFO,51.51,11.8,283.2,24,566.3917,0.96,Calm,FMS_MARITIME,2026-04-06
2022-03-11,37,HFO,72.61,14.4,345.6,24,654.2464,0.97,Moderate,FMS_MARITIME,2026-04-06
2022-03-12,37,LNG,82.94,15.0,360.0,24,717.431,0.88,Calm,FMS_MARITIME,2026-04-06
2022-03-13,37,LSMGO,77.62,9.6,230.4,24,1049.0828,0.48,Moderate,FMS_MARITIME,2026-04-06
2022-03-14,37,MGO,19.25,8.5,204.0,24,293.8456,0.66,Calm,FMS_MARITIME,2026-04-06
2022-03-15,37,HFO,36.96,13.2,316.8,24,363.3,0.49,Calm,FMS_MARITIME,2026-04-06
2022-03-16,37,LSMGO,20.92,15.9,381.6,24,170.7151,0.47,Calm,FMS_MARITIME,2026-04-06
2022-03-17,37,VLSFO,49.65,10.4,249.6,24,619.4315,0.85,Moderate,FMS_MARITIME,2026-04-06
2022-03-18,37,LNG,35.71,14.7,352.8,24,315.1954,0.58,Rough,FMS_MARITIME,2026-04-06
2022-03-19,37,LSMGO,56.13,14.4,345.6,24,505.7547,0.92,Moderate,FMS_MARITIME,2026-04-06
2022-03-20,37,HFO,75.6,8.7,208.8,24,1127.4828,0.65,Calm,FMS_MARITIME,2026-04-06
2022-03-21,37,VLSFO,40.52,17.8,427.2,24,295.3635,0.56,Moderate,FMS_MARITIME,2026-04-06
2022-03-22,37,HFO,29.92,17.3,415.2,24,224.4,0.73,Rough,FMS_MARITIME,2026-04-06
2022-03-23,37,VLSFO,22.19,9.0,216.0,24,319.9058,0.83,Calm,FMS_MARITIME,2026-04-06
2022-03-24,37,LNG,62.81,8.9,213.6,24,915.6851,0.53,Calm,FMS_MARITIME,2026-04-06
2022-03-25,37,LSMGO,46.28,9.0,216.0,24,667.2033,0.72,Calm,FMS_MARITIME,2026-04-06
2022-03-26,37,LNG,58.14,13.8,331.2,24,546.6424,0.73,Moderate,FMS_MARITIME,2026-04-06
2022-03-27,37,HFO,60.39,17.3,415.2,24,452.925,0.52,Rough,FMS_MARITIME,2026-04-06
2022-03-28,37,LNG,63.24,15.0,360.0,24,547.026,0.91,Moderate,FMS_MARITIME,2026-04-06
2022-03-28,37,LNG,43.71,13.3,319.2,24,426.419,0.44,Moderate,FMS_MARITIME,2026-04-06
2022-03-28,37,LSMGO,67.35,8.2,196.8,24,1065.6905,0.85,Moderate,FMS_MARITIME,2026-04-06
2022-03-01,38,HFO,35.19,14.1,338.4,24,323.8229,0.84,Moderate,FMS_MARITIME,2026-04-06
2022-03-02,38,LNG,72.62,15.9,381.6,24,592.6066,0.55,Moderate,FMS_MARITIME,2026-04-06
2022-03-03,38,LSMGO,45.53,14.7,352.8,24,401.8719,0.61,Moderate,FMS_MARITIME,2026-04-06
2022-03-04,38,MGO,74.99,14.7,352.8,24,661.9015,0.94,Moderate,FMS_MARITIME,2026-04-06
2022-03-05,38,LSMGO,67.33,8.6,206.4,24,1015.8218,0.5,Calm,FMS_MARITIME,2026-04-06
2022-03-06,38,MGO,67.23,12.9,309.6,24,676.2087,0.95,Rough,FMS_MARITIME,2026-04-06
2022-03-07,38,MGO,84.85,15.3,367.2,24,719.5613,0.86,Moderate,FMS_MARITIME,2026-04-06
2022-03-08,38,VLSFO,58.18,14.5,348.0,24,520.6107,0.86,Calm,FMS_MARITIME,2026-04-06
2022-03-09,38,MGO,50.84,14.8,355.2,24,445.7088,0.48,Moderate,FMS_MARITIME,2026-04-06
2022-03-10,38,VLSFO,42.01,13.2,316.8,24,412.9392,0.48,Rough,FMS_MARITIME,2026-04-06
2022-03-11,38,MGO,73.11,9.8,235.2,24,967.9615,0.98,Moderate,FMS_MARITIME,2026-04-06
2022-03-12,38,LSMGO,81.28,8.4,201.6,24,1255.4857,0.58,Calm,FMS_MARITIME,2026-04-06
2022-03-13,38,VLSFO,43.89,11.6,278.4,24,490.9248,0.66,Calm,FMS_MARITIME,2026-04-06
2022-03-14,38,MGO,44.8,17.0,408.0,24,341.9294,0.87,Moderate,FMS_MARITIME,2026-04-06
2022-03-15,38,VLSFO,57.38,17.0,408.0,24,437.9444,0.79,Rough,FMS_MARITIME,2026-04-06
2022-03-16,38,VLSFO,44.35,16.1,386.4,24,357.4169,0.77,Moderate,FMS_MARITIME,2026-04-06
2022-03-17,38,HFO,42.65,17.5,420.0,24,316.2193,0.64,Moderate,FMS_MARITIME,2026-04-06
2022-03-18,38,LSMGO,46.34,11.1,266.4,24,541.677,0.6,Moderate,FMS_MARITIME,2026-04-06
2022-03-19,38,MGO,56.44,16.7,400.8,24,438.5084,0.87,Moderate,FMS_MARITIME,2026-04-06
2022-03-20,38,MGO,83.03,15.0,360.0,24,718.2095,0.83,Calm,FMS_MARITIME,2026-04-06
2022-03-21,38,VLSFO,55.4,12.7,304.8,24,565.9961,0.88,Rough,FMS_MARITIME,2026-04-06
2022-03-22,38,MGO,31.04,11.0,264.0,24,366.1309,0.97,Moderate,FMS_MARITIME,2026-04-06
2022-03-23,38,VLSFO,83.44,17.3,415.2,24,625.8,0.51,Moderate,FMS_MARITIME,2026-04-06
2022-03-24,38,LNG,76.52,11.9,285.6,24,834.3252,0.8,Calm,FMS_MARITIME,2026-04-06
2022-03-25,38,VLSFO,36.56,17.2,412.8,24,275.7942,0.92,Calm,FMS_MARITIME,2026-04-06
2022-03-26,38,LNG,44.42,17.7,424.8,24,325.6212,0.57,Moderate,FMS_MARITIME,2026-04-06
2022-03-27,38,MGO,36.36,9.8,235.2,24,481.399,0.85,Calm,FMS_MARITIME,2026-04-06
2022-03-28,38,MGO,53.18,9.7,232.8,24,711.351,0.45,Rough,FMS_MARITIME,2026-04-06
2022-03-28,38,VLSFO,42.83,14.5,348.0,24,383.2547,0.62,Rough,FMS_MARITIME,2026-04-06
2022-03-28,38,HFO,33.2,14.1,338.4,24,305.5106,0.43,Moderate,FMS_MARITIME,2026-04-06
2022-03-01,39,VLSFO,44.08,10.1,242.4,24,566.2752,0.71,Rough,FMS_MARITIME,2026-04-06
2022-03-02,39,LSMGO,37.13,8.8,211.2,24,547.4565,0.8,Rough,FMS_MARITIME,2026-04-06
2022-03-03,39,MGO,28.14,16.6,398.4,24,219.9497,0.89,Moderate,FMS_MARITIME,2026-04-06
2022-03-04,39,VLSFO,17.95,15.7,376.8,24,148.3447,0.98,Moderate,FMS_MARITIME,2026-04-06
2022-03-05,39,MGO,24.63,11.0,264.0,24,290.522,0.72,Calm,FMS_MARITIME,2026-04-06
2022-03-06,39,LSMGO,76.1,16.9,405.6,24,584.2589,0.47,Calm,FMS_MARITIME,2026-04-06
2022-03-07,39,VLSFO,34.7,11.1,266.4,24,405.6149,0.59,Moderate,FMS_MARITIME,2026-04-06
2022-03-08,39,VLSFO,46.69,11.9,285.6,24,509.0779,0.44,Rough,FMS_MARITIME,2026-04-06
2022-03-09,39,VLSFO,21.79,14.5,348.0,24,194.9829,0.62,Calm,FMS_MARITIME,2026-04-06
2022-03-10,39,LSMGO,71.33,16.5,396.0,24,560.9132,0.5,Moderate,FMS_MARITIME,2026-04-06
2022-03-11,39,MGO,79.43,14.8,355.2,24,696.3542,0.69,Calm,FMS_MARITIME,2026-04-06
2022-03-12,39,MGO,37.35,14.7,352.8,24,329.6709,0.98,Moderate,FMS_MARITIME,2026-04-06
2022-03-13,39,HFO,65.84,10.9,261.6,24,783.7376,0.9,Rough,FMS_MARITIME,2026-04-06
2022-03-14,39,VLSFO,54.59,12.8,307.2,24,553.3635,0.88,Moderate,FMS_MARITIME,2026-04-06
2022-03-15,39,VLSFO,19.86,17.5,420.0,24,147.2477,0.6,Rough,FMS_MARITIME,2026-04-06
2022-03-16,39,HFO,58.24,12.7,304.8,24,595.011,0.8,Moderate,FMS_MARITIME,2026-04-06
2022-03-17,39,MGO,18.59,10.9,261.6,24,221.2892,0.85,Rough,FMS_MARITIME,2026-04-06
2022-03-18,39,HFO,56.44,8.1,194.4,24,904.0852,1.0,Rough,FMS_MARITIME,2026-04-06
2022-03-19,39,LNG,73.95,17.8,427.2,24,539.0456,0.64,Moderate,FMS_MARITIME,2026-04-06
2022-03-20,39,MGO,15.72,11.7,280.8,24,174.3308,0.45,Rough,FMS_MARITIME,2026-04-06
2022-03-21,39,VLSFO,83.27,9.8,235.2,24,1102.4778,0.98,Rough,FMS_MARITIME,2026-04-06
2022-03-22,39,VLSFO,79.68,10.1,242.4,24,1023.6119,0.6,Rough,FMS_MARITIME,2026-04-06
2022-03-23,39,HFO,19.89,8.5,204.0,24,303.615,0.7,Calm,FMS_MARITIME,2026-04-06
2022-03-24,39,LNG,65.84,12.2,292.8,24,700.2246,0.74,Calm,FMS_MARITIME,2026-04-06
2022-03-25,39,LNG,28.04,15.3,367.2,24,237.7902,0.49,Rough,FMS_MARITIME,2026-04-06
2022-03-26,39,LNG,51.29,11.8,283.2,24,563.9727,0.93,Moderate,FMS_MARITIME,2026-04-06
2022-03-27,39,LSMGO,65.39,11.0,264.0,24,771.3048,0.75,Calm,FMS_MARITIME,2026-04-06
2022-03-28,39,VLSFO,83.81,12.9,309.6,24,842.9727,0.97,Rough,FMS_MARITIME,2026-04-06
2022-03-28,39,MGO,66.48,10.7,256.8,24,806.1477,0.49,Calm,FMS_MARITIME,2026-04-06
2022-03-28,39,LNG,28.46,9.1,218.4,24,405.7896,0.72,Calm,FMS_MARITIME,2026-04-06
2022-03-01,40,MGO,32.76,15.1,362.4,24,281.4974,0.69,Moderate,FMS_MARITIME,2026-04-06
2022-03-02,40,MGO,32.79,12.7,304.8,24,335.0002,0.89,Calm,FMS_MARITIME,2026-04-06
2022-03-03,40,HFO,37.37,14.4,345.6,24,336.7193,0.83,Rough,FMS_MARITIME,2026-04-06
2022-03-04,40,VLSFO,43.22,8.1,194.4,24,692.3204,0.88,Calm,FMS_MARITIME,2026-04-06
2022-03-05,40,LNG,32.17,11.6,278.4,24,359.8325,0.48,Rough,FMS_MARITIME,2026-04-06
2022-03-06,40,LNG,55.39,14.2,340.8,24,506.1164,0.86,Calm,FMS_MARITIME,2026-04-06
2022-03-07,40,VLSFO,56.51,9.3,223.2,24,788.4056,0.91,Moderate,FMS_MARITIME,2026-04-06
2022-03-08,40,MGO,36.17,15.5,372.0,24,302.7779,0.97,Rough,FMS_MARITIME,2026-04-06
2022-03-09,40,LNG,62.01,9.9,237.6,24,812.7068,0.43,Moderate,FMS_MARITIME,2026-04-06
2022-03-10,40,LSMGO,39.29,16.0,384.0,24,318.6173,0.92,Moderate,FMS_MARITIME,2026-04-06
2022-03-11,40,LSMGO,21.54,16.3,391.2,24,171.461,0.89,Rough,FMS_MARITIME,2026-04-06
2022-03-12,40,LSMGO,62.67,15.4,369.6,24,528.0151,0.48,Moderate,FMS_MARITIME,2026-04-06
2022-03-13,40,MGO,74.91,12.6,302.4,24,771.3946,0.98,Moderate,FMS_MARITIME,2026-04-06
2022-03-14,40,LSMGO,43.4,11.1,266.4,24,507.3108,1.0,Calm,FMS_MARITIME,2026-04-06
2022-03-15,40,HFO,72.81,9.6,230.4,24,984.0727,0.77,Moderate,FMS_MARITIME,2026-04-06
2022-03-16,40,HFO,42.85,14.2,340.8,24,391.5343,0.56,Calm,FMS_MARITIME,2026-04-06
2022-03-17,40,HFO,22.05,12.8,307.2,24,223.5146,0.7,Moderate,FMS_MARITIME,2026-04-06
2022-03-18,40,HFO,57.44,14.5,348.0,24,513.989,0.73,Calm,FMS_MARITIME,2026-04-06
2022-03-19,40,HFO,20.55,12.2,292.8,24,218.5543,0.71,Moderate,FMS_MARITIME,2026-04-06
2022-03-20,40,HFO,61.92,16.5,396.0,24,486.9164,0.41,Moderate,FMS_MARITIME,2026-04-06
2022-03-21,40,MGO,78.02,13.2,316.8,24,766.9011,0.55,Moderate,FMS_MARITIME,2026-04-06
2022-03-22,40,LSMGO,38.07,16.1,386.4,24,306.8064,0.49,Rough,FMS_MARITIME,2026-04-06
2022-03-23,40,VLSFO,64.39,11.8,283.2,24,708.0172,0.94,Rough,FMS_MARITIME,2026-04-06
2022-03-24,40,LSMGO,80.94,15.6,374.4,24,673.2029,0.61,Moderate,FMS_MARITIME,2026-04-06
2022-03-25,40,MGO,78.9,10.7,256.8,24,956.7547,0.43,Calm,FMS_MARITIME,2026-04-06
2022-03-26,40,HFO,65.3,15.1,362.4,24,561.1043,0.97,Calm,FMS_MARITIME,2026-04-06
2022-03-27,40,VLSFO,22.71,14.6,350.4,24,201.8235,0.88,Calm,FMS_MARITIME,2026-04-06
2022-03-28,40,LNG,16.05,14.5,348.0,24,143.6198,0.57,Calm,FMS_MARITIME,2026-04-06
2022-03-28,40,MGO,39.65,12.0,288.0,24,428.7156,0.92,Moderate,FMS_MARITIME,2026-04-06
2022-03-28,40,MGO,53.58,11.3,271.2,24,615.2217,0.91,Moderate,FMS_MARITIME,2026-04-06
2022-03-01,41,HFO,45.63,17.4,417.6,24,340.2582,0.83,Rough,FMS_MARITIME,2026-04-06
2022-03-02,41,VLSFO,50.18,17.1,410.4,24,380.7518,0.51,Rough,FMS_MARITIME,2026-04-06
2022-03-03,41,LSMGO,29.0,10.3,247.2,24,365.3155,0.86,Rough,FMS_MARITIME,2026-04-06
2022-03-04,41,VLSFO,32.86,8.4,201.6,24,507.5696,0.67,Calm,FMS_MARITIME,2026-04-06
2022-03-05,41,LSMGO,48.26,14.1,338.4,24,444.0947,0.65,Rough,FMS_MARITIME,2026-04-06
2022-03-06,41,HFO,29.22,8.5,204.0,24,446.0347,0.55,Moderate,FMS_MARITIME,2026-04-06
2022-03-07,41,HFO,54.93,16.1,386.4,24,442.6812,0.61,Calm,FMS_MARITIME,2026-04-06
2022-03-08,41,MGO,26.11,11.8,283.2,24,287.0994,0.97,Moderate,FMS_MARITIME,2026-04-06
2022-03-09,41,HFO,80.99,16.9,405.6,24,621.8019,0.63,Moderate,FMS_MARITIME,2026-04-06
2022-03-10,41,MGO,68.75,17.6,422.4,24,506.8359,0.46,Rough,FMS_MARITIME,2026-04-06
2022-03-11,41,LNG,18.42,11.8,283.2,24,202.5419,0.65,Calm,FMS_MARITIME,2026-04-06
2022-03-12,41,VLSFO,23.9,14.1,338.4,24,219.9309,0.92,Rough,FMS_MARITIME,2026-04-06
2022-03-13,41,LNG,68.16,16.1,386.4,24,549.3019,0.73,Calm,FMS_MARITIME,2026-04-06
2022-03-14,41,VLSFO,20.67,8.3,199.2,24,323.1244,0.47,Calm,FMS_MARITIME,2026-04-06
2022-03-15,41,VLSFO,20.63,15.0,360.0,24,178.4495,0.77,Moderate,FMS_MARITIME,2026-04-06
2022-03-16,41,HFO,61.15,12.0,288.0,24,661.1844,0.96,Moderate,FMS_MARITIME,2026-04-06
2022-03-17,41,LSMGO,33.83,11.1,266.4,24,395.4453,0.71,Calm,FMS_MARITIME,2026-04-06
2022-03-18,41,HFO,37.65,15.3,367.2,24,319.2868,0.79,Rough,FMS_MARITIME,2026-04-06
2022-03-19,41,LNG,50.62,16.5,396.0,24,398.0573,0.91,Moderate,FMS_MARITIME,2026-04-06
2022-03-20,41,HFO,40.46,13.1,314.4,24,400.7393,0.61,Calm,FMS_MARITIME,2026-04-06
2022-03-21,41,LNG,41.48,14.8,355.2,24,363.6507,0.41,Rough,FMS_MARITIME,2026-04-06
2022-03-22,41,MGO,75.42,12.0,288.0,24,815.4787,0.61,Rough,FMS_MARITIME,2026-04-06
2022-03-23,41,MGO,84.6,16.3,391.2,24,673.4264,0.7,Calm,FMS_MARITIME,2026-04-06
2022-03-24,41,VLSFO,38.17,10.9,261.6,24,454.3631,0.55,Moderate,FMS_MARITIME,2026-04-06
2022-03-25,41,VLSFO,33.93,12.4,297.6,24,355.0337,0.6,Calm,FMS_MARITIME,2026-04-06
2022-03-26,41,HFO,46.7,14.6,350.4,24,415.0223,0.45,Calm,FMS_MARITIME,2026-04-06
2022-03-27,41,HFO,27.17,15.7,376.8,24,224.5419,0.88,Rough,FMS_MARITIME,2026-04-06
2022-03-28,41,LNG,42.8,13.7,328.8,24,405.3504,0.64,Rough,FMS_MARITIME,2026-04-06
2022-03-28,41,LNG,25.81,9.7,232.8,24,345.242,0.45,Rough,FMS_MARITIME,2026-04-06
2022-03-28,41,MGO,60.1,15.0,360.0,24,519.865,0.81,Rough,FMS_MARITIME,2026-04-06
2022-03-01,42,LSMGO,64.23,16.0,384.0,24,520.8652,0.96,Rough,FMS_MARITIME,2026-04-06
2022-03-02,42,MGO,25.9,16.7,400.8,24,201.229,0.84,Rough,FMS_MARITIME,2026-04-06
2022-03-03,42,LSMGO,60.16,14.7,352.8,24,531.0041,1.0,Rough,FMS_MARITIME,2026-04-06
2022-03-04,42,HFO,69.72,17.2,412.8,24,525.9401,0.73,Moderate,FMS_MARITIME,2026-04-06
2022-03-05,42,HFO,65.82,17.9,429.6,24,477.1031,0.51,Calm,FMS_MARITIME,2026-04-06
2022-03-06,42,LNG,74.11,14.3,343.2,24,672.4316,0.96,Moderate,FMS_MARITIME,2026-04-06
2022-03-07,42,MGO,72.09,12.9,309.6,24,725.0913,0.44,Rough,FMS_MARITIME,2026-04-06
2022-03-08,42,LNG,76.49,9.3,223.2,24,1067.1589,0.76,Moderate,FMS_MARITIME,2026-04-06
2022-03-09,42,VLSFO,55.52,9.4,225.6,24,766.3532,0.94,Rough,FMS_MARITIME,2026-04-06
2022-03-10,42,HFO,17.25,10.5,252.0,24,213.1607,0.63,Calm,FMS_MARITIME,2026-04-06
2022-03-11,42,LSMGO,15.81,11.2,268.8,24,183.156,0.78,Calm,FMS_MARITIME,2026-04-06
2022-03-12,42,LSMGO,49.01,13.6,326.4,24,467.577,0.63,Calm,FMS_MARITIME,2026-04-06
2022-03-13,42,HFO,49.5,12.0,288.0,24,535.2187,0.96,Rough,FMS_MARITIME,2026-04-06
2022-03-14,42,MGO,42.58,12.5,300.0,24,441.9804,0.93,Calm,FMS_MARITIME,2026-04-06
2022-03-15,42,HFO,31.57,16.0,384.0,24,256.013,0.77,Moderate,FMS_MARITIME,2026-04-06
2022-03-16,42,LSMGO,20.71,17.0,408.0,24,158.066,0.83,Moderate,FMS_MARITIME,2026-04-06
2022-03-17,42,HFO,54.32,8.5,204.0,24,829.1788,0.42,Rough,FMS_MARITIME,2026-04-06
2022-03-18,42,MGO,64.1,17.7,424.8,24,469.8856,0.75,Calm,FMS_MARITIME,2026-04-06
2022-03-19,42,MGO,74.78,14.3,343.2,24,678.5108,0.88,Calm,FMS_MARITIME,2026-04-06
2022-03-20,42,MGO,82.07,17.5,420.0,24,608.4904,0.98,Rough,FMS_MARITIME,2026-04-06
2022-03-21,42,LNG,15.67,11.0,264.0,24,184.8348,0.72,Moderate,FMS_MARITIME,2026-04-06
2022-03-22,42,LSMGO,45.67,15.1,362.4,24,392.4293,0.81,Rough,FMS_MARITIME,2026-04-06
2022-03-23,42,VLSFO,49.21,13.4,321.6,24,476.4924,0.72,Moderate,FMS_MARITIME,2026-04-06
2022-03-24,42,LSMGO,42.65,10.3,247.2,24,537.2658,0.79,Rough,FMS_MARITIME,2026-04-06
2022-03-25,42,MGO,72.73,9.0,216.0,24,1048.5242,0.42,Rough,FMS_MARITIME,2026-04-06
2022-03-26,42,LSMGO,77.93,16.5,396.0,24,612.8132,0.83,Moderate,FMS_MARITIME,2026-04-06
2022-03-27,42,LSMGO,17.8,14.3,343.2,24,161.507,0.65,Rough,FMS_MARITIME,2026-04-06
2022-03-28,42,MGO,33.18,10.0,240.0,24,430.5105,0.62,Moderate,FMS_MARITIME,2026-04-06
2022-03-28,42,LNG,21.47,14.3,343.2,24,194.8065,0.59,Calm,FMS_MARITIME,2026-04-06
2022-03-28,42,MGO,51.35,17.9,429.6,24,372.2158,0.57,Calm,FMS_MARITIME,2026-04-06
2022-03-01,43,HFO,19.94,17.9,429.6,24,144.5372,0.75,Moderate,FMS_MARITIME,2026-04-06
2022-03-02,43,MGO,60.02,15.9,381.6,24,489.7858,0.57,Rough,FMS_MARITIME,2026-04-06
2022-03-03,43,LNG,43.18,9.8,235.2,24,571.6944,0.92,Moderate,FMS_MARITIME,2026-04-06
2022-03-04,43,LSMGO,80.76,14.9,357.6,24,703.2624,0.87,Rough,FMS_MARITIME,2026-04-06
2022-03-05,43,MGO,39.82,14.0,336.0,24,369.0461,0.91,Calm,FMS_MARITIME,2026-04-06
2022-03-06,43,LNG,30.52,8.8,211.2,24,449.9966,0.47,Calm,FMS_MARITIME,2026-04-06
2022-03-07,43,MGO,78.21,15.9,381.6,24,638.2231,0.63,Calm,FMS_MARITIME,2026-04-06
2022-03-08,43,LSMGO,57.92,11.8,283.2,24,636.8746,0.72,Rough,FMS_MARITIME,2026-04-06
2022-03-09,43,HFO,23.86,13.3,319.2,24,232.7695,0.84,Calm,FMS_MARITIME,2026-04-06
2022-03-10,43,VLSFO,49.79,13.0,312.0,24,496.9425,0.86,Rough,FMS_MARITIME,2026-04-06
2022-03-11,43,MGO,48.33,11.8,283.2,24,531.4252,0.57,Rough,FMS_MARITIME,2026-04-06
2022-03-12,43,MGO,35.02,9.5,228.0,24,478.2995,0.88,Moderate,FMS_MARITIME,2026-04-06
2022-03-13,43,LNG,84.35,12.7,304.8,24,861.7648,0.63,Moderate,FMS_MARITIME,2026-04-06
2022-03-14,43,VLSFO,17.54,11.3,271.2,24,201.3996,0.45,Rough,FMS_MARITIME,2026-04-06
2022-03-15,43,MGO,76.46,10.0,240.0,24,992.0685,0.68,Rough,FMS_MARITIME,2026-04-06
2022-03-16,43,HFO,49.72,13.3,319.2,24,485.0504,0.89,Rough,FMS_MARITIME,2026-04-06
2022-03-17,43,LSMGO,50.23,13.1,314.4,24,497.5071,0.56,Moderate,FMS_MARITIME,2026-04-06
2022-03-18,43,VLSFO,38.52,9.6,230.4,24,520.6219,0.89,Rough,FMS_MARITIME,2026-04-06
2022-03-19,43,LSMGO,73.95,13.5,324.0,24,710.7417,0.49,Calm,FMS_MARITIME,2026-04-06
2022-03-20,43,MGO,35.71,15.2,364.8,24,304.8271,0.92,Rough,FMS_MARITIME,2026-04-06
2022-03-21,43,MGO,19.52,13.5,324.0,24,187.6089,0.92,Moderate,FMS_MARITIME,2026-04-06
2022-03-22,43,LNG,59.52,17.4,417.6,24,443.8345,0.46,Rough,FMS_MARITIME,2026-04-06
2022-03-23,43,LSMGO,31.33,17.8,427.2,24,228.3746,0.51,Moderate,FMS_MARITIME,2026-04-06
2022-03-24,43,VLSFO,39.32,9.0,216.0,24,566.8633,0.98,Calm,FMS_MARITIME,2026-04-06
2022-03-25,43,LNG,64.1,8.0,192.0,24,1039.6219,0.57,Rough,FMS_MARITIME,2026-04-06
2022-03-26,43,LSMGO,15.08,12.1,290.4,24,161.705,0.9,Moderate,FMS_MARITIME,2026-04-06
2022-03-27,43,LSMGO,55.32,17.6,422.4,24,407.8278,0.77,Calm,FMS_MARITIME,2026-04-06
2022-03-28,43,MGO,42.66,9.7,232.8,24,570.6325,0.7,Rough,FMS_MARITIME,2026-04-06
2022-03-28,43,MGO,48.95,14.9,357.6,24,426.2592,0.93,Rough,FMS_MARITIME,2026-04-06
2022-03-28,43,MGO,52.17,9.8,235.2,24,690.7202,0.89,Calm,FMS_MARITIME,2026-04-06
2022-03-01,44,LSMGO,71.99,8.9,213.6,24,1049.5171,0.67,Rough,FMS_MARITIME,2026-04-06
2022-03-02,44,HFO,20.02,15.6,374.4,24,166.5125,1.0,Moderate,FMS_MARITIME,2026-04-06
2022-03-03,44,LSMGO,63.04,11.9,285.6,24,687.3479,0.86,Moderate,FMS_MARITIME,2026-04-06
2022-03-04,44,MGO,66.64,11.1,266.4,24,778.9676,0.87,Moderate,FMS_MARITIME,2026-04-06
2022-03-05,44,MGO,69.53,15.3,367.2,24,589.6417,0.47,Rough,FMS_MARITIME,2026-04-06
2022-03-06,44,HFO,65.89,8.3,199.2,24,1030.0274,0.91,Moderate,FMS_MARITIME,2026-04-06
2022-03-07,44,VLSFO,40.49,14.6,350.4,24,359.8341,0.74,Rough,FMS_MARITIME,2026-04-06
2022-03-08,44,HFO,59.38,16.9,405.6,24,455.8908,0.94,Moderate,FMS_MARITIME,2026-04-06
2022-03-09,44,MGO,42.42,16.6,398.4,24,331.566,0.52,Moderate,FMS_MARITIME,2026-04-06
2022-03-10,44,MGO,50.14,13.8,331.2,24,471.425,0.89,Rough,FMS_MARITIME,2026-04-06
2022-03-11,44,VLSFO,24.13,9.3,223.2,24,336.6524,0.47,Moderate,FMS_MARITIME,2026-04-06
2022-03-12,44,VLSFO,73.62,13.3,319.2,24,718.2102,0.99,Moderate,FMS_MARITIME,2026-04-06
2022-03-13,44,HFO,26.78,17.5,420.0,24,198.5546,0.59,Moderate,FMS_MARITIME,2026-04-06
2022-03-14,44,LNG,47.13,12.5,300.0,24,489.2094,0.52,Calm,FMS_MARITIME,2026-04-06
2022-03-15,44,LSMGO,73.79,14.3,343.2,24,669.5281,0.59,Calm,FMS_MARITIME,2026-04-06
2022-03-16,44,MGO,16.64,12.0,288.0,24,179.92,0.62,Moderate,FMS_MARITIME,2026-04-06
2022-03-17,44,MGO,76.26,16.5,396.0,24,599.6809,0.46,Rough,FMS_MARITIME,2026-04-06
2022-03-18,44,LSMGO,38.33,12.2,292.8,24,407.649,0.64,Calm,FMS_MARITIME,2026-04-06
2022-03-19,44,VLSFO,84.88,16.3,391.2,24,675.6552,0.91,Rough,FMS_MARITIME,2026-04-06
2022-03-20,44,HFO,50.64,14.6,350.4,24,450.037,0.57,Rough,FMS_MARITIME,2026-04-06
2022-03-21,44,LSMGO,22.84,12.0,288.0,24,246.9575,0.91,Moderate,FMS_MARITIME,2026-04-06
2022-03-22,44,MGO,78.85,17.7,424.8,24,578.0106,0.46,Moderate,FMS_MARITIME,2026-04-06
2022-03-23,44,VLSFO,24.88,8.2,196.8,24,393.6805,0.48,Moderate,FMS_MARITIME,2026-04-06
2022-03-24,44,HFO,69.18,16.1,386.4,24,557.522,0.73,Calm,FMS_MARITIME,2026-04-06
2022-03-25,44,HFO,67.12,17.0,408.0,24,512.2835,0.43,Calm,FMS_MARITIME,2026-04-06
2022-03-26,44,LNG,25.62,15.1,362.4,24,220.1454,0.7,Moderate,FMS_MARITIME,2026-04-06
2022-03-27,44,LSMGO,22.58,17.6,422.4,24,166.4634,0.46,Moderate,FMS_MARITIME,2026-04-06
2022-03-28,44,HFO,31.17,11.4,273.6,24,354.7638,0.57,Rough,FMS_MARITIME,2026-04-06
2022-03-28,44,MGO,17.74,10.9,261.6,24,211.1711,0.69,Calm,FMS_MARITIME,2026-04-06
2022-03-28,44,HFO,26.2,17.2,412.8,24,197.6424,0.8,Calm,FMS_MARITIME,2026-04-06
2022-03-01,45,VLSFO,54.61,14.7,352.8,24,482.0168,0.42,Moderate,FMS_MARITIME,2026-04-06
2022-03-02,45,MGO,24.61,13.5,324.0,24,236.5294,0.92,Calm,FMS_MARITIME,2026-04-06
2022-03-03,45,LNG,68.79,8.3,199.2,24,1075.3617,0.64,Calm,FMS_MARITIME,2026-04-06
2022-03-04,45,HFO,76.82,15.4,369.6,24,647.2334,0.6,Moderate,FMS_MARITIME,2026-04-06
2022-03-05,45,MGO,81.91,17.4,417.6,24,610.7944,0.51,Rough,FMS_MARITIME,2026-04-06
2022-03-06,45,LNG,47.78,17.2,412.8,24,360.4334,0.85,Rough,FMS_MARITIME,2026-04-06
2022-03-07,45,MGO,68.21,13.2,316.8,24,670.4733,0.85,Calm,FMS_MARITIME,2026-04-06
2022-03-08,45,HFO,54.98,11.5,276.0,24,620.3178,0.8,Rough,FMS_MARITIME,2026-04-06
2022-03-09,45,HFO,15.4,9.7,232.8,24,205.9948,0.61,Calm,FMS_MARITIME,2026-04-06
2022-03-10,45,HFO,17.15,16.8,403.2,24,132.4531,0.53,Rough,FMS_MARITIME,2026-04-06
2022-03-11,45,VLSFO,60.6,16.7,400.8,24,470.8293,0.56,Rough,FMS_MARITIME,2026-04-06
2022-03-12,45,HFO,66.53,9.2,220.8,24,938.2899,0.94,Calm,FMS_MARITIME,2026-04-06
2022-03-13,45,VLSFO,64.94,15.9,381.6,24,529.9349,0.52,Moderate,FMS_MARITIME,2026-04-06
2022-03-14,45,LSMGO,84.48,13.2,316.8,24,830.4,0.52,Calm,FMS_MARITIME,2026-04-06
2022-03-15,45,MGO,79.03,9.2,220.8,24,1114.5807,0.85,Moderate,FMS_MARITIME,2026-04-06
2022-03-16,45,VLSFO,46.0,16.6,398.4,24,359.5482,0.59,Calm,FMS_MARITIME,2026-04-06
2022-03-17,45,MGO,75.56,13.3,319.2,24,737.1361,0.49,Calm,FMS_MARITIME,2026-04-06
2022-03-18,45,LNG,36.49,16.8,403.2,24,281.8201,0.66,Calm,FMS_MARITIME,2026-04-06
2022-03-19,45,LNG,38.02,16.9,405.6,24,291.8991,0.66,Calm,FMS_MARITIME,2026-04-06
2022-03-20,45,VLSFO,46.39,17.4,417.6,24,345.9254,0.88,Calm,FMS_MARITIME,2026-04-06
2022-03-21,45,MGO,39.47,10.0,240.0,24,512.1232,0.69,Moderate,FMS_MARITIME,2026-04-06
2022-03-22,45,HFO,49.74,9.8,235.2,24,658.5474,0.67,Rough,FMS_MARITIME,2026-04-06
2022-03-23,45,HFO,73.04,16.4,393.6,24,577.8622,0.94,Rough,FMS_MARITIME,2026-04-06
2022-03-24,45,HFO,18.13,13.7,328.8,24,171.7057,0.92,Rough,FMS_MARITIME,2026-04-06
2022-03-25,45,VLSFO,54.76,8.1,194.4,24,877.1741,0.43,Moderate,FMS_MARITIME,2026-04-06
2022-03-26,45,HFO,20.61,12.3,295.2,24,217.4104,0.81,Rough,FMS_MARITIME,2026-04-06
2022-03-27,45,LNG,58.32,11.8,283.2,24,641.2729,0.73,Rough,FMS_MARITIME,2026-04-06
2022-03-28,45,HFO,46.89,8.2,196.8,24,741.9485,0.56,Rough,FMS_MARITIME,2026-04-06
2022-03-28,45,LSMGO,70.16,12.8,307.2,24,711.1922,0.52,Rough,FMS_MARITIME,2026-04-06
2022-03-28,45,VLSFO,50.19,13.3,319.2,24,489.6355,0.78,Moderate,FMS_MARITIME,2026-04-06
2022-03-01,46,HFO,60.31,11.4,273.6,24,686.423,0.88,Moderate,FMS_MARITIME,2026-04-06
2022-03-02,46,MGO,38.34,12.1,290.4,24,411.1252,0.89,Moderate,FMS_MARITIME,2026-04-06
2022-03-03,46,LSMGO,24.91,12.1,290.4,24,267.1134,0.79,Calm,FMS_MARITIME,2026-04-06
2022-03-04,46,VLSFO,68.51,12.5,300.0,24,711.1338,0.62,Moderate,FMS_MARITIME,2026-04-06
2022-03-05,46,MGO,84.62,14.6,350.4,24,752.0168,0.93,Rough,FMS_MARITIME,2026-04-06
2022-03-06,46,HFO,18.27,15.8,379.2,24,150.0337,0.64,Moderate,FMS_MARITIME,2026-04-06
2022-03-07,46,HFO,29.01,16.1,386.4,24,233.7918,0.89,Moderate,FMS_MARITIME,2026-04-06
2022-03-08,46,HFO,30.08,17.1,410.4,24,228.2386,0.48,Calm,FMS_MARITIME,2026-04-06
2022-03-09,46,MGO,41.1,11.7,280.8,24,455.7885,0.56,Calm,FMS_MARITIME,2026-04-06
2022-03-10,46,MGO,16.64,13.4,321.6,24,161.1224,0.92,Moderate,FMS_MARITIME,2026-04-06
2022-03-11,46,LNG,18.16,12.1,290.4,24,194.7322,0.95,Rough,FMS_MARITIME,2026-04-06
2022-03-12,46,LSMGO,81.86,16.2,388.8,24,655.638,0.61,Calm,FMS_MARITIME,2026-04-06
2022-03-13,46,HFO,50.39,12.9,309.6,24,506.8297,0.96,Calm,FMS_MARITIME,2026-04-06
2022-03-14,46,VLSFO,45.54,10.6,254.4,24,557.4354,0.7,Calm,FMS_MARITIME,2026-04-06
2022-03-15,46,VLSFO,79.62,11.8,283.2,24,875.4826,0.73,Calm,FMS_MARITIME,2026-04-06
2022-03-16,46,LSMGO,76.53,17.8,427.2,24,557.8521,0.6,Rough,FMS_MARITIME,2026-04-06
2022-03-17,46,LNG,32.79,16.3,391.2,24,261.0124,0.95,Calm,FMS_MARITIME,2026-04-06
2022-03-18,46,VLSFO,45.63,11.0,264.0,24,538.2266,0.44,Rough,FMS_MARITIME,2026-04-06
2022-03-19,46,LSMGO,23.62,10.4,249.6,24,294.6822,0.97,Moderate,FMS_MARITIME,2026-04-06
2022-03-20,46,VLSFO,84.4,11.7,280.8,24,935.9744,0.56,Rough,FMS_MARITIME,2026-04-06
2022-03-21,46,LNG,64.63,17.0,408.0,24,493.279,0.42,Rough,FMS_MARITIME,2026-04-06
2022-03-22,46,LNG,48.91,14.9,357.6,24,425.9109,0.94,Rough,FMS_MARITIME,2026-04-06
2022-03-23,46,HFO,82.9,9.4,225.6,24,1144.2846,0.78,Rough,FMS_MARITIME,2026-04-06
2022-03-24,46,VLSFO,41.09,17.7,424.8,24,301.2106,0.65,Moderate,FMS_MARITIME,2026-04-06
2022-03-25,46,VLSFO,77.43,14.2,340.8,24,707.503,0.51,Rough,FMS_MARITIME,2026-04-06
2022-03-26,46,VLSFO,36.74,12.8,307.2,24,372.423,0.67,Calm,FMS_MARITIME,2026-04-06
2022-03-27,46,VLSFO,73.12,10.7,256.8,24,886.6654,0.64,Rough,FMS_MARITIME,2026-04-06
2022-03-28,46,VLSFO,24.44,8.4,201.6,24,377.5107,0.84,Moderate,FMS_MARITIME,2026-04-06
2022-03-28,46,LNG,26.01,13.6,326.4,24,248.1469,0.85,Moderate,FMS_MARITIME,2026-04-06
2022-03-28,46,LNG,38.29,14.5,348.0,24,342.6295,0.73,Calm,FMS_MARITIME,2026-04-06
2022-03-01,47,MGO,44.26,17.4,417.6,24,330.0422,0.51,Rough,FMS_MARITIME,2026-04-06
2022-03-02,47,VLSFO,84.44,10.9,261.6,24,1005.1459,0.89,Calm,FMS_MARITIME,2026-04-06
2022-03-03,47,LNG,32.75,12.6,302.4,24,337.247,0.79,Moderate,FMS_MARITIME,2026-04-06
2022-03-04,47,VLSFO,67.42,13.3,319.2,24,657.7252,0.87,Calm,FMS_MARITIME,2026-04-06
2022-03-05,47,MGO,16.44,11.3,271.2,24,188.769,0.43,Moderate,FMS_MARITIME,2026-04-06
2022-03-06,47,MGO,77.54,12.4,297.6,24,811.356,0.92,Rough,FMS_MARITIME,2026-04-06
2022-03-07,47,LSMGO,42.85,15.8,379.2,24,351.8853,0.69,Calm,FMS_MARITIME,2026-04-06
2022-03-08,47,MGO,66.02,17.6,422.4,24,486.7099,0.67,Calm,FMS_MARITIME,2026-04-06
2022-03-09,47,LNG,45.01,11.6,278.4,24,503.4524,0.52,Moderate,FMS_MARITIME,2026-04-06
2022-03-10,47,LNG,69.03,16.0,384.0,24,559.7902,0.79,Rough,FMS_MARITIME,2026-04-06
2022-03-11,47,VLSFO,36.99,16.2,388.8,24,296.2625,0.99,Calm,FMS_MARITIME,2026-04-06
2022-03-12,47,MGO,38.6,13.3,319.2,24,376.5677,0.44,Calm,FMS_MARITIME,2026-04-06
2022-03-13,47,LNG,60.64,11.3,271.2,24,696.2867,0.91,Moderate,FMS_MARITIME,2026-04-06
2022-03-14,47,HFO,68.23,16.9,405.6,24,523.8368,0.46,Calm,FMS_MARITIME,2026-04-06
2022-03-15,47,LSMGO,15.53,10.4,249.6,24,193.7517,0.65,Moderate,FMS_MARITIME,2026-04-06
2022-03-16,47,VLSFO,84.34,9.3,223.2,24,1176.679,0.61,Moderate,FMS_MARITIME,2026-04-06
2022-03-17,47,HFO,80.01,10.0,240.0,24,1038.1298,0.73,Calm,FMS_MARITIME,2026-04-06
2022-03-18,47,LNG,53.43,14.0,336.0,24,495.1816,0.96,Rough,FMS_MARITIME,2026-04-06
2022-03-19,47,VLSFO,28.52,14.6,350.4,24,253.4568,0.81,Moderate,FMS_MARITIME,2026-04-06
2022-03-20,47,LNG,43.69,10.1,242.4,24,561.2651,0.78,Calm,FMS_MARITIME,2026-04-06
2022-03-21,47,VLSFO,27.44,10.7,256.8,24,332.7421,0.53,Calm,FMS_MARITIME,2026-04-06
2022-03-22,47,LSMGO,82.35,9.5,228.0,24,1124.7276,0.53,Rough,FMS_MARITIME,2026-04-06
2022-03-23,47,VLSFO,20.9,11.4,273.6,24,237.875,0.88,Moderate,FMS_MARITIME,2026-04-06
2022-03-24,47,VLSFO,63.23,8.1,194.4,24,1012.8509,0.83,Rough,FMS_MARITIME,2026-04-06
2022-03-25,47,VLSFO,70.96,11.2,268.8,24,822.0589,0.67,Rough,FMS_MARITIME,2026-04-06
2022-03-26,47,LSMGO,81.55,15.6,374.4,24,678.2764,0.81,Moderate,FMS_MARITIME,2026-04-06
2022-03-27,47,HFO,42.59,8.7,208.8,24,635.1784,0.55,Moderate,FMS_MARITIME,2026-04-06
2022-03-28,47,MGO,15.65,11.3,271.2,24,179.698,0.77,Moderate,FMS_MARITIME,2026-04-06
2022-03-28,47,HFO,79.82,8.6,206.4,24,1204.261,0.92,Rough,FMS_MARITIME,2026-04-06
2022-03-28,47,MGO,33.55,13.2,316.8,24,329.7812,0.45,Rough,FMS_MARITIME,2026-04-06
2022-03-01,48,MGO,67.59,18.0,432.0,24,487.2113,0.52,Moderate,FMS_MARITIME,2026-04-06
2022-03-02,48,LNG,80.99,11.2,268.8,24,938.2547,0.64,Moderate,FMS_MARITIME,2026-04-06
2022-03-03,48,LSMGO,60.51,14.1,338.4,24,556.8207,0.54,Calm,FMS_MARITIME,2026-04-06
2022-03-04,48,HFO,55.22,16.9,405.6,24,423.9524,0.56,Moderate,FMS_MARITIME,2026-04-06
2022-03-05,48,VLSFO,56.02,13.3,319.2,24,546.5109,0.99,Calm,FMS_MARITIME,2026-04-06
2022-03-06,48,MGO,78.1,16.2,388.8,24,625.5231,0.82,Moderate,FMS_MARITIME,2026-04-06
2022-03-07,48,HFO,41.87,13.0,312.0,24,417.8948,0.93,Rough,FMS_MARITIME,2026-04-06
2022-03-08,48,VLSFO,39.79,16.2,388.8,24,318.6884,0.84,Rough,FMS_MARITIME,2026-04-06
2022-03-09,48,MGO,21.69,10.5,252.0,24,268.0264,0.97,Moderate,FMS_MARITIME,2026-04-06
2022-03-10,48,LSMGO,57.94,12.4,297.6,24,606.2673,0.69,Moderate,FMS_MARITIME,2026-04-06
2022-03-11,48,LNG,82.29,9.5,228.0,24,1123.9082,0.66,Moderate,FMS_MARITIME,2026-04-06
2022-03-12,48,VLSFO,81.48,17.4,417.6,24,607.5879,0.42,Calm,FMS_MARITIME,2026-04-06
2022-03-13,48,VLSFO,31.44,12.6,302.4,24,323.7571,0.62,Moderate,FMS_MARITIME,2026-04-06
2022-03-14,48,HFO,23.22,9.4,225.6,24,320.5101,0.49,Calm,FMS_MARITIME,2026-04-06
2022-03-15,48,LSMGO,53.0,12.9,309.6,24,533.0814,0.67,Calm,FMS_MARITIME,2026-04-06
2022-03-16,48,LSMGO,45.11,16.3,391.2,24,359.0811,0.66,Calm,FMS_MARITIME,2026-04-06
2022-03-17,48,HFO,66.59,17.3,415.2,24,499.425,0.53,Moderate,FMS_MARITIME,2026-04-06
2022-03-18,48,MGO,82.77,14.1,338.4,24,761.6601,0.6,Rough,FMS_MARITIME,2026-04-06
2022-03-19,48,MGO,57.15,11.8,283.2,24,628.4078,0.62,Rough,FMS_MARITIME,2026-04-06
2022-03-20,48,VLSFO,37.91,14.0,336.0,24,351.3445,0.77,Calm,FMS_MARITIME,2026-04-06
2022-03-21,48,VLSFO,78.12,15.4,369.6,24,658.1864,0.65,Moderate,FMS_MARITIME,2026-04-06
2022-03-22,48,MGO,19.13,9.7,232.8,24,255.8884,0.47,Moderate,FMS_MARITIME,2026-04-06
2022-03-23,48,HFO,42.53,14.6,350.4,24,377.9635,0.91,Moderate,FMS_MARITIME,2026-04-06
2022-03-24,48,LSMGO,82.91,13.9,333.6,24,773.9261,0.79,Rough,FMS_MARITIME,2026-04-06
2022-03-25,48,LNG,40.99,8.1,194.4,24,656.5991,0.97,Calm,FMS_MARITIME,2026-04-06
2022-03-26,48,VLSFO,78.42,17.8,427.2,24,571.6289,0.67,Rough,FMS_MARITIME,2026-04-06
2022-03-27,48,HFO,65.36,15.7,376.8,24,540.1567,0.54,Moderate,FMS_MARITIME,2026-04-06
2022-03-28,48,LNG,79.87,9.5,228.0,24,1090.8561,0.97,Rough,FMS_MARITIME,2026-04-06
2022-03-28,48,LNG,78.33,9.8,235.2,24,1037.0732,0.53,Calm,FMS_MARITIME,2026-04-06
2022-03-28,48,LSMGO,53.49,8.3,199.2,24,836.184,0.84,Rough,FMS_MARITIME,2026-04-06
2022-03-01,49,VLSFO,36.55,15.8,379.2,24,300.1495,0.91,Moderate,FMS_MARITIME,2026-04-06
2022-03-02,49,MGO,70.56,13.2,316.8,24,693.5727,0.69,Rough,FMS_MARITIME,2026-04-06
2022-03-03,49,LSMGO,42.54,13.8,331.2,24,399.9685,0.58,Rough,FMS_MARITIME,2026-04-06
2022-03-04,49,HFO,32.05,16.5,396.0,24,252.0295,0.77,Rough,FMS_MARITIME,2026-04-06
2022-03-05,49,HFO,30.86,10.3,247.2,24,388.7461,0.85,Rough,FMS_MARITIME,2026-04-06
2022-03-06,49,HFO,36.96,9.9,237.6,24,484.4,0.79,Moderate,FMS_MARITIME,2026-04-06
2022-03-07,49,LSMGO,27.46,16.9,405.6,24,210.8246,0.84,Rough,FMS_MARITIME,2026-04-06
2022-03-08,49,LSMGO,57.75,11.2,268.8,24,669.0234,0.4,Moderate,FMS_MARITIME,2026-04-06
2022-03-09,49,LSMGO,15.6,17.7,424.8,24,114.3559,0.74,Calm,FMS_MARITIME,2026-04-06
2022-03-10,49,LSMGO,65.32,13.9,333.6,24,609.7317,0.92,Moderate,FMS_MARITIME,2026-04-06
2022-03-11,49,HFO,82.2,12.6,302.4,24,846.4643,0.49,Rough,FMS_MARITIME,2026-04-06
2022-03-12,49,LSMGO,72.76,15.6,374.4,24,605.1673,0.49,Rough,FMS_MARITIME,2026-04-06
2022-03-13,49,HFO,56.21,14.5,348.0,24,502.9826,0.87,Moderate,FMS_MARITIME,2026-04-06
2022-03-14,49,MGO,84.59,9.8,235.2,24,1119.9543,0.72,Calm,FMS_MARITIME,2026-04-06
2022-03-15,49,LSMGO,73.2,13.4,321.6,24,708.7836,0.77,Moderate,FMS_MARITIME,2026-04-06
2022-03-16,49,VLSFO,64.84,13.2,316.8,24,637.3477,0.77,Moderate,FMS_MARITIME,2026-04-06
2022-03-17,49,LNG,56.47,10.2,244.8,24,718.3316,0.62,Calm,FMS_MARITIME,2026-04-06
2022-03-18,49,HFO,20.87,8.3,199.2,24,326.2509,0.86,Moderate,FMS_MARITIME,2026-04-06
2022-03-19,49,LSMGO,76.03,12.5,300.0,24,789.1914,0.81,Rough,FMS_MARITIME,2026-04-06
2022-03-20,49,LSMGO,21.94,10.5,252.0,24,271.1157,0.95,Calm,FMS_MARITIME,2026-04-06
2022-03-21,49,MGO,22.05,10.1,242.4,24,283.2661,0.84,Calm,FMS_MARITIME,2026-04-06
2022-03-22,49,MGO,83.22,10.2,244.8,24,1058.6074,0.63,Calm,FMS_MARITIME,2026-04-06
2022-03-23,49,MGO,22.83,16.3,391.2,24,181.7296,0.84,Moderate,FMS_MARITIME,2026-04-06
2022-03-24,49,LNG,25.37,10.4,249.6,24,316.5151,0.76,Calm,FMS_MARITIME,2026-04-06
2022-03-25,49,LNG,72.96,11.0,264.0,24,860.5964,0.83,Moderate,FMS_MARITIME,2026-04-06
2022-03-26,49,MGO,44.22,8.2,196.8,24,699.7006,0.47,Moderate,FMS_MARITIME,2026-04-06
2022-03-27,49,MGO,80.12,11.7,280.8,24,888.5103,0.44,Moderate,FMS_MARITIME,2026-04-06
2022-03-28,49,VLSFO,19.44,15.0,360.0,24,168.156,0.92,Calm,FMS_MARITIME,2026-04-06
2022-03-28,49,LNG,70.58,8.6,206.4,24,1064.8552,0.99,Moderate,FMS_MARITIME,2026-04-06
2022-03-28,49,VLSFO,70.06,14.4,345.6,24,631.2698,0.77,Calm,FMS_MARITIME,2026-04-06
2022-03-01,50,MGO,43.7,9.5,228.0,24,596.85,0.5,Rough,FMS_MARITIME,2026-04-06
2022-03-02,50,LSMGO,68.22,17.7,424.8,24,500.0873,0.73,Rough,FMS_MARITIME,2026-04-06
2022-03-03,50,VLSFO,24.57,9.6,230.4,24,332.0789,0.71,Rough,FMS_MARITIME,2026-04-06
2022-03-04,50,LSMGO,34.64,11.1,266.4,24,404.9135,0.81,Rough,FMS_MARITIME,2026-04-06
2022-03-05,50,MGO,51.31,18.0,432.0,24,369.8596,0.64,Moderate,FMS_MARITIME,2026-04-06
2022-03-06,50,LNG,84.65,13.7,328.8,24,801.7035,0.49,Moderate,FMS_MARITIME,2026-04-06
2022-03-07,50,VLSFO,55.56,9.9,237.6,24,728.1727,0.83,Calm,FMS_MARITIME,2026-04-06
2022-03-08,50,MGO,73.66,14.6,350.4,24,654.6154,0.95,Rough,FMS_MARITIME,2026-04-06
2022-03-09,50,MGO,78.79,10.1,242.4,24,1012.1785,0.74,Calm,FMS_MARITIME,2026-04-06
2022-03-10,50,HFO,57.07,16.1,386.4,24,459.9275,0.91,Moderate,FMS_MARITIME,2026-04-06
2022-03-11,50,LSMGO,29.03,8.3,199.2,24,453.8123,0.93,Rough,FMS_MARITIME,2026-04-06
2022-03-12,50,LNG,77.13,13.3,319.2,24,752.4524,0.41,Calm,FMS_MARITIME,2026-04-06
2022-03-13,50,VLSFO,32.32,11.9,285.6,24,352.3966,0.6,Moderate,FMS_MARITIME,2026-04-06
2022-03-14,50,HFO,23.27,11.4,273.6,24,264.8493,0.79,Calm,FMS_MARITIME,2026-04-06
2022-03-15,50,MGO,37.91,16.3,391.2,24,301.7683,0.86,Calm,FMS_MARITIME,2026-04-06
2022-03-16,50,LNG,60.28,14.0,336.0,24,558.6664,0.84,Moderate,FMS_MARITIME,2026-04-06
2022-03-17,50,VLSFO,52.75,13.2,316.8,24,518.5085,0.57,Calm,FMS_MARITIME,2026-04-06
2022-03-18,50,LSMGO,80.56,12.5,300.0,24,836.2128,0.87,Calm,FMS_MARITIME,2026-04-06
2022-03-19,50,LNG,70.91,9.2,220.8,24,1000.0622,0.51,Calm,FMS_MARITIME,2026-04-06
2022-03-20,50,LSMGO,52.9,12.8,307.2,24,536.2324,0.59,Moderate,FMS_MARITIME,2026-04-06
2022-03-21,50,VLSFO,17.6,8.6,206.4,24,265.5349,0.46,Calm,FMS_MARITIME,2026-04-06
2022-03-22,50,LSMGO,65.01,14.9,357.6,24,566.1106,0.45,Moderate,FMS_MARITIME,2026-04-06
2022-03-23,50,MGO,41.12,15.9,381.6,24,335.5547,0.55,Rough,FMS_MARITIME,2026-04-06
2022-03-24,50,MGO,59.38,10.0,240.0,24,770.4555,0.42,Moderate,FMS_MARITIME,2026-04-06
2022-03-25,50,VLSFO,67.72,15.5,372.0,24,566.8819,0.64,Rough,FMS_MARITIME,2026-04-06
2022-03-26,50,LNG,70.82,16.9,405.6,24,543.7216,0.51,Calm,FMS_MARITIME,2026-04-06
2022-03-27,50,VLSFO,36.97,16.4,393.6,24,292.4913,0.72,Moderate,FMS_MARITIME,2026-04-06
2022-03-28,50,MGO,28.44,8.3,199.2,24,444.5892,0.4,Calm,FMS_MARITIME,2026-04-06
2022-03-28,50,HFO,24.27,14.9,357.6,24,211.3445,0.67,Rough,FMS_MARITIME,2026-04-06
2022-03-28,50,MGO,69.06,11.2,268.8,24,800.0478,0.8,Moderate,FMS_MARITIME,2026-04-06
2022-03-01,51,MGO,58.82,12.9,309.6,24,591.6198,0.88,Rough,FMS_MARITIME,2026-04-06
2022-03-02,51,HFO,47.75,13.3,319.2,24,465.8318,0.5,Calm,FMS_MARITIME,2026-04-06
2022-03-03,51,MGO,41.77,13.8,331.2,24,392.7288,0.48,Calm,FMS_MARITIME,2026-04-06
2022-03-04,51,MGO,28.09,16.9,405.6,24,215.6614,0.47,Moderate,FMS_MARITIME,2026-04-06
2022-03-05,51,MGO,84.33,12.0,288.0,24,911.8181,0.91,Moderate,FMS_MARITIME,2026-04-06
2022-03-06,51,LSMGO,18.0,13.3,319.2,24,175.6015,1.0,Moderate,FMS_MARITIME,2026-04-06
2022-03-07,51,HFO,79.78,11.5,276.0,24,900.1265,0.71,Moderate,FMS_MARITIME,2026-04-06
2022-03-08,51,VLSFO,54.23,12.2,292.8,24,576.7494,0.56,Moderate,FMS_MARITIME,2026-04-06
2022-03-09,51,LNG,21.74,17.1,410.4,24,164.957,0.57,Rough,FMS_MARITIME,2026-04-06
2022-03-10,51,HFO,19.62,13.6,326.4,24,187.1835,0.56,Rough,FMS_MARITIME,2026-04-06
2022-03-11,51,VLSFO,60.48,9.3,223.2,24,843.7935,0.7,Calm,FMS_MARITIME,2026-04-06
2022-03-12,51,LSMGO,59.21,13.8,331.2,24,556.7027,0.67,Rough,FMS_MARITIME,2026-04-06
2022-03-13,51,VLSFO,41.01,14.0,336.0,24,380.0748,0.88,Calm,FMS_MARITIME,2026-04-06
2022-03-14,51,LSMGO,27.12,9.0,216.0,24,390.98,0.99,Moderate,FMS_MARITIME,2026-04-06
2022-03-15,51,MGO,74.82,9.3,223.2,24,1043.8597,0.6,Rough,FMS_MARITIME,2026-04-06
2022-03-16,51,VLSFO,15.91,13.0,312.0,24,158.794,0.72,Moderate,FMS_MARITIME,2026-04-06
2022-03-17,51,LSMGO,36.41,11.1,266.4,24,425.6034,0.91,Moderate,FMS_MARITIME,2026-04-06
2022-03-18,51,VLSFO,37.09,11.1,266.4,24,433.552,0.42,Calm,FMS_MARITIME,2026-04-06
2022-03-19,51,LNG,23.75,12.3,295.2,24,250.5335,0.75,Moderate,FMS_MARITIME,2026-04-06
2022-03-20,51,LSMGO,30.64,9.7,232.8,24,409.8495,0.94,Calm,FMS_MARITIME,2026-04-06
2022-03-21,51,VLSFO,74.23,12.2,292.8,24,789.4543,0.92,Moderate,FMS_MARITIME,2026-04-06
2022-03-22,51,HFO,38.36,15.8,379.2,24,315.0133,0.82,Calm,FMS_MARITIME,2026-04-06
2022-03-23,51,LNG,19.77,15.3,367.2,24,167.6574,0.67,Calm,FMS_MARITIME,2026-04-06
2022-03-24,51,LSMGO,61.75,16.9,405.6,24,474.0865,0.92,Moderate,FMS_MARITIME,2026-04-06
2022-03-25,51,HFO,31.04,17.2,412.8,24,234.1535,0.69,Moderate,FMS_MARITIME,2026-04-06
2022-03-26,51,MGO,53.2,8.3,199.2,24,831.6506,0.71,Moderate,FMS_MARITIME,2026-04-06
2022-03-27,51,HFO,40.46,11.2,268.8,24,468.7219,0.49,Calm,FMS_MARITIME,2026-04-06
2022-03-28,51,LNG,29.74,15.1,362.4,24,255.5474,0.53,Calm,FMS_MARITIME,2026-04-06
2022-03-28,51,HFO,23.75,11.1,266.4,24,277.6182,0.58,Rough,FMS_MARITIME,2026-04-06
2022-03-28,51,MGO,63.95,11.0,264.0,24,754.3193,0.78,Moderate,FMS_MARITIME,2026-04-06
2022-03-01,52,VLSFO,54.35,14.4,345.6,24,489.7161,0.66,Rough,FMS_MARITIME,2026-04-06
2022-03-02,52,LNG,78.46,15.3,367.2,24,665.3716,0.63,Calm,FMS_MARITIME,2026-04-06
2022-03-03,52,MGO,68.65,11.0,264.0,24,809.758,0.58,Moderate,FMS_MARITIME,2026-04-06
2022-03-04,52,HFO,34.3,8.2,196.8,24,542.7348,0.64,Rough,FMS_MARITIME,2026-04-06
2022-03-05,52,LSMGO,84.7,10.4,249.6,24,1056.7139,0.77,Moderate,FMS_MARITIME,2026-04-06
2022-03-06,52,LNG,81.3,17.2,412.8,24,613.2951,0.91,Rough,FMS_MARITIME,2026-04-06
2022-03-07,52,MGO,59.85,12.8,307.2,24,606.6826,0.92,Rough,FMS_MARITIME,2026-04-06
2022-03-08,52,VLSFO,80.9,13.1,314.4,24,801.2805,0.56,Rough,FMS_MARITIME,2026-04-06
2022-03-09,52,LSMGO,69.79,14.0,336.0,24,646.8038,0.44,Rough,FMS_MARITIME,2026-04-06
2022-03-10,52,VLSFO,31.72,9.7,232.8,24,424.2959,0.9,Moderate,FMS_MARITIME,2026-04-06
2022-03-11,52,MGO,47.42,13.3,319.2,24,462.6124,0.78,Moderate,FMS_MARITIME,2026-04-06
2022-03-12,52,LNG,40.86,14.7,352.8,24,360.652,0.99,Moderate,FMS_MARITIME,2026-04-06
2022-03-13,52,LSMGO,48.73,15.0,360.0,24,421.5145,0.61,Rough,FMS_MARITIME,2026-04-06
2022-03-14,52,LSMGO,58.06,17.5,420.0,24,430.4734,0.42,Rough,FMS_MARITIME,2026-04-06
2022-03-15,52,HFO,78.58,15.2,364.8,24,670.7734,0.97,Calm,FMS_MARITIME,2026-04-06
2022-03-16,52,LSMGO,35.62,10.4,249.6,24,444.3937,0.62,Moderate,FMS_MARITIME,2026-04-06
2022-03-17,52,MGO,75.6,9.5,228.0,24,1032.5368,0.59,Calm,FMS_MARITIME,2026-04-06
2022-03-18,52,HFO,61.23,13.3,319.2,24,597.3378,0.82,Moderate,FMS_MARITIME,2026-04-06
2022-03-19,52,HFO,17.6,15.9,381.6,24,143.6226,0.79,Moderate,FMS_MARITIME,2026-04-06
2022-03-20,52,VLSFO,70.35,17.9,429.6,24,509.9392,0.62,Rough,FMS_MARITIME,2026-04-06
2022-03-21,52,LNG,68.2,14.6,350.4,24,606.0925,0.76,Rough,FMS_MARITIME,2026-04-06
2022-03-22,52,HFO,33.21,15.4,369.6,24,279.805,0.4,Calm,FMS_MARITIME,2026-04-06
2022-03-23,52,LSMGO,33.08,9.8,235.2,24,437.9724,0.64,Rough,FMS_MARITIME,2026-04-06
2022-03-24,52,VLSFO,25.72,15.2,364.8,24,219.5507,0.94,Calm,FMS_MARITIME,2026-04-06
2022-03-25,52,MGO,62.76,15.8,379.2,24,515.3867,0.76,Calm,FMS_MARITIME,2026-04-06
2022-03-26,52,LSMGO,81.89,10.0,240.0,24,1062.5228,0.94,Moderate,FMS_MARITIME,2026-04-06
2022-03-27,52,VLSFO,16.54,10.7,256.8,24,200.5668,0.7,Rough,FMS_MARITIME,2026-04-06
2022-03-28,52,MGO,39.67,12.9,309.6,24,399.0064,0.99,Moderate,FMS_MARITIME,2026-04-06
2022-03-28,52,VLSFO,58.29,15.8,379.2,24,478.679,0.63,Moderate,FMS_MARITIME,2026-04-06
2022-03-28,52,MGO,39.23,15.4,369.6,24,330.5255,0.6,Rough,FMS_MARITIME,2026-04-06
2022-03-01,53,LSMGO,43.27,13.0,312.0,24,431.8679,0.98,Calm,FMS_MARITIME,2026-04-06
2022-03-02,53,VLSFO,78.22,14.7,352.8,24,690.4112,0.83,Calm,FMS_MARITIME,2026-04-06
2022-03-03,53,VLSFO,51.45,11.8,283.2,24,565.732,0.92,Rough,FMS_MARITIME,2026-04-06
2022-03-04,53,LSMGO,31.19,9.8,235.2,24,412.9492,0.87,Moderate,FMS_MARITIME,2026-04-06
2022-03-05,53,VLSFO,16.09,16.3,391.2,24,128.0784,0.58,Rough,FMS_MARITIME,2026-04-06
2022-03-06,53,LNG,41.26,12.9,309.6,24,414.9988,0.74,Rough,FMS_MARITIME,2026-04-06
2022-03-07,53,LSMGO,61.32,13.2,316.8,24,602.7477,0.44,Calm,FMS_MARITIME,2026-04-06
2022-03-08,53,HFO,15.13,12.8,307.2,24,153.3686,0.83,Rough,FMS_MARITIME,2026-04-06
2022-03-09,53,VLSFO,29.37,15.5,372.0,24,245.8553,0.91,Moderate,FMS_MARITIME,2026-04-06
2022-03-10,53,MGO,64.14,11.7,280.8,24,711.2962,0.92,Moderate,FMS_MARITIME,2026-04-06
2022-03-11,53,VLSFO,26.89,8.3,199.2,24,420.3587,0.81,Rough,FMS_MARITIME,2026-04-06
2022-03-12,53,MGO,27.98,17.9,429.6,24,202.8159,0.59,Moderate,FMS_MARITIME,2026-04-06
2022-03-13,53,VLSFO,40.11,11.7,280.8,24,444.8096,0.69,Moderate,FMS_MARITIME,2026-04-06
2022-03-14,53,VLSFO,71.0,16.6,398.4,24,554.9548,0.69,Calm,FMS_MARITIME,2026-04-06
2022-03-15,53,HFO,64.73,17.5,420.0,24,479.9267,0.44,Rough,FMS_MARITIME,2026-04-06
2022-03-16,53,VLSFO,25.78,12.7,304.8,24,263.3823,0.93,Calm,FMS_MARITIME,2026-04-06
2022-03-17,53,MGO,62.91,12.5,300.0,24,653.0058,0.88,Moderate,FMS_MARITIME,2026-04-06
2022-03-18,53,VLSFO,49.26,9.8,235.2,24,652.1923,0.5,Moderate,FMS_MARITIME,2026-04-06
2022-03-19,53,MGO,53.82,17.3,415.2,24,403.65,0.97,Calm,FMS_MARITIME,2026-04-06
2022-03-20,53,HFO,20.81,9.1,218.4,24,296.714,0.52,Rough,FMS_MARITIME,2026-04-06
2022-03-21,53,LNG,61.77,11.3,271.2,24,709.2617,0.62,Moderate,FMS_MARITIME,2026-04-06
2022-03-22,53,VLSFO,50.16,13.3,319.2,24,489.3429,0.53,Rough,FMS_MARITIME,2026-04-06
2022-03-23,53,LNG,78.41,18.0,432.0,24,565.2054,0.78,Calm,FMS_MARITIME,2026-04-06
2022-03-24,53,VLSFO,21.14,16.7,400.8,24,164.2464,0.6,Moderate,FMS_MARITIME,2026-04-06
2022-03-25,53,VLSFO,25.13,16.9,405.6,24,192.9359,0.95,Calm,FMS_MARITIME,2026-04-06
2022-03-26,53,LNG,81.41,16.8,403.2,24,628.7469,0.67,Moderate,FMS_MARITIME,2026-04-06
2022-03-27,53,LNG,38.74,9.3,223.2,24,540.4855,0.9,Moderate,FMS_MARITIME,2026-04-06
2022-03-28,53,LSMGO,24.46,12.2,292.8,24,260.1381,0.45,Rough,FMS_MARITIME,2026-04-06
2022-03-28,53,HFO,36.87,9.8,235.2,24,488.1513,0.5,Rough,FMS_MARITIME,2026-04-06
2022-03-28,53,LNG,50.98,10.1,242.4,24,654.9163,0.48,Calm,FMS_MARITIME,2026-04-06
2022-03-01,54,HFO,63.91,13.2,316.8,24,628.2062,0.61,Calm,FMS_MARITIME,2026-04-06
2022-03-02,54,VLSFO,56.81,14.2,340.8,24,519.0914,0.93,Calm,FMS_MARITIME,2026-04-06
2022-03-03,54,MGO,77.05,8.3,199.2,24,1204.4864,0.93,Calm,FMS_MARITIME,2026-04-06
2022-03-04,54,MGO,37.21,17.0,408.0,24,283.9999,0.88,Calm,FMS_MARITIME,2026-04-06
2022-03-05,54,HFO,69.69,11.7,280.8,24,772.8442,0.75,Moderate,FMS_MARITIME,2026-04-06
2022-03-06,54,LNG,25.7,11.6,278.4,24,287.4634,0.87,Rough,FMS_MARITIME,2026-04-06
2022-03-07,54,LNG,32.61,17.3,415.2,24,244.575,0.58,Rough,FMS_MARITIME,2026-04-06
2022-03-08,54,HFO,35.58,9.1,218.4,24,507.3082,0.77,Calm,FMS_MARITIME,2026-04-06
2022-03-09,54,VLSFO,41.71,9.9,237.6,24,546.6538,0.75,Rough,FMS_MARITIME,2026-04-06
2022-03-10,54,VLSFO,59.33,16.1,386.4,24,478.1408,0.58,Moderate,FMS_MARITIME,2026-04-06
2022-03-11,54,LSMGO,22.35,11.2,268.8,24,258.9208,0.76,Moderate,FMS_MARITIME,2026-04-06
2022-03-12,54,LSMGO,78.53,8.2,196.8,24,1242.5936,0.86,Calm,FMS_MARITIME,2026-04-06
2022-03-13,54,LSMGO,51.85,17.5,420.0,24,384.4307,0.84,Calm,FMS_MARITIME,2026-04-06
2022-03-14,54,VLSFO,69.96,16.7,400.8,24,543.5515,0.7,Rough,FMS_MARITIME,2026-04-06
2022-03-15,54,LNG,56.34,12.5,300.0,24,584.8092,0.42,Calm,FMS_MARITIME,2026-04-06
2022-03-16,54,HFO,27.15,14.8,355.2,24,238.0211,0.68,Moderate,FMS_MARITIME,2026-04-06
2022-03-17,54,MGO,51.16,13.2,316.8,24,502.8795,0.44,Rough,FMS_MARITIME,2026-04-06
2022-03-18,54,VLSFO,53.06,10.0,240.0,24,688.4535,0.44,Rough,FMS_MARITIME,2026-04-06
2022-03-19,54,VLSFO,32.47,15.9,381.6,24,264.9675,0.46,Calm,FMS_MARITIME,2026-04-06
2022-03-20,54,VLSFO,74.1,16.1,386.4,24,597.1724,0.52,Moderate,FMS_MARITIME,2026-04-06
2022-03-21,54,LSMGO,50.12,8.4,201.6,24,774.175,0.98,Moderate,FMS_MARITIME,2026-04-06
2022-03-22,54,MGO,42.0,14.2,340.8,24,383.7676,0.8,Rough,FMS_MARITIME,2026-04-06
2022-03-23,54,LNG,37.8,12.3,295.2,24,398.7439,0.82,Rough,FMS_MARITIME,2026-04-06
2022-03-24,54,LNG,56.58,11.7,280.8,24,627.4577,0.66,Rough,FMS_MARITIME,2026-04-06
2022-03-25,54,MGO,80.49,13.8,331.2,24,756.781,0.52,Moderate,FMS_MARITIME,2026-04-06
2022-03-26,54,HFO,79.83,17.0,408.0,24,609.2907,1.0,Moderate,FMS_MARITIME,2026-04-06
2022-03-27,54,LSMGO,43.64,17.3,415.2,24,327.3,0.77,Calm,FMS_MARITIME,2026-04-06
2022-03-28,54,HFO,44.0,14.4,345.6,24,396.4583,0.67,Calm,FMS_MARITIME,2026-04-06
2022-03-28,54,LNG,18.63,11.5,276.0,24,210.195,0.7,Calm,FMS_MARITIME,2026-04-06
2022-03-28,54,LNG,38.89,16.7,400.8,24,302.1543,0.99,Moderate,FMS_MARITIME,2026-04-06
2022-03-01,55,LNG,80.02,10.6,254.4,24,979.4901,0.48,Calm,FMS_MARITIME,2026-04-06
2022-03-02,55,LSMGO,78.57,16.0,384.0,24,637.1536,0.62,Calm,FMS_MARITIME,2026-04-06
2022-03-03,55,HFO,30.11,15.4,369.6,24,253.6865,0.43,Moderate,FMS_MARITIME,2026-04-06
2022-03-04,55,HFO,31.17,12.5,300.0,24,323.5446,0.91,Moderate,FMS_MARITIME,2026-04-06
2022-03-05,55,VLSFO,53.51,17.2,412.8,24,403.6583,0.57,Calm,FMS_MARITIME,2026-04-06
2022-03-06,55,LNG,78.33,9.3,223.2,24,1092.8298,0.94,Moderate,FMS_MARITIME,2026-04-06
2022-03-07,55,MGO,47.98,15.9,381.6,24,391.5349,0.88,Moderate,FMS_MARITIME,2026-04-06
2022-03-08,55,VLSFO,31.36,8.1,194.4,24,502.3407,0.43,Rough,FMS_MARITIME,2026-04-06
2022-03-09,55,MGO,27.78,11.5,276.0,24,313.4309,0.8,Rough,FMS_MARITIME,2026-04-06
2022-03-10,55,MGO,22.59,10.2,244.8,24,287.3581,0.98,Rough,FMS_MARITIME,2026-04-06
2022-03-11,55,HFO,21.75,12.7,304.8,24,222.2096,0.42,Rough,FMS_MARITIME,2026-04-06
2022-03-12,55,MGO,54.24,10.6,254.4,24,663.9283,0.64,Calm,FMS_MARITIME,2026-04-06
2022-03-13,55,LSMGO,75.43,17.5,420.0,24,559.2596,0.72,Calm,FMS_MARITIME,2026-04-06
2022-03-14,55,HFO,33.57,9.0,216.0,24,483.9675,0.56,Rough,FMS_MARITIME,2026-04-06
2022-03-15,55,LSMGO,20.83,13.2,316.8,24,204.7494,0.77,Moderate,FMS_MARITIME,2026-04-06
2022-03-16,55,LNG,68.63,11.2,268.8,24,795.0663,1.0,Calm,FMS_MARITIME,2026-04-06
2022-03-17,55,LSMGO,64.91,8.5,204.0,24,990.8321,0.83,Moderate,FMS_MARITIME,2026-04-06
2022-03-18,55,MGO,21.72,17.4,417.6,24,161.9638,0.82,Calm,FMS_MARITIME,2026-04-06
2022-03-19,55,LSMGO,70.63,15.0,360.0,24,610.9495,0.96,Moderate,FMS_MARITIME,2026-04-06
2022-03-20,55,MGO,40.59,13.7,328.8,24,384.4199,0.6,Moderate,FMS_MARITIME,2026-04-06
2022-03-21,55,HFO,77.99,16.0,384.0,24,632.4502,0.99,Calm,FMS_MARITIME,2026-04-06
2022-03-22,55,VLSFO,28.17,16.6,398.4,24,220.1842,0.55,Moderate,FMS_MARITIME,2026-04-06
2022-03-23,55,LSMGO,45.42,11.4,273.6,24,516.9513,0.94,Moderate,FMS_MARITIME,2026-04-06
2022-03-24,55,HFO,44.27,13.3,319.2,24,431.8821,0.72,Calm,FMS_MARITIME,2026-04-06
2022-03-25,55,LSMGO,30.66,17.0,408.0,24,234.0079,0.81,Calm,FMS_MARITIME,2026-04-06
2022-03-26,55,LSMGO,71.6,17.7,424.8,24,524.8644,0.94,Moderate,FMS_MARITIME,2026-04-06
2022-03-27,55,LSMGO,70.78,8.9,213.6,24,1031.877,0.74,Calm,FMS_MARITIME,2026-04-06
2022-03-28,55,LNG,83.62,16.5,396.0,24,657.5573,0.49,Moderate,FMS_MARITIME,2026-04-06
2022-03-28,55,LNG,48.03,11.2,268.8,24,556.419,0.47,Calm,FMS_MARITIME,2026-04-06
2022-03-28,55,LNG,34.54,10.7,256.8,24,418.8379,0.71,Rough,FMS_MARITIME,2026-04-06
2022-03-01,56,VLSFO,70.11,16.2,388.8,24,561.5292,0.67,Calm,FMS_MARITIME,2026-04-06
2022-03-02,56,HFO,24.99,9.9,237.6,24,327.5205,0.69,Moderate,FMS_MARITIME,2026-04-06
2022-03-03,56,LSMGO,54.18,12.6,302.4,24,557.925,0.56,Rough,FMS_MARITIME,2026-04-06
2022-03-04,56,LNG,47.68,9.3,223.2,24,665.2129,0.45,Moderate,FMS_MARITIME,2026-04-06
2022-03-05,56,MGO,23.47,8.2,196.8,24,371.3698,0.82,Rough,FMS_MARITIME,2026-04-06
2022-03-06,56,MGO,76.48,16.0,384.0,24,620.205,0.55,Calm,FMS_MARITIME,2026-04-06
2022-03-07,56,MGO,83.09,11.5,276.0,24,937.472,0.97,Calm,FMS_MARITIME,2026-04-06
2022-03-08,56,VLSFO,21.17,17.1,410.4,24,160.632,0.92,Calm,FMS_MARITIME,2026-04-06
2022-03-09,56,VLSFO,23.17,12.4,297.6,24,242.4442,0.58,Calm,FMS_MARITIME,2026-04-06
2022-03-10,56,VLSFO,18.22,10.0,240.0,24,236.4045,0.59,Moderate,FMS_MARITIME,2026-04-06
2022-03-11,56,MGO,45.77,17.1,410.4,24,347.2899,0.64,Moderate,FMS_MARITIME,2026-04-06
2022-03-12,56,LNG,82.57,8.4,201.6,24,1275.4116,0.67,Moderate,FMS_MARITIME,2026-04-06
2022-03-13,56,VLSFO,38.88,15.8,379.2,24,319.2835,0.46,Rough,FMS_MARITIME,2026-04-06
2022-03-14,56,VLSFO,43.16,12.1,290.4,24,462.8107,0.61,Calm,FMS_MARITIME,2026-04-06
2022-03-15,56,HFO,18.1,11.9,285.6,24,197.3508,0.86,Moderate,FMS_MARITIME,2026-04-06
2022-03-16,56,LSMGO,28.38,14.0,336.0,24,263.0218,0.61,Rough,FMS_MARITIME,2026-04-06
2022-03-17,56,HFO,77.73,11.2,268.8,24,900.4882,0.94,Moderate,FMS_MARITIME,2026-04-06
2022-03-18,56,LNG,31.78,16.4,393.6,24,251.4302,0.77,Moderate,FMS_MARITIME,2026-04-06
2022-03-19,56,LNG,83.09,8.1,194.4,24,1330.9787,0.88,Calm,FMS_MARITIME,2026-04-06
2022-03-20,56,HFO,75.69,15.6,374.4,24,629.537,0.41,Rough,FMS_MARITIME,2026-04-06
2022-03-21,56,VLSFO,78.76,8.7,208.8,24,1174.6103,0.73,Rough,FMS_MARITIME,2026-04-06
2022-03-22,56,LSMGO,74.31,9.8,235.2,24,983.8492,0.78,Moderate,FMS_MARITIME,2026-04-06
2022-03-23,56,HFO,80.8,13.0,312.0,24,806.4462,0.66,Rough,FMS_MARITIME,2026-04-06
2022-03-24,56,LNG,32.91,18.0,432.0,24,237.2262,0.73,Rough,FMS_MARITIME,2026-04-06
2022-03-25,56,HFO,82.22,14.4,345.6,24,740.8365,0.57,Rough,FMS_MARITIME,2026-04-06
2022-03-26,56,LSMGO,24.11,14.5,348.0,24,215.7429,0.83,Moderate,FMS_MARITIME,2026-04-06
2022-03-27,56,MGO,19.34,10.9,261.6,24,230.217,0.65,Moderate,FMS_MARITIME,2026-04-06
2022-03-28,56,LSMGO,45.24,8.7,208.8,24,674.7,0.42,Moderate,FMS_MARITIME,2026-04-06
2022-03-28,56,HFO,21.86,12.9,309.6,24,219.8709,0.42,Calm,FMS_MARITIME,2026-04-06
2022-03-28,56,VLSFO,37.15,9.8,235.2,24,491.8584,0.71,Calm,FMS_MARITIME,2026-04-06
2022-03-01,57,HFO,30.76,13.9,333.6,24,287.1302,0.41,Rough,FMS_MARITIME,2026-04-06
2022-03-02,57,LNG,17.68,14.0,336.0,24,163.8557,0.53,Rough,FMS_MARITIME,2026-04-06
2022-03-03,57,MGO,53.99,10.3,247.2,24,680.1167,0.59,Calm,FMS_MARITIME,2026-04-06
2022-03-04,57,LSMGO,84.14,13.0,312.0,24,839.7819,0.63,Calm,FMS_MARITIME,2026-04-06
2022-03-05,57,VLSFO,52.79,10.5,252.0,24,652.3336,0.61,Moderate,FMS_MARITIME,2026-04-06
2022-03-06,57,MGO,52.23,11.1,266.4,24,610.5264,0.49,Moderate,FMS_MARITIME,2026-04-06
2022-03-07,57,VLSFO,46.92,11.8,283.2,24,515.9212,0.47,Calm,FMS_MARITIME,2026-04-06
2022-03-08,57,VLSFO,57.37,9.1,218.4,24,817.9953,0.93,Rough,FMS_MARITIME,2026-04-06
2022-03-09,57,VLSFO,17.37,13.6,326.4,24,165.7175,0.79,Moderate,FMS_MARITIME,2026-04-06
2022-03-10,57,LNG,58.54,15.6,374.4,24,486.8952,0.52,Moderate,FMS_MARITIME,2026-04-06
2022-03-11,57,HFO,76.41,8.5,204.0,24,1166.3762,0.4,Rough,FMS_MARITIME,2026-04-06
2022-03-12,57,HFO,65.43,15.8,379.2,24,537.3128,0.89,Moderate,FMS_MARITIME,2026-04-06
2022-03-13,57,MGO,47.59,15.3,367.2,24,403.5819,0.88,Moderate,FMS_MARITIME,2026-04-06
2022-03-14,57,HFO,58.44,9.7,232.8,24,781.7103,0.44,Rough,FMS_MARITIME,2026-04-06
2022-03-15,57,VLSFO,54.54,17.4,417.6,24,406.6991,0.56,Calm,FMS_MARITIME,2026-04-06
2022-03-16,57,VLSFO,81.85,11.7,280.8,24,907.6955,0.48,Moderate,FMS_MARITIME,2026-04-06
2022-03-17,57,VLSFO,63.77,8.6,206.4,24,962.1113,0.66,Moderate,FMS_MARITIME,2026-04-06
2022-03-18,57,HFO,78.5,13.2,316.8,24,771.6193,0.75,Moderate,FMS_MARITIME,2026-04-06
2022-03-19,57,MGO,62.48,13.0,312.0,24,623.5985,0.68,Moderate,FMS_MARITIME,2026-04-06
2022-03-20,57,LNG,71.34,14.6,350.4,24,633.9976,0.72,Calm,FMS_MARITIME,2026-04-06
2022-03-21,57,LSMGO,76.42,13.8,331.2,24,718.5141,0.6,Rough,FMS_MARITIME,2026-04-06
2022-03-22,57,LSMGO,62.91,10.9,261.6,24,748.8599,0.85,Calm,FMS_MARITIME,2026-04-06
2022-03-23,57,LSMGO,84.53,12.4,297.6,24,884.4974,0.97,Rough,FMS_MARITIME,2026-04-06
2022-03-24,57,LSMGO,27.8,17.7,424.8,24,203.7881,0.41,Calm,FMS_MARITIME,2026-04-06
2022-03-25,57,LSMGO,56.74,15.4,369.6,24,478.0529,0.84,Calm,FMS_MARITIME,2026-04-06
2022-03-26,57,LSMGO,20.19,14.2,340.8,24,184.4826,0.84,Calm,FMS_MARITIME,2026-04-06
2022-03-27,57,VLSFO,62.29,13.7,328.8,24,589.9363,0.95,Rough,FMS_MARITIME,2026-04-06
2022-03-28,57,MGO,18.48,15.8,379.2,24,151.7582,0.96,Moderate,FMS_MARITIME,2026-04-06
2022-03-28,57,LNG,18.68,12.1,290.4,24,200.3083,0.5,Rough,FMS_MARITIME,2026-04-06
2022-03-28,57,HFO,45.83,11.8,283.2,24,503.9358,0.7,Calm,FMS_MARITIME,2026-04-06
2022-03-01,58,LNG,82.2,12.9,309.6,24,826.7791,0.88,Rough,FMS_MARITIME,2026-04-06
2022-03-02,58,LSMGO,59.16,8.4,201.6,24,913.8107,0.49,Rough,FMS_MARITIME,2026-04-06
2022-03-03,58,HFO,22.54,12.8,307.2,24,228.4816,0.54,Calm,FMS_MARITIME,2026-04-06
2022-03-04,58,LNG,15.12,16.1,386.4,24,121.8522,0.61,Rough,FMS_MARITIME,2026-04-06
2022-03-05,58,MGO,29.9,17.0,408.0,24,228.2074,0.66,Moderate,FMS_MARITIME,2026-04-06
2022-03-06,58,HFO,21.01,15.8,379.2,24,172.5347,0.7,Moderate,FMS_MARITIME,2026-04-06
2022-03-07,58,VLSFO,45.6,12.6,302.4,24,469.5714,0.84,Moderate,FMS_MARITIME,2026-04-06
2022-03-08,58,VLSFO,83.57,11.8,283.2,24,918.9159,0.69,Rough,FMS_MARITIME,2026-04-06
2022-03-09,58,LNG,67.08,15.3,367.2,24,568.8647,0.65,Moderate,FMS_MARITIME,2026-04-06
2022-03-10,58,MGO,68.97,16.2,388.8,24,552.3986,0.67,Calm,FMS_MARITIME,2026-04-06
2022-03-11,58,VLSFO,30.79,8.7,208.8,24,459.1957,0.61,Moderate,FMS_MARITIME,2026-04-06
2022-03-12,58,LSMGO,51.88,14.3,343.2,24,470.7294,0.49,Calm,FMS_MARITIME,2026-04-06
2022-03-13,58,HFO,50.69,14.3,343.2,24,459.932,0.7,Rough,FMS_MARITIME,2026-04-06
2022-03-14,58,LSMGO,27.34,16.5,396.0,24,214.9918,0.42,Rough,FMS_MARITIME,2026-04-06
2022-03-15,58,LNG,42.11,17.8,427.2,24,306.9535,0.98,Rough,FMS_MARITIME,2026-04-06
2022-03-16,58,VLSFO,28.5,14.3,343.2,24,258.5927,0.48,Rough,FMS_MARITIME,2026-04-06
2022-03-17,58,LNG,62.31,8.4,201.6,24,962.467,0.44,Moderate,FMS_MARITIME,2026-04-06
2022-03-18,58,MGO,46.24,11.3,271.2,24,530.9416,0.83,Rough,FMS_MARITIME,2026-04-06
2022-03-19,58,LSMGO,41.28,17.2,412.8,24,311.4,0.8,Rough,FMS_MARITIME,2026-04-06
2022-03-20,58,MGO,61.93,17.2,412.8,24,467.1754,0.52,Calm,FMS_MARITIME,2026-04-06
2022-03-21,58,HFO,19.01,9.3,223.2,24,265.2202,0.84,Calm,FMS_MARITIME,2026-04-06
2022-03-22,58,LSMGO,61.17,10.0,240.0,24,793.6808,0.54,Moderate,FMS_MARITIME,2026-04-06
2022-03-23,58,MGO,37.67,8.4,201.6,24,581.867,0.92,Moderate,FMS_MARITIME,2026-04-06
2022-03-24,58,VLSFO,22.97,10.7,256.8,24,278.5381,0.56,Moderate,FMS_MARITIME,2026-04-06
2022-03-25,58,HFO,68.78,16.0,384.0,24,557.7628,0.94,Calm,FMS_MARITIME,2026-04-06
2022-03-26,58,LSMGO,79.87,14.8,355.2,24,700.2117,0.7,Calm,FMS_MARITIME,2026-04-06
2022-03-27,58,VLSFO,50.66,17.5,420.0,24,375.6077,0.61,Moderate,FMS_MARITIME,2026-04-06
2022-03-28,58,VLSFO,49.23,16.5,396.0,24,387.1268,0.97,Rough,FMS_MARITIME,2026-04-06
2022-03-28,58,LNG,77.06,11.8,283.2,24,847.3335,0.51,Moderate,FMS_MARITIME,2026-04-06
2022-03-28,58,HFO,69.43,16.6,398.4,24,542.6833,0.52,Rough,FMS_MARITIME,2026-04-06
2022-03-01,59,VLSFO,62.65,13.2,316.8,24,615.821,0.77,Rough,FMS_MARITIME,2026-04-06
2022-03-02,59,LNG,38.83,17.5,420.0,24,287.8967,0.63,Calm,FMS_MARITIME,2026-04-06
2022-03-03,59,VLSFO,31.07,15.6,374.4,24,258.4187,0.74,Rough,FMS_MARITIME,2026-04-06
2022-03-04,59,VLSFO,54.28,14.5,348.0,24,485.7124,0.57,Rough,FMS_MARITIME,2026-04-06
2022-03-05,59,VLSFO,83.6,8.0,192.0,24,1355.8875,0.56,Rough,FMS_MARITIME,2026-04-06
2022-03-06,59,HFO,28.52,13.0,312.0,24,284.6515,0.67,Moderate,FMS_MARITIME,2026-04-06
2022-03-07,59,HFO,81.89,11.3,271.2,24,940.2856,0.76,Calm,FMS_MARITIME,2026-04-06
2022-03-08,59,LNG,82.02,16.7,400.8,24,637.2512,0.92,Calm,FMS_MARITIME,2026-04-06
2022-03-09,59,VLSFO,75.07,14.3,343.2,24,681.1421,0.84,Calm,FMS_MARITIME,2026-04-06
2022-03-10,59,MGO,73.52,10.7,256.8,24,891.5159,0.57,Rough,FMS_MARITIME,2026-04-06
2022-03-11,59,LSMGO,26.82,11.3,271.2,24,307.9553,0.75,Moderate,FMS_MARITIME,2026-04-06
2022-03-12,59,LSMGO,73.24,12.6,302.4,24,754.1976,0.88,Moderate,FMS_MARITIME,2026-04-06
2022-03-13,59,MGO,53.89,12.1,290.4,24,577.87,0.43,Moderate,FMS_MARITIME,2026-04-06
2022-03-14,59,MGO,24.38,9.6,230.4,24,329.5109,0.51,Rough,FMS_MARITIME,2026-04-06
2022-03-15,59,LSMGO,29.41,14.9,357.6,24,256.1039,0.71,Rough,FMS_MARITIME,2026-04-06
2022-03-16,59,LSMGO,39.95,12.6,302.4,24,411.3899,0.5,Calm,FMS_MARITIME,2026-04-06
2022-03-17,59,LNG,21.58,11.5,276.0,24,243.4787,0.94,Rough,FMS_MARITIME,2026-04-06
2022-03-18,59,VLSFO,77.03,10.5,252.0,24,951.8707,0.94,Calm,FMS_MARITIME,2026-04-06
2022-03-19,59,VLSFO,67.5,14.9,357.6,24,587.7936,0.43,Calm,FMS_MARITIME,2026-04-06
2022-03-20,59,LNG,84.33,10.3,247.2,24,1062.3124,0.71,Moderate,FMS_MARITIME,2026-04-06
2022-03-21,59,MGO,42.38,15.4,369.6,24,357.0653,0.72,Moderate,FMS_MARITIME,2026-04-06
2022-03-22,59,LNG,70.88,10.1,242.4,24,910.5624,0.54,Calm,FMS_MARITIME,2026-04-06
2022-03-23,59,VLSFO,51.26,11.0,264.0,24,604.635,0.43,Rough,FMS_MARITIME,2026-04-06
2022-03-24,59,HFO,19.5,16.8,403.2,24,150.6027,0.68,Moderate,FMS_MARITIME,2026-04-06
2022-03-25,59,VLSFO,42.83,8.8,211.2,24,631.4991,0.43,Moderate,FMS_MARITIME,2026-04-06
2022-03-26,59,HFO,33.01,11.0,264.0,24,389.368,0.84,Calm,FMS_MARITIME,2026-04-06
2022-03-27,59,VLSFO,81.96,15.1,362.4,24,704.2589,0.97,Moderate,FMS_MARITIME,2026-04-06
2022-03-28,59,MGO,67.05,12.9,309.6,24,674.3983,0.79,Moderate,FMS_MARITIME,2026-04-06
2022-03-28,59,MGO,82.46,12.6,302.4,24,849.1417,0.69,Rough,FMS_MARITIME,2026-04-06
2022-03-28,59,VLSFO,74.6,9.4,225.6,24,1029.7181,0.77,Rough,FMS_MARITIME,2026-04-06
2022-03-01,60,HFO,46.62,10.0,240.0,24,604.8945,0.42,Moderate,FMS_MARITIME,2026-04-06
2022-03-02,60,HFO,34.79,10.7,256.8,24,421.8694,0.74,Moderate,FMS_MARITIME,2026-04-06
2022-03-03,60,MGO,54.57,12.4,297.6,24,571.0046,0.61,Rough,FMS_MARITIME,2026-04-06
2022-03-04,60,VLSFO,83.45,9.6,230.4,24,1127.8789,0.48,Rough,FMS_MARITIME,2026-04-06
2022-03-05,60,HFO,39.37,9.1,218.4,24,561.347,0.72,Moderate,FMS_MARITIME,2026-04-06
2022-03-06,60,LSMGO,21.34,17.0,408.0,24,162.8744,0.44,Rough,FMS_MARITIME,2026-04-06
2022-03-07,60,HFO,37.29,10.7,256.8,24,452.1848,0.62,Calm,FMS_MARITIME,2026-04-06
2022-03-08,60,LNG,43.69,14.9,357.6,24,380.4549,0.82,Rough,FMS_MARITIME,2026-04-06
2022-03-09,60,HFO,81.38,15.4,369.6,24,685.6529,0.83,Rough,FMS_MARITIME,2026-04-06
2022-03-10,60,LNG,57.1,13.5,324.0,24,548.7944,0.76,Rough,FMS_MARITIME,2026-04-06
2022-03-11,60,MGO,54.59,15.1,362.4,24,469.0763,0.55,Calm,FMS_MARITIME,2026-04-06
2022-03-12,60,VLSFO,82.94,8.9,213.6,24,1209.1534,0.77,Rough,FMS_MARITIME,2026-04-06
2022-03-13,60,HFO,20.58,12.0,288.0,24,222.5212,0.74,Moderate,FMS_MARITIME,2026-04-06
2022-03-14,60,MGO,78.72,16.4,393.6,24,622.8,0.43,Rough,FMS_MARITIME,2026-04-06
2022-03-15,60,HFO,27.01,17.7,424.8,24,197.997,0.78,Rough,FMS_MARITIME,2026-04-06
2022-03-16,60,MGO,78.69,13.1,314.4,24,779.3914,0.76,Rough,FMS_MARITIME,2026-04-06
2022-03-17,60,LNG,39.06,14.9,357.6,24,340.1366,0.48,Moderate,FMS_MARITIME,2026-04-06
2022-03-18,60,HFO,57.87,12.0,288.0,24,625.7194,0.86,Calm,FMS_MARITIME,2026-04-06
2022-03-19,60,MGO,62.26,8.4,201.6,24,961.6946,0.84,Rough,FMS_MARITIME,2026-04-06
2022-03-20,60,LSMGO,21.75,9.3,223.2,24,303.4476,0.82,Rough,FMS_MARITIME,2026-04-06
2022-03-21,60,VLSFO,33.01,11.5,276.0,24,372.4389,0.6,Moderate,FMS_MARITIME,2026-04-06
2022-03-22,60,MGO,57.5,11.4,273.6,24,654.4408,0.9,Rough,FMS_MARITIME,2026-04-06
2022-03-23,60,MGO,71.68,15.6,374.4,24,596.1846,0.42,Calm,FMS_MARITIME,2026-04-06
2022-03-24,60,MGO,61.96,14.3,343.2,24,562.1895,0.89,Calm,FMS_MARITIME,2026-04-06
2022-03-25,60,VLSFO,16.26,11.0,264.0,24,191.7941,0.45,Calm,FMS_MARITIME,2026-04-06
2022-03-26,60,LSMGO,56.68,9.0,216.0,24,817.1367,0.97,Moderate,FMS_MARITIME,2026-04-06
2022-03-27,60,LSMGO,20.28,11.2,268.8,24,234.9402,0.44,Rough,FMS_MARITIME,2026-04-06
2022-03-28,60,LSMGO,21.07,9.2,220.8,24,297.1557,0.8,Calm,FMS_MARITIME,2026-04-06
2022-03-28,60,VLSFO,64.87,8.3,199.2,24,1014.0822,0.4,Rough,FMS_MARITIME,2026-04-06
2022-03-28,60,LSMGO,51.7,8.4,201.6,24,798.5804,0.46,Moderate,FMS_MARITIME,2026-04-06
2022-03-01,61,LSMGO,75.09,11.7,280.8,24,832.7288,0.92,Moderate,FMS_MARITIME,2026-04-06
2022-03-02,61,VLSFO,82.08,9.2,220.8,24,1157.5957,0.6,Calm,FMS_MARITIME,2026-04-06
2022-03-03,61,LNG,27.85,13.0,312.0,24,277.9644,0.54,Calm,FMS_MARITIME,2026-04-06
2022-03-04,61,LNG,31.14,12.0,288.0,24,336.7012,0.97,Moderate,FMS_MARITIME,2026-04-06
2022-03-05,61,LNG,56.44,13.2,316.8,24,554.7795,0.69,Calm,FMS_MARITIME,2026-04-06
2022-03-06,61,LSMGO,16.06,15.6,374.4,24,133.576,0.91,Moderate,FMS_MARITIME,2026-04-06
2022-03-07,61,LNG,35.38,10.3,247.2,24,445.685,0.6,Rough,FMS_MARITIME,2026-04-06
2022-03-08,61,LSMGO,29.58,8.0,192.0,24,479.7506,0.72,Rough,FMS_MARITIME,2026-04-06
2022-03-09,61,LSMGO,76.89,14.6,350.4,24,683.3204,0.5,Calm,FMS_MARITIME,2026-04-06
2022-03-10,61,LNG,23.38,13.1,314.4,24,231.5691,0.41,Rough,FMS_MARITIME,2026-04-06
2022-03-11,61,MGO,31.82,10.3,247.2,24,400.8393,0.84,Calm,FMS_MARITIME,2026-04-06
2022-03-12,61,LNG,18.61,11.5,276.0,24,209.9693,0.75,Calm,FMS_MARITIME,2026-04-06
2022-03-13,61,LSMGO,63.93,15.2,364.8,24,545.7183,0.72,Calm,FMS_MARITIME,2026-04-06
2022-03-14,61,HFO,54.99,17.5,420.0,24,407.7116,0.91,Calm,FMS_MARITIME,2026-04-06
2022-03-15,61,VLSFO,54.41,13.7,328.8,24,515.3064,0.45,Moderate,FMS_MARITIME,2026-04-06
2022-03-16,61,VLSFO,82.19,9.6,230.4,24,1110.8492,0.97,Rough,FMS_MARITIME,2026-04-06
2022-03-17,61,HFO,51.82,8.6,206.4,24,781.8192,0.74,Calm,FMS_MARITIME,2026-04-06
2022-03-18,61,HFO,36.31,11.7,280.8,24,402.6686,0.56,Moderate,FMS_MARITIME,2026-04-06
2022-03-19,61,MGO,81.47,16.5,396.0,24,640.6505,0.57,Calm,FMS_MARITIME,2026-04-06
2022-03-20,61,MGO,50.59,12.3,295.2,24,533.6628,0.43,Calm,FMS_MARITIME,2026-04-06
2022-03-21,61,HFO,35.58,17.0,408.0,24,271.5591,0.87,Rough,FMS_MARITIME,2026-04-06
2022-03-22,61,LNG,82.0,8.0,192.0,24,1329.9375,0.46,Rough,FMS_MARITIME,2026-04-06
2022-03-23,61,MGO,39.55,13.8,331.2,24,371.856,0.42,Moderate,FMS_MARITIME,2026-04-06
2022-03-24,61,HFO,62.87,12.7,304.8,24,642.3136,0.41,Calm,FMS_MARITIME,2026-04-06
2022-03-25,61,MGO,61.88,12.2,292.8,24,658.109,0.78,Moderate,FMS_MARITIME,2026-04-06
2022-03-26,61,MGO,38.04,16.0,384.0,24,308.4806,0.46,Moderate,FMS_MARITIME,2026-04-06
2022-03-27,61,MGO,39.85,14.5,348.0,24,356.5888,0.83,Rough,FMS_MARITIME,2026-04-06
2022-03-28,61,LSMGO,24.51,12.4,297.6,24,256.4655,0.79,Moderate,FMS_MARITIME,2026-04-06
2022-03-28,61,LNG,78.91,12.4,297.6,24,825.6913,0.79,Moderate,FMS_MARITIME,2026-04-06
2022-03-28,61,HFO,19.02,16.9,405.6,24,146.0263,0.6,Moderate,FMS_MARITIME,2026-04-06
2022-03-01,62,HFO,21.61,8.8,211.2,24,318.6247,0.47,Rough,FMS_MARITIME,2026-04-06
2022-03-02,62,LSMGO,73.0,11.1,266.4,24,853.3108,0.69,Rough,FMS_MARITIME,2026-04-06
2022-03-03,62,MGO,17.55,11.7,280.8,24,194.625,0.47,Calm,FMS_MARITIME,2026-04-06
2022-03-04,62,MGO,34.56,8.5,204.0,24,527.5482,0.63,Moderate,FMS_MARITIME,2026-04-06
2022-03-05,62,MGO,74.5,12.3,295.2,24,785.8841,0.79,Rough,FMS_MARITIME,2026-04-06
2022-03-06,62,VLSFO,40.82,8.4,201.6,24,630.5232,0.89,Moderate,FMS_MARITIME,2026-04-06
2022-03-07,62,MGO,50.24,12.7,304.8,24,513.2787,0.88,Moderate,FMS_MARITIME,2026-04-06
2022-03-08,62,LNG,51.41,13.7,328.8,24,486.894,0.56,Rough,FMS_MARITIME,2026-04-06
2022-03-09,62,VLSFO,60.11,15.2,364.8,24,513.11,0.55,Moderate,FMS_MARITIME,2026-04-06
2022-03-10,62,MGO,25.43,14.2,340.8,24,232.3621,0.47,Calm,FMS_MARITIME,2026-04-06
2022-03-11,62,VLSFO,63.72,12.3,295.2,24,672.1683,0.49,Calm,FMS_MARITIME,2026-04-06
2022-03-12,62,MGO,54.88,14.8,355.2,24,481.127,0.83,Calm,FMS_MARITIME,2026-04-06
2022-03-13,62,LNG,16.64,12.4,297.6,24,174.1161,0.63,Rough,FMS_MARITIME,2026-04-06
2022-03-14,62,LNG,68.36,13.5,324.0,24,657.0156,0.53,Moderate,FMS_MARITIME,2026-04-06
2022-03-15,62,MGO,30.55,15.5,372.0,24,255.7331,0.94,Rough,FMS_MARITIME,2026-04-06
2022-03-16,62,HFO,50.64,9.0,216.0,24,730.06,0.96,Rough,FMS_MARITIME,2026-04-06
2022-03-17,62,LNG,32.73,8.9,213.6,24,477.1593,0.53,Moderate,FMS_MARITIME,2026-04-06
2022-03-18,62,MGO,80.8,12.3,295.2,24,852.3415,0.85,Calm,FMS_MARITIME,2026-04-06
2022-03-19,62,LNG,19.21,17.1,410.4,24,145.7601,0.91,Rough,FMS_MARITIME,2026-04-06
2022-03-20,62,VLSFO,17.06,8.2,196.8,24,269.9433,0.95,Calm,FMS_MARITIME,2026-04-06
2022-03-21,62,LNG,49.12,15.1,362.4,24,422.0742,0.68,Moderate,FMS_MARITIME,2026-04-06
2022-03-22,62,LSMGO,32.02,10.2,244.8,24,407.3132,0.54,Rough,FMS_MARITIME,2026-04-06
2022-03-23,62,VLSFO,47.06,16.4,393.6,24,372.3192,0.92,Calm,FMS_MARITIME,2026-04-06
2022-03-24,62,HFO,40.11,16.2,388.8,24,321.2514,0.73,Rough,FMS_MARITIME,2026-04-06
2022-03-25,62,MGO,56.73,17.1,410.4,24,430.4513,0.84,Moderate,FMS_MARITIME,2026-04-06
2022-03-26,62,MGO,39.5,15.5,372.0,24,330.6532,0.74,Rough,FMS_MARITIME,2026-04-06
2022-03-27,62,LSMGO,77.64,16.8,403.2,24,599.6304,0.5,Calm,FMS_MARITIME,2026-04-06
2022-03-28,62,LNG,64.59,16.3,391.2,24,514.1443,0.51,Moderate,FMS_MARITIME,2026-04-06
2022-03-28,62,MGO,46.84,9.9,237.6,24,613.8879,0.56,Calm,FMS_MARITIME,2026-04-06
2022-03-28,62,MGO,38.91,9.8,235.2,24,515.1605,0.99,Rough,FMS_MARITIME,2026-04-06
2022-03-01,63,HFO,39.38,8.7,208.8,24,587.3052,0.68,Moderate,FMS_MARITIME,2026-04-06
2022-03-02,63,HFO,44.01,17.6,422.4,24,324.4487,0.49,Rough,FMS_MARITIME,2026-04-06
2022-03-03,63,LNG,47.5,16.8,403.2,24,366.8527,0.72,Calm,FMS_MARITIME,2026-04-06
2022-03-04,63,HFO,57.02,12.9,309.6,24,573.5151,0.93,Calm,FMS_MARITIME,2026-04-06
2022-03-05,63,HFO,55.9,16.7,400.8,24,434.3129,0.45,Calm,FMS_MARITIME,2026-04-06
2022-03-06,63,HFO,79.21,13.0,312.0,24,790.5767,0.68,Calm,FMS_MARITIME,2026-04-06
2022-03-07,63,MGO,21.86,11.8,283.2,24,240.3674,0.55,Rough,FMS_MARITIME,2026-04-06
2022-03-08,63,MGO,59.64,11.1,266.4,24,697.1432,0.42,Moderate,FMS_MARITIME,2026-04-06
2022-03-09,63,HFO,44.17,14.3,343.2,24,400.7733,0.63,Rough,FMS_MARITIME,2026-04-06
2022-03-10,63,LNG,33.09,17.5,420.0,24,245.3387,1.0,Moderate,FMS_MARITIME,2026-04-06
2022-03-11,63,LSMGO,74.86,14.2,340.8,24,684.0201,0.51,Moderate,FMS_MARITIME,2026-04-06
2022-03-12,63,MGO,63.74,8.4,201.6,24,984.5554,0.66,Moderate,FMS_MARITIME,2026-04-06
2022-03-13,63,LNG,44.69,10.2,244.8,24,568.4831,0.66,Calm,FMS_MARITIME,2026-04-06
2022-03-14,63,VLSFO,84.53,13.3,319.2,24,824.6442,0.83,Calm,FMS_MARITIME,2026-04-06
2022-03-15,63,LSMGO,43.09,14.3,343.2,24,390.974,0.43,Rough,FMS_MARITIME,2026-04-06
2022-03-16,63,LSMGO,22.03,13.9,333.6,24,205.6397,0.49,Moderate,FMS_MARITIME,2026-04-06
2022-03-17,63,HFO,73.22,17.2,412.8,24,552.3427,0.52,Calm,FMS_MARITIME,2026-04-06
2022-03-18,63,HFO,20.66,12.2,292.8,24,219.7242,0.85,Moderate,FMS_MARITIME,2026-04-06
2022-03-19,63,LNG,24.85,10.2,244.8,24,316.1066,0.55,Rough,FMS_MARITIME,2026-04-06
2022-03-20,63,LNG,78.25,12.8,307.2,24,793.1982,0.64,Calm,FMS_MARITIME,2026-04-06
2022-03-21,63,LSMGO,29.13,12.3,295.2,24,307.286,0.4,Moderate,FMS_MARITIME,2026-04-06
2022-03-22,63,LSMGO,79.55,16.0,384.0,24,645.1008,0.8,Rough,FMS_MARITIME,2026-04-06
2022-03-23,63,VLSFO,25.78,13.4,321.6,24,249.6235,0.74,Calm,FMS_MARITIME,2026-04-06
2022-03-24,63,LNG,78.85,11.5,276.0,24,889.6337,0.75,Calm,FMS_MARITIME,2026-04-06
2022-03-25,63,LNG,49.94,11.1,266.4,24,583.7581,0.59,Rough,FMS_MARITIME,2026-04-06
2022-03-26,63,LSMGO,83.59,12.3,295.2,24,881.7726,0.74,Calm,FMS_MARITIME,2026-04-06
2022-03-27,63,MGO,37.82,10.3,247.2,24,476.4218,0.83,Rough,FMS_MARITIME,2026-04-06
2022-03-28,63,VLSFO,59.3,12.9,309.6,24,596.4477,0.49,Rough,FMS_MARITIME,2026-04-06
2022-03-28,63,VLSFO,19.57,11.5,276.0,24,220.8007,0.84,Rough,FMS_MARITIME,2026-04-06
2022-03-28,63,HFO,17.41,10.9,261.6,24,207.2429,0.78,Calm,FMS_MARITIME,2026-04-06
2022-03-01,64,HFO,51.34,12.3,295.2,24,541.5744,0.43,Rough,FMS_MARITIME,2026-04-06
2022-03-02,64,VLSFO,39.72,8.5,204.0,24,606.3141,0.86,Rough,FMS_MARITIME,2026-04-06
2022-03-03,64,VLSFO,21.39,12.5,300.0,24,222.0282,0.71,Moderate,FMS_MARITIME,2026-04-06
2022-03-04,64,LSMGO,33.32,10.4,249.6,24,415.699,0.41,Rough,FMS_MARITIME,2026-04-06
2022-03-05,64,LNG,17.81,9.0,216.0,24,256.7608,0.43,Moderate,FMS_MARITIME,2026-04-06
2022-03-06,64,HFO,83.96,12.8,307.2,24,851.0789,0.55,Moderate,FMS_MARITIME,2026-04-06
2022-03-07,64,LSMGO,27.0,14.5,348.0,24,241.6034,0.5,Rough,FMS_MARITIME,2026-04-06
2022-03-08,64,VLSFO,83.52,12.5,300.0,24,866.9376,0.69,Moderate,FMS_MARITIME,2026-04-06
2022-03-09,64,MGO,58.25,17.4,417.6,24,434.3642,0.68,Moderate,FMS_MARITIME,2026-04-06
2022-03-10,64,VLSFO,78.52,16.0,384.0,24,636.7481,0.72,Calm,FMS_MARITIME,2026-04-06
2022-03-11,64,VLSFO,23.15,10.8,259.2,24,278.1215,0.6,Moderate,FMS_MARITIME,2026-04-06
2022-03-12,64,HFO,22.77,15.2,364.8,24,194.3689,0.45,Moderate,FMS_MARITIME,2026-04-06
2022-03-13,64,MGO,44.32,17.0,408.0,24,338.2659,0.71,Moderate,FMS_MARITIME,2026-04-06
2022-03-14,64,LNG,62.71,12.7,304.8,24,640.6789,0.51,Moderate,FMS_MARITIME,2026-04-06
2022-03-15,64,HFO,83.28,12.0,288.0,24,900.465,0.99,Moderate,FMS_MARITIME,2026-04-06
2022-03-16,64,VLSFO,31.0,10.4,249.6,24,386.7548,0.72,Calm,FMS_MARITIME,2026-04-06
2022-03-17,64,HFO,28.33,15.6,374.4,24,235.6293,0.52,Rough,FMS_MARITIME,2026-04-06
2022-03-18,64,VLSFO,60.42,9.8,235.2,24,799.9485,0.69,Rough,FMS_MARITIME,2026-04-06
2022-03-19,64,VLSFO,83.32,11.8,283.2,24,916.1669,0.83,Calm,FMS_MARITIME,2026-04-06
2022-03-20,64,LSMGO,26.58,13.4,321.6,24,257.3698,0.69,Calm,FMS_MARITIME,2026-04-06
2022-03-21,64,MGO,63.51,12.2,292.8,24,675.4445,0.61,Calm,FMS_MARITIME,2026-04-06
2022-03-22,64,LSMGO,73.09,13.8,331.2,24,687.2049,0.41,Rough,FMS_MARITIME,2026-04-06
2022-03-23,64,MGO,75.66,16.8,403.2,24,584.3384,0.71,Moderate,FMS_MARITIME,2026-04-06
2022-03-24,64,HFO,83.03,13.6,326.4,24,792.1428,0.68,Rough,FMS_MARITIME,2026-04-06
2022-03-25,64,LNG,45.14,13.1,314.4,24,447.0927,0.88,Rough,FMS_MARITIME,2026-04-06
2022-03-26,64,LNG,53.53,17.1,410.4,24,406.1706,0.79,Calm,FMS_MARITIME,2026-04-06
2022-03-27,64,LNG,46.76,12.4,297.6,24,489.2831,0.45,Moderate,FMS_MARITIME,2026-04-06
2022-03-28,64,LNG,78.53,10.1,242.4,24,1008.8384,0.93,Moderate,FMS_MARITIME,2026-04-06
2022-03-28,64,LSMGO,51.24,11.2,268.8,24,593.6062,0.82,Calm,FMS_MARITIME,2026-04-06
2022-03-28,64,LSMGO,67.57,16.7,400.8,24,524.9825,0.91,Calm,FMS_MARITIME,2026-04-06
2022-03-01,65,VLSFO,44.22,13.7,328.8,24,418.7989,0.53,Calm,FMS_MARITIME,2026-04-06
2022-03-02,65,LSMGO,18.34,15.8,379.2,24,150.6085,0.63,Calm,FMS_MARITIME,2026-04-06
2022-03-03,65,LNG,74.31,9.9,237.6,24,973.9114,0.62,Rough,FMS_MARITIME,2026-04-06
2022-03-04,65,MGO,69.71,13.1,314.4,24,690.4483,0.54,Rough,FMS_MARITIME,2026-04-06
2022-03-05,65,LNG,31.63,8.4,201.6,24,488.5705,0.88,Rough,FMS_MARITIME,2026-04-06
2022-03-06,65,MGO,37.15,10.3,247.2,24,467.9818,0.71,Rough,FMS_MARITIME,2026-04-06
2022-03-07,65,VLSFO,20.59,17.9,429.6,24,149.2487,0.72,Rough,FMS_MARITIME,2026-04-06
2022-03-08,65,LSMGO,54.51,14.1,338.4,24,501.608,0.75,Rough,FMS_MARITIME,2026-04-06
2022-03-09,65,LNG,44.42,9.2,220.8,24,626.4668,0.69,Rough,FMS_MARITIME,2026-04-06
2022-03-10,65,LNG,75.76,17.1,410.4,24,574.8456,0.6,Calm,FMS_MARITIME,2026-04-06
2022-03-11,65,LNG,42.02,8.7,208.8,24,626.6776,0.5,Moderate,FMS_MARITIME,2026-04-06
2022-03-12,65,MGO,79.83,12.7,304.8,24,815.586,0.55,Moderate,FMS_MARITIME,2026-04-06
2022-03-13,65,LSMGO,46.08,12.4,297.6,24,482.1677,0.58,Rough,FMS_MARITIME,2026-04-06
2022-03-14,65,VLSFO,15.99,17.5,420.0,24,118.5544,0.98,Rough,FMS_MARITIME,2026-04-06
2022-03-15,65,LSMGO,49.72,16.3,391.2,24,395.7773,0.57,Rough,FMS_MARITIME,2026-04-06
2022-03-16,65,MGO,73.34,10.9,261.6,24,873.0151,0.86,Rough,FMS_MARITIME,2026-04-06
2022-03-17,65,HFO,74.32,16.6,398.4,24,580.9048,0.54,Calm,FMS_MARITIME,2026-04-06
2022-03-18,65,LNG,72.2,16.0,384.0,24,585.4969,0.49,Rough,FMS_MARITIME,2026-04-06
2022-03-19,65,HFO,55.98,11.7,280.8,24,620.8038,0.58,Rough,FMS_MARITIME,2026-04-06
2022-03-20,65,VLSFO,78.62,13.1,314.4,24,778.6981,0.4,Rough,FMS_MARITIME,2026-04-06
2022-03-21,65,VLSFO,17.82,14.6,350.4,24,158.3661,0.41,Moderate,FMS_MARITIME,2026-04-06
2022-03-22,65,HFO,19.81,15.2,364.8,24,169.1018,0.82,Calm,FMS_MARITIME,2026-04-06
2022-03-23,65,LSMGO,80.82,14.1,338.4,24,743.716,0.61,Calm,FMS_MARITIME,2026-04-06
2022-03-24,65,LSMGO,76.9,16.6,398.4,24,601.0708,0.78,Rough,FMS_MARITIME,2026-04-06
2022-03-25,65,MGO,76.42,14.7,352.8,24,674.5235,0.47,Calm,FMS_MARITIME,2026-04-06
2022-03-26,65,HFO,61.67,14.0,336.0,24,571.5487,0.54,Moderate,FMS_MARITIME,2026-04-06
2022-03-27,65,HFO,51.3,9.8,235.2,24,679.2015,0.95,Rough,FMS_MARITIME,2026-04-06
2022-03-28,65,LSMGO,30.48,15.0,360.0,24,263.652,0.66,Rough,FMS_MARITIME,2026-04-06
2022-03-28,65,HFO,81.92,8.3,199.2,24,1280.6169,0.96,Moderate,FMS_MARITIME,2026-04-06
2022-03-28,65,MGO,71.43,10.7,256.8,24,866.1722,0.4,Rough,FMS_MARITIME,2026-04-06
2022-03-01,66,LSMGO,78.5,14.8,355.2,24,688.201,0.42,Calm,FMS_MARITIME,2026-04-06
2022-03-02,66,LSMGO,21.4,14.2,340.8,24,195.5387,0.72,Calm,FMS_MARITIME,2026-04-06
2022-03-03,66,LSMGO,22.02,17.8,427.2,24,160.511,0.9,Rough,FMS_MARITIME,2026-04-06
2022-03-04,66,LNG,65.57,10.3,247.2,24,825.991,0.6,Calm,FMS_MARITIME,2026-04-06
2022-03-05,66,HFO,39.86,17.4,417.6,24,297.2319,0.43,Moderate,FMS_MARITIME,2026-04-06
2022-03-06,66,HFO,83.68,14.1,338.4,24,770.034,0.93,Rough,FMS_MARITIME,2026-04-06
2022-03-07,66,MGO,43.26,16.0,384.0,24,350.8116,0.67,Calm,FMS_MARITIME,2026-04-06
2022-03-08,66,LSMGO,78.1,17.8,427.2,24,569.2963,0.77,Moderate,FMS_MARITIME,2026-04-06
2022-03-09,66,VLSFO,17.89,14.4,345.6,24,161.1964,0.82,Moderate,FMS_MARITIME,2026-04-06
2022-03-10,66,LNG,45.01,15.9,381.6,24,367.2986,0.87,Calm,FMS_MARITIME,2026-04-06
2022-03-11,66,VLSFO,69.48,12.2,292.8,24,738.9369,0.48,Rough,FMS_MARITIME,2026-04-06
2022-03-12,66,HFO,32.94,8.3,199.2,24,514.9355,0.91,Calm,FMS_MARITIME,2026-04-06
2022-03-13,66,HFO,45.22,16.1,386.4,24,364.4283,0.61,Calm,FMS_MARITIME,2026-04-06
2022-03-14,66,HFO,54.16,17.6,422.4,24,399.2761,0.42,Rough,FMS_MARITIME,2026-04-06
2022-03-15,66,LNG,68.16,14.2,340.8,24,622.8,0.53,Moderate,FMS_MARITIME,2026-04-06
2022-03-16,66,HFO,80.59,9.9,237.6,24,1056.2174,0.48,Rough,FMS_MARITIME,2026-04-06
2022-03-17,66,HFO,62.18,15.9,381.6,24,507.4123,0.95,Calm,FMS_MARITIME,2026-04-06
2022-03-18,66,VLSFO,43.65,12.6,302.4,24,449.4911,0.63,Calm,FMS_MARITIME,2026-04-06
2022-03-19,66,LNG,51.95,11.4,273.6,24,591.273,0.73,Rough,FMS_MARITIME,2026-04-06
2022-03-20,66,LNG,15.96,13.4,321.6,24,154.5381,0.84,Rough,FMS_MARITIME,2026-04-06
2022-03-21,66,LSMGO,40.18,17.9,429.6,24,291.2489,0.8,Moderate,FMS_MARITIME,2026-04-06
2022-03-22,66,LSMGO,30.3,10.8,259.2,24,364.0208,0.9,Calm,FMS_MARITIME,2026-04-06
2022-03-23,66,LNG,31.56,11.9,285.6,24,344.1101,0.91,Rough,FMS_MARITIME,2026-04-06
2022-03-24,66,HFO,45.98,15.4,369.6,24,387.3964,0.87,Moderate,FMS_MARITIME,2026-04-06
2022-03-25,66,VLSFO,18.4,16.6,398.4,24,143.8193,0.65,Calm,FMS_MARITIME,2026-04-06
2022-03-26,66,HFO,81.01,9.1,218.4,24,1155.0602,0.59,Rough,FMS_MARITIME,2026-04-06
2022-03-27,66,VLSFO,32.41,10.5,252.0,24,400.495,0.9,Rough,FMS_MARITIME,2026-04-06
2022-03-28,66,VLSFO,81.85,14.7,352.8,24,722.4515,0.72,Moderate,FMS_MARITIME,2026-04-06
2022-03-28,66,HFO,81.34,16.4,393.6,24,643.5284,0.84,Calm,FMS_MARITIME,2026-04-06
2022-03-28,66,LSMGO,71.77,13.8,331.2,24,674.794,0.8,Calm,FMS_MARITIME,2026-04-06
2022-03-01,67,VLSFO,30.27,11.3,271.2,24,347.5692,0.87,Calm,FMS_MARITIME,2026-04-06
2022-03-02,67,VLSFO,59.92,8.7,208.8,24,893.6345,0.86,Rough,FMS_MARITIME,2026-04-06
2022-03-03,67,VLSFO,76.22,9.4,225.6,24,1052.0793,0.94,Calm,FMS_MARITIME,2026-04-06
2022-03-04,67,VLSFO,42.55,13.3,319.2,24,415.1024,0.84,Rough,FMS_MARITIME,2026-04-06
2022-03-05,67,HFO,22.63,12.1,290.4,24,242.6647,0.49,Moderate,FMS_MARITIME,2026-04-06
2022-03-06,67,MGO,71.9,10.7,256.8,24,871.8715,0.96,Moderate,FMS_MARITIME,2026-04-06
2022-03-07,67,VLSFO,45.0,15.6,374.4,24,374.2788,0.72,Calm,FMS_MARITIME,2026-04-06
2022-03-08,67,MGO,78.89,16.0,384.0,24,639.7486,0.99,Moderate,FMS_MARITIME,2026-04-06
2022-03-09,67,HFO,52.41,10.7,256.8,24,635.5325,0.97,Calm,FMS_MARITIME,2026-04-06
2022-03-10,67,LNG,64.55,8.5,204.0,24,985.3368,0.93,Rough,FMS_MARITIME,2026-04-06
2022-03-11,67,LNG,78.85,10.4,249.6,24,983.7296,0.62,Moderate,FMS_MARITIME,2026-04-06
2022-03-12,67,HFO,65.94,12.7,304.8,24,673.6783,0.74,Moderate,FMS_MARITIME,2026-04-06
2022-03-13,67,VLSFO,62.06,11.8,283.2,24,682.397,0.9,Rough,FMS_MARITIME,2026-04-06
2022-03-14,67,VLSFO,50.63,8.3,199.2,24,791.475,0.69,Moderate,FMS_MARITIME,2026-04-06
2022-03-15,67,LNG,59.72,12.8,307.2,24,605.3648,0.89,Moderate,FMS_MARITIME,2026-04-06
2022-03-16,67,HFO,84.97,9.6,230.4,24,1148.4227,0.63,Rough,FMS_MARITIME,2026-04-06
2022-03-17,67,LSMGO,30.44,14.1,338.4,24,280.1128,0.92,Moderate,FMS_MARITIME,2026-04-06
2022-03-18,67,MGO,19.33,15.6,374.4,24,160.7736,0.82,Moderate,FMS_MARITIME,2026-04-06
2022-03-19,67,MGO,64.44,13.3,319.2,24,628.6534,0.49,Moderate,FMS_MARITIME,2026-04-06
2022-03-20,67,LSMGO,75.97,11.9,285.6,24,828.3284,0.73,Rough,FMS_MARITIME,2026-04-06
2022-03-21,67,LSMGO,67.59,9.9,237.6,24,885.8386,0.57,Calm,FMS_MARITIME,2026-04-06
2022-03-22,67,MGO,19.5,12.5,300.0,24,202.41,0.75,Moderate,FMS_MARITIME,2026-04-06
2022-03-23,67,LNG,83.69,10.5,252.0,24,1034.1693,0.8,Rough,FMS_MARITIME,2026-04-06
2022-03-24,67,LSMGO,52.39,8.2,196.8,24,828.9759,0.4,Moderate,FMS_MARITIME,2026-04-06
2022-03-25,67,HFO,27.48,13.9,333.6,24,256.5129,0.6,Rough,FMS_MARITIME,2026-04-06
2022-03-26,67,MGO,60.52,11.5,276.0,24,682.8235,0.82,Calm,FMS_MARITIME,2026-04-06
2022-03-27,67,LNG,70.08,16.2,388.8,24,561.2889,0.57,Moderate,FMS_MARITIME,2026-04-06
2022-03-28,67,VLSFO,34.13,14.6,350.4,24,303.3128,0.84,Calm,FMS_MARITIME,2026-04-06
2022-03-28,67,HFO,82.52,16.3,391.2,24,656.8693,0.41,Rough,FMS_MARITIME,2026-04-06
2022-03-28,67,HFO,84.84,13.3,319.2,24,827.6684,0.78,Moderate,FMS_MARITIME,2026-04-06
2022-03-01,68,LSMGO,59.89,10.8,259.2,24,719.5118,0.9,Calm,FMS_MARITIME,2026-04-06
2022-03-02,68,LSMGO,20.84,9.1,218.4,24,297.1418,0.83,Rough,FMS_MARITIME,2026-04-06
2022-03-03,68,LNG,43.27,15.3,367.2,24,366.9466,0.74,Moderate,FMS_MARITIME,2026-04-06
2022-03-04,68,MGO,84.73,14.0,336.0,24,785.2655,0.7,Calm,FMS_MARITIME,2026-04-06
2022-03-05,68,LNG,17.04,13.3,319.2,24,166.2361,0.61,Moderate,FMS_MARITIME,2026-04-06
2022-03-06,68,MGO,33.11,16.5,396.0,24,260.365,0.48,Calm,FMS_MARITIME,2026-04-06
2022-03-07,68,MGO,80.49,11.4,273.6,24,916.1033,0.93,Moderate,FMS_MARITIME,2026-04-06
2022-03-08,68,LSMGO,36.11,13.3,319.2,24,352.2761,0.92,Rough,FMS_MARITIME,2026-04-06
2022-03-09,68,VLSFO,45.58,15.0,360.0,24,394.267,0.44,Rough,FMS_MARITIME,2026-04-06
2022-03-10,68,HFO,73.06,15.4,369.6,24,615.5542,0.85,Calm,FMS_MARITIME,2026-04-06
2022-03-11,68,HFO,64.78,9.1,218.4,24,923.6489,0.49,Moderate,FMS_MARITIME,2026-04-06
2022-03-12,68,MGO,43.56,8.6,206.4,24,657.1988,0.49,Moderate,FMS_MARITIME,2026-04-06
2022-03-13,68,MGO,80.54,16.9,405.6,24,618.347,0.58,Rough,FMS_MARITIME,2026-04-06
2022-03-14,68,HFO,37.72,15.5,372.0,24,315.7529,0.64,Rough,FMS_MARITIME,2026-04-06
2022-03-15,68,MGO,29.41,11.1,266.4,24,343.7791,0.68,Moderate,FMS_MARITIME,2026-04-06
2022-03-16,68,HFO,50.13,9.1,218.4,24,714.7657,0.85,Calm,FMS_MARITIME,2026-04-06
2022-03-17,68,MGO,32.56,14.9,357.6,24,283.5342,0.67,Rough,FMS_MARITIME,2026-04-06
2022-03-18,68,VLSFO,27.03,16.1,386.4,24,217.8349,0.49,Rough,FMS_MARITIME,2026-04-06
2022-03-19,68,MGO,74.15,17.2,412.8,24,559.3583,0.94,Moderate,FMS_MARITIME,2026-04-06
2022-03-20,68,MGO,28.84,13.1,314.4,24,285.6481,0.82,Calm,FMS_MARITIME,2026-04-06
2022-03-21,68,LNG,37.25,11.2,268.8,24,431.5346,0.4,Calm,FMS_MARITIME,2026-04-06
2022-03-22,68,LSMGO,24.8,12.5,300.0,24,257.424,0.94,Moderate,FMS_MARITIME,2026-04-06
2022-03-23,68,HFO,15.37,17.0,408.0,24,117.3093,0.46,Rough,FMS_MARITIME,2026-04-06
2022-03-24,68,HFO,41.65,11.6,278.4,24,465.8696,0.77,Rough,FMS_MARITIME,2026-04-06
2022-03-25,68,LNG,50.72,11.8,283.2,24,557.7051,0.8,Calm,FMS_MARITIME,2026-04-06
2022-03-26,68,LSMGO,16.08,8.4,201.6,24,248.3786,0.96,Calm,FMS_MARITIME,2026-04-06
2022-03-27,68,HFO,36.93,8.4,201.6,24,570.4366,0.77,Rough,FMS_MARITIME,2026-04-06
2022-03-28,68,MGO,73.61,17.5,420.0,24,545.7656,0.6,Moderate,FMS_MARITIME,2026-04-06
2022-03-28,68,HFO,69.6,9.0,216.0,24,1003.4,0.42,Moderate,FMS_MARITIME,2026-04-06
2022-03-28,68,MGO,49.55,14.2,340.8,24,452.7544,0.91,Moderate,FMS_MARITIME,2026-04-06
2022-03-01,69,VLSFO,21.5,11.7,280.8,24,238.4295,0.52,Calm,FMS_MARITIME,2026-04-06
2022-03-02,69,MGO,33.24,11.4,273.6,24,378.3237,0.4,Moderate,FMS_MARITIME,2026-04-06
2022-03-03,69,MGO,72.1,8.0,192.0,24,1169.3719,0.41,Calm,FMS_MARITIME,2026-04-06
2022-03-04,69,LSMGO,27.43,14.9,357.6,24,238.8619,0.57,Rough,FMS_MARITIME,2026-04-06
2022-03-05,69,LNG,62.17,10.0,240.0,24,806.6558,0.62,Moderate,FMS_MARITIME,2026-04-06
2022-03-06,69,HFO,51.21,17.7,424.8,24,375.3953,0.75,Moderate,FMS_MARITIME,2026-04-06
2022-03-07,69,VLSFO,51.38,13.6,326.4,24,490.1879,0.65,Moderate,FMS_MARITIME,2026-04-06
2022-03-08,69,LNG,73.52,11.9,285.6,24,801.6151,0.58,Calm,FMS_MARITIME,2026-04-06
2022-03-09,69,LNG,65.04,15.8,379.2,24,534.1101,0.79,Rough,FMS_MARITIME,2026-04-06
2022-03-10,69,MGO,33.69,17.9,429.6,24,244.2054,0.69,Calm,FMS_MARITIME,2026-04-06
2022-03-11,69,LSMGO,34.15,9.1,218.4,24,486.919,0.61,Rough,FMS_MARITIME,2026-04-06
2022-03-12,69,LNG,64.7,11.9,285.6,24,705.4475,0.87,Calm,FMS_MARITIME,2026-04-06
2022-03-13,69,HFO,19.91,14.1,338.4,24,183.2144,0.53,Calm,FMS_MARITIME,2026-04-06
2022-03-14,69,LSMGO,79.63,10.9,261.6,24,947.8892,0.4,Calm,FMS_MARITIME,2026-04-06
2022-03-15,69,MGO,73.24,11.5,276.0,24,826.3383,0.59,Rough,FMS_MARITIME,2026-04-06
2022-03-16,69,MGO,84.38,14.7,352.8,24,744.7827,0.98,Calm,FMS_MARITIME,2026-04-06
2022-03-17,69,VLSFO,68.34,13.3,319.2,24,666.7004,0.85,Moderate,FMS_MARITIME,2026-04-06
2022-03-18,69,MGO,73.27,17.1,410.4,24,555.9522,0.77,Rough,FMS_MARITIME,2026-04-06
2022-03-19,69,LSMGO,54.38,9.1,218.4,24,775.3632,0.42,Moderate,FMS_MARITIME,2026-04-06
2022-03-20,69,LSMGO,41.81,13.5,324.0,24,401.8406,0.59,Rough,FMS_MARITIME,2026-04-06
2022-03-21,69,VLSFO,32.22,13.8,331.2,24,302.938,0.68,Moderate,FMS_MARITIME,2026-04-06
2022-03-22,69,LNG,53.36,11.6,278.4,24,596.85,0.43,Rough,FMS_MARITIME,2026-04-06
2022-03-23,69,HFO,26.06,16.3,391.2,24,207.4408,0.96,Calm,FMS_MARITIME,2026-04-06
2022-03-24,69,LSMGO,60.85,11.9,285.6,24,663.4695,0.72,Moderate,FMS_MARITIME,2026-04-06
2022-03-25,69,MGO,54.11,11.8,283.2,24,594.9807,0.89,Moderate,FMS_MARITIME,2026-04-06
2022-03-26,69,LSMGO,48.49,9.0,216.0,24,699.0642,0.92,Calm,FMS_MARITIME,2026-04-06
2022-03-27,69,VLSFO,53.15,15.7,376.8,24,439.2492,0.99,Calm,FMS_MARITIME,2026-04-06
2022-03-28,69,VLSFO,80.39,10.9,261.6,24,956.936,0.85,Calm,FMS_MARITIME,2026-04-06
2022-03-28,69,MGO,26.01,11.8,283.2,24,285.9998,0.92,Rough,FMS_MARITIME,2026-04-06
2022-03-28,69,MGO,35.86,13.5,324.0,24,344.6544,0.5,Calm,FMS_MARITIME,2026-04-06
2022-03-01,70,VLSFO,84.95,15.3,367.2,24,720.4093,0.88,Rough,FMS_MARITIME,2026-04-06
2022-03-02,70,HFO,26.82,17.1,410.4,24,203.5026,0.53,Calm,FMS_MARITIME,2026-04-06
2022-03-03,70,LSMGO,75.59,16.5,396.0,24,594.4123,0.92,Rough,FMS_MARITIME,2026-04-06
2022-03-04,70,VLSFO,84.99,15.5,372.0,24,711.4485,0.42,Rough,FMS_MARITIME,2026-04-06
2022-03-05,70,VLSFO,60.15,9.7,232.8,24,804.5838,0.69,Rough,FMS_MARITIME,2026-04-06
2022-03-06,70,MGO,21.99,8.9,213.6,24,320.5846,0.85,Calm,FMS_MARITIME,2026-04-06
2022-03-07,70,LSMGO,73.01,10.3,247.2,24,919.7133,0.53,Moderate,FMS_MARITIME,2026-04-06
2022-03-08,70,LNG,76.78,9.3,223.2,24,1071.2048,1.0,Moderate,FMS_MARITIME,2026-04-06
2022-03-09,70,LSMGO,81.25,13.8,331.2,24,763.9266,0.72,Moderate,FMS_MARITIME,2026-04-06
2022-03-10,70,HFO,48.97,13.7,328.8,24,463.7852,0.51,Calm,FMS_MARITIME,2026-04-06
2022-03-11,70,VLSFO,83.68,15.3,367.2,24,709.6392,0.98,Calm,FMS_MARITIME,2026-04-06
2022-03-12,70,VLSFO,22.71,12.7,304.8,24,232.0175,0.64,Calm,FMS_MARITIME,2026-04-06
2022-03-13,70,LSMGO,75.61,17.6,422.4,24,557.4089,0.44,Rough,FMS_MARITIME,2026-04-06
2022-03-14,70,VLSFO,47.83,11.3,271.2,24,549.1985,0.87,Rough,FMS_MARITIME,2026-04-06
2022-03-15,70,LNG,41.13,8.7,208.8,24,613.4043,0.8,Calm,FMS_MARITIME,2026-04-06
2022-03-16,70,HFO,68.93,8.8,211.2,24,1016.3259,0.52,Calm,FMS_MARITIME,2026-04-06
2022-03-17,70,HFO,24.04,10.2,244.8,24,305.8029,0.85,Rough,FMS_MARITIME,2026-04-06
2022-03-18,70,HFO,57.77,11.3,271.2,24,663.3325,0.46,Calm,FMS_MARITIME,2026-04-06
2022-03-19,70,LSMGO,64.41,17.1,410.4,24,488.725,0.55,Calm,FMS_MARITIME,2026-04-06
2022-03-20,70,LNG,25.87,11.5,276.0,24,291.8811,0.43,Calm,FMS_MARITIME,2026-04-06
2022-03-21,70,HFO,30.4,13.3,319.2,24,296.5714,0.62,Rough,FMS_MARITIME,2026-04-06
2022-03-22,70,MGO,61.63,12.2,292.8,24,655.4502,0.58,Rough,FMS_MARITIME,2026-04-06
2022-03-23,70,VLSFO,33.07,11.2,268.8,24,383.11,0.94,Rough,FMS_MARITIME,2026-04-06
2022-03-24,70,VLSFO,51.48,12.2,292.8,24,547.5025,0.61,Rough,FMS_MARITIME,2026-04-06
2022-03-25,70,LSMGO,75.29,13.9,333.6,24,702.7969,0.59,Calm,FMS_MARITIME,2026-04-06
2022-03-26,70,LNG,23.43,15.1,362.4,24,201.3273,0.64,Calm,FMS_MARITIME,2026-04-06
2022-03-27,70,MGO,44.93,10.1,242.4,24,577.1948,0.87,Rough,FMS_MARITIME,2026-04-06
2022-03-28,70,LNG,72.6,14.6,350.4,24,645.1952,0.48,Rough,FMS_MARITIME,2026-04-06
2022-03-28,70,LNG,20.92,13.3,319.2,24,204.088,0.82,Moderate,FMS_MARITIME,2026-04-06
2022-03-28,70,LNG,54.66,10.6,254.4,24,669.0693,0.72,Calm,FMS_MARITIME,2026-04-06
2022-03-01,71,VLSFO,15.55,16.3,391.2,24,123.7799,0.73,Rough,FMS_MARITIME,2026-04-06
2022-03-02,71,LNG,23.64,13.5,324.0,24,227.2067,0.7,Calm,FMS_MARITIME,2026-04-06
2022-03-03,71,LNG,33.44,10.4,249.6,24,417.1962,0.88,Moderate,FMS_MARITIME,2026-04-06
2022-03-04,71,LNG,73.09,14.5,348.0,24,654.0295,0.52,Calm,FMS_MARITIME,2026-04-06
2022-03-05,71,VLSFO,26.04,11.6,278.4,24,291.2664,0.96,Moderate,FMS_MARITIME,2026-04-06
2022-03-06,71,MGO,54.31,14.8,355.2,24,476.1299,0.43,Rough,FMS_MARITIME,2026-04-06
2022-03-07,71,LSMGO,76.55,14.2,340.8,24,699.4621,0.68,Rough,FMS_MARITIME,2026-04-06
2022-03-08,71,MGO,27.67,9.2,220.8,24,390.2372,0.81,Rough,FMS_MARITIME,2026-04-06
2022-03-09,71,HFO,38.99,11.1,266.4,24,455.7615,0.68,Calm,FMS_MARITIME,2026-04-06
2022-03-10,71,LNG,31.21,8.5,204.0,24,476.4115,0.74,Moderate,FMS_MARITIME,2026-04-06
2022-03-11,71,VLSFO,60.29,12.7,304.8,24,615.9549,0.9,Rough,FMS_MARITIME,2026-04-06
2022-03-12,71,MGO,24.08,14.7,352.8,24,212.5429,0.59,Moderate,FMS_MARITIME,2026-04-06
2022-03-13,71,MGO,46.38,10.7,256.8,24,562.4117,0.89,Rough,FMS_MARITIME,2026-04-06
2022-03-14,71,VLSFO,84.56,11.9,285.6,24,921.9882,0.52,Rough,FMS_MARITIME,2026-04-06
2022-03-15,71,HFO,17.16,12.1,290.4,24,184.0091,0.45,Moderate,FMS_MARITIME,2026-04-06
2022-03-16,71,LNG,51.31,16.3,391.2,24,408.4339,0.98,Calm,FMS_MARITIME,2026-04-06
2022-03-17,71,LNG,32.36,8.2,196.8,24,512.0378,0.66,Calm,FMS_MARITIME,2026-04-06
2022-03-18,71,LNG,20.41,13.2,316.8,24,200.621,0.93,Moderate,FMS_MARITIME,2026-04-06
2022-03-19,71,HFO,27.73,9.1,218.4,24,395.381,0.44,Calm,FMS_MARITIME,2026-04-06
2022-03-20,71,HFO,52.42,15.7,376.8,24,433.2162,0.98,Moderate,FMS_MARITIME,2026-04-06
2022-03-21,71,LSMGO,41.25,16.1,386.4,24,332.434,0.52,Moderate,FMS_MARITIME,2026-04-06
2022-03-22,71,MGO,39.18,14.8,355.2,24,343.4868,0.99,Rough,FMS_MARITIME,2026-04-06
2022-03-23,71,HFO,78.09,16.9,405.6,24,599.5371,0.95,Calm,FMS_MARITIME,2026-04-06
2022-03-24,71,VLSFO,32.38,14.6,350.4,24,287.7606,0.73,Moderate,FMS_MARITIME,2026-04-06
2022-03-25,71,VLSFO,19.58,17.7,424.8,24,143.5314,0.63,Rough,FMS_MARITIME,2026-04-06
2022-03-26,71,LSMGO,32.69,11.9,285.6,24,356.4309,0.9,Rough,FMS_MARITIME,2026-04-06
2022-03-27,71,HFO,23.55,8.5,204.0,24,359.4838,0.93,Moderate,FMS_MARITIME,2026-04-06
2022-03-28,71,LSMGO,51.3,15.6,374.4,24,426.6779,0.48,Moderate,FMS_MARITIME,2026-04-06
2022-03-28,71,MGO,47.85,17.5,420.0,24,354.7736,0.89,Moderate,FMS_MARITIME,2026-04-06
2022-03-28,71,VLSFO,69.88,12.3,295.2,24,737.1488,0.55,Rough,FMS_MARITIME,2026-04-06
2022-03-01,72,LSMGO,19.79,13.1,314.4,24,196.0116,0.92,Rough,FMS_MARITIME,2026-04-06
2022-03-02,72,VLSFO,71.11,16.0,384.0,24,576.6577,0.52,Moderate,FMS_MARITIME,2026-04-06
2022-03-03,72,LNG,50.29,9.3,223.2,24,701.6266,0.76,Moderate,FMS_MARITIME,2026-04-06
2022-03-04,72,VLSFO,74.29,10.4,249.6,24,926.8392,0.48,Calm,FMS_MARITIME,2026-04-06
2022-03-05,72,VLSFO,32.84,15.8,379.2,24,269.6829,0.49,Calm,FMS_MARITIME,2026-04-06
2022-03-06,72,VLSFO,81.09,13.4,321.6,24,785.1812,0.83,Calm,FMS_MARITIME,2026-04-06
2022-03-07,72,HFO,68.63,14.0,336.0,24,636.053,0.84,Moderate,FMS_MARITIME,2026-04-06
2022-03-08,72,HFO,35.75,17.8,427.2,24,260.5934,0.47,Calm,FMS_MARITIME,2026-04-06
2022-03-09,72,LSMGO,65.41,14.5,348.0,24,585.3067,0.79,Calm,FMS_MARITIME,2026-04-06
2022-03-10,72,VLSFO,18.15,13.5,324.0,24,174.4417,0.49,Moderate,FMS_MARITIME,2026-04-06
2022-03-11,72,VLSFO,69.35,10.5,252.0,24,856.9679,0.54,Calm,FMS_MARITIME,2026-04-06
2022-03-12,72,LSMGO,41.91,18.0,432.0,24,302.1012,0.4,Calm,FMS_MARITIME,2026-04-06
2022-03-13,72,LNG,76.53,8.0,192.0,24,1241.2209,0.93,Rough,FMS_MARITIME,2026-04-06
2022-03-14,72,LSMGO,72.44,16.5,396.0,24,569.6418,0.47,Moderate,FMS_MARITIME,2026-04-06
2022-03-15,72,MGO,66.12,8.9,213.6,24,963.9404,0.54,Rough,FMS_MARITIME,2026-04-06
2022-03-16,72,VLSFO,41.47,16.0,384.0,24,336.2958,0.43,Rough,FMS_MARITIME,2026-04-06
2022-03-17,72,MGO,29.36,16.6,398.4,24,229.4855,0.7,Calm,FMS_MARITIME,2026-04-06
2022-03-18,72,LNG,38.59,11.3,271.2,24,443.102,0.54,Rough,FMS_MARITIME,2026-04-06
2022-03-19,72,HFO,59.94,15.1,362.4,24,515.0474,0.65,Moderate,FMS_MARITIME,2026-04-06
2022-03-20,72,MGO,32.09,9.3,223.2,24,447.7073,0.44,Rough,FMS_MARITIME,2026-04-06
2022-03-21,72,HFO,73.25,17.7,424.8,24,536.9597,1.0,Rough,FMS_MARITIME,2026-04-06
2022-03-22,72,HFO,50.83,8.3,199.2,24,794.6015,0.72,Rough,FMS_MARITIME,2026-04-06
2022-03-23,72,LSMGO,51.34,8.3,199.2,24,802.5741,0.88,Rough,FMS_MARITIME,2026-04-06
2022-03-24,72,HFO,27.32,14.9,357.6,24,237.904,0.65,Moderate,FMS_MARITIME,2026-04-06
2022-03-25,72,HFO,22.66,11.5,276.0,24,255.6639,0.89,Calm,FMS_MARITIME,2026-04-06
2022-03-26,72,MGO,33.51,8.6,206.4,24,505.5724,0.79,Calm,FMS_MARITIME,2026-04-06
2022-03-27,72,VLSFO,84.04,15.7,376.8,24,694.5344,0.53,Rough,FMS_MARITIME,2026-04-06
2022-03-28,72,HFO,81.36,14.4,345.6,24,733.0875,0.72,Calm,FMS_MARITIME,2026-04-06
2022-03-28,72,VLSFO,16.09,16.5,396.0,24,126.5259,0.56,Moderate,FMS_MARITIME,2026-04-06
2022-03-28,72,LSMGO,33.39,9.6,230.4,24,451.2867,0.63,Moderate,FMS_MARITIME,2026-04-06
2022-03-01,73,MGO,15.91,8.3,199.2,24,248.7136,0.8,Calm,FMS_MARITIME,2026-04-06
2022-03-02,73,MGO,25.59,8.8,211.2,24,377.3071,0.52,Rough,FMS_MARITIME,2026-04-06
2022-03-03,73,HFO,34.03,15.7,376.8,24,281.2352,0.6,Rough,FMS_MARITIME,2026-04-06
2022-03-04,73,LNG,50.06,11.9,285.6,24,545.8223,0.85,Moderate,FMS_MARITIME,2026-04-06
2022-03-05,73,VLSFO,38.91,10.8,259.2,24,467.4604,0.6,Moderate,FMS_MARITIME,2026-04-06
2022-03-06,73,MGO,40.79,16.0,384.0,24,330.7814,0.77,Calm,FMS_MARITIME,2026-04-06
2022-03-07,73,HFO,64.66,11.4,273.6,24,735.9329,0.87,Rough,FMS_MARITIME,2026-04-06
2022-03-08,73,HFO,58.98,14.1,338.4,24,542.7415,0.59,Calm,FMS_MARITIME,2026-04-06
2022-03-09,73,VLSFO,34.2,16.8,403.2,24,264.1339,0.78,Moderate,FMS_MARITIME,2026-04-06
2022-03-10,73,MGO,24.87,13.6,326.4,24,237.2708,0.71,Calm,FMS_MARITIME,2026-04-06
2022-03-11,73,HFO,24.81,15.6,374.4,24,206.3524,0.68,Rough,FMS_MARITIME,2026-04-06
2022-03-12,73,VLSFO,78.33,10.6,254.4,24,958.8035,0.64,Calm,FMS_MARITIME,2026-04-06
2022-03-13,73,VLSFO,75.18,12.9,309.6,24,756.1709,0.72,Calm,FMS_MARITIME,2026-04-06
2022-03-14,73,HFO,33.14,13.6,326.4,24,316.1702,0.48,Calm,FMS_MARITIME,2026-04-06
2022-03-15,73,MGO,46.14,12.0,288.0,24,498.8887,0.89,Rough,FMS_MARITIME,2026-04-06
2022-03-16,73,HFO,37.63,10.7,256.8,24,456.3077,0.54,Calm,FMS_MARITIME,2026-04-06
2022-03-17,73,HFO,58.92,13.5,324.0,24,566.2867,0.77,Calm,FMS_MARITIME,2026-04-06
2022-03-18,73,LSMGO,29.32,13.2,316.8,24,288.2023,0.86,Calm,FMS_MARITIME,2026-04-06
2022-03-19,73,LNG,29.04,16.1,386.4,24,234.0335,0.41,Calm,FMS_MARITIME,2026-04-06
2022-03-20,73,HFO,38.08,8.8,211.2,24,561.4636,0.74,Calm,FMS_MARITIME,2026-04-06
2022-03-21,73,HFO,16.11,12.8,307.2,24,163.3025,0.71,Calm,FMS_MARITIME,2026-04-06
2022-03-22,73,LNG,52.59,10.6,254.4,24,643.7314,0.51,Calm,FMS_MARITIME,2026-04-06
2022-03-23,73,HFO,47.8,17.1,410.4,24,362.693,0.53,Calm,FMS_MARITIME,2026-04-06
2022-03-24,73,LSMGO,31.22,8.1,194.4,24,500.0981,0.9,Moderate,FMS_MARITIME,2026-04-06
2022-03-25,73,MGO,62.78,10.7,256.8,24,761.2808,0.41,Rough,FMS_MARITIME,2026-04-06
2022-03-26,73,VLSFO,21.8,8.4,201.6,24,336.7321,0.92,Calm,FMS_MARITIME,2026-04-06
2022-03-27,73,MGO,68.06,13.6,326.4,24,649.3224,0.67,Rough,FMS_MARITIME,2026-04-06
2022-03-28,73,HFO,15.49,10.6,254.4,24,189.6064,0.62,Rough,FMS_MARITIME,2026-04-06
2022-03-28,73,VLSFO,34.92,8.1,194.4,24,559.3667,0.73,Calm,FMS_MARITIME,2026-04-06
2022-03-28,73,VLSFO,62.43,17.7,424.8,24,457.6436,0.44,Calm,FMS_MARITIME,2026-04-06
2022-03-01,74,LSMGO,33.91,11.0,264.0,24,399.9839,0.69,Calm,FMS_MARITIME,2026-04-06
2022-03-02,74,LSMGO,29.25,14.1,338.4,24,269.1622,0.77,Rough,FMS_MARITIME,2026-04-06
2022-03-03,74,MGO,61.02,8.8,211.2,24,899.6983,0.57,Calm,FMS_MARITIME,2026-04-06
2022-03-04,74,LNG,23.16,12.2,292.8,24,246.3123,0.71,Rough,FMS_MARITIME,2026-04-06
2022-03-05,74,LNG,33.18,13.6,326.4,24,316.5518,0.92,Moderate,FMS_MARITIME,2026-04-06
2022-03-06,74,HFO,23.97,8.3,199.2,24,374.7117,0.72,Rough,FMS_MARITIME,2026-04-06
2022-03-07,74,LNG,78.69,14.3,343.2,24,713.9879,0.76,Calm,FMS_MARITIME,2026-04-06
2022-03-08,74,HFO,58.65,13.9,333.6,24,547.4703,0.56,Moderate,FMS_MARITIME,2026-04-06
2022-03-09,74,MGO,50.31,9.9,237.6,24,659.3659,0.74,Rough,FMS_MARITIME,2026-04-06
2022-03-10,74,MGO,28.37,8.8,211.2,24,418.2963,0.42,Moderate,FMS_MARITIME,2026-04-06
2022-03-11,74,HFO,74.52,12.1,290.4,24,799.0884,0.9,Calm,FMS_MARITIME,2026-04-06
2022-03-12,74,MGO,50.08,13.2,316.8,24,492.2636,0.77,Moderate,FMS_MARITIME,2026-04-06
2022-03-13,74,VLSFO,56.68,13.1,314.4,24,561.3916,0.76,Rough,FMS_MARITIME,2026-04-06
2022-03-14,74,HFO,25.9,11.9,285.6,24,282.3971,0.72,Moderate,FMS_MARITIME,2026-04-06
2022-03-15,74,HFO,77.59,8.7,208.8,24,1157.1612,0.75,Rough,FMS_MARITIME,2026-04-06
2022-03-16,74,MGO,29.4,9.3,223.2,24,410.1774,0.88,Rough,FMS_MARITIME,2026-04-06
2022-03-17,74,VLSFO,67.34,9.6,230.4,24,910.1422,0.77,Rough,FMS_MARITIME,2026-04-06
2022-03-18,74,VLSFO,41.15,17.1,410.4,24,312.2346,0.67,Rough,FMS_MARITIME,2026-04-06
2022-03-19,74,LSMGO,31.33,16.0,384.0,24,254.0667,0.77,Rough,FMS_MARITIME,2026-04-06
2022-03-20,74,LNG,50.58,10.7,256.8,24,613.3416,0.73,Moderate,FMS_MARITIME,2026-04-06
2022-03-21,74,MGO,70.17,15.4,369.6,24,591.205,0.44,Rough,FMS_MARITIME,2026-04-06
2022-03-22,74,HFO,18.87,13.9,333.6,24,176.1426,0.59,Calm,FMS_MARITIME,2026-04-06
2022-03-23,74,VLSFO,20.95,15.2,364.8,24,178.8331,0.8,Moderate,FMS_MARITIME,2026-04-06
2022-03-24,74,LNG,59.73,12.2,292.8,24,635.2432,0.99,Moderate,FMS_MARITIME,2026-04-06
2022-03-25,74,VLSFO,27.88,17.0,408.0,24,212.79,0.64,Moderate,FMS_MARITIME,2026-04-06
2022-03-26,74,LNG,72.7,12.7,304.8,24,742.7421,0.92,Moderate,FMS_MARITIME,2026-04-06
2022-03-27,74,HFO,71.75,11.5,276.0,24,809.5272,0.76,Moderate,FMS_MARITIME,2026-04-06
2022-03-28,74,LSMGO,24.44,9.5,228.0,24,333.7989,0.82,Calm,FMS_MARITIME,2026-04-06
2022-03-28,74,LSMGO,27.89,15.1,362.4,24,239.6508,0.43,Calm,FMS_MARITIME,2026-04-06
2022-03-28,74,HFO,50.38,17.6,422.4,24,371.4094,0.4,Calm,FMS_MARITIME,2026-04-06
2022-03-01,75,HFO,51.7,10.1,242.4,24,664.1658,0.65,Calm,FMS_MARITIME,2026-04-06
2022-03-02,75,LSMGO,28.86,11.2,268.8,24,334.3379,0.45,Calm,FMS_MARITIME,2026-04-06
2022-03-03,75,VLSFO,73.12,16.2,388.8,24,585.637,0.65,Rough,FMS_MARITIME,2026-04-06
2022-03-04,75,HFO,59.08,10.2,244.8,24,751.5324,0.65,Calm,FMS_MARITIME,2026-04-06
2022-03-05,75,HFO,23.47,9.1,218.4,24,334.6409,0.65,Rough,FMS_MARITIME,2026-04-06
2022-03-06,75,LSMGO,68.38,17.5,420.0,24,506.9889,0.98,Calm,FMS_MARITIME,2026-04-06
2022-03-07,75,HFO,22.44,10.7,256.8,24,272.1112,0.57,Rough,FMS_MARITIME,2026-04-06
2022-03-08,75,LNG,72.12,11.9,285.6,24,786.3504,0.44,Moderate,FMS_MARITIME,2026-04-06
2022-03-09,75,LNG,23.3,17.0,408.0,24,177.8338,0.99,Moderate,FMS_MARITIME,2026-04-06
2022-03-10,75,LSMGO,69.3,15.0,360.0,24,599.445,0.53,Calm,FMS_MARITIME,2026-04-06
2022-03-11,75,LNG,34.0,9.0,216.0,24,490.1667,0.95,Calm,FMS_MARITIME,2026-04-06
2022-03-12,75,MGO,60.81,15.3,367.2,24,515.6926,0.8,Moderate,FMS_MARITIME,2026-04-06
2022-03-13,75,HFO,83.87,14.2,340.8,24,766.3474,0.49,Calm,FMS_MARITIME,2026-04-06
2022-03-14,75,VLSFO,49.7,11.2,268.8,24,575.7656,0.89,Moderate,FMS_MARITIME,2026-04-06
2022-03-15,75,HFO,59.97,16.7,400.8,24,465.9346,0.67,Moderate,FMS_MARITIME,2026-04-06
2022-03-16,75,VLSFO,50.73,16.3,391.2,24,403.817,0.65,Rough,FMS_MARITIME,2026-04-06
2022-03-17,75,VLSFO,20.24,9.4,225.6,24,279.3766,0.92,Calm,FMS_MARITIME,2026-04-06
2022-03-18,75,LSMGO,67.65,13.0,312.0,24,675.199,0.46,Moderate,FMS_MARITIME,2026-04-06
2022-03-19,75,LSMGO,80.0,11.0,264.0,24,943.6364,0.75,Moderate,FMS_MARITIME,2026-04-06
2022-03-20,75,LSMGO,58.65,15.7,376.8,24,484.703,0.84,Moderate,FMS_MARITIME,2026-04-06
2022-03-21,75,MGO,20.89,17.1,410.4,24,158.5075,0.71,Moderate,FMS_MARITIME,2026-04-06
2022-03-22,75,VLSFO,80.89,12.1,290.4,24,867.3948,0.48,Moderate,FMS_MARITIME,2026-04-06
2022-03-23,75,LSMGO,21.5,11.4,273.6,24,244.7039,0.79,Calm,FMS_MARITIME,2026-04-06
2022-03-24,75,VLSFO,80.57,13.2,316.8,24,791.9665,0.83,Rough,FMS_MARITIME,2026-04-06
2022-03-25,75,VLSFO,58.99,11.8,283.2,24,648.64,0.71,Rough,FMS_MARITIME,2026-04-06
2022-03-26,75,MGO,71.73,12.4,297.6,24,750.5619,0.41,Rough,FMS_MARITIME,2026-04-06
2022-03-27,75,VLSFO,71.5,14.7,352.8,24,631.0969,0.5,Calm,FMS_MARITIME,2026-04-06
2022-03-28,75,LSMGO,77.66,16.3,391.2,24,618.1831,0.75,Rough,FMS_MARITIME,2026-04-06
2022-03-28,75,HFO,43.37,8.9,213.6,24,632.2761,0.43,Moderate,FMS_MARITIME,2026-04-06
2022-03-28,75,LSMGO,45.5,11.0,264.0,24,536.6932,0.5,Moderate,FMS_MARITIME,2026-04-06
2022-03-01,76,VLSFO,46.16,17.2,412.8,24,348.2128,0.51,Rough,FMS_MARITIME,2026-04-06
2022-03-02,76,MGO,54.33,13.0,312.0,24,542.2552,0.5,Calm,FMS_MARITIME,2026-04-06
2022-03-03,76,LNG,25.07,11.7,280.8,24,278.0199,0.87,Moderate,FMS_MARITIME,2026-04-06
2022-03-04,76,MGO,69.66,17.9,429.6,24,504.9377,0.73,Calm,FMS_MARITIME,2026-04-06
2022-03-05,76,MGO,83.42,8.4,201.6,24,1288.5411,0.72,Rough,FMS_MARITIME,2026-04-06
2022-03-06,76,MGO,29.47,9.8,235.2,24,390.1768,0.42,Moderate,FMS_MARITIME,2026-04-06
2022-03-07,76,LSMGO,77.8,9.6,230.4,24,1051.5156,0.44,Moderate,FMS_MARITIME,2026-04-06
2022-03-08,76,LSMGO,22.51,15.8,379.2,24,184.8527,0.97,Rough,FMS_MARITIME,2026-04-06
2022-03-09,76,MGO,48.75,13.2,316.8,24,479.1903,0.77,Calm,FMS_MARITIME,2026-04-06
2022-03-10,76,LNG,60.02,10.6,254.4,24,734.6788,0.45,Calm,FMS_MARITIME,2026-04-06
2022-03-11,76,MGO,72.05,13.0,312.0,24,719.1144,0.93,Moderate,FMS_MARITIME,2026-04-06
2022-03-12,76,LNG,58.62,8.1,194.4,24,939.0056,0.59,Moderate,FMS_MARITIME,2026-04-06
2022-03-13,76,VLSFO,59.24,11.0,264.0,24,698.7627,0.77,Moderate,FMS_MARITIME,2026-04-06
2022-03-14,76,VLSFO,46.77,8.2,196.8,24,740.0497,0.67,Rough,FMS_MARITIME,2026-04-06
2022-03-15,76,LNG,17.22,10.0,240.0,24,223.4295,0.89,Moderate,FMS_MARITIME,2026-04-06
2022-03-16,76,HFO,46.34,8.6,206.4,24,699.1413,0.63,Moderate,FMS_MARITIME,2026-04-06
2022-03-17,76,LSMGO,73.4,14.9,357.6,24,639.1711,0.67,Rough,FMS_MARITIME,2026-04-06
2022-03-18,76,VLSFO,79.31,9.4,225.6,24,1094.7311,0.7,Rough,FMS_MARITIME,2026-04-06
2022-03-19,76,LSMGO,64.57,17.5,420.0,24,478.7404,0.74,Moderate,FMS_MARITIME,2026-04-06
2022-03-20,76,LSMGO,38.65,16.2,388.8,24,309.5579,0.89,Calm,FMS_MARITIME,2026-04-06
2022-03-21,76,MGO,46.58,11.2,268.8,24,539.621,0.93,Rough,FMS_MARITIME,2026-04-06
2022-03-22,76,HFO,36.98,10.1,242.4,24,475.0649,0.69,Calm,FMS_MARITIME,2026-04-06
2022-03-23,76,LNG,84.32,14.9,357.6,24,734.2631,0.98,Calm,FMS_MARITIME,2026-04-06
2022-03-24,76,HFO,21.3,16.2,388.8,24,170.5972,0.71,Rough,FMS_MARITIME,2026-04-06
2022-03-25,76,VLSFO,25.41,12.1,290.4,24,272.475,0.82,Calm,FMS_MARITIME,2026-04-06
2022-03-26,76,HFO,70.44,8.7,208.8,24,1050.5276,0.56,Moderate,FMS_MARITIME,2026-04-06
2022-03-27,76,LSMGO,72.98,8.6,206.4,24,1101.0645,0.54,Rough,FMS_MARITIME,2026-04-06
2022-03-28,76,VLSFO,19.82,15.6,374.4,24,164.849,0.48,Calm,FMS_MARITIME,2026-04-06
2022-03-28,76,HFO,32.27,14.5,348.0,24,288.7609,0.56,Rough,FMS_MARITIME,2026-04-06
2022-03-28,76,LNG,75.4,12.2,292.8,24,801.8975,0.56,Rough,FMS_MARITIME,2026-04-06
2022-03-01,77,LNG,35.53,14.7,352.8,24,313.6066,0.49,Rough,FMS_MARITIME,2026-04-06
2022-03-02,77,LSMGO,33.34,11.9,285.6,24,363.5181,0.74,Moderate,FMS_MARITIME,2026-04-06
2022-03-03,77,LSMGO,20.0,13.5,324.0,24,192.2222,0.46,Calm,FMS_MARITIME,2026-04-06
2022-03-04,77,LNG,68.51,8.7,208.8,24,1021.744,0.8,Moderate,FMS_MARITIME,2026-04-06
2022-03-05,77,VLSFO,68.02,9.3,223.2,24,948.9887,0.73,Moderate,FMS_MARITIME,2026-04-06
2022-03-06,77,LSMGO,21.8,9.6,230.4,24,294.6406,0.52,Moderate,FMS_MARITIME,2026-04-06
2022-03-07,77,HFO,82.06,12.1,290.4,24,879.9409,0.78,Rough,FMS_MARITIME,2026-04-06
2022-03-08,77,LNG,37.18,15.4,369.6,24,313.2536,0.83,Moderate,FMS_MARITIME,2026-04-06
2022-03-09,77,HFO,30.2,10.0,240.0,24,391.845,1.0,Rough,FMS_MARITIME,2026-04-06
2022-03-10,77,MGO,35.85,17.0,408.0,24,273.6199,0.93,Rough,FMS_MARITIME,2026-04-06
2022-03-11,77,LNG,63.7,9.7,232.8,24,852.0696,0.66,Moderate,FMS_MARITIME,2026-04-06
2022-03-12,77,MGO,30.1,9.1,218.4,24,429.1731,0.79,Rough,FMS_MARITIME,2026-04-06
2022-03-13,77,VLSFO,39.7,10.6,254.4,24,485.9505,0.61,Moderate,FMS_MARITIME,2026-04-06
2022-03-14,77,MGO,83.53,10.4,249.6,24,1042.1171,0.77,Calm,FMS_MARITIME,2026-04-06
2022-03-15,77,VLSFO,47.79,11.7,280.8,24,529.9788,0.68,Rough,FMS_MARITIME,2026-04-06
2022-03-16,77,LNG,32.52,9.3,223.2,24,453.7065,0.74,Rough,FMS_MARITIME,2026-04-06
2022-03-17,77,MGO,69.24,12.1,290.4,24,742.4702,0.6,Rough,FMS_MARITIME,2026-04-06
2022-03-18,77,MGO,25.84,16.5,396.0,24,203.1964,0.88,Moderate,FMS_MARITIME,2026-04-06
2022-03-19,77,LSMGO,67.49,15.9,381.6,24,550.7439,0.6,Calm,FMS_MARITIME,2026-04-06
2022-03-20,77,VLSFO,39.93,11.5,276.0,24,450.5146,0.68,Moderate,FMS_MARITIME,2026-04-06
2022-03-21,77,HFO,57.0,17.0,408.0,24,435.0441,0.72,Moderate,FMS_MARITIME,2026-04-06
2022-03-22,77,LNG,48.46,9.6,230.4,24,654.9672,0.45,Moderate,FMS_MARITIME,2026-04-06
2022-03-23,77,HFO,46.5,16.5,396.0,24,365.6591,0.9,Rough,FMS_MARITIME,2026-04-06
2022-03-24,77,LNG,46.61,8.1,194.4,24,746.6231,0.4,Calm,FMS_MARITIME,2026-04-06
2022-03-25,77,MGO,80.83,15.1,362.4,24,694.5492,0.59,Rough,FMS_MARITIME,2026-04-06
2022-03-26,77,HFO,20.19,11.4,273.6,24,229.7941,0.99,Calm,FMS_MARITIME,2026-04-06
2022-03-27,77,HFO,26.08,16.4,393.6,24,206.3341,0.95,Moderate,FMS_MARITIME,2026-04-06
2022-03-28,77,LNG,20.91,12.2,292.8,24,222.383,0.87,Calm,FMS_MARITIME,2026-04-06
2022-03-28,77,LSMGO,42.98,8.5,204.0,24,656.0771,0.4,Moderate,FMS_MARITIME,2026-04-06
2022-03-28,77,LSMGO,73.61,10.9,261.6,24,876.2291,0.77,Rough,FMS_MARITIME,2026-04-06
2022-03-01,78,HFO,67.04,15.7,376.8,24,554.0408,0.42,Rough,FMS_MARITIME,2026-04-06
2022-03-02,78,LNG,15.9,8.9,213.6,24,231.8006,0.89,Calm,FMS_MARITIME,2026-04-06
2022-03-03,78,MGO,78.48,13.5,324.0,24,754.28,0.63,Calm,FMS_MARITIME,2026-04-06
2022-03-04,78,MGO,66.22,11.8,283.2,24,728.1394,0.49,Calm,FMS_MARITIME,2026-04-06
2022-03-05,78,LSMGO,58.15,9.3,223.2,24,811.2863,0.69,Moderate,FMS_MARITIME,2026-04-06
2022-03-06,78,HFO,34.22,9.7,232.8,24,457.7366,0.77,Moderate,FMS_MARITIME,2026-04-06
2022-03-07,78,MGO,29.75,12.7,304.8,24,303.9419,0.95,Calm,FMS_MARITIME,2026-04-06
2022-03-08,78,MGO,20.1,12.5,300.0,24,208.638,0.9,Calm,FMS_MARITIME,2026-04-06
2022-03-09,78,HFO,78.87,12.5,300.0,24,818.6706,0.72,Moderate,FMS_MARITIME,2026-04-06
2022-03-10,78,MGO,49.51,16.8,403.2,24,382.3763,0.49,Rough,FMS_MARITIME,2026-04-06
2022-03-11,78,LNG,76.8,11.3,271.2,24,881.8407,0.46,Rough,FMS_MARITIME,2026-04-06
2022-03-12,78,LNG,79.27,14.4,345.6,24,714.2557,0.92,Rough,FMS_MARITIME,2026-04-06
2022-03-13,78,LNG,46.25,16.0,384.0,24,375.0586,0.54,Calm,FMS_MARITIME,2026-04-06
2022-03-14,78,LSMGO,45.91,10.3,247.2,24,578.3323,0.87,Calm,FMS_MARITIME,2026-04-06
2022-03-15,78,HFO,81.14,13.9,333.6,24,757.404,0.88,Rough,FMS_MARITIME,2026-04-06
2022-03-16,78,VLSFO,81.94,12.7,304.8,24,837.1429,0.8,Calm,FMS_MARITIME,2026-04-06
2022-03-17,78,VLSFO,73.61,15.3,367.2,24,624.2417,0.86,Calm,FMS_MARITIME,2026-04-06
2022-03-18,78,LNG,78.63,9.5,228.0,24,1073.9203,0.59,Rough,FMS_MARITIME,2026-04-06
2022-03-19,78,LNG,83.97,10.1,242.4,24,1078.7235,0.81,Rough,FMS_MARITIME,2026-04-06
2022-03-20,78,LSMGO,59.36,17.4,417.6,24,442.6414,0.91,Moderate,FMS_MARITIME,2026-04-06
2022-03-21,78,MGO,29.43,16.3,391.2,24,234.2664,0.66,Moderate,FMS_MARITIME,2026-04-06
2022-03-22,78,LSMGO,17.73,14.3,343.2,24,160.8719,0.84,Calm,FMS_MARITIME,2026-04-06
2022-03-23,78,HFO,20.97,10.4,249.6,24,261.6209,0.99,Moderate,FMS_MARITIME,2026-04-06
2022-03-24,78,LNG,61.0,16.4,393.6,24,482.6067,0.91,Rough,FMS_MARITIME,2026-04-06
2022-03-25,78,VLSFO,72.91,11.4,273.6,24,829.8309,0.69,Calm,FMS_MARITIME,2026-04-06
2022-03-26,78,VLSFO,20.0,11.0,264.0,24,235.9091,0.86,Moderate,FMS_MARITIME,2026-04-06
2022-03-27,78,VLSFO,58.19,17.9,429.6,24,421.7962,0.55,Rough,FMS_MARITIME,2026-04-06
2022-03-28,78,MGO,35.38,14.6,350.4,24,314.4216,0.9,Rough,FMS_MARITIME,2026-04-06
2022-03-28,78,LSMGO,36.7,15.5,372.0,24,307.2145,0.55,Calm,FMS_MARITIME,2026-04-06
2022-03-28,78,HFO,22.87,11.8,283.2,24,251.4731,0.62,Moderate,FMS_MARITIME,2026-04-06
2022-03-01,79,LSMGO,69.87,16.3,391.2,24,556.1738,0.92,Rough,FMS_MARITIME,2026-04-06
2022-03-02,79,LNG,77.09,17.7,424.8,24,565.1089,0.89,Calm,FMS_MARITIME,2026-04-06
2022-03-03,79,LNG,48.1,10.7,256.8,24,583.2687,0.83,Calm,FMS_MARITIME,2026-04-06
2022-03-04,79,HFO,18.21,14.3,343.2,24,165.2271,0.8,Calm,FMS_MARITIME,2026-04-06
2022-03-05,79,HFO,31.35,11.5,276.0,24,353.7098,0.78,Calm,FMS_MARITIME,2026-04-06
2022-03-06,79,VLSFO,27.99,8.4,201.6,24,432.3455,0.85,Moderate,FMS_MARITIME,2026-04-06
2022-03-07,79,LSMGO,31.35,17.7,424.8,24,229.8114,0.44,Moderate,FMS_MARITIME,2026-04-06
2022-03-08,79,VLSFO,79.59,9.5,228.0,24,1087.0318,0.61,Calm,FMS_MARITIME,2026-04-06
2022-03-09,79,HFO,64.7,8.8,211.2,24,953.9574,0.59,Moderate,FMS_MARITIME,2026-04-06
2022-03-10,79,LNG,52.91,16.0,384.0,24,429.067,0.5,Rough,FMS_MARITIME,2026-04-06
2022-03-11,79,HFO,52.4,17.6,422.4,24,386.3011,0.64,Calm,FMS_MARITIME,2026-04-06
2022-03-12,79,MGO,60.13,11.2,268.8,24,696.5953,0.89,Calm,FMS_MARITIME,2026-04-06
2022-03-13,79,HFO,38.65,17.9,429.6,24,280.1585,0.75,Calm,FMS_MARITIME,2026-04-06
2022-03-14,79,VLSFO,35.51,14.3,343.2,24,322.1974,0.68,Moderate,FMS_MARITIME,2026-04-06
2022-03-15,79,HFO,83.18,11.3,271.2,24,955.0978,0.85,Moderate,FMS_MARITIME,2026-04-06
2022-03-16,79,HFO,45.81,12.0,288.0,24,495.3206,0.41,Moderate,FMS_MARITIME,2026-04-06
2022-03-17,79,LSMGO,77.02,14.9,357.6,24,670.6943,0.54,Moderate,FMS_MARITIME,2026-04-06
2022-03-18,79,LNG,53.4,8.6,206.4,24,805.657,0.57,Calm,FMS_MARITIME,2026-04-06
2022-03-19,79,LNG,83.45,13.7,328.8,24,790.3385,0.74,Rough,FMS_MARITIME,2026-04-06
2022-03-20,79,HFO,37.97,10.4,249.6,24,473.7123,0.67,Moderate,FMS_MARITIME,2026-04-06
2022-03-21,79,VLSFO,74.3,12.4,297.6,24,777.4536,0.79,Rough,FMS_MARITIME,2026-04-06
2022-03-22,79,HFO,49.95,16.1,386.4,24,402.5474,0.64,Moderate,FMS_MARITIME,2026-04-06
2022-03-23,79,LNG,36.64,10.1,242.4,24,470.697,0.78,Rough,FMS_MARITIME,2026-04-06
2022-03-24,79,VLSFO,53.68,14.1,338.4,24,493.9702,0.64,Rough,FMS_MARITIME,2026-04-06
2022-03-25,79,LNG,26.92,9.8,235.2,24,356.4153,0.9,Rough,FMS_MARITIME,2026-04-06
2022-03-26,79,HFO,81.08,16.8,403.2,24,626.1982,0.79,Calm,FMS_MARITIME,2026-04-06
2022-03-27,79,VLSFO,40.9,8.3,199.2,24,639.3705,1.0,Moderate,FMS_MARITIME,2026-04-06
2022-03-28,79,LSMGO,54.92,9.6,230.4,24,742.2781,0.42,Calm,FMS_MARITIME,2026-04-06
2022-03-28,79,VLSFO,32.16,15.1,362.4,24,276.3417,0.88,Calm,FMS_MARITIME,2026-04-06
2022-03-28,79,LSMGO,27.07,16.6,398.4,24,211.5863,0.93,Moderate,FMS_MARITIME,2026-04-06
2022-03-01,80,HFO,73.09,11.8,283.2,24,803.6803,0.58,Calm,FMS_MARITIME,2026-04-06
2022-03-02,80,HFO,53.93,8.4,201.6,24,833.0259,0.44,Moderate,FMS_MARITIME,2026-04-06
2022-03-03,80,HFO,29.13,9.5,228.0,24,397.8545,0.92,Rough,FMS_MARITIME,2026-04-06
2022-03-04,80,LNG,69.77,14.8,355.2,24,611.666,0.64,Moderate,FMS_MARITIME,2026-04-06
2022-03-05,80,LSMGO,40.9,8.9,213.6,24,596.2669,0.77,Rough,FMS_MARITIME,2026-04-06
2022-03-06,80,LSMGO,29.94,15.5,372.0,24,250.6268,0.99,Calm,FMS_MARITIME,2026-04-06
2022-03-07,80,LNG,23.95,10.4,249.6,24,298.7993,0.95,Moderate,FMS_MARITIME,2026-04-06
2022-03-08,80,LNG,38.75,10.3,247.2,24,488.1371,0.5,Moderate,FMS_MARITIME,2026-04-06
2022-03-09,80,MGO,47.46,11.8,283.2,24,521.8589,0.73,Rough,FMS_MARITIME,2026-04-06
2022-03-10,80,VLSFO,80.07,9.1,218.4,24,1141.6574,0.7,Calm,FMS_MARITIME,2026-04-06
2022-03-11,80,LSMGO,78.64,12.4,297.6,24,822.8661,0.63,Rough,FMS_MARITIME,2026-04-06
2022-03-12,80,VLSFO,23.35,14.8,355.2,24,204.7069,0.55,Rough,FMS_MARITIME,2026-04-06
2022-03-13,80,MGO,19.67,17.8,427.2,24,143.381,0.43,Moderate,FMS_MARITIME,2026-04-06
2022-03-14,80,MGO,58.92,11.6,278.4,24,659.0405,0.61,Calm,FMS_MARITIME,2026-04-06
2022-03-15,80,VLSFO,64.27,17.9,429.6,24,465.8677,0.44,Rough,FMS_MARITIME,2026-04-06
2022-03-16,80,HFO,60.61,9.3,223.2,24,845.6073,0.72,Moderate,FMS_MARITIME,2026-04-06
2022-03-17,80,LNG,36.61,15.3,367.2,24,310.4672,0.99,Moderate,FMS_MARITIME,2026-04-06
2022-03-18,80,MGO,72.5,12.6,302.4,24,746.5774,0.66,Rough,FMS_MARITIME,2026-04-06
2022-03-19,80,MGO,54.83,15.1,362.4,24,471.1386,0.91,Moderate,FMS_MARITIME,2026-04-06
2022-03-20,80,MGO,17.82,12.4,297.6,24,186.4633,0.77,Calm,FMS_MARITIME,2026-04-06
2022-03-21,80,MGO,72.91,16.9,405.6,24,559.7676,0.66,Calm,FMS_MARITIME,2026-04-06
2022-03-22,80,LSMGO,74.08,14.8,355.2,24,649.4514,0.98,Calm,FMS_MARITIME,2026-04-06
2022-03-23,80,MGO,52.59,11.7,280.8,24,583.2096,0.85,Calm,FMS_MARITIME,2026-04-06
2022-03-24,80,LSMGO,67.81,10.5,252.0,24,837.9379,0.6,Moderate,FMS_MARITIME,2026-04-06
2022-03-25,80,HFO,65.14,15.7,376.8,24,538.3385,0.45,Rough,FMS_MARITIME,2026-04-06
2022-03-26,80,LSMGO,38.96,9.7,232.8,24,521.1402,0.88,Calm,FMS_MARITIME,2026-04-06
2022-03-27,80,LNG,16.02,17.4,417.6,24,119.4595,0.57,Rough,FMS_MARITIME,2026-04-06
2022-03-28,80,HFO,67.45,17.5,420.0,24,500.0936,0.71,Moderate,FMS_MARITIME,2026-04-06
2022-03-28,80,MGO,79.5,11.6,278.4,24,889.2349,0.56,Moderate,FMS_MARITIME,2026-04-06
2022-03-28,80,LNG,58.52,9.2,220.8,24,825.3228,0.59,Calm,FMS_MARITIME,2026-04-06
2022-03-01,81,LNG,46.22,12.0,288.0,24,499.7537,0.42,Moderate,FMS_MARITIME,2026-04-06
2022-03-02,81,HFO,59.98,12.3,295.2,24,632.7159,0.43,Calm,FMS_MARITIME,2026-04-06
2022-03-03,81,LSMGO,68.36,11.9,285.6,24,745.3538,0.57,Calm,FMS_MARITIME,2026-04-06
2022-03-04,81,HFO,16.35,12.0,288.0,24,176.7844,0.97,Moderate,FMS_MARITIME,2026-04-06
2022-03-05,81,VLSFO,41.72,14.9,357.6,24,363.3,0.64,Rough,FMS_MARITIME,2026-04-06
2022-03-06,81,MGO,58.47,8.2,196.8,24,925.1808,0.79,Calm,FMS_MARITIME,2026-04-06
2022-03-07,81,VLSFO,42.97,15.7,376.8,24,355.1183,0.97,Moderate,FMS_MARITIME,2026-04-06
2022-03-08,81,VLSFO,37.88,13.9,333.6,24,353.5921,0.46,Calm,FMS_MARITIME,2026-04-06
2022-03-09,81,HFO,45.12,16.5,396.0,24,354.8073,0.44,Calm,FMS_MARITIME,2026-04-06
2022-03-10,81,LNG,32.78,11.2,268.8,24,379.7504,0.68,Calm,FMS_MARITIME,2026-04-06
2022-03-11,81,VLSFO,39.81,10.1,242.4,24,511.4205,0.41,Calm,FMS_MARITIME,2026-04-06
2022-03-12,81,MGO,82.32,11.6,278.4,24,920.7776,0.59,Rough,FMS_MARITIME,2026-04-06
2022-03-13,81,LNG,36.43,15.4,369.6,24,306.9346,0.47,Rough,FMS_MARITIME,2026-04-06
2022-03-14,81,LSMGO,61.45,13.9,333.6,24,573.607,0.53,Rough,FMS_MARITIME,2026-04-06
2022-03-15,81,HFO,65.19,17.1,410.4,24,494.6434,0.94,Rough,FMS_MARITIME,2026-04-06
2022-03-16,81,LNG,82.76,12.1,290.4,24,887.4471,0.91,Moderate,FMS_MARITIME,2026-04-06
2022-03-17,81,HFO,44.04,12.2,292.8,24,468.3762,0.68,Rough,FMS_MARITIME,2026-04-06
2022-03-18,81,LSMGO,65.42,10.0,240.0,24,848.8245,0.81,Calm,FMS_MARITIME,2026-04-06
2022-03-19,81,VLSFO,57.18,14.9,357.6,24,497.9265,0.92,Calm,FMS_MARITIME,2026-04-06
2022-03-20,81,VLSFO,39.23,9.8,235.2,24,519.3972,0.92,Calm,FMS_MARITIME,2026-04-06
2022-03-21,81,VLSFO,46.64,8.2,196.8,24,737.9927,0.61,Moderate,FMS_MARITIME,2026-04-06
2022-03-22,81,LNG,31.99,12.0,288.0,24,345.8919,0.96,Moderate,FMS_MARITIME,2026-04-06
2022-03-23,81,MGO,62.64,10.0,240.0,24,812.754,0.69,Moderate,FMS_MARITIME,2026-04-06
2022-03-24,81,LNG,59.09,11.6,278.4,24,660.942,0.68,Moderate,FMS_MARITIME,2026-04-06
2022-03-25,81,MGO,24.56,9.4,225.6,24,339.0064,0.91,Moderate,FMS_MARITIME,2026-04-06
2022-03-26,81,LSMGO,78.65,13.8,331.2,24,739.481,0.94,Calm,FMS_MARITIME,2026-04-06
2022-03-27,81,LNG,35.24,15.5,372.0,24,294.9929,0.4,Calm,FMS_MARITIME,2026-04-06
2022-03-28,81,LSMGO,60.61,10.5,252.0,24,748.9664,0.52,Rough,FMS_MARITIME,2026-04-06
2022-03-28,81,VLSFO,70.27,15.3,367.2,24,595.9172,0.9,Rough,FMS_MARITIME,2026-04-06
2022-03-28,81,LSMGO,45.46,14.4,345.6,24,409.6135,0.71,Moderate,FMS_MARITIME,2026-04-06
2022-03-01,82,LSMGO,68.39,16.7,400.8,24,531.3534,0.86,Calm,FMS_MARITIME,2026-04-06
2022-03-02,82,VLSFO,63.41,11.8,283.2,24,697.2413,0.58,Moderate,FMS_MARITIME,2026-04-06
2022-03-03,82,MGO,53.14,14.8,355.2,24,465.8726,0.8,Rough,FMS_MARITIME,2026-04-06
2022-03-04,82,VLSFO,79.43,14.2,340.8,24,725.7776,1.0,Calm,FMS_MARITIME,2026-04-06
2022-03-05,82,LSMGO,52.86,12.6,302.4,24,544.3321,0.96,Rough,FMS_MARITIME,2026-04-06
2022-03-06,82,LNG,38.76,14.9,357.6,24,337.5242,0.83,Calm,FMS_MARITIME,2026-04-06
2022-03-07,82,VLSFO,77.06,14.5,348.0,24,689.5541,0.83,Moderate,FMS_MARITIME,2026-04-06
2022-03-08,82,LNG,50.28,15.9,381.6,24,410.3038,0.69,Moderate,FMS_MARITIME,2026-04-06
2022-03-09,82,VLSFO,46.52,10.8,259.2,24,558.8861,0.8,Moderate,FMS_MARITIME,2026-04-06
2022-03-10,82,VLSFO,78.32,14.6,350.4,24,696.0288,0.83,Rough,FMS_MARITIME,2026-04-06
2022-03-11,82,LSMGO,78.91,17.8,427.2,24,575.2007,0.51,Moderate,FMS_MARITIME,2026-04-06
2022-03-12,82,MGO,20.22,10.2,244.8,24,257.2103,0.75,Rough,FMS_MARITIME,2026-04-06
2022-03-13,82,VLSFO,25.56,10.4,249.6,24,318.8856,0.89,Moderate,FMS_MARITIME,2026-04-06
2022-03-14,82,MGO,69.65,11.0,264.0,24,821.5534,0.92,Moderate,FMS_MARITIME,2026-04-06
2022-03-15,82,MGO,43.06,10.5,252.0,24,532.0986,0.54,Calm,FMS_MARITIME,2026-04-06
2022-03-16,82,MGO,71.89,11.9,285.6,24,783.8426,0.64,Moderate,FMS_MARITIME,2026-04-06
2022-03-17,82,VLSFO,54.78,9.2,220.8,24,772.5766,0.77,Moderate,FMS_MARITIME,2026-04-06
2022-03-18,82,LNG,27.55,10.6,254.4,24,337.2276,0.93,Rough,FMS_MARITIME,2026-04-06
2022-03-19,82,LSMGO,27.9,16.0,384.0,24,226.2516,0.53,Rough,FMS_MARITIME,2026-04-06
2022-03-20,82,HFO,48.54,12.3,295.2,24,512.0378,0.78,Calm,FMS_MARITIME,2026-04-06
2022-03-21,82,VLSFO,49.89,15.2,364.8,24,425.8702,0.65,Calm,FMS_MARITIME,2026-04-06
2022-03-22,82,MGO,34.99,11.7,280.8,24,388.0301,1.0,Calm,FMS_MARITIME,2026-04-06
2022-03-23,82,VLSFO,50.14,16.3,391.2,24,399.1206,0.47,Calm,FMS_MARITIME,2026-04-06
2022-03-24,82,HFO,29.49,14.6,350.4,24,262.0772,0.51,Calm,FMS_MARITIME,2026-04-06
2022-03-25,82,LSMGO,69.71,16.1,386.4,24,561.7933,0.66,Moderate,FMS_MARITIME,2026-04-06
2022-03-26,82,LNG,49.33,8.5,204.0,24,753.0079,0.71,Moderate,FMS_MARITIME,2026-04-06
2022-03-27,82,VLSFO,67.5,14.9,357.6,24,587.7936,0.94,Rough,FMS_MARITIME,2026-04-06
2022-03-28,82,VLSFO,18.26,10.6,254.4,24,223.5127,0.84,Calm,FMS_MARITIME,2026-04-06
2022-03-28,82,VLSFO,78.2,9.6,230.4,24,1056.9219,0.84,Calm,FMS_MARITIME,2026-04-06
2022-03-28,82,LNG,66.29,13.3,319.2,24,646.7013,0.72,Calm,FMS_MARITIME,2026-04-06
2022-03-01,83,VLSFO,15.05,9.2,220.8,24,212.2541,0.7,Calm,FMS_MARITIME,2026-04-06
2022-03-02,83,LNG,57.04,16.4,393.6,24,451.2768,0.53,Calm,FMS_MARITIME,2026-04-06
2022-03-03,83,HFO,53.76,12.1,290.4,24,576.476,0.43,Rough,FMS_MARITIME,2026-04-06
2022-03-04,83,VLSFO,73.85,14.7,352.8,24,651.8393,0.66,Rough,FMS_MARITIME,2026-04-06
2022-03-05,83,HFO,22.25,13.8,331.2,24,209.1984,0.59,Rough,FMS_MARITIME,2026-04-06
2022-03-06,83,VLSFO,28.65,15.3,367.2,24,242.9632,0.45,Rough,FMS_MARITIME,2026-04-06
2022-03-07,83,LNG,57.72,15.5,372.0,24,483.1723,0.62,Calm,FMS_MARITIME,2026-04-06
2022-03-08,83,LSMGO,74.96,9.8,235.2,24,992.4551,0.99,Calm,FMS_MARITIME,2026-04-06
2022-03-09,83,LNG,81.28,13.0,312.0,24,811.2369,0.59,Calm,FMS_MARITIME,2026-04-06
2022-03-10,83,LSMGO,43.82,11.4,273.6,24,498.7408,0.52,Moderate,FMS_MARITIME,2026-04-06
2022-03-11,83,VLSFO,42.4,9.7,232.8,24,567.1546,0.79,Moderate,FMS_MARITIME,2026-04-06
2022-03-12,83,MGO,80.43,13.9,333.6,24,750.7764,0.83,Rough,FMS_MARITIME,2026-04-06
2022-03-13,83,LNG,74.75,10.6,254.4,24,914.9823,0.84,Calm,FMS_MARITIME,2026-04-06
2022-03-14,83,MGO,17.01,12.8,307.2,24,172.4256,0.71,Rough,FMS_MARITIME,2026-04-06
2022-03-15,83,LSMGO,72.37,16.5,396.0,24,569.0914,0.71,Calm,FMS_MARITIME,2026-04-06
2022-03-16,83,MGO,22.66,16.1,386.4,24,182.6171,0.48,Moderate,FMS_MARITIME,2026-04-06
2022-03-17,83,MGO,20.47,14.2,340.8,24,187.041,0.4,Calm,FMS_MARITIME,2026-04-06
2022-03-18,83,MGO,71.16,12.6,302.4,24,732.7786,0.79,Rough,FMS_MARITIME,2026-04-06
2022-03-19,83,MGO,73.77,9.6,230.4,24,997.0477,0.96,Rough,FMS_MARITIME,2026-04-06
2022-03-20,83,HFO,67.43,8.9,213.6,24,983.0385,0.98,Rough,FMS_MARITIME,2026-04-06
2022-03-21,83,LNG,30.3,16.6,398.4,24,236.8328,0.65,Rough,FMS_MARITIME,2026-04-06
2022-03-22,83,MGO,78.4,16.6,398.4,24,612.7952,0.5,Calm,FMS_MARITIME,2026-04-06
2022-03-23,83,LSMGO,19.2,9.9,237.6,24,251.6364,0.63,Moderate,FMS_MARITIME,2026-04-06
2022-03-24,83,LNG,78.19,11.1,266.4,24,913.9777,0.92,Moderate,FMS_MARITIME,2026-04-06
2022-03-25,83,VLSFO,63.26,16.6,398.4,24,494.4569,0.63,Moderate,FMS_MARITIME,2026-04-06
2022-03-26,83,LNG,43.35,14.2,340.8,24,396.103,0.47,Moderate,FMS_MARITIME,2026-04-06
2022-03-27,83,LSMGO,58.25,8.3,199.2,24,910.5949,0.54,Rough,FMS_MARITIME,2026-04-06
2022-03-28,83,LSMGO,30.52,13.8,331.2,24,286.9543,0.91,Moderate,FMS_MARITIME,2026-04-06
2022-03-28,83,LSMGO,48.31,8.9,213.6,24,704.2947,0.67,Calm,FMS_MARITIME,2026-04-06
2022-03-28,83,LSMGO,15.98,9.1,218.4,24,227.8467,0.59,Rough,FMS_MARITIME,2026-04-06
2022-03-01,84,HFO,78.26,14.2,340.8,24,715.087,0.6,Moderate,FMS_MARITIME,2026-04-06
2022-03-02,84,MGO,37.45,10.6,254.4,24,458.4092,0.58,Moderate,FMS_MARITIME,2026-04-06
2022-03-03,84,LNG,31.86,11.9,285.6,24,347.3811,0.67,Rough,FMS_MARITIME,2026-04-06
2022-03-04,84,LNG,29.78,14.6,350.4,24,264.6545,0.42,Calm,FMS_MARITIME,2026-04-06
2022-03-05,84,LSMGO,42.43,14.0,336.0,24,393.2352,0.66,Calm,FMS_MARITIME,2026-04-06
2022-03-06,84,LSMGO,68.16,16.7,400.8,24,529.5665,0.57,Rough,FMS_MARITIME,2026-04-06
2022-03-07,84,HFO,36.81,14.1,338.4,24,338.7303,0.63,Calm,FMS_MARITIME,2026-04-06
2022-03-08,84,VLSFO,28.67,13.7,328.8,24,271.5279,0.66,Moderate,FMS_MARITIME,2026-04-06
2022-03-09,84,LNG,68.93,11.0,264.0,24,813.0607,0.89,Moderate,FMS_MARITIME,2026-04-06
2022-03-10,84,LSMGO,48.7,17.6,422.4,24,359.0241,0.91,Moderate,FMS_MARITIME,2026-04-06
2022-03-11,84,HFO,56.16,12.8,307.2,24,569.2781,0.76,Moderate,FMS_MARITIME,2026-04-06
2022-03-12,84,HFO,70.38,17.1,410.4,24,534.0237,0.49,Moderate,FMS_MARITIME,2026-04-06
2022-03-13,84,MGO,21.02,13.1,314.4,24,208.1943,0.94,Rough,FMS_MARITIME,2026-04-06
2022-03-14,84,MGO,61.72,13.2,316.8,24,606.6795,0.41,Rough,FMS_MARITIME,2026-04-06
2022-03-15,84,MGO,28.7,16.3,391.2,24,228.4555,0.93,Rough,FMS_MARITIME,2026-04-06
2022-03-16,84,LNG,72.81,16.9,405.6,24,558.9999,0.88,Moderate,FMS_MARITIME,2026-04-06
2022-03-17,84,HFO,65.67,12.2,292.8,24,698.4166,0.57,Calm,FMS_MARITIME,2026-04-06
2022-03-18,84,LNG,41.04,14.2,340.8,24,374.9958,0.53,Calm,FMS_MARITIME,2026-04-06
2022-03-19,84,LNG,32.6,9.3,223.2,24,454.8226,0.47,Calm,FMS_MARITIME,2026-04-06
2022-03-20,84,HFO,70.31,8.9,213.6,24,1025.025,0.67,Moderate,FMS_MARITIME,2026-04-06
2022-03-21,84,MGO,51.22,10.2,244.8,24,651.5485,0.51,Calm,FMS_MARITIME,2026-04-06
2022-03-22,84,LSMGO,65.75,12.5,300.0,24,682.485,0.74,Moderate,FMS_MARITIME,2026-04-06
2022-03-23,84,LSMGO,39.34,8.2,196.8,24,622.4835,0.89,Rough,FMS_MARITIME,2026-04-06
2022-03-24,84,LNG,56.35,12.2,292.8,24,599.2961,0.92,Rough,FMS_MARITIME,2026-04-06
2022-03-25,84,HFO,24.52,17.0,408.0,24,187.1453,0.8,Moderate,FMS_MARITIME,2026-04-06
2022-03-26,84,LSMGO,62.22,17.3,415.2,24,466.65,0.6,Calm,FMS_MARITIME,2026-04-06
2022-03-27,84,LSMGO,25.07,14.6,350.4,24,222.7967,0.47,Calm,FMS_MARITIME,2026-04-06
2022-03-28,84,LNG,78.48,10.1,242.4,24,1008.196,0.72,Rough,FMS_MARITIME,2026-04-06
2022-03-28,84,HFO,39.34,15.2,364.8,24,335.8135,0.56,Moderate,FMS_MARITIME,2026-04-06
2022-03-28,84,LNG,25.83,11.4,273.6,24,293.9862,0.78,Calm,FMS_MARITIME,2026-04-06
2022-03-01,85,VLSFO,38.81,14.2,340.8,24,354.6195,0.95,Rough,FMS_MARITIME,2026-04-06
2022-03-02,85,LSMGO,78.69,15.9,381.6,24,642.1401,0.68,Moderate,FMS_MARITIME,2026-04-06
2022-03-03,85,MGO,34.61,17.5,420.0,24,256.6084,0.75,Rough,FMS_MARITIME,2026-04-06
2022-03-04,85,LSMGO,51.06,17.8,427.2,24,372.193,0.51,Calm,FMS_MARITIME,2026-04-06
2022-03-05,85,MGO,21.25,16.9,405.6,24,163.1472,0.43,Calm,FMS_MARITIME,2026-04-06
2022-03-06,85,LNG,42.14,11.1,266.4,24,492.5824,0.58,Calm,FMS_MARITIME,2026-04-06
2022-03-07,85,VLSFO,69.64,8.3,199.2,24,1088.6494,0.88,Rough,FMS_MARITIME,2026-04-06
2022-03-08,85,LSMGO,37.22,8.0,192.0,24,603.6619,0.69,Calm,FMS_MARITIME,2026-04-06
2022-03-09,85,VLSFO,66.01,11.8,283.2,24,725.8303,0.49,Rough,FMS_MARITIME,2026-04-06
2022-03-10,85,VLSFO,59.37,16.8,403.2,24,458.5272,0.57,Calm,FMS_MARITIME,2026-04-06
2022-03-11,85,VLSFO,17.12,16.1,386.4,24,137.9702,0.82,Rough,FMS_MARITIME,2026-04-06
2022-03-12,85,MGO,17.05,16.0,384.0,24,138.2648,0.56,Calm,FMS_MARITIME,2026-04-06
2022-03-13,85,VLSFO,53.56,12.1,290.4,24,574.3314,0.43,Rough,FMS_MARITIME,2026-04-06
2022-03-14,85,HFO,29.34,17.6,422.4,24,216.2991,0.45,Calm,FMS_MARITIME,2026-04-06
2022-03-15,85,VLSFO,82.69,13.6,326.4,24,788.8991,0.82,Rough,FMS_MARITIME,2026-04-06
2022-03-16,85,MGO,75.53,17.6,422.4,24,556.8192,0.77,Moderate,FMS_MARITIME,2026-04-06
2022-03-17,85,MGO,58.07,9.0,216.0,24,837.1758,0.8,Moderate,FMS_MARITIME,2026-04-06
2022-03-18,85,LSMGO,43.38,15.8,379.2,24,356.2377,0.52,Calm,FMS_MARITIME,2026-04-06
2022-03-19,85,MGO,75.75,13.6,326.4,24,722.6884,0.78,Calm,FMS_MARITIME,2026-04-06
2022-03-20,85,MGO,57.86,10.4,249.6,24,721.8591,0.65,Moderate,FMS_MARITIME,2026-04-06
2022-03-21,85,LNG,75.64,10.5,252.0,24,934.6943,0.72,Moderate,FMS_MARITIME,2026-04-06
2022-03-22,85,HFO,34.33,12.9,309.6,24,345.2959,0.83,Calm,FMS_MARITIME,2026-04-06
2022-03-23,85,LSMGO,36.01,11.9,285.6,24,392.63,0.66,Rough,FMS_MARITIME,2026-04-06
2022-03-24,85,LNG,47.02,12.9,309.6,24,472.9337,0.9,Calm,FMS_MARITIME,2026-04-06
2022-03-25,85,HFO,28.3,9.1,218.4,24,403.5082,0.99,Rough,FMS_MARITIME,2026-04-06
2022-03-26,85,LSMGO,63.79,12.0,288.0,24,689.7294,0.7,Moderate,FMS_MARITIME,2026-04-06
2022-03-27,85,MGO,63.65,10.5,252.0,24,786.5321,0.89,Moderate,FMS_MARITIME,2026-04-06
2022-03-28,85,MGO,29.93,17.5,420.0,24,221.9096,0.67,Rough,FMS_MARITIME,2026-04-06
2022-03-28,85,LSMGO,16.45,8.4,201.6,24,254.0937,0.44,Rough,FMS_MARITIME,2026-04-06
2022-03-28,85,HFO,73.14,10.8,259.2,24,878.6958,0.98,Calm,FMS_MARITIME,2026-04-06
2022-03-01,86,HFO,24.16,15.8,379.2,24,198.4025,0.96,Rough,FMS_MARITIME,2026-04-06
2022-03-02,86,LNG,19.55,15.0,360.0,24,169.1075,0.89,Rough,FMS_MARITIME,2026-04-06
2022-03-03,86,VLSFO,17.49,16.2,388.8,24,140.0819,0.67,Moderate,FMS_MARITIME,2026-04-06
2022-03-04,86,MGO,71.23,15.4,369.6,24,600.1359,0.65,Rough,FMS_MARITIME,2026-04-06
2022-03-05,86,LNG,54.23,15.8,379.2,24,445.3381,0.79,Rough,FMS_MARITIME,2026-04-06
2022-03-06,86,HFO,53.18,9.7,232.8,24,711.351,0.43,Calm,FMS_MARITIME,2026-04-06
2022-03-07,86,HFO,46.38,17.9,429.6,24,336.1902,0.88,Rough,FMS_MARITIME,2026-04-06
2022-03-08,86,MGO,82.88,15.8,379.2,24,680.6127,0.59,Rough,FMS_MARITIME,2026-04-06
2022-03-09,86,MGO,41.9,8.5,204.0,24,639.5912,0.48,Moderate,FMS_MARITIME,2026-04-06
2022-03-10,86,LNG,68.9,13.6,326.4,24,657.3364,0.5,Moderate,FMS_MARITIME,2026-04-06
2022-03-11,86,HFO,80.26,11.1,266.4,24,938.1743,0.83,Moderate,FMS_MARITIME,2026-04-06
2022-03-12,86,HFO,75.67,17.8,427.2,24,551.5833,0.65,Moderate,FMS_MARITIME,2026-04-06
2022-03-13,86,MGO,48.76,13.2,316.8,24,479.2886,0.7,Rough,FMS_MARITIME,2026-04-06
2022-03-14,86,MGO,48.22,9.2,220.8,24,680.0592,0.71,Calm,FMS_MARITIME,2026-04-06
2022-03-15,86,LNG,29.5,11.0,264.0,24,347.9659,0.72,Moderate,FMS_MARITIME,2026-04-06
2022-03-16,86,MGO,65.25,13.9,333.6,24,609.0782,0.92,Moderate,FMS_MARITIME,2026-04-06
2022-03-17,86,MGO,46.74,8.6,206.4,24,705.1762,0.43,Calm,FMS_MARITIME,2026-04-06
2022-03-18,86,MGO,48.29,16.2,388.8,24,386.7671,0.89,Rough,FMS_MARITIME,2026-04-06
2022-03-19,86,MGO,58.8,13.0,312.0,24,586.8692,0.41,Rough,FMS_MARITIME,2026-04-06
2022-03-20,86,VLSFO,82.4,12.2,292.8,24,876.3443,0.86,Moderate,FMS_MARITIME,2026-04-06
2022-03-21,86,LSMGO,57.2,11.4,273.6,24,651.0263,0.98,Rough,FMS_MARITIME,2026-04-06
2022-03-22,86,HFO,72.89,10.3,247.2,24,918.2017,0.75,Rough,FMS_MARITIME,2026-04-06
2022-03-23,86,LNG,80.56,10.0,240.0,24,1045.266,0.58,Moderate,FMS_MARITIME,2026-04-06
2022-03-24,86,MGO,79.49,17.3,415.2,24,596.175,0.73,Rough,FMS_MARITIME,2026-04-06
2022-03-25,86,LNG,38.82,12.0,288.0,24,419.7412,0.67,Moderate,FMS_MARITIME,2026-04-06
2022-03-26,86,MGO,59.67,17.6,422.4,24,439.8967,0.96,Moderate,FMS_MARITIME,2026-04-06
2022-03-27,86,LNG,34.81,11.5,276.0,24,392.7476,0.94,Calm,FMS_MARITIME,2026-04-06
2022-03-28,86,VLSFO,38.07,10.0,240.0,24,493.9582,0.81,Moderate,FMS_MARITIME,2026-04-06
2022-03-28,86,LNG,44.43,11.8,283.2,24,488.5417,0.76,Rough,FMS_MARITIME,2026-04-06
2022-03-28,86,LNG,38.97,17.0,408.0,24,297.4328,0.66,Rough,FMS_MARITIME,2026-04-06
2022-03-01,87,HFO,74.4,13.2,316.8,24,731.3182,0.78,Calm,FMS_MARITIME,2026-04-06
2022-03-02,87,LNG,67.58,8.2,196.8,24,1069.3299,0.52,Moderate,FMS_MARITIME,2026-04-06
2022-03-03,87,MGO,51.34,9.4,225.6,24,708.6559,0.87,Calm,FMS_MARITIME,2026-04-06
2022-03-04,87,VLSFO,83.74,16.3,391.2,24,666.5807,0.53,Calm,FMS_MARITIME,2026-04-06
2022-03-05,87,HFO,27.88,17.1,410.4,24,211.5456,0.6,Moderate,FMS_MARITIME,2026-04-06
2022-03-06,87,LSMGO,45.87,11.0,264.0,24,541.0575,0.69,Calm,FMS_MARITIME,2026-04-06
2022-03-07,87,VLSFO,47.25,14.6,350.4,24,419.9101,0.47,Moderate,FMS_MARITIME,2026-04-06
2022-03-08,87,LSMGO,54.35,8.9,213.6,24,792.3497,0.53,Moderate,FMS_MARITIME,2026-04-06
2022-03-09,87,LNG,52.6,16.8,403.2,24,406.2411,0.82,Moderate,FMS_MARITIME,2026-04-06
2022-03-10,87,MGO,82.92,17.1,410.4,24,629.1737,0.84,Calm,FMS_MARITIME,2026-04-06
2022-03-11,87,LNG,83.68,15.6,374.4,24,695.9923,0.96,Rough,FMS_MARITIME,2026-04-06
2022-03-12,87,LSMGO,17.83,10.4,249.6,24,222.4464,0.78,Rough,FMS_MARITIME,2026-04-06
2022-03-13,87,MGO,26.1,15.3,367.2,24,221.3382,0.48,Rough,FMS_MARITIME,2026-04-06
2022-03-14,87,LSMGO,52.98,11.8,283.2,24,582.5555,0.91,Moderate,FMS_MARITIME,2026-04-06
2022-03-15,87,MGO,50.38,16.6,398.4,24,393.7834,0.49,Rough,FMS_MARITIME,2026-04-06
2022-03-16,87,MGO,45.85,17.4,417.6,24,341.8987,0.45,Rough,FMS_MARITIME,2026-04-06
2022-03-17,87,MGO,40.03,16.5,396.0,24,314.7814,0.67,Rough,FMS_MARITIME,2026-04-06
2022-03-18,87,MGO,83.43,14.0,336.0,24,773.2173,0.71,Rough,FMS_MARITIME,2026-04-06
2022-03-19,87,MGO,84.97,15.8,379.2,24,697.7758,0.91,Moderate,FMS_MARITIME,2026-04-06
2022-03-20,87,LNG,50.06,10.6,254.4,24,612.7627,0.99,Rough,FMS_MARITIME,2026-04-06
2022-03-21,87,LSMGO,40.54,12.7,304.8,24,414.1783,0.87,Calm,FMS_MARITIME,2026-04-06
2022-03-22,87,HFO,61.35,13.1,314.4,24,607.646,0.87,Rough,FMS_MARITIME,2026-04-06
2022-03-23,87,VLSFO,17.55,16.2,388.8,24,140.5625,0.56,Moderate,FMS_MARITIME,2026-04-06
2022-03-24,87,HFO,24.21,13.3,319.2,24,236.184,0.66,Moderate,FMS_MARITIME,2026-04-06
2022-03-25,87,LSMGO,51.93,14.5,348.0,24,464.684,0.49,Moderate,FMS_MARITIME,2026-04-06
2022-03-26,87,MGO,46.99,15.7,376.8,24,388.3409,0.62,Rough,FMS_MARITIME,2026-04-06
2022-03-27,87,HFO,45.19,17.6,422.4,24,333.1479,0.62,Calm,FMS_MARITIME,2026-04-06
2022-03-28,87,LSMGO,30.72,14.9,357.6,24,267.5114,0.94,Rough,FMS_MARITIME,2026-04-06
2022-03-28,87,LSMGO,47.87,15.0,360.0,24,414.0755,0.8,Moderate,FMS_MARITIME,2026-04-06
2022-03-28,87,MGO,21.21,13.9,333.6,24,197.9854,0.97,Calm,FMS_MARITIME,2026-04-06
2022-03-01,88,LNG,19.12,13.8,331.2,24,179.7696,0.69,Moderate,FMS_MARITIME,2026-04-06
2022-03-02,88,LNG,70.1,8.8,211.2,24,1033.5767,0.42,Rough,FMS_MARITIME,2026-04-06
2022-03-03,88,HFO,80.07,10.6,254.4,24,980.1021,0.6,Rough,FMS_MARITIME,2026-04-06
2022-03-04,88,VLSFO,39.69,14.4,345.6,24,357.6234,0.89,Rough,FMS_MARITIME,2026-04-06
2022-03-05,88,HFO,58.04,12.2,292.8,24,617.2697,0.93,Moderate,FMS_MARITIME,2026-04-06
2022-03-06,88,VLSFO,59.03,11.5,276.0,24,666.0124,0.72,Moderate,FMS_MARITIME,2026-04-06
2022-03-07,88,HFO,72.43,13.8,331.2,24,680.9995,0.95,Moderate,FMS_MARITIME,2026-04-06
2022-03-08,88,MGO,39.82,15.7,376.8,24,329.0857,0.68,Calm,FMS_MARITIME,2026-04-06
2022-03-09,88,HFO,73.57,14.8,355.2,24,644.9802,0.95,Calm,FMS_MARITIME,2026-04-06
2022-03-10,88,MGO,32.48,16.5,396.0,24,255.4109,0.6,Rough,FMS_MARITIME,2026-04-06
2022-03-11,88,LSMGO,19.03,13.5,324.0,24,182.8994,0.8,Moderate,FMS_MARITIME,2026-04-06
2022-03-12,88,HFO,73.09,12.7,304.8,24,746.7266,0.43,Calm,FMS_MARITIME,2026-04-06
2022-03-13,88,MGO,60.83,15.1,362.4,24,522.6949,0.72,Rough,FMS_MARITIME,2026-04-06
2022-03-14,88,VLSFO,78.59,16.5,396.0,24,618.0032,0.8,Moderate,FMS_MARITIME,2026-04-06
2022-03-15,88,LNG,61.29,13.7,328.8,24,580.4655,0.78,Moderate,FMS_MARITIME,2026-04-06
2022-03-16,88,LNG,31.71,17.0,408.0,24,242.0219,0.87,Rough,FMS_MARITIME,2026-04-06
2022-03-17,88,LNG,69.19,16.2,388.8,24,554.1606,0.49,Rough,FMS_MARITIME,2026-04-06
2022-03-18,88,LSMGO,38.79,12.1,290.4,24,415.9506,0.56,Calm,FMS_MARITIME,2026-04-06
2022-03-19,88,MGO,38.44,15.1,362.4,24,330.304,0.52,Moderate,FMS_MARITIME,2026-04-06
2022-03-20,88,MGO,59.43,13.9,333.6,24,554.7513,0.93,Calm,FMS_MARITIME,2026-04-06
2022-03-21,88,MGO,37.62,12.6,302.4,24,387.3964,0.65,Moderate,FMS_MARITIME,2026-04-06
2022-03-22,88,LSMGO,79.66,10.3,247.2,24,1003.484,0.96,Moderate,FMS_MARITIME,2026-04-06
2022-03-23,88,MGO,59.77,11.6,278.4,24,668.5481,0.59,Rough,FMS_MARITIME,2026-04-06
2022-03-24,88,LNG,34.0,10.9,261.6,24,404.7248,0.86,Moderate,FMS_MARITIME,2026-04-06
2022-03-25,88,LNG,54.81,16.1,386.4,24,441.7141,0.88,Moderate,FMS_MARITIME,2026-04-06
2022-03-26,88,LNG,38.87,13.0,312.0,24,387.9525,0.49,Calm,FMS_MARITIME,2026-04-06
2022-03-27,88,LSMGO,19.81,16.6,398.4,24,154.8402,0.83,Calm,FMS_MARITIME,2026-04-06
2022-03-28,88,VLSFO,47.39,17.2,412.8,24,357.4914,0.81,Rough,FMS_MARITIME,2026-04-06
2022-03-28,88,VLSFO,63.98,10.6,254.4,24,783.1514,0.73,Moderate,FMS_MARITIME,2026-04-06
2022-03-28,88,VLSFO,82.7,17.8,427.2,24,602.8272,0.8,Calm,FMS_MARITIME,2026-04-06
2022-03-01,89,LSMGO,79.32,14.4,345.6,24,714.7062,0.69,Rough,FMS_MARITIME,2026-04-06
2022-03-02,89,MGO,32.82,10.9,261.6,24,390.6784,0.75,Moderate,FMS_MARITIME,2026-04-06
2022-03-03,89,HFO,15.36,17.7,424.8,24,112.5966,0.65,Moderate,FMS_MARITIME,2026-04-06
2022-03-04,89,MGO,23.24,11.3,271.2,24,266.8487,0.43,Calm,FMS_MARITIME,2026-04-06
2022-03-05,89,VLSFO,80.18,17.3,415.2,24,601.35,0.71,Rough,FMS_MARITIME,2026-04-06
2022-03-06,89,LSMGO,35.48,12.2,292.8,24,377.3385,0.85,Rough,FMS_MARITIME,2026-04-06
2022-03-07,89,VLSFO,22.51,17.4,417.6,24,167.8547,0.59,Calm,FMS_MARITIME,2026-04-06
2022-03-08,89,LNG,55.45,9.2,220.8,24,782.0258,0.51,Calm,FMS_MARITIME,2026-04-06
2022-03-09,89,VLSFO,19.51,10.1,242.4,24,250.6359,0.9,Calm,FMS_MARITIME,2026-04-06
2022-03-10,89,LNG,20.77,15.7,376.8,24,171.6502,0.51,Calm,FMS_MARITIME,2026-04-06
2022-03-11,89,VLSFO,26.96,17.5,420.0,24,199.8891,0.4,Moderate,FMS_MARITIME,2026-04-06
2022-03-12,89,HFO,17.71,16.6,398.4,24,138.4261,0.8,Moderate,FMS_MARITIME,2026-04-06
2022-03-13,89,HFO,43.2,11.8,283.2,24,475.0169,0.9,Moderate,FMS_MARITIME,2026-04-06
2022-03-14,89,LNG,47.14,9.2,220.8,24,664.8277,0.68,Moderate,FMS_MARITIME,2026-04-06
2022-03-15,89,LNG,76.07,17.5,420.0,24,564.0047,0.69,Moderate,FMS_MARITIME,2026-04-06
2022-03-16,89,MGO,33.78,15.3,367.2,24,286.4676,0.84,Calm,FMS_MARITIME,2026-04-06
2022-03-17,89,VLSFO,22.18,14.4,345.6,24,199.851,0.9,Rough,FMS_MARITIME,2026-04-06
2022-03-18,89,LSMGO,16.74,9.6,230.4,24,226.2516,0.93,Moderate,FMS_MARITIME,2026-04-06
2022-03-19,89,MGO,66.06,15.6,374.4,24,549.4413,0.78,Calm,FMS_MARITIME,2026-04-06
2022-03-20,89,MGO,47.93,8.5,204.0,24,731.6374,0.63,Rough,FMS_MARITIME,2026-04-06
2022-03-21,89,MGO,34.99,16.1,386.4,24,281.9846,0.63,Rough,FMS_MARITIME,2026-04-06
2022-03-22,89,MGO,67.77,16.2,388.8,24,542.7875,0.47,Moderate,FMS_MARITIME,2026-04-06
2022-03-23,89,LNG,59.86,10.1,242.4,24,768.9936,0.53,Calm,FMS_MARITIME,2026-04-06
2022-03-24,89,LSMGO,75.3,13.5,324.0,24,723.7167,0.98,Rough,FMS_MARITIME,2026-04-06
2022-03-25,89,LSMGO,25.45,11.2,268.8,24,294.8337,0.88,Calm,FMS_MARITIME,2026-04-06
2022-03-26,89,LSMGO,54.87,10.5,252.0,24,678.0364,0.46,Moderate,FMS_MARITIME,2026-04-06
2022-03-27,89,MGO,50.72,9.6,230.4,24,685.5125,0.58,Moderate,FMS_MARITIME,2026-04-06
2022-03-28,89,VLSFO,16.78,12.9,309.6,24,168.7756,0.81,Calm,FMS_MARITIME,2026-04-06
2022-03-28,89,HFO,34.25,15.5,372.0,24,286.7056,0.55,Rough,FMS_MARITIME,2026-04-06
2022-03-28,89,MGO,64.87,8.1,194.4,24,1039.1213,0.52,Calm,FMS_MARITIME,2026-04-06
2022-03-01,90,LSMGO,55.3,11.0,264.0,24,652.2886,0.48,Moderate,FMS_MARITIME,2026-04-06
2022-03-02,90,LSMGO,28.23,11.9,285.6,24,307.8019,0.46,Calm,FMS_MARITIME,2026-04-06
2022-03-03,90,HFO,26.0,8.7,208.8,24,387.7586,0.67,Calm,FMS_MARITIME,2026-04-06
2022-03-04,90,HFO,29.66,8.7,208.8,24,442.3431,0.71,Calm,FMS_MARITIME,2026-04-06
2022-03-05,90,LNG,52.74,13.3,319.2,24,514.5124,0.62,Rough,FMS_MARITIME,2026-04-06
2022-03-06,90,HFO,56.67,11.5,276.0,24,639.3854,0.97,Rough,FMS_MARITIME,2026-04-06
2022-03-07,90,HFO,58.58,15.5,372.0,24,490.3713,0.4,Rough,FMS_MARITIME,2026-04-06
2022-03-08,90,LNG,66.9,13.5,324.0,24,642.9833,0.54,Rough,FMS_MARITIME,2026-04-06
2022-03-09,90,LSMGO,78.13,8.8,211.2,24,1151.9736,0.93,Rough,FMS_MARITIME,2026-04-06
2022-03-10,90,LSMGO,24.53,15.4,369.6,24,206.6732,0.77,Moderate,FMS_MARITIME,2026-04-06
2022-03-11,90,VLSFO,71.81,16.5,396.0,24,564.6877,0.79,Moderate,FMS_MARITIME,2026-04-06
2022-03-12,90,VLSFO,48.1,11.7,280.8,24,533.4167,0.6,Moderate,FMS_MARITIME,2026-04-06
2022-03-13,90,VLSFO,28.91,15.9,381.6,24,235.9165,0.85,Calm,FMS_MARITIME,2026-04-06
2022-03-14,90,HFO,16.45,13.7,328.8,24,155.7947,0.72,Moderate,FMS_MARITIME,2026-04-06
2022-03-15,90,LNG,33.6,11.6,278.4,24,375.8276,0.78,Moderate,FMS_MARITIME,2026-04-06
2022-03-16,90,HFO,48.18,13.7,328.8,24,456.3033,0.59,Rough,FMS_MARITIME,2026-04-06
2022-03-17,90,VLSFO,44.52,16.7,400.8,24,345.8964,0.87,Moderate,FMS_MARITIME,2026-04-06
2022-03-18,90,HFO,71.15,11.8,283.2,24,782.3485,0.58,Calm,FMS_MARITIME,2026-04-06
2022-03-19,90,MGO,29.89,16.3,391.2,24,237.9281,0.74,Calm,FMS_MARITIME,2026-04-06
2022-03-20,90,MGO,46.19,10.4,249.6,24,576.2647,0.86,Rough,FMS_MARITIME,2026-04-06
2022-03-21,90,MGO,72.2,16.2,388.8,24,578.2685,1.0,Calm,FMS_MARITIME,2026-04-06
2022-03-22,90,MGO,17.16,11.2,268.8,24,198.7955,0.86,Rough,FMS_MARITIME,2026-04-06
2022-03-23,90,LSMGO,36.97,17.9,429.6,24,267.9809,1.0,Moderate,FMS_MARITIME,2026-04-06
2022-03-24,90,HFO,61.77,16.4,393.6,24,488.6986,0.85,Rough,FMS_MARITIME,2026-04-06
2022-03-25,90,LSMGO,53.77,17.6,422.4,24,396.401,0.54,Moderate,FMS_MARITIME,2026-04-06
2022-03-26,90,LNG,34.93,10.9,261.6,24,415.7952,0.7,Calm,FMS_MARITIME,2026-04-06
2022-03-27,90,MGO,24.97,8.4,201.6,24,385.6973,0.79,Moderate,FMS_MARITIME,2026-04-06
2022-03-28,90,VLSFO,40.67,9.1,218.4,24,579.8827,0.97,Calm,FMS_MARITIME,2026-04-06
2022-03-28,90,VLSFO,68.35,16.5,396.0,24,537.4795,0.91,Moderate,FMS_MARITIME,2026-04-06
2022-03-28,90,MGO,18.78,8.7,208.8,24,280.081,0.45,Calm,FMS_MARITIME,2026-04-06
2022-03-01,91,MGO,66.69,9.9,237.6,24,874.0432,0.83,Moderate,FMS_MARITIME,2026-04-06
2022-03-02,91,LSMGO,22.79,10.3,247.2,24,287.0876,0.74,Rough,FMS_MARITIME,2026-04-06
2022-03-03,91,LNG,70.99,15.9,381.6,24,579.3052,0.88,Rough,FMS_MARITIME,2026-04-06
2022-03-04,91,LSMGO,34.69,15.0,360.0,24,300.0685,0.5,Calm,FMS_MARITIME,2026-04-06
2022-03-05,91,VLSFO,50.83,14.3,343.2,24,461.2023,0.67,Rough,FMS_MARITIME,2026-04-06
2022-03-06,91,HFO,80.17,11.7,280.8,24,889.0647,0.99,Rough,FMS_MARITIME,2026-04-06
2022-03-07,91,MGO,15.53,8.1,194.4,24,248.7676,0.58,Rough,FMS_MARITIME,2026-04-06
2022-03-08,91,LNG,65.17,17.2,412.8,24,491.6167,0.48,Calm,FMS_MARITIME,2026-04-06
2022-03-09,91,LNG,44.89,10.4,249.6,24,560.0459,0.82,Rough,FMS_MARITIME,2026-04-06
2022-03-10,91,VLSFO,63.23,16.6,398.4,24,494.2224,0.72,Rough,FMS_MARITIME,2026-04-06
2022-03-11,91,MGO,66.92,11.2,268.8,24,775.2562,0.46,Rough,FMS_MARITIME,2026-04-06
2022-03-12,91,VLSFO,32.68,12.0,288.0,24,353.3525,0.87,Moderate,FMS_MARITIME,2026-04-06
2022-03-13,91,VLSFO,68.12,13.4,321.6,24,659.5948,0.51,Rough,FMS_MARITIME,2026-04-06
2022-03-14,91,LNG,37.46,16.7,400.8,24,291.044,0.65,Moderate,FMS_MARITIME,2026-04-06
2022-03-15,91,LSMGO,75.64,15.1,362.4,24,649.953,0.92,Moderate,FMS_MARITIME,2026-04-06
2022-03-16,91,HFO,45.36,11.6,278.4,24,507.3672,0.44,Rough,FMS_MARITIME,2026-04-06
2022-03-17,91,MGO,38.97,8.9,213.6,24,568.1301,0.73,Rough,FMS_MARITIME,2026-04-06
2022-03-18,91,LSMGO,59.72,14.6,350.4,24,530.7308,0.43,Calm,FMS_MARITIME,2026-04-06
2022-03-19,91,LSMGO,16.15,12.0,288.0,24,174.6219,0.44,Rough,FMS_MARITIME,2026-04-06
2022-03-20,91,HFO,17.26,10.8,259.2,24,207.3597,0.58,Rough,FMS_MARITIME,2026-04-06
2022-03-21,91,MGO,74.76,8.7,208.8,24,1114.9552,0.94,Calm,FMS_MARITIME,2026-04-06
2022-03-22,91,VLSFO,37.54,17.5,420.0,24,278.3323,0.57,Moderate,FMS_MARITIME,2026-04-06
2022-03-23,91,MGO,82.56,10.6,254.4,24,1010.5811,0.49,Moderate,FMS_MARITIME,2026-04-06
2022-03-24,91,LNG,35.59,10.4,249.6,24,444.0195,0.49,Moderate,FMS_MARITIME,2026-04-06
2022-03-25,91,LSMGO,58.05,15.7,376.8,24,479.7444,0.47,Calm,FMS_MARITIME,2026-04-06
2022-03-26,91,LSMGO,25.7,10.8,259.2,24,308.7569,0.6,Rough,FMS_MARITIME,2026-04-06
2022-03-27,91,VLSFO,21.7,11.1,266.4,24,253.6554,0.56,Rough,FMS_MARITIME,2026-04-06
2022-03-28,91,MGO,34.4,16.9,405.6,24,264.1065,0.62,Rough,FMS_MARITIME,2026-04-06
2022-03-28,91,VLSFO,52.02,17.8,427.2,24,379.1907,0.54,Moderate,FMS_MARITIME,2026-04-06
2022-03-28,91,VLSFO,71.97,12.3,295.2,24,759.1957,0.47,Calm,FMS_MARITIME,2026-04-06
2022-03-01,92,MGO,63.82,16.1,386.4,24,514.3258,0.8,Calm,FMS_MARITIME,2026-04-06
2022-03-02,92,MGO,75.94,15.4,369.6,24,639.8192,0.75,Moderate,FMS_MARITIME,2026-04-06
2022-03-03,92,VLSFO,23.83,8.3,199.2,24,372.5232,0.93,Rough,FMS_MARITIME,2026-04-06
2022-03-04,92,MGO,31.88,11.4,273.6,24,362.8447,0.88,Rough,FMS_MARITIME,2026-04-06
2022-03-05,92,LNG,81.78,9.4,225.6,24,1128.825,0.57,Rough,FMS_MARITIME,2026-04-06
2022-03-06,92,HFO,68.01,8.2,196.8,24,1076.1338,0.89,Moderate,FMS_MARITIME,2026-04-06
2022-03-07,92,HFO,26.33,9.4,225.6,24,363.438,0.53,Moderate,FMS_MARITIME,2026-04-06
2022-03-08,92,HFO,74.94,14.3,343.2,24,679.9626,0.56,Moderate,FMS_MARITIME,2026-04-06
2022-03-09,92,MGO,62.52,14.8,355.2,24,548.1061,0.55,Rough,FMS_MARITIME,2026-04-06
2022-03-10,92,MGO,30.9,16.6,398.4,24,241.5226,0.82,Calm,FMS_MARITIME,2026-04-06
2022-03-11,92,VLSFO,21.0,9.7,232.8,24,280.9021,0.62,Calm,FMS_MARITIME,2026-04-06
2022-03-12,92,LNG,45.37,16.5,396.0,24,356.7732,0.71,Rough,FMS_MARITIME,2026-04-06
2022-03-13,92,LNG,23.44,8.2,196.8,24,370.8951,0.83,Rough,FMS_MARITIME,2026-04-06
2022-03-14,92,VLSFO,29.98,13.6,326.4,24,286.0224,0.7,Rough,FMS_MARITIME,2026-04-06
2022-03-15,92,MGO,79.58,14.4,345.6,24,717.049,0.54,Rough,FMS_MARITIME,2026-04-06
2022-03-16,92,LNG,72.57,10.4,249.6,24,905.3805,0.98,Rough,FMS_MARITIME,2026-04-06
2022-03-17,92,VLSFO,15.43,13.5,324.0,24,148.2994,0.4,Moderate,FMS_MARITIME,2026-04-06
2022-03-18,92,LNG,67.18,8.7,208.8,24,1001.9086,0.74,Calm,FMS_MARITIME,2026-04-06
2022-03-19,92,LNG,19.68,8.7,208.8,24,293.5034,0.75,Calm,FMS_MARITIME,2026-04-06
2022-03-20,92,HFO,76.42,10.1,242.4,24,981.7322,0.41,Rough,FMS_MARITIME,2026-04-06
2022-03-21,92,HFO,68.19,13.7,328.8,24,645.8141,0.62,Moderate,FMS_MARITIME,2026-04-06
2022-03-22,92,VLSFO,56.25,14.4,345.6,24,506.8359,0.79,Calm,FMS_MARITIME,2026-04-06
2022-03-23,92,VLSFO,62.65,10.7,256.8,24,759.7044,0.41,Rough,FMS_MARITIME,2026-04-06
2022-03-24,92,LNG,26.95,16.7,400.8,24,209.387,0.97,Moderate,FMS_MARITIME,2026-04-06
2022-03-25,92,MGO,32.41,17.0,408.0,24,247.3646,0.7,Calm,FMS_MARITIME,2026-04-06
2022-03-26,92,MGO,22.24,8.2,196.8,24,351.9073,0.99,Moderate,FMS_MARITIME,2026-04-06
2022-03-27,92,MGO,25.5,8.8,211.2,24,375.9801,0.91,Calm,FMS_MARITIME,2026-04-06
2022-03-28,92,HFO,20.24,14.4,345.6,24,182.3708,0.55,Calm,FMS_MARITIME,2026-04-06
2022-03-28,92,HFO,77.79,11.2,268.8,24,901.1833,0.92,Moderate,FMS_MARITIME,2026-04-06
2022-03-28,92,HFO,49.55,9.8,235.2,24,656.0319,0.6,Calm,FMS_MARITIME,2026-04-06
2022-03-01,93,LNG,59.34,9.0,216.0,24,855.485,0.71,Moderate,FMS_MARITIME,2026-04-06
2022-03-02,93,VLSFO,84.77,14.4,345.6,24,763.813,0.6,Moderate,FMS_MARITIME,2026-04-06
2022-03-03,93,MGO,26.17,17.0,408.0,24,199.7387,0.93,Rough,FMS_MARITIME,2026-04-06
2022-03-04,93,VLSFO,16.23,9.4,225.6,24,224.0258,0.67,Rough,FMS_MARITIME,2026-04-06
2022-03-05,93,VLSFO,27.76,16.9,405.6,24,213.1278,0.67,Moderate,FMS_MARITIME,2026-04-06
2022-03-06,93,LSMGO,49.57,10.0,240.0,24,643.1707,0.63,Calm,FMS_MARITIME,2026-04-06
2022-03-07,93,LNG,36.34,10.3,247.2,24,457.7782,0.54,Calm,FMS_MARITIME,2026-04-06
2022-03-08,93,MGO,83.59,14.0,336.0,24,774.7002,0.57,Rough,FMS_MARITIME,2026-04-06
2022-03-09,93,HFO,50.21,9.5,228.0,24,685.7629,0.54,Moderate,FMS_MARITIME,2026-04-06
2022-03-10,93,MGO,49.24,8.7,208.8,24,734.3552,0.77,Rough,FMS_MARITIME,2026-04-06
2022-03-11,93,VLSFO,36.96,11.6,278.4,24,413.4103,0.83,Moderate,FMS_MARITIME,2026-04-06
2022-03-12,93,LSMGO,46.44,15.4,369.6,24,391.2721,0.79,Calm,FMS_MARITIME,2026-04-06
2022-03-13,93,VLSFO,62.97,11.2,268.8,24,729.4962,0.47,Rough,FMS_MARITIME,2026-04-06
2022-03-14,93,MGO,75.19,17.2,412.8,24,567.2036,0.8,Moderate,FMS_MARITIME,2026-04-06
2022-03-15,93,HFO,78.57,10.3,247.2,24,989.7532,0.97,Rough,FMS_MARITIME,2026-04-06
2022-03-16,93,VLSFO,27.5,8.9,213.6,24,400.9129,0.74,Moderate,FMS_MARITIME,2026-04-06
2022-03-17,93,MGO,74.01,9.9,237.6,24,969.9795,0.73,Moderate,FMS_MARITIME,2026-04-06
2022-03-18,93,MGO,30.11,9.7,232.8,24,402.7601,0.5,Calm,FMS_MARITIME,2026-04-06
2022-03-19,93,LNG,78.0,15.2,364.8,24,665.8224,0.95,Moderate,FMS_MARITIME,2026-04-06
2022-03-20,93,VLSFO,33.01,10.7,256.8,24,400.2848,0.68,Rough,FMS_MARITIME,2026-04-06
2022-03-21,93,HFO,52.04,16.5,396.0,24,409.2236,0.94,Rough,FMS_MARITIME,2026-04-06
2022-03-22,93,MGO,30.15,16.8,403.2,24,232.8549,0.93,Moderate,FMS_MARITIME,2026-04-06
2022-03-23,93,LSMGO,23.67,15.4,369.6,24,199.4274,0.49,Calm,FMS_MARITIME,2026-04-06
2022-03-24,93,MGO,28.37,16.6,398.4,24,221.7474,0.75,Calm,FMS_MARITIME,2026-04-06
2022-03-25,93,MGO,79.53,13.2,316.8,24,781.7437,0.64,Rough,FMS_MARITIME,2026-04-06
2022-03-26,93,HFO,79.15,10.8,259.2,24,950.8993,0.88,Calm,FMS_MARITIME,2026-04-06
2022-03-27,93,MGO,62.12,13.5,324.0,24,597.0422,0.49,Calm,FMS_MARITIME,2026-04-06
2022-03-28,93,VLSFO,39.44,8.3,199.2,24,616.547,0.76,Moderate,FMS_MARITIME,2026-04-06
2022-03-28,93,VLSFO,34.18,15.0,360.0,24,295.657,0.86,Calm,FMS_MARITIME,2026-04-06
2022-03-28,93,LNG,15.12,10.0,240.0,24,196.182,0.76,Rough,FMS_MARITIME,2026-04-06
2022-03-01,94,HFO,46.58,11.6,278.4,24,521.0134,0.75,Moderate,FMS_MARITIME,2026-04-06
2022-03-02,94,VLSFO,16.64,11.5,276.0,24,187.7426,0.53,Moderate,FMS_MARITIME,2026-04-06
2022-03-03,94,LSMGO,84.57,11.6,278.4,24,945.9446,0.98,Moderate,FMS_MARITIME,2026-04-06
2022-03-04,94,LSMGO,36.88,14.0,336.0,24,341.7986,0.81,Moderate,FMS_MARITIME,2026-04-06
2022-03-05,94,VLSFO,60.76,10.5,252.0,24,750.82,0.74,Moderate,FMS_MARITIME,2026-04-06
2022-03-06,94,MGO,27.58,11.8,283.2,24,303.2631,0.51,Rough,FMS_MARITIME,2026-04-06
2022-03-07,94,VLSFO,76.81,9.8,235.2,24,1016.9487,0.73,Calm,FMS_MARITIME,2026-04-06
2022-03-08,94,LSMGO,20.79,13.7,328.8,24,196.898,0.74,Calm,FMS_MARITIME,2026-04-06
2022-03-09,94,LNG,67.19,11.7,280.8,24,745.1199,0.64,Moderate,FMS_MARITIME,2026-04-06
2022-03-10,94,LSMGO,82.96,13.5,324.0,24,797.3378,0.47,Calm,FMS_MARITIME,2026-04-06
2022-03-11,94,LSMGO,83.7,12.9,309.6,24,841.8663,0.84,Rough,FMS_MARITIME,2026-04-06
2022-03-12,94,LNG,77.28,8.3,199.2,24,1208.0819,0.4,Calm,FMS_MARITIME,2026-04-06
2022-03-13,94,HFO,58.41,18.0,432.0,24,421.0387,0.9,Moderate,FMS_MARITIME,2026-04-06
2022-03-14,94,MGO,18.62,13.8,331.2,24,175.0685,0.84,Rough,FMS_MARITIME,2026-04-06
2022-03-15,94,LNG,16.62,16.7,400.8,24,129.1284,0.78,Moderate,FMS_MARITIME,2026-04-06
2022-03-16,94,HFO,32.54,9.4,225.6,24,449.1559,0.46,Moderate,FMS_MARITIME,2026-04-06
2022-03-17,94,VLSFO,39.16,8.1,194.4,24,627.2852,0.79,Rough,FMS_MARITIME,2026-04-06
2022-03-18,94,MGO,57.75,15.2,364.8,24,492.9646,0.76,Rough,FMS_MARITIME,2026-04-06
2022-03-19,94,LSMGO,68.77,10.9,261.6,24,818.6154,0.61,Rough,FMS_MARITIME,2026-04-06
2022-03-20,94,HFO,15.43,11.3,271.2,24,177.1719,0.59,Calm,FMS_MARITIME,2026-04-06
2022-03-21,94,HFO,47.82,11.0,264.0,24,564.0586,0.94,Moderate,FMS_MARITIME,2026-04-06
2022-03-22,94,VLSFO,16.64,16.0,384.0,24,134.94,0.75,Calm,FMS_MARITIME,2026-04-06
2022-03-23,94,VLSFO,34.2,8.4,201.6,24,528.2679,0.65,Rough,FMS_MARITIME,2026-04-06
2022-03-24,94,VLSFO,49.14,10.2,244.8,24,625.0897,0.88,Rough,FMS_MARITIME,2026-04-06
2022-03-25,94,LNG,69.23,16.3,391.2,24,551.0793,0.68,Rough,FMS_MARITIME,2026-04-06
2022-03-26,94,LSMGO,31.58,17.7,424.8,24,231.4975,0.67,Rough,FMS_MARITIME,2026-04-06
2022-03-27,94,LNG,31.11,14.1,338.4,24,286.2782,0.44,Rough,FMS_MARITIME,2026-04-06
2022-03-28,94,MGO,24.45,15.3,367.2,24,207.3456,0.95,Rough,FMS_MARITIME,2026-04-06
2022-03-28,94,HFO,53.33,11.7,280.8,24,591.416,0.89,Moderate,FMS_MARITIME,2026-04-06
2022-03-28,94,MGO,37.25,16.4,393.6,24,294.7066,0.48,Moderate,FMS_MARITIME,2026-04-06
2022-03-01,95,MGO,47.58,9.3,223.2,24,663.8177,0.72,Moderate,FMS_MARITIME,2026-04-06
2022-03-02,95,LSMGO,42.61,10.2,244.8,24,542.0243,0.58,Rough,FMS_MARITIME,2026-04-06
2022-03-03,95,LSMGO,32.19,16.1,386.4,24,259.4194,0.91,Rough,FMS_MARITIME,2026-04-06
2022-03-04,95,HFO,43.36,14.7,352.8,24,382.7184,0.54,Rough,FMS_MARITIME,2026-04-06
2022-03-05,95,LNG,32.49,14.0,336.0,24,301.1127,0.85,Rough,FMS_MARITIME,2026-04-06
2022-03-06,95,HFO,46.63,12.5,300.0,24,484.0194,0.78,Moderate,FMS_MARITIME,2026-04-06
2022-03-07,95,LSMGO,18.25,9.1,218.4,24,260.2129,0.42,Rough,FMS_MARITIME,2026-04-06
2022-03-08,95,VLSFO,64.26,14.1,338.4,24,591.3287,0.68,Calm,FMS_MARITIME,2026-04-06
2022-03-09,95,HFO,29.23,10.2,244.8,24,371.8228,0.81,Calm,FMS_MARITIME,2026-04-06
2022-03-10,95,MGO,56.1,12.2,292.8,24,596.6373,0.51,Calm,FMS_MARITIME,2026-04-06
2022-03-11,95,VLSFO,24.88,16.5,396.0,24,195.6473,0.42,Calm,FMS_MARITIME,2026-04-06
2022-03-12,95,LSMGO,74.09,15.3,367.2,24,628.3123,0.54,Rough,FMS_MARITIME,2026-04-06
2022-03-13,95,LSMGO,66.46,14.6,350.4,24,590.6291,0.9,Moderate,FMS_MARITIME,2026-04-06
2022-03-14,95,VLSFO,77.32,9.9,237.6,24,1013.3606,0.65,Moderate,FMS_MARITIME,2026-04-06
2022-03-15,95,LNG,78.58,13.4,321.6,24,760.8772,0.71,Rough,FMS_MARITIME,2026-04-06
2022-03-16,95,LSMGO,44.8,9.6,230.4,24,605.5,0.73,Calm,FMS_MARITIME,2026-04-06
2022-03-17,95,HFO,48.57,14.2,340.8,24,443.7998,0.55,Calm,FMS_MARITIME,2026-04-06
2022-03-18,95,VLSFO,21.53,11.7,280.8,24,238.7622,0.94,Rough,FMS_MARITIME,2026-04-06
2022-03-19,95,MGO,38.56,10.8,259.2,24,463.2556,0.86,Calm,FMS_MARITIME,2026-04-06
2022-03-20,95,HFO,56.46,17.0,408.0,24,430.9226,0.71,Moderate,FMS_MARITIME,2026-04-06
2022-03-21,95,VLSFO,84.93,9.3,223.2,24,1184.9105,0.61,Rough,FMS_MARITIME,2026-04-06
2022-03-22,95,LNG,20.06,13.8,331.2,24,188.6076,0.96,Calm,FMS_MARITIME,2026-04-06
2022-03-23,95,LNG,31.96,11.0,264.0,24,376.9827,0.76,Rough,FMS_MARITIME,2026-04-06
2022-03-24,95,VLSFO,41.14,15.4,369.6,24,346.6179,0.97,Moderate,FMS_MARITIME,2026-04-06
2022-03-25,95,MGO,34.08,13.5,324.0,24,327.5467,0.99,Moderate,FMS_MARITIME,2026-04-06
2022-03-26,95,VLSFO,41.61,11.9,285.6,24,453.6889,0.64,Calm,FMS_MARITIME,2026-04-06
2022-03-27,95,VLSFO,48.51,11.5,276.0,24,547.3193,0.47,Moderate,FMS_MARITIME,2026-04-06
2022-03-28,95,LSMGO,34.18,16.3,391.2,24,272.077,0.79,Calm,FMS_MARITIME,2026-04-06
2022-03-28,95,LSMGO,50.06,10.6,254.4,24,612.7627,0.58,Moderate,FMS_MARITIME,2026-04-06
2022-03-28,95,HFO,82.18,17.7,424.8,24,602.4212,0.68,Calm,FMS_MARITIME,2026-04-06
2022-03-01,96,LNG,72.52,15.5,372.0,24,607.0626,0.44,Moderate,FMS_MARITIME,2026-04-06
2022-03-02,96,LSMGO,26.93,14.6,350.4,24,239.3265,0.51,Calm,FMS_MARITIME,2026-04-06
2022-03-03,96,LSMGO,15.18,11.5,276.0,24,171.27,0.83,Calm,FMS_MARITIME,2026-04-06
2022-03-04,96,VLSFO,38.11,10.2,244.8,24,484.7816,0.85,Calm,FMS_MARITIME,2026-04-06
2022-03-05,96,MGO,57.35,10.8,259.2,24,688.9965,0.93,Calm,FMS_MARITIME,2026-04-06
2022-03-06,96,MGO,51.18,11.2,268.8,24,592.9112,0.79,Rough,FMS_MARITIME,2026-04-06
2022-03-07,96,LNG,77.48,8.5,204.0,24,1182.7094,0.66,Rough,FMS_MARITIME,2026-04-06
2022-03-08,96,MGO,43.67,16.4,393.6,24,345.4989,0.82,Rough,FMS_MARITIME,2026-04-06
2022-03-09,96,MGO,33.53,16.0,384.0,24,271.9073,0.58,Rough,FMS_MARITIME,2026-04-06
2022-03-10,96,LSMGO,81.96,12.3,295.2,24,864.578,0.82,Rough,FMS_MARITIME,2026-04-06
2022-03-11,96,LNG,45.66,10.3,247.2,24,575.183,0.79,Calm,FMS_MARITIME,2026-04-06
2022-03-12,96,LNG,54.69,10.7,256.8,24,663.1801,0.43,Rough,FMS_MARITIME,2026-04-06
2022-03-13,96,VLSFO,51.1,9.2,220.8,24,720.6766,0.79,Calm,FMS_MARITIME,2026-04-06
2022-03-14,96,LSMGO,32.07,11.3,271.2,24,368.2374,0.96,Rough,FMS_MARITIME,2026-04-06
2022-03-15,96,LNG,21.52,12.0,288.0,24,232.685,0.91,Calm,FMS_MARITIME,2026-04-06
2022-03-16,96,LSMGO,74.2,11.2,268.8,24,859.5937,0.5,Moderate,FMS_MARITIME,2026-04-06
2022-03-17,96,VLSFO,70.88,14.2,340.8,24,647.6535,0.43,Rough,FMS_MARITIME,2026-04-06
2022-03-18,96,LNG,60.07,16.6,398.4,24,469.523,0.71,Rough,FMS_MARITIME,2026-04-06
2022-03-19,96,HFO,19.67,13.6,326.4,24,187.6605,0.84,Moderate,FMS_MARITIME,2026-04-06
2022-03-20,96,LSMGO,40.75,16.8,403.2,24,314.721,0.57,Moderate,FMS_MARITIME,2026-04-06
2022-03-21,96,VLSFO,51.97,9.5,228.0,24,709.8008,0.79,Calm,FMS_MARITIME,2026-04-06
2022-03-22,96,MGO,28.73,13.3,319.2,24,280.2795,0.88,Rough,FMS_MARITIME,2026-04-06
2022-03-23,96,LNG,17.82,14.6,350.4,24,158.3661,0.54,Rough,FMS_MARITIME,2026-04-06
2022-03-24,96,HFO,40.99,17.1,410.4,24,311.0206,0.58,Moderate,FMS_MARITIME,2026-04-06
2022-03-25,96,HFO,45.2,17.9,429.6,24,327.6369,0.83,Calm,FMS_MARITIME,2026-04-06
2022-03-26,96,MGO,75.21,8.1,194.4,24,1204.7528,0.47,Rough,FMS_MARITIME,2026-04-06
2022-03-27,96,LNG,53.46,17.6,422.4,24,394.1156,0.78,Rough,FMS_MARITIME,2026-04-06
2022-03-28,96,MGO,16.36,17.1,410.4,24,124.1351,0.8,Rough,FMS_MARITIME,2026-04-06
2022-03-28,96,LSMGO,44.56,15.4,369.6,24,375.4325,0.41,Rough,FMS_MARITIME,2026-04-06
2022-03-28,96,HFO,80.62,11.5,276.0,24,909.6039,0.47,Calm,FMS_MARITIME,2026-04-06
2022-03-01,97,VLSFO,34.98,17.6,422.4,24,257.8781,0.6,Moderate,FMS_MARITIME,2026-04-06
2022-03-02,97,MGO,73.74,11.9,285.6,24,804.0139,0.58,Moderate,FMS_MARITIME,2026-04-06
2022-03-03,97,MGO,65.96,9.7,232.8,24,882.3,0.61,Moderate,FMS_MARITIME,2026-04-06
2022-03-04,97,LSMGO,42.47,10.7,256.8,24,514.9984,0.72,Calm,FMS_MARITIME,2026-04-06
2022-03-05,97,MGO,37.11,8.5,204.0,24,566.4732,0.63,Rough,FMS_MARITIME,2026-04-06
2022-03-06,97,VLSFO,49.8,15.5,372.0,24,416.8742,0.44,Moderate,FMS_MARITIME,2026-04-06
2022-03-07,97,LNG,65.19,13.9,333.6,24,608.5182,0.74,Rough,FMS_MARITIME,2026-04-06
2022-03-08,97,HFO,61.0,8.5,204.0,24,931.1471,0.95,Calm,FMS_MARITIME,2026-04-06
2022-03-09,97,VLSFO,35.58,8.6,206.4,24,536.8029,0.84,Rough,FMS_MARITIME,2026-04-06
2022-03-10,97,VLSFO,73.82,10.9,261.6,24,878.7289,0.78,Calm,FMS_MARITIME,2026-04-06
2022-03-11,97,MGO,20.48,10.8,259.2,24,246.0444,0.43,Rough,FMS_MARITIME,2026-04-06
2022-03-12,97,MGO,77.16,9.0,216.0,24,1112.39,0.89,Calm,FMS_MARITIME,2026-04-06
2022-03-13,97,VLSFO,57.35,16.7,400.8,24,445.5786,0.62,Calm,FMS_MARITIME,2026-04-06
2022-03-14,97,HFO,25.51,8.7,208.8,24,380.4509,0.73,Moderate,FMS_MARITIME,2026-04-06
2022-03-15,97,HFO,38.67,13.2,316.8,24,380.1085,0.73,Calm,FMS_MARITIME,2026-04-06
2022-03-16,97,HFO,23.6,14.8,355.2,24,206.8986,0.44,Rough,FMS_MARITIME,2026-04-06
2022-03-17,97,MGO,63.35,10.0,240.0,24,821.9662,0.46,Rough,FMS_MARITIME,2026-04-06
2022-03-18,97,LNG,22.33,11.0,264.0,24,263.3925,0.5,Moderate,FMS_MARITIME,2026-04-06
2022-03-19,97,MGO,49.96,11.5,276.0,24,563.6791,0.55,Calm,FMS_MARITIME,2026-04-06
2022-03-20,97,LNG,27.36,14.3,343.2,24,248.249,0.67,Calm,FMS_MARITIME,2026-04-06
2022-03-21,97,LNG,29.66,17.8,427.2,24,216.2014,0.69,Moderate,FMS_MARITIME,2026-04-06
2022-03-22,97,HFO,23.25,16.9,405.6,24,178.5022,0.95,Moderate,FMS_MARITIME,2026-04-06
2022-03-23,97,LNG,26.47,8.3,199.2,24,413.7931,0.86,Rough,FMS_MARITIME,2026-04-06
2022-03-24,97,VLSFO,58.14,10.6,254.4,24,711.6665,0.51,Calm,FMS_MARITIME,2026-04-06
2022-03-25,97,HFO,82.33,14.7,352.8,24,726.6883,0.41,Moderate,FMS_MARITIME,2026-04-06
2022-03-26,97,MGO,31.59,9.6,230.4,24,426.9586,0.98,Rough,FMS_MARITIME,2026-04-06
2022-03-27,97,LNG,77.42,8.0,192.0,24,1255.6556,0.44,Moderate,FMS_MARITIME,2026-04-06
2022-03-28,97,HFO,32.38,15.2,364.8,24,276.4016,0.59,Calm,FMS_MARITIME,2026-04-06
2022-03-28,97,LSMGO,43.3,10.5,252.0,24,535.0643,0.42,Calm,FMS_MARITIME,2026-04-06
2022-03-28,97,VLSFO,48.2,12.1,290.4,24,516.8554,0.8,Moderate,FMS_MARITIME,2026-04-06
2022-03-01,98,MGO,79.98,17.4,417.6,24,596.4026,0.66,Moderate,FMS_MARITIME,2026-04-06
2022-03-02,98,HFO,41.35,17.0,408.0,24,315.5978,0.85,Calm,FMS_MARITIME,2026-04-06
2022-03-03,98,VLSFO,65.02,16.0,384.0,24,527.2716,0.59,Calm,FMS_MARITIME,2026-04-06
2022-03-04,98,MGO,44.31,10.3,247.2,24,558.1769,0.81,Rough,FMS_MARITIME,2026-04-06
2022-03-05,98,HFO,70.72,14.0,336.0,24,655.4229,0.68,Moderate,FMS_MARITIME,2026-04-06
2022-03-06,98,VLSFO,32.02,17.3,415.2,24,240.15,0.49,Rough,FMS_MARITIME,2026-04-06
2022-03-07,98,VLSFO,48.23,16.6,398.4,24,376.9785,0.44,Calm,FMS_MARITIME,2026-04-06
2022-03-08,98,MGO,54.92,17.2,412.8,24,414.2948,0.63,Calm,FMS_MARITIME,2026-04-06
2022-03-09,98,MGO,49.13,12.0,288.0,24,531.2181,0.56,Moderate,FMS_MARITIME,2026-04-06
2022-03-10,98,LNG,57.66,17.4,417.6,24,429.9647,0.77,Calm,FMS_MARITIME,2026-04-06
2022-03-11,98,VLSFO,15.67,15.4,369.6,24,132.0248,0.44,Moderate,FMS_MARITIME,2026-04-06
2022-03-12,98,LNG,75.62,10.2,244.8,24,961.9309,0.44,Moderate,FMS_MARITIME,2026-04-06
2022-03-13,98,VLSFO,28.67,11.5,276.0,24,323.4724,0.86,Rough,FMS_MARITIME,2026-04-06
2022-03-14,98,HFO,45.57,15.8,379.2,24,374.222,0.51,Rough,FMS_MARITIME,2026-04-06
2022-03-15,98,HFO,38.82,10.6,254.4,24,475.1788,0.78,Calm,FMS_MARITIME,2026-04-06
2022-03-16,98,HFO,73.55,15.2,364.8,24,627.8363,0.51,Calm,FMS_MARITIME,2026-04-06
2022-03-17,98,MGO,76.67,12.5,300.0,24,795.8346,0.73,Moderate,FMS_MARITIME,2026-04-06
2022-03-18,98,LSMGO,18.66,8.7,208.8,24,278.2914,0.98,Rough,FMS_MARITIME,2026-04-06
2022-03-19,98,VLSFO,17.83,11.9,285.6,24,194.4069,0.84,Calm,FMS_MARITIME,2026-04-06
2022-03-20,98,LNG,26.44,9.4,225.6,24,364.9564,0.56,Moderate,FMS_MARITIME,2026-04-06
2022-03-21,98,MGO,28.72,8.9,213.6,24,418.6989,0.72,Moderate,FMS_MARITIME,2026-04-06
2022-03-22,98,LSMGO,45.05,13.3,319.2,24,439.4915,0.5,Calm,FMS_MARITIME,2026-04-06
2022-03-23,98,HFO,76.45,11.1,266.4,24,893.6385,0.71,Rough,FMS_MARITIME,2026-04-06
2022-03-24,98,VLSFO,20.5,8.3,199.2,24,320.4669,0.91,Rough,FMS_MARITIME,2026-04-06
2022-03-25,98,VLSFO,31.89,14.5,348.0,24,285.3605,0.93,Moderate,FMS_MARITIME,2026-04-06
2022-03-26,98,VLSFO,70.49,10.8,259.2,24,846.859,0.83,Rough,FMS_MARITIME,2026-04-06
2022-03-27,98,LSMGO,77.04,10.2,244.8,24,979.9941,0.52,Calm,FMS_MARITIME,2026-04-06
2022-03-28,98,VLSFO,41.21,13.2,316.8,24,405.0756,0.78,Calm,FMS_MARITIME,2026-04-06
2022-03-28,98,LSMGO,47.14,8.7,208.8,24,703.0362,0.41,Calm,FMS_MARITIME,2026-04-06
2022-03-28,98,HFO,16.84,10.6,254.4,24,206.1311,0.83,Calm,FMS_MARITIME,2026-04-06
2022-03-01,99,LSMGO,17.88,16.8,403.2,24,138.0911,0.89,Moderate,FMS_MARITIME,2026-04-06
2022-03-02,99,HFO,77.62,16.3,391.2,24,617.8647,0.83,Rough,FMS_MARITIME,2026-04-06
2022-03-03,99,HFO,67.34,12.4,297.6,24,704.6262,0.41,Rough,FMS_MARITIME,2026-04-06
2022-03-04,99,LSMGO,57.18,12.1,290.4,24,613.1492,0.6,Calm,FMS_MARITIME,2026-04-06
2022-03-05,99,MGO,55.95,12.5,300.0,24,580.761,0.45,Calm,FMS_MARITIME,2026-04-06
2022-03-06,99,LSMGO,19.06,18.0,432.0,24,137.3908,0.77,Rough,FMS_MARITIME,2026-04-06
2022-03-07,99,LSMGO,41.43,9.2,220.8,24,584.2981,0.71,Calm,FMS_MARITIME,2026-04-06
2022-03-08,99,HFO,40.26,14.7,352.8,24,355.3561,0.71,Rough,FMS_MARITIME,2026-04-06
2022-03-09,99,LNG,29.63,8.2,196.8,24,468.8405,0.81,Rough,FMS_MARITIME,2026-04-06
2022-03-10,99,LSMGO,80.04,14.4,345.6,24,721.1938,0.95,Rough,FMS_MARITIME,2026-04-06
2022-03-11,99,MGO,72.88,10.5,252.0,24,900.5886,0.52,Moderate,FMS_MARITIME,2026-04-06
2022-03-12,99,VLSFO,24.86,9.9,237.6,24,325.8167,0.86,Rough,FMS_MARITIME,2026-04-06
2022-03-13,99,VLSFO,18.24,9.6,230.4,24,246.525,0.92,Moderate,FMS_MARITIME,2026-04-06
2022-03-14,99,MGO,17.92,17.4,417.6,24,133.6276,0.93,Rough,FMS_MARITIME,2026-04-06
2022-03-15,99,LSMGO,33.37,17.3,415.2,24,250.275,0.49,Calm,FMS_MARITIME,2026-04-06
2022-03-16,99,HFO,51.11,10.2,244.8,24,650.1493,0.67,Calm,FMS_MARITIME,2026-04-06
2022-03-17,99,HFO,33.41,11.7,280.8,24,370.5083,0.42,Rough,FMS_MARITIME,2026-04-06
2022-03-18,99,LNG,56.68,11.9,285.6,24,618.0025,0.73,Calm,FMS_MARITIME,2026-04-06
2022-03-19,99,MGO,79.8,15.0,360.0,24,690.27,0.41,Rough,FMS_MARITIME,2026-04-06
2022-03-20,99,LNG,48.53,14.8,355.2,24,425.4573,0.8,Rough,FMS_MARITIME,2026-04-06
2022-03-21,99,LSMGO,74.51,12.7,304.8,24,761.2341,0.71,Rough,FMS_MARITIME,2026-04-06
2022-03-22,99,HFO,78.05,9.1,218.4,24,1112.8558,0.99,Moderate,FMS_MARITIME,2026-04-06
2022-03-23,99,LNG,42.09,10.4,249.6,24,525.1132,0.51,Moderate,FMS_MARITIME,2026-04-06
2022-03-24,99,LNG,72.35,10.0,240.0,24,938.7412,0.51,Rough,FMS_MARITIME,2026-04-06
2022-03-25,99,MGO,72.51,16.7,400.8,24,563.3636,0.5,Rough,FMS_MARITIME,2026-04-06
2022-03-26,99,MGO,54.15,15.0,360.0,24,468.3975,0.63,Moderate,FMS_MARITIME,2026-04-06
2022-03-27,99,VLSFO,17.19,16.4,393.6,24,136.0002,0.86,Rough,FMS_MARITIME,2026-04-06
2022-03-28,99,HFO,28.4,10.1,242.4,24,364.8416,0.94,Rough,FMS_MARITIME,2026-04-06
2022-03-28,99,LNG,22.04,12.3,295.2,24,232.4951,0.99,Calm,FMS_MARITIME,2026-04-06
2022-03-28,99,LNG,49.64,17.4,417.6,24,370.1603,0.45,Calm,FMS_MARITIME,2026-04-06
2022-03-01,100,VLSFO,58.5,9.4,225.6,24,807.4867,0.64,Calm,FMS_MARITIME,2026-04-06
2022-03-02,100,LNG,42.04,15.3,367.2,24,356.5157,0.92,Rough,FMS_MARITIME,2026-04-06
2022-03-03,100,LSMGO,66.93,15.8,379.2,24,549.6309,0.71,Rough,FMS_MARITIME,2026-04-06
2022-03-04,100,MGO,28.88,15.2,364.8,24,246.525,0.49,Calm,FMS_MARITIME,2026-04-06
2022-03-05,100,LSMGO,40.14,15.0,360.0,24,347.211,0.45,Rough,FMS_MARITIME,2026-04-06
2022-03-06,100,LSMGO,33.42,15.7,376.8,24,276.1939,0.42,Moderate,FMS_MARITIME,2026-04-06
2022-03-07,100,VLSFO,73.42,14.3,343.2,24,666.171,0.72,Rough,FMS_MARITIME,2026-04-06
2022-03-08,100,MGO,62.51,8.8,211.2,24,921.6673,0.61,Calm,FMS_MARITIME,2026-04-06
2022-03-09,100,VLSFO,48.65,13.3,319.2,24,474.6118,0.74,Rough,FMS_MARITIME,2026-04-06
2022-03-10,100,MGO,46.75,10.3,247.2,24,588.9138,0.7,Moderate,FMS_MARITIME,2026-04-06
2022-03-11,100,HFO,18.6,12.3,295.2,24,196.2073,0.87,Calm,FMS_MARITIME,2026-04-06
2022-03-12,100,VLSFO,62.92,16.3,391.2,24,500.8509,0.99,Calm,FMS_MARITIME,2026-04-06
2022-03-13,100,LSMGO,56.24,14.5,348.0,24,503.251,0.77,Calm,FMS_MARITIME,2026-04-06
2022-03-14,100,HFO,59.38,16.3,391.2,24,472.6721,0.71,Calm,FMS_MARITIME,2026-04-06
2022-03-15,100,LNG,30.71,12.7,304.8,24,313.7498,0.91,Moderate,FMS_MARITIME,2026-04-06
2022-03-16,100,LNG,70.26,9.1,218.4,24,1001.7841,0.99,Rough,FMS_MARITIME,2026-04-06
2022-03-17,100,HFO,27.36,12.5,300.0,24,283.9968,0.57,Rough,FMS_MARITIME,2026-04-06
2022-03-18,100,VLSFO,76.89,11.3,271.2,24,882.8741,0.98,Calm,FMS_MARITIME,2026-04-06
2022-03-19,100,LSMGO,53.92,16.2,388.8,24,431.8593,0.45,Rough,FMS_MARITIME,2026-04-06
2022-03-20,100,MGO,16.5,10.3,247.2,24,207.8519,0.96,Rough,FMS_MARITIME,2026-04-06
2022-03-21,100,MGO,41.45,15.6,374.4,24,344.7524,0.77,Rough,FMS_MARITIME,2026-04-06
2022-03-22,100,MGO,58.48,10.3,247.2,24,736.6777,0.84,Calm,FMS_MARITIME,2026-04-06
2022-03-23,100,LNG,32.04,12.2,292.8,24,340.7533,0.98,Calm,FMS_MARITIME,2026-04-06
2022-03-24,100,LNG,51.17,13.6,326.4,24,488.1844,0.99,Moderate,FMS_MARITIME,2026-04-06
2022-03-25,100,MGO,54.92,16.7,400.8,24,426.6988,0.74,Rough,FMS_MARITIME,2026-04-06
2022-03-26,100,MGO,47.23,15.5,372.0,24,395.3608,0.67,Rough,FMS_MARITIME,2026-04-06
2022-03-27,100,MGO,21.62,15.5,372.0,24,180.9803,0.93,Rough,FMS_MARITIME,2026-04-06
2022-03-28,100,VLSFO,29.25,13.9,333.6,24,273.0351,0.64,Calm,FMS_MARITIME,2026-04-06
2022-03-28,100,VLSFO,57.29,10.1,242.4,24,735.978,0.81,Moderate,FMS_MARITIME,2026-04-06
2022-03-28,100,LSMGO,52.08,13.0,312.0,24,519.7985,0.58,Rough,FMS_MARITIME,2026-04-06
2022-03-01,101,VLSFO,27.71,14.8,355.2,24,242.9306,0.63,Rough,FMS_MARITIME,2026-04-06
2022-03-02,101,VLSFO,55.0,9.1,218.4,24,784.2033,0.5,Moderate,FMS_MARITIME,2026-04-06
2022-03-03,101,VLSFO,62.53,15.4,369.6,24,526.8356,0.69,Moderate,FMS_MARITIME,2026-04-06
2022-03-04,101,LSMGO,45.47,15.5,372.0,24,380.6279,0.54,Rough,FMS_MARITIME,2026-04-06
2022-03-05,101,VLSFO,41.33,13.3,319.2,24,403.2006,0.69,Calm,FMS_MARITIME,2026-04-06
2022-03-06,101,VLSFO,74.66,10.8,259.2,24,896.9569,0.41,Calm,FMS_MARITIME,2026-04-06
2022-03-07,101,VLSFO,24.69,12.8,307.2,24,250.2756,0.72,Moderate,FMS_MARITIME,2026-04-06
2022-03-08,101,LNG,71.36,12.7,304.8,24,729.052,0.98,Rough,FMS_MARITIME,2026-04-06
2022-03-09,101,MGO,29.05,15.2,364.8,24,247.9762,0.86,Moderate,FMS_MARITIME,2026-04-06
2022-03-10,101,MGO,63.6,15.4,369.6,24,535.8506,0.41,Rough,FMS_MARITIME,2026-04-06
2022-03-11,101,MGO,39.06,12.3,295.2,24,412.0354,0.84,Moderate,FMS_MARITIME,2026-04-06
2022-03-12,101,HFO,47.87,15.7,376.8,24,395.6135,0.99,Moderate,FMS_MARITIME,2026-04-06
2022-03-13,101,HFO,66.75,17.4,417.6,24,497.7478,0.95,Moderate,FMS_MARITIME,2026-04-06
2022-03-14,101,LSMGO,18.82,9.8,235.2,24,249.173,0.48,Rough,FMS_MARITIME,2026-04-06
2022-03-15,101,LSMGO,63.96,12.1,290.4,24,685.8521,0.68,Calm,FMS_MARITIME,2026-04-06
2022-03-16,101,VLSFO,28.21,14.8,355.2,24,247.314,0.7,Rough,FMS_MARITIME,2026-04-06
2022-03-17,101,VLSFO,68.43,15.9,381.6,24,558.4146,0.64,Moderate,FMS_MARITIME,2026-04-06
2022-03-18,101,MGO,38.79,12.0,288.0,24,419.4169,0.68,Calm,FMS_MARITIME,2026-04-06
2022-03-19,101,MGO,77.59,15.9,381.6,24,633.1637,0.56,Calm,FMS_MARITIME,2026-04-06
2022-03-20,101,HFO,82.64,11.7,280.8,24,916.4564,0.58,Calm,FMS_MARITIME,2026-04-06
2022-03-21,101,LNG,51.39,13.6,326.4,24,490.2833,0.47,Calm,FMS_MARITIME,2026-04-06
2022-03-22,101,VLSFO,60.31,16.2,388.8,24,483.0384,0.56,Moderate,FMS_MARITIME,2026-04-06
2022-03-23,101,LNG,20.86,15.7,376.8,24,172.3939,0.84,Calm,FMS_MARITIME,2026-04-06
2022-03-24,101,HFO,84.61,10.9,261.6,24,1007.1695,0.76,Rough,FMS_MARITIME,2026-04-06
2022-03-25,101,HFO,70.89,16.5,396.0,24,557.4532,0.45,Calm,FMS_MARITIME,2026-04-06
2022-03-26,101,LNG,63.6,16.1,386.4,24,512.5528,0.54,Rough,FMS_MARITIME,2026-04-06
2022-03-27,101,MGO,77.57,16.1,386.4,24,625.1371,0.93,Rough,FMS_MARITIME,2026-04-06
2022-03-28,101,LSMGO,39.17,15.4,369.6,24,330.02,0.6,Rough,FMS_MARITIME,2026-04-06
2022-03-28,101,HFO,71.04,8.2,196.8,24,1124.078,0.77,Calm,FMS_MARITIME,2026-04-06
2022-03-28,101,HFO,21.45,17.4,417.6,24,159.9504,0.85,Rough,FMS_MARITIME,2026-04-06
2022-03-01,102,MGO,21.99,16.0,384.0,24,178.3252,0.67,Moderate,FMS_MARITIME,2026-04-06
2022-03-02,102,LNG,24.31,12.4,297.6,24,254.3728,0.79,Moderate,FMS_MARITIME,2026-04-06
2022-03-03,102,LNG,75.45,17.9,429.6,24,546.9071,0.99,Calm,FMS_MARITIME,2026-04-06
2022-03-04,102,MGO,18.3,9.0,216.0,24,263.825,0.9,Rough,FMS_MARITIME,2026-04-06
2022-03-05,102,LNG,78.48,11.0,264.0,24,925.7073,0.78,Calm,FMS_MARITIME,2026-04-06
2022-03-06,102,VLSFO,67.29,11.2,268.8,24,779.5426,0.58,Rough,FMS_MARITIME,2026-04-06
2022-03-07,102,LNG,80.59,8.6,206.4,24,1215.8782,0.56,Rough,FMS_MARITIME,2026-04-06
2022-03-08,102,VLSFO,83.14,10.7,256.8,24,1008.1696,0.59,Calm,FMS_MARITIME,2026-04-06
2022-03-09,102,HFO,54.03,9.7,232.8,24,722.7209,0.7,Moderate,FMS_MARITIME,2026-04-06
2022-03-10,102,LNG,40.0,18.0,432.0,24,288.3333,0.71,Moderate,FMS_MARITIME,2026-04-06
2022-03-11,102,MGO,72.51,8.7,208.8,24,1081.3991,0.61,Moderate,FMS_MARITIME,2026-04-06
2022-03-12,102,HFO,62.45,9.0,216.0,24,900.3208,0.53,Moderate,FMS_MARITIME,2026-04-06
2022-03-13,102,VLSFO,17.74,15.6,374.4,24,147.549,0.77,Calm,FMS_MARITIME,2026-04-06
2022-03-14,102,LSMGO,32.12,15.0,360.0,24,277.838,0.67,Rough,FMS_MARITIME,2026-04-06
2022-03-15,102,LNG,66.0,13.7,328.8,24,625.073,0.73,Rough,FMS_MARITIME,2026-04-06
2022-03-16,102,HFO,70.53,15.5,372.0,24,590.4044,0.46,Rough,FMS_MARITIME,2026-04-06
2022-03-17,102,MGO,74.21,10.6,254.4,24,908.3724,0.61,Moderate,FMS_MARITIME,2026-04-06
2022-03-18,102,HFO,22.01,9.2,220.8,24,310.4128,0.95,Moderate,FMS_MARITIME,2026-04-06
2022-03-19,102,LNG,24.89,17.5,420.0,24,184.5416,0.46,Rough,FMS_MARITIME,2026-04-06
2022-03-20,102,HFO,43.65,10.7,256.8,24,529.3072,0.6,Moderate,FMS_MARITIME,2026-04-06
2022-03-21,102,MGO,65.75,13.1,314.4,24,651.2261,0.41,Moderate,FMS_MARITIME,2026-04-06
2022-03-22,102,HFO,78.18,9.1,218.4,24,1114.7093,0.78,Rough,FMS_MARITIME,2026-04-06
2022-03-23,102,LNG,63.24,9.5,228.0,24,863.7253,0.78,Calm,FMS_MARITIME,2026-04-06
2022-03-24,102,HFO,15.37,10.0,240.0,24,199.4257,0.44,Calm,FMS_MARITIME,2026-04-06
2022-03-25,102,VLSFO,16.31,11.3,271.2,24,187.2763,0.41,Moderate,FMS_MARITIME,2026-04-06
2022-03-26,102,VLSFO,54.73,10.6,254.4,24,669.9262,0.82,Moderate,FMS_MARITIME,2026-04-06
2022-03-27,102,LNG,26.15,18.0,432.0,24,188.4979,0.48,Calm,FMS_MARITIME,2026-04-06
2022-03-28,102,LNG,57.86,10.5,252.0,24,714.9843,0.6,Moderate,FMS_MARITIME,2026-04-06
2022-03-28,102,MGO,82.6,17.6,422.4,24,608.9403,0.9,Moderate,FMS_MARITIME,2026-04-06
2022-03-28,102,LSMGO,29.32,12.8,307.2,24,297.2086,0.72,Moderate,FMS_MARITIME,2026-04-06
2022-03-01,103,LNG,24.6,14.4,345.6,24,221.6562,0.46,Calm,FMS_MARITIME,2026-04-06
2022-03-02,103,MGO,37.26,9.7,232.8,24,498.4005,0.44,Moderate,FMS_MARITIME,2026-04-06
2022-03-03,103,VLSFO,74.4,13.3,319.2,24,725.8195,0.56,Moderate,FMS_MARITIME,2026-04-06
2022-03-04,103,VLSFO,83.88,16.0,384.0,24,680.2144,0.82,Moderate,FMS_MARITIME,2026-04-06
2022-03-05,103,MGO,71.38,14.3,343.2,24,647.6612,0.44,Calm,FMS_MARITIME,2026-04-06
2022-03-06,103,HFO,55.07,9.0,216.0,24,793.9258,0.44,Moderate,FMS_MARITIME,2026-04-06
2022-03-07,103,MGO,72.64,10.4,249.6,24,906.2538,0.68,Moderate,FMS_MARITIME,2026-04-06
2022-03-08,103,LNG,80.05,8.3,199.2,24,1251.384,0.51,Rough,FMS_MARITIME,2026-04-06
2022-03-09,103,HFO,15.91,15.2,364.8,24,135.8107,0.52,Moderate,FMS_MARITIME,2026-04-06
2022-03-10,103,LNG,37.47,12.8,307.2,24,379.8229,0.94,Rough,FMS_MARITIME,2026-04-06
2022-03-11,103,LNG,82.98,10.5,252.0,24,1025.3957,0.7,Rough,FMS_MARITIME,2026-04-06
2022-03-12,103,LSMGO,39.87,9.5,228.0,24,544.5403,0.88,Calm,FMS_MARITIME,2026-04-06
2022-03-13,103,HFO,35.39,14.1,338.4,24,325.6633,0.48,Moderate,FMS_MARITIME,2026-04-06
2022-03-14,103,VLSFO,26.58,8.8,211.2,24,391.904,0.54,Calm,FMS_MARITIME,2026-04-06
2022-03-15,103,VLSFO,73.58,15.4,369.6,24,619.9354,0.96,Rough,FMS_MARITIME,2026-04-06
2022-03-16,103,MGO,61.0,12.6,302.4,24,628.1548,0.53,Moderate,FMS_MARITIME,2026-04-06
2022-03-17,103,VLSFO,76.33,15.0,360.0,24,660.2545,0.96,Calm,FMS_MARITIME,2026-04-06
2022-03-18,103,LNG,17.2,12.1,290.4,24,184.438,0.98,Calm,FMS_MARITIME,2026-04-06
2022-03-19,103,VLSFO,43.48,15.1,362.4,24,373.6113,0.52,Calm,FMS_MARITIME,2026-04-06
2022-03-20,103,MGO,71.93,13.4,321.6,24,696.4864,0.44,Rough,FMS_MARITIME,2026-04-06
2022-03-21,103,HFO,32.52,13.2,316.8,24,319.6568,0.94,Calm,FMS_MARITIME,2026-04-06
2022-03-22,103,VLSFO,68.0,15.2,364.8,24,580.4605,0.61,Calm,FMS_MARITIME,2026-04-06
2022-03-23,103,MGO,22.6,10.3,247.2,24,284.6942,0.85,Calm,FMS_MARITIME,2026-04-06
2022-03-24,103,LSMGO,62.05,11.1,266.4,24,725.3142,0.67,Moderate,FMS_MARITIME,2026-04-06
2022-03-25,103,LSMGO,82.76,8.2,196.8,24,1309.5256,0.6,Calm,FMS_MARITIME,2026-04-06
2022-03-26,103,MGO,50.38,12.0,288.0,24,544.7337,0.82,Moderate,FMS_MARITIME,2026-04-06
2022-03-27,103,HFO,18.62,16.2,388.8,24,149.1324,0.74,Rough,FMS_MARITIME,2026-04-06
2022-03-28,103,MGO,33.36,9.0,216.0,24,480.94,0.94,Calm,FMS_MARITIME,2026-04-06
2022-03-28,103,VLSFO,62.37,9.6,230.4,24,842.9695,0.65,Moderate,FMS_MARITIME,2026-04-06
2022-03-28,103,LNG,39.13,8.6,206.4,24,590.3625,0.9,Calm,FMS_MARITIME,2026-04-06
2022-03-01,104,LSMGO,73.76,11.6,278.4,24,825.031,0.51,Calm,FMS_MARITIME,2026-04-06
2022-03-02,104,LSMGO,82.18,9.5,228.0,24,1122.4058,0.88,Moderate,FMS_MARITIME,2026-04-06
2022-03-03,104,LSMGO,40.34,12.7,304.8,24,412.135,0.53,Moderate,FMS_MARITIME,2026-04-06
2022-03-04,104,VLSFO,58.95,13.0,312.0,24,588.3663,0.98,Calm,FMS_MARITIME,2026-04-06
2022-03-05,104,VLSFO,73.55,10.2,244.8,24,935.5993,0.55,Rough,FMS_MARITIME,2026-04-06
2022-03-06,104,LNG,20.11,8.7,208.8,24,299.9164,0.48,Rough,FMS_MARITIME,2026-04-06
2022-03-07,104,VLSFO,62.73,14.6,350.4,24,557.4807,0.45,Rough,FMS_MARITIME,2026-04-06
2022-03-08,104,VLSFO,69.12,8.3,199.2,24,1080.5205,0.61,Rough,FMS_MARITIME,2026-04-06
2022-03-09,104,MGO,22.72,8.2,196.8,24,359.5024,0.64,Calm,FMS_MARITIME,2026-04-06
2022-03-10,104,LSMGO,24.79,13.0,312.0,24,247.4233,0.55,Moderate,FMS_MARITIME,2026-04-06
2022-03-11,104,LNG,51.49,12.1,290.4,24,552.1345,0.45,Moderate,FMS_MARITIME,2026-04-06
2022-03-12,104,MGO,83.73,15.8,379.2,24,687.5929,0.64,Moderate,FMS_MARITIME,2026-04-06
2022-03-13,104,MGO,19.76,8.5,204.0,24,301.6306,0.64,Calm,FMS_MARITIME,2026-04-06
2022-03-14,104,LSMGO,62.12,11.8,283.2,24,683.0568,0.57,Moderate,FMS_MARITIME,2026-04-06
2022-03-15,104,HFO,51.0,17.2,412.8,24,384.7238,0.89,Rough,FMS_MARITIME,2026-04-06
2022-03-16,104,LSMGO,31.93,11.7,280.8,24,354.0955,0.89,Moderate,FMS_MARITIME,2026-04-06
2022-03-17,104,LSMGO,62.33,10.3,247.2,24,785.1765,0.71,Calm,FMS_MARITIME,2026-04-06
2022-03-18,104,VLSFO,20.13,10.1,242.4,24,258.6007,0.87,Calm,FMS_MARITIME,2026-04-06
2022-03-19,104,LNG,48.35,17.7,424.8,24,354.4301,0.96,Moderate,FMS_MARITIME,2026-04-06
2022-03-20,104,HFO,24.84,15.9,381.6,24,202.7038,0.84,Moderate,FMS_MARITIME,2026-04-06
2022-03-21,104,HFO,50.22,10.9,261.6,24,597.8023,0.92,Moderate,FMS_MARITIME,2026-04-06
2022-03-22,104,HFO,61.02,10.0,240.0,24,791.7345,0.73,Calm,FMS_MARITIME,2026-04-06
2022-03-23,104,VLSFO,17.21,9.1,218.4,24,245.3843,0.57,Calm,FMS_MARITIME,2026-04-06
2022-03-24,104,VLSFO,83.05,14.5,348.0,24,743.1543,0.43,Rough,FMS_MARITIME,2026-04-06
2022-03-25,104,LNG,49.44,12.4,297.6,24,517.3258,0.61,Rough,FMS_MARITIME,2026-04-06
2022-03-26,104,LNG,51.46,10.0,240.0,24,667.6935,0.53,Moderate,FMS_MARITIME,2026-04-06
2022-03-27,104,VLSFO,33.43,15.1,362.4,24,287.2545,0.78,Moderate,FMS_MARITIME,2026-04-06
2022-03-28,104,LNG,70.54,17.7,424.8,24,517.0941,0.95,Rough,FMS_MARITIME,2026-04-06
2022-03-28,104,LNG,35.45,14.9,357.6,24,308.7005,0.89,Calm,FMS_MARITIME,2026-04-06
2022-03-28,104,VLSFO,55.62,16.1,386.4,24,448.2419,0.6,Rough,FMS_MARITIME,2026-04-06
2022-03-01,105,VLSFO,20.71,15.4,369.6,24,174.4885,1.0,Calm,FMS_MARITIME,2026-04-06
2022-03-02,105,LSMGO,75.69,14.4,345.6,24,681.9984,0.4,Rough,FMS_MARITIME,2026-04-06
2022-03-03,105,LSMGO,51.45,9.4,225.6,24,710.1742,0.98,Calm,FMS_MARITIME,2026-04-06
2022-03-04,105,VLSFO,46.68,14.9,357.6,24,406.4919,0.77,Rough,FMS_MARITIME,2026-04-06
2022-03-05,105,LSMGO,21.97,12.5,300.0,24,228.0486,0.41,Rough,FMS_MARITIME,2026-04-06
2022-03-06,105,HFO,50.4,12.7,304.8,24,514.9134,0.59,Moderate,FMS_MARITIME,2026-04-06
2022-03-07,105,LNG,26.94,9.6,230.4,24,364.1109,0.44,Rough,FMS_MARITIME,2026-04-06
2022-03-08,105,VLSFO,27.07,8.5,204.0,24,413.2156,0.47,Moderate,FMS_MARITIME,2026-04-06
2022-03-09,105,VLSFO,79.03,16.9,405.6,24,606.754,0.55,Calm,FMS_MARITIME,2026-04-06
2022-03-10,105,LNG,54.38,9.5,228.0,24,742.7163,0.55,Rough,FMS_MARITIME,2026-04-06
2022-03-11,105,LSMGO,65.97,10.7,256.8,24,799.9633,0.56,Calm,FMS_MARITIME,2026-04-06
2022-03-12,105,MGO,32.0,16.9,405.6,24,245.6805,0.42,Rough,FMS_MARITIME,2026-04-06
2022-03-13,105,LNG,74.55,14.8,355.2,24,653.5718,0.96,Calm,FMS_MARITIME,2026-04-06
2022-03-14,105,MGO,61.75,9.4,225.6,24,852.3471,0.87,Rough,FMS_MARITIME,2026-04-06
2022-03-15,105,LSMGO,42.78,17.7,424.8,24,313.5992,0.44,Calm,FMS_MARITIME,2026-04-06
2022-03-16,105,LNG,83.76,14.1,338.4,24,770.7702,0.52,Rough,FMS_MARITIME,2026-04-06
2022-03-17,105,LNG,66.94,16.5,396.0,24,526.3918,0.99,Calm,FMS_MARITIME,2026-04-06
2022-03-18,105,HFO,54.68,16.1,386.4,24,440.6665,0.97,Calm,FMS_MARITIME,2026-04-06
2022-03-19,105,LNG,59.76,8.4,201.6,24,923.0786,0.76,Moderate,FMS_MARITIME,2026-04-06
2022-03-20,105,LNG,82.02,17.8,427.2,24,597.8705,0.76,Moderate,FMS_MARITIME,2026-04-06
2022-03-21,105,MGO,35.55,17.6,422.4,24,262.0803,0.84,Rough,FMS_MARITIME,2026-04-06
2022-03-22,105,MGO,65.85,16.9,405.6,24,505.5643,0.73,Calm,FMS_MARITIME,2026-04-06
2022-03-23,105,VLSFO,41.33,10.2,244.8,24,525.7419,0.45,Rough,FMS_MARITIME,2026-04-06
2022-03-24,105,LNG,59.17,15.3,367.2,24,501.7848,0.66,Rough,FMS_MARITIME,2026-04-06
2022-03-25,105,MGO,24.57,12.0,288.0,24,265.6631,0.75,Rough,FMS_MARITIME,2026-04-06
2022-03-26,105,LNG,73.57,15.9,381.6,24,600.359,0.81,Moderate,FMS_MARITIME,2026-04-06
2022-03-27,105,HFO,24.95,17.8,427.2,24,181.8687,0.46,Rough,FMS_MARITIME,2026-04-06
2022-03-28,105,HFO,78.87,10.1,242.4,24,1013.2062,0.96,Calm,FMS_MARITIME,2026-04-06
2022-03-28,105,MGO,67.93,11.8,283.2,24,746.9422,0.72,Rough,FMS_MARITIME,2026-04-06
2022-03-28,105,VLSFO,50.14,11.5,276.0,24,565.71,0.83,Moderate,FMS_MARITIME,2026-04-06
2022-03-01,106,VLSFO,44.3,8.6,206.4,24,668.3634,0.84,Calm,FMS_MARITIME,2026-04-06
2022-03-02,106,VLSFO,24.21,8.5,204.0,24,369.5585,0.94,Rough,FMS_MARITIME,2026-04-06
2022-03-03,106,MGO,27.21,14.5,348.0,24,243.4826,0.64,Calm,FMS_MARITIME,2026-04-06
2022-03-04,106,VLSFO,61.19,14.4,345.6,24,551.3474,0.58,Moderate,FMS_MARITIME,2026-04-06
2022-03-05,106,VLSFO,68.6,14.6,350.4,24,609.6473,0.61,Rough,FMS_MARITIME,2026-04-06
2022-03-06,106,LSMGO,46.63,14.4,345.6,24,420.1557,0.5,Calm,FMS_MARITIME,2026-04-06
2022-03-07,106,MGO,52.05,17.0,408.0,24,397.264,0.53,Rough,FMS_MARITIME,2026-04-06
2022-03-08,106,VLSFO,56.16,8.5,204.0,24,857.2659,0.66,Rough,FMS_MARITIME,2026-04-06
2022-03-09,106,LSMGO,20.38,14.8,355.2,24,178.6693,0.97,Calm,FMS_MARITIME,2026-04-06
2022-03-10,106,VLSFO,23.14,13.9,333.6,24,216.0011,0.59,Moderate,FMS_MARITIME,2026-04-06
2022-03-11,106,HFO,69.91,8.1,194.4,24,1119.8546,0.97,Calm,FMS_MARITIME,2026-04-06
2022-03-12,106,LSMGO,36.1,9.0,216.0,24,520.4417,0.44,Calm,FMS_MARITIME,2026-04-06
2022-03-13,106,LNG,76.07,12.2,292.8,24,809.0232,0.54,Rough,FMS_MARITIME,2026-04-06
2022-03-14,106,LNG,74.67,9.1,218.4,24,1064.6629,0.69,Rough,FMS_MARITIME,2026-04-06
2022-03-15,106,LSMGO,79.48,16.9,405.6,24,610.2089,0.79,Calm,FMS_MARITIME,2026-04-06
2022-03-16,106,LSMGO,33.5,9.6,230.4,24,452.7734,0.54,Moderate,FMS_MARITIME,2026-04-06
2022-03-17,106,VLSFO,32.57,10.5,252.0,24,402.4721,0.62,Moderate,FMS_MARITIME,2026-04-06
2022-03-18,106,MGO,39.32,9.5,228.0,24,537.0284,0.76,Calm,FMS_MARITIME,2026-04-06
2022-03-19,106,MGO,44.49,16.1,386.4,24,358.5452,0.49,Calm,FMS_MARITIME,2026-04-06
2022-03-20,106,HFO,69.27,10.2,244.8,24,881.1551,0.5,Moderate,FMS_MARITIME,2026-04-06
2022-03-21,106,VLSFO,17.78,12.8,307.2,24,180.2309,0.43,Rough,FMS_MARITIME,2026-04-06
2022-03-22,106,LSMGO,79.17,13.2,316.8,24,778.2051,0.99,Moderate,FMS_MARITIME,2026-04-06
2022-03-23,106,HFO,84.56,8.4,201.6,24,1306.15,0.77,Rough,FMS_MARITIME,2026-04-06
2022-03-24,106,LSMGO,39.89,16.2,388.8,24,319.4894,0.43,Moderate,FMS_MARITIME,2026-04-06
2022-03-25,106,LNG,42.6,11.2,268.8,24,493.5134,0.83,Moderate,FMS_MARITIME,2026-04-06
2022-03-26,106,HFO,61.3,15.7,376.8,24,506.6035,0.99,Rough,FMS_MARITIME,2026-04-06
2022-03-27,106,HFO,19.73,12.3,295.2,24,208.1274,0.63,Moderate,FMS_MARITIME,2026-04-06
2022-03-28,106,HFO,31.2,11.8,283.2,24,343.0678,0.55,Moderate,FMS_MARITIME,2026-04-06
2022-03-28,106,LSMGO,66.84,11.4,273.6,24,760.7447,0.99,Calm,FMS_MARITIME,2026-04-06
2022-03-28,106,VLSFO,32.96,12.8,307.2,24,334.1063,0.45,Calm,FMS_MARITIME,2026-04-06
2022-03-01,107,HFO,49.56,10.8,259.2,24,595.4083,0.67,Calm,FMS_MARITIME,2026-04-06
2022-03-02,107,HFO,35.51,14.8,355.2,24,311.3123,0.72,Moderate,FMS_MARITIME,2026-04-06
2022-03-03,107,VLSFO,80.96,17.0,408.0,24,617.9153,0.85,Calm,FMS_MARITIME,2026-04-06
2022-03-04,107,VLSFO,73.13,14.8,355.2,24,641.1228,0.83,Calm,FMS_MARITIME,2026-04-06
2022-03-05,107,LNG,41.51,17.8,427.2,24,302.5799,0.88,Calm,FMS_MARITIME,2026-04-06
2022-03-06,107,HFO,59.46,14.2,340.8,24,543.3053,0.66,Rough,FMS_MARITIME,2026-04-06
2022-03-07,107,LNG,52.26,12.3,295.2,24,551.2793,0.75,Calm,FMS_MARITIME,2026-04-06
2022-03-08,107,VLSFO,19.84,16.9,405.6,24,152.3219,0.54,Moderate,FMS_MARITIME,2026-04-06
2022-03-09,107,LNG,39.08,11.5,276.0,24,440.9243,0.4,Rough,FMS_MARITIME,2026-04-06
2022-03-10,107,LNG,80.28,14.6,350.4,24,713.4473,0.67,Rough,FMS_MARITIME,2026-04-06
2022-03-11,107,LSMGO,33.96,11.3,271.2,24,389.9389,0.58,Calm,FMS_MARITIME,2026-04-06
2022-03-12,107,HFO,37.28,9.5,228.0,24,509.1663,0.72,Calm,FMS_MARITIME,2026-04-06
2022-03-13,107,HFO,62.05,17.4,417.6,24,462.7004,0.6,Rough,FMS_MARITIME,2026-04-06
2022-03-14,107,LNG,28.13,15.6,374.4,24,233.9659,0.63,Calm,FMS_MARITIME,2026-04-06
2022-03-15,107,LSMGO,37.86,10.2,244.8,24,481.6015,0.46,Moderate,FMS_MARITIME,2026-04-06
2022-03-16,107,VLSFO,58.72,12.0,288.0,24,634.91,0.82,Rough,FMS_MARITIME,2026-04-06
2022-03-17,107,MGO,70.35,10.5,252.0,24,869.325,0.77,Moderate,FMS_MARITIME,2026-04-06
2022-03-18,107,LNG,66.29,17.0,408.0,24,505.9487,0.5,Moderate,FMS_MARITIME,2026-04-06
2022-03-19,107,LSMGO,50.81,9.6,230.4,24,686.7289,0.93,Calm,FMS_MARITIME,2026-04-06
2022-03-20,107,LNG,73.25,9.4,225.6,24,1011.0838,0.55,Moderate,FMS_MARITIME,2026-04-06
2022-03-21,107,LNG,26.67,16.0,384.0,24,216.277,0.46,Moderate,FMS_MARITIME,2026-04-06
2022-03-22,107,HFO,80.67,9.7,232.8,24,1079.0652,0.74,Moderate,FMS_MARITIME,2026-04-06
2022-03-23,107,LNG,52.61,17.8,427.2,24,383.4914,0.88,Rough,FMS_MARITIME,2026-04-06
2022-03-24,107,LNG,74.76,14.6,350.4,24,664.3911,0.94,Moderate,FMS_MARITIME,2026-04-06
2022-03-25,107,VLSFO,57.2,12.1,290.4,24,613.3636,0.87,Rough,FMS_MARITIME,2026-04-06
2022-03-26,107,LSMGO,84.0,9.9,237.6,24,1100.9091,0.79,Rough,FMS_MARITIME,2026-04-06
2022-03-27,107,VLSFO,52.76,17.0,408.0,24,402.6829,0.57,Calm,FMS_MARITIME,2026-04-06
2022-03-28,107,HFO,74.79,8.7,208.8,24,1115.4026,0.52,Moderate,FMS_MARITIME,2026-04-06
2022-03-28,107,MGO,74.8,14.5,348.0,24,669.331,0.45,Calm,FMS_MARITIME,2026-04-06
2022-03-28,107,HFO,49.25,16.7,400.8,24,382.646,0.47,Calm,FMS_MARITIME,2026-04-06
2022-03-01,108,MGO,25.1,10.3,247.2,24,316.1869,0.52,Rough,FMS_MARITIME,2026-04-06
2022-03-02,108,LNG,28.4,13.2,316.8,24,279.1591,0.63,Calm,FMS_MARITIME,2026-04-06
2022-03-03,108,MGO,28.39,16.5,396.0,24,223.2486,0.57,Moderate,FMS_MARITIME,2026-04-06
2022-03-04,108,MGO,45.41,15.1,362.4,24,390.1952,0.49,Rough,FMS_MARITIME,2026-04-06
2022-03-05,108,MGO,46.8,10.7,256.8,24,567.5047,0.74,Moderate,FMS_MARITIME,2026-04-06
2022-03-06,108,LNG,46.47,8.4,201.6,24,717.7955,0.4,Rough,FMS_MARITIME,2026-04-06
2022-03-07,108,MGO,67.49,14.1,338.4,24,621.0516,0.58,Moderate,FMS_MARITIME,2026-04-06
2022-03-08,108,LSMGO,45.07,17.2,412.8,24,339.9903,0.67,Calm,FMS_MARITIME,2026-04-06
2022-03-09,108,LNG,38.42,15.2,364.8,24,327.9602,0.78,Rough,FMS_MARITIME,2026-04-06
2022-03-10,108,HFO,55.43,10.6,254.4,24,678.4946,0.7,Calm,FMS_MARITIME,2026-04-06
2022-03-11,108,LSMGO,47.59,17.1,410.4,24,361.0996,0.5,Calm,FMS_MARITIME,2026-04-06
2022-03-12,108,LNG,17.72,8.7,208.8,24,264.2724,0.6,Calm,FMS_MARITIME,2026-04-06
2022-03-13,108,LSMGO,69.63,10.8,259.2,24,836.5271,0.76,Rough,FMS_MARITIME,2026-04-06
2022-03-14,108,VLSFO,21.86,14.0,336.0,24,202.5954,0.76,Rough,FMS_MARITIME,2026-04-06
2022-03-15,108,VLSFO,48.88,14.2,340.8,24,446.6324,0.61,Rough,FMS_MARITIME,2026-04-06
2022-03-16,108,MGO,78.52,9.7,232.8,24,1050.3062,0.5,Rough,FMS_MARITIME,2026-04-06
2022-03-17,108,VLSFO,46.36,12.2,292.8,24,493.05,0.66,Rough,FMS_MARITIME,2026-04-06
2022-03-18,108,MGO,25.13,16.8,403.2,24,194.0844,0.7,Moderate,FMS_MARITIME,2026-04-06
2022-03-19,108,HFO,21.92,16.9,405.6,24,168.2911,0.47,Moderate,FMS_MARITIME,2026-04-06
2022-03-20,108,HFO,18.6,13.5,324.0,24,178.7667,0.82,Moderate,FMS_MARITIME,2026-04-06
2022-03-21,108,MGO,33.33,9.3,223.2,24,465.0073,0.86,Rough,FMS_MARITIME,2026-04-06
2022-03-22,108,MGO,49.86,15.3,367.2,24,422.8324,0.92,Calm,FMS_MARITIME,2026-04-06
2022-03-23,108,VLSFO,81.92,9.7,232.8,24,1095.7856,0.93,Rough,FMS_MARITIME,2026-04-06
2022-03-24,108,VLSFO,84.08,16.7,400.8,24,653.2563,0.89,Calm,FMS_MARITIME,2026-04-06
2022-03-25,108,LSMGO,80.94,14.2,340.8,24,739.575,0.85,Rough,FMS_MARITIME,2026-04-06
2022-03-26,108,VLSFO,46.39,10.1,242.4,24,595.9507,0.75,Moderate,FMS_MARITIME,2026-04-06
2022-03-27,108,HFO,70.62,16.6,398.4,24,551.9846,0.73,Rough,FMS_MARITIME,2026-04-06
2022-03-28,108,LNG,36.41,15.3,367.2,24,308.7711,0.55,Calm,FMS_MARITIME,2026-04-06
2022-03-28,108,VLSFO,43.04,16.4,393.6,24,340.5146,0.41,Calm,FMS_MARITIME,2026-04-06
2022-03-28,108,MGO,74.73,11.4,273.6,24,850.5454,0.77,Moderate,FMS_MARITIME,2026-04-06
2022-03-01,109,VLSFO,49.92,14.9,357.6,24,434.706,0.5,Rough,FMS_MARITIME,2026-04-06
2022-03-02,109,LSMGO,69.29,17.7,424.8,24,507.9309,0.79,Moderate,FMS_MARITIME,2026-04-06
2022-03-03,109,MGO,65.37,16.7,400.8,24,507.8897,0.69,Moderate,FMS_MARITIME,2026-04-06
2022-03-04,109,LSMGO,73.31,16.4,393.6,24,579.9983,0.47,Moderate,FMS_MARITIME,2026-04-06
2022-03-05,109,MGO,70.49,17.5,420.0,24,522.633,0.63,Rough,FMS_MARITIME,2026-04-06
2022-03-06,109,LNG,56.9,8.4,201.6,24,878.9018,0.43,Calm,FMS_MARITIME,2026-04-06
2022-03-07,109,MGO,62.21,14.7,352.8,24,549.0985,0.8,Calm,FMS_MARITIME,2026-04-06
2022-03-08,109,LNG,58.59,14.4,345.6,24,527.9203,0.88,Calm,FMS_MARITIME,2026-04-06
2022-03-09,109,LSMGO,82.9,9.8,235.2,24,1097.5791,0.62,Moderate,FMS_MARITIME,2026-04-06
2022-03-10,109,LSMGO,68.04,8.9,213.6,24,991.9315,0.61,Rough,FMS_MARITIME,2026-04-06
2022-03-11,109,LSMGO,15.69,14.1,338.4,24,144.3814,0.92,Moderate,FMS_MARITIME,2026-04-06
2022-03-12,109,MGO,68.28,13.5,324.0,24,656.2467,0.85,Calm,FMS_MARITIME,2026-04-06
2022-03-13,109,HFO,61.82,12.2,292.8,24,657.4709,0.96,Calm,FMS_MARITIME,2026-04-06
2022-03-14,109,MGO,41.73,8.0,192.0,24,676.8084,0.93,Calm,FMS_MARITIME,2026-04-06
2022-03-15,109,HFO,75.84,9.9,237.6,24,993.9636,0.93,Calm,FMS_MARITIME,2026-04-06
2022-03-16,109,HFO,54.77,12.7,304.8,24,559.5596,0.43,Rough,FMS_MARITIME,2026-04-06
2022-03-17,109,VLSFO,45.46,17.2,412.8,24,342.9323,0.86,Calm,FMS_MARITIME,2026-04-06
2022-03-18,109,HFO,71.88,17.1,410.4,24,545.4053,0.67,Rough,FMS_MARITIME,2026-04-06
2022-03-19,109,LNG,33.53,12.0,288.0,24,362.5431,0.85,Moderate,FMS_MARITIME,2026-04-06
2022-03-20,109,LNG,21.36,9.9,237.6,24,279.9455,0.72,Calm,FMS_MARITIME,2026-04-06
2022-03-21,109,LNG,57.86,14.7,352.8,24,510.7031,0.75,Moderate,FMS_MARITIME,2026-04-06
2022-03-22,109,LNG,79.0,15.1,362.4,24,678.8245,0.96,Calm,FMS_MARITIME,2026-04-06
2022-03-23,109,MGO,77.52,11.1,266.4,24,906.1459,0.94,Moderate,FMS_MARITIME,2026-04-06
2022-03-24,109,LNG,83.93,13.0,312.0,24,837.686,0.95,Moderate,FMS_MARITIME,2026-04-06
2022-03-25,109,HFO,20.03,13.5,324.0,24,192.5106,0.88,Rough,FMS_MARITIME,2026-04-06
2022-03-26,109,MGO,17.87,11.9,285.6,24,194.8431,0.92,Rough,FMS_MARITIME,2026-04-06
2022-03-27,109,VLSFO,28.55,17.1,410.4,24,216.6294,0.5,Rough,FMS_MARITIME,2026-04-06
2022-03-28,109,LSMGO,58.36,12.6,302.4,24,600.969,0.89,Moderate,FMS_MARITIME,2026-04-06
2022-03-28,109,LSMGO,71.49,15.1,362.4,24,614.2932,0.87,Moderate,FMS_MARITIME,2026-04-06
2022-03-28,109,LNG,40.13,13.4,321.6,24,388.5722,0.89,Moderate,FMS_MARITIME,2026-04-06
2022-03-01,110,VLSFO,30.99,9.0,216.0,24,446.7725,0.57,Calm,FMS_MARITIME,2026-04-06
2022-03-02,110,LSMGO,71.84,8.6,206.4,24,1083.8651,0.87,Moderate,FMS_MARITIME,2026-04-06
2022-03-03,110,HFO,36.14,14.5,348.0,24,323.3907,0.53,Moderate,FMS_MARITIME,2026-04-06
2022-03-04,110,VLSFO,77.08,9.9,237.6,24,1010.2152,0.75,Calm,FMS_MARITIME,2026-04-06
2022-03-05,110,LSMGO,66.07,15.9,381.6,24,539.1561,0.99,Calm,FMS_MARITIME,2026-04-06
2022-03-06,110,VLSFO,41.44,17.8,427.2,24,302.0697,0.44,Calm,FMS_MARITIME,2026-04-06
2022-03-07,110,VLSFO,35.44,14.7,352.8,24,312.8122,0.73,Calm,FMS_MARITIME,2026-04-06
2022-03-08,110,VLSFO,68.97,17.1,410.4,24,523.325,0.5,Calm,FMS_MARITIME,2026-04-06
2022-03-09,110,LNG,59.83,16.4,393.6,24,473.3502,0.81,Calm,FMS_MARITIME,2026-04-06
2022-03-10,110,LNG,56.19,12.3,295.2,24,592.736,0.77,Moderate,FMS_MARITIME,2026-04-06
2022-03-11,110,HFO,40.6,17.9,429.6,24,294.2933,0.47,Calm,FMS_MARITIME,2026-04-06
2022-03-12,110,MGO,37.95,14.1,338.4,24,349.2207,0.95,Calm,FMS_MARITIME,2026-04-06
2022-03-13,110,LSMGO,61.67,11.4,273.6,24,701.902,0.6,Moderate,FMS_MARITIME,2026-04-06
2022-03-14,110,VLSFO,77.77,10.1,242.4,24,999.075,0.61,Calm,FMS_MARITIME,2026-04-06
2022-03-15,110,HFO,20.53,13.3,319.2,24,200.2833,0.72,Moderate,FMS_MARITIME,2026-04-06
2022-03-16,110,MGO,44.46,16.6,398.4,24,347.5111,0.47,Calm,FMS_MARITIME,2026-04-06
2022-03-17,110,LSMGO,44.31,11.2,268.8,24,513.3234,0.43,Moderate,FMS_MARITIME,2026-04-06
2022-03-18,110,VLSFO,26.93,15.1,362.4,24,231.4018,0.43,Rough,FMS_MARITIME,2026-04-06
2022-03-19,110,LNG,43.4,17.4,417.6,24,323.6293,0.99,Rough,FMS_MARITIME,2026-04-06
2022-03-20,110,VLSFO,30.4,11.6,278.4,24,340.0345,0.68,Calm,FMS_MARITIME,2026-04-06
2022-03-21,110,LSMGO,22.96,10.2,244.8,24,292.0647,0.69,Calm,FMS_MARITIME,2026-04-06
2022-03-22,110,LSMGO,57.67,12.8,307.2,24,584.5846,0.84,Calm,FMS_MARITIME,2026-04-06
2022-03-23,110,LSMGO,69.94,13.7,328.8,24,662.388,0.81,Calm,FMS_MARITIME,2026-04-06
2022-03-24,110,HFO,71.53,10.2,244.8,24,909.9037,0.69,Calm,FMS_MARITIME,2026-04-06
2022-03-25,110,LNG,21.58,13.1,314.4,24,213.7408,0.65,Moderate,FMS_MARITIME,2026-04-06
2022-03-26,110,HFO,15.8,13.2,316.8,24,155.3068,0.91,Moderate,FMS_MARITIME,2026-04-06
2022-03-27,110,LSMGO,66.08,11.6,278.4,24,739.1276,0.43,Calm,FMS_MARITIME,2026-04-06
2022-03-28,110,MGO,44.69,15.1,362.4,24,384.0084,0.95,Calm,FMS_MARITIME,2026-04-06
2022-03-28,110,MGO,39.95,9.9,237.6,24,523.5871,0.73,Moderate,FMS_MARITIME,2026-04-06
2022-03-28,110,LNG,35.84,14.8,355.2,24,314.2054,0.51,Rough,FMS_MARITIME,2026-04-06
2022-03-01,111,HFO,47.66,9.8,235.2,24,631.0087,0.48,Calm,FMS_MARITIME,2026-04-06
2022-03-02,111,VLSFO,36.98,12.7,304.8,24,377.8075,0.79,Rough,FMS_MARITIME,2026-04-06
2022-03-03,111,MGO,55.71,11.4,273.6,24,634.0678,0.7,Rough,FMS_MARITIME,2026-04-06
2022-03-04,111,LSMGO,47.11,10.6,254.4,24,576.6531,0.74,Rough,FMS_MARITIME,2026-04-06
2022-03-05,111,LNG,57.62,17.3,415.2,24,432.15,0.89,Rough,FMS_MARITIME,2026-04-06
2022-03-06,111,LSMGO,60.62,12.9,309.6,24,609.7244,0.95,Calm,FMS_MARITIME,2026-04-06
2022-03-07,111,LNG,76.32,12.8,307.2,24,773.6344,0.61,Calm,FMS_MARITIME,2026-04-06
2022-03-08,111,VLSFO,24.04,14.3,343.2,24,218.1252,0.61,Moderate,FMS_MARITIME,2026-04-06
2022-03-09,111,LSMGO,60.29,10.7,256.8,24,731.0867,0.79,Moderate,FMS_MARITIME,2026-04-06
2022-03-10,111,HFO,35.33,10.2,244.8,24,449.4184,0.89,Calm,FMS_MARITIME,2026-04-06
2022-03-11,111,MGO,61.84,17.2,412.8,24,466.4965,0.94,Calm,FMS_MARITIME,2026-04-06
2022-03-12,111,VLSFO,64.76,16.9,405.6,24,497.1959,0.52,Calm,FMS_MARITIME,2026-04-06
2022-03-13,111,MGO,65.61,9.6,230.4,24,886.7602,0.44,Moderate,FMS_MARITIME,2026-04-06
2022-03-14,111,HFO,39.55,11.2,268.8,24,458.1797,0.77,Moderate,FMS_MARITIME,2026-04-06
2022-03-15,111,HFO,31.74,16.8,403.2,24,245.1348,0.66,Rough,FMS_MARITIME,2026-04-06
2022-03-16,111,LSMGO,73.72,12.7,304.8,24,753.163,0.79,Moderate,FMS_MARITIME,2026-04-06
2022-03-17,111,VLSFO,16.77,12.8,307.2,24,169.9928,0.78,Moderate,FMS_MARITIME,2026-04-06
2022-03-18,111,HFO,16.62,17.2,412.8,24,125.3747,0.52,Calm,FMS_MARITIME,2026-04-06
2022-03-19,111,LNG,68.89,15.3,367.2,24,584.2142,0.93,Moderate,FMS_MARITIME,2026-04-06
2022-03-20,111,VLSFO,28.72,9.8,235.2,24,380.2469,0.68,Moderate,FMS_MARITIME,2026-04-06
2022-03-21,111,HFO,67.52,13.3,319.2,24,658.7008,0.71,Rough,FMS_MARITIME,2026-04-06
2022-03-22,111,MGO,35.75,9.7,232.8,24,478.2023,0.57,Moderate,FMS_MARITIME,2026-04-06
2022-03-23,111,LSMGO,24.55,16.4,393.6,24,194.2294,0.85,Rough,FMS_MARITIME,2026-04-06
2022-03-24,111,LSMGO,56.76,12.5,300.0,24,589.1688,0.99,Moderate,FMS_MARITIME,2026-04-06
2022-03-25,111,VLSFO,48.97,12.7,304.8,24,500.3037,0.53,Rough,FMS_MARITIME,2026-04-06
2022-03-26,111,MGO,36.46,12.3,295.2,24,384.6085,0.84,Calm,FMS_MARITIME,2026-04-06
2022-03-27,111,MGO,25.84,10.8,259.2,24,310.4389,0.52,Rough,FMS_MARITIME,2026-04-06
2022-03-28,111,VLSFO,63.32,12.5,300.0,24,657.2616,0.59,Calm,FMS_MARITIME,2026-04-06
2022-03-28,111,MGO,35.81,10.0,240.0,24,464.6348,0.76,Calm,FMS_MARITIME,2026-04-06
2022-03-28,111,MGO,20.78,14.4,345.6,24,187.2365,0.86,Moderate,FMS_MARITIME,2026-04-06
2022-03-01,112,VLSFO,81.74,11.1,266.4,24,955.4743,0.75,Moderate,FMS_MARITIME,2026-04-06
2022-03-02,112,LSMGO,56.89,12.5,300.0,24,590.5182,0.56,Moderate,FMS_MARITIME,2026-04-06
2022-03-03,112,LSMGO,74.41,12.6,302.4,24,766.2458,0.72,Moderate,FMS_MARITIME,2026-04-06
2022-03-04,112,VLSFO,81.44,11.5,276.0,24,918.8557,0.74,Moderate,FMS_MARITIME,2026-04-06
2022-03-05,112,HFO,80.18,14.0,336.0,24,743.0968,0.45,Calm,FMS_MARITIME,2026-04-06
2022-03-06,112,VLSFO,32.91,10.0,240.0,24,427.0072,0.6,Rough,FMS_MARITIME,2026-04-06
2022-03-07,112,HFO,37.21,16.6,398.4,24,290.8432,0.73,Rough,FMS_MARITIME,2026-04-06
2022-03-08,112,HFO,27.33,14.9,357.6,24,237.9911,0.87,Rough,FMS_MARITIME,2026-04-06
2022-03-09,112,LNG,58.87,10.6,254.4,24,720.6021,0.72,Calm,FMS_MARITIME,2026-04-06
2022-03-10,112,MGO,63.36,8.2,196.8,24,1002.5561,0.98,Rough,FMS_MARITIME,2026-04-06
2022-03-11,112,MGO,77.5,9.1,218.4,24,1105.0137,0.42,Calm,FMS_MARITIME,2026-04-06
2022-03-12,112,HFO,45.19,17.7,424.8,24,331.2657,0.53,Rough,FMS_MARITIME,2026-04-06
2022-03-13,112,HFO,24.96,9.6,230.4,24,337.35,0.64,Rough,FMS_MARITIME,2026-04-06
2022-03-14,112,LSMGO,46.95,14.5,348.0,24,420.1216,0.59,Rough,FMS_MARITIME,2026-04-06
2022-03-15,112,VLSFO,39.38,15.6,374.4,24,327.5356,0.54,Rough,FMS_MARITIME,2026-04-06
2022-03-16,112,MGO,70.39,12.5,300.0,24,730.6482,0.99,Calm,FMS_MARITIME,2026-04-06
2022-03-17,112,HFO,71.93,17.9,429.6,24,521.392,0.59,Moderate,FMS_MARITIME,2026-04-06
2022-03-18,112,MGO,82.15,9.2,220.8,24,1158.5829,0.63,Rough,FMS_MARITIME,2026-04-06
2022-03-19,112,MGO,49.46,13.3,319.2,24,482.5139,0.74,Calm,FMS_MARITIME,2026-04-06
2022-03-20,112,VLSFO,73.44,13.2,316.8,24,721.8818,0.75,Rough,FMS_MARITIME,2026-04-06
2022-03-21,112,HFO,68.49,17.5,420.0,24,507.8044,0.54,Calm,FMS_MARITIME,2026-04-06
2022-03-22,112,MGO,42.14,14.8,355.2,24,369.4368,0.48,Moderate,FMS_MARITIME,2026-04-06
2022-03-23,112,LSMGO,79.04,14.1,338.4,24,727.3362,0.8,Rough,FMS_MARITIME,2026-04-06
2022-03-24,112,LSMGO,20.65,16.6,398.4,24,161.4059,0.84,Moderate,FMS_MARITIME,2026-04-06
2022-03-25,112,HFO,81.45,14.1,338.4,24,749.5133,0.82,Calm,FMS_MARITIME,2026-04-06
2022-03-26,112,MGO,82.19,17.9,429.6,24,595.7627,0.89,Moderate,FMS_MARITIME,2026-04-06
2022-03-27,112,VLSFO,53.75,9.6,230.4,24,726.4648,0.78,Calm,FMS_MARITIME,2026-04-06
2022-03-28,112,LSMGO,74.22,17.5,420.0,24,550.2883,0.52,Moderate,FMS_MARITIME,2026-04-06
2022-03-28,112,LNG,17.95,10.8,259.2,24,215.6493,0.94,Calm,FMS_MARITIME,2026-04-06
2022-03-28,112,LSMGO,16.13,12.7,304.8,24,164.7927,0.99,Moderate,FMS_MARITIME,2026-04-06
2022-03-01,113,LSMGO,30.47,13.0,312.0,24,304.114,0.68,Rough,FMS_MARITIME,2026-04-06
2022-03-02,113,MGO,79.34,11.2,268.8,24,919.1397,0.71,Rough,FMS_MARITIME,2026-04-06
2022-03-03,113,LNG,22.69,11.6,278.4,24,253.7955,0.88,Rough,FMS_MARITIME,2026-04-06
2022-03-04,113,VLSFO,23.58,13.0,312.0,24,235.3465,0.82,Calm,FMS_MARITIME,2026-04-06
2022-03-05,113,MGO,51.06,13.1,314.4,24,505.7279,0.63,Rough,FMS_MARITIME,2026-04-06
2022-03-06,113,LSMGO,17.86,12.0,288.0,24,193.1112,0.44,Moderate,FMS_MARITIME,2026-04-06
2022-03-07,113,HFO,77.49,12.3,295.2,24,817.425,0.43,Moderate,FMS_MARITIME,2026-04-06
2022-03-08,113,LNG,37.36,16.2,388.8,24,299.2259,0.6,Calm,FMS_MARITIME,2026-04-06
2022-03-09,113,MGO,69.55,10.5,252.0,24,859.4393,0.45,Calm,FMS_MARITIME,2026-04-06
2022-03-10,113,LSMGO,83.62,11.3,271.2,24,960.15,0.5,Calm,FMS_MARITIME,2026-04-06
2022-03-11,113,LSMGO,17.93,9.5,228.0,24,244.8861,0.54,Calm,FMS_MARITIME,2026-04-06
2022-03-12,113,VLSFO,27.52,10.3,247.2,24,346.6718,0.55,Moderate,FMS_MARITIME,2026-04-06
2022-03-13,113,LSMGO,84.55,11.4,273.6,24,962.3125,0.48,Moderate,FMS_MARITIME,2026-04-06
2022-03-14,113,MGO,76.8,14.6,350.4,24,682.5205,0.82,Moderate,FMS_MARITIME,2026-04-06
2022-03-15,113,LSMGO,22.25,10.0,240.0,24,288.6938,0.98,Moderate,FMS_MARITIME,2026-04-06
2022-03-16,113,VLSFO,24.59,10.5,252.0,24,303.8621,0.46,Rough,FMS_MARITIME,2026-04-06
2022-03-17,113,HFO,31.18,8.3,199.2,24,487.4223,0.89,Rough,FMS_MARITIME,2026-04-06
2022-03-18,113,VLSFO,74.54,13.0,312.0,24,743.9665,0.76,Calm,FMS_MARITIME,2026-04-06
2022-03-19,113,HFO,16.32,8.8,211.2,24,240.6273,0.95,Rough,FMS_MARITIME,2026-04-06
2022-03-20,113,LNG,44.85,10.8,259.2,24,538.8229,0.75,Calm,FMS_MARITIME,2026-04-06
2022-03-21,113,VLSFO,74.3,11.3,271.2,24,853.135,0.67,Rough,FMS_MARITIME,2026-04-06
2022-03-22,113,VLSFO,75.26,15.6,374.4,24,625.9606,0.5,Rough,FMS_MARITIME,2026-04-06
2022-03-23,113,LNG,20.13,10.4,249.6,24,251.1411,0.72,Calm,FMS_MARITIME,2026-04-06
2022-03-24,113,HFO,57.06,12.5,300.0,24,592.2828,0.88,Moderate,FMS_MARITIME,2026-04-06
2022-03-25,113,LSMGO,17.33,15.4,369.6,24,146.0109,0.89,Rough,FMS_MARITIME,2026-04-06
2022-03-26,113,VLSFO,24.48,14.9,357.6,24,213.1732,0.83,Moderate,FMS_MARITIME,2026-04-06
2022-03-27,113,LNG,17.91,14.7,352.8,24,158.0832,0.5,Moderate,FMS_MARITIME,2026-04-06
2022-03-28,113,VLSFO,27.75,13.9,333.6,24,259.0333,0.42,Calm,FMS_MARITIME,2026-04-06
2022-03-28,113,HFO,69.67,16.0,384.0,24,564.9802,0.56,Moderate,FMS_MARITIME,2026-04-06
2022-03-28,113,LSMGO,38.81,10.3,247.2,24,488.893,0.97,Rough,FMS_MARITIME,2026-04-06
2022-03-01,114,LNG,42.06,11.9,285.6,24,458.5954,0.75,Moderate,FMS_MARITIME,2026-04-06
2022-03-02,114,HFO,33.15,16.9,405.6,24,254.5096,0.93,Rough,FMS_MARITIME,2026-04-06
2022-03-03,114,LSMGO,70.79,10.2,244.8,24,900.4904,0.45,Moderate,FMS_MARITIME,2026-04-06
2022-03-04,114,VLSFO,27.56,10.4,249.6,24,343.8375,0.83,Rough,FMS_MARITIME,2026-04-06
2022-03-05,114,LSMGO,16.62,15.7,376.8,24,137.3532,0.45,Calm,FMS_MARITIME,2026-04-06
2022-03-06,114,MGO,64.83,14.3,343.2,24,588.2302,0.76,Moderate,FMS_MARITIME,2026-04-06
2022-03-07,114,LSMGO,76.86,9.7,232.8,24,1028.1015,0.73,Moderate,FMS_MARITIME,2026-04-06
2022-03-08,114,LSMGO,15.12,16.8,403.2,24,116.775,0.55,Rough,FMS_MARITIME,2026-04-06
2022-03-09,114,LSMGO,40.47,9.6,230.4,24,546.9773,0.51,Rough,FMS_MARITIME,2026-04-06
2022-03-10,114,LSMGO,38.51,14.6,350.4,24,342.2378,0.88,Rough,FMS_MARITIME,2026-04-06
2022-03-11,114,HFO,52.25,10.6,254.4,24,639.5696,0.99,Calm,FMS_MARITIME,2026-04-06
2022-03-12,114,HFO,16.64,10.4,249.6,24,207.6,0.6,Moderate,FMS_MARITIME,2026-04-06
2022-03-13,114,MGO,70.82,9.1,218.4,24,1009.7687,0.71,Rough,FMS_MARITIME,2026-04-06
2022-03-14,114,HFO,21.22,16.0,384.0,24,172.0809,0.69,Moderate,FMS_MARITIME,2026-04-06
2022-03-15,114,VLSFO,51.31,16.7,400.8,24,398.651,0.84,Rough,FMS_MARITIME,2026-04-06
2022-03-16,114,LSMGO,54.66,14.7,352.8,24,482.4582,0.71,Calm,FMS_MARITIME,2026-04-06
2022-03-17,114,LSMGO,80.65,11.9,285.6,24,879.3561,0.77,Moderate,FMS_MARITIME,2026-04-06
2022-03-18,114,MGO,33.56,9.3,223.2,24,468.2161,0.53,Moderate,FMS_MARITIME,2026-04-06
2022-03-19,114,MGO,18.73,17.5,420.0,24,138.8696,0.88,Calm,FMS_MARITIME,2026-04-06
2022-03-20,114,LNG,70.25,13.0,312.0,24,701.149,0.61,Moderate,FMS_MARITIME,2026-04-06
2022-03-21,114,LSMGO,51.02,11.8,283.2,24,561.0038,0.71,Calm,FMS_MARITIME,2026-04-06
2022-03-22,114,MGO,31.89,13.7,328.8,24,302.0239,0.59,Rough,FMS_MARITIME,2026-04-06
2022-03-23,114,HFO,70.11,9.4,225.6,24,967.7418,0.78,Rough,FMS_MARITIME,2026-04-06
2022-03-24,114,MGO,48.39,16.8,403.2,24,373.7263,0.63,Rough,FMS_MARITIME,2026-04-06
2022-03-25,114,LSMGO,44.85,11.7,280.8,24,497.375,0.7,Moderate,FMS_MARITIME,2026-04-06
2022-03-26,114,LSMGO,73.14,14.8,355.2,24,641.2105,0.79,Moderate,FMS_MARITIME,2026-04-06
2022-03-27,114,LSMGO,55.44,8.7,208.8,24,826.8207,0.89,Calm,FMS_MARITIME,2026-04-06
2022-03-28,114,MGO,41.47,17.3,415.2,24,311.025,0.72,Calm,FMS_MARITIME,2026-04-06
2022-03-28,114,HFO,45.86,15.4,369.6,24,386.3854,0.72,Calm,FMS_MARITIME,2026-04-06
2022-03-28,114,LNG,43.27,15.1,362.4,24,371.8068,0.76,Moderate,FMS_MARITIME,2026-04-06
2022-03-01,115,VLSFO,78.24,10.2,244.8,24,995.2588,0.89,Calm,FMS_MARITIME,2026-04-06
2022-03-02,115,VLSFO,28.45,13.1,314.4,24,281.7853,0.85,Calm,FMS_MARITIME,2026-04-06
2022-03-03,115,LSMGO,40.47,13.9,333.6,24,377.7685,0.41,Moderate,FMS_MARITIME,2026-04-06
2022-03-04,115,VLSFO,68.57,13.0,312.0,24,684.3813,0.76,Moderate,FMS_MARITIME,2026-04-06
2022-03-05,115,MGO,58.03,12.4,297.6,24,607.2091,0.91,Calm,FMS_MARITIME,2026-04-06
2022-03-06,115,LSMGO,22.45,13.2,316.8,24,220.6733,0.8,Rough,FMS_MARITIME,2026-04-06
2022-03-07,115,HFO,83.31,8.7,208.8,24,1242.4681,0.45,Moderate,FMS_MARITIME,2026-04-06
2022-03-08,115,MGO,76.3,14.5,348.0,24,682.7534,0.87,Calm,FMS_MARITIME,2026-04-06
2022-03-09,115,LNG,32.77,10.9,261.6,24,390.0833,0.79,Calm,FMS_MARITIME,2026-04-06
2022-03-10,115,VLSFO,40.97,15.7,376.8,24,338.5896,0.44,Moderate,FMS_MARITIME,2026-04-06
2022-03-11,115,VLSFO,37.25,9.7,232.8,24,498.2668,0.73,Calm,FMS_MARITIME,2026-04-06
2022-03-12,115,HFO,76.38,8.3,199.2,24,1194.0127,0.83,Rough,FMS_MARITIME,2026-04-06
2022-03-13,115,VLSFO,37.01,16.5,396.0,24,291.0332,0.45,Calm,FMS_MARITIME,2026-04-06
2022-03-14,115,MGO,67.02,8.6,206.4,24,1011.1448,0.88,Rough,FMS_MARITIME,2026-04-06
2022-03-15,115,HFO,45.61,17.9,429.6,24,330.6088,0.83,Rough,FMS_MARITIME,2026-04-06
2022-03-16,115,MGO,81.38,11.7,280.8,24,902.4833,0.5,Calm,FMS_MARITIME,2026-04-06
2022-03-17,115,LSMGO,76.07,12.5,300.0,24,789.6066,0.48,Rough,FMS_MARITIME,2026-04-06
2022-03-18,115,LSMGO,50.44,14.2,340.8,24,460.8866,0.58,Rough,FMS_MARITIME,2026-04-06
2022-03-19,115,MGO,69.9,15.5,372.0,24,585.1306,0.57,Moderate,FMS_MARITIME,2026-04-06
2022-03-20,115,LSMGO,83.9,16.3,391.2,24,667.8543,0.92,Rough,FMS_MARITIME,2026-04-06
2022-03-21,115,HFO,68.6,16.6,398.4,24,536.1958,0.68,Moderate,FMS_MARITIME,2026-04-06
2022-03-22,115,MGO,66.28,16.6,398.4,24,518.062,0.5,Rough,FMS_MARITIME,2026-04-06
2022-03-23,115,LNG,66.83,8.9,213.6,24,974.2913,0.61,Moderate,FMS_MARITIME,2026-04-06
2022-03-24,115,MGO,71.15,9.6,230.4,24,961.6367,0.55,Rough,FMS_MARITIME,2026-04-06
2022-03-25,115,LSMGO,56.59,13.7,328.8,24,535.9527,0.62,Calm,FMS_MARITIME,2026-04-06
2022-03-26,115,HFO,84.0,9.1,218.4,24,1197.6923,0.77,Calm,FMS_MARITIME,2026-04-06
2022-03-27,115,MGO,43.08,14.4,345.6,24,388.1687,1.0,Calm,FMS_MARITIME,2026-04-06
2022-03-28,115,VLSFO,46.72,12.1,290.4,24,500.9851,0.73,Rough,FMS_MARITIME,2026-04-06
2022-03-28,115,HFO,68.42,8.3,199.2,24,1069.5777,0.89,Calm,FMS_MARITIME,2026-04-06
2022-03-28,115,HFO,50.81,11.6,278.4,24,568.3274,0.51,Calm,FMS_MARITIME,2026-04-06
2022-03-01,116,LNG,73.62,16.8,403.2,24,568.583,0.92,Moderate,FMS_MARITIME,2026-04-06
2022-03-02,116,MGO,55.76,17.6,422.4,24,411.0716,0.51,Calm,FMS_MARITIME,2026-04-06
2022-03-03,116,LNG,69.39,14.0,336.0,24,643.0966,0.52,Rough,FMS_MARITIME,2026-04-06
2022-03-04,116,VLSFO,81.21,9.8,235.2,24,1075.2038,0.57,Rough,FMS_MARITIME,2026-04-06
2022-03-05,116,VLSFO,27.33,14.7,352.8,24,241.2291,0.93,Moderate,FMS_MARITIME,2026-04-06
2022-03-06,116,MGO,59.87,10.5,252.0,24,739.8221,0.68,Moderate,FMS_MARITIME,2026-04-06
2022-03-07,116,HFO,54.12,8.7,208.8,24,807.1345,0.79,Calm,FMS_MARITIME,2026-04-06
2022-03-08,116,LSMGO,82.26,13.5,324.0,24,790.61,0.41,Moderate,FMS_MARITIME,2026-04-06
2022-03-09,116,VLSFO,38.07,13.9,333.6,24,355.3656,0.51,Rough,FMS_MARITIME,2026-04-06
2022-03-10,116,MGO,42.03,8.1,194.4,24,673.2583,0.44,Moderate,FMS_MARITIME,2026-04-06
2022-03-11,116,LSMGO,24.48,15.8,379.2,24,201.0304,0.47,Rough,FMS_MARITIME,2026-04-06
2022-03-12,116,LNG,78.15,8.7,208.8,24,1165.5129,0.44,Moderate,FMS_MARITIME,2026-04-06
2022-03-13,116,LSMGO,68.97,16.1,386.4,24,555.8297,0.59,Rough,FMS_MARITIME,2026-04-06
2022-03-14,116,LNG,67.36,9.4,225.6,24,929.783,0.68,Calm,FMS_MARITIME,2026-04-06
2022-03-15,116,HFO,64.86,8.0,192.0,24,1051.9481,0.97,Moderate,FMS_MARITIME,2026-04-06
2022-03-16,116,HFO,73.92,15.8,379.2,24,607.0329,0.97,Rough,FMS_MARITIME,2026-04-06
2022-03-17,116,LNG,76.27,11.0,264.0,24,899.6393,0.81,Calm,FMS_MARITIME,2026-04-06
2022-03-18,116,LNG,78.95,11.8,283.2,24,868.1155,0.88,Rough,FMS_MARITIME,2026-04-06
2022-03-19,116,MGO,49.88,12.3,295.2,24,526.1732,0.71,Moderate,FMS_MARITIME,2026-04-06
2022-03-20,116,LNG,25.42,15.2,364.8,24,216.9898,0.67,Moderate,FMS_MARITIME,2026-04-06
2022-03-21,116,MGO,67.84,14.8,355.2,24,594.7459,0.71,Calm,FMS_MARITIME,2026-04-06
2022-03-22,116,LSMGO,44.52,14.9,357.6,24,387.6826,0.96,Rough,FMS_MARITIME,2026-04-06
2022-03-23,116,MGO,77.26,12.2,292.8,24,821.6791,0.8,Rough,FMS_MARITIME,2026-04-06
2022-03-24,116,HFO,47.68,16.5,396.0,24,374.9382,0.79,Rough,FMS_MARITIME,2026-04-06
2022-03-25,116,VLSFO,63.46,9.6,230.4,24,857.7016,0.97,Rough,FMS_MARITIME,2026-04-06
2022-03-26,116,MGO,31.37,10.7,256.8,24,380.3979,0.79,Moderate,FMS_MARITIME,2026-04-06
2022-03-27,116,LSMGO,83.33,11.0,264.0,24,982.9152,0.9,Rough,FMS_MARITIME,2026-04-06
2022-03-28,116,HFO,46.43,14.0,336.0,24,430.3066,0.56,Rough,FMS_MARITIME,2026-04-06
2022-03-28,116,HFO,80.46,11.6,278.4,24,899.9728,0.8,Rough,FMS_MARITIME,2026-04-06
2022-03-28,116,MGO,68.64,17.7,424.8,24,503.1661,0.54,Moderate,FMS_MARITIME,2026-04-06
2022-03-01,117,LSMGO,28.98,9.9,237.6,24,379.8136,0.84,Moderate,FMS_MARITIME,2026-04-06
2022-03-02,117,LSMGO,65.7,10.4,249.6,24,819.6707,0.45,Moderate,FMS_MARITIME,2026-04-06
2022-03-03,117,LSMGO,56.38,12.5,300.0,24,585.2244,0.86,Moderate,FMS_MARITIME,2026-04-06
2022-03-04,117,MGO,61.06,8.5,204.0,24,932.0629,0.97,Rough,FMS_MARITIME,2026-04-06
2022-03-05,117,LSMGO,64.54,13.7,328.8,24,611.2456,0.86,Moderate,FMS_MARITIME,2026-04-06
2022-03-06,117,LNG,60.73,10.7,256.8,24,736.4222,0.65,Calm,FMS_MARITIME,2026-04-06
2022-03-07,117,LNG,31.3,8.5,204.0,24,477.7853,0.55,Rough,FMS_MARITIME,2026-04-06
2022-03-08,117,LSMGO,21.44,10.3,247.2,24,270.0816,0.47,Rough,FMS_MARITIME,2026-04-06
2022-03-09,117,HFO,17.95,12.6,302.4,24,184.8423,0.65,Moderate,FMS_MARITIME,2026-04-06
2022-03-10,117,HFO,42.34,15.7,376.8,24,349.9118,0.61,Moderate,FMS_MARITIME,2026-04-06
2022-03-11,117,VLSFO,39.7,10.8,259.2,24,476.9514,0.61,Rough,FMS_MARITIME,2026-04-06
2022-03-12,117,LNG,32.07,9.8,235.2,24,424.6003,0.54,Calm,FMS_MARITIME,2026-04-06
2022-03-13,117,LSMGO,19.55,15.9,381.6,24,159.5354,0.5,Moderate,FMS_MARITIME,2026-04-06
2022-03-14,117,MGO,63.44,16.8,403.2,24,489.9607,0.95,Moderate,FMS_MARITIME,2026-04-06
2022-03-15,117,LNG,66.85,10.8,259.2,24,803.1285,0.42,Rough,FMS_MARITIME,2026-04-06
2022-03-16,117,VLSFO,69.72,12.1,290.4,24,747.6174,0.95,Calm,FMS_MARITIME,2026-04-06
2022-03-17,117,LNG,31.25,16.6,398.4,24,244.2583,0.65,Rough,FMS_MARITIME,2026-04-06
2022-03-18,117,VLSFO,61.7,11.9,285.6,24,672.7374,0.54,Rough,FMS_MARITIME,2026-04-06
2022-03-19,117,HFO,81.59,16.7,400.8,24,633.9103,0.81,Calm,FMS_MARITIME,2026-04-06
2022-03-20,117,HFO,46.0,17.0,408.0,24,351.0882,0.83,Calm,FMS_MARITIME,2026-04-06
2022-03-21,117,LNG,31.71,17.8,427.2,24,231.1445,0.97,Rough,FMS_MARITIME,2026-04-06
2022-03-22,117,MGO,43.55,8.4,201.6,24,672.692,0.58,Moderate,FMS_MARITIME,2026-04-06
2022-03-23,117,MGO,63.36,10.2,244.8,24,805.9765,0.62,Moderate,FMS_MARITIME,2026-04-06
2022-03-24,117,LSMGO,45.35,14.2,340.8,24,414.3776,0.84,Calm,FMS_MARITIME,2026-04-06
2022-03-25,117,MGO,18.11,17.9,429.6,24,131.2722,0.53,Moderate,FMS_MARITIME,2026-04-06
2022-03-26,117,VLSFO,28.68,14.0,336.0,24,265.8021,0.68,Moderate,FMS_MARITIME,2026-04-06
2022-03-27,117,MGO,80.1,11.4,273.6,24,911.6645,0.55,Calm,FMS_MARITIME,2026-04-06
2022-03-28,117,MGO,66.81,11.3,271.2,24,767.1325,0.96,Moderate,FMS_MARITIME,2026-04-06
2022-03-28,117,LNG,25.1,11.4,273.6,24,285.6776,0.6,Calm,FMS_MARITIME,2026-04-06
2022-03-28,117,HFO,43.73,15.1,362.4,24,375.7594,0.43,Moderate,FMS_MARITIME,2026-04-06
2022-03-01,118,LNG,82.48,8.2,196.8,24,1305.0951,0.95,Rough,FMS_MARITIME,2026-04-06
2022-03-02,118,LNG,51.3,16.3,391.2,24,408.3543,0.4,Calm,FMS_MARITIME,2026-04-06
2022-03-03,118,LSMGO,35.06,10.9,261.6,24,417.3427,0.85,Moderate,FMS_MARITIME,2026-04-06
2022-03-04,118,MGO,20.83,11.5,276.0,24,235.0167,0.79,Moderate,FMS_MARITIME,2026-04-06
2022-03-05,118,HFO,74.02,16.0,384.0,24,600.2559,0.41,Rough,FMS_MARITIME,2026-04-06
2022-03-06,118,MGO,29.56,9.3,223.2,24,412.4097,0.67,Moderate,FMS_MARITIME,2026-04-06
2022-03-07,118,LSMGO,61.44,8.8,211.2,24,905.8909,0.7,Moderate,FMS_MARITIME,2026-04-06
2022-03-08,118,HFO,32.12,12.6,302.4,24,330.7595,0.79,Moderate,FMS_MARITIME,2026-04-06
2022-03-09,118,HFO,66.25,12.6,302.4,24,682.2173,0.62,Calm,FMS_MARITIME,2026-04-06
2022-03-10,118,HFO,49.86,15.6,374.4,24,414.701,0.45,Calm,FMS_MARITIME,2026-04-06
2022-03-11,118,VLSFO,61.74,15.8,379.2,24,507.0104,0.93,Rough,FMS_MARITIME,2026-04-06
2022-03-12,118,MGO,62.13,12.4,297.6,24,650.1103,0.54,Calm,FMS_MARITIME,2026-04-06
2022-03-13,118,VLSFO,15.33,10.2,244.8,24,195.0066,0.61,Calm,FMS_MARITIME,2026-04-06
2022-03-14,118,HFO,34.56,8.8,211.2,24,509.5636,0.97,Rough,FMS_MARITIME,2026-04-06
2022-03-15,118,LSMGO,49.9,13.2,316.8,24,490.4943,0.96,Calm,FMS_MARITIME,2026-04-06
2022-03-16,118,MGO,67.4,12.1,290.4,24,722.7397,0.87,Rough,FMS_MARITIME,2026-04-06
2022-03-17,118,HFO,15.97,16.2,388.8,24,127.9079,0.6,Moderate,FMS_MARITIME,2026-04-06
2022-03-18,118,VLSFO,42.34,15.8,379.2,24,347.6972,0.56,Moderate,FMS_MARITIME,2026-04-06
2022-03-19,118,VLSFO,66.37,16.3,391.2,24,528.3133,0.89,Calm,FMS_MARITIME,2026-04-06
2022-03-20,118,MGO,53.32,8.2,196.8,24,843.6915,0.98,Rough,FMS_MARITIME,2026-04-06
2022-03-21,118,VLSFO,67.34,13.0,312.0,24,672.105,0.8,Calm,FMS_MARITIME,2026-04-06
2022-03-22,118,HFO,48.86,14.6,350.4,24,434.2182,0.79,Calm,FMS_MARITIME,2026-04-06
2022-03-23,118,MGO,78.41,16.4,393.6,24,620.3474,0.72,Calm,FMS_MARITIME,2026-04-06
2022-03-24,118,VLSFO,44.66,8.8,211.2,24,658.4812,0.49,Rough,FMS_MARITIME,2026-04-06
2022-03-25,118,LNG,19.59,13.5,324.0,24,188.2817,0.64,Rough,FMS_MARITIME,2026-04-06
2022-03-26,118,VLSFO,81.14,13.6,326.4,24,774.1114,0.98,Calm,FMS_MARITIME,2026-04-06
2022-03-27,118,HFO,80.51,10.8,259.2,24,967.2382,0.71,Moderate,FMS_MARITIME,2026-04-06
2022-03-28,118,LSMGO,54.92,13.2,316.8,24,539.8386,0.57,Moderate,FMS_MARITIME,2026-04-06
2022-03-28,118,VLSFO,45.99,9.9,237.6,24,602.7477,0.81,Moderate,FMS_MARITIME,2026-04-06
2022-03-28,118,LSMGO,69.38,12.8,307.2,24,703.2855,0.95,Calm,FMS_MARITIME,2026-04-06
2022-03-01,119,LSMGO,26.94,10.4,249.6,24,336.1024,0.57,Moderate,FMS_MARITIME,2026-04-06
2022-03-02,119,LSMGO,16.04,15.4,369.6,24,135.1422,0.82,Calm,FMS_MARITIME,2026-04-06
2022-03-03,119,LNG,44.33,10.6,254.4,24,542.6243,0.59,Calm,FMS_MARITIME,2026-04-06
2022-03-04,119,VLSFO,35.06,11.7,280.8,24,388.8064,0.86,Calm,FMS_MARITIME,2026-04-06
2022-03-05,119,LNG,41.99,15.5,372.0,24,351.4969,0.62,Rough,FMS_MARITIME,2026-04-06
2022-03-06,119,HFO,37.91,15.4,369.6,24,319.4041,0.69,Calm,FMS_MARITIME,2026-04-06
2022-03-07,119,MGO,65.33,13.9,333.6,24,609.825,0.48,Rough,FMS_MARITIME,2026-04-06
2022-03-08,119,HFO,50.87,16.9,405.6,24,390.5552,0.75,Moderate,FMS_MARITIME,2026-04-06
2022-03-09,119,HFO,30.11,9.2,220.8,24,424.6492,0.85,Rough,FMS_MARITIME,2026-04-06
2022-03-10,119,VLSFO,67.05,9.8,235.2,24,887.7283,0.6,Moderate,FMS_MARITIME,2026-04-06
2022-03-11,119,LNG,28.47,12.1,290.4,24,305.2878,0.54,Moderate,FMS_MARITIME,2026-04-06
2022-03-12,119,LSMGO,70.47,17.1,410.4,24,534.7066,0.64,Calm,FMS_MARITIME,2026-04-06
2022-03-13,119,LSMGO,30.31,13.9,333.6,24,282.9297,0.52,Calm,FMS_MARITIME,2026-04-06
2022-03-14,119,HFO,30.11,11.6,278.4,24,336.7907,0.62,Moderate,FMS_MARITIME,2026-04-06
2022-03-15,119,LSMGO,62.0,12.5,300.0,24,643.56,0.47,Moderate,FMS_MARITIME,2026-04-06
2022-03-16,119,LSMGO,33.17,16.9,405.6,24,254.6632,0.58,Rough,FMS_MARITIME,2026-04-06
2022-03-17,119,HFO,32.2,16.7,400.8,24,250.1766,0.47,Rough,FMS_MARITIME,2026-04-06
2022-03-18,119,LNG,29.65,12.3,295.2,24,312.7713,0.62,Moderate,FMS_MARITIME,2026-04-06
2022-03-19,119,VLSFO,46.93,9.5,228.0,24,640.965,0.57,Rough,FMS_MARITIME,2026-04-06
2022-03-20,119,MGO,43.91,12.5,300.0,24,455.7858,0.43,Calm,FMS_MARITIME,2026-04-06
2022-03-21,119,MGO,51.02,9.7,232.8,24,682.4582,0.95,Moderate,FMS_MARITIME,2026-04-06
2022-03-22,119,LNG,65.89,15.1,362.4,24,566.174,0.79,Moderate,FMS_MARITIME,2026-04-06
2022-03-23,119,MGO,21.31,11.1,266.4,24,249.0966,0.74,Rough,FMS_MARITIME,2026-04-06
2022-03-24,119,HFO,24.71,13.3,319.2,24,241.0618,0.64,Rough,FMS_MARITIME,2026-04-06
2022-03-25,119,VLSFO,38.84,11.5,276.0,24,438.2165,0.89,Rough,FMS_MARITIME,2026-04-06
2022-03-26,119,HFO,48.66,14.4,345.6,24,438.4469,0.79,Moderate,FMS_MARITIME,2026-04-06
2022-03-27,119,MGO,24.75,8.4,201.6,24,382.2991,0.42,Rough,FMS_MARITIME,2026-04-06
2022-03-28,119,LNG,79.48,8.6,206.4,24,1199.1314,0.94,Moderate,FMS_MARITIME,2026-04-06
2022-03-28,119,MGO,18.47,14.3,343.2,24,167.5862,0.62,Calm,FMS_MARITIME,2026-04-06
2022-03-28,119,MGO,26.77,17.1,410.4,24,203.1232,0.7,Calm,FMS_MARITIME,2026-04-06
2022-03-01,120,LNG,50.8,14.8,355.2,24,445.3581,0.72,Calm,FMS_MARITIME,2026-04-06
2022-03-02,120,VLSFO,79.1,14.2,340.8,24,722.7623,0.48,Moderate,FMS_MARITIME,2026-04-06
2022-03-03,120,MGO,50.67,15.1,362.4,24,435.3929,0.97,Calm,FMS_MARITIME,2026-04-06
2022-03-04,120,VLSFO,70.46,11.9,285.6,24,768.2508,0.56,Moderate,FMS_MARITIME,2026-04-06
2022-03-05,120,VLSFO,70.9,11.2,268.8,24,821.3638,0.62,Calm,FMS_MARITIME,2026-04-06
2022-03-06,120,MGO,30.0,13.1,314.4,24,297.1374,0.45,Calm,FMS_MARITIME,2026-04-06
2022-03-07,120,HFO,46.63,9.6,230.4,24,630.2336,0.63,Calm,FMS_MARITIME,2026-04-06
2022-03-08,120,VLSFO,60.46,12.6,302.4,24,622.594,0.96,Calm,FMS_MARITIME,2026-04-06
2022-03-09,120,MGO,17.48,8.2,196.8,24,276.589,0.78,Calm,FMS_MARITIME,2026-04-06
2022-03-10,120,LSMGO,30.75,10.0,240.0,24,398.9812,0.56,Moderate,FMS_MARITIME,2026-04-06
2022-03-11,120,LNG,36.42,15.6,374.4,24,302.9163,0.78,Rough,FMS_MARITIME,2026-04-06
2022-03-12,120,LNG,53.75,9.0,216.0,24,774.8958,0.45,Calm,FMS_MARITIME,2026-04-06
2022-03-13,120,HFO,71.68,11.5,276.0,24,808.7374,0.47,Moderate,FMS_MARITIME,2026-04-06
2022-03-14,120,LSMGO,63.05,10.3,247.2,24,794.2464,0.43,Moderate,FMS_MARITIME,2026-04-06
2022-03-15,120,LNG,55.29,16.7,400.8,24,429.5735,0.91,Calm,FMS_MARITIME,2026-04-06
2022-03-16,120,MGO,19.44,13.4,321.6,24,188.2343,0.61,Rough,FMS_MARITIME,2026-04-06
2022-03-17,120,LNG,78.91,10.7,256.8,24,956.8759,0.43,Rough,FMS_MARITIME,2026-04-06
2022-03-18,120,LSMGO,52.13,10.4,249.6,24,650.3719,0.49,Calm,FMS_MARITIME,2026-04-06
2022-03-19,120,MGO,67.08,17.4,417.6,24,500.2086,0.92,Moderate,FMS_MARITIME,2026-04-06
2022-03-20,120,VLSFO,77.37,11.2,268.8,24,896.3176,0.43,Calm,FMS_MARITIME,2026-04-06
2022-03-21,120,LNG,22.32,13.6,326.4,24,212.9426,0.91,Calm,FMS_MARITIME,2026-04-06
2022-03-22,120,LSMGO,59.03,15.3,367.2,24,500.5975,0.79,Moderate,FMS_MARITIME,2026-04-06
2022-03-23,120,LNG,24.15,17.9,429.6,24,175.0538,0.77,Calm,FMS_MARITIME,2026-04-06
2022-03-24,120,LSMGO,18.89,17.9,429.6,24,136.9261,0.45,Rough,FMS_MARITIME,2026-04-06
2022-03-25,120,VLSFO,15.61,10.2,244.8,24,198.5684,0.43,Moderate,FMS_MARITIME,2026-04-06
2022-03-26,120,LNG,67.16,15.9,381.6,24,548.0509,0.78,Rough,FMS_MARITIME,2026-04-06
2022-03-27,120,MGO,65.33,9.6,230.4,24,882.9758,0.5,Calm,FMS_MARITIME,2026-04-06
2022-03-28,120,LSMGO,63.04,17.8,427.2,24,459.5191,0.95,Moderate,FMS_MARITIME,2026-04-06
2022-03-28,120,MGO,55.79,16.5,396.0,24,438.7123,0.73,Calm,FMS_MARITIME,2026-04-06
2022-03-28,120,MGO,32.86,12.9,309.6,24,330.5105,0.42,Moderate,FMS_MARITIME,2026-04-06
2022-03-01,121,LNG,33.46,16.9,405.6,24,256.8896,0.47,Calm,FMS_MARITIME,2026-04-06
2022-03-02,121,LSMGO,83.48,10.8,259.2,24,1002.9194,0.42,Moderate,FMS_MARITIME,2026-04-06
2022-03-03,121,HFO,31.58,12.3,295.2,24,333.1305,0.44,Rough,FMS_MARITIME,2026-04-06
2022-03-04,121,HFO,56.35,17.1,410.4,24,427.568,0.94,Rough,FMS_MARITIME,2026-04-06
2022-03-05,121,MGO,46.82,14.2,340.8,24,427.8095,0.41,Rough,FMS_MARITIME,2026-04-06
2022-03-06,121,LSMGO,33.66,14.7,352.8,24,297.101,0.65,Calm,FMS_MARITIME,2026-04-06
2022-03-07,121,LSMGO,60.24,14.3,343.2,24,546.5832,1.0,Moderate,FMS_MARITIME,2026-04-06
2022-03-08,121,HFO,83.29,11.6,278.4,24,931.6274,0.49,Calm,FMS_MARITIME,2026-04-06
2022-03-09,121,HFO,49.0,10.3,247.2,24,617.2573,0.7,Moderate,FMS_MARITIME,2026-04-06
2022-03-10,121,LNG,24.65,10.0,240.0,24,319.8338,0.56,Moderate,FMS_MARITIME,2026-04-06
2022-03-11,121,LNG,51.18,16.9,405.6,24,392.9352,0.81,Calm,FMS_MARITIME,2026-04-06
2022-03-12,121,HFO,60.39,16.4,393.6,24,477.7806,0.7,Moderate,FMS_MARITIME,2026-04-06
2022-03-13,121,VLSFO,37.92,16.1,386.4,24,305.5975,0.96,Rough,FMS_MARITIME,2026-04-06
2022-03-14,121,LSMGO,21.16,13.5,324.0,24,203.3711,0.44,Moderate,FMS_MARITIME,2026-04-06
2022-03-15,121,LNG,60.12,14.3,343.2,24,545.4944,0.66,Rough,FMS_MARITIME,2026-04-06
2022-03-16,121,LNG,40.53,9.5,228.0,24,553.5545,0.8,Moderate,FMS_MARITIME,2026-04-06
2022-03-17,121,HFO,47.25,17.3,415.2,24,354.375,0.85,Moderate,FMS_MARITIME,2026-04-06
2022-03-18,121,HFO,56.26,17.2,412.8,24,424.4032,0.67,Rough,FMS_MARITIME,2026-04-06
2022-03-19,121,LNG,75.3,14.5,348.0,24,673.8052,0.98,Rough,FMS_MARITIME,2026-04-06
2022-03-20,121,VLSFO,35.82,14.0,336.0,24,331.9746,0.79,Rough,FMS_MARITIME,2026-04-06
2022-03-21,121,HFO,18.71,16.5,396.0,24,147.1286,0.82,Rough,FMS_MARITIME,2026-04-06
2022-03-22,121,LSMGO,52.12,16.5,396.0,24,409.8527,0.66,Calm,FMS_MARITIME,2026-04-06
2022-03-23,121,VLSFO,77.13,14.7,352.8,24,680.7903,0.63,Rough,FMS_MARITIME,2026-04-06
2022-03-24,121,HFO,41.7,8.0,192.0,24,676.3219,0.95,Calm,FMS_MARITIME,2026-04-06
2022-03-25,121,LSMGO,42.48,10.8,259.2,24,510.35,0.57,Calm,FMS_MARITIME,2026-04-06
2022-03-26,121,MGO,75.71,15.6,374.4,24,629.7034,0.81,Rough,FMS_MARITIME,2026-04-06
2022-03-27,121,HFO,80.79,14.9,357.6,24,703.5237,0.51,Calm,FMS_MARITIME,2026-04-06
2022-03-28,121,LNG,19.16,11.8,283.2,24,210.6788,0.5,Calm,FMS_MARITIME,2026-04-06
2022-03-28,121,HFO,40.29,14.7,352.8,24,355.6209,0.87,Moderate,FMS_MARITIME,2026-04-06
2022-03-28,121,MGO,65.15,8.5,204.0,24,994.4956,0.74,Calm,FMS_MARITIME,2026-04-06
2022-03-01,122,LNG,61.02,15.1,362.4,24,524.3275,0.69,Moderate,FMS_MARITIME,2026-04-06
2022-03-02,122,VLSFO,77.62,16.9,405.6,24,595.9287,0.97,Moderate,FMS_MARITIME,2026-04-06
2022-03-03,122,VLSFO,78.71,17.7,424.8,24,576.9843,0.75,Moderate,FMS_MARITIME,2026-04-06
2022-03-04,122,LSMGO,76.43,13.4,321.6,24,740.0591,0.58,Rough,FMS_MARITIME,2026-04-06
2022-03-05,122,VLSFO,31.17,9.5,228.0,24,425.7166,0.76,Rough,FMS_MARITIME,2026-04-06
2022-03-06,122,LNG,19.71,16.7,400.8,24,153.1361,0.92,Rough,FMS_MARITIME,2026-04-06
2022-03-07,122,MGO,59.11,15.8,379.2,24,485.4128,0.65,Calm,FMS_MARITIME,2026-04-06
2022-03-08,122,LSMGO,37.21,17.9,429.6,24,269.7205,0.55,Moderate,FMS_MARITIME,2026-04-06
2022-03-09,122,MGO,42.51,8.5,204.0,24,648.9026,0.96,Rough,FMS_MARITIME,2026-04-06
2022-03-10,122,VLSFO,78.61,14.7,352.8,24,693.8536,0.64,Moderate,FMS_MARITIME,2026-04-06
2022-03-11,122,HFO,24.64,8.2,196.8,24,389.8829,0.96,Rough,FMS_MARITIME,2026-04-06
2022-03-12,122,VLSFO,20.64,9.9,237.6,24,270.5091,0.97,Rough,FMS_MARITIME,2026-04-06
2022-03-13,122,VLSFO,52.1,12.2,292.8,24,554.0963,0.75,Moderate,FMS_MARITIME,2026-04-06
2022-03-14,122,MGO,74.52,12.0,288.0,24,805.7475,0.53,Rough,FMS_MARITIME,2026-04-06
2022-03-15,122,LNG,23.23,16.5,396.0,24,182.6723,0.94,Rough,FMS_MARITIME,2026-04-06
2022-03-16,122,HFO,83.0,10.6,254.4,24,1015.967,0.94,Moderate,FMS_MARITIME,2026-04-06
2022-03-17,122,LNG,81.17,13.3,319.2,24,791.8652,0.58,Rough,FMS_MARITIME,2026-04-06
2022-03-18,122,VLSFO,73.0,9.6,230.4,24,986.6406,0.75,Calm,FMS_MARITIME,2026-04-06
2022-03-19,122,HFO,62.91,9.9,237.6,24,824.5023,0.72,Calm,FMS_MARITIME,2026-04-06
2022-03-20,122,VLSFO,32.35,8.1,194.4,24,518.1991,0.87,Moderate,FMS_MARITIME,2026-04-06
2022-03-21,122,HFO,37.81,12.2,292.8,24,402.1186,0.63,Moderate,FMS_MARITIME,2026-04-06
2022-03-22,122,LSMGO,81.21,13.9,333.6,24,758.0574,0.84,Rough,FMS_MARITIME,2026-04-06
2022-03-23,122,HFO,82.88,15.1,362.4,24,712.1642,0.71,Moderate,FMS_MARITIME,2026-04-06
2022-03-24,122,MGO,74.51,8.9,213.6,24,1086.2553,0.86,Calm,FMS_MARITIME,2026-04-06
2022-03-25,122,HFO,64.12,17.0,408.0,24,489.3865,0.71,Calm,FMS_MARITIME,2026-04-06
2022-03-26,122,LNG,68.43,11.2,268.8,24,792.7493,0.6,Calm,FMS_MARITIME,2026-04-06
2022-03-27,122,LNG,53.8,16.3,391.2,24,428.2546,0.89,Rough,FMS_MARITIME,2026-04-06
2022-03-28,122,LNG,67.68,11.9,285.6,24,737.9395,0.61,Rough,FMS_MARITIME,2026-04-06
2022-03-28,122,VLSFO,69.93,8.1,194.4,24,1120.175,0.96,Calm,FMS_MARITIME,2026-04-06
2022-03-28,122,HFO,57.16,17.7,424.8,24,419.0119,0.46,Moderate,FMS_MARITIME,2026-04-06
2022-03-01,123,VLSFO,49.05,17.0,408.0,24,374.3669,0.44,Rough,FMS_MARITIME,2026-04-06
2022-03-02,123,LSMGO,35.1,15.8,379.2,24,288.2421,0.76,Moderate,FMS_MARITIME,2026-04-06
2022-03-03,123,HFO,58.32,12.4,297.6,24,610.2435,0.84,Moderate,FMS_MARITIME,2026-04-06
2022-03-04,123,HFO,34.92,16.9,405.6,24,268.0988,0.91,Calm,FMS_MARITIME,2026-04-06
2022-03-05,123,LSMGO,53.61,16.6,398.4,24,419.03,0.7,Rough,FMS_MARITIME,2026-04-06
2022-03-06,123,LNG,40.66,16.7,400.8,24,315.9063,0.67,Rough,FMS_MARITIME,2026-04-06
2022-03-07,123,HFO,27.42,17.2,412.8,24,206.8456,0.56,Rough,FMS_MARITIME,2026-04-06
2022-03-08,123,LNG,53.06,16.4,393.6,24,419.7887,0.49,Rough,FMS_MARITIME,2026-04-06
2022-03-09,123,VLSFO,37.81,10.8,259.2,24,454.2451,0.85,Moderate,FMS_MARITIME,2026-04-06
2022-03-10,123,HFO,40.19,8.7,208.8,24,599.3853,0.57,Rough,FMS_MARITIME,2026-04-06
2022-03-11,123,MGO,58.16,13.7,328.8,24,550.8219,0.88,Moderate,FMS_MARITIME,2026-04-06
2022-03-12,123,HFO,57.69,15.7,376.8,24,476.7693,0.8,Calm,FMS_MARITIME,2026-04-06
2022-03-13,123,LSMGO,35.42,14.7,352.8,24,312.6357,0.47,Rough,FMS_MARITIME,2026-04-06
2022-03-14,123,HFO,45.99,17.1,410.4,24,348.9592,0.64,Rough,FMS_MARITIME,2026-04-06
2022-03-15,123,LSMGO,39.28,13.8,331.2,24,369.3174,0.75,Moderate,FMS_MARITIME,2026-04-06
2022-03-16,123,MGO,80.06,12.5,300.0,24,831.0228,0.41,Rough,FMS_MARITIME,2026-04-06
2022-03-17,123,LSMGO,18.29,13.5,324.0,24,175.7872,0.96,Calm,FMS_MARITIME,2026-04-06
2022-03-18,123,LSMGO,24.71,10.4,249.6,24,308.281,0.95,Rough,FMS_MARITIME,2026-04-06
2022-03-19,123,LSMGO,16.24,14.0,336.0,24,150.51,0.5,Moderate,FMS_MARITIME,2026-04-06
2022-03-20,123,LSMGO,44.89,15.9,381.6,24,366.3193,0.91,Moderate,FMS_MARITIME,2026-04-06
2022-03-21,123,LSMGO,74.5,8.8,211.2,24,1098.4517,0.49,Rough,FMS_MARITIME,2026-04-06
2022-03-22,123,HFO,61.41,12.5,300.0,24,637.4358,0.54,Rough,FMS_MARITIME,2026-04-06
2022-03-23,123,LSMGO,17.36,16.6,398.4,24,135.6904,0.9,Calm,FMS_MARITIME,2026-04-06
2022-03-24,123,VLSFO,83.52,11.0,264.0,24,985.1564,0.68,Rough,FMS_MARITIME,2026-04-06
2022-03-25,123,LNG,69.77,9.2,220.8,24,983.9845,0.73,Calm,FMS_MARITIME,2026-04-06
2022-03-26,123,LNG,18.54,13.8,331.2,24,174.3163,0.65,Calm,FMS_MARITIME,2026-04-06
2022-03-27,123,MGO,77.94,14.7,352.8,24,687.9398,0.79,Moderate,FMS_MARITIME,2026-04-06
2022-03-28,123,MGO,30.28,11.0,264.0,24,357.1664,0.75,Moderate,FMS_MARITIME,2026-04-06
2022-03-28,123,LSMGO,34.76,11.6,278.4,24,388.8026,0.81,Rough,FMS_MARITIME,2026-04-06
2022-03-28,123,LSMGO,81.05,17.4,417.6,24,604.3815,0.97,Rough,FMS_MARITIME,2026-04-06
2022-03-01,124,LNG,54.61,12.0,288.0,24,590.4706,0.77,Calm,FMS_MARITIME,2026-04-06
2022-03-02,124,VLSFO,49.12,8.0,192.0,24,796.665,0.79,Moderate,FMS_MARITIME,2026-04-06
2022-03-03,124,VLSFO,29.81,8.0,192.0,24,483.4809,0.62,Rough,FMS_MARITIME,2026-04-06
2022-03-04,124,HFO,56.63,15.0,360.0,24,489.8495,0.61,Rough,FMS_MARITIME,2026-04-06
2022-03-05,124,HFO,42.33,8.9,213.6,24,617.1143,0.5,Rough,FMS_MARITIME,2026-04-06
2022-03-06,124,MGO,49.16,12.3,295.2,24,518.578,0.61,Calm,FMS_MARITIME,2026-04-06
2022-03-07,124,MGO,70.3,10.2,244.8,24,894.2574,0.71,Rough,FMS_MARITIME,2026-04-06
2022-03-08,124,HFO,48.95,17.1,410.4,24,371.4189,0.78,Moderate,FMS_MARITIME,2026-04-06
2022-03-09,124,MGO,25.93,15.6,374.4,24,215.6678,0.91,Calm,FMS_MARITIME,2026-04-06
2022-03-10,124,LNG,15.01,9.1,218.4,24,214.0162,0.85,Calm,FMS_MARITIME,2026-04-06
2022-03-11,124,LSMGO,23.35,16.7,400.8,24,181.4169,1.0,Rough,FMS_MARITIME,2026-04-06
2022-03-12,124,LNG,62.63,15.0,360.0,24,541.7495,0.47,Rough,FMS_MARITIME,2026-04-06
2022-03-13,124,VLSFO,23.56,17.8,427.2,24,171.7365,0.42,Calm,FMS_MARITIME,2026-04-06
2022-03-14,124,HFO,46.32,14.8,355.2,24,406.0824,0.79,Rough,FMS_MARITIME,2026-04-06
2022-03-15,124,VLSFO,17.73,17.2,412.8,24,133.7481,0.59,Moderate,FMS_MARITIME,2026-04-06
2022-03-16,124,MGO,70.07,16.9,405.6,24,537.9635,0.66,Rough,FMS_MARITIME,2026-04-06
2022-03-17,124,LNG,40.81,12.0,288.0,24,441.2581,0.65,Rough,FMS_MARITIME,2026-04-06
2022-03-18,124,MGO,83.5,17.7,424.8,24,612.0975,0.58,Calm,FMS_MARITIME,2026-04-06
2022-03-19,124,VLSFO,62.57,17.1,410.4,24,474.7636,0.78,Moderate,FMS_MARITIME,2026-04-06
2022-03-20,124,LSMGO,40.47,17.8,427.2,24,294.999,0.94,Calm,FMS_MARITIME,2026-04-06
2022-03-21,124,VLSFO,71.35,11.1,266.4,24,834.0236,0.6,Rough,FMS_MARITIME,2026-04-06
2022-03-22,124,LNG,81.15,10.6,254.4,24,993.3219,0.71,Calm,FMS_MARITIME,2026-04-06
2022-03-23,124,VLSFO,57.23,16.6,398.4,24,447.3248,0.76,Rough,FMS_MARITIME,2026-04-06
2022-03-24,124,MGO,62.01,15.5,372.0,24,519.0837,0.87,Calm,FMS_MARITIME,2026-04-06
2022-03-25,124,LSMGO,57.95,14.6,350.4,24,515.0009,0.81,Moderate,FMS_MARITIME,2026-04-06
2022-03-26,124,HFO,58.52,13.8,331.2,24,550.2152,0.93,Rough,FMS_MARITIME,2026-04-06
2022-03-27,124,HFO,53.34,18.0,432.0,24,384.4925,0.77,Rough,FMS_MARITIME,2026-04-06
2022-03-28,124,LSMGO,69.8,13.0,312.0,24,696.6577,0.95,Moderate,FMS_MARITIME,2026-04-06
2022-03-28,124,VLSFO,27.82,8.2,196.8,24,440.2006,0.64,Calm,FMS_MARITIME,2026-04-06
2022-03-28,124,LSMGO,25.01,16.3,391.2,24,199.0827,0.9,Calm,FMS_MARITIME,2026-04-06
2022-03-01,125,VLSFO,70.44,16.7,400.8,24,547.2808,0.98,Moderate,FMS_MARITIME,2026-04-06
2022-03-02,125,LSMGO,30.02,17.2,412.8,24,226.459,0.79,Rough,FMS_MARITIME,2026-04-06
2022-03-03,125,MGO,18.53,10.9,261.6,24,220.575,0.8,Moderate,FMS_MARITIME,2026-04-06
2022-03-04,125,LSMGO,26.93,9.9,237.6,24,352.9462,1.0,Calm,FMS_MARITIME,2026-04-06
2022-03-05,125,LNG,40.81,8.2,196.8,24,645.7436,0.66,Rough,FMS_MARITIME,2026-04-06
2022-03-06,125,LSMGO,74.35,15.6,374.4,24,618.3918,0.93,Moderate,FMS_MARITIME,2026-04-06
2022-03-07,125,VLSFO,33.99,13.8,331.2,24,319.5799,0.98,Calm,FMS_MARITIME,2026-04-06
2022-03-08,125,HFO,35.81,11.5,276.0,24,404.0302,0.94,Moderate,FMS_MARITIME,2026-04-06
2022-03-09,125,LNG,61.73,12.0,288.0,24,667.4556,0.77,Rough,FMS_MARITIME,2026-04-06
2022-03-10,125,LSMGO,67.27,13.7,328.8,24,637.1009,0.52,Rough,FMS_MARITIME,2026-04-06
2022-03-11,125,MGO,76.25,13.9,333.6,24,711.7581,0.96,Calm,FMS_MARITIME,2026-04-06
2022-03-12,125,LSMGO,60.05,11.5,276.0,24,677.5207,0.84,Rough,FMS_MARITIME,2026-04-06
2022-03-13,125,HFO,37.64,9.9,237.6,24,493.3121,0.66,Calm,FMS_MARITIME,2026-04-06
2022-03-14,125,VLSFO,73.37,10.9,261.6,24,873.3722,0.49,Calm,FMS_MARITIME,2026-04-06
2022-03-15,125,VLSFO,57.57,16.5,396.0,24,452.7095,0.58,Calm,FMS_MARITIME,2026-04-06
2022-03-16,125,LSMGO,20.29,17.7,424.8,24,148.736,0.94,Moderate,FMS_MARITIME,2026-04-06
2022-03-17,125,VLSFO,52.47,14.7,352.8,24,463.1281,0.71,Rough,FMS_MARITIME,2026-04-06
2022-03-18,125,VLSFO,15.73,12.2,292.8,24,167.2924,0.99,Rough,FMS_MARITIME,2026-04-06
2022-03-19,125,LSMGO,45.85,11.3,271.2,24,526.4635,0.72,Calm,FMS_MARITIME,2026-04-06
2022-03-20,125,HFO,36.13,12.0,288.0,24,390.6556,0.55,Rough,FMS_MARITIME,2026-04-06
2022-03-21,125,VLSFO,48.75,10.7,256.8,24,591.1507,0.81,Calm,FMS_MARITIME,2026-04-06
2022-03-22,125,LNG,73.09,8.5,204.0,24,1115.6974,0.58,Moderate,FMS_MARITIME,2026-04-06
2022-03-23,125,HFO,78.74,8.4,201.6,24,1216.2518,0.47,Moderate,FMS_MARITIME,2026-04-06
2022-03-24,125,HFO,23.06,10.3,247.2,24,290.4888,0.42,Calm,FMS_MARITIME,2026-04-06
2022-03-25,125,VLSFO,58.31,10.7,256.8,24,707.0769,0.71,Moderate,FMS_MARITIME,2026-04-06
2022-03-26,125,LNG,55.28,12.0,288.0,24,597.715,0.77,Moderate,FMS_MARITIME,2026-04-06
2022-03-27,125,VLSFO,83.2,11.8,283.2,24,914.8475,0.96,Calm,FMS_MARITIME,2026-04-06
2022-03-28,125,VLSFO,61.37,15.9,381.6,24,500.8024,0.47,Rough,FMS_MARITIME,2026-04-06
2022-03-28,125,LNG,43.65,17.9,429.6,24,316.4015,0.46,Moderate,FMS_MARITIME,2026-04-06
2022-03-28,125,HFO,20.37,14.2,340.8,24,186.1273,0.53,Calm,FMS_MARITIME,2026-04-06
2022-03-01,126,VLSFO,49.43,17.2,412.8,24,372.8804,0.74,Rough,FMS_MARITIME,2026-04-06
2022-03-02,126,LSMGO,55.26,13.6,326.4,24,527.2048,0.76,Moderate,FMS_MARITIME,2026-04-06
2022-03-03,126,MGO,30.66,9.2,220.8,24,432.406,0.53,Rough,FMS_MARITIME,2026-04-06
2022-03-04,126,MGO,21.9,16.4,393.6,24,173.2637,0.7,Moderate,FMS_MARITIME,2026-04-06
2022-03-05,126,LNG,30.6,10.7,256.8,24,371.0607,0.7,Rough,FMS_MARITIME,2026-04-06
2022-03-06,126,MGO,32.38,10.8,259.2,24,389.0097,0.99,Moderate,FMS_MARITIME,2026-04-06
2022-03-07,126,HFO,51.41,12.0,288.0,24,555.8706,0.68,Calm,FMS_MARITIME,2026-04-06
2022-03-08,126,HFO,62.88,16.0,384.0,24,509.9175,0.7,Calm,FMS_MARITIME,2026-04-06
2022-03-09,126,HFO,21.14,16.8,403.2,24,163.2688,0.66,Moderate,FMS_MARITIME,2026-04-06
2022-03-10,126,LNG,28.74,14.6,350.4,24,255.412,0.53,Calm,FMS_MARITIME,2026-04-06
2022-03-11,126,LSMGO,74.34,13.4,321.6,24,719.822,0.76,Rough,FMS_MARITIME,2026-04-06
2022-03-12,126,LNG,84.88,12.7,304.8,24,867.1795,0.96,Rough,FMS_MARITIME,2026-04-06
2022-03-13,126,MGO,63.28,15.1,362.4,24,543.747,0.96,Calm,FMS_MARITIME,2026-04-06
2022-03-14,126,VLSFO,50.93,17.5,420.0,24,377.6096,0.82,Calm,FMS_MARITIME,2026-04-06
2022-03-15,126,MGO,36.1,12.3,295.2,24,380.811,0.62,Moderate,FMS_MARITIME,2026-04-06
2022-03-16,126,LSMGO,54.17,11.4,273.6,24,616.5401,0.59,Calm,FMS_MARITIME,2026-04-06
2022-03-17,126,LSMGO,34.81,9.5,228.0,24,475.4313,0.85,Rough,FMS_MARITIME,2026-04-06
2022-03-18,126,LSMGO,81.63,11.8,283.2,24,897.5841,0.64,Calm,FMS_MARITIME,2026-04-06
2022-03-19,126,LNG,25.26,17.9,429.6,24,183.0997,0.64,Rough,FMS_MARITIME,2026-04-06
2022-03-20,126,MGO,20.58,14.3,343.2,24,186.7311,0.83,Rough,FMS_MARITIME,2026-04-06
2022-03-21,126,VLSFO,72.55,10.2,244.8,24,922.8787,0.52,Calm,FMS_MARITIME,2026-04-06
2022-03-22,126,VLSFO,55.42,13.6,326.4,24,528.7313,0.49,Rough,FMS_MARITIME,2026-04-06
2022-03-23,126,LNG,70.16,8.0,192.0,24,1137.9075,0.49,Moderate,FMS_MARITIME,2026-04-06
2022-03-24,126,MGO,33.36,17.6,422.4,24,245.9352,0.78,Rough,FMS_MARITIME,2026-04-06
2022-03-25,126,LNG,27.9,15.2,364.8,24,238.1595,0.56,Calm,FMS_MARITIME,2026-04-06
2022-03-26,126,LSMGO,23.78,14.7,352.8,24,209.8949,0.52,Rough,FMS_MARITIME,2026-04-06
2022-03-27,126,MGO,69.97,8.8,211.2,24,1031.6599,0.58,Moderate,FMS_MARITIME,2026-04-06
2022-03-28,126,LSMGO,60.81,14.7,352.8,24,536.7413,0.87,Calm,FMS_MARITIME,2026-04-06
2022-03-28,126,VLSFO,84.01,11.4,273.6,24,956.1664,0.41,Rough,FMS_MARITIME,2026-04-06
2022-03-28,126,MGO,32.7,15.9,381.6,24,266.8443,0.81,Moderate,FMS_MARITIME,2026-04-06
2022-03-01,127,HFO,16.29,8.5,204.0,24,248.6621,0.69,Moderate,FMS_MARITIME,2026-04-06
2022-03-02,127,LNG,17.04,10.7,256.8,24,206.6299,0.74,Rough,FMS_MARITIME,2026-04-06
2022-03-03,127,LSMGO,66.01,17.8,427.2,24,481.1684,0.54,Rough,FMS_MARITIME,2026-04-06
2022-03-04,127,HFO,64.51,12.2,292.8,24,686.0797,0.82,Calm,FMS_MARITIME,2026-04-06
2022-03-05,127,LSMGO,63.19,13.4,321.6,24,611.8584,0.97,Calm,FMS_MARITIME,2026-04-06
2022-03-06,127,HFO,25.49,17.8,427.2,24,185.8049,0.44,Rough,FMS_MARITIME,2026-04-06
2022-03-07,127,LSMGO,36.26,11.8,283.2,24,398.7064,0.71,Calm,FMS_MARITIME,2026-04-06
2022-03-08,127,LNG,20.21,16.3,391.2,24,160.8741,0.85,Moderate,FMS_MARITIME,2026-04-06
2022-03-09,127,VLSFO,30.69,16.5,396.0,24,241.335,0.74,Moderate,FMS_MARITIME,2026-04-06
2022-03-10,127,MGO,19.24,16.3,391.2,24,153.1528,0.72,Rough,FMS_MARITIME,2026-04-06
2022-03-11,127,HFO,28.5,10.2,244.8,24,362.5368,0.78,Calm,FMS_MARITIME,2026-04-06
2022-03-12,127,HFO,44.98,13.9,333.6,24,419.8673,0.44,Calm,FMS_MARITIME,2026-04-06
2022-03-13,127,HFO,61.06,17.8,427.2,24,445.0862,0.79,Moderate,FMS_MARITIME,2026-04-06
2022-03-14,127,LSMGO,42.68,12.7,304.8,24,436.0417,0.63,Calm,FMS_MARITIME,2026-04-06
2022-03-15,127,HFO,40.05,17.3,415.2,24,300.375,0.94,Rough,FMS_MARITIME,2026-04-06
2022-03-16,127,LNG,48.51,16.3,391.2,24,386.1456,0.49,Moderate,FMS_MARITIME,2026-04-06
2022-03-17,127,MGO,30.26,17.7,424.8,24,221.8212,0.88,Moderate,FMS_MARITIME,2026-04-06
2022-03-18,127,VLSFO,22.61,15.9,381.6,24,184.5061,0.83,Moderate,FMS_MARITIME,2026-04-06
2022-03-19,127,LSMGO,40.84,17.7,424.8,24,299.378,0.59,Calm,FMS_MARITIME,2026-04-06
2022-03-20,127,VLSFO,26.01,11.4,273.6,24,296.0349,0.86,Moderate,FMS_MARITIME,2026-04-06
2022-03-21,127,HFO,36.49,13.0,312.0,24,364.1983,0.56,Calm,FMS_MARITIME,2026-04-06
2022-03-22,127,HFO,44.01,9.4,225.6,24,607.4785,0.86,Moderate,FMS_MARITIME,2026-04-06
2022-03-23,127,HFO,20.78,14.5,348.0,24,185.9452,0.59,Calm,FMS_MARITIME,2026-04-06
2022-03-24,127,MGO,55.53,17.1,410.4,24,421.3461,0.85,Calm,FMS_MARITIME,2026-04-06
2022-03-25,127,LSMGO,23.5,13.7,328.8,24,222.5639,0.92,Rough,FMS_MARITIME,2026-04-06
2022-03-26,127,VLSFO,41.32,15.0,360.0,24,357.418,0.66,Moderate,FMS_MARITIME,2026-04-06
2022-03-27,127,LSMGO,59.57,11.1,266.4,24,696.325,0.68,Rough,FMS_MARITIME,2026-04-06
2022-03-28,127,LSMGO,61.62,8.3,199.2,24,963.2765,0.62,Moderate,FMS_MARITIME,2026-04-06
2022-03-28,127,VLSFO,46.36,12.9,309.6,24,466.2953,0.95,Rough,FMS_MARITIME,2026-04-06
2022-03-28,127,HFO,53.22,11.5,276.0,24,600.4604,0.84,Moderate,FMS_MARITIME,2026-04-06
2022-03-01,128,VLSFO,27.55,10.2,244.8,24,350.4522,0.55,Calm,FMS_MARITIME,2026-04-06
2022-03-02,128,LSMGO,40.64,13.4,321.6,24,393.5104,0.65,Moderate,FMS_MARITIME,2026-04-06
2022-03-03,128,LSMGO,20.69,16.4,393.6,24,163.6907,0.92,Rough,FMS_MARITIME,2026-04-06
2022-03-04,128,LNG,15.54,14.8,355.2,24,136.2375,0.54,Rough,FMS_MARITIME,2026-04-06
2022-03-05,128,HFO,53.33,14.8,355.2,24,467.5383,0.65,Calm,FMS_MARITIME,2026-04-06
2022-03-06,128,HFO,39.68,13.9,333.6,24,370.3942,0.67,Rough,FMS_MARITIME,2026-04-06
2022-03-07,128,MGO,84.61,13.0,312.0,24,844.4729,0.65,Moderate,FMS_MARITIME,2026-04-06
2022-03-08,128,MGO,25.22,16.9,405.6,24,193.6269,0.73,Calm,FMS_MARITIME,2026-04-06
2022-03-09,128,LSMGO,58.5,8.4,201.6,24,903.6161,0.62,Rough,FMS_MARITIME,2026-04-06
2022-03-10,128,MGO,74.03,10.4,249.6,24,923.5954,0.77,Rough,FMS_MARITIME,2026-04-06
2022-03-11,128,HFO,75.7,17.7,424.8,24,554.9195,0.72,Moderate,FMS_MARITIME,2026-04-06
2022-03-12,128,VLSFO,40.62,13.3,319.2,24,396.2741,0.47,Moderate,FMS_MARITIME,2026-04-06
2022-03-13,128,HFO,64.93,11.2,268.8,24,752.2025,0.62,Calm,FMS_MARITIME,2026-04-06
2022-03-14,128,LSMGO,60.05,10.2,244.8,24,763.8713,0.92,Rough,FMS_MARITIME,2026-04-06
2022-03-15,128,MGO,84.96,9.1,218.4,24,1211.3802,0.65,Rough,FMS_MARITIME,2026-04-06
2022-03-16,128,LNG,34.05,16.2,388.8,24,272.7153,0.62,Moderate,FMS_MARITIME,2026-04-06
2022-03-17,128,MGO,36.65,12.5,300.0,24,380.427,0.74,Calm,FMS_MARITIME,2026-04-06
2022-03-18,128,MGO,78.81,9.1,218.4,24,1123.692,0.71,Moderate,FMS_MARITIME,2026-04-06
2022-03-19,128,MGO,32.56,10.7,256.8,24,394.828,0.41,Calm,FMS_MARITIME,2026-04-06
2022-03-20,128,LNG,33.28,9.4,225.6,24,459.3702,0.93,Calm,FMS_MARITIME,2026-04-06
2022-03-21,128,VLSFO,65.28,17.0,408.0,24,498.24,0.97,Rough,FMS_MARITIME,2026-04-06
2022-03-22,128,MGO,83.95,13.1,314.4,24,831.4895,0.5,Moderate,FMS_MARITIME,2026-04-06
2022-03-23,128,VLSFO,60.91,8.1,194.4,24,975.688,0.56,Calm,FMS_MARITIME,2026-04-06
2022-03-24,128,LSMGO,56.65,9.4,225.6,24,781.9508,0.82,Calm,FMS_MARITIME,2026-04-06
2022-03-25,128,LSMGO,80.38,12.2,292.8,24,854.8611,0.56,Moderate,FMS_MARITIME,2026-04-06
2022-03-26,128,MGO,33.67,17.8,427.2,24,245.4316,0.62,Moderate,FMS_MARITIME,2026-04-06
2022-03-27,128,MGO,66.27,12.1,290.4,24,710.6225,0.86,Rough,FMS_MARITIME,2026-04-06
2022-03-28,128,MGO,48.34,16.3,391.2,24,384.7923,0.89,Calm,FMS_MARITIME,2026-04-06
2022-03-28,128,LSMGO,79.72,17.2,412.8,24,601.3762,0.84,Moderate,FMS_MARITIME,2026-04-06
2022-03-28,128,LSMGO,61.91,9.4,225.6,24,854.5556,0.71,Calm,FMS_MARITIME,2026-04-06
2022-03-01,129,VLSFO,20.17,15.7,376.8,24,166.6916,0.49,Calm,FMS_MARITIME,2026-04-06
2022-03-02,129,LNG,24.95,10.2,244.8,24,317.3787,0.43,Calm,FMS_MARITIME,2026-04-06
2022-03-03,129,LNG,18.51,14.0,336.0,24,171.548,0.93,Calm,FMS_MARITIME,2026-04-06
2022-03-04,129,VLSFO,77.63,12.9,309.6,24,780.8134,0.48,Calm,FMS_MARITIME,2026-04-06
2022-03-05,129,MGO,83.09,16.3,391.2,24,661.4066,0.43,Moderate,FMS_MARITIME,2026-04-06
2022-03-06,129,HFO,30.34,15.4,369.6,24,255.6244,0.73,Rough,FMS_MARITIME,2026-04-06
2022-03-07,129,LSMGO,25.06,11.6,278.4,24,280.3047,0.56,Rough,FMS_MARITIME,2026-04-06
2022-03-08,129,MGO,59.01,8.6,206.4,24,890.2962,0.54,Calm,FMS_MARITIME,2026-04-06
2022-03-09,129,HFO,84.03,14.2,340.8,24,767.8093,0.66,Moderate,FMS_MARITIME,2026-04-06
2022-03-10,129,MGO,29.03,16.4,393.6,24,229.6733,0.85,Rough,FMS_MARITIME,2026-04-06
2022-03-11,129,LNG,73.35,12.5,300.0,24,761.373,0.94,Rough,FMS_MARITIME,2026-04-06
2022-03-12,129,VLSFO,65.58,9.1,218.4,24,935.0555,0.79,Moderate,FMS_MARITIME,2026-04-06
2022-03-13,129,LNG,63.74,11.4,273.6,24,725.4618,0.55,Rough,FMS_MARITIME,2026-04-06
2022-03-14,129,LSMGO,36.29,9.1,218.4,24,517.4316,0.85,Moderate,FMS_MARITIME,2026-04-06
2022-03-15,129,HFO,19.14,14.1,338.4,24,176.1287,0.62,Rough,FMS_MARITIME,2026-04-06
2022-03-16,129,LSMGO,22.38,11.7,280.8,24,248.1885,0.78,Rough,FMS_MARITIME,2026-04-06
2022-03-17,129,HFO,64.47,9.4,225.6,24,889.8918,0.74,Calm,FMS_MARITIME,2026-04-06
2022-03-18,129,HFO,53.07,14.6,350.4,24,471.6324,0.44,Rough,FMS_MARITIME,2026-04-06
2022-03-19,129,HFO,54.44,12.6,302.4,24,560.6024,0.74,Moderate,FMS_MARITIME,2026-04-06
2022-03-20,129,VLSFO,52.88,13.8,331.2,24,497.187,1.0,Moderate,FMS_MARITIME,2026-04-06
2022-03-21,129,MGO,66.79,14.7,352.8,24,589.524,0.81,Moderate,FMS_MARITIME,2026-04-06
2022-03-22,129,LSMGO,41.25,10.1,242.4,24,529.9196,0.55,Moderate,FMS_MARITIME,2026-04-06
2022-03-23,129,MGO,42.83,15.6,374.4,24,356.2303,0.89,Rough,FMS_MARITIME,2026-04-06
2022-03-24,129,LNG,33.18,8.3,199.2,24,518.6873,0.66,Calm,FMS_MARITIME,2026-04-06
2022-03-25,129,LNG,31.82,11.0,264.0,24,375.3314,0.81,Calm,FMS_MARITIME,2026-04-06
2022-03-26,129,LNG,78.8,13.3,319.2,24,768.7444,0.42,Rough,FMS_MARITIME,2026-04-06
2022-03-27,129,LNG,83.95,10.9,261.6,24,999.3131,0.77,Calm,FMS_MARITIME,2026-04-06
2022-03-28,129,LNG,57.89,11.8,283.2,24,636.5447,0.45,Moderate,FMS_MARITIME,2026-04-06
2022-03-28,129,LSMGO,43.39,9.1,218.4,24,618.6651,0.94,Moderate,FMS_MARITIME,2026-04-06
2022-03-28,129,LNG,61.92,17.5,420.0,24,459.0926,0.67,Moderate,FMS_MARITIME,2026-04-06
2022-03-01,130,LNG,60.39,14.3,343.2,24,547.9442,0.5,Moderate,FMS_MARITIME,2026-04-06
2022-03-02,130,LSMGO,54.69,15.0,360.0,24,473.0685,0.56,Rough,FMS_MARITIME,2026-04-06
2022-03-03,130,LSMGO,84.86,11.8,283.2,24,933.1004,0.8,Rough,FMS_MARITIME,2026-04-06
2022-03-04,130,HFO,39.83,11.6,278.4,24,445.5123,0.7,Calm,FMS_MARITIME,2026-04-06
2022-03-05,130,VLSFO,74.73,8.4,201.6,24,1154.3116,0.94,Moderate,FMS_MARITIME,2026-04-06
2022-03-06,130,HFO,59.61,11.5,276.0,24,672.5563,0.7,Moderate,FMS_MARITIME,2026-04-06
2022-03-07,130,LSMGO,71.94,10.6,254.4,24,880.5863,0.41,Rough,FMS_MARITIME,2026-04-06
2022-03-08,130,LSMGO,21.87,17.1,410.4,24,165.9434,0.52,Calm,FMS_MARITIME,2026-04-06
2022-03-09,130,LNG,74.59,17.4,417.6,24,556.2099,0.65,Rough,FMS_MARITIME,2026-04-06
2022-03-10,130,MGO,34.1,14.6,350.4,24,303.0462,0.89,Calm,FMS_MARITIME,2026-04-06
2022-03-11,130,LNG,60.06,17.4,417.6,24,447.8612,0.87,Moderate,FMS_MARITIME,2026-04-06
2022-03-12,130,LNG,76.63,14.4,345.6,24,690.4682,0.99,Calm,FMS_MARITIME,2026-04-06
2022-03-13,130,LSMGO,48.7,17.2,412.8,24,367.3735,0.85,Calm,FMS_MARITIME,2026-04-06
2022-03-14,130,HFO,73.16,10.6,254.4,24,895.5198,0.87,Rough,FMS_MARITIME,2026-04-06
2022-03-15,130,VLSFO,33.53,14.0,336.0,24,310.7512,0.66,Calm,FMS_MARITIME,2026-04-06
2022-03-16,130,MGO,27.33,14.9,357.6,24,237.9911,0.57,Rough,FMS_MARITIME,2026-04-06
2022-03-17,130,HFO,43.54,14.7,352.8,24,384.3071,0.9,Calm,FMS_MARITIME,2026-04-06
2022-03-18,130,HFO,63.83,14.1,338.4,24,587.3718,0.58,Calm,FMS_MARITIME,2026-04-06
2022-03-19,130,LNG,71.46,8.3,199.2,24,1117.1006,0.87,Rough,FMS_MARITIME,2026-04-06
2022-03-20,130,LSMGO,20.02,8.5,204.0,24,305.5994,0.98,Moderate,FMS_MARITIME,2026-04-06
2022-03-21,130,VLSFO,63.27,9.4,225.6,24,873.3279,0.41,Calm,FMS_MARITIME,2026-04-06
2022-03-22,130,MGO,25.7,15.0,360.0,24,222.305,0.58,Moderate,FMS_MARITIME,2026-04-06
2022-03-23,130,LNG,62.77,16.0,384.0,24,509.0255,0.95,Calm,FMS_MARITIME,2026-04-06
2022-03-24,130,LSMGO,19.26,12.8,307.2,24,195.2332,0.55,Moderate,FMS_MARITIME,2026-04-06
2022-03-25,130,LSMGO,72.64,8.2,196.8,24,1149.3951,0.69,Rough,FMS_MARITIME,2026-04-06
2022-03-26,130,LNG,47.96,10.7,256.8,24,581.571,0.64,Moderate,FMS_MARITIME,2026-04-06
2022-03-27,130,HFO,83.91,8.5,204.0,24,1280.8615,0.62,Rough,FMS_MARITIME,2026-04-06
2022-03-28,130,HFO,21.37,12.9,309.6,24,214.9424,0.74,Moderate,FMS_MARITIME,2026-04-06
2022-03-28,130,VLSFO,74.14,12.6,302.4,24,763.4655,0.87,Calm,FMS_MARITIME,2026-04-06
2022-03-28,130,HFO,15.45,13.8,331.2,24,145.2636,0.82,Rough,FMS_MARITIME,2026-04-06
2022-03-01,131,HFO,19.56,13.0,312.0,24,195.2238,0.93,Calm,FMS_MARITIME,2026-04-06
2022-03-02,131,HFO,57.48,16.0,384.0,24,466.1269,0.86,Moderate,FMS_MARITIME,2026-04-06
2022-03-03,131,VLSFO,73.99,15.9,381.6,24,603.7863,0.58,Calm,FMS_MARITIME,2026-04-06
2022-03-04,131,HFO,64.97,12.4,297.6,24,679.8272,0.54,Moderate,FMS_MARITIME,2026-04-06
2022-03-05,131,LSMGO,60.63,8.4,201.6,24,936.517,0.99,Moderate,FMS_MARITIME,2026-04-06
2022-03-06,131,LSMGO,18.56,14.7,352.8,24,163.8204,0.77,Rough,FMS_MARITIME,2026-04-06
2022-03-07,131,HFO,16.08,16.3,391.2,24,127.9988,0.62,Moderate,FMS_MARITIME,2026-04-06
2022-03-08,131,LSMGO,62.94,17.3,415.2,24,472.05,0.9,Calm,FMS_MARITIME,2026-04-06
2022-03-09,131,LNG,67.22,15.7,376.8,24,555.5283,0.69,Calm,FMS_MARITIME,2026-04-06
2022-03-10,131,HFO,23.52,16.4,393.6,24,186.0805,0.91,Calm,FMS_MARITIME,2026-04-06
2022-03-11,131,VLSFO,79.5,13.1,314.4,24,787.4141,0.51,Calm,FMS_MARITIME,2026-04-06
2022-03-12,131,LSMGO,79.89,12.7,304.8,24,816.199,0.62,Rough,FMS_MARITIME,2026-04-06
2022-03-13,131,HFO,53.03,12.2,292.8,24,563.9871,0.49,Rough,FMS_MARITIME,2026-04-06
2022-03-14,131,HFO,51.21,16.6,398.4,24,400.2709,0.88,Rough,FMS_MARITIME,2026-04-06
2022-03-15,131,LNG,78.31,9.9,237.6,24,1026.3356,0.92,Rough,FMS_MARITIME,2026-04-06
2022-03-16,131,VLSFO,33.89,14.2,340.8,24,309.6639,0.98,Rough,FMS_MARITIME,2026-04-06
2022-03-17,131,MGO,19.82,14.7,352.8,24,174.9418,0.67,Rough,FMS_MARITIME,2026-04-06
2022-03-18,131,LNG,16.46,15.6,374.4,24,136.9029,0.97,Rough,FMS_MARITIME,2026-04-06
2022-03-19,131,HFO,40.16,14.8,355.2,24,352.0784,0.63,Calm,FMS_MARITIME,2026-04-06
2022-03-20,131,VLSFO,75.46,9.5,228.0,24,1030.6247,0.41,Moderate,FMS_MARITIME,2026-04-06
2022-03-21,131,VLSFO,45.57,11.7,280.8,24,505.3596,0.94,Rough,FMS_MARITIME,2026-04-06
2022-03-22,131,LSMGO,59.41,12.0,288.0,24,642.3706,0.46,Calm,FMS_MARITIME,2026-04-06
2022-03-23,131,HFO,83.71,10.3,247.2,24,1054.5022,0.83,Rough,FMS_MARITIME,2026-04-06
2022-03-24,131,MGO,44.05,8.5,204.0,24,672.4103,0.7,Rough,FMS_MARITIME,2026-04-06
2022-03-25,131,LNG,67.93,8.5,204.0,24,1036.9315,0.88,Moderate,FMS_MARITIME,2026-04-06
2022-03-26,131,HFO,55.55,13.8,331.2,24,522.2908,0.69,Moderate,FMS_MARITIME,2026-04-06
2022-03-27,131,LNG,63.91,11.6,278.4,24,714.8554,0.93,Calm,FMS_MARITIME,2026-04-06
2022-03-28,131,LNG,30.17,16.9,405.6,24,231.6306,0.55,Calm,FMS_MARITIME,2026-04-06
2022-03-28,131,HFO,15.98,15.1,362.4,24,137.3116,0.43,Calm,FMS_MARITIME,2026-04-06
2022-03-28,131,LSMGO,42.06,14.1,338.4,24,387.0415,0.64,Rough,FMS_MARITIME,2026-04-06
2022-03-01,132,HFO,27.03,10.1,242.4,24,347.2418,0.68,Rough,FMS_MARITIME,2026-04-06
2022-03-02,132,VLSFO,17.43,11.2,268.8,24,201.9234,0.55,Moderate,FMS_MARITIME,2026-04-06
2022-03-03,132,HFO,60.62,16.9,405.6,24,465.4109,0.93,Calm,FMS_MARITIME,2026-04-06
2022-03-04,132,MGO,46.88,8.6,206.4,24,707.2884,0.41,Moderate,FMS_MARITIME,2026-04-06
2022-03-05,132,MGO,84.77,13.4,321.6,24,820.814,0.67,Moderate,FMS_MARITIME,2026-04-06
2022-03-06,132,HFO,52.7,9.3,223.2,24,735.25,0.44,Rough,FMS_MARITIME,2026-04-06
2022-03-07,132,MGO,62.7,15.1,362.4,24,538.7632,0.74,Rough,FMS_MARITIME,2026-04-06
2022-03-08,132,HFO,72.91,10.6,254.4,24,892.4597,0.52,Rough,FMS_MARITIME,2026-04-06
2022-03-09,132,LNG,42.02,11.5,276.0,24,474.0952,0.41,Rough,FMS_MARITIME,2026-04-06
2022-03-10,132,MGO,51.48,15.0,360.0,24,445.302,0.48,Calm,FMS_MARITIME,2026-04-06
2022-03-11,132,VLSFO,65.78,9.2,220.8,24,927.7125,0.87,Calm,FMS_MARITIME,2026-04-06
2022-03-12,132,VLSFO,69.13,14.6,350.4,24,614.3574,0.82,Rough,FMS_MARITIME,2026-04-06
2022-03-13,132,HFO,29.6,17.3,415.2,24,222.0,0.76,Rough,FMS_MARITIME,2026-04-06
2022-03-14,132,HFO,40.84,12.6,302.4,24,420.5548,0.8,Calm,FMS_MARITIME,2026-04-06
2022-03-15,132,LSMGO,15.37,17.6,422.4,24,113.3101,0.71,Moderate,FMS_MARITIME,2026-04-06
2022-03-16,132,LNG,40.29,15.2,364.8,24,343.9229,0.61,Moderate,FMS_MARITIME,2026-04-06
2022-03-17,132,MGO,72.15,13.7,328.8,24,683.3184,0.41,Moderate,FMS_MARITIME,2026-04-06
2022-03-18,132,HFO,82.0,15.6,374.4,24,682.0192,0.66,Calm,FMS_MARITIME,2026-04-06
2022-03-19,132,VLSFO,62.45,15.5,372.0,24,522.7669,0.61,Rough,FMS_MARITIME,2026-04-06
2022-03-20,132,LNG,39.95,18.0,432.0,24,287.9729,0.45,Rough,FMS_MARITIME,2026-04-06
2022-03-21,132,HFO,35.26,15.8,379.2,24,289.556,0.88,Calm,FMS_MARITIME,2026-04-06
2022-03-22,132,VLSFO,77.27,14.7,352.8,24,682.026,0.86,Rough,FMS_MARITIME,2026-04-06
2022-03-23,132,HFO,17.07,14.0,336.0,24,158.2023,0.99,Rough,FMS_MARITIME,2026-04-06
2022-03-24,132,MGO,70.46,11.0,264.0,24,831.1077,0.69,Moderate,FMS_MARITIME,2026-04-06
2022-03-25,132,LNG,16.25,15.5,372.0,24,136.0282,0.93,Rough,FMS_MARITIME,2026-04-06
2022-03-26,132,VLSFO,53.83,10.6,254.4,24,658.9097,0.67,Calm,FMS_MARITIME,2026-04-06
2022-03-27,132,VLSFO,80.21,16.8,403.2,24,619.479,0.71,Rough,FMS_MARITIME,2026-04-06
2022-03-28,132,MGO,44.31,10.8,259.2,24,532.3354,0.93,Rough,FMS_MARITIME,2026-04-06
2022-03-28,132,VLSFO,23.29,10.4,249.6,24,290.5651,0.82,Calm,FMS_MARITIME,2026-04-06
2022-03-28,132,MGO,54.8,9.2,220.8,24,772.8587,0.52,Calm,FMS_MARITIME,2026-04-06
2022-03-01,133,HFO,17.0,16.3,391.2,24,135.3221,0.62,Moderate,FMS_MARITIME,2026-04-06
2022-03-02,133,HFO,72.34,9.2,220.8,24,1020.2299,0.92,Calm,FMS_MARITIME,2026-04-06
2022-03-03,133,HFO,38.46,13.3,319.2,24,375.2019,0.85,Moderate,FMS_MARITIME,2026-04-06
2022-03-04,133,MGO,63.56,10.3,247.2,24,800.6709,0.41,Calm,FMS_MARITIME,2026-04-06
2022-03-05,133,VLSFO,15.5,9.3,223.2,24,216.25,0.79,Calm,FMS_MARITIME,2026-04-06
2022-03-06,133,LSMGO,44.01,16.6,398.4,24,343.9938,0.8,Calm,FMS_MARITIME,2026-04-06
2022-03-07,133,HFO,16.56,12.6,302.4,24,170.5286,0.41,Moderate,FMS_MARITIME,2026-04-06
2022-03-08,133,LSMGO,28.97,15.2,364.8,24,247.2933,0.83,Rough,FMS_MARITIME,2026-04-06
2022-03-09,133,VLSFO,25.83,9.0,216.0,24,372.3825,0.51,Moderate,FMS_MARITIME,2026-04-06
2022-03-10,133,MGO,82.2,17.4,417.6,24,612.9569,0.91,Calm,FMS_MARITIME,2026-04-06
2022-03-11,133,HFO,43.18,15.8,379.2,24,354.5953,0.58,Moderate,FMS_MARITIME,2026-04-06
2022-03-12,133,MGO,79.41,12.8,307.2,24,804.9568,0.44,Moderate,FMS_MARITIME,2026-04-06
2022-03-13,133,HFO,72.97,12.8,307.2,24,739.6764,0.5,Calm,FMS_MARITIME,2026-04-06
2022-03-14,133,HFO,34.41,8.6,206.4,24,519.1509,0.46,Rough,FMS_MARITIME,2026-04-06
2022-03-15,133,HFO,81.38,12.9,309.6,24,818.5314,0.59,Calm,FMS_MARITIME,2026-04-06
2022-03-16,133,HFO,42.08,12.2,292.8,24,447.5311,0.62,Moderate,FMS_MARITIME,2026-04-06
2022-03-17,133,MGO,44.75,12.0,288.0,24,483.8594,0.64,Rough,FMS_MARITIME,2026-04-06
2022-03-18,133,MGO,61.0,9.1,218.4,24,869.7527,0.9,Rough,FMS_MARITIME,2026-04-06
2022-03-19,133,MGO,71.25,17.0,408.0,24,543.8051,0.46,Calm,FMS_MARITIME,2026-04-06
2022-03-20,133,LNG,54.79,13.0,312.0,24,546.8463,0.84,Rough,FMS_MARITIME,2026-04-06
2022-03-21,133,VLSFO,78.28,8.9,213.6,24,1141.2169,0.69,Rough,FMS_MARITIME,2026-04-06
2022-03-22,133,MGO,22.18,14.3,343.2,24,201.2486,0.99,Calm,FMS_MARITIME,2026-04-06
2022-03-23,133,MGO,53.31,11.6,278.4,24,596.2907,0.83,Calm,FMS_MARITIME,2026-04-06
2022-03-24,133,MGO,69.52,8.2,196.8,24,1100.0268,0.62,Rough,FMS_MARITIME,2026-04-06
2022-03-25,133,MGO,20.26,10.9,261.6,24,241.1683,0.94,Calm,FMS_MARITIME,2026-04-06
2022-03-26,133,LSMGO,48.12,11.9,285.6,24,524.6697,0.58,Calm,FMS_MARITIME,2026-04-06
2022-03-27,133,LSMGO,59.76,10.7,256.8,24,724.6598,0.57,Rough,FMS_MARITIME,2026-04-06
2022-03-28,133,LSMGO,68.77,8.3,199.2,24,1075.0491,0.4,Calm,FMS_MARITIME,2026-04-06
2022-03-28,133,LSMGO,82.6,13.2,316.8,24,811.9205,0.47,Calm,FMS_MARITIME,2026-04-06
2022-03-28,133,LNG,52.14,13.5,324.0,24,501.1233,0.45,Rough,FMS_MARITIME,2026-04-06
2022-03-01,134,LNG,45.58,15.4,369.6,24,384.0263,0.81,Calm,FMS_MARITIME,2026-04-06
2022-03-02,134,LSMGO,71.58,13.3,319.2,24,698.3086,0.55,Rough,FMS_MARITIME,2026-04-06
2022-03-03,134,VLSFO,41.59,16.0,384.0,24,337.2689,0.67,Rough,FMS_MARITIME,2026-04-06
2022-03-04,134,MGO,36.96,8.3,199.2,24,577.7783,0.92,Calm,FMS_MARITIME,2026-04-06
2022-03-05,134,LSMGO,27.85,9.7,232.8,24,372.5296,0.79,Rough,FMS_MARITIME,2026-04-06
2022-03-06,134,HFO,40.29,8.0,192.0,24,653.4534,0.54,Moderate,FMS_MARITIME,2026-04-06
2022-03-07,134,LNG,20.27,13.8,331.2,24,190.5821,0.5,Rough,FMS_MARITIME,2026-04-06
2022-03-08,134,HFO,71.0,8.9,213.6,24,1035.0843,0.45,Moderate,FMS_MARITIME,2026-04-06
2022-03-09,134,HFO,25.07,13.4,321.6,24,242.7487,0.78,Calm,FMS_MARITIME,2026-04-06
2022-03-10,134,MGO,36.71,8.7,208.8,24,547.4853,0.56,Calm,FMS_MARITIME,2026-04-06
2022-03-11,134,MGO,65.08,10.6,254.4,24,796.616,0.73,Rough,FMS_MARITIME,2026-04-06
2022-03-12,134,VLSFO,60.75,16.7,400.8,24,471.9948,0.8,Rough,FMS_MARITIME,2026-04-06
2022-03-13,134,VLSFO,36.29,12.9,309.6,24,365.0099,0.65,Rough,FMS_MARITIME,2026-04-06
2022-03-14,134,HFO,27.49,8.0,192.0,24,445.8534,0.52,Moderate,FMS_MARITIME,2026-04-06
2022-03-15,134,VLSFO,74.02,17.0,408.0,24,564.9468,0.87,Moderate,FMS_MARITIME,2026-04-06
2022-03-16,134,LSMGO,34.68,12.6,302.4,24,357.1214,0.73,Rough,FMS_MARITIME,2026-04-06
2022-03-17,134,MGO,81.5,16.6,398.4,24,637.0256,0.88,Rough,FMS_MARITIME,2026-04-06
2022-03-18,134,LNG,16.16,17.8,427.2,24,117.7955,0.46,Calm,FMS_MARITIME,2026-04-06
2022-03-19,134,HFO,71.99,14.5,348.0,24,644.1864,0.92,Moderate,FMS_MARITIME,2026-04-06
2022-03-20,134,HFO,36.94,9.9,237.6,24,484.1379,0.9,Calm,FMS_MARITIME,2026-04-06
2022-03-21,134,VLSFO,19.73,9.1,218.4,24,281.3151,0.93,Calm,FMS_MARITIME,2026-04-06
2022-03-22,134,VLSFO,15.92,8.9,213.6,24,232.0921,0.67,Rough,FMS_MARITIME,2026-04-06
2022-03-23,134,LSMGO,43.17,15.6,374.4,24,359.0582,0.49,Moderate,FMS_MARITIME,2026-04-06
2022-03-24,134,HFO,35.49,15.5,372.0,24,297.0856,0.85,Rough,FMS_MARITIME,2026-04-06
2022-03-25,134,LSMGO,73.19,10.3,247.2,24,921.9808,0.63,Rough,FMS_MARITIME,2026-04-06
2022-03-26,134,VLSFO,67.61,13.7,328.8,24,640.321,0.43,Moderate,FMS_MARITIME,2026-04-06
2022-03-27,134,MGO,60.61,9.5,228.0,24,827.805,0.44,Calm,FMS_MARITIME,2026-04-06
2022-03-28,134,LSMGO,20.78,16.7,400.8,24,161.4494,0.84,Calm,FMS_MARITIME,2026-04-06
2022-03-28,134,LNG,42.93,11.7,280.8,24,476.0827,0.58,Rough,FMS_MARITIME,2026-04-06
2022-03-28,134,VLSFO,58.43,15.4,369.6,24,492.2917,0.98,Rough,FMS_MARITIME,2026-04-06
2022-03-01,135,HFO,82.18,17.6,422.4,24,605.844,0.75,Calm,FMS_MARITIME,2026-04-06
2022-03-02,135,LSMGO,64.28,12.8,307.2,24,651.5883,0.86,Rough,FMS_MARITIME,2026-04-06
2022-03-03,135,LSMGO,57.02,16.6,398.4,24,445.6834,0.44,Moderate,FMS_MARITIME,2026-04-06
2022-03-04,135,HFO,71.17,10.0,240.0,24,923.4307,0.74,Rough,FMS_MARITIME,2026-04-06
2022-03-05,135,VLSFO,34.84,15.5,372.0,24,291.6445,0.41,Moderate,FMS_MARITIME,2026-04-06
2022-03-06,135,HFO,27.86,11.9,285.6,24,303.7676,0.93,Rough,FMS_MARITIME,2026-04-06
2022-03-07,135,MGO,21.69,14.2,340.8,24,198.1886,0.51,Calm,FMS_MARITIME,2026-04-06
2022-03-08,135,VLSFO,15.42,9.0,216.0,24,222.305,0.94,Calm,FMS_MARITIME,2026-04-06
2022-03-09,135,LSMGO,74.22,12.3,295.2,24,782.9305,0.44,Moderate,FMS_MARITIME,2026-04-06
2022-03-10,135,HFO,70.91,11.6,278.4,24,793.1528,0.55,Rough,FMS_MARITIME,2026-04-06
2022-03-11,135,HFO,36.14,9.3,223.2,24,504.2113,0.53,Calm,FMS_MARITIME,2026-04-06
2022-03-12,135,LNG,48.77,13.5,324.0,24,468.7339,0.89,Rough,FMS_MARITIME,2026-04-06
2022-03-13,135,LSMGO,31.81,16.8,403.2,24,245.6754,0.88,Calm,FMS_MARITIME,2026-04-06
2022-03-14,135,LNG,42.07,9.5,228.0,24,574.5876,0.86,Calm,FMS_MARITIME,2026-04-06
2022-03-15,135,LNG,66.55,8.3,199.2,24,1040.3449,0.95,Moderate,FMS_MARITIME,2026-04-06
2022-03-16,135,LSMGO,49.54,8.9,213.6,24,722.2264,0.78,Rough,FMS_MARITIME,2026-04-06
2022-03-17,135,LSMGO,74.82,9.9,237.6,24,980.5955,0.73,Calm,FMS_MARITIME,2026-04-06
2022-03-18,135,LSMGO,28.77,8.5,204.0,24,439.1656,0.72,Calm,FMS_MARITIME,2026-04-06
2022-03-19,135,MGO,64.39,13.8,331.2,24,605.406,0.47,Moderate,FMS_MARITIME,2026-04-06
2022-03-20,135,MGO,76.92,8.7,208.8,24,1147.169,0.51,Calm,FMS_MARITIME,2026-04-06
2022-03-21,135,MGO,22.07,12.5,300.0,24,229.0866,0.8,Moderate,FMS_MARITIME,2026-04-06
2022-03-22,135,LSMGO,34.16,9.6,230.4,24,461.6937,0.82,Moderate,FMS_MARITIME,2026-04-06
2022-03-23,135,LSMGO,81.66,17.2,412.8,24,616.0108,0.65,Moderate,FMS_MARITIME,2026-04-06
2022-03-24,135,LSMGO,67.45,16.6,398.4,24,527.2071,0.95,Moderate,FMS_MARITIME,2026-04-06
2022-03-25,135,LSMGO,32.67,14.0,336.0,24,302.7809,0.8,Moderate,FMS_MARITIME,2026-04-06
2022-03-26,135,LNG,61.09,16.9,405.6,24,469.0194,0.71,Rough,FMS_MARITIME,2026-04-06
2022-03-27,135,MGO,43.75,16.3,391.2,24,348.2554,0.76,Rough,FMS_MARITIME,2026-04-06
2022-03-28,135,HFO,28.07,13.8,331.2,24,263.919,0.83,Rough,FMS_MARITIME,2026-04-06
2022-03-28,135,VLSFO,28.71,8.6,206.4,24,433.1538,0.67,Moderate,FMS_MARITIME,2026-04-06
2022-03-28,135,LNG,17.14,17.4,417.6,24,127.8112,0.41,Rough,FMS_MARITIME,2026-04-06
2022-03-01,136,LSMGO,50.91,16.6,398.4,24,397.9261,0.88,Moderate,FMS_MARITIME,2026-04-06
2022-03-02,136,VLSFO,30.1,12.4,297.6,24,314.9577,0.68,Calm,FMS_MARITIME,2026-04-06
2022-03-03,136,VLSFO,56.56,12.0,288.0,24,611.555,0.54,Rough,FMS_MARITIME,2026-04-06
2022-03-04,136,MGO,64.76,14.2,340.8,24,591.7331,0.59,Rough,FMS_MARITIME,2026-04-06
2022-03-05,136,HFO,47.42,15.9,381.6,24,386.9651,0.48,Rough,FMS_MARITIME,2026-04-06
2022-03-06,136,HFO,57.57,12.4,297.6,24,602.3958,0.41,Moderate,FMS_MARITIME,2026-04-06
2022-03-07,136,LSMGO,62.23,16.6,398.4,24,486.4062,0.5,Rough,FMS_MARITIME,2026-04-06
2022-03-08,136,LSMGO,16.71,8.8,211.2,24,246.3776,0.93,Rough,FMS_MARITIME,2026-04-06
2022-03-09,136,HFO,76.0,14.6,350.4,24,675.411,0.74,Rough,FMS_MARITIME,2026-04-06
2022-03-10,136,VLSFO,21.64,16.2,388.8,24,173.3204,0.56,Moderate,FMS_MARITIME,2026-04-06
2022-03-11,136,MGO,25.97,15.5,372.0,24,217.394,0.87,Calm,FMS_MARITIME,2026-04-06
2022-03-12,136,LNG,16.88,15.0,360.0,24,146.012,0.99,Calm,FMS_MARITIME,2026-04-06
2022-03-13,136,LSMGO,43.79,15.7,376.8,24,361.8951,0.82,Calm,FMS_MARITIME,2026-04-06
2022-03-14,136,VLSFO,27.09,17.4,417.6,24,202.0073,0.65,Rough,FMS_MARITIME,2026-04-06
2022-03-15,136,MGO,82.28,12.8,307.2,24,834.0492,0.98,Calm,FMS_MARITIME,2026-04-06
2022-03-16,136,LNG,27.01,13.6,326.4,24,257.6873,0.55,Rough,FMS_MARITIME,2026-04-06
2022-03-17,136,HFO,63.93,15.2,364.8,24,545.7183,0.78,Calm,FMS_MARITIME,2026-04-06
2022-03-18,136,LSMGO,80.17,18.0,432.0,24,577.8921,0.55,Calm,FMS_MARITIME,2026-04-06
2022-03-19,136,LNG,46.73,8.0,192.0,24,757.9022,0.5,Rough,FMS_MARITIME,2026-04-06
2022-03-20,136,MGO,28.28,8.1,194.4,24,453.0037,0.56,Moderate,FMS_MARITIME,2026-04-06
2022-03-21,136,VLSFO,31.74,13.2,316.8,24,311.9898,0.57,Calm,FMS_MARITIME,2026-04-06
2022-03-22,136,VLSFO,27.05,15.3,367.2,24,229.3946,0.6,Rough,FMS_MARITIME,2026-04-06
2022-03-23,136,VLSFO,46.4,12.0,288.0,24,501.7,0.65,Rough,FMS_MARITIME,2026-04-06
2022-03-24,136,VLSFO,53.22,15.8,379.2,24,437.044,0.97,Rough,FMS_MARITIME,2026-04-06
2022-03-25,136,LSMGO,37.27,13.7,328.8,24,352.9768,0.57,Calm,FMS_MARITIME,2026-04-06
2022-03-26,136,LSMGO,81.18,11.0,264.0,24,957.555,0.86,Moderate,FMS_MARITIME,2026-04-06
2022-03-27,136,HFO,17.84,15.0,360.0,24,154.316,0.72,Rough,FMS_MARITIME,2026-04-06
2022-03-28,136,LSMGO,32.23,17.2,412.8,24,243.1304,0.84,Moderate,FMS_MARITIME,2026-04-06
2022-03-28,136,HFO,45.77,13.3,319.2,24,446.5156,0.78,Calm,FMS_MARITIME,2026-04-06
2022-03-28,136,LSMGO,62.06,18.0,432.0,24,447.3492,0.83,Moderate,FMS_MARITIME,2026-04-06
2022-03-01,137,VLSFO,52.45,11.6,278.4,24,586.6713,0.59,Moderate,FMS_MARITIME,2026-04-06
2022-03-02,137,LNG,60.48,12.4,297.6,24,632.8452,0.94,Rough,FMS_MARITIME,2026-04-06
2022-03-03,137,MGO,79.37,14.0,336.0,24,735.5898,0.65,Rough,FMS_MARITIME,2026-04-06
2022-03-04,137,LSMGO,31.84,16.5,396.0,24,250.3782,0.79,Rough,FMS_MARITIME,2026-04-06
2022-03-05,137,LNG,65.89,12.0,288.0,24,712.4356,0.96,Rough,FMS_MARITIME,2026-04-06
2022-03-06,137,HFO,16.3,12.7,304.8,24,166.5295,0.44,Moderate,FMS_MARITIME,2026-04-06
2022-03-07,137,LNG,67.22,9.0,216.0,24,969.0883,0.49,Calm,FMS_MARITIME,2026-04-06
2022-03-08,137,LSMGO,84.88,10.5,252.0,24,1048.8743,0.95,Rough,FMS_MARITIME,2026-04-06
2022-03-09,137,MGO,75.95,15.2,364.8,24,648.3232,0.58,Rough,FMS_MARITIME,2026-04-06
2022-03-10,137,LSMGO,48.98,8.0,192.0,24,794.3944,0.92,Calm,FMS_MARITIME,2026-04-06
2022-03-11,137,HFO,84.33,13.9,333.6,24,787.1811,0.72,Moderate,FMS_MARITIME,2026-04-06
2022-03-12,137,LSMGO,82.03,13.7,328.8,24,776.89,0.64,Moderate,FMS_MARITIME,2026-04-06
2022-03-13,137,LSMGO,36.7,17.8,427.2,24,267.5183,0.5,Calm,FMS_MARITIME,2026-04-06
2022-03-14,137,MGO,50.44,14.6,350.4,24,448.2596,0.75,Calm,FMS_MARITIME,2026-04-06
2022-03-15,137,HFO,42.37,8.4,201.6,24,654.4652,0.47,Moderate,FMS_MARITIME,2026-04-06
2022-03-16,137,LNG,30.77,8.2,196.8,24,486.879,0.43,Rough,FMS_MARITIME,2026-04-06
2022-03-17,137,HFO,35.77,8.6,206.4,24,539.6695,0.47,Moderate,FMS_MARITIME,2026-04-06
2022-03-18,137,VLSFO,23.31,15.0,360.0,24,201.6315,0.41,Calm,FMS_MARITIME,2026-04-06
2022-03-19,137,LSMGO,67.64,10.9,261.6,24,805.1642,0.46,Rough,FMS_MARITIME,2026-04-06
2022-03-20,137,LNG,59.51,9.6,230.4,24,804.3148,0.51,Rough,FMS_MARITIME,2026-04-06
2022-03-21,137,HFO,67.51,17.4,417.6,24,503.4151,0.46,Calm,FMS_MARITIME,2026-04-06
2022-03-22,137,HFO,68.72,12.4,297.6,24,719.0661,0.6,Moderate,FMS_MARITIME,2026-04-06
2022-03-23,137,LSMGO,82.92,8.9,213.6,24,1208.8618,0.77,Moderate,FMS_MARITIME,2026-04-06
2022-03-24,137,LSMGO,56.55,16.1,386.4,24,455.7368,0.54,Calm,FMS_MARITIME,2026-04-06
2022-03-25,137,VLSFO,33.78,11.1,266.4,24,394.8608,0.8,Rough,FMS_MARITIME,2026-04-06
2022-03-26,137,VLSFO,37.34,12.8,307.2,24,378.5051,0.97,Moderate,FMS_MARITIME,2026-04-06
2022-03-27,137,HFO,76.2,16.4,393.6,24,602.8628,0.57,Rough,FMS_MARITIME,2026-04-06
2022-03-28,137,VLSFO,20.25,10.5,252.0,24,250.2321,0.61,Calm,FMS_MARITIME,2026-04-06
2022-03-28,137,MGO,43.65,15.4,369.6,24,367.7654,0.8,Moderate,FMS_MARITIME,2026-04-06
2022-03-28,137,VLSFO,64.86,18.0,432.0,24,467.5325,0.54,Calm,FMS_MARITIME,2026-04-06
2022-03-01,138,LNG,23.67,16.1,386.4,24,190.7567,0.81,Moderate,FMS_MARITIME,2026-04-06
2022-03-02,138,HFO,28.83,8.8,211.2,24,425.0787,0.66,Calm,FMS_MARITIME,2026-04-06
2022-03-03,138,MGO,66.48,11.6,278.4,24,743.6017,0.87,Rough,FMS_MARITIME,2026-04-06
2022-03-04,138,VLSFO,21.71,10.9,261.6,24,258.4287,0.66,Moderate,FMS_MARITIME,2026-04-06
2022-03-05,138,VLSFO,72.9,16.5,396.0,24,573.2591,0.93,Moderate,FMS_MARITIME,2026-04-06
2022-03-06,138,LNG,80.06,11.3,271.2,24,919.273,0.6,Calm,FMS_MARITIME,2026-04-06
2022-03-07,138,LNG,57.71,13.5,324.0,24,554.6572,0.43,Calm,FMS_MARITIME,2026-04-06
2022-03-08,138,LSMGO,27.1,11.0,264.0,24,319.6568,0.44,Calm,FMS_MARITIME,2026-04-06
2022-03-09,138,HFO,23.34,17.4,417.6,24,174.044,0.94,Moderate,FMS_MARITIME,2026-04-06
2022-03-10,138,HFO,24.59,14.1,338.4,24,226.2803,0.45,Rough,FMS_MARITIME,2026-04-06
2022-03-11,138,LSMGO,81.3,8.0,192.0,24,1318.5844,0.45,Moderate,FMS_MARITIME,2026-04-06
2022-03-12,138,MGO,50.64,11.8,283.2,24,556.8254,0.99,Rough,FMS_MARITIME,2026-04-06
2022-03-13,138,HFO,73.91,16.8,403.2,24,570.8228,0.61,Rough,FMS_MARITIME,2026-04-06
2022-03-14,138,LNG,38.42,10.9,261.6,24,457.339,0.84,Moderate,FMS_MARITIME,2026-04-06
2022-03-15,138,VLSFO,42.14,15.6,374.4,24,350.4913,0.6,Calm,FMS_MARITIME,2026-04-06
2022-03-16,138,LNG,52.08,13.3,319.2,24,508.0737,0.4,Rough,FMS_MARITIME,2026-04-06
2022-03-17,138,MGO,60.9,11.7,280.8,24,675.3654,0.74,Moderate,FMS_MARITIME,2026-04-06
2022-03-18,138,VLSFO,32.64,18.0,432.0,24,235.28,0.79,Moderate,FMS_MARITIME,2026-04-06
2022-03-19,138,LNG,35.44,8.2,196.8,24,560.7732,0.9,Calm,FMS_MARITIME,2026-04-06
2022-03-20,138,LNG,65.09,16.6,398.4,24,508.7607,0.48,Calm,FMS_MARITIME,2026-04-06
2022-03-21,138,MGO,32.71,13.3,319.2,24,319.107,0.66,Rough,FMS_MARITIME,2026-04-06
2022-03-22,138,HFO,61.75,13.8,331.2,24,580.5842,0.63,Moderate,FMS_MARITIME,2026-04-06
2022-03-23,138,VLSFO,54.85,14.2,340.8,24,501.1822,0.81,Rough,FMS_MARITIME,2026-04-06
2022-03-24,138,LNG,36.58,8.2,196.8,24,578.8116,0.65,Calm,FMS_MARITIME,2026-04-06
2022-03-25,138,LSMGO,63.11,8.5,204.0,24,963.3556,0.91,Calm,FMS_MARITIME,2026-04-06
2022-03-26,138,VLSFO,48.39,9.1,218.4,24,689.9563,0.61,Rough,FMS_MARITIME,2026-04-06
2022-03-27,138,LSMGO,68.36,16.8,403.2,24,527.9589,0.83,Rough,FMS_MARITIME,2026-04-06
2022-03-28,138,LNG,82.16,9.2,220.8,24,1158.7239,0.64,Moderate,FMS_MARITIME,2026-04-06
2022-03-28,138,VLSFO,31.62,10.2,244.8,24,402.225,0.8,Moderate,FMS_MARITIME,2026-04-06
2022-03-28,138,LSMGO,68.88,13.4,321.6,24,666.9537,0.7,Rough,FMS_MARITIME,2026-04-06
2022-03-01,139,LNG,16.27,16.8,403.2,24,125.6567,0.83,Rough,FMS_MARITIME,2026-04-06
2022-03-02,139,LSMGO,26.04,10.4,249.6,24,324.874,0.58,Rough,FMS_MARITIME,2026-04-06
2022-03-03,139,MGO,59.59,11.8,283.2,24,655.2375,0.64,Rough,FMS_MARITIME,2026-04-06
2022-03-04,139,LNG,58.23,14.5,348.0,24,521.0581,0.74,Calm,FMS_MARITIME,2026-04-06
2022-03-05,139,HFO,40.74,15.2,364.8,24,347.7641,0.7,Calm,FMS_MARITIME,2026-04-06
2022-03-06,139,LSMGO,34.76,12.5,300.0,24,360.8088,0.69,Calm,FMS_MARITIME,2026-04-06
2022-03-07,139,LNG,59.68,15.0,360.0,24,516.232,0.69,Moderate,FMS_MARITIME,2026-04-06
2022-03-08,139,LSMGO,76.06,14.1,338.4,24,699.9138,0.59,Rough,FMS_MARITIME,2026-04-06
2022-03-09,139,HFO,52.5,11.9,285.6,24,572.4265,0.78,Calm,FMS_MARITIME,2026-04-06
2022-03-10,139,LSMGO,36.9,11.3,271.2,24,423.6969,0.6,Moderate,FMS_MARITIME,2026-04-06
2022-03-11,139,LSMGO,84.25,15.2,364.8,24,719.1735,0.73,Moderate,FMS_MARITIME,2026-04-06
2022-03-12,139,MGO,23.43,10.4,249.6,24,292.3118,0.53,Rough,FMS_MARITIME,2026-04-06
2022-03-13,139,VLSFO,29.4,10.7,256.8,24,356.5093,0.62,Moderate,FMS_MARITIME,2026-04-06
2022-03-14,139,LNG,48.31,16.8,403.2,24,373.1085,0.49,Moderate,FMS_MARITIME,2026-04-06
2022-03-15,139,HFO,66.76,13.0,312.0,24,666.3162,0.56,Rough,FMS_MARITIME,2026-04-06
2022-03-16,139,HFO,33.64,16.9,405.6,24,258.2716,0.86,Calm,FMS_MARITIME,2026-04-06
2022-03-17,139,HFO,18.3,15.0,360.0,24,158.295,0.58,Moderate,FMS_MARITIME,2026-04-06
2022-03-18,139,LNG,73.17,8.4,201.6,24,1130.2152,0.75,Rough,FMS_MARITIME,2026-04-06
2022-03-19,139,LSMGO,15.4,16.8,403.2,24,118.9375,0.69,Calm,FMS_MARITIME,2026-04-06
2022-03-20,139,HFO,63.87,12.5,300.0,24,662.9706,0.6,Calm,FMS_MARITIME,2026-04-06
2022-03-21,139,LNG,23.22,15.4,369.6,24,195.636,0.81,Calm,FMS_MARITIME,2026-04-06
2022-03-22,139,MGO,45.33,12.1,290.4,24,486.08,0.78,Calm,FMS_MARITIME,2026-04-06
2022-03-23,139,LSMGO,60.03,11.6,278.4,24,671.4562,0.6,Rough,FMS_MARITIME,2026-04-06
2022-03-24,139,VLSFO,38.92,14.5,348.0,24,348.2669,0.78,Rough,FMS_MARITIME,2026-04-06
2022-03-25,139,VLSFO,64.66,9.8,235.2,24,856.0852,0.63,Moderate,FMS_MARITIME,2026-04-06
2022-03-26,139,MGO,27.84,15.5,372.0,24,233.0477,0.94,Rough,FMS_MARITIME,2026-04-06
2022-03-27,139,LNG,84.06,11.7,280.8,24,932.2038,0.56,Moderate,FMS_MARITIME,2026-04-06
2022-03-28,139,MGO,30.67,17.3,415.2,24,230.025,0.43,Moderate,FMS_MARITIME,2026-04-06
2022-03-28,139,HFO,15.67,17.1,410.4,24,118.8996,0.57,Moderate,FMS_MARITIME,2026-04-06
2022-03-28,139,LSMGO,49.53,14.8,355.2,24,434.2242,0.66,Moderate,FMS_MARITIME,2026-04-06
2022-03-01,140,VLSFO,24.06,13.7,328.8,24,227.8675,0.8,Rough,FMS_MARITIME,2026-04-06
2022-03-02,140,HFO,21.05,13.8,331.2,24,197.9158,0.82,Calm,FMS_MARITIME,2026-04-06
2022-03-03,140,MGO,60.47,12.7,304.8,24,617.7939,0.73,Moderate,FMS_MARITIME,2026-04-06
2022-03-04,140,MGO,62.53,11.3,271.2,24,717.9883,0.82,Calm,FMS_MARITIME,2026-04-06
2022-03-05,140,LSMGO,22.49,14.7,352.8,24,198.5087,0.98,Moderate,FMS_MARITIME,2026-04-06
2022-03-06,140,VLSFO,61.49,13.4,321.6,24,595.3976,0.86,Rough,FMS_MARITIME,2026-04-06
2022-03-07,140,HFO,70.21,15.3,367.2,24,595.4083,0.4,Rough,FMS_MARITIME,2026-04-06
2022-03-08,140,LNG,22.17,16.3,391.2,24,176.4759,0.72,Calm,FMS_MARITIME,2026-04-06
2022-03-09,140,LSMGO,22.56,10.0,240.0,24,292.716,0.84,Moderate,FMS_MARITIME,2026-04-06
2022-03-10,140,VLSFO,25.64,16.8,403.2,24,198.0232,0.87,Calm,FMS_MARITIME,2026-04-06
2022-03-11,140,LNG,68.93,12.3,295.2,24,727.1274,0.6,Moderate,FMS_MARITIME,2026-04-06
2022-03-12,140,LSMGO,60.89,9.3,223.2,24,849.5137,0.43,Rough,FMS_MARITIME,2026-04-06
2022-03-13,140,LSMGO,74.32,10.7,256.8,24,901.2168,0.44,Calm,FMS_MARITIME,2026-04-06
2022-03-14,140,LSMGO,17.03,14.3,343.2,24,154.5205,0.96,Moderate,FMS_MARITIME,2026-04-06
2022-03-15,140,VLSFO,52.53,9.4,225.6,24,725.0816,0.85,Rough,FMS_MARITIME,2026-04-06
2022-03-16,140,LSMGO,63.83,8.9,213.6,24,930.5553,0.44,Rough,FMS_MARITIME,2026-04-06
2022-03-17,140,MGO,84.55,15.1,362.4,24,726.5141,0.56,Moderate,FMS_MARITIME,2026-04-06
2022-03-18,140,HFO,62.03,17.8,427.2,24,452.1569,0.91,Rough,FMS_MARITIME,2026-04-06
2022-03-19,140,LNG,42.11,14.8,355.2,24,369.1738,0.91,Moderate,FMS_MARITIME,2026-04-06
2022-03-20,140,LNG,48.2,17.7,424.8,24,353.3305,0.5,Moderate,FMS_MARITIME,2026-04-06
2022-03-21,140,LNG,83.14,16.7,400.8,24,645.953,0.63,Calm,FMS_MARITIME,2026-04-06
2022-03-22,140,LSMGO,56.25,13.9,333.6,24,525.0674,0.55,Rough,FMS_MARITIME,2026-04-06
2022-03-23,140,LSMGO,82.42,14.9,357.6,24,717.7178,0.83,Rough,FMS_MARITIME,2026-04-06
2022-03-24,140,LSMGO,62.33,12.9,309.6,24,626.9238,0.48,Calm,FMS_MARITIME,2026-04-06
2022-03-25,140,VLSFO,16.82,9.7,232.8,24,224.9892,0.8,Rough,FMS_MARITIME,2026-04-06
2022-03-26,140,LNG,40.16,9.9,237.6,24,526.3394,0.48,Moderate,FMS_MARITIME,2026-04-06
2022-03-27,140,MGO,34.58,16.5,396.0,24,271.9245,0.66,Rough,FMS_MARITIME,2026-04-06
2022-03-28,140,VLSFO,28.84,14.6,350.4,24,256.3007,0.74,Calm,FMS_MARITIME,2026-04-06
2022-03-28,140,MGO,81.42,12.5,300.0,24,845.1396,0.61,Moderate,FMS_MARITIME,2026-04-06
2022-03-28,140,MGO,73.56,8.9,213.6,24,1072.4056,0.47,Moderate,FMS_MARITIME,2026-04-06
2022-03-01,141,LSMGO,67.0,15.6,374.4,24,557.2596,0.95,Rough,FMS_MARITIME,2026-04-06
2022-03-02,141,LSMGO,16.74,9.8,235.2,24,221.6342,0.55,Moderate,FMS_MARITIME,2026-04-06
2022-03-03,141,LSMGO,34.16,15.5,372.0,24,285.9523,0.93,Calm,FMS_MARITIME,2026-04-06
2022-03-04,141,MGO,19.87,13.9,333.6,24,185.4772,0.88,Moderate,FMS_MARITIME,2026-04-06
2022-03-05,141,LSMGO,43.96,9.4,225.6,24,606.7883,0.75,Moderate,FMS_MARITIME,2026-04-06
2022-03-06,141,MGO,68.15,14.0,336.0,24,631.6045,0.89,Moderate,FMS_MARITIME,2026-04-06
2022-03-07,141,LSMGO,70.55,14.2,340.8,24,644.6382,0.75,Moderate,FMS_MARITIME,2026-04-06
2022-03-08,141,LNG,29.32,9.6,230.4,24,396.2781,0.94,Moderate,FMS_MARITIME,2026-04-06
2022-03-09,141,VLSFO,73.32,12.8,307.2,24,743.2242,0.44,Moderate,FMS_MARITIME,2026-04-06
2022-03-10,141,HFO,19.31,13.7,328.8,24,182.8812,0.83,Rough,FMS_MARITIME,2026-04-06
2022-03-11,141,MGO,27.57,13.5,324.0,24,264.9783,0.68,Calm,FMS_MARITIME,2026-04-06
2022-03-12,141,MGO,77.21,9.7,232.8,24,1032.7832,0.63,Rough,FMS_MARITIME,2026-04-06
2022-03-13,141,HFO,33.03,12.4,297.6,24,345.6163,0.55,Calm,FMS_MARITIME,2026-04-06
2022-03-14,141,MGO,39.96,11.6,278.4,24,446.9664,0.82,Rough,FMS_MARITIME,2026-04-06
2022-03-15,141,HFO,72.21,10.3,247.2,24,909.6357,0.56,Moderate,FMS_MARITIME,2026-04-06
2022-03-16,141,LSMGO,60.5,18.0,432.0,24,436.1042,1.0,Rough,FMS_MARITIME,2026-04-06
2022-03-17,141,LSMGO,53.65,11.1,266.4,24,627.125,0.48,Moderate,FMS_MARITIME,2026-04-06
2022-03-18,141,LNG,22.57,14.0,336.0,24,209.1755,0.69,Calm,FMS_MARITIME,2026-04-06
2022-03-19,141,VLSFO,59.94,11.3,271.2,24,688.2491,0.79,Calm,FMS_MARITIME,2026-04-06
2022-03-20,141,HFO,31.39,15.4,369.6,24,264.4709,0.96,Rough,FMS_MARITIME,2026-04-06
2022-03-21,141,LSMGO,55.21,8.0,192.0,24,895.4372,0.48,Rough,FMS_MARITIME,2026-04-06
2022-03-22,141,VLSFO,63.2,11.1,266.4,24,738.7568,0.81,Rough,FMS_MARITIME,2026-04-06
2022-03-23,141,MGO,25.84,14.2,340.8,24,236.1085,0.72,Moderate,FMS_MARITIME,2026-04-06
2022-03-24,141,LNG,66.34,15.6,374.4,24,551.7702,0.71,Moderate,FMS_MARITIME,2026-04-06
2022-03-25,141,HFO,70.0,11.3,271.2,24,803.7611,0.58,Rough,FMS_MARITIME,2026-04-06
2022-03-26,141,LSMGO,30.47,17.5,420.0,24,225.9133,0.42,Calm,FMS_MARITIME,2026-04-06
2022-03-27,141,LNG,83.09,13.4,321.6,24,804.5468,0.71,Calm,FMS_MARITIME,2026-04-06
2022-03-28,141,LSMGO,39.31,14.3,343.2,24,356.6764,0.98,Rough,FMS_MARITIME,2026-04-06
2022-03-28,141,VLSFO,16.61,15.6,374.4,24,138.1505,0.51,Rough,FMS_MARITIME,2026-04-06
2022-03-28,141,LNG,42.21,13.2,316.8,24,414.9051,0.87,Rough,FMS_MARITIME,2026-04-06
2022-03-01,142,LNG,60.07,17.6,422.4,24,442.8456,0.45,Moderate,FMS_MARITIME,2026-04-06
2022-03-02,142,HFO,42.16,11.3,271.2,24,484.0938,0.75,Moderate,FMS_MARITIME,2026-04-06
2022-03-03,142,MGO,48.64,15.1,362.4,24,417.9497,0.78,Rough,FMS_MARITIME,2026-04-06
2022-03-04,142,VLSFO,41.66,17.8,427.2,24,303.6733,0.44,Rough,FMS_MARITIME,2026-04-06
2022-03-05,142,LNG,82.17,10.8,259.2,24,987.1812,0.57,Rough,FMS_MARITIME,2026-04-06
2022-03-06,142,LSMGO,30.17,13.1,314.4,24,298.8212,0.68,Calm,FMS_MARITIME,2026-04-06
2022-03-07,142,MGO,31.11,12.5,300.0,24,322.9218,0.81,Calm,FMS_MARITIME,2026-04-06
2022-03-08,142,HFO,56.6,14.0,336.0,24,524.5607,0.72,Rough,FMS_MARITIME,2026-04-06
2022-03-09,142,VLSFO,67.94,12.2,292.8,24,722.5586,0.54,Calm,FMS_MARITIME,2026-04-06
2022-03-10,142,VLSFO,16.94,16.9,405.6,24,130.0571,0.66,Rough,FMS_MARITIME,2026-04-06
2022-03-11,142,HFO,56.35,12.7,304.8,24,575.7018,0.9,Calm,FMS_MARITIME,2026-04-06
2022-03-12,142,LSMGO,66.21,17.3,415.2,24,496.575,0.74,Rough,FMS_MARITIME,2026-04-06
2022-03-13,142,LNG,74.56,8.6,206.4,24,1124.9023,0.69,Calm,FMS_MARITIME,2026-04-06
2022-03-14,142,HFO,59.0,13.4,321.6,24,571.2873,0.68,Moderate,FMS_MARITIME,2026-04-06
2022-03-15,142,MGO,34.63,14.7,352.8,24,305.6628,0.87,Calm,FMS_MARITIME,2026-04-06
2022-03-16,142,LNG,22.72,15.5,372.0,24,190.1884,0.99,Rough,FMS_MARITIME,2026-04-06
2022-03-17,142,HFO,68.23,14.2,340.8,24,623.4396,0.96,Moderate,FMS_MARITIME,2026-04-06
2022-03-18,142,VLSFO,68.89,12.0,288.0,24,744.8731,0.77,Moderate,FMS_MARITIME,2026-04-06
2022-03-19,142,HFO,15.37,11.4,273.6,24,174.9349,0.63,Calm,FMS_MARITIME,2026-04-06
2022-03-20,142,LSMGO,64.42,10.1,242.4,24,827.5738,0.66,Moderate,FMS_MARITIME,2026-04-06
2022-03-21,142,LSMGO,16.12,17.4,417.6,24,120.2052,0.42,Moderate,FMS_MARITIME,2026-04-06
2022-03-22,142,HFO,19.72,10.6,254.4,24,241.384,0.92,Moderate,FMS_MARITIME,2026-04-06
2022-03-23,142,MGO,41.33,13.9,333.6,24,385.7962,0.82,Calm,FMS_MARITIME,2026-04-06
2022-03-24,142,VLSFO,69.01,15.1,362.4,24,592.9833,0.47,Rough,FMS_MARITIME,2026-04-06
2022-03-25,142,LSMGO,65.2,9.8,235.2,24,863.2347,0.71,Rough,FMS_MARITIME,2026-04-06
2022-03-26,142,MGO,31.04,11.4,273.6,24,353.2842,0.99,Rough,FMS_MARITIME,2026-04-06
2022-03-27,142,LSMGO,44.64,16.9,405.6,24,342.7243,0.63,Calm,FMS_MARITIME,2026-04-06
2022-03-28,142,MGO,58.0,14.9,357.6,24,505.0671,0.46,Rough,FMS_MARITIME,2026-04-06
2022-03-28,142,MGO,59.26,16.2,388.8,24,474.6287,0.65,Moderate,FMS_MARITIME,2026-04-06
2022-03-28,142,VLSFO,73.81,9.6,230.4,24,997.5883,0.45,Moderate,FMS_MARITIME,2026-04-06
2022-03-01,143,HFO,22.49,11.3,271.2,24,258.2369,0.65,Moderate,FMS_MARITIME,2026-04-06
2022-03-02,143,HFO,44.77,16.7,400.8,24,347.8388,0.78,Rough,FMS_MARITIME,2026-04-06
2022-03-03,143,LSMGO,34.05,16.4,393.6,24,269.3895,0.88,Calm,FMS_MARITIME,2026-04-06
2022-03-04,143,VLSFO,35.77,11.4,273.6,24,407.1191,0.8,Moderate,FMS_MARITIME,2026-04-06
2022-03-05,143,LSMGO,62.78,17.1,410.4,24,476.357,0.5,Moderate,FMS_MARITIME,2026-04-06
2022-03-06,143,HFO,18.69,8.3,199.2,24,292.172,0.98,Calm,FMS_MARITIME,2026-04-06
2022-03-07,143,LSMGO,29.67,10.3,247.2,24,373.7556,0.64,Rough,FMS_MARITIME,2026-04-06
2022-03-08,143,MGO,57.59,12.9,309.6,24,579.2483,0.74,Moderate,FMS_MARITIME,2026-04-06
2022-03-09,143,MGO,33.47,9.0,216.0,24,482.5258,0.64,Calm,FMS_MARITIME,2026-04-06
2022-03-10,143,LSMGO,20.9,9.4,225.6,24,288.4867,0.62,Calm,FMS_MARITIME,2026-04-06
2022-03-11,143,VLSFO,28.9,11.8,283.2,24,317.7775,0.65,Calm,FMS_MARITIME,2026-04-06
2022-03-12,143,HFO,51.68,12.5,300.0,24,536.4384,0.74,Calm,FMS_MARITIME,2026-04-06
2022-03-13,143,LSMGO,57.45,10.7,256.8,24,696.6484,0.53,Rough,FMS_MARITIME,2026-04-06
2022-03-14,143,HFO,43.22,8.4,201.6,24,667.5946,0.79,Calm,FMS_MARITIME,2026-04-06
2022-03-15,143,MGO,44.94,17.5,420.0,24,333.198,0.84,Rough,FMS_MARITIME,2026-04-06
2022-03-16,143,LSMGO,75.35,11.5,276.0,24,850.1446,0.86,Rough,FMS_MARITIME,2026-04-06
2022-03-17,143,VLSFO,48.47,15.7,376.8,24,400.5721,0.81,Calm,FMS_MARITIME,2026-04-06
2022-03-18,143,LNG,33.74,17.6,422.4,24,248.7366,0.95,Moderate,FMS_MARITIME,2026-04-06
2022-03-19,143,HFO,69.88,16.8,403.2,24,539.6982,0.6,Calm,FMS_MARITIME,2026-04-06
2022-03-20,143,LSMGO,43.02,8.1,194.4,24,689.1167,0.59,Moderate,FMS_MARITIME,2026-04-06
2022-03-21,143,LNG,55.81,14.3,343.2,24,506.3879,0.95,Calm,FMS_MARITIME,2026-04-06
2022-03-22,143,LSMGO,20.46,14.6,350.4,24,181.8277,0.68,Rough,FMS_MARITIME,2026-04-06
2022-03-23,143,LNG,66.6,14.4,345.6,24,600.0937,0.97,Moderate,FMS_MARITIME,2026-04-06
2022-03-24,143,MGO,49.08,8.8,211.2,24,723.6511,0.65,Rough,FMS_MARITIME,2026-04-06
2022-03-25,143,HFO,70.55,8.7,208.8,24,1052.1681,0.41,Moderate,FMS_MARITIME,2026-04-06
2022-03-26,143,LNG,64.53,8.5,204.0,24,985.0315,0.82,Moderate,FMS_MARITIME,2026-04-06
2022-03-27,143,HFO,40.94,9.0,216.0,24,590.2183,1.0,Rough,FMS_MARITIME,2026-04-06
2022-03-28,143,VLSFO,81.32,14.4,345.6,24,732.7271,0.92,Rough,FMS_MARITIME,2026-04-06
2022-03-28,143,LSMGO,39.18,14.9,357.6,24,341.1815,0.66,Rough,FMS_MARITIME,2026-04-06
2022-03-28,143,HFO,29.13,11.3,271.2,24,334.4794,0.7,Calm,FMS_MARITIME,2026-04-06
2022-03-01,144,HFO,60.58,11.9,285.6,24,660.5256,0.98,Moderate,FMS_MARITIME,2026-04-06
2022-03-02,144,MGO,52.03,13.1,314.4,24,515.3353,0.77,Calm,FMS_MARITIME,2026-04-06
2022-03-03,144,MGO,36.44,15.3,367.2,24,309.0255,0.91,Moderate,FMS_MARITIME,2026-04-06
2022-03-04,144,MGO,26.2,13.6,326.4,24,249.9596,0.87,Rough,FMS_MARITIME,2026-04-06
2022-03-05,144,LSMGO,53.01,11.8,283.2,24,582.8854,0.67,Calm,FMS_MARITIME,2026-04-06
2022-03-06,144,LNG,75.99,9.5,228.0,24,1037.8634,0.48,Rough,FMS_MARITIME,2026-04-06
2022-03-07,144,MGO,33.12,12.4,297.6,24,346.5581,0.79,Rough,FMS_MARITIME,2026-04-06
2022-03-08,144,LSMGO,78.56,17.2,412.8,24,592.6256,0.65,Rough,FMS_MARITIME,2026-04-06
2022-03-09,144,MGO,74.38,10.9,261.6,24,885.395,0.55,Calm,FMS_MARITIME,2026-04-06
2022-03-10,144,VLSFO,83.56,11.5,276.0,24,942.7748,0.55,Calm,FMS_MARITIME,2026-04-06
2022-03-11,144,VLSFO,24.69,17.2,412.8,24,186.2516,0.54,Moderate,FMS_MARITIME,2026-04-06
2022-03-12,144,VLSFO,62.68,8.1,194.4,24,1004.0407,0.65,Rough,FMS_MARITIME,2026-04-06
2022-03-13,144,HFO,19.37,9.0,216.0,24,279.2508,0.49,Rough,FMS_MARITIME,2026-04-06
2022-03-14,144,LNG,45.15,15.1,362.4,24,387.9611,0.92,Rough,FMS_MARITIME,2026-04-06
2022-03-15,144,HFO,52.87,11.7,280.8,24,586.3147,0.57,Calm,FMS_MARITIME,2026-04-06
2022-03-16,144,VLSFO,45.77,8.3,199.2,24,715.5009,0.57,Calm,FMS_MARITIME,2026-04-06
2022-03-17,144,HFO,19.04,16.3,391.2,24,151.5607,0.79,Rough,FMS_MARITIME,2026-04-06
2022-03-18,144,LNG,76.27,10.9,261.6,24,907.8929,0.85,Calm,FMS_MARITIME,2026-04-06
2022-03-19,144,VLSFO,69.81,15.7,376.8,24,576.933,0.88,Calm,FMS_MARITIME,2026-04-06
2022-03-20,144,LSMGO,45.74,12.6,302.4,24,471.0131,0.57,Rough,FMS_MARITIME,2026-04-06
2022-03-21,144,LNG,64.07,8.7,208.8,24,955.5267,0.71,Moderate,FMS_MARITIME,2026-04-06
2022-03-22,144,MGO,26.92,11.4,273.6,24,306.3921,0.92,Moderate,FMS_MARITIME,2026-04-06
2022-03-23,144,LSMGO,27.95,13.5,324.0,24,268.6306,0.84,Moderate,FMS_MARITIME,2026-04-06
2022-03-24,144,MGO,74.45,17.9,429.6,24,539.6585,0.73,Moderate,FMS_MARITIME,2026-04-06
2022-03-25,144,LSMGO,78.68,8.2,196.8,24,1244.9671,0.42,Rough,FMS_MARITIME,2026-04-06
2022-03-26,144,LNG,64.04,14.2,340.8,24,585.1542,0.51,Moderate,FMS_MARITIME,2026-04-06
2022-03-27,144,VLSFO,69.98,8.5,204.0,24,1068.2241,0.53,Moderate,FMS_MARITIME,2026-04-06
2022-03-28,144,LSMGO,32.82,13.6,326.4,24,313.1173,0.6,Rough,FMS_MARITIME,2026-04-06
2022-03-28,144,HFO,15.04,16.1,386.4,24,121.2075,0.87,Calm,FMS_MARITIME,2026-04-06
2022-03-28,144,VLSFO,39.83,10.0,240.0,24,516.7942,0.93,Moderate,FMS_MARITIME,2026-04-06
2022-03-01,145,HFO,74.09,8.2,196.8,24,1172.3387,0.63,Calm,FMS_MARITIME,2026-04-06
2022-03-02,145,LNG,38.42,14.4,345.6,24,346.1802,0.65,Moderate,FMS_MARITIME,2026-04-06
2022-03-03,145,LNG,46.87,10.6,254.4,24,573.7153,0.45,Calm,FMS_MARITIME,2026-04-06
2022-03-04,145,LNG,40.52,16.6,398.4,24,316.7151,0.41,Calm,FMS_MARITIME,2026-04-06
2022-03-05,145,HFO,82.69,13.0,312.0,24,825.3098,0.95,Moderate,FMS_MARITIME,2026-04-06
2022-03-06,145,HFO,43.99,10.4,249.6,24,548.8175,0.67,Calm,FMS_MARITIME,2026-04-06
2022-03-07,145,HFO,74.36,9.7,232.8,24,994.6608,0.52,Rough,FMS_MARITIME,2026-04-06
2022-03-08,145,LSMGO,82.42,10.6,254.4,24,1008.8675,0.45,Moderate,FMS_MARITIME,2026-04-06
2022-03-09,145,VLSFO,33.03,15.1,362.4,24,283.8174,0.68,Calm,FMS_MARITIME,2026-04-06
2022-03-10,145,LNG,79.14,16.6,398.4,24,618.5792,0.55,Rough,FMS_MARITIME,2026-04-06
2022-03-11,145,LSMGO,72.54,9.5,228.0,24,990.7437,0.98,Rough,FMS_MARITIME,2026-04-06
2022-03-12,145,LSMGO,40.9,10.7,256.8,24,495.9603,0.54,Moderate,FMS_MARITIME,2026-04-06
2022-03-13,145,LNG,39.07,13.8,331.2,24,367.3429,0.57,Calm,FMS_MARITIME,2026-04-06
2022-03-14,145,VLSFO,57.58,12.9,309.6,24,579.1477,0.8,Rough,FMS_MARITIME,2026-04-06
2022-03-15,145,LSMGO,47.22,17.1,410.4,24,358.2921,0.42,Calm,FMS_MARITIME,2026-04-06
2022-03-16,145,LSMGO,50.15,17.9,429.6,24,363.5175,0.97,Calm,FMS_MARITIME,2026-04-06
2022-03-17,145,MGO,19.21,11.2,268.8,24,222.5444,0.67,Calm,FMS_MARITIME,2026-04-06
2022-03-18,145,VLSFO,32.53,17.6,422.4,24,239.8163,1.0,Moderate,FMS_MARITIME,2026-04-06
2022-03-19,145,HFO,31.71,17.6,422.4,24,233.7712,0.89,Moderate,FMS_MARITIME,2026-04-06
2022-03-20,145,LNG,62.97,14.7,352.8,24,555.8066,0.92,Rough,FMS_MARITIME,2026-04-06
2022-03-21,145,MGO,29.82,9.8,235.2,24,394.8107,0.92,Moderate,FMS_MARITIME,2026-04-06
2022-03-22,145,MGO,68.62,10.3,247.2,24,864.4121,0.47,Moderate,FMS_MARITIME,2026-04-06
2022-03-23,145,LSMGO,55.1,17.3,415.2,24,413.25,0.49,Moderate,FMS_MARITIME,2026-04-06
2022-03-24,145,HFO,78.26,15.4,369.6,24,659.3659,0.52,Rough,FMS_MARITIME,2026-04-06
2022-03-25,145,MGO,48.87,11.1,266.4,24,571.2507,0.76,Rough,FMS_MARITIME,2026-04-06
2022-03-26,145,HFO,62.99,15.0,360.0,24,544.8635,0.72,Moderate,FMS_MARITIME,2026-04-06
2022-03-27,145,LSMGO,20.99,14.4,345.6,24,189.1286,0.74,Moderate,FMS_MARITIME,2026-04-06
2022-03-28,145,LNG,73.26,15.9,381.6,24,597.8292,0.61,Calm,FMS_MARITIME,2026-04-06
2022-03-28,145,LNG,79.26,12.0,288.0,24,856.9987,0.64,Moderate,FMS_MARITIME,2026-04-06
2022-03-28,145,VLSFO,35.8,17.7,424.8,24,262.4322,0.85,Calm,FMS_MARITIME,2026-04-06
2022-03-01,146,LNG,72.21,17.8,427.2,24,526.3622,0.93,Rough,FMS_MARITIME,2026-04-06
2022-03-02,146,MGO,71.94,13.6,326.4,24,686.3393,0.9,Rough,FMS_MARITIME,2026-04-06
2022-03-03,146,MGO,80.54,17.2,412.8,24,607.5619,0.71,Rough,FMS_MARITIME,2026-04-06
2022-03-04,146,HFO,59.53,10.8,259.2,24,715.1868,0.8,Calm,FMS_MARITIME,2026-04-06
2022-03-05,146,VLSFO,50.04,8.9,213.6,24,729.5157,0.58,Moderate,FMS_MARITIME,2026-04-06
2022-03-06,146,VLSFO,34.18,8.6,206.4,24,515.6808,0.75,Calm,FMS_MARITIME,2026-04-06
2022-03-07,146,HFO,34.31,8.1,194.4,24,549.5954,0.65,Calm,FMS_MARITIME,2026-04-06
2022-03-08,146,MGO,80.7,16.3,391.2,24,642.3819,0.71,Moderate,FMS_MARITIME,2026-04-06
2022-03-09,146,LNG,60.72,11.5,276.0,24,685.08,0.46,Moderate,FMS_MARITIME,2026-04-06
2022-03-10,146,LNG,49.86,11.8,283.2,24,548.2487,0.9,Rough,FMS_MARITIME,2026-04-06
2022-03-11,146,VLSFO,68.22,15.3,367.2,24,578.5324,0.87,Calm,FMS_MARITIME,2026-04-06
2022-03-12,146,VLSFO,40.88,10.5,252.0,24,505.16,0.51,Rough,FMS_MARITIME,2026-04-06
2022-03-13,146,VLSFO,75.34,10.3,247.2,24,949.0646,0.53,Rough,FMS_MARITIME,2026-04-06
2022-03-14,146,MGO,56.31,15.8,379.2,24,462.4191,0.83,Rough,FMS_MARITIME,2026-04-06
2022-03-15,146,HFO,83.08,16.6,398.4,24,649.3753,0.61,Moderate,FMS_MARITIME,2026-04-06
2022-03-16,146,VLSFO,57.45,14.6,350.4,24,510.5574,0.59,Rough,FMS_MARITIME,2026-04-06
2022-03-17,146,LNG,31.46,15.2,364.8,24,268.5484,0.98,Moderate,FMS_MARITIME,2026-04-06
2022-03-18,146,MGO,30.21,13.4,321.6,24,292.5185,0.64,Rough,FMS_MARITIME,2026-04-06
2022-03-19,146,MGO,41.39,13.3,319.2,24,403.7859,0.79,Rough,FMS_MARITIME,2026-04-06
2022-03-20,146,HFO,59.36,15.6,374.4,24,493.7154,0.96,Moderate,FMS_MARITIME,2026-04-06
2022-03-21,146,HFO,57.15,12.3,295.2,24,602.8628,0.78,Rough,FMS_MARITIME,2026-04-06
2022-03-22,146,MGO,23.17,17.1,410.4,24,175.8075,0.77,Calm,FMS_MARITIME,2026-04-06
2022-03-23,146,LNG,27.91,12.2,292.8,24,296.8297,0.94,Calm,FMS_MARITIME,2026-04-06
2022-03-24,146,LNG,46.24,14.3,343.2,24,419.5552,0.92,Moderate,FMS_MARITIME,2026-04-06
2022-03-25,146,LNG,22.6,16.4,393.6,24,178.8018,0.8,Rough,FMS_MARITIME,2026-04-06
2022-03-26,146,HFO,38.25,17.6,422.4,24,281.9851,0.71,Moderate,FMS_MARITIME,2026-04-06
2022-03-27,146,LSMGO,27.28,10.4,249.6,24,340.3442,0.81,Moderate,FMS_MARITIME,2026-04-06
2022-03-28,146,HFO,48.76,13.7,328.8,24,461.7964,0.63,Rough,FMS_MARITIME,2026-04-06
2022-03-28,146,HFO,54.38,17.7,424.8,24,398.6331,0.68,Moderate,FMS_MARITIME,2026-04-06
2022-03-28,146,HFO,28.6,9.3,223.2,24,399.0161,0.66,Rough,FMS_MARITIME,2026-04-06
2022-03-01,147,VLSFO,35.91,15.6,374.4,24,298.6745,0.42,Calm,FMS_MARITIME,2026-04-06
2022-03-02,147,HFO,25.12,8.4,201.6,24,388.0143,0.64,Rough,FMS_MARITIME,2026-04-06
2022-03-03,147,LSMGO,62.69,9.1,218.4,24,893.8492,0.45,Moderate,FMS_MARITIME,2026-04-06
2022-03-04,147,VLSFO,82.31,10.2,244.8,24,1047.0316,0.85,Calm,FMS_MARITIME,2026-04-06
2022-03-05,147,VLSFO,57.62,17.3,415.2,24,432.15,0.82,Moderate,FMS_MARITIME,2026-04-06
2022-03-06,147,LNG,54.81,9.7,232.8,24,733.1544,0.43,Calm,FMS_MARITIME,2026-04-06
2022-03-07,147,MGO,27.44,15.6,374.4,24,228.2269,0.78,Moderate,FMS_MARITIME,2026-04-06
2022-03-08,147,MGO,50.59,11.9,285.6,24,551.6011,0.43,Calm,FMS_MARITIME,2026-04-06
2022-03-09,147,VLSFO,37.95,16.9,405.6,24,291.3617,0.46,Rough,FMS_MARITIME,2026-04-06
2022-03-10,147,LSMGO,21.35,17.9,429.6,24,154.7577,0.84,Calm,FMS_MARITIME,2026-04-06
2022-03-11,147,VLSFO,35.56,17.8,427.2,24,259.2084,0.89,Calm,FMS_MARITIME,2026-04-06
2022-03-12,147,LNG,45.92,14.9,357.6,24,399.8738,0.98,Rough,FMS_MARITIME,2026-04-06
2022-03-13,147,LNG,37.51,14.9,357.6,24,326.6391,0.56,Moderate,FMS_MARITIME,2026-04-06
2022-03-14,147,MGO,31.02,11.8,283.2,24,341.0886,0.74,Calm,FMS_MARITIME,2026-04-06
2022-03-15,147,VLSFO,35.26,12.5,300.0,24,365.9988,0.91,Rough,FMS_MARITIME,2026-04-06
2022-03-16,147,HFO,76.76,14.8,355.2,24,672.9466,0.87,Calm,FMS_MARITIME,2026-04-06
2022-03-17,147,MGO,33.87,8.8,211.2,24,499.3901,0.89,Rough,FMS_MARITIME,2026-04-06
2022-03-18,147,LNG,64.71,15.0,360.0,24,559.7415,0.77,Rough,FMS_MARITIME,2026-04-06
2022-03-19,147,LSMGO,22.63,10.0,240.0,24,293.6243,1.0,Calm,FMS_MARITIME,2026-04-06
2022-03-20,147,HFO,20.55,12.9,309.6,24,206.6948,0.7,Calm,FMS_MARITIME,2026-04-06
2022-03-21,147,LNG,46.79,10.6,254.4,24,572.7361,0.65,Rough,FMS_MARITIME,2026-04-06
2022-03-22,147,MGO,64.29,13.6,326.4,24,613.355,0.6,Calm,FMS_MARITIME,2026-04-06
2022-03-23,147,LSMGO,71.89,17.9,429.6,24,521.1021,0.91,Rough,FMS_MARITIME,2026-04-06
2022-03-24,147,VLSFO,15.57,14.1,338.4,24,143.2771,0.98,Rough,FMS_MARITIME,2026-04-06
2022-03-25,147,MGO,47.24,9.6,230.4,24,638.4781,0.48,Rough,FMS_MARITIME,2026-04-06
2022-03-26,147,MGO,38.75,9.9,237.6,24,507.8598,0.43,Calm,FMS_MARITIME,2026-04-06
2022-03-27,147,MGO,65.18,12.1,290.4,24,698.9343,0.43,Moderate,FMS_MARITIME,2026-04-06
2022-03-28,147,HFO,18.06,17.0,408.0,24,137.8403,0.6,Calm,FMS_MARITIME,2026-04-06
2022-03-28,147,HFO,17.68,11.6,278.4,24,197.7569,0.81,Rough,FMS_MARITIME,2026-04-06
2022-03-28,147,HFO,79.78,12.9,309.6,24,802.4384,0.63,Calm,FMS_MARITIME,2026-04-06
2022-03-01,148,HFO,78.44,13.5,324.0,24,753.8956,0.41,Rough,FMS_MARITIME,2026-04-06
2022-03-02,148,HFO,42.94,15.0,360.0,24,371.431,0.61,Rough,FMS_MARITIME,2026-04-06
2022-03-03,148,MGO,77.29,14.5,348.0,24,691.6122,0.59,Moderate,FMS_MARITIME,2026-04-06
2022-03-04,148,MGO,24.05,13.4,321.6,24,232.8722,0.83,Rough,FMS_MARITIME,2026-04-06
2022-03-05,148,LSMGO,56.91,8.3,199.2,24,889.6473,0.76,Moderate,FMS_MARITIME,2026-04-06
2022-03-06,148,HFO,71.36,17.7,424.8,24,523.1051,0.76,Rough,FMS_MARITIME,2026-04-06
2022-03-07,148,HFO,70.95,11.5,276.0,24,800.5011,0.83,Rough,FMS_MARITIME,2026-04-06
2022-03-08,148,LNG,25.6,12.3,295.2,24,270.0488,0.71,Calm,FMS_MARITIME,2026-04-06
2022-03-09,148,VLSFO,65.84,15.3,367.2,24,558.349,1.0,Moderate,FMS_MARITIME,2026-04-06
2022-03-10,148,HFO,61.97,14.2,340.8,24,566.24,0.98,Calm,FMS_MARITIME,2026-04-06
2022-03-11,148,HFO,21.74,8.2,196.8,24,343.9957,0.63,Rough,FMS_MARITIME,2026-04-06
2022-03-12,148,HFO,41.95,13.6,326.4,24,400.2215,0.85,Rough,FMS_MARITIME,2026-04-06
2022-03-13,148,LNG,67.47,8.1,194.4,24,1080.7694,0.65,Rough,FMS_MARITIME,2026-04-06
2022-03-14,148,MGO,25.04,10.7,256.8,24,303.6393,1.0,Rough,FMS_MARITIME,2026-04-06
2022-03-15,148,HFO,78.8,9.8,235.2,24,1043.2959,0.49,Moderate,FMS_MARITIME,2026-04-06
2022-03-16,148,LNG,34.74,14.2,340.8,24,317.4306,0.71,Calm,FMS_MARITIME,2026-04-06
2022-03-17,148,LSMGO,23.92,14.3,343.2,24,217.0364,0.97,Moderate,FMS_MARITIME,2026-04-06
2022-03-18,148,VLSFO,22.99,12.3,295.2,24,242.5165,0.73,Rough,FMS_MARITIME,2026-04-06
2022-03-19,148,VLSFO,49.47,8.1,194.4,24,792.4361,0.67,Calm,FMS_MARITIME,2026-04-06
2022-03-20,148,LNG,58.47,17.9,429.6,24,423.8258,0.6,Rough,FMS_MARITIME,2026-04-06
2022-03-21,148,VLSFO,73.84,15.7,376.8,24,610.2382,0.93,Rough,FMS_MARITIME,2026-04-06
2022-03-22,148,HFO,76.77,16.1,386.4,24,618.6899,0.43,Moderate,FMS_MARITIME,2026-04-06
2022-03-23,148,MGO,39.54,8.3,199.2,24,618.1102,0.65,Moderate,FMS_MARITIME,2026-04-06
2022-03-24,148,HFO,50.9,14.8,355.2,24,446.2348,0.95,Calm,FMS_MARITIME,2026-04-06
2022-03-25,148,VLSFO,73.61,15.0,360.0,24,636.7265,0.69,Moderate,FMS_MARITIME,2026-04-06
2022-03-26,148,HFO,53.78,8.7,208.8,24,802.0638,0.63,Calm,FMS_MARITIME,2026-04-06
2022-03-27,148,VLSFO,50.15,16.6,398.4,24,391.9857,0.41,Moderate,FMS_MARITIME,2026-04-06
2022-03-28,148,HFO,26.99,12.6,302.4,24,277.9327,0.96,Rough,FMS_MARITIME,2026-04-06
2022-03-28,148,VLSFO,36.33,14.1,338.4,24,334.3133,0.58,Calm,FMS_MARITIME,2026-04-06
2022-03-28,148,HFO,77.52,12.1,290.4,24,831.2579,0.82,Calm,FMS_MARITIME,2026-04-06
2022-03-01,149,HFO,21.25,11.8,283.2,24,233.66,0.42,Rough,FMS_MARITIME,2026-04-06
2022-03-02,149,LNG,59.79,16.9,405.6,24,459.0386,0.58,Calm,FMS_MARITIME,2026-04-06
2022-03-03,149,LNG,28.29,11.4,273.6,24,321.9849,0.65,Moderate,FMS_MARITIME,2026-04-06
2022-03-04,149,LNG,40.63,16.6,398.4,24,317.5748,0.59,Calm,FMS_MARITIME,2026-04-06
2022-03-05,149,VLSFO,23.46,8.3,199.2,24,366.7392,0.98,Rough,FMS_MARITIME,2026-04-06
2022-03-06,149,HFO,40.6,14.8,355.2,24,355.9358,0.93,Calm,FMS_MARITIME,2026-04-06
2022-03-07,149,LSMGO,60.93,9.0,216.0,24,878.4075,0.56,Moderate,FMS_MARITIME,2026-04-06
2022-03-08,149,MGO,16.31,13.0,312.0,24,162.7863,0.76,Rough,FMS_MARITIME,2026-04-06
2022-03-09,149,HFO,26.99,11.8,283.2,24,296.7756,0.66,Rough,FMS_MARITIME,2026-04-06
2022-03-10,149,HFO,71.19,17.6,422.4,24,524.824,0.71,Rough,FMS_MARITIME,2026-04-06
2022-03-11,149,VLSFO,48.54,8.5,204.0,24,740.9488,0.95,Moderate,FMS_MARITIME,2026-04-06
2022-03-12,149,HFO,33.44,9.0,216.0,24,482.0933,0.43,Moderate,FMS_MARITIME,2026-04-06
2022-03-13,149,LSMGO,67.3,14.8,355.2,24,590.0118,0.91,Moderate,FMS_MARITIME,2026-04-06
2022-03-14,149,HFO,21.14,16.5,396.0,24,166.2373,0.71,Calm,FMS_MARITIME,2026-04-06
2022-03-15,149,VLSFO,66.86,12.8,307.2,24,677.741,0.64,Calm,FMS_MARITIME,2026-04-06
2022-03-16,149,MGO,46.25,12.7,304.8,24,472.5148,0.83,Calm,FMS_MARITIME,2026-04-06
2022-03-17,149,MGO,47.2,10.9,261.6,24,561.8532,0.49,Moderate,FMS_MARITIME,2026-04-06
2022-03-18,149,LNG,43.98,9.5,228.0,24,600.6742,0.95,Moderate,FMS_MARITIME,2026-04-06
2022-03-19,149,LSMGO,54.29,8.2,196.8,24,859.0399,0.91,Rough,FMS_MARITIME,2026-04-06
2022-03-20,149,LNG,30.19,12.1,290.4,24,323.7316,0.98,Calm,FMS_MARITIME,2026-04-06
2022-03-21,149,MGO,18.55,17.2,412.8,24,139.9339,0.72,Calm,FMS_MARITIME,2026-04-06
2022-03-22,149,LSMGO,20.12,8.9,213.6,24,293.3225,0.95,Moderate,FMS_MARITIME,2026-04-06
2022-03-23,149,VLSFO,33.12,14.5,348.0,24,296.3669,0.52,Calm,FMS_MARITIME,2026-04-06
2022-03-24,149,LSMGO,60.01,8.6,206.4,24,905.3834,0.51,Moderate,FMS_MARITIME,2026-04-06
2022-03-25,149,LSMGO,58.53,11.6,278.4,24,654.6782,0.4,Moderate,FMS_MARITIME,2026-04-06
2022-03-26,149,LSMGO,65.48,16.3,391.2,24,521.2288,0.44,Rough,FMS_MARITIME,2026-04-06
2022-03-27,149,LSMGO,59.63,8.8,211.2,24,879.2037,0.48,Moderate,FMS_MARITIME,2026-04-06
2022-03-28,149,HFO,39.29,8.7,208.8,24,585.9629,0.44,Calm,FMS_MARITIME,2026-04-06
2022-03-28,149,HFO,82.93,18.0,432.0,24,597.7871,0.82,Moderate,FMS_MARITIME,2026-04-06
2022-03-28,149,VLSFO,33.02,14.3,343.2,24,299.6045,0.79,Calm,FMS_MARITIME,2026-04-06
2022-03-01,150,LSMGO,30.3,11.2,268.8,24,351.0201,0.9,Rough,FMS_MARITIME,2026-04-06
2022-03-02,150,VLSFO,47.77,16.5,396.0,24,375.6459,0.67,Calm,FMS_MARITIME,2026-04-06
2022-03-03,150,MGO,52.87,8.6,206.4,24,797.6608,0.76,Rough,FMS_MARITIME,2026-04-06
2022-03-04,150,HFO,17.68,10.7,256.8,24,214.3907,0.57,Rough,FMS_MARITIME,2026-04-06
2022-03-05,150,LNG,32.46,11.0,264.0,24,382.8805,0.66,Rough,FMS_MARITIME,2026-04-06
2022-03-06,150,LNG,79.04,14.5,348.0,24,707.2717,0.67,Calm,FMS_MARITIME,2026-04-06
2022-03-07,150,MGO,59.7,12.4,297.6,24,624.6835,0.91,Calm,FMS_MARITIME,2026-04-06
2022-03-08,150,HFO,73.86,14.6,350.4,24,656.3928,0.64,Rough,FMS_MARITIME,2026-04-06
2022-03-09,150,MGO,26.02,11.5,276.0,24,293.5735,0.9,Moderate,FMS_MARITIME,2026-04-06
2022-03-10,150,VLSFO,79.4,15.0,360.0,24,686.81,0.67,Rough,FMS_MARITIME,2026-04-06
2022-03-11,150,LSMGO,69.38,16.1,386.4,24,559.1339,0.68,Moderate,FMS_MARITIME,2026-04-06
2022-03-12,150,VLSFO,75.31,15.9,381.6,24,614.558,0.98,Rough,FMS_MARITIME,2026-04-06
2022-03-13,150,LSMGO,30.98,13.6,326.4,24,295.5629,0.86,Rough,FMS_MARITIME,2026-04-06
2022-03-14,150,LSMGO,82.84,9.7,232.8,24,1108.0918,0.67,Rough,FMS_MARITIME,2026-04-06
2022-03-15,150,MGO,22.36,15.6,374.4,24,185.975,0.86,Rough,FMS_MARITIME,2026-04-06
2022-03-16,150,HFO,50.76,9.5,228.0,24,693.2747,0.89,Calm,FMS_MARITIME,2026-04-06
2022-03-17,150,HFO,53.85,13.7,328.8,24,510.0027,0.66,Moderate,FMS_MARITIME,2026-04-06
2022-03-18,150,LSMGO,70.68,10.6,254.4,24,865.1632,0.79,Rough,FMS_MARITIME,2026-04-06
2022-03-19,150,LNG,72.7,12.4,297.6,24,760.7117,0.97,Rough,FMS_MARITIME,2026-04-06
2022-03-20,150,MGO,74.29,15.5,372.0,24,621.8792,0.82,Moderate,FMS_MARITIME,2026-04-06
2022-03-21,150,LNG,20.96,10.8,259.2,24,251.8111,0.72,Rough,FMS_MARITIME,2026-04-06
2022-03-22,150,HFO,57.79,9.8,235.2,24,765.1278,0.65,Calm,FMS_MARITIME,2026-04-06
2022-03-23,150,HFO,71.85,15.2,364.8,24,613.3248,0.75,Moderate,FMS_MARITIME,2026-04-06
2022-03-24,150,LSMGO,28.64,13.6,326.4,24,273.2382,0.63,Moderate,FMS_MARITIME,2026-04-06
2022-03-25,150,LNG,61.24,8.2,196.8,24,969.011,0.55,Rough,FMS_MARITIME,2026-04-06
2022-03-26,150,LSMGO,62.71,11.5,276.0,24,707.5324,0.71,Rough,FMS_MARITIME,2026-04-06
2022-03-27,150,LNG,79.48,13.5,324.0,24,763.8911,0.8,Moderate,FMS_MARITIME,2026-04-06
2022-03-28,150,HFO,29.18,9.5,228.0,24,398.5374,0.46,Rough,FMS_MARITIME,2026-04-06
2022-03-28,150,MGO,18.53,12.4,297.6,24,193.8925,0.51,Moderate,FMS_MARITIME,2026-04-06
2022-03-28,150,LNG,79.54,17.4,417.6,24,593.1216,0.8,Calm,FMS_MARITIME,2026-04-06
