log_date,vessel_id,fuel_grade,consumption_mt,speed_knots,distance_nm,running_hours,eeoi,load_factor,sea_condition,source_system,ingestion_date
2021-01-01,1,HFO,82.05,13.4,321.6,24,794.4767,0.84,Moderate,FMS_MARITIME,2026-04-06
2021-01-02,1,MGO,25.94,10.6,254.4,24,317.5203,0.77,Rough,FMS_MARITIME,2026-04-06
2021-01-03,1,HFO,53.5,16.2,388.8,24,428.4954,0.82,Calm,FMS_MARITIME,2026-04-06
2021-01-04,1,LNG,30.74,15.4,369.6,24,258.9945,0.82,Moderate,FMS_MARITIME,2026-04-06
2021-01-05,1,VLSFO,75.28,9.8,235.2,24,996.6918,0.94,Calm,FMS_MARITIME,2026-04-06
2021-01-06,1,HFO,30.55,16.2,388.8,24,244.6829,0.58,Rough,FMS_MARITIME,2026-04-06
2021-01-07,1,LNG,19.16,16.2,388.8,24,153.4574,0.83,Moderate,FMS_MARITIME,2026-04-06
2021-01-08,1,VLSFO,38.18,12.0,288.0,24,412.8212,0.67,Calm,FMS_MARITIME,2026-04-06
2021-01-09,1,VLSFO,36.26,13.5,324.0,24,348.4989,0.75,Moderate,FMS_MARITIME,2026-04-06
2021-01-10,1,MGO,58.86,14.2,340.8,24,537.8229,0.41,Rough,FMS_MARITIME,2026-04-06
2021-01-11,1,LNG,75.14,8.0,192.0,24,1218.6769,0.58,Calm,FMS_MARITIME,2026-04-06
2021-01-12,1,MGO,49.66,12.2,292.8,24,528.1463,0.85,Calm,FMS_MARITIME,2026-04-06
2021-01-13,1,HFO,53.19,9.7,232.8,24,711.4848,0.74,Calm,FMS_MARITIME,2026-04-06
2021-01-14,1,HFO,26.61,14.0,336.0,24,246.6177,0.94,Moderate,FMS_MARITIME,2026-04-06
2021-01-15,1,HFO,31.67,16.8,403.2,24,244.5942,0.57,Rough,FMS_MARITIME,2026-04-06
2021-01-16,1,VLSFO,17.42,13.7,328.8,24,164.9814,0.5,Calm,FMS_MARITIME,2026-04-06
2021-01-17,1,VLSFO,28.47,11.5,276.0,24,321.2159,0.5,Calm,FMS_MARITIME,2026-04-06
2021-01-18,1,VLSFO,19.71,10.4,249.6,24,245.9012,0.89,Rough,FMS_MARITIME,2026-04-06
2021-01-19,1,HFO,39.08,16.1,386.4,24,314.946,0.47,Rough,FMS_MARITIME,2026-04-06
2021-01-20,1,MGO,38.64,10.3,247.2,24,486.7515,0.88,Rough,FMS_MARITIME,2026-04-06
2021-01-21,1,LNG,30.82,17.0,408.0,24,235.2291,0.75,Rough,FMS_MARITIME,2026-04-06
2021-01-22,1,VLSFO,34.94,16.1,386.4,24,281.5817,0.77,Calm,FMS_MARITIME,2026-04-06
2021-01-23,1,VLSFO,26.35,9.9,237.6,24,345.3447,0.64,Calm,FMS_MARITIME,2026-04-06
2021-01-24,1,LSMGO,24.26,13.9,333.6,24,226.4558,0.42,Rough,FMS_MARITIME,2026-04-06
2021-01-25,1,VLSFO,52.69,15.5,372.0,24,441.0663,0.47,Moderate,FMS_MARITIME,2026-04-06
2021-01-26,1,LSMGO,21.33,15.5,372.0,24,178.5527,0.43,Moderate,FMS_MARITIME,2026-04-06
2021-01-27,1,LSMGO,42.5,15.5,372.0,24,355.7661,0.76,Calm,FMS_MARITIME,2026-04-06
2021-01-28,1,VLSFO,23.25,17.5,420.0,24,172.3821,0.98,Moderate,FMS_MARITIME,2026-04-06
2021-01-28,1,MGO,48.68,10.0,240.0,24,631.623,0.75,Moderate,FMS_MARITIME,2026-04-06
2021-01-28,1,LNG,78.45,9.6,230.4,24,1060.3008,0.51,Moderate,FMS_MARITIME,2026-04-06
2021-01-01,2,LNG,54.65,14.4,345.6,24,492.4193,0.61,Calm,FMS_MARITIME,2026-04-06
2021-01-02,2,LNG,27.66,13.9,333.6,24,258.1932,0.45,Calm,FMS_MARITIME,2026-04-06
2021-01-03,2,LNG,41.07,9.0,216.0,24,592.0925,0.48,Moderate,FMS_MARITIME,2026-04-06
2021-01-04,2,MGO,34.18,16.5,396.0,24,268.7791,0.49,Rough,FMS_MARITIME,2026-04-06
2021-01-05,2,LNG,42.9,14.3,343.2,24,389.25,0.46,Calm,FMS_MARITIME,2026-04-06
2021-01-06,2,LNG,77.32,15.0,360.0,24,668.818,0.47,Calm,FMS_MARITIME,2026-04-06
2021-01-07,2,VLSFO,54.98,8.3,199.2,24,859.4765,0.8,Rough,FMS_MARITIME,2026-04-06
2021-01-08,2,VLSFO,37.08,17.0,408.0,24,283.0076,0.56,Calm,FMS_MARITIME,2026-04-06
2021-01-09,2,MGO,22.41,9.7,232.8,24,299.7626,0.81,Moderate,FMS_MARITIME,2026-04-06
2021-01-10,2,MGO,37.25,11.5,276.0,24,420.2772,0.53,Calm,FMS_MARITIME,2026-04-06
2021-01-11,2,MGO,59.79,9.0,216.0,24,861.9725,0.54,Calm,FMS_MARITIME,2026-04-06
2021-01-12,2,LSMGO,45.91,13.2,316.8,24,451.2744,0.68,Calm,FMS_MARITIME,2026-04-06
2021-01-13,2,VLSFO,57.38,10.6,254.4,24,702.3637,0.62,Rough,FMS_MARITIME,2026-04-06
2021-01-14,2,HFO,24.19,10.5,252.0,24,298.9193,0.7,Calm,FMS_MARITIME,2026-04-06
2021-01-15,2,MGO,32.81,15.1,362.4,24,281.927,0.82,Rough,FMS_MARITIME,2026-04-06
2021-01-16,2,HFO,56.35,15.9,381.6,24,459.8373,0.58,Rough,FMS_MARITIME,2026-04-06
2021-01-17,2,LNG,17.9,12.8,307.2,24,181.4473,0.78,Rough,FMS_MARITIME,2026-04-06
2021-01-18,2,VLSFO,29.63,10.0,240.0,24,384.4493,0.85,Rough,FMS_MARITIME,2026-04-06
2021-01-19,2,MGO,54.07,13.9,333.6,24,504.7182,0.46,Rough,FMS_MARITIME,2026-04-06
2021-01-20,2,LNG,26.62,17.4,417.6,24,198.5026,0.83,Rough,FMS_MARITIME,2026-04-06
2021-01-21,2,HFO,45.33,10.9,261.6,24,539.5933,0.93,Moderate,FMS_MARITIME,2026-04-06
2021-01-22,2,MGO,69.99,14.4,345.6,24,630.6391,0.84,Rough,FMS_MARITIME,2026-04-06
2021-01-23,2,VLSFO,66.72,9.9,237.6,24,874.4364,0.98,Moderate,FMS_MARITIME,2026-04-06
2021-01-24,2,LNG,64.74,15.0,360.0,24,560.001,0.48,Calm,FMS_MARITIME,2026-04-06
2021-01-25,2,LNG,50.55,8.2,196.8,24,799.8613,0.69,Rough,FMS_MARITIME,2026-04-06
2021-01-26,2,MGO,26.78,13.8,331.2,24,251.7902,0.95,Rough,FMS_MARITIME,2026-04-06
2021-01-27,2,HFO,66.6,16.7,400.8,24,517.4461,0.87,Moderate,FMS_MARITIME,2026-04-06
2021-01-28,2,VLSFO,26.13,9.7,232.8,24,349.5224,0.92,Calm,FMS_MARITIME,2026-04-06
2021-01-28,2,MGO,52.33,15.5,372.0,24,438.0527,0.84,Rough,FMS_MARITIME,2026-04-06
2021-01-28,2,MGO,43.4,17.3,415.2,24,325.5,0.67,Rough,FMS_MARITIME,2026-04-06
2021-01-01,3,MGO,56.23,12.1,290.4,24,602.9622,0.93,Rough,FMS_MARITIME,2026-04-06
2021-01-02,3,VLSFO,74.58,8.1,194.4,24,1194.6611,0.88,Calm,FMS_MARITIME,2026-04-06
2021-01-03,3,LSMGO,21.1,17.2,412.8,24,159.1701,0.74,Rough,FMS_MARITIME,2026-04-06
2021-01-04,3,LNG,15.94,8.1,194.4,24,255.3352,0.64,Rough,FMS_MARITIME,2026-04-06
2021-01-05,3,LNG,24.41,12.4,297.6,24,255.4192,0.4,Moderate,FMS_MARITIME,2026-04-06
2021-01-06,3,LSMGO,18.68,16.3,391.2,24,148.6951,0.62,Calm,FMS_MARITIME,2026-04-06
2021-01-07,3,MGO,48.4,9.9,237.6,24,634.3333,0.79,Calm,FMS_MARITIME,2026-04-06
2021-01-08,3,HFO,58.02,15.2,364.8,24,495.2694,0.84,Calm,FMS_MARITIME,2026-04-06
2021-01-09,3,VLSFO,32.19,13.7,328.8,24,304.8651,0.72,Calm,FMS_MARITIME,2026-04-06
2021-01-10,3,LNG,35.85,9.3,223.2,24,500.1653,0.46,Rough,FMS_MARITIME,2026-04-06
2021-01-11,3,HFO,74.65,10.2,244.8,24,949.5919,0.65,Calm,FMS_MARITIME,2026-04-06
2021-01-12,3,LNG,25.05,17.3,415.2,24,187.875,0.8,Moderate,FMS_MARITIME,2026-04-06
2021-01-13,3,LNG,43.02,12.0,288.0,24,465.1537,0.9,Calm,FMS_MARITIME,2026-04-06
2021-01-14,3,VLSFO,45.51,12.7,304.8,24,464.9545,0.63,Calm,FMS_MARITIME,2026-04-06
2021-01-15,3,MGO,64.93,15.1,362.4,24,557.925,0.41,Rough,FMS_MARITIME,2026-04-06
2021-01-16,3,VLSFO,47.41,11.3,271.2,24,544.3759,0.56,Calm,FMS_MARITIME,2026-04-06
2021-01-17,3,VLSFO,44.79,12.4,297.6,24,468.6696,0.91,Rough,FMS_MARITIME,2026-04-06
2021-01-18,3,VLSFO,83.81,9.1,218.4,24,1194.9832,0.87,Calm,FMS_MARITIME,2026-04-06
2021-01-19,3,LSMGO,80.58,8.1,194.4,24,1290.7722,0.56,Rough,FMS_MARITIME,2026-04-06
2021-01-20,3,VLSFO,45.47,8.9,213.6,24,662.8913,0.96,Rough,FMS_MARITIME,2026-04-06
2021-01-21,3,MGO,39.43,9.0,216.0,24,568.4492,0.47,Rough,FMS_MARITIME,2026-04-06
2021-01-22,3,LNG,27.51,10.0,240.0,24,356.9423,0.8,Moderate,FMS_MARITIME,2026-04-06
2021-01-23,3,LNG,48.36,13.2,316.8,24,475.3568,0.94,Calm,FMS_MARITIME,2026-04-06
2021-01-24,3,MGO,63.48,12.2,292.8,24,675.1254,0.76,Calm,FMS_MARITIME,2026-04-06
2021-01-25,3,MGO,18.15,14.2,340.8,24,165.8424,0.93,Calm,FMS_MARITIME,2026-04-06
2021-01-26,3,HFO,75.08,12.7,304.8,24,767.0575,0.71,Moderate,FMS_MARITIME,2026-04-06
2021-01-27,3,LNG,21.06,8.2,196.8,24,333.236,0.77,Rough,FMS_MARITIME,2026-04-06
2021-01-28,3,VLSFO,35.98,9.9,237.6,24,471.5561,0.42,Calm,FMS_MARITIME,2026-04-06
2021-01-28,3,MGO,30.34,10.9,261.6,24,361.1573,0.56,Moderate,FMS_MARITIME,2026-04-06
2021-01-28,3,VLSFO,49.73,8.8,211.2,24,733.2349,0.56,Moderate,FMS_MARITIME,2026-04-06
2021-01-01,4,LSMGO,70.73,15.8,379.2,24,580.8366,0.89,Rough,FMS_MARITIME,2026-04-06
2021-01-02,4,HFO,54.92,10.6,254.4,24,672.2519,0.5,Moderate,FMS_MARITIME,2026-04-06
2021-01-03,4,VLSFO,40.88,15.7,376.8,24,337.8459,0.63,Calm,FMS_MARITIME,2026-04-06
2021-01-04,4,MGO,54.75,12.2,292.8,24,582.2797,0.81,Calm,FMS_MARITIME,2026-04-06
2021-01-05,4,MGO,45.37,10.0,240.0,24,588.6757,0.44,Calm,FMS_MARITIME,2026-04-06
2021-01-06,4,MGO,15.22,17.8,427.2,24,110.9435,0.54,Moderate,FMS_MARITIME,2026-04-06
2021-01-07,4,MGO,36.91,14.3,343.2,24,334.9002,0.5,Moderate,FMS_MARITIME,2026-04-06
2021-01-08,4,LSMGO,31.41,15.3,367.2,24,266.3691,0.76,Calm,FMS_MARITIME,2026-04-06
2021-01-09,4,LSMGO,30.43,13.8,331.2,24,286.1082,0.45,Rough,FMS_MARITIME,2026-04-06
2021-01-10,4,LNG,36.33,12.3,295.2,24,383.2372,0.84,Moderate,FMS_MARITIME,2026-04-06
2021-01-11,4,LSMGO,50.36,10.2,244.8,24,640.6088,0.56,Calm,FMS_MARITIME,2026-04-06
2021-01-12,4,LNG,42.73,12.6,302.4,24,440.0173,0.45,Moderate,FMS_MARITIME,2026-04-06
2021-01-13,4,MGO,82.41,16.4,393.6,24,651.9937,0.93,Moderate,FMS_MARITIME,2026-04-06
2021-01-14,4,VLSFO,74.44,17.0,408.0,24,568.1524,0.81,Moderate,FMS_MARITIME,2026-04-06
2021-01-15,4,HFO,43.29,15.6,374.4,24,360.0562,0.62,Moderate,FMS_MARITIME,2026-04-06
2021-01-16,4,MGO,21.1,16.8,403.2,24,162.9598,0.89,Rough,FMS_MARITIME,2026-04-06
2021-01-17,4,HFO,17.35,14.1,338.4,24,159.6569,0.49,Moderate,FMS_MARITIME,2026-04-06
2021-01-18,4,HFO,26.69,17.2,412.8,24,201.3388,0.41,Rough,FMS_MARITIME,2026-04-06
2021-01-19,4,LNG,17.87,11.1,266.4,24,208.8858,0.79,Rough,FMS_MARITIME,2026-04-06
2021-01-20,4,VLSFO,35.3,11.9,285.6,24,384.8887,0.62,Moderate,FMS_MARITIME,2026-04-06
2021-01-21,4,VLSFO,77.96,8.3,199.2,24,1218.712,0.82,Moderate,FMS_MARITIME,2026-04-06
2021-01-22,4,LSMGO,44.74,10.7,256.8,24,542.5248,0.55,Calm,FMS_MARITIME,2026-04-06
2021-01-23,4,VLSFO,60.12,12.0,288.0,24,650.0475,0.41,Moderate,FMS_MARITIME,2026-04-06
2021-01-24,4,HFO,70.4,12.7,304.8,24,719.2441,0.73,Calm,FMS_MARITIME,2026-04-06
2021-01-25,4,LNG,27.84,9.8,235.2,24,368.5959,0.93,Moderate,FMS_MARITIME,2026-04-06
2021-01-26,4,HFO,59.97,17.1,410.4,24,455.0355,0.77,Rough,FMS_MARITIME,2026-04-06
2021-01-27,4,LNG,60.29,12.5,300.0,24,625.8102,0.6,Rough,FMS_MARITIME,2026-04-06
2021-01-28,4,HFO,62.34,15.6,374.4,24,518.501,0.63,Calm,FMS_MARITIME,2026-04-06
2021-01-28,4,VLSFO,29.3,13.7,328.8,24,277.4945,0.82,Rough,FMS_MARITIME,2026-04-06
2021-01-28,4,LNG,74.35,14.2,340.8,24,679.36,0.99,Calm,FMS_MARITIME,2026-04-06
2021-01-01,5,MGO,37.04,15.4,369.6,24,312.074,0.91,Rough,FMS_MARITIME,2026-04-06
2021-01-02,5,VLSFO,54.97,14.4,345.6,24,495.3026,0.9,Rough,FMS_MARITIME,2026-04-06
2021-01-03,5,LSMGO,33.37,12.6,302.4,24,343.6315,0.65,Rough,FMS_MARITIME,2026-04-06
2021-01-04,5,LNG,53.15,15.6,374.4,24,442.0649,0.81,Moderate,FMS_MARITIME,2026-04-06
2021-01-05,5,VLSFO,42.35,8.3,199.2,24,662.0377,0.9,Calm,FMS_MARITIME,2026-04-06
2021-01-06,5,HFO,26.4,12.0,288.0,24,285.45,0.68,Rough,FMS_MARITIME,2026-04-06
2021-01-07,5,LSMGO,68.67,13.8,331.2,24,645.6473,0.9,Calm,FMS_MARITIME,2026-04-06
2021-01-08,5,LSMGO,54.67,14.7,352.8,24,482.5464,0.96,Moderate,FMS_MARITIME,2026-04-06
2021-01-09,5,MGO,25.77,9.2,220.8,24,363.441,0.98,Calm,FMS_MARITIME,2026-04-06
2021-01-10,5,HFO,31.34,15.7,376.8,24,259.0041,0.67,Calm,FMS_MARITIME,2026-04-06
2021-01-11,5,MGO,72.57,13.3,319.2,24,707.9667,0.77,Calm,FMS_MARITIME,2026-04-06
2021-01-12,5,HFO,35.44,12.1,290.4,24,380.0281,0.52,Rough,FMS_MARITIME,2026-04-06
2021-01-13,5,VLSFO,63.09,13.9,333.6,24,588.9156,0.98,Calm,FMS_MARITIME,2026-04-06
2021-01-14,5,MGO,31.62,14.7,352.8,24,279.0949,0.58,Rough,FMS_MARITIME,2026-04-06
2021-01-15,5,MGO,16.35,14.0,336.0,24,151.5295,0.62,Rough,FMS_MARITIME,2026-04-06
2021-01-16,5,HFO,44.3,14.1,338.4,24,407.6543,1.0,Rough,FMS_MARITIME,2026-04-06
2021-01-17,5,LSMGO,58.19,9.8,235.2,24,770.4237,0.66,Calm,FMS_MARITIME,2026-04-06
2021-01-18,5,LSMGO,84.74,11.7,280.8,24,939.7449,0.5,Moderate,FMS_MARITIME,2026-04-06
2021-01-19,5,MGO,78.87,10.3,247.2,24,993.5323,0.8,Calm,FMS_MARITIME,2026-04-06
2021-01-20,5,HFO,63.82,16.1,386.4,24,514.3258,0.68,Rough,FMS_MARITIME,2026-04-06
2021-01-21,5,HFO,48.0,9.1,218.4,24,684.3956,0.63,Moderate,FMS_MARITIME,2026-04-06
2021-01-22,5,VLSFO,33.98,17.5,420.0,24,251.9374,0.81,Moderate,FMS_MARITIME,2026-04-06
2021-01-23,5,HFO,51.94,16.8,403.2,24,401.1437,0.46,Rough,FMS_MARITIME,2026-04-06
2021-01-24,5,LSMGO,76.77,16.5,396.0,24,603.6914,0.95,Rough,FMS_MARITIME,2026-04-06
2021-01-25,5,LSMGO,74.49,9.4,225.6,24,1028.1997,0.46,Calm,FMS_MARITIME,2026-04-06
2021-01-26,5,HFO,46.41,10.0,240.0,24,602.1698,0.47,Calm,FMS_MARITIME,2026-04-06
2021-01-27,5,LNG,83.41,17.4,417.6,24,621.9797,0.78,Calm,FMS_MARITIME,2026-04-06
2021-01-28,5,HFO,18.35,12.5,300.0,24,190.473,0.71,Rough,FMS_MARITIME,2026-04-06
2021-01-28,5,HFO,59.84,8.3,199.2,24,935.4506,0.67,Moderate,FMS_MARITIME,2026-04-06
2021-01-28,5,LNG,26.59,9.5,228.0,24,363.1634,0.73,Rough,FMS_MARITIME,2026-04-06
2021-01-01,6,MGO,35.72,16.7,400.8,24,277.5251,0.91,Moderate,FMS_MARITIME,2026-04-06
2021-01-02,6,HFO,17.11,15.5,372.0,24,143.2273,0.67,Rough,FMS_MARITIME,2026-04-06
2021-01-03,6,MGO,55.56,13.1,314.4,24,550.2985,0.97,Calm,FMS_MARITIME,2026-04-06
2021-01-04,6,MGO,47.68,14.4,345.6,24,429.6167,0.45,Moderate,FMS_MARITIME,2026-04-06
2021-01-05,6,LSMGO,44.61,13.4,321.6,24,431.9513,0.81,Rough,FMS_MARITIME,2026-04-06
2021-01-06,6,HFO,77.6,14.0,336.0,24,719.1857,0.5,Moderate,FMS_MARITIME,2026-04-06
2021-01-07,6,LSMGO,24.27,12.1,290.4,24,260.2506,0.42,Calm,FMS_MARITIME,2026-04-06
2021-01-08,6,HFO,31.81,16.4,393.6,24,251.6675,0.67,Rough,FMS_MARITIME,2026-04-06
2021-01-09,6,LNG,27.27,15.6,374.4,24,226.813,0.52,Moderate,FMS_MARITIME,2026-04-06
2021-01-10,6,LSMGO,30.28,10.8,259.2,24,363.7806,0.63,Rough,FMS_MARITIME,2026-04-06
2021-01-11,6,LSMGO,32.72,9.8,235.2,24,433.2061,0.81,Moderate,FMS_MARITIME,2026-04-06
2021-01-12,6,HFO,20.69,17.0,408.0,24,157.9134,0.84,Moderate,FMS_MARITIME,2026-04-06
2021-01-13,6,VLSFO,80.13,16.1,386.4,24,645.7682,0.58,Rough,FMS_MARITIME,2026-04-06
2021-01-14,6,LSMGO,30.05,16.8,403.2,24,232.0826,0.41,Calm,FMS_MARITIME,2026-04-06
2021-01-15,6,VLSFO,25.93,17.4,417.6,24,193.3573,0.68,Calm,FMS_MARITIME,2026-04-06
2021-01-16,6,MGO,53.59,8.1,194.4,24,858.4324,0.74,Moderate,FMS_MARITIME,2026-04-06
2021-01-17,6,HFO,79.88,16.2,388.8,24,639.7796,0.55,Moderate,FMS_MARITIME,2026-04-06
2021-01-18,6,VLSFO,46.42,14.5,348.0,24,415.379,0.95,Moderate,FMS_MARITIME,2026-04-06
2021-01-19,6,MGO,37.28,10.4,249.6,24,465.1038,0.43,Moderate,FMS_MARITIME,2026-04-06
2021-01-20,6,MGO,68.49,10.2,244.8,24,871.2331,0.7,Calm,FMS_MARITIME,2026-04-06
2021-01-21,6,MGO,72.06,15.0,360.0,24,623.319,0.87,Moderate,FMS_MARITIME,2026-04-06
2021-01-22,6,LNG,82.96,14.8,355.2,24,727.3014,0.9,Moderate,FMS_MARITIME,2026-04-06
2021-01-23,6,LSMGO,77.92,16.4,393.6,24,616.4707,0.49,Moderate,FMS_MARITIME,2026-04-06
2021-01-24,6,LNG,54.9,16.7,400.8,24,426.5434,0.55,Moderate,FMS_MARITIME,2026-04-06
2021-01-25,6,LNG,64.86,10.8,259.2,24,779.2208,0.49,Calm,FMS_MARITIME,2026-04-06
2021-01-26,6,HFO,31.16,17.6,422.4,24,229.7165,0.63,Moderate,FMS_MARITIME,2026-04-06
2021-01-27,6,LSMGO,58.75,14.0,336.0,24,544.4866,0.64,Rough,FMS_MARITIME,2026-04-06
2021-01-28,6,MGO,41.1,8.7,208.8,24,612.9569,0.74,Moderate,FMS_MARITIME,2026-04-06
2021-01-28,6,VLSFO,74.87,17.7,424.8,24,548.8352,0.48,Calm,FMS_MARITIME,2026-04-06
2021-01-28,6,LSMGO,28.02,17.5,420.0,24,207.7483,0.63,Calm,FMS_MARITIME,2026-04-06
2021-01-01,7,VLSFO,54.46,17.6,422.4,24,401.4878,0.41,Moderate,FMS_MARITIME,2026-04-06
2021-01-02,7,LSMGO,82.65,12.0,288.0,24,893.6531,0.75,Calm,FMS_MARITIME,2026-04-06
2021-01-03,7,LSMGO,39.13,9.9,237.6,24,512.8402,0.99,Rough,FMS_MARITIME,2026-04-06
2021-01-04,7,LSMGO,25.8,14.6,350.4,24,229.2842,0.87,Rough,FMS_MARITIME,2026-04-06
2021-01-05,7,LSMGO,30.07,13.5,324.0,24,289.0061,0.84,Moderate,FMS_MARITIME,2026-04-06
2021-01-06,7,LNG,47.48,13.6,326.4,24,452.9801,0.67,Calm,FMS_MARITIME,2026-04-06
2021-01-07,7,HFO,69.67,11.7,280.8,24,772.6224,0.58,Calm,FMS_MARITIME,2026-04-06
2021-01-08,7,LSMGO,27.09,10.5,252.0,24,334.755,0.97,Moderate,FMS_MARITIME,2026-04-06
2021-01-09,7,HFO,71.92,17.0,408.0,24,548.9188,0.6,Rough,FMS_MARITIME,2026-04-06
2021-01-10,7,LSMGO,28.27,13.3,319.2,24,275.7919,0.45,Calm,FMS_MARITIME,2026-04-06
2021-01-11,7,HFO,17.05,12.0,288.0,24,184.3531,0.57,Calm,FMS_MARITIME,2026-04-06
2021-01-12,7,LNG,61.08,14.5,348.0,24,546.5607,0.96,Calm,FMS_MARITIME,2026-04-06
2021-01-13,7,HFO,65.71,16.4,393.6,24,519.8703,0.97,Moderate,FMS_MARITIME,2026-04-06
2021-01-14,7,HFO,61.29,15.4,369.6,24,516.3881,0.92,Rough,FMS_MARITIME,2026-04-06
2021-01-15,7,MGO,19.95,17.4,417.6,24,148.7651,0.47,Calm,FMS_MARITIME,2026-04-06
2021-01-16,7,MGO,55.24,13.2,316.8,24,542.9841,0.49,Rough,FMS_MARITIME,2026-04-06
2021-01-17,7,HFO,47.91,16.4,393.6,24,379.0441,0.75,Rough,FMS_MARITIME,2026-04-06
2021-01-18,7,LNG,37.91,12.3,295.2,24,399.9043,0.58,Rough,FMS_MARITIME,2026-04-06
2021-01-19,7,VLSFO,80.79,15.9,381.6,24,659.2769,0.58,Calm,FMS_MARITIME,2026-04-06
2021-01-20,7,VLSFO,82.87,11.3,271.2,24,951.5383,0.43,Calm,FMS_MARITIME,2026-04-06
2021-01-21,7,HFO,73.22,10.3,247.2,24,922.3587,0.74,Moderate,FMS_MARITIME,2026-04-06
2021-01-22,7,HFO,44.97,17.9,429.6,24,325.9697,0.77,Moderate,FMS_MARITIME,2026-04-06
2021-01-23,7,VLSFO,58.43,13.6,326.4,24,557.448,0.95,Rough,FMS_MARITIME,2026-04-06
2021-01-24,7,LSMGO,72.91,17.4,417.6,24,543.6823,0.95,Calm,FMS_MARITIME,2026-04-06
2021-01-25,7,LNG,75.01,14.5,348.0,24,671.2102,0.72,Calm,FMS_MARITIME,2026-04-06
2021-01-26,7,VLSFO,61.12,8.9,213.6,24,891.0472,0.78,Calm,FMS_MARITIME,2026-04-06
2021-01-27,7,HFO,43.59,12.5,300.0,24,452.4642,0.96,Moderate,FMS_MARITIME,2026-04-06
2021-01-28,7,VLSFO,83.47,13.7,328.8,24,790.5279,0.85,Rough,FMS_MARITIME,2026-04-06
2021-01-28,7,MGO,59.94,17.2,412.8,24,452.1637,0.91,Calm,FMS_MARITIME,2026-04-06
2021-01-28,7,MGO,70.68,11.1,266.4,24,826.1919,0.69,Calm,FMS_MARITIME,2026-04-06
2021-01-01,8,HFO,37.26,15.1,362.4,24,320.1646,0.79,Moderate,FMS_MARITIME,2026-04-06
2021-01-02,8,LNG,37.1,14.6,350.4,24,329.7072,0.46,Calm,FMS_MARITIME,2026-04-06
2021-01-03,8,VLSFO,49.71,13.0,312.0,24,496.144,0.44,Moderate,FMS_MARITIME,2026-04-06
2021-01-04,8,LSMGO,44.33,8.6,206.4,24,668.816,0.86,Calm,FMS_MARITIME,2026-04-06
2021-01-05,8,MGO,25.26,17.7,424.8,24,185.1686,0.9,Rough,FMS_MARITIME,2026-04-06
2021-01-06,8,HFO,56.83,16.4,393.6,24,449.6154,0.75,Rough,FMS_MARITIME,2026-04-06
2021-01-07,8,HFO,29.7,12.8,307.2,24,301.0605,0.51,Rough,FMS_MARITIME,2026-04-06
2021-01-08,8,MGO,35.57,9.8,235.2,24,470.9395,0.57,Moderate,FMS_MARITIME,2026-04-06
2021-01-09,8,MGO,57.63,10.9,261.6,24,686.0085,0.7,Calm,FMS_MARITIME,2026-04-06
2021-01-10,8,LNG,82.11,12.4,297.6,24,859.1752,0.92,Calm,FMS_MARITIME,2026-04-06
2021-01-11,8,HFO,19.6,11.2,268.8,24,227.0625,0.82,Moderate,FMS_MARITIME,2026-04-06
2021-01-12,8,LSMGO,20.34,12.1,290.4,24,218.1087,0.44,Moderate,FMS_MARITIME,2026-04-06
2021-01-13,8,LSMGO,83.42,14.3,343.2,24,756.9052,0.91,Moderate,FMS_MARITIME,2026-04-06
2021-01-14,8,VLSFO,63.66,8.9,213.6,24,928.077,0.92,Rough,FMS_MARITIME,2026-04-06
2021-01-15,8,LNG,33.76,11.5,276.0,24,380.9009,0.52,Moderate,FMS_MARITIME,2026-04-06
2021-01-16,8,LSMGO,71.98,8.4,201.6,24,1111.8339,0.88,Rough,FMS_MARITIME,2026-04-06
2021-01-17,8,HFO,39.24,8.0,192.0,24,636.4237,0.84,Calm,FMS_MARITIME,2026-04-06
2021-01-18,8,MGO,73.46,11.2,268.8,24,851.021,0.56,Rough,FMS_MARITIME,2026-04-06
2021-01-19,8,LSMGO,40.6,11.9,285.6,24,442.6765,0.8,Moderate,FMS_MARITIME,2026-04-06
2021-01-20,8,LNG,49.43,8.5,204.0,24,754.5344,0.4,Moderate,FMS_MARITIME,2026-04-06
2021-01-21,8,HFO,32.21,8.1,194.4,24,515.9565,0.83,Moderate,FMS_MARITIME,2026-04-06
2021-01-22,8,MGO,23.21,16.9,405.6,24,178.1951,0.99,Calm,FMS_MARITIME,2026-04-06
2021-01-23,8,LSMGO,70.19,14.0,336.0,24,650.5109,0.49,Calm,FMS_MARITIME,2026-04-06
2021-01-24,8,VLSFO,16.69,16.0,384.0,24,135.3455,0.75,Moderate,FMS_MARITIME,2026-04-06
2021-01-25,8,HFO,68.7,15.7,376.8,24,567.7596,0.54,Moderate,FMS_MARITIME,2026-04-06
2021-01-26,8,LNG,53.08,17.2,412.8,24,400.4145,0.81,Moderate,FMS_MARITIME,2026-04-06
2021-01-27,8,HFO,63.54,14.3,343.2,24,576.5255,0.8,Rough,FMS_MARITIME,2026-04-06
2021-01-28,8,MGO,25.61,13.4,321.6,24,247.9774,0.49,Rough,FMS_MARITIME,2026-04-06
2021-01-28,8,LNG,82.96,11.4,273.6,24,944.2158,0.57,Moderate,FMS_MARITIME,2026-04-06
2021-01-28,8,VLSFO,29.47,15.1,362.4,24,253.2273,0.83,Moderate,FMS_MARITIME,2026-04-06
2021-01-01,9,HFO,24.25,15.2,364.8,24,207.0025,0.96,Rough,FMS_MARITIME,2026-04-06
2021-01-02,9,HFO,36.0,17.9,429.6,24,260.9497,0.7,Rough,FMS_MARITIME,2026-04-06
2021-01-03,9,LNG,68.35,17.0,408.0,24,521.6713,0.69,Rough,FMS_MARITIME,2026-04-06
2021-01-04,9,LNG,57.36,15.2,364.8,24,489.6355,1.0,Calm,FMS_MARITIME,2026-04-06
2021-01-05,9,HFO,17.87,14.0,336.0,24,165.6166,0.76,Rough,FMS_MARITIME,2026-04-06
2021-01-06,9,MGO,73.74,8.9,213.6,24,1075.0298,0.92,Calm,FMS_MARITIME,2026-04-06
2021-01-07,9,VLSFO,62.65,8.9,213.6,24,913.3525,0.89,Moderate,FMS_MARITIME,2026-04-06
2021-01-08,9,MGO,38.47,9.0,216.0,24,554.6092,0.73,Rough,FMS_MARITIME,2026-04-06
2021-01-09,9,LNG,26.41,8.5,204.0,24,403.1409,0.54,Rough,FMS_MARITIME,2026-04-06
2021-01-10,9,LNG,56.58,9.2,220.8,24,797.9625,0.42,Moderate,FMS_MARITIME,2026-04-06
2021-01-11,9,VLSFO,62.06,16.0,384.0,24,503.2678,0.49,Moderate,FMS_MARITIME,2026-04-06
2021-01-12,9,HFO,78.35,10.3,247.2,24,986.9818,0.69,Moderate,FMS_MARITIME,2026-04-06
2021-01-13,9,LNG,34.5,11.6,278.4,24,385.8944,0.84,Calm,FMS_MARITIME,2026-04-06
2021-01-14,9,VLSFO,62.52,16.6,398.4,24,488.6729,0.95,Calm,FMS_MARITIME,2026-04-06
2021-01-15,9,MGO,67.55,8.8,211.2,24,995.9787,0.63,Calm,FMS_MARITIME,2026-04-06
2021-01-16,9,VLSFO,55.06,16.2,388.8,24,440.9898,0.75,Moderate,FMS_MARITIME,2026-04-06
2021-01-17,9,LNG,49.01,16.8,403.2,24,378.5147,1.0,Calm,FMS_MARITIME,2026-04-06
2021-01-18,9,MGO,27.59,16.7,400.8,24,214.3594,0.82,Rough,FMS_MARITIME,2026-04-06
2021-01-19,9,VLSFO,15.19,11.8,283.2,24,167.0256,0.99,Calm,FMS_MARITIME,2026-04-06
2021-01-20,9,LSMGO,20.16,15.5,372.0,24,168.7587,0.58,Calm,FMS_MARITIME,2026-04-06
2021-01-21,9,LNG,71.91,11.7,280.8,24,797.4635,0.4,Moderate,FMS_MARITIME,2026-04-06
2021-01-22,9,HFO,18.39,13.2,316.8,24,180.7653,0.64,Calm,FMS_MARITIME,2026-04-06
2021-01-23,9,HFO,31.71,12.0,288.0,24,342.8644,0.62,Calm,FMS_MARITIME,2026-04-06
2021-01-24,9,HFO,77.1,15.3,367.2,24,653.8382,0.79,Moderate,FMS_MARITIME,2026-04-06
2021-01-25,9,LSMGO,15.56,10.7,256.8,24,188.6832,0.75,Calm,FMS_MARITIME,2026-04-06
2021-01-26,9,LSMGO,56.06,16.6,398.4,24,438.1798,0.47,Calm,FMS_MARITIME,2026-04-06
2021-01-27,9,HFO,66.85,8.6,206.4,24,1008.5799,0.49,Calm,FMS_MARITIME,2026-04-06
2021-01-28,9,VLSFO,33.36,8.2,196.8,24,527.861,0.81,Moderate,FMS_MARITIME,2026-04-06
2021-01-28,9,LSMGO,54.79,15.6,374.4,24,455.7053,0.62,Calm,FMS_MARITIME,2026-04-06
2021-01-28,9,LNG,72.71,13.7,328.8,24,688.6221,0.42,Rough,FMS_MARITIME,2026-04-06
2021-01-01,10,VLSFO,45.13,15.2,364.8,24,385.238,0.92,Moderate,FMS_MARITIME,2026-04-06
2021-01-02,10,LNG,72.03,11.5,276.0,24,812.6863,0.96,Rough,FMS_MARITIME,2026-04-06
2021-01-03,10,LSMGO,71.79,11.2,268.8,24,831.6743,0.97,Calm,FMS_MARITIME,2026-04-06
2021-01-04,10,LSMGO,67.3,11.2,268.8,24,779.6585,0.57,Moderate,FMS_MARITIME,2026-04-06
2021-01-05,10,HFO,30.76,17.3,415.2,24,230.7,0.47,Calm,FMS_MARITIME,2026-04-06
2021-01-06,10,LSMGO,23.45,14.3,343.2,24,212.7719,0.76,Moderate,FMS_MARITIME,2026-04-06
2021-01-07,10,MGO,52.06,14.3,343.2,24,472.3626,0.93,Moderate,FMS_MARITIME,2026-04-06
2021-01-08,10,LNG,42.87,15.6,374.4,24,356.563,0.49,Calm,FMS_MARITIME,2026-04-06
2021-01-09,10,VLSFO,63.01,14.0,336.0,24,583.9677,0.47,Rough,FMS_MARITIME,2026-04-06
2021-01-10,10,LNG,37.04,13.0,312.0,24,369.6877,0.63,Calm,FMS_MARITIME,2026-04-06
2021-01-11,10,LNG,43.59,17.7,424.8,24,319.5369,0.9,Moderate,FMS_MARITIME,2026-04-06
2021-01-12,10,HFO,17.13,13.4,321.6,24,165.867,0.58,Rough,FMS_MARITIME,2026-04-06
2021-01-13,10,LNG,44.51,9.5,228.0,24,607.9129,0.41,Calm,FMS_MARITIME,2026-04-06
2021-01-14,10,MGO,84.6,11.5,276.0,24,954.5087,0.7,Calm,FMS_MARITIME,2026-04-06
2021-01-15,10,HFO,81.84,8.7,208.8,24,1220.5448,0.44,Calm,FMS_MARITIME,2026-04-06
2021-01-16,10,HFO,59.44,14.8,355.2,24,521.1041,0.65,Calm,FMS_MARITIME,2026-04-06
2021-01-17,10,LSMGO,18.78,11.2,268.8,24,217.5629,0.66,Calm,FMS_MARITIME,2026-04-06
2021-01-18,10,MGO,27.55,11.7,280.8,24,305.5224,0.45,Calm,FMS_MARITIME,2026-04-06
2021-01-19,10,LSMGO,36.53,13.9,333.6,24,340.9905,0.56,Rough,FMS_MARITIME,2026-04-06
2021-01-20,10,MGO,33.5,11.8,283.2,24,368.3581,0.53,Rough,FMS_MARITIME,2026-04-06
2021-01-21,10,LNG,63.61,16.1,386.4,24,512.6334,0.75,Moderate,FMS_MARITIME,2026-04-06
2021-01-22,10,HFO,23.62,15.2,364.8,24,201.6247,0.86,Rough,FMS_MARITIME,2026-04-06
2021-01-23,10,LNG,52.21,14.4,345.6,24,470.4339,0.98,Moderate,FMS_MARITIME,2026-04-06
2021-01-24,10,VLSFO,43.32,16.5,396.0,24,340.6527,0.66,Moderate,FMS_MARITIME,2026-04-06
2021-01-25,10,VLSFO,53.76,16.9,405.6,24,412.7432,0.93,Rough,FMS_MARITIME,2026-04-06
2021-01-26,10,LSMGO,33.47,14.1,338.4,24,307.9952,0.68,Rough,FMS_MARITIME,2026-04-06
2021-01-27,10,LNG,41.2,17.5,420.0,24,305.4686,0.43,Calm,FMS_MARITIME,2026-04-06
2021-01-28,10,LNG,84.57,17.7,424.8,24,619.9411,0.91,Rough,FMS_MARITIME,2026-04-06
2021-01-28,10,HFO,33.58,8.9,213.6,24,489.5511,0.88,Calm,FMS_MARITIME,2026-04-06
2021-01-28,10,LSMGO,26.48,13.6,326.4,24,252.6309,0.62,Moderate,FMS_MARITIME,2026-04-06
2021-01-01,11,VLSFO,28.28,10.4,249.6,24,352.8202,0.81,Rough,FMS_MARITIME,2026-04-06
2021-01-02,11,VLSFO,29.89,15.0,360.0,24,258.5485,0.53,Moderate,FMS_MARITIME,2026-04-06
2021-01-03,11,LSMGO,17.79,10.9,261.6,24,211.7663,0.95,Moderate,FMS_MARITIME,2026-04-06
2021-01-04,11,LNG,26.47,10.4,249.6,24,330.2387,0.96,Moderate,FMS_MARITIME,2026-04-06
2021-01-05,11,VLSFO,75.16,11.8,283.2,24,826.4415,0.55,Moderate,FMS_MARITIME,2026-04-06
2021-01-06,11,VLSFO,31.57,12.7,304.8,24,322.536,0.53,Rough,FMS_MARITIME,2026-04-06
2021-01-07,11,HFO,60.62,16.7,400.8,24,470.9847,0.48,Rough,FMS_MARITIME,2026-04-06
2021-01-08,11,MGO,55.27,9.8,235.2,24,731.7635,0.81,Calm,FMS_MARITIME,2026-04-06
2021-01-09,11,VLSFO,58.18,8.7,208.8,24,867.6845,0.86,Calm,FMS_MARITIME,2026-04-06
2021-01-10,11,VLSFO,35.53,13.2,316.8,24,349.2437,0.98,Moderate,FMS_MARITIME,2026-04-06
2021-01-11,11,LSMGO,57.33,14.6,350.4,24,509.4909,0.49,Rough,FMS_MARITIME,2026-04-06
2021-01-12,11,MGO,62.09,8.1,194.4,24,994.5898,0.89,Calm,FMS_MARITIME,2026-04-06
2021-01-13,11,MGO,33.81,11.3,271.2,24,388.2166,0.48,Moderate,FMS_MARITIME,2026-04-06
2021-01-14,11,MGO,79.82,8.6,206.4,24,1204.261,0.66,Rough,FMS_MARITIME,2026-04-06
2021-01-15,11,LSMGO,19.86,14.1,338.4,24,182.7543,0.98,Calm,FMS_MARITIME,2026-04-06
2021-01-16,11,LNG,65.16,8.3,199.2,24,1018.6157,0.87,Calm,FMS_MARITIME,2026-04-06
2021-01-17,11,LNG,25.83,10.1,242.4,24,331.826,1.0,Rough,FMS_MARITIME,2026-04-06
2021-01-18,11,LNG,78.95,15.8,379.2,24,648.3394,0.67,Moderate,FMS_MARITIME,2026-04-06
2021-01-19,11,LNG,80.75,10.2,244.8,24,1027.1875,0.93,Rough,FMS_MARITIME,2026-04-06
2021-01-20,11,LNG,17.36,15.0,360.0,24,150.164,0.64,Moderate,FMS_MARITIME,2026-04-06
2021-01-21,11,LNG,16.98,15.3,367.2,24,143.9971,0.4,Rough,FMS_MARITIME,2026-04-06
2021-01-22,11,HFO,31.66,11.6,278.4,24,354.128,0.6,Moderate,FMS_MARITIME,2026-04-06
2021-01-23,11,MGO,50.24,9.7,232.8,24,672.0247,0.48,Moderate,FMS_MARITIME,2026-04-06
2021-01-24,11,LNG,72.69,8.8,211.2,24,1071.7645,0.87,Moderate,FMS_MARITIME,2026-04-06
2021-01-25,11,LNG,24.26,15.3,367.2,24,205.7343,0.56,Rough,FMS_MARITIME,2026-04-06
2021-01-26,11,MGO,45.4,14.5,348.0,24,406.2517,0.7,Moderate,FMS_MARITIME,2026-04-06
2021-01-27,11,LSMGO,24.64,12.5,300.0,24,255.7632,0.96,Moderate,FMS_MARITIME,2026-04-06
2021-01-28,11,HFO,15.97,16.3,391.2,24,127.1232,0.55,Moderate,FMS_MARITIME,2026-04-06
2021-01-28,11,MGO,50.58,9.9,237.6,24,662.9045,0.78,Moderate,FMS_MARITIME,2026-04-06
2021-01-28,11,LNG,70.68,16.8,403.2,24,545.8768,0.84,Moderate,FMS_MARITIME,2026-04-06
2021-01-01,12,LSMGO,33.71,13.7,328.8,24,319.2608,0.69,Rough,FMS_MARITIME,2026-04-06
2021-01-02,12,VLSFO,51.59,10.1,242.4,24,662.7527,0.99,Rough,FMS_MARITIME,2026-04-06
2021-01-03,12,LSMGO,62.56,15.7,376.8,24,517.0166,0.9,Rough,FMS_MARITIME,2026-04-06
2021-01-04,12,HFO,84.81,10.8,259.2,24,1018.8979,0.55,Rough,FMS_MARITIME,2026-04-06
2021-01-05,12,LSMGO,17.41,13.1,314.4,24,172.4387,0.93,Moderate,FMS_MARITIME,2026-04-06
2021-01-06,12,VLSFO,34.75,8.1,194.4,24,556.6435,0.49,Moderate,FMS_MARITIME,2026-04-06
2021-01-07,12,VLSFO,45.56,15.8,379.2,24,374.1399,0.48,Rough,FMS_MARITIME,2026-04-06
2021-01-08,12,LNG,56.33,10.2,244.8,24,716.5507,0.46,Calm,FMS_MARITIME,2026-04-06
2021-01-09,12,LSMGO,53.36,9.6,230.4,24,721.1937,0.88,Calm,FMS_MARITIME,2026-04-06
2021-01-10,12,MGO,78.72,14.6,350.4,24,699.5836,0.77,Rough,FMS_MARITIME,2026-04-06
2021-01-11,12,HFO,30.96,17.3,415.2,24,232.2,0.4,Calm,FMS_MARITIME,2026-04-06
2021-01-12,12,VLSFO,46.53,9.8,235.2,24,616.0477,0.48,Calm,FMS_MARITIME,2026-04-06
2021-01-13,12,MGO,83.05,16.2,388.8,24,665.169,0.96,Moderate,FMS_MARITIME,2026-04-06
2021-01-14,12,VLSFO,77.27,9.7,232.8,24,1033.5858,0.6,Rough,FMS_MARITIME,2026-04-06
2021-01-15,12,LNG,50.28,12.6,302.4,24,517.7643,0.44,Rough,FMS_MARITIME,2026-04-06
2021-01-16,12,VLSFO,51.84,15.7,376.8,24,428.4229,0.52,Rough,FMS_MARITIME,2026-04-06
2021-01-17,12,HFO,60.43,14.4,345.6,24,544.4995,0.6,Rough,FMS_MARITIME,2026-04-06
2021-01-18,12,LNG,35.31,17.7,424.8,24,258.8403,0.71,Moderate,FMS_MARITIME,2026-04-06
2021-01-19,12,VLSFO,84.12,15.0,360.0,24,727.638,0.82,Moderate,FMS_MARITIME,2026-04-06
2021-01-20,12,MGO,40.91,13.8,331.2,24,384.6429,0.68,Rough,FMS_MARITIME,2026-04-06
2021-01-21,12,MGO,83.07,14.0,336.0,24,769.8809,0.63,Rough,FMS_MARITIME,2026-04-06
2021-01-22,12,LNG,44.99,11.2,268.8,24,521.2011,0.77,Rough,FMS_MARITIME,2026-04-06
2021-01-23,12,LSMGO,42.08,15.8,379.2,24,345.562,0.54,Calm,FMS_MARITIME,2026-04-06
2021-01-24,12,LNG,75.07,16.6,398.4,24,586.767,0.49,Moderate,FMS_MARITIME,2026-04-06
2021-01-25,12,LSMGO,18.55,16.0,384.0,24,150.4289,0.44,Calm,FMS_MARITIME,2026-04-06
2021-01-26,12,VLSFO,41.89,12.2,292.8,24,445.5105,0.4,Moderate,FMS_MARITIME,2026-04-06
2021-01-27,12,LNG,78.06,11.2,268.8,24,904.3112,0.81,Moderate,FMS_MARITIME,2026-04-06
2021-01-28,12,LSMGO,38.14,17.5,420.0,24,282.7809,0.97,Moderate,FMS_MARITIME,2026-04-06
2021-01-28,12,LNG,68.11,11.3,271.2,24,782.0595,0.61,Calm,FMS_MARITIME,2026-04-06
2021-01-28,12,HFO,45.17,10.5,252.0,24,558.1721,0.4,Moderate,FMS_MARITIME,2026-04-06
2021-01-01,13,LNG,38.63,13.2,316.8,24,379.7153,0.89,Calm,FMS_MARITIME,2026-04-06
2021-01-02,13,HFO,19.02,10.9,261.6,24,226.4078,0.65,Moderate,FMS_MARITIME,2026-04-06
2021-01-03,13,VLSFO,22.46,10.6,254.4,24,274.9231,0.94,Moderate,FMS_MARITIME,2026-04-06
2021-01-04,13,LSMGO,68.89,10.6,254.4,24,843.2526,0.77,Moderate,FMS_MARITIME,2026-04-06
2021-01-05,13,VLSFO,71.12,8.0,192.0,24,1153.4775,0.52,Moderate,FMS_MARITIME,2026-04-06
2021-01-06,13,HFO,84.87,17.1,410.4,24,643.9697,0.71,Calm,FMS_MARITIME,2026-04-06
2021-01-07,13,HFO,72.44,16.4,393.6,24,573.1152,0.84,Moderate,FMS_MARITIME,2026-04-06
2021-01-08,13,VLSFO,32.16,8.2,196.8,24,508.8732,0.43,Rough,FMS_MARITIME,2026-04-06
2021-01-09,13,VLSFO,80.56,11.0,264.0,24,950.2418,0.95,Rough,FMS_MARITIME,2026-04-06
2021-01-10,13,HFO,19.25,14.4,345.6,24,173.4505,0.88,Moderate,FMS_MARITIME,2026-04-06
2021-01-11,13,LSMGO,52.84,15.3,367.2,24,448.1039,0.53,Rough,FMS_MARITIME,2026-04-06
2021-01-12,13,HFO,34.46,15.8,379.2,24,282.9864,0.53,Rough,FMS_MARITIME,2026-04-06
2021-01-13,13,LNG,55.87,13.8,331.2,24,525.2995,0.78,Rough,FMS_MARITIME,2026-04-06
2021-01-14,13,LSMGO,48.94,12.8,307.2,24,496.091,0.93,Calm,FMS_MARITIME,2026-04-06
2021-01-15,13,VLSFO,38.56,16.4,393.6,24,305.0707,0.73,Calm,FMS_MARITIME,2026-04-06
2021-01-16,13,MGO,42.25,10.1,242.4,24,542.7661,0.72,Moderate,FMS_MARITIME,2026-04-06
2021-01-17,13,VLSFO,17.96,11.2,268.8,24,208.0634,0.61,Moderate,FMS_MARITIME,2026-04-06
2021-01-18,13,LSMGO,49.45,15.5,372.0,24,413.9444,0.98,Calm,FMS_MARITIME,2026-04-06
2021-01-19,13,VLSFO,49.88,13.7,328.8,24,472.4036,0.74,Rough,FMS_MARITIME,2026-04-06
2021-01-20,13,LSMGO,38.57,8.2,196.8,24,610.2997,0.43,Rough,FMS_MARITIME,2026-04-06
2021-01-21,13,LSMGO,15.08,17.8,427.2,24,109.923,0.55,Calm,FMS_MARITIME,2026-04-06
2021-01-22,13,HFO,71.61,14.5,348.0,24,640.786,0.88,Calm,FMS_MARITIME,2026-04-06
2021-01-23,13,VLSFO,52.13,11.5,276.0,24,588.1624,0.6,Moderate,FMS_MARITIME,2026-04-06
2021-01-24,13,LNG,75.97,14.1,338.4,24,699.0856,0.51,Moderate,FMS_MARITIME,2026-04-06
2021-01-25,13,LSMGO,30.92,9.5,228.0,24,422.3021,0.85,Rough,FMS_MARITIME,2026-04-06
2021-01-26,13,LNG,35.0,12.6,302.4,24,360.4167,0.68,Rough,FMS_MARITIME,2026-04-06
2021-01-27,13,MGO,81.4,11.7,280.8,24,902.7051,0.44,Moderate,FMS_MARITIME,2026-04-06
2021-01-28,13,LSMGO,84.54,15.4,369.6,24,712.2769,0.83,Calm,FMS_MARITIME,2026-04-06
2021-01-28,13,VLSFO,51.54,8.0,192.0,24,835.9144,0.9,Moderate,FMS_MARITIME,2026-04-06
2021-01-28,13,LNG,51.4,15.9,381.6,24,419.4434,0.82,Moderate,FMS_MARITIME,2026-04-06
2021-01-01,14,VLSFO,44.42,9.1,218.4,24,633.3511,0.79,Calm,FMS_MARITIME,2026-04-06
2021-01-02,14,HFO,77.41,9.7,232.8,24,1035.4585,0.84,Moderate,FMS_MARITIME,2026-04-06
2021-01-03,14,LSMGO,41.37,15.2,364.8,24,353.1419,0.85,Calm,FMS_MARITIME,2026-04-06
2021-01-04,14,MGO,73.71,12.6,302.4,24,759.0375,0.96,Calm,FMS_MARITIME,2026-04-06
2021-01-05,14,VLSFO,83.75,9.0,216.0,24,1207.3958,0.82,Moderate,FMS_MARITIME,2026-04-06
2021-01-06,14,VLSFO,74.04,12.0,288.0,24,800.5575,0.79,Rough,FMS_MARITIME,2026-04-06
2021-01-07,14,HFO,21.05,17.1,410.4,24,159.7215,0.99,Rough,FMS_MARITIME,2026-04-06
2021-01-08,14,HFO,70.88,17.2,412.8,24,534.6907,0.68,Rough,FMS_MARITIME,2026-04-06
2021-01-09,14,LNG,69.53,9.5,228.0,24,949.6334,0.89,Moderate,FMS_MARITIME,2026-04-06
2021-01-10,14,LSMGO,44.0,13.6,326.4,24,419.7794,0.76,Calm,FMS_MARITIME,2026-04-06
2021-01-11,14,VLSFO,79.95,17.3,415.2,24,599.625,0.48,Rough,FMS_MARITIME,2026-04-06
2021-01-12,14,HFO,60.76,9.4,225.6,24,838.6819,0.67,Rough,FMS_MARITIME,2026-04-06
2021-01-13,14,VLSFO,16.89,17.5,420.0,24,125.2273,0.93,Calm,FMS_MARITIME,2026-04-06
2021-01-14,14,HFO,72.93,12.7,304.8,24,745.0919,0.42,Moderate,FMS_MARITIME,2026-04-06
2021-01-15,14,LSMGO,34.09,11.2,268.8,24,394.9266,0.78,Moderate,FMS_MARITIME,2026-04-06
2021-01-16,14,MGO,77.2,8.6,206.4,24,1164.7326,0.89,Moderate,FMS_MARITIME,2026-04-06
2021-01-17,14,HFO,64.23,13.8,331.2,24,603.9016,0.78,Moderate,FMS_MARITIME,2026-04-06
2021-01-18,14,VLSFO,36.98,12.2,292.8,24,393.2914,0.76,Calm,FMS_MARITIME,2026-04-06
2021-01-19,14,LSMGO,76.5,17.9,429.6,24,554.5182,0.72,Rough,FMS_MARITIME,2026-04-06
2021-01-20,14,VLSFO,46.67,8.4,201.6,24,720.8848,0.68,Calm,FMS_MARITIME,2026-04-06
2021-01-21,14,LNG,19.54,11.5,276.0,24,220.4622,0.76,Rough,FMS_MARITIME,2026-04-06
2021-01-22,14,LSMGO,40.87,13.8,331.2,24,384.2668,0.86,Rough,FMS_MARITIME,2026-04-06
2021-01-23,14,LSMGO,43.35,11.9,285.6,24,472.6607,0.53,Moderate,FMS_MARITIME,2026-04-06
2021-01-24,14,VLSFO,46.03,13.5,324.0,24,442.3994,0.72,Calm,FMS_MARITIME,2026-04-06
2021-01-25,14,LNG,62.97,17.6,422.4,24,464.2249,0.45,Calm,FMS_MARITIME,2026-04-06
2021-01-26,14,VLSFO,62.69,13.9,333.6,24,585.1818,0.47,Rough,FMS_MARITIME,2026-04-06
2021-01-27,14,MGO,57.18,15.9,381.6,24,466.6104,0.84,Rough,FMS_MARITIME,2026-04-06
2021-01-28,14,VLSFO,53.28,16.8,403.2,24,411.4929,0.96,Rough,FMS_MARITIME,2026-04-06
2021-01-28,14,LNG,51.61,15.9,381.6,24,421.1571,0.91,Calm,FMS_MARITIME,2026-04-06
2021-01-28,14,HFO,24.37,13.1,314.4,24,241.3746,0.79,Moderate,FMS_MARITIME,2026-04-06
2021-01-01,15,LSMGO,43.13,8.1,194.4,24,690.8787,0.42,Calm,FMS_MARITIME,2026-04-06
2021-01-02,15,VLSFO,56.03,8.5,204.0,24,855.2815,0.69,Calm,FMS_MARITIME,2026-04-06
2021-01-03,15,LSMGO,25.08,13.9,333.6,24,234.1101,0.76,Calm,FMS_MARITIME,2026-04-06
2021-01-04,15,LSMGO,78.37,10.2,244.8,24,996.9125,0.8,Moderate,FMS_MARITIME,2026-04-06
2021-01-05,15,LNG,57.52,14.6,350.4,24,511.1795,0.95,Calm,FMS_MARITIME,2026-04-06
2021-01-06,15,LNG,18.1,15.1,362.4,24,155.5281,0.6,Rough,FMS_MARITIME,2026-04-06
2021-01-07,15,VLSFO,75.36,14.1,338.4,24,693.4723,1.0,Calm,FMS_MARITIME,2026-04-06
2021-01-08,15,HFO,63.34,11.4,273.6,24,720.9092,0.88,Moderate,FMS_MARITIME,2026-04-06
2021-01-09,15,VLSFO,22.11,10.4,249.6,24,275.8435,0.9,Rough,FMS_MARITIME,2026-04-06
2021-01-10,15,MGO,30.26,17.0,408.0,24,230.955,0.6,Rough,FMS_MARITIME,2026-04-06
2021-01-11,15,MGO,74.09,8.4,201.6,24,1144.4259,0.66,Calm,FMS_MARITIME,2026-04-06
2021-01-12,15,LSMGO,60.06,11.6,278.4,24,671.7918,0.69,Rough,FMS_MARITIME,2026-04-06
2021-01-13,15,LSMGO,66.74,14.8,355.2,24,585.1024,0.56,Moderate,FMS_MARITIME,2026-04-06
2021-01-14,15,LSMGO,36.78,10.6,254.4,24,450.208,0.72,Calm,FMS_MARITIME,2026-04-06
2021-01-15,15,MGO,36.8,17.7,424.8,24,269.7627,0.93,Calm,FMS_MARITIME,2026-04-06
2021-01-16,15,VLSFO,64.11,14.5,348.0,24,573.674,0.96,Rough,FMS_MARITIME,2026-04-06
2021-01-17,15,VLSFO,74.56,15.9,381.6,24,608.4377,0.64,Moderate,FMS_MARITIME,2026-04-06
2021-01-18,15,LNG,58.94,9.1,218.4,24,840.3808,0.89,Rough,FMS_MARITIME,2026-04-06
2021-01-19,15,LSMGO,67.06,14.0,336.0,24,621.5025,0.78,Moderate,FMS_MARITIME,2026-04-06
2021-01-20,15,VLSFO,52.64,14.2,340.8,24,480.9887,0.54,Moderate,FMS_MARITIME,2026-04-06
2021-01-21,15,MGO,58.93,16.0,384.0,24,477.8855,0.66,Moderate,FMS_MARITIME,2026-04-06
2021-01-22,15,LSMGO,83.34,10.6,254.4,24,1020.1288,0.89,Calm,FMS_MARITIME,2026-04-06
2021-01-23,15,LNG,84.28,17.1,410.4,24,639.493,0.84,Moderate,FMS_MARITIME,2026-04-06
2021-01-24,15,HFO,72.01,17.5,420.0,24,533.9027,0.66,Calm,FMS_MARITIME,2026-04-06
2021-01-25,15,LNG,48.58,14.1,338.4,24,447.0394,0.7,Calm,FMS_MARITIME,2026-04-06
2021-01-26,15,LNG,39.85,16.7,400.8,24,309.613,0.62,Rough,FMS_MARITIME,2026-04-06
2021-01-27,15,VLSFO,57.1,17.2,412.8,24,430.7398,0.8,Calm,FMS_MARITIME,2026-04-06
2021-01-28,15,LSMGO,42.55,9.0,216.0,24,613.4292,0.86,Calm,FMS_MARITIME,2026-04-06
2021-01-28,15,HFO,24.57,15.1,362.4,24,211.123,0.6,Moderate,FMS_MARITIME,2026-04-06
2021-01-28,15,VLSFO,61.33,17.2,412.8,24,462.6493,1.0,Calm,FMS_MARITIME,2026-04-06
2021-01-01,16,LNG,36.01,10.3,247.2,24,453.6211,0.91,Rough,FMS_MARITIME,2026-04-06
2021-01-02,16,MGO,53.5,11.7,280.8,24,593.3013,0.72,Rough,FMS_MARITIME,2026-04-06
2021-01-03,16,LNG,42.23,12.3,295.2,24,445.475,0.95,Moderate,FMS_MARITIME,2026-04-06
2021-01-04,16,LNG,41.9,10.9,261.6,24,498.7638,0.83,Moderate,FMS_MARITIME,2026-04-06
2021-01-05,16,LSMGO,23.56,9.8,235.2,24,311.9296,0.61,Moderate,FMS_MARITIME,2026-04-06
2021-01-06,16,LNG,79.51,14.5,348.0,24,711.4774,0.56,Rough,FMS_MARITIME,2026-04-06
2021-01-07,16,HFO,19.45,9.1,218.4,24,277.3228,0.6,Calm,FMS_MARITIME,2026-04-06
2021-01-08,16,HFO,20.38,17.0,408.0,24,155.5474,0.64,Rough,FMS_MARITIME,2026-04-06
2021-01-09,16,MGO,73.39,8.7,208.8,24,1094.5233,0.93,Calm,FMS_MARITIME,2026-04-06
2021-01-10,16,MGO,68.42,10.3,247.2,24,861.8927,0.8,Moderate,FMS_MARITIME,2026-04-06
2021-01-11,16,LSMGO,19.1,15.0,360.0,24,165.215,0.55,Rough,FMS_MARITIME,2026-04-06
2021-01-12,16,LNG,49.08,10.0,240.0,24,636.813,0.57,Rough,FMS_MARITIME,2026-04-06
2021-01-13,16,VLSFO,56.4,18.0,432.0,24,406.55,0.72,Moderate,FMS_MARITIME,2026-04-06
2021-01-14,16,VLSFO,84.78,14.6,350.4,24,753.4387,0.86,Calm,FMS_MARITIME,2026-04-06
2021-01-15,16,MGO,44.73,16.1,386.4,24,360.4793,0.98,Rough,FMS_MARITIME,2026-04-06
2021-01-16,16,LSMGO,65.82,8.3,199.2,24,1028.9331,0.63,Calm,FMS_MARITIME,2026-04-06
2021-01-17,16,LNG,77.35,9.2,220.8,24,1090.8872,0.63,Moderate,FMS_MARITIME,2026-04-06
2021-01-18,16,LNG,67.24,9.2,220.8,24,948.3033,0.65,Calm,FMS_MARITIME,2026-04-06
2021-01-19,16,LNG,84.82,8.0,192.0,24,1375.6744,0.95,Moderate,FMS_MARITIME,2026-04-06
2021-01-20,16,HFO,81.51,9.7,232.8,24,1090.3013,0.48,Calm,FMS_MARITIME,2026-04-06
2021-01-21,16,VLSFO,63.93,9.3,223.2,24,891.9266,0.56,Rough,FMS_MARITIME,2026-04-06
2021-01-22,16,VLSFO,20.07,13.4,321.6,24,194.3345,0.84,Moderate,FMS_MARITIME,2026-04-06
2021-01-23,16,LNG,77.38,13.5,324.0,24,743.7078,0.61,Rough,FMS_MARITIME,2026-04-06
2021-01-24,16,LNG,48.2,8.2,196.8,24,762.6768,0.77,Moderate,FMS_MARITIME,2026-04-06
2021-01-25,16,LNG,36.31,9.5,228.0,24,495.9182,0.47,Moderate,FMS_MARITIME,2026-04-06
2021-01-26,16,VLSFO,26.49,8.3,199.2,24,414.1057,0.87,Moderate,FMS_MARITIME,2026-04-06
2021-01-27,16,LNG,36.28,8.6,206.4,24,547.364,0.94,Moderate,FMS_MARITIME,2026-04-06
2021-01-28,16,LNG,24.81,16.8,403.2,24,191.6129,0.89,Calm,FMS_MARITIME,2026-04-06
2021-01-28,16,VLSFO,32.24,13.5,324.0,24,309.8622,0.63,Calm,FMS_MARITIME,2026-04-06
2021-01-28,16,MGO,69.76,13.7,328.8,24,660.6832,0.84,Rough,FMS_MARITIME,2026-04-06
2021-01-01,17,MGO,57.86,11.8,283.2,24,636.2148,0.61,Calm,FMS_MARITIME,2026-04-06
2021-01-02,17,LNG,49.02,14.4,345.6,24,441.6906,0.63,Moderate,FMS_MARITIME,2026-04-06
2021-01-03,17,HFO,35.9,16.1,386.4,24,289.3183,0.42,Rough,FMS_MARITIME,2026-04-06
2021-01-04,17,MGO,83.1,11.2,268.8,24,962.6987,0.61,Rough,FMS_MARITIME,2026-04-06
2021-01-05,17,MGO,29.58,15.2,364.8,24,252.5003,0.87,Rough,FMS_MARITIME,2026-04-06
2021-01-06,17,LNG,53.45,10.6,254.4,24,654.2583,0.48,Rough,FMS_MARITIME,2026-04-06
2021-01-07,17,HFO,31.01,17.1,410.4,24,235.2952,0.58,Calm,FMS_MARITIME,2026-04-06
2021-01-08,17,MGO,19.63,17.6,422.4,24,144.7155,0.57,Rough,FMS_MARITIME,2026-04-06
2021-01-09,17,LNG,20.86,15.4,369.6,24,175.7523,0.58,Calm,FMS_MARITIME,2026-04-06
2021-01-10,17,MGO,21.5,9.5,228.0,24,293.6447,0.82,Rough,FMS_MARITIME,2026-04-06
2021-01-11,17,LSMGO,51.19,12.6,302.4,24,527.1351,0.89,Calm,FMS_MARITIME,2026-04-06
2021-01-12,17,HFO,76.24,8.6,206.4,24,1150.2488,0.57,Rough,FMS_MARITIME,2026-04-06
2021-01-13,17,LNG,32.07,11.2,268.8,24,371.5252,0.79,Moderate,FMS_MARITIME,2026-04-06
2021-01-14,17,LSMGO,28.6,8.9,213.6,24,416.9494,0.88,Rough,FMS_MARITIME,2026-04-06
2021-01-15,17,LSMGO,21.99,8.5,204.0,24,335.6709,0.69,Calm,FMS_MARITIME,2026-04-06
2021-01-16,17,HFO,29.43,8.9,213.6,24,429.0497,0.59,Calm,FMS_MARITIME,2026-04-06
2021-01-17,17,LSMGO,45.32,10.5,252.0,24,560.0257,0.65,Rough,FMS_MARITIME,2026-04-06
2021-01-18,17,LNG,71.01,9.0,216.0,24,1023.7275,0.88,Calm,FMS_MARITIME,2026-04-06
2021-01-19,17,LSMGO,21.81,13.5,324.0,24,209.6183,0.8,Rough,FMS_MARITIME,2026-04-06
2021-01-20,17,VLSFO,44.63,13.2,316.8,24,438.6926,0.6,Moderate,FMS_MARITIME,2026-04-06
2021-01-21,17,LSMGO,43.46,16.4,393.6,24,343.8375,0.79,Calm,FMS_MARITIME,2026-04-06
2021-01-22,17,LSMGO,44.95,9.4,225.6,24,620.4535,0.79,Calm,FMS_MARITIME,2026-04-06
2021-01-23,17,MGO,65.5,17.2,412.8,24,494.1061,0.97,Calm,FMS_MARITIME,2026-04-06
2021-01-24,17,LNG,28.73,15.1,362.4,24,246.8687,0.42,Calm,FMS_MARITIME,2026-04-06
2021-01-25,17,LSMGO,27.95,10.0,240.0,24,362.6513,0.66,Moderate,FMS_MARITIME,2026-04-06
2021-01-26,17,MGO,63.4,17.8,427.2,24,462.1433,0.95,Calm,FMS_MARITIME,2026-04-06
2021-01-27,17,VLSFO,79.09,14.8,355.2,24,693.3735,0.5,Rough,FMS_MARITIME,2026-04-06
2021-01-28,17,VLSFO,35.25,9.0,216.0,24,508.1875,0.42,Moderate,FMS_MARITIME,2026-04-06
2021-01-28,17,HFO,22.22,12.8,307.2,24,225.2379,0.55,Rough,FMS_MARITIME,2026-04-06
2021-01-28,17,HFO,24.92,13.9,333.6,24,232.6165,0.99,Moderate,FMS_MARITIME,2026-04-06
2021-01-01,18,LSMGO,32.49,12.2,292.8,24,345.5391,0.48,Calm,FMS_MARITIME,2026-04-06
2021-01-02,18,HFO,34.45,16.5,396.0,24,270.9023,0.99,Calm,FMS_MARITIME,2026-04-06
2021-01-03,18,VLSFO,56.1,16.7,400.8,24,435.8668,0.8,Calm,FMS_MARITIME,2026-04-06
2021-01-04,18,HFO,24.79,11.7,280.8,24,274.9147,0.46,Rough,FMS_MARITIME,2026-04-06
2021-01-05,18,HFO,68.03,15.4,369.6,24,573.1748,0.47,Calm,FMS_MARITIME,2026-04-06
2021-01-06,18,VLSFO,36.47,10.6,254.4,24,446.4134,0.75,Calm,FMS_MARITIME,2026-04-06
2021-01-07,18,VLSFO,27.2,10.3,247.2,24,342.6408,0.71,Calm,FMS_MARITIME,2026-04-06
2021-01-08,18,LSMGO,26.08,16.0,384.0,24,211.4925,0.55,Moderate,FMS_MARITIME,2026-04-06
2021-01-09,18,VLSFO,38.33,14.8,355.2,24,336.035,0.58,Rough,FMS_MARITIME,2026-04-06
2021-01-10,18,MGO,69.08,12.0,288.0,24,746.9275,0.77,Moderate,FMS_MARITIME,2026-04-06
2021-01-11,18,LSMGO,27.13,15.9,381.6,24,221.391,0.71,Moderate,FMS_MARITIME,2026-04-06
2021-01-12,18,HFO,27.17,9.9,237.6,24,356.0917,0.84,Rough,FMS_MARITIME,2026-04-06
2021-01-13,18,LNG,32.33,17.5,420.0,24,239.7039,0.78,Moderate,FMS_MARITIME,2026-04-06
2021-01-14,18,VLSFO,75.69,14.3,343.2,24,686.7677,0.57,Rough,FMS_MARITIME,2026-04-06
2021-01-15,18,VLSFO,58.76,13.5,324.0,24,564.7489,0.77,Calm,FMS_MARITIME,2026-04-06
2021-01-16,18,HFO,73.44,11.6,278.4,24,821.4517,0.6,Calm,FMS_MARITIME,2026-04-06
2021-01-17,18,LNG,83.73,18.0,432.0,24,603.5538,0.62,Moderate,FMS_MARITIME,2026-04-06
2021-01-18,18,LNG,19.64,13.6,326.4,24,187.3743,0.86,Moderate,FMS_MARITIME,2026-04-06
2021-01-19,18,VLSFO,40.88,17.6,422.4,24,301.3739,0.92,Rough,FMS_MARITIME,2026-04-06
2021-01-20,18,LNG,79.13,8.6,206.4,24,1193.8509,0.58,Moderate,FMS_MARITIME,2026-04-06
2021-01-21,18,VLSFO,84.48,12.7,304.8,24,863.0929,0.55,Rough,FMS_MARITIME,2026-04-06
2021-01-22,18,LNG,26.15,15.0,360.0,24,226.1975,0.87,Moderate,FMS_MARITIME,2026-04-06
2021-01-23,18,MGO,42.57,17.2,412.8,24,321.1312,0.8,Moderate,FMS_MARITIME,2026-04-06
2021-01-24,18,LNG,55.64,10.1,242.4,24,714.7812,0.48,Rough,FMS_MARITIME,2026-04-06
2021-01-25,18,MGO,55.36,16.8,403.2,24,427.5571,0.85,Calm,FMS_MARITIME,2026-04-06
2021-01-26,18,LNG,76.42,10.9,261.6,24,909.6784,0.7,Rough,FMS_MARITIME,2026-04-06
2021-01-27,18,LNG,22.23,9.5,228.0,24,303.615,0.45,Rough,FMS_MARITIME,2026-04-06
2021-01-28,18,LNG,60.14,12.6,302.4,24,619.2988,0.97,Rough,FMS_MARITIME,2026-04-06
2021-01-28,18,MGO,80.19,14.3,343.2,24,727.5981,0.56,Rough,FMS_MARITIME,2026-04-06
2021-01-28,18,LSMGO,53.4,10.9,261.6,24,635.656,0.85,Calm,FMS_MARITIME,2026-04-06
2021-01-01,19,HFO,16.83,14.7,352.8,24,148.5505,0.64,Rough,FMS_MARITIME,2026-04-06
2021-01-02,19,LSMGO,54.59,9.5,228.0,24,745.5845,0.78,Rough,FMS_MARITIME,2026-04-06
2021-01-03,19,LSMGO,77.26,14.1,338.4,24,710.9564,0.87,Calm,FMS_MARITIME,2026-04-06
2021-01-04,19,VLSFO,39.81,12.2,292.8,24,423.3891,0.8,Rough,FMS_MARITIME,2026-04-06
2021-01-05,19,LSMGO,42.56,8.8,211.2,24,627.5182,0.79,Rough,FMS_MARITIME,2026-04-06
2021-01-06,19,HFO,17.05,12.6,302.4,24,175.5744,0.7,Calm,FMS_MARITIME,2026-04-06
2021-01-07,19,LNG,41.57,12.7,304.8,24,424.7014,0.81,Calm,FMS_MARITIME,2026-04-06
2021-01-08,19,LSMGO,34.17,17.4,417.6,24,254.8022,0.65,Moderate,FMS_MARITIME,2026-04-06
2021-01-09,19,HFO,78.27,17.6,422.4,24,577.0189,0.73,Calm,FMS_MARITIME,2026-04-06
2021-01-10,19,VLSFO,34.26,11.9,285.6,24,373.5492,0.47,Calm,FMS_MARITIME,2026-04-06
2021-01-11,19,VLSFO,42.88,17.8,427.2,24,312.5663,0.76,Moderate,FMS_MARITIME,2026-04-06
2021-01-12,19,VLSFO,45.94,15.8,379.2,24,377.2604,0.59,Moderate,FMS_MARITIME,2026-04-06
2021-01-13,19,VLSFO,67.41,16.4,393.6,24,533.32,0.63,Rough,FMS_MARITIME,2026-04-06
2021-01-14,19,VLSFO,67.55,11.0,264.0,24,796.783,0.95,Calm,FMS_MARITIME,2026-04-06
2021-01-15,19,LSMGO,47.2,14.0,336.0,24,437.4429,0.92,Rough,FMS_MARITIME,2026-04-06
2021-01-16,19,VLSFO,36.04,14.3,343.2,24,327.0063,0.64,Rough,FMS_MARITIME,2026-04-06
2021-01-17,19,HFO,74.25,10.6,254.4,24,908.862,1.0,Calm,FMS_MARITIME,2026-04-06
2021-01-18,19,LNG,43.95,9.8,235.2,24,581.889,0.83,Rough,FMS_MARITIME,2026-04-06
2021-01-19,19,LNG,58.43,12.6,302.4,24,601.6899,0.99,Calm,FMS_MARITIME,2026-04-06
2021-01-20,19,VLSFO,77.23,12.1,290.4,24,828.1481,0.53,Calm,FMS_MARITIME,2026-04-06
2021-01-21,19,LNG,17.3,14.0,336.0,24,160.3339,0.46,Moderate,FMS_MARITIME,2026-04-06
2021-01-22,19,HFO,54.99,15.9,381.6,24,448.7392,0.64,Rough,FMS_MARITIME,2026-04-06
2021-01-23,19,LSMGO,57.11,10.5,252.0,24,705.7164,0.42,Calm,FMS_MARITIME,2026-04-06
2021-01-24,19,MGO,31.21,9.9,237.6,24,409.0402,0.53,Rough,FMS_MARITIME,2026-04-06
2021-01-25,19,VLSFO,48.74,12.2,292.8,24,518.3619,0.97,Moderate,FMS_MARITIME,2026-04-06
2021-01-26,19,HFO,22.03,13.3,319.2,24,214.9167,0.9,Rough,FMS_MARITIME,2026-04-06
2021-01-27,19,HFO,33.57,16.0,384.0,24,272.2317,0.97,Moderate,FMS_MARITIME,2026-04-06
2021-01-28,19,HFO,30.16,12.9,309.6,24,303.3535,1.0,Rough,FMS_MARITIME,2026-04-06
2021-01-28,19,MGO,43.03,8.9,213.6,24,627.3194,0.75,Rough,FMS_MARITIME,2026-04-06
2021-01-28,19,HFO,61.04,13.9,333.6,24,569.7799,0.43,Moderate,FMS_MARITIME,2026-04-06
2021-01-01,20,HFO,79.59,14.6,350.4,24,707.3152,0.49,Rough,FMS_MARITIME,2026-04-06
2021-01-02,20,LNG,44.21,16.3,391.2,24,351.917,0.96,Moderate,FMS_MARITIME,2026-04-06
2021-01-03,20,HFO,84.95,17.2,412.8,24,640.8292,0.93,Rough,FMS_MARITIME,2026-04-06
2021-01-04,20,HFO,35.44,8.4,201.6,24,547.4214,0.97,Calm,FMS_MARITIME,2026-04-06
2021-01-05,20,MGO,77.67,10.6,254.4,24,950.7248,0.58,Moderate,FMS_MARITIME,2026-04-06
2021-01-06,20,VLSFO,84.75,16.9,405.6,24,650.6694,0.59,Calm,FMS_MARITIME,2026-04-06
2021-01-07,20,LSMGO,63.68,12.3,295.2,24,671.7463,0.99,Calm,FMS_MARITIME,2026-04-06
2021-01-08,20,LSMGO,80.74,12.9,309.6,24,812.0942,0.46,Rough,FMS_MARITIME,2026-04-06
2021-01-09,20,LNG,20.59,11.8,283.2,24,226.4028,0.46,Rough,FMS_MARITIME,2026-04-06
2021-01-10,20,HFO,70.35,16.8,403.2,24,543.3281,0.52,Calm,FMS_MARITIME,2026-04-06
2021-01-11,20,MGO,21.84,15.8,379.2,24,179.3506,0.96,Calm,FMS_MARITIME,2026-04-06
2021-01-12,20,LNG,36.24,18.0,432.0,24,261.23,0.8,Calm,FMS_MARITIME,2026-04-06
2021-01-13,20,LSMGO,80.3,9.6,230.4,24,1085.3047,0.88,Calm,FMS_MARITIME,2026-04-06
2021-01-14,20,LSMGO,23.35,10.9,261.6,24,277.9507,0.68,Rough,FMS_MARITIME,2026-04-06
2021-01-15,20,LNG,24.57,11.0,264.0,24,289.8143,0.96,Calm,FMS_MARITIME,2026-04-06
2021-01-16,20,LNG,57.53,15.7,376.8,24,475.447,0.69,Rough,FMS_MARITIME,2026-04-06
2021-01-17,20,LNG,41.64,11.7,280.8,24,461.7769,0.51,Calm,FMS_MARITIME,2026-04-06
2021-01-18,20,HFO,70.2,10.4,249.6,24,875.8125,0.42,Rough,FMS_MARITIME,2026-04-06
2021-01-19,20,HFO,58.03,13.0,312.0,24,579.184,0.79,Moderate,FMS_MARITIME,2026-04-06
2021-01-20,20,MGO,55.43,9.2,220.8,24,781.7437,0.5,Rough,FMS_MARITIME,2026-04-06
2021-01-21,20,HFO,39.38,9.5,228.0,24,537.8479,0.45,Calm,FMS_MARITIME,2026-04-06
2021-01-22,20,MGO,38.49,8.8,211.2,24,567.5088,0.43,Rough,FMS_MARITIME,2026-04-06
2021-01-23,20,VLSFO,82.61,14.6,350.4,24,734.1539,0.63,Moderate,FMS_MARITIME,2026-04-06
2021-01-24,20,MGO,71.99,13.5,324.0,24,691.9039,0.5,Moderate,FMS_MARITIME,2026-04-06
2021-01-25,20,MGO,60.92,9.8,235.2,24,806.5684,0.94,Calm,FMS_MARITIME,2026-04-06
2021-01-26,20,LNG,40.43,9.4,225.6,24,558.063,0.83,Calm,FMS_MARITIME,2026-04-06
2021-01-27,20,LSMGO,47.66,17.3,415.2,24,357.45,0.76,Rough,FMS_MARITIME,2026-04-06
2021-01-28,20,MGO,51.8,10.8,259.2,24,622.3194,0.66,Rough,FMS_MARITIME,2026-04-06
2021-01-28,20,LSMGO,54.91,10.8,259.2,24,659.6826,0.53,Calm,FMS_MARITIME,2026-04-06
2021-01-28,20,MGO,22.42,8.3,199.2,24,350.4813,0.66,Moderate,FMS_MARITIME,2026-04-06
2021-01-01,21,VLSFO,79.19,17.4,417.6,24,590.5116,0.62,Rough,FMS_MARITIME,2026-04-06
2021-01-02,21,VLSFO,25.2,11.0,264.0,24,297.2455,0.67,Rough,FMS_MARITIME,2026-04-06
2021-01-03,21,LNG,25.92,8.9,213.6,24,377.8787,0.48,Rough,FMS_MARITIME,2026-04-06
2021-01-04,21,MGO,40.69,11.6,278.4,24,455.1317,0.63,Calm,FMS_MARITIME,2026-04-06
2021-01-05,21,HFO,61.43,12.8,307.2,24,622.6986,0.58,Rough,FMS_MARITIME,2026-04-06
2021-01-06,21,VLSFO,22.79,17.2,412.8,24,171.9187,0.4,Moderate,FMS_MARITIME,2026-04-06
2021-01-07,21,LNG,81.9,13.1,314.4,24,811.1851,0.92,Moderate,FMS_MARITIME,2026-04-06
2021-01-08,21,LNG,64.03,8.4,201.6,24,989.0348,0.87,Calm,FMS_MARITIME,2026-04-06
2021-01-09,21,LNG,15.24,16.8,403.2,24,117.7018,0.65,Rough,FMS_MARITIME,2026-04-06
2021-01-10,21,HFO,34.04,8.6,206.4,24,513.5686,0.69,Rough,FMS_MARITIME,2026-04-06
2021-01-11,21,VLSFO,48.02,9.4,225.6,24,662.8293,0.52,Rough,FMS_MARITIME,2026-04-06
2021-01-12,21,VLSFO,39.58,9.1,218.4,24,564.3412,0.48,Calm,FMS_MARITIME,2026-04-06
2021-01-13,21,LSMGO,27.67,13.5,324.0,24,265.9394,0.49,Calm,FMS_MARITIME,2026-04-06
2021-01-14,21,VLSFO,47.97,13.4,321.6,24,464.4856,0.72,Moderate,FMS_MARITIME,2026-04-06
2021-01-15,21,MGO,56.37,18.0,432.0,24,406.3337,0.42,Moderate,FMS_MARITIME,2026-04-06
2021-01-16,21,LSMGO,65.84,8.9,213.6,24,959.8584,0.56,Rough,FMS_MARITIME,2026-04-06
2021-01-17,21,HFO,30.97,16.0,384.0,24,251.1473,0.82,Calm,FMS_MARITIME,2026-04-06
2021-01-18,21,MGO,17.08,11.5,276.0,24,192.707,0.52,Moderate,FMS_MARITIME,2026-04-06
2021-01-19,21,LSMGO,26.53,17.3,415.2,24,198.975,0.76,Calm,FMS_MARITIME,2026-04-06
2021-01-20,21,HFO,45.57,15.9,381.6,24,371.8684,0.78,Rough,FMS_MARITIME,2026-04-06
2021-01-21,21,HFO,49.26,11.6,278.4,24,550.9901,0.76,Moderate,FMS_MARITIME,2026-04-06
2021-01-22,21,LSMGO,17.04,13.2,316.8,24,167.4955,0.41,Calm,FMS_MARITIME,2026-04-06
2021-01-23,21,LSMGO,36.01,8.2,196.8,24,569.7924,0.57,Rough,FMS_MARITIME,2026-04-06
2021-01-24,21,HFO,31.98,17.4,417.6,24,238.4716,0.77,Calm,FMS_MARITIME,2026-04-06
2021-01-25,21,HFO,50.74,15.9,381.6,24,414.0575,0.96,Moderate,FMS_MARITIME,2026-04-06
2021-01-26,21,LNG,53.9,10.9,261.6,24,641.6078,0.57,Rough,FMS_MARITIME,2026-04-06
2021-01-27,21,HFO,17.55,9.3,223.2,24,244.8508,0.78,Rough,FMS_MARITIME,2026-04-06
2021-01-28,21,HFO,57.72,13.6,326.4,24,550.6743,0.63,Moderate,FMS_MARITIME,2026-04-06
2021-01-28,21,HFO,78.89,13.0,312.0,24,787.3829,0.8,Calm,FMS_MARITIME,2026-04-06
2021-01-28,21,HFO,55.96,12.6,302.4,24,576.2548,0.8,Calm,FMS_MARITIME,2026-04-06
2021-01-01,22,LNG,61.25,10.2,244.8,24,779.136,0.55,Calm,FMS_MARITIME,2026-04-06
2021-01-02,22,LSMGO,43.17,16.2,388.8,24,345.7597,0.41,Moderate,FMS_MARITIME,2026-04-06
2021-01-03,22,LNG,82.05,13.5,324.0,24,788.5917,0.87,Rough,FMS_MARITIME,2026-04-06
2021-01-04,22,HFO,63.85,13.7,328.8,24,604.7108,0.73,Moderate,FMS_MARITIME,2026-04-06
2021-01-05,22,HFO,77.64,9.9,237.6,24,1017.5545,0.9,Rough,FMS_MARITIME,2026-04-06
2021-01-06,22,HFO,54.65,17.6,422.4,24,402.8885,0.81,Moderate,FMS_MARITIME,2026-04-06
2021-01-07,22,LSMGO,51.39,16.9,405.6,24,394.5475,0.66,Moderate,FMS_MARITIME,2026-04-06
2021-01-08,22,MGO,18.39,8.7,208.8,24,274.2647,0.65,Calm,FMS_MARITIME,2026-04-06
2021-01-09,22,MGO,67.93,10.3,247.2,24,855.7201,0.67,Calm,FMS_MARITIME,2026-04-06
2021-01-10,22,LNG,37.28,8.8,211.2,24,549.6682,0.65,Calm,FMS_MARITIME,2026-04-06
2021-01-11,22,MGO,54.21,12.2,292.8,24,576.5367,0.75,Rough,FMS_MARITIME,2026-04-06
2021-01-12,22,HFO,40.04,8.6,206.4,24,604.0919,0.71,Calm,FMS_MARITIME,2026-04-06
2021-01-13,22,LSMGO,42.89,12.8,307.2,24,434.7639,0.5,Rough,FMS_MARITIME,2026-04-06
2021-01-14,22,MGO,35.7,16.5,396.0,24,280.7318,0.68,Moderate,FMS_MARITIME,2026-04-06
2021-01-15,22,HFO,27.62,16.6,398.4,24,215.8852,0.72,Rough,FMS_MARITIME,2026-04-06
2021-01-16,22,MGO,67.08,9.8,235.2,24,888.1255,0.5,Moderate,FMS_MARITIME,2026-04-06
2021-01-17,22,MGO,68.68,13.1,314.4,24,680.2466,0.45,Rough,FMS_MARITIME,2026-04-06
2021-01-18,22,MGO,22.74,9.3,223.2,24,317.2597,0.61,Moderate,FMS_MARITIME,2026-04-06
2021-01-19,22,MGO,37.93,14.0,336.0,24,351.5298,0.59,Moderate,FMS_MARITIME,2026-04-06
2021-01-20,22,HFO,55.95,16.5,396.0,24,439.9705,0.63,Moderate,FMS_MARITIME,2026-04-06
2021-01-21,22,VLSFO,41.52,13.6,326.4,24,396.1191,0.57,Moderate,FMS_MARITIME,2026-04-06
2021-01-22,22,VLSFO,31.74,12.5,300.0,24,329.4612,0.53,Calm,FMS_MARITIME,2026-04-06
2021-01-23,22,LSMGO,38.66,14.2,340.8,24,353.2489,0.57,Calm,FMS_MARITIME,2026-04-06
2021-01-24,22,MGO,74.38,17.3,415.2,24,557.85,0.78,Calm,FMS_MARITIME,2026-04-06
2021-01-25,22,MGO,30.85,13.3,319.2,24,300.9615,0.41,Calm,FMS_MARITIME,2026-04-06
2021-01-26,22,LSMGO,42.46,14.1,338.4,24,390.7223,0.76,Moderate,FMS_MARITIME,2026-04-06
2021-01-27,22,VLSFO,48.98,9.6,230.4,24,661.9953,0.76,Calm,FMS_MARITIME,2026-04-06
2021-01-28,22,LNG,21.09,8.3,199.2,24,329.6901,0.72,Calm,FMS_MARITIME,2026-04-06
2021-01-28,22,VLSFO,40.14,17.1,410.4,24,304.5711,0.75,Moderate,FMS_MARITIME,2026-04-06
2021-01-28,22,HFO,29.69,11.8,283.2,24,326.4642,0.64,Calm,FMS_MARITIME,2026-04-06
2021-01-01,23,VLSFO,67.61,16.2,388.8,24,541.506,0.47,Calm,FMS_MARITIME,2026-04-06
2021-01-02,23,MGO,50.01,13.9,333.6,24,466.82,0.72,Moderate,FMS_MARITIME,2026-04-06
2021-01-03,23,LNG,25.59,8.1,194.4,24,409.9139,0.46,Rough,FMS_MARITIME,2026-04-06
2021-01-04,23,VLSFO,55.35,8.5,204.0,24,844.9015,0.53,Rough,FMS_MARITIME,2026-04-06
2021-01-05,23,HFO,57.29,10.3,247.2,24,721.6871,0.76,Calm,FMS_MARITIME,2026-04-06
2021-01-06,23,LSMGO,16.52,8.6,206.4,24,249.2407,0.79,Moderate,FMS_MARITIME,2026-04-06
2021-01-07,23,MGO,25.24,9.0,216.0,24,363.8767,0.63,Rough,FMS_MARITIME,2026-04-06
2021-01-08,23,HFO,64.0,14.8,355.2,24,561.0811,0.71,Moderate,FMS_MARITIME,2026-04-06
2021-01-09,23,HFO,56.98,11.5,276.0,24,642.883,0.84,Rough,FMS_MARITIME,2026-04-06
2021-01-10,23,VLSFO,71.83,18.0,432.0,24,517.7746,0.54,Moderate,FMS_MARITIME,2026-04-06
2021-01-11,23,VLSFO,39.09,15.9,381.6,24,318.9892,0.48,Calm,FMS_MARITIME,2026-04-06
2021-01-12,23,LNG,41.95,8.8,211.2,24,618.5241,0.68,Rough,FMS_MARITIME,2026-04-06
2021-01-13,23,LNG,34.94,15.7,376.8,24,288.7557,0.57,Rough,FMS_MARITIME,2026-04-06
2021-01-14,23,HFO,32.15,10.9,261.6,24,382.703,0.87,Calm,FMS_MARITIME,2026-04-06
2021-01-15,23,MGO,81.15,14.1,338.4,24,746.7527,0.52,Rough,FMS_MARITIME,2026-04-06
2021-01-16,23,HFO,22.31,15.0,360.0,24,192.9815,0.8,Moderate,FMS_MARITIME,2026-04-06
2021-01-17,23,LNG,44.45,12.3,295.2,24,468.8933,0.6,Moderate,FMS_MARITIME,2026-04-06
2021-01-18,23,LNG,47.97,9.8,235.2,24,635.113,0.44,Calm,FMS_MARITIME,2026-04-06
2021-01-19,23,HFO,26.21,15.8,379.2,24,215.2372,0.89,Rough,FMS_MARITIME,2026-04-06
2021-01-20,23,LNG,53.32,11.2,268.8,24,617.7027,0.8,Rough,FMS_MARITIME,2026-04-06
2021-01-21,23,VLSFO,25.91,14.2,340.8,24,236.7481,0.44,Calm,FMS_MARITIME,2026-04-06
2021-01-22,23,LNG,58.82,11.9,285.6,24,641.3357,0.41,Rough,FMS_MARITIME,2026-04-06
2021-01-23,23,VLSFO,59.28,16.3,391.2,24,471.8761,0.6,Calm,FMS_MARITIME,2026-04-06
2021-01-24,23,HFO,62.88,9.5,228.0,24,858.8084,0.72,Rough,FMS_MARITIME,2026-04-06
2021-01-25,23,LNG,75.83,9.6,230.4,24,1024.8898,0.89,Rough,FMS_MARITIME,2026-04-06
2021-01-26,23,MGO,60.3,15.2,364.8,24,514.7319,0.65,Moderate,FMS_MARITIME,2026-04-06
2021-01-27,23,VLSFO,35.02,8.8,211.2,24,516.346,0.76,Calm,FMS_MARITIME,2026-04-06
2021-01-28,23,VLSFO,17.02,8.2,196.8,24,269.3104,0.67,Moderate,FMS_MARITIME,2026-04-06
2021-01-28,23,LSMGO,32.2,15.7,376.8,24,266.1115,0.74,Rough,FMS_MARITIME,2026-04-06
2021-01-28,23,HFO,32.03,9.5,228.0,24,437.4624,0.52,Moderate,FMS_MARITIME,2026-04-06
2021-01-01,24,LSMGO,56.96,12.4,297.6,24,596.0129,0.91,Moderate,FMS_MARITIME,2026-04-06
2021-01-02,24,LNG,23.88,14.1,338.4,24,219.7468,0.85,Rough,FMS_MARITIME,2026-04-06
2021-01-03,24,LSMGO,22.23,15.1,362.4,24,191.0161,0.52,Rough,FMS_MARITIME,2026-04-06
2021-01-04,24,HFO,38.97,13.0,312.0,24,388.9506,0.93,Moderate,FMS_MARITIME,2026-04-06
2021-01-05,24,VLSFO,79.35,17.0,408.0,24,605.6272,0.42,Calm,FMS_MARITIME,2026-04-06
2021-01-06,24,HFO,61.71,15.8,379.2,24,506.7641,0.89,Moderate,FMS_MARITIME,2026-04-06
2021-01-07,24,MGO,44.96,9.6,230.4,24,607.6625,0.51,Moderate,FMS_MARITIME,2026-04-06
2021-01-08,24,MGO,76.38,16.7,400.8,24,593.4314,0.44,Calm,FMS_MARITIME,2026-04-06
2021-01-09,24,MGO,84.54,12.9,309.6,24,850.3151,0.97,Calm,FMS_MARITIME,2026-04-06
2021-01-10,24,LNG,78.67,17.6,422.4,24,579.9678,0.97,Moderate,FMS_MARITIME,2026-04-06
2021-01-11,24,LNG,36.98,14.7,352.8,24,326.4051,0.77,Moderate,FMS_MARITIME,2026-04-06
2021-01-12,24,MGO,45.89,10.6,254.4,24,561.7196,0.75,Calm,FMS_MARITIME,2026-04-06
2021-01-13,24,LSMGO,71.99,9.6,230.4,24,972.9898,0.57,Moderate,FMS_MARITIME,2026-04-06
2021-01-14,24,LNG,16.52,16.3,391.2,24,131.5012,0.78,Moderate,FMS_MARITIME,2026-04-06
2021-01-15,24,VLSFO,43.93,8.1,194.4,24,703.6935,0.98,Moderate,FMS_MARITIME,2026-04-06
2021-01-16,24,MGO,52.37,11.3,271.2,24,601.3281,0.92,Calm,FMS_MARITIME,2026-04-06
2021-01-17,24,LNG,18.8,16.2,388.8,24,150.5741,0.86,Moderate,FMS_MARITIME,2026-04-06
2021-01-18,24,VLSFO,64.77,16.8,403.2,24,500.2326,0.76,Calm,FMS_MARITIME,2026-04-06
2021-01-19,24,LSMGO,64.15,15.4,369.6,24,540.4846,0.66,Calm,FMS_MARITIME,2026-04-06
2021-01-20,24,VLSFO,76.41,10.6,254.4,24,935.3017,0.44,Rough,FMS_MARITIME,2026-04-06
2021-01-21,24,MGO,45.6,9.1,218.4,24,650.1758,0.94,Calm,FMS_MARITIME,2026-04-06
2021-01-22,24,LNG,28.71,9.5,228.0,24,392.1182,0.68,Rough,FMS_MARITIME,2026-04-06
2021-01-23,24,HFO,63.95,17.3,415.2,24,479.625,0.57,Moderate,FMS_MARITIME,2026-04-06
2021-01-24,24,LNG,65.61,17.7,424.8,24,480.9547,0.91,Calm,FMS_MARITIME,2026-04-06
2021-01-25,24,MGO,75.48,11.7,280.8,24,837.0538,0.82,Calm,FMS_MARITIME,2026-04-06
2021-01-26,24,LSMGO,29.25,12.6,302.4,24,301.2054,0.72,Calm,FMS_MARITIME,2026-04-06
2021-01-27,24,VLSFO,53.89,10.9,261.6,24,641.4888,0.86,Calm,FMS_MARITIME,2026-04-06
2021-01-28,24,VLSFO,66.18,12.4,297.6,24,692.4883,0.82,Rough,FMS_MARITIME,2026-04-06
2021-01-28,24,HFO,33.88,15.0,360.0,24,293.062,0.83,Moderate,FMS_MARITIME,2026-04-06
2021-01-28,24,LNG,68.62,12.9,309.6,24,690.1895,0.41,Calm,FMS_MARITIME,2026-04-06
2021-01-01,25,VLSFO,30.38,12.1,290.4,24,325.769,0.91,Rough,FMS_MARITIME,2026-04-06
2021-01-02,25,HFO,15.3,12.3,295.2,24,161.3963,0.99,Calm,FMS_MARITIME,2026-04-06
2021-01-03,25,HFO,81.44,8.3,199.2,24,1273.1133,0.93,Rough,FMS_MARITIME,2026-04-06
2021-01-04,25,MGO,35.45,14.8,355.2,24,310.7863,0.48,Moderate,FMS_MARITIME,2026-04-06
2021-01-05,25,VLSFO,75.88,15.7,376.8,24,627.0975,0.52,Calm,FMS_MARITIME,2026-04-06
2021-01-06,25,LSMGO,46.6,12.2,292.8,24,495.6025,0.63,Rough,FMS_MARITIME,2026-04-06
2021-01-07,25,LSMGO,83.41,9.7,232.8,24,1115.7162,0.76,Moderate,FMS_MARITIME,2026-04-06
2021-01-08,25,VLSFO,59.67,15.2,364.8,24,509.3541,0.63,Moderate,FMS_MARITIME,2026-04-06
2021-01-09,25,MGO,32.72,14.4,345.6,24,294.8208,0.93,Rough,FMS_MARITIME,2026-04-06
2021-01-10,25,MGO,54.36,9.3,223.2,24,758.4097,0.95,Moderate,FMS_MARITIME,2026-04-06
2021-01-11,25,HFO,73.38,13.7,328.8,24,694.9675,0.92,Calm,FMS_MARITIME,2026-04-06
2021-01-12,25,HFO,40.87,10.6,254.4,24,500.2719,0.94,Calm,FMS_MARITIME,2026-04-06
2021-01-13,25,HFO,72.74,11.7,280.8,24,806.6679,0.45,Moderate,FMS_MARITIME,2026-04-06
2021-01-14,25,MGO,22.68,10.9,261.6,24,269.9752,0.87,Rough,FMS_MARITIME,2026-04-06
2021-01-15,25,HFO,77.62,15.2,364.8,24,662.5786,0.72,Calm,FMS_MARITIME,2026-04-06
2021-01-16,25,LSMGO,51.67,10.2,244.8,24,657.2728,0.75,Rough,FMS_MARITIME,2026-04-06
2021-01-17,25,HFO,35.01,15.4,369.6,24,294.9706,0.44,Calm,FMS_MARITIME,2026-04-06
2021-01-18,25,LNG,19.47,10.7,256.8,24,236.0965,0.63,Rough,FMS_MARITIME,2026-04-06
2021-01-19,25,MGO,63.1,11.4,273.6,24,718.1776,0.51,Rough,FMS_MARITIME,2026-04-06
2021-01-20,25,VLSFO,34.21,14.5,348.0,24,306.1205,0.69,Moderate,FMS_MARITIME,2026-04-06
2021-01-21,25,VLSFO,50.4,11.2,268.8,24,583.875,0.43,Rough,FMS_MARITIME,2026-04-06
2021-01-22,25,LSMGO,79.55,8.1,194.4,24,1274.2731,0.96,Moderate,FMS_MARITIME,2026-04-06
2021-01-23,25,LNG,22.7,10.8,259.2,24,272.7153,0.73,Calm,FMS_MARITIME,2026-04-06
2021-01-24,25,HFO,79.9,8.9,213.6,24,1164.8343,0.49,Moderate,FMS_MARITIME,2026-04-06
2021-01-25,25,LNG,60.99,15.9,381.6,24,497.7014,0.94,Rough,FMS_MARITIME,2026-04-06
2021-01-26,25,VLSFO,60.21,14.9,357.6,24,524.3119,0.69,Calm,FMS_MARITIME,2026-04-06
2021-01-27,25,LSMGO,22.47,12.4,297.6,24,235.1196,0.96,Moderate,FMS_MARITIME,2026-04-06
2021-01-28,25,LNG,51.22,17.8,427.2,24,373.3593,0.47,Rough,FMS_MARITIME,2026-04-06
2021-01-28,25,LNG,72.86,13.7,328.8,24,690.0427,0.66,Rough,FMS_MARITIME,2026-04-06
2021-01-28,25,VLSFO,51.49,15.4,369.6,24,433.82,0.5,Calm,FMS_MARITIME,2026-04-06
2021-01-01,26,MGO,17.92,12.8,307.2,24,181.65,0.92,Moderate,FMS_MARITIME,2026-04-06
2021-01-02,26,MGO,52.54,17.7,424.8,24,385.1449,0.51,Moderate,FMS_MARITIME,2026-04-06
2021-01-03,26,MGO,19.69,14.4,345.6,24,177.4151,0.65,Moderate,FMS_MARITIME,2026-04-06
2021-01-04,26,VLSFO,53.18,15.1,362.4,24,456.9606,0.62,Calm,FMS_MARITIME,2026-04-06
2021-01-05,26,LSMGO,55.5,17.9,429.6,24,402.2975,0.86,Rough,FMS_MARITIME,2026-04-06
2021-01-06,26,LNG,26.15,9.6,230.4,24,353.4336,0.8,Calm,FMS_MARITIME,2026-04-06
2021-01-07,26,LNG,69.37,12.7,304.8,24,708.7211,0.6,Calm,FMS_MARITIME,2026-04-06
2021-01-08,26,MGO,38.12,8.7,208.8,24,568.5138,0.96,Moderate,FMS_MARITIME,2026-04-06
2021-01-09,26,VLSFO,57.33,13.5,324.0,24,551.005,0.4,Calm,FMS_MARITIME,2026-04-06
2021-01-10,26,MGO,70.21,8.1,194.4,24,1124.6602,0.52,Moderate,FMS_MARITIME,2026-04-06
2021-01-11,26,LNG,67.78,9.8,235.2,24,897.3934,0.76,Rough,FMS_MARITIME,2026-04-06
2021-01-12,26,MGO,37.17,10.2,244.8,24,472.8243,0.89,Rough,FMS_MARITIME,2026-04-06
2021-01-13,26,LSMGO,37.4,8.6,206.4,24,564.2616,0.62,Moderate,FMS_MARITIME,2026-04-06
2021-01-14,26,HFO,82.78,12.3,295.2,24,873.228,0.88,Moderate,FMS_MARITIME,2026-04-06
2021-01-15,26,HFO,80.9,16.2,388.8,24,647.9491,0.72,Rough,FMS_MARITIME,2026-04-06
2021-01-16,26,HFO,23.75,17.2,412.8,24,179.1606,0.78,Calm,FMS_MARITIME,2026-04-06
2021-01-17,26,VLSFO,65.05,13.6,326.4,24,620.6057,0.97,Moderate,FMS_MARITIME,2026-04-06
2021-01-18,26,HFO,79.39,12.7,304.8,24,811.0907,0.47,Rough,FMS_MARITIME,2026-04-06
2021-01-19,26,LNG,37.33,10.9,261.6,24,444.364,0.79,Moderate,FMS_MARITIME,2026-04-06
2021-01-20,26,HFO,69.62,10.0,240.0,24,903.3195,0.41,Calm,FMS_MARITIME,2026-04-06
2021-01-21,26,VLSFO,18.36,9.5,228.0,24,250.7589,0.83,Moderate,FMS_MARITIME,2026-04-06
2021-01-22,26,MGO,35.66,9.4,225.6,24,492.2218,0.69,Rough,FMS_MARITIME,2026-04-06
2021-01-23,26,LNG,39.42,17.6,422.4,24,290.6105,0.91,Rough,FMS_MARITIME,2026-04-06
2021-01-24,26,HFO,83.98,14.6,350.4,24,746.3291,0.85,Rough,FMS_MARITIME,2026-04-06
2021-01-25,26,LSMGO,80.43,17.0,408.0,24,613.8701,0.75,Moderate,FMS_MARITIME,2026-04-06
2021-01-26,26,LSMGO,40.53,9.1,218.4,24,577.8865,0.66,Moderate,FMS_MARITIME,2026-04-06
2021-01-27,26,MGO,46.87,12.0,288.0,24,506.7819,0.42,Rough,FMS_MARITIME,2026-04-06
2021-01-28,26,VLSFO,41.43,15.2,364.8,24,353.6541,0.52,Moderate,FMS_MARITIME,2026-04-06
2021-01-28,26,MGO,58.05,8.2,196.8,24,918.5351,0.49,Moderate,FMS_MARITIME,2026-04-06
2021-01-28,26,LNG,84.05,17.4,417.6,24,626.7522,0.81,Moderate,FMS_MARITIME,2026-04-06
2021-01-01,27,VLSFO,47.12,10.0,240.0,24,611.382,0.97,Calm,FMS_MARITIME,2026-04-06
2021-01-02,27,HFO,21.18,9.3,223.2,24,295.4952,0.86,Calm,FMS_MARITIME,2026-04-06
2021-01-03,27,LNG,64.24,17.8,427.2,24,468.2663,0.41,Rough,FMS_MARITIME,2026-04-06
2021-01-04,27,LNG,62.02,10.8,259.2,24,745.1014,0.43,Calm,FMS_MARITIME,2026-04-06
2021-01-05,27,LSMGO,70.2,11.3,271.2,24,806.0575,0.47,Moderate,FMS_MARITIME,2026-04-06
2021-01-06,27,HFO,64.15,8.4,201.6,24,990.8884,0.44,Rough,FMS_MARITIME,2026-04-06
2021-01-07,27,HFO,25.6,16.3,391.2,24,203.7791,0.42,Calm,FMS_MARITIME,2026-04-06
2021-01-08,27,LSMGO,39.41,9.3,223.2,24,549.8331,0.83,Rough,FMS_MARITIME,2026-04-06
2021-01-09,27,MGO,47.81,10.6,254.4,24,585.2215,0.76,Rough,FMS_MARITIME,2026-04-06
2021-01-10,27,MGO,29.23,17.2,412.8,24,220.4996,0.57,Rough,FMS_MARITIME,2026-04-06
2021-01-11,27,HFO,40.07,15.1,362.4,24,344.3101,0.76,Calm,FMS_MARITIME,2026-04-06
2021-01-12,27,LSMGO,43.2,10.8,259.2,24,519.0,0.45,Moderate,FMS_MARITIME,2026-04-06
2021-01-13,27,LSMGO,82.92,11.8,283.2,24,911.7686,0.95,Rough,FMS_MARITIME,2026-04-06
2021-01-14,27,VLSFO,34.85,11.9,285.6,24,379.9821,0.89,Calm,FMS_MARITIME,2026-04-06
2021-01-15,27,LNG,21.41,16.8,403.2,24,165.354,0.82,Rough,FMS_MARITIME,2026-04-06
2021-01-16,27,LSMGO,40.54,12.1,290.4,24,434.7161,0.49,Moderate,FMS_MARITIME,2026-04-06
2021-01-17,27,LSMGO,33.47,13.4,321.6,24,324.0845,0.94,Rough,FMS_MARITIME,2026-04-06
2021-01-18,27,HFO,24.0,13.0,312.0,24,239.5385,0.42,Calm,FMS_MARITIME,2026-04-06
2021-01-19,27,VLSFO,66.42,14.9,357.6,24,578.3889,0.41,Moderate,FMS_MARITIME,2026-04-06
2021-01-20,27,LNG,21.05,14.6,350.4,24,187.0711,0.87,Moderate,FMS_MARITIME,2026-04-06
2021-01-21,27,MGO,16.69,8.9,213.6,24,243.3177,0.57,Calm,FMS_MARITIME,2026-04-06
2021-01-22,27,VLSFO,23.02,13.0,312.0,24,229.7573,0.84,Rough,FMS_MARITIME,2026-04-06
2021-01-23,27,VLSFO,28.87,15.0,360.0,24,249.7255,0.59,Moderate,FMS_MARITIME,2026-04-06
2021-01-24,27,LNG,78.67,16.5,396.0,24,618.6323,0.76,Calm,FMS_MARITIME,2026-04-06
2021-01-25,27,HFO,21.26,16.1,386.4,24,171.3345,0.43,Calm,FMS_MARITIME,2026-04-06
2021-01-26,27,LSMGO,51.84,13.9,333.6,24,483.9022,0.75,Calm,FMS_MARITIME,2026-04-06
2021-01-27,27,HFO,51.47,13.5,324.0,24,494.6839,0.89,Moderate,FMS_MARITIME,2026-04-06
2021-01-28,27,HFO,52.22,16.5,396.0,24,410.6391,0.5,Rough,FMS_MARITIME,2026-04-06
2021-01-28,27,MGO,31.14,17.8,427.2,24,226.9896,0.44,Rough,FMS_MARITIME,2026-04-06
2021-01-28,27,VLSFO,57.01,16.8,403.2,24,440.3004,0.77,Calm,FMS_MARITIME,2026-04-06
2021-01-01,28,MGO,31.11,14.2,340.8,24,284.2621,0.82,Rough,FMS_MARITIME,2026-04-06
2021-01-02,28,VLSFO,44.73,12.4,297.6,24,468.0417,0.86,Moderate,FMS_MARITIME,2026-04-06
2021-01-03,28,HFO,79.13,9.7,232.8,24,1058.4657,0.71,Calm,FMS_MARITIME,2026-04-06
2021-01-04,28,LNG,24.6,9.4,225.6,24,339.5585,0.71,Moderate,FMS_MARITIME,2026-04-06
2021-01-05,28,LSMGO,75.57,16.5,396.0,24,594.255,0.58,Moderate,FMS_MARITIME,2026-04-06
2021-01-06,28,LNG,83.7,16.9,405.6,24,642.608,0.91,Moderate,FMS_MARITIME,2026-04-06
2021-01-07,28,HFO,30.42,17.1,410.4,24,230.8184,0.42,Moderate,FMS_MARITIME,2026-04-06
2021-01-08,28,VLSFO,81.28,14.8,355.2,24,712.573,0.41,Rough,FMS_MARITIME,2026-04-06
2021-01-09,28,LSMGO,80.09,12.3,295.2,24,844.8518,0.67,Rough,FMS_MARITIME,2026-04-06
2021-01-10,28,LSMGO,24.77,10.9,261.6,24,294.8539,0.75,Calm,FMS_MARITIME,2026-04-06
2021-01-11,28,LNG,24.8,15.5,372.0,24,207.6,0.76,Moderate,FMS_MARITIME,2026-04-06
2021-01-12,28,MGO,66.34,18.0,432.0,24,478.2008,0.79,Rough,FMS_MARITIME,2026-04-06
2021-01-13,28,LNG,71.86,9.0,216.0,24,1035.9817,0.69,Calm,FMS_MARITIME,2026-04-06
2021-01-14,28,VLSFO,48.51,13.1,314.4,24,480.4712,0.79,Rough,FMS_MARITIME,2026-04-06
2021-01-15,28,VLSFO,30.17,16.1,386.4,24,243.1402,0.66,Rough,FMS_MARITIME,2026-04-06
2021-01-16,28,HFO,61.67,17.1,410.4,24,467.9346,0.45,Rough,FMS_MARITIME,2026-04-06
2021-01-17,28,VLSFO,69.32,12.0,288.0,24,749.5225,0.68,Moderate,FMS_MARITIME,2026-04-06
2021-01-18,28,LNG,26.12,9.7,232.8,24,349.3887,0.66,Moderate,FMS_MARITIME,2026-04-06
2021-01-19,28,HFO,63.38,13.1,314.4,24,627.7523,0.74,Rough,FMS_MARITIME,2026-04-06
2021-01-20,28,HFO,60.05,9.9,237.6,24,787.0189,0.97,Moderate,FMS_MARITIME,2026-04-06
2021-01-21,28,LSMGO,53.52,9.7,232.8,24,715.899,0.81,Rough,FMS_MARITIME,2026-04-06
2021-01-22,28,LNG,57.64,13.4,321.6,24,558.1187,0.57,Rough,FMS_MARITIME,2026-04-06
2021-01-23,28,LSMGO,37.26,10.4,249.6,24,464.8543,0.46,Moderate,FMS_MARITIME,2026-04-06
2021-01-24,28,LNG,48.36,11.4,273.6,24,550.4132,0.49,Moderate,FMS_MARITIME,2026-04-06
2021-01-25,28,LNG,73.52,17.7,424.8,24,538.939,0.58,Rough,FMS_MARITIME,2026-04-06
2021-01-26,28,MGO,78.85,16.4,393.6,24,623.8285,0.98,Rough,FMS_MARITIME,2026-04-06
2021-01-27,28,HFO,17.05,8.2,196.8,24,269.7851,0.95,Moderate,FMS_MARITIME,2026-04-06
2021-01-28,28,LNG,45.86,9.2,220.8,24,646.7755,0.6,Rough,FMS_MARITIME,2026-04-06
2021-01-28,28,VLSFO,55.02,13.8,331.2,24,517.3076,0.75,Moderate,FMS_MARITIME,2026-04-06
2021-01-28,28,HFO,39.56,16.7,400.8,24,307.3599,0.72,Moderate,FMS_MARITIME,2026-04-06
2021-01-01,29,MGO,22.99,8.8,211.2,24,338.9719,0.72,Calm,FMS_MARITIME,2026-04-06
2021-01-02,29,HFO,60.6,8.6,206.4,24,914.2849,0.4,Rough,FMS_MARITIME,2026-04-06
2021-01-03,29,VLSFO,33.88,9.8,235.2,24,448.5643,0.71,Moderate,FMS_MARITIME,2026-04-06
2021-01-04,29,MGO,77.23,13.6,326.4,24,736.8083,0.78,Calm,FMS_MARITIME,2026-04-06
2021-01-05,29,VLSFO,59.98,14.3,343.2,24,544.2241,0.75,Calm,FMS_MARITIME,2026-04-06
2021-01-06,29,VLSFO,66.18,9.2,220.8,24,933.3538,0.6,Calm,FMS_MARITIME,2026-04-06
2021-01-07,29,HFO,50.5,8.6,206.4,24,761.9041,0.7,Calm,FMS_MARITIME,2026-04-06
2021-01-08,29,LNG,82.83,13.7,328.8,24,784.4666,0.8,Rough,FMS_MARITIME,2026-04-06
2021-01-09,29,VLSFO,84.68,11.4,273.6,24,963.7921,0.54,Calm,FMS_MARITIME,2026-04-06
2021-01-10,29,HFO,29.76,12.1,290.4,24,319.1207,0.78,Calm,FMS_MARITIME,2026-04-06
2021-01-11,29,HFO,77.05,11.8,283.2,24,847.2235,0.87,Moderate,FMS_MARITIME,2026-04-06
2021-01-12,29,VLSFO,16.39,14.4,345.6,24,147.6807,0.89,Calm,FMS_MARITIME,2026-04-06
2021-01-13,29,LNG,60.58,17.0,408.0,24,462.3679,0.48,Rough,FMS_MARITIME,2026-04-06
2021-01-14,29,VLSFO,46.59,16.0,384.0,24,377.8158,0.68,Rough,FMS_MARITIME,2026-04-06
2021-01-15,29,MGO,84.59,14.4,345.6,24,762.1911,0.7,Rough,FMS_MARITIME,2026-04-06
2021-01-16,29,MGO,59.94,8.9,213.6,24,873.8444,0.58,Rough,FMS_MARITIME,2026-04-06
2021-01-17,29,LNG,40.72,17.6,422.4,24,300.1943,0.81,Moderate,FMS_MARITIME,2026-04-06
2021-01-18,29,LSMGO,65.43,10.6,254.4,24,800.9002,0.94,Calm,FMS_MARITIME,2026-04-06
2021-01-19,29,MGO,36.28,11.6,278.4,24,405.8043,0.53,Moderate,FMS_MARITIME,2026-04-06
2021-01-20,29,LNG,34.65,15.2,364.8,24,295.7788,0.94,Rough,FMS_MARITIME,2026-04-06
2021-01-21,29,LSMGO,44.32,14.6,350.4,24,393.8712,0.52,Rough,FMS_MARITIME,2026-04-06
2021-01-22,29,MGO,50.47,16.7,400.8,24,392.1247,0.74,Calm,FMS_MARITIME,2026-04-06
2021-01-23,29,LSMGO,79.88,14.6,350.4,24,709.8925,0.97,Rough,FMS_MARITIME,2026-04-06
2021-01-24,29,LNG,44.15,9.6,230.4,24,596.7148,0.53,Moderate,FMS_MARITIME,2026-04-06
2021-01-25,29,VLSFO,51.23,16.3,391.2,24,407.7971,0.49,Rough,FMS_MARITIME,2026-04-06
2021-01-26,29,LSMGO,48.09,16.1,386.4,24,387.5576,0.68,Rough,FMS_MARITIME,2026-04-06
2021-01-27,29,VLSFO,35.35,17.0,408.0,24,269.8037,0.86,Rough,FMS_MARITIME,2026-04-06
2021-01-28,29,LSMGO,71.29,12.1,290.4,24,764.4527,0.53,Rough,FMS_MARITIME,2026-04-06
2021-01-28,29,LNG,32.07,10.5,252.0,24,396.2936,1.0,Rough,FMS_MARITIME,2026-04-06
2021-01-28,29,MGO,52.49,11.4,273.6,24,597.4191,0.41,Rough,FMS_MARITIME,2026-04-06
2021-01-01,30,HFO,37.34,15.9,381.6,24,304.7085,0.62,Rough,FMS_MARITIME,2026-04-06
2021-01-02,30,MGO,27.24,8.3,199.2,24,425.8301,0.64,Calm,FMS_MARITIME,2026-04-06
2021-01-03,30,LNG,15.57,15.3,367.2,24,132.0397,0.52,Calm,FMS_MARITIME,2026-04-06
2021-01-04,30,VLSFO,68.07,17.2,412.8,24,513.4932,0.74,Rough,FMS_MARITIME,2026-04-06
2021-01-05,30,LNG,30.91,12.7,304.8,24,315.7931,0.94,Rough,FMS_MARITIME,2026-04-06
2021-01-06,30,MGO,59.45,11.1,266.4,24,694.9223,0.8,Rough,FMS_MARITIME,2026-04-06
2021-01-07,30,HFO,54.36,8.0,192.0,24,881.6513,0.44,Calm,FMS_MARITIME,2026-04-06
2021-01-08,30,HFO,84.5,11.4,273.6,24,961.7434,0.61,Rough,FMS_MARITIME,2026-04-06
2021-01-09,30,HFO,63.8,9.3,223.2,24,890.1129,0.58,Moderate,FMS_MARITIME,2026-04-06
2021-01-10,30,LSMGO,27.95,8.2,196.8,24,442.2576,0.46,Calm,FMS_MARITIME,2026-04-06
2021-01-11,30,VLSFO,76.93,11.4,273.6,24,875.5849,0.95,Rough,FMS_MARITIME,2026-04-06
2021-01-12,30,VLSFO,62.86,10.6,254.4,24,769.442,0.89,Moderate,FMS_MARITIME,2026-04-06
2021-01-13,30,MGO,73.27,14.2,340.8,24,669.4917,0.51,Rough,FMS_MARITIME,2026-04-06
2021-01-14,30,VLSFO,22.04,15.2,364.8,24,188.1375,0.54,Moderate,FMS_MARITIME,2026-04-06
2021-01-15,30,VLSFO,34.23,13.8,331.2,24,321.8364,0.64,Calm,FMS_MARITIME,2026-04-06
2021-01-16,30,VLSFO,72.2,16.8,403.2,24,557.6161,0.73,Rough,FMS_MARITIME,2026-04-06
2021-01-17,30,MGO,27.82,11.8,283.2,24,305.9021,0.47,Calm,FMS_MARITIME,2026-04-06
2021-01-18,30,LSMGO,49.71,13.2,316.8,24,488.6267,0.52,Rough,FMS_MARITIME,2026-04-06
2021-01-19,30,MGO,39.4,14.8,355.2,24,345.4155,0.97,Moderate,FMS_MARITIME,2026-04-06
2021-01-20,30,HFO,45.2,14.3,343.2,24,410.1189,0.88,Rough,FMS_MARITIME,2026-04-06
2021-01-21,30,HFO,31.25,8.8,211.2,24,460.7599,0.45,Rough,FMS_MARITIME,2026-04-06
2021-01-22,30,MGO,36.31,17.0,408.0,24,277.1307,0.59,Rough,FMS_MARITIME,2026-04-06
2021-01-23,30,HFO,46.76,10.2,244.8,24,594.8147,0.95,Moderate,FMS_MARITIME,2026-04-06
2021-01-24,30,HFO,28.05,9.4,225.6,24,387.1795,0.65,Calm,FMS_MARITIME,2026-04-06
2021-01-25,30,HFO,32.51,10.5,252.0,24,401.7307,1.0,Calm,FMS_MARITIME,2026-04-06
2021-01-26,30,LNG,61.75,16.5,396.0,24,485.5795,0.62,Moderate,FMS_MARITIME,2026-04-06
2021-01-27,30,VLSFO,68.37,15.2,364.8,24,583.6189,0.86,Moderate,FMS_MARITIME,2026-04-06
2021-01-28,30,LNG,27.17,16.8,403.2,24,209.8397,0.42,Moderate,FMS_MARITIME,2026-04-06
2021-01-28,30,LNG,50.78,13.3,319.2,24,495.3914,0.64,Calm,FMS_MARITIME,2026-04-06
2021-01-28,30,LNG,80.3,13.9,333.6,24,749.5629,0.74,Calm,FMS_MARITIME,2026-04-06
2021-01-01,31,HFO,45.2,14.0,336.0,24,418.9071,0.87,Calm,FMS_MARITIME,2026-04-06
2021-01-02,31,HFO,56.84,17.2,412.8,24,428.7785,0.66,Moderate,FMS_MARITIME,2026-04-06
2021-01-03,31,HFO,36.75,17.4,417.6,24,274.0409,0.83,Rough,FMS_MARITIME,2026-04-06
2021-01-04,31,VLSFO,56.31,14.2,340.8,24,514.5227,0.95,Calm,FMS_MARITIME,2026-04-06
2021-01-05,31,LNG,64.27,17.1,410.4,24,487.6627,0.66,Rough,FMS_MARITIME,2026-04-06
2021-01-06,31,VLSFO,81.33,16.0,384.0,24,659.5355,0.57,Calm,FMS_MARITIME,2026-04-06
2021-01-07,31,LSMGO,52.17,16.3,391.2,24,415.2796,0.72,Calm,FMS_MARITIME,2026-04-06
2021-01-08,31,HFO,39.09,11.1,266.4,24,456.9304,0.79,Rough,FMS_MARITIME,2026-04-06
2021-01-09,31,LSMGO,25.17,9.5,228.0,24,343.7692,0.89,Moderate,FMS_MARITIME,2026-04-06
2021-01-10,31,VLSFO,18.23,11.0,264.0,24,215.0311,0.73,Rough,FMS_MARITIME,2026-04-06
2021-01-11,31,VLSFO,32.24,10.4,249.6,24,402.225,0.68,Moderate,FMS_MARITIME,2026-04-06
2021-01-12,31,LSMGO,47.66,12.4,297.6,24,498.7004,0.77,Calm,FMS_MARITIME,2026-04-06
2021-01-13,31,HFO,35.5,15.2,364.8,24,303.0345,0.85,Rough,FMS_MARITIME,2026-04-06
2021-01-14,31,LSMGO,77.67,10.6,254.4,24,950.7248,0.91,Calm,FMS_MARITIME,2026-04-06
2021-01-15,31,LSMGO,32.41,14.5,348.0,24,290.0136,0.62,Calm,FMS_MARITIME,2026-04-06
2021-01-16,31,VLSFO,63.0,16.9,405.6,24,483.6834,0.8,Rough,FMS_MARITIME,2026-04-06
2021-01-17,31,HFO,23.31,12.8,307.2,24,236.2869,0.59,Moderate,FMS_MARITIME,2026-04-06
2021-01-18,31,LNG,55.92,9.5,228.0,24,763.7495,0.76,Moderate,FMS_MARITIME,2026-04-06
2021-01-19,31,HFO,82.2,17.0,408.0,24,627.3794,0.95,Calm,FMS_MARITIME,2026-04-06
2021-01-20,31,LNG,50.65,16.6,398.4,24,395.8938,0.48,Rough,FMS_MARITIME,2026-04-06
2021-01-21,31,LSMGO,18.75,8.8,211.2,24,276.456,0.69,Rough,FMS_MARITIME,2026-04-06
2021-01-22,31,LSMGO,21.86,9.6,230.4,24,295.4516,0.55,Rough,FMS_MARITIME,2026-04-06
2021-01-23,31,LNG,70.08,17.0,408.0,24,534.8753,0.53,Moderate,FMS_MARITIME,2026-04-06
2021-01-24,31,HFO,48.88,12.4,297.6,24,511.4661,0.62,Rough,FMS_MARITIME,2026-04-06
2021-01-25,31,HFO,46.59,13.1,314.4,24,461.4544,0.67,Moderate,FMS_MARITIME,2026-04-06
2021-01-26,31,LSMGO,56.64,11.5,276.0,24,639.047,0.9,Calm,FMS_MARITIME,2026-04-06
2021-01-27,31,MGO,28.75,11.7,280.8,24,318.8301,0.56,Calm,FMS_MARITIME,2026-04-06
2021-01-28,31,HFO,84.17,8.1,194.4,24,1348.2787,0.48,Rough,FMS_MARITIME,2026-04-06
2021-01-28,31,VLSFO,71.48,11.8,283.2,24,785.9771,0.74,Rough,FMS_MARITIME,2026-04-06
2021-01-28,31,MGO,77.09,14.1,338.4,24,709.392,0.78,Calm,FMS_MARITIME,2026-04-06
2021-01-01,32,LNG,37.13,9.7,232.8,24,496.6616,0.67,Moderate,FMS_MARITIME,2026-04-06
2021-01-02,32,HFO,60.4,8.5,204.0,24,921.9882,0.56,Rough,FMS_MARITIME,2026-04-06
2021-01-03,32,MGO,70.21,15.8,379.2,24,576.5663,0.64,Rough,FMS_MARITIME,2026-04-06
2021-01-04,32,HFO,39.36,12.6,302.4,24,405.3143,0.72,Rough,FMS_MARITIME,2026-04-06
2021-01-05,32,LSMGO,70.22,9.5,228.0,24,959.0574,0.7,Calm,FMS_MARITIME,2026-04-06
2021-01-06,32,LSMGO,32.05,8.8,211.2,24,472.5554,0.8,Moderate,FMS_MARITIME,2026-04-06
2021-01-07,32,MGO,18.39,9.7,232.8,24,245.9899,0.46,Calm,FMS_MARITIME,2026-04-06
2021-01-08,32,LSMGO,19.21,10.8,259.2,24,230.7868,0.59,Calm,FMS_MARITIME,2026-04-06
2021-01-09,32,LSMGO,31.45,8.0,192.0,24,510.0797,0.5,Calm,FMS_MARITIME,2026-04-06
2021-01-10,32,VLSFO,68.97,9.7,232.8,24,922.5626,0.81,Calm,FMS_MARITIME,2026-04-06
2021-01-11,32,LSMGO,62.05,16.8,403.2,24,479.2254,0.47,Rough,FMS_MARITIME,2026-04-06
2021-01-12,32,HFO,44.07,12.1,290.4,24,472.5688,0.54,Rough,FMS_MARITIME,2026-04-06
2021-01-13,32,LNG,62.62,14.8,355.2,24,548.9828,0.99,Rough,FMS_MARITIME,2026-04-06
2021-01-14,32,LSMGO,15.88,11.8,283.2,24,174.6127,0.76,Moderate,FMS_MARITIME,2026-04-06
2021-01-15,32,VLSFO,44.99,14.5,348.0,24,402.5829,0.43,Calm,FMS_MARITIME,2026-04-06
2021-01-16,32,HFO,20.66,11.5,276.0,24,233.0987,0.87,Moderate,FMS_MARITIME,2026-04-06
2021-01-17,32,LNG,46.97,17.1,410.4,24,356.3952,0.54,Rough,FMS_MARITIME,2026-04-06
2021-01-18,32,LSMGO,70.6,11.7,280.8,24,782.9359,0.9,Moderate,FMS_MARITIME,2026-04-06
2021-01-19,32,HFO,30.17,9.0,216.0,24,434.9508,0.72,Calm,FMS_MARITIME,2026-04-06
2021-01-20,32,LSMGO,76.75,15.6,374.4,24,638.3534,0.85,Rough,FMS_MARITIME,2026-04-06
2021-01-21,32,MGO,59.98,10.6,254.4,24,734.1892,0.56,Moderate,FMS_MARITIME,2026-04-06
2021-01-22,32,LSMGO,48.08,12.2,292.8,24,511.3426,0.64,Moderate,FMS_MARITIME,2026-04-06
2021-01-23,32,VLSFO,23.04,11.9,285.6,24,251.2134,0.67,Moderate,FMS_MARITIME,2026-04-06
2021-01-24,32,HFO,45.74,8.8,211.2,24,674.4051,0.81,Rough,FMS_MARITIME,2026-04-06
2021-01-25,32,VLSFO,44.07,13.0,312.0,24,439.8525,0.91,Calm,FMS_MARITIME,2026-04-06
2021-01-26,32,VLSFO,43.06,13.8,331.2,24,404.8576,0.85,Moderate,FMS_MARITIME,2026-04-06
2021-01-27,32,VLSFO,45.84,17.2,412.8,24,345.7988,0.96,Moderate,FMS_MARITIME,2026-04-06
2021-01-28,32,HFO,29.52,11.6,278.4,24,330.1914,0.52,Rough,FMS_MARITIME,2026-04-06
2021-01-28,32,HFO,35.05,12.8,307.2,24,355.292,0.5,Calm,FMS_MARITIME,2026-04-06
2021-01-28,32,MGO,60.87,10.2,244.8,24,774.3022,0.8,Calm,FMS_MARITIME,2026-04-06
2021-01-01,33,LNG,70.12,11.0,264.0,24,827.0973,0.51,Moderate,FMS_MARITIME,2026-04-06
2021-01-02,33,MGO,30.29,10.0,240.0,24,393.0127,0.97,Calm,FMS_MARITIME,2026-04-06
2021-01-03,33,HFO,47.0,8.7,208.8,24,700.9483,0.81,Calm,FMS_MARITIME,2026-04-06
2021-01-04,33,VLSFO,22.16,14.3,343.2,24,201.0671,0.58,Calm,FMS_MARITIME,2026-04-06
2021-01-05,33,LSMGO,42.77,9.1,218.4,24,609.825,0.84,Calm,FMS_MARITIME,2026-04-06
2021-01-06,33,LNG,44.1,16.9,405.6,24,338.5784,0.42,Moderate,FMS_MARITIME,2026-04-06
2021-01-07,33,LSMGO,41.4,11.9,285.6,24,451.3992,0.63,Rough,FMS_MARITIME,2026-04-06
2021-01-08,33,VLSFO,79.89,17.0,408.0,24,609.7487,0.63,Rough,FMS_MARITIME,2026-04-06
2021-01-09,33,HFO,31.19,15.8,379.2,24,256.1331,0.57,Calm,FMS_MARITIME,2026-04-06
2021-01-10,33,VLSFO,57.23,12.9,309.6,24,575.6273,0.64,Calm,FMS_MARITIME,2026-04-06
2021-01-11,33,MGO,20.51,14.9,357.6,24,178.6022,0.75,Calm,FMS_MARITIME,2026-04-06
2021-01-12,33,LSMGO,25.15,15.5,372.0,24,210.5298,0.47,Rough,FMS_MARITIME,2026-04-06
2021-01-13,33,LNG,80.45,9.7,232.8,24,1076.1224,0.6,Calm,FMS_MARITIME,2026-04-06
2021-01-14,33,MGO,18.06,10.8,259.2,24,216.9708,0.43,Rough,FMS_MARITIME,2026-04-06
2021-01-15,33,HFO,25.16,17.4,417.6,24,187.6155,0.45,Moderate,FMS_MARITIME,2026-04-06
2021-01-16,33,MGO,50.95,9.7,232.8,24,681.5219,0.69,Rough,FMS_MARITIME,2026-04-06
2021-01-17,33,HFO,21.13,9.9,237.6,24,276.9311,0.67,Rough,FMS_MARITIME,2026-04-06
2021-01-18,33,HFO,81.22,15.7,376.8,24,671.229,0.91,Moderate,FMS_MARITIME,2026-04-06
2021-01-19,33,LSMGO,46.37,11.3,271.2,24,532.4343,0.84,Rough,FMS_MARITIME,2026-04-06
2021-01-20,33,LSMGO,32.64,13.2,316.8,24,320.8364,0.69,Moderate,FMS_MARITIME,2026-04-06
2021-01-21,33,LSMGO,46.42,13.8,331.2,24,436.4489,0.43,Calm,FMS_MARITIME,2026-04-06
2021-01-22,33,LNG,24.44,17.3,415.2,24,183.3,0.47,Moderate,FMS_MARITIME,2026-04-06
2021-01-23,33,MGO,43.65,13.5,324.0,24,419.525,0.99,Moderate,FMS_MARITIME,2026-04-06
2021-01-24,33,LSMGO,21.64,13.2,316.8,24,212.7114,0.72,Calm,FMS_MARITIME,2026-04-06
2021-01-25,33,HFO,77.4,17.9,429.6,24,561.0419,0.66,Moderate,FMS_MARITIME,2026-04-06
2021-01-26,33,MGO,71.06,10.1,242.4,24,912.8748,0.64,Calm,FMS_MARITIME,2026-04-06
2021-01-27,33,HFO,43.56,8.9,213.6,24,635.0461,0.5,Moderate,FMS_MARITIME,2026-04-06
2021-01-28,33,MGO,40.66,17.8,427.2,24,296.384,0.67,Calm,FMS_MARITIME,2026-04-06
2021-01-28,33,HFO,67.73,15.4,369.6,24,570.6472,0.65,Moderate,FMS_MARITIME,2026-04-06
2021-01-28,33,LSMGO,30.25,14.1,338.4,24,278.3644,0.7,Calm,FMS_MARITIME,2026-04-06
2021-01-01,34,LSMGO,77.41,13.7,328.8,24,733.1349,0.91,Rough,FMS_MARITIME,2026-04-06
2021-01-02,34,LSMGO,55.65,13.9,333.6,24,519.4667,0.43,Rough,FMS_MARITIME,2026-04-06
2021-01-03,34,HFO,26.67,17.8,427.2,24,194.4063,0.47,Calm,FMS_MARITIME,2026-04-06
2021-01-04,34,HFO,15.91,14.4,345.6,24,143.3557,0.66,Moderate,FMS_MARITIME,2026-04-06
2021-01-05,34,VLSFO,70.67,11.5,276.0,24,797.342,0.47,Calm,FMS_MARITIME,2026-04-06
2021-01-06,34,LNG,63.37,16.0,384.0,24,513.8911,0.95,Calm,FMS_MARITIME,2026-04-06
2021-01-07,34,LSMGO,57.97,8.8,211.2,24,854.7281,0.6,Rough,FMS_MARITIME,2026-04-06
2021-01-08,34,MGO,74.35,8.4,201.6,24,1148.442,0.81,Calm,FMS_MARITIME,2026-04-06
2021-01-09,34,LSMGO,62.08,10.4,249.6,24,774.5077,0.61,Moderate,FMS_MARITIME,2026-04-06
2021-01-10,34,LSMGO,69.36,11.7,280.8,24,769.1846,0.53,Rough,FMS_MARITIME,2026-04-06
2021-01-11,34,VLSFO,82.74,12.2,292.8,24,879.9602,0.81,Rough,FMS_MARITIME,2026-04-06
2021-01-12,34,VLSFO,73.16,13.5,324.0,24,703.1489,0.69,Moderate,FMS_MARITIME,2026-04-06
2021-01-13,34,VLSFO,30.25,18.0,432.0,24,218.0521,0.49,Moderate,FMS_MARITIME,2026-04-06
2021-01-14,34,HFO,77.44,15.8,379.2,24,635.9392,0.66,Moderate,FMS_MARITIME,2026-04-06
2021-01-15,34,VLSFO,57.01,8.7,208.8,24,850.2353,0.59,Calm,FMS_MARITIME,2026-04-06
2021-01-16,34,MGO,74.01,14.3,343.2,24,671.5243,0.9,Moderate,FMS_MARITIME,2026-04-06
2021-01-17,34,HFO,78.32,17.0,408.0,24,597.7659,0.89,Calm,FMS_MARITIME,2026-04-06
2021-01-18,34,HFO,43.41,15.1,362.4,24,373.0098,0.47,Rough,FMS_MARITIME,2026-04-06
2021-01-19,34,MGO,55.0,12.0,288.0,24,594.6875,0.61,Calm,FMS_MARITIME,2026-04-06
2021-01-20,34,LSMGO,65.63,16.2,388.8,24,525.6477,0.55,Calm,FMS_MARITIME,2026-04-06
2021-01-21,34,HFO,42.27,8.9,213.6,24,616.2396,0.76,Calm,FMS_MARITIME,2026-04-06
2021-01-22,34,LSMGO,71.07,16.9,405.6,24,545.641,0.64,Rough,FMS_MARITIME,2026-04-06
2021-01-23,34,LSMGO,69.26,15.4,369.6,24,583.538,0.43,Rough,FMS_MARITIME,2026-04-06
2021-01-24,34,MGO,61.31,12.3,295.2,24,646.7457,0.93,Rough,FMS_MARITIME,2026-04-06
2021-01-25,34,MGO,24.49,13.4,321.6,24,237.1326,0.95,Calm,FMS_MARITIME,2026-04-06
2021-01-26,34,LSMGO,67.45,13.6,326.4,24,643.5028,0.92,Rough,FMS_MARITIME,2026-04-06
2021-01-27,34,VLSFO,48.84,9.1,218.4,24,696.3725,0.6,Calm,FMS_MARITIME,2026-04-06
2021-01-28,34,HFO,50.58,12.2,292.8,24,537.9307,0.93,Calm,FMS_MARITIME,2026-04-06
2021-01-28,34,LNG,47.93,17.6,422.4,24,353.3476,0.67,Moderate,FMS_MARITIME,2026-04-06
2021-01-28,34,VLSFO,23.47,14.9,357.6,24,204.378,0.82,Calm,FMS_MARITIME,2026-04-06
2021-01-01,35,VLSFO,27.62,15.1,362.4,24,237.3308,0.79,Rough,FMS_MARITIME,2026-04-06
2021-01-02,35,MGO,74.57,9.7,232.8,24,997.4698,0.46,Rough,FMS_MARITIME,2026-04-06
2021-01-03,35,VLSFO,70.43,13.3,319.2,24,687.0897,0.89,Calm,FMS_MARITIME,2026-04-06
2021-01-04,35,VLSFO,78.87,12.1,290.4,24,845.7341,0.84,Moderate,FMS_MARITIME,2026-04-06
2021-01-05,35,HFO,78.13,11.1,266.4,24,913.2764,0.93,Calm,FMS_MARITIME,2026-04-06
2021-01-06,35,MGO,36.7,14.5,348.0,24,328.4017,0.5,Rough,FMS_MARITIME,2026-04-06
2021-01-07,35,HFO,33.95,16.7,400.8,24,263.7732,0.49,Moderate,FMS_MARITIME,2026-04-06
2021-01-08,35,MGO,73.57,10.4,249.6,24,917.8565,0.4,Rough,FMS_MARITIME,2026-04-06
2021-01-09,35,HFO,43.79,11.1,266.4,24,511.8696,0.47,Rough,FMS_MARITIME,2026-04-06
2021-01-10,35,MGO,61.02,13.1,314.4,24,604.3775,0.65,Moderate,FMS_MARITIME,2026-04-06
2021-01-11,35,MGO,71.19,8.1,194.4,24,1140.3583,0.46,Moderate,FMS_MARITIME,2026-04-06
2021-01-12,35,LSMGO,58.47,11.5,276.0,24,659.6941,0.82,Calm,FMS_MARITIME,2026-04-06
2021-01-13,35,VLSFO,37.39,12.7,304.8,24,381.9963,0.58,Moderate,FMS_MARITIME,2026-04-06
2021-01-14,35,LSMGO,62.91,17.9,429.6,24,456.0096,0.43,Calm,FMS_MARITIME,2026-04-06
2021-01-15,35,HFO,20.33,11.9,285.6,24,221.6653,0.42,Calm,FMS_MARITIME,2026-04-06
2021-01-16,35,MGO,37.37,11.2,268.8,24,432.9248,0.51,Rough,FMS_MARITIME,2026-04-06
2021-01-17,35,VLSFO,27.28,13.9,333.6,24,254.646,0.55,Moderate,FMS_MARITIME,2026-04-06
2021-01-18,35,LNG,45.29,15.1,362.4,24,389.1641,0.76,Calm,FMS_MARITIME,2026-04-06
2021-01-19,35,LSMGO,31.36,13.7,328.8,24,297.0044,0.63,Rough,FMS_MARITIME,2026-04-06
2021-01-20,35,LSMGO,73.43,10.5,252.0,24,907.385,0.87,Calm,FMS_MARITIME,2026-04-06
2021-01-21,35,LSMGO,16.14,14.1,338.4,24,148.5223,0.88,Moderate,FMS_MARITIME,2026-04-06
2021-01-22,35,VLSFO,60.76,9.3,223.2,24,847.7,0.58,Moderate,FMS_MARITIME,2026-04-06
2021-01-23,35,VLSFO,27.44,12.2,292.8,24,291.8311,0.56,Calm,FMS_MARITIME,2026-04-06
2021-01-24,35,LSMGO,35.99,10.0,240.0,24,466.9703,0.72,Calm,FMS_MARITIME,2026-04-06
2021-01-25,35,LNG,33.01,17.5,420.0,24,244.7456,0.62,Rough,FMS_MARITIME,2026-04-06
2021-01-26,35,LSMGO,45.53,13.3,319.2,24,444.1742,0.55,Calm,FMS_MARITIME,2026-04-06
2021-01-27,35,MGO,69.32,13.1,314.4,24,686.5855,0.89,Calm,FMS_MARITIME,2026-04-06
2021-01-28,35,VLSFO,65.92,10.8,259.2,24,791.9556,0.63,Rough,FMS_MARITIME,2026-04-06
2021-01-28,35,MGO,53.81,17.4,417.6,24,401.2556,0.41,Moderate,FMS_MARITIME,2026-04-06
2021-01-28,35,HFO,72.48,10.0,240.0,24,940.428,0.75,Moderate,FMS_MARITIME,2026-04-06
2021-01-01,36,LSMGO,68.14,9.6,230.4,24,920.9547,0.78,Rough,FMS_MARITIME,2026-04-06
2021-01-02,36,LSMGO,84.21,16.1,386.4,24,678.6489,0.56,Moderate,FMS_MARITIME,2026-04-06
2021-01-03,36,VLSFO,75.59,16.4,393.6,24,598.0367,0.74,Rough,FMS_MARITIME,2026-04-06
2021-01-04,36,MGO,44.54,16.7,400.8,24,346.0518,0.53,Rough,FMS_MARITIME,2026-04-06
2021-01-05,36,LNG,75.33,9.0,216.0,24,1086.0075,0.6,Moderate,FMS_MARITIME,2026-04-06
2021-01-06,36,LSMGO,71.18,12.6,302.4,24,732.9845,0.52,Calm,FMS_MARITIME,2026-04-06
2021-01-07,36,MGO,70.87,15.6,374.4,24,589.4476,0.56,Rough,FMS_MARITIME,2026-04-06
2021-01-08,36,MGO,46.87,13.1,314.4,24,464.2277,0.99,Rough,FMS_MARITIME,2026-04-06
2021-01-09,36,LNG,60.15,15.3,367.2,24,510.0956,0.71,Moderate,FMS_MARITIME,2026-04-06
2021-01-10,36,LSMGO,56.23,12.3,295.2,24,593.1579,0.75,Moderate,FMS_MARITIME,2026-04-06
2021-01-11,36,LNG,64.06,8.2,196.8,24,1013.6323,0.82,Rough,FMS_MARITIME,2026-04-06
2021-01-12,36,LNG,75.43,8.2,196.8,24,1193.5418,0.75,Calm,FMS_MARITIME,2026-04-06
2021-01-13,36,HFO,58.49,16.5,396.0,24,459.9441,0.45,Calm,FMS_MARITIME,2026-04-06
2021-01-14,36,LNG,33.25,16.0,384.0,24,269.6367,0.46,Moderate,FMS_MARITIME,2026-04-06
2021-01-15,36,LNG,40.09,12.8,307.2,24,406.3811,0.84,Calm,FMS_MARITIME,2026-04-06
2021-01-16,36,LSMGO,20.36,14.5,348.0,24,182.1869,0.65,Calm,FMS_MARITIME,2026-04-06
2021-01-17,36,MGO,41.91,14.9,357.6,24,364.9545,0.56,Rough,FMS_MARITIME,2026-04-06
2021-01-18,36,VLSFO,29.31,14.8,355.2,24,256.9576,0.98,Moderate,FMS_MARITIME,2026-04-06
2021-01-19,36,LNG,59.78,14.1,338.4,24,550.1032,0.75,Moderate,FMS_MARITIME,2026-04-06
2021-01-20,36,MGO,83.35,8.2,196.8,24,1318.8613,0.59,Calm,FMS_MARITIME,2026-04-06
2021-01-21,36,LNG,69.71,14.5,348.0,24,623.7843,0.91,Rough,FMS_MARITIME,2026-04-06
2021-01-22,36,MGO,31.05,15.9,381.6,24,253.3797,0.59,Calm,FMS_MARITIME,2026-04-06
2021-01-23,36,MGO,67.46,16.2,388.8,24,540.3046,0.94,Rough,FMS_MARITIME,2026-04-06
2021-01-24,36,LSMGO,48.01,12.3,295.2,24,506.447,0.75,Moderate,FMS_MARITIME,2026-04-06
2021-01-25,36,HFO,23.71,16.0,384.0,24,192.2733,0.91,Moderate,FMS_MARITIME,2026-04-06
2021-01-26,36,VLSFO,75.35,8.6,206.4,24,1136.8212,0.72,Rough,FMS_MARITIME,2026-04-06
2021-01-27,36,VLSFO,44.95,18.0,432.0,24,324.0146,0.85,Moderate,FMS_MARITIME,2026-04-06
2021-01-28,36,LNG,70.27,13.1,314.4,24,695.9948,0.86,Calm,FMS_MARITIME,2026-04-06
2021-01-28,36,VLSFO,35.13,13.2,316.8,24,345.3119,0.86,Moderate,FMS_MARITIME,2026-04-06
2021-01-28,36,LNG,75.77,16.6,398.4,24,592.2384,0.52,Rough,FMS_MARITIME,2026-04-06
2021-01-01,37,HFO,16.33,11.5,276.0,24,184.245,0.41,Calm,FMS_MARITIME,2026-04-06
2021-01-02,37,LSMGO,24.89,16.5,396.0,24,195.7259,0.75,Rough,FMS_MARITIME,2026-04-06
2021-01-03,37,LSMGO,82.68,11.3,271.2,24,949.3566,0.79,Calm,FMS_MARITIME,2026-04-06
2021-01-04,37,LSMGO,59.99,15.6,374.4,24,498.9553,0.92,Calm,FMS_MARITIME,2026-04-06
2021-01-05,37,LNG,78.26,17.1,410.4,24,593.8149,0.68,Rough,FMS_MARITIME,2026-04-06
2021-01-06,37,VLSFO,48.24,11.8,283.2,24,530.4356,0.63,Moderate,FMS_MARITIME,2026-04-06
2021-01-07,37,LNG,81.17,9.5,228.0,24,1108.6113,0.53,Moderate,FMS_MARITIME,2026-04-06
2021-01-08,37,LSMGO,29.79,14.8,355.2,24,261.1657,0.55,Rough,FMS_MARITIME,2026-04-06
2021-01-09,37,VLSFO,41.43,15.8,379.2,24,340.2242,0.54,Rough,FMS_MARITIME,2026-04-06
2021-01-10,37,VLSFO,82.41,8.7,208.8,24,1229.0457,0.53,Moderate,FMS_MARITIME,2026-04-06
2021-01-11,37,HFO,21.21,14.8,355.2,24,185.9458,0.67,Calm,FMS_MARITIME,2026-04-06
2021-01-12,37,MGO,77.01,16.4,393.6,24,609.2712,0.57,Moderate,FMS_MARITIME,2026-04-06
2021-01-13,37,VLSFO,77.03,12.6,302.4,24,793.2256,0.81,Calm,FMS_MARITIME,2026-04-06
2021-01-14,37,LNG,81.02,11.9,285.6,24,883.3903,0.72,Rough,FMS_MARITIME,2026-04-06
2021-01-15,37,LSMGO,58.0,8.4,201.6,24,895.8929,0.95,Rough,FMS_MARITIME,2026-04-06
2021-01-16,37,LNG,49.71,12.9,309.6,24,499.9901,0.98,Moderate,FMS_MARITIME,2026-04-06
2021-01-17,37,VLSFO,62.89,14.1,338.4,24,578.7218,0.96,Rough,FMS_MARITIME,2026-04-06
2021-01-18,37,MGO,24.68,15.1,362.4,24,212.0682,0.91,Moderate,FMS_MARITIME,2026-04-06
2021-01-19,37,HFO,70.1,15.5,372.0,24,586.8048,0.98,Calm,FMS_MARITIME,2026-04-06
2021-01-20,37,LSMGO,47.6,12.8,307.2,24,482.5078,0.69,Calm,FMS_MARITIME,2026-04-06
2021-01-21,37,LNG,25.52,10.7,256.8,24,309.4598,0.65,Moderate,FMS_MARITIME,2026-04-06
2021-01-22,37,MGO,56.77,8.8,211.2,24,837.0349,0.52,Calm,FMS_MARITIME,2026-04-06
2021-01-23,37,VLSFO,67.81,8.8,211.2,24,999.8122,0.79,Calm,FMS_MARITIME,2026-04-06
2021-01-24,37,HFO,56.19,8.6,206.4,24,847.7503,0.79,Calm,FMS_MARITIME,2026-04-06
2021-01-25,37,HFO,34.44,13.7,328.8,24,326.1745,0.88,Moderate,FMS_MARITIME,2026-04-06
2021-01-26,37,VLSFO,65.82,12.0,288.0,24,711.6787,0.55,Moderate,FMS_MARITIME,2026-04-06
2021-01-27,37,LSMGO,39.04,15.2,364.8,24,333.2526,0.99,Moderate,FMS_MARITIME,2026-04-06
2021-01-28,37,VLSFO,44.59,14.5,348.0,24,399.0036,0.61,Calm,FMS_MARITIME,2026-04-06
2021-01-28,37,VLSFO,75.54,17.1,410.4,24,573.1763,0.96,Moderate,FMS_MARITIME,2026-04-06
2021-01-28,37,HFO,59.19,17.8,427.2,24,431.4552,0.92,Calm,FMS_MARITIME,2026-04-06
2021-01-01,38,LSMGO,17.02,10.6,254.4,24,208.3344,0.84,Calm,FMS_MARITIME,2026-04-06
2021-01-02,38,MGO,32.19,8.6,206.4,24,485.6573,0.75,Rough,FMS_MARITIME,2026-04-06
2021-01-03,38,HFO,44.5,11.6,278.4,24,497.7478,0.76,Rough,FMS_MARITIME,2026-04-06
2021-01-04,38,LNG,56.41,13.0,312.0,24,563.0152,0.9,Calm,FMS_MARITIME,2026-04-06
2021-01-05,38,MGO,22.13,8.9,213.6,24,322.6256,0.7,Rough,FMS_MARITIME,2026-04-06
2021-01-06,38,MGO,70.13,17.6,422.4,24,517.0095,0.64,Calm,FMS_MARITIME,2026-04-06
2021-01-07,38,LNG,36.45,11.1,266.4,24,426.0709,0.66,Calm,FMS_MARITIME,2026-04-06
2021-01-08,38,LNG,68.49,13.1,314.4,24,678.3647,0.71,Rough,FMS_MARITIME,2026-04-06
2021-01-09,38,LSMGO,65.44,8.0,192.0,24,1061.355,0.65,Rough,FMS_MARITIME,2026-04-06
2021-01-10,38,LNG,69.74,14.5,348.0,24,624.0528,0.73,Calm,FMS_MARITIME,2026-04-06
2021-01-11,38,MGO,16.11,15.1,362.4,24,138.4286,0.83,Moderate,FMS_MARITIME,2026-04-06
2021-01-12,38,LSMGO,83.46,12.0,288.0,24,902.4112,0.62,Rough,FMS_MARITIME,2026-04-06
2021-01-13,38,VLSFO,19.75,14.4,345.6,24,177.9557,0.82,Rough,FMS_MARITIME,2026-04-06
2021-01-14,38,LSMGO,66.1,10.3,247.2,24,832.6675,0.82,Moderate,FMS_MARITIME,2026-04-06
2021-01-15,38,HFO,35.0,12.2,292.8,24,372.2336,0.59,Moderate,FMS_MARITIME,2026-04-06
2021-01-16,38,LNG,58.62,14.8,355.2,24,513.9152,0.5,Calm,FMS_MARITIME,2026-04-06
2021-01-17,38,HFO,18.84,8.7,208.8,24,280.9759,0.53,Calm,FMS_MARITIME,2026-04-06
2021-01-18,38,MGO,41.33,13.3,319.2,24,403.2006,0.69,Moderate,FMS_MARITIME,2026-04-06
2021-01-19,38,LSMGO,29.92,16.7,400.8,24,232.4623,0.9,Moderate,FMS_MARITIME,2026-04-06
2021-01-20,38,MGO,66.85,12.5,300.0,24,693.903,0.5,Moderate,FMS_MARITIME,2026-04-06
2021-01-21,38,VLSFO,36.17,11.0,264.0,24,426.6416,0.4,Moderate,FMS_MARITIME,2026-04-06
2021-01-22,38,HFO,34.74,14.1,338.4,24,319.6819,0.96,Rough,FMS_MARITIME,2026-04-06
2021-01-23,38,VLSFO,26.65,16.7,400.8,24,207.0561,0.87,Moderate,FMS_MARITIME,2026-04-06
2021-01-24,38,HFO,73.68,14.5,348.0,24,659.309,0.72,Rough,FMS_MARITIME,2026-04-06
2021-01-25,38,LNG,67.83,14.8,355.2,24,594.6583,0.65,Moderate,FMS_MARITIME,2026-04-06
2021-01-26,38,HFO,21.69,12.8,307.2,24,219.8654,0.98,Moderate,FMS_MARITIME,2026-04-06
2021-01-27,38,HFO,62.2,8.8,211.2,24,917.0966,0.48,Rough,FMS_MARITIME,2026-04-06
2021-01-28,38,LNG,33.73,11.7,280.8,24,374.0571,0.86,Rough,FMS_MARITIME,2026-04-06
2021-01-28,38,LSMGO,39.45,16.1,386.4,24,317.9278,0.96,Rough,FMS_MARITIME,2026-04-06
2021-01-28,38,HFO,26.75,11.6,278.4,24,299.208,0.69,Rough,FMS_MARITIME,2026-04-06
2021-01-01,39,LSMGO,76.38,11.3,271.2,24,877.0181,0.43,Rough,FMS_MARITIME,2026-04-06
2021-01-02,39,HFO,64.41,13.2,316.8,24,633.121,0.95,Rough,FMS_MARITIME,2026-04-06
2021-01-03,39,LSMGO,38.12,17.8,427.2,24,277.8691,0.9,Calm,FMS_MARITIME,2026-04-06
2021-01-04,39,LSMGO,39.16,11.8,283.2,24,430.5941,0.51,Rough,FMS_MARITIME,2026-04-06
2021-01-05,39,LSMGO,74.77,10.1,242.4,24,960.5354,0.53,Rough,FMS_MARITIME,2026-04-06
2021-01-06,39,LSMGO,55.04,15.6,374.4,24,457.7846,0.93,Calm,FMS_MARITIME,2026-04-06
2021-01-07,39,LSMGO,84.49,15.3,367.2,24,716.5083,0.44,Moderate,FMS_MARITIME,2026-04-06
2021-01-08,39,VLSFO,28.24,16.7,400.8,24,219.4096,0.82,Calm,FMS_MARITIME,2026-04-06
2021-01-09,39,LSMGO,25.99,11.1,266.4,24,303.802,0.93,Rough,FMS_MARITIME,2026-04-06
2021-01-10,39,HFO,73.88,12.6,302.4,24,760.7881,0.9,Rough,FMS_MARITIME,2026-04-06
2021-01-11,39,LSMGO,27.14,17.2,412.8,24,204.7334,0.59,Moderate,FMS_MARITIME,2026-04-06
2021-01-12,39,HFO,35.66,17.0,408.0,24,272.1697,0.58,Moderate,FMS_MARITIME,2026-04-06
2021-01-13,39,MGO,32.46,8.9,213.6,24,473.223,0.93,Moderate,FMS_MARITIME,2026-04-06
2021-01-14,39,HFO,74.43,11.6,278.4,24,832.5252,0.59,Calm,FMS_MARITIME,2026-04-06
2021-01-15,39,MGO,71.59,9.9,237.6,24,938.2629,0.41,Moderate,FMS_MARITIME,2026-04-06
2021-01-16,39,HFO,62.02,13.3,319.2,24,605.0447,0.94,Rough,FMS_MARITIME,2026-04-06
2021-01-17,39,MGO,66.83,18.0,432.0,24,481.7329,0.77,Moderate,FMS_MARITIME,2026-04-06
2021-01-18,39,LNG,36.9,14.6,350.4,24,327.9298,0.64,Rough,FMS_MARITIME,2026-04-06
2021-01-19,39,MGO,67.45,12.3,295.2,24,711.5152,0.6,Moderate,FMS_MARITIME,2026-04-06
2021-01-20,39,VLSFO,54.09,9.2,220.8,24,762.8454,0.76,Calm,FMS_MARITIME,2026-04-06
2021-01-21,39,LSMGO,80.71,9.4,225.6,24,1114.0556,0.56,Calm,FMS_MARITIME,2026-04-06
2021-01-22,39,HFO,36.48,8.6,206.4,24,550.3814,0.96,Rough,FMS_MARITIME,2026-04-06
2021-01-23,39,HFO,16.6,16.0,384.0,24,134.6156,0.95,Rough,FMS_MARITIME,2026-04-06
2021-01-24,39,LSMGO,59.85,11.8,283.2,24,658.0964,0.46,Calm,FMS_MARITIME,2026-04-06
2021-01-25,39,LSMGO,77.17,17.0,408.0,24,588.9887,0.78,Calm,FMS_MARITIME,2026-04-06
2021-01-26,39,HFO,24.38,14.6,350.4,24,216.6647,0.64,Calm,FMS_MARITIME,2026-04-06
2021-01-27,39,VLSFO,50.24,12.2,292.8,24,534.3148,0.49,Calm,FMS_MARITIME,2026-04-06
2021-01-28,39,LNG,49.95,14.3,343.2,24,453.2177,0.5,Moderate,FMS_MARITIME,2026-04-06
2021-01-28,39,LNG,54.79,16.4,393.6,24,433.4758,0.97,Calm,FMS_MARITIME,2026-04-06
2021-01-28,39,LNG,59.2,13.3,319.2,24,577.5338,0.74,Rough,FMS_MARITIME,2026-04-06
2021-01-01,40,MGO,15.27,8.9,213.6,24,222.616,0.74,Calm,FMS_MARITIME,2026-04-06
2021-01-02,40,MGO,59.39,14.6,350.4,24,527.7981,0.7,Calm,FMS_MARITIME,2026-04-06
2021-01-03,40,VLSFO,46.91,13.5,324.0,24,450.8572,0.49,Calm,FMS_MARITIME,2026-04-06
2021-01-04,40,LNG,60.18,8.5,204.0,24,918.63,0.95,Moderate,FMS_MARITIME,2026-04-06
2021-01-05,40,VLSFO,58.1,13.6,326.4,24,554.2996,0.55,Calm,FMS_MARITIME,2026-04-06
2021-01-06,40,VLSFO,80.75,13.6,326.4,24,770.3906,0.77,Calm,FMS_MARITIME,2026-04-06
2021-01-07,40,HFO,28.04,11.0,264.0,24,330.7445,0.6,Rough,FMS_MARITIME,2026-04-06
2021-01-08,40,HFO,71.2,16.8,403.2,24,549.8929,0.82,Calm,FMS_MARITIME,2026-04-06
2021-01-09,40,LNG,81.34,17.1,410.4,24,617.1851,0.41,Moderate,FMS_MARITIME,2026-04-06
2021-01-10,40,VLSFO,53.67,8.4,201.6,24,829.0098,0.87,Calm,FMS_MARITIME,2026-04-06
2021-01-11,40,MGO,44.3,10.6,254.4,24,542.2571,0.91,Moderate,FMS_MARITIME,2026-04-06
2021-01-12,40,LNG,81.82,10.6,254.4,24,1001.5231,0.82,Rough,FMS_MARITIME,2026-04-06
2021-01-13,40,LSMGO,17.92,17.7,424.8,24,131.3627,0.41,Calm,FMS_MARITIME,2026-04-06
2021-01-14,40,LSMGO,83.04,14.3,343.2,24,753.4573,0.7,Moderate,FMS_MARITIME,2026-04-06
2021-01-15,40,VLSFO,63.15,11.9,285.6,24,688.5473,0.42,Moderate,FMS_MARITIME,2026-04-06
2021-01-16,40,LNG,73.87,11.3,271.2,24,848.1976,0.88,Calm,FMS_MARITIME,2026-04-06
2021-01-17,40,LSMGO,49.45,13.1,314.4,24,489.7815,0.96,Moderate,FMS_MARITIME,2026-04-06
2021-01-18,40,LNG,41.66,15.3,367.2,24,353.2931,0.82,Rough,FMS_MARITIME,2026-04-06
2021-01-19,40,VLSFO,31.64,14.2,340.8,24,289.1049,0.63,Calm,FMS_MARITIME,2026-04-06
2021-01-20,40,VLSFO,23.96,12.2,292.8,24,254.8205,0.91,Calm,FMS_MARITIME,2026-04-06
2021-01-21,40,VLSFO,84.46,16.8,403.2,24,652.3027,0.73,Calm,FMS_MARITIME,2026-04-06
2021-01-22,40,LSMGO,48.74,17.2,412.8,24,367.6753,0.57,Moderate,FMS_MARITIME,2026-04-06
2021-01-23,40,LSMGO,20.57,17.0,408.0,24,156.9975,0.77,Calm,FMS_MARITIME,2026-04-06
2021-01-24,40,HFO,29.51,13.1,314.4,24,292.2842,0.86,Rough,FMS_MARITIME,2026-04-06
2021-01-25,40,LSMGO,84.63,10.6,254.4,24,1035.9191,0.88,Moderate,FMS_MARITIME,2026-04-06
2021-01-26,40,LSMGO,54.21,15.3,367.2,24,459.7221,0.57,Calm,FMS_MARITIME,2026-04-06
2021-01-27,40,MGO,67.74,13.9,333.6,24,632.3212,0.68,Rough,FMS_MARITIME,2026-04-06
2021-01-28,40,VLSFO,81.99,15.3,367.2,24,695.3074,0.58,Calm,FMS_MARITIME,2026-04-06
2021-01-28,40,HFO,56.2,13.6,326.4,24,536.1728,0.97,Moderate,FMS_MARITIME,2026-04-06
2021-01-28,40,LSMGO,59.77,12.7,304.8,24,610.6423,0.6,Calm,FMS_MARITIME,2026-04-06
2021-01-01,41,LNG,66.11,9.3,223.2,24,922.3411,0.4,Rough,FMS_MARITIME,2026-04-06
2021-01-02,41,LSMGO,50.74,10.6,254.4,24,621.0863,0.64,Rough,FMS_MARITIME,2026-04-06
2021-01-03,41,MGO,68.92,13.3,319.2,24,672.3586,0.63,Rough,FMS_MARITIME,2026-04-06
2021-01-04,41,MGO,77.36,9.5,228.0,24,1056.5747,0.86,Rough,FMS_MARITIME,2026-04-06
2021-01-05,41,VLSFO,27.99,13.3,319.2,24,273.0603,0.72,Calm,FMS_MARITIME,2026-04-06
2021-01-06,41,HFO,78.07,15.2,364.8,24,666.4199,0.72,Calm,FMS_MARITIME,2026-04-06
2021-01-07,41,LNG,29.68,10.5,252.0,24,366.76,0.94,Rough,FMS_MARITIME,2026-04-06
2021-01-08,41,MGO,52.46,11.4,273.6,24,597.0776,0.81,Moderate,FMS_MARITIME,2026-04-06
2021-01-09,41,LNG,43.67,12.8,307.2,24,442.6705,0.7,Rough,FMS_MARITIME,2026-04-06
2021-01-10,41,LSMGO,34.5,17.5,420.0,24,255.7929,0.53,Moderate,FMS_MARITIME,2026-04-06
2021-01-11,41,LSMGO,55.22,15.3,367.2,24,468.2873,0.68,Calm,FMS_MARITIME,2026-04-06
2021-01-12,41,VLSFO,40.02,8.8,211.2,24,590.0676,0.45,Moderate,FMS_MARITIME,2026-04-06
2021-01-13,41,MGO,39.12,11.2,268.8,24,453.1982,0.76,Calm,FMS_MARITIME,2026-04-06
2021-01-14,41,LNG,64.0,17.2,412.8,24,482.7907,0.56,Rough,FMS_MARITIME,2026-04-06
2021-01-15,41,HFO,34.35,12.6,302.4,24,353.7232,0.82,Moderate,FMS_MARITIME,2026-04-06
2021-01-16,41,VLSFO,42.0,17.7,424.8,24,307.8814,0.66,Moderate,FMS_MARITIME,2026-04-06
2021-01-17,41,HFO,73.73,15.6,374.4,24,613.2351,0.87,Rough,FMS_MARITIME,2026-04-06
2021-01-18,41,VLSFO,33.0,12.9,309.6,24,331.9186,0.56,Moderate,FMS_MARITIME,2026-04-06
2021-01-19,41,MGO,37.28,11.6,278.4,24,416.9897,0.87,Moderate,FMS_MARITIME,2026-04-06
2021-01-20,41,LNG,22.81,11.1,266.4,24,266.6304,0.66,Rough,FMS_MARITIME,2026-04-06
2021-01-21,41,HFO,80.48,12.3,295.2,24,848.9659,0.95,Calm,FMS_MARITIME,2026-04-06
2021-01-22,41,LSMGO,29.46,13.7,328.8,24,279.0099,0.89,Calm,FMS_MARITIME,2026-04-06
2021-01-23,41,VLSFO,42.72,16.4,393.6,24,337.9829,0.9,Calm,FMS_MARITIME,2026-04-06
2021-01-24,41,LNG,37.91,15.6,374.4,24,315.3091,0.79,Calm,FMS_MARITIME,2026-04-06
2021-01-25,41,VLSFO,34.65,9.7,232.8,24,463.4884,0.71,Rough,FMS_MARITIME,2026-04-06
2021-01-26,41,LSMGO,30.05,15.9,381.6,24,245.2193,0.5,Moderate,FMS_MARITIME,2026-04-06
2021-01-27,41,LSMGO,18.42,12.1,290.4,24,197.5202,0.86,Moderate,FMS_MARITIME,2026-04-06
2021-01-28,41,HFO,18.45,14.5,348.0,24,165.0957,0.88,Rough,FMS_MARITIME,2026-04-06
2021-01-28,41,VLSFO,34.22,17.7,424.8,24,250.85,0.52,Moderate,FMS_MARITIME,2026-04-06
2021-01-28,41,MGO,20.04,13.5,324.0,24,192.6067,0.92,Moderate,FMS_MARITIME,2026-04-06
2021-01-01,42,LSMGO,41.23,15.5,372.0,24,345.135,0.64,Rough,FMS_MARITIME,2026-04-06
2021-01-02,42,MGO,80.0,12.9,309.6,24,804.6512,0.56,Moderate,FMS_MARITIME,2026-04-06
2021-01-03,42,LSMGO,39.15,16.8,403.2,24,302.3638,0.49,Moderate,FMS_MARITIME,2026-04-06
2021-01-04,42,LNG,77.34,8.4,201.6,24,1194.6268,0.91,Rough,FMS_MARITIME,2026-04-06
2021-01-05,42,VLSFO,43.2,16.2,388.8,24,346.0,0.7,Calm,FMS_MARITIME,2026-04-06
2021-01-06,42,LNG,67.46,14.3,343.2,24,612.0934,0.96,Moderate,FMS_MARITIME,2026-04-06
2021-01-07,42,LSMGO,19.41,14.2,340.8,24,177.3555,0.81,Rough,FMS_MARITIME,2026-04-06
2021-01-08,42,LNG,83.7,13.3,319.2,24,816.547,0.67,Rough,FMS_MARITIME,2026-04-06
2021-01-09,42,LSMGO,25.75,17.3,415.2,24,193.125,0.62,Calm,FMS_MARITIME,2026-04-06
2021-01-10,42,MGO,20.98,9.7,232.8,24,280.6345,0.98,Rough,FMS_MARITIME,2026-04-06
2021-01-11,42,VLSFO,69.93,16.9,405.6,24,536.8886,0.73,Calm,FMS_MARITIME,2026-04-06
2021-01-12,42,MGO,46.78,14.7,352.8,24,412.9051,0.73,Calm,FMS_MARITIME,2026-04-06
2021-01-13,42,LNG,42.04,17.1,410.4,24,318.9877,0.56,Rough,FMS_MARITIME,2026-04-06
2021-01-14,42,LSMGO,48.44,11.7,280.8,24,537.1872,0.56,Rough,FMS_MARITIME,2026-04-06
2021-01-15,42,LSMGO,46.21,12.0,288.0,24,499.6456,0.87,Calm,FMS_MARITIME,2026-04-06
2021-01-16,42,HFO,73.11,16.3,391.2,24,581.9646,0.8,Rough,FMS_MARITIME,2026-04-06
2021-01-17,42,LSMGO,80.67,15.0,360.0,24,697.7955,0.7,Moderate,FMS_MARITIME,2026-04-06
2021-01-18,42,VLSFO,40.92,12.8,307.2,24,414.7945,0.74,Rough,FMS_MARITIME,2026-04-06
2021-01-19,42,MGO,21.72,10.8,259.2,24,260.9417,0.76,Calm,FMS_MARITIME,2026-04-06
2021-01-20,42,LNG,62.05,11.4,273.6,24,706.227,0.95,Rough,FMS_MARITIME,2026-04-06
2021-01-21,42,VLSFO,51.4,13.4,321.6,24,497.6978,0.71,Rough,FMS_MARITIME,2026-04-06
2021-01-22,42,MGO,54.93,11.4,273.6,24,625.1901,0.66,Moderate,FMS_MARITIME,2026-04-06
2021-01-23,42,LSMGO,69.61,11.5,276.0,24,785.3824,0.94,Moderate,FMS_MARITIME,2026-04-06
2021-01-24,42,LSMGO,37.83,8.2,196.8,24,598.5905,0.56,Rough,FMS_MARITIME,2026-04-06
2021-01-25,42,VLSFO,73.47,10.1,242.4,24,943.8349,0.99,Moderate,FMS_MARITIME,2026-04-06
2021-01-26,42,HFO,61.01,13.4,321.6,24,590.7498,0.6,Moderate,FMS_MARITIME,2026-04-06
2021-01-27,42,VLSFO,27.23,16.0,384.0,24,220.8183,0.84,Rough,FMS_MARITIME,2026-04-06
2021-01-28,42,HFO,57.87,10.7,256.8,24,701.7414,0.69,Rough,FMS_MARITIME,2026-04-06
2021-01-28,42,MGO,75.56,10.4,249.6,24,942.6837,0.53,Rough,FMS_MARITIME,2026-04-06
2021-01-28,42,HFO,23.75,12.6,302.4,24,244.5685,0.8,Calm,FMS_MARITIME,2026-04-06
2021-01-01,43,MGO,38.31,9.2,220.8,24,540.2959,0.68,Calm,FMS_MARITIME,2026-04-06
2021-01-02,43,MGO,58.02,15.7,376.8,24,479.4965,0.54,Calm,FMS_MARITIME,2026-04-06
2021-01-03,43,LSMGO,61.15,16.2,388.8,24,489.7662,0.69,Calm,FMS_MARITIME,2026-04-06
2021-01-04,43,LSMGO,40.57,11.5,276.0,24,457.7354,0.6,Moderate,FMS_MARITIME,2026-04-06
2021-01-05,43,LNG,38.98,9.0,216.0,24,561.9617,0.59,Moderate,FMS_MARITIME,2026-04-06
2021-01-06,43,MGO,76.29,13.3,319.2,24,744.2577,0.68,Rough,FMS_MARITIME,2026-04-06
2021-01-07,43,VLSFO,25.62,14.7,352.8,24,226.1357,0.72,Moderate,FMS_MARITIME,2026-04-06
2021-01-08,43,LSMGO,16.24,11.5,276.0,24,183.2296,0.87,Moderate,FMS_MARITIME,2026-04-06
2021-01-09,43,LNG,56.85,12.9,309.6,24,571.8052,0.62,Rough,FMS_MARITIME,2026-04-06
2021-01-10,43,HFO,43.61,9.0,216.0,24,628.7108,0.49,Rough,FMS_MARITIME,2026-04-06
2021-01-11,43,HFO,33.37,15.7,376.8,24,275.7807,0.87,Moderate,FMS_MARITIME,2026-04-06
2021-01-12,43,MGO,29.94,9.7,232.8,24,400.4861,0.67,Moderate,FMS_MARITIME,2026-04-06
2021-01-13,43,LNG,22.12,8.2,196.8,24,350.0085,0.88,Moderate,FMS_MARITIME,2026-04-06
2021-01-14,43,LNG,21.72,14.3,343.2,24,197.0748,0.8,Moderate,FMS_MARITIME,2026-04-06
2021-01-15,43,VLSFO,71.46,15.2,364.8,24,609.9957,0.98,Calm,FMS_MARITIME,2026-04-06
2021-01-16,43,LSMGO,64.96,13.6,326.4,24,619.7471,0.6,Calm,FMS_MARITIME,2026-04-06
2021-01-17,43,MGO,30.17,13.2,316.8,24,296.5574,0.62,Moderate,FMS_MARITIME,2026-04-06
2021-01-18,43,VLSFO,47.3,8.4,201.6,24,730.6161,0.77,Moderate,FMS_MARITIME,2026-04-06
2021-01-19,43,MGO,20.45,9.0,216.0,24,294.8208,0.77,Calm,FMS_MARITIME,2026-04-06
2021-01-20,43,HFO,17.75,14.6,350.4,24,157.744,0.66,Calm,FMS_MARITIME,2026-04-06
2021-01-21,43,MGO,47.2,17.4,417.6,24,351.9655,0.74,Moderate,FMS_MARITIME,2026-04-06
2021-01-22,43,VLSFO,64.05,13.4,321.6,24,620.1856,0.97,Moderate,FMS_MARITIME,2026-04-06
2021-01-23,43,VLSFO,21.85,11.1,266.4,24,255.4088,0.47,Moderate,FMS_MARITIME,2026-04-06
2021-01-24,43,LSMGO,69.64,13.8,331.2,24,654.7674,0.86,Rough,FMS_MARITIME,2026-04-06
2021-01-25,43,VLSFO,43.13,12.2,292.8,24,458.6982,0.61,Calm,FMS_MARITIME,2026-04-06
2021-01-26,43,VLSFO,49.08,15.9,381.6,24,400.5113,0.62,Rough,FMS_MARITIME,2026-04-06
2021-01-27,43,LSMGO,64.23,16.0,384.0,24,520.8652,0.64,Moderate,FMS_MARITIME,2026-04-06
2021-01-28,43,LSMGO,23.97,8.6,206.4,24,361.6404,0.72,Moderate,FMS_MARITIME,2026-04-06
2021-01-28,43,VLSFO,82.69,15.8,379.2,24,679.0524,0.88,Calm,FMS_MARITIME,2026-04-06
2021-01-28,43,HFO,57.85,15.5,372.0,24,484.2605,0.56,Calm,FMS_MARITIME,2026-04-06
2021-01-01,44,MGO,78.75,14.0,336.0,24,729.8437,0.5,Rough,FMS_MARITIME,2026-04-06
2021-01-02,44,LNG,58.01,11.1,266.4,24,678.0899,0.64,Rough,FMS_MARITIME,2026-04-06
2021-01-03,44,LSMGO,36.96,17.2,412.8,24,278.8116,0.65,Calm,FMS_MARITIME,2026-04-06
2021-01-04,44,HFO,33.76,17.5,420.0,24,250.3063,0.52,Rough,FMS_MARITIME,2026-04-06
2021-01-05,44,LNG,18.61,8.1,194.4,24,298.1046,0.8,Calm,FMS_MARITIME,2026-04-06
2021-01-06,44,LNG,69.19,16.0,384.0,24,561.0877,0.91,Rough,FMS_MARITIME,2026-04-06
2021-01-07,44,HFO,42.29,16.1,386.4,24,340.8154,0.71,Moderate,FMS_MARITIME,2026-04-06
2021-01-08,44,LNG,84.42,9.8,235.2,24,1117.7036,0.54,Rough,FMS_MARITIME,2026-04-06
2021-01-09,44,MGO,56.39,12.7,304.8,24,576.1104,0.82,Calm,FMS_MARITIME,2026-04-06
2021-01-10,44,LSMGO,50.46,9.4,225.6,24,696.509,0.63,Rough,FMS_MARITIME,2026-04-06
2021-01-11,44,VLSFO,71.72,9.0,216.0,24,1033.9633,0.97,Calm,FMS_MARITIME,2026-04-06
2021-01-12,44,VLSFO,58.86,8.8,211.2,24,867.8506,0.59,Calm,FMS_MARITIME,2026-04-06
2021-01-13,44,HFO,20.78,16.1,386.4,24,167.4661,0.75,Rough,FMS_MARITIME,2026-04-06
2021-01-14,44,VLSFO,71.42,13.5,324.0,24,686.4256,0.91,Rough,FMS_MARITIME,2026-04-06
2021-01-15,44,MGO,42.6,16.7,400.8,24,330.979,0.67,Moderate,FMS_MARITIME,2026-04-06
2021-01-16,44,MGO,34.1,14.3,343.2,24,309.4038,0.82,Calm,FMS_MARITIME,2026-04-06
2021-01-17,44,MGO,72.33,11.7,280.8,24,802.1212,0.57,Calm,FMS_MARITIME,2026-04-06
2021-01-18,44,LSMGO,21.83,9.1,218.4,24,311.2574,0.8,Rough,FMS_MARITIME,2026-04-06
2021-01-19,44,LNG,29.97,11.4,273.6,24,341.1059,0.51,Calm,FMS_MARITIME,2026-04-06
2021-01-20,44,VLSFO,25.11,14.9,357.6,24,218.6592,0.73,Rough,FMS_MARITIME,2026-04-06
2021-01-21,44,LSMGO,22.02,14.4,345.6,24,198.4094,0.53,Rough,FMS_MARITIME,2026-04-06
2021-01-22,44,HFO,36.06,12.3,295.2,24,380.389,0.72,Moderate,FMS_MARITIME,2026-04-06
2021-01-23,44,MGO,80.74,16.6,398.4,24,631.0852,0.63,Calm,FMS_MARITIME,2026-04-06
2021-01-24,44,MGO,81.23,9.7,232.8,24,1086.5559,0.8,Calm,FMS_MARITIME,2026-04-06
2021-01-25,44,HFO,37.66,10.0,240.0,24,488.6385,0.94,Calm,FMS_MARITIME,2026-04-06
2021-01-26,44,VLSFO,26.83,9.8,235.2,24,355.2237,0.95,Calm,FMS_MARITIME,2026-04-06
2021-01-27,44,LNG,50.57,10.0,240.0,24,656.1458,0.95,Moderate,FMS_MARITIME,2026-04-06
2021-01-28,44,LSMGO,18.23,17.1,410.4,24,138.3241,0.41,Moderate,FMS_MARITIME,2026-04-06
2021-01-28,44,HFO,48.82,14.6,350.4,24,433.8627,0.98,Calm,FMS_MARITIME,2026-04-06
2021-01-28,44,LSMGO,41.41,15.8,379.2,24,340.06,0.62,Moderate,FMS_MARITIME,2026-04-06
2021-01-01,45,HFO,48.79,12.2,292.8,24,518.8936,0.78,Calm,FMS_MARITIME,2026-04-06
2021-01-02,45,HFO,49.93,17.6,422.4,24,368.0919,0.57,Rough,FMS_MARITIME,2026-04-06
2021-01-03,45,HFO,42.63,16.5,396.0,24,335.2268,0.79,Calm,FMS_MARITIME,2026-04-06
2021-01-04,45,VLSFO,71.97,13.0,312.0,24,718.316,0.43,Rough,FMS_MARITIME,2026-04-06
2021-01-05,45,MGO,74.15,9.6,230.4,24,1002.1836,0.88,Moderate,FMS_MARITIME,2026-04-06
2021-01-06,45,HFO,47.71,14.1,338.4,24,439.0335,0.75,Calm,FMS_MARITIME,2026-04-06
2021-01-07,45,VLSFO,37.6,12.0,288.0,24,406.55,0.77,Calm,FMS_MARITIME,2026-04-06
2021-01-08,45,LSMGO,78.82,11.9,285.6,24,859.4029,0.42,Rough,FMS_MARITIME,2026-04-06
2021-01-09,45,HFO,67.55,15.2,364.8,24,576.6192,0.54,Calm,FMS_MARITIME,2026-04-06
2021-01-10,45,HFO,61.34,11.4,273.6,24,698.1461,0.82,Rough,FMS_MARITIME,2026-04-06
2021-01-11,45,LSMGO,18.72,12.5,300.0,24,194.3136,0.44,Moderate,FMS_MARITIME,2026-04-06
2021-01-12,45,LNG,21.99,13.6,326.4,24,209.7943,1.0,Calm,FMS_MARITIME,2026-04-06
2021-01-13,45,HFO,47.52,13.8,331.2,24,446.7913,0.68,Calm,FMS_MARITIME,2026-04-06
2021-01-14,45,VLSFO,38.25,9.2,220.8,24,539.4497,0.44,Calm,FMS_MARITIME,2026-04-06
2021-01-15,45,VLSFO,42.86,14.4,345.6,24,386.1865,0.87,Moderate,FMS_MARITIME,2026-04-06
2021-01-16,45,HFO,43.11,17.5,420.0,24,319.6299,0.48,Calm,FMS_MARITIME,2026-04-06
2021-01-17,45,HFO,66.45,12.2,292.8,24,706.7121,0.73,Rough,FMS_MARITIME,2026-04-06
2021-01-18,45,LSMGO,70.49,12.6,302.4,24,725.8792,0.41,Rough,FMS_MARITIME,2026-04-06
2021-01-19,45,MGO,69.09,10.3,247.2,24,870.3328,0.73,Rough,FMS_MARITIME,2026-04-06
2021-01-20,45,LSMGO,28.45,16.3,391.2,24,226.4655,0.78,Calm,FMS_MARITIME,2026-04-06
2021-01-21,45,MGO,46.4,12.1,290.4,24,497.5537,0.91,Moderate,FMS_MARITIME,2026-04-06
2021-01-22,45,LNG,79.28,11.1,266.4,24,926.7189,0.74,Rough,FMS_MARITIME,2026-04-06
2021-01-23,45,VLSFO,23.55,15.1,362.4,24,202.3584,0.84,Moderate,FMS_MARITIME,2026-04-06
2021-01-24,45,HFO,71.55,8.5,204.0,24,1092.1897,0.49,Rough,FMS_MARITIME,2026-04-06
2021-01-25,45,MGO,21.07,10.4,249.6,24,262.8685,0.62,Rough,FMS_MARITIME,2026-04-06
2021-01-26,45,LSMGO,48.75,13.8,331.2,24,458.356,0.41,Calm,FMS_MARITIME,2026-04-06
2021-01-27,45,LSMGO,68.09,11.4,273.6,24,774.9717,0.67,Moderate,FMS_MARITIME,2026-04-06
2021-01-28,45,LNG,20.7,17.3,415.2,24,155.25,0.82,Calm,FMS_MARITIME,2026-04-06
2021-01-28,45,LNG,43.76,8.3,199.2,24,684.0795,0.94,Rough,FMS_MARITIME,2026-04-06
2021-01-28,45,LNG,24.07,11.0,264.0,24,283.9166,0.4,Calm,FMS_MARITIME,2026-04-06
2021-01-01,46,VLSFO,32.74,17.6,422.4,24,241.3645,0.86,Rough,FMS_MARITIME,2026-04-06
2021-01-02,46,VLSFO,37.45,13.6,326.4,24,357.2895,0.67,Rough,FMS_MARITIME,2026-04-06
2021-01-03,46,LNG,67.92,10.6,254.4,24,831.3792,0.86,Moderate,FMS_MARITIME,2026-04-06
2021-01-04,46,LNG,75.6,12.6,302.4,24,778.5,0.91,Calm,FMS_MARITIME,2026-04-06
2021-01-05,46,MGO,30.71,11.9,285.6,24,334.8422,0.97,Rough,FMS_MARITIME,2026-04-06
2021-01-06,46,LNG,80.19,16.4,393.6,24,634.43,0.81,Rough,FMS_MARITIME,2026-04-06
2021-01-07,46,LNG,73.99,16.4,393.6,24,585.3782,0.86,Calm,FMS_MARITIME,2026-04-06
2021-01-08,46,LSMGO,27.39,10.3,247.2,24,345.0342,0.87,Rough,FMS_MARITIME,2026-04-06
2021-01-09,46,MGO,65.77,16.3,391.2,24,523.5373,0.95,Moderate,FMS_MARITIME,2026-04-06
2021-01-10,46,MGO,33.48,17.0,408.0,24,255.5312,0.47,Calm,FMS_MARITIME,2026-04-06
2021-01-11,46,LSMGO,34.66,11.0,264.0,24,408.8305,0.92,Rough,FMS_MARITIME,2026-04-06
2021-01-12,46,LNG,76.13,11.0,264.0,24,897.988,0.84,Calm,FMS_MARITIME,2026-04-06
2021-01-13,46,MGO,52.9,16.4,393.6,24,418.5229,0.63,Moderate,FMS_MARITIME,2026-04-06
2021-01-14,46,HFO,26.35,16.5,396.0,24,207.2068,0.67,Rough,FMS_MARITIME,2026-04-06
2021-01-15,46,LSMGO,40.19,16.9,405.6,24,308.5593,0.83,Moderate,FMS_MARITIME,2026-04-06
2021-01-16,46,HFO,43.95,16.0,384.0,24,356.407,0.46,Calm,FMS_MARITIME,2026-04-06
2021-01-17,46,LNG,84.53,12.8,307.2,24,856.8568,0.64,Moderate,FMS_MARITIME,2026-04-06
2021-01-18,46,MGO,62.15,11.6,278.4,24,695.1692,0.65,Moderate,FMS_MARITIME,2026-04-06
2021-01-19,46,LNG,54.57,9.5,228.0,24,745.3113,0.49,Moderate,FMS_MARITIME,2026-04-06
2021-01-20,46,LSMGO,29.71,14.8,355.2,24,260.4644,0.6,Rough,FMS_MARITIME,2026-04-06
2021-01-21,46,HFO,29.23,8.2,196.8,24,462.5113,0.77,Moderate,FMS_MARITIME,2026-04-06
2021-01-22,46,MGO,41.62,17.6,422.4,24,306.8293,0.84,Calm,FMS_MARITIME,2026-04-06
2021-01-23,46,LSMGO,41.53,16.4,393.6,24,328.5681,0.84,Calm,FMS_MARITIME,2026-04-06
2021-01-24,46,LNG,81.77,17.2,412.8,24,616.8406,0.44,Rough,FMS_MARITIME,2026-04-06
2021-01-25,46,LSMGO,43.68,9.3,223.2,24,609.4065,0.69,Rough,FMS_MARITIME,2026-04-06
2021-01-26,46,LNG,46.0,15.7,376.8,24,380.1592,0.93,Moderate,FMS_MARITIME,2026-04-06
2021-01-27,46,VLSFO,47.79,14.0,336.0,24,442.9109,0.74,Moderate,FMS_MARITIME,2026-04-06
2021-01-28,46,LNG,30.6,9.4,225.6,24,422.3777,0.75,Rough,FMS_MARITIME,2026-04-06
2021-01-28,46,HFO,79.6,16.1,386.4,24,641.4969,0.8,Calm,FMS_MARITIME,2026-04-06
2021-01-28,46,VLSFO,45.65,8.6,206.4,24,688.7311,0.99,Calm,FMS_MARITIME,2026-04-06
2021-01-01,47,VLSFO,56.8,9.3,223.2,24,792.4516,0.51,Calm,FMS_MARITIME,2026-04-06
2021-01-02,47,VLSFO,82.68,12.1,290.4,24,886.5893,0.57,Calm,FMS_MARITIME,2026-04-06
2021-01-03,47,VLSFO,62.91,10.3,247.2,24,792.4828,0.43,Calm,FMS_MARITIME,2026-04-06
2021-01-04,47,VLSFO,56.26,10.2,244.8,24,715.6603,0.55,Moderate,FMS_MARITIME,2026-04-06
2021-01-05,47,HFO,43.08,8.2,196.8,24,681.6622,0.9,Moderate,FMS_MARITIME,2026-04-06
2021-01-06,47,VLSFO,83.2,13.7,328.8,24,787.9708,0.81,Calm,FMS_MARITIME,2026-04-06
2021-01-07,47,VLSFO,39.07,12.0,288.0,24,422.4444,0.51,Moderate,FMS_MARITIME,2026-04-06
2021-01-08,47,VLSFO,42.43,13.4,321.6,24,410.8427,0.76,Calm,FMS_MARITIME,2026-04-06
2021-01-09,47,LNG,39.05,9.4,225.6,24,539.0146,0.83,Calm,FMS_MARITIME,2026-04-06
2021-01-10,47,MGO,41.78,8.3,199.2,24,653.1271,0.55,Rough,FMS_MARITIME,2026-04-06
2021-01-11,47,MGO,52.22,11.4,273.6,24,594.3461,0.55,Calm,FMS_MARITIME,2026-04-06
2021-01-12,47,LSMGO,59.22,17.6,422.4,24,436.5793,0.87,Moderate,FMS_MARITIME,2026-04-06
2021-01-13,47,MGO,39.5,9.7,232.8,24,528.3634,0.94,Rough,FMS_MARITIME,2026-04-06
2021-01-14,47,LNG,37.68,16.0,384.0,24,305.5612,0.65,Moderate,FMS_MARITIME,2026-04-06
2021-01-15,47,HFO,40.56,17.7,424.8,24,297.3254,0.69,Moderate,FMS_MARITIME,2026-04-06
2021-01-16,47,LNG,59.63,13.5,324.0,24,573.1106,0.73,Calm,FMS_MARITIME,2026-04-06
2021-01-17,47,LSMGO,17.94,14.8,355.2,24,157.278,0.97,Calm,FMS_MARITIME,2026-04-06
2021-01-18,47,LNG,77.14,9.2,220.8,24,1087.9255,0.42,Calm,FMS_MARITIME,2026-04-06
2021-01-19,47,MGO,65.2,14.2,340.8,24,595.7535,0.74,Moderate,FMS_MARITIME,2026-04-06
2021-01-20,47,LSMGO,81.6,17.2,412.8,24,615.5581,0.8,Rough,FMS_MARITIME,2026-04-06
2021-01-21,47,LNG,54.61,16.1,386.4,24,440.1023,0.5,Rough,FMS_MARITIME,2026-04-06
2021-01-22,47,HFO,72.85,13.0,312.0,24,727.099,0.55,Calm,FMS_MARITIME,2026-04-06
2021-01-23,47,LNG,54.72,16.1,386.4,24,440.9888,0.5,Calm,FMS_MARITIME,2026-04-06
2021-01-24,47,LNG,61.66,12.7,304.8,24,629.9516,0.59,Calm,FMS_MARITIME,2026-04-06
2021-01-25,47,VLSFO,31.41,12.3,295.2,24,331.3372,0.73,Rough,FMS_MARITIME,2026-04-06
2021-01-26,47,MGO,15.31,8.1,194.4,24,245.2435,0.45,Calm,FMS_MARITIME,2026-04-06
2021-01-27,47,MGO,49.14,9.8,235.2,24,650.6036,0.81,Calm,FMS_MARITIME,2026-04-06
2021-01-28,47,VLSFO,25.3,17.4,417.6,24,188.6595,0.84,Rough,FMS_MARITIME,2026-04-06
2021-01-28,47,LNG,20.76,15.5,372.0,24,173.7813,0.62,Moderate,FMS_MARITIME,2026-04-06
2021-01-28,47,MGO,19.68,17.5,420.0,24,145.9131,0.72,Rough,FMS_MARITIME,2026-04-06
2021-01-01,48,HFO,75.54,9.4,225.6,24,1042.6931,0.43,Moderate,FMS_MARITIME,2026-04-06
2021-01-02,48,LNG,24.21,12.1,290.4,24,259.6072,0.59,Rough,FMS_MARITIME,2026-04-06
2021-01-03,48,VLSFO,21.84,8.2,196.8,24,345.578,0.64,Rough,FMS_MARITIME,2026-04-06
2021-01-04,48,VLSFO,32.7,13.7,328.8,24,309.6953,0.9,Calm,FMS_MARITIME,2026-04-06
2021-01-05,48,LNG,42.88,16.7,400.8,24,333.1545,0.72,Moderate,FMS_MARITIME,2026-04-06
2021-01-06,48,VLSFO,53.0,10.9,261.6,24,630.8945,0.52,Rough,FMS_MARITIME,2026-04-06
2021-01-07,48,LNG,50.54,17.7,424.8,24,370.4839,0.49,Calm,FMS_MARITIME,2026-04-06
2021-01-08,48,LSMGO,30.13,14.9,357.6,24,262.3737,0.82,Calm,FMS_MARITIME,2026-04-06
2021-01-09,48,MGO,70.69,12.3,295.2,24,745.6933,0.6,Rough,FMS_MARITIME,2026-04-06
2021-01-10,48,LNG,24.42,9.5,228.0,24,333.5258,0.45,Rough,FMS_MARITIME,2026-04-06
2021-01-11,48,HFO,38.96,14.6,350.4,24,346.237,0.77,Moderate,FMS_MARITIME,2026-04-06
2021-01-12,48,HFO,40.55,8.1,194.4,24,649.5509,0.74,Moderate,FMS_MARITIME,2026-04-06
2021-01-13,48,LNG,74.29,14.1,338.4,24,683.6261,0.8,Calm,FMS_MARITIME,2026-04-06
2021-01-14,48,LSMGO,39.53,14.2,340.8,24,361.1984,0.48,Calm,FMS_MARITIME,2026-04-06
2021-01-15,48,MGO,25.83,16.5,396.0,24,203.1177,0.48,Calm,FMS_MARITIME,2026-04-06
2021-01-16,48,LNG,82.87,15.1,362.4,24,712.0783,0.91,Moderate,FMS_MARITIME,2026-04-06
2021-01-17,48,LNG,74.57,13.8,331.2,24,701.1201,0.75,Rough,FMS_MARITIME,2026-04-06
2021-01-18,48,MGO,78.66,9.6,230.4,24,1063.1391,0.72,Rough,FMS_MARITIME,2026-04-06
2021-01-19,48,HFO,79.01,17.1,410.4,24,599.5057,0.45,Calm,FMS_MARITIME,2026-04-06
2021-01-20,48,HFO,60.21,16.0,384.0,24,488.2655,0.57,Calm,FMS_MARITIME,2026-04-06
2021-01-21,48,LNG,78.28,17.7,424.8,24,573.8322,0.6,Moderate,FMS_MARITIME,2026-04-06
2021-01-22,48,MGO,75.14,11.0,264.0,24,886.3105,0.95,Moderate,FMS_MARITIME,2026-04-06
2021-01-23,48,VLSFO,47.74,13.6,326.4,24,455.4607,0.75,Calm,FMS_MARITIME,2026-04-06
2021-01-24,48,HFO,39.21,11.9,285.6,24,427.5208,0.71,Rough,FMS_MARITIME,2026-04-06
2021-01-25,48,MGO,19.91,10.4,249.6,24,248.3964,0.79,Moderate,FMS_MARITIME,2026-04-06
2021-01-26,48,LNG,31.49,15.3,367.2,24,267.0475,0.82,Moderate,FMS_MARITIME,2026-04-06
2021-01-27,48,MGO,76.73,12.8,307.2,24,777.7904,0.58,Rough,FMS_MARITIME,2026-04-06
2021-01-28,48,MGO,59.08,11.1,266.4,24,690.5973,0.92,Rough,FMS_MARITIME,2026-04-06
2021-01-28,48,VLSFO,51.32,17.0,408.0,24,391.6924,0.76,Moderate,FMS_MARITIME,2026-04-06
2021-01-28,48,LNG,22.72,11.6,278.4,24,254.131,0.85,Moderate,FMS_MARITIME,2026-04-06
2021-01-01,49,HFO,51.3,10.2,244.8,24,652.5662,0.9,Rough,FMS_MARITIME,2026-04-06
2021-01-02,49,VLSFO,18.28,17.2,412.8,24,137.8971,0.56,Rough,FMS_MARITIME,2026-04-06
2021-01-03,49,VLSFO,59.85,14.5,348.0,24,535.5543,0.58,Rough,FMS_MARITIME,2026-04-06
2021-01-04,49,HFO,82.27,16.6,398.4,24,643.0441,0.83,Rough,FMS_MARITIME,2026-04-06
2021-01-05,49,LNG,57.1,10.9,261.6,24,679.6995,0.82,Moderate,FMS_MARITIME,2026-04-06
2021-01-06,49,MGO,44.06,10.3,247.2,24,555.0277,0.93,Moderate,FMS_MARITIME,2026-04-06
2021-01-07,49,VLSFO,69.54,11.8,283.2,24,764.6453,0.48,Moderate,FMS_MARITIME,2026-04-06
2021-01-08,49,VLSFO,79.6,13.9,333.6,24,743.0288,0.65,Rough,FMS_MARITIME,2026-04-06
2021-01-09,49,HFO,56.68,10.3,247.2,24,714.0029,0.83,Moderate,FMS_MARITIME,2026-04-06
2021-01-10,49,HFO,59.07,17.2,412.8,24,445.6007,0.95,Rough,FMS_MARITIME,2026-04-06
2021-01-11,49,HFO,47.67,11.3,271.2,24,547.3613,0.97,Calm,FMS_MARITIME,2026-04-06
2021-01-12,49,VLSFO,27.9,15.5,372.0,24,233.55,0.64,Calm,FMS_MARITIME,2026-04-06
2021-01-13,49,MGO,82.2,10.6,254.4,24,1006.1745,0.65,Calm,FMS_MARITIME,2026-04-06
2021-01-14,49,LSMGO,59.39,16.8,403.2,24,458.6817,0.56,Rough,FMS_MARITIME,2026-04-06
2021-01-15,49,MGO,30.22,16.0,384.0,24,245.0653,0.77,Rough,FMS_MARITIME,2026-04-06
2021-01-16,49,VLSFO,71.08,10.7,256.8,24,861.928,0.49,Rough,FMS_MARITIME,2026-04-06
2021-01-17,49,MGO,73.38,14.4,345.6,24,661.1844,0.77,Rough,FMS_MARITIME,2026-04-06
2021-01-18,49,LNG,63.55,12.2,292.8,24,675.8699,0.88,Calm,FMS_MARITIME,2026-04-06
2021-01-19,49,LSMGO,32.44,17.8,427.2,24,236.4657,0.41,Calm,FMS_MARITIME,2026-04-06
2021-01-20,49,VLSFO,68.84,9.7,232.8,24,920.8237,0.85,Moderate,FMS_MARITIME,2026-04-06
2021-01-21,49,MGO,31.54,15.3,367.2,24,267.4716,0.41,Rough,FMS_MARITIME,2026-04-06
2021-01-22,49,HFO,57.36,10.0,240.0,24,744.246,0.74,Rough,FMS_MARITIME,2026-04-06
2021-01-23,49,MGO,18.89,17.7,424.8,24,138.4733,0.91,Moderate,FMS_MARITIME,2026-04-06
2021-01-24,49,MGO,73.85,8.7,208.8,24,1101.3836,0.58,Moderate,FMS_MARITIME,2026-04-06
2021-01-25,49,MGO,32.46,13.0,312.0,24,323.9758,0.59,Rough,FMS_MARITIME,2026-04-06
2021-01-26,49,MGO,65.01,17.4,417.6,24,484.7728,0.51,Calm,FMS_MARITIME,2026-04-06
2021-01-27,49,LSMGO,58.35,9.2,220.8,24,822.9253,0.49,Rough,FMS_MARITIME,2026-04-06
2021-01-28,49,LNG,66.43,15.5,372.0,24,556.0834,0.97,Moderate,FMS_MARITIME,2026-04-06
2021-01-28,49,VLSFO,30.72,17.5,420.0,24,227.7669,0.58,Calm,FMS_MARITIME,2026-04-06
2021-01-28,49,HFO,43.02,14.8,355.2,24,377.1517,0.57,Calm,FMS_MARITIME,2026-04-06
2021-01-01,50,VLSFO,62.03,15.4,369.6,24,522.6229,0.87,Rough,FMS_MARITIME,2026-04-06
2021-01-02,50,LSMGO,50.94,11.5,276.0,24,574.7361,0.82,Moderate,FMS_MARITIME,2026-04-06
2021-01-03,50,LSMGO,32.37,12.6,302.4,24,333.3339,0.46,Calm,FMS_MARITIME,2026-04-06
2021-01-04,50,VLSFO,80.4,10.5,252.0,24,993.5143,0.57,Calm,FMS_MARITIME,2026-04-06
2021-01-05,50,VLSFO,73.68,14.3,343.2,24,668.5301,0.43,Calm,FMS_MARITIME,2026-04-06
2021-01-06,50,VLSFO,22.1,12.2,292.8,24,235.0389,0.49,Moderate,FMS_MARITIME,2026-04-06
2021-01-07,50,LSMGO,16.51,17.3,415.2,24,123.825,0.72,Calm,FMS_MARITIME,2026-04-06
2021-01-08,50,HFO,47.1,15.1,362.4,24,404.7169,0.55,Moderate,FMS_MARITIME,2026-04-06
2021-01-09,50,LNG,79.11,8.4,201.6,24,1221.967,0.43,Calm,FMS_MARITIME,2026-04-06
2021-01-10,50,HFO,37.87,16.2,388.8,24,303.3106,0.69,Calm,FMS_MARITIME,2026-04-06
2021-01-11,50,LSMGO,39.95,11.7,280.8,24,443.0353,0.92,Calm,FMS_MARITIME,2026-04-06
2021-01-12,50,MGO,81.92,16.0,384.0,24,664.32,0.78,Rough,FMS_MARITIME,2026-04-06
2021-01-13,50,MGO,25.63,8.5,204.0,24,391.2344,0.97,Moderate,FMS_MARITIME,2026-04-06
2021-01-14,50,LSMGO,20.51,11.1,266.4,24,239.7453,0.49,Moderate,FMS_MARITIME,2026-04-06
2021-01-15,50,VLSFO,24.21,16.6,398.4,24,189.2318,0.71,Calm,FMS_MARITIME,2026-04-06
2021-01-16,50,HFO,68.95,17.4,417.6,24,514.153,0.75,Calm,FMS_MARITIME,2026-04-06
2021-01-17,50,MGO,66.29,16.2,388.8,24,530.9338,0.94,Moderate,FMS_MARITIME,2026-04-06
2021-01-18,50,MGO,30.62,15.2,364.8,24,261.378,0.77,Moderate,FMS_MARITIME,2026-04-06
2021-01-19,50,LSMGO,83.19,17.3,415.2,24,623.925,0.83,Moderate,FMS_MARITIME,2026-04-06
2021-01-20,50,MGO,63.44,9.1,218.4,24,904.5429,0.61,Calm,FMS_MARITIME,2026-04-06
2021-01-21,50,VLSFO,42.46,16.9,405.6,24,325.9873,0.5,Rough,FMS_MARITIME,2026-04-06
2021-01-22,50,MGO,24.2,14.3,343.2,24,219.5769,0.65,Calm,FMS_MARITIME,2026-04-06
2021-01-23,50,LNG,45.14,16.4,393.6,24,357.129,0.48,Calm,FMS_MARITIME,2026-04-06
2021-01-24,50,MGO,76.08,14.7,352.8,24,671.5224,0.94,Rough,FMS_MARITIME,2026-04-06
2021-01-25,50,HFO,37.12,12.3,295.2,24,391.5707,0.92,Calm,FMS_MARITIME,2026-04-06
2021-01-26,50,MGO,80.77,12.6,302.4,24,831.7387,0.42,Calm,FMS_MARITIME,2026-04-06
2021-01-27,50,LNG,57.5,8.5,204.0,24,877.7206,0.7,Moderate,FMS_MARITIME,2026-04-06
2021-01-28,50,LNG,44.4,14.7,352.8,24,391.898,0.68,Calm,FMS_MARITIME,2026-04-06
2021-01-28,50,LNG,63.01,11.1,266.4,24,736.5358,0.41,Rough,FMS_MARITIME,2026-04-06
2021-01-28,50,HFO,68.58,8.4,201.6,24,1059.3161,0.47,Calm,FMS_MARITIME,2026-04-06
2021-01-01,51,LNG,68.57,17.2,412.8,24,517.265,0.84,Calm,FMS_MARITIME,2026-04-06
2021-01-02,51,LNG,56.99,15.3,367.2,24,483.2975,0.9,Rough,FMS_MARITIME,2026-04-06
2021-01-03,51,LSMGO,21.87,13.0,312.0,24,218.2794,0.52,Moderate,FMS_MARITIME,2026-04-06
2021-01-04,51,HFO,77.71,16.0,384.0,24,630.1795,0.63,Calm,FMS_MARITIME,2026-04-06
2021-01-05,51,LSMGO,22.97,13.5,324.0,24,220.7672,0.68,Rough,FMS_MARITIME,2026-04-06
2021-01-06,51,MGO,21.2,15.3,367.2,24,179.7843,0.96,Rough,FMS_MARITIME,2026-04-06
2021-01-07,51,HFO,39.54,8.5,204.0,24,603.5665,0.8,Moderate,FMS_MARITIME,2026-04-06
2021-01-08,51,LSMGO,43.02,11.3,271.2,24,493.9686,0.72,Calm,FMS_MARITIME,2026-04-06
2021-01-09,51,HFO,27.33,11.8,283.2,24,300.5142,0.41,Calm,FMS_MARITIME,2026-04-06
2021-01-10,51,HFO,25.96,15.1,362.4,24,223.0669,0.83,Rough,FMS_MARITIME,2026-04-06
2021-01-11,51,MGO,61.81,9.1,218.4,24,881.3019,0.67,Rough,FMS_MARITIME,2026-04-06
2021-01-12,51,LNG,29.75,9.9,237.6,24,389.9053,0.57,Moderate,FMS_MARITIME,2026-04-06
2021-01-13,51,HFO,65.9,13.2,316.8,24,647.767,0.98,Calm,FMS_MARITIME,2026-04-06
2021-01-14,51,LNG,43.02,8.5,204.0,24,656.6876,0.97,Rough,FMS_MARITIME,2026-04-06
2021-01-15,51,LSMGO,55.88,15.6,374.4,24,464.7712,0.62,Rough,FMS_MARITIME,2026-04-06
2021-01-16,51,LSMGO,83.39,10.6,254.4,24,1020.7408,0.73,Moderate,FMS_MARITIME,2026-04-06
2021-01-17,51,LNG,20.56,12.6,302.4,24,211.719,0.69,Rough,FMS_MARITIME,2026-04-06
2021-01-18,51,LSMGO,45.43,8.4,201.6,24,701.7313,0.71,Moderate,FMS_MARITIME,2026-04-06
2021-01-19,51,LSMGO,19.79,12.5,300.0,24,205.4202,0.6,Moderate,FMS_MARITIME,2026-04-06
2021-01-20,51,MGO,20.88,16.9,405.6,24,160.3065,0.61,Calm,FMS_MARITIME,2026-04-06
2021-01-21,51,MGO,57.53,11.5,276.0,24,649.0885,0.89,Calm,FMS_MARITIME,2026-04-06
2021-01-22,51,HFO,32.43,18.0,432.0,24,233.7663,0.7,Rough,FMS_MARITIME,2026-04-06
2021-01-23,51,VLSFO,29.67,14.6,350.4,24,263.6769,0.41,Calm,FMS_MARITIME,2026-04-06
2021-01-24,51,MGO,52.05,9.3,223.2,24,726.1815,0.66,Calm,FMS_MARITIME,2026-04-06
2021-01-25,51,LNG,47.88,10.4,249.6,24,597.349,0.69,Calm,FMS_MARITIME,2026-04-06
2021-01-26,51,LNG,29.0,8.2,196.8,24,458.872,0.7,Rough,FMS_MARITIME,2026-04-06
2021-01-27,51,VLSFO,56.43,12.8,307.2,24,572.015,0.9,Calm,FMS_MARITIME,2026-04-06
2021-01-28,51,VLSFO,53.33,11.7,280.8,24,591.416,0.41,Calm,FMS_MARITIME,2026-04-06
2021-01-28,51,VLSFO,61.54,9.4,225.6,24,849.4484,0.97,Moderate,FMS_MARITIME,2026-04-06
2021-01-28,51,HFO,16.66,11.4,273.6,24,189.6171,1.0,Moderate,FMS_MARITIME,2026-04-06
2021-01-01,52,HFO,17.19,13.9,333.6,24,160.4606,0.8,Rough,FMS_MARITIME,2026-04-06
2021-01-02,52,LSMGO,74.01,17.2,412.8,24,558.3022,0.91,Moderate,FMS_MARITIME,2026-04-06
2021-01-03,52,LSMGO,31.58,14.3,343.2,24,286.5388,0.69,Moderate,FMS_MARITIME,2026-04-06
2021-01-04,52,HFO,42.42,11.8,283.2,24,466.4403,0.52,Moderate,FMS_MARITIME,2026-04-06
2021-01-05,52,HFO,30.38,10.5,252.0,24,375.41,0.42,Rough,FMS_MARITIME,2026-04-06
2021-01-06,52,VLSFO,30.64,8.8,211.2,24,451.7659,0.77,Rough,FMS_MARITIME,2026-04-06
2021-01-07,52,LNG,84.01,17.4,417.6,24,626.4539,0.81,Rough,FMS_MARITIME,2026-04-06
2021-01-08,52,LSMGO,45.64,10.8,259.2,24,548.3139,0.74,Rough,FMS_MARITIME,2026-04-06
2021-01-09,52,LNG,84.33,12.1,290.4,24,904.2824,0.85,Calm,FMS_MARITIME,2026-04-06
2021-01-10,52,VLSFO,49.76,13.1,314.4,24,492.8519,0.62,Rough,FMS_MARITIME,2026-04-06
2021-01-11,52,VLSFO,41.43,14.1,338.4,24,381.2441,0.6,Moderate,FMS_MARITIME,2026-04-06
2021-01-12,52,HFO,59.23,15.8,379.2,24,486.3983,0.4,Calm,FMS_MARITIME,2026-04-06
2021-01-13,52,MGO,24.07,10.5,252.0,24,297.4364,0.42,Moderate,FMS_MARITIME,2026-04-06
2021-01-14,52,HFO,46.61,15.4,369.6,24,392.7044,0.51,Calm,FMS_MARITIME,2026-04-06
2021-01-15,52,HFO,51.31,14.6,350.4,24,455.9913,0.9,Calm,FMS_MARITIME,2026-04-06
2021-01-16,52,VLSFO,74.56,17.2,412.8,24,562.4512,0.86,Rough,FMS_MARITIME,2026-04-06
2021-01-17,52,HFO,15.84,16.8,403.2,24,122.3357,0.65,Moderate,FMS_MARITIME,2026-04-06
2021-01-18,52,HFO,52.96,8.4,201.6,24,818.0429,0.91,Calm,FMS_MARITIME,2026-04-06
2021-01-19,52,LSMGO,49.15,13.8,331.2,24,462.1168,0.58,Moderate,FMS_MARITIME,2026-04-06
2021-01-20,52,LSMGO,57.99,12.9,309.6,24,583.2715,0.73,Calm,FMS_MARITIME,2026-04-06
2021-01-21,52,LNG,37.85,12.2,292.8,24,402.5441,0.63,Moderate,FMS_MARITIME,2026-04-06
2021-01-22,52,MGO,71.72,16.3,391.2,24,570.9,0.58,Calm,FMS_MARITIME,2026-04-06
2021-01-23,52,MGO,26.2,8.1,194.4,24,419.6852,0.82,Calm,FMS_MARITIME,2026-04-06
2021-01-24,52,LNG,53.1,10.5,252.0,24,656.1643,0.51,Calm,FMS_MARITIME,2026-04-06
2021-01-25,52,LNG,47.3,10.4,249.6,24,590.113,0.45,Moderate,FMS_MARITIME,2026-04-06
2021-01-26,52,HFO,81.01,8.4,201.6,24,1251.3152,0.95,Calm,FMS_MARITIME,2026-04-06
2021-01-27,52,LNG,41.62,15.0,360.0,24,360.013,0.78,Calm,FMS_MARITIME,2026-04-06
2021-01-28,52,LSMGO,70.16,17.2,412.8,24,529.2593,0.86,Rough,FMS_MARITIME,2026-04-06
2021-01-28,52,HFO,15.45,13.7,328.8,24,146.3239,0.41,Moderate,FMS_MARITIME,2026-04-06
2021-01-28,52,LSMGO,70.16,17.3,415.2,24,526.2,0.74,Rough,FMS_MARITIME,2026-04-06
2021-01-01,53,LSMGO,22.14,9.2,220.8,24,312.2462,0.88,Rough,FMS_MARITIME,2026-04-06
2021-01-02,53,LNG,37.07,9.3,223.2,24,517.1863,0.97,Rough,FMS_MARITIME,2026-04-06
2021-01-03,53,LNG,77.19,14.0,336.0,24,715.3859,0.65,Rough,FMS_MARITIME,2026-04-06
2021-01-04,53,HFO,29.8,14.7,352.8,24,263.0306,0.98,Calm,FMS_MARITIME,2026-04-06
2021-01-05,53,VLSFO,34.66,10.6,254.4,24,424.258,0.85,Rough,FMS_MARITIME,2026-04-06
2021-01-06,53,LSMGO,81.07,9.0,216.0,24,1168.7592,0.78,Moderate,FMS_MARITIME,2026-04-06
2021-01-07,53,HFO,83.83,8.1,194.4,24,1342.8324,0.82,Calm,FMS_MARITIME,2026-04-06
2021-01-08,53,LNG,59.53,9.6,230.4,24,804.5852,0.92,Rough,FMS_MARITIME,2026-04-06
2021-01-09,53,HFO,36.83,8.0,192.0,24,597.3366,0.7,Moderate,FMS_MARITIME,2026-04-06
2021-01-10,53,HFO,67.14,8.0,192.0,24,1088.9269,0.88,Moderate,FMS_MARITIME,2026-04-06
2021-01-11,53,LSMGO,35.71,12.5,300.0,24,370.6698,0.68,Calm,FMS_MARITIME,2026-04-06
2021-01-12,53,MGO,28.86,8.7,208.8,24,430.4121,0.89,Moderate,FMS_MARITIME,2026-04-06
2021-01-13,53,MGO,42.28,15.6,374.4,24,351.6558,0.68,Calm,FMS_MARITIME,2026-04-06
2021-01-14,53,LNG,61.3,12.6,302.4,24,631.244,0.76,Calm,FMS_MARITIME,2026-04-06
2021-01-15,53,VLSFO,33.74,12.5,300.0,24,350.2212,0.53,Moderate,FMS_MARITIME,2026-04-06
2021-01-16,53,LSMGO,58.28,10.7,256.8,24,706.7131,0.77,Rough,FMS_MARITIME,2026-04-06
2021-01-17,53,VLSFO,57.3,12.5,300.0,24,594.774,0.55,Calm,FMS_MARITIME,2026-04-06
2021-01-18,53,LSMGO,42.52,15.1,362.4,24,365.3623,0.57,Calm,FMS_MARITIME,2026-04-06
2021-01-19,53,MGO,43.32,16.2,388.8,24,346.9611,0.44,Moderate,FMS_MARITIME,2026-04-06
2021-01-20,53,LNG,26.75,8.2,196.8,24,423.2698,0.61,Calm,FMS_MARITIME,2026-04-06
2021-01-21,53,MGO,53.96,15.0,360.0,24,466.754,0.69,Moderate,FMS_MARITIME,2026-04-06
2021-01-22,53,HFO,62.98,10.4,249.6,24,785.7361,0.45,Rough,FMS_MARITIME,2026-04-06
2021-01-23,53,MGO,60.08,14.0,336.0,24,556.8129,0.64,Calm,FMS_MARITIME,2026-04-06
2021-01-24,53,HFO,30.81,9.7,232.8,24,412.1235,0.63,Moderate,FMS_MARITIME,2026-04-06
2021-01-25,53,MGO,34.66,8.2,196.8,24,548.4311,0.97,Moderate,FMS_MARITIME,2026-04-06
2021-01-26,53,LSMGO,36.02,12.6,302.4,24,370.9202,0.63,Rough,FMS_MARITIME,2026-04-06
2021-01-27,53,LSMGO,72.14,14.4,345.6,24,650.0115,0.56,Moderate,FMS_MARITIME,2026-04-06
2021-01-28,53,VLSFO,47.71,13.2,316.8,24,468.9676,0.64,Calm,FMS_MARITIME,2026-04-06
2021-01-28,53,LNG,18.75,8.3,199.2,24,293.1099,0.88,Calm,FMS_MARITIME,2026-04-06
2021-01-28,53,VLSFO,46.12,15.5,372.0,24,386.069,0.79,Moderate,FMS_MARITIME,2026-04-06
2021-01-01,54,VLSFO,36.7,13.7,328.8,24,347.5785,0.89,Calm,FMS_MARITIME,2026-04-06
2021-01-02,54,HFO,22.23,12.4,297.6,24,232.6083,0.67,Rough,FMS_MARITIME,2026-04-06
2021-01-03,54,HFO,44.62,15.0,360.0,24,385.963,1.0,Moderate,FMS_MARITIME,2026-04-06
2021-01-04,54,HFO,26.92,14.2,340.8,24,245.9768,0.56,Moderate,FMS_MARITIME,2026-04-06
2021-01-05,54,MGO,83.02,8.9,213.6,24,1210.3197,0.6,Rough,FMS_MARITIME,2026-04-06
2021-01-06,54,VLSFO,34.55,12.2,292.8,24,367.4477,0.54,Rough,FMS_MARITIME,2026-04-06
2021-01-07,54,LNG,61.45,13.2,316.8,24,604.0256,0.99,Moderate,FMS_MARITIME,2026-04-06
2021-01-08,54,LSMGO,26.32,11.7,280.8,24,291.8821,0.99,Moderate,FMS_MARITIME,2026-04-06
2021-01-09,54,VLSFO,16.86,15.8,379.2,24,138.4547,0.84,Moderate,FMS_MARITIME,2026-04-06
2021-01-10,54,HFO,15.09,10.4,249.6,24,188.2623,0.59,Rough,FMS_MARITIME,2026-04-06
2021-01-11,54,LNG,55.85,16.0,384.0,24,452.9086,0.78,Moderate,FMS_MARITIME,2026-04-06
2021-01-12,54,HFO,42.01,10.1,242.4,24,539.6829,0.97,Rough,FMS_MARITIME,2026-04-06
2021-01-13,54,VLSFO,73.2,12.8,307.2,24,742.0078,0.46,Moderate,FMS_MARITIME,2026-04-06
2021-01-14,54,MGO,54.75,10.2,244.8,24,696.4522,0.86,Rough,FMS_MARITIME,2026-04-06
2021-01-15,54,LNG,34.11,17.1,410.4,24,258.8171,0.83,Calm,FMS_MARITIME,2026-04-06
2021-01-16,54,LSMGO,28.73,17.3,415.2,24,215.475,0.89,Rough,FMS_MARITIME,2026-04-06
2021-01-17,54,VLSFO,38.07,11.8,283.2,24,418.6087,0.9,Calm,FMS_MARITIME,2026-04-06
2021-01-18,54,LNG,61.12,16.7,400.8,24,474.8695,0.73,Rough,FMS_MARITIME,2026-04-06
2021-01-19,54,VLSFO,64.09,8.9,213.6,24,934.3458,0.56,Calm,FMS_MARITIME,2026-04-06
2021-01-20,54,LNG,77.62,15.9,381.6,24,633.4085,0.95,Moderate,FMS_MARITIME,2026-04-06
2021-01-21,54,HFO,17.34,12.4,297.6,24,181.4407,0.62,Rough,FMS_MARITIME,2026-04-06
2021-01-22,54,VLSFO,48.44,14.4,345.6,24,436.4646,0.89,Moderate,FMS_MARITIME,2026-04-06
2021-01-23,54,HFO,23.29,14.1,338.4,24,214.3176,0.63,Moderate,FMS_MARITIME,2026-04-06
2021-01-24,54,LSMGO,63.82,8.2,196.8,24,1009.8348,0.73,Calm,FMS_MARITIME,2026-04-06
2021-01-25,54,MGO,40.97,17.3,415.2,24,307.275,0.64,Moderate,FMS_MARITIME,2026-04-06
2021-01-26,54,LSMGO,56.48,10.1,242.4,24,725.5723,0.67,Calm,FMS_MARITIME,2026-04-06
2021-01-27,54,MGO,61.38,17.4,417.6,24,457.7043,0.62,Calm,FMS_MARITIME,2026-04-06
2021-01-28,54,VLSFO,31.15,16.5,396.0,24,244.9523,0.55,Calm,FMS_MARITIME,2026-04-06
2021-01-28,54,HFO,73.79,12.8,307.2,24,747.9885,0.83,Moderate,FMS_MARITIME,2026-04-06
2021-01-28,54,VLSFO,67.32,12.0,288.0,24,727.8975,0.62,Calm,FMS_MARITIME,2026-04-06
2021-01-01,55,HFO,74.66,14.0,336.0,24,691.9382,0.6,Rough,FMS_MARITIME,2026-04-06
2021-01-02,55,HFO,42.26,17.2,412.8,24,318.7927,0.4,Rough,FMS_MARITIME,2026-04-06
2021-01-03,55,HFO,82.09,8.8,211.2,24,1210.3611,0.8,Rough,FMS_MARITIME,2026-04-06
2021-01-04,55,LNG,72.26,8.6,206.4,24,1090.2017,0.44,Calm,FMS_MARITIME,2026-04-06
2021-01-05,55,LSMGO,47.18,16.5,396.0,24,371.0064,0.55,Moderate,FMS_MARITIME,2026-04-06
2021-01-06,55,LSMGO,67.29,17.7,424.8,24,493.2699,0.45,Calm,FMS_MARITIME,2026-04-06
2021-01-07,55,LSMGO,15.08,16.6,398.4,24,117.8693,0.71,Rough,FMS_MARITIME,2026-04-06
2021-01-08,55,MGO,52.16,15.6,374.4,24,433.8308,0.8,Moderate,FMS_MARITIME,2026-04-06
2021-01-09,55,LSMGO,58.71,16.3,391.2,24,467.3388,0.91,Moderate,FMS_MARITIME,2026-04-06
2021-01-10,55,VLSFO,62.17,9.3,223.2,24,867.3718,0.44,Moderate,FMS_MARITIME,2026-04-06
2021-01-11,55,LNG,52.05,14.7,352.8,24,459.4209,0.81,Moderate,FMS_MARITIME,2026-04-06
2021-01-12,55,LNG,32.15,17.5,420.0,24,238.3693,0.91,Moderate,FMS_MARITIME,2026-04-06
2021-01-13,55,HFO,65.72,17.7,424.8,24,481.761,0.76,Calm,FMS_MARITIME,2026-04-06
2021-01-14,55,LSMGO,69.05,17.9,429.6,24,500.5161,0.73,Calm,FMS_MARITIME,2026-04-06
2021-01-15,55,HFO,29.93,8.2,196.8,24,473.5875,0.72,Moderate,FMS_MARITIME,2026-04-06
2021-01-16,55,LNG,23.51,16.2,388.8,24,188.2977,0.44,Rough,FMS_MARITIME,2026-04-06
2021-01-17,55,HFO,65.24,14.3,343.2,24,591.9503,0.49,Moderate,FMS_MARITIME,2026-04-06
2021-01-18,55,LNG,23.15,10.6,254.4,24,283.3691,0.76,Moderate,FMS_MARITIME,2026-04-06
2021-01-19,55,LSMGO,37.18,13.1,314.4,24,368.2523,0.75,Moderate,FMS_MARITIME,2026-04-06
2021-01-20,55,HFO,45.42,16.5,396.0,24,357.1664,0.9,Calm,FMS_MARITIME,2026-04-06
2021-01-21,55,HFO,55.42,10.3,247.2,24,698.1306,0.83,Rough,FMS_MARITIME,2026-04-06
2021-01-22,55,MGO,27.58,10.3,247.2,24,347.4277,0.48,Rough,FMS_MARITIME,2026-04-06
2021-01-23,55,LNG,77.08,9.5,228.0,24,1052.7505,0.88,Calm,FMS_MARITIME,2026-04-06
2021-01-24,55,VLSFO,77.16,9.7,232.8,24,1032.1144,0.68,Moderate,FMS_MARITIME,2026-04-06
2021-01-25,55,MGO,58.72,14.1,338.4,24,540.3489,0.91,Calm,FMS_MARITIME,2026-04-06
2021-01-26,55,LSMGO,36.91,17.4,417.6,24,275.2341,0.65,Moderate,FMS_MARITIME,2026-04-06
2021-01-27,55,MGO,62.87,10.6,254.4,24,769.5644,0.86,Calm,FMS_MARITIME,2026-04-06
2021-01-28,55,LNG,67.29,16.0,384.0,24,545.6798,0.86,Rough,FMS_MARITIME,2026-04-06
2021-01-28,55,HFO,50.51,13.4,321.6,24,489.08,0.44,Calm,FMS_MARITIME,2026-04-06
2021-01-28,55,HFO,44.83,10.2,244.8,24,570.264,0.76,Rough,FMS_MARITIME,2026-04-06
2021-01-01,56,LNG,54.34,8.2,196.8,24,859.8311,0.45,Moderate,FMS_MARITIME,2026-04-06
2021-01-02,56,HFO,39.34,11.2,268.8,24,455.7469,0.86,Moderate,FMS_MARITIME,2026-04-06
2021-01-03,56,LNG,26.68,15.0,360.0,24,230.782,0.72,Rough,FMS_MARITIME,2026-04-06
2021-01-04,56,LSMGO,79.56,8.5,204.0,24,1214.46,0.46,Calm,FMS_MARITIME,2026-04-06
2021-01-05,56,LNG,66.08,8.2,196.8,24,1045.5951,0.97,Moderate,FMS_MARITIME,2026-04-06
2021-01-06,56,LNG,43.87,9.7,232.8,24,586.8178,0.64,Calm,FMS_MARITIME,2026-04-06
2021-01-07,56,LSMGO,28.32,10.2,244.8,24,360.2471,0.58,Rough,FMS_MARITIME,2026-04-06
2021-01-08,56,MGO,27.26,16.0,384.0,24,221.0616,0.61,Rough,FMS_MARITIME,2026-04-06
2021-01-09,56,LNG,81.6,13.9,333.6,24,761.6978,0.86,Rough,FMS_MARITIME,2026-04-06
2021-01-10,56,LSMGO,79.19,12.6,302.4,24,815.4685,0.52,Moderate,FMS_MARITIME,2026-04-06
2021-01-11,56,MGO,74.69,17.8,427.2,24,544.4397,0.86,Calm,FMS_MARITIME,2026-04-06
2021-01-12,56,VLSFO,60.04,13.6,326.4,24,572.8081,0.55,Moderate,FMS_MARITIME,2026-04-06
2021-01-13,56,HFO,20.97,10.7,256.8,24,254.2857,0.69,Calm,FMS_MARITIME,2026-04-06
2021-01-14,56,LNG,82.42,17.9,429.6,24,597.4299,0.41,Rough,FMS_MARITIME,2026-04-06
2021-01-15,56,MGO,25.39,13.3,319.2,24,247.6957,0.64,Rough,FMS_MARITIME,2026-04-06
2021-01-16,56,HFO,45.18,12.6,302.4,24,465.2464,0.5,Rough,FMS_MARITIME,2026-04-06
2021-01-17,56,VLSFO,74.51,10.9,261.6,24,886.9424,0.52,Calm,FMS_MARITIME,2026-04-06
2021-01-18,56,VLSFO,40.3,13.4,321.6,24,390.2183,0.42,Rough,FMS_MARITIME,2026-04-06
2021-01-19,56,VLSFO,55.46,15.0,360.0,24,479.729,0.78,Rough,FMS_MARITIME,2026-04-06
2021-01-20,56,VLSFO,50.79,13.6,326.4,24,484.559,0.98,Calm,FMS_MARITIME,2026-04-06
2021-01-21,56,LNG,17.75,16.0,384.0,24,143.9414,0.81,Rough,FMS_MARITIME,2026-04-06
2021-01-22,56,LNG,20.83,13.2,316.8,24,204.7494,0.54,Moderate,FMS_MARITIME,2026-04-06
2021-01-23,56,MGO,68.37,17.8,427.2,24,498.3712,0.73,Calm,FMS_MARITIME,2026-04-06
2021-01-24,56,HFO,48.04,9.8,235.2,24,636.0398,0.44,Moderate,FMS_MARITIME,2026-04-06
2021-01-25,56,VLSFO,53.53,16.4,393.6,24,423.5072,0.73,Moderate,FMS_MARITIME,2026-04-06
2021-01-26,56,VLSFO,19.85,16.3,391.2,24,158.0084,0.69,Rough,FMS_MARITIME,2026-04-06
2021-01-27,56,LNG,77.16,12.3,295.2,24,813.9439,0.6,Calm,FMS_MARITIME,2026-04-06
2021-01-28,56,MGO,66.15,14.2,340.8,24,604.434,0.6,Rough,FMS_MARITIME,2026-04-06
2021-01-28,56,MGO,16.28,15.1,362.4,24,139.8894,0.93,Calm,FMS_MARITIME,2026-04-06
2021-01-28,56,LSMGO,58.29,13.1,314.4,24,577.338,0.86,Rough,FMS_MARITIME,2026-04-06
2021-01-01,57,VLSFO,45.05,9.3,223.2,24,628.5202,0.52,Calm,FMS_MARITIME,2026-04-06
2021-01-02,57,LNG,44.28,8.1,194.4,24,709.3,0.48,Calm,FMS_MARITIME,2026-04-06
2021-01-03,57,LSMGO,25.75,11.2,268.8,24,298.3092,0.54,Rough,FMS_MARITIME,2026-04-06
2021-01-04,57,VLSFO,61.88,17.0,408.0,24,472.29,0.93,Rough,FMS_MARITIME,2026-04-06
2021-01-05,57,MGO,84.7,10.7,256.8,24,1027.0864,0.88,Rough,FMS_MARITIME,2026-04-06
2021-01-06,57,LSMGO,45.43,9.1,218.4,24,647.7519,0.48,Rough,FMS_MARITIME,2026-04-06
2021-01-07,57,LNG,57.43,8.3,199.2,24,897.7762,0.83,Calm,FMS_MARITIME,2026-04-06
2021-01-08,57,LNG,73.82,9.2,220.8,24,1041.1027,0.77,Rough,FMS_MARITIME,2026-04-06
2021-01-09,57,HFO,62.32,12.7,304.8,24,636.6945,0.55,Calm,FMS_MARITIME,2026-04-06
2021-01-10,57,MGO,34.49,10.5,252.0,24,426.1979,0.44,Calm,FMS_MARITIME,2026-04-06
2021-01-11,57,MGO,45.51,11.9,285.6,24,496.212,0.75,Calm,FMS_MARITIME,2026-04-06
2021-01-12,57,MGO,53.26,8.3,199.2,24,832.5886,0.87,Moderate,FMS_MARITIME,2026-04-06
2021-01-13,57,HFO,21.99,13.5,324.0,24,211.3483,0.69,Moderate,FMS_MARITIME,2026-04-06
2021-01-14,57,VLSFO,81.18,9.4,225.6,24,1120.5431,0.71,Rough,FMS_MARITIME,2026-04-06
2021-01-15,57,MGO,21.71,9.3,223.2,24,302.8895,0.4,Calm,FMS_MARITIME,2026-04-06
2021-01-16,57,LNG,82.5,14.5,348.0,24,738.2328,0.77,Rough,FMS_MARITIME,2026-04-06
2021-01-17,57,VLSFO,66.16,12.2,292.8,24,703.6279,0.47,Calm,FMS_MARITIME,2026-04-06
2021-01-18,57,VLSFO,41.07,15.1,362.4,24,352.9028,0.82,Calm,FMS_MARITIME,2026-04-06
2021-01-19,57,HFO,83.57,14.6,350.4,24,742.6854,0.59,Rough,FMS_MARITIME,2026-04-06
2021-01-20,57,LNG,46.92,9.9,237.6,24,614.9364,0.78,Calm,FMS_MARITIME,2026-04-06
2021-01-21,57,HFO,33.97,11.5,276.0,24,383.2702,0.97,Rough,FMS_MARITIME,2026-04-06
2021-01-22,57,VLSFO,84.65,11.1,266.4,24,989.4899,0.96,Rough,FMS_MARITIME,2026-04-06
2021-01-23,57,MGO,28.89,16.7,400.8,24,224.4597,0.43,Calm,FMS_MARITIME,2026-04-06
2021-01-24,57,VLSFO,79.02,8.9,213.6,24,1152.0051,0.89,Moderate,FMS_MARITIME,2026-04-06
2021-01-25,57,VLSFO,45.48,13.1,314.4,24,450.4603,0.68,Rough,FMS_MARITIME,2026-04-06
2021-01-26,57,LNG,52.68,13.4,321.6,24,510.0918,0.42,Calm,FMS_MARITIME,2026-04-06
2021-01-27,57,LSMGO,34.35,17.8,427.2,24,250.3883,0.41,Calm,FMS_MARITIME,2026-04-06
2021-01-28,57,MGO,78.59,8.2,196.8,24,1243.543,0.88,Rough,FMS_MARITIME,2026-04-06
2021-01-28,57,LSMGO,50.52,16.9,405.6,24,387.868,0.68,Rough,FMS_MARITIME,2026-04-06
2021-01-28,57,MGO,70.95,12.3,295.2,24,748.436,0.9,Calm,FMS_MARITIME,2026-04-06
2021-01-01,58,VLSFO,84.42,9.8,235.2,24,1117.7036,0.62,Rough,FMS_MARITIME,2026-04-06
2021-01-02,58,MGO,63.45,11.3,271.2,24,728.552,0.8,Moderate,FMS_MARITIME,2026-04-06
2021-01-03,58,MGO,27.67,14.0,336.0,24,256.4416,0.84,Moderate,FMS_MARITIME,2026-04-06
2021-01-04,58,LNG,46.01,13.6,326.4,24,438.9557,0.7,Rough,FMS_MARITIME,2026-04-06
2021-01-05,58,VLSFO,21.18,17.8,427.2,24,154.3879,0.87,Rough,FMS_MARITIME,2026-04-06
2021-01-06,58,MGO,30.64,16.0,384.0,24,248.4712,0.86,Moderate,FMS_MARITIME,2026-04-06
2021-01-07,58,MGO,25.0,12.1,290.4,24,268.0785,0.6,Rough,FMS_MARITIME,2026-04-06
2021-01-08,58,HFO,84.81,9.0,216.0,24,1222.6775,0.73,Moderate,FMS_MARITIME,2026-04-06
2021-01-09,58,HFO,54.93,17.7,424.8,24,402.6648,0.88,Calm,FMS_MARITIME,2026-04-06
2021-01-10,58,VLSFO,61.15,16.8,403.2,24,472.2746,0.51,Calm,FMS_MARITIME,2026-04-06
2021-01-11,58,LSMGO,64.65,10.0,240.0,24,838.8338,0.87,Calm,FMS_MARITIME,2026-04-06
2021-01-12,58,MGO,50.98,8.1,194.4,24,816.6241,0.68,Rough,FMS_MARITIME,2026-04-06
2021-01-13,58,LSMGO,24.09,15.5,372.0,24,201.6566,0.78,Rough,FMS_MARITIME,2026-04-06
2021-01-14,58,HFO,65.51,13.9,333.6,24,611.5052,0.81,Moderate,FMS_MARITIME,2026-04-06
2021-01-15,58,HFO,78.18,10.8,259.2,24,939.2458,0.85,Rough,FMS_MARITIME,2026-04-06
2021-01-16,58,LNG,57.3,16.4,393.6,24,453.3338,0.75,Rough,FMS_MARITIME,2026-04-06
2021-01-17,58,MGO,22.36,9.3,223.2,24,311.9581,0.82,Calm,FMS_MARITIME,2026-04-06
2021-01-18,58,VLSFO,74.94,17.1,410.4,24,568.6237,0.53,Rough,FMS_MARITIME,2026-04-06
2021-01-19,58,LSMGO,52.87,12.9,309.6,24,531.7738,0.81,Calm,FMS_MARITIME,2026-04-06
2021-01-20,58,LSMGO,66.37,13.1,314.4,24,657.367,0.92,Rough,FMS_MARITIME,2026-04-06
2021-01-21,58,LSMGO,60.64,12.0,288.0,24,655.67,0.86,Moderate,FMS_MARITIME,2026-04-06
2021-01-22,58,LNG,82.84,15.8,379.2,24,680.2842,0.64,Calm,FMS_MARITIME,2026-04-06
2021-01-23,58,LSMGO,78.66,8.5,204.0,24,1200.7218,0.41,Calm,FMS_MARITIME,2026-04-06
2021-01-24,58,MGO,49.75,12.7,304.8,24,508.2726,0.77,Rough,FMS_MARITIME,2026-04-06
2021-01-25,58,MGO,80.98,16.5,396.0,24,636.7973,0.87,Moderate,FMS_MARITIME,2026-04-06
2021-01-26,58,MGO,78.05,12.6,302.4,24,803.7292,0.92,Moderate,FMS_MARITIME,2026-04-06
2021-01-27,58,HFO,74.5,10.8,259.2,24,895.0347,0.67,Rough,FMS_MARITIME,2026-04-06
2021-01-28,58,LNG,26.92,17.1,410.4,24,204.2614,0.48,Rough,FMS_MARITIME,2026-04-06
2021-01-28,58,VLSFO,39.04,15.7,376.8,24,322.6395,0.58,Moderate,FMS_MARITIME,2026-04-06
2021-01-28,58,HFO,84.55,16.3,391.2,24,673.0284,0.81,Calm,FMS_MARITIME,2026-04-06
2021-01-01,59,VLSFO,66.35,17.4,417.6,24,494.7651,0.6,Rough,FMS_MARITIME,2026-04-06
2021-01-02,59,LSMGO,29.65,17.2,412.8,24,223.6679,0.71,Rough,FMS_MARITIME,2026-04-06
2021-01-03,59,HFO,75.36,14.4,345.6,24,679.025,0.68,Rough,FMS_MARITIME,2026-04-06
2021-01-04,59,LNG,55.06,15.0,360.0,24,476.269,0.62,Moderate,FMS_MARITIME,2026-04-06
2021-01-05,59,LNG,67.94,12.5,300.0,24,705.2172,0.6,Rough,FMS_MARITIME,2026-04-06
2021-01-06,59,LNG,53.65,17.9,429.6,24,388.8876,0.69,Moderate,FMS_MARITIME,2026-04-06
2021-01-07,59,MGO,30.27,18.0,432.0,24,218.1962,0.81,Moderate,FMS_MARITIME,2026-04-06
2021-01-08,59,HFO,63.54,16.4,393.6,24,502.7021,1.0,Rough,FMS_MARITIME,2026-04-06
2021-01-09,59,LNG,71.45,14.7,352.8,24,630.6556,0.68,Moderate,FMS_MARITIME,2026-04-06
2021-01-10,59,VLSFO,79.48,8.9,213.6,24,1158.7112,0.59,Calm,FMS_MARITIME,2026-04-06
2021-01-11,59,LSMGO,15.18,14.4,345.6,24,136.7781,0.72,Moderate,FMS_MARITIME,2026-04-06
2021-01-12,59,VLSFO,25.4,13.8,331.2,24,238.8152,0.83,Rough,FMS_MARITIME,2026-04-06
2021-01-13,59,VLSFO,15.96,11.2,268.8,24,184.8937,0.65,Rough,FMS_MARITIME,2026-04-06
2021-01-14,59,LSMGO,24.09,14.0,336.0,24,223.2627,0.6,Calm,FMS_MARITIME,2026-04-06
2021-01-15,59,VLSFO,30.69,15.3,367.2,24,260.2632,0.96,Rough,FMS_MARITIME,2026-04-06
2021-01-16,59,VLSFO,37.05,16.0,384.0,24,300.4523,0.68,Moderate,FMS_MARITIME,2026-04-06
2021-01-17,59,HFO,64.77,14.9,357.6,24,564.0206,0.57,Moderate,FMS_MARITIME,2026-04-06
2021-01-18,59,HFO,56.6,9.6,230.4,24,764.9844,0.51,Calm,FMS_MARITIME,2026-04-06
2021-01-19,59,HFO,48.74,10.5,252.0,24,602.2871,0.58,Rough,FMS_MARITIME,2026-04-06
2021-01-20,59,VLSFO,17.34,11.3,271.2,24,199.1031,0.83,Moderate,FMS_MARITIME,2026-04-06
2021-01-21,59,HFO,63.64,11.7,280.8,24,705.7513,0.95,Calm,FMS_MARITIME,2026-04-06
2021-01-22,59,LNG,43.78,8.4,201.6,24,676.2446,0.55,Calm,FMS_MARITIME,2026-04-06
2021-01-23,59,MGO,36.64,12.2,292.8,24,389.6754,0.74,Moderate,FMS_MARITIME,2026-04-06
2021-01-24,59,VLSFO,22.78,16.0,384.0,24,184.7316,0.46,Rough,FMS_MARITIME,2026-04-06
2021-01-25,59,HFO,61.39,10.5,252.0,24,758.605,0.97,Calm,FMS_MARITIME,2026-04-06
2021-01-26,59,HFO,66.27,12.8,307.2,24,671.7604,0.91,Moderate,FMS_MARITIME,2026-04-06
2021-01-27,59,HFO,66.45,8.3,199.2,24,1038.7816,0.94,Calm,FMS_MARITIME,2026-04-06
2021-01-28,59,LSMGO,78.44,16.7,400.8,24,609.4365,0.79,Rough,FMS_MARITIME,2026-04-06
2021-01-28,59,LNG,16.85,15.1,362.4,24,144.7873,0.58,Moderate,FMS_MARITIME,2026-04-06
2021-01-28,59,HFO,39.69,13.6,326.4,24,378.6601,0.96,Moderate,FMS_MARITIME,2026-04-06
2021-01-01,60,MGO,71.79,11.7,280.8,24,796.1327,0.75,Calm,FMS_MARITIME,2026-04-06
2021-01-02,60,MGO,43.55,9.3,223.2,24,607.5927,0.66,Moderate,FMS_MARITIME,2026-04-06
2021-01-03,60,LSMGO,68.77,13.0,312.0,24,686.3775,0.88,Moderate,FMS_MARITIME,2026-04-06
2021-01-04,60,VLSFO,30.15,17.2,412.8,24,227.4397,0.69,Calm,FMS_MARITIME,2026-04-06
2021-01-05,60,MGO,57.04,13.8,331.2,24,536.3,0.81,Moderate,FMS_MARITIME,2026-04-06
2021-01-06,60,VLSFO,51.37,8.4,201.6,24,793.483,0.64,Moderate,FMS_MARITIME,2026-04-06
2021-01-07,60,VLSFO,83.81,15.2,364.8,24,715.4176,0.97,Moderate,FMS_MARITIME,2026-04-06
2021-01-08,60,VLSFO,54.4,16.9,405.6,24,417.6568,0.97,Calm,FMS_MARITIME,2026-04-06
2021-01-09,60,MGO,54.5,9.5,228.0,24,744.3553,0.97,Rough,FMS_MARITIME,2026-04-06
2021-01-10,60,LSMGO,22.29,8.2,196.8,24,352.6985,0.42,Rough,FMS_MARITIME,2026-04-06
2021-01-11,60,HFO,47.36,17.4,417.6,24,353.1586,0.97,Rough,FMS_MARITIME,2026-04-06
2021-01-12,60,VLSFO,17.71,9.1,218.4,24,252.5135,0.75,Calm,FMS_MARITIME,2026-04-06
2021-01-13,60,LNG,57.81,10.5,252.0,24,714.3664,0.66,Moderate,FMS_MARITIME,2026-04-06
2021-01-14,60,LNG,78.87,16.9,405.6,24,605.5256,0.51,Calm,FMS_MARITIME,2026-04-06
2021-01-15,60,VLSFO,28.55,13.5,324.0,24,274.3972,0.85,Calm,FMS_MARITIME,2026-04-06
2021-01-16,60,HFO,59.46,13.9,333.6,24,555.0313,0.84,Calm,FMS_MARITIME,2026-04-06
2021-01-17,60,LSMGO,41.45,13.8,331.2,24,389.7201,0.49,Calm,FMS_MARITIME,2026-04-06
2021-01-18,60,LNG,30.7,16.5,396.0,24,241.4136,0.45,Calm,FMS_MARITIME,2026-04-06
2021-01-19,60,HFO,17.95,17.2,412.8,24,135.4077,0.94,Calm,FMS_MARITIME,2026-04-06
2021-01-20,60,LNG,50.76,16.8,403.2,24,392.0304,0.67,Moderate,FMS_MARITIME,2026-04-06
2021-01-21,60,MGO,69.56,9.8,235.2,24,920.9602,0.57,Rough,FMS_MARITIME,2026-04-06
2021-01-22,60,LSMGO,66.47,11.2,268.8,24,770.0431,0.93,Calm,FMS_MARITIME,2026-04-06
2021-01-23,60,HFO,80.35,16.9,405.6,24,616.8883,0.64,Calm,FMS_MARITIME,2026-04-06
2021-01-24,60,HFO,61.22,9.6,230.4,24,827.4266,0.98,Calm,FMS_MARITIME,2026-04-06
2021-01-25,60,HFO,55.38,12.2,292.8,24,588.9799,0.94,Moderate,FMS_MARITIME,2026-04-06
2021-01-26,60,LSMGO,44.34,12.2,292.8,24,471.5668,0.75,Calm,FMS_MARITIME,2026-04-06
2021-01-27,60,LNG,33.95,15.4,369.6,24,286.0398,0.41,Rough,FMS_MARITIME,2026-04-06
2021-01-28,60,HFO,63.48,12.2,292.8,24,675.1254,0.79,Moderate,FMS_MARITIME,2026-04-06
2021-01-28,60,MGO,63.63,12.4,297.6,24,665.8058,0.95,Moderate,FMS_MARITIME,2026-04-06
2021-01-28,60,LNG,47.27,9.8,235.2,24,625.8452,0.73,Rough,FMS_MARITIME,2026-04-06
2021-01-01,61,LSMGO,49.64,10.5,252.0,24,613.4086,0.56,Moderate,FMS_MARITIME,2026-04-06
2021-01-02,61,LSMGO,63.78,8.0,192.0,24,1034.4319,0.56,Moderate,FMS_MARITIME,2026-04-06
2021-01-03,61,HFO,47.07,12.8,307.2,24,477.1354,1.0,Calm,FMS_MARITIME,2026-04-06
2021-01-04,61,LSMGO,58.04,9.4,225.6,24,801.1372,0.76,Calm,FMS_MARITIME,2026-04-06
2021-01-05,61,LSMGO,25.85,13.5,324.0,24,248.4472,0.44,Rough,FMS_MARITIME,2026-04-06
2021-01-06,61,VLSFO,70.77,9.4,225.6,24,976.8519,0.94,Rough,FMS_MARITIME,2026-04-06
2021-01-07,61,LNG,64.52,15.2,364.8,24,550.7546,0.55,Moderate,FMS_MARITIME,2026-04-06
2021-01-08,61,LNG,38.91,8.3,199.2,24,608.2617,0.44,Rough,FMS_MARITIME,2026-04-06
2021-01-09,61,LNG,17.33,17.4,417.6,24,129.228,0.84,Moderate,FMS_MARITIME,2026-04-06
2021-01-10,61,VLSFO,15.74,13.4,321.6,24,152.4078,0.44,Rough,FMS_MARITIME,2026-04-06
2021-01-11,61,LNG,36.39,12.0,288.0,24,393.4669,0.98,Rough,FMS_MARITIME,2026-04-06
2021-01-12,61,VLSFO,59.52,16.4,393.6,24,470.8976,0.68,Rough,FMS_MARITIME,2026-04-06
2021-01-13,61,VLSFO,23.62,9.9,237.6,24,309.5652,0.86,Moderate,FMS_MARITIME,2026-04-06
2021-01-14,61,VLSFO,62.93,9.3,223.2,24,877.975,0.99,Rough,FMS_MARITIME,2026-04-06
2021-01-15,61,LNG,20.82,14.9,357.6,24,181.3017,0.88,Calm,FMS_MARITIME,2026-04-06
2021-01-16,61,LSMGO,20.99,13.8,331.2,24,197.3516,0.73,Moderate,FMS_MARITIME,2026-04-06
2021-01-17,61,HFO,51.56,13.6,326.4,24,491.9051,0.96,Calm,FMS_MARITIME,2026-04-06
2021-01-18,61,LNG,63.45,12.7,304.8,24,648.2392,0.69,Calm,FMS_MARITIME,2026-04-06
2021-01-19,61,LNG,17.76,11.7,280.8,24,196.9538,0.79,Rough,FMS_MARITIME,2026-04-06
2021-01-20,61,MGO,47.99,17.5,420.0,24,355.8116,0.43,Calm,FMS_MARITIME,2026-04-06
2021-01-21,61,LSMGO,83.25,10.2,244.8,24,1058.989,0.62,Moderate,FMS_MARITIME,2026-04-06
2021-01-22,61,VLSFO,46.71,14.0,336.0,24,432.9016,0.79,Moderate,FMS_MARITIME,2026-04-06
2021-01-23,61,MGO,61.88,12.1,290.4,24,663.5479,0.98,Calm,FMS_MARITIME,2026-04-06
2021-01-24,61,HFO,73.01,8.3,199.2,24,1141.331,0.43,Moderate,FMS_MARITIME,2026-04-06
2021-01-25,61,LSMGO,22.43,8.5,204.0,24,342.3874,0.84,Calm,FMS_MARITIME,2026-04-06
2021-01-26,61,HFO,15.83,15.3,367.2,24,134.2446,0.49,Rough,FMS_MARITIME,2026-04-06
2021-01-27,61,VLSFO,48.15,10.9,261.6,24,573.1617,0.82,Rough,FMS_MARITIME,2026-04-06
2021-01-28,61,VLSFO,20.73,9.8,235.2,24,274.461,0.77,Moderate,FMS_MARITIME,2026-04-06
2021-01-28,61,LSMGO,58.71,11.6,278.4,24,656.6916,0.68,Rough,FMS_MARITIME,2026-04-06
2021-01-28,61,MGO,63.5,12.6,302.4,24,653.8988,0.78,Rough,FMS_MARITIME,2026-04-06
2021-01-01,62,LNG,56.65,12.2,292.8,24,602.4867,0.85,Moderate,FMS_MARITIME,2026-04-06
2021-01-02,62,VLSFO,26.69,16.3,391.2,24,212.4557,0.63,Rough,FMS_MARITIME,2026-04-06
2021-01-03,62,MGO,68.45,14.8,355.2,24,600.0938,0.8,Calm,FMS_MARITIME,2026-04-06
2021-01-04,62,MGO,20.84,8.6,206.4,24,314.4174,0.47,Rough,FMS_MARITIME,2026-04-06
2021-01-05,62,MGO,35.42,10.1,242.4,24,455.0243,0.46,Calm,FMS_MARITIME,2026-04-06
2021-01-06,62,LSMGO,80.62,10.4,249.6,24,1005.812,0.86,Moderate,FMS_MARITIME,2026-04-06
2021-01-07,62,LNG,70.74,15.9,381.6,24,577.2651,0.84,Rough,FMS_MARITIME,2026-04-06
2021-01-08,62,HFO,41.55,14.1,338.4,24,382.3484,0.85,Moderate,FMS_MARITIME,2026-04-06
2021-01-09,62,LSMGO,15.34,15.7,376.8,24,126.7748,0.59,Moderate,FMS_MARITIME,2026-04-06
2021-01-10,62,LNG,71.58,15.7,376.8,24,591.5608,0.58,Rough,FMS_MARITIME,2026-04-06
2021-01-11,62,MGO,40.42,8.5,204.0,24,616.9994,0.77,Moderate,FMS_MARITIME,2026-04-06
2021-01-12,62,MGO,20.52,13.2,316.8,24,201.7023,0.75,Calm,FMS_MARITIME,2026-04-06
2021-01-13,62,MGO,29.8,13.2,316.8,24,292.9205,0.7,Calm,FMS_MARITIME,2026-04-06
2021-01-14,62,MGO,18.16,10.8,259.2,24,218.1722,0.67,Moderate,FMS_MARITIME,2026-04-06
2021-01-15,62,LSMGO,54.55,11.3,271.2,24,626.3595,0.73,Calm,FMS_MARITIME,2026-04-06
2021-01-16,62,VLSFO,41.17,9.8,235.2,24,545.0824,0.59,Moderate,FMS_MARITIME,2026-04-06
2021-01-17,62,HFO,22.65,15.4,369.6,24,190.8336,0.45,Calm,FMS_MARITIME,2026-04-06
2021-01-18,62,HFO,51.27,17.1,410.4,24,389.0224,0.98,Moderate,FMS_MARITIME,2026-04-06
2021-01-19,62,LSMGO,44.7,12.1,290.4,24,479.3244,0.77,Rough,FMS_MARITIME,2026-04-06
2021-01-20,62,VLSFO,37.51,18.0,432.0,24,270.3846,0.89,Calm,FMS_MARITIME,2026-04-06
2021-01-21,62,LNG,72.87,10.4,249.6,24,909.1233,0.47,Rough,FMS_MARITIME,2026-04-06
2021-01-22,62,LNG,72.31,10.1,242.4,24,928.9329,0.83,Calm,FMS_MARITIME,2026-04-06
2021-01-23,62,LSMGO,63.52,14.5,348.0,24,568.3945,0.4,Calm,FMS_MARITIME,2026-04-06
2021-01-24,62,LNG,25.35,16.8,403.2,24,195.7835,0.56,Moderate,FMS_MARITIME,2026-04-06
2021-01-25,62,VLSFO,81.38,14.2,340.8,24,743.5954,0.41,Moderate,FMS_MARITIME,2026-04-06
2021-01-26,62,LSMGO,72.84,11.0,264.0,24,859.1809,0.71,Moderate,FMS_MARITIME,2026-04-06
2021-01-27,62,HFO,53.36,17.2,412.8,24,402.5267,0.83,Calm,FMS_MARITIME,2026-04-06
2021-01-28,62,MGO,74.77,17.7,424.8,24,548.1021,0.68,Rough,FMS_MARITIME,2026-04-06
2021-01-28,62,MGO,66.02,10.6,254.4,24,808.1222,0.67,Moderate,FMS_MARITIME,2026-04-06
2021-01-28,62,VLSFO,27.22,8.0,192.0,24,441.4744,0.96,Calm,FMS_MARITIME,2026-04-06
2021-01-01,63,MGO,53.34,12.8,307.2,24,540.6926,0.81,Calm,FMS_MARITIME,2026-04-06
2021-01-02,63,LNG,45.08,8.8,211.2,24,664.6739,0.51,Moderate,FMS_MARITIME,2026-04-06
2021-01-03,63,MGO,71.61,13.4,321.6,24,693.3879,0.88,Rough,FMS_MARITIME,2026-04-06
2021-01-04,63,LNG,27.67,16.3,391.2,24,220.2566,0.92,Moderate,FMS_MARITIME,2026-04-06
2021-01-05,63,LSMGO,50.24,14.2,340.8,24,459.0592,0.67,Rough,FMS_MARITIME,2026-04-06
2021-01-06,63,MGO,80.85,13.2,316.8,24,794.7187,0.58,Moderate,FMS_MARITIME,2026-04-06
2021-01-07,63,MGO,76.84,13.1,314.4,24,761.0679,0.98,Calm,FMS_MARITIME,2026-04-06
2021-01-08,63,LSMGO,23.09,10.8,259.2,24,277.4007,0.96,Calm,FMS_MARITIME,2026-04-06
2021-01-09,63,VLSFO,55.69,15.2,364.8,24,475.3801,0.65,Calm,FMS_MARITIME,2026-04-06
2021-01-10,63,LNG,82.38,14.9,357.6,24,717.3695,0.51,Moderate,FMS_MARITIME,2026-04-06
2021-01-11,63,LSMGO,84.37,11.3,271.2,24,968.7617,0.53,Moderate,FMS_MARITIME,2026-04-06
2021-01-12,63,HFO,51.12,17.0,408.0,24,390.1659,0.47,Moderate,FMS_MARITIME,2026-04-06
2021-01-13,63,MGO,51.96,16.4,393.6,24,411.086,0.69,Calm,FMS_MARITIME,2026-04-06
2021-01-14,63,MGO,70.18,12.2,292.8,24,746.3816,0.64,Calm,FMS_MARITIME,2026-04-06
2021-01-15,63,LNG,43.67,17.8,427.2,24,318.3249,0.48,Calm,FMS_MARITIME,2026-04-06
2021-01-16,63,HFO,31.8,15.0,360.0,24,275.07,0.98,Moderate,FMS_MARITIME,2026-04-06
2021-01-17,63,LSMGO,44.32,8.3,199.2,24,692.8337,0.55,Calm,FMS_MARITIME,2026-04-06
2021-01-18,63,HFO,82.75,16.7,400.8,24,642.9229,0.63,Calm,FMS_MARITIME,2026-04-06
2021-01-19,63,MGO,46.47,15.1,362.4,24,399.3035,0.54,Calm,FMS_MARITIME,2026-04-06
2021-01-20,63,VLSFO,45.8,10.1,242.4,24,588.3713,0.89,Rough,FMS_MARITIME,2026-04-06
2021-01-21,63,HFO,78.59,15.2,364.8,24,670.8587,0.72,Rough,FMS_MARITIME,2026-04-06
2021-01-22,63,LNG,34.9,14.5,348.0,24,312.2948,0.92,Moderate,FMS_MARITIME,2026-04-06
2021-01-23,63,HFO,75.31,12.2,292.8,24,800.9404,0.48,Calm,FMS_MARITIME,2026-04-06
2021-01-24,63,LNG,63.9,10.1,242.4,24,820.8936,0.73,Calm,FMS_MARITIME,2026-04-06
2021-01-25,63,HFO,49.18,13.6,326.4,24,469.1989,0.94,Moderate,FMS_MARITIME,2026-04-06
2021-01-26,63,MGO,63.79,8.8,211.2,24,940.5401,0.61,Rough,FMS_MARITIME,2026-04-06
2021-01-27,63,VLSFO,43.09,11.3,271.2,24,494.7723,0.61,Moderate,FMS_MARITIME,2026-04-06
2021-01-28,63,LSMGO,35.75,15.1,362.4,24,307.1896,0.96,Calm,FMS_MARITIME,2026-04-06
2021-01-28,63,LSMGO,53.57,14.3,343.2,24,486.0635,0.51,Calm,FMS_MARITIME,2026-04-06
2021-01-28,63,LSMGO,26.99,8.8,211.2,24,397.9491,0.82,Moderate,FMS_MARITIME,2026-04-06
2021-01-01,64,MGO,17.91,12.3,295.2,24,188.9287,0.9,Rough,FMS_MARITIME,2026-04-06
2021-01-02,64,LSMGO,56.25,10.7,256.8,24,682.097,0.72,Moderate,FMS_MARITIME,2026-04-06
2021-01-03,64,VLSFO,50.11,9.8,235.2,24,663.4462,1.0,Rough,FMS_MARITIME,2026-04-06
2021-01-04,64,HFO,46.43,17.9,429.6,24,336.5527,0.6,Calm,FMS_MARITIME,2026-04-06
2021-01-05,64,VLSFO,61.89,10.4,249.6,24,772.1373,0.89,Rough,FMS_MARITIME,2026-04-06
2021-01-06,64,HFO,78.32,13.6,326.4,24,747.2074,0.88,Calm,FMS_MARITIME,2026-04-06
2021-01-07,64,HFO,26.15,10.1,242.4,24,335.9369,0.52,Moderate,FMS_MARITIME,2026-04-06
2021-01-08,64,MGO,51.61,17.4,417.6,24,384.8504,0.48,Moderate,FMS_MARITIME,2026-04-06
2021-01-09,64,LSMGO,67.43,17.3,415.2,24,505.725,0.63,Moderate,FMS_MARITIME,2026-04-06
2021-01-10,64,MGO,64.17,17.4,417.6,24,478.5091,0.51,Calm,FMS_MARITIME,2026-04-06
2021-01-11,64,HFO,66.71,13.3,319.2,24,650.7987,0.83,Calm,FMS_MARITIME,2026-04-06
2021-01-12,64,LNG,84.58,8.1,194.4,24,1354.8463,0.67,Calm,FMS_MARITIME,2026-04-06
2021-01-13,64,HFO,45.63,16.3,391.2,24,363.2204,0.97,Calm,FMS_MARITIME,2026-04-06
2021-01-14,64,VLSFO,61.61,12.1,290.4,24,660.6527,0.89,Moderate,FMS_MARITIME,2026-04-06
2021-01-15,64,MGO,39.29,14.4,345.6,24,354.0193,0.69,Moderate,FMS_MARITIME,2026-04-06
2021-01-16,64,VLSFO,27.14,16.9,405.6,24,208.3678,0.92,Moderate,FMS_MARITIME,2026-04-06
2021-01-17,64,HFO,64.97,13.0,312.0,24,648.4506,0.43,Moderate,FMS_MARITIME,2026-04-06
2021-01-18,64,LSMGO,52.15,10.1,242.4,24,669.9468,0.68,Calm,FMS_MARITIME,2026-04-06
2021-01-19,64,VLSFO,69.32,17.4,417.6,24,516.9121,0.85,Rough,FMS_MARITIME,2026-04-06
2021-01-20,64,MGO,26.92,16.2,388.8,24,215.6093,0.89,Moderate,FMS_MARITIME,2026-04-06
2021-01-21,64,VLSFO,16.59,17.2,412.8,24,125.1484,0.87,Calm,FMS_MARITIME,2026-04-06
2021-01-22,64,MGO,82.97,15.6,374.4,24,690.087,0.61,Moderate,FMS_MARITIME,2026-04-06
2021-01-23,64,VLSFO,51.48,17.1,410.4,24,390.6158,0.99,Moderate,FMS_MARITIME,2026-04-06
2021-01-24,64,HFO,83.81,16.9,405.6,24,643.4525,0.58,Calm,FMS_MARITIME,2026-04-06
2021-01-25,64,LSMGO,82.97,12.2,292.8,24,882.4064,0.91,Calm,FMS_MARITIME,2026-04-06
2021-01-26,64,MGO,55.86,11.6,278.4,24,624.8134,0.64,Rough,FMS_MARITIME,2026-04-06
2021-01-27,64,MGO,51.94,12.6,302.4,24,534.8583,0.63,Calm,FMS_MARITIME,2026-04-06
2021-01-28,64,LSMGO,82.57,11.0,264.0,24,973.9507,0.8,Moderate,FMS_MARITIME,2026-04-06
2021-01-28,64,VLSFO,45.19,15.5,372.0,24,378.284,0.52,Rough,FMS_MARITIME,2026-04-06
2021-01-28,64,VLSFO,74.37,9.8,235.2,24,984.6436,0.57,Rough,FMS_MARITIME,2026-04-06
2021-01-01,65,LNG,52.43,11.3,271.2,24,602.017,0.42,Rough,FMS_MARITIME,2026-04-06
2021-01-02,65,VLSFO,77.38,16.5,396.0,24,608.4882,0.81,Moderate,FMS_MARITIME,2026-04-06
2021-01-03,65,LSMGO,55.79,17.4,417.6,24,416.0203,0.81,Moderate,FMS_MARITIME,2026-04-06
2021-01-04,65,HFO,44.52,17.6,422.4,24,328.2085,0.69,Calm,FMS_MARITIME,2026-04-06
2021-01-05,65,VLSFO,56.62,14.4,345.6,24,510.1698,0.44,Calm,FMS_MARITIME,2026-04-06
2021-01-06,65,VLSFO,18.3,17.4,417.6,24,136.4612,0.75,Calm,FMS_MARITIME,2026-04-06
2021-01-07,65,LSMGO,31.89,14.9,357.6,24,277.6998,0.7,Moderate,FMS_MARITIME,2026-04-06
2021-01-08,65,MGO,30.67,9.4,225.6,24,423.3439,0.65,Rough,FMS_MARITIME,2026-04-06
2021-01-09,65,LSMGO,77.38,8.5,204.0,24,1181.1829,0.87,Calm,FMS_MARITIME,2026-04-06
2021-01-10,65,HFO,62.16,8.4,201.6,24,960.15,0.62,Calm,FMS_MARITIME,2026-04-06
2021-01-11,65,VLSFO,34.61,10.1,242.4,24,444.6186,0.6,Moderate,FMS_MARITIME,2026-04-06
2021-01-12,65,LNG,59.51,8.2,196.8,24,941.6369,0.69,Rough,FMS_MARITIME,2026-04-06
2021-01-13,65,MGO,19.96,15.7,376.8,24,164.9561,0.96,Moderate,FMS_MARITIME,2026-04-06
2021-01-14,65,MGO,61.2,14.1,338.4,24,563.1702,0.68,Rough,FMS_MARITIME,2026-04-06
2021-01-15,65,LNG,35.71,14.7,352.8,24,315.1954,0.6,Moderate,FMS_MARITIME,2026-04-06
2021-01-16,65,MGO,40.96,14.1,338.4,24,376.9191,0.42,Moderate,FMS_MARITIME,2026-04-06
2021-01-17,65,LNG,60.4,11.2,268.8,24,699.7232,0.48,Rough,FMS_MARITIME,2026-04-06
2021-01-18,65,MGO,46.02,14.3,343.2,24,417.5591,0.71,Moderate,FMS_MARITIME,2026-04-06
2021-01-19,65,LSMGO,54.14,17.0,408.0,24,413.2156,0.61,Calm,FMS_MARITIME,2026-04-06
2021-01-20,65,MGO,24.17,14.9,357.6,24,210.4737,0.49,Calm,FMS_MARITIME,2026-04-06
2021-01-21,65,LSMGO,77.6,17.4,417.6,24,578.6552,0.79,Rough,FMS_MARITIME,2026-04-06
2021-01-22,65,LNG,68.15,9.6,230.4,24,921.0898,0.79,Calm,FMS_MARITIME,2026-04-06
2021-01-23,65,VLSFO,57.72,16.7,400.8,24,448.4533,0.46,Moderate,FMS_MARITIME,2026-04-06
2021-01-24,65,MGO,64.74,12.9,309.6,24,651.164,0.49,Calm,FMS_MARITIME,2026-04-06
2021-01-25,65,VLSFO,71.48,8.4,201.6,24,1104.1107,0.68,Moderate,FMS_MARITIME,2026-04-06
2021-01-26,65,LNG,76.72,15.7,376.8,24,634.0395,0.52,Rough,FMS_MARITIME,2026-04-06
2021-01-27,65,MGO,53.28,15.3,367.2,24,451.8353,0.97,Calm,FMS_MARITIME,2026-04-06
2021-01-28,65,VLSFO,40.37,16.2,388.8,24,323.3338,0.5,Calm,FMS_MARITIME,2026-04-06
2021-01-28,65,MGO,66.65,15.9,381.6,24,543.8892,0.93,Moderate,FMS_MARITIME,2026-04-06
2021-01-28,65,LSMGO,64.16,8.1,194.4,24,1027.7481,0.52,Moderate,FMS_MARITIME,2026-04-06
2021-01-01,66,HFO,60.08,10.3,247.2,24,756.833,0.75,Calm,FMS_MARITIME,2026-04-06
2021-01-02,66,LSMGO,65.16,9.8,235.2,24,862.7051,0.94,Moderate,FMS_MARITIME,2026-04-06
2021-01-03,66,MGO,61.2,15.2,364.8,24,522.4145,0.69,Moderate,FMS_MARITIME,2026-04-06
2021-01-04,66,HFO,19.28,13.8,331.2,24,181.2739,0.57,Moderate,FMS_MARITIME,2026-04-06
2021-01-05,66,VLSFO,32.7,14.1,338.4,24,300.9096,0.88,Rough,FMS_MARITIME,2026-04-06
2021-01-06,66,MGO,25.77,10.4,249.6,24,321.5055,0.64,Calm,FMS_MARITIME,2026-04-06
2021-01-07,66,HFO,56.6,13.5,324.0,24,543.9889,0.52,Moderate,FMS_MARITIME,2026-04-06
2021-01-08,66,VLSFO,66.09,15.4,369.6,24,556.8297,0.56,Rough,FMS_MARITIME,2026-04-06
2021-01-09,66,VLSFO,48.11,15.1,362.4,24,413.3955,0.53,Rough,FMS_MARITIME,2026-04-06
2021-01-10,66,LNG,63.43,14.2,340.8,24,579.5805,0.66,Moderate,FMS_MARITIME,2026-04-06
2021-01-11,66,MGO,49.55,8.9,213.6,24,722.3722,0.89,Calm,FMS_MARITIME,2026-04-06
2021-01-12,66,VLSFO,25.55,15.7,376.8,24,211.1537,0.77,Rough,FMS_MARITIME,2026-04-06
2021-01-13,66,VLSFO,50.18,15.1,362.4,24,431.1825,0.42,Moderate,FMS_MARITIME,2026-04-06
2021-01-14,66,HFO,36.37,13.9,333.6,24,339.4969,0.5,Rough,FMS_MARITIME,2026-04-06
2021-01-15,66,LSMGO,18.55,17.5,420.0,24,137.535,0.79,Rough,FMS_MARITIME,2026-04-06
2021-01-16,66,LNG,41.59,8.7,208.8,24,620.2647,0.58,Moderate,FMS_MARITIME,2026-04-06
2021-01-17,66,LSMGO,23.19,9.6,230.4,24,313.4273,0.46,Rough,FMS_MARITIME,2026-04-06
2021-01-18,66,VLSFO,17.53,16.7,400.8,24,136.1987,0.44,Calm,FMS_MARITIME,2026-04-06
2021-01-19,66,LSMGO,42.48,9.9,237.6,24,556.7455,0.84,Rough,FMS_MARITIME,2026-04-06
2021-01-20,66,VLSFO,45.96,10.1,242.4,24,590.4267,0.54,Moderate,FMS_MARITIME,2026-04-06
2021-01-21,66,LNG,58.82,16.8,403.2,24,454.2795,0.43,Moderate,FMS_MARITIME,2026-04-06
2021-01-22,66,HFO,64.81,17.7,424.8,24,475.0903,0.95,Calm,FMS_MARITIME,2026-04-06
2021-01-23,66,LSMGO,60.86,8.1,194.4,24,974.887,0.94,Calm,FMS_MARITIME,2026-04-06
2021-01-24,66,LNG,77.15,14.2,340.8,24,704.9445,0.57,Moderate,FMS_MARITIME,2026-04-06
2021-01-25,66,VLSFO,17.11,16.1,386.4,24,137.8896,0.83,Calm,FMS_MARITIME,2026-04-06
2021-01-26,66,VLSFO,77.11,8.2,196.8,24,1220.1247,0.56,Moderate,FMS_MARITIME,2026-04-06
2021-01-27,66,LNG,45.09,13.9,333.6,24,420.8941,0.45,Rough,FMS_MARITIME,2026-04-06
2021-01-28,66,HFO,42.36,12.7,304.8,24,432.7724,0.9,Moderate,FMS_MARITIME,2026-04-06
2021-01-28,66,VLSFO,67.58,12.5,300.0,24,701.4804,0.61,Rough,FMS_MARITIME,2026-04-06
2021-01-28,66,LNG,30.83,12.6,302.4,24,317.4756,0.85,Calm,FMS_MARITIME,2026-04-06
2021-01-01,67,VLSFO,16.83,9.2,220.8,24,237.3579,0.8,Rough,FMS_MARITIME,2026-04-06
2021-01-02,67,HFO,20.38,13.0,312.0,24,203.4081,0.59,Rough,FMS_MARITIME,2026-04-06
2021-01-03,67,HFO,83.36,15.6,374.4,24,693.3308,0.97,Rough,FMS_MARITIME,2026-04-06
2021-01-04,67,VLSFO,75.18,14.1,338.4,24,691.816,0.44,Moderate,FMS_MARITIME,2026-04-06
2021-01-05,67,MGO,16.59,16.7,400.8,24,128.8954,0.76,Moderate,FMS_MARITIME,2026-04-06
2021-01-06,67,LNG,56.8,12.0,288.0,24,614.15,0.64,Rough,FMS_MARITIME,2026-04-06
2021-01-07,67,VLSFO,65.1,10.5,252.0,24,804.45,0.53,Moderate,FMS_MARITIME,2026-04-06
2021-01-08,67,MGO,49.52,8.6,206.4,24,747.1186,0.71,Calm,FMS_MARITIME,2026-04-06
2021-01-09,67,HFO,55.6,15.8,379.2,24,456.5886,0.56,Calm,FMS_MARITIME,2026-04-06
2021-01-10,67,VLSFO,28.85,13.6,326.4,24,275.2417,0.53,Calm,FMS_MARITIME,2026-04-06
2021-01-11,67,LNG,70.94,16.4,393.6,24,561.2479,0.6,Rough,FMS_MARITIME,2026-04-06
2021-01-12,67,LSMGO,35.52,15.8,379.2,24,291.6911,0.82,Rough,FMS_MARITIME,2026-04-06
2021-01-13,67,VLSFO,76.27,9.9,237.6,24,999.5992,0.55,Moderate,FMS_MARITIME,2026-04-06
2021-01-14,67,LSMGO,15.36,14.0,336.0,24,142.3543,0.7,Calm,FMS_MARITIME,2026-04-06
2021-01-15,67,LSMGO,77.25,13.2,316.8,24,759.3324,0.9,Calm,FMS_MARITIME,2026-04-06
2021-01-16,67,MGO,53.53,14.9,357.6,24,466.1421,0.85,Moderate,FMS_MARITIME,2026-04-06
2021-01-17,67,VLSFO,75.92,11.2,268.8,24,879.5196,0.77,Calm,FMS_MARITIME,2026-04-06
2021-01-18,67,HFO,81.84,16.9,405.6,24,628.3278,0.98,Moderate,FMS_MARITIME,2026-04-06
2021-01-19,67,VLSFO,26.56,13.2,316.8,24,261.0727,0.66,Rough,FMS_MARITIME,2026-04-06
2021-01-20,67,LNG,29.43,13.6,326.4,24,280.7752,0.52,Rough,FMS_MARITIME,2026-04-06
2021-01-21,67,VLSFO,28.48,16.4,393.6,24,225.322,0.72,Calm,FMS_MARITIME,2026-04-06
2021-01-22,67,MGO,31.48,10.6,254.4,24,385.333,0.66,Rough,FMS_MARITIME,2026-04-06
2021-01-23,67,MGO,44.48,11.1,266.4,24,519.9351,0.71,Rough,FMS_MARITIME,2026-04-06
2021-01-24,67,HFO,64.82,12.8,307.2,24,657.0621,0.64,Moderate,FMS_MARITIME,2026-04-06
2021-01-25,67,LNG,24.12,15.7,376.8,24,199.3357,0.54,Moderate,FMS_MARITIME,2026-04-06
2021-01-26,67,LSMGO,77.32,11.3,271.2,24,887.8115,0.67,Moderate,FMS_MARITIME,2026-04-06
2021-01-27,67,LSMGO,33.21,8.4,201.6,24,512.9759,0.58,Rough,FMS_MARITIME,2026-04-06
2021-01-28,67,MGO,67.45,9.0,216.0,24,972.4042,0.55,Calm,FMS_MARITIME,2026-04-06
2021-01-28,67,HFO,27.48,11.7,280.8,24,304.7462,0.82,Rough,FMS_MARITIME,2026-04-06
2021-01-28,67,HFO,41.55,10.1,242.4,24,533.7735,0.44,Rough,FMS_MARITIME,2026-04-06
2021-01-01,68,LNG,22.14,11.8,283.2,24,243.4462,0.95,Calm,FMS_MARITIME,2026-04-06
2021-01-02,68,LSMGO,20.33,16.8,403.2,24,157.0129,0.76,Moderate,FMS_MARITIME,2026-04-06
2021-01-03,68,MGO,16.55,15.5,372.0,24,138.5395,0.61,Rough,FMS_MARITIME,2026-04-06
2021-01-04,68,MGO,41.54,14.3,343.2,24,376.9101,0.95,Calm,FMS_MARITIME,2026-04-06
2021-01-05,68,VLSFO,50.05,15.4,369.6,24,421.6875,0.63,Moderate,FMS_MARITIME,2026-04-06
2021-01-06,68,VLSFO,81.02,17.2,412.8,24,611.1828,0.7,Calm,FMS_MARITIME,2026-04-06
2021-01-07,68,VLSFO,71.49,17.9,429.6,24,518.2027,0.57,Rough,FMS_MARITIME,2026-04-06
2021-01-08,68,MGO,63.02,10.7,256.8,24,764.1911,1.0,Rough,FMS_MARITIME,2026-04-06
2021-01-09,68,LNG,43.72,11.5,276.0,24,493.2757,0.42,Calm,FMS_MARITIME,2026-04-06
2021-01-10,68,HFO,74.59,17.9,429.6,24,540.6733,0.76,Moderate,FMS_MARITIME,2026-04-06
2021-01-11,68,LNG,24.64,14.4,345.6,24,222.0167,0.87,Calm,FMS_MARITIME,2026-04-06
2021-01-12,68,LSMGO,41.35,17.7,424.8,24,303.1165,0.68,Moderate,FMS_MARITIME,2026-04-06
2021-01-13,68,LNG,63.33,14.9,357.6,24,551.481,0.85,Calm,FMS_MARITIME,2026-04-06
2021-01-14,68,LSMGO,52.13,11.9,285.6,24,568.3922,0.62,Calm,FMS_MARITIME,2026-04-06
2021-01-15,68,LNG,37.74,17.4,417.6,24,281.4233,0.41,Rough,FMS_MARITIME,2026-04-06
2021-01-16,68,LSMGO,17.06,9.9,237.6,24,223.5894,0.74,Moderate,FMS_MARITIME,2026-04-06
2021-01-17,68,HFO,78.48,14.8,355.2,24,688.0257,0.73,Calm,FMS_MARITIME,2026-04-06
2021-01-18,68,MGO,71.25,9.9,237.6,24,933.8068,0.91,Calm,FMS_MARITIME,2026-04-06
2021-01-19,68,MGO,72.14,10.4,249.6,24,900.0159,0.74,Calm,FMS_MARITIME,2026-04-06
2021-01-20,68,LNG,82.28,16.7,400.8,24,639.2713,0.42,Rough,FMS_MARITIME,2026-04-06
2021-01-21,68,LSMGO,71.73,12.2,292.8,24,762.8662,0.6,Rough,FMS_MARITIME,2026-04-06
2021-01-22,68,HFO,76.34,13.8,331.2,24,717.762,0.58,Calm,FMS_MARITIME,2026-04-06
2021-01-23,68,MGO,39.88,13.9,333.6,24,372.2612,0.77,Moderate,FMS_MARITIME,2026-04-06
2021-01-24,68,VLSFO,38.05,12.3,295.2,24,401.3811,0.9,Rough,FMS_MARITIME,2026-04-06
2021-01-25,68,MGO,48.32,15.5,372.0,24,404.4852,0.91,Calm,FMS_MARITIME,2026-04-06
2021-01-26,68,HFO,26.8,12.7,304.8,24,273.8031,0.98,Calm,FMS_MARITIME,2026-04-06
2021-01-27,68,HFO,80.12,12.1,290.4,24,859.138,0.79,Moderate,FMS_MARITIME,2026-04-06
2021-01-28,68,LSMGO,36.42,10.0,240.0,24,472.5495,0.8,Moderate,FMS_MARITIME,2026-04-06
2021-01-28,68,VLSFO,37.32,15.0,360.0,24,322.818,0.54,Rough,FMS_MARITIME,2026-04-06
2021-01-28,68,VLSFO,43.65,9.2,220.8,24,615.6073,0.73,Calm,FMS_MARITIME,2026-04-06
2021-01-01,69,LSMGO,78.66,12.2,292.8,24,836.5684,0.76,Rough,FMS_MARITIME,2026-04-06
2021-01-02,69,HFO,81.89,8.9,213.6,24,1193.8458,0.43,Moderate,FMS_MARITIME,2026-04-06
2021-01-03,69,HFO,53.93,8.1,194.4,24,863.8787,0.48,Rough,FMS_MARITIME,2026-04-06
2021-01-04,69,MGO,59.54,14.2,340.8,24,544.0363,0.67,Calm,FMS_MARITIME,2026-04-06
2021-01-05,69,MGO,31.76,15.4,369.6,24,267.5883,0.92,Rough,FMS_MARITIME,2026-04-06
2021-01-06,69,MGO,34.73,11.0,264.0,24,409.6561,0.5,Rough,FMS_MARITIME,2026-04-06
2021-01-07,69,VLSFO,74.35,16.9,405.6,24,570.8232,0.59,Moderate,FMS_MARITIME,2026-04-06
2021-01-08,69,LSMGO,70.1,15.7,376.8,24,579.3296,0.52,Calm,FMS_MARITIME,2026-04-06
2021-01-09,69,LNG,62.22,12.8,307.2,24,630.7066,0.83,Moderate,FMS_MARITIME,2026-04-06
2021-01-10,69,LSMGO,55.16,14.6,350.4,24,490.2062,0.47,Calm,FMS_MARITIME,2026-04-06
2021-01-11,69,MGO,24.7,8.5,204.0,24,377.0382,0.63,Rough,FMS_MARITIME,2026-04-06
2021-01-12,69,HFO,64.77,12.6,302.4,24,666.9768,0.9,Moderate,FMS_MARITIME,2026-04-06
2021-01-13,69,HFO,24.09,13.2,316.8,24,236.7937,0.9,Moderate,FMS_MARITIME,2026-04-06
2021-01-14,69,LSMGO,62.26,17.6,422.4,24,458.9906,0.87,Moderate,FMS_MARITIME,2026-04-06
2021-01-15,69,HFO,65.51,8.7,208.8,24,977.0026,0.69,Rough,FMS_MARITIME,2026-04-06
2021-01-16,69,HFO,84.22,9.2,220.8,24,1187.7766,0.45,Moderate,FMS_MARITIME,2026-04-06
2021-01-17,69,HFO,41.73,10.6,254.4,24,510.7988,0.98,Rough,FMS_MARITIME,2026-04-06
2021-01-18,69,LSMGO,31.88,16.6,398.4,24,249.1825,0.67,Moderate,FMS_MARITIME,2026-04-06
2021-01-19,69,LNG,68.72,9.7,232.8,24,919.2186,0.53,Rough,FMS_MARITIME,2026-04-06
2021-01-20,69,LSMGO,61.94,16.1,386.4,24,499.1748,0.91,Moderate,FMS_MARITIME,2026-04-06
2021-01-21,69,LNG,27.93,17.7,424.8,24,204.7411,1.0,Rough,FMS_MARITIME,2026-04-06
2021-01-22,69,LNG,35.47,12.8,307.2,24,359.5494,0.68,Calm,FMS_MARITIME,2026-04-06
2021-01-23,69,HFO,54.24,12.7,304.8,24,554.1449,0.78,Moderate,FMS_MARITIME,2026-04-06
2021-01-24,69,HFO,38.4,10.4,249.6,24,479.0769,0.49,Rough,FMS_MARITIME,2026-04-06
2021-01-25,69,HFO,53.84,15.3,367.2,24,456.5843,0.73,Calm,FMS_MARITIME,2026-04-06
2021-01-26,69,LSMGO,43.43,15.5,372.0,24,363.5511,0.98,Calm,FMS_MARITIME,2026-04-06
2021-01-27,69,LNG,61.61,14.1,338.4,24,566.9431,0.84,Calm,FMS_MARITIME,2026-04-06
2021-01-28,69,VLSFO,40.24,13.4,321.6,24,389.6373,0.73,Calm,FMS_MARITIME,2026-04-06
2021-01-28,69,MGO,60.26,16.3,391.2,24,479.677,0.68,Moderate,FMS_MARITIME,2026-04-06
2021-01-28,69,LSMGO,68.06,11.1,266.4,24,795.5662,0.48,Calm,FMS_MARITIME,2026-04-06
2021-01-01,70,HFO,15.08,15.7,376.8,24,124.6261,0.51,Rough,FMS_MARITIME,2026-04-06
2021-01-02,70,LSMGO,73.24,12.7,304.8,24,748.2591,0.91,Calm,FMS_MARITIME,2026-04-06
2021-01-03,70,LNG,71.75,12.5,300.0,24,744.765,0.71,Calm,FMS_MARITIME,2026-04-06
2021-01-04,70,LNG,50.85,13.3,319.2,24,496.0742,0.95,Rough,FMS_MARITIME,2026-04-06
2021-01-05,70,LSMGO,67.6,15.6,374.4,24,562.25,0.53,Calm,FMS_MARITIME,2026-04-06
2021-01-06,70,HFO,73.85,13.0,312.0,24,737.0798,0.74,Rough,FMS_MARITIME,2026-04-06
2021-01-07,70,LSMGO,50.32,10.3,247.2,24,633.8854,0.49,Rough,FMS_MARITIME,2026-04-06
2021-01-08,70,MGO,49.42,14.9,357.6,24,430.352,0.72,Moderate,FMS_MARITIME,2026-04-06
2021-01-09,70,LNG,27.32,17.3,415.2,24,204.9,0.61,Moderate,FMS_MARITIME,2026-04-06
2021-01-10,70,MGO,62.12,16.0,384.0,24,503.7544,0.89,Moderate,FMS_MARITIME,2026-04-06
2021-01-11,70,LNG,24.33,11.2,268.8,24,281.8587,0.64,Rough,FMS_MARITIME,2026-04-06
2021-01-12,70,LSMGO,69.14,10.8,259.2,24,830.6403,0.5,Calm,FMS_MARITIME,2026-04-06
2021-01-13,70,LNG,56.02,12.5,300.0,24,581.4876,0.69,Moderate,FMS_MARITIME,2026-04-06
2021-01-14,70,HFO,79.36,8.0,192.0,24,1287.12,0.52,Moderate,FMS_MARITIME,2026-04-06
2021-01-15,70,HFO,67.84,15.6,374.4,24,564.2462,0.51,Calm,FMS_MARITIME,2026-04-06
2021-01-16,70,VLSFO,84.42,12.0,288.0,24,912.7912,0.44,Calm,FMS_MARITIME,2026-04-06
2021-01-17,70,MGO,42.23,16.5,396.0,24,332.0814,0.61,Moderate,FMS_MARITIME,2026-04-06
2021-01-18,70,HFO,30.59,17.5,420.0,24,226.803,0.77,Rough,FMS_MARITIME,2026-04-06
2021-01-19,70,LNG,84.94,15.6,374.4,24,706.4721,0.85,Moderate,FMS_MARITIME,2026-04-06
2021-01-20,70,LNG,17.75,15.8,379.2,24,145.7634,0.54,Calm,FMS_MARITIME,2026-04-06
2021-01-21,70,VLSFO,39.0,12.3,295.2,24,411.4024,0.56,Moderate,FMS_MARITIME,2026-04-06
2021-01-22,70,VLSFO,40.77,15.4,369.6,24,343.5005,0.61,Rough,FMS_MARITIME,2026-04-06
2021-01-23,70,LSMGO,68.2,10.0,240.0,24,884.895,0.76,Calm,FMS_MARITIME,2026-04-06
2021-01-24,70,VLSFO,70.9,8.6,206.4,24,1069.6831,0.64,Moderate,FMS_MARITIME,2026-04-06
2021-01-25,70,VLSFO,29.62,14.0,336.0,24,274.5139,0.7,Calm,FMS_MARITIME,2026-04-06
2021-01-26,70,VLSFO,33.05,10.2,244.8,24,420.4154,0.72,Moderate,FMS_MARITIME,2026-04-06
2021-01-27,70,LSMGO,26.15,15.0,360.0,24,226.1975,0.54,Calm,FMS_MARITIME,2026-04-06
2021-01-28,70,VLSFO,73.3,17.0,408.0,24,559.4515,0.7,Calm,FMS_MARITIME,2026-04-06
2021-01-28,70,VLSFO,67.56,9.9,237.6,24,885.4455,0.46,Calm,FMS_MARITIME,2026-04-06
2021-01-28,70,HFO,65.22,16.1,386.4,24,525.6084,0.4,Rough,FMS_MARITIME,2026-04-06
2021-01-01,71,VLSFO,24.98,13.8,331.2,24,234.8663,0.55,Calm,FMS_MARITIME,2026-04-06
2021-01-02,71,MGO,46.2,10.0,240.0,24,599.445,0.52,Calm,FMS_MARITIME,2026-04-06
2021-01-03,71,HFO,28.77,16.9,405.6,24,220.8821,0.78,Rough,FMS_MARITIME,2026-04-06
2021-01-04,71,LSMGO,51.02,16.9,405.6,24,391.7068,0.57,Moderate,FMS_MARITIME,2026-04-06
2021-01-05,71,VLSFO,82.78,14.3,343.2,24,751.0983,0.62,Moderate,FMS_MARITIME,2026-04-06
2021-01-06,71,HFO,58.82,16.9,405.6,24,451.5914,0.56,Calm,FMS_MARITIME,2026-04-06
2021-01-07,71,MGO,56.47,12.4,297.6,24,590.8857,0.85,Rough,FMS_MARITIME,2026-04-06
2021-01-08,71,LNG,48.43,14.8,355.2,24,424.5806,0.74,Moderate,FMS_MARITIME,2026-04-06
2021-01-09,71,LNG,77.56,13.4,321.6,24,751.0007,0.58,Rough,FMS_MARITIME,2026-04-06
2021-01-10,71,VLSFO,36.17,11.6,278.4,24,404.5739,0.46,Moderate,FMS_MARITIME,2026-04-06
2021-01-11,71,VLSFO,52.76,14.7,352.8,24,465.6878,0.68,Rough,FMS_MARITIME,2026-04-06
2021-01-12,71,MGO,35.26,9.6,230.4,24,476.5609,0.52,Calm,FMS_MARITIME,2026-04-06
2021-01-13,71,LSMGO,46.52,14.3,343.2,24,422.0958,0.66,Rough,FMS_MARITIME,2026-04-06
2021-01-14,71,VLSFO,29.29,11.6,278.4,24,327.6187,0.72,Rough,FMS_MARITIME,2026-04-06
2021-01-15,71,HFO,71.2,10.1,242.4,24,914.6733,0.53,Moderate,FMS_MARITIME,2026-04-06
2021-01-16,71,LSMGO,57.5,14.1,338.4,24,529.1223,0.92,Rough,FMS_MARITIME,2026-04-06
2021-01-17,71,HFO,63.54,10.1,242.4,24,816.2688,0.54,Calm,FMS_MARITIME,2026-04-06
2021-01-18,71,LSMGO,41.19,13.9,333.6,24,384.4894,0.89,Moderate,FMS_MARITIME,2026-04-06
2021-01-19,71,HFO,70.85,17.6,422.4,24,522.3175,0.81,Rough,FMS_MARITIME,2026-04-06
2021-01-20,71,LNG,38.21,8.3,199.2,24,597.319,0.66,Rough,FMS_MARITIME,2026-04-06
2021-01-21,71,HFO,43.34,14.5,348.0,24,387.8183,0.64,Moderate,FMS_MARITIME,2026-04-06
2021-01-22,71,LNG,35.84,10.2,244.8,24,455.9059,0.68,Moderate,FMS_MARITIME,2026-04-06
2021-01-23,71,LSMGO,55.39,16.3,391.2,24,440.9112,0.66,Calm,FMS_MARITIME,2026-04-06
2021-01-24,71,LSMGO,40.09,13.6,326.4,24,382.4763,0.45,Rough,FMS_MARITIME,2026-04-06
2021-01-25,71,VLSFO,51.94,8.0,192.0,24,842.4019,0.59,Moderate,FMS_MARITIME,2026-04-06
2021-01-26,71,MGO,25.69,11.8,283.2,24,282.4811,0.61,Moderate,FMS_MARITIME,2026-04-06
2021-01-27,71,MGO,62.39,10.4,249.6,24,778.3752,0.52,Rough,FMS_MARITIME,2026-04-06
2021-01-28,71,LSMGO,30.95,17.9,429.6,24,224.3443,0.55,Moderate,FMS_MARITIME,2026-04-06
2021-01-28,71,VLSFO,35.23,17.2,412.8,24,265.7612,0.73,Moderate,FMS_MARITIME,2026-04-06
2021-01-28,71,LNG,67.09,11.2,268.8,24,777.2257,0.62,Rough,FMS_MARITIME,2026-04-06
2021-01-01,72,LNG,28.89,14.5,348.0,24,258.5157,0.43,Moderate,FMS_MARITIME,2026-04-06
2021-01-02,72,HFO,18.75,10.2,244.8,24,238.511,0.41,Calm,FMS_MARITIME,2026-04-06
2021-01-03,72,VLSFO,81.14,15.4,369.6,24,683.6308,0.63,Moderate,FMS_MARITIME,2026-04-06
2021-01-04,72,VLSFO,67.0,10.2,244.8,24,852.2794,0.61,Moderate,FMS_MARITIME,2026-04-06
2021-01-05,72,VLSFO,47.28,14.6,350.4,24,420.1767,0.5,Rough,FMS_MARITIME,2026-04-06
2021-01-06,72,LNG,79.27,10.0,240.0,24,1028.5282,0.56,Calm,FMS_MARITIME,2026-04-06
2021-01-07,72,LNG,19.57,14.0,336.0,24,181.372,0.4,Calm,FMS_MARITIME,2026-04-06
2021-01-08,72,HFO,17.34,13.8,331.2,24,163.0337,0.58,Rough,FMS_MARITIME,2026-04-06
2021-01-09,72,HFO,65.4,12.3,295.2,24,689.8902,0.85,Calm,FMS_MARITIME,2026-04-06
2021-01-10,72,LNG,67.21,17.8,427.2,24,489.9156,0.59,Moderate,FMS_MARITIME,2026-04-06
2021-01-11,72,LSMGO,54.03,15.7,376.8,24,446.5218,0.78,Calm,FMS_MARITIME,2026-04-06
2021-01-12,72,LSMGO,50.99,14.6,350.4,24,453.1474,0.62,Moderate,FMS_MARITIME,2026-04-06
2021-01-13,72,HFO,84.42,8.9,213.6,24,1230.7298,0.87,Rough,FMS_MARITIME,2026-04-06
2021-01-14,72,LNG,56.96,14.7,352.8,24,502.7592,0.46,Moderate,FMS_MARITIME,2026-04-06
2021-01-15,72,MGO,80.64,10.9,261.6,24,959.9119,0.78,Rough,FMS_MARITIME,2026-04-06
2021-01-16,72,LNG,34.99,9.1,218.4,24,498.8959,0.89,Rough,FMS_MARITIME,2026-04-06
2021-01-17,72,LSMGO,45.47,10.7,256.8,24,551.3769,0.9,Moderate,FMS_MARITIME,2026-04-06
2021-01-18,72,VLSFO,70.49,17.1,410.4,24,534.8583,0.72,Rough,FMS_MARITIME,2026-04-06
2021-01-19,72,MGO,67.09,16.8,403.2,24,518.1504,0.48,Rough,FMS_MARITIME,2026-04-06
2021-01-20,72,LNG,38.22,8.3,199.2,24,597.4753,0.61,Calm,FMS_MARITIME,2026-04-06
2021-01-21,72,MGO,45.98,13.5,324.0,24,441.9189,0.84,Moderate,FMS_MARITIME,2026-04-06
2021-01-22,72,LSMGO,52.01,8.9,213.6,24,758.2357,0.7,Moderate,FMS_MARITIME,2026-04-06
2021-01-23,72,MGO,72.07,10.7,256.8,24,873.9329,0.43,Moderate,FMS_MARITIME,2026-04-06
2021-01-24,72,LSMGO,58.33,13.1,314.4,24,577.7342,0.42,Calm,FMS_MARITIME,2026-04-06
2021-01-25,72,VLSFO,19.04,15.5,372.0,24,159.3832,0.43,Rough,FMS_MARITIME,2026-04-06
2021-01-26,72,LNG,73.01,14.4,345.6,24,657.8505,0.57,Rough,FMS_MARITIME,2026-04-06
2021-01-27,72,VLSFO,26.58,17.5,420.0,24,197.0717,0.58,Calm,FMS_MARITIME,2026-04-06
2021-01-28,72,LSMGO,51.99,11.6,278.4,24,581.5261,0.6,Calm,FMS_MARITIME,2026-04-06
2021-01-28,72,MGO,22.15,9.9,237.6,24,290.2992,0.63,Calm,FMS_MARITIME,2026-04-06
2021-01-28,72,LSMGO,19.44,13.0,312.0,24,194.0262,0.73,Calm,FMS_MARITIME,2026-04-06
2021-01-01,73,LSMGO,36.72,11.3,271.2,24,421.6301,0.57,Moderate,FMS_MARITIME,2026-04-06
2021-01-02,73,HFO,35.98,8.0,192.0,24,583.5506,0.53,Moderate,FMS_MARITIME,2026-04-06
2021-01-03,73,LNG,34.33,10.6,254.4,24,420.2186,0.84,Rough,FMS_MARITIME,2026-04-06
2021-01-04,73,HFO,66.92,9.2,220.8,24,943.7902,0.66,Calm,FMS_MARITIME,2026-04-06
2021-01-05,73,HFO,71.87,9.8,235.2,24,951.5441,0.99,Calm,FMS_MARITIME,2026-04-06
2021-01-06,73,LNG,72.13,15.3,367.2,24,611.6907,0.82,Moderate,FMS_MARITIME,2026-04-06
2021-01-07,73,LSMGO,43.61,13.5,324.0,24,419.1406,0.83,Rough,FMS_MARITIME,2026-04-06
2021-01-08,73,HFO,54.41,8.7,208.8,24,811.4595,0.43,Moderate,FMS_MARITIME,2026-04-06
2021-01-09,73,VLSFO,51.48,9.2,220.8,24,726.0359,0.53,Moderate,FMS_MARITIME,2026-04-06
2021-01-10,73,LNG,53.07,9.3,223.2,24,740.4121,0.4,Calm,FMS_MARITIME,2026-04-06
2021-01-11,73,HFO,37.1,13.2,316.8,24,364.6761,0.86,Calm,FMS_MARITIME,2026-04-06
2021-01-12,73,LNG,38.71,9.7,232.8,24,517.7961,0.52,Rough,FMS_MARITIME,2026-04-06
2021-01-13,73,HFO,84.41,8.1,194.4,24,1352.1231,0.44,Moderate,FMS_MARITIME,2026-04-06
2021-01-14,73,HFO,74.93,16.1,386.4,24,603.8613,0.98,Calm,FMS_MARITIME,2026-04-06
2021-01-15,73,LNG,54.13,17.1,410.4,24,410.7232,0.85,Rough,FMS_MARITIME,2026-04-06
2021-01-16,73,LSMGO,56.84,16.1,386.4,24,458.0739,0.74,Rough,FMS_MARITIME,2026-04-06
2021-01-17,73,MGO,78.93,9.2,220.8,24,1113.1704,0.42,Moderate,FMS_MARITIME,2026-04-06
2021-01-18,73,LSMGO,55.29,11.4,273.6,24,629.2875,0.53,Rough,FMS_MARITIME,2026-04-06
2021-01-19,73,LSMGO,45.66,12.1,290.4,24,489.6186,0.66,Rough,FMS_MARITIME,2026-04-06
2021-01-20,73,LSMGO,48.81,12.9,309.6,24,490.9378,0.41,Moderate,FMS_MARITIME,2026-04-06
2021-01-21,73,VLSFO,25.33,14.1,338.4,24,233.0899,0.82,Rough,FMS_MARITIME,2026-04-06
2021-01-22,73,MGO,81.8,17.1,410.4,24,620.6754,0.41,Rough,FMS_MARITIME,2026-04-06
2021-01-23,73,VLSFO,44.58,9.0,216.0,24,642.695,0.98,Calm,FMS_MARITIME,2026-04-06
2021-01-24,73,VLSFO,24.83,10.1,242.4,24,318.9795,0.57,Moderate,FMS_MARITIME,2026-04-06
2021-01-25,73,LSMGO,24.43,9.6,230.4,24,330.1867,0.92,Moderate,FMS_MARITIME,2026-04-06
2021-01-26,73,VLSFO,18.65,8.4,201.6,24,288.0759,0.69,Rough,FMS_MARITIME,2026-04-06
2021-01-27,73,LNG,80.02,8.7,208.8,24,1193.4017,0.62,Rough,FMS_MARITIME,2026-04-06
2021-01-28,73,LNG,25.81,11.5,276.0,24,291.2041,0.55,Calm,FMS_MARITIME,2026-04-06
2021-01-28,73,VLSFO,22.44,11.9,285.6,24,244.6714,0.94,Rough,FMS_MARITIME,2026-04-06
2021-01-28,73,VLSFO,17.3,9.3,223.2,24,241.3629,0.95,Moderate,FMS_MARITIME,2026-04-06
2021-01-01,74,HFO,73.11,13.9,333.6,24,682.4477,0.66,Moderate,FMS_MARITIME,2026-04-06
2021-01-02,74,HFO,26.76,14.7,352.8,24,236.198,0.73,Calm,FMS_MARITIME,2026-04-06
2021-01-03,74,HFO,19.44,16.3,391.2,24,154.7448,0.94,Rough,FMS_MARITIME,2026-04-06
2021-01-04,74,VLSFO,75.44,15.3,367.2,24,639.7608,0.92,Rough,FMS_MARITIME,2026-04-06
2021-01-05,74,VLSFO,79.83,16.4,393.6,24,631.5819,0.44,Moderate,FMS_MARITIME,2026-04-06
2021-01-06,74,LSMGO,76.24,11.6,278.4,24,852.7707,0.86,Rough,FMS_MARITIME,2026-04-06
2021-01-07,74,LNG,24.5,15.2,364.8,24,209.1365,0.87,Calm,FMS_MARITIME,2026-04-06
2021-01-08,74,MGO,34.91,9.2,220.8,24,492.3448,0.76,Rough,FMS_MARITIME,2026-04-06
2021-01-09,74,LSMGO,50.34,14.6,350.4,24,447.3709,1.0,Calm,FMS_MARITIME,2026-04-06
2021-01-10,74,LNG,76.7,16.5,396.0,24,603.1409,0.78,Rough,FMS_MARITIME,2026-04-06
2021-01-11,74,HFO,75.21,15.6,374.4,24,625.5447,0.98,Moderate,FMS_MARITIME,2026-04-06
2021-01-12,74,HFO,26.43,8.3,199.2,24,413.1678,0.48,Calm,FMS_MARITIME,2026-04-06
2021-01-13,74,HFO,70.48,16.4,393.6,24,557.6085,0.71,Moderate,FMS_MARITIME,2026-04-06
2021-01-14,74,LSMGO,69.32,15.9,381.6,24,565.6774,0.86,Moderate,FMS_MARITIME,2026-04-06
2021-01-15,74,LNG,70.74,10.6,254.4,24,865.8976,0.9,Rough,FMS_MARITIME,2026-04-06
2021-01-16,74,LNG,63.43,15.0,360.0,24,548.6695,0.94,Moderate,FMS_MARITIME,2026-04-06
2021-01-17,74,VLSFO,69.21,8.4,201.6,24,1069.0473,0.56,Rough,FMS_MARITIME,2026-04-06
2021-01-18,74,MGO,34.63,11.3,271.2,24,397.6321,0.42,Moderate,FMS_MARITIME,2026-04-06
2021-01-19,74,MGO,62.61,8.1,194.4,24,1002.9194,0.9,Rough,FMS_MARITIME,2026-04-06
2021-01-20,74,LNG,72.94,8.3,199.2,24,1140.2367,0.56,Moderate,FMS_MARITIME,2026-04-06
2021-01-21,74,LSMGO,54.03,12.3,295.2,24,569.9506,0.78,Moderate,FMS_MARITIME,2026-04-06
2021-01-22,74,MGO,17.84,13.7,328.8,24,168.9591,0.48,Moderate,FMS_MARITIME,2026-04-06
2021-01-23,74,LSMGO,25.02,8.8,211.2,24,368.9028,0.79,Moderate,FMS_MARITIME,2026-04-06
2021-01-24,74,LNG,46.8,14.2,340.8,24,427.6268,0.94,Calm,FMS_MARITIME,2026-04-06
2021-01-25,74,LSMGO,28.34,11.2,268.8,24,328.3138,0.57,Moderate,FMS_MARITIME,2026-04-06
2021-01-26,74,LSMGO,57.34,15.5,372.0,24,479.9913,0.88,Calm,FMS_MARITIME,2026-04-06
2021-01-27,74,MGO,42.35,8.4,201.6,24,654.1562,0.7,Rough,FMS_MARITIME,2026-04-06
2021-01-28,74,LNG,43.06,17.8,427.2,24,313.8784,0.99,Rough,FMS_MARITIME,2026-04-06
2021-01-28,74,MGO,77.31,15.1,362.4,24,664.3028,0.75,Calm,FMS_MARITIME,2026-04-06
2021-01-28,74,LNG,69.76,9.3,223.2,24,973.2645,0.48,Moderate,FMS_MARITIME,2026-04-06
2021-01-01,75,LNG,20.94,17.6,422.4,24,154.373,0.63,Rough,FMS_MARITIME,2026-04-06
2021-01-02,75,VLSFO,45.48,13.4,321.6,24,440.3754,0.59,Rough,FMS_MARITIME,2026-04-06
2021-01-03,75,LNG,71.55,9.3,223.2,24,998.2379,0.93,Rough,FMS_MARITIME,2026-04-06
2021-01-04,75,LNG,84.85,17.2,412.8,24,640.0749,0.69,Calm,FMS_MARITIME,2026-04-06
2021-01-05,75,VLSFO,40.87,9.2,220.8,24,576.4003,0.9,Rough,FMS_MARITIME,2026-04-06
2021-01-06,75,HFO,62.87,12.9,309.6,24,632.3552,0.49,Moderate,FMS_MARITIME,2026-04-06
2021-01-07,75,VLSFO,49.81,16.2,388.8,24,398.9412,0.52,Rough,FMS_MARITIME,2026-04-06
2021-01-08,75,MGO,37.56,17.4,417.6,24,280.081,0.51,Calm,FMS_MARITIME,2026-04-06
2021-01-09,75,LNG,38.91,11.4,273.6,24,442.8572,0.9,Calm,FMS_MARITIME,2026-04-06
2021-01-10,75,LSMGO,67.16,13.2,316.8,24,660.1523,0.9,Moderate,FMS_MARITIME,2026-04-06
2021-01-11,75,LNG,76.5,14.0,336.0,24,708.9911,0.51,Moderate,FMS_MARITIME,2026-04-06
2021-01-12,75,VLSFO,18.96,17.6,422.4,24,139.7761,0.4,Moderate,FMS_MARITIME,2026-04-06
2021-01-13,75,MGO,77.8,17.1,410.4,24,590.3246,0.52,Calm,FMS_MARITIME,2026-04-06
2021-01-14,75,MGO,23.33,9.9,237.6,24,305.7644,0.62,Moderate,FMS_MARITIME,2026-04-06
2021-01-15,75,LSMGO,57.88,8.2,196.8,24,915.8451,0.54,Rough,FMS_MARITIME,2026-04-06
2021-01-16,75,HFO,25.46,9.5,228.0,24,347.73,0.4,Calm,FMS_MARITIME,2026-04-06
2021-01-17,75,LSMGO,79.49,16.8,403.2,24,613.9183,0.56,Moderate,FMS_MARITIME,2026-04-06
2021-01-18,75,HFO,30.84,16.9,405.6,24,236.7746,0.88,Moderate,FMS_MARITIME,2026-04-06
2021-01-19,75,HFO,59.85,17.1,410.4,24,454.125,0.57,Calm,FMS_MARITIME,2026-04-06
2021-01-20,75,LNG,52.68,16.1,386.4,24,424.5484,0.71,Moderate,FMS_MARITIME,2026-04-06
2021-01-21,75,VLSFO,71.03,14.9,357.6,24,618.5331,0.81,Rough,FMS_MARITIME,2026-04-06
2021-01-22,75,LSMGO,73.41,12.7,304.8,24,749.9959,0.86,Calm,FMS_MARITIME,2026-04-06
2021-01-23,75,VLSFO,36.26,14.9,357.6,24,315.754,0.46,Calm,FMS_MARITIME,2026-04-06
2021-01-24,75,VLSFO,52.16,12.3,295.2,24,550.2244,0.46,Moderate,FMS_MARITIME,2026-04-06
2021-01-25,75,LSMGO,54.61,14.2,340.8,24,498.9893,0.45,Calm,FMS_MARITIME,2026-04-06
2021-01-26,75,LSMGO,82.21,14.5,348.0,24,735.6378,0.63,Moderate,FMS_MARITIME,2026-04-06
2021-01-27,75,LNG,43.59,9.6,230.4,24,589.1461,0.71,Rough,FMS_MARITIME,2026-04-06
2021-01-28,75,VLSFO,45.47,15.5,372.0,24,380.6279,0.81,Moderate,FMS_MARITIME,2026-04-06
2021-01-28,75,MGO,46.62,13.0,312.0,24,465.3035,0.87,Moderate,FMS_MARITIME,2026-04-06
2021-01-28,75,MGO,44.19,16.7,400.8,24,343.3325,0.7,Rough,FMS_MARITIME,2026-04-06
2021-01-01,76,LNG,67.43,9.4,225.6,24,930.7492,0.89,Calm,FMS_MARITIME,2026-04-06
2021-01-02,76,VLSFO,35.68,11.1,266.4,24,417.0703,0.48,Moderate,FMS_MARITIME,2026-04-06
2021-01-03,76,LNG,23.17,10.0,240.0,24,300.6308,0.98,Rough,FMS_MARITIME,2026-04-06
2021-01-04,76,HFO,28.06,13.6,326.4,24,267.7048,0.6,Calm,FMS_MARITIME,2026-04-06
2021-01-05,76,LSMGO,40.59,10.5,252.0,24,501.5764,0.84,Calm,FMS_MARITIME,2026-04-06
2021-01-06,76,HFO,48.02,13.1,314.4,24,475.6179,0.99,Moderate,FMS_MARITIME,2026-04-06
2021-01-07,76,LNG,45.46,12.0,288.0,24,491.5362,0.83,Rough,FMS_MARITIME,2026-04-06
2021-01-08,76,LNG,53.22,9.3,223.2,24,742.5048,0.58,Rough,FMS_MARITIME,2026-04-06
2021-01-09,76,HFO,50.04,15.0,360.0,24,432.846,0.83,Calm,FMS_MARITIME,2026-04-06
2021-01-10,76,VLSFO,48.08,8.6,206.4,24,725.393,0.44,Calm,FMS_MARITIME,2026-04-06
2021-01-11,76,MGO,42.3,15.2,364.8,24,361.0806,0.76,Calm,FMS_MARITIME,2026-04-06
2021-01-12,76,VLSFO,67.5,11.7,280.8,24,748.5577,0.64,Calm,FMS_MARITIME,2026-04-06
2021-01-13,76,MGO,17.41,14.6,350.4,24,154.7224,0.83,Calm,FMS_MARITIME,2026-04-06
2021-01-14,76,VLSFO,81.83,10.6,254.4,24,1001.6455,0.4,Calm,FMS_MARITIME,2026-04-06
2021-01-15,76,MGO,42.14,8.2,196.8,24,666.7884,0.95,Moderate,FMS_MARITIME,2026-04-06
2021-01-16,76,LSMGO,70.19,9.4,225.6,24,968.846,0.63,Moderate,FMS_MARITIME,2026-04-06
2021-01-17,76,MGO,47.3,11.5,276.0,24,533.6674,0.96,Calm,FMS_MARITIME,2026-04-06
2021-01-18,76,LNG,70.7,8.7,208.8,24,1054.4052,0.46,Calm,FMS_MARITIME,2026-04-06
2021-01-19,76,VLSFO,40.37,14.8,355.2,24,353.9194,0.89,Moderate,FMS_MARITIME,2026-04-06
2021-01-20,76,VLSFO,80.3,15.9,381.6,24,655.2783,0.77,Rough,FMS_MARITIME,2026-04-06
2021-01-21,76,HFO,21.46,12.7,304.8,24,219.2469,0.85,Rough,FMS_MARITIME,2026-04-06
2021-01-22,76,LSMGO,35.61,11.0,264.0,24,420.0361,0.76,Moderate,FMS_MARITIME,2026-04-06
2021-01-23,76,MGO,52.99,15.4,369.6,24,446.458,0.89,Rough,FMS_MARITIME,2026-04-06
2021-01-24,76,LSMGO,19.82,12.1,290.4,24,212.5326,0.71,Calm,FMS_MARITIME,2026-04-06
2021-01-25,76,LNG,48.33,16.4,393.6,24,382.3669,0.43,Rough,FMS_MARITIME,2026-04-06
2021-01-26,76,VLSFO,71.63,18.0,432.0,24,516.3329,0.47,Rough,FMS_MARITIME,2026-04-06
2021-01-27,76,MGO,49.94,13.9,333.6,24,466.1665,0.53,Moderate,FMS_MARITIME,2026-04-06
2021-01-28,76,VLSFO,30.37,17.8,427.2,24,221.3768,0.69,Moderate,FMS_MARITIME,2026-04-06
2021-01-28,76,VLSFO,18.15,13.8,331.2,24,170.6495,0.53,Calm,FMS_MARITIME,2026-04-06
2021-01-28,76,LSMGO,31.04,9.7,232.8,24,415.2,0.59,Rough,FMS_MARITIME,2026-04-06
2021-01-01,77,HFO,76.59,8.4,201.6,24,1183.042,0.57,Calm,FMS_MARITIME,2026-04-06
2021-01-02,77,LSMGO,83.64,14.9,357.6,24,728.3416,0.53,Moderate,FMS_MARITIME,2026-04-06
2021-01-03,77,LNG,36.68,13.6,326.4,24,349.9434,0.83,Moderate,FMS_MARITIME,2026-04-06
2021-01-04,77,VLSFO,47.13,10.6,254.4,24,576.8979,0.64,Moderate,FMS_MARITIME,2026-04-06
2021-01-05,77,MGO,83.74,16.6,398.4,24,654.534,0.64,Calm,FMS_MARITIME,2026-04-06
2021-01-06,77,VLSFO,46.45,14.7,352.8,24,409.9923,0.5,Rough,FMS_MARITIME,2026-04-06
2021-01-07,77,VLSFO,23.41,16.5,396.0,24,184.0877,0.87,Rough,FMS_MARITIME,2026-04-06
2021-01-08,77,VLSFO,23.46,13.4,321.6,24,227.1593,0.92,Rough,FMS_MARITIME,2026-04-06
2021-01-09,77,VLSFO,82.09,12.2,292.8,24,873.0473,0.69,Moderate,FMS_MARITIME,2026-04-06
2021-01-10,77,MGO,24.36,15.6,374.4,24,202.6096,0.82,Calm,FMS_MARITIME,2026-04-06
2021-01-11,77,HFO,28.83,14.0,336.0,24,267.1923,0.94,Rough,FMS_MARITIME,2026-04-06
2021-01-12,77,LNG,60.07,15.8,379.2,24,493.2964,0.74,Rough,FMS_MARITIME,2026-04-06
2021-01-13,77,LNG,78.01,15.6,374.4,24,648.8332,0.8,Moderate,FMS_MARITIME,2026-04-06
2021-01-14,77,MGO,34.12,8.3,199.2,24,533.3819,0.99,Calm,FMS_MARITIME,2026-04-06
2021-01-15,77,MGO,32.67,9.8,235.2,24,432.5441,0.52,Moderate,FMS_MARITIME,2026-04-06
2021-01-16,77,LSMGO,65.89,13.2,316.8,24,647.6687,0.93,Rough,FMS_MARITIME,2026-04-06
2021-01-17,77,MGO,82.66,8.9,213.6,24,1205.0713,0.99,Moderate,FMS_MARITIME,2026-04-06
2021-01-18,77,MGO,25.78,11.5,276.0,24,290.8657,0.51,Calm,FMS_MARITIME,2026-04-06
2021-01-19,77,LNG,67.46,16.7,400.8,24,524.1278,0.73,Calm,FMS_MARITIME,2026-04-06
2021-01-20,77,MGO,64.53,12.7,304.8,24,659.273,0.74,Rough,FMS_MARITIME,2026-04-06
2021-01-21,77,MGO,70.25,17.4,417.6,24,523.847,0.78,Rough,FMS_MARITIME,2026-04-06
2021-01-22,77,MGO,63.25,8.9,213.6,24,922.0997,0.75,Moderate,FMS_MARITIME,2026-04-06
2021-01-23,77,MGO,72.42,15.4,369.6,24,610.162,0.74,Moderate,FMS_MARITIME,2026-04-06
2021-01-24,77,LNG,58.59,9.7,232.8,24,783.7168,0.74,Calm,FMS_MARITIME,2026-04-06
2021-01-25,77,LNG,29.6,17.2,412.8,24,223.2907,0.52,Rough,FMS_MARITIME,2026-04-06
2021-01-26,77,VLSFO,55.33,11.9,285.6,24,603.283,0.69,Moderate,FMS_MARITIME,2026-04-06
2021-01-27,77,LNG,49.47,12.3,295.2,24,521.8482,0.62,Calm,FMS_MARITIME,2026-04-06
2021-01-28,77,HFO,54.13,11.6,278.4,24,605.4627,0.53,Moderate,FMS_MARITIME,2026-04-06
2021-01-28,77,LSMGO,32.98,8.9,213.6,24,480.8039,0.44,Moderate,FMS_MARITIME,2026-04-06
2021-01-28,77,LSMGO,71.98,10.2,244.8,24,915.6279,0.41,Rough,FMS_MARITIME,2026-04-06
2021-01-01,78,VLSFO,70.96,14.5,348.0,24,634.9697,0.66,Moderate,FMS_MARITIME,2026-04-06
2021-01-02,78,LSMGO,28.44,16.5,396.0,24,223.6418,0.76,Rough,FMS_MARITIME,2026-04-06
2021-01-03,78,HFO,74.47,16.1,386.4,24,600.1542,0.62,Calm,FMS_MARITIME,2026-04-06
2021-01-04,78,VLSFO,20.25,8.3,199.2,24,316.5587,0.77,Moderate,FMS_MARITIME,2026-04-06
2021-01-05,78,MGO,82.69,11.1,266.4,24,966.5791,0.57,Rough,FMS_MARITIME,2026-04-06
2021-01-06,78,LNG,83.03,10.0,240.0,24,1077.3142,0.77,Calm,FMS_MARITIME,2026-04-06
2021-01-07,78,HFO,55.95,10.6,254.4,24,684.8597,0.45,Rough,FMS_MARITIME,2026-04-06
2021-01-08,78,LNG,42.56,13.2,316.8,24,418.3455,0.87,Moderate,FMS_MARITIME,2026-04-06
2021-01-09,78,HFO,64.28,16.3,391.2,24,511.6767,0.59,Rough,FMS_MARITIME,2026-04-06
2021-01-10,78,LSMGO,61.11,17.8,427.2,24,445.4507,0.97,Moderate,FMS_MARITIME,2026-04-06
2021-01-11,78,LSMGO,48.68,17.8,427.2,24,354.8444,0.8,Calm,FMS_MARITIME,2026-04-06
2021-01-12,78,LSMGO,57.92,11.8,283.2,24,636.8746,0.63,Rough,FMS_MARITIME,2026-04-06
2021-01-13,78,HFO,46.65,10.3,247.2,24,587.6541,0.75,Moderate,FMS_MARITIME,2026-04-06
2021-01-14,78,VLSFO,71.07,9.2,220.8,24,1002.3187,0.67,Moderate,FMS_MARITIME,2026-04-06
2021-01-15,78,HFO,62.22,11.1,266.4,24,727.3014,0.62,Moderate,FMS_MARITIME,2026-04-06
2021-01-16,78,VLSFO,45.72,13.7,328.8,24,433.0051,0.94,Moderate,FMS_MARITIME,2026-04-06
2021-01-17,78,MGO,47.83,14.2,340.8,24,437.0382,0.62,Rough,FMS_MARITIME,2026-04-06
2021-01-18,78,LNG,28.68,12.4,297.6,24,300.0992,0.68,Calm,FMS_MARITIME,2026-04-06
2021-01-19,78,LSMGO,38.49,9.2,220.8,24,542.8345,0.46,Moderate,FMS_MARITIME,2026-04-06
2021-01-20,78,VLSFO,29.39,14.8,355.2,24,257.659,0.84,Moderate,FMS_MARITIME,2026-04-06
2021-01-21,78,LNG,82.65,8.0,192.0,24,1340.4797,0.7,Moderate,FMS_MARITIME,2026-04-06
2021-01-22,78,LSMGO,63.15,13.1,314.4,24,625.4742,0.65,Calm,FMS_MARITIME,2026-04-06
2021-01-23,78,MGO,67.93,8.3,199.2,24,1061.9178,0.8,Moderate,FMS_MARITIME,2026-04-06
2021-01-24,78,LNG,39.27,10.0,240.0,24,509.5283,0.99,Moderate,FMS_MARITIME,2026-04-06
2021-01-25,78,LSMGO,72.25,16.6,398.4,24,564.7252,0.58,Calm,FMS_MARITIME,2026-04-06
2021-01-26,78,LNG,79.11,17.5,420.0,24,586.5441,0.56,Moderate,FMS_MARITIME,2026-04-06
2021-01-27,78,VLSFO,41.79,8.5,204.0,24,637.9121,0.69,Moderate,FMS_MARITIME,2026-04-06
2021-01-28,78,MGO,76.95,14.6,350.4,24,683.8536,0.76,Moderate,FMS_MARITIME,2026-04-06
2021-01-28,78,LNG,51.28,15.4,369.6,24,432.0506,0.63,Moderate,FMS_MARITIME,2026-04-06
2021-01-28,78,LNG,59.31,16.2,388.8,24,475.0292,0.85,Moderate,FMS_MARITIME,2026-04-06
2021-01-01,79,VLSFO,58.98,11.5,276.0,24,665.4483,0.57,Moderate,FMS_MARITIME,2026-04-06
2021-01-02,79,HFO,75.45,17.1,410.4,24,572.4934,0.83,Calm,FMS_MARITIME,2026-04-06
2021-01-03,79,VLSFO,69.23,10.5,252.0,24,855.485,0.67,Calm,FMS_MARITIME,2026-04-06
2021-01-04,79,MGO,15.39,14.0,336.0,24,142.6323,0.81,Rough,FMS_MARITIME,2026-04-06
2021-01-05,79,VLSFO,42.89,13.2,316.8,24,421.5892,0.79,Moderate,FMS_MARITIME,2026-04-06
2021-01-06,79,LNG,16.89,11.3,271.2,24,193.9361,0.88,Moderate,FMS_MARITIME,2026-04-06
2021-01-07,79,HFO,75.68,10.8,259.2,24,909.2111,0.86,Moderate,FMS_MARITIME,2026-04-06
2021-01-08,79,LSMGO,41.22,13.2,316.8,24,405.1739,0.53,Rough,FMS_MARITIME,2026-04-06
2021-01-09,79,LSMGO,79.74,13.3,319.2,24,777.9147,0.51,Rough,FMS_MARITIME,2026-04-06
2021-01-10,79,LSMGO,32.34,14.1,338.4,24,297.5968,0.63,Rough,FMS_MARITIME,2026-04-06
2021-01-11,79,MGO,63.76,13.2,316.8,24,626.7318,0.89,Calm,FMS_MARITIME,2026-04-06
2021-01-12,79,HFO,47.1,12.7,304.8,24,481.1988,0.98,Moderate,FMS_MARITIME,2026-04-06
2021-01-13,79,LNG,15.09,8.9,213.6,24,219.9919,0.53,Rough,FMS_MARITIME,2026-04-06
2021-01-14,79,HFO,17.05,10.6,254.4,24,208.7017,0.43,Rough,FMS_MARITIME,2026-04-06
2021-01-15,79,LSMGO,43.53,16.8,403.2,24,336.1915,0.54,Rough,FMS_MARITIME,2026-04-06
2021-01-16,79,VLSFO,55.7,12.5,300.0,24,578.166,0.52,Moderate,FMS_MARITIME,2026-04-06
2021-01-17,79,LNG,47.71,17.2,412.8,24,359.9054,0.56,Moderate,FMS_MARITIME,2026-04-06
2021-01-18,79,VLSFO,67.19,16.6,398.4,24,525.1748,0.53,Calm,FMS_MARITIME,2026-04-06
2021-01-19,79,LSMGO,28.76,17.0,408.0,24,219.5065,0.77,Moderate,FMS_MARITIME,2026-04-06
2021-01-20,79,HFO,56.62,9.1,218.4,24,807.3016,0.83,Rough,FMS_MARITIME,2026-04-06
2021-01-21,79,HFO,72.1,10.8,259.2,24,866.2014,0.93,Calm,FMS_MARITIME,2026-04-06
2021-01-22,79,HFO,49.25,9.8,235.2,24,652.0599,0.69,Rough,FMS_MARITIME,2026-04-06
2021-01-23,79,MGO,76.17,9.1,218.4,24,1086.0503,0.47,Moderate,FMS_MARITIME,2026-04-06
2021-01-24,79,LNG,33.37,17.8,427.2,24,243.2448,0.69,Rough,FMS_MARITIME,2026-04-06
2021-01-25,79,VLSFO,51.29,12.7,304.8,24,524.0061,0.92,Calm,FMS_MARITIME,2026-04-06
2021-01-26,79,VLSFO,33.45,12.3,295.2,24,352.8567,0.93,Moderate,FMS_MARITIME,2026-04-06
2021-01-27,79,LNG,40.98,16.6,398.4,24,320.3105,0.72,Calm,FMS_MARITIME,2026-04-06
2021-01-28,79,MGO,16.6,16.6,398.4,24,129.75,0.8,Rough,FMS_MARITIME,2026-04-06
2021-01-28,79,VLSFO,43.69,14.9,357.6,24,380.4549,0.86,Calm,FMS_MARITIME,2026-04-06
2021-01-28,79,LNG,75.25,15.3,367.2,24,638.1495,0.6,Moderate,FMS_MARITIME,2026-04-06
2021-01-01,80,LSMGO,20.96,8.6,206.4,24,316.2279,0.81,Calm,FMS_MARITIME,2026-04-06
2021-01-02,80,VLSFO,56.98,17.4,417.6,24,424.894,0.93,Moderate,FMS_MARITIME,2026-04-06
2021-01-03,80,LSMGO,75.39,17.2,412.8,24,568.7124,0.47,Calm,FMS_MARITIME,2026-04-06
2021-01-04,80,LSMGO,32.75,12.9,309.6,24,329.4041,0.79,Rough,FMS_MARITIME,2026-04-06
2021-01-05,80,HFO,82.2,17.7,424.8,24,602.5678,0.82,Calm,FMS_MARITIME,2026-04-06
2021-01-06,80,LNG,32.39,17.1,410.4,24,245.7662,0.96,Moderate,FMS_MARITIME,2026-04-06
2021-01-07,80,LSMGO,79.17,8.1,194.4,24,1268.1861,0.87,Calm,FMS_MARITIME,2026-04-06
2021-01-08,80,HFO,19.63,12.9,309.6,24,197.4413,0.78,Moderate,FMS_MARITIME,2026-04-06
2021-01-09,80,HFO,40.44,16.5,396.0,24,318.0055,0.89,Moderate,FMS_MARITIME,2026-04-06
2021-01-10,80,LNG,17.51,8.4,201.6,24,270.467,0.72,Rough,FMS_MARITIME,2026-04-06
2021-01-11,80,LSMGO,36.1,14.8,355.2,24,316.4848,0.84,Rough,FMS_MARITIME,2026-04-06
2021-01-12,80,VLSFO,71.39,17.7,424.8,24,523.325,0.55,Moderate,FMS_MARITIME,2026-04-06
2021-01-13,80,MGO,45.3,12.6,302.4,24,466.4821,0.8,Rough,FMS_MARITIME,2026-04-06
2021-01-14,80,MGO,75.76,14.8,355.2,24,664.1797,0.77,Moderate,FMS_MARITIME,2026-04-06
2021-01-15,80,HFO,19.04,9.8,235.2,24,252.0857,0.51,Moderate,FMS_MARITIME,2026-04-06
2021-01-16,80,VLSFO,72.34,13.5,324.0,24,695.2678,0.88,Moderate,FMS_MARITIME,2026-04-06
2021-01-17,80,HFO,32.94,16.0,384.0,24,267.1228,0.66,Rough,FMS_MARITIME,2026-04-06
2021-01-18,80,LSMGO,67.23,13.2,316.8,24,660.8403,0.9,Moderate,FMS_MARITIME,2026-04-06
2021-01-19,80,LSMGO,77.21,17.9,429.6,24,559.6647,0.74,Rough,FMS_MARITIME,2026-04-06
2021-01-20,80,LSMGO,84.76,17.0,408.0,24,646.9182,0.53,Calm,FMS_MARITIME,2026-04-06
2021-01-21,80,HFO,83.02,18.0,432.0,24,598.4358,0.68,Moderate,FMS_MARITIME,2026-04-06
2021-01-22,80,MGO,74.13,12.4,297.6,24,775.6748,0.49,Rough,FMS_MARITIME,2026-04-06
2021-01-23,80,MGO,18.79,14.2,340.8,24,171.6903,0.5,Rough,FMS_MARITIME,2026-04-06
2021-01-24,80,LSMGO,24.12,8.4,201.6,24,372.5679,0.8,Moderate,FMS_MARITIME,2026-04-06
2021-01-25,80,LSMGO,30.33,11.8,283.2,24,333.5015,0.89,Calm,FMS_MARITIME,2026-04-06
2021-01-26,80,LNG,40.08,17.1,410.4,24,304.1158,0.61,Calm,FMS_MARITIME,2026-04-06
2021-01-27,80,LSMGO,17.05,17.8,427.2,24,124.283,0.79,Calm,FMS_MARITIME,2026-04-06
2021-01-28,80,HFO,34.26,16.0,384.0,24,277.8272,0.88,Rough,FMS_MARITIME,2026-04-06
2021-01-28,80,HFO,79.71,12.6,302.4,24,820.8232,0.47,Rough,FMS_MARITIME,2026-04-06
2021-01-28,80,LSMGO,30.05,14.1,338.4,24,276.5239,0.99,Moderate,FMS_MARITIME,2026-04-06
2021-01-01,81,VLSFO,35.45,8.0,192.0,24,574.9547,0.45,Rough,FMS_MARITIME,2026-04-06
2021-01-02,81,LNG,17.73,9.4,225.6,24,244.7306,0.96,Calm,FMS_MARITIME,2026-04-06
2021-01-03,81,LSMGO,18.88,16.1,386.4,24,152.154,0.92,Rough,FMS_MARITIME,2026-04-06
2021-01-04,81,HFO,31.63,8.3,199.2,24,494.4569,0.95,Moderate,FMS_MARITIME,2026-04-06
2021-01-05,81,LNG,35.15,11.0,264.0,24,414.6102,0.53,Rough,FMS_MARITIME,2026-04-06
2021-01-06,81,LNG,67.95,11.6,278.4,24,760.0442,0.76,Calm,FMS_MARITIME,2026-04-06
2021-01-07,81,VLSFO,51.78,13.9,333.6,24,483.3421,0.56,Rough,FMS_MARITIME,2026-04-06
2021-01-08,81,VLSFO,62.59,11.3,271.2,24,718.6772,0.72,Calm,FMS_MARITIME,2026-04-06
2021-01-09,81,VLSFO,20.93,11.7,280.8,24,232.1083,0.69,Rough,FMS_MARITIME,2026-04-06
2021-01-10,81,VLSFO,51.07,9.9,237.6,24,669.3265,0.66,Moderate,FMS_MARITIME,2026-04-06
2021-01-11,81,HFO,56.08,16.5,396.0,24,440.9927,0.7,Calm,FMS_MARITIME,2026-04-06
2021-01-12,81,LNG,40.56,16.7,400.8,24,315.1293,0.81,Rough,FMS_MARITIME,2026-04-06
2021-01-13,81,HFO,61.3,15.8,379.2,24,503.3972,0.6,Moderate,FMS_MARITIME,2026-04-06
2021-01-14,81,LSMGO,32.06,13.9,333.6,24,299.2651,0.47,Moderate,FMS_MARITIME,2026-04-06
2021-01-15,81,LSMGO,74.67,15.3,367.2,24,633.2309,0.6,Moderate,FMS_MARITIME,2026-04-06
2021-01-16,81,LNG,50.13,10.6,254.4,24,613.6196,0.46,Moderate,FMS_MARITIME,2026-04-06
2021-01-17,81,MGO,64.6,8.1,194.4,24,1034.7963,0.71,Moderate,FMS_MARITIME,2026-04-06
2021-01-18,81,MGO,23.06,13.9,333.6,24,215.2543,0.84,Rough,FMS_MARITIME,2026-04-06
2021-01-19,81,MGO,60.81,13.7,328.8,24,575.9195,0.64,Moderate,FMS_MARITIME,2026-04-06
2021-01-20,81,HFO,79.22,8.4,201.6,24,1223.6661,0.67,Moderate,FMS_MARITIME,2026-04-06
2021-01-21,81,MGO,40.28,14.0,336.0,24,373.3093,0.76,Calm,FMS_MARITIME,2026-04-06
2021-01-22,81,LSMGO,38.28,11.7,280.8,24,424.5154,0.45,Calm,FMS_MARITIME,2026-04-06
2021-01-23,81,VLSFO,64.83,13.1,314.4,24,642.1139,0.67,Moderate,FMS_MARITIME,2026-04-06
2021-01-24,81,LNG,68.73,11.0,264.0,24,810.7016,0.78,Moderate,FMS_MARITIME,2026-04-06
2021-01-25,81,VLSFO,55.21,10.7,256.8,24,669.4857,0.62,Rough,FMS_MARITIME,2026-04-06
2021-01-26,81,LNG,30.18,9.2,220.8,24,425.6364,0.49,Moderate,FMS_MARITIME,2026-04-06
2021-01-27,81,VLSFO,71.86,15.4,369.6,24,605.4438,0.69,Moderate,FMS_MARITIME,2026-04-06
2021-01-28,81,HFO,16.19,14.2,340.8,24,147.9333,0.83,Moderate,FMS_MARITIME,2026-04-06
2021-01-28,81,MGO,56.99,16.9,405.6,24,437.5416,0.73,Moderate,FMS_MARITIME,2026-04-06
2021-01-28,81,LNG,66.6,13.7,328.8,24,630.7555,0.94,Rough,FMS_MARITIME,2026-04-06
2021-01-01,82,LNG,22.39,16.5,396.0,24,176.0668,0.48,Rough,FMS_MARITIME,2026-04-06
2021-01-02,82,LNG,70.17,13.6,326.4,24,669.4528,0.47,Moderate,FMS_MARITIME,2026-04-06
2021-01-03,82,HFO,30.47,11.6,278.4,24,340.8175,0.96,Moderate,FMS_MARITIME,2026-04-06
2021-01-04,82,HFO,33.45,12.3,295.2,24,352.8567,0.63,Calm,FMS_MARITIME,2026-04-06
2021-01-05,82,VLSFO,78.79,15.8,379.2,24,647.0255,0.69,Rough,FMS_MARITIME,2026-04-06
2021-01-06,82,HFO,40.23,12.8,307.2,24,407.8002,0.97,Moderate,FMS_MARITIME,2026-04-06
2021-01-07,82,VLSFO,63.54,17.5,420.0,24,471.1037,0.57,Moderate,FMS_MARITIME,2026-04-06
2021-01-08,82,HFO,59.59,17.1,410.4,24,452.1522,0.43,Moderate,FMS_MARITIME,2026-04-06
2021-01-09,82,VLSFO,38.55,17.6,422.4,24,284.1967,0.87,Moderate,FMS_MARITIME,2026-04-06
2021-01-10,82,MGO,82.44,11.6,278.4,24,922.1198,0.95,Calm,FMS_MARITIME,2026-04-06
2021-01-11,82,LSMGO,44.68,17.6,422.4,24,329.3881,0.97,Rough,FMS_MARITIME,2026-04-06
2021-01-12,82,LNG,41.11,10.1,242.4,24,528.121,0.82,Moderate,FMS_MARITIME,2026-04-06
2021-01-13,82,LSMGO,18.78,12.1,290.4,24,201.3806,0.61,Calm,FMS_MARITIME,2026-04-06
2021-01-14,82,LSMGO,71.25,11.0,264.0,24,840.4261,0.45,Rough,FMS_MARITIME,2026-04-06
2021-01-15,82,MGO,65.23,12.2,292.8,24,693.7371,0.52,Moderate,FMS_MARITIME,2026-04-06
2021-01-16,82,LNG,78.75,8.9,213.6,24,1148.0688,0.74,Calm,FMS_MARITIME,2026-04-06
2021-01-17,82,LNG,65.27,8.9,213.6,24,951.5486,0.75,Calm,FMS_MARITIME,2026-04-06
2021-01-18,82,HFO,41.86,11.9,285.6,24,456.4147,0.87,Rough,FMS_MARITIME,2026-04-06
2021-01-19,82,HFO,31.98,14.8,355.2,24,280.3652,0.8,Moderate,FMS_MARITIME,2026-04-06
2021-01-20,82,LSMGO,55.3,8.4,201.6,24,854.1875,0.99,Rough,FMS_MARITIME,2026-04-06
2021-01-21,82,HFO,62.55,11.5,276.0,24,705.7272,0.42,Moderate,FMS_MARITIME,2026-04-06
2021-01-22,82,LSMGO,53.63,15.9,381.6,24,437.641,0.45,Calm,FMS_MARITIME,2026-04-06
2021-01-23,82,HFO,29.32,11.7,280.8,24,325.1513,0.5,Moderate,FMS_MARITIME,2026-04-06
2021-01-24,82,VLSFO,57.78,8.5,204.0,24,881.9947,0.81,Rough,FMS_MARITIME,2026-04-06
2021-01-25,82,LSMGO,30.2,10.4,249.6,24,376.774,0.66,Moderate,FMS_MARITIME,2026-04-06
2021-01-26,82,HFO,27.95,13.9,333.6,24,260.9002,0.8,Calm,FMS_MARITIME,2026-04-06
2021-01-27,82,LSMGO,59.54,13.4,321.6,24,576.516,0.5,Rough,FMS_MARITIME,2026-04-06
2021-01-28,82,LSMGO,19.39,17.9,429.6,24,140.5504,0.77,Rough,FMS_MARITIME,2026-04-06
2021-01-28,82,LNG,81.68,11.0,264.0,24,963.4527,0.71,Moderate,FMS_MARITIME,2026-04-06
2021-01-28,82,VLSFO,45.26,15.7,376.8,24,374.0436,0.85,Moderate,FMS_MARITIME,2026-04-06
2021-01-01,83,HFO,71.31,16.8,403.2,24,550.7424,0.73,Moderate,FMS_MARITIME,2026-04-06
2021-01-02,83,MGO,21.49,13.1,314.4,24,212.8494,0.51,Moderate,FMS_MARITIME,2026-04-06
2021-01-03,83,VLSFO,48.65,12.3,295.2,24,513.1982,0.84,Moderate,FMS_MARITIME,2026-04-06
2021-01-04,83,MGO,74.38,11.1,266.4,24,869.4419,0.68,Rough,FMS_MARITIME,2026-04-06
2021-01-05,83,VLSFO,62.9,9.9,237.6,24,824.3712,0.86,Rough,FMS_MARITIME,2026-04-06
2021-01-06,83,LNG,43.45,16.2,388.8,24,348.0023,0.76,Rough,FMS_MARITIME,2026-04-06
2021-01-07,83,LSMGO,21.5,11.3,271.2,24,246.8695,0.68,Moderate,FMS_MARITIME,2026-04-06
2021-01-08,83,MGO,54.65,10.7,256.8,24,662.6951,0.63,Moderate,FMS_MARITIME,2026-04-06
2021-01-09,83,MGO,36.42,14.6,350.4,24,323.664,0.63,Rough,FMS_MARITIME,2026-04-06
2021-01-10,83,LSMGO,70.52,10.2,244.8,24,897.0559,0.82,Calm,FMS_MARITIME,2026-04-06
2021-01-11,83,LNG,37.89,8.9,213.6,24,552.3851,0.64,Rough,FMS_MARITIME,2026-04-06
2021-01-12,83,HFO,58.05,9.4,225.6,24,801.2753,0.96,Rough,FMS_MARITIME,2026-04-06
2021-01-13,83,HFO,70.57,11.8,283.2,24,775.971,0.91,Rough,FMS_MARITIME,2026-04-06
2021-01-14,83,LSMGO,33.78,16.1,386.4,24,272.2332,0.63,Moderate,FMS_MARITIME,2026-04-06
2021-01-15,83,HFO,71.55,14.7,352.8,24,631.5383,0.98,Calm,FMS_MARITIME,2026-04-06
2021-01-16,83,VLSFO,52.64,14.6,350.4,24,467.811,0.75,Calm,FMS_MARITIME,2026-04-06
2021-01-17,83,VLSFO,69.05,10.4,249.6,24,861.4651,0.56,Rough,FMS_MARITIME,2026-04-06
2021-01-18,83,HFO,28.0,12.9,309.6,24,281.6279,0.54,Calm,FMS_MARITIME,2026-04-06
2021-01-19,83,MGO,64.49,10.3,247.2,24,812.3862,0.43,Moderate,FMS_MARITIME,2026-04-06
2021-01-20,83,LSMGO,19.5,14.8,355.2,24,170.9544,0.65,Moderate,FMS_MARITIME,2026-04-06
2021-01-21,83,MGO,84.26,15.1,362.4,24,724.0222,0.7,Calm,FMS_MARITIME,2026-04-06
2021-01-22,83,MGO,33.58,8.5,204.0,24,512.5888,0.6,Moderate,FMS_MARITIME,2026-04-06
2021-01-23,83,MGO,78.94,14.9,357.6,24,687.4138,0.81,Moderate,FMS_MARITIME,2026-04-06
2021-01-24,83,MGO,60.62,14.6,350.4,24,538.7291,0.9,Moderate,FMS_MARITIME,2026-04-06
2021-01-25,83,HFO,54.31,13.0,312.0,24,542.0556,0.43,Moderate,FMS_MARITIME,2026-04-06
2021-01-26,83,VLSFO,74.48,11.4,273.6,24,847.7,0.95,Rough,FMS_MARITIME,2026-04-06
2021-01-27,83,MGO,60.62,15.5,372.0,24,507.4481,0.78,Rough,FMS_MARITIME,2026-04-06
2021-01-28,83,VLSFO,82.77,10.6,254.4,24,1013.1517,0.5,Calm,FMS_MARITIME,2026-04-06
2021-01-28,83,LNG,22.52,11.7,280.8,24,249.741,0.61,Moderate,FMS_MARITIME,2026-04-06
2021-01-28,83,HFO,27.43,16.0,384.0,24,222.4402,0.58,Calm,FMS_MARITIME,2026-04-06
2021-01-01,84,LNG,50.71,17.8,427.2,24,369.6417,0.55,Rough,FMS_MARITIME,2026-04-06
2021-01-02,84,HFO,40.81,9.0,216.0,24,588.3442,0.55,Calm,FMS_MARITIME,2026-04-06
2021-01-03,84,LSMGO,21.49,14.3,343.2,24,194.9879,0.61,Rough,FMS_MARITIME,2026-04-06
2021-01-04,84,MGO,38.82,8.2,196.8,24,614.2555,0.78,Calm,FMS_MARITIME,2026-04-06
2021-01-05,84,LSMGO,76.54,10.2,244.8,24,973.6338,0.59,Rough,FMS_MARITIME,2026-04-06
2021-01-06,84,VLSFO,33.42,8.9,213.6,24,487.2185,0.95,Calm,FMS_MARITIME,2026-04-06
2021-01-07,84,LNG,50.05,15.1,362.4,24,430.0654,0.94,Moderate,FMS_MARITIME,2026-04-06
2021-01-08,84,LNG,29.34,15.1,362.4,24,252.1103,0.8,Rough,FMS_MARITIME,2026-04-06
2021-01-09,84,VLSFO,69.56,15.2,364.8,24,593.777,0.52,Rough,FMS_MARITIME,2026-04-06
2021-01-10,84,LSMGO,43.15,9.0,216.0,24,622.0792,0.77,Calm,FMS_MARITIME,2026-04-06
2021-01-11,84,HFO,49.37,15.4,369.6,24,415.9583,0.62,Calm,FMS_MARITIME,2026-04-06
2021-01-12,84,MGO,52.01,14.0,336.0,24,482.0212,0.68,Rough,FMS_MARITIME,2026-04-06
2021-01-13,84,LSMGO,79.28,15.8,379.2,24,651.0494,0.9,Moderate,FMS_MARITIME,2026-04-06
2021-01-14,84,MGO,56.9,11.6,278.4,24,636.4461,0.91,Moderate,FMS_MARITIME,2026-04-06
2021-01-15,84,LSMGO,27.61,8.2,196.8,24,436.8777,0.77,Calm,FMS_MARITIME,2026-04-06
2021-01-16,84,VLSFO,71.12,17.6,422.4,24,524.308,0.59,Rough,FMS_MARITIME,2026-04-06
2021-01-17,84,HFO,18.13,16.2,388.8,24,145.2079,0.78,Moderate,FMS_MARITIME,2026-04-06
2021-01-18,84,MGO,66.94,15.3,367.2,24,567.6775,0.47,Calm,FMS_MARITIME,2026-04-06
2021-01-19,84,VLSFO,15.76,12.3,295.2,24,166.2488,0.94,Calm,FMS_MARITIME,2026-04-06
2021-01-20,84,LNG,53.48,9.1,218.4,24,762.5308,0.57,Calm,FMS_MARITIME,2026-04-06
2021-01-21,84,LNG,22.72,16.2,388.8,24,181.9704,0.54,Calm,FMS_MARITIME,2026-04-06
2021-01-22,84,LSMGO,32.21,8.4,201.6,24,497.5295,0.48,Moderate,FMS_MARITIME,2026-04-06
2021-01-23,84,LNG,21.09,10.5,252.0,24,260.6121,0.65,Moderate,FMS_MARITIME,2026-04-06
2021-01-24,84,VLSFO,18.03,12.0,288.0,24,194.9494,0.52,Calm,FMS_MARITIME,2026-04-06
2021-01-25,84,MGO,82.76,17.0,408.0,24,631.6535,0.71,Moderate,FMS_MARITIME,2026-04-06
2021-01-26,84,MGO,32.54,15.6,374.4,24,270.6452,0.6,Calm,FMS_MARITIME,2026-04-06
2021-01-27,84,HFO,80.81,12.2,292.8,24,859.4342,0.8,Moderate,FMS_MARITIME,2026-04-06
2021-01-28,84,HFO,48.11,14.3,343.2,24,436.5226,0.49,Rough,FMS_MARITIME,2026-04-06
2021-01-28,84,MGO,15.54,11.1,266.4,24,181.65,0.94,Rough,FMS_MARITIME,2026-04-06
2021-01-28,84,HFO,53.49,17.2,412.8,24,403.5074,0.66,Calm,FMS_MARITIME,2026-04-06
2021-01-01,85,HFO,81.99,11.2,268.8,24,949.8395,0.98,Calm,FMS_MARITIME,2026-04-06
2021-01-02,85,LNG,21.39,15.0,360.0,24,185.0235,0.67,Rough,FMS_MARITIME,2026-04-06
2021-01-03,85,VLSFO,71.71,14.0,336.0,24,664.598,0.62,Calm,FMS_MARITIME,2026-04-06
2021-01-04,85,VLSFO,31.07,13.7,328.8,24,294.2578,0.41,Moderate,FMS_MARITIME,2026-04-06
2021-01-05,85,LSMGO,34.73,10.7,256.8,24,421.1418,0.82,Calm,FMS_MARITIME,2026-04-06
2021-01-06,85,LNG,44.3,16.7,400.8,24,344.1871,0.89,Moderate,FMS_MARITIME,2026-04-06
2021-01-07,85,HFO,28.18,13.8,331.2,24,264.9533,0.82,Calm,FMS_MARITIME,2026-04-06
2021-01-08,85,LNG,34.0,8.3,199.2,24,531.506,0.81,Moderate,FMS_MARITIME,2026-04-06
2021-01-09,85,MGO,69.89,15.5,372.0,24,585.0469,0.84,Rough,FMS_MARITIME,2026-04-06
2021-01-10,85,MGO,65.45,8.2,196.8,24,1035.6265,0.44,Rough,FMS_MARITIME,2026-04-06
2021-01-11,85,MGO,37.61,17.1,410.4,24,285.3741,0.73,Calm,FMS_MARITIME,2026-04-06
2021-01-12,85,LSMGO,21.9,15.8,379.2,24,179.8434,0.53,Moderate,FMS_MARITIME,2026-04-06
2021-01-13,85,VLSFO,40.55,11.9,285.6,24,442.1313,0.53,Moderate,FMS_MARITIME,2026-04-06
2021-01-14,85,MGO,31.67,10.0,240.0,24,410.9183,0.69,Moderate,FMS_MARITIME,2026-04-06
2021-01-15,85,HFO,28.55,15.0,360.0,24,246.9575,0.4,Rough,FMS_MARITIME,2026-04-06
2021-01-16,85,MGO,23.37,17.0,408.0,24,178.3681,0.54,Moderate,FMS_MARITIME,2026-04-06
2021-01-17,85,HFO,60.27,8.3,199.2,24,942.1726,0.87,Calm,FMS_MARITIME,2026-04-06
2021-01-18,85,LNG,67.27,16.3,391.2,24,535.4775,0.44,Calm,FMS_MARITIME,2026-04-06
2021-01-19,85,LSMGO,64.0,11.4,273.6,24,728.4211,0.5,Rough,FMS_MARITIME,2026-04-06
2021-01-20,85,VLSFO,30.68,16.3,391.2,24,244.2166,0.95,Rough,FMS_MARITIME,2026-04-06
2021-01-21,85,HFO,67.14,16.2,388.8,24,537.7417,0.67,Rough,FMS_MARITIME,2026-04-06
2021-01-22,85,LNG,52.04,11.7,280.8,24,577.1103,0.63,Moderate,FMS_MARITIME,2026-04-06
2021-01-23,85,HFO,39.82,11.7,280.8,24,441.5936,0.7,Rough,FMS_MARITIME,2026-04-06
2021-01-24,85,LSMGO,63.26,10.4,249.6,24,789.2293,0.54,Rough,FMS_MARITIME,2026-04-06
2021-01-25,85,MGO,19.0,8.7,208.8,24,283.3621,0.83,Rough,FMS_MARITIME,2026-04-06
2021-01-26,85,LSMGO,41.49,8.8,211.2,24,611.7418,0.51,Rough,FMS_MARITIME,2026-04-06
2021-01-27,85,VLSFO,49.17,14.5,348.0,24,439.9867,1.0,Moderate,FMS_MARITIME,2026-04-06
2021-01-28,85,LSMGO,49.97,10.9,261.6,24,594.8264,0.76,Moderate,FMS_MARITIME,2026-04-06
2021-01-28,85,MGO,18.02,15.2,364.8,24,153.822,0.82,Rough,FMS_MARITIME,2026-04-06
2021-01-28,85,MGO,84.49,11.0,264.0,24,996.598,0.9,Rough,FMS_MARITIME,2026-04-06
2021-01-01,86,MGO,29.18,11.3,271.2,24,335.0535,0.68,Rough,FMS_MARITIME,2026-04-06
2021-01-02,86,LNG,80.83,13.0,312.0,24,806.7456,0.92,Calm,FMS_MARITIME,2026-04-06
2021-01-03,86,HFO,42.44,13.8,331.2,24,399.0283,0.68,Rough,FMS_MARITIME,2026-04-06
2021-01-04,86,VLSFO,25.3,11.2,268.8,24,293.096,0.67,Rough,FMS_MARITIME,2026-04-06
2021-01-05,86,HFO,26.21,14.6,350.4,24,232.9279,0.86,Rough,FMS_MARITIME,2026-04-06
2021-01-06,86,HFO,70.13,14.6,350.4,24,623.2443,0.47,Moderate,FMS_MARITIME,2026-04-06
2021-01-07,86,HFO,75.56,13.1,314.4,24,748.3901,0.42,Rough,FMS_MARITIME,2026-04-06
2021-01-08,86,LNG,70.16,16.9,405.6,24,538.6544,0.9,Rough,FMS_MARITIME,2026-04-06
2021-01-09,86,LSMGO,56.27,14.5,348.0,24,503.5195,0.4,Rough,FMS_MARITIME,2026-04-06
2021-01-10,86,HFO,47.71,8.7,208.8,24,711.5371,0.92,Calm,FMS_MARITIME,2026-04-06
2021-01-11,86,VLSFO,43.44,13.0,312.0,24,433.5646,0.72,Moderate,FMS_MARITIME,2026-04-06
2021-01-12,86,LSMGO,71.16,17.3,415.2,24,533.7,0.68,Moderate,FMS_MARITIME,2026-04-06
2021-01-13,86,HFO,69.94,16.5,396.0,24,549.9827,0.57,Rough,FMS_MARITIME,2026-04-06
2021-01-14,86,LSMGO,63.84,12.6,302.4,24,657.4,0.48,Calm,FMS_MARITIME,2026-04-06
2021-01-15,86,LSMGO,38.51,9.1,218.4,24,549.0849,0.95,Moderate,FMS_MARITIME,2026-04-06
2021-01-16,86,LNG,82.49,12.3,295.2,24,870.1689,0.52,Moderate,FMS_MARITIME,2026-04-06
2021-01-17,86,LSMGO,40.34,17.6,422.4,24,297.3929,0.81,Rough,FMS_MARITIME,2026-04-06
2021-01-18,86,MGO,25.45,16.2,388.8,24,203.8356,0.92,Calm,FMS_MARITIME,2026-04-06
2021-01-19,86,VLSFO,40.79,17.7,424.8,24,299.0114,0.91,Rough,FMS_MARITIME,2026-04-06
2021-01-20,86,LNG,80.36,16.3,391.2,24,639.6755,0.88,Rough,FMS_MARITIME,2026-04-06
2021-01-21,86,VLSFO,61.92,13.3,319.2,24,604.0692,0.61,Calm,FMS_MARITIME,2026-04-06
2021-01-22,86,LNG,22.41,13.0,312.0,24,223.669,0.85,Rough,FMS_MARITIME,2026-04-06
2021-01-23,86,VLSFO,59.73,13.2,316.8,24,587.1187,0.62,Calm,FMS_MARITIME,2026-04-06
2021-01-24,86,LNG,66.16,13.5,324.0,24,635.8711,0.84,Moderate,FMS_MARITIME,2026-04-06
2021-01-25,86,MGO,81.07,13.1,314.4,24,802.9643,0.7,Rough,FMS_MARITIME,2026-04-06
2021-01-26,86,LSMGO,75.43,10.4,249.6,24,941.0618,0.96,Rough,FMS_MARITIME,2026-04-06
2021-01-27,86,LSMGO,38.32,14.8,355.2,24,335.9473,0.58,Rough,FMS_MARITIME,2026-04-06
2021-01-28,86,LSMGO,42.06,10.4,249.6,24,524.7389,0.75,Calm,FMS_MARITIME,2026-04-06
2021-01-28,86,HFO,25.12,9.8,235.2,24,332.5837,0.91,Rough,FMS_MARITIME,2026-04-06
2021-01-28,86,MGO,63.79,10.0,240.0,24,827.6753,0.66,Rough,FMS_MARITIME,2026-04-06
2021-01-01,87,LNG,41.71,9.2,220.8,24,588.247,0.47,Calm,FMS_MARITIME,2026-04-06
2021-01-02,87,LSMGO,82.35,13.7,328.8,24,779.9206,0.51,Moderate,FMS_MARITIME,2026-04-06
2021-01-03,87,HFO,17.63,10.4,249.6,24,219.9512,0.55,Rough,FMS_MARITIME,2026-04-06
2021-01-04,87,MGO,30.17,12.8,307.2,24,305.8248,0.78,Rough,FMS_MARITIME,2026-04-06
2021-01-05,87,LNG,70.85,9.3,223.2,24,988.4718,0.62,Calm,FMS_MARITIME,2026-04-06
2021-01-06,87,LNG,38.2,11.3,271.2,24,438.6239,0.81,Calm,FMS_MARITIME,2026-04-06
2021-01-07,87,LSMGO,62.29,9.4,225.6,24,859.8008,0.97,Moderate,FMS_MARITIME,2026-04-06
2021-01-08,87,VLSFO,23.67,12.8,307.2,24,239.9361,0.74,Moderate,FMS_MARITIME,2026-04-06
2021-01-09,87,VLSFO,61.51,13.9,333.6,24,574.1671,0.57,Moderate,FMS_MARITIME,2026-04-06
2021-01-10,87,VLSFO,31.15,9.2,220.8,24,439.3166,0.88,Calm,FMS_MARITIME,2026-04-06
2021-01-11,87,LNG,20.79,13.8,331.2,24,195.4712,0.71,Moderate,FMS_MARITIME,2026-04-06
2021-01-12,87,VLSFO,15.57,17.1,410.4,24,118.1408,0.74,Moderate,FMS_MARITIME,2026-04-06
2021-01-13,87,LNG,71.78,14.9,357.6,24,625.0641,0.62,Rough,FMS_MARITIME,2026-04-06
2021-01-14,87,LNG,37.14,14.5,348.0,24,332.339,0.82,Moderate,FMS_MARITIME,2026-04-06
2021-01-15,87,LSMGO,69.67,15.2,364.8,24,594.716,0.45,Moderate,FMS_MARITIME,2026-04-06
2021-01-16,87,MGO,79.02,10.0,240.0,24,1025.2845,0.53,Rough,FMS_MARITIME,2026-04-06
2021-01-17,87,LSMGO,39.48,11.2,268.8,24,457.3687,0.95,Calm,FMS_MARITIME,2026-04-06
2021-01-18,87,MGO,38.13,8.7,208.8,24,568.6629,0.42,Rough,FMS_MARITIME,2026-04-06
2021-01-19,87,VLSFO,82.81,9.4,225.6,24,1143.0423,0.43,Moderate,FMS_MARITIME,2026-04-06
2021-01-20,87,VLSFO,66.32,13.2,316.8,24,651.8955,0.63,Rough,FMS_MARITIME,2026-04-06
2021-01-21,87,MGO,46.55,16.5,396.0,24,366.0523,1.0,Calm,FMS_MARITIME,2026-04-06
2021-01-22,87,VLSFO,32.96,16.8,403.2,24,254.5571,0.75,Moderate,FMS_MARITIME,2026-04-06
2021-01-23,87,LNG,77.29,13.4,321.6,24,748.3864,0.99,Rough,FMS_MARITIME,2026-04-06
2021-01-24,87,LNG,37.72,13.4,321.6,24,365.2366,0.74,Moderate,FMS_MARITIME,2026-04-06
2021-01-25,87,MGO,79.59,10.3,247.2,24,1002.6022,0.56,Calm,FMS_MARITIME,2026-04-06
2021-01-26,87,HFO,65.18,8.6,206.4,24,983.3843,0.58,Moderate,FMS_MARITIME,2026-04-06
2021-01-27,87,MGO,56.51,15.8,379.2,24,464.0616,0.77,Moderate,FMS_MARITIME,2026-04-06
2021-01-28,87,HFO,55.92,10.8,259.2,24,671.8167,0.95,Calm,FMS_MARITIME,2026-04-06
2021-01-28,87,HFO,51.72,9.1,218.4,24,737.4363,0.7,Rough,FMS_MARITIME,2026-04-06
2021-01-28,87,LSMGO,57.79,14.1,338.4,24,531.791,0.78,Calm,FMS_MARITIME,2026-04-06
2021-01-01,88,LSMGO,68.39,17.6,422.4,24,504.182,0.55,Moderate,FMS_MARITIME,2026-04-06
2021-01-02,88,LSMGO,37.47,17.7,424.8,24,274.6742,0.58,Rough,FMS_MARITIME,2026-04-06
2021-01-03,88,HFO,20.43,16.9,405.6,24,156.8516,0.59,Moderate,FMS_MARITIME,2026-04-06
2021-01-04,88,LNG,28.21,8.4,201.6,24,435.7437,0.62,Calm,FMS_MARITIME,2026-04-06
2021-01-05,88,LNG,75.95,14.4,345.6,24,684.3411,0.57,Rough,FMS_MARITIME,2026-04-06
2021-01-06,88,MGO,28.12,9.6,230.4,24,380.0594,0.95,Moderate,FMS_MARITIME,2026-04-06
2021-01-07,88,VLSFO,26.39,12.2,292.8,24,280.6641,0.98,Calm,FMS_MARITIME,2026-04-06
2021-01-08,88,LNG,32.55,11.4,273.6,24,370.4704,0.77,Rough,FMS_MARITIME,2026-04-06
2021-01-09,88,LSMGO,61.45,9.7,232.8,24,821.9729,0.57,Moderate,FMS_MARITIME,2026-04-06
2021-01-10,88,LNG,20.84,16.4,393.6,24,164.8774,0.55,Moderate,FMS_MARITIME,2026-04-06
2021-01-11,88,HFO,41.94,10.3,247.2,24,528.3218,0.95,Rough,FMS_MARITIME,2026-04-06
2021-01-12,88,MGO,73.32,17.3,415.2,24,549.9,0.68,Calm,FMS_MARITIME,2026-04-06
2021-01-13,88,HFO,18.54,15.2,364.8,24,158.2609,0.88,Calm,FMS_MARITIME,2026-04-06
2021-01-14,88,HFO,51.78,17.3,415.2,24,388.35,0.43,Rough,FMS_MARITIME,2026-04-06
2021-01-15,88,LNG,40.02,18.0,432.0,24,288.4775,0.51,Calm,FMS_MARITIME,2026-04-06
2021-01-16,88,HFO,59.27,8.7,208.8,24,883.9405,0.84,Calm,FMS_MARITIME,2026-04-06
2021-01-17,88,HFO,26.58,17.1,410.4,24,201.6816,0.69,Moderate,FMS_MARITIME,2026-04-06
2021-01-18,88,LSMGO,51.02,8.7,208.8,24,760.9017,0.6,Moderate,FMS_MARITIME,2026-04-06
2021-01-19,88,MGO,21.01,14.6,350.4,24,186.7156,0.56,Calm,FMS_MARITIME,2026-04-06
2021-01-20,88,LNG,28.79,10.2,244.8,24,366.2257,0.62,Calm,FMS_MARITIME,2026-04-06
2021-01-21,88,LSMGO,38.84,9.4,225.6,24,536.116,0.88,Calm,FMS_MARITIME,2026-04-06
2021-01-22,88,MGO,45.18,11.3,271.2,24,518.7704,0.73,Moderate,FMS_MARITIME,2026-04-06
2021-01-23,88,MGO,21.92,14.5,348.0,24,196.1462,0.84,Rough,FMS_MARITIME,2026-04-06
2021-01-24,88,MGO,19.17,9.7,232.8,24,256.4235,0.51,Moderate,FMS_MARITIME,2026-04-06
2021-01-25,88,LSMGO,26.91,13.9,333.6,24,251.1923,0.92,Rough,FMS_MARITIME,2026-04-06
2021-01-26,88,VLSFO,60.53,14.9,357.6,24,527.0985,0.74,Rough,FMS_MARITIME,2026-04-06
2021-01-27,88,HFO,22.9,10.7,256.8,24,277.6893,0.57,Calm,FMS_MARITIME,2026-04-06
2021-01-28,88,MGO,50.93,10.2,244.8,24,647.8596,0.82,Moderate,FMS_MARITIME,2026-04-06
2021-01-28,88,LSMGO,55.68,17.0,408.0,24,424.9694,0.47,Calm,FMS_MARITIME,2026-04-06
2021-01-28,88,HFO,25.77,12.1,290.4,24,276.3353,0.9,Rough,FMS_MARITIME,2026-04-06
2021-01-01,89,HFO,46.52,8.3,199.2,24,727.2253,0.49,Rough,FMS_MARITIME,2026-04-06
2021-01-02,89,MGO,60.26,17.0,408.0,24,459.9256,0.66,Rough,FMS_MARITIME,2026-04-06
2021-01-03,89,LNG,51.44,13.1,314.4,24,509.4916,0.62,Moderate,FMS_MARITIME,2026-04-06
2021-01-04,89,VLSFO,63.37,13.4,321.6,24,613.6013,0.68,Rough,FMS_MARITIME,2026-04-06
2021-01-05,89,LNG,61.35,9.2,220.8,24,865.2351,0.93,Moderate,FMS_MARITIME,2026-04-06
2021-01-06,89,LNG,81.62,17.5,420.0,24,605.154,0.59,Moderate,FMS_MARITIME,2026-04-06
2021-01-07,89,MGO,55.37,14.9,357.6,24,482.1649,0.51,Calm,FMS_MARITIME,2026-04-06
2021-01-08,89,HFO,54.18,15.2,364.8,24,462.4905,0.94,Calm,FMS_MARITIME,2026-04-06
2021-01-09,89,VLSFO,51.22,9.9,237.6,24,671.2924,0.53,Moderate,FMS_MARITIME,2026-04-06
2021-01-10,89,VLSFO,76.45,12.0,288.0,24,826.6156,0.93,Calm,FMS_MARITIME,2026-04-06
2021-01-11,89,HFO,53.02,10.9,261.6,24,631.1326,0.84,Calm,FMS_MARITIME,2026-04-06
2021-01-12,89,MGO,76.37,16.8,403.2,24,589.8219,0.64,Moderate,FMS_MARITIME,2026-04-06
2021-01-13,89,VLSFO,20.72,12.8,307.2,24,210.0328,1.0,Calm,FMS_MARITIME,2026-04-06
2021-01-14,89,VLSFO,24.76,8.1,194.4,24,396.6185,0.96,Moderate,FMS_MARITIME,2026-04-06
2021-01-15,89,LNG,52.58,9.6,230.4,24,710.6516,0.88,Moderate,FMS_MARITIME,2026-04-06
2021-01-16,89,VLSFO,17.07,12.7,304.8,24,174.3963,0.77,Rough,FMS_MARITIME,2026-04-06
2021-01-17,89,LSMGO,84.5,10.0,240.0,24,1096.3875,0.85,Moderate,FMS_MARITIME,2026-04-06
2021-01-18,89,LNG,78.7,14.4,345.6,24,709.1198,0.82,Moderate,FMS_MARITIME,2026-04-06
2021-01-19,89,LNG,82.99,11.0,264.0,24,978.9048,0.69,Calm,FMS_MARITIME,2026-04-06
2021-01-20,89,MGO,46.42,8.8,211.2,24,684.4313,0.51,Moderate,FMS_MARITIME,2026-04-06
2021-01-21,89,VLSFO,18.62,16.4,393.6,24,147.3137,0.9,Rough,FMS_MARITIME,2026-04-06
2021-01-22,89,HFO,70.4,8.4,201.6,24,1087.4286,0.41,Rough,FMS_MARITIME,2026-04-06
2021-01-23,89,LNG,67.8,16.1,386.4,24,546.4006,0.98,Calm,FMS_MARITIME,2026-04-06
2021-01-24,89,VLSFO,47.34,10.8,259.2,24,568.7375,0.61,Calm,FMS_MARITIME,2026-04-06
2021-01-25,89,HFO,35.25,12.3,295.2,24,371.8445,0.66,Rough,FMS_MARITIME,2026-04-06
2021-01-26,89,VLSFO,56.48,17.9,429.6,24,409.4011,0.76,Moderate,FMS_MARITIME,2026-04-06
2021-01-27,89,VLSFO,45.41,18.0,432.0,24,327.3304,0.75,Moderate,FMS_MARITIME,2026-04-06
2021-01-28,89,HFO,30.37,15.0,360.0,24,262.7005,0.88,Calm,FMS_MARITIME,2026-04-06
2021-01-28,89,VLSFO,50.79,16.0,384.0,24,411.8752,0.94,Rough,FMS_MARITIME,2026-04-06
2021-01-28,89,VLSFO,61.94,9.9,237.6,24,811.7894,0.87,Moderate,FMS_MARITIME,2026-04-06
2021-01-01,90,HFO,44.85,13.5,324.0,24,431.0583,0.69,Rough,FMS_MARITIME,2026-04-06
2021-01-02,90,VLSFO,34.19,17.2,412.8,24,257.9158,0.61,Moderate,FMS_MARITIME,2026-04-06
2021-01-03,90,LSMGO,31.17,15.7,376.8,24,257.5992,0.77,Moderate,FMS_MARITIME,2026-04-06
2021-01-04,90,HFO,19.95,13.8,331.2,24,187.5734,0.84,Rough,FMS_MARITIME,2026-04-06
2021-01-05,90,HFO,28.1,13.8,331.2,24,264.2011,0.79,Moderate,FMS_MARITIME,2026-04-06
2021-01-06,90,HFO,64.5,10.5,252.0,24,797.0357,0.61,Moderate,FMS_MARITIME,2026-04-06
2021-01-07,90,HFO,84.77,17.8,427.2,24,617.9162,0.7,Moderate,FMS_MARITIME,2026-04-06
2021-01-08,90,MGO,54.1,8.1,194.4,24,866.6019,0.74,Rough,FMS_MARITIME,2026-04-06
2021-01-09,90,LNG,57.84,13.8,331.2,24,543.8217,0.52,Moderate,FMS_MARITIME,2026-04-06
2021-01-10,90,LNG,50.32,12.6,302.4,24,518.1762,0.48,Calm,FMS_MARITIME,2026-04-06
2021-01-11,90,MGO,80.41,10.4,249.6,24,1003.1921,0.95,Moderate,FMS_MARITIME,2026-04-06
2021-01-12,90,MGO,69.68,8.7,208.8,24,1039.1931,0.73,Rough,FMS_MARITIME,2026-04-06
2021-01-13,90,VLSFO,67.38,11.6,278.4,24,753.6685,0.94,Rough,FMS_MARITIME,2026-04-06
2021-01-14,90,VLSFO,22.06,11.3,271.2,24,253.2996,0.82,Rough,FMS_MARITIME,2026-04-06
2021-01-15,90,MGO,19.71,11.3,271.2,24,226.3162,0.46,Moderate,FMS_MARITIME,2026-04-06
2021-01-16,90,HFO,63.21,10.1,242.4,24,812.0295,0.95,Rough,FMS_MARITIME,2026-04-06
2021-01-17,90,LSMGO,21.97,17.2,412.8,24,165.733,0.65,Moderate,FMS_MARITIME,2026-04-06
2021-01-18,90,LNG,62.08,11.4,273.6,24,706.5684,0.54,Moderate,FMS_MARITIME,2026-04-06
2021-01-19,90,MGO,15.69,15.3,367.2,24,133.0574,0.84,Moderate,FMS_MARITIME,2026-04-06
2021-01-20,90,VLSFO,31.61,8.6,206.4,24,476.9067,0.48,Moderate,FMS_MARITIME,2026-04-06
2021-01-21,90,LNG,75.63,9.3,223.2,24,1055.1605,0.91,Moderate,FMS_MARITIME,2026-04-06
2021-01-22,90,VLSFO,82.05,16.7,400.8,24,637.4843,0.93,Rough,FMS_MARITIME,2026-04-06
2021-01-23,90,LSMGO,59.33,9.7,232.8,24,793.6152,0.47,Rough,FMS_MARITIME,2026-04-06
2021-01-24,90,LSMGO,19.42,8.8,211.2,24,286.3347,0.89,Rough,FMS_MARITIME,2026-04-06
2021-01-25,90,MGO,67.51,15.3,367.2,24,572.5113,0.97,Moderate,FMS_MARITIME,2026-04-06
2021-01-26,90,MGO,66.92,14.7,352.8,24,590.6714,0.93,Calm,FMS_MARITIME,2026-04-06
2021-01-27,90,MGO,26.29,8.7,208.8,24,392.0836,0.97,Moderate,FMS_MARITIME,2026-04-06
2021-01-28,90,VLSFO,74.96,10.4,249.6,24,935.1981,0.44,Moderate,FMS_MARITIME,2026-04-06
2021-01-28,90,VLSFO,81.78,14.1,338.4,24,752.55,0.99,Calm,FMS_MARITIME,2026-04-06
2021-01-28,90,LSMGO,84.74,17.0,408.0,24,646.7656,0.64,Calm,FMS_MARITIME,2026-04-06
2021-01-01,91,MGO,45.24,8.5,204.0,24,690.5753,0.87,Rough,FMS_MARITIME,2026-04-06
2021-01-02,91,HFO,62.13,16.9,405.6,24,477.004,0.42,Rough,FMS_MARITIME,2026-04-06
2021-01-03,91,VLSFO,71.08,9.0,216.0,24,1024.7367,0.82,Moderate,FMS_MARITIME,2026-04-06
2021-01-04,91,HFO,41.06,13.5,324.0,24,394.6322,0.81,Calm,FMS_MARITIME,2026-04-06
2021-01-05,91,MGO,50.06,9.3,223.2,24,698.4177,0.45,Moderate,FMS_MARITIME,2026-04-06
2021-01-06,91,HFO,21.11,8.2,196.8,24,334.0271,0.48,Moderate,FMS_MARITIME,2026-04-06
2021-01-07,91,LSMGO,19.39,17.7,424.8,24,142.1386,0.68,Moderate,FMS_MARITIME,2026-04-06
2021-01-08,91,VLSFO,59.26,14.4,345.6,24,533.9573,0.86,Moderate,FMS_MARITIME,2026-04-06
2021-01-09,91,HFO,55.18,13.7,328.8,24,522.5989,0.53,Calm,FMS_MARITIME,2026-04-06
2021-01-10,91,MGO,34.61,17.6,422.4,24,255.1504,0.8,Moderate,FMS_MARITIME,2026-04-06
2021-01-11,91,MGO,29.35,10.1,242.4,24,377.0458,0.48,Calm,FMS_MARITIME,2026-04-06
2021-01-12,91,HFO,19.64,12.1,290.4,24,210.6025,0.88,Moderate,FMS_MARITIME,2026-04-06
2021-01-13,91,HFO,15.14,16.4,393.6,24,119.7814,0.78,Calm,FMS_MARITIME,2026-04-06
2021-01-14,91,MGO,31.41,10.0,240.0,24,407.5448,0.6,Rough,FMS_MARITIME,2026-04-06
2021-01-15,91,HFO,36.24,12.6,302.4,24,373.1857,0.83,Calm,FMS_MARITIME,2026-04-06
2021-01-16,91,VLSFO,23.95,14.8,355.2,24,209.9671,0.76,Moderate,FMS_MARITIME,2026-04-06
2021-01-17,91,LNG,75.24,12.2,292.8,24,800.1959,0.48,Calm,FMS_MARITIME,2026-04-06
2021-01-18,91,HFO,70.64,12.9,309.6,24,710.507,0.83,Rough,FMS_MARITIME,2026-04-06
2021-01-19,91,LSMGO,54.15,16.9,405.6,24,415.7374,0.73,Rough,FMS_MARITIME,2026-04-06
2021-01-20,91,LNG,74.43,13.5,324.0,24,715.355,0.69,Moderate,FMS_MARITIME,2026-04-06
2021-01-21,91,HFO,79.25,15.4,369.6,24,667.707,0.53,Moderate,FMS_MARITIME,2026-04-06
2021-01-22,91,VLSFO,20.35,12.6,302.4,24,209.5565,0.76,Calm,FMS_MARITIME,2026-04-06
2021-01-23,91,LSMGO,55.16,13.3,319.2,24,538.1211,0.67,Rough,FMS_MARITIME,2026-04-06
2021-01-24,91,LSMGO,17.92,16.0,384.0,24,145.32,0.69,Calm,FMS_MARITIME,2026-04-06
2021-01-25,91,MGO,23.18,10.7,256.8,24,281.0846,0.59,Rough,FMS_MARITIME,2026-04-06
2021-01-26,91,HFO,80.06,13.0,312.0,24,799.0604,0.79,Moderate,FMS_MARITIME,2026-04-06
2021-01-27,91,HFO,30.63,16.3,391.2,24,243.8186,0.72,Rough,FMS_MARITIME,2026-04-06
2021-01-28,91,LSMGO,82.33,8.3,199.2,24,1287.0262,0.79,Moderate,FMS_MARITIME,2026-04-06
2021-01-28,91,HFO,17.8,15.3,367.2,24,150.951,0.61,Moderate,FMS_MARITIME,2026-04-06
2021-01-28,91,LSMGO,50.7,16.0,384.0,24,411.1453,0.52,Rough,FMS_MARITIME,2026-04-06
2021-01-01,92,MGO,83.91,9.1,218.4,24,1196.4091,0.54,Moderate,FMS_MARITIME,2026-04-06
2021-01-02,92,MGO,17.31,15.2,364.8,24,147.7613,0.9,Rough,FMS_MARITIME,2026-04-06
2021-01-03,92,VLSFO,31.49,9.9,237.6,24,412.7098,0.67,Rough,FMS_MARITIME,2026-04-06
2021-01-04,92,LNG,32.62,13.6,326.4,24,311.2092,0.54,Moderate,FMS_MARITIME,2026-04-06
2021-01-05,92,HFO,77.75,16.5,396.0,24,611.3977,0.48,Calm,FMS_MARITIME,2026-04-06
2021-01-06,92,HFO,82.45,15.4,369.6,24,694.668,0.86,Calm,FMS_MARITIME,2026-04-06
2021-01-07,92,VLSFO,60.97,12.6,302.4,24,627.8458,0.43,Moderate,FMS_MARITIME,2026-04-06
2021-01-08,92,MGO,60.42,11.6,278.4,24,675.8185,0.85,Rough,FMS_MARITIME,2026-04-06
2021-01-09,92,HFO,34.77,11.2,268.8,24,402.8042,0.67,Rough,FMS_MARITIME,2026-04-06
2021-01-10,92,LNG,62.43,15.1,362.4,24,536.4432,0.68,Rough,FMS_MARITIME,2026-04-06
2021-01-11,92,LSMGO,52.66,16.7,400.8,24,409.1398,0.96,Calm,FMS_MARITIME,2026-04-06
2021-01-12,92,VLSFO,77.82,14.4,345.6,24,701.1906,0.98,Calm,FMS_MARITIME,2026-04-06
2021-01-13,92,HFO,17.19,15.6,374.4,24,142.9745,0.67,Calm,FMS_MARITIME,2026-04-06
2021-01-14,92,MGO,15.64,14.8,355.2,24,137.1142,0.41,Rough,FMS_MARITIME,2026-04-06
2021-01-15,92,HFO,68.19,11.1,266.4,24,797.0858,0.99,Calm,FMS_MARITIME,2026-04-06
2021-01-16,92,LNG,22.4,11.0,264.0,24,264.2182,0.62,Moderate,FMS_MARITIME,2026-04-06
2021-01-17,92,MGO,16.09,13.4,321.6,24,155.7968,0.46,Calm,FMS_MARITIME,2026-04-06
2021-01-18,92,LSMGO,83.99,17.5,420.0,24,622.7259,0.66,Moderate,FMS_MARITIME,2026-04-06
2021-01-19,92,MGO,44.29,8.8,211.2,24,653.0259,0.49,Moderate,FMS_MARITIME,2026-04-06
2021-01-20,92,LNG,35.46,9.3,223.2,24,494.7242,0.44,Moderate,FMS_MARITIME,2026-04-06
2021-01-21,92,HFO,44.01,13.6,326.4,24,419.8748,0.47,Calm,FMS_MARITIME,2026-04-06
2021-01-22,92,LNG,50.15,17.8,427.2,24,365.5597,0.87,Calm,FMS_MARITIME,2026-04-06
2021-01-23,92,HFO,37.84,10.4,249.6,24,472.0904,0.82,Rough,FMS_MARITIME,2026-04-06
2021-01-24,92,HFO,70.01,10.9,261.6,24,833.3759,0.68,Calm,FMS_MARITIME,2026-04-06
2021-01-25,92,LNG,41.33,11.1,266.4,24,483.1142,0.86,Rough,FMS_MARITIME,2026-04-06
2021-01-26,92,MGO,76.24,17.9,429.6,24,552.6335,0.76,Rough,FMS_MARITIME,2026-04-06
2021-01-27,92,HFO,29.97,8.6,206.4,24,452.1637,0.56,Calm,FMS_MARITIME,2026-04-06
2021-01-28,92,LNG,22.08,13.1,314.4,24,218.6931,0.67,Rough,FMS_MARITIME,2026-04-06
2021-01-28,92,LSMGO,50.01,16.8,403.2,24,386.2379,0.74,Moderate,FMS_MARITIME,2026-04-06
2021-01-28,92,MGO,55.15,12.0,288.0,24,596.3094,0.68,Moderate,FMS_MARITIME,2026-04-06
2021-01-01,93,VLSFO,23.48,16.6,398.4,24,183.5259,0.44,Rough,FMS_MARITIME,2026-04-06
2021-01-02,93,VLSFO,83.43,12.3,295.2,24,880.0848,0.48,Calm,FMS_MARITIME,2026-04-06
2021-01-03,93,LNG,79.56,16.1,386.4,24,641.1745,0.89,Calm,FMS_MARITIME,2026-04-06
2021-01-04,93,LNG,23.73,13.1,314.4,24,235.0357,0.62,Calm,FMS_MARITIME,2026-04-06
2021-01-05,93,HFO,48.22,17.0,408.0,24,368.0321,0.55,Calm,FMS_MARITIME,2026-04-06
2021-01-06,93,VLSFO,47.22,17.0,408.0,24,360.3997,0.84,Calm,FMS_MARITIME,2026-04-06
2021-01-07,93,LNG,41.69,11.5,276.0,24,470.372,0.58,Rough,FMS_MARITIME,2026-04-06
2021-01-08,93,MGO,41.6,11.3,271.2,24,477.6637,0.45,Rough,FMS_MARITIME,2026-04-06
2021-01-09,93,HFO,29.39,14.7,352.8,24,259.4117,0.89,Moderate,FMS_MARITIME,2026-04-06
2021-01-10,93,LSMGO,19.65,9.1,218.4,24,280.1745,0.9,Calm,FMS_MARITIME,2026-04-06
2021-01-11,93,HFO,16.94,14.4,345.6,24,152.6365,0.69,Calm,FMS_MARITIME,2026-04-06
2021-01-12,93,VLSFO,60.47,15.4,369.6,24,509.4794,0.43,Calm,FMS_MARITIME,2026-04-06
2021-01-13,93,HFO,24.0,11.6,278.4,24,268.4483,0.99,Moderate,FMS_MARITIME,2026-04-06
2021-01-14,93,LNG,60.27,10.6,254.4,24,737.7389,0.87,Moderate,FMS_MARITIME,2026-04-06
2021-01-15,93,MGO,81.24,14.5,348.0,24,726.9579,0.89,Rough,FMS_MARITIME,2026-04-06
2021-01-16,93,LNG,24.53,10.7,256.8,24,297.4549,0.47,Moderate,FMS_MARITIME,2026-04-06
2021-01-17,93,LSMGO,62.98,9.1,218.4,24,897.9841,0.74,Rough,FMS_MARITIME,2026-04-06
2021-01-18,93,LNG,66.42,11.1,266.4,24,776.3959,0.88,Calm,FMS_MARITIME,2026-04-06
2021-01-19,93,MGO,74.57,13.3,319.2,24,727.478,0.59,Moderate,FMS_MARITIME,2026-04-06
2021-01-20,93,MGO,84.77,15.6,374.4,24,705.0582,0.72,Calm,FMS_MARITIME,2026-04-06
2021-01-21,93,LSMGO,23.91,12.0,288.0,24,258.5269,0.62,Rough,FMS_MARITIME,2026-04-06
2021-01-22,93,LSMGO,74.61,9.1,218.4,24,1063.8074,0.89,Rough,FMS_MARITIME,2026-04-06
2021-01-23,93,VLSFO,17.2,11.1,266.4,24,201.0541,0.48,Moderate,FMS_MARITIME,2026-04-06
2021-01-24,93,MGO,56.52,13.6,326.4,24,539.2257,0.71,Rough,FMS_MARITIME,2026-04-06
2021-01-25,93,MGO,61.88,10.1,242.4,24,794.9436,0.93,Calm,FMS_MARITIME,2026-04-06
2021-01-26,93,HFO,17.12,13.1,314.4,24,169.5664,0.96,Moderate,FMS_MARITIME,2026-04-06
2021-01-27,93,LSMGO,76.1,11.2,268.8,24,881.6049,0.45,Rough,FMS_MARITIME,2026-04-06
2021-01-28,93,LNG,59.13,16.8,403.2,24,456.6737,0.88,Moderate,FMS_MARITIME,2026-04-06
2021-01-28,93,MGO,70.3,10.6,254.4,24,860.5118,0.95,Moderate,FMS_MARITIME,2026-04-06
2021-01-28,93,LNG,64.26,9.8,235.2,24,850.7893,0.7,Moderate,FMS_MARITIME,2026-04-06
2021-01-01,94,MGO,69.5,10.5,252.0,24,858.8214,0.74,Moderate,FMS_MARITIME,2026-04-06
2021-01-02,94,MGO,32.17,15.9,381.6,24,262.5193,0.66,Calm,FMS_MARITIME,2026-04-06
2021-01-03,94,LSMGO,15.61,8.5,204.0,24,238.2821,0.72,Rough,FMS_MARITIME,2026-04-06
2021-01-04,94,LSMGO,42.31,17.2,412.8,24,319.1699,0.66,Rough,FMS_MARITIME,2026-04-06
2021-01-05,94,MGO,40.49,14.7,352.8,24,357.3862,0.88,Moderate,FMS_MARITIME,2026-04-06
2021-01-06,94,LSMGO,30.95,12.6,302.4,24,318.7113,0.61,Rough,FMS_MARITIME,2026-04-06
2021-01-07,94,LNG,60.73,16.7,400.8,24,471.8394,0.41,Calm,FMS_MARITIME,2026-04-06
2021-01-08,94,MGO,16.55,9.4,225.6,24,228.4428,0.41,Calm,FMS_MARITIME,2026-04-06
2021-01-09,94,MGO,32.73,16.6,398.4,24,255.8264,0.84,Rough,FMS_MARITIME,2026-04-06
2021-01-10,94,LNG,21.48,12.4,297.6,24,224.7605,0.44,Rough,FMS_MARITIME,2026-04-06
2021-01-11,94,VLSFO,72.0,16.5,396.0,24,566.1818,0.91,Rough,FMS_MARITIME,2026-04-06
2021-01-12,94,LSMGO,17.18,10.5,252.0,24,212.2957,0.49,Calm,FMS_MARITIME,2026-04-06
2021-01-13,94,HFO,80.67,11.6,278.4,24,902.3218,0.82,Moderate,FMS_MARITIME,2026-04-06
2021-01-14,94,HFO,62.99,10.0,240.0,24,817.2953,0.53,Moderate,FMS_MARITIME,2026-04-06
2021-01-15,94,LSMGO,72.77,8.6,206.4,24,1097.8962,0.58,Rough,FMS_MARITIME,2026-04-06
2021-01-16,94,LSMGO,50.6,14.3,343.2,24,459.1154,0.56,Moderate,FMS_MARITIME,2026-04-06
2021-01-17,94,LSMGO,47.2,17.4,417.6,24,351.9655,0.61,Rough,FMS_MARITIME,2026-04-06
2021-01-18,94,LNG,44.92,17.2,412.8,24,338.8587,0.75,Moderate,FMS_MARITIME,2026-04-06
2021-01-19,94,MGO,65.81,13.7,328.8,24,623.2735,0.96,Moderate,FMS_MARITIME,2026-04-06
2021-01-20,94,MGO,67.39,14.0,336.0,24,624.5609,0.83,Moderate,FMS_MARITIME,2026-04-06
2021-01-21,94,HFO,66.31,16.4,393.6,24,524.6172,0.5,Rough,FMS_MARITIME,2026-04-06
2021-01-22,94,MGO,22.64,9.9,237.6,24,296.7212,0.81,Rough,FMS_MARITIME,2026-04-06
2021-01-23,94,HFO,45.76,16.0,384.0,24,371.085,0.72,Calm,FMS_MARITIME,2026-04-06
2021-01-24,94,MGO,80.22,16.5,396.0,24,630.8209,0.94,Calm,FMS_MARITIME,2026-04-06
2021-01-25,94,LNG,82.55,10.1,242.4,24,1060.4814,0.92,Calm,FMS_MARITIME,2026-04-06
2021-01-26,94,LNG,22.17,12.8,307.2,24,224.7311,0.95,Moderate,FMS_MARITIME,2026-04-06
2021-01-27,94,MGO,68.65,15.1,362.4,24,589.8899,0.99,Moderate,FMS_MARITIME,2026-04-06
2021-01-28,94,MGO,42.26,15.3,367.2,24,358.3814,0.46,Calm,FMS_MARITIME,2026-04-06
2021-01-28,94,HFO,31.2,13.5,324.0,24,299.8667,0.97,Calm,FMS_MARITIME,2026-04-06
2021-01-28,94,VLSFO,80.64,11.5,276.0,24,909.8296,0.72,Rough,FMS_MARITIME,2026-04-06
2021-01-01,95,MGO,48.38,9.6,230.4,24,653.8859,0.81,Moderate,FMS_MARITIME,2026-04-06
2021-01-02,95,LSMGO,26.88,13.9,333.6,24,250.9122,0.99,Calm,FMS_MARITIME,2026-04-06
2021-01-03,95,LNG,80.19,12.4,297.6,24,839.0849,0.69,Moderate,FMS_MARITIME,2026-04-06
2021-01-04,95,MGO,58.75,9.8,235.2,24,777.838,0.82,Calm,FMS_MARITIME,2026-04-06
2021-01-05,95,LNG,31.05,17.1,410.4,24,235.5987,0.52,Calm,FMS_MARITIME,2026-04-06
2021-01-06,95,VLSFO,51.4,15.2,364.8,24,438.7599,0.76,Rough,FMS_MARITIME,2026-04-06
2021-01-07,95,MGO,20.59,13.8,331.2,24,193.5908,0.47,Calm,FMS_MARITIME,2026-04-06
2021-01-08,95,LNG,15.1,9.4,225.6,24,208.4282,0.85,Calm,FMS_MARITIME,2026-04-06
2021-01-09,95,MGO,77.58,10.6,254.4,24,949.6231,0.97,Rough,FMS_MARITIME,2026-04-06
2021-01-10,95,LSMGO,81.95,13.2,316.8,24,805.5312,0.8,Moderate,FMS_MARITIME,2026-04-06
2021-01-11,95,MGO,79.85,17.7,424.8,24,585.3411,0.53,Moderate,FMS_MARITIME,2026-04-06
2021-01-12,95,LNG,78.18,8.7,208.8,24,1165.9603,0.55,Calm,FMS_MARITIME,2026-04-06
2021-01-13,95,LSMGO,15.3,11.6,278.4,24,171.1358,0.74,Calm,FMS_MARITIME,2026-04-06
2021-01-14,95,LSMGO,30.54,13.6,326.4,24,291.3651,0.99,Calm,FMS_MARITIME,2026-04-06
2021-01-15,95,VLSFO,29.67,12.8,307.2,24,300.7564,0.68,Calm,FMS_MARITIME,2026-04-06
2021-01-16,95,LNG,24.11,9.1,218.4,24,343.7662,0.99,Moderate,FMS_MARITIME,2026-04-06
2021-01-17,95,LSMGO,66.95,17.4,417.6,24,499.2392,0.6,Calm,FMS_MARITIME,2026-04-06
2021-01-18,95,MGO,46.77,14.8,355.2,24,410.0275,0.76,Rough,FMS_MARITIME,2026-04-06
2021-01-19,95,LSMGO,25.46,8.3,199.2,24,398.0042,0.83,Calm,FMS_MARITIME,2026-04-06
2021-01-20,95,VLSFO,48.04,14.1,338.4,24,442.0702,0.42,Rough,FMS_MARITIME,2026-04-06
2021-01-21,95,VLSFO,20.98,14.3,343.2,24,190.3605,0.97,Calm,FMS_MARITIME,2026-04-06
2021-01-22,95,MGO,74.17,13.2,316.8,24,729.0574,0.61,Calm,FMS_MARITIME,2026-04-06
2021-01-23,95,MGO,60.02,14.0,336.0,24,556.2568,0.74,Calm,FMS_MARITIME,2026-04-06
2021-01-24,95,MGO,29.68,9.3,223.2,24,414.0839,0.89,Rough,FMS_MARITIME,2026-04-06
2021-01-25,95,MGO,47.52,13.2,316.8,24,467.1,0.47,Moderate,FMS_MARITIME,2026-04-06
2021-01-26,95,VLSFO,58.47,12.5,300.0,24,606.9186,0.5,Calm,FMS_MARITIME,2026-04-06
2021-01-27,95,LSMGO,53.56,16.2,388.8,24,428.9759,0.43,Moderate,FMS_MARITIME,2026-04-06
2021-01-28,95,MGO,77.02,16.6,398.4,24,602.0087,0.96,Moderate,FMS_MARITIME,2026-04-06
2021-01-28,95,MGO,26.85,11.4,273.6,24,305.5954,0.47,Calm,FMS_MARITIME,2026-04-06
2021-01-28,95,LSMGO,18.3,17.3,415.2,24,137.25,0.78,Moderate,FMS_MARITIME,2026-04-06
2021-01-01,96,LNG,39.47,12.9,309.6,24,396.9948,0.59,Rough,FMS_MARITIME,2026-04-06
2021-01-02,96,HFO,81.46,13.4,321.6,24,788.7638,0.75,Rough,FMS_MARITIME,2026-04-06
2021-01-03,96,HFO,36.26,15.5,372.0,24,303.5313,0.58,Moderate,FMS_MARITIME,2026-04-06
2021-01-04,96,LNG,32.37,9.8,235.2,24,428.5722,0.77,Rough,FMS_MARITIME,2026-04-06
2021-01-05,96,LSMGO,46.17,11.9,285.6,24,503.4082,0.66,Moderate,FMS_MARITIME,2026-04-06
2021-01-06,96,MGO,78.79,9.0,216.0,24,1135.8892,0.86,Calm,FMS_MARITIME,2026-04-06
2021-01-07,96,VLSFO,70.53,8.4,201.6,24,1089.4366,0.79,Moderate,FMS_MARITIME,2026-04-06
2021-01-08,96,HFO,37.68,15.7,376.8,24,311.4,0.81,Rough,FMS_MARITIME,2026-04-06
2021-01-09,96,HFO,43.1,10.6,254.4,24,527.5684,0.69,Moderate,FMS_MARITIME,2026-04-06
2021-01-10,96,MGO,28.54,10.6,254.4,24,349.3458,0.76,Calm,FMS_MARITIME,2026-04-06
2021-01-11,96,HFO,78.3,16.6,398.4,24,612.0136,0.66,Rough,FMS_MARITIME,2026-04-06
2021-01-12,96,MGO,41.44,15.5,372.0,24,346.8929,0.98,Moderate,FMS_MARITIME,2026-04-06
2021-01-13,96,LNG,62.51,13.6,326.4,24,596.373,0.74,Rough,FMS_MARITIME,2026-04-06
2021-01-14,96,MGO,80.52,16.3,391.2,24,640.9491,0.72,Moderate,FMS_MARITIME,2026-04-06
2021-01-15,96,HFO,20.28,10.7,256.8,24,245.9187,0.43,Rough,FMS_MARITIME,2026-04-06
2021-01-16,96,VLSFO,45.57,16.1,386.4,24,367.2489,0.99,Moderate,FMS_MARITIME,2026-04-06
2021-01-17,96,LSMGO,50.28,17.5,420.0,24,372.7903,0.54,Rough,FMS_MARITIME,2026-04-06
2021-01-18,96,MGO,57.78,12.5,300.0,24,599.7564,0.53,Moderate,FMS_MARITIME,2026-04-06
2021-01-19,96,MGO,82.69,8.5,204.0,24,1262.2385,0.74,Calm,FMS_MARITIME,2026-04-06
2021-01-20,96,LSMGO,33.62,12.3,295.2,24,354.65,0.71,Calm,FMS_MARITIME,2026-04-06
2021-01-21,96,VLSFO,33.11,17.3,415.2,24,248.325,0.99,Moderate,FMS_MARITIME,2026-04-06
2021-01-22,96,HFO,33.93,13.5,324.0,24,326.105,0.58,Moderate,FMS_MARITIME,2026-04-06
2021-01-23,96,MGO,29.06,14.3,343.2,24,263.6738,0.44,Rough,FMS_MARITIME,2026-04-06
2021-01-24,96,LSMGO,41.13,16.4,393.6,24,325.4035,0.51,Moderate,FMS_MARITIME,2026-04-06
2021-01-25,96,VLSFO,78.19,17.0,408.0,24,596.7737,0.85,Calm,FMS_MARITIME,2026-04-06
2021-01-26,96,VLSFO,81.4,14.7,352.8,24,718.4796,0.68,Calm,FMS_MARITIME,2026-04-06
2021-01-27,96,HFO,69.34,17.6,422.4,24,511.1855,0.48,Moderate,FMS_MARITIME,2026-04-06
2021-01-28,96,HFO,84.32,16.9,405.6,24,647.368,0.49,Calm,FMS_MARITIME,2026-04-06
2021-01-28,96,MGO,53.68,8.0,192.0,24,870.6225,0.67,Rough,FMS_MARITIME,2026-04-06
2021-01-28,96,LSMGO,39.42,16.6,398.4,24,308.1172,0.47,Calm,FMS_MARITIME,2026-04-06
2021-01-01,97,MGO,36.35,9.4,225.6,24,501.746,0.87,Moderate,FMS_MARITIME,2026-04-06
2021-01-02,97,HFO,55.62,8.2,196.8,24,880.0848,0.93,Moderate,FMS_MARITIME,2026-04-06
2021-01-03,97,VLSFO,71.78,17.2,412.8,24,541.4799,0.64,Rough,FMS_MARITIME,2026-04-06
2021-01-04,97,HFO,81.76,8.5,204.0,24,1248.0424,0.52,Moderate,FMS_MARITIME,2026-04-06
2021-01-05,97,VLSFO,78.72,8.7,208.8,24,1174.0138,0.89,Moderate,FMS_MARITIME,2026-04-06
2021-01-06,97,LSMGO,28.23,11.4,273.6,24,321.302,0.71,Moderate,FMS_MARITIME,2026-04-06
2021-01-07,97,LSMGO,52.53,15.3,367.2,24,445.475,0.93,Rough,FMS_MARITIME,2026-04-06
2021-01-08,97,LNG,46.07,18.0,432.0,24,332.0879,0.89,Calm,FMS_MARITIME,2026-04-06
2021-01-09,97,LNG,71.09,15.4,369.6,24,598.9563,0.43,Moderate,FMS_MARITIME,2026-04-06
2021-01-10,97,MGO,41.41,10.7,256.8,24,502.1446,0.87,Calm,FMS_MARITIME,2026-04-06
2021-01-11,97,HFO,17.2,16.7,400.8,24,133.6347,0.87,Rough,FMS_MARITIME,2026-04-06
2021-01-12,97,LNG,66.07,13.9,333.6,24,616.7326,1.0,Moderate,FMS_MARITIME,2026-04-06
2021-01-13,97,HFO,54.19,10.0,240.0,24,703.1153,0.8,Rough,FMS_MARITIME,2026-04-06
2021-01-14,97,VLSFO,78.23,16.3,391.2,24,622.7204,0.7,Rough,FMS_MARITIME,2026-04-06
2021-01-15,97,HFO,28.05,12.6,302.4,24,288.8482,0.94,Moderate,FMS_MARITIME,2026-04-06
2021-01-16,97,HFO,71.0,15.1,362.4,24,610.0828,0.84,Moderate,FMS_MARITIME,2026-04-06
2021-01-17,97,LNG,73.33,17.7,424.8,24,537.5462,0.66,Rough,FMS_MARITIME,2026-04-06
2021-01-18,97,LNG,68.22,9.5,228.0,24,931.7416,0.58,Moderate,FMS_MARITIME,2026-04-06
2021-01-19,97,VLSFO,50.41,9.7,232.8,24,674.2987,0.78,Moderate,FMS_MARITIME,2026-04-06
2021-01-20,97,LSMGO,66.38,9.1,218.4,24,946.4621,0.7,Calm,FMS_MARITIME,2026-04-06
2021-01-21,97,LSMGO,64.62,12.2,292.8,24,687.2496,0.5,Rough,FMS_MARITIME,2026-04-06
2021-01-22,97,VLSFO,29.35,9.6,230.4,24,396.6836,0.75,Rough,FMS_MARITIME,2026-04-06
2021-01-23,97,VLSFO,51.69,16.3,391.2,24,411.4587,0.47,Rough,FMS_MARITIME,2026-04-06
2021-01-24,97,HFO,16.0,15.9,381.6,24,130.566,0.53,Calm,FMS_MARITIME,2026-04-06
2021-01-25,97,MGO,15.47,14.6,350.4,24,137.4817,0.97,Moderate,FMS_MARITIME,2026-04-06
2021-01-26,97,LNG,39.58,17.2,412.8,24,298.5759,0.95,Moderate,FMS_MARITIME,2026-04-06
2021-01-27,97,MGO,73.1,8.7,208.8,24,1090.1983,0.47,Moderate,FMS_MARITIME,2026-04-06
2021-01-28,97,HFO,41.59,14.5,348.0,24,372.1588,0.58,Moderate,FMS_MARITIME,2026-04-06
2021-01-28,97,LSMGO,73.65,13.5,324.0,24,707.8583,0.45,Calm,FMS_MARITIME,2026-04-06
2021-01-28,97,MGO,72.32,12.0,288.0,24,781.96,0.62,Rough,FMS_MARITIME,2026-04-06
2021-01-01,98,LNG,79.44,12.0,288.0,24,858.945,0.85,Moderate,FMS_MARITIME,2026-04-06
2021-01-02,98,LNG,72.15,17.3,415.2,24,541.125,0.63,Moderate,FMS_MARITIME,2026-04-06
2021-01-03,98,LSMGO,42.58,12.8,307.2,24,431.6215,0.61,Calm,FMS_MARITIME,2026-04-06
2021-01-04,98,MGO,66.62,13.0,312.0,24,664.9188,0.91,Calm,FMS_MARITIME,2026-04-06
2021-01-05,98,MGO,36.76,13.9,333.6,24,343.1374,0.96,Calm,FMS_MARITIME,2026-04-06
2021-01-06,98,LSMGO,19.34,12.9,309.6,24,194.5244,0.77,Rough,FMS_MARITIME,2026-04-06
2021-01-07,98,LSMGO,24.41,13.0,312.0,24,243.6306,0.7,Calm,FMS_MARITIME,2026-04-06
2021-01-08,98,MGO,35.94,12.7,304.8,24,367.1823,0.49,Calm,FMS_MARITIME,2026-04-06
2021-01-09,98,LSMGO,63.09,12.3,295.2,24,665.5226,0.62,Calm,FMS_MARITIME,2026-04-06
2021-01-10,98,LSMGO,57.51,12.1,290.4,24,616.6878,0.9,Moderate,FMS_MARITIME,2026-04-06
2021-01-11,98,LSMGO,31.25,15.8,379.2,24,256.6258,0.66,Rough,FMS_MARITIME,2026-04-06
2021-01-12,98,LNG,19.32,10.8,259.2,24,232.1083,0.48,Moderate,FMS_MARITIME,2026-04-06
2021-01-13,98,LSMGO,45.23,16.6,398.4,24,353.5297,0.42,Calm,FMS_MARITIME,2026-04-06
2021-01-14,98,VLSFO,21.14,16.0,384.0,24,171.4322,0.43,Calm,FMS_MARITIME,2026-04-06
2021-01-15,98,LSMGO,28.29,13.4,321.6,24,273.9274,0.89,Calm,FMS_MARITIME,2026-04-06
2021-01-16,98,HFO,16.39,10.4,249.6,24,204.481,0.47,Calm,FMS_MARITIME,2026-04-06
2021-01-17,98,HFO,50.58,16.0,384.0,24,410.1722,0.64,Moderate,FMS_MARITIME,2026-04-06
2021-01-18,98,LSMGO,37.64,13.0,312.0,24,375.6762,0.7,Moderate,FMS_MARITIME,2026-04-06
2021-01-19,98,VLSFO,35.27,9.3,223.2,24,492.0734,0.74,Calm,FMS_MARITIME,2026-04-06
2021-01-20,98,LNG,34.35,11.4,273.6,24,390.9572,0.77,Moderate,FMS_MARITIME,2026-04-06
2021-01-21,98,LSMGO,64.53,11.5,276.0,24,728.0667,0.53,Calm,FMS_MARITIME,2026-04-06
2021-01-22,98,LSMGO,82.04,17.4,417.6,24,611.7638,0.52,Rough,FMS_MARITIME,2026-04-06
2021-01-23,98,VLSFO,79.78,12.6,302.4,24,821.544,0.6,Moderate,FMS_MARITIME,2026-04-06
2021-01-24,98,LNG,78.97,17.6,422.4,24,582.1794,0.98,Calm,FMS_MARITIME,2026-04-06
2021-01-25,98,LSMGO,29.23,14.6,350.4,24,259.7666,0.83,Rough,FMS_MARITIME,2026-04-06
2021-01-26,98,LSMGO,76.97,11.6,278.4,24,860.936,0.66,Moderate,FMS_MARITIME,2026-04-06
2021-01-27,98,VLSFO,60.73,8.7,208.8,24,905.7147,0.6,Rough,FMS_MARITIME,2026-04-06
2021-01-28,98,HFO,18.21,11.9,285.6,24,198.5502,0.76,Rough,FMS_MARITIME,2026-04-06
2021-01-28,98,LNG,22.76,13.8,331.2,24,213.9935,0.48,Moderate,FMS_MARITIME,2026-04-06
2021-01-28,98,LNG,36.46,17.3,415.2,24,273.45,0.65,Calm,FMS_MARITIME,2026-04-06
2021-01-01,99,LSMGO,42.53,13.9,333.6,24,396.9977,0.57,Moderate,FMS_MARITIME,2026-04-06
2021-01-02,99,HFO,40.33,13.3,319.2,24,393.4449,0.69,Rough,FMS_MARITIME,2026-04-06
2021-01-03,99,LSMGO,45.39,12.6,302.4,24,467.4089,0.84,Rough,FMS_MARITIME,2026-04-06
2021-01-04,99,HFO,18.4,16.9,405.6,24,141.2663,0.48,Moderate,FMS_MARITIME,2026-04-06
2021-01-05,99,HFO,57.47,16.1,386.4,24,463.1511,0.81,Rough,FMS_MARITIME,2026-04-06
2021-01-06,99,VLSFO,65.42,11.1,266.4,24,764.7068,0.9,Calm,FMS_MARITIME,2026-04-06
2021-01-07,99,VLSFO,61.23,13.4,321.6,24,592.88,0.46,Calm,FMS_MARITIME,2026-04-06
2021-01-08,99,MGO,75.23,9.2,220.8,24,1060.9883,0.78,Rough,FMS_MARITIME,2026-04-06
2021-01-09,99,MGO,34.18,8.4,201.6,24,527.9589,0.84,Moderate,FMS_MARITIME,2026-04-06
2021-01-10,99,MGO,36.33,9.7,232.8,24,485.9606,0.65,Calm,FMS_MARITIME,2026-04-06
2021-01-11,99,MGO,21.57,9.5,228.0,24,294.6008,0.66,Calm,FMS_MARITIME,2026-04-06
2021-01-12,99,VLSFO,31.51,14.3,343.2,24,285.9037,0.99,Moderate,FMS_MARITIME,2026-04-06
2021-01-13,99,VLSFO,25.9,8.4,201.6,24,400.0625,0.84,Moderate,FMS_MARITIME,2026-04-06
2021-01-14,99,LSMGO,31.84,9.3,223.2,24,444.2194,0.45,Moderate,FMS_MARITIME,2026-04-06
2021-01-15,99,LNG,18.76,8.1,194.4,24,300.5074,0.59,Rough,FMS_MARITIME,2026-04-06
2021-01-16,99,HFO,73.67,15.6,374.4,24,612.7361,0.8,Calm,FMS_MARITIME,2026-04-06
2021-01-17,99,LSMGO,76.89,8.6,206.4,24,1160.0555,0.58,Moderate,FMS_MARITIME,2026-04-06
2021-01-18,99,HFO,34.6,8.5,204.0,24,528.1588,0.86,Rough,FMS_MARITIME,2026-04-06
2021-01-19,99,VLSFO,66.63,14.0,336.0,24,617.5173,0.96,Rough,FMS_MARITIME,2026-04-06
2021-01-20,99,LSMGO,55.9,8.5,204.0,24,853.2971,0.76,Moderate,FMS_MARITIME,2026-04-06
2021-01-21,99,HFO,33.55,8.2,196.8,24,530.8674,0.58,Calm,FMS_MARITIME,2026-04-06
2021-01-22,99,HFO,78.51,8.9,213.6,24,1144.5699,0.68,Calm,FMS_MARITIME,2026-04-06
2021-01-23,99,MGO,27.17,14.7,352.8,24,239.8168,0.82,Calm,FMS_MARITIME,2026-04-06
2021-01-24,99,LNG,24.05,17.4,417.6,24,179.3384,0.68,Rough,FMS_MARITIME,2026-04-06
2021-01-25,99,MGO,45.53,10.2,244.8,24,579.1684,0.55,Moderate,FMS_MARITIME,2026-04-06
2021-01-26,99,MGO,23.91,8.6,206.4,24,360.7352,0.69,Calm,FMS_MARITIME,2026-04-06
2021-01-27,99,HFO,36.7,11.4,273.6,24,417.7039,0.57,Calm,FMS_MARITIME,2026-04-06
2021-01-28,99,LNG,42.27,9.8,235.2,24,559.6462,0.46,Rough,FMS_MARITIME,2026-04-06
2021-01-28,99,LSMGO,30.2,10.5,252.0,24,373.1857,0.85,Calm,FMS_MARITIME,2026-04-06
2021-01-28,99,HFO,27.55,14.1,338.4,24,253.5186,0.9,Calm,FMS_MARITIME,2026-04-06
2021-01-01,100,HFO,80.36,11.5,276.0,24,906.6704,0.52,Moderate,FMS_MARITIME,2026-04-06
2021-01-02,100,VLSFO,30.58,16.3,391.2,24,243.4206,0.74,Moderate,FMS_MARITIME,2026-04-06
2021-01-03,100,LSMGO,58.31,9.6,230.4,24,788.0961,0.98,Rough,FMS_MARITIME,2026-04-06
2021-01-04,100,MGO,50.3,16.9,405.6,24,386.179,0.89,Moderate,FMS_MARITIME,2026-04-06
2021-01-05,100,LSMGO,64.34,9.9,237.6,24,843.2439,0.44,Calm,FMS_MARITIME,2026-04-06
2021-01-06,100,HFO,57.26,14.0,336.0,24,530.6775,0.53,Calm,FMS_MARITIME,2026-04-06
2021-01-07,100,LNG,22.67,14.9,357.6,24,197.4116,0.61,Calm,FMS_MARITIME,2026-04-06
2021-01-08,100,MGO,70.13,13.7,328.8,24,664.1874,0.68,Calm,FMS_MARITIME,2026-04-06
2021-01-09,100,HFO,71.14,17.5,420.0,24,527.4523,0.87,Calm,FMS_MARITIME,2026-04-06
2021-01-10,100,VLSFO,62.13,12.2,292.8,24,660.7678,0.42,Rough,FMS_MARITIME,2026-04-06
2021-01-11,100,MGO,60.74,11.9,285.6,24,662.2702,0.76,Calm,FMS_MARITIME,2026-04-06
2021-01-12,100,MGO,34.33,8.0,192.0,24,556.7897,0.51,Moderate,FMS_MARITIME,2026-04-06
2021-01-13,100,MGO,42.46,16.8,403.2,24,327.9277,0.55,Calm,FMS_MARITIME,2026-04-06
2021-01-14,100,LNG,54.44,15.5,372.0,24,455.7155,0.75,Moderate,FMS_MARITIME,2026-04-06
2021-01-15,100,HFO,63.3,9.5,228.0,24,864.5447,0.78,Moderate,FMS_MARITIME,2026-04-06
2021-01-16,100,LNG,26.56,14.3,343.2,24,240.9902,0.64,Rough,FMS_MARITIME,2026-04-06
2021-01-17,100,LSMGO,26.0,10.4,249.6,24,324.375,0.43,Rough,FMS_MARITIME,2026-04-06
2021-01-18,100,LNG,76.78,13.1,314.4,24,760.4737,0.95,Moderate,FMS_MARITIME,2026-04-06
2021-01-19,100,LSMGO,22.45,14.7,352.8,24,198.1556,0.95,Calm,FMS_MARITIME,2026-04-06
2021-01-20,100,HFO,41.05,13.4,321.6,24,397.4804,0.41,Rough,FMS_MARITIME,2026-04-06
2021-01-21,100,LNG,19.2,8.4,201.6,24,296.5714,0.53,Calm,FMS_MARITIME,2026-04-06
2021-01-22,100,LNG,66.16,11.4,273.6,24,753.0053,0.79,Moderate,FMS_MARITIME,2026-04-06
2021-01-23,100,MGO,76.93,17.3,415.2,24,576.975,0.64,Rough,FMS_MARITIME,2026-04-06
2021-01-24,100,LSMGO,48.56,12.1,290.4,24,520.7157,0.79,Moderate,FMS_MARITIME,2026-04-06
2021-01-25,100,MGO,31.89,14.5,348.0,24,285.3605,0.88,Rough,FMS_MARITIME,2026-04-06
2021-01-26,100,MGO,27.87,10.2,244.8,24,354.5228,0.89,Moderate,FMS_MARITIME,2026-04-06
2021-01-27,100,LNG,83.05,14.5,348.0,24,743.1543,0.91,Rough,FMS_MARITIME,2026-04-06
2021-01-28,100,HFO,72.56,10.9,261.6,24,863.7303,0.6,Rough,FMS_MARITIME,2026-04-06
2021-01-28,100,HFO,29.05,12.1,290.4,24,311.5072,0.68,Moderate,FMS_MARITIME,2026-04-06
2021-01-28,100,HFO,83.1,10.0,240.0,24,1078.2225,0.89,Rough,FMS_MARITIME,2026-04-06
2021-01-01,101,LNG,70.13,11.7,280.8,24,777.7237,0.64,Rough,FMS_MARITIME,2026-04-06
2021-01-02,101,LSMGO,64.25,11.9,285.6,24,700.541,0.62,Rough,FMS_MARITIME,2026-04-06
2021-01-03,101,HFO,70.23,12.1,290.4,24,753.0862,0.43,Rough,FMS_MARITIME,2026-04-06
2021-01-04,101,VLSFO,79.29,17.2,412.8,24,598.1324,0.82,Moderate,FMS_MARITIME,2026-04-06
2021-01-05,101,LSMGO,25.74,15.4,369.6,24,216.8679,0.91,Rough,FMS_MARITIME,2026-04-06
2021-01-06,101,VLSFO,32.94,10.7,256.8,24,399.436,0.45,Rough,FMS_MARITIME,2026-04-06
2021-01-07,101,VLSFO,82.95,9.6,230.4,24,1121.1211,0.6,Rough,FMS_MARITIME,2026-04-06
2021-01-08,101,LSMGO,39.72,10.7,256.8,24,481.6514,0.78,Rough,FMS_MARITIME,2026-04-06
2021-01-09,101,VLSFO,59.88,10.0,240.0,24,776.943,0.69,Moderate,FMS_MARITIME,2026-04-06
2021-01-10,101,VLSFO,19.91,8.5,204.0,24,303.9203,0.96,Moderate,FMS_MARITIME,2026-04-06
2021-01-11,101,LNG,27.94,10.1,242.4,24,358.9322,0.43,Calm,FMS_MARITIME,2026-04-06
2021-01-12,101,VLSFO,49.07,10.2,244.8,24,624.1993,0.75,Calm,FMS_MARITIME,2026-04-06
2021-01-13,101,VLSFO,58.4,9.2,220.8,24,823.6304,0.62,Calm,FMS_MARITIME,2026-04-06
2021-01-14,101,VLSFO,83.53,11.1,266.4,24,976.398,0.76,Calm,FMS_MARITIME,2026-04-06
2021-01-15,101,HFO,40.85,14.1,338.4,24,375.9069,0.83,Rough,FMS_MARITIME,2026-04-06
2021-01-16,101,LSMGO,80.47,14.7,352.8,24,710.2709,0.64,Calm,FMS_MARITIME,2026-04-06
2021-01-17,101,LNG,16.79,13.6,326.4,24,160.184,0.81,Rough,FMS_MARITIME,2026-04-06
2021-01-18,101,LSMGO,37.99,13.9,333.6,24,354.6189,0.43,Rough,FMS_MARITIME,2026-04-06
2021-01-19,101,MGO,80.37,12.7,304.8,24,821.103,0.85,Moderate,FMS_MARITIME,2026-04-06
2021-01-20,101,HFO,58.66,12.6,302.4,24,604.0583,0.97,Moderate,FMS_MARITIME,2026-04-06
2021-01-21,101,LNG,36.75,13.1,314.4,24,363.9933,0.66,Moderate,FMS_MARITIME,2026-04-06
2021-01-22,101,LSMGO,36.6,11.8,283.2,24,402.4449,0.53,Rough,FMS_MARITIME,2026-04-06
2021-01-23,101,LSMGO,62.6,16.2,388.8,24,501.3796,0.78,Calm,FMS_MARITIME,2026-04-06
2021-01-24,101,MGO,50.39,13.2,316.8,24,495.3108,0.94,Calm,FMS_MARITIME,2026-04-06
2021-01-25,101,VLSFO,38.48,13.3,319.2,24,375.397,0.6,Rough,FMS_MARITIME,2026-04-06
2021-01-26,101,VLSFO,54.96,12.3,295.2,24,579.761,0.63,Rough,FMS_MARITIME,2026-04-06
2021-01-27,101,VLSFO,25.24,15.5,372.0,24,211.2832,0.6,Rough,FMS_MARITIME,2026-04-06
2021-01-28,101,MGO,49.15,16.1,386.4,24,396.1002,0.83,Moderate,FMS_MARITIME,2026-04-06
2021-01-28,101,LSMGO,72.4,17.2,412.8,24,546.157,0.83,Moderate,FMS_MARITIME,2026-04-06
2021-01-28,101,MGO,65.94,17.6,422.4,24,486.1202,0.68,Calm,FMS_MARITIME,2026-04-06
2021-01-01,102,MGO,62.6,15.8,379.2,24,514.0728,0.78,Moderate,FMS_MARITIME,2026-04-06
2021-01-02,102,MGO,22.37,12.2,292.8,24,237.9105,0.46,Moderate,FMS_MARITIME,2026-04-06
2021-01-03,102,HFO,67.06,14.0,336.0,24,621.5025,0.73,Moderate,FMS_MARITIME,2026-04-06
2021-01-04,102,LSMGO,42.71,16.7,400.8,24,331.8337,0.89,Moderate,FMS_MARITIME,2026-04-06
2021-01-05,102,LSMGO,67.23,15.6,374.4,24,559.1726,0.97,Rough,FMS_MARITIME,2026-04-06
2021-01-06,102,MGO,34.03,17.7,424.8,24,249.4572,0.76,Moderate,FMS_MARITIME,2026-04-06
2021-01-07,102,LSMGO,67.77,16.9,405.6,24,520.3052,0.62,Rough,FMS_MARITIME,2026-04-06
2021-01-08,102,MGO,58.51,17.6,422.4,24,431.345,0.65,Calm,FMS_MARITIME,2026-04-06
2021-01-09,102,HFO,35.98,10.3,247.2,24,453.2432,0.91,Rough,FMS_MARITIME,2026-04-06
2021-01-10,102,HFO,60.9,10.3,247.2,24,767.1626,0.73,Rough,FMS_MARITIME,2026-04-06
2021-01-11,102,VLSFO,42.65,8.3,199.2,24,666.7274,0.56,Moderate,FMS_MARITIME,2026-04-06
2021-01-12,102,VLSFO,71.32,13.9,333.6,24,665.7388,0.7,Moderate,FMS_MARITIME,2026-04-06
2021-01-13,102,LSMGO,69.95,14.0,336.0,24,648.2866,0.73,Calm,FMS_MARITIME,2026-04-06
2021-01-14,102,VLSFO,62.14,8.9,213.6,24,905.9174,0.5,Calm,FMS_MARITIME,2026-04-06
2021-01-15,102,LSMGO,30.05,8.8,211.2,24,443.0668,0.86,Calm,FMS_MARITIME,2026-04-06
2021-01-16,102,VLSFO,58.9,8.3,199.2,24,920.756,0.75,Moderate,FMS_MARITIME,2026-04-06
2021-01-17,102,VLSFO,20.12,9.5,228.0,24,274.7968,0.55,Moderate,FMS_MARITIME,2026-04-06
2021-01-18,102,HFO,63.0,14.4,345.6,24,567.6562,0.57,Calm,FMS_MARITIME,2026-04-06
2021-01-19,102,VLSFO,27.42,13.9,333.6,24,255.9529,0.69,Calm,FMS_MARITIME,2026-04-06
2021-01-20,102,LNG,53.45,10.4,249.6,24,666.8401,0.69,Calm,FMS_MARITIME,2026-04-06
2021-01-21,102,MGO,27.81,16.3,391.2,24,221.371,0.76,Calm,FMS_MARITIME,2026-04-06
2021-01-22,102,LNG,69.13,9.0,216.0,24,996.6242,0.78,Moderate,FMS_MARITIME,2026-04-06
2021-01-23,102,HFO,63.82,17.0,408.0,24,487.0968,0.4,Calm,FMS_MARITIME,2026-04-06
2021-01-24,102,HFO,60.93,14.9,357.6,24,530.5817,0.97,Moderate,FMS_MARITIME,2026-04-06
2021-01-25,102,VLSFO,74.0,16.7,400.8,24,574.9401,0.89,Calm,FMS_MARITIME,2026-04-06
2021-01-26,102,LSMGO,74.5,17.4,417.6,24,555.5388,0.54,Calm,FMS_MARITIME,2026-04-06
2021-01-27,102,LNG,50.72,15.8,379.2,24,416.5139,0.47,Calm,FMS_MARITIME,2026-04-06
2021-01-28,102,MGO,65.31,11.1,266.4,24,763.4209,0.66,Calm,FMS_MARITIME,2026-04-06
2021-01-28,102,HFO,83.35,9.1,218.4,24,1188.4245,0.94,Rough,FMS_MARITIME,2026-04-06
2021-01-28,102,LNG,15.76,13.5,324.0,24,151.4711,0.48,Calm,FMS_MARITIME,2026-04-06
2021-01-01,103,HFO,74.06,17.1,410.4,24,561.9465,0.43,Calm,FMS_MARITIME,2026-04-06
2021-01-02,103,LSMGO,66.29,14.6,350.4,24,589.1183,0.41,Rough,FMS_MARITIME,2026-04-06
2021-01-03,103,LSMGO,29.15,17.3,415.2,24,218.625,0.78,Calm,FMS_MARITIME,2026-04-06
2021-01-04,103,LNG,26.74,16.4,393.6,24,211.5558,0.8,Calm,FMS_MARITIME,2026-04-06
2021-01-05,103,VLSFO,75.28,8.3,199.2,24,1176.8169,0.51,Rough,FMS_MARITIME,2026-04-06
2021-01-06,103,MGO,31.34,8.8,211.2,24,462.0869,0.51,Moderate,FMS_MARITIME,2026-04-06
2021-01-07,103,HFO,40.27,11.8,283.2,24,442.7994,0.93,Calm,FMS_MARITIME,2026-04-06
2021-01-08,103,LNG,21.91,10.2,244.8,24,278.7081,0.74,Rough,FMS_MARITIME,2026-04-06
2021-01-09,103,VLSFO,52.04,10.9,261.6,24,619.467,0.5,Moderate,FMS_MARITIME,2026-04-06
2021-01-10,103,HFO,16.86,12.9,309.6,24,169.5802,0.64,Rough,FMS_MARITIME,2026-04-06
2021-01-11,103,LNG,71.22,9.1,218.4,24,1015.472,0.88,Rough,FMS_MARITIME,2026-04-06
2021-01-12,103,LSMGO,66.58,13.4,321.6,24,644.6832,0.4,Moderate,FMS_MARITIME,2026-04-06
2021-01-13,103,LNG,28.22,9.0,216.0,24,406.8383,0.92,Calm,FMS_MARITIME,2026-04-06
2021-01-14,103,HFO,31.37,12.3,295.2,24,330.9152,0.5,Calm,FMS_MARITIME,2026-04-06
2021-01-15,103,LNG,35.92,14.1,338.4,24,330.5404,0.81,Moderate,FMS_MARITIME,2026-04-06
2021-01-16,103,MGO,75.0,10.1,242.4,24,963.4901,0.97,Calm,FMS_MARITIME,2026-04-06
2021-01-17,103,LSMGO,28.82,11.6,278.4,24,322.3616,0.71,Calm,FMS_MARITIME,2026-04-06
2021-01-18,103,LNG,38.99,8.6,206.4,24,588.2503,0.59,Moderate,FMS_MARITIME,2026-04-06
2021-01-19,103,MGO,33.16,8.0,192.0,24,537.8137,0.5,Moderate,FMS_MARITIME,2026-04-06
2021-01-20,103,HFO,49.26,12.1,290.4,24,528.2219,0.54,Moderate,FMS_MARITIME,2026-04-06
2021-01-21,103,LSMGO,45.53,13.0,312.0,24,454.4244,0.7,Rough,FMS_MARITIME,2026-04-06
2021-01-22,103,VLSFO,60.85,8.1,194.4,24,974.7269,1.0,Rough,FMS_MARITIME,2026-04-06
2021-01-23,103,MGO,34.08,12.5,300.0,24,353.7504,0.9,Moderate,FMS_MARITIME,2026-04-06
2021-01-24,103,MGO,31.26,17.3,415.2,24,234.45,0.83,Calm,FMS_MARITIME,2026-04-06
2021-01-25,103,LNG,78.19,8.8,211.2,24,1152.8582,0.5,Rough,FMS_MARITIME,2026-04-06
2021-01-26,103,VLSFO,45.99,13.9,333.6,24,429.2951,0.73,Rough,FMS_MARITIME,2026-04-06
2021-01-27,103,LSMGO,74.27,8.3,199.2,24,1161.028,0.94,Calm,FMS_MARITIME,2026-04-06
2021-01-28,103,VLSFO,22.56,8.1,194.4,24,361.3778,0.44,Calm,FMS_MARITIME,2026-04-06
2021-01-28,103,VLSFO,44.9,10.6,254.4,24,549.6014,0.91,Rough,FMS_MARITIME,2026-04-06
2021-01-28,103,LSMGO,77.01,8.3,199.2,24,1203.8611,0.42,Calm,FMS_MARITIME,2026-04-06
2021-01-01,104,MGO,17.9,9.8,235.2,24,236.9923,0.44,Rough,FMS_MARITIME,2026-04-06
2021-01-02,104,MGO,64.93,12.7,304.8,24,663.3596,0.91,Moderate,FMS_MARITIME,2026-04-06
2021-01-03,104,LNG,65.33,16.0,384.0,24,529.7855,0.43,Moderate,FMS_MARITIME,2026-04-06
2021-01-04,104,LNG,39.62,10.7,256.8,24,480.4388,0.74,Rough,FMS_MARITIME,2026-04-06
2021-01-05,104,HFO,81.65,13.6,326.4,24,778.977,0.5,Moderate,FMS_MARITIME,2026-04-06
2021-01-06,104,LSMGO,46.35,16.3,391.2,24,368.9517,0.42,Rough,FMS_MARITIME,2026-04-06
2021-01-07,104,VLSFO,62.93,11.0,264.0,24,742.288,0.73,Rough,FMS_MARITIME,2026-04-06
2021-01-08,104,HFO,55.43,13.2,316.8,24,544.8517,0.46,Moderate,FMS_MARITIME,2026-04-06
2021-01-09,104,LNG,38.47,16.2,388.8,24,308.1162,0.7,Rough,FMS_MARITIME,2026-04-06
2021-01-10,104,HFO,45.73,12.0,288.0,24,494.4556,0.75,Moderate,FMS_MARITIME,2026-04-06
2021-01-11,104,HFO,54.51,9.3,223.2,24,760.5024,0.46,Calm,FMS_MARITIME,2026-04-06
2021-01-12,104,LNG,70.31,13.7,328.8,24,665.8922,0.65,Moderate,FMS_MARITIME,2026-04-06
2021-01-13,104,LNG,77.96,8.8,211.2,24,1149.467,0.86,Calm,FMS_MARITIME,2026-04-06
2021-01-14,104,VLSFO,25.68,9.3,223.2,24,358.2774,0.73,Moderate,FMS_MARITIME,2026-04-06
2021-01-15,104,VLSFO,39.5,15.0,360.0,24,341.675,0.58,Rough,FMS_MARITIME,2026-04-06
2021-01-16,104,VLSFO,45.83,16.7,400.8,24,356.0744,0.59,Calm,FMS_MARITIME,2026-04-06
2021-01-17,104,MGO,19.15,15.3,367.2,24,162.3995,0.78,Rough,FMS_MARITIME,2026-04-06
2021-01-18,104,LSMGO,52.25,14.9,357.6,24,454.9958,0.74,Moderate,FMS_MARITIME,2026-04-06
2021-01-19,104,LSMGO,40.25,15.8,379.2,24,330.534,0.7,Moderate,FMS_MARITIME,2026-04-06
2021-01-20,104,VLSFO,58.36,17.6,422.4,24,430.2392,0.53,Rough,FMS_MARITIME,2026-04-06
2021-01-21,104,HFO,48.08,11.4,273.6,24,547.2263,0.5,Moderate,FMS_MARITIME,2026-04-06
2021-01-22,104,VLSFO,72.09,8.3,199.2,24,1126.9491,0.75,Moderate,FMS_MARITIME,2026-04-06
2021-01-23,104,LSMGO,28.68,14.7,352.8,24,253.1449,0.88,Moderate,FMS_MARITIME,2026-04-06
2021-01-24,104,MGO,35.03,15.7,376.8,24,289.4995,0.56,Rough,FMS_MARITIME,2026-04-06
2021-01-25,104,VLSFO,55.99,12.5,300.0,24,581.1762,0.59,Moderate,FMS_MARITIME,2026-04-06
2021-01-26,104,VLSFO,39.28,16.0,384.0,24,318.5362,0.76,Rough,FMS_MARITIME,2026-04-06
2021-01-27,104,LNG,44.14,15.3,367.2,24,374.3245,0.64,Calm,FMS_MARITIME,2026-04-06
2021-01-28,104,VLSFO,38.34,12.7,304.8,24,391.702,0.9,Moderate,FMS_MARITIME,2026-04-06
2021-01-28,104,VLSFO,80.74,16.9,405.6,24,619.8825,0.43,Calm,FMS_MARITIME,2026-04-06
2021-01-28,104,MGO,28.61,12.1,290.4,24,306.789,0.87,Calm,FMS_MARITIME,2026-04-06
2021-01-01,105,HFO,76.43,10.6,254.4,24,935.5465,0.62,Rough,FMS_MARITIME,2026-04-06
2021-01-02,105,MGO,76.76,10.0,240.0,24,995.961,0.51,Moderate,FMS_MARITIME,2026-04-06
2021-01-03,105,LSMGO,26.99,10.1,242.4,24,346.728,0.73,Calm,FMS_MARITIME,2026-04-06
2021-01-04,105,LNG,28.65,16.9,405.6,24,219.9608,0.42,Moderate,FMS_MARITIME,2026-04-06
2021-01-05,105,HFO,40.41,10.7,256.8,24,490.0185,0.84,Rough,FMS_MARITIME,2026-04-06
2021-01-06,105,MGO,29.24,17.4,417.6,24,218.0397,0.96,Calm,FMS_MARITIME,2026-04-06
2021-01-07,105,MGO,47.7,8.8,211.2,24,703.304,0.93,Moderate,FMS_MARITIME,2026-04-06
2021-01-08,105,LNG,54.73,10.9,261.6,24,651.4878,0.78,Calm,FMS_MARITIME,2026-04-06
2021-01-09,105,LSMGO,20.67,15.7,376.8,24,170.8237,0.72,Moderate,FMS_MARITIME,2026-04-06
2021-01-10,105,MGO,58.78,9.8,235.2,24,778.2352,0.63,Rough,FMS_MARITIME,2026-04-06
2021-01-11,105,VLSFO,40.7,9.1,218.4,24,580.3104,0.77,Calm,FMS_MARITIME,2026-04-06
2021-01-12,105,LNG,43.55,17.8,427.2,24,317.4501,0.79,Calm,FMS_MARITIME,2026-04-06
2021-01-13,105,MGO,61.24,17.0,408.0,24,467.4053,0.51,Rough,FMS_MARITIME,2026-04-06
2021-01-14,105,VLSFO,84.35,16.8,403.2,24,651.4531,0.55,Rough,FMS_MARITIME,2026-04-06
2021-01-15,105,LSMGO,30.01,10.0,240.0,24,389.3798,0.77,Moderate,FMS_MARITIME,2026-04-06
2021-01-16,105,HFO,60.16,11.7,280.8,24,667.159,0.62,Calm,FMS_MARITIME,2026-04-06
2021-01-17,105,HFO,37.13,8.6,206.4,24,560.1881,0.56,Rough,FMS_MARITIME,2026-04-06
2021-01-18,105,MGO,52.03,8.8,211.2,24,767.1469,0.69,Rough,FMS_MARITIME,2026-04-06
2021-01-19,105,VLSFO,63.12,9.8,235.2,24,835.6959,0.43,Moderate,FMS_MARITIME,2026-04-06
2021-01-20,105,MGO,54.04,16.1,386.4,24,435.5087,0.59,Calm,FMS_MARITIME,2026-04-06
2021-01-21,105,LSMGO,16.8,18.0,432.0,24,121.1,0.46,Moderate,FMS_MARITIME,2026-04-06
2021-01-22,105,VLSFO,35.99,12.0,288.0,24,389.1419,0.85,Rough,FMS_MARITIME,2026-04-06
2021-01-23,105,LNG,72.81,14.4,345.6,24,656.0484,0.96,Moderate,FMS_MARITIME,2026-04-06
2021-01-24,105,HFO,18.32,10.1,242.4,24,235.3485,0.95,Rough,FMS_MARITIME,2026-04-06
2021-01-25,105,LSMGO,44.8,12.2,292.8,24,476.459,0.63,Rough,FMS_MARITIME,2026-04-06
2021-01-26,105,LSMGO,71.63,8.3,199.2,24,1119.7581,0.78,Calm,FMS_MARITIME,2026-04-06
2021-01-27,105,LSMGO,78.92,15.5,372.0,24,660.6368,0.46,Calm,FMS_MARITIME,2026-04-06
2021-01-28,105,LSMGO,70.71,16.0,384.0,24,573.4139,0.95,Rough,FMS_MARITIME,2026-04-06
2021-01-28,105,LNG,59.02,17.6,422.4,24,435.1048,0.6,Moderate,FMS_MARITIME,2026-04-06
2021-01-28,105,LNG,69.09,8.8,211.2,24,1018.6849,0.45,Rough,FMS_MARITIME,2026-04-06
2021-01-01,106,VLSFO,22.52,8.1,194.4,24,360.737,0.59,Calm,FMS_MARITIME,2026-04-06
2021-01-02,106,LNG,28.37,15.3,367.2,24,240.5887,0.43,Moderate,FMS_MARITIME,2026-04-06
2021-01-03,106,LNG,28.11,15.6,374.4,24,233.7995,0.5,Rough,FMS_MARITIME,2026-04-06
2021-01-04,106,LSMGO,70.24,13.4,321.6,24,680.1224,0.98,Rough,FMS_MARITIME,2026-04-06
2021-01-05,106,HFO,79.79,9.3,223.2,24,1113.1992,0.73,Calm,FMS_MARITIME,2026-04-06
2021-01-06,106,LSMGO,64.14,10.6,254.4,24,785.1099,0.58,Moderate,FMS_MARITIME,2026-04-06
2021-01-07,106,LNG,47.35,8.4,201.6,24,731.3884,0.86,Rough,FMS_MARITIME,2026-04-06
2021-01-08,106,LNG,59.57,14.0,336.0,24,552.0862,0.7,Moderate,FMS_MARITIME,2026-04-06
2021-01-09,106,HFO,80.2,9.6,230.4,24,1083.9531,0.57,Moderate,FMS_MARITIME,2026-04-06
2021-01-10,106,LNG,24.55,16.4,393.6,24,194.2294,0.41,Moderate,FMS_MARITIME,2026-04-06
2021-01-11,106,VLSFO,49.18,10.2,244.8,24,625.5985,0.82,Rough,FMS_MARITIME,2026-04-06
2021-01-12,106,MGO,19.74,17.2,412.8,24,148.9108,0.75,Calm,FMS_MARITIME,2026-04-06
2021-01-13,106,MGO,79.86,13.2,316.8,24,784.9875,0.84,Rough,FMS_MARITIME,2026-04-06
2021-01-14,106,MGO,34.13,16.7,400.8,24,265.1717,0.8,Rough,FMS_MARITIME,2026-04-06
2021-01-15,106,LNG,77.68,12.4,297.6,24,812.821,0.82,Rough,FMS_MARITIME,2026-04-06
2021-01-16,106,HFO,56.51,13.0,312.0,24,564.0133,0.6,Moderate,FMS_MARITIME,2026-04-06
2021-01-17,106,LSMGO,47.85,12.8,307.2,24,485.042,0.78,Calm,FMS_MARITIME,2026-04-06
2021-01-18,106,LNG,45.42,11.9,285.6,24,495.2307,0.59,Rough,FMS_MARITIME,2026-04-06
2021-01-19,106,VLSFO,40.83,9.0,216.0,24,588.6325,0.76,Rough,FMS_MARITIME,2026-04-06
2021-01-20,106,HFO,22.24,14.7,352.8,24,196.302,0.86,Calm,FMS_MARITIME,2026-04-06
2021-01-21,106,MGO,83.27,13.7,328.8,24,788.6338,0.98,Moderate,FMS_MARITIME,2026-04-06
2021-01-22,106,LSMGO,76.22,15.4,369.6,24,642.1782,0.61,Rough,FMS_MARITIME,2026-04-06
2021-01-23,106,LNG,58.33,14.3,343.2,24,529.253,0.66,Calm,FMS_MARITIME,2026-04-06
2021-01-24,106,MGO,44.34,16.5,396.0,24,348.6736,0.58,Moderate,FMS_MARITIME,2026-04-06
2021-01-25,106,LNG,42.5,17.1,410.4,24,322.4781,0.6,Calm,FMS_MARITIME,2026-04-06
2021-01-26,106,HFO,21.1,16.0,384.0,24,171.1078,0.7,Calm,FMS_MARITIME,2026-04-06
2021-01-27,106,LNG,61.43,11.9,285.6,24,669.7935,0.59,Rough,FMS_MARITIME,2026-04-06
2021-01-28,106,HFO,22.26,10.9,261.6,24,264.9757,0.93,Calm,FMS_MARITIME,2026-04-06
2021-01-28,106,MGO,39.17,16.5,396.0,24,308.0186,0.44,Moderate,FMS_MARITIME,2026-04-06
2021-01-28,106,VLSFO,57.46,17.8,427.2,24,418.8447,0.59,Moderate,FMS_MARITIME,2026-04-06
2021-01-01,107,MGO,26.02,10.4,249.6,24,324.6245,0.78,Moderate,FMS_MARITIME,2026-04-06
2021-01-02,107,LSMGO,68.46,15.7,376.8,24,565.7761,0.6,Moderate,FMS_MARITIME,2026-04-06
2021-01-03,107,MGO,44.21,15.2,364.8,24,377.3847,0.86,Moderate,FMS_MARITIME,2026-04-06
2021-01-04,107,MGO,30.65,12.6,302.4,24,315.622,0.74,Rough,FMS_MARITIME,2026-04-06
2021-01-05,107,VLSFO,39.68,16.0,384.0,24,321.78,0.6,Calm,FMS_MARITIME,2026-04-06
2021-01-06,107,LSMGO,38.17,9.7,232.8,24,510.5729,0.9,Moderate,FMS_MARITIME,2026-04-06
2021-01-07,107,HFO,56.48,12.6,302.4,24,581.6095,0.45,Moderate,FMS_MARITIME,2026-04-06
2021-01-08,107,VLSFO,69.1,16.1,386.4,24,556.8773,0.91,Rough,FMS_MARITIME,2026-04-06
2021-01-09,107,LSMGO,78.54,15.5,372.0,24,657.4558,0.56,Rough,FMS_MARITIME,2026-04-06
2021-01-10,107,MGO,84.44,15.6,374.4,24,702.3135,0.93,Calm,FMS_MARITIME,2026-04-06
2021-01-11,107,MGO,42.82,15.9,381.6,24,349.4274,0.81,Rough,FMS_MARITIME,2026-04-06
2021-01-12,107,HFO,54.46,17.5,420.0,24,403.782,0.49,Calm,FMS_MARITIME,2026-04-06
2021-01-13,107,HFO,38.76,14.6,350.4,24,344.4596,0.66,Calm,FMS_MARITIME,2026-04-06
2021-01-14,107,MGO,68.17,13.6,326.4,24,650.3719,0.74,Calm,FMS_MARITIME,2026-04-06
2021-01-15,107,LNG,34.8,17.4,417.6,24,259.5,0.74,Moderate,FMS_MARITIME,2026-04-06
2021-01-16,107,LSMGO,37.41,12.7,304.8,24,382.2006,0.6,Rough,FMS_MARITIME,2026-04-06
2021-01-17,107,LSMGO,62.3,17.9,429.6,24,451.588,0.92,Moderate,FMS_MARITIME,2026-04-06
2021-01-18,107,LSMGO,38.36,15.1,362.4,24,329.6166,0.57,Calm,FMS_MARITIME,2026-04-06
2021-01-19,107,VLSFO,65.61,11.1,266.4,24,766.9277,0.41,Calm,FMS_MARITIME,2026-04-06
2021-01-20,107,LNG,24.85,13.1,314.4,24,246.1288,0.87,Calm,FMS_MARITIME,2026-04-06
2021-01-21,107,HFO,43.53,10.6,254.4,24,532.8318,0.72,Moderate,FMS_MARITIME,2026-04-06
2021-01-22,107,VLSFO,28.22,13.3,319.2,24,275.3041,0.71,Rough,FMS_MARITIME,2026-04-06
2021-01-23,107,LSMGO,39.45,11.8,283.2,24,433.7828,0.94,Calm,FMS_MARITIME,2026-04-06
2021-01-24,107,HFO,63.41,14.6,350.4,24,563.5238,0.57,Rough,FMS_MARITIME,2026-04-06
2021-01-25,107,HFO,19.62,17.5,420.0,24,145.4683,0.88,Moderate,FMS_MARITIME,2026-04-06
2021-01-26,107,VLSFO,32.16,8.5,204.0,24,490.9129,0.44,Moderate,FMS_MARITIME,2026-04-06
2021-01-27,107,MGO,21.08,10.9,261.6,24,250.9294,0.55,Rough,FMS_MARITIME,2026-04-06
2021-01-28,107,VLSFO,45.09,16.0,384.0,24,365.6517,0.81,Rough,FMS_MARITIME,2026-04-06
2021-01-28,107,VLSFO,28.95,14.0,336.0,24,268.3045,0.68,Rough,FMS_MARITIME,2026-04-06
2021-01-28,107,HFO,66.18,13.4,321.6,24,640.8101,0.42,Calm,FMS_MARITIME,2026-04-06
2021-01-01,108,LNG,48.99,17.3,415.2,24,367.425,0.7,Moderate,FMS_MARITIME,2026-04-06
2021-01-02,108,LNG,46.84,15.8,379.2,24,384.6513,0.61,Moderate,FMS_MARITIME,2026-04-06
2021-01-03,108,MGO,40.0,11.8,283.2,24,439.8305,0.6,Calm,FMS_MARITIME,2026-04-06
2021-01-04,108,LSMGO,77.97,10.1,242.4,24,1001.6443,0.47,Moderate,FMS_MARITIME,2026-04-06
2021-01-05,108,VLSFO,63.71,16.1,386.4,24,513.4393,0.61,Rough,FMS_MARITIME,2026-04-06
2021-01-06,108,HFO,22.55,15.2,364.8,24,192.491,0.48,Rough,FMS_MARITIME,2026-04-06
2021-01-07,108,VLSFO,37.06,10.0,240.0,24,480.8535,0.54,Calm,FMS_MARITIME,2026-04-06
2021-01-08,108,VLSFO,66.21,13.4,321.6,24,641.1006,0.52,Calm,FMS_MARITIME,2026-04-06
2021-01-09,108,HFO,81.23,9.9,237.6,24,1064.6053,0.52,Rough,FMS_MARITIME,2026-04-06
2021-01-10,108,LSMGO,19.89,15.5,372.0,24,166.4985,0.59,Rough,FMS_MARITIME,2026-04-06
2021-01-11,108,VLSFO,47.52,15.9,381.6,24,387.7811,0.63,Calm,FMS_MARITIME,2026-04-06
2021-01-12,108,LNG,71.02,12.3,295.2,24,749.1744,0.41,Moderate,FMS_MARITIME,2026-04-06
2021-01-13,108,HFO,22.43,10.8,259.2,24,269.4715,0.85,Moderate,FMS_MARITIME,2026-04-06
2021-01-14,108,LNG,50.49,11.1,266.4,24,590.1872,0.49,Moderate,FMS_MARITIME,2026-04-06
2021-01-15,108,VLSFO,54.37,17.6,422.4,24,400.8243,0.84,Moderate,FMS_MARITIME,2026-04-06
2021-01-16,108,LSMGO,46.72,14.6,350.4,24,415.2,0.67,Calm,FMS_MARITIME,2026-04-06
2021-01-17,108,LNG,34.73,9.7,232.8,24,464.5585,0.74,Moderate,FMS_MARITIME,2026-04-06
2021-01-18,108,HFO,39.14,17.2,412.8,24,295.2567,0.49,Rough,FMS_MARITIME,2026-04-06
2021-01-19,108,LSMGO,82.04,16.0,384.0,24,665.2931,0.77,Moderate,FMS_MARITIME,2026-04-06
2021-01-20,108,MGO,22.82,12.6,302.4,24,234.9917,0.73,Rough,FMS_MARITIME,2026-04-06
2021-01-21,108,LSMGO,84.05,10.6,254.4,24,1028.8196,0.76,Calm,FMS_MARITIME,2026-04-06
2021-01-22,108,LSMGO,77.32,13.9,333.6,24,721.746,0.97,Moderate,FMS_MARITIME,2026-04-06
2021-01-23,108,HFO,40.08,16.3,391.2,24,319.0417,0.63,Rough,FMS_MARITIME,2026-04-06
2021-01-24,108,LSMGO,55.77,11.3,271.2,24,640.3679,0.57,Moderate,FMS_MARITIME,2026-04-06
2021-01-25,108,MGO,35.52,14.6,350.4,24,315.6658,0.66,Moderate,FMS_MARITIME,2026-04-06
2021-01-26,108,HFO,72.73,9.4,225.6,24,1003.9061,0.42,Calm,FMS_MARITIME,2026-04-06
2021-01-27,108,VLSFO,26.89,17.7,424.8,24,197.1174,0.99,Rough,FMS_MARITIME,2026-04-06
2021-01-28,108,MGO,49.69,13.3,319.2,24,484.7577,0.6,Moderate,FMS_MARITIME,2026-04-06
2021-01-28,108,LSMGO,70.12,16.9,405.6,24,538.3473,0.75,Moderate,FMS_MARITIME,2026-04-06
2021-01-28,108,HFO,39.27,14.0,336.0,24,363.9488,0.47,Rough,FMS_MARITIME,2026-04-06
2021-01-01,109,HFO,46.6,11.0,264.0,24,549.6682,0.85,Rough,FMS_MARITIME,2026-04-06
2021-01-02,109,LNG,31.0,14.8,355.2,24,271.7736,0.49,Rough,FMS_MARITIME,2026-04-06
2021-01-03,109,VLSFO,78.26,17.5,420.0,24,580.242,0.94,Rough,FMS_MARITIME,2026-04-06
2021-01-04,109,MGO,70.82,8.3,199.2,24,1107.0958,0.8,Moderate,FMS_MARITIME,2026-04-06
2021-01-05,109,LNG,64.78,12.8,307.2,24,656.6566,0.54,Rough,FMS_MARITIME,2026-04-06
2021-01-06,109,VLSFO,18.0,16.5,396.0,24,141.5455,0.46,Calm,FMS_MARITIME,2026-04-06
2021-01-07,109,LNG,35.87,10.2,244.8,24,456.2875,0.75,Calm,FMS_MARITIME,2026-04-06
2021-01-08,109,LNG,67.2,16.0,384.0,24,544.95,0.93,Moderate,FMS_MARITIME,2026-04-06
2021-01-09,109,LNG,74.01,12.8,307.2,24,750.2186,0.61,Rough,FMS_MARITIME,2026-04-06
2021-01-10,109,VLSFO,50.2,9.8,235.2,24,664.6378,0.92,Rough,FMS_MARITIME,2026-04-06
2021-01-11,109,LSMGO,49.29,15.5,372.0,24,412.605,0.6,Calm,FMS_MARITIME,2026-04-06
2021-01-12,109,LNG,62.6,17.6,422.4,24,461.4972,0.94,Moderate,FMS_MARITIME,2026-04-06
2021-01-13,109,MGO,50.57,13.2,316.8,24,497.0801,0.62,Moderate,FMS_MARITIME,2026-04-06
2021-01-14,109,LNG,37.76,9.1,218.4,24,538.3912,0.81,Calm,FMS_MARITIME,2026-04-06
2021-01-15,109,LSMGO,44.02,16.6,398.4,24,344.072,0.93,Calm,FMS_MARITIME,2026-04-06
2021-01-16,109,VLSFO,44.44,13.7,328.8,24,420.8825,0.63,Moderate,FMS_MARITIME,2026-04-06
2021-01-17,109,MGO,38.91,14.4,345.6,24,350.5953,0.59,Rough,FMS_MARITIME,2026-04-06
2021-01-18,109,HFO,75.45,12.1,290.4,24,809.061,0.53,Rough,FMS_MARITIME,2026-04-06
2021-01-19,109,VLSFO,83.89,11.3,271.2,24,963.2502,0.48,Moderate,FMS_MARITIME,2026-04-06
2021-01-20,109,MGO,50.75,17.3,415.2,24,380.625,0.64,Moderate,FMS_MARITIME,2026-04-06
2021-01-21,109,VLSFO,24.01,8.7,208.8,24,358.0802,0.78,Moderate,FMS_MARITIME,2026-04-06
2021-01-22,109,MGO,46.57,17.0,408.0,24,355.4387,0.73,Rough,FMS_MARITIME,2026-04-06
2021-01-23,109,LSMGO,55.58,16.8,403.2,24,429.2562,0.58,Moderate,FMS_MARITIME,2026-04-06
2021-01-24,109,LSMGO,72.91,13.7,328.8,24,690.5162,0.99,Rough,FMS_MARITIME,2026-04-06
2021-01-25,109,VLSFO,55.02,10.0,240.0,24,713.8845,0.44,Calm,FMS_MARITIME,2026-04-06
2021-01-26,109,VLSFO,18.57,12.9,309.6,24,186.7797,0.63,Calm,FMS_MARITIME,2026-04-06
2021-01-27,109,LSMGO,39.33,9.8,235.2,24,520.7212,0.84,Moderate,FMS_MARITIME,2026-04-06
2021-01-28,109,HFO,31.45,10.5,252.0,24,388.6321,0.48,Moderate,FMS_MARITIME,2026-04-06
2021-01-28,109,HFO,79.17,12.1,290.4,24,848.951,0.47,Moderate,FMS_MARITIME,2026-04-06
2021-01-28,109,LSMGO,22.55,10.0,240.0,24,292.5863,0.45,Rough,FMS_MARITIME,2026-04-06
2021-01-01,110,HFO,32.06,16.6,398.4,24,250.5895,0.9,Moderate,FMS_MARITIME,2026-04-06
2021-01-02,110,LNG,30.84,14.7,352.8,24,272.2102,0.4,Calm,FMS_MARITIME,2026-04-06
2021-01-03,110,VLSFO,15.84,9.7,232.8,24,211.8804,0.61,Moderate,FMS_MARITIME,2026-04-06
2021-01-04,110,LNG,66.58,10.1,242.4,24,855.3223,0.67,Moderate,FMS_MARITIME,2026-04-06
2021-01-05,110,LSMGO,35.25,14.2,340.8,24,322.0907,0.71,Calm,FMS_MARITIME,2026-04-06
2021-01-06,110,HFO,35.86,8.0,192.0,24,581.6044,0.9,Rough,FMS_MARITIME,2026-04-06
2021-01-07,110,VLSFO,74.86,8.4,201.6,24,1156.3196,0.68,Calm,FMS_MARITIME,2026-04-06
2021-01-08,110,LSMGO,23.92,10.2,244.8,24,304.2765,0.5,Moderate,FMS_MARITIME,2026-04-06
2021-01-09,110,LNG,63.63,11.0,264.0,24,750.5448,0.52,Moderate,FMS_MARITIME,2026-04-06
2021-01-10,110,MGO,65.72,9.3,223.2,24,916.9,0.9,Calm,FMS_MARITIME,2026-04-06
2021-01-11,110,VLSFO,51.04,9.2,220.8,24,719.8304,0.41,Calm,FMS_MARITIME,2026-04-06
2021-01-12,110,LNG,52.8,16.3,391.2,24,420.2945,0.91,Rough,FMS_MARITIME,2026-04-06
2021-01-13,110,LSMGO,55.79,15.0,360.0,24,482.5835,0.8,Moderate,FMS_MARITIME,2026-04-06
2021-01-14,110,LSMGO,61.29,17.7,424.8,24,449.2869,0.6,Rough,FMS_MARITIME,2026-04-06
2021-01-15,110,HFO,76.22,17.7,424.8,24,558.7314,0.46,Calm,FMS_MARITIME,2026-04-06
2021-01-16,110,LNG,20.5,13.0,312.0,24,204.6058,0.88,Calm,FMS_MARITIME,2026-04-06
2021-01-17,110,LNG,29.64,16.1,386.4,24,238.8689,0.65,Moderate,FMS_MARITIME,2026-04-06
2021-01-18,110,LSMGO,60.57,10.3,247.2,24,763.0056,0.58,Calm,FMS_MARITIME,2026-04-06
2021-01-19,110,VLSFO,60.5,13.1,314.4,24,599.2271,0.65,Moderate,FMS_MARITIME,2026-04-06
2021-01-20,110,HFO,34.59,13.8,331.2,24,325.2212,0.52,Rough,FMS_MARITIME,2026-04-06
2021-01-21,110,VLSFO,18.45,12.9,309.6,24,185.5727,0.8,Rough,FMS_MARITIME,2026-04-06
2021-01-22,110,VLSFO,84.52,10.8,259.2,24,1015.4139,0.69,Calm,FMS_MARITIME,2026-04-06
2021-01-23,110,HFO,63.19,11.5,276.0,24,712.948,0.8,Calm,FMS_MARITIME,2026-04-06
2021-01-24,110,VLSFO,66.77,15.1,362.4,24,573.7356,0.91,Moderate,FMS_MARITIME,2026-04-06
2021-01-25,110,LNG,38.1,17.5,420.0,24,282.4843,0.9,Rough,FMS_MARITIME,2026-04-06
2021-01-26,110,VLSFO,18.32,14.3,343.2,24,166.2252,0.43,Moderate,FMS_MARITIME,2026-04-06
2021-01-27,110,LNG,53.88,13.0,312.0,24,537.7638,0.87,Calm,FMS_MARITIME,2026-04-06
2021-01-28,110,MGO,69.1,15.0,360.0,24,597.715,0.49,Rough,FMS_MARITIME,2026-04-06
2021-01-28,110,HFO,52.93,10.9,261.6,24,630.0612,0.7,Calm,FMS_MARITIME,2026-04-06
2021-01-28,110,LSMGO,56.96,16.0,384.0,24,461.91,0.54,Rough,FMS_MARITIME,2026-04-06
2021-01-01,111,HFO,78.65,17.0,408.0,24,600.2846,0.6,Moderate,FMS_MARITIME,2026-04-06
2021-01-02,111,LNG,45.92,13.9,333.6,24,428.6417,0.56,Calm,FMS_MARITIME,2026-04-06
2021-01-03,111,LNG,65.81,10.5,252.0,24,813.2236,0.91,Moderate,FMS_MARITIME,2026-04-06
2021-01-04,111,LSMGO,39.25,12.1,290.4,24,420.8833,0.94,Calm,FMS_MARITIME,2026-04-06
2021-01-05,111,LNG,64.22,17.6,422.4,24,473.4401,0.47,Rough,FMS_MARITIME,2026-04-06
2021-01-06,111,LSMGO,60.96,14.6,350.4,24,541.7507,0.8,Calm,FMS_MARITIME,2026-04-06
2021-01-07,111,LSMGO,81.99,16.9,405.6,24,629.4794,0.58,Moderate,FMS_MARITIME,2026-04-06
2021-01-08,111,MGO,35.76,13.8,331.2,24,336.2217,0.84,Moderate,FMS_MARITIME,2026-04-06
2021-01-09,111,LNG,73.36,12.6,302.4,24,755.4333,0.92,Calm,FMS_MARITIME,2026-04-06
2021-01-10,111,LSMGO,31.64,15.2,364.8,24,270.0849,0.72,Moderate,FMS_MARITIME,2026-04-06
2021-01-11,111,HFO,38.8,11.4,273.6,24,441.6053,0.82,Rough,FMS_MARITIME,2026-04-06
2021-01-12,111,LSMGO,63.82,16.5,396.0,24,501.8573,0.61,Moderate,FMS_MARITIME,2026-04-06
2021-01-13,111,VLSFO,51.09,15.4,369.6,24,430.4498,0.97,Rough,FMS_MARITIME,2026-04-06
2021-01-14,111,MGO,83.11,15.0,360.0,24,718.9015,0.98,Rough,FMS_MARITIME,2026-04-06
2021-01-15,111,HFO,41.85,15.6,374.4,24,348.0793,0.95,Rough,FMS_MARITIME,2026-04-06
2021-01-16,111,LNG,21.09,15.8,379.2,24,173.1916,0.42,Moderate,FMS_MARITIME,2026-04-06
2021-01-17,111,VLSFO,69.25,9.1,218.4,24,987.3832,0.65,Rough,FMS_MARITIME,2026-04-06
2021-01-18,111,LNG,52.44,13.3,319.2,24,511.5857,0.48,Rough,FMS_MARITIME,2026-04-06
2021-01-19,111,VLSFO,78.17,9.4,225.6,24,1078.9955,0.96,Rough,FMS_MARITIME,2026-04-06
2021-01-20,111,HFO,80.79,10.1,242.4,24,1037.8715,0.97,Calm,FMS_MARITIME,2026-04-06
2021-01-21,111,LSMGO,78.91,8.1,194.4,24,1264.0213,0.66,Moderate,FMS_MARITIME,2026-04-06
2021-01-22,111,VLSFO,30.39,12.3,295.2,24,320.5774,0.97,Calm,FMS_MARITIME,2026-04-06
2021-01-23,111,MGO,30.65,14.5,348.0,24,274.2647,0.7,Moderate,FMS_MARITIME,2026-04-06
2021-01-24,111,LNG,48.81,11.6,278.4,24,545.9567,0.78,Rough,FMS_MARITIME,2026-04-06
2021-01-25,111,LNG,15.18,14.3,343.2,24,137.7346,0.8,Moderate,FMS_MARITIME,2026-04-06
2021-01-26,111,VLSFO,35.09,12.9,309.6,24,352.9401,0.75,Moderate,FMS_MARITIME,2026-04-06
2021-01-27,111,LNG,37.24,12.8,307.2,24,377.4914,0.89,Calm,FMS_MARITIME,2026-04-06
2021-01-28,111,MGO,20.31,14.0,336.0,24,188.2302,0.84,Calm,FMS_MARITIME,2026-04-06
2021-01-28,111,MGO,66.99,13.9,333.6,24,625.3203,0.56,Moderate,FMS_MARITIME,2026-04-06
2021-01-28,111,LNG,60.77,16.9,405.6,24,466.5626,0.85,Calm,FMS_MARITIME,2026-04-06
2021-01-01,112,MGO,18.51,15.2,364.8,24,158.0048,0.71,Rough,FMS_MARITIME,2026-04-06
2021-01-02,112,VLSFO,23.72,12.3,295.2,24,250.2171,0.6,Calm,FMS_MARITIME,2026-04-06
2021-01-03,112,VLSFO,56.29,9.4,225.6,24,776.9816,0.65,Moderate,FMS_MARITIME,2026-04-06
2021-01-04,112,LNG,34.05,9.3,223.2,24,475.0524,0.87,Calm,FMS_MARITIME,2026-04-06
2021-01-05,112,LSMGO,54.45,14.9,357.6,24,474.1535,0.43,Calm,FMS_MARITIME,2026-04-06
2021-01-06,112,LNG,69.57,16.5,396.0,24,547.0732,0.47,Moderate,FMS_MARITIME,2026-04-06
2021-01-07,112,HFO,47.68,14.1,338.4,24,438.7574,0.42,Calm,FMS_MARITIME,2026-04-06
2021-01-08,112,HFO,62.01,17.2,412.8,24,467.7789,0.67,Rough,FMS_MARITIME,2026-04-06
2021-01-09,112,LNG,37.42,13.1,314.4,24,370.6294,0.66,Rough,FMS_MARITIME,2026-04-06
2021-01-10,112,LNG,36.63,10.3,247.2,24,461.4313,0.57,Moderate,FMS_MARITIME,2026-04-06
2021-01-11,112,LSMGO,31.24,15.5,372.0,24,261.509,0.78,Calm,FMS_MARITIME,2026-04-06
2021-01-12,112,VLSFO,34.34,13.5,324.0,24,330.0456,0.46,Rough,FMS_MARITIME,2026-04-06
2021-01-13,112,LNG,55.27,11.2,268.8,24,640.2931,0.44,Calm,FMS_MARITIME,2026-04-06
2021-01-14,112,HFO,29.08,9.4,225.6,24,401.3968,0.61,Calm,FMS_MARITIME,2026-04-06
2021-01-15,112,MGO,52.91,17.3,415.2,24,396.825,0.79,Rough,FMS_MARITIME,2026-04-06
2021-01-16,112,HFO,59.12,9.8,235.2,24,782.7367,0.45,Rough,FMS_MARITIME,2026-04-06
2021-01-17,112,MGO,28.74,14.6,350.4,24,255.412,0.76,Rough,FMS_MARITIME,2026-04-06
2021-01-18,112,LSMGO,35.57,8.1,194.4,24,569.7787,0.57,Calm,FMS_MARITIME,2026-04-06
2021-01-19,112,LSMGO,46.39,11.1,266.4,24,542.2615,0.84,Rough,FMS_MARITIME,2026-04-06
2021-01-20,112,VLSFO,62.83,8.4,201.6,24,970.4991,0.55,Rough,FMS_MARITIME,2026-04-06
2021-01-21,112,LNG,62.56,15.1,362.4,24,537.5603,0.63,Moderate,FMS_MARITIME,2026-04-06
2021-01-22,112,VLSFO,59.29,8.4,201.6,24,915.8187,0.9,Rough,FMS_MARITIME,2026-04-06
2021-01-23,112,HFO,37.41,13.8,331.2,24,351.7353,0.94,Moderate,FMS_MARITIME,2026-04-06
2021-01-24,112,LSMGO,29.87,8.2,196.8,24,472.6381,0.89,Moderate,FMS_MARITIME,2026-04-06
2021-01-25,112,MGO,52.36,13.5,324.0,24,503.2378,0.57,Rough,FMS_MARITIME,2026-04-06
2021-01-26,112,HFO,16.49,14.5,348.0,24,147.5571,0.71,Moderate,FMS_MARITIME,2026-04-06
2021-01-27,112,LSMGO,63.34,10.4,249.6,24,790.2274,0.8,Rough,FMS_MARITIME,2026-04-06
2021-01-28,112,LNG,62.89,14.2,340.8,24,574.6463,0.82,Calm,FMS_MARITIME,2026-04-06
2021-01-28,112,LSMGO,41.73,11.8,283.2,24,458.8532,0.5,Calm,FMS_MARITIME,2026-04-06
2021-01-28,112,MGO,39.38,12.7,304.8,24,402.3272,0.74,Rough,FMS_MARITIME,2026-04-06
2021-01-01,113,HFO,30.57,11.3,271.2,24,351.0139,0.45,Moderate,FMS_MARITIME,2026-04-06
2021-01-02,113,LNG,18.95,13.1,314.4,24,187.6918,0.9,Moderate,FMS_MARITIME,2026-04-06
2021-01-03,113,LSMGO,49.53,16.4,393.6,24,391.8608,0.48,Rough,FMS_MARITIME,2026-04-06
2021-01-04,113,LSMGO,71.9,15.8,379.2,24,590.4446,0.73,Calm,FMS_MARITIME,2026-04-06
2021-01-05,113,HFO,76.22,15.6,374.4,24,633.9452,0.95,Rough,FMS_MARITIME,2026-04-06
2021-01-06,113,MGO,84.37,17.7,424.8,24,618.475,0.88,Moderate,FMS_MARITIME,2026-04-06
2021-01-07,113,VLSFO,50.24,8.3,199.2,24,785.3783,0.54,Calm,FMS_MARITIME,2026-04-06
2021-01-08,113,LNG,15.91,10.1,242.4,24,204.3884,0.69,Moderate,FMS_MARITIME,2026-04-06
2021-01-09,113,VLSFO,76.03,9.1,218.4,24,1084.0541,0.56,Rough,FMS_MARITIME,2026-04-06
2021-01-10,113,LNG,80.02,12.7,304.8,24,817.5272,0.59,Moderate,FMS_MARITIME,2026-04-06
2021-01-11,113,MGO,79.64,8.6,206.4,24,1201.5453,0.75,Moderate,FMS_MARITIME,2026-04-06
2021-01-12,113,MGO,33.11,12.8,307.2,24,335.6268,0.46,Rough,FMS_MARITIME,2026-04-06
2021-01-13,113,MGO,31.02,11.1,266.4,24,362.5986,0.86,Moderate,FMS_MARITIME,2026-04-06
2021-01-14,113,MGO,36.03,12.4,297.6,24,377.0075,0.81,Rough,FMS_MARITIME,2026-04-06
2021-01-15,113,MGO,83.82,13.3,319.2,24,817.7177,0.48,Moderate,FMS_MARITIME,2026-04-06
2021-01-16,113,LSMGO,81.37,14.5,348.0,24,728.1212,0.98,Rough,FMS_MARITIME,2026-04-06
2021-01-17,113,HFO,51.44,9.1,218.4,24,733.444,0.86,Calm,FMS_MARITIME,2026-04-06
2021-01-18,113,LNG,37.03,16.2,388.8,24,296.5829,0.69,Calm,FMS_MARITIME,2026-04-06
2021-01-19,113,MGO,53.04,15.9,381.6,24,432.8264,0.44,Moderate,FMS_MARITIME,2026-04-06
2021-01-20,113,LNG,66.52,12.3,295.2,24,701.7049,1.0,Rough,FMS_MARITIME,2026-04-06
2021-01-21,113,LSMGO,61.27,11.7,280.8,24,679.4686,0.41,Rough,FMS_MARITIME,2026-04-06
2021-01-22,113,VLSFO,50.28,13.4,321.6,24,486.853,1.0,Rough,FMS_MARITIME,2026-04-06
2021-01-23,113,HFO,45.37,10.2,244.8,24,577.1331,0.51,Moderate,FMS_MARITIME,2026-04-06
2021-01-24,113,HFO,81.71,11.2,268.8,24,946.5958,0.55,Rough,FMS_MARITIME,2026-04-06
2021-01-25,113,MGO,67.19,11.0,264.0,24,792.5366,0.63,Rough,FMS_MARITIME,2026-04-06
2021-01-26,113,LSMGO,29.46,10.4,249.6,24,367.5418,0.75,Calm,FMS_MARITIME,2026-04-06
2021-01-27,113,MGO,83.01,11.0,264.0,24,979.1407,0.48,Moderate,FMS_MARITIME,2026-04-06
2021-01-28,113,MGO,38.73,12.5,300.0,24,402.0174,0.92,Moderate,FMS_MARITIME,2026-04-06
2021-01-28,113,VLSFO,74.73,15.2,364.8,24,637.909,0.64,Rough,FMS_MARITIME,2026-04-06
2021-01-28,113,VLSFO,72.67,13.4,321.6,24,703.6517,0.88,Moderate,FMS_MARITIME,2026-04-06
2021-01-01,114,VLSFO,66.73,18.0,432.0,24,481.0121,0.68,Moderate,FMS_MARITIME,2026-04-06
2021-01-02,114,LNG,51.77,9.1,218.4,24,738.1492,0.86,Rough,FMS_MARITIME,2026-04-06
2021-01-03,114,LNG,50.79,17.3,415.2,24,380.925,0.75,Moderate,FMS_MARITIME,2026-04-06
2021-01-04,114,LNG,32.57,17.6,422.4,24,240.1112,0.83,Calm,FMS_MARITIME,2026-04-06
2021-01-05,114,LNG,84.84,17.5,420.0,24,629.028,0.41,Rough,FMS_MARITIME,2026-04-06
2021-01-06,114,MGO,60.6,13.6,326.4,24,578.1507,0.68,Moderate,FMS_MARITIME,2026-04-06
2021-01-07,114,LNG,63.65,15.5,372.0,24,532.8121,0.72,Rough,FMS_MARITIME,2026-04-06
2021-01-08,114,HFO,28.24,17.9,429.6,24,204.7006,0.88,Calm,FMS_MARITIME,2026-04-06
2021-01-09,114,MGO,55.03,9.8,235.2,24,728.586,0.45,Rough,FMS_MARITIME,2026-04-06
2021-01-10,114,VLSFO,80.32,17.6,422.4,24,592.1318,0.48,Rough,FMS_MARITIME,2026-04-06
2021-01-11,114,LNG,80.73,8.0,192.0,24,1309.3397,0.51,Calm,FMS_MARITIME,2026-04-06
2021-01-12,114,HFO,32.55,14.9,357.6,24,283.4471,0.95,Moderate,FMS_MARITIME,2026-04-06
2021-01-13,114,HFO,40.76,10.7,256.8,24,494.2626,0.91,Rough,FMS_MARITIME,2026-04-06
2021-01-14,114,LSMGO,52.71,9.6,230.4,24,712.4086,0.93,Calm,FMS_MARITIME,2026-04-06
2021-01-15,114,HFO,68.61,8.9,213.6,24,1000.2413,0.93,Moderate,FMS_MARITIME,2026-04-06
2021-01-16,114,VLSFO,16.96,12.0,288.0,24,183.38,0.7,Moderate,FMS_MARITIME,2026-04-06
2021-01-17,114,MGO,37.85,12.7,304.8,24,386.6959,0.92,Calm,FMS_MARITIME,2026-04-06
2021-01-18,114,LSMGO,46.27,11.1,266.4,24,540.8588,0.97,Moderate,FMS_MARITIME,2026-04-06
2021-01-19,114,LSMGO,44.86,12.4,297.6,24,469.402,0.75,Moderate,FMS_MARITIME,2026-04-06
2021-01-20,114,VLSFO,21.47,14.5,348.0,24,192.1195,0.87,Moderate,FMS_MARITIME,2026-04-06
2021-01-21,114,LSMGO,44.25,8.6,206.4,24,667.609,0.64,Rough,FMS_MARITIME,2026-04-06
2021-01-22,114,VLSFO,35.45,11.1,266.4,24,414.3818,0.58,Moderate,FMS_MARITIME,2026-04-06
2021-01-23,114,LSMGO,62.61,8.5,204.0,24,955.7232,0.5,Calm,FMS_MARITIME,2026-04-06
2021-01-24,114,LSMGO,74.57,13.8,331.2,24,701.1201,0.66,Rough,FMS_MARITIME,2026-04-06
2021-01-25,114,MGO,60.57,14.0,336.0,24,561.3541,0.64,Rough,FMS_MARITIME,2026-04-06
2021-01-26,114,LNG,29.65,10.1,242.4,24,380.8998,0.52,Calm,FMS_MARITIME,2026-04-06
2021-01-27,114,HFO,35.55,16.5,396.0,24,279.5523,0.46,Calm,FMS_MARITIME,2026-04-06
2021-01-28,114,VLSFO,82.72,15.4,369.6,24,696.9429,0.71,Calm,FMS_MARITIME,2026-04-06
2021-01-28,114,LNG,29.52,10.4,249.6,24,368.2904,0.59,Calm,FMS_MARITIME,2026-04-06
2021-01-28,114,LNG,71.7,13.2,316.8,24,704.7784,0.57,Calm,FMS_MARITIME,2026-04-06
2021-01-01,115,VLSFO,45.32,14.3,343.2,24,411.2077,0.55,Rough,FMS_MARITIME,2026-04-06
2021-01-02,115,HFO,75.09,15.1,362.4,24,645.227,0.54,Calm,FMS_MARITIME,2026-04-06
2021-01-03,115,HFO,81.55,8.6,206.4,24,1230.3619,0.63,Calm,FMS_MARITIME,2026-04-06
2021-01-04,115,VLSFO,45.21,15.7,376.8,24,373.6304,0.71,Moderate,FMS_MARITIME,2026-04-06
2021-01-05,115,MGO,36.42,16.4,393.6,24,288.1399,0.85,Rough,FMS_MARITIME,2026-04-06
2021-01-06,115,LNG,46.76,14.4,345.6,24,421.3271,0.49,Rough,FMS_MARITIME,2026-04-06
2021-01-07,115,HFO,68.47,11.5,276.0,24,772.5202,0.78,Rough,FMS_MARITIME,2026-04-06
2021-01-08,115,HFO,44.89,11.1,266.4,24,524.7277,0.63,Moderate,FMS_MARITIME,2026-04-06
2021-01-09,115,HFO,66.78,15.5,372.0,24,559.0132,0.51,Moderate,FMS_MARITIME,2026-04-06
2021-01-10,115,LSMGO,35.73,16.9,405.6,24,274.3176,0.41,Calm,FMS_MARITIME,2026-04-06
2021-01-11,115,MGO,57.87,12.4,297.6,24,605.5349,0.52,Rough,FMS_MARITIME,2026-04-06
2021-01-12,115,LNG,78.63,14.2,340.8,24,718.4678,0.93,Calm,FMS_MARITIME,2026-04-06
2021-01-13,115,HFO,34.42,17.0,408.0,24,262.7056,0.65,Rough,FMS_MARITIME,2026-04-06
2021-01-14,115,MGO,53.1,12.9,309.6,24,534.0872,0.99,Calm,FMS_MARITIME,2026-04-06
2021-01-15,115,HFO,25.33,16.5,396.0,24,199.1859,0.66,Calm,FMS_MARITIME,2026-04-06
2021-01-16,115,MGO,78.78,16.7,400.8,24,612.0781,0.49,Calm,FMS_MARITIME,2026-04-06
2021-01-17,115,MGO,55.06,15.7,376.8,24,455.0341,0.56,Moderate,FMS_MARITIME,2026-04-06
2021-01-18,115,HFO,15.98,16.5,396.0,24,125.6609,0.88,Rough,FMS_MARITIME,2026-04-06
2021-01-19,115,VLSFO,63.09,17.3,415.2,24,473.175,0.77,Moderate,FMS_MARITIME,2026-04-06
2021-01-20,115,HFO,32.07,8.2,196.8,24,507.4491,0.99,Rough,FMS_MARITIME,2026-04-06
2021-01-21,115,LNG,17.13,17.3,415.2,24,128.475,0.66,Calm,FMS_MARITIME,2026-04-06
2021-01-22,115,VLSFO,38.79,10.5,252.0,24,479.3336,0.79,Calm,FMS_MARITIME,2026-04-06
2021-01-23,115,LNG,20.64,13.0,312.0,24,206.0031,0.74,Moderate,FMS_MARITIME,2026-04-06
2021-01-24,115,HFO,66.49,11.6,278.4,24,743.7136,0.5,Rough,FMS_MARITIME,2026-04-06
2021-01-25,115,LSMGO,35.49,15.0,360.0,24,306.9885,0.51,Calm,FMS_MARITIME,2026-04-06
2021-01-26,115,LSMGO,27.59,16.2,388.8,24,220.9755,0.44,Rough,FMS_MARITIME,2026-04-06
2021-01-27,115,MGO,50.63,9.8,235.2,24,670.3309,0.48,Moderate,FMS_MARITIME,2026-04-06
2021-01-28,115,HFO,53.33,16.7,400.8,24,414.3454,0.98,Calm,FMS_MARITIME,2026-04-06
2021-01-28,115,MGO,45.11,12.2,292.8,24,479.7559,0.98,Moderate,FMS_MARITIME,2026-04-06
2021-01-28,115,VLSFO,48.41,15.6,374.4,24,402.6409,0.99,Calm,FMS_MARITIME,2026-04-06
2021-01-01,116,HFO,79.26,10.8,259.2,24,952.2208,0.54,Rough,FMS_MARITIME,2026-04-06
2021-01-02,116,VLSFO,18.79,11.0,264.0,24,221.6366,0.62,Rough,FMS_MARITIME,2026-04-06
2021-01-03,116,LSMGO,49.04,15.6,374.4,24,407.8808,0.64,Calm,FMS_MARITIME,2026-04-06
2021-01-04,116,VLSFO,31.78,15.9,381.6,24,259.3368,0.7,Moderate,FMS_MARITIME,2026-04-06
2021-01-05,116,VLSFO,68.11,11.0,264.0,24,803.3884,0.69,Moderate,FMS_MARITIME,2026-04-06
2021-01-06,116,LSMGO,29.73,11.5,276.0,24,335.432,0.76,Calm,FMS_MARITIME,2026-04-06
2021-01-07,116,MGO,54.35,16.4,393.6,24,429.9947,0.84,Calm,FMS_MARITIME,2026-04-06
2021-01-08,116,LSMGO,83.97,9.9,237.6,24,1100.5159,0.65,Moderate,FMS_MARITIME,2026-04-06
2021-01-09,116,LNG,35.12,16.2,388.8,24,281.2852,0.79,Calm,FMS_MARITIME,2026-04-06
2021-01-10,116,MGO,18.28,13.9,333.6,24,170.6353,0.89,Moderate,FMS_MARITIME,2026-04-06
2021-01-11,116,MGO,67.78,17.7,424.8,24,496.8619,0.96,Rough,FMS_MARITIME,2026-04-06
2021-01-12,116,MGO,61.26,16.5,396.0,24,481.7264,0.75,Moderate,FMS_MARITIME,2026-04-06
2021-01-13,116,VLSFO,23.77,9.2,220.8,24,335.2345,0.68,Calm,FMS_MARITIME,2026-04-06
2021-01-14,116,LNG,58.0,9.0,216.0,24,836.1667,0.55,Moderate,FMS_MARITIME,2026-04-06
2021-01-15,116,LSMGO,63.36,12.7,304.8,24,647.3197,0.46,Calm,FMS_MARITIME,2026-04-06
2021-01-16,116,MGO,48.91,12.7,304.8,24,499.6907,0.91,Calm,FMS_MARITIME,2026-04-06
2021-01-17,116,MGO,64.7,8.3,199.2,24,1011.4247,0.64,Rough,FMS_MARITIME,2026-04-06
2021-01-18,116,LSMGO,63.15,16.9,405.6,24,484.8351,0.64,Rough,FMS_MARITIME,2026-04-06
2021-01-19,116,LNG,67.8,17.3,415.2,24,508.5,0.58,Moderate,FMS_MARITIME,2026-04-06
2021-01-20,116,HFO,43.34,14.0,336.0,24,401.6689,0.67,Calm,FMS_MARITIME,2026-04-06
2021-01-21,116,MGO,66.07,11.9,285.6,24,720.3851,0.91,Moderate,FMS_MARITIME,2026-04-06
2021-01-22,116,LSMGO,25.36,10.6,254.4,24,310.4208,0.46,Calm,FMS_MARITIME,2026-04-06
2021-01-23,116,VLSFO,51.17,9.9,237.6,24,670.6371,0.7,Calm,FMS_MARITIME,2026-04-06
2021-01-24,116,LSMGO,75.03,11.6,278.4,24,839.2364,0.81,Rough,FMS_MARITIME,2026-04-06
2021-01-25,116,VLSFO,15.33,14.3,343.2,24,139.0956,0.75,Moderate,FMS_MARITIME,2026-04-06
2021-01-26,116,LNG,16.28,9.2,220.8,24,229.6011,0.76,Rough,FMS_MARITIME,2026-04-06
2021-01-27,116,MGO,83.2,11.3,271.2,24,955.3274,0.48,Moderate,FMS_MARITIME,2026-04-06
2021-01-28,116,LSMGO,35.28,12.2,292.8,24,375.2115,0.96,Calm,FMS_MARITIME,2026-04-06
2021-01-28,116,VLSFO,21.91,14.7,352.8,24,193.3893,0.64,Rough,FMS_MARITIME,2026-04-06
2021-01-28,116,MGO,37.06,8.7,208.8,24,552.7052,0.9,Rough,FMS_MARITIME,2026-04-06
2021-01-01,117,LNG,38.68,8.7,208.8,24,576.8655,0.63,Moderate,FMS_MARITIME,2026-04-06
2021-01-02,117,LSMGO,73.1,9.6,230.4,24,987.9922,0.54,Rough,FMS_MARITIME,2026-04-06
2021-01-03,117,LSMGO,29.64,10.2,244.8,24,377.0382,0.86,Moderate,FMS_MARITIME,2026-04-06
2021-01-04,117,LNG,40.67,10.4,249.6,24,507.3974,0.43,Rough,FMS_MARITIME,2026-04-06
2021-01-05,117,VLSFO,39.2,13.4,321.6,24,379.5672,0.76,Rough,FMS_MARITIME,2026-04-06
2021-01-06,117,MGO,76.58,16.4,393.6,24,605.8692,0.82,Calm,FMS_MARITIME,2026-04-06
2021-01-07,117,LSMGO,32.78,8.9,213.6,24,477.8882,0.69,Rough,FMS_MARITIME,2026-04-06
2021-01-08,117,MGO,83.48,11.0,264.0,24,984.6845,0.84,Calm,FMS_MARITIME,2026-04-06
2021-01-09,117,LNG,60.79,14.7,352.8,24,536.5648,0.42,Rough,FMS_MARITIME,2026-04-06
2021-01-10,117,LNG,17.79,17.5,420.0,24,131.9001,0.68,Calm,FMS_MARITIME,2026-04-06
2021-01-11,117,LNG,40.52,14.0,336.0,24,375.5336,0.99,Moderate,FMS_MARITIME,2026-04-06
2021-01-12,117,VLSFO,81.21,13.7,328.8,24,769.1239,0.77,Calm,FMS_MARITIME,2026-04-06
2021-01-13,117,VLSFO,17.19,15.8,379.2,24,141.1647,0.86,Moderate,FMS_MARITIME,2026-04-06
2021-01-14,117,LNG,47.91,8.2,196.8,24,758.0881,0.72,Rough,FMS_MARITIME,2026-04-06
2021-01-15,117,LSMGO,79.58,13.8,331.2,24,748.225,0.92,Calm,FMS_MARITIME,2026-04-06
2021-01-16,117,LNG,22.67,10.9,261.6,24,269.8562,0.98,Moderate,FMS_MARITIME,2026-04-06
2021-01-17,117,VLSFO,59.74,12.3,295.2,24,630.1841,0.42,Rough,FMS_MARITIME,2026-04-06
2021-01-18,117,LSMGO,71.36,17.1,410.4,24,541.4596,0.8,Rough,FMS_MARITIME,2026-04-06
2021-01-19,117,HFO,46.77,12.6,302.4,24,481.6196,0.81,Moderate,FMS_MARITIME,2026-04-06
2021-01-20,117,HFO,55.33,17.5,420.0,24,410.2324,0.63,Rough,FMS_MARITIME,2026-04-06
2021-01-21,117,VLSFO,31.21,12.6,302.4,24,321.3887,0.58,Calm,FMS_MARITIME,2026-04-06
2021-01-22,117,MGO,33.46,9.2,220.8,24,471.8951,0.66,Rough,FMS_MARITIME,2026-04-06
2021-01-23,117,HFO,44.37,17.2,412.8,24,334.7097,0.96,Moderate,FMS_MARITIME,2026-04-06
2021-01-24,117,VLSFO,48.39,11.3,271.2,24,555.6285,0.73,Calm,FMS_MARITIME,2026-04-06
2021-01-25,117,LSMGO,25.05,13.5,324.0,24,240.7583,0.9,Calm,FMS_MARITIME,2026-04-06
2021-01-26,117,LSMGO,68.07,16.5,396.0,24,535.2777,0.78,Rough,FMS_MARITIME,2026-04-06
2021-01-27,117,VLSFO,78.83,13.1,314.4,24,780.7781,0.55,Rough,FMS_MARITIME,2026-04-06
2021-01-28,117,LNG,58.72,13.8,331.2,24,552.0957,0.42,Rough,FMS_MARITIME,2026-04-06
2021-01-28,117,MGO,65.33,10.9,261.6,24,777.6667,0.81,Rough,FMS_MARITIME,2026-04-06
2021-01-28,117,VLSFO,76.3,15.8,379.2,24,626.5775,0.68,Calm,FMS_MARITIME,2026-04-06
2021-01-01,118,VLSFO,70.64,8.6,206.4,24,1065.7605,0.67,Moderate,FMS_MARITIME,2026-04-06
2021-01-02,118,MGO,52.07,10.0,240.0,24,675.6083,0.74,Moderate,FMS_MARITIME,2026-04-06
2021-01-03,118,LNG,72.51,8.2,196.8,24,1147.3381,0.85,Moderate,FMS_MARITIME,2026-04-06
2021-01-04,118,HFO,64.7,10.6,254.4,24,791.9646,0.56,Moderate,FMS_MARITIME,2026-04-06
2021-01-05,118,MGO,19.14,8.0,192.0,24,310.4269,0.42,Moderate,FMS_MARITIME,2026-04-06
2021-01-06,118,VLSFO,18.16,11.7,280.8,24,201.3897,0.86,Calm,FMS_MARITIME,2026-04-06
2021-01-07,118,HFO,44.6,8.5,204.0,24,680.8059,0.67,Rough,FMS_MARITIME,2026-04-06
2021-01-08,118,LSMGO,55.9,12.9,309.6,24,562.25,0.84,Calm,FMS_MARITIME,2026-04-06
2021-01-09,118,MGO,50.23,15.3,367.2,24,425.9701,0.85,Moderate,FMS_MARITIME,2026-04-06
2021-01-10,118,MGO,79.68,9.5,228.0,24,1088.2611,0.56,Rough,FMS_MARITIME,2026-04-06
2021-01-11,118,LSMGO,55.3,15.1,362.4,24,475.1772,0.49,Moderate,FMS_MARITIME,2026-04-06
2021-01-12,118,LSMGO,74.69,9.1,218.4,24,1064.9481,0.69,Calm,FMS_MARITIME,2026-04-06
2021-01-13,118,MGO,43.55,16.1,386.4,24,350.9697,1.0,Moderate,FMS_MARITIME,2026-04-06
2021-01-14,118,LNG,40.64,15.3,367.2,24,344.6431,0.9,Rough,FMS_MARITIME,2026-04-06
2021-01-15,118,VLSFO,61.69,17.8,427.2,24,449.6785,0.97,Moderate,FMS_MARITIME,2026-04-06
2021-01-16,118,MGO,78.72,17.1,410.4,24,597.3053,0.51,Rough,FMS_MARITIME,2026-04-06
2021-01-17,118,LSMGO,25.0,15.4,369.6,24,210.6331,0.43,Moderate,FMS_MARITIME,2026-04-06
2021-01-18,118,HFO,49.69,14.9,357.6,24,432.7032,0.73,Calm,FMS_MARITIME,2026-04-06
2021-01-19,118,HFO,15.14,15.1,362.4,24,130.0937,0.69,Calm,FMS_MARITIME,2026-04-06
2021-01-20,118,VLSFO,33.0,15.0,360.0,24,285.45,0.61,Calm,FMS_MARITIME,2026-04-06
2021-01-21,118,HFO,23.46,8.5,204.0,24,358.11,0.65,Moderate,FMS_MARITIME,2026-04-06
2021-01-22,118,VLSFO,47.54,16.5,396.0,24,373.8373,0.69,Calm,FMS_MARITIME,2026-04-06
2021-01-23,118,LNG,84.34,12.4,297.6,24,882.5093,0.75,Rough,FMS_MARITIME,2026-04-06
2021-01-24,118,LNG,47.81,15.3,367.2,24,405.4475,0.66,Rough,FMS_MARITIME,2026-04-06
2021-01-25,118,MGO,15.65,17.6,422.4,24,115.3743,0.51,Rough,FMS_MARITIME,2026-04-06
2021-01-26,118,LSMGO,54.86,12.6,302.4,24,564.9274,0.95,Rough,FMS_MARITIME,2026-04-06
2021-01-27,118,HFO,50.82,10.9,261.6,24,604.9445,0.69,Rough,FMS_MARITIME,2026-04-06
2021-01-28,118,VLSFO,42.83,12.1,290.4,24,459.2721,0.91,Moderate,FMS_MARITIME,2026-04-06
2021-01-28,118,MGO,66.68,8.3,199.2,24,1042.3771,0.55,Calm,FMS_MARITIME,2026-04-06
2021-01-28,118,VLSFO,83.88,12.0,288.0,24,906.9525,0.74,Moderate,FMS_MARITIME,2026-04-06
2021-01-01,119,MGO,84.69,13.1,314.4,24,838.8189,0.93,Calm,FMS_MARITIME,2026-04-06
2021-01-02,119,MGO,18.79,11.4,273.6,24,213.8599,0.63,Moderate,FMS_MARITIME,2026-04-06
2021-01-03,119,HFO,50.87,17.9,429.6,24,368.7365,0.81,Moderate,FMS_MARITIME,2026-04-06
2021-01-04,119,HFO,42.35,14.2,340.8,24,386.9657,0.59,Rough,FMS_MARITIME,2026-04-06
2021-01-05,119,VLSFO,61.42,11.5,276.0,24,692.9778,0.64,Calm,FMS_MARITIME,2026-04-06
2021-01-06,119,LSMGO,17.07,10.4,249.6,24,212.9647,0.92,Moderate,FMS_MARITIME,2026-04-06
2021-01-07,119,VLSFO,75.56,10.3,247.2,24,951.8359,0.88,Rough,FMS_MARITIME,2026-04-06
2021-01-08,119,LNG,71.98,8.6,206.4,24,1085.9773,0.63,Moderate,FMS_MARITIME,2026-04-06
2021-01-09,119,HFO,37.61,12.1,290.4,24,403.2973,0.59,Rough,FMS_MARITIME,2026-04-06
2021-01-10,119,HFO,34.44,14.3,343.2,24,312.4888,0.81,Moderate,FMS_MARITIME,2026-04-06
2021-01-11,119,MGO,34.43,17.8,427.2,24,250.9715,0.53,Calm,FMS_MARITIME,2026-04-06
2021-01-12,119,LNG,50.04,17.5,420.0,24,371.0109,0.95,Moderate,FMS_MARITIME,2026-04-06
2021-01-13,119,LSMGO,15.84,13.5,324.0,24,152.24,0.93,Calm,FMS_MARITIME,2026-04-06
2021-01-14,119,MGO,51.35,17.8,427.2,24,374.3069,0.67,Calm,FMS_MARITIME,2026-04-06
2021-01-15,119,LNG,41.47,9.2,220.8,24,584.8622,0.91,Rough,FMS_MARITIME,2026-04-06
2021-01-16,119,MGO,35.76,13.6,326.4,24,341.1662,0.9,Calm,FMS_MARITIME,2026-04-06
2021-01-17,119,HFO,37.07,12.1,290.4,24,397.5068,0.66,Rough,FMS_MARITIME,2026-04-06
2021-01-18,119,LNG,40.58,11.5,276.0,24,457.8483,0.41,Calm,FMS_MARITIME,2026-04-06
2021-01-19,119,LSMGO,41.14,14.2,340.8,24,375.9095,0.64,Moderate,FMS_MARITIME,2026-04-06
2021-01-20,119,HFO,33.69,16.9,405.6,24,258.6555,0.48,Calm,FMS_MARITIME,2026-04-06
2021-01-21,119,LSMGO,62.15,11.4,273.6,24,707.3651,0.9,Rough,FMS_MARITIME,2026-04-06
2021-01-22,119,VLSFO,45.38,13.5,324.0,24,436.1522,0.96,Moderate,FMS_MARITIME,2026-04-06
2021-01-23,119,LNG,56.77,13.6,326.4,24,541.6108,0.55,Moderate,FMS_MARITIME,2026-04-06
2021-01-24,119,VLSFO,41.8,8.2,196.8,24,661.4085,0.6,Moderate,FMS_MARITIME,2026-04-06
2021-01-25,119,LSMGO,21.12,8.6,206.4,24,318.6419,0.92,Moderate,FMS_MARITIME,2026-04-06
2021-01-26,119,LSMGO,40.43,14.9,357.6,24,352.0666,0.52,Rough,FMS_MARITIME,2026-04-06
2021-01-27,119,HFO,38.42,10.5,252.0,24,474.7614,0.9,Calm,FMS_MARITIME,2026-04-06
2021-01-28,119,MGO,28.85,12.5,300.0,24,299.463,0.88,Moderate,FMS_MARITIME,2026-04-06
2021-01-28,119,HFO,16.39,13.3,319.2,24,159.8949,0.77,Moderate,FMS_MARITIME,2026-04-06
2021-01-28,119,VLSFO,26.17,12.2,292.8,24,278.3244,0.96,Moderate,FMS_MARITIME,2026-04-06
2021-01-01,120,LNG,42.77,15.6,374.4,24,355.7312,0.45,Calm,FMS_MARITIME,2026-04-06
2021-01-02,120,LNG,71.32,17.4,417.6,24,531.8259,0.86,Calm,FMS_MARITIME,2026-04-06
2021-01-03,120,MGO,24.88,9.5,228.0,24,339.8084,0.94,Moderate,FMS_MARITIME,2026-04-06
2021-01-04,120,HFO,62.36,8.4,201.6,24,963.2393,0.99,Calm,FMS_MARITIME,2026-04-06
2021-01-05,120,HFO,51.96,9.1,218.4,24,740.8582,0.5,Rough,FMS_MARITIME,2026-04-06
2021-01-06,120,LSMGO,58.08,12.4,297.6,24,607.7323,0.56,Rough,FMS_MARITIME,2026-04-06
2021-01-07,120,MGO,82.72,14.0,336.0,24,766.6371,0.55,Moderate,FMS_MARITIME,2026-04-06
2021-01-08,120,HFO,68.5,13.5,324.0,24,658.3611,0.89,Moderate,FMS_MARITIME,2026-04-06
2021-01-09,120,LSMGO,49.13,13.2,316.8,24,482.9256,0.55,Rough,FMS_MARITIME,2026-04-06
2021-01-10,120,MGO,74.62,8.1,194.4,24,1195.3019,0.71,Rough,FMS_MARITIME,2026-04-06
2021-01-11,120,LSMGO,15.83,14.1,338.4,24,145.6697,0.43,Calm,FMS_MARITIME,2026-04-06
2021-01-12,120,MGO,28.48,10.7,256.8,24,345.3533,0.83,Calm,FMS_MARITIME,2026-04-06
2021-01-13,120,HFO,17.33,11.4,273.6,24,197.2428,0.82,Calm,FMS_MARITIME,2026-04-06
2021-01-14,120,VLSFO,83.66,11.4,273.6,24,952.1829,0.6,Rough,FMS_MARITIME,2026-04-06
2021-01-15,120,LNG,72.65,13.2,316.8,24,714.1165,0.89,Rough,FMS_MARITIME,2026-04-06
2021-01-16,120,HFO,59.43,13.9,333.6,24,554.7513,0.87,Calm,FMS_MARITIME,2026-04-06
2021-01-17,120,LSMGO,64.12,9.0,216.0,24,924.3967,0.58,Calm,FMS_MARITIME,2026-04-06
2021-01-18,120,HFO,82.26,16.9,405.6,24,631.5524,0.5,Moderate,FMS_MARITIME,2026-04-06
2021-01-19,120,LNG,82.4,17.1,410.4,24,625.2281,0.87,Calm,FMS_MARITIME,2026-04-06
2021-01-20,120,MGO,25.43,13.1,314.4,24,251.8735,0.74,Calm,FMS_MARITIME,2026-04-06
2021-01-21,120,LNG,26.11,12.0,288.0,24,282.3144,0.89,Moderate,FMS_MARITIME,2026-04-06
2021-01-22,120,MGO,72.65,14.2,340.8,24,663.8266,0.75,Rough,FMS_MARITIME,2026-04-06
2021-01-23,120,VLSFO,56.92,15.2,364.8,24,485.8796,0.63,Rough,FMS_MARITIME,2026-04-06
2021-01-24,120,HFO,32.13,9.5,228.0,24,438.8282,0.83,Moderate,FMS_MARITIME,2026-04-06
2021-01-25,120,MGO,40.86,15.5,372.0,24,342.0377,0.7,Calm,FMS_MARITIME,2026-04-06
2021-01-26,120,LNG,42.35,15.6,374.4,24,352.238,0.91,Rough,FMS_MARITIME,2026-04-06
2021-01-27,120,MGO,29.78,14.3,343.2,24,270.2066,0.99,Rough,FMS_MARITIME,2026-04-06
2021-01-28,120,VLSFO,19.01,11.5,276.0,24,214.4824,0.96,Rough,FMS_MARITIME,2026-04-06
2021-01-28,120,HFO,42.73,14.8,355.2,24,374.6093,0.64,Moderate,FMS_MARITIME,2026-04-06
2021-01-28,120,LSMGO,41.99,8.4,201.6,24,648.5955,0.93,Calm,FMS_MARITIME,2026-04-06
2021-01-01,121,VLSFO,24.11,15.9,381.6,24,196.7467,0.91,Calm,FMS_MARITIME,2026-04-06
2021-01-02,121,MGO,25.34,12.7,304.8,24,258.887,0.94,Rough,FMS_MARITIME,2026-04-06
2021-01-03,121,HFO,41.99,17.2,412.8,24,316.756,0.95,Moderate,FMS_MARITIME,2026-04-06
2021-01-04,121,LSMGO,30.23,9.0,216.0,24,435.8158,0.62,Moderate,FMS_MARITIME,2026-04-06
2021-01-05,121,LNG,37.44,12.9,309.6,24,376.5767,0.47,Rough,FMS_MARITIME,2026-04-06
2021-01-06,121,LSMGO,37.6,8.1,194.4,24,602.2963,0.52,Calm,FMS_MARITIME,2026-04-06
2021-01-07,121,LSMGO,82.51,11.1,266.4,24,964.475,0.53,Moderate,FMS_MARITIME,2026-04-06
2021-01-08,121,VLSFO,79.79,14.3,343.2,24,723.9687,0.81,Moderate,FMS_MARITIME,2026-04-06
2021-01-09,121,LSMGO,39.7,13.1,314.4,24,393.2118,0.96,Calm,FMS_MARITIME,2026-04-06
2021-01-10,121,LSMGO,16.06,13.9,333.6,24,149.9126,0.63,Moderate,FMS_MARITIME,2026-04-06
2021-01-11,121,LSMGO,27.44,14.1,338.4,24,252.5064,0.65,Calm,FMS_MARITIME,2026-04-06
2021-01-12,121,VLSFO,45.49,17.5,420.0,24,337.2759,0.48,Moderate,FMS_MARITIME,2026-04-06
2021-01-13,121,VLSFO,20.8,13.4,321.6,24,201.403,0.68,Calm,FMS_MARITIME,2026-04-06
2021-01-14,121,VLSFO,23.59,17.1,410.4,24,178.9943,0.77,Rough,FMS_MARITIME,2026-04-06
2021-01-15,121,MGO,84.96,15.0,360.0,24,734.904,0.78,Moderate,FMS_MARITIME,2026-04-06
2021-01-16,121,HFO,72.48,16.4,393.6,24,573.4317,0.5,Calm,FMS_MARITIME,2026-04-06
2021-01-17,121,LNG,16.24,16.9,405.6,24,124.6828,0.7,Rough,FMS_MARITIME,2026-04-06
2021-01-18,121,LSMGO,44.43,17.7,424.8,24,325.6945,0.58,Calm,FMS_MARITIME,2026-04-06
2021-01-19,121,LSMGO,42.06,9.3,223.2,24,586.8048,0.57,Moderate,FMS_MARITIME,2026-04-06
2021-01-20,121,VLSFO,40.53,10.2,244.8,24,515.5654,0.57,Rough,FMS_MARITIME,2026-04-06
2021-01-21,121,HFO,32.27,10.8,259.2,24,387.6882,0.42,Calm,FMS_MARITIME,2026-04-06
2021-01-22,121,HFO,31.68,9.9,237.6,24,415.2,0.9,Moderate,FMS_MARITIME,2026-04-06
2021-01-23,121,LNG,67.39,16.4,393.6,24,533.1617,0.91,Rough,FMS_MARITIME,2026-04-06
2021-01-24,121,LNG,44.72,8.5,204.0,24,682.6376,0.98,Moderate,FMS_MARITIME,2026-04-06
2021-01-25,121,VLSFO,60.21,12.7,304.8,24,615.1376,0.85,Rough,FMS_MARITIME,2026-04-06
2021-01-26,121,HFO,20.56,17.3,415.2,24,154.2,0.58,Rough,FMS_MARITIME,2026-04-06
2021-01-27,121,LNG,32.52,10.3,247.2,24,409.6573,0.91,Calm,FMS_MARITIME,2026-04-06
2021-01-28,121,LSMGO,70.46,11.9,285.6,24,768.2508,0.67,Rough,FMS_MARITIME,2026-04-06
2021-01-28,121,MGO,58.46,12.8,307.2,24,592.5926,0.79,Calm,FMS_MARITIME,2026-04-06
2021-01-28,121,MGO,67.29,16.7,400.8,24,522.807,0.49,Moderate,FMS_MARITIME,2026-04-06
2021-01-01,122,LSMGO,30.82,10.1,242.4,24,395.9302,0.48,Moderate,FMS_MARITIME,2026-04-06
2021-01-02,122,LNG,76.96,9.3,223.2,24,1073.7161,0.69,Calm,FMS_MARITIME,2026-04-06
2021-01-03,122,LNG,32.66,12.6,302.4,24,336.3202,0.8,Calm,FMS_MARITIME,2026-04-06
2021-01-04,122,LSMGO,22.47,9.6,230.4,24,303.6961,0.72,Moderate,FMS_MARITIME,2026-04-06
2021-01-05,122,MGO,21.99,9.9,237.6,24,288.2023,0.72,Moderate,FMS_MARITIME,2026-04-06
2021-01-06,122,LNG,30.91,18.0,432.0,24,222.8096,0.51,Calm,FMS_MARITIME,2026-04-06
2021-01-07,122,LSMGO,42.74,13.8,331.2,24,401.8489,0.69,Rough,FMS_MARITIME,2026-04-06
2021-01-08,122,HFO,27.34,16.7,400.8,24,212.4171,0.85,Rough,FMS_MARITIME,2026-04-06
2021-01-09,122,LSMGO,38.19,10.9,261.6,24,454.6011,0.86,Calm,FMS_MARITIME,2026-04-06
2021-01-10,122,LSMGO,50.21,11.7,280.8,24,556.816,0.59,Moderate,FMS_MARITIME,2026-04-06
2021-01-11,122,VLSFO,41.83,8.6,206.4,24,631.098,0.81,Calm,FMS_MARITIME,2026-04-06
2021-01-12,122,HFO,31.89,13.3,319.2,24,311.1073,0.49,Moderate,FMS_MARITIME,2026-04-06
2021-01-13,122,LNG,20.68,11.1,266.4,24,241.7324,0.83,Rough,FMS_MARITIME,2026-04-06
2021-01-14,122,MGO,56.44,14.5,348.0,24,505.0407,0.65,Moderate,FMS_MARITIME,2026-04-06
2021-01-15,122,HFO,51.77,14.4,345.6,24,466.4693,0.71,Rough,FMS_MARITIME,2026-04-06
2021-01-16,122,LNG,45.42,13.2,316.8,24,446.458,0.85,Calm,FMS_MARITIME,2026-04-06
2021-01-17,122,MGO,75.88,16.7,400.8,24,589.5467,0.77,Moderate,FMS_MARITIME,2026-04-06
2021-01-18,122,LSMGO,37.96,15.8,379.2,24,311.7285,0.48,Calm,FMS_MARITIME,2026-04-06
2021-01-19,122,LNG,54.22,9.1,218.4,24,773.0819,0.5,Rough,FMS_MARITIME,2026-04-06
2021-01-20,122,HFO,59.13,11.3,271.2,24,678.9485,0.77,Moderate,FMS_MARITIME,2026-04-06
2021-01-21,122,LNG,49.12,10.1,242.4,24,631.0218,0.48,Rough,FMS_MARITIME,2026-04-06
2021-01-22,122,LSMGO,79.07,10.0,240.0,24,1025.9333,0.63,Moderate,FMS_MARITIME,2026-04-06
2021-01-23,122,LSMGO,82.2,10.9,261.6,24,978.4817,0.93,Rough,FMS_MARITIME,2026-04-06
2021-01-24,122,LNG,21.01,12.6,302.4,24,216.353,0.73,Rough,FMS_MARITIME,2026-04-06
2021-01-25,122,VLSFO,75.56,9.5,228.0,24,1031.9905,0.41,Rough,FMS_MARITIME,2026-04-06
2021-01-26,122,HFO,23.63,15.2,364.8,24,201.71,0.46,Moderate,FMS_MARITIME,2026-04-06
2021-01-27,122,LNG,72.19,9.8,235.2,24,955.7809,0.76,Moderate,FMS_MARITIME,2026-04-06
2021-01-28,122,LNG,21.01,9.8,235.2,24,278.1681,0.59,Moderate,FMS_MARITIME,2026-04-06
2021-01-28,122,HFO,75.69,9.1,218.4,24,1079.2063,0.74,Moderate,FMS_MARITIME,2026-04-06
2021-01-28,122,HFO,59.27,12.5,300.0,24,615.2226,0.8,Calm,FMS_MARITIME,2026-04-06
2021-01-01,123,MGO,33.56,8.0,192.0,24,544.3012,0.71,Moderate,FMS_MARITIME,2026-04-06
2021-01-02,123,VLSFO,34.1,17.0,408.0,24,260.2632,0.69,Rough,FMS_MARITIME,2026-04-06
2021-01-03,123,LSMGO,35.51,17.0,408.0,24,271.0249,0.98,Moderate,FMS_MARITIME,2026-04-06
2021-01-04,123,LSMGO,61.15,11.5,276.0,24,689.9315,0.58,Rough,FMS_MARITIME,2026-04-06
2021-01-05,123,MGO,18.14,10.0,240.0,24,235.3665,0.47,Calm,FMS_MARITIME,2026-04-06
2021-01-06,123,MGO,25.87,13.9,333.6,24,241.4844,0.44,Rough,FMS_MARITIME,2026-04-06
2021-01-07,123,VLSFO,78.71,10.2,244.8,24,1001.2375,0.86,Calm,FMS_MARITIME,2026-04-06
2021-01-08,123,LNG,81.12,11.3,271.2,24,931.4442,0.62,Moderate,FMS_MARITIME,2026-04-06
2021-01-09,123,VLSFO,49.84,14.8,355.2,24,436.9419,0.55,Rough,FMS_MARITIME,2026-04-06
2021-01-10,123,MGO,24.11,15.9,381.6,24,196.7467,0.72,Moderate,FMS_MARITIME,2026-04-06
2021-01-11,123,HFO,29.48,11.2,268.8,24,341.5205,0.41,Rough,FMS_MARITIME,2026-04-06
2021-01-12,123,HFO,45.63,14.5,348.0,24,408.3098,0.55,Moderate,FMS_MARITIME,2026-04-06
2021-01-13,123,VLSFO,20.25,17.1,410.4,24,153.6513,0.92,Calm,FMS_MARITIME,2026-04-06
2021-01-14,123,LSMGO,43.91,17.6,422.4,24,323.7115,0.76,Moderate,FMS_MARITIME,2026-04-06
2021-01-15,123,LNG,84.75,16.4,393.6,24,670.5069,0.93,Moderate,FMS_MARITIME,2026-04-06
2021-01-16,123,MGO,49.83,14.0,336.0,24,461.8173,0.68,Rough,FMS_MARITIME,2026-04-06
2021-01-17,123,VLSFO,23.38,8.9,213.6,24,340.8489,0.57,Calm,FMS_MARITIME,2026-04-06
2021-01-18,123,VLSFO,44.62,11.7,280.8,24,494.8244,0.87,Rough,FMS_MARITIME,2026-04-06
2021-01-19,123,VLSFO,25.75,8.5,204.0,24,393.0662,0.63,Rough,FMS_MARITIME,2026-04-06
2021-01-20,123,MGO,25.11,11.7,280.8,24,278.4635,0.6,Moderate,FMS_MARITIME,2026-04-06
2021-01-21,123,LNG,77.26,15.3,367.2,24,655.1951,0.52,Rough,FMS_MARITIME,2026-04-06
2021-01-22,123,HFO,82.87,8.1,194.4,24,1327.4546,0.85,Rough,FMS_MARITIME,2026-04-06
2021-01-23,123,VLSFO,51.58,13.0,312.0,24,514.8081,0.79,Moderate,FMS_MARITIME,2026-04-06
2021-01-24,123,MGO,73.88,16.1,386.4,24,595.3994,0.97,Moderate,FMS_MARITIME,2026-04-06
2021-01-25,123,HFO,82.56,15.5,372.0,24,691.1071,0.51,Moderate,FMS_MARITIME,2026-04-06
2021-01-26,123,LSMGO,57.66,8.9,213.6,24,840.6051,0.52,Moderate,FMS_MARITIME,2026-04-06
2021-01-27,123,LSMGO,31.56,14.7,352.8,24,278.5653,0.64,Moderate,FMS_MARITIME,2026-04-06
2021-01-28,123,MGO,63.86,11.3,271.2,24,733.2597,0.53,Calm,FMS_MARITIME,2026-04-06
2021-01-28,123,LSMGO,19.45,13.8,331.2,24,182.8723,0.9,Moderate,FMS_MARITIME,2026-04-06
2021-01-28,123,HFO,43.06,16.9,405.6,24,330.5938,0.44,Moderate,FMS_MARITIME,2026-04-06
2021-01-01,124,HFO,25.16,10.0,240.0,24,326.451,0.88,Calm,FMS_MARITIME,2026-04-06
2021-01-02,124,MGO,20.41,11.6,278.4,24,228.2929,0.43,Rough,FMS_MARITIME,2026-04-06
2021-01-03,124,HFO,66.87,12.6,302.4,24,688.6018,0.92,Rough,FMS_MARITIME,2026-04-06
2021-01-04,124,MGO,29.31,9.1,218.4,24,417.9091,0.86,Calm,FMS_MARITIME,2026-04-06
2021-01-05,124,LNG,63.15,16.7,400.8,24,490.6415,0.85,Rough,FMS_MARITIME,2026-04-06
2021-01-06,124,MGO,57.3,14.3,343.2,24,519.9073,0.96,Moderate,FMS_MARITIME,2026-04-06
2021-01-07,124,LSMGO,77.08,17.2,412.8,24,581.461,0.59,Rough,FMS_MARITIME,2026-04-06
2021-01-08,124,LNG,45.85,13.4,321.6,24,443.958,0.82,Moderate,FMS_MARITIME,2026-04-06
2021-01-09,124,LSMGO,51.18,11.6,278.4,24,572.4659,0.83,Calm,FMS_MARITIME,2026-04-06
2021-01-10,124,LSMGO,84.0,12.7,304.8,24,858.189,0.95,Moderate,FMS_MARITIME,2026-04-06
2021-01-11,124,HFO,57.09,14.1,338.4,24,525.3495,0.6,Rough,FMS_MARITIME,2026-04-06
2021-01-12,124,LNG,83.18,13.5,324.0,24,799.4522,0.41,Rough,FMS_MARITIME,2026-04-06
2021-01-13,124,HFO,32.31,9.3,223.2,24,450.7766,0.53,Calm,FMS_MARITIME,2026-04-06
2021-01-14,124,LNG,55.03,11.9,285.6,24,600.012,0.89,Moderate,FMS_MARITIME,2026-04-06
2021-01-15,124,LNG,19.5,8.2,196.8,24,308.5518,0.85,Rough,FMS_MARITIME,2026-04-06
2021-01-16,124,LNG,40.18,10.9,261.6,24,478.2894,0.45,Calm,FMS_MARITIME,2026-04-06
2021-01-17,124,LSMGO,84.36,15.4,369.6,24,710.7604,0.56,Rough,FMS_MARITIME,2026-04-06
2021-01-18,124,LSMGO,41.21,14.3,343.2,24,373.9159,0.61,Moderate,FMS_MARITIME,2026-04-06
2021-01-19,124,MGO,48.1,15.5,372.0,24,402.6435,0.6,Rough,FMS_MARITIME,2026-04-06
2021-01-20,124,MGO,30.41,9.6,230.4,24,411.0102,0.62,Calm,FMS_MARITIME,2026-04-06
2021-01-21,124,LNG,37.62,14.9,357.6,24,327.597,0.8,Moderate,FMS_MARITIME,2026-04-06
2021-01-22,124,VLSFO,69.87,9.9,237.6,24,915.7205,0.86,Rough,FMS_MARITIME,2026-04-06
2021-01-23,124,LSMGO,64.94,15.8,379.2,24,533.2889,0.96,Calm,FMS_MARITIME,2026-04-06
2021-01-24,124,LNG,25.06,11.6,278.4,24,280.3047,0.72,Moderate,FMS_MARITIME,2026-04-06
2021-01-25,124,VLSFO,65.83,9.0,216.0,24,949.0492,0.61,Rough,FMS_MARITIME,2026-04-06
2021-01-26,124,VLSFO,36.02,14.5,348.0,24,322.3169,0.65,Rough,FMS_MARITIME,2026-04-06
2021-01-27,124,MGO,66.63,11.1,266.4,24,778.8507,0.65,Rough,FMS_MARITIME,2026-04-06
2021-01-28,124,VLSFO,17.37,11.6,278.4,24,194.2894,0.94,Calm,FMS_MARITIME,2026-04-06
2021-01-28,124,HFO,15.69,9.0,216.0,24,226.1975,1.0,Moderate,FMS_MARITIME,2026-04-06
2021-01-28,124,LSMGO,18.45,15.3,367.2,24,156.4632,0.43,Rough,FMS_MARITIME,2026-04-06
2021-01-01,125,MGO,43.22,12.8,307.2,24,438.109,0.89,Moderate,FMS_MARITIME,2026-04-06
2021-01-02,125,MGO,67.3,15.5,372.0,24,563.3661,0.73,Rough,FMS_MARITIME,2026-04-06
2021-01-03,125,HFO,52.08,8.1,194.4,24,834.2444,0.4,Rough,FMS_MARITIME,2026-04-06
2021-01-04,125,LNG,62.63,13.6,326.4,24,597.5178,0.69,Moderate,FMS_MARITIME,2026-04-06
2021-01-05,125,LNG,33.2,16.0,384.0,24,269.2312,0.66,Rough,FMS_MARITIME,2026-04-06
2021-01-06,125,LSMGO,52.2,10.1,242.4,24,670.5891,0.97,Moderate,FMS_MARITIME,2026-04-06
2021-01-07,125,MGO,41.89,9.9,237.6,24,549.0129,0.63,Moderate,FMS_MARITIME,2026-04-06
2021-01-08,125,MGO,30.35,10.4,249.6,24,378.6454,0.89,Moderate,FMS_MARITIME,2026-04-06
2021-01-09,125,VLSFO,55.19,10.8,259.2,24,663.0465,0.52,Moderate,FMS_MARITIME,2026-04-06
2021-01-10,125,VLSFO,75.24,13.8,331.2,24,707.4196,0.88,Rough,FMS_MARITIME,2026-04-06
2021-01-11,125,LSMGO,77.48,12.3,295.2,24,817.3195,0.47,Calm,FMS_MARITIME,2026-04-06
2021-01-12,125,LNG,27.69,11.4,273.6,24,315.1559,0.57,Rough,FMS_MARITIME,2026-04-06
2021-01-13,125,MGO,49.91,16.9,405.6,24,383.1848,0.99,Calm,FMS_MARITIME,2026-04-06
2021-01-14,125,LSMGO,26.52,11.2,268.8,24,307.2295,0.57,Moderate,FMS_MARITIME,2026-04-06
2021-01-15,125,LNG,15.27,17.1,410.4,24,115.8645,0.48,Moderate,FMS_MARITIME,2026-04-06
2021-01-16,125,LSMGO,48.47,8.3,199.2,24,757.7087,0.66,Rough,FMS_MARITIME,2026-04-06
2021-01-17,125,LSMGO,39.88,8.8,211.2,24,588.0034,0.69,Calm,FMS_MARITIME,2026-04-06
2021-01-18,125,HFO,43.68,17.8,427.2,24,318.3978,0.74,Rough,FMS_MARITIME,2026-04-06
2021-01-19,125,LSMGO,55.64,17.4,417.6,24,414.9017,0.73,Moderate,FMS_MARITIME,2026-04-06
2021-01-20,125,VLSFO,48.93,15.5,372.0,24,409.5915,0.63,Moderate,FMS_MARITIME,2026-04-06
2021-01-21,125,LSMGO,45.89,10.0,240.0,24,595.4227,0.72,Rough,FMS_MARITIME,2026-04-06
2021-01-22,125,LSMGO,35.96,12.5,300.0,24,373.2648,0.81,Moderate,FMS_MARITIME,2026-04-06
2021-01-23,125,LNG,76.05,17.0,408.0,24,580.4404,0.47,Calm,FMS_MARITIME,2026-04-06
2021-01-24,125,MGO,57.85,16.0,384.0,24,469.1273,0.98,Moderate,FMS_MARITIME,2026-04-06
2021-01-25,125,LNG,65.59,17.6,422.4,24,483.5399,0.44,Moderate,FMS_MARITIME,2026-04-06
2021-01-26,125,VLSFO,54.51,10.4,249.6,24,680.0647,0.6,Moderate,FMS_MARITIME,2026-04-06
2021-01-27,125,VLSFO,48.84,12.8,307.2,24,495.0773,0.66,Calm,FMS_MARITIME,2026-04-06
2021-01-28,125,MGO,30.56,8.8,211.2,24,450.5864,0.71,Moderate,FMS_MARITIME,2026-04-06
2021-01-28,125,HFO,78.17,11.7,280.8,24,866.8853,0.87,Rough,FMS_MARITIME,2026-04-06
2021-01-28,125,LSMGO,53.38,8.8,211.2,24,787.0517,0.9,Moderate,FMS_MARITIME,2026-04-06
2021-01-01,126,LSMGO,49.49,11.3,271.2,24,568.2591,0.91,Calm,FMS_MARITIME,2026-04-06
2021-01-02,126,LSMGO,28.12,9.3,223.2,24,392.3194,0.42,Calm,FMS_MARITIME,2026-04-06
2021-01-03,126,HFO,37.66,17.2,412.8,24,284.0922,0.59,Moderate,FMS_MARITIME,2026-04-06
2021-01-04,126,LNG,45.67,15.4,369.6,24,384.7846,0.59,Moderate,FMS_MARITIME,2026-04-06
2021-01-05,126,LSMGO,37.58,10.8,259.2,24,451.4819,0.44,Calm,FMS_MARITIME,2026-04-06
2021-01-06,126,MGO,79.79,10.8,259.2,24,958.5882,0.65,Rough,FMS_MARITIME,2026-04-06
2021-01-07,126,VLSFO,47.85,15.4,369.6,24,403.1518,0.51,Calm,FMS_MARITIME,2026-04-06
2021-01-08,126,HFO,76.83,10.5,252.0,24,949.3993,0.86,Moderate,FMS_MARITIME,2026-04-06
2021-01-09,126,VLSFO,29.15,11.4,273.6,24,331.773,0.93,Moderate,FMS_MARITIME,2026-04-06
2021-01-10,126,LSMGO,48.06,14.1,338.4,24,442.2543,0.8,Calm,FMS_MARITIME,2026-04-06
2021-01-11,126,VLSFO,84.83,13.7,328.8,24,803.4082,0.7,Rough,FMS_MARITIME,2026-04-06
2021-01-12,126,HFO,56.61,15.0,360.0,24,489.6765,0.72,Rough,FMS_MARITIME,2026-04-06
2021-01-13,126,LNG,59.04,12.9,309.6,24,593.8326,0.7,Rough,FMS_MARITIME,2026-04-06
2021-01-14,126,LNG,64.11,9.5,228.0,24,875.6076,0.99,Moderate,FMS_MARITIME,2026-04-06
2021-01-15,126,HFO,44.74,16.5,396.0,24,351.8191,0.75,Moderate,FMS_MARITIME,2026-04-06
2021-01-16,126,LSMGO,55.67,12.6,302.4,24,573.2685,0.83,Moderate,FMS_MARITIME,2026-04-06
2021-01-17,126,LSMGO,43.83,16.5,396.0,24,344.6632,0.7,Rough,FMS_MARITIME,2026-04-06
2021-01-18,126,MGO,50.23,18.0,432.0,24,362.0746,0.96,Calm,FMS_MARITIME,2026-04-06
2021-01-19,126,MGO,67.79,15.9,381.6,24,553.192,0.57,Moderate,FMS_MARITIME,2026-04-06
2021-01-20,126,VLSFO,46.06,14.6,350.4,24,409.3346,0.76,Calm,FMS_MARITIME,2026-04-06
2021-01-21,126,HFO,77.63,17.5,420.0,24,575.571,0.81,Calm,FMS_MARITIME,2026-04-06
2021-01-22,126,VLSFO,57.85,17.3,415.2,24,433.875,0.81,Calm,FMS_MARITIME,2026-04-06
2021-01-23,126,LSMGO,25.34,12.0,288.0,24,273.9887,0.5,Moderate,FMS_MARITIME,2026-04-06
2021-01-24,126,LSMGO,16.1,11.9,285.6,24,175.5441,0.58,Calm,FMS_MARITIME,2026-04-06
2021-01-25,126,HFO,44.77,15.4,369.6,24,377.2018,0.44,Moderate,FMS_MARITIME,2026-04-06
2021-01-26,126,LNG,55.88,11.2,268.8,24,647.3598,0.5,Rough,FMS_MARITIME,2026-04-06
2021-01-27,126,LSMGO,21.34,11.2,268.8,24,247.2201,0.87,Rough,FMS_MARITIME,2026-04-06
2021-01-28,126,LSMGO,17.4,12.6,302.4,24,179.1786,0.8,Moderate,FMS_MARITIME,2026-04-06
2021-01-28,126,MGO,38.05,8.1,194.4,24,609.5046,0.86,Rough,FMS_MARITIME,2026-04-06
2021-01-28,126,VLSFO,15.16,13.5,324.0,24,145.7044,0.84,Moderate,FMS_MARITIME,2026-04-06
2021-01-01,127,LNG,48.41,14.2,340.8,24,442.3379,0.71,Rough,FMS_MARITIME,2026-04-06
2021-01-02,127,LNG,17.33,17.5,420.0,24,128.4896,0.84,Calm,FMS_MARITIME,2026-04-06
2021-01-03,127,HFO,70.83,11.5,276.0,24,799.1472,0.65,Moderate,FMS_MARITIME,2026-04-06
2021-01-04,127,VLSFO,19.54,12.5,300.0,24,202.8252,0.72,Moderate,FMS_MARITIME,2026-04-06
2021-01-05,127,LNG,31.96,11.9,285.6,24,348.4714,0.87,Calm,FMS_MARITIME,2026-04-06
2021-01-06,127,MGO,81.1,12.8,307.2,24,822.0879,0.53,Rough,FMS_MARITIME,2026-04-06
2021-01-07,127,VLSFO,53.97,16.8,403.2,24,416.8219,0.47,Rough,FMS_MARITIME,2026-04-06
2021-01-08,127,VLSFO,36.71,13.7,328.8,24,347.6732,0.68,Moderate,FMS_MARITIME,2026-04-06
2021-01-09,127,LNG,75.96,10.4,249.6,24,947.674,0.81,Rough,FMS_MARITIME,2026-04-06
2021-01-10,127,MGO,82.02,8.4,201.6,24,1266.9161,0.72,Calm,FMS_MARITIME,2026-04-06
2021-01-11,127,LSMGO,33.26,12.1,290.4,24,356.6517,0.52,Moderate,FMS_MARITIME,2026-04-06
2021-01-12,127,HFO,68.41,15.8,379.2,24,561.7847,0.65,Calm,FMS_MARITIME,2026-04-06
2021-01-13,127,MGO,42.63,10.0,240.0,24,553.1243,0.8,Calm,FMS_MARITIME,2026-04-06
2021-01-14,127,MGO,48.24,17.3,415.2,24,361.8,1.0,Moderate,FMS_MARITIME,2026-04-06
2021-01-15,127,VLSFO,46.42,13.6,326.4,24,442.8673,0.84,Moderate,FMS_MARITIME,2026-04-06
2021-01-16,127,MGO,71.76,10.9,261.6,24,854.2073,0.97,Rough,FMS_MARITIME,2026-04-06
2021-01-17,127,VLSFO,45.93,14.7,352.8,24,405.4026,0.61,Calm,FMS_MARITIME,2026-04-06
2021-01-18,127,LSMGO,27.52,10.9,261.6,24,327.589,0.79,Rough,FMS_MARITIME,2026-04-06
2021-01-19,127,LSMGO,19.53,13.0,312.0,24,194.9244,0.95,Moderate,FMS_MARITIME,2026-04-06
2021-01-20,127,MGO,25.59,13.3,319.2,24,249.6468,0.69,Moderate,FMS_MARITIME,2026-04-06
2021-01-21,127,VLSFO,69.89,15.6,374.4,24,581.2966,0.43,Calm,FMS_MARITIME,2026-04-06
2021-01-22,127,HFO,80.88,9.5,228.0,24,1104.6505,0.88,Calm,FMS_MARITIME,2026-04-06
2021-01-23,127,MGO,70.24,11.7,280.8,24,778.9436,0.75,Calm,FMS_MARITIME,2026-04-06
2021-01-24,127,HFO,15.96,12.1,290.4,24,171.1413,0.66,Rough,FMS_MARITIME,2026-04-06
2021-01-25,127,MGO,21.02,16.2,388.8,24,168.3546,0.78,Moderate,FMS_MARITIME,2026-04-06
2021-01-26,127,HFO,60.35,8.9,213.6,24,879.8216,0.82,Moderate,FMS_MARITIME,2026-04-06
2021-01-27,127,HFO,39.94,14.6,350.4,24,354.9462,0.42,Moderate,FMS_MARITIME,2026-04-06
2021-01-28,127,LSMGO,36.06,11.4,273.6,24,410.4197,0.75,Calm,FMS_MARITIME,2026-04-06
2021-01-28,127,LSMGO,16.62,14.3,343.2,24,150.8003,0.77,Calm,FMS_MARITIME,2026-04-06
2021-01-28,127,LSMGO,41.91,17.3,415.2,24,314.325,0.87,Rough,FMS_MARITIME,2026-04-06
2021-01-01,128,MGO,45.6,10.4,249.6,24,568.9038,0.84,Rough,FMS_MARITIME,2026-04-06
2021-01-02,128,VLSFO,81.18,16.2,388.8,24,650.1917,0.87,Moderate,FMS_MARITIME,2026-04-06
2021-01-03,128,MGO,30.23,10.1,242.4,24,388.3507,0.69,Calm,FMS_MARITIME,2026-04-06
2021-01-04,128,LSMGO,37.76,11.0,264.0,24,445.3964,0.95,Calm,FMS_MARITIME,2026-04-06
2021-01-05,128,VLSFO,51.68,12.8,307.2,24,523.8656,0.54,Calm,FMS_MARITIME,2026-04-06
2021-01-06,128,VLSFO,69.1,15.8,379.2,24,567.4509,0.56,Rough,FMS_MARITIME,2026-04-06
2021-01-07,128,LNG,69.84,14.4,345.6,24,629.2875,0.64,Calm,FMS_MARITIME,2026-04-06
2021-01-08,128,HFO,17.47,14.7,352.8,24,154.1995,0.84,Moderate,FMS_MARITIME,2026-04-06
2021-01-09,128,LSMGO,56.42,11.6,278.4,24,631.0772,0.41,Rough,FMS_MARITIME,2026-04-06
2021-01-10,128,LSMGO,78.15,17.7,424.8,24,572.8792,0.92,Rough,FMS_MARITIME,2026-04-06
2021-01-11,128,VLSFO,44.2,16.0,384.0,24,358.4344,0.91,Calm,FMS_MARITIME,2026-04-06
2021-01-12,128,LNG,63.12,11.0,264.0,24,744.5291,0.47,Moderate,FMS_MARITIME,2026-04-06
2021-01-13,128,LNG,55.57,8.5,204.0,24,848.2597,0.53,Moderate,FMS_MARITIME,2026-04-06
2021-01-14,128,LSMGO,81.67,16.2,388.8,24,654.1162,0.98,Moderate,FMS_MARITIME,2026-04-06
2021-01-15,128,LSMGO,82.15,17.7,424.8,24,602.2013,0.46,Calm,FMS_MARITIME,2026-04-06
2021-01-16,128,MGO,58.87,10.3,247.2,24,741.5905,0.63,Calm,FMS_MARITIME,2026-04-06
2021-01-17,128,MGO,53.47,14.8,355.2,24,468.7657,0.43,Moderate,FMS_MARITIME,2026-04-06
2021-01-18,128,LNG,33.28,10.5,252.0,24,411.2457,0.63,Calm,FMS_MARITIME,2026-04-06
2021-01-19,128,VLSFO,31.21,11.7,280.8,24,346.1109,0.92,Calm,FMS_MARITIME,2026-04-06
2021-01-20,128,LNG,23.91,12.2,292.8,24,254.2887,0.76,Moderate,FMS_MARITIME,2026-04-06
2021-01-21,128,VLSFO,68.92,11.9,285.6,24,751.4597,0.87,Rough,FMS_MARITIME,2026-04-06
2021-01-22,128,LSMGO,49.87,11.5,276.0,24,562.6637,0.97,Moderate,FMS_MARITIME,2026-04-06
2021-01-23,128,HFO,17.6,10.8,259.2,24,211.4444,0.78,Rough,FMS_MARITIME,2026-04-06
2021-01-24,128,HFO,69.86,13.1,314.4,24,691.934,0.68,Calm,FMS_MARITIME,2026-04-06
2021-01-25,128,MGO,21.27,14.5,348.0,24,190.3298,0.86,Calm,FMS_MARITIME,2026-04-06
2021-01-26,128,MGO,17.58,17.3,415.2,24,131.85,0.5,Calm,FMS_MARITIME,2026-04-06
2021-01-27,128,MGO,78.58,10.7,256.8,24,952.8743,0.67,Moderate,FMS_MARITIME,2026-04-06
2021-01-28,128,MGO,74.37,11.3,271.2,24,853.9387,0.86,Moderate,FMS_MARITIME,2026-04-06
2021-01-28,128,MGO,33.29,9.9,237.6,24,436.3008,0.81,Rough,FMS_MARITIME,2026-04-06
2021-01-28,128,LNG,25.04,15.4,369.6,24,210.9701,0.84,Moderate,FMS_MARITIME,2026-04-06
2021-01-01,129,HFO,40.84,15.3,367.2,24,346.3392,0.8,Rough,FMS_MARITIME,2026-04-06
2021-01-02,129,VLSFO,23.02,16.0,384.0,24,186.6778,0.96,Moderate,FMS_MARITIME,2026-04-06
2021-01-03,129,LSMGO,32.8,13.6,326.4,24,312.9265,0.69,Moderate,FMS_MARITIME,2026-04-06
2021-01-04,129,LSMGO,57.21,9.4,225.6,24,789.6806,0.88,Moderate,FMS_MARITIME,2026-04-06
2021-01-05,129,MGO,42.45,10.5,252.0,24,524.5607,0.84,Moderate,FMS_MARITIME,2026-04-06
2021-01-06,129,LNG,72.17,17.0,408.0,24,550.8269,0.4,Moderate,FMS_MARITIME,2026-04-06
2021-01-07,129,MGO,62.31,10.8,259.2,24,748.5854,0.66,Moderate,FMS_MARITIME,2026-04-06
2021-01-08,129,HFO,26.92,8.0,192.0,24,436.6087,0.51,Calm,FMS_MARITIME,2026-04-06
2021-01-09,129,MGO,37.79,10.8,259.2,24,454.0049,0.63,Rough,FMS_MARITIME,2026-04-06
2021-01-10,129,LNG,72.21,10.0,240.0,24,936.9247,0.83,Calm,FMS_MARITIME,2026-04-06
2021-01-11,129,HFO,32.91,10.1,242.4,24,422.7795,0.92,Moderate,FMS_MARITIME,2026-04-06
2021-01-12,129,LSMGO,73.97,11.4,273.6,24,841.8954,0.8,Moderate,FMS_MARITIME,2026-04-06
2021-01-13,129,MGO,75.95,17.3,415.2,24,569.625,0.86,Moderate,FMS_MARITIME,2026-04-06
2021-01-14,129,LSMGO,40.75,11.4,273.6,24,463.7993,0.7,Calm,FMS_MARITIME,2026-04-06
2021-01-15,129,LSMGO,34.17,13.1,314.4,24,338.4395,0.95,Rough,FMS_MARITIME,2026-04-06
2021-01-16,129,HFO,25.94,8.1,194.4,24,415.5204,0.49,Calm,FMS_MARITIME,2026-04-06
2021-01-17,129,VLSFO,17.28,10.1,242.4,24,221.9881,0.79,Calm,FMS_MARITIME,2026-04-06
2021-01-18,129,VLSFO,80.54,12.9,309.6,24,810.0826,0.49,Moderate,FMS_MARITIME,2026-04-06
2021-01-19,129,VLSFO,32.32,9.6,230.4,24,436.825,0.93,Calm,FMS_MARITIME,2026-04-06
2021-01-20,129,LNG,79.11,12.5,300.0,24,821.1618,0.66,Moderate,FMS_MARITIME,2026-04-06
2021-01-21,129,LSMGO,38.5,16.8,403.2,24,297.3438,0.88,Calm,FMS_MARITIME,2026-04-06
2021-01-22,129,LNG,74.12,13.8,331.2,24,696.8891,0.72,Moderate,FMS_MARITIME,2026-04-06
2021-01-23,129,MGO,47.05,14.4,345.6,24,423.9401,0.75,Calm,FMS_MARITIME,2026-04-06
2021-01-24,129,LSMGO,35.27,17.8,427.2,24,257.0945,0.77,Calm,FMS_MARITIME,2026-04-06
2021-01-25,129,LNG,49.23,10.0,240.0,24,638.7592,0.49,Rough,FMS_MARITIME,2026-04-06
2021-01-26,129,LSMGO,43.23,15.5,372.0,24,361.8769,0.56,Rough,FMS_MARITIME,2026-04-06
2021-01-27,129,MGO,15.32,17.6,422.4,24,112.9415,0.54,Rough,FMS_MARITIME,2026-04-06
2021-01-28,129,LSMGO,45.74,12.2,292.8,24,486.4561,0.53,Calm,FMS_MARITIME,2026-04-06
2021-01-28,129,HFO,20.29,8.3,199.2,24,317.184,0.94,Rough,FMS_MARITIME,2026-04-06
2021-01-28,129,LNG,76.2,15.8,379.2,24,625.7563,0.67,Calm,FMS_MARITIME,2026-04-06
2021-01-01,130,VLSFO,36.17,11.4,273.6,24,411.6717,0.73,Rough,FMS_MARITIME,2026-04-06
2021-01-02,130,MGO,28.98,10.2,244.8,24,368.6426,0.88,Rough,FMS_MARITIME,2026-04-06
2021-01-03,130,LSMGO,65.97,17.4,417.6,24,491.9315,0.41,Moderate,FMS_MARITIME,2026-04-06
2021-01-04,130,HFO,52.84,12.0,288.0,24,571.3325,0.49,Moderate,FMS_MARITIME,2026-04-06
2021-01-05,130,HFO,19.08,9.4,225.6,24,263.3649,0.92,Calm,FMS_MARITIME,2026-04-06
2021-01-06,130,LSMGO,73.56,13.0,312.0,24,734.1854,0.79,Moderate,FMS_MARITIME,2026-04-06
2021-01-07,130,MGO,20.04,17.6,422.4,24,147.7381,0.57,Rough,FMS_MARITIME,2026-04-06
2021-01-08,130,LSMGO,54.44,16.9,405.6,24,417.9639,0.95,Moderate,FMS_MARITIME,2026-04-06
2021-01-09,130,HFO,33.21,12.8,307.2,24,336.6404,0.92,Rough,FMS_MARITIME,2026-04-06
2021-01-10,130,LNG,16.5,16.0,384.0,24,133.8047,0.86,Calm,FMS_MARITIME,2026-04-06
2021-01-11,130,VLSFO,74.22,13.0,312.0,24,740.7727,0.83,Moderate,FMS_MARITIME,2026-04-06
2021-01-12,130,VLSFO,42.8,8.6,206.4,24,645.7326,0.65,Rough,FMS_MARITIME,2026-04-06
2021-01-13,130,LNG,25.05,9.7,232.8,24,335.076,0.73,Rough,FMS_MARITIME,2026-04-06
2021-01-14,130,MGO,80.32,9.3,223.2,24,1120.5935,0.46,Rough,FMS_MARITIME,2026-04-06
2021-01-15,130,LNG,25.25,17.9,429.6,24,183.0272,0.98,Calm,FMS_MARITIME,2026-04-06
2021-01-16,130,MGO,69.34,17.4,417.6,24,517.0612,0.43,Moderate,FMS_MARITIME,2026-04-06
2021-01-17,130,MGO,19.22,9.3,223.2,24,268.15,0.42,Moderate,FMS_MARITIME,2026-04-06
2021-01-18,130,LSMGO,74.1,16.7,400.8,24,575.7171,0.7,Rough,FMS_MARITIME,2026-04-06
2021-01-19,130,LSMGO,24.52,8.2,196.8,24,387.9841,0.93,Calm,FMS_MARITIME,2026-04-06
2021-01-20,130,LNG,84.92,8.4,201.6,24,1311.7107,0.79,Calm,FMS_MARITIME,2026-04-06
2021-01-21,130,LNG,44.59,16.7,400.8,24,346.4403,0.65,Moderate,FMS_MARITIME,2026-04-06
2021-01-22,130,LNG,52.34,8.5,204.0,24,798.9547,0.73,Moderate,FMS_MARITIME,2026-04-06
2021-01-23,130,VLSFO,71.67,13.6,326.4,24,683.7634,0.47,Calm,FMS_MARITIME,2026-04-06
2021-01-24,130,VLSFO,30.82,12.4,297.6,24,322.4915,0.43,Rough,FMS_MARITIME,2026-04-06
2021-01-25,130,MGO,20.79,17.7,424.8,24,152.4013,0.85,Rough,FMS_MARITIME,2026-04-06
2021-01-26,130,LSMGO,58.34,8.2,196.8,24,923.1238,0.94,Calm,FMS_MARITIME,2026-04-06
2021-01-27,130,LNG,18.64,8.3,199.2,24,291.3904,0.51,Calm,FMS_MARITIME,2026-04-06
2021-01-28,130,MGO,59.27,12.8,307.2,24,600.8033,0.7,Rough,FMS_MARITIME,2026-04-06
2021-01-28,130,LNG,77.5,16.3,391.2,24,616.9095,0.77,Rough,FMS_MARITIME,2026-04-06
2021-01-28,130,VLSFO,52.08,13.3,319.2,24,508.0737,0.44,Calm,FMS_MARITIME,2026-04-06
2021-01-01,131,MGO,52.31,12.6,302.4,24,538.6685,0.96,Calm,FMS_MARITIME,2026-04-06
2021-01-02,131,VLSFO,72.83,14.0,336.0,24,674.978,0.48,Moderate,FMS_MARITIME,2026-04-06
2021-01-03,131,MGO,27.23,14.7,352.8,24,240.3464,0.55,Calm,FMS_MARITIME,2026-04-06
2021-01-04,131,VLSFO,61.95,11.0,264.0,24,730.7284,0.73,Moderate,FMS_MARITIME,2026-04-06
2021-01-05,131,MGO,76.83,12.9,309.6,24,772.7669,0.54,Calm,FMS_MARITIME,2026-04-06
2021-01-06,131,MGO,43.13,13.1,314.4,24,427.1845,0.62,Moderate,FMS_MARITIME,2026-04-06
2021-01-07,131,LNG,18.65,12.5,300.0,24,193.587,0.89,Rough,FMS_MARITIME,2026-04-06
2021-01-08,131,LNG,83.76,9.7,232.8,24,1120.3979,0.53,Moderate,FMS_MARITIME,2026-04-06
2021-01-09,131,VLSFO,73.51,17.9,429.6,24,532.8448,0.69,Moderate,FMS_MARITIME,2026-04-06
2021-01-10,131,MGO,59.7,11.6,278.4,24,667.7651,0.79,Moderate,FMS_MARITIME,2026-04-06
2021-01-11,131,VLSFO,38.53,16.3,391.2,24,306.7035,0.72,Moderate,FMS_MARITIME,2026-04-06
2021-01-12,131,LNG,76.22,8.4,201.6,24,1177.3268,0.85,Calm,FMS_MARITIME,2026-04-06
2021-01-13,131,VLSFO,18.79,14.2,340.8,24,171.6903,0.47,Calm,FMS_MARITIME,2026-04-06
2021-01-14,131,VLSFO,76.52,8.9,213.6,24,1115.5584,0.86,Rough,FMS_MARITIME,2026-04-06
2021-01-15,131,VLSFO,15.17,15.1,362.4,24,130.3515,0.53,Calm,FMS_MARITIME,2026-04-06
2021-01-16,131,LNG,41.23,16.1,386.4,24,332.2728,0.75,Moderate,FMS_MARITIME,2026-04-06
2021-01-17,131,MGO,18.41,8.2,196.8,24,291.3046,0.64,Calm,FMS_MARITIME,2026-04-06
2021-01-18,131,VLSFO,62.4,16.9,405.6,24,479.0769,0.6,Calm,FMS_MARITIME,2026-04-06
2021-01-19,131,VLSFO,45.43,16.5,396.0,24,357.245,0.89,Moderate,FMS_MARITIME,2026-04-06
2021-01-20,131,HFO,54.69,8.5,204.0,24,834.8268,0.99,Rough,FMS_MARITIME,2026-04-06
2021-01-21,131,LNG,68.24,10.8,259.2,24,819.8278,0.9,Calm,FMS_MARITIME,2026-04-06
2021-01-22,131,MGO,41.54,10.3,247.2,24,523.283,0.43,Rough,FMS_MARITIME,2026-04-06
2021-01-23,131,HFO,28.32,17.5,420.0,24,209.9726,0.44,Calm,FMS_MARITIME,2026-04-06
2021-01-24,131,LSMGO,23.48,14.9,357.6,24,204.4651,0.58,Moderate,FMS_MARITIME,2026-04-06
2021-01-25,131,MGO,32.5,17.2,412.8,24,245.1672,0.86,Rough,FMS_MARITIME,2026-04-06
2021-01-26,131,HFO,55.09,14.7,352.8,24,486.2536,0.73,Rough,FMS_MARITIME,2026-04-06
2021-01-27,131,MGO,15.81,17.0,408.0,24,120.6675,0.65,Moderate,FMS_MARITIME,2026-04-06
2021-01-28,131,MGO,31.29,16.0,384.0,24,253.7423,0.49,Moderate,FMS_MARITIME,2026-04-06
2021-01-28,131,MGO,40.54,18.0,432.0,24,292.2258,0.45,Moderate,FMS_MARITIME,2026-04-06
2021-01-28,131,HFO,27.75,10.4,249.6,24,346.2079,0.54,Calm,FMS_MARITIME,2026-04-06
2021-01-01,132,LSMGO,28.0,9.5,228.0,24,382.4211,0.87,Moderate,FMS_MARITIME,2026-04-06
2021-01-02,132,LNG,21.85,12.8,307.2,24,221.4873,0.65,Rough,FMS_MARITIME,2026-04-06
2021-01-03,132,LSMGO,26.8,12.2,292.8,24,285.0246,0.5,Calm,FMS_MARITIME,2026-04-06
2021-01-04,132,LNG,46.2,11.7,280.8,24,512.3462,0.57,Rough,FMS_MARITIME,2026-04-06
2021-01-05,132,LNG,18.07,11.0,264.0,24,213.1439,0.45,Moderate,FMS_MARITIME,2026-04-06
2021-01-06,132,LNG,24.0,9.9,237.6,24,314.5455,0.92,Rough,FMS_MARITIME,2026-04-06
2021-01-07,132,LNG,74.29,17.3,415.2,24,557.175,0.82,Rough,FMS_MARITIME,2026-04-06
2021-01-08,132,HFO,26.43,15.7,376.8,24,218.4263,0.59,Moderate,FMS_MARITIME,2026-04-06
2021-01-09,132,LSMGO,51.58,17.4,417.6,24,384.6267,0.76,Rough,FMS_MARITIME,2026-04-06
2021-01-10,132,LSMGO,72.1,9.2,220.8,24,1016.8451,0.92,Calm,FMS_MARITIME,2026-04-06
2021-01-11,132,HFO,22.41,12.8,307.2,24,227.1639,0.46,Moderate,FMS_MARITIME,2026-04-06
2021-01-12,132,VLSFO,33.42,9.6,230.4,24,451.6922,0.58,Rough,FMS_MARITIME,2026-04-06
2021-01-13,132,MGO,40.5,11.1,266.4,24,473.4122,0.98,Moderate,FMS_MARITIME,2026-04-06
2021-01-14,132,VLSFO,79.07,10.2,244.8,24,1005.8169,0.67,Rough,FMS_MARITIME,2026-04-06
2021-01-15,132,MGO,73.91,12.7,304.8,24,755.1041,0.46,Calm,FMS_MARITIME,2026-04-06
2021-01-16,132,MGO,43.16,14.8,355.2,24,378.3791,0.59,Moderate,FMS_MARITIME,2026-04-06
2021-01-17,132,LNG,52.99,14.5,348.0,24,474.1691,0.84,Calm,FMS_MARITIME,2026-04-06
2021-01-18,132,HFO,15.52,9.9,237.6,24,203.4061,0.79,Calm,FMS_MARITIME,2026-04-06
2021-01-19,132,HFO,43.23,17.3,415.2,24,324.225,0.68,Moderate,FMS_MARITIME,2026-04-06
2021-01-20,132,HFO,60.52,9.0,216.0,24,872.4967,0.47,Rough,FMS_MARITIME,2026-04-06
2021-01-21,132,VLSFO,29.93,9.3,223.2,24,417.5718,0.91,Rough,FMS_MARITIME,2026-04-06
2021-01-22,132,HFO,59.2,17.5,420.0,24,438.9257,0.67,Calm,FMS_MARITIME,2026-04-06
2021-01-23,132,LNG,82.54,17.4,417.6,24,615.4922,0.75,Moderate,FMS_MARITIME,2026-04-06
2021-01-24,132,HFO,44.53,17.6,422.4,24,328.2822,0.42,Rough,FMS_MARITIME,2026-04-06
2021-01-25,132,MGO,69.22,8.6,206.4,24,1044.3366,0.57,Calm,FMS_MARITIME,2026-04-06
2021-01-26,132,LNG,65.6,15.8,379.2,24,538.7089,0.73,Calm,FMS_MARITIME,2026-04-06
2021-01-27,132,LNG,20.26,16.5,396.0,24,159.3173,0.92,Calm,FMS_MARITIME,2026-04-06
2021-01-28,132,MGO,63.19,10.7,256.8,24,766.2526,0.98,Rough,FMS_MARITIME,2026-04-06
2021-01-28,132,HFO,19.88,17.9,429.6,24,144.1022,0.55,Moderate,FMS_MARITIME,2026-04-06
2021-01-28,132,LNG,35.41,11.2,268.8,24,410.2185,0.97,Calm,FMS_MARITIME,2026-04-06
2021-01-01,133,VLSFO,67.7,10.7,256.8,24,820.9416,0.48,Calm,FMS_MARITIME,2026-04-06
2021-01-02,133,MGO,77.62,14.4,345.6,24,699.3885,0.48,Calm,FMS_MARITIME,2026-04-06
2021-01-03,133,LSMGO,44.59,16.0,384.0,24,361.597,0.56,Calm,FMS_MARITIME,2026-04-06
2021-01-04,133,LSMGO,71.47,10.2,244.8,24,909.1404,0.89,Calm,FMS_MARITIME,2026-04-06
2021-01-05,133,VLSFO,38.66,14.3,343.2,24,350.7787,0.54,Rough,FMS_MARITIME,2026-04-06
2021-01-06,133,HFO,37.3,12.2,292.8,24,396.6947,0.91,Moderate,FMS_MARITIME,2026-04-06
2021-01-07,133,VLSFO,33.0,10.9,261.6,24,392.8211,0.86,Calm,FMS_MARITIME,2026-04-06
2021-01-08,133,MGO,45.32,9.0,216.0,24,653.3633,0.75,Moderate,FMS_MARITIME,2026-04-06
2021-01-09,133,MGO,17.36,8.1,194.4,24,278.0815,0.79,Moderate,FMS_MARITIME,2026-04-06
2021-01-10,133,VLSFO,63.37,9.0,216.0,24,913.5842,0.69,Rough,FMS_MARITIME,2026-04-06
2021-01-11,133,MGO,30.66,9.0,216.0,24,442.015,0.78,Rough,FMS_MARITIME,2026-04-06
2021-01-12,133,HFO,31.95,16.8,403.2,24,246.7567,0.85,Calm,FMS_MARITIME,2026-04-06
2021-01-13,133,HFO,53.03,17.5,420.0,24,393.1796,0.78,Rough,FMS_MARITIME,2026-04-06
2021-01-14,133,MGO,73.49,12.3,295.2,24,775.2299,0.67,Moderate,FMS_MARITIME,2026-04-06
2021-01-15,133,LSMGO,54.02,8.5,204.0,24,824.5994,0.54,Calm,FMS_MARITIME,2026-04-06
2021-01-16,133,MGO,63.68,10.7,256.8,24,772.1944,0.78,Moderate,FMS_MARITIME,2026-04-06
2021-01-17,133,LNG,49.19,14.4,345.6,24,443.2224,0.54,Moderate,FMS_MARITIME,2026-04-06
2021-01-18,133,LSMGO,40.98,15.0,360.0,24,354.477,0.68,Moderate,FMS_MARITIME,2026-04-06
2021-01-19,133,HFO,48.45,15.6,374.4,24,402.9736,0.8,Rough,FMS_MARITIME,2026-04-06
2021-01-20,133,MGO,25.94,15.7,376.8,24,214.3768,0.9,Calm,FMS_MARITIME,2026-04-06
2021-01-21,133,LNG,73.92,14.7,352.8,24,652.4571,0.88,Moderate,FMS_MARITIME,2026-04-06
2021-01-22,133,LSMGO,83.84,8.5,204.0,24,1279.7929,0.53,Calm,FMS_MARITIME,2026-04-06
2021-01-23,133,LSMGO,67.33,8.8,211.2,24,992.7349,0.6,Moderate,FMS_MARITIME,2026-04-06
2021-01-24,133,MGO,63.76,13.6,326.4,24,608.2985,0.79,Rough,FMS_MARITIME,2026-04-06
2021-01-25,133,HFO,26.84,14.2,340.8,24,245.2458,0.6,Rough,FMS_MARITIME,2026-04-06
2021-01-26,133,MGO,17.28,17.4,417.6,24,128.8552,0.69,Rough,FMS_MARITIME,2026-04-06
2021-01-27,133,MGO,19.72,9.5,228.0,24,269.3337,0.67,Calm,FMS_MARITIME,2026-04-06
2021-01-28,133,LNG,50.37,11.9,285.6,24,549.2023,0.97,Rough,FMS_MARITIME,2026-04-06
2021-01-28,133,VLSFO,57.39,16.8,403.2,24,443.2353,0.57,Moderate,FMS_MARITIME,2026-04-06
2021-01-28,133,LSMGO,21.64,17.4,417.6,24,161.3672,0.61,Moderate,FMS_MARITIME,2026-04-06
2021-01-01,134,LNG,63.3,8.4,201.6,24,977.7589,0.51,Moderate,FMS_MARITIME,2026-04-06
2021-01-02,134,LSMGO,77.44,13.1,314.4,24,767.0107,0.42,Rough,FMS_MARITIME,2026-04-06
2021-01-03,134,HFO,67.16,18.0,432.0,24,484.1117,0.64,Calm,FMS_MARITIME,2026-04-06
2021-01-04,134,HFO,23.59,8.9,213.6,24,343.9104,0.68,Rough,FMS_MARITIME,2026-04-06
2021-01-05,134,LSMGO,24.77,11.3,271.2,24,284.4166,0.49,Calm,FMS_MARITIME,2026-04-06
2021-01-06,134,VLSFO,81.89,10.1,242.4,24,1052.0027,0.6,Moderate,FMS_MARITIME,2026-04-06
2021-01-07,134,VLSFO,39.24,13.0,312.0,24,391.6454,0.71,Moderate,FMS_MARITIME,2026-04-06
2021-01-08,134,HFO,77.43,17.4,417.6,24,577.3875,0.65,Rough,FMS_MARITIME,2026-04-06
2021-01-09,134,MGO,23.13,12.6,302.4,24,238.1839,0.46,Moderate,FMS_MARITIME,2026-04-06
2021-01-10,134,LNG,49.78,15.9,381.6,24,406.2236,0.51,Calm,FMS_MARITIME,2026-04-06
2021-01-11,134,LNG,49.43,11.2,268.8,24,572.6377,0.92,Calm,FMS_MARITIME,2026-04-06
2021-01-12,134,MGO,22.09,17.1,410.4,24,167.6127,0.83,Calm,FMS_MARITIME,2026-04-06
2021-01-13,134,LNG,27.96,14.1,338.4,24,257.2915,0.76,Moderate,FMS_MARITIME,2026-04-06
2021-01-14,134,LSMGO,40.87,10.6,254.4,24,500.2719,0.67,Rough,FMS_MARITIME,2026-04-06
2021-01-15,134,MGO,35.12,15.1,362.4,24,301.7762,0.43,Rough,FMS_MARITIME,2026-04-06
2021-01-16,134,MGO,54.66,11.3,271.2,24,627.6226,0.54,Rough,FMS_MARITIME,2026-04-06
2021-01-17,134,LSMGO,15.15,16.1,386.4,24,122.0939,0.62,Rough,FMS_MARITIME,2026-04-06
2021-01-18,134,LNG,62.87,16.5,396.0,24,494.3868,0.7,Rough,FMS_MARITIME,2026-04-06
2021-01-19,134,VLSFO,42.68,14.1,338.4,24,392.7468,0.69,Moderate,FMS_MARITIME,2026-04-06
2021-01-20,134,VLSFO,46.77,13.8,331.2,24,439.7397,0.71,Rough,FMS_MARITIME,2026-04-06
2021-01-21,134,HFO,82.26,9.0,216.0,24,1185.915,0.48,Calm,FMS_MARITIME,2026-04-06
2021-01-22,134,HFO,37.44,8.9,213.6,24,545.8247,0.8,Rough,FMS_MARITIME,2026-04-06
2021-01-23,134,HFO,60.89,8.7,208.8,24,908.1009,0.46,Moderate,FMS_MARITIME,2026-04-06
2021-01-24,134,HFO,41.11,11.3,271.2,24,472.0374,0.51,Moderate,FMS_MARITIME,2026-04-06
2021-01-25,134,LSMGO,55.37,12.1,290.4,24,593.7403,0.9,Moderate,FMS_MARITIME,2026-04-06
2021-01-26,134,VLSFO,76.38,15.1,362.4,24,656.3116,0.53,Rough,FMS_MARITIME,2026-04-06
2021-01-27,134,VLSFO,30.97,9.3,223.2,24,432.0815,0.94,Rough,FMS_MARITIME,2026-04-06
2021-01-28,134,MGO,32.45,12.8,307.2,24,328.9365,0.93,Moderate,FMS_MARITIME,2026-04-06
2021-01-28,134,LSMGO,68.77,8.6,206.4,24,1037.5474,0.58,Rough,FMS_MARITIME,2026-04-06
2021-01-28,134,LNG,22.34,16.3,391.2,24,177.8291,0.41,Rough,FMS_MARITIME,2026-04-06
2021-01-01,135,LNG,54.33,17.7,424.8,24,398.2665,0.98,Calm,FMS_MARITIME,2026-04-06
2021-01-02,135,VLSFO,26.86,12.8,307.2,24,272.2723,0.97,Calm,FMS_MARITIME,2026-04-06
2021-01-03,135,LSMGO,81.24,12.2,292.8,24,864.0074,0.51,Moderate,FMS_MARITIME,2026-04-06
2021-01-04,135,LSMGO,51.11,14.5,348.0,24,457.3464,1.0,Rough,FMS_MARITIME,2026-04-06
2021-01-05,135,HFO,19.73,10.1,242.4,24,253.4621,0.77,Calm,FMS_MARITIME,2026-04-06
2021-01-06,135,MGO,73.97,17.3,415.2,24,554.775,0.56,Rough,FMS_MARITIME,2026-04-06
2021-01-07,135,VLSFO,70.07,13.4,321.6,24,678.4763,0.72,Calm,FMS_MARITIME,2026-04-06
2021-01-08,135,LNG,34.48,12.4,297.6,24,360.7887,0.93,Calm,FMS_MARITIME,2026-04-06
2021-01-09,135,VLSFO,21.7,13.4,321.6,24,210.1175,0.67,Rough,FMS_MARITIME,2026-04-06
2021-01-10,135,VLSFO,33.66,10.5,252.0,24,415.9414,0.58,Moderate,FMS_MARITIME,2026-04-06
2021-01-11,135,LNG,17.18,11.1,266.4,24,200.8203,0.93,Calm,FMS_MARITIME,2026-04-06
2021-01-12,135,MGO,78.96,8.2,196.8,24,1249.3976,0.59,Rough,FMS_MARITIME,2026-04-06
2021-01-13,135,MGO,74.78,13.2,316.8,24,735.0534,0.73,Calm,FMS_MARITIME,2026-04-06
2021-01-14,135,HFO,69.53,14.7,352.8,24,613.7087,0.8,Calm,FMS_MARITIME,2026-04-06
2021-01-15,135,LSMGO,67.22,13.6,326.4,24,641.3085,1.0,Calm,FMS_MARITIME,2026-04-06
2021-01-16,135,LSMGO,24.54,16.1,386.4,24,197.768,0.57,Moderate,FMS_MARITIME,2026-04-06
2021-01-17,135,VLSFO,53.73,13.9,333.6,24,501.5444,0.98,Rough,FMS_MARITIME,2026-04-06
2021-01-18,135,LNG,39.79,12.9,309.6,24,400.2134,0.44,Moderate,FMS_MARITIME,2026-04-06
2021-01-19,135,MGO,35.64,12.3,295.2,24,375.9585,0.93,Calm,FMS_MARITIME,2026-04-06
2021-01-20,135,HFO,17.33,10.2,244.8,24,220.4478,0.63,Moderate,FMS_MARITIME,2026-04-06
2021-01-21,135,LNG,49.54,14.8,355.2,24,434.3118,0.53,Calm,FMS_MARITIME,2026-04-06
2021-01-22,135,HFO,55.11,8.9,213.6,24,803.4295,0.83,Rough,FMS_MARITIME,2026-04-06
2021-01-23,135,LSMGO,22.3,8.9,213.6,24,325.1039,0.6,Rough,FMS_MARITIME,2026-04-06
2021-01-24,135,LNG,56.65,10.2,244.8,24,720.6213,0.52,Calm,FMS_MARITIME,2026-04-06
2021-01-25,135,HFO,32.89,16.4,393.6,24,260.212,0.54,Moderate,FMS_MARITIME,2026-04-06
2021-01-26,135,HFO,83.08,14.2,340.8,24,759.1289,0.86,Calm,FMS_MARITIME,2026-04-06
2021-01-27,135,VLSFO,59.17,12.9,309.6,24,595.1401,0.42,Calm,FMS_MARITIME,2026-04-06
2021-01-28,135,HFO,55.65,16.1,386.4,24,448.4837,0.94,Moderate,FMS_MARITIME,2026-04-06
2021-01-28,135,VLSFO,40.97,17.8,427.2,24,298.6437,0.43,Calm,FMS_MARITIME,2026-04-06
2021-01-28,135,MGO,42.38,16.1,386.4,24,341.5407,0.67,Rough,FMS_MARITIME,2026-04-06
2021-01-01,136,LSMGO,35.9,11.0,264.0,24,423.4568,0.56,Moderate,FMS_MARITIME,2026-04-06
2021-01-02,136,MGO,40.21,10.4,249.6,24,501.6584,0.44,Moderate,FMS_MARITIME,2026-04-06
2021-01-03,136,LSMGO,73.41,17.5,420.0,24,544.2827,0.8,Calm,FMS_MARITIME,2026-04-06
2021-01-04,136,LNG,77.38,11.4,273.6,24,880.7066,0.88,Moderate,FMS_MARITIME,2026-04-06
2021-01-05,136,HFO,23.38,14.2,340.8,24,213.6306,0.89,Calm,FMS_MARITIME,2026-04-06
2021-01-06,136,HFO,67.36,17.1,410.4,24,511.1088,0.77,Moderate,FMS_MARITIME,2026-04-06
2021-01-07,136,LSMGO,61.3,13.5,324.0,24,589.1611,0.41,Calm,FMS_MARITIME,2026-04-06
2021-01-08,136,MGO,83.27,11.1,266.4,24,973.3588,0.41,Rough,FMS_MARITIME,2026-04-06
2021-01-09,136,LNG,57.31,9.0,216.0,24,826.2192,0.72,Rough,FMS_MARITIME,2026-04-06
2021-01-10,136,MGO,37.53,10.6,254.4,24,459.3884,0.97,Moderate,FMS_MARITIME,2026-04-06
2021-01-11,136,LSMGO,67.09,18.0,432.0,24,483.6071,0.87,Rough,FMS_MARITIME,2026-04-06
2021-01-12,136,VLSFO,35.61,12.5,300.0,24,369.6318,0.42,Moderate,FMS_MARITIME,2026-04-06
2021-01-13,136,MGO,79.86,10.6,254.4,24,977.5316,0.94,Moderate,FMS_MARITIME,2026-04-06
2021-01-14,136,LNG,61.62,17.2,412.8,24,464.8369,0.69,Moderate,FMS_MARITIME,2026-04-06
2021-01-15,136,HFO,70.09,8.1,194.4,24,1122.738,0.47,Moderate,FMS_MARITIME,2026-04-06
2021-01-16,136,LSMGO,70.92,14.5,348.0,24,634.6117,0.84,Rough,FMS_MARITIME,2026-04-06
2021-01-17,136,HFO,79.73,10.4,249.6,24,994.7084,0.44,Moderate,FMS_MARITIME,2026-04-06
2021-01-18,136,HFO,20.49,16.6,398.4,24,160.1553,0.61,Rough,FMS_MARITIME,2026-04-06
2021-01-19,136,LNG,42.13,13.4,321.6,24,407.9379,0.41,Calm,FMS_MARITIME,2026-04-06
2021-01-20,136,MGO,69.84,16.4,393.6,24,552.5451,0.97,Moderate,FMS_MARITIME,2026-04-06
2021-01-21,136,HFO,33.02,11.1,266.4,24,385.977,0.41,Moderate,FMS_MARITIME,2026-04-06
2021-01-22,136,LNG,35.5,8.4,201.6,24,548.3482,0.55,Moderate,FMS_MARITIME,2026-04-06
2021-01-23,136,LSMGO,47.34,10.5,252.0,24,584.9871,0.88,Moderate,FMS_MARITIME,2026-04-06
2021-01-24,136,LNG,52.48,15.3,367.2,24,445.051,0.61,Moderate,FMS_MARITIME,2026-04-06
2021-01-25,136,LSMGO,34.74,12.1,290.4,24,372.5219,0.75,Calm,FMS_MARITIME,2026-04-06
2021-01-26,136,VLSFO,42.74,16.6,398.4,24,334.0672,0.59,Moderate,FMS_MARITIME,2026-04-06
2021-01-27,136,LSMGO,82.63,8.6,206.4,24,1246.6561,0.42,Moderate,FMS_MARITIME,2026-04-06
2021-01-28,136,HFO,66.69,14.0,336.0,24,618.0734,0.99,Calm,FMS_MARITIME,2026-04-06
2021-01-28,136,LNG,77.47,9.7,232.8,24,1036.2611,0.61,Rough,FMS_MARITIME,2026-04-06
2021-01-28,136,HFO,19.19,14.6,350.4,24,170.5413,0.62,Moderate,FMS_MARITIME,2026-04-06
2021-01-01,137,HFO,36.58,14.0,336.0,24,339.0182,0.6,Calm,FMS_MARITIME,2026-04-06
2021-01-02,137,HFO,73.67,12.4,297.6,24,770.8615,0.87,Moderate,FMS_MARITIME,2026-04-06
2021-01-03,137,MGO,45.3,8.7,208.8,24,675.5948,0.69,Moderate,FMS_MARITIME,2026-04-06
2021-01-04,137,LNG,82.94,16.6,398.4,24,648.281,0.93,Calm,FMS_MARITIME,2026-04-06
2021-01-05,137,VLSFO,63.35,14.3,343.2,24,574.8016,0.87,Calm,FMS_MARITIME,2026-04-06
2021-01-06,137,LNG,23.51,15.0,360.0,24,203.3615,0.64,Calm,FMS_MARITIME,2026-04-06
2021-01-07,137,LNG,36.51,9.6,230.4,24,493.4555,0.46,Rough,FMS_MARITIME,2026-04-06
2021-01-08,137,LNG,35.48,10.5,252.0,24,438.4314,0.76,Moderate,FMS_MARITIME,2026-04-06
2021-01-09,137,LSMGO,81.38,11.7,280.8,24,902.4833,0.76,Calm,FMS_MARITIME,2026-04-06
2021-01-10,137,LSMGO,36.58,10.5,252.0,24,452.0243,0.54,Rough,FMS_MARITIME,2026-04-06
2021-01-11,137,HFO,19.71,16.9,405.6,24,151.3238,0.91,Calm,FMS_MARITIME,2026-04-06
2021-01-12,137,MGO,59.29,16.6,398.4,24,463.4264,0.97,Rough,FMS_MARITIME,2026-04-06
2021-01-13,137,LSMGO,68.72,14.8,355.2,24,602.4608,0.89,Calm,FMS_MARITIME,2026-04-06
2021-01-14,137,MGO,47.03,15.8,379.2,24,386.2116,0.99,Calm,FMS_MARITIME,2026-04-06
2021-01-15,137,MGO,33.63,15.2,364.8,24,287.0719,0.98,Rough,FMS_MARITIME,2026-04-06
2021-01-16,137,HFO,16.4,17.9,429.6,24,118.8771,0.74,Moderate,FMS_MARITIME,2026-04-06
2021-01-17,137,LSMGO,74.55,11.8,283.2,24,819.7341,0.55,Moderate,FMS_MARITIME,2026-04-06
2021-01-18,137,LSMGO,82.93,10.3,247.2,24,1044.6765,0.49,Rough,FMS_MARITIME,2026-04-06
2021-01-19,137,LSMGO,66.9,10.9,261.6,24,796.3555,0.7,Calm,FMS_MARITIME,2026-04-06
2021-01-20,137,VLSFO,48.36,14.4,345.6,24,435.7437,0.69,Rough,FMS_MARITIME,2026-04-06
2021-01-21,137,LNG,71.39,14.4,345.6,24,643.2536,0.88,Rough,FMS_MARITIME,2026-04-06
2021-01-22,137,LSMGO,29.4,12.7,304.8,24,300.3661,0.43,Calm,FMS_MARITIME,2026-04-06
2021-01-23,137,HFO,25.36,10.7,256.8,24,307.5196,0.74,Rough,FMS_MARITIME,2026-04-06
2021-01-24,137,LSMGO,44.64,12.5,300.0,24,463.3632,0.74,Moderate,FMS_MARITIME,2026-04-06
2021-01-25,137,LNG,71.47,12.4,297.6,24,747.8413,0.66,Moderate,FMS_MARITIME,2026-04-06
2021-01-26,137,HFO,63.45,15.5,372.0,24,531.1379,0.75,Rough,FMS_MARITIME,2026-04-06
2021-01-27,137,LNG,40.53,9.9,237.6,24,531.1886,0.9,Calm,FMS_MARITIME,2026-04-06
2021-01-28,137,LSMGO,61.05,11.4,273.6,24,694.8454,0.53,Moderate,FMS_MARITIME,2026-04-06
2021-01-28,137,HFO,55.56,12.4,297.6,24,581.3637,0.72,Moderate,FMS_MARITIME,2026-04-06
2021-01-28,137,MGO,75.01,12.2,292.8,24,797.7498,0.75,Calm,FMS_MARITIME,2026-04-06
2021-01-01,138,LNG,74.2,14.3,343.2,24,673.2483,0.84,Calm,FMS_MARITIME,2026-04-06
2021-01-02,138,LNG,66.36,16.0,384.0,24,538.1381,0.69,Rough,FMS_MARITIME,2026-04-06
2021-01-03,138,LNG,34.42,11.0,264.0,24,405.9995,0.69,Moderate,FMS_MARITIME,2026-04-06
2021-01-04,138,MGO,84.61,17.2,412.8,24,638.2644,0.42,Moderate,FMS_MARITIME,2026-04-06
2021-01-05,138,HFO,47.76,16.5,396.0,24,375.5673,0.48,Moderate,FMS_MARITIME,2026-04-06
2021-01-06,138,HFO,67.49,18.0,432.0,24,486.4904,0.62,Moderate,FMS_MARITIME,2026-04-06
2021-01-07,138,LSMGO,34.75,10.6,254.4,24,425.3597,0.82,Rough,FMS_MARITIME,2026-04-06
2021-01-08,138,VLSFO,71.86,11.2,268.8,24,832.4853,0.62,Rough,FMS_MARITIME,2026-04-06
2021-01-09,138,MGO,33.08,10.2,244.8,24,420.7971,0.96,Rough,FMS_MARITIME,2026-04-06
2021-01-10,138,MGO,38.56,10.7,256.8,24,467.585,0.83,Rough,FMS_MARITIME,2026-04-06
2021-01-11,138,LNG,80.96,12.7,304.8,24,827.1307,0.53,Moderate,FMS_MARITIME,2026-04-06
2021-01-12,138,HFO,83.01,14.9,357.6,24,722.8555,0.83,Moderate,FMS_MARITIME,2026-04-06
2021-01-13,138,MGO,54.57,8.3,199.2,24,853.0672,0.97,Calm,FMS_MARITIME,2026-04-06
2021-01-14,138,LNG,26.24,14.9,357.6,24,228.4993,0.48,Rough,FMS_MARITIME,2026-04-06
2021-01-15,138,LNG,69.22,15.1,362.4,24,594.7877,0.63,Moderate,FMS_MARITIME,2026-04-06
2021-01-16,138,LNG,76.65,14.7,352.8,24,676.5536,0.44,Rough,FMS_MARITIME,2026-04-06
2021-01-17,138,VLSFO,84.37,13.6,326.4,24,804.927,0.84,Rough,FMS_MARITIME,2026-04-06
2021-01-18,138,HFO,72.18,17.8,427.2,24,526.1435,0.54,Moderate,FMS_MARITIME,2026-04-06
2021-01-19,138,VLSFO,52.82,16.1,386.4,24,425.6767,0.87,Moderate,FMS_MARITIME,2026-04-06
2021-01-20,138,LSMGO,36.44,14.8,355.2,24,319.4655,0.5,Rough,FMS_MARITIME,2026-04-06
2021-01-21,138,MGO,71.28,17.6,422.4,24,525.4875,0.52,Moderate,FMS_MARITIME,2026-04-06
2021-01-22,138,LSMGO,82.24,8.5,204.0,24,1255.3694,0.9,Calm,FMS_MARITIME,2026-04-06
2021-01-23,138,LNG,30.68,12.3,295.2,24,323.6366,0.92,Moderate,FMS_MARITIME,2026-04-06
2021-01-24,138,MGO,32.92,14.8,355.2,24,288.6061,0.69,Moderate,FMS_MARITIME,2026-04-06
2021-01-25,138,HFO,54.5,17.9,429.6,24,395.0489,0.75,Moderate,FMS_MARITIME,2026-04-06
2021-01-26,138,LSMGO,62.62,9.9,237.6,24,820.7015,0.6,Rough,FMS_MARITIME,2026-04-06
2021-01-27,138,LSMGO,27.15,12.7,304.8,24,277.3789,0.51,Calm,FMS_MARITIME,2026-04-06
2021-01-28,138,MGO,57.45,9.0,216.0,24,828.2375,0.66,Moderate,FMS_MARITIME,2026-04-06
2021-01-28,138,LSMGO,48.63,13.3,319.2,24,474.4167,0.49,Calm,FMS_MARITIME,2026-04-06
2021-01-28,138,LSMGO,18.23,12.8,307.2,24,184.7924,0.44,Calm,FMS_MARITIME,2026-04-06
2021-01-01,139,LSMGO,67.47,15.5,372.0,24,564.7892,0.41,Calm,FMS_MARITIME,2026-04-06
2021-01-02,139,VLSFO,48.62,17.5,420.0,24,360.4826,0.51,Moderate,FMS_MARITIME,2026-04-06
2021-01-03,139,MGO,65.13,13.7,328.8,24,616.8334,0.77,Calm,FMS_MARITIME,2026-04-06
2021-01-04,139,LNG,21.32,13.5,324.0,24,204.9089,0.8,Rough,FMS_MARITIME,2026-04-06
2021-01-05,139,HFO,57.76,11.5,276.0,24,651.6835,0.47,Rough,FMS_MARITIME,2026-04-06
2021-01-06,139,LNG,74.29,9.7,232.8,24,993.7245,0.94,Calm,FMS_MARITIME,2026-04-06
2021-01-07,139,LSMGO,84.36,10.5,252.0,24,1042.4486,0.49,Moderate,FMS_MARITIME,2026-04-06
2021-01-08,139,MGO,78.4,17.9,429.6,24,568.2905,0.66,Moderate,FMS_MARITIME,2026-04-06
2021-01-09,139,HFO,21.71,13.9,333.6,24,202.6527,0.79,Calm,FMS_MARITIME,2026-04-06
2021-01-10,139,LSMGO,72.85,16.1,386.4,24,587.0986,0.89,Rough,FMS_MARITIME,2026-04-06
2021-01-11,139,LSMGO,84.49,17.8,427.2,24,615.8751,0.97,Moderate,FMS_MARITIME,2026-04-06
2021-01-12,139,MGO,60.24,14.8,355.2,24,528.1176,0.49,Rough,FMS_MARITIME,2026-04-06
2021-01-13,139,VLSFO,35.31,17.5,420.0,24,261.7984,0.73,Calm,FMS_MARITIME,2026-04-06
2021-01-14,139,MGO,40.01,15.2,364.8,24,341.5327,0.93,Rough,FMS_MARITIME,2026-04-06
2021-01-15,139,LNG,41.94,13.0,312.0,24,418.5935,0.83,Calm,FMS_MARITIME,2026-04-06
2021-01-16,139,MGO,53.49,11.1,266.4,24,625.2547,0.43,Calm,FMS_MARITIME,2026-04-06
2021-01-17,139,VLSFO,83.68,8.1,194.4,24,1340.4296,0.92,Moderate,FMS_MARITIME,2026-04-06
2021-01-18,139,HFO,62.86,15.9,381.6,24,512.9613,1.0,Rough,FMS_MARITIME,2026-04-06
2021-01-19,139,VLSFO,20.22,10.0,240.0,24,262.3545,0.61,Moderate,FMS_MARITIME,2026-04-06
2021-01-20,139,LNG,26.06,11.5,276.0,24,294.0248,0.77,Calm,FMS_MARITIME,2026-04-06
2021-01-21,139,MGO,73.93,10.8,259.2,24,888.1868,0.81,Rough,FMS_MARITIME,2026-04-06
2021-01-22,139,VLSFO,63.37,13.1,314.4,24,627.6532,0.64,Rough,FMS_MARITIME,2026-04-06
2021-01-23,139,LNG,68.36,15.2,364.8,24,583.5336,0.75,Calm,FMS_MARITIME,2026-04-06
2021-01-24,139,LSMGO,76.58,15.3,367.2,24,649.4284,0.74,Moderate,FMS_MARITIME,2026-04-06
2021-01-25,139,VLSFO,20.55,16.6,398.4,24,160.6242,0.91,Moderate,FMS_MARITIME,2026-04-06
2021-01-26,139,LNG,50.45,12.4,297.6,24,527.8942,0.55,Rough,FMS_MARITIME,2026-04-06
2021-01-27,139,HFO,58.16,11.8,283.2,24,639.5136,0.58,Moderate,FMS_MARITIME,2026-04-06
2021-01-28,139,VLSFO,76.04,11.8,283.2,24,836.1178,0.76,Rough,FMS_MARITIME,2026-04-06
2021-01-28,139,VLSFO,41.66,17.6,422.4,24,307.1241,0.9,Moderate,FMS_MARITIME,2026-04-06
2021-01-28,139,VLSFO,37.17,9.0,216.0,24,535.8675,0.44,Rough,FMS_MARITIME,2026-04-06
2021-01-01,140,HFO,16.28,8.5,204.0,24,248.5094,0.56,Rough,FMS_MARITIME,2026-04-06
2021-01-02,140,HFO,47.21,17.0,408.0,24,360.3234,0.74,Calm,FMS_MARITIME,2026-04-06
2021-01-03,140,VLSFO,71.31,14.0,336.0,24,660.8909,0.87,Calm,FMS_MARITIME,2026-04-06
2021-01-04,140,VLSFO,84.19,12.6,302.4,24,866.9565,0.65,Moderate,FMS_MARITIME,2026-04-06
2021-01-05,140,LSMGO,21.98,13.3,319.2,24,214.4289,0.64,Moderate,FMS_MARITIME,2026-04-06
2021-01-06,140,VLSFO,20.53,11.2,268.8,24,237.8364,0.62,Calm,FMS_MARITIME,2026-04-06
2021-01-07,140,HFO,17.12,14.6,350.4,24,152.1452,0.83,Rough,FMS_MARITIME,2026-04-06
2021-01-08,140,VLSFO,42.7,11.0,264.0,24,503.6659,0.97,Calm,FMS_MARITIME,2026-04-06
2021-01-09,140,HFO,48.4,16.1,386.4,24,390.0559,0.83,Rough,FMS_MARITIME,2026-04-06
2021-01-10,140,LNG,61.49,8.7,208.8,24,917.0491,0.57,Calm,FMS_MARITIME,2026-04-06
2021-01-11,140,MGO,81.58,8.9,213.6,24,1189.3264,0.65,Calm,FMS_MARITIME,2026-04-06
2021-01-12,140,HFO,84.92,16.0,384.0,24,688.6481,0.51,Calm,FMS_MARITIME,2026-04-06
2021-01-13,140,LNG,64.01,15.1,362.4,24,550.0197,0.53,Calm,FMS_MARITIME,2026-04-06
2021-01-14,140,HFO,56.69,10.4,249.6,24,707.2623,0.45,Calm,FMS_MARITIME,2026-04-06
2021-01-15,140,MGO,76.68,9.0,216.0,24,1105.47,0.74,Moderate,FMS_MARITIME,2026-04-06
2021-01-16,140,LSMGO,72.9,9.6,230.4,24,985.2891,0.77,Calm,FMS_MARITIME,2026-04-06
2021-01-17,140,MGO,26.15,17.2,412.8,24,197.2653,0.41,Calm,FMS_MARITIME,2026-04-06
2021-01-18,140,LNG,29.61,12.2,292.8,24,314.9096,0.6,Rough,FMS_MARITIME,2026-04-06
2021-01-19,140,HFO,79.86,13.9,333.6,24,745.4558,0.5,Rough,FMS_MARITIME,2026-04-06
2021-01-20,140,MGO,20.95,11.1,266.4,24,244.8885,0.55,Rough,FMS_MARITIME,2026-04-06
2021-01-21,140,LNG,73.42,15.2,364.8,24,626.7266,0.45,Rough,FMS_MARITIME,2026-04-06
2021-01-22,140,HFO,17.17,15.1,362.4,24,147.5369,0.97,Moderate,FMS_MARITIME,2026-04-06
2021-01-23,140,VLSFO,77.59,8.5,204.0,24,1184.3885,0.95,Rough,FMS_MARITIME,2026-04-06
2021-01-24,140,LSMGO,81.06,9.1,218.4,24,1155.7731,0.98,Rough,FMS_MARITIME,2026-04-06
2021-01-25,140,VLSFO,73.14,12.1,290.4,24,784.2905,0.69,Rough,FMS_MARITIME,2026-04-06
2021-01-26,140,MGO,70.92,15.8,379.2,24,582.3968,0.88,Moderate,FMS_MARITIME,2026-04-06
2021-01-27,140,LNG,57.49,18.0,432.0,24,414.4071,0.43,Moderate,FMS_MARITIME,2026-04-06
2021-01-28,140,MGO,50.17,10.6,254.4,24,614.1092,0.63,Moderate,FMS_MARITIME,2026-04-06
2021-01-28,140,MGO,15.58,12.7,304.8,24,159.1736,0.5,Moderate,FMS_MARITIME,2026-04-06
2021-01-28,140,HFO,33.27,12.0,288.0,24,359.7319,0.63,Moderate,FMS_MARITIME,2026-04-06
2021-01-01,141,LNG,63.46,14.6,350.4,24,563.9682,0.85,Rough,FMS_MARITIME,2026-04-06
2021-01-02,141,MGO,38.63,15.6,374.4,24,321.2976,0.93,Rough,FMS_MARITIME,2026-04-06
2021-01-03,141,LNG,49.91,13.2,316.8,24,490.5926,0.47,Calm,FMS_MARITIME,2026-04-06
2021-01-04,141,HFO,54.07,11.0,264.0,24,637.7802,0.63,Moderate,FMS_MARITIME,2026-04-06
2021-01-05,141,HFO,16.47,17.6,422.4,24,121.4195,0.74,Rough,FMS_MARITIME,2026-04-06
2021-01-06,141,LNG,38.12,15.9,381.6,24,311.0736,0.43,Calm,FMS_MARITIME,2026-04-06
2021-01-07,141,LNG,66.66,12.0,288.0,24,720.7612,0.91,Moderate,FMS_MARITIME,2026-04-06
2021-01-08,141,MGO,33.39,16.9,405.6,24,256.3522,0.45,Moderate,FMS_MARITIME,2026-04-06
2021-01-09,141,VLSFO,34.53,17.1,410.4,24,262.0039,0.77,Moderate,FMS_MARITIME,2026-04-06
2021-01-10,141,LNG,67.41,15.7,376.8,24,557.0986,0.87,Calm,FMS_MARITIME,2026-04-06
2021-01-11,141,MGO,19.24,13.3,319.2,24,187.6985,0.91,Calm,FMS_MARITIME,2026-04-06
2021-01-12,141,LNG,23.67,11.3,271.2,24,271.7861,0.8,Rough,FMS_MARITIME,2026-04-06
2021-01-13,141,VLSFO,68.96,12.2,292.8,24,733.4066,0.65,Moderate,FMS_MARITIME,2026-04-06
2021-01-14,141,LNG,81.32,16.8,403.2,24,628.0518,0.43,Calm,FMS_MARITIME,2026-04-06
2021-01-15,141,LSMGO,43.77,10.5,252.0,24,540.8721,0.8,Calm,FMS_MARITIME,2026-04-06
2021-01-16,141,HFO,76.19,10.9,261.6,24,906.9406,0.67,Moderate,FMS_MARITIME,2026-04-06
2021-01-17,141,HFO,20.5,14.6,350.4,24,182.1832,0.43,Rough,FMS_MARITIME,2026-04-06
2021-01-18,141,LNG,33.53,8.8,211.2,24,494.377,0.62,Moderate,FMS_MARITIME,2026-04-06
2021-01-19,141,LSMGO,80.23,9.5,228.0,24,1095.7729,0.85,Moderate,FMS_MARITIME,2026-04-06
2021-01-20,141,HFO,66.6,11.9,285.6,24,726.1639,0.59,Calm,FMS_MARITIME,2026-04-06
2021-01-21,141,MGO,69.84,16.7,400.8,24,542.6192,0.42,Moderate,FMS_MARITIME,2026-04-06
2021-01-22,141,LNG,20.62,12.3,295.2,24,217.5159,0.61,Calm,FMS_MARITIME,2026-04-06
2021-01-23,141,HFO,52.58,15.1,362.4,24,451.805,0.4,Moderate,FMS_MARITIME,2026-04-06
2021-01-24,141,VLSFO,53.75,17.1,410.4,24,407.8399,0.7,Moderate,FMS_MARITIME,2026-04-06
2021-01-25,141,LSMGO,45.58,11.6,278.4,24,509.828,0.78,Moderate,FMS_MARITIME,2026-04-06
2021-01-26,141,LNG,18.2,12.8,307.2,24,184.4883,0.69,Rough,FMS_MARITIME,2026-04-06
2021-01-27,141,VLSFO,65.83,8.9,213.6,24,959.7126,0.73,Calm,FMS_MARITIME,2026-04-06
2021-01-28,141,MGO,75.49,11.0,264.0,24,890.4389,0.52,Rough,FMS_MARITIME,2026-04-06
2021-01-28,141,MGO,25.57,13.9,333.6,24,238.684,0.5,Calm,FMS_MARITIME,2026-04-06
2021-01-28,141,LSMGO,58.55,15.5,372.0,24,490.1202,0.53,Moderate,FMS_MARITIME,2026-04-06
2021-01-01,142,MGO,47.47,17.5,420.0,24,351.9561,0.87,Calm,FMS_MARITIME,2026-04-06
2021-01-02,142,HFO,62.45,17.0,408.0,24,476.6404,0.5,Calm,FMS_MARITIME,2026-04-06
2021-01-03,142,MGO,55.88,11.5,276.0,24,630.4722,0.88,Rough,FMS_MARITIME,2026-04-06
2021-01-04,142,LNG,76.48,12.7,304.8,24,781.3606,0.75,Rough,FMS_MARITIME,2026-04-06
2021-01-05,142,HFO,52.76,17.9,429.6,24,382.4363,0.51,Calm,FMS_MARITIME,2026-04-06
2021-01-06,142,VLSFO,43.35,11.4,273.6,24,493.3914,0.44,Calm,FMS_MARITIME,2026-04-06
2021-01-07,142,LSMGO,67.01,12.1,290.4,24,718.5576,0.72,Calm,FMS_MARITIME,2026-04-06
2021-01-08,142,HFO,72.67,11.6,278.4,24,812.839,0.88,Moderate,FMS_MARITIME,2026-04-06
2021-01-09,142,HFO,26.79,16.7,400.8,24,208.1439,0.84,Moderate,FMS_MARITIME,2026-04-06
2021-01-10,142,VLSFO,47.04,15.2,364.8,24,401.5421,0.94,Moderate,FMS_MARITIME,2026-04-06
2021-01-11,142,LSMGO,76.95,14.2,340.8,24,703.1171,0.46,Calm,FMS_MARITIME,2026-04-06
2021-01-12,142,HFO,77.93,11.9,285.6,24,849.6989,0.66,Moderate,FMS_MARITIME,2026-04-06
2021-01-13,142,MGO,55.08,9.5,228.0,24,752.2768,0.73,Moderate,FMS_MARITIME,2026-04-06
2021-01-14,142,LNG,67.23,17.2,412.8,24,507.1565,0.91,Calm,FMS_MARITIME,2026-04-06
2021-01-15,142,LNG,40.18,9.3,223.2,24,560.5758,0.71,Calm,FMS_MARITIME,2026-04-06
2021-01-16,142,LSMGO,71.66,17.3,415.2,24,537.45,0.49,Moderate,FMS_MARITIME,2026-04-06
2021-01-17,142,LSMGO,40.17,16.7,400.8,24,312.0993,1.0,Calm,FMS_MARITIME,2026-04-06
2021-01-18,142,LSMGO,33.78,11.9,285.6,24,368.3155,0.66,Moderate,FMS_MARITIME,2026-04-06
2021-01-19,142,LSMGO,72.56,16.2,388.8,24,581.1519,0.7,Calm,FMS_MARITIME,2026-04-06
2021-01-20,142,VLSFO,52.51,16.2,388.8,24,420.5662,0.78,Moderate,FMS_MARITIME,2026-04-06
2021-01-21,142,HFO,67.83,16.9,405.6,24,520.7658,0.78,Moderate,FMS_MARITIME,2026-04-06
2021-01-22,142,LSMGO,52.79,11.9,285.6,24,575.5884,0.57,Calm,FMS_MARITIME,2026-04-06
2021-01-23,142,LSMGO,67.87,16.5,396.0,24,533.705,0.54,Calm,FMS_MARITIME,2026-04-06
2021-01-24,142,HFO,34.37,15.6,374.4,24,285.8659,0.54,Moderate,FMS_MARITIME,2026-04-06
2021-01-25,142,HFO,65.02,16.4,393.6,24,514.4113,0.83,Rough,FMS_MARITIME,2026-04-06
2021-01-26,142,LNG,81.62,15.0,360.0,24,706.013,0.93,Moderate,FMS_MARITIME,2026-04-06
2021-01-27,142,VLSFO,75.35,10.8,259.2,24,905.2465,0.68,Rough,FMS_MARITIME,2026-04-06
2021-01-28,142,LNG,34.92,16.0,384.0,24,283.1794,0.93,Calm,FMS_MARITIME,2026-04-06
2021-01-28,142,LSMGO,81.3,14.4,345.6,24,732.5469,0.89,Calm,FMS_MARITIME,2026-04-06
2021-01-28,142,LNG,16.03,10.6,254.4,24,196.2163,0.79,Rough,FMS_MARITIME,2026-04-06
2021-01-01,143,LNG,74.41,8.2,196.8,24,1177.4021,0.56,Calm,FMS_MARITIME,2026-04-06
2021-01-02,143,HFO,15.31,18.0,432.0,24,110.3596,0.59,Rough,FMS_MARITIME,2026-04-06
2021-01-03,143,HFO,77.8,16.0,384.0,24,630.9094,0.94,Rough,FMS_MARITIME,2026-04-06
2021-01-04,143,LNG,37.94,17.3,415.2,24,284.55,0.6,Moderate,FMS_MARITIME,2026-04-06
2021-01-05,143,HFO,52.95,10.1,242.4,24,680.224,0.73,Calm,FMS_MARITIME,2026-04-06
2021-01-06,143,VLSFO,16.71,12.8,307.2,24,169.3846,0.71,Rough,FMS_MARITIME,2026-04-06
2021-01-07,143,VLSFO,15.19,11.3,271.2,24,174.4162,0.61,Calm,FMS_MARITIME,2026-04-06
2021-01-08,143,VLSFO,40.93,9.8,235.2,24,541.9048,0.98,Moderate,FMS_MARITIME,2026-04-06
2021-01-09,143,HFO,73.95,8.7,208.8,24,1102.875,0.47,Moderate,FMS_MARITIME,2026-04-06
2021-01-10,143,HFO,47.77,9.6,230.4,24,645.6414,0.88,Rough,FMS_MARITIME,2026-04-06
2021-01-11,143,MGO,62.07,13.1,314.4,24,614.7773,0.41,Moderate,FMS_MARITIME,2026-04-06
2021-01-12,143,LSMGO,83.84,9.2,220.8,24,1182.4174,0.85,Calm,FMS_MARITIME,2026-04-06
2021-01-13,143,HFO,59.46,16.8,403.2,24,459.2223,0.71,Moderate,FMS_MARITIME,2026-04-06
2021-01-14,143,HFO,72.52,15.5,372.0,24,607.0626,0.48,Rough,FMS_MARITIME,2026-04-06
2021-01-15,143,MGO,15.23,17.4,417.6,24,113.5685,0.78,Calm,FMS_MARITIME,2026-04-06
2021-01-16,143,MGO,66.45,17.8,427.2,24,484.3757,0.44,Moderate,FMS_MARITIME,2026-04-06
2021-01-17,143,VLSFO,78.99,13.8,331.2,24,742.6777,0.53,Calm,FMS_MARITIME,2026-04-06
2021-01-18,143,VLSFO,64.01,12.7,304.8,24,653.9604,0.87,Moderate,FMS_MARITIME,2026-04-06
2021-01-19,143,LSMGO,77.53,13.6,326.4,24,739.6704,0.56,Calm,FMS_MARITIME,2026-04-06
2021-01-20,143,VLSFO,73.62,13.1,314.4,24,729.1752,0.43,Calm,FMS_MARITIME,2026-04-06
2021-01-21,143,VLSFO,27.47,14.7,352.8,24,242.4648,0.76,Moderate,FMS_MARITIME,2026-04-06
2021-01-22,143,VLSFO,40.69,17.8,427.2,24,296.6027,0.65,Calm,FMS_MARITIME,2026-04-06
2021-01-23,143,HFO,25.41,12.4,297.6,24,265.8829,0.52,Calm,FMS_MARITIME,2026-04-06
2021-01-24,143,HFO,35.8,14.1,338.4,24,329.4362,0.48,Moderate,FMS_MARITIME,2026-04-06
2021-01-25,143,LSMGO,71.99,13.4,321.6,24,697.0674,0.53,Moderate,FMS_MARITIME,2026-04-06
2021-01-26,143,VLSFO,35.1,11.9,285.6,24,382.708,0.66,Calm,FMS_MARITIME,2026-04-06
2021-01-27,143,VLSFO,39.5,17.7,424.8,24,289.5551,0.45,Moderate,FMS_MARITIME,2026-04-06
2021-01-28,143,LSMGO,82.81,17.0,408.0,24,632.0351,0.98,Moderate,FMS_MARITIME,2026-04-06
2021-01-28,143,HFO,44.45,11.7,280.8,24,492.9391,0.62,Rough,FMS_MARITIME,2026-04-06
2021-01-28,143,MGO,84.46,13.8,331.2,24,794.1076,0.63,Calm,FMS_MARITIME,2026-04-06
2021-01-01,144,HFO,80.04,15.9,381.6,24,653.1566,0.72,Rough,FMS_MARITIME,2026-04-06
2021-01-02,144,LNG,48.52,13.5,324.0,24,466.3311,0.87,Calm,FMS_MARITIME,2026-04-06
2021-01-03,144,VLSFO,68.18,17.8,427.2,24,496.9862,0.52,Moderate,FMS_MARITIME,2026-04-06
2021-01-04,144,VLSFO,72.73,9.6,230.4,24,982.9914,0.89,Rough,FMS_MARITIME,2026-04-06
2021-01-05,144,VLSFO,59.19,13.2,316.8,24,581.8108,0.46,Rough,FMS_MARITIME,2026-04-06
2021-01-06,144,MGO,68.8,11.9,285.6,24,750.1513,0.42,Rough,FMS_MARITIME,2026-04-06
2021-01-07,144,HFO,25.75,15.1,362.4,24,221.2624,0.56,Calm,FMS_MARITIME,2026-04-06
2021-01-08,144,LSMGO,32.16,15.8,379.2,24,264.0987,0.95,Moderate,FMS_MARITIME,2026-04-06
2021-01-09,144,HFO,36.22,12.3,295.2,24,382.0768,0.89,Rough,FMS_MARITIME,2026-04-06
2021-01-10,144,VLSFO,18.0,9.5,228.0,24,245.8421,0.68,Moderate,FMS_MARITIME,2026-04-06
2021-01-11,144,LNG,57.42,15.3,367.2,24,486.9441,0.52,Rough,FMS_MARITIME,2026-04-06
2021-01-12,144,LNG,29.36,8.3,199.2,24,458.9711,0.52,Calm,FMS_MARITIME,2026-04-06
2021-01-13,144,VLSFO,69.22,16.4,393.6,24,547.6399,0.52,Calm,FMS_MARITIME,2026-04-06
2021-01-14,144,LSMGO,17.07,13.6,326.4,24,162.8553,0.88,Rough,FMS_MARITIME,2026-04-06
2021-01-15,144,LNG,35.62,13.4,321.6,24,344.9026,0.43,Rough,FMS_MARITIME,2026-04-06
2021-01-16,144,LNG,21.95,12.7,304.8,24,224.253,0.48,Calm,FMS_MARITIME,2026-04-06
2021-01-17,144,LNG,61.22,13.6,326.4,24,584.0658,0.9,Moderate,FMS_MARITIME,2026-04-06
2021-01-18,144,VLSFO,80.42,12.6,302.4,24,828.1345,0.7,Rough,FMS_MARITIME,2026-04-06
2021-01-19,144,LSMGO,44.65,8.7,208.8,24,665.9009,0.63,Calm,FMS_MARITIME,2026-04-06
2021-01-20,144,LNG,76.9,11.8,283.2,24,845.5742,0.91,Rough,FMS_MARITIME,2026-04-06
2021-01-21,144,VLSFO,51.65,14.8,355.2,24,452.81,0.69,Calm,FMS_MARITIME,2026-04-06
2021-01-22,144,MGO,75.59,11.1,266.4,24,883.5858,0.5,Rough,FMS_MARITIME,2026-04-06
2021-01-23,144,HFO,37.58,10.7,256.8,24,455.7014,0.65,Calm,FMS_MARITIME,2026-04-06
2021-01-24,144,VLSFO,56.77,14.8,355.2,24,497.6965,0.78,Calm,FMS_MARITIME,2026-04-06
2021-01-25,144,LNG,57.68,14.7,352.8,24,509.1143,1.0,Moderate,FMS_MARITIME,2026-04-06
2021-01-26,144,LSMGO,23.63,8.1,194.4,24,378.5176,0.44,Calm,FMS_MARITIME,2026-04-06
2021-01-27,144,LSMGO,65.74,10.6,254.4,24,804.6948,0.73,Moderate,FMS_MARITIME,2026-04-06
2021-01-28,144,LSMGO,33.09,16.9,405.6,24,254.049,0.99,Rough,FMS_MARITIME,2026-04-06
2021-01-28,144,MGO,81.09,13.7,328.8,24,767.9874,0.94,Rough,FMS_MARITIME,2026-04-06
2021-01-28,144,MGO,32.85,10.5,252.0,24,405.9321,0.72,Rough,FMS_MARITIME,2026-04-06
2021-01-01,145,VLSFO,66.54,12.6,302.4,24,685.2036,0.63,Calm,FMS_MARITIME,2026-04-06
2021-01-02,145,LSMGO,19.92,9.0,216.0,24,287.18,0.81,Moderate,FMS_MARITIME,2026-04-06
2021-01-03,145,LNG,67.34,15.0,360.0,24,582.491,0.58,Moderate,FMS_MARITIME,2026-04-06
2021-01-04,145,LSMGO,57.41,17.2,412.8,24,433.0783,0.69,Rough,FMS_MARITIME,2026-04-06
2021-01-05,145,LSMGO,59.82,11.0,264.0,24,705.6041,0.7,Rough,FMS_MARITIME,2026-04-06
2021-01-06,145,LNG,64.19,8.1,194.4,24,1028.2287,0.71,Rough,FMS_MARITIME,2026-04-06
2021-01-07,145,VLSFO,64.42,15.8,379.2,24,529.0187,0.66,Calm,FMS_MARITIME,2026-04-06
2021-01-08,145,LSMGO,76.38,12.2,292.8,24,812.3201,0.72,Calm,FMS_MARITIME,2026-04-06
2021-01-09,145,MGO,77.67,10.9,261.6,24,924.558,0.87,Moderate,FMS_MARITIME,2026-04-06
2021-01-10,145,HFO,81.53,12.9,309.6,24,820.0401,0.54,Rough,FMS_MARITIME,2026-04-06
2021-01-11,145,MGO,65.01,12.4,297.6,24,680.2458,0.89,Calm,FMS_MARITIME,2026-04-06
2021-01-12,145,LNG,61.81,16.4,393.6,24,489.0151,0.99,Moderate,FMS_MARITIME,2026-04-06
2021-01-13,145,MGO,57.16,12.8,307.2,24,579.4148,0.55,Calm,FMS_MARITIME,2026-04-06
2021-01-14,145,LNG,53.12,13.0,312.0,24,530.1785,0.54,Calm,FMS_MARITIME,2026-04-06
2021-01-15,145,LNG,75.48,11.5,276.0,24,851.6113,0.65,Calm,FMS_MARITIME,2026-04-06
2021-01-16,145,HFO,36.62,8.3,199.2,24,572.4633,0.95,Moderate,FMS_MARITIME,2026-04-06
2021-01-17,145,LNG,65.05,13.2,316.8,24,639.4119,0.55,Calm,FMS_MARITIME,2026-04-06
2021-01-18,145,LNG,38.24,15.6,374.4,24,318.0538,0.58,Moderate,FMS_MARITIME,2026-04-06
2021-01-19,145,LNG,56.99,9.4,225.6,24,786.6439,0.71,Moderate,FMS_MARITIME,2026-04-06
2021-01-20,145,VLSFO,39.01,16.4,393.6,24,308.6309,0.59,Moderate,FMS_MARITIME,2026-04-06
2021-01-21,145,MGO,36.05,14.6,350.4,24,320.3759,0.6,Moderate,FMS_MARITIME,2026-04-06
2021-01-22,145,VLSFO,27.22,12.0,288.0,24,294.3162,0.74,Calm,FMS_MARITIME,2026-04-06
2021-01-23,145,LNG,26.34,17.9,429.6,24,190.9282,0.68,Moderate,FMS_MARITIME,2026-04-06
2021-01-24,145,HFO,61.63,8.4,201.6,24,951.9634,0.59,Moderate,FMS_MARITIME,2026-04-06
2021-01-25,145,LNG,51.17,9.0,216.0,24,737.7008,0.83,Calm,FMS_MARITIME,2026-04-06
2021-01-26,145,LSMGO,61.96,13.6,326.4,24,591.1257,0.53,Calm,FMS_MARITIME,2026-04-06
2021-01-27,145,LSMGO,71.24,14.2,340.8,24,650.943,0.8,Rough,FMS_MARITIME,2026-04-06
2021-01-28,145,MGO,24.65,13.2,316.8,24,242.2983,0.79,Moderate,FMS_MARITIME,2026-04-06
2021-01-28,145,LNG,50.07,12.2,292.8,24,532.5068,0.51,Moderate,FMS_MARITIME,2026-04-06
2021-01-28,145,HFO,83.81,16.9,405.6,24,643.4525,0.54,Moderate,FMS_MARITIME,2026-04-06
2021-01-01,146,LSMGO,33.81,11.7,280.8,24,374.9442,0.43,Moderate,FMS_MARITIME,2026-04-06
2021-01-02,146,HFO,60.63,10.0,240.0,24,786.6743,0.82,Rough,FMS_MARITIME,2026-04-06
2021-01-03,146,VLSFO,25.2,9.6,230.4,24,340.5937,0.78,Calm,FMS_MARITIME,2026-04-06
2021-01-04,146,HFO,17.2,14.5,348.0,24,153.9103,0.49,Moderate,FMS_MARITIME,2026-04-06
2021-01-05,146,LNG,34.98,12.1,290.4,24,375.0955,0.78,Calm,FMS_MARITIME,2026-04-06
2021-01-06,146,MGO,45.38,13.9,333.6,24,423.6011,0.76,Calm,FMS_MARITIME,2026-04-06
2021-01-07,146,HFO,75.0,13.7,328.8,24,710.3102,0.43,Calm,FMS_MARITIME,2026-04-06
2021-01-08,146,LSMGO,39.89,12.3,295.2,24,420.7909,0.92,Moderate,FMS_MARITIME,2026-04-06
2021-01-09,146,VLSFO,36.77,11.4,273.6,24,418.5007,0.42,Calm,FMS_MARITIME,2026-04-06
2021-01-10,146,MGO,51.32,12.7,304.8,24,524.3126,0.91,Calm,FMS_MARITIME,2026-04-06
2021-01-11,146,MGO,75.84,14.5,348.0,24,678.6372,0.92,Rough,FMS_MARITIME,2026-04-06
2021-01-12,146,HFO,71.31,14.9,357.6,24,620.9713,0.95,Moderate,FMS_MARITIME,2026-04-06
2021-01-13,146,MGO,64.99,9.8,235.2,24,860.4543,0.8,Rough,FMS_MARITIME,2026-04-06
2021-01-14,146,LNG,80.38,13.7,328.8,24,761.2631,0.81,Calm,FMS_MARITIME,2026-04-06
2021-01-15,146,VLSFO,69.16,8.6,206.4,24,1043.4314,0.49,Moderate,FMS_MARITIME,2026-04-06
2021-01-16,146,LNG,41.15,17.9,429.6,24,298.28,0.74,Calm,FMS_MARITIME,2026-04-06
2021-01-17,146,LSMGO,46.32,8.5,204.0,24,707.0612,0.81,Moderate,FMS_MARITIME,2026-04-06
2021-01-18,146,HFO,19.6,15.5,372.0,24,164.071,0.89,Calm,FMS_MARITIME,2026-04-06
2021-01-19,146,HFO,78.9,10.1,242.4,24,1013.5916,0.78,Moderate,FMS_MARITIME,2026-04-06
2021-01-20,146,MGO,16.57,8.3,199.2,24,259.031,0.51,Moderate,FMS_MARITIME,2026-04-06
2021-01-21,146,MGO,78.57,17.9,429.6,24,569.5228,0.55,Rough,FMS_MARITIME,2026-04-06
2021-01-22,146,LNG,68.4,14.5,348.0,24,612.0621,0.6,Moderate,FMS_MARITIME,2026-04-06
2021-01-23,146,HFO,79.02,14.7,352.8,24,697.4724,0.91,Calm,FMS_MARITIME,2026-04-06
2021-01-24,146,MGO,77.21,10.8,259.2,24,927.5924,0.45,Moderate,FMS_MARITIME,2026-04-06
2021-01-25,146,LSMGO,50.58,8.1,194.4,24,810.2167,0.93,Calm,FMS_MARITIME,2026-04-06
2021-01-26,146,LSMGO,83.76,15.2,364.8,24,714.9908,0.72,Moderate,FMS_MARITIME,2026-04-06
2021-01-27,146,LSMGO,56.97,11.4,273.6,24,648.4086,0.7,Moderate,FMS_MARITIME,2026-04-06
2021-01-28,146,HFO,66.71,13.6,326.4,24,636.4428,0.56,Calm,FMS_MARITIME,2026-04-06
2021-01-28,146,VLSFO,76.71,14.7,352.8,24,677.0832,0.98,Rough,FMS_MARITIME,2026-04-06
2021-01-28,146,VLSFO,73.84,15.4,369.6,24,622.126,0.86,Calm,FMS_MARITIME,2026-04-06
2021-01-01,147,MGO,21.93,16.1,386.4,24,176.734,0.84,Calm,FMS_MARITIME,2026-04-06
2021-01-02,147,VLSFO,32.23,17.1,410.4,24,244.5522,0.76,Moderate,FMS_MARITIME,2026-04-06
2021-01-03,147,MGO,34.55,12.6,302.4,24,355.7827,0.54,Rough,FMS_MARITIME,2026-04-06
2021-01-04,147,MGO,56.52,17.8,427.2,24,411.9927,0.61,Moderate,FMS_MARITIME,2026-04-06
2021-01-05,147,LNG,81.41,13.3,319.2,24,794.2066,0.82,Rough,FMS_MARITIME,2026-04-06
2021-01-06,147,MGO,64.52,10.8,259.2,24,775.1361,1.0,Moderate,FMS_MARITIME,2026-04-06
2021-01-07,147,LNG,24.06,17.4,417.6,24,179.4129,0.83,Rough,FMS_MARITIME,2026-04-06
2021-01-08,147,LSMGO,70.1,12.8,307.2,24,710.584,0.53,Moderate,FMS_MARITIME,2026-04-06
2021-01-09,147,LNG,70.66,9.0,216.0,24,1018.6817,0.67,Rough,FMS_MARITIME,2026-04-06
2021-01-10,147,LSMGO,16.52,16.7,400.8,24,128.3515,0.74,Rough,FMS_MARITIME,2026-04-06
2021-01-11,147,LSMGO,83.9,10.9,261.6,24,998.7179,0.7,Rough,FMS_MARITIME,2026-04-06
2021-01-12,147,MGO,19.62,13.7,328.8,24,185.8172,0.48,Calm,FMS_MARITIME,2026-04-06
2021-01-13,147,LSMGO,44.66,13.0,312.0,24,445.7412,0.61,Rough,FMS_MARITIME,2026-04-06
2021-01-14,147,VLSFO,69.24,12.7,304.8,24,707.3929,0.57,Rough,FMS_MARITIME,2026-04-06
2021-01-15,147,MGO,38.97,8.7,208.8,24,581.1905,0.68,Rough,FMS_MARITIME,2026-04-06
2021-01-16,147,LSMGO,40.32,13.7,328.8,24,381.8628,0.85,Calm,FMS_MARITIME,2026-04-06
2021-01-17,147,LNG,84.16,10.6,254.4,24,1030.166,0.61,Calm,FMS_MARITIME,2026-04-06
2021-01-18,147,VLSFO,84.57,14.5,348.0,24,756.7557,0.57,Moderate,FMS_MARITIME,2026-04-06
2021-01-19,147,LNG,65.17,10.8,259.2,24,782.9451,0.82,Rough,FMS_MARITIME,2026-04-06
2021-01-20,147,VLSFO,44.01,15.7,376.8,24,363.7132,0.44,Rough,FMS_MARITIME,2026-04-06
2021-01-21,147,MGO,38.01,10.4,249.6,24,474.2113,0.54,Moderate,FMS_MARITIME,2026-04-06
2021-01-22,147,MGO,69.84,13.4,321.6,24,676.2493,0.91,Rough,FMS_MARITIME,2026-04-06
2021-01-23,147,HFO,48.08,8.2,196.8,24,760.778,0.49,Calm,FMS_MARITIME,2026-04-06
2021-01-24,147,HFO,22.05,8.7,208.8,24,328.8491,0.51,Moderate,FMS_MARITIME,2026-04-06
2021-01-25,147,LSMGO,21.63,14.4,345.6,24,194.8953,0.45,Moderate,FMS_MARITIME,2026-04-06
2021-01-26,147,LSMGO,49.71,10.6,254.4,24,608.4785,0.7,Calm,FMS_MARITIME,2026-04-06
2021-01-27,147,LNG,59.5,15.7,376.8,24,491.7277,0.43,Calm,FMS_MARITIME,2026-04-06
2021-01-28,147,HFO,16.98,11.7,280.8,24,188.3038,0.77,Rough,FMS_MARITIME,2026-04-06
2021-01-28,147,VLSFO,59.69,15.2,364.8,24,509.5248,0.63,Calm,FMS_MARITIME,2026-04-06
2021-01-28,147,MGO,43.33,9.9,237.6,24,567.8856,0.83,Calm,FMS_MARITIME,2026-04-06
2021-01-01,148,VLSFO,38.43,9.3,223.2,24,536.1605,0.4,Moderate,FMS_MARITIME,2026-04-06
2021-01-02,148,LNG,18.68,14.1,338.4,24,171.8957,0.42,Rough,FMS_MARITIME,2026-04-06
2021-01-03,148,VLSFO,70.38,14.2,340.8,24,643.0849,0.66,Rough,FMS_MARITIME,2026-04-06
2021-01-04,148,VLSFO,61.45,13.0,312.0,24,613.3183,0.82,Rough,FMS_MARITIME,2026-04-06
2021-01-05,148,LNG,56.22,9.9,237.6,24,736.8227,0.9,Calm,FMS_MARITIME,2026-04-06
2021-01-06,148,LSMGO,71.39,11.9,285.6,24,778.391,0.58,Moderate,FMS_MARITIME,2026-04-06
2021-01-07,148,LSMGO,75.65,10.7,256.8,24,917.3446,0.73,Calm,FMS_MARITIME,2026-04-06
2021-01-08,148,LNG,79.01,17.8,427.2,24,575.9296,0.98,Rough,FMS_MARITIME,2026-04-06
2021-01-09,148,VLSFO,26.59,9.5,228.0,24,363.1634,0.85,Calm,FMS_MARITIME,2026-04-06
2021-01-10,148,MGO,71.23,9.0,216.0,24,1026.8992,0.46,Rough,FMS_MARITIME,2026-04-06
2021-01-11,148,LNG,36.96,15.2,364.8,24,315.4974,0.96,Moderate,FMS_MARITIME,2026-04-06
2021-01-12,148,LNG,53.04,16.5,396.0,24,417.0873,0.97,Moderate,FMS_MARITIME,2026-04-06
2021-01-13,148,VLSFO,66.42,14.4,345.6,24,598.4719,0.98,Calm,FMS_MARITIME,2026-04-06
2021-01-14,148,VLSFO,46.22,17.8,427.2,24,336.9126,0.44,Rough,FMS_MARITIME,2026-04-06
2021-01-15,148,LNG,35.91,10.1,242.4,24,461.3191,0.6,Moderate,FMS_MARITIME,2026-04-06
2021-01-16,148,LNG,58.14,16.8,403.2,24,449.0277,0.85,Moderate,FMS_MARITIME,2026-04-06
2021-01-17,148,VLSFO,59.13,11.8,283.2,24,650.1794,0.47,Calm,FMS_MARITIME,2026-04-06
2021-01-18,148,VLSFO,70.01,16.0,384.0,24,567.7373,0.7,Moderate,FMS_MARITIME,2026-04-06
2021-01-19,148,LSMGO,57.76,11.1,266.4,24,675.1676,0.61,Rough,FMS_MARITIME,2026-04-06
2021-01-20,148,LNG,67.87,14.7,352.8,24,599.0566,0.43,Calm,FMS_MARITIME,2026-04-06
2021-01-21,148,MGO,59.55,11.5,276.0,24,671.8793,0.54,Rough,FMS_MARITIME,2026-04-06
2021-01-22,148,LNG,60.48,8.5,204.0,24,923.2094,0.52,Rough,FMS_MARITIME,2026-04-06
2021-01-23,148,VLSFO,38.16,15.0,360.0,24,330.084,0.93,Moderate,FMS_MARITIME,2026-04-06
2021-01-24,148,LSMGO,29.57,17.9,429.6,24,214.3412,0.68,Rough,FMS_MARITIME,2026-04-06
2021-01-25,148,LNG,62.86,17.1,410.4,24,476.964,0.57,Moderate,FMS_MARITIME,2026-04-06
2021-01-26,148,LSMGO,27.53,15.7,376.8,24,227.517,0.81,Moderate,FMS_MARITIME,2026-04-06
2021-01-27,148,MGO,21.22,11.2,268.8,24,245.8299,0.5,Moderate,FMS_MARITIME,2026-04-06
2021-01-28,148,LNG,29.45,15.6,374.4,24,244.9447,0.48,Rough,FMS_MARITIME,2026-04-06
2021-01-28,148,LSMGO,37.76,8.3,199.2,24,590.2843,0.52,Calm,FMS_MARITIME,2026-04-06
2021-01-28,148,MGO,60.57,11.1,266.4,24,708.0142,0.79,Moderate,FMS_MARITIME,2026-04-06
2021-01-01,149,LSMGO,70.95,16.1,386.4,24,571.7865,0.82,Moderate,FMS_MARITIME,2026-04-06
2021-01-02,149,LSMGO,37.09,14.6,350.4,24,329.6183,0.98,Rough,FMS_MARITIME,2026-04-06
2021-01-03,149,VLSFO,59.31,11.8,283.2,24,652.1587,0.73,Calm,FMS_MARITIME,2026-04-06
2021-01-04,149,VLSFO,81.35,17.7,424.8,24,596.3369,0.86,Moderate,FMS_MARITIME,2026-04-06
2021-01-05,149,MGO,20.21,17.4,417.6,24,150.7039,0.67,Calm,FMS_MARITIME,2026-04-06
2021-01-06,149,MGO,43.98,14.7,352.8,24,388.1908,0.4,Moderate,FMS_MARITIME,2026-04-06
2021-01-07,149,LSMGO,62.17,8.6,206.4,24,937.9718,0.49,Calm,FMS_MARITIME,2026-04-06
2021-01-08,149,HFO,23.3,14.5,348.0,24,208.4948,0.96,Calm,FMS_MARITIME,2026-04-06
2021-01-09,149,VLSFO,45.42,14.5,348.0,24,406.4307,1.0,Moderate,FMS_MARITIME,2026-04-06
2021-01-10,149,MGO,22.38,11.6,278.4,24,250.328,0.9,Moderate,FMS_MARITIME,2026-04-06
2021-01-11,149,HFO,81.59,12.1,290.4,24,874.901,0.77,Moderate,FMS_MARITIME,2026-04-06
2021-01-12,149,HFO,63.04,15.3,367.2,24,534.6039,0.98,Rough,FMS_MARITIME,2026-04-06
2021-01-13,149,VLSFO,65.15,11.3,271.2,24,748.0719,0.56,Calm,FMS_MARITIME,2026-04-06
2021-01-14,149,VLSFO,15.07,15.7,376.8,24,124.5435,0.64,Moderate,FMS_MARITIME,2026-04-06
2021-01-15,149,MGO,41.49,11.4,273.6,24,472.2217,0.68,Moderate,FMS_MARITIME,2026-04-06
2021-01-16,149,LNG,74.22,16.4,393.6,24,587.1979,0.62,Moderate,FMS_MARITIME,2026-04-06
2021-01-17,149,LSMGO,65.76,16.8,403.2,24,507.8786,0.79,Moderate,FMS_MARITIME,2026-04-06
2021-01-18,149,HFO,20.85,17.7,424.8,24,152.8411,0.6,Moderate,FMS_MARITIME,2026-04-06
2021-01-19,149,VLSFO,58.0,13.2,316.8,24,570.1136,0.54,Calm,FMS_MARITIME,2026-04-06
2021-01-20,149,LNG,35.79,14.1,338.4,24,329.3441,0.86,Calm,FMS_MARITIME,2026-04-06
2021-01-21,149,HFO,64.21,9.2,220.8,24,905.5704,0.92,Calm,FMS_MARITIME,2026-04-06
2021-01-22,149,MGO,81.55,16.4,393.6,24,645.1898,0.53,Moderate,FMS_MARITIME,2026-04-06
2021-01-23,149,HFO,73.47,10.2,244.8,24,934.5816,0.59,Moderate,FMS_MARITIME,2026-04-06
2021-01-24,149,LNG,56.75,9.6,230.4,24,767.0117,0.83,Calm,FMS_MARITIME,2026-04-06
2021-01-25,149,VLSFO,73.25,14.3,343.2,24,664.6285,0.75,Calm,FMS_MARITIME,2026-04-06
2021-01-26,149,LNG,71.22,17.3,415.2,24,534.15,0.47,Calm,FMS_MARITIME,2026-04-06
2021-01-27,149,HFO,75.1,12.8,307.2,24,761.2676,0.66,Calm,FMS_MARITIME,2026-04-06
2021-01-28,149,LNG,18.82,12.0,288.0,24,203.4912,0.91,Moderate,FMS_MARITIME,2026-04-06
2021-01-28,149,MGO,55.33,8.6,206.4,24,834.7753,0.47,Moderate,FMS_MARITIME,2026-04-06
2021-01-28,149,LNG,55.19,14.6,350.4,24,490.4728,0.67,Moderate,FMS_MARITIME,2026-04-06
2021-01-01,150,LSMGO,22.27,14.7,352.8,24,196.5668,0.99,Moderate,FMS_MARITIME,2026-04-06
2021-01-02,150,LSMGO,54.74,12.4,297.6,24,572.7835,0.63,Calm,FMS_MARITIME,2026-04-06
2021-01-03,150,LNG,33.98,13.5,324.0,24,326.5856,0.9,Calm,FMS_MARITIME,2026-04-06
2021-01-04,150,LSMGO,75.4,9.5,228.0,24,1029.8053,0.53,Rough,FMS_MARITIME,2026-04-06
2021-01-05,150,LSMGO,49.31,14.7,352.8,24,435.2362,0.59,Moderate,FMS_MARITIME,2026-04-06
2021-01-06,150,LSMGO,54.42,12.5,300.0,24,564.8796,0.94,Calm,FMS_MARITIME,2026-04-06
2021-01-07,150,MGO,30.18,10.6,254.4,24,369.4203,0.77,Rough,FMS_MARITIME,2026-04-06
2021-01-08,150,LNG,52.65,15.4,369.6,24,443.5933,1.0,Moderate,FMS_MARITIME,2026-04-06
2021-01-09,150,VLSFO,79.44,17.9,429.6,24,575.8291,0.96,Calm,FMS_MARITIME,2026-04-06
2021-01-10,150,HFO,69.55,8.1,194.4,24,1114.088,0.74,Moderate,FMS_MARITIME,2026-04-06
2021-01-11,150,LNG,37.71,8.6,206.4,24,568.9387,0.89,Rough,FMS_MARITIME,2026-04-06
2021-01-12,150,VLSFO,16.12,17.9,429.6,24,116.8475,0.91,Calm,FMS_MARITIME,2026-04-06
2021-01-13,150,HFO,75.05,11.8,283.2,24,825.232,0.44,Moderate,FMS_MARITIME,2026-04-06
2021-01-14,150,LSMGO,68.53,11.8,283.2,24,753.5396,0.98,Moderate,FMS_MARITIME,2026-04-06
2021-01-15,150,LSMGO,26.16,8.2,196.8,24,413.9341,0.51,Moderate,FMS_MARITIME,2026-04-06
2021-01-16,150,LSMGO,43.4,15.5,372.0,24,363.3,0.79,Calm,FMS_MARITIME,2026-04-06
2021-01-17,150,LNG,46.46,14.4,345.6,24,418.624,0.88,Calm,FMS_MARITIME,2026-04-06
2021-01-18,150,VLSFO,61.91,13.7,328.8,24,586.3374,0.8,Calm,FMS_MARITIME,2026-04-06
2021-01-19,150,LSMGO,41.16,14.6,350.4,24,365.7884,0.64,Calm,FMS_MARITIME,2026-04-06
2021-01-20,150,VLSFO,52.71,12.7,304.8,24,538.5136,0.47,Rough,FMS_MARITIME,2026-04-06
2021-01-21,150,HFO,19.39,16.3,391.2,24,154.3468,0.71,Calm,FMS_MARITIME,2026-04-06
2021-01-22,150,LSMGO,41.68,15.1,362.4,24,358.1444,0.88,Calm,FMS_MARITIME,2026-04-06
2021-01-23,150,HFO,45.81,10.8,259.2,24,550.3563,0.58,Rough,FMS_MARITIME,2026-04-06
2021-01-24,150,HFO,56.89,11.1,266.4,24,664.998,0.86,Rough,FMS_MARITIME,2026-04-06
2021-01-25,150,HFO,19.54,16.1,386.4,24,157.473,0.76,Calm,FMS_MARITIME,2026-04-06
2021-01-26,150,LNG,78.54,14.2,340.8,24,717.6454,0.74,Calm,FMS_MARITIME,2026-04-06
2021-01-27,150,HFO,64.23,18.0,432.0,24,462.9913,0.77,Rough,FMS_MARITIME,2026-04-06
2021-01-28,150,LSMGO,70.27,9.6,230.4,24,949.743,0.76,Calm,FMS_MARITIME,2026-04-06
2021-01-28,150,LNG,74.07,14.2,340.8,24,676.8016,0.97,Calm,FMS_MARITIME,2026-04-06
2021-01-28,150,LSMGO,72.88,14.4,345.6,24,656.6792,0.44,Moderate,FMS_MARITIME,2026-04-06
